,method,alpha,n_dim,n_scores,n_trials,coverage_vol,coverage_cal,coverage_test,runtime
0,DS,0.2,2,20,1000,15.224339646360157,0.8658500000000031,0.815400000000001,0.0003127434253692627
1,NPR,0.2,2,20,1000,32.98145658276138,0.8500000000000146,0.8126499999999998,2.2754192352294922e-05
2,LPR-O,0.2,2,20,1000,14.505957671745996,0.8803499999999993,0.8388000000000004,0.0009025843143463135
3,LPR,0.2,2,20,1000,14.209774397694414,0.8779999999999998,0.8344500000000002,0.026717358112335204
