alpha,n_dim,n_cal,trial,method,noise_type,score_type,score_transform,base_interval_alpha,shift_constant,test_coverage,coverage_volume,coverage_max_length,reference_adjustment,runtime
0.1,3,100,0,CQHR,Gaussian,cqr,native,0.9,0.0,0.8733333333333333,695103387.3587909,775.2421795464776,18.162717621034975,0.0
0.1,3,100,0,TSCP_R,Gaussian,cqr,capped,0.9,0.0,0.87,2182.686173572197,15.693604263822142,,0.00099945068359375
0.1,3,100,0,Unscaled,Gaussian,cqr,raw,0.9,0.0,0.8716666666666667,2589.9347033639565,13.851318740446713,,0.0
0.1,3,100,0,Empirical_copula,Gaussian,cqr,raw,0.9,0.0,0.875,2315.8775623729794,14.068149987967253,,0.0010080337524414062
0.1,3,100,1,CQHR,Gaussian,cqr,native,0.9,0.0,0.93,506300521.2027493,379.2006246119149,35.19429550691128,0.0
0.1,3,100,1,TSCP_R,Gaussian,cqr,capped,0.9,0.0,0.88,2161.893599261633,14.857109181553215,,0.0010132789611816406
0.1,3,100,1,Unscaled,Gaussian,cqr,raw,0.9,0.0,0.8983333333333333,2872.233236582366,14.304958273269097,,0.0
0.1,3,100,1,Empirical_copula,Gaussian,cqr,raw,0.9,0.0,0.8516666666666667,1775.7561870079942,13.862139296997997,,0.0
0.1,3,100,2,CQHR,Gaussian,cqr,native,0.9,0.0,0.8983333333333333,6135271.855079554,135.90048389143388,23.439170394098245,0.0
0.1,3,100,2,TSCP_R,Gaussian,cqr,capped,0.9,0.0,0.9216666666666666,2899.9774334522594,17.192186756086265,,0.00099945068359375
0.1,3,100,2,Unscaled,Gaussian,cqr,raw,0.9,0.0,0.9033333333333333,2803.4709132158514,14.203122572589907,,0.0
0.1,3,100,2,Empirical_copula,Gaussian,cqr,raw,0.9,0.0,0.9016666666666666,2279.1127930431035,15.047777767347425,,0.0010178089141845703
0.1,3,100,3,CQHR,Gaussian,cqr,native,0.9,0.0,0.9166666666666666,96352921.54217888,297.18707197370816,29.196477953780363,0.0
0.1,3,100,3,TSCP_R,Gaussian,cqr,capped,0.9,0.0,0.88,2356.426179044839,15.449572744324408,,0.0010058879852294922
0.1,3,100,3,Unscaled,Gaussian,cqr,raw,0.9,0.0,0.8916666666666667,2948.771092113808,14.399824965468047,,0.0
0.1,3,100,3,Empirical_copula,Gaussian,cqr,raw,0.9,0.0,0.875,2376.489686272902,15.786367628288533,,0.0
0.1,3,100,4,CQHR,Gaussian,cqr,native,0.9,0.0,0.915,82733478.30794804,289.56161444383355,22.619182791983807,0.0
0.1,3,100,4,TSCP_R,Gaussian,cqr,capped,0.9,0.0,0.905,3300.559318381242,17.042095683268567,,0.0010137557983398438
0.1,3,100,4,Unscaled,Gaussian,cqr,raw,0.9,0.0,0.9016666666666666,3680.578210707819,15.470903016152146,,0.0
0.1,3,100,4,Empirical_copula,Gaussian,cqr,raw,0.9,0.0,0.8966666666666666,2976.7846397239864,16.329738551076545,,0.0009958744049072266
0.1,3,100,5,CQHR,Gaussian,cqr,native,0.9,0.0,0.8866666666666667,24055429.248169877,186.3834975972595,20.04323957112625,0.0
0.1,3,100,5,TSCP_R,Gaussian,cqr,capped,0.9,0.0,0.8166666666666667,1183.385932189113,12.768829201854823,,0.0010004043579101562
0.1,3,100,5,Unscaled,Gaussian,cqr,raw,0.9,0.0,0.83,1564.41721953042,11.670757455105138,,0.0
0.1,3,100,5,Empirical_copula,Gaussian,cqr,raw,0.9,0.0,0.8033333333333333,1085.853065744593,12.426009313051367,,0.0
0.1,3,100,6,CQHR,Gaussian,cqr,native,0.9,0.0,0.895,4305024.067767717,115.32257960246815,22.393718776039677,0.0
0.1,3,100,6,TSCP_R,Gaussian,cqr,capped,0.9,0.0,0.9483333333333334,3002.7427924207227,17.484108194682957,,0.0009996891021728516
0.1,3,100,6,Unscaled,Gaussian,cqr,raw,0.9,0.0,0.905,2386.142814675301,13.481241027621035,,0.0
0.1,3,100,6,Empirical_copula,Gaussian,cqr,raw,0.9,0.0,0.9383333333333334,2540.6705653845247,15.9633194677914,,0.0009992122650146484
0.1,3,100,7,CQHR,Gaussian,cqr,native,0.9,0.0,0.84,1850309.985722053,128.2997311804893,14.60558791383549,0.0
0.1,3,100,7,TSCP_R,Gaussian,cqr,capped,0.9,0.0,0.885,2006.7780448388387,16.02449820925727,,0.0009999275207519531
0.1,3,100,7,Unscaled,Gaussian,cqr,raw,0.9,0.0,0.895,2645.4839487009062,13.913279525507402,,0.0
0.1,3,100,7,Empirical_copula,Gaussian,cqr,raw,0.9,0.0,0.865,1780.549373457844,14.767843492151435,,0.000993967056274414
0.1,3,100,8,CQHR,Gaussian,cqr,native,0.9,0.0,0.93,88822058.24359535,305.39781350988363,41.50490102965841,0.0
0.1,3,100,8,TSCP_R,Gaussian,cqr,capped,0.9,0.0,0.92,3685.655695730572,18.41401096394863,,0.0009996891021728516
0.1,3,100,8,Unscaled,Gaussian,cqr,raw,0.9,0.0,0.9166666666666666,4010.1232731209075,15.981329115978006,,0.0
0.1,3,100,8,Empirical_copula,Gaussian,cqr,raw,0.9,0.0,0.8983333333333333,2696.093493031977,16.630538026120977,,0.001001596450805664
0.1,3,100,9,CQHR,Gaussian,cqr,native,0.9,0.0,0.9383333333333334,178855801.33275935,365.82725025944137,52.64826469918198,0.0
0.1,3,100,9,TSCP_R,Gaussian,cqr,capped,0.9,0.0,0.91,3127.1952548350905,17.901440466612556,,0.0009996891021728516
0.1,3,100,9,Unscaled,Gaussian,cqr,raw,0.9,0.0,0.91,3703.9082557909983,15.527645296948377,,0.0
0.1,3,100,9,Empirical_copula,Gaussian,cqr,raw,0.9,0.0,0.8866666666666667,2608.277771351702,15.625103494726812,,0.0010001659393310547
0.1,3,100,10,CQHR,Gaussian,cqr,native,0.9,0.0,0.945,5310185439.975981,820.1044457466614,41.349389718840094,0.0
0.1,3,100,10,TSCP_R,Gaussian,cqr,capped,0.9,0.0,0.8733333333333333,2871.3116086402947,16.088425871407328,,0.001008749008178711
0.1,3,100,10,Unscaled,Gaussian,cqr,raw,0.9,0.0,0.8583333333333333,2717.0669317426245,14.015380811243421,,0.0
0.1,3,100,10,Empirical_copula,Gaussian,cqr,raw,0.9,0.0,0.8616666666666667,2718.062811305256,14.92618061628789,,0.0009970664978027344
0.1,3,100,11,CQHR,Gaussian,cqr,native,0.9,0.0,0.91,17631572.399954606,148.0236285766885,27.40795523414385,0.0009925365447998047
0.1,3,100,11,TSCP_R,Gaussian,cqr,capped,0.9,0.0,0.8766666666666667,1924.2183406314157,15.277982107831477,,0.001007080078125
0.1,3,100,11,Unscaled,Gaussian,cqr,raw,0.9,0.0,0.9,2932.544637471333,14.388014422790603,,0.0
0.1,3,100,11,Empirical_copula,Gaussian,cqr,raw,0.9,0.0,0.875,2083.299209928782,17.3462675419757,,0.0009937286376953125
0.1,3,100,12,CQHR,Gaussian,cqr,native,0.9,0.0,0.9133333333333333,323201693.3608478,471.61808432082654,34.07527683578878,0.0
0.1,3,100,12,TSCP_R,Gaussian,cqr,capped,0.9,0.0,0.8966666666666666,2053.794725706172,15.877786897082062,,0.0009999275207519531
0.1,3,100,12,Unscaled,Gaussian,cqr,raw,0.9,0.0,0.9066666666666666,2550.664255865221,13.759504031916395,,0.0
0.1,3,100,12,Empirical_copula,Gaussian,cqr,raw,0.9,0.0,0.885,1923.2042860239678,15.863512187031313,,0.0009932518005371094
0.1,3,100,13,CQHR,Gaussian,cqr,native,0.9,0.0,0.9283333333333333,473918751.34466654,566.986114843903,37.686097200855556,0.0
0.1,3,100,13,TSCP_R,Gaussian,cqr,capped,0.9,0.0,0.8816666666666667,2469.7316637439853,15.442672084680272,,0.0013663768768310547
0.1,3,100,13,Unscaled,Gaussian,cqr,raw,0.9,0.0,0.845,2074.8699815216523,12.885368164021209,,0.0
0.1,3,100,13,Empirical_copula,Gaussian,cqr,raw,0.9,0.0,0.8066666666666666,1713.2012766533626,14.068419926584392,,0.0010204315185546875
0.1,3,100,14,CQHR,Gaussian,cqr,native,0.9,0.0,0.92,151555506.2070663,338.15945139518703,35.483874722812416,0.0
0.1,3,100,14,TSCP_R,Gaussian,cqr,capped,0.9,0.0,0.8833333333333333,2237.398992789483,16.58000014488298,,0.0009975433349609375
0.1,3,100,14,Unscaled,Gaussian,cqr,raw,0.9,0.0,0.8933333333333333,2910.0847398439623,14.41886001587428,,0.0
0.1,3,100,14,Empirical_copula,Gaussian,cqr,raw,0.9,0.0,0.87,1965.4762084942074,16.526179103887742,,0.0010001659393310547
0.1,3,100,15,CQHR,Gaussian,cqr,native,0.9,0.0,0.9266666666666666,5939973122.257097,960.1676668472732,31.661036307569162,0.0
0.1,3,100,15,TSCP_R,Gaussian,cqr,capped,0.9,0.0,0.925,3422.8927171328996,17.03832185886562,,0.0009999275207519531
0.1,3,100,15,Unscaled,Gaussian,cqr,raw,0.9,0.0,0.93,4167.3770389000465,16.152495443063767,,0.0
0.1,3,100,15,Empirical_copula,Gaussian,cqr,raw,0.9,0.0,0.9266666666666666,3832.5340430006386,16.339314113989627,,0.0009944438934326172
0.1,3,100,16,CQHR,Gaussian,cqr,native,0.9,0.0,0.8583333333333333,3485394.6460215803,151.77568705691866,16.797465605718624,0.0
0.1,3,100,16,TSCP_R,Gaussian,cqr,capped,0.9,0.0,0.9283333333333333,3817.4965503342323,18.81954607016271,,0.00099945068359375
0.1,3,100,16,Unscaled,Gaussian,cqr,raw,0.9,0.0,0.9383333333333334,4590.701896917813,16.71061994612304,,0.0
0.1,3,100,16,Empirical_copula,Gaussian,cqr,raw,0.9,0.0,0.9083333333333333,2953.7649992024562,17.979718640227052,,0.0009999275207519531
0.1,3,100,17,CQHR,Gaussian,cqr,native,0.9,0.0,0.8783333333333333,58075450.67646705,189.68755253307688,21.655107738167793,0.0009989738464355469
0.1,3,100,17,TSCP_R,Gaussian,cqr,capped,0.9,0.0,0.7966666666666666,1427.7700111484014,14.24866103191706,,0.0010001659393310547
0.1,3,100,17,Unscaled,Gaussian,cqr,raw,0.9,0.0,0.8483333333333334,2244.8406399978226,13.195015226800425,,0.0
0.1,3,100,17,Empirical_copula,Gaussian,cqr,raw,0.9,0.0,0.7833333333333333,1387.3597191641418,15.432948248569765,,0.00099945068359375
0.1,3,100,18,CQHR,Gaussian,cqr,native,0.9,0.0,0.9266666666666666,177108290.5248626,294.70691092762866,30.8699247506154,0.0
0.1,3,100,18,TSCP_R,Gaussian,cqr,capped,0.9,0.0,0.8566666666666667,1726.7544422568628,15.272680753255218,,0.0010051727294921875
0.1,3,100,18,Unscaled,Gaussian,cqr,raw,0.9,0.0,0.88,2576.1798685298113,13.781316240316304,,0.0
0.1,3,100,18,Empirical_copula,Gaussian,cqr,raw,0.9,0.0,0.8016666666666666,1422.729300668489,14.573173689002866,,0.0009951591491699219
0.1,3,100,19,CQHR,Gaussian,cqr,native,0.9,0.0,0.8566666666666667,26346265.675836124,167.99940910923075,14.627836871345103,0.0
0.1,3,100,19,TSCP_R,Gaussian,cqr,capped,0.9,0.0,0.8916666666666667,2236.4970723826264,15.89131428361864,,0.0009999275207519531
0.1,3,100,19,Unscaled,Gaussian,cqr,raw,0.9,0.0,0.8483333333333334,2292.287568206371,13.228218186757452,,0.0
0.1,3,100,19,Empirical_copula,Gaussian,cqr,raw,0.9,0.0,0.8466666666666667,1947.8817769908192,14.563800359312797,,0.0
0.1,3,100,20,CQHR,Gaussian,cqr,native,0.9,0.0,0.925,1863391297.437076,638.6884459729864,37.865691469070136,0.0
0.1,3,100,20,TSCP_R,Gaussian,cqr,capped,0.9,0.0,0.875,2573.0394707933133,16.832213384949654,,0.0010068416595458984
0.1,3,100,20,Unscaled,Gaussian,cqr,raw,0.9,0.0,0.8883333333333333,2930.81386481295,14.400750044016133,,0.0
0.1,3,100,20,Empirical_copula,Gaussian,cqr,raw,0.9,0.0,0.8716666666666667,2622.9031742101256,18.291178798197542,,0.0009999275207519531
0.1,3,100,21,CQHR,Gaussian,cqr,native,0.9,0.0,0.8866666666666667,191631459.00948295,248.38783542878932,28.26334476806453,0.0
0.1,3,100,21,TSCP_R,Gaussian,cqr,capped,0.9,0.0,0.865,2111.9798230609144,15.24417721510953,,0.001999378204345703
0.1,3,100,21,Unscaled,Gaussian,cqr,raw,0.9,0.0,0.8866666666666667,3086.1472756345747,14.673498686823184,,0.0
0.1,3,100,21,Empirical_copula,Gaussian,cqr,raw,0.9,0.0,0.8416666666666667,1843.8266561097612,14.534394356569491,,0.0010001659393310547
0.1,3,100,22,CQHR,Gaussian,cqr,native,0.9,0.0,0.9483333333333334,39410117.665617056,273.20449571843585,38.747045881629134,0.0
0.1,3,100,22,TSCP_R,Gaussian,cqr,capped,0.9,0.0,0.9316666666666666,3769.6115162713268,19.511700305418948,,0.0010004043579101562
0.1,3,100,22,Unscaled,Gaussian,cqr,raw,0.9,0.0,0.915,3599.1568861827495,15.458328375692744,,0.0
0.1,3,100,22,Empirical_copula,Gaussian,cqr,raw,0.9,0.0,0.9283333333333333,3639.626529810298,19.148179357019874,,0.0
0.1,3,100,23,CQHR,Gaussian,cqr,native,0.9,0.0,0.91,63203677.835472256,294.0692272495767,28.993982725034122,0.0
0.1,3,100,23,TSCP_R,Gaussian,cqr,capped,0.9,0.0,0.9483333333333334,3982.3623709513386,18.70165857901622,,0.000997781753540039
0.1,3,100,23,Unscaled,Gaussian,cqr,raw,0.9,0.0,0.9466666666666667,4430.833867756511,16.477791845240095,,0.0
0.1,3,100,23,Empirical_copula,Gaussian,cqr,raw,0.9,0.0,0.9266666666666666,3237.051167287516,16.525245528014327,,0.00099945068359375
0.1,3,100,24,CQHR,Gaussian,cqr,native,0.9,0.0,0.8816666666666667,7704232.505605252,202.9785573532531,25.343499070047116,0.0
0.1,3,100,24,TSCP_R,Gaussian,cqr,capped,0.9,0.0,0.8883333333333333,2237.256658193685,15.955740717469741,,0.0009996891021728516
0.1,3,100,24,Unscaled,Gaussian,cqr,raw,0.9,0.0,0.885,2798.062816294045,14.20686022574914,,0.0
0.1,3,100,24,Empirical_copula,Gaussian,cqr,raw,0.9,0.0,0.87,2057.6347058001816,16.410317448053902,,0.0
0.1,3,100,25,CQHR,Gaussian,cqr,native,0.9,0.0,0.92,36838281.72539238,279.11873520925013,33.695197249253724,0.0
0.1,3,100,25,TSCP_R,Gaussian,cqr,capped,0.9,0.0,0.85,1813.8847169017886,15.565103520599335,,0.0009999275207519531
0.1,3,100,25,Unscaled,Gaussian,cqr,raw,0.9,0.0,0.8566666666666667,2153.212781124576,12.997770657795362,,0.0
0.1,3,100,25,Empirical_copula,Gaussian,cqr,raw,0.9,0.0,0.83,1575.801212346323,13.662026217321364,,0.0009937286376953125
0.1,3,100,26,CQHR,Gaussian,cqr,native,0.9,0.0,0.9283333333333333,49615215.75968933,233.2111502550863,28.86520083702886,0.0
0.1,3,100,26,TSCP_R,Gaussian,cqr,capped,0.9,0.0,0.8883333333333333,2406.800010553151,16.08306026794628,,0.0009889602661132812
0.1,3,100,26,Unscaled,Gaussian,cqr,raw,0.9,0.0,0.8933333333333333,3164.9370462819625,14.757885203637871,,0.0
0.1,3,100,26,Empirical_copula,Gaussian,cqr,raw,0.9,0.0,0.8833333333333333,2243.6342549325727,15.62685126762554,,0.0010068416595458984
0.1,3,100,27,CQHR,Gaussian,cqr,native,0.9,0.0,0.8633333333333333,16565077.387612619,135.09337803227805,18.39376530637661,0.0
0.1,3,100,27,TSCP_R,Gaussian,cqr,capped,0.9,0.0,0.875,1768.3028485463929,14.230697450315938,,0.00099945068359375
0.1,3,100,27,Unscaled,Gaussian,cqr,raw,0.9,0.0,0.88,2339.8211821858927,13.399692051398382,,0.0
0.1,3,100,27,Empirical_copula,Gaussian,cqr,raw,0.9,0.0,0.8266666666666667,1401.7179887694872,14.206947238092459,,0.0010004043579101562
0.1,3,100,28,CQHR,Gaussian,cqr,native,0.9,0.0,0.9566666666666667,429578965275.6824,10160.33147555981,58.36665220521536,0.0
0.1,3,100,28,TSCP_R,Gaussian,cqr,capped,0.9,0.0,0.9033333333333333,2259.888382231018,18.222861588636857,,0.0009951591491699219
0.1,3,100,28,Unscaled,Gaussian,cqr,raw,0.9,0.0,0.8833333333333333,2952.2310410184236,14.43779845972616,,0.0
0.1,3,100,28,Empirical_copula,Gaussian,cqr,raw,0.9,0.0,0.8866666666666667,2383.822303902847,15.634244628178857,,0.0009295940399169922
0.1,3,100,29,CQHR,Gaussian,cqr,native,0.9,0.0,0.9283333333333333,2785481036.416327,1980.2108490825253,38.1966590273008,0.000993490219116211
0.1,3,100,29,TSCP_R,Gaussian,cqr,capped,0.9,0.0,0.8866666666666667,2290.2258566988385,15.121759665918644,,0.001007080078125
0.1,3,100,29,Unscaled,Gaussian,cqr,raw,0.9,0.0,0.89,2851.33262691653,14.308069349645187,,0.0
0.1,3,100,29,Empirical_copula,Gaussian,cqr,raw,0.9,0.0,0.805,1145.037039636218,15.041300582024505,,0.0010006427764892578
0.1,3,100,30,CQHR,Gaussian,cqr,native,0.9,0.0,0.8916666666666667,172777246.59191316,309.9856665731265,32.327341381609024,0.0
0.1,3,100,30,TSCP_R,Gaussian,cqr,capped,0.9,0.0,0.9,2667.462343888404,16.289612636376344,,0.00146484375
0.1,3,100,30,Unscaled,Gaussian,cqr,raw,0.9,0.0,0.9133333333333333,3248.0679641923284,14.944563101750765,,0.0
0.1,3,100,30,Empirical_copula,Gaussian,cqr,raw,0.9,0.0,0.8916666666666667,2400.915215714778,15.255290512307566,,0.0
0.1,3,100,31,CQHR,Gaussian,cqr,native,0.9,0.0,0.9333333333333333,111174454.88381405,307.21869961233404,34.76531511310768,0.0
0.1,3,100,31,TSCP_R,Gaussian,cqr,capped,0.9,0.0,0.9066666666666666,3456.751823816079,17.09285258214627,,0.001993894577026367
0.1,3,100,31,Unscaled,Gaussian,cqr,raw,0.9,0.0,0.8533333333333334,2661.1191026925508,13.960555388404845,,0.0
0.1,3,100,31,Empirical_copula,Gaussian,cqr,raw,0.9,0.0,0.8666666666666667,2484.490446997262,14.531249228646875,,0.0010104179382324219
0.1,3,100,32,CQHR,Gaussian,cqr,native,0.9,0.0,0.915,30012661.39092144,270.89072520856286,30.713508657679228,0.0
0.1,3,100,32,TSCP_R,Gaussian,cqr,capped,0.9,0.0,0.9083333333333333,3056.2378309835153,17.723393319298236,,0.0010063648223876953
0.1,3,100,32,Unscaled,Gaussian,cqr,raw,0.9,0.0,0.9016666666666666,3444.7426899695015,15.205049720983052,,0.0
0.1,3,100,32,Empirical_copula,Gaussian,cqr,raw,0.9,0.0,0.8816666666666667,2314.7917305401093,15.51569634250096,,0.0010001659393310547
0.1,3,100,33,CQHR,Gaussian,cqr,native,0.9,0.0,0.9566666666666667,132669710.5734728,366.4883426127829,55.047970663493174,0.0
0.1,3,100,33,TSCP_R,Gaussian,cqr,capped,0.9,0.0,0.9633333333333334,4968.75862257836,19.4220831876305,,0.0010061264038085938
0.1,3,100,33,Unscaled,Gaussian,cqr,raw,0.9,0.0,0.945,4409.00896915447,16.554754361846186,,0.0
0.1,3,100,33,Empirical_copula,Gaussian,cqr,raw,0.9,0.0,0.945,4384.507388680438,19.37604939735504,,0.0009996891021728516
0.1,3,100,34,CQHR,Gaussian,cqr,native,0.9,0.0,0.8983333333333333,3668654.0067696,114.91642350231807,23.509523399780875,0.0
0.1,3,100,34,TSCP_R,Gaussian,cqr,capped,0.9,0.0,0.955,3403.8737028255596,17.240884986890514,,0.000993490219116211
0.1,3,100,34,Unscaled,Gaussian,cqr,raw,0.9,0.0,0.9516666666666667,4065.563249783988,16.056486812781593,,0.0
0.1,3,100,34,Empirical_copula,Gaussian,cqr,raw,0.9,0.0,0.935,2670.9906775659592,16.056486812667853,,0.001999378204345703
0.1,3,100,35,CQHR,Gaussian,cqr,native,0.9,0.0,0.9366666666666666,215342761.36286423,365.74476415530336,34.192127489176066,0.0
0.1,3,100,35,TSCP_R,Gaussian,cqr,capped,0.9,0.0,0.9033333333333333,2519.046727051055,15.120675090108422,,0.0010094642639160156
0.1,3,100,35,Unscaled,Gaussian,cqr,raw,0.9,0.0,0.9083333333333333,2893.4195564464753,14.36840838887281,,0.0
0.1,3,100,35,Empirical_copula,Gaussian,cqr,raw,0.9,0.0,0.905,2812.276430348508,14.264127075472079,,0.0009996891021728516
0.1,3,100,36,CQHR,Gaussian,cqr,native,0.9,0.0,0.9316666666666666,27257241.21618449,238.59398000921666,27.902106337666883,0.0
0.1,3,100,36,TSCP_R,Gaussian,cqr,capped,0.9,0.0,0.915,2577.9932013407793,15.268813330428193,,0.0009996891021728516
0.1,3,100,36,Unscaled,Gaussian,cqr,raw,0.9,0.0,0.9083333333333333,2845.730543001188,14.235700296314487,,0.0
0.1,3,100,36,Empirical_copula,Gaussian,cqr,raw,0.9,0.0,0.9083333333333333,2479.3239992022445,14.595855262720027,,0.001001596450805664
0.1,3,100,37,CQHR,Gaussian,cqr,native,0.9,0.0,0.845,188247793.10658342,201.75997844372336,15.851494866129574,0.0
0.1,3,100,37,TSCP_R,Gaussian,cqr,capped,0.9,0.0,0.8633333333333333,1868.6247826689203,14.427354070240924,,0.0
0.1,3,100,37,Unscaled,Gaussian,cqr,raw,0.9,0.0,0.8616666666666667,2271.877721692182,13.296612452006302,,0.0
0.1,3,100,37,Empirical_copula,Gaussian,cqr,raw,0.9,0.0,0.8333333333333334,1600.0154449095537,13.296612451918854,,0.0
0.1,3,100,38,CQHR,Gaussian,cqr,native,0.9,0.0,0.8883333333333333,677655221.9955881,559.8347799632784,22.33334211047627,0.0
0.1,3,100,38,TSCP_R,Gaussian,cqr,capped,0.9,0.0,0.8933333333333333,2517.7676460576336,15.434801931619765,,0.0010020732879638672
0.1,3,100,38,Unscaled,Gaussian,cqr,raw,0.9,0.0,0.9166666666666666,3412.9229858947665,15.113426782031768,,0.0
0.1,3,100,38,Empirical_copula,Gaussian,cqr,raw,0.9,0.0,0.88,2358.9194880661844,15.91040929202161,,0.0
0.1,3,100,39,CQHR,Gaussian,cqr,native,0.9,0.0,0.87,64295707.61593653,218.51015827697867,22.66761529982888,0.0
0.1,3,100,39,TSCP_R,Gaussian,cqr,capped,0.9,0.0,0.9,3222.2389867036954,17.007828059405234,,0.0009999275207519531
0.1,3,100,39,Unscaled,Gaussian,cqr,raw,0.9,0.0,0.89,3114.0144542157236,14.729389040259461,,0.0
0.1,3,100,39,Empirical_copula,Gaussian,cqr,raw,0.9,0.0,0.8866666666666667,2933.6790233164334,15.150692415547958,,0.0010001659393310547
0.1,3,100,40,CQHR,Gaussian,cqr,native,0.9,0.0,0.8666666666666667,28369592.36673807,198.21455365063014,20.479831189585227,0.0
0.1,3,100,40,TSCP_R,Gaussian,cqr,capped,0.9,0.0,0.905,2721.5975945953574,18.42305654088464,,0.00099945068359375
0.1,3,100,40,Unscaled,Gaussian,cqr,raw,0.9,0.0,0.8766666666666667,2503.2312661242468,13.658109558187283,,0.0
0.1,3,100,40,Empirical_copula,Gaussian,cqr,raw,0.9,0.0,0.855,1826.5999883236302,13.652208225885012,,0.00099945068359375
0.1,3,100,41,CQHR,Gaussian,cqr,native,0.9,0.0,0.935,214049435.17100433,325.3047811677097,34.98089177913112,0.0
0.1,3,100,41,TSCP_R,Gaussian,cqr,capped,0.9,0.0,0.91,2302.763122623452,16.89205197003778,,0.0010013580322265625
0.1,3,100,41,Unscaled,Gaussian,cqr,raw,0.9,0.0,0.895,2703.8876235546727,14.05797387148931,,0.0
0.1,3,100,41,Empirical_copula,Gaussian,cqr,raw,0.9,0.0,0.9233333333333333,2604.6802304410967,16.656683627273214,,0.0010089874267578125
0.1,3,100,42,CQHR,Gaussian,cqr,native,0.9,0.0,0.93,1287201878.9925559,649.5028505283517,41.452099727085056,0.0
0.1,3,100,42,TSCP_R,Gaussian,cqr,capped,0.9,0.0,0.8916666666666667,2617.540692955244,16.953512561684636,,0.000993967056274414
0.1,3,100,42,Unscaled,Gaussian,cqr,raw,0.9,0.0,0.9083333333333333,3549.7246748158864,15.329157493680865,,0.0
0.1,3,100,42,Empirical_copula,Gaussian,cqr,raw,0.9,0.0,0.895,2390.4102843650903,16.45582622101278,,0.0010085105895996094
0.1,3,100,43,CQHR,Gaussian,cqr,native,0.9,0.0,0.95,35418062.495002724,245.50355387733487,37.89302449146488,0.0
0.1,3,100,43,TSCP_R,Gaussian,cqr,capped,0.9,0.0,0.9233333333333333,3025.4931956570167,17.003421045670603,,0.0009999275207519531
0.1,3,100,43,Unscaled,Gaussian,cqr,raw,0.9,0.0,0.9216666666666666,3710.8000017752547,15.558363497439286,,0.0
0.1,3,100,43,Empirical_copula,Gaussian,cqr,raw,0.9,0.0,0.88,2314.9270917458803,15.85166119926107,,0.0009999275207519531
0.1,3,100,44,CQHR,Gaussian,cqr,native,0.9,0.0,0.9183333333333333,61300117.53865361,316.19562130953983,28.925865555167828,0.0
0.1,3,100,44,TSCP_R,Gaussian,cqr,capped,0.9,0.0,0.855,1457.1303351020226,13.048867635397139,,0.0010077953338623047
0.1,3,100,44,Unscaled,Gaussian,cqr,raw,0.9,0.0,0.88,2063.952177545748,12.787547860668305,,0.0
0.1,3,100,44,Empirical_copula,Gaussian,cqr,raw,0.9,0.0,0.8233333333333334,1245.3981168956695,13.275970119867079,,0.000989675521850586
0.1,3,100,45,CQHR,Gaussian,cqr,native,0.9,0.0,0.905,265764607.309998,380.92834704426684,24.455106299825196,0.0
0.1,3,100,45,TSCP_R,Gaussian,cqr,capped,0.9,0.0,0.8183333333333334,1742.0288884772183,14.689063703825319,,0.0010020732879638672
0.1,3,100,45,Unscaled,Gaussian,cqr,raw,0.9,0.0,0.8466666666666667,2487.1986821922333,13.621805314704698,,0.0
0.1,3,100,45,Empirical_copula,Gaussian,cqr,raw,0.9,0.0,0.815,1713.6316859686444,15.291996949947656,,0.00099945068359375
0.1,3,100,46,CQHR,Gaussian,cqr,native,0.9,0.0,0.8966666666666666,22919643.795015853,215.32239272433014,30.396371190957673,0.0
0.1,3,100,46,TSCP_R,Gaussian,cqr,capped,0.9,0.0,0.895,2424.169785830324,17.61372119932071,,0.0
0.1,3,100,46,Unscaled,Gaussian,cqr,raw,0.9,0.0,0.8816666666666667,2922.087013323621,14.506755846111853,,0.0
0.1,3,100,46,Empirical_copula,Gaussian,cqr,raw,0.9,0.0,0.8766666666666667,1872.5742812846202,17.971340097640564,,0.0
0.1,3,100,47,CQHR,Gaussian,cqr,native,0.9,0.0,0.955,179859408.99978244,353.33587904709844,41.333312353291966,0.0
0.1,3,100,47,TSCP_R,Gaussian,cqr,capped,0.9,0.0,0.9283333333333333,2877.0584127024663,17.360343546334033,,0.00099945068359375
0.1,3,100,47,Unscaled,Gaussian,cqr,raw,0.9,0.0,0.92,3422.6846294496504,15.159412611350577,,0.0
0.1,3,100,47,Empirical_copula,Gaussian,cqr,raw,0.9,0.0,0.9016666666666666,2338.000643671802,15.546755588677415,,0.0010001659393310547
0.1,3,100,48,CQHR,Gaussian,cqr,native,0.9,0.0,0.9033333333333333,16292749.267156566,181.7112563411557,24.32264773838972,0.0
0.1,3,100,48,TSCP_R,Gaussian,cqr,capped,0.9,0.0,0.8616666666666667,2305.1902236829433,15.071310713719262,,0.0010025501251220703
0.1,3,100,48,Unscaled,Gaussian,cqr,raw,0.9,0.0,0.8516666666666667,2744.980093415941,14.05502568540797,,0.0
0.1,3,100,48,Empirical_copula,Gaussian,cqr,raw,0.9,0.0,0.8483333333333334,1817.8004420250154,15.785864347497323,,0.0010058879852294922
0.1,3,100,49,CQHR,Gaussian,cqr,native,0.9,0.0,0.8766666666666667,59893276.72970128,237.41043886846126,22.925122524620665,0.0009996891021728516
0.1,3,100,49,TSCP_R,Gaussian,cqr,capped,0.9,0.0,0.8483333333333334,1767.8040737326692,14.088942094283293,,0.0010008811950683594
0.1,3,100,49,Unscaled,Gaussian,cqr,raw,0.9,0.0,0.8633333333333333,2342.364951058265,13.388101676286846,,0.0
0.1,3,100,49,Empirical_copula,Gaussian,cqr,raw,0.9,0.0,0.835,1534.2028766639644,14.029021825516617,,0.0
0.1,3,100,50,CQHR,Gaussian,cqr,native,0.9,0.0,0.8816666666666667,321765863.63165087,255.9519657159002,20.929288406131363,0.0
0.1,3,100,50,TSCP_R,Gaussian,cqr,capped,0.9,0.0,0.9016666666666666,2369.9213750820313,18.530027448079977,,0.0010144710540771484
0.1,3,100,50,Unscaled,Gaussian,cqr,raw,0.9,0.0,0.935,3983.911224512594,15.960141343758353,,0.0009922981262207031
0.1,3,100,50,Empirical_copula,Gaussian,cqr,raw,0.9,0.0,0.8966666666666666,2365.8037875982086,17.430511143787175,,0.0
0.1,3,100,51,CQHR,Gaussian,cqr,native,0.9,0.0,0.9,125562285.9864222,329.08836349582276,31.05290301921252,0.0
0.1,3,100,51,TSCP_R,Gaussian,cqr,capped,0.9,0.0,0.8666666666666667,2408.2678618240557,17.3150987312378,,0.0019931793212890625
0.1,3,100,51,Unscaled,Gaussian,cqr,raw,0.9,0.0,0.8966666666666666,3467.0831511932543,15.239080022953427,,0.0
0.1,3,100,51,Empirical_copula,Gaussian,cqr,raw,0.9,0.0,0.8416666666666667,1887.9719595742035,17.261863450432088,,0.001001119613647461
0.1,3,100,52,CQHR,Gaussian,cqr,native,0.9,0.0,0.9266666666666666,102804279.82410116,383.09636363493325,40.17593759101262,0.0
0.1,3,100,52,TSCP_R,Gaussian,cqr,capped,0.9,0.0,0.8833333333333333,2568.1490789941477,16.549249645459458,,0.0009927749633789062
0.1,3,100,52,Unscaled,Gaussian,cqr,raw,0.9,0.0,0.8783333333333333,3093.655580396226,14.670392567552796,,0.0
0.1,3,100,52,Empirical_copula,Gaussian,cqr,raw,0.9,0.0,0.86,2064.03436791684,15.456067493755018,,0.0010073184967041016
0.1,3,100,53,CQHR,Gaussian,cqr,native,0.9,0.0,0.9166666666666666,22787055.00417285,142.59231788045219,26.299126126671997,0.0
0.1,3,100,53,TSCP_R,Gaussian,cqr,capped,0.9,0.0,0.9516666666666667,5006.174704065534,20.16528328802022,,0.0010004043579101562
0.1,3,100,53,Unscaled,Gaussian,cqr,raw,0.9,0.0,0.93,4452.941158633176,16.57887576043539,,0.0
0.1,3,100,53,Empirical_copula,Gaussian,cqr,raw,0.9,0.0,0.9316666666666666,4833.385955687381,21.87636695523988,,0.0009996891021728516
0.1,3,100,54,CQHR,Gaussian,cqr,native,0.9,0.0,0.92,38539641.14340206,259.1611879754026,30.712653892825298,0.0
0.1,3,100,54,TSCP_R,Gaussian,cqr,capped,0.9,0.0,0.9433333333333334,3119.6955760680444,16.70754461624187,,0.0009996891021728516
0.1,3,100,54,Unscaled,Gaussian,cqr,raw,0.9,0.0,0.9316666666666666,3284.8983947894335,14.989928966602262,,0.0
0.1,3,100,54,Empirical_copula,Gaussian,cqr,raw,0.9,0.0,0.9416666666666667,3160.3450902487657,16.075147876563538,,0.0009999275207519531
0.1,3,100,55,CQHR,Gaussian,cqr,native,0.9,0.0,0.915,5863604348.436843,788.745637206869,26.542825284819713,0.0
0.1,3,100,55,TSCP_R,Gaussian,cqr,capped,0.9,0.0,0.925,3176.5480227586,17.19942192409844,,0.00099945068359375
0.1,3,100,55,Unscaled,Gaussian,cqr,raw,0.9,0.0,0.895,2626.0849972036326,13.89968370978357,,0.0
0.1,3,100,55,Empirical_copula,Gaussian,cqr,raw,0.9,0.0,0.9183333333333333,2917.538130536688,15.921789352966755,,0.0009999275207519531
0.1,3,100,56,CQHR,Gaussian,cqr,native,0.9,0.0,0.8383333333333334,234029588.86477533,309.88317042286724,14.244539602303426,0.0
0.1,3,100,56,TSCP_R,Gaussian,cqr,capped,0.9,0.0,0.865,2042.0230143036038,14.535668133431285,,0.0010001659393310547
0.1,3,100,56,Unscaled,Gaussian,cqr,raw,0.9,0.0,0.8583333333333333,2425.5095614611096,13.52323637623282,,0.0
0.1,3,100,56,Empirical_copula,Gaussian,cqr,raw,0.9,0.0,0.8216666666666667,1655.698193201959,13.869144817468774,,0.0010006427764892578
0.1,3,100,57,CQHR,Gaussian,cqr,native,0.9,0.0,0.895,18979598.62081325,191.09575751035257,23.22901470304735,0.0
0.1,3,100,57,TSCP_R,Gaussian,cqr,capped,0.9,0.0,0.8883333333333333,2145.377892386942,14.537729922277803,,0.000997304916381836
0.1,3,100,57,Unscaled,Gaussian,cqr,raw,0.9,0.0,0.8516666666666667,1907.1705983346844,12.45439508871154,,0.0
0.1,3,100,57,Empirical_copula,Gaussian,cqr,raw,0.9,0.0,0.8583333333333333,1712.707278126709,13.666529269668041,,0.0009927749633789062
0.1,3,100,58,CQHR,Gaussian,cqr,native,0.9,0.0,0.93,2568055893.9276857,759.7364870263784,49.76949347372982,0.0
0.1,3,100,58,TSCP_R,Gaussian,cqr,capped,0.9,0.0,0.92,2464.929903159001,18.190893179000277,,0.0009999275207519531
0.1,3,100,58,Unscaled,Gaussian,cqr,raw,0.9,0.0,0.9133333333333333,3095.7112536833706,14.664797987208942,,0.0
0.1,3,100,58,Empirical_copula,Gaussian,cqr,raw,0.9,0.0,0.9016666666666666,2179.0548604701794,15.900151776995505,,0.0009999275207519531
0.1,3,100,59,CQHR,Gaussian,cqr,native,0.9,0.0,0.875,34682601.71284177,162.63258899622082,23.209553420109064,0.0
0.1,3,100,59,TSCP_R,Gaussian,cqr,capped,0.9,0.0,0.94,3769.5922868256316,16.089380553256692,,0.0009999275207519531
0.1,3,100,59,Unscaled,Gaussian,cqr,raw,0.9,0.0,0.9283333333333333,3338.3339694319548,15.109379359157844,,0.0
0.1,3,100,59,Empirical_copula,Gaussian,cqr,raw,0.9,0.0,0.8666666666666667,2553.73696507433,15.852009282701793,,0.0010001659393310547
0.1,3,100,60,CQHR,Gaussian,cqr,native,0.9,0.0,0.8733333333333333,103323723.42437176,252.3754546699262,20.165527567173104,0.0
0.1,3,100,60,TSCP_R,Gaussian,cqr,capped,0.9,0.0,0.8833333333333333,2167.9356607813816,14.960406505993914,,0.0009999275207519531
0.1,3,100,60,Unscaled,Gaussian,cqr,raw,0.9,0.0,0.8816666666666667,2774.091906413598,14.15926658723403,,0.0
0.1,3,100,60,Empirical_copula,Gaussian,cqr,raw,0.9,0.0,0.8716666666666667,2095.357650882813,14.612242580481842,,0.0010001659393310547
0.1,3,100,61,CQHR,Gaussian,cqr,native,0.9,0.0,0.9233333333333333,540628404.9997826,489.96774188850736,35.84395897787523,0.0
0.1,3,100,61,TSCP_R,Gaussian,cqr,capped,0.9,0.0,0.8583333333333333,2071.0015828009336,13.63143213885877,,0.0018906593322753906
0.1,3,100,61,Unscaled,Gaussian,cqr,raw,0.9,0.0,0.8466666666666667,2166.7231365472308,12.987618351179636,,0.0
0.1,3,100,61,Empirical_copula,Gaussian,cqr,raw,0.9,0.0,0.855,2082.0222848111252,13.409699333155498,,0.0010001659393310547
0.1,3,100,62,CQHR,Gaussian,cqr,native,0.9,0.0,0.945,644045906.586208,510.04978183791576,46.85972637210332,0.0
0.1,3,100,62,TSCP_R,Gaussian,cqr,capped,0.9,0.0,0.9166666666666666,2571.6782902089662,14.997962681352217,,0.0009951591491699219
0.1,3,100,62,Unscaled,Gaussian,cqr,raw,0.9,0.0,0.895,2358.49852107754,13.37217478386888,,0.0
0.1,3,100,62,Empirical_copula,Gaussian,cqr,raw,0.9,0.0,0.8833333333333333,2317.032996191277,15.377864902099779,,0.0010061264038085938
0.1,3,100,63,CQHR,Gaussian,cqr,native,0.9,0.0,0.8766666666666667,1615959.7716945452,126.25512949379772,24.2139753761358,0.0
0.1,3,100,63,TSCP_R,Gaussian,cqr,capped,0.9,0.0,0.875,2492.6050683687035,15.886533459738427,,0.002222299575805664
0.1,3,100,63,Unscaled,Gaussian,cqr,raw,0.9,0.0,0.86,2383.285732952348,13.417207719239984,,0.0
0.1,3,100,63,Empirical_copula,Gaussian,cqr,raw,0.9,0.0,0.8516666666666667,2135.0514193486665,17.447614240345057,,0.0010113716125488281
0.1,3,100,64,CQHR,Gaussian,cqr,native,0.9,0.0,0.9466666666666667,118777485.80428553,362.8387142644927,46.62785844129132,0.0
0.1,3,100,64,TSCP_R,Gaussian,cqr,capped,0.9,0.0,0.9283333333333333,3283.343309879001,17.91035605723266,,0.001001596450805664
0.1,3,100,64,Unscaled,Gaussian,cqr,raw,0.9,0.0,0.91,3864.135579410848,15.785703754727443,,0.0
0.1,3,100,64,Empirical_copula,Gaussian,cqr,raw,0.9,0.0,0.885,2512.3056736745257,15.938821475572855,,0.0009992122650146484
0.1,3,100,65,CQHR,Gaussian,cqr,native,0.9,0.0,0.9166666666666666,433800948.7202436,433.9903883900141,30.741419579092284,0.0
0.1,3,100,65,TSCP_R,Gaussian,cqr,capped,0.9,0.0,0.8883333333333333,2506.3895667083016,18.059877466743306,,0.001001596450805664
0.1,3,100,65,Unscaled,Gaussian,cqr,raw,0.9,0.0,0.935,3693.0087376712,15.559272331787088,,0.0
0.1,3,100,65,Empirical_copula,Gaussian,cqr,raw,0.9,0.0,0.8583333333333333,2263.8870394546398,17.942492316914908,,0.0009999275207519531
0.1,3,100,66,CQHR,Gaussian,cqr,native,0.9,0.0,0.9183333333333333,54847226.04275706,285.88318682502023,24.843886795684504,0.0
0.1,3,100,66,TSCP_R,Gaussian,cqr,capped,0.9,0.0,0.855,1976.671273288447,14.980871840626545,,0.000989675521850586
0.1,3,100,66,Unscaled,Gaussian,cqr,raw,0.9,0.0,0.8416666666666667,2187.9759294078062,13.03364756967848,,0.0
0.1,3,100,66,Empirical_copula,Gaussian,cqr,raw,0.9,0.0,0.845,1831.8364848212782,14.906783074729377,,0.0009984970092773438
0.1,3,100,67,CQHR,Gaussian,cqr,native,0.9,0.0,0.9116666666666666,46950964.411789164,328.59644335245304,28.873577925498083,0.0
0.1,3,100,67,TSCP_R,Gaussian,cqr,capped,0.9,0.0,0.915,2690.38038297982,17.880346981136157,,0.001001596450805664
0.1,3,100,67,Unscaled,Gaussian,cqr,raw,0.9,0.0,0.9083333333333333,3743.1087587116535,15.656844142632195,,0.0
0.1,3,100,67,Empirical_copula,Gaussian,cqr,raw,0.9,0.0,0.8583333333333333,1519.9246783311976,16.51351421798531,,0.0
0.1,3,100,68,CQHR,Gaussian,cqr,native,0.9,0.0,0.9266666666666666,52230886.01930152,253.8919899859812,27.754075659070594,0.0
0.1,3,100,68,TSCP_R,Gaussian,cqr,capped,0.9,0.0,0.8966666666666666,2361.4241100235586,15.344360947664487,,0.000993490219116211
0.1,3,100,68,Unscaled,Gaussian,cqr,raw,0.9,0.0,0.89,2795.9072300134158,14.168698595326738,,0.0
0.1,3,100,68,Empirical_copula,Gaussian,cqr,raw,0.9,0.0,0.8883333333333333,2536.7460282760135,14.397591777609469,,0.0010020732879638672
0.1,3,100,69,CQHR,Gaussian,cqr,native,0.9,0.0,0.83,2512269.325979218,116.55345599722389,15.885318724850865,0.0
0.1,3,100,69,TSCP_R,Gaussian,cqr,capped,0.9,0.0,0.8983333333333333,3108.047968635029,17.390440277457934,,0.0009958744049072266
0.1,3,100,69,Unscaled,Gaussian,cqr,raw,0.9,0.0,0.9233333333333333,3816.0650199038328,15.675148973866648,,0.0
0.1,3,100,69,Empirical_copula,Gaussian,cqr,raw,0.9,0.0,0.8566666666666667,2178.142228397765,17.330416533100337,,0.0009953975677490234
0.1,3,100,70,CQHR,Gaussian,cqr,native,0.9,0.0,0.8316666666666667,51400582.84875179,238.36562522558995,19.04425841260003,0.0
0.1,3,100,70,TSCP_R,Gaussian,cqr,capped,0.9,0.0,0.8633333333333333,1631.4606547914584,14.810012891837193,,0.0009999275207519531
0.1,3,100,70,Unscaled,Gaussian,cqr,raw,0.9,0.0,0.885,2559.9506538194464,13.795249564665157,,0.0
0.1,3,100,70,Empirical_copula,Gaussian,cqr,raw,0.9,0.0,0.8633333333333333,1779.9893389485846,14.215646805399116,,0.0009996891021728516
0.1,3,100,71,CQHR,Gaussian,cqr,native,0.9,0.0,0.87,34069620.787518784,169.71555211245112,19.73205007757231,0.0
0.1,3,100,71,TSCP_R,Gaussian,cqr,capped,0.9,0.0,0.8333333333333334,1310.2346823428575,15.097969495441133,,0.0009992122650146484
0.1,3,100,71,Unscaled,Gaussian,cqr,raw,0.9,0.0,0.8933333333333333,2803.733518244536,14.209239135746447,,0.0
0.1,3,100,71,Empirical_copula,Gaussian,cqr,raw,0.9,0.0,0.815,1325.0886386279685,15.042550667304056,,0.0010123252868652344
0.1,3,100,72,CQHR,Gaussian,cqr,native,0.9,0.0,0.92,386152064.8905381,350.9820539316614,35.15699163281996,0.0
0.1,3,100,72,TSCP_R,Gaussian,cqr,capped,0.9,0.0,0.9,2881.0744686929115,15.012988128284833,,0.0010008811950683594
0.1,3,100,72,Unscaled,Gaussian,cqr,raw,0.9,0.0,0.8933333333333333,2573.668583784101,13.775579222155015,,0.0
0.1,3,100,72,Empirical_copula,Gaussian,cqr,raw,0.9,0.0,0.8933333333333333,2687.2167391405237,14.239112727204141,,0.001013040542602539
0.1,3,100,73,CQHR,Gaussian,cqr,native,0.9,0.0,0.8933333333333333,16082464.542169489,176.84788022620623,20.088503757014042,0.0
0.1,3,100,73,TSCP_R,Gaussian,cqr,capped,0.9,0.0,0.9116666666666666,2108.805856409164,15.818691197012194,,0.0010006427764892578
0.1,3,100,73,Unscaled,Gaussian,cqr,raw,0.9,0.0,0.9066666666666666,2778.6994409026356,14.13987889973987,,0.0
0.1,3,100,73,Empirical_copula,Gaussian,cqr,raw,0.9,0.0,0.8966666666666666,2285.3556535354405,15.196986998302163,,0.0009996891021728516
0.1,3,100,74,CQHR,Gaussian,cqr,native,0.9,0.0,0.9383333333333334,36187294.10478964,290.18681837787045,50.67284698219657,0.0
0.1,3,100,74,TSCP_R,Gaussian,cqr,capped,0.9,0.0,0.78,1201.9633800720198,13.757524146950084,,0.0010066032409667969
0.1,3,100,74,Unscaled,Gaussian,cqr,raw,0.9,0.0,0.805,1636.1121735720167,11.8693855799873,,0.0
0.1,3,100,74,Empirical_copula,Gaussian,cqr,raw,0.9,0.0,0.805,1264.642961054454,15.285492246992023,,0.0009999275207519531
0.1,3,100,75,CQHR,Gaussian,cqr,native,0.9,0.0,0.875,62504437.54402445,148.8550075769059,19.566489030639836,0.0
0.1,3,100,75,TSCP_R,Gaussian,cqr,capped,0.9,0.0,0.8333333333333334,1556.420439067914,13.492342932240424,,0.0010006427764892578
0.1,3,100,75,Unscaled,Gaussian,cqr,raw,0.9,0.0,0.8116666666666666,1759.8572110570897,12.179848211686602,,0.0
0.1,3,100,75,Empirical_copula,Gaussian,cqr,raw,0.9,0.0,0.81,1250.8329796487062,13.422066989237424,,0.0009987354278564453
0.1,3,100,76,CQHR,Gaussian,cqr,native,0.9,0.0,0.925,39781990.7680115,287.3465865534399,31.95978535066125,0.0
0.1,3,100,76,TSCP_R,Gaussian,cqr,capped,0.9,0.0,0.905,1948.7257148766905,16.058028009960342,,0.0009999275207519531
0.1,3,100,76,Unscaled,Gaussian,cqr,raw,0.9,0.0,0.91,2801.5212761600633,14.22913111320031,,0.0
0.1,3,100,76,Empirical_copula,Gaussian,cqr,raw,0.9,0.0,0.8783333333333333,1642.68981880039,14.546251310148827,,0.0009944438934326172
0.1,3,100,77,CQHR,Gaussian,cqr,native,0.9,0.0,0.91,13651316.160744695,217.8175619953127,34.33378884665025,0.0
0.1,3,100,77,TSCP_R,Gaussian,cqr,capped,0.9,0.0,0.915,3522.1668565860928,18.262083818285,,0.00099945068359375
0.1,3,100,77,Unscaled,Gaussian,cqr,raw,0.9,0.0,0.895,3182.9015391212392,14.842804485880798,,0.0
0.1,3,100,77,Empirical_copula,Gaussian,cqr,raw,0.9,0.0,0.9066666666666666,3699.959979924647,20.422008280220695,,0.0
0.1,3,100,78,CQHR,Gaussian,cqr,native,0.9,0.0,0.9183333333333333,506220603.8075543,405.98089040312163,28.8601975386134,0.0
0.1,3,100,78,TSCP_R,Gaussian,cqr,capped,0.9,0.0,0.8916666666666667,2736.876458510338,15.787265412600718,,0.0009975433349609375
0.1,3,100,78,Unscaled,Gaussian,cqr,raw,0.9,0.0,0.8416666666666667,2163.2472427822695,13.012806986062008,,0.0009996891021728516
0.1,3,100,78,Empirical_copula,Gaussian,cqr,raw,0.9,0.0,0.845,1925.1727178372814,13.619477140445895,,0.0
0.1,3,100,79,CQHR,Gaussian,cqr,native,0.9,0.0,0.9483333333333334,4373544476.83931,747.4334510500473,58.227285204250606,0.0
0.1,3,100,79,TSCP_R,Gaussian,cqr,capped,0.9,0.0,0.9266666666666666,2638.3879013308015,16.86046129527502,,0.0009999275207519531
0.1,3,100,79,Unscaled,Gaussian,cqr,raw,0.9,0.0,0.925,4054.949241358374,16.058349135778318,,0.0
0.1,3,100,79,Empirical_copula,Gaussian,cqr,raw,0.9,0.0,0.9283333333333333,2828.373481074004,18.386768492550893,,0.0009999275207519531
0.1,3,100,80,CQHR,Gaussian,cqr,native,0.9,0.0,0.8666666666666667,28581057.715126004,206.6106205044943,19.769737139527038,0.0
0.1,3,100,80,TSCP_R,Gaussian,cqr,capped,0.9,0.0,0.8683333333333333,1682.030716842215,15.223966555807625,,0.0009932518005371094
0.1,3,100,80,Unscaled,Gaussian,cqr,raw,0.9,0.0,0.9166666666666666,2879.728708655054,14.341826292058832,,0.0
0.1,3,100,80,Empirical_copula,Gaussian,cqr,raw,0.9,0.0,0.8566666666666667,1497.5415231731474,15.576171677705712,,0.001007080078125
0.1,3,100,81,CQHR,Gaussian,cqr,native,0.9,0.0,0.8933333333333333,20690114.523495458,184.05849933840952,26.360040796610342,0.0
0.1,3,100,81,TSCP_R,Gaussian,cqr,capped,0.9,0.0,0.8916666666666667,2291.837322418446,15.38959959148845,,0.0009930133819580078
0.1,3,100,81,Unscaled,Gaussian,cqr,raw,0.9,0.0,0.8983333333333333,2735.8908305800537,14.113889036665306,,0.0
0.1,3,100,81,Empirical_copula,Gaussian,cqr,raw,0.9,0.0,0.8733333333333333,1915.2698334324105,14.832693132667982,,0.002021312713623047
0.1,3,100,82,CQHR,Gaussian,cqr,native,0.9,0.0,0.935,23662886560.837276,1098.9433204504464,33.809280382251494,0.0
0.1,3,100,82,TSCP_R,Gaussian,cqr,capped,0.9,0.0,0.89,2421.9328309570806,16.106755443164314,,0.0009980201721191406
0.1,3,100,82,Unscaled,Gaussian,cqr,raw,0.9,0.0,0.85,2007.2282926736116,12.67559482239976,,0.0
0.1,3,100,82,Empirical_copula,Gaussian,cqr,raw,0.9,0.0,0.9,2332.6870351427265,16.819766829062836,,0.0
0.1,3,100,83,CQHR,Gaussian,cqr,native,0.9,0.0,0.8783333333333333,322632931.0697495,365.0567416118449,16.56604272546254,0.0
0.1,3,100,83,TSCP_R,Gaussian,cqr,capped,0.9,0.0,0.83,1406.4904354182966,15.780768698065064,,0.0010001659393310547
0.1,3,100,83,Unscaled,Gaussian,cqr,raw,0.9,0.0,0.8966666666666666,2717.648958059054,14.0162474008067,,0.0
0.1,3,100,83,Empirical_copula,Gaussian,cqr,raw,0.9,0.0,0.8183333333333334,1252.8610768625354,15.545376664202706,,0.0009949207305908203
0.1,3,100,84,CQHR,Gaussian,cqr,native,0.9,0.0,0.9166666666666666,980157784.156639,500.03498720435425,27.15625139093733,0.0
0.1,3,100,84,TSCP_R,Gaussian,cqr,capped,0.9,0.0,0.825,1850.7632965795797,13.644473044753216,,0.002000093460083008
0.1,3,100,84,Unscaled,Gaussian,cqr,raw,0.9,0.0,0.8383333333333334,2095.4079702170156,12.895271703202468,,0.0
0.1,3,100,84,Empirical_copula,Gaussian,cqr,raw,0.9,0.0,0.8166666666666667,1740.2448305473376,13.372074018951151,,0.0010004043579101562
0.1,3,100,85,CQHR,Gaussian,cqr,native,0.9,0.0,0.8416666666666667,5854456.863992489,108.7012649390334,15.88613903688836,0.0
0.1,3,100,85,TSCP_R,Gaussian,cqr,capped,0.9,0.0,0.89,2261.9400542054045,18.506530455876216,,0.0010004043579101562
0.1,3,100,85,Unscaled,Gaussian,cqr,raw,0.9,0.0,0.8633333333333333,2521.8749884637646,13.742524945379847,,0.0
0.1,3,100,85,Empirical_copula,Gaussian,cqr,raw,0.9,0.0,0.8916666666666667,2225.585303845988,18.9715927380871,,0.0009996891021728516
0.1,3,100,86,CQHR,Gaussian,cqr,native,0.9,0.0,0.89,323468380.2199265,347.6928142675548,19.919536343534578,0.0
0.1,3,100,86,TSCP_R,Gaussian,cqr,capped,0.9,0.0,0.865,1599.6139687532675,15.609302794205208,,0.0
0.1,3,100,86,Unscaled,Gaussian,cqr,raw,0.9,0.0,0.8733333333333333,2249.664674568662,13.139589351984295,,0.0
0.1,3,100,86,Empirical_copula,Gaussian,cqr,raw,0.9,0.0,0.85,1466.0247402841803,15.13735852760367,,0.0
0.1,3,100,87,CQHR,Gaussian,cqr,native,0.9,0.0,0.91,45416656.39597387,254.6084670652192,26.76550478286722,0.0
0.1,3,100,87,TSCP_R,Gaussian,cqr,capped,0.9,0.0,0.9416666666666667,3054.6204286598067,17.621240411366376,,0.001001119613647461
0.1,3,100,87,Unscaled,Gaussian,cqr,raw,0.9,0.0,0.9183333333333333,3720.519622422044,15.558633904924998,,0.0
0.1,3,100,87,Empirical_copula,Gaussian,cqr,raw,0.9,0.0,0.9066666666666666,2513.931596186856,16.190868201741516,,0.0009932518005371094
0.1,3,100,88,CQHR,Gaussian,cqr,native,0.9,0.0,0.93,19746196.226387896,197.32541231675424,27.91928597157217,0.000997781753540039
0.1,3,100,88,TSCP_R,Gaussian,cqr,capped,0.9,0.0,0.9166666666666666,2627.2737825697964,17.936889814449966,,0.0009999275207519531
0.1,3,100,88,Unscaled,Gaussian,cqr,raw,0.9,0.0,0.9166666666666666,3374.0070479126475,15.046844735153384,,0.0
0.1,3,100,88,Empirical_copula,Gaussian,cqr,raw,0.9,0.0,0.91,2488.780263940411,17.46468530863069,,0.0009999275207519531
0.1,3,100,89,CQHR,Gaussian,cqr,native,0.9,0.0,0.8566666666666667,74795109.72307827,221.18930784262412,17.20983279075009,0.0
0.1,3,100,89,TSCP_R,Gaussian,cqr,capped,0.9,0.0,0.895,1962.2512439631996,16.4958263211246,,0.0009999275207519531
0.1,3,100,89,Unscaled,Gaussian,cqr,raw,0.9,0.0,0.9116666666666666,3204.880387634618,14.909018872847337,,0.0
0.1,3,100,89,Empirical_copula,Gaussian,cqr,raw,0.9,0.0,0.8633333333333333,1623.4865210513153,15.257278773204701,,0.001003265380859375
0.1,3,100,90,CQHR,Gaussian,cqr,native,0.9,0.0,0.8833333333333333,5261856.5663954355,141.6777901270845,19.004650241452662,0.0
0.1,3,100,90,TSCP_R,Gaussian,cqr,capped,0.9,0.0,0.87,2399.040684265307,15.438042053416384,,0.001007080078125
0.1,3,100,90,Unscaled,Gaussian,cqr,raw,0.9,0.0,0.87,2856.3481326757783,14.27433059427524,,0.0
0.1,3,100,90,Empirical_copula,Gaussian,cqr,raw,0.9,0.0,0.855,2168.951177815487,14.654298529332745,,0.0009992122650146484
0.1,3,100,91,CQHR,Gaussian,cqr,native,0.9,0.0,0.9133333333333333,58401413.99297725,312.35075126283056,38.05243298294268,0.0
0.1,3,100,91,TSCP_R,Gaussian,cqr,capped,0.9,0.0,0.8566666666666667,1791.9717667204259,15.36156714610953,,0.0010023117065429688
0.1,3,100,91,Unscaled,Gaussian,cqr,raw,0.9,0.0,0.8766666666666667,2341.3754657056306,13.34338520557722,,0.0
0.1,3,100,91,Empirical_copula,Gaussian,cqr,raw,0.9,0.0,0.85,1760.1946369695459,15.754725547559131,,0.0010106563568115234
0.1,3,100,92,CQHR,Gaussian,cqr,native,0.9,0.0,0.9033333333333333,517465366.4094699,550.4193956562395,25.261256323080108,0.0
0.1,3,100,92,TSCP_R,Gaussian,cqr,capped,0.9,0.0,0.91,3292.155109157723,17.678610507145972,,0.0009958744049072266
0.1,3,100,92,Unscaled,Gaussian,cqr,raw,0.9,0.0,0.895,3429.495393455717,15.166008187239834,,0.0
0.1,3,100,92,Empirical_copula,Gaussian,cqr,raw,0.9,0.0,0.8816666666666667,2878.068737770939,15.945212030582564,,0.0009996891021728516
0.1,3,100,93,CQHR,Gaussian,cqr,native,0.9,0.0,0.92,463024668.30581564,423.8305735051113,32.609942598103636,0.0
0.1,3,100,93,TSCP_R,Gaussian,cqr,capped,0.9,0.0,0.9,2780.751300855983,18.708957929430106,,0.0
0.1,3,100,93,Unscaled,Gaussian,cqr,raw,0.9,0.0,0.935,4554.016805538484,16.661004989376405,,0.0
0.1,3,100,93,Empirical_copula,Gaussian,cqr,raw,0.9,0.0,0.9016666666666666,2884.0101715730702,18.626112450898432,,0.0
0.1,3,100,94,CQHR,Gaussian,cqr,native,0.9,0.0,0.8966666666666666,7778221.911662943,137.09051136033955,21.9771095473934,0.0
0.1,3,100,94,TSCP_R,Gaussian,cqr,capped,0.9,0.0,0.82,1805.8732244649611,16.93859565054887,,0.0012140274047851562
0.1,3,100,94,Unscaled,Gaussian,cqr,raw,0.9,0.0,0.8833333333333333,3027.234822740197,14.580625380693515,,0.0
0.1,3,100,94,Empirical_copula,Gaussian,cqr,raw,0.9,0.0,0.8066666666666666,1503.04937779846,15.313656990520252,,0.0
0.1,3,100,95,CQHR,Gaussian,cqr,native,0.9,0.0,0.9016666666666666,81840342.78629552,264.93415619681514,28.469833150818186,0.0
0.1,3,100,95,TSCP_R,Gaussian,cqr,capped,0.9,0.0,0.9083333333333333,2498.7966893298717,16.4356789710459,,0.001012563705444336
0.1,3,100,95,Unscaled,Gaussian,cqr,raw,0.9,0.0,0.8583333333333333,2111.8811183801868,13.007038887441583,,0.0
0.1,3,100,95,Empirical_copula,Gaussian,cqr,raw,0.9,0.0,0.8866666666666667,2204.539570718896,14.863688178307102,,0.0
0.1,3,100,96,CQHR,Gaussian,cqr,native,0.9,0.0,0.9216666666666666,7684724.451955784,164.4497850659438,32.581224286736145,0.0
0.1,3,100,96,TSCP_R,Gaussian,cqr,capped,0.9,0.0,0.7866666666666666,1174.7879145634338,13.177024341462909,,0.0010006427764892578
0.1,3,100,96,Unscaled,Gaussian,cqr,raw,0.9,0.0,0.775,1593.4739511275316,11.774009674332882,,0.0
0.1,3,100,96,Empirical_copula,Gaussian,cqr,raw,0.9,0.0,0.7833333333333333,1152.550306152647,13.35112554072601,,0.0009982585906982422
0.1,3,100,97,CQHR,Gaussian,cqr,native,0.9,0.0,0.8616666666666667,3424589.3317494947,116.15103111111328,22.995826659839512,0.0
0.1,3,100,97,TSCP_R,Gaussian,cqr,capped,0.9,0.0,0.905,3374.033193265437,18.235777669470824,,0.0009980201721191406
0.1,3,100,97,Unscaled,Gaussian,cqr,raw,0.9,0.0,0.8916666666666667,3441.514425842904,15.256199425363818,,0.0
0.1,3,100,97,Empirical_copula,Gaussian,cqr,raw,0.9,0.0,0.885,2909.6834620538802,18.18968474564594,,0.000993967056274414
0.1,3,100,98,CQHR,Gaussian,cqr,native,0.9,0.0,0.9133333333333333,633084198.0552961,457.60962223618407,22.787812647018644,0.0
0.1,3,100,98,TSCP_R,Gaussian,cqr,capped,0.9,0.0,0.92,2887.9133371116195,16.453593193480803,,0.0010006427764892578
0.1,3,100,98,Unscaled,Gaussian,cqr,raw,0.9,0.0,0.9133333333333333,3101.0442653892533,14.680065939863349,,0.0
0.1,3,100,98,Empirical_copula,Gaussian,cqr,raw,0.9,0.0,0.8866666666666667,1892.4052650937108,16.557298758186676,,0.000997781753540039
0.1,3,100,99,CQHR,Gaussian,cqr,native,0.9,0.0,0.8816666666666667,16517656.983572042,162.90876067334577,20.21664025550512,0.0
0.1,3,100,99,TSCP_R,Gaussian,cqr,capped,0.9,0.0,0.8716666666666667,1843.1832913861572,14.264520870112186,,0.001004934310913086
0.1,3,100,99,Unscaled,Gaussian,cqr,raw,0.9,0.0,0.8666666666666667,2225.37851015912,13.167037474907987,,0.0
0.1,3,100,99,Empirical_copula,Gaussian,cqr,raw,0.9,0.0,0.8566666666666667,1833.5340499655038,13.577342684843263,,0.0009951591491699219
0.1,3,100,0,CQHR,Gaussian,cqr,native,0.7,0.0,0.9166666666666666,217182949.9371024,295.3660342553839,21.552246929628446,0.0
0.1,3,100,0,TSCP_R,Gaussian,cqr,capped,0.7,0.0,0.85,1909.4103884276685,15.422903147440287,,0.001005411148071289
0.1,3,100,0,Unscaled,Gaussian,cqr,raw,0.7,0.0,0.86,2021.6845151463012,12.928854662819019,,0.0
0.1,3,100,0,Empirical_copula,Gaussian,cqr,raw,0.7,0.0,0.83,1508.9439673280435,12.928854662731261,,0.0009899139404296875
0.1,3,100,1,CQHR,Gaussian,cqr,native,0.7,0.0,0.9116666666666666,10499261.374642543,136.53896719058275,18.18938619337243,0.0
0.1,3,100,1,TSCP_R,Gaussian,cqr,capped,0.7,0.0,0.9416666666666667,3471.181899918708,17.839074932664133,,0.0009996891021728516
0.1,3,100,1,Unscaled,Gaussian,cqr,raw,0.7,0.0,0.9083333333333333,3543.0478329053553,15.380636500635285,,0.0
0.1,3,100,1,Empirical_copula,Gaussian,cqr,raw,0.7,0.0,0.91,2465.6753138907866,17.307920180490527,,0.0
0.1,3,100,2,CQHR,Gaussian,cqr,native,0.7,0.0,0.9266666666666666,186411147.5069092,191.31556092534422,30.710131800588417,0.0
0.1,3,100,2,TSCP_R,Gaussian,cqr,capped,0.7,0.0,0.9516666666666667,3410.2316291891575,17.932292309150526,,0.0010128021240234375
0.1,3,100,2,Unscaled,Gaussian,cqr,raw,0.7,0.0,0.9066666666666666,2782.546751285484,14.341978128596532,,0.0
0.1,3,100,2,Empirical_copula,Gaussian,cqr,raw,0.7,0.0,0.94,2844.2434199501527,16.520025488646446,,0.000995635986328125
0.1,3,100,3,CQHR,Gaussian,cqr,native,0.7,0.0,0.9266666666666666,36555808.85506203,167.4649252249528,21.809280895614954,0.0
0.1,3,100,3,TSCP_R,Gaussian,cqr,capped,0.7,0.0,0.8833333333333333,2303.355600783037,16.27164389607751,,0.0009996891021728516
0.1,3,100,3,Unscaled,Gaussian,cqr,raw,0.7,0.0,0.89,3115.5653690056342,14.84374673103025,,0.0
0.1,3,100,3,Empirical_copula,Gaussian,cqr,raw,0.7,0.0,0.8783333333333333,2354.6377989085963,15.16391617982119,,0.0009930133819580078
0.1,3,100,4,CQHR,Gaussian,cqr,native,0.7,0.0,0.8966666666666666,2985703.314458904,87.81873292037777,18.52154549281158,0.0
0.1,3,100,4,TSCP_R,Gaussian,cqr,capped,0.7,0.0,0.9016666666666666,2913.6001084415125,16.246793824078797,,0.0010008811950683594
0.1,3,100,4,Unscaled,Gaussian,cqr,raw,0.7,0.0,0.92,3706.8241444179603,15.74538890873732,,0.0
0.1,3,100,4,Empirical_copula,Gaussian,cqr,raw,0.7,0.0,0.8316666666666667,1864.253974584279,15.759915201998032,,0.0010097026824951172
0.1,3,100,5,CQHR,Gaussian,cqr,native,0.7,0.0,0.905,9799190.564685535,109.67996944218406,15.668547607123967,0.0
0.1,3,100,5,TSCP_R,Gaussian,cqr,capped,0.7,0.0,0.9083333333333333,2065.954625961968,14.935162764665574,,0.0009243488311767578
0.1,3,100,5,Unscaled,Gaussian,cqr,raw,0.7,0.0,0.8816666666666667,2158.3877332805205,13.115003578460263,,0.0
0.1,3,100,5,Empirical_copula,Gaussian,cqr,raw,0.7,0.0,0.8883333333333333,1717.4032973765095,14.228162648557522,,0.0009992122650146484
0.1,3,100,6,CQHR,Gaussian,cqr,native,0.7,0.0,0.8866666666666667,616817.4770599171,69.64903429015645,15.568815409138367,0.0
0.1,3,100,6,TSCP_R,Gaussian,cqr,capped,0.7,0.0,0.9,1944.2300892574349,15.617683729103677,,0.0010008811950683594
0.1,3,100,6,Unscaled,Gaussian,cqr,raw,0.7,0.0,0.9,2512.4290736822486,13.819064057896789,,0.0
0.1,3,100,6,Empirical_copula,Gaussian,cqr,raw,0.7,0.0,0.8983333333333333,2041.2975131741637,15.939447184927051,,0.00099945068359375
0.1,3,100,7,CQHR,Gaussian,cqr,native,0.7,0.0,0.875,8543786.970806295,86.15487621012736,14.235321873818704,0.0
0.1,3,100,7,TSCP_R,Gaussian,cqr,capped,0.7,0.0,0.8466666666666667,1726.4385440310798,16.01681319444837,,0.0010135173797607422
0.1,3,100,7,Unscaled,Gaussian,cqr,raw,0.7,0.0,0.9016666666666666,2816.813453880723,14.392265866176434,,0.0
0.1,3,100,7,Empirical_copula,Gaussian,cqr,raw,0.7,0.0,0.8316666666666667,1478.2184164753874,15.799687763596609,,0.0009925365447998047
0.1,3,100,8,CQHR,Gaussian,cqr,native,0.7,0.0,0.8766666666666667,7060827.823309959,133.8367035562682,15.295794141594763,0.0
0.1,3,100,8,TSCP_R,Gaussian,cqr,capped,0.7,0.0,0.9516666666666667,4368.581792548407,19.412144978507456,,0.0010075569152832031
0.1,3,100,8,Unscaled,Gaussian,cqr,raw,0.7,0.0,0.9283333333333333,4111.574268961321,16.243682322261666,,0.0
0.1,3,100,8,Empirical_copula,Gaussian,cqr,raw,0.7,0.0,0.8916666666666667,2526.9146048026496,18.417809703254523,,0.0009992122650146484
0.1,3,100,9,CQHR,Gaussian,cqr,native,0.7,0.0,0.8866666666666667,1030061.5002343702,76.36434157352568,13.462756985905331,0.0
0.1,3,100,9,TSCP_R,Gaussian,cqr,capped,0.7,0.0,0.9016666666666666,2816.4097278932386,18.19682788067816,,0.0009996891021728516
0.1,3,100,9,Unscaled,Gaussian,cqr,raw,0.7,0.0,0.8866666666666667,3290.4948324237416,14.95118978921094,,0.0
0.1,3,100,9,Empirical_copula,Gaussian,cqr,raw,0.7,0.0,0.8733333333333333,2572.14551337905,15.8268987175372,,0.0009927749633789062
0.1,3,100,10,CQHR,Gaussian,cqr,native,0.7,0.0,0.8366666666666667,764758.2916797267,57.77469744240402,13.708000726749829,0.0009999275207519531
0.1,3,100,10,TSCP_R,Gaussian,cqr,capped,0.7,0.0,0.87,2611.441034828864,15.200596851426859,,0.0010063648223876953
0.1,3,100,10,Unscaled,Gaussian,cqr,raw,0.7,0.0,0.8983333333333333,3189.630533801066,14.959208978186368,,0.0
0.1,3,100,10,Empirical_copula,Gaussian,cqr,raw,0.7,0.0,0.8516666666666667,2645.9494205057076,16.490716285176465,,0.0009999275207519531
0.1,3,100,11,CQHR,Gaussian,cqr,native,0.7,0.0,0.89,6630098.437452928,77.84373010917662,15.55889249855211,0.0
0.1,3,100,11,TSCP_R,Gaussian,cqr,capped,0.7,0.0,0.8816666666666667,2023.9811354041262,15.2354514889749,,0.0009999275207519531
0.1,3,100,11,Unscaled,Gaussian,cqr,raw,0.7,0.0,0.86,2106.0825204173407,13.052459683367374,,0.0
0.1,3,100,11,Empirical_copula,Gaussian,cqr,raw,0.7,0.0,0.8633333333333333,1832.596668884588,15.602528626044565,,0.0009992122650146484
0.1,3,100,12,CQHR,Gaussian,cqr,native,0.7,0.0,0.9066666666666666,9172047.938090827,132.77604441319215,19.972307886607833,0.0
0.1,3,100,12,TSCP_R,Gaussian,cqr,capped,0.7,0.0,0.8983333333333333,2246.1043476379295,17.331440068836518,,0.0010068416595458984
0.1,3,100,12,Unscaled,Gaussian,cqr,raw,0.7,0.0,0.8983333333333333,2260.722617911565,13.409867949596253,,0.0
0.1,3,100,12,Empirical_copula,Gaussian,cqr,raw,0.7,0.0,0.885,2289.5757305656266,19.369490907195075,,0.0
0.1,3,100,13,CQHR,Gaussian,cqr,native,0.7,0.0,0.9016666666666666,2226294.414497367,74.38329833860014,14.839047950700603,0.0
0.1,3,100,13,TSCP_R,Gaussian,cqr,capped,0.7,0.0,0.8566666666666667,1993.89218947457,14.596638631173276,,0.0009996891021728516
0.1,3,100,13,Unscaled,Gaussian,cqr,raw,0.7,0.0,0.8416666666666667,2026.0918884849345,12.802925894692464,,0.0
0.1,3,100,13,Empirical_copula,Gaussian,cqr,raw,0.7,0.0,0.8466666666666667,1807.7604599134306,13.772602552965669,,0.001007080078125
0.1,3,100,14,CQHR,Gaussian,cqr,native,0.7,0.0,0.8766666666666667,283273442.49204034,189.35811633053262,15.808757573238132,0.0
0.1,3,100,14,TSCP_R,Gaussian,cqr,capped,0.7,0.0,0.905,2668.399887065862,17.747043421857754,,0.000997781753540039
0.1,3,100,14,Unscaled,Gaussian,cqr,raw,0.7,0.0,0.8983333333333333,2999.929771737187,14.572138221927291,,0.0
0.1,3,100,14,Empirical_copula,Gaussian,cqr,raw,0.7,0.0,0.8983333333333333,2580.5087270526205,17.700613904870604,,0.0010068416595458984
0.1,3,100,15,CQHR,Gaussian,cqr,native,0.7,0.0,0.9083333333333333,2289791.6982663856,94.78127859662546,15.540264558928598,0.0
0.1,3,100,15,TSCP_R,Gaussian,cqr,capped,0.7,0.0,0.925,2933.3147152871925,17.121967675608207,,0.0009996891021728516
0.1,3,100,15,Unscaled,Gaussian,cqr,raw,0.7,0.0,0.905,2813.3954428866095,14.28015182311342,,0.0
0.1,3,100,15,Empirical_copula,Gaussian,cqr,raw,0.7,0.0,0.905,2647.6255614056035,16.967855178075823,,0.0009927749633789062
0.1,3,100,16,CQHR,Gaussian,cqr,native,0.7,0.0,0.9316666666666666,59577933.954269126,214.98425902738538,24.507406923182618,0.0
0.1,3,100,16,TSCP_R,Gaussian,cqr,capped,0.7,0.0,0.9233333333333333,3536.0918898073364,17.638683319568194,,0.001003265380859375
0.1,3,100,16,Unscaled,Gaussian,cqr,raw,0.7,0.0,0.9166666666666666,3918.33225316522,15.98960917134665,,0.0
0.1,3,100,16,Empirical_copula,Gaussian,cqr,raw,0.7,0.0,0.92,3980.731716009816,16.25517538393519,,0.0009996891021728516
0.1,3,100,17,CQHR,Gaussian,cqr,native,0.7,0.0,0.91,2399413.081251378,90.82905802613116,16.393055898463764,0.0
0.1,3,100,17,TSCP_R,Gaussian,cqr,capped,0.7,0.0,0.88,2537.5926149078546,16.424569256149788,,0.0009999275207519531
0.1,3,100,17,Unscaled,Gaussian,cqr,raw,0.7,0.0,0.8966666666666666,3219.5993685057992,14.98735985657414,,0.0
0.1,3,100,17,Empirical_copula,Gaussian,cqr,raw,0.7,0.0,0.8016666666666666,1648.7111161098073,16.385838318458404,,0.0019927024841308594
0.1,3,100,18,CQHR,Gaussian,cqr,native,0.7,0.0,0.8883333333333333,5900591.2478518095,102.360167104651,19.98195630823304,0.0
0.1,3,100,18,TSCP_R,Gaussian,cqr,capped,0.7,0.0,0.86,1753.5388501145876,15.679571422268278,,0.0009961128234863281
0.1,3,100,18,Unscaled,Gaussian,cqr,raw,0.7,0.0,0.875,2361.7757840982104,13.503153913575062,,0.0
0.1,3,100,18,Empirical_copula,Gaussian,cqr,raw,0.7,0.0,0.8366666666666667,1592.442271231565,14.834862806898876,,0.0009200572967529297
0.1,3,100,19,CQHR,Gaussian,cqr,native,0.7,0.0,0.8416666666666667,1456925.3759775318,78.93302553401439,14.233119723690303,0.0
0.1,3,100,19,TSCP_R,Gaussian,cqr,capped,0.7,0.0,0.8383333333333334,1716.3279298047296,14.129388366934675,,0.0010020732879638672
0.1,3,100,19,Unscaled,Gaussian,cqr,raw,0.7,0.0,0.86,2416.6697356091167,13.696807158482242,,0.0
0.1,3,100,19,Empirical_copula,Gaussian,cqr,raw,0.7,0.0,0.8033333333333333,1424.7083625865612,13.821628812373083,,0.0009996891021728516
0.1,3,100,20,CQHR,Gaussian,cqr,native,0.7,0.0,0.8833333333333333,33565229.37501842,155.88644499401494,21.102352243593213,0.0
0.1,3,100,20,TSCP_R,Gaussian,cqr,capped,0.7,0.0,0.8633333333333333,1983.7039917993623,15.070085085759041,,0.0010023117065429688
0.1,3,100,20,Unscaled,Gaussian,cqr,raw,0.7,0.0,0.8683333333333333,2545.7009120561024,13.961023296274558,,0.0
0.1,3,100,20,Empirical_copula,Gaussian,cqr,raw,0.7,0.0,0.8416666666666667,1714.408072536751,16.204251703884687,,0.0009996891021728516
0.1,3,100,21,CQHR,Gaussian,cqr,native,0.7,0.0,0.9466666666666667,6170251.112883093,123.18645813628513,23.978023215167187,0.0
0.1,3,100,21,TSCP_R,Gaussian,cqr,capped,0.7,0.0,0.8733333333333333,2142.8945127030656,15.910653748415607,,0.002000093460083008
0.1,3,100,21,Unscaled,Gaussian,cqr,raw,0.7,0.0,0.8633333333333333,2637.428069397469,13.97906602701328,,0.0
0.1,3,100,21,Empirical_copula,Gaussian,cqr,raw,0.7,0.0,0.86,1937.0894780048502,15.259230887718598,,0.0010132789611816406
0.1,3,100,22,CQHR,Gaussian,cqr,native,0.7,0.0,0.9283333333333333,37262112.435932115,139.82548844104141,22.778267122400393,0.0
0.1,3,100,22,TSCP_R,Gaussian,cqr,capped,0.7,0.0,0.94,3536.2376705390225,20.06655136120818,,0.0009996891021728516
0.1,3,100,22,Unscaled,Gaussian,cqr,raw,0.7,0.0,0.9433333333333334,4610.421892060435,16.843300303653415,,0.0
0.1,3,100,22,Empirical_copula,Gaussian,cqr,raw,0.7,0.0,0.9233333333333333,2950.3220190023485,19.346769732031667,,0.000993490219116211
0.1,3,100,23,CQHR,Gaussian,cqr,native,0.7,0.0,0.94,1532400.0339687061,88.69967345741497,20.246159507612887,0.0
0.1,3,100,23,TSCP_R,Gaussian,cqr,capped,0.7,0.0,0.9583333333333334,4592.482827240325,19.13224998233822,,0.0010006427764892578
0.1,3,100,23,Unscaled,Gaussian,cqr,raw,0.7,0.0,0.935,4207.702878018583,16.289214425392725,,0.0
0.1,3,100,23,Empirical_copula,Gaussian,cqr,raw,0.7,0.0,0.9533333333333334,4171.071140768778,19.080893891939084,,0.0010001659393310547
0.1,3,100,24,CQHR,Gaussian,cqr,native,0.7,0.0,0.875,519323.50953273434,68.86766944522559,14.671271026900218,0.0
0.1,3,100,24,TSCP_R,Gaussian,cqr,capped,0.7,0.0,0.925,2660.992315364147,16.708418085444144,,0.000997781753540039
0.1,3,100,24,Unscaled,Gaussian,cqr,raw,0.7,0.0,0.915,3383.3929484717933,15.257157853737015,,0.0
0.1,3,100,24,Empirical_copula,Gaussian,cqr,raw,0.7,0.0,0.8783333333333333,1995.2508147380745,15.895331987110627,,0.002012014389038086
0.1,3,100,25,CQHR,Gaussian,cqr,native,0.7,0.0,0.9033333333333333,5122059.685367652,118.79492741621141,20.194285480844602,0.0
0.1,3,100,25,TSCP_R,Gaussian,cqr,capped,0.7,0.0,0.87,2119.9340470846896,16.031665096306813,,0.0010008811950683594
0.1,3,100,25,Unscaled,Gaussian,cqr,raw,0.7,0.0,0.8666666666666667,2506.9359070888177,13.748728856927789,,0.0
0.1,3,100,25,Empirical_copula,Gaussian,cqr,raw,0.7,0.0,0.8433333333333334,1760.5557212994395,14.016539411822226,,0.0010008811950683594
0.1,3,100,26,CQHR,Gaussian,cqr,native,0.7,0.0,0.935,19354655.569423147,114.69461913639634,20.94713999544725,0.0
0.1,3,100,26,TSCP_R,Gaussian,cqr,capped,0.7,0.0,0.8916666666666667,2340.218583236926,15.369011357671843,,0.0019948482513427734
0.1,3,100,26,Unscaled,Gaussian,cqr,raw,0.7,0.0,0.865,2437.4532477690327,13.655798509652856,,0.0
0.1,3,100,26,Empirical_copula,Gaussian,cqr,raw,0.7,0.0,0.8883333333333333,2235.421705559947,15.068504739619705,,0.0010004043579101562
0.1,3,100,27,CQHR,Gaussian,cqr,native,0.7,0.0,0.8683333333333333,5395374.595729538,106.0203794611452,13.822648682862637,0.0
0.1,3,100,27,TSCP_R,Gaussian,cqr,capped,0.7,0.0,0.8366666666666667,1556.8010531409177,13.211481561608588,,0.0009944438934326172
0.1,3,100,27,Unscaled,Gaussian,cqr,raw,0.7,0.0,0.8616666666666667,2094.6842596128854,13.00021557351435,,0.0010159015655517578
0.1,3,100,27,Empirical_copula,Gaussian,cqr,raw,0.7,0.0,0.8416666666666667,1574.3295132238873,13.59631519485617,,0.0009846687316894531
0.1,3,100,28,CQHR,Gaussian,cqr,native,0.7,0.0,0.9316666666666666,8193863.341732302,121.24415044972024,21.724490650876483,0.0
0.1,3,100,28,TSCP_R,Gaussian,cqr,capped,0.7,0.0,0.8983333333333333,2396.177260343472,18.233355097644697,,0.0010008811950683594
0.1,3,100,28,Unscaled,Gaussian,cqr,raw,0.7,0.0,0.8866666666666667,3195.7193653341787,14.903104102112271,,0.0
0.1,3,100,28,Empirical_copula,Gaussian,cqr,raw,0.7,0.0,0.8616666666666667,2024.0941051269408,15.14972003049819,,0.0010001659393310547
0.1,3,100,29,CQHR,Gaussian,cqr,native,0.7,0.0,0.91,8214757787.635436,1028.043464270614,28.920474499985087,0.0
0.1,3,100,29,TSCP_R,Gaussian,cqr,capped,0.7,0.0,0.9283333333333333,3287.681663354015,16.922520953439612,,0.0009999275207519531
0.1,3,100,29,Unscaled,Gaussian,cqr,raw,0.7,0.0,0.92,3637.9291495272128,15.596997326364535,,0.0
0.1,3,100,29,Empirical_copula,Gaussian,cqr,raw,0.7,0.0,0.88,2127.061732479989,15.412217648765068,,0.0009930133819580078
0.1,3,100,30,CQHR,Gaussian,cqr,native,0.7,0.0,0.94,1253189575.9861536,363.5898240897446,34.69694292352922,0.0
0.1,3,100,30,TSCP_R,Gaussian,cqr,capped,0.7,0.0,0.915,2811.18065467653,16.607483871439474,,0.0009968280792236328
0.1,3,100,30,Unscaled,Gaussian,cqr,raw,0.7,0.0,0.9166666666666666,3044.2379831029343,14.73014119146637,,0.0
0.1,3,100,30,Empirical_copula,Gaussian,cqr,raw,0.7,0.0,0.9066666666666666,2949.2816224141397,17.0110394348118,,0.0009989738464355469
0.1,3,100,31,CQHR,Gaussian,cqr,native,0.7,0.0,0.9216666666666666,3102678.5285580307,107.73134043467918,21.615678177716575,0.0010001659393310547
0.1,3,100,31,TSCP_R,Gaussian,cqr,capped,0.7,0.0,0.89,2451.484449622038,15.33617447017911,,0.0010006427764892578
0.1,3,100,31,Unscaled,Gaussian,cqr,raw,0.7,0.0,0.885,2877.506486796346,14.411090395931563,,0.0
0.1,3,100,31,Empirical_copula,Gaussian,cqr,raw,0.7,0.0,0.8716666666666667,2111.976999225781,14.597371418227686,,0.0010006427764892578
0.1,3,100,32,CQHR,Gaussian,cqr,native,0.7,0.0,0.915,244820816.25359553,303.1706781519936,21.907190894796923,0.0
0.1,3,100,32,TSCP_R,Gaussian,cqr,capped,0.7,0.0,0.9016666666666666,2847.6984198611112,16.492711734679286,,0.0009996891021728516
0.1,3,100,32,Unscaled,Gaussian,cqr,raw,0.7,0.0,0.8983333333333333,3311.971001362762,15.081652965059092,,0.0
0.1,3,100,32,Empirical_copula,Gaussian,cqr,raw,0.7,0.0,0.885,2336.599684706375,16.441675155051996,,0.0009946823120117188
0.1,3,100,33,CQHR,Gaussian,cqr,native,0.7,0.0,0.9083333333333333,14049487.443488764,104.99087938028845,18.170946296850563,0.0
0.1,3,100,33,TSCP_R,Gaussian,cqr,capped,0.7,0.0,0.9233333333333333,3046.9849747570083,16.61749836730308,,0.0009970664978027344
0.1,3,100,33,Unscaled,Gaussian,cqr,raw,0.7,0.0,0.9266666666666666,3837.957330051873,16.014410570950357,,0.0
0.1,3,100,33,Empirical_copula,Gaussian,cqr,raw,0.7,0.0,0.9216666666666666,2973.8290388780465,15.694829859955732,,0.0
0.1,3,100,34,CQHR,Gaussian,cqr,native,0.7,0.0,0.88,321296.72006679984,64.6044557313178,19.413490285645533,0.0
0.1,3,100,34,TSCP_R,Gaussian,cqr,capped,0.7,0.0,0.9333333333333333,3020.6120521549456,16.53886076548626,,0.0010018348693847656
0.1,3,100,34,Unscaled,Gaussian,cqr,raw,0.7,0.0,0.9316666666666666,3556.4596359012858,15.648323612533389,,0.0
0.1,3,100,34,Empirical_copula,Gaussian,cqr,raw,0.7,0.0,0.9116666666666666,2187.10855572055,15.600993812175611,,0.0009992122650146484
0.1,3,100,35,CQHR,Gaussian,cqr,native,0.7,0.0,0.915,857305216.8509488,389.2087750584305,17.738029422624017,0.0
0.1,3,100,35,TSCP_R,Gaussian,cqr,capped,0.7,0.0,0.9166666666666666,2422.546470612617,15.207376425691852,,0.0009944438934326172
0.1,3,100,35,Unscaled,Gaussian,cqr,raw,0.7,0.0,0.895,2681.640906793771,14.062582499046421,,0.0
0.1,3,100,35,Empirical_copula,Gaussian,cqr,raw,0.7,0.0,0.895,2191.3346289489937,14.366510926632088,,0.0009989738464355469
0.1,3,100,36,CQHR,Gaussian,cqr,native,0.7,0.0,0.9016666666666666,6068967.213033208,163.24451452274005,17.554442060700616,0.0
0.1,3,100,36,TSCP_R,Gaussian,cqr,capped,0.7,0.0,0.9133333333333333,2505.2190319317474,15.735111821417425,,0.0011491775512695312
0.1,3,100,36,Unscaled,Gaussian,cqr,raw,0.7,0.0,0.9,2854.745182805322,14.437131780884183,,0.0
0.1,3,100,36,Empirical_copula,Gaussian,cqr,raw,0.7,0.0,0.8866666666666667,2117.5645534741343,14.437131780747587,,0.0009992122650146484
0.1,3,100,37,CQHR,Gaussian,cqr,native,0.7,0.0,0.955,33843008.56033827,171.80056104449136,33.58492303305931,0.0
0.1,3,100,37,TSCP_R,Gaussian,cqr,capped,0.7,0.0,0.8683333333333333,1809.5868858815184,14.12743102488371,,0.001004934310913086
0.1,3,100,37,Unscaled,Gaussian,cqr,raw,0.7,0.0,0.8966666666666666,2587.6720470028076,14.008029636939018,,0.0
0.1,3,100,37,Empirical_copula,Gaussian,cqr,raw,0.7,0.0,0.8716666666666667,1808.9113286315269,15.056175795386673,,0.0009987354278564453
0.1,3,100,38,CQHR,Gaussian,cqr,native,0.7,0.0,0.94,120092092.5293009,233.73772730920138,27.424046760013045,0.0
0.1,3,100,38,TSCP_R,Gaussian,cqr,capped,0.7,0.0,0.925,3130.789359881271,16.888401763062124,,0.0010013580322265625
0.1,3,100,38,Unscaled,Gaussian,cqr,raw,0.7,0.0,0.9066666666666666,3099.457016542928,14.791748418697301,,0.0
0.1,3,100,38,Empirical_copula,Gaussian,cqr,raw,0.7,0.0,0.895,2654.1191558526525,16.61486193637298,,0.0010004043579101562
0.1,3,100,39,CQHR,Gaussian,cqr,native,0.7,0.0,0.8916666666666667,785457.9860484496,89.31300099669623,15.741490670420546,0.0
0.1,3,100,39,TSCP_R,Gaussian,cqr,capped,0.7,0.0,0.9066666666666666,2660.278447433879,16.945927785771957,,0.0010013580322265625
0.1,3,100,39,Unscaled,Gaussian,cqr,raw,0.7,0.0,0.9,3023.3277794412916,14.737380905490669,,0.0
0.1,3,100,39,Empirical_copula,Gaussian,cqr,raw,0.7,0.0,0.9033333333333333,2899.916172980676,15.78011138304891,,0.0010004043579101562
0.1,3,100,40,CQHR,Gaussian,cqr,native,0.7,0.0,0.8516666666666667,561136088386.6887,7711.838148538835,12.414440046788476,0.0009996891021728516
0.1,3,100,40,TSCP_R,Gaussian,cqr,capped,0.7,0.0,0.8733333333333333,1947.9429437702886,16.166292565933695,,0.0009999275207519531
0.1,3,100,40,Unscaled,Gaussian,cqr,raw,0.7,0.0,0.8966666666666666,2856.938651589509,14.49182352695576,,0.0
0.1,3,100,40,Empirical_copula,Gaussian,cqr,raw,0.7,0.0,0.8783333333333333,1797.4541210921218,15.187461896302072,,0.0009999275207519531
0.1,3,100,41,CQHR,Gaussian,cqr,native,0.7,0.0,0.945,15973920.177738933,162.5790167688266,28.46505650848809,0.0
0.1,3,100,41,TSCP_R,Gaussian,cqr,capped,0.7,0.0,0.885,2013.0749008820874,15.651509462719023,,0.0010001659393310547
0.1,3,100,41,Unscaled,Gaussian,cqr,raw,0.7,0.0,0.9216666666666666,3221.788397213388,14.992602643835005,,0.0
0.1,3,100,41,Empirical_copula,Gaussian,cqr,raw,0.7,0.0,0.8683333333333333,1795.4542831578572,15.095153676083461,,0.00099945068359375
0.1,3,100,42,CQHR,Gaussian,cqr,native,0.7,0.0,0.8866666666666667,455085232.25498813,466.98181629917485,18.409460236653267,0.0
0.1,3,100,42,TSCP_R,Gaussian,cqr,capped,0.7,0.0,0.8716666666666667,2184.2160069427164,16.761079436521754,,0.0009999275207519531
0.1,3,100,42,Unscaled,Gaussian,cqr,raw,0.7,0.0,0.895,3524.51674330233,15.491709059939835,,0.0
0.1,3,100,42,Empirical_copula,Gaussian,cqr,raw,0.7,0.0,0.8566666666666667,2137.0876538584157,15.605408303097287,,0.0010004043579101562
0.1,3,100,43,CQHR,Gaussian,cqr,native,0.7,0.0,0.875,22907389.114827644,128.70251909297397,14.615789601901932,0.0
0.1,3,100,43,TSCP_R,Gaussian,cqr,capped,0.7,0.0,0.9266666666666666,3090.607012090492,18.66429218315565,,0.0009949207305908203
0.1,3,100,43,Unscaled,Gaussian,cqr,raw,0.7,0.0,0.925,3867.493627794726,15.849688880258258,,0.0
0.1,3,100,43,Empirical_copula,Gaussian,cqr,raw,0.7,0.0,0.9166666666666666,2745.3890026352346,17.403822307951643,,0.0009999275207519531
0.1,3,100,44,CQHR,Gaussian,cqr,native,0.7,0.0,0.8633333333333333,1599131.4289291478,75.9589829417434,14.37326247792883,0.0
0.1,3,100,44,TSCP_R,Gaussian,cqr,capped,0.7,0.0,0.8583333333333333,1657.5712107534896,14.204910572300323,,0.0009996891021728516
0.1,3,100,44,Unscaled,Gaussian,cqr,raw,0.7,0.0,0.8916666666666667,2460.4102385890383,13.62651394050018,,0.0
0.1,3,100,44,Empirical_copula,Gaussian,cqr,raw,0.7,0.0,0.87,1576.8664302589714,14.54030451013347,,0.0010144710540771484
0.1,3,100,45,CQHR,Gaussian,cqr,native,0.7,0.0,0.9166666666666666,23868303.61507509,137.95502928064104,20.310780209043966,0.0
0.1,3,100,45,TSCP_R,Gaussian,cqr,capped,0.7,0.0,0.775,1433.5633885005404,13.763035556699931,,0.0009996891021728516
0.1,3,100,45,Unscaled,Gaussian,cqr,raw,0.7,0.0,0.7783333333333333,1643.0668940989774,11.981449787711469,,0.0
0.1,3,100,45,Empirical_copula,Gaussian,cqr,raw,0.7,0.0,0.7816666666666666,1475.8326102790008,13.46470588995204,,0.0
0.1,3,100,46,CQHR,Gaussian,cqr,native,0.7,0.0,0.97,1704936559.4275322,460.4360291688992,48.27945532805767,0.0
0.1,3,100,46,TSCP_R,Gaussian,cqr,capped,0.7,0.0,0.9033333333333333,2509.69931134239,17.906242823724217,,0.00099945068359375
0.1,3,100,46,Unscaled,Gaussian,cqr,raw,0.7,0.0,0.925,4228.676497708612,16.40530922238264,,0.0
0.1,3,100,46,Empirical_copula,Gaussian,cqr,raw,0.7,0.0,0.8966666666666666,2220.421553489485,17.84200606091387,,0.0009999275207519531
0.1,3,100,47,CQHR,Gaussian,cqr,native,0.7,0.0,0.9016666666666666,3737863.3725686613,91.7664620909381,20.248810667231773,0.0009992122650146484
0.1,3,100,47,TSCP_R,Gaussian,cqr,capped,0.7,0.0,0.9183333333333333,2411.3823284415107,16.394146896321594,,0.0010044574737548828
0.1,3,100,47,Unscaled,Gaussian,cqr,raw,0.7,0.0,0.92,3225.125918607265,14.990334676587057,,0.0
0.1,3,100,47,Empirical_copula,Gaussian,cqr,raw,0.7,0.0,0.9183333333333333,2403.4041413612795,15.803639793013993,,0.0009961128234863281
0.1,3,100,48,CQHR,Gaussian,cqr,native,0.7,0.0,0.9266666666666666,6197631.465556318,130.8047764172835,20.375811949138388,0.000997781753540039
0.1,3,100,48,TSCP_R,Gaussian,cqr,capped,0.7,0.0,0.9033333333333333,2996.7124899099535,16.42698403511213,,0.00099945068359375
0.1,3,100,48,Unscaled,Gaussian,cqr,raw,0.7,0.0,0.905,3912.1421674097874,15.909303016220862,,0.0
0.1,3,100,48,Empirical_copula,Gaussian,cqr,raw,0.7,0.0,0.845,1917.0719318773822,16.987268834176056,,0.0009996891021728516
0.1,3,100,49,CQHR,Gaussian,cqr,native,0.7,0.0,0.935,152345176.4898223,237.65408538620648,29.36120606830001,0.0009982585906982422
0.1,3,100,49,TSCP_R,Gaussian,cqr,capped,0.7,0.0,0.8483333333333334,1699.001701501204,14.0220078376327,,0.0010004043579101562
0.1,3,100,49,Unscaled,Gaussian,cqr,raw,0.7,0.0,0.845,1994.119594777423,12.859231968349794,,0.0
0.1,3,100,49,Empirical_copula,Gaussian,cqr,raw,0.7,0.0,0.8366666666666667,1543.340610977563,13.440855528210303,,0.00099945068359375
0.1,3,100,50,CQHR,Gaussian,cqr,native,0.7,0.0,0.905,6147147.489030619,129.92463327745332,19.73981555063211,0.00099945068359375
0.1,3,100,50,TSCP_R,Gaussian,cqr,capped,0.7,0.0,0.8833333333333333,1999.923914318704,17.54368792985138,,0.0010001659393310547
0.1,3,100,50,Unscaled,Gaussian,cqr,raw,0.7,0.0,0.9316666666666666,3673.7486516569743,15.646732152391708,,0.0
0.1,3,100,50,Empirical_copula,Gaussian,cqr,raw,0.7,0.0,0.8716666666666667,1889.8605586201797,17.47010674209081,,0.001007080078125
0.1,3,100,51,CQHR,Gaussian,cqr,native,0.7,0.0,0.9216666666666666,33752085.30933542,164.43191514630604,24.678132132149152,0.0
0.1,3,100,51,TSCP_R,Gaussian,cqr,capped,0.7,0.0,0.8566666666666667,2296.2834385574724,17.31736808257082,,0.00099945068359375
0.1,3,100,51,Unscaled,Gaussian,cqr,raw,0.7,0.0,0.8733333333333333,2968.214880165349,14.587645820593625,,0.0
0.1,3,100,51,Empirical_copula,Gaussian,cqr,raw,0.7,0.0,0.86,2226.173793230157,16.28097318596512,,0.0009999275207519531
0.1,3,100,52,CQHR,Gaussian,cqr,native,0.7,0.0,0.9033333333333333,1282013.9039512984,76.3282175974801,17.314061399673808,0.0
0.1,3,100,52,TSCP_R,Gaussian,cqr,capped,0.7,0.0,0.9016666666666666,2905.6072554141483,17.670709985306562,,0.0010004043579101562
0.1,3,100,52,Unscaled,Gaussian,cqr,raw,0.7,0.0,0.8766666666666667,3205.18854704246,14.996523264216533,,0.0
0.1,3,100,52,Empirical_copula,Gaussian,cqr,raw,0.7,0.0,0.8816666666666667,2358.534485130606,16.387056624384417,,0.0009996891021728516
0.1,3,100,53,CQHR,Gaussian,cqr,native,0.7,0.0,0.9366666666666666,6233034.397865561,124.44015584579104,24.284905984937108,0.0
0.1,3,100,53,TSCP_R,Gaussian,cqr,capped,0.7,0.0,0.9666666666666667,5577.0945881349435,20.557197574175493,,0.0
0.1,3,100,53,Unscaled,Gaussian,cqr,raw,0.7,0.0,0.9533333333333334,5322.7738870823705,17.70226552845442,,0.0
0.1,3,100,53,Empirical_copula,Gaussian,cqr,raw,0.7,0.0,0.9433333333333334,4523.020347889087,19.3709116222706,,0.0010097026824951172
0.1,3,100,54,CQHR,Gaussian,cqr,native,0.7,0.0,0.92,8193837.483101597,110.55955835074592,17.464396873702444,0.00099945068359375
0.1,3,100,54,TSCP_R,Gaussian,cqr,capped,0.7,0.0,0.9433333333333334,3336.5395985358696,16.399355064212607,,0.00099945068359375
0.1,3,100,54,Unscaled,Gaussian,cqr,raw,0.7,0.0,0.9133333333333333,2883.8298067438604,14.378421703404507,,0.0
0.1,3,100,54,Empirical_copula,Gaussian,cqr,raw,0.7,0.0,0.92,3259.6141904964484,16.29305545121024,,0.0009996891021728516
0.1,3,100,55,CQHR,Gaussian,cqr,native,0.7,0.0,0.8466666666666667,2858338.9508746685,66.94959830825802,11.742830695850074,0.0
0.1,3,100,55,TSCP_R,Gaussian,cqr,capped,0.7,0.0,0.8933333333333333,2656.172397958463,15.92154463729892,,0.0009989738464355469
0.1,3,100,55,Unscaled,Gaussian,cqr,raw,0.7,0.0,0.8583333333333333,2124.646974427695,13.052630845386535,,0.0
0.1,3,100,55,Empirical_copula,Gaussian,cqr,raw,0.7,0.0,0.8433333333333334,2136.482180659343,14.84332605798035,,0.0010082721710205078
0.1,3,100,56,CQHR,Gaussian,cqr,native,0.7,0.0,0.9266666666666666,55669366.276725195,210.39812697922264,22.052937813182332,0.0
0.1,3,100,56,TSCP_R,Gaussian,cqr,capped,0.7,0.0,0.8716666666666667,2137.6807151543303,14.347204454833566,,0.0010037422180175781
0.1,3,100,56,Unscaled,Gaussian,cqr,raw,0.7,0.0,0.8733333333333333,2566.5692964305813,13.978591473955687,,0.0
0.1,3,100,56,Empirical_copula,Gaussian,cqr,raw,0.7,0.0,0.8633333333333333,2035.1552015387135,14.283589512256636,,0.0009996891021728516
0.1,3,100,57,CQHR,Gaussian,cqr,native,0.7,0.0,0.9033333333333333,3348294.4400506765,80.61450624777314,17.98412554202073,0.0
0.1,3,100,57,TSCP_R,Gaussian,cqr,capped,0.7,0.0,0.885,2152.1177819219893,14.417079310491323,,0.0009996891021728516
0.1,3,100,57,Unscaled,Gaussian,cqr,raw,0.7,0.0,0.845,1910.728802962858,12.662615912560288,,0.0
0.1,3,100,57,Empirical_copula,Gaussian,cqr,raw,0.7,0.0,0.8283333333333334,1606.8274841455031,14.151247115492836,,0.0009951591491699219
0.1,3,100,58,CQHR,Gaussian,cqr,native,0.7,0.0,0.9216666666666666,18119626.53055859,126.22781559592433,20.697242417345112,0.0
0.1,3,100,58,TSCP_R,Gaussian,cqr,capped,0.7,0.0,0.8916666666666667,1877.4425629839682,16.469552553447798,,0.0010013580322265625
0.1,3,100,58,Unscaled,Gaussian,cqr,raw,0.7,0.0,0.93,3165.9422693172655,14.830825758332052,,0.0
0.1,3,100,58,Empirical_copula,Gaussian,cqr,raw,0.7,0.0,0.8883333333333333,1773.8960035708074,15.948175383642901,,0.0010106563568115234
0.1,3,100,59,CQHR,Gaussian,cqr,native,0.7,0.0,0.9066666666666666,6343982.491632804,115.8027384114303,19.315363910973804,0.0
0.1,3,100,59,TSCP_R,Gaussian,cqr,capped,0.7,0.0,0.8816666666666667,2249.6983679009513,14.833771540470767,,0.002000093460083008
0.1,3,100,59,Unscaled,Gaussian,cqr,raw,0.7,0.0,0.8566666666666667,1922.7849222699397,12.685074876101138,,0.0
0.1,3,100,59,Empirical_copula,Gaussian,cqr,raw,0.7,0.0,0.8783333333333333,2259.117310737909,15.351402436619086,,0.0
0.1,3,100,60,CQHR,Gaussian,cqr,native,0.7,0.0,0.9,30148141.28409788,264.76093705987097,16.09590931764226,0.0
0.1,3,100,60,TSCP_R,Gaussian,cqr,capped,0.7,0.0,0.895,2523.4512934331074,15.912984266475624,,0.0010001659393310547
0.1,3,100,60,Unscaled,Gaussian,cqr,raw,0.7,0.0,0.8983333333333333,2940.8659225759884,14.51491949590515,,0.0
0.1,3,100,60,Empirical_copula,Gaussian,cqr,raw,0.7,0.0,0.88,2161.285694972459,14.91635428683775,,0.0009999275207519531
0.1,3,100,61,CQHR,Gaussian,cqr,native,0.7,0.0,0.8283333333333334,2974519.9628419653,78.99079530253132,10.340063774047469,0.000993490219116211
0.1,3,100,61,TSCP_R,Gaussian,cqr,capped,0.7,0.0,0.9066666666666666,2572.18527861348,15.239515201321323,,0.0010073184967041016
0.1,3,100,61,Unscaled,Gaussian,cqr,raw,0.7,0.0,0.8933333333333333,2750.610003206216,14.173858776668707,,0.0
0.1,3,100,61,Empirical_copula,Gaussian,cqr,raw,0.7,0.0,0.8616666666666667,2307.2147684407846,14.771394480676857,,0.0009996891021728516
0.1,3,100,62,CQHR,Gaussian,cqr,native,0.7,0.0,0.94,9907435143.677877,795.7926951468759,34.42138878046092,0.0
0.1,3,100,62,TSCP_R,Gaussian,cqr,capped,0.7,0.0,0.895,2205.4265837169874,14.470266946241406,,0.0010018348693847656
0.1,3,100,62,Unscaled,Gaussian,cqr,raw,0.7,0.0,0.9066666666666666,2619.7293810072356,13.947477634144374,,0.0
0.1,3,100,62,Empirical_copula,Gaussian,cqr,raw,0.7,0.0,0.8933333333333333,2294.9739651657155,14.24714879827295,,0.0009999275207519531
0.1,3,100,63,CQHR,Gaussian,cqr,native,0.7,0.0,0.8216666666666667,260139.8152120545,48.138688141890015,10.16705054999322,0.001001119613647461
0.1,3,100,63,TSCP_R,Gaussian,cqr,capped,0.7,0.0,0.8583333333333333,2173.588647482668,15.1766231793173,,0.0010094642639160156
0.1,3,100,63,Unscaled,Gaussian,cqr,raw,0.7,0.0,0.885,3031.6894853545687,14.72474538805611,,0.0
0.1,3,100,63,Empirical_copula,Gaussian,cqr,raw,0.7,0.0,0.8566666666666667,2067.5651870939805,15.38714710722922,,0.0009965896606445312
0.1,3,100,64,CQHR,Gaussian,cqr,native,0.7,0.0,0.9066666666666666,163506381.18999436,295.958557183931,20.674410639038243,0.0
0.1,3,100,64,TSCP_R,Gaussian,cqr,capped,0.7,0.0,0.9083333333333333,2992.6952208339576,17.13297506532888,,0.0009922981262207031
0.1,3,100,64,Unscaled,Gaussian,cqr,raw,0.7,0.0,0.9183333333333333,3881.961711837617,15.891517009229219,,0.0
0.1,3,100,64,Empirical_copula,Gaussian,cqr,raw,0.7,0.0,0.8816666666666667,2243.991860791176,17.070584135681433,,0.0010085105895996094
0.1,3,100,65,CQHR,Gaussian,cqr,native,0.7,0.0,0.9316666666666666,1946712.5528445188,105.51534621991239,22.60047932528071,0.0
0.1,3,100,65,TSCP_R,Gaussian,cqr,capped,0.7,0.0,0.8816666666666667,2523.4452431661884,18.79995135914042,,0.0009927749633789062
0.1,3,100,65,Unscaled,Gaussian,cqr,raw,0.7,0.0,0.9166666666666666,3216.972095975248,14.910594592522303,,0.0
0.1,3,100,65,Empirical_copula,Gaussian,cqr,raw,0.7,0.0,0.8733333333333333,2586.061823086698,20.29486260677449,,0.0009996891021728516
0.1,3,100,66,CQHR,Gaussian,cqr,native,0.7,0.0,0.9233333333333333,12202032.295918442,141.8926868461689,24.300473872419197,0.0010001659393310547
0.1,3,100,66,TSCP_R,Gaussian,cqr,capped,0.7,0.0,0.845,1678.3672282862492,15.323581883042152,,0.0009984970092773438
0.1,3,100,66,Unscaled,Gaussian,cqr,raw,0.7,0.0,0.8716666666666667,2641.0134023226788,13.980362678013115,,0.0
0.1,3,100,66,Empirical_copula,Gaussian,cqr,raw,0.7,0.0,0.805,1425.0431927011693,14.79356675691866,,0.0009999275207519531
0.1,3,100,67,CQHR,Gaussian,cqr,native,0.7,0.0,0.93,27079673.212881166,185.47758392229852,24.597753174183392,0.0
0.1,3,100,67,TSCP_R,Gaussian,cqr,capped,0.7,0.0,0.9183333333333333,2482.1831437063342,17.30192860325308,,0.0019931793212890625
0.1,3,100,67,Unscaled,Gaussian,cqr,raw,0.7,0.0,0.9,3097.664616821871,14.809949020296965,,0.0
0.1,3,100,67,Empirical_copula,Gaussian,cqr,raw,0.7,0.0,0.9083333333333333,2262.893230898921,17.251080731524905,,0.0
0.1,3,100,68,CQHR,Gaussian,cqr,native,0.7,0.0,0.9233333333333333,8982095881.868706,810.9385540527803,19.651382296387037,0.0
0.1,3,100,68,TSCP_R,Gaussian,cqr,capped,0.7,0.0,0.885,2058.264816961323,14.955678580848769,,0.0010082721710205078
0.1,3,100,68,Unscaled,Gaussian,cqr,raw,0.7,0.0,0.8983333333333333,2850.890072955671,14.373678213284508,,0.0
0.1,3,100,68,Empirical_copula,Gaussian,cqr,raw,0.7,0.0,0.8833333333333333,2023.1152208415128,14.686093313423171,,0.0009984970092773438
0.1,3,100,69,CQHR,Gaussian,cqr,native,0.7,0.0,0.8716666666666667,34576149.46288193,156.21596965858254,17.455363593510615,0.0
0.1,3,100,69,TSCP_R,Gaussian,cqr,capped,0.7,0.0,0.9033333333333333,2823.7602758068706,16.987898292279482,,0.0009927749633789062
0.1,3,100,69,Unscaled,Gaussian,cqr,raw,0.7,0.0,0.8966666666666666,2711.4286169980637,14.271198884111728,,0.0
0.1,3,100,69,Empirical_copula,Gaussian,cqr,raw,0.7,0.0,0.8283333333333334,1947.5074286366018,16.93060226066863,,0.0010006427764892578
0.1,3,100,70,CQHR,Gaussian,cqr,native,0.7,0.0,0.9116666666666666,247164326.43408382,270.1519290646383,23.152684751721946,0.0
0.1,3,100,70,TSCP_R,Gaussian,cqr,capped,0.7,0.0,0.8983333333333333,2286.555646705686,15.765109664009382,,0.000997304916381836
0.1,3,100,70,Unscaled,Gaussian,cqr,raw,0.7,0.0,0.8866666666666667,2564.774850337585,13.819947848795573,,0.0
0.1,3,100,70,Empirical_copula,Gaussian,cqr,raw,0.7,0.0,0.8816666666666667,2017.814170543816,14.72025512550627,,0.0009996891021728516
0.1,3,100,71,CQHR,Gaussian,cqr,native,0.7,0.0,0.94,22757367.934010927,174.187875345223,28.191571457476016,0.0
0.1,3,100,71,TSCP_R,Gaussian,cqr,capped,0.7,0.0,0.8583333333333333,1545.1784377317806,15.36451309236237,,0.0010485649108886719
0.1,3,100,71,Unscaled,Gaussian,cqr,raw,0.7,0.0,0.895,2463.280889912196,13.777500636093786,,0.0
0.1,3,100,71,Empirical_copula,Gaussian,cqr,raw,0.7,0.0,0.815,1401.6225680722441,16.61760935819809,,0.0012962818145751953
0.1,3,100,72,CQHR,Gaussian,cqr,native,0.7,0.0,0.9316666666666666,24732257.437159885,168.22194859804762,26.11337515797713,0.0
0.1,3,100,72,TSCP_R,Gaussian,cqr,capped,0.7,0.0,0.905,2690.3238049519723,15.27114807714389,,0.000997781753540039
0.1,3,100,72,Unscaled,Gaussian,cqr,raw,0.7,0.0,0.905,3161.099225111509,14.828718481880694,,0.0
0.1,3,100,72,Empirical_copula,Gaussian,cqr,raw,0.7,0.0,0.8933333333333333,2301.0879528214177,14.828718481820388,,0.0009996891021728516
0.1,3,100,73,CQHR,Gaussian,cqr,native,0.7,0.0,0.8566666666666667,51040447.55708932,127.6169347218591,12.909083939627681,0.0009999275207519531
0.1,3,100,73,TSCP_R,Gaussian,cqr,capped,0.7,0.0,0.9116666666666666,2255.8538430673398,16.612530987586695,,0.0009930133819580078
0.1,3,100,73,Unscaled,Gaussian,cqr,raw,0.7,0.0,0.905,2707.9355756132577,14.258862952507725,,0.0
0.1,3,100,73,Empirical_copula,Gaussian,cqr,raw,0.7,0.0,0.9,2095.3851119578017,15.04262069263588,,0.001007080078125
0.1,3,100,74,CQHR,Gaussian,cqr,native,0.7,0.0,0.93,234505383833.94144,5923.1451816900435,27.324247323306995,0.0
0.1,3,100,74,TSCP_R,Gaussian,cqr,capped,0.7,0.0,0.8566666666666667,1684.702944906182,14.466746598602919,,0.0009958744049072266
0.1,3,100,74,Unscaled,Gaussian,cqr,raw,0.7,0.0,0.87,2391.591449429151,13.595984431883581,,0.0
0.1,3,100,74,Empirical_copula,Gaussian,cqr,raw,0.7,0.0,0.8416666666666667,1543.0214712982881,14.091944271977487,,0.0010008811950683594
0.1,3,100,75,CQHR,Gaussian,cqr,native,0.7,0.0,0.8716666666666667,54846673.64718165,306.4336850906114,13.886653910111816,0.0
0.1,3,100,75,TSCP_R,Gaussian,cqr,capped,0.7,0.0,0.8433333333333334,1705.4098108277622,14.462615954877462,,0.0009996891021728516
0.1,3,100,75,Unscaled,Gaussian,cqr,raw,0.7,0.0,0.855,2311.955917384266,13.401505208355399,,0.0
0.1,3,100,75,Empirical_copula,Gaussian,cqr,raw,0.7,0.0,0.835,1629.5499137766878,14.198994316835782,,0.0010001659393310547
0.1,3,100,76,CQHR,Gaussian,cqr,native,0.7,0.0,0.89,8753719.691422557,110.8543764353342,13.246361055563188,0.0
0.1,3,100,76,TSCP_R,Gaussian,cqr,capped,0.7,0.0,0.8816666666666667,1944.8588351311737,15.839927590663807,,0.0009970664978027344
0.1,3,100,76,Unscaled,Gaussian,cqr,raw,0.7,0.0,0.9033333333333333,2823.0555752388045,14.42407727013487,,0.0
0.1,3,100,76,Empirical_copula,Gaussian,cqr,raw,0.7,0.0,0.87,1746.7005916781811,15.716833962423758,,0.0009996891021728516
0.1,3,100,77,CQHR,Gaussian,cqr,native,0.7,0.0,0.945,81685641.17027836,215.13059739130722,24.209518389599445,0.0
0.1,3,100,77,TSCP_R,Gaussian,cqr,capped,0.7,0.0,0.895,2498.1358879338663,16.19262448928218,,0.0009996891021728516
0.1,3,100,77,Unscaled,Gaussian,cqr,raw,0.7,0.0,0.8916666666666667,2906.8083465141503,14.436963337615143,,0.0
0.1,3,100,77,Empirical_copula,Gaussian,cqr,raw,0.7,0.0,0.8416666666666667,1732.7907018952308,14.436963337522778,,0.00099945068359375
0.1,3,100,78,CQHR,Gaussian,cqr,native,0.7,0.0,0.9216666666666666,58258815.25606261,195.61038584011823,21.25986098650595,0.0
0.1,3,100,78,TSCP_R,Gaussian,cqr,capped,0.7,0.0,0.885,2365.0789098799364,15.187238578354169,,0.001016378402709961
0.1,3,100,78,Unscaled,Gaussian,cqr,raw,0.7,0.0,0.88,2452.631556264856,13.681402179235665,,0.0
0.1,3,100,78,Empirical_copula,Gaussian,cqr,raw,0.7,0.0,0.88,2161.5203727303515,15.10540695416782,,0.0009903907775878906
0.1,3,100,79,CQHR,Gaussian,cqr,native,0.7,0.0,0.9233333333333333,68381157.20979322,203.1266173614865,20.13983770811613,0.0
0.1,3,100,79,TSCP_R,Gaussian,cqr,capped,0.7,0.0,0.935,2939.261284490231,17.906743848017662,,0.0010013580322265625
0.1,3,100,79,Unscaled,Gaussian,cqr,raw,0.7,0.0,0.945,4500.977375453261,16.703866103428307,,0.0
0.1,3,100,79,Empirical_copula,Gaussian,cqr,raw,0.7,0.0,0.9233333333333333,2578.822117143614,17.757708619918308,,0.0010006427764892578
0.1,3,100,80,CQHR,Gaussian,cqr,native,0.7,0.0,0.9,6238901.814325457,132.0826239560528,22.24782433340706,0.0
0.1,3,100,80,TSCP_R,Gaussian,cqr,capped,0.7,0.0,0.8683333333333333,1995.1444781527653,16.089786477276434,,0.000997781753540039
0.1,3,100,80,Unscaled,Gaussian,cqr,raw,0.7,0.0,0.8816666666666667,2469.55928911719,13.804024040459332,,0.0
0.1,3,100,80,Empirical_copula,Gaussian,cqr,raw,0.7,0.0,0.8633333333333333,1885.4404730473211,16.019255308192005,,0.0009961128234863281
0.1,3,100,81,CQHR,Gaussian,cqr,native,0.7,0.0,0.8516666666666667,289373.170285636,59.52058969127937,11.477999917954675,0.0
0.1,3,100,81,TSCP_R,Gaussian,cqr,capped,0.7,0.0,0.8733333333333333,1864.8914843781101,14.093029077140436,,0.0009992122650146484
0.1,3,100,81,Unscaled,Gaussian,cqr,raw,0.7,0.0,0.8433333333333334,1855.0635238741997,12.563843797178583,,0.0
0.1,3,100,81,Empirical_copula,Gaussian,cqr,raw,0.7,0.0,0.855,1528.562537019736,14.04584927100305,,0.0010089874267578125
0.1,3,100,82,CQHR,Gaussian,cqr,native,0.7,0.0,0.9333333333333333,170162134.60379136,368.6440597242728,39.646388324211955,0.0
0.1,3,100,82,TSCP_R,Gaussian,cqr,capped,0.7,0.0,0.895,2231.081850069929,15.850719284441745,,0.0009989738464355469
0.1,3,100,82,Unscaled,Gaussian,cqr,raw,0.7,0.0,0.8733333333333333,2271.785836686321,13.422652688298834,,0.0
0.1,3,100,82,Empirical_copula,Gaussian,cqr,raw,0.7,0.0,0.87,1871.3139004752948,15.843196751405449,,0.0010080337524414062
0.1,3,100,83,CQHR,Gaussian,cqr,native,0.7,0.0,0.8833333333333333,33287014.388961855,149.8304262394618,18.856485745706806,0.0
0.1,3,100,83,TSCP_R,Gaussian,cqr,capped,0.7,0.0,0.8566666666666667,1746.9664997766752,17.46440938030417,,0.0009999275207519531
0.1,3,100,83,Unscaled,Gaussian,cqr,raw,0.7,0.0,0.895,3099.9632154260767,14.919654640222445,,0.0
0.1,3,100,83,Empirical_copula,Gaussian,cqr,raw,0.7,0.0,0.8383333333333334,1560.6356690577593,16.867918090617405,,0.0009999275207519531
0.1,3,100,84,CQHR,Gaussian,cqr,native,0.7,0.0,0.8716666666666667,1996988.440397469,85.05021223305113,13.98936125462439,0.0
0.1,3,100,84,TSCP_R,Gaussian,cqr,capped,0.7,0.0,0.8583333333333333,1952.6912640438154,14.163102258939361,,0.0009999275207519531
0.1,3,100,84,Unscaled,Gaussian,cqr,raw,0.7,0.0,0.835,1931.2381976568272,12.624081302703624,,0.0
0.1,3,100,84,Empirical_copula,Gaussian,cqr,raw,0.7,0.0,0.8216666666666667,1704.3171291900667,14.120367260729578,,0.0010001659393310547
0.1,3,100,85,CQHR,Gaussian,cqr,native,0.7,0.0,0.9166666666666666,11167355.616406398,132.6594092726725,24.364522475722534,0.0
0.1,3,100,85,TSCP_R,Gaussian,cqr,capped,0.7,0.0,0.8966666666666666,2369.3747820696203,17.096960334345173,,0.001008749008178711
0.1,3,100,85,Unscaled,Gaussian,cqr,raw,0.7,0.0,0.8766666666666667,2424.7594667830085,13.642757197556413,,0.0
0.1,3,100,85,Empirical_copula,Gaussian,cqr,raw,0.7,0.0,0.88,2018.343973831127,14.9136707449144,,0.00099945068359375
0.1,3,100,86,CQHR,Gaussian,cqr,native,0.7,0.0,0.92,22480806.696424738,141.90534100376829,18.247509021105152,0.0
0.1,3,100,86,TSCP_R,Gaussian,cqr,capped,0.7,0.0,0.865,1658.4002160160148,15.935141252318685,,0.0009949207305908203
0.1,3,100,86,Unscaled,Gaussian,cqr,raw,0.7,0.0,0.9133333333333333,2737.4800006601354,14.225825027951405,,0.0
0.1,3,100,86,Empirical_copula,Gaussian,cqr,raw,0.7,0.0,0.8216666666666667,1362.6855051808586,15.476279376868666,,0.0009958744049072266
0.1,3,100,87,CQHR,Gaussian,cqr,native,0.7,0.0,0.9033333333333333,1971041.5586667336,87.74280098931337,18.63778342559146,0.0009996891021728516
0.1,3,100,87,TSCP_R,Gaussian,cqr,capped,0.7,0.0,0.9283333333333333,3014.205387808443,17.063472149021067,,0.0009996891021728516
0.1,3,100,87,Unscaled,Gaussian,cqr,raw,0.7,0.0,0.9283333333333333,3748.9606067183686,15.785084977712414,,0.0
0.1,3,100,87,Empirical_copula,Gaussian,cqr,raw,0.7,0.0,0.915,2496.0615856603736,16.731855180352376,,0.0
0.1,3,100,88,CQHR,Gaussian,cqr,native,0.7,0.0,0.93,73410808.29952309,198.32575044093812,27.332288240662052,0.000993967056274414
0.1,3,100,88,TSCP_R,Gaussian,cqr,capped,0.7,0.0,0.91,2937.309127651645,17.80241491075758,,0.0010063648223876953
0.1,3,100,88,Unscaled,Gaussian,cqr,raw,0.7,0.0,0.925,4179.7115743431295,16.35150156273866,,0.0
0.1,3,100,88,Empirical_copula,Gaussian,cqr,raw,0.7,0.0,0.91,2954.9417983348644,17.01294305103543,,0.0009996891021728516
0.1,3,100,89,CQHR,Gaussian,cqr,native,0.7,0.0,0.9116666666666666,1656011.5775186738,89.37500098057151,20.50550408567369,0.0
0.1,3,100,89,TSCP_R,Gaussian,cqr,capped,0.7,0.0,0.8916666666666667,1854.746314804703,16.752633253800553,,0.0009982585906982422
0.1,3,100,89,Unscaled,Gaussian,cqr,raw,0.7,0.0,0.8833333333333333,2362.8389149531,13.66431387650555,,0.0
0.1,3,100,89,Empirical_copula,Gaussian,cqr,raw,0.7,0.0,0.8666666666666667,1689.6521947157125,15.062055920789996,,0.0010073184967041016
0.1,3,100,90,CQHR,Gaussian,cqr,native,0.7,0.0,0.82,138428425.51739302,160.2908473039523,10.400949403396321,0.0
0.1,3,100,90,TSCP_R,Gaussian,cqr,capped,0.7,0.0,0.8766666666666667,2286.995462149349,15.00079740512784,,0.0010042190551757812
0.1,3,100,90,Unscaled,Gaussian,cqr,raw,0.7,0.0,0.885,2640.5434988134507,14.078766847364232,,0.0
0.1,3,100,90,Empirical_copula,Gaussian,cqr,raw,0.7,0.0,0.865,1950.1540419478772,14.941012742411912,,0.0009965896606445312
0.1,3,100,91,CQHR,Gaussian,cqr,native,0.7,0.0,0.9033333333333333,8081163.259278765,118.11080160809577,18.622252125128107,0.0
0.1,3,100,91,TSCP_R,Gaussian,cqr,capped,0.7,0.0,0.845,1706.8839934630043,14.286251533614902,,0.0010001659393310547
0.1,3,100,91,Unscaled,Gaussian,cqr,raw,0.7,0.0,0.8466666666666667,1920.8420476418796,12.594576040182197,,0.0
0.1,3,100,91,Empirical_copula,Gaussian,cqr,raw,0.7,0.0,0.8333333333333334,1616.1366338708065,13.826882923681241,,0.0009942054748535156
0.1,3,100,92,CQHR,Gaussian,cqr,native,0.7,0.0,0.8533333333333334,1659597.192157642,65.14693884844164,11.449911714792105,0.0
0.1,3,100,92,TSCP_R,Gaussian,cqr,capped,0.7,0.0,0.905,3144.7926322888366,17.90470286500893,,0.0010004043579101562
0.1,3,100,92,Unscaled,Gaussian,cqr,raw,0.7,0.0,0.8883333333333333,2922.1541966841414,14.413082318433514,,0.0
0.1,3,100,92,Empirical_copula,Gaussian,cqr,raw,0.7,0.0,0.885,2622.6657462876638,15.2015391761722,,0.0009999275207519531
0.1,3,100,93,CQHR,Gaussian,cqr,native,0.7,0.0,0.8916666666666667,10564279.34021856,133.78225084420936,18.237872494607263,0.0
0.1,3,100,93,TSCP_R,Gaussian,cqr,capped,0.7,0.0,0.9416666666666667,3577.8096360148697,19.226229326313817,,0.001001119613647461
0.1,3,100,93,Unscaled,Gaussian,cqr,raw,0.7,0.0,0.9433333333333334,4372.765387302474,16.481340133066507,,0.0
0.1,3,100,93,Empirical_copula,Gaussian,cqr,raw,0.7,0.0,0.91,2956.7205474406237,18.879676549436667,,0.0009992122650146484
0.1,3,100,94,CQHR,Gaussian,cqr,native,0.7,0.0,0.9033333333333333,591428.8024922569,76.70498313699851,19.843356000120977,0.0
0.1,3,100,94,TSCP_R,Gaussian,cqr,capped,0.7,0.0,0.8733333333333333,2308.049079039781,17.65895008172383,,0.0009996891021728516
0.1,3,100,94,Unscaled,Gaussian,cqr,raw,0.7,0.0,0.9033333333333333,3227.4246939540226,14.989221166208809,,0.0
0.1,3,100,94,Empirical_copula,Gaussian,cqr,raw,0.7,0.0,0.9133333333333333,2729.1929467162654,17.189491677177216,,0.0010001659393310547
0.1,3,100,95,CQHR,Gaussian,cqr,native,0.7,0.0,0.9,8925588.779646985,136.1857181195819,21.796985881982305,0.0
0.1,3,100,95,TSCP_R,Gaussian,cqr,capped,0.7,0.0,0.8466666666666667,1705.882694020976,14.0357845661157,,0.0009965896606445312
0.1,3,100,95,Unscaled,Gaussian,cqr,raw,0.7,0.0,0.8683333333333333,2315.488551633368,13.555880421729537,,0.00099945068359375
0.1,3,100,95,Empirical_copula,Gaussian,cqr,raw,0.7,0.0,0.8366666666666667,1545.6792034516488,13.972264299779841,,0.0
0.1,3,100,96,CQHR,Gaussian,cqr,native,0.7,0.0,0.935,5384331.48330989,115.13789880239477,22.35665137147008,0.0
0.1,3,100,96,TSCP_R,Gaussian,cqr,capped,0.7,0.0,0.8616666666666667,1915.4251209737624,15.584597739068652,,0.0010006427764892578
0.1,3,100,96,Unscaled,Gaussian,cqr,raw,0.7,0.0,0.8683333333333333,2624.9949873000273,13.982345725901213,,0.0
0.1,3,100,96,Empirical_copula,Gaussian,cqr,raw,0.7,0.0,0.8266666666666667,1492.9065950411182,14.136444557412327,,0.0010025501251220703
0.1,3,100,97,CQHR,Gaussian,cqr,native,0.7,0.0,0.8866666666666667,6157796.055810752,106.83227471763148,15.952128494445102,0.0
0.1,3,100,97,TSCP_R,Gaussian,cqr,capped,0.7,0.0,0.8733333333333333,2347.127840864978,17.382463389423876,,0.0009996891021728516
0.1,3,100,97,Unscaled,Gaussian,cqr,raw,0.7,0.0,0.9166666666666666,3932.98002181968,16.105668018880408,,0.0010001659393310547
0.1,3,100,97,Empirical_copula,Gaussian,cqr,raw,0.7,0.0,0.8483333333333334,1946.9305087615046,17.082422054449875,,0.0
0.1,3,100,98,CQHR,Gaussian,cqr,native,0.7,0.0,0.9083333333333333,7942206.703007932,147.5251271847119,20.08845989473675,0.0
0.1,3,100,98,TSCP_R,Gaussian,cqr,capped,0.7,0.0,0.8783333333333333,2198.790703637988,15.396275658933742,,0.0020024776458740234
0.1,3,100,98,Unscaled,Gaussian,cqr,raw,0.7,0.0,0.905,2834.7829349746376,14.35169022319743,,0.0
0.1,3,100,98,Empirical_copula,Gaussian,cqr,raw,0.7,0.0,0.8666666666666667,1686.0297378145433,16.985392100480485,,0.0010001659393310547
0.1,3,100,99,CQHR,Gaussian,cqr,native,0.7,0.0,0.9016666666666666,15349631485.31143,1016.1442841694118,22.777943956436307,0.0
0.1,3,100,99,TSCP_R,Gaussian,cqr,capped,0.7,0.0,0.8933333333333333,2178.305365081214,15.103084480085599,,0.0010004043579101562
0.1,3,100,99,Unscaled,Gaussian,cqr,raw,0.7,0.0,0.8966666666666666,2567.783857058467,14.014984194603876,,0.0
0.1,3,100,99,Empirical_copula,Gaussian,cqr,raw,0.7,0.0,0.8833333333333333,1981.5542079874583,14.337195190379543,,0.0019936561584472656
0.1,3,100,0,CQHR,Gaussian,cqr,native,0.5,0.0,0.895,327688.01597186597,37.251524657940266,10.365803634595775,0.0
0.1,3,100,0,TSCP_R,Gaussian,cqr,capped,0.5,0.0,0.83,2147.42377796965,15.396153696559837,,0.0009996891021728516
0.1,3,100,0,Unscaled,Gaussian,cqr,raw,0.5,0.0,0.8766666666666667,2909.2055204360636,14.562847509054714,,0.0
0.1,3,100,0,Empirical_copula,Gaussian,cqr,raw,0.5,0.0,0.8466666666666667,2117.057048116672,14.71710611982909,,0.0010006427764892578
0.1,3,100,1,CQHR,Gaussian,cqr,native,0.5,0.0,0.9433333333333334,1053219.868535064,56.304374011588166,15.81810981794344,0.0
0.1,3,100,1,TSCP_R,Gaussian,cqr,capped,0.5,0.0,0.9316666666666666,3201.252253715085,17.650232268060297,,0.0009996891021728516
0.1,3,100,1,Unscaled,Gaussian,cqr,raw,0.5,0.0,0.9183333333333333,3551.2920495254393,15.488442614648177,,0.0
0.1,3,100,1,Empirical_copula,Gaussian,cqr,raw,0.5,0.0,0.9216666666666666,3321.8349502744077,16.74317277231942,,0.0009999275207519531
0.1,3,100,2,CQHR,Gaussian,cqr,native,0.5,0.0,0.8883333333333333,29274.21596527618,31.285845499764413,12.786342812248847,0.0
0.1,3,100,2,TSCP_R,Gaussian,cqr,capped,0.5,0.0,0.9483333333333334,3455.0498468690575,17.194075336102667,,0.0009984970092773438
0.1,3,100,2,Unscaled,Gaussian,cqr,raw,0.5,0.0,0.905,2885.9412661006,14.725590379022169,,0.0
0.1,3,100,2,Empirical_copula,Gaussian,cqr,raw,0.5,0.0,0.925,2844.8229663291972,17.342296696698575,,0.0
0.1,3,100,3,CQHR,Gaussian,cqr,native,0.5,0.0,0.8466666666666667,24106.9121527216,26.54915958533141,7.62424150523632,0.0
0.1,3,100,3,TSCP_R,Gaussian,cqr,capped,0.5,0.0,0.8866666666666667,2567.9342636283686,17.067721485283798,,0.000993967056274414
0.1,3,100,3,Unscaled,Gaussian,cqr,raw,0.5,0.0,0.905,3608.723127915155,15.475152577011055,,0.0
0.1,3,100,3,Empirical_copula,Gaussian,cqr,raw,0.5,0.0,0.8766666666666667,2467.3608388999965,16.27230926828885,,0.0010008811950683594
0.1,3,100,4,CQHR,Gaussian,cqr,native,0.5,0.0,0.955,271978.57906261407,63.283168855506375,24.63764815926394,0.0
0.1,3,100,4,TSCP_R,Gaussian,cqr,capped,0.5,0.0,0.9166666666666666,3538.144320055815,17.645273827740066,,0.0009992122650146484
0.1,3,100,4,Unscaled,Gaussian,cqr,raw,0.5,0.0,0.915,3768.303765016622,15.873521600490239,,0.0009999275207519531
0.1,3,100,4,Empirical_copula,Gaussian,cqr,raw,0.5,0.0,0.905,3308.4280923304036,18.576715870376617,,0.0
0.1,3,100,5,CQHR,Gaussian,cqr,native,0.5,0.0,0.925,394118.1291778131,52.0950803234469,15.796827663721299,0.0
0.1,3,100,5,TSCP_R,Gaussian,cqr,capped,0.5,0.0,0.915,2612.712965227155,15.065188237089336,,0.0010020732879638672
0.1,3,100,5,Unscaled,Gaussian,cqr,raw,0.5,0.0,0.915,2740.306796047235,14.369462593502012,,0.0
0.1,3,100,5,Empirical_copula,Gaussian,cqr,raw,0.5,0.0,0.915,2741.6657296227795,14.413895556236794,,0.0009999275207519531
0.1,3,100,6,CQHR,Gaussian,cqr,native,0.5,0.0,0.9416666666666667,54416.260765461106,37.04678794005916,12.06068935174857,0.000982046127319336
0.1,3,100,6,TSCP_R,Gaussian,cqr,capped,0.5,0.0,0.8916666666666667,2277.6309382668874,15.045918803238202,,0.0010912418365478516
0.1,3,100,6,Unscaled,Gaussian,cqr,raw,0.5,0.0,0.8833333333333333,2669.8254726800437,14.123597492333031,,0.0
0.1,3,100,6,Empirical_copula,Gaussian,cqr,raw,0.5,0.0,0.88,2314.309762907716,14.207614398748717,,0.0010223388671875
0.1,3,100,7,CQHR,Gaussian,cqr,native,0.5,0.0,0.8466666666666667,50276.77954545372,30.074055369742855,8.520504796993427,0.0009965896606445312
0.1,3,100,7,TSCP_R,Gaussian,cqr,capped,0.5,0.0,0.86,2317.6005118382177,19.076468556454813,,0.0009996891021728516
0.1,3,100,7,Unscaled,Gaussian,cqr,raw,0.5,0.0,0.9183333333333333,3396.596818120194,15.460815171925441,,0.0
0.1,3,100,7,Empirical_copula,Gaussian,cqr,raw,0.5,0.0,0.8366666666666667,2182.1388860739735,20.585278701277865,,0.0009996891021728516
0.1,3,100,8,CQHR,Gaussian,cqr,native,0.5,0.0,0.8666666666666667,321776.1242843237,37.3185856839611,8.775750274886063,0.0
0.1,3,100,8,TSCP_R,Gaussian,cqr,capped,0.5,0.0,0.9433333333333334,4629.162213459625,19.620432409477218,,0.0010025501251220703
0.1,3,100,8,Unscaled,Gaussian,cqr,raw,0.5,0.0,0.93,4343.356541635121,16.537526688700243,,0.0
0.1,3,100,8,Empirical_copula,Gaussian,cqr,raw,0.5,0.0,0.885,2817.0912947848083,18.258029152306563,,0.0009984970092773438
0.1,3,100,9,CQHR,Gaussian,cqr,native,0.5,0.0,0.9533333333333334,250499.14917637766,49.5862303251885,16.014486531115658,0.0
0.1,3,100,9,TSCP_R,Gaussian,cqr,capped,0.5,0.0,0.9233333333333333,3750.4918189373434,18.792860201944013,,0.0010006427764892578
0.1,3,100,9,Unscaled,Gaussian,cqr,raw,0.5,0.0,0.925,4686.703399765314,16.962320156697082,,0.0
0.1,3,100,9,Empirical_copula,Gaussian,cqr,raw,0.5,0.0,0.8916666666666667,2980.152721337158,18.722056933559823,,0.0009999275207519531
0.1,3,100,10,CQHR,Gaussian,cqr,native,0.5,0.0,0.92,195355.60929118967,40.63118200505792,13.284188364811339,0.0
0.1,3,100,10,TSCP_R,Gaussian,cqr,capped,0.5,0.0,0.8533333333333334,2648.065817875713,15.1497198207011,,0.0009949207305908203
0.1,3,100,10,Unscaled,Gaussian,cqr,raw,0.5,0.0,0.8666666666666667,2738.9026149144725,14.347727705448728,,0.0
0.1,3,100,10,Empirical_copula,Gaussian,cqr,raw,0.5,0.0,0.8516666666666667,2252.316868474216,14.068974187429058,,0.0009996891021728516
0.1,3,100,11,CQHR,Gaussian,cqr,native,0.5,0.0,0.8883333333333333,45321.11065799975,32.44559549444057,10.069722479240522,0.0
0.1,3,100,11,TSCP_R,Gaussian,cqr,capped,0.5,0.0,0.845,1752.6193136769953,14.35039033205303,,0.0009987354278564453
0.1,3,100,11,Unscaled,Gaussian,cqr,raw,0.5,0.0,0.8466666666666667,1894.6047161980143,12.631648394232842,,0.0
0.1,3,100,11,Empirical_copula,Gaussian,cqr,raw,0.5,0.0,0.8416666666666667,1661.063368081284,13.683082460659937,,0.0009980201721191406
0.1,3,100,12,CQHR,Gaussian,cqr,native,0.5,0.0,0.9583333333333334,94880889.46128516,142.62512475456944,22.30200417726445,0.0
0.1,3,100,12,TSCP_R,Gaussian,cqr,capped,0.5,0.0,0.9116666666666666,2625.6645668215338,15.49218545370182,,0.0010004043579101562
0.1,3,100,12,Unscaled,Gaussian,cqr,raw,0.5,0.0,0.8916666666666667,2732.3830206982666,14.477761937927038,,0.0
0.1,3,100,12,Empirical_copula,Gaussian,cqr,raw,0.5,0.0,0.9066666666666666,2639.6535305409793,15.431624361261605,,0.0009989738464355469
0.1,3,100,13,CQHR,Gaussian,cqr,native,0.5,0.0,0.915,564491.8646817057,41.59162325628421,12.496408183308366,0.0
0.1,3,100,13,TSCP_R,Gaussian,cqr,capped,0.5,0.0,0.875,2689.7351011154256,15.194707338945888,,0.0009992122650146484
0.1,3,100,13,Unscaled,Gaussian,cqr,raw,0.5,0.0,0.875,2820.058523405798,14.536983451459216,,0.0
0.1,3,100,13,Empirical_copula,Gaussian,cqr,raw,0.5,0.0,0.855,2316.9717855357767,14.523276143783402,,0.0
0.1,3,100,14,CQHR,Gaussian,cqr,native,0.5,0.0,0.94,712715.7866156225,61.80179263046543,18.004081443861075,0.0
0.1,3,100,14,TSCP_R,Gaussian,cqr,capped,0.5,0.0,0.9116666666666666,2893.1350620403,18.70454744612286,,0.0009937286376953125
0.1,3,100,14,Unscaled,Gaussian,cqr,raw,0.5,0.0,0.9,3271.3379862870293,15.077808458375767,,0.0010101795196533203
0.1,3,100,14,Empirical_copula,Gaussian,cqr,raw,0.5,0.0,0.8983333333333333,2662.3253018347095,16.494662065046565,,0.0
0.1,3,100,15,CQHR,Gaussian,cqr,native,0.5,0.0,0.9233333333333333,437213.163955155,49.29901457460539,14.877258732932132,0.0
0.1,3,100,15,TSCP_R,Gaussian,cqr,capped,0.5,0.0,0.9,2706.6843913062517,16.059710040182836,,0.0010042190551757812
0.1,3,100,15,Unscaled,Gaussian,cqr,raw,0.5,0.0,0.8766666666666667,2760.3343105077647,14.274842921586297,,0.0
0.1,3,100,15,Empirical_copula,Gaussian,cqr,raw,0.5,0.0,0.895,2655.389757391675,16.237143079039665,,0.0009968280792236328
0.1,3,100,16,CQHR,Gaussian,cqr,native,0.5,0.0,0.93,408541.06068608584,49.55584863228415,13.812996915558204,0.0
0.1,3,100,16,TSCP_R,Gaussian,cqr,capped,0.5,0.0,0.9,3121.7611422849413,16.439971692308774,,0.0009992122650146484
0.1,3,100,16,Unscaled,Gaussian,cqr,raw,0.5,0.0,0.9066666666666666,3940.1257067221177,15.951377123780778,,0.0
0.1,3,100,16,Empirical_copula,Gaussian,cqr,raw,0.5,0.0,0.8666666666666667,2553.7949571258864,16.38620978307783,,0.0010004043579101562
0.1,3,100,17,CQHR,Gaussian,cqr,native,0.5,0.0,0.9366666666666666,97239965.92362231,184.6449450274342,15.979122322888117,0.0
0.1,3,100,17,TSCP_R,Gaussian,cqr,capped,0.5,0.0,0.8716666666666667,2669.3595317357353,15.893687579344993,,0.0010004043579101562
0.1,3,100,17,Unscaled,Gaussian,cqr,raw,0.5,0.0,0.8816666666666667,3233.9651332358585,15.10865496223148,,0.0
0.1,3,100,17,Empirical_copula,Gaussian,cqr,raw,0.5,0.0,0.855,2290.3275672729997,15.680896162200295,,0.0009996891021728516
0.1,3,100,18,CQHR,Gaussian,cqr,native,0.5,0.0,0.92,479597.7011579011,49.152766071153316,18.201477828023677,0.0
0.1,3,100,18,TSCP_R,Gaussian,cqr,capped,0.5,0.0,0.8466666666666667,1935.8628167673558,14.374073035678885,,0.0009996891021728516
0.1,3,100,18,Unscaled,Gaussian,cqr,raw,0.5,0.0,0.865,2324.4159020151433,13.632492515796061,,0.0
0.1,3,100,18,Empirical_copula,Gaussian,cqr,raw,0.5,0.0,0.8416666666666667,1859.9935583732115,14.326744507088833,,0.0010006427764892578
0.1,3,100,19,CQHR,Gaussian,cqr,native,0.5,0.0,0.925,74220.8150031112,42.33500387110758,16.557900569956477,0.0
0.1,3,100,19,TSCP_R,Gaussian,cqr,capped,0.5,0.0,0.8766666666666667,2552.451744651233,16.146225111899216,,0.001003265380859375
0.1,3,100,19,Unscaled,Gaussian,cqr,raw,0.5,0.0,0.8883333333333333,3276.285752816589,15.268148073423985,,0.0
0.1,3,100,19,Empirical_copula,Gaussian,cqr,raw,0.5,0.0,0.8683333333333333,2357.700057558568,15.614345403175646,,0.0009968280792236328
0.1,3,100,20,CQHR,Gaussian,cqr,native,0.5,0.0,0.8883333333333333,79669.66350690449,34.216716569387884,11.051250982884048,0.0
0.1,3,100,20,TSCP_R,Gaussian,cqr,capped,0.5,0.0,0.8783333333333333,2564.565511877047,16.13935456722957,,0.0009961128234863281
0.1,3,100,20,Unscaled,Gaussian,cqr,raw,0.5,0.0,0.8783333333333333,2830.1067313107988,14.386566028168158,,0.0
0.1,3,100,20,Empirical_copula,Gaussian,cqr,raw,0.5,0.0,0.8316666666666667,2297.9499227845495,17.709847025742143,,0.0009975433349609375
0.1,3,100,21,CQHR,Gaussian,cqr,native,0.5,0.0,0.8966666666666666,40065.96362050608,32.024426545313574,11.225386993169863,0.0
0.1,3,100,21,TSCP_R,Gaussian,cqr,capped,0.5,0.0,0.8266666666666667,1991.2340476462955,15.115477205240097,,0.0009999275207519531
0.1,3,100,21,Unscaled,Gaussian,cqr,raw,0.5,0.0,0.815,2071.894147135259,12.928883425779505,,0.0
0.1,3,100,21,Empirical_copula,Gaussian,cqr,raw,0.5,0.0,0.8216666666666667,1811.3433799103718,15.50507526199365,,0.0
0.1,3,100,22,CQHR,Gaussian,cqr,native,0.5,0.0,0.855,58965.07289791749,28.47752735369384,9.565217493779368,0.0
0.1,3,100,22,TSCP_R,Gaussian,cqr,capped,0.5,0.0,0.94,4136.776226867777,21.135240331802553,,0.0
0.1,3,100,22,Unscaled,Gaussian,cqr,raw,0.5,0.0,0.94,4618.43085696522,17.079296664516576,,0.0
0.1,3,100,22,Empirical_copula,Gaussian,cqr,raw,0.5,0.0,0.8933333333333333,2831.5163103624723,18.65214824642711,,0.0
0.1,3,100,23,CQHR,Gaussian,cqr,native,0.5,0.0,0.915,41790.63502182353,34.365735037962835,13.219926291410973,0.0
0.1,3,100,23,TSCP_R,Gaussian,cqr,capped,0.5,0.0,0.97,5740.749264044404,20.402830805065932,,0.0010004043579101562
0.1,3,100,23,Unscaled,Gaussian,cqr,raw,0.5,0.0,0.9733333333333334,6435.677798467209,18.8847352299002,,0.0
0.1,3,100,23,Empirical_copula,Gaussian,cqr,raw,0.5,0.0,0.965,5556.23913127191,20.00239842480429,,0.0010018348693847656
0.1,3,100,24,CQHR,Gaussian,cqr,native,0.5,0.0,0.825,198428.01100583625,28.41408076917869,8.703064917860278,0.0
0.1,3,100,24,TSCP_R,Gaussian,cqr,capped,0.5,0.0,0.9166666666666666,3102.7090799952207,17.498018317072933,,0.0009999275207519531
0.1,3,100,24,Unscaled,Gaussian,cqr,raw,0.5,0.0,0.925,3933.548350595173,16.298446691047822,,0.0
0.1,3,100,24,Empirical_copula,Gaussian,cqr,raw,0.5,0.0,0.8983333333333333,2769.8410459100824,16.60673572987975,,0.0010004043579101562
0.1,3,100,25,CQHR,Gaussian,cqr,native,0.5,0.0,0.9433333333333334,128358.71186213757,47.8267321318133,16.777745496193877,0.0
0.1,3,100,25,TSCP_R,Gaussian,cqr,capped,0.5,0.0,0.8833333333333333,3003.676400357803,18.433063288050654,,0.0010001659393310547
0.1,3,100,25,Unscaled,Gaussian,cqr,raw,0.5,0.0,0.875,2738.8173791617146,14.144702145966011,,0.0
0.1,3,100,25,Empirical_copula,Gaussian,cqr,raw,0.5,0.0,0.87,2439.703427890487,15.513387617694015,,0.000993967056274414
0.1,3,100,26,CQHR,Gaussian,cqr,native,0.5,0.0,0.9483333333333334,843950.2764710016,70.09692326581371,22.98143834324592,0.0
0.1,3,100,26,TSCP_R,Gaussian,cqr,capped,0.5,0.0,0.88,2359.897136980023,16.030065506063057,,0.0009999275207519531
0.1,3,100,26,Unscaled,Gaussian,cqr,raw,0.5,0.0,0.8683333333333333,2732.2399250174044,14.221290166769414,,0.0
0.1,3,100,26,Empirical_copula,Gaussian,cqr,raw,0.5,0.0,0.8566666666666667,2066.626285049543,15.981737761872228,,0.0
0.1,3,100,27,CQHR,Gaussian,cqr,native,0.5,0.0,0.89,622816.8744766932,40.46865093099656,12.256594617965648,0.0010137557983398438
0.1,3,100,27,TSCP_R,Gaussian,cqr,capped,0.5,0.0,0.8766666666666667,2317.207457678184,14.25748674491622,,0.0009887218475341797
0.1,3,100,27,Unscaled,Gaussian,cqr,raw,0.5,0.0,0.8716666666666667,2471.3595385009744,13.867164942561597,,0.0
0.1,3,100,27,Empirical_copula,Gaussian,cqr,raw,0.5,0.0,0.8516666666666667,2006.470816942957,14.09221855475546,,0.0010099411010742188
0.1,3,100,28,CQHR,Gaussian,cqr,native,0.5,0.0,0.93,152417.39150070955,44.863390529596494,14.453045385326051,0.0
0.1,3,100,28,TSCP_R,Gaussian,cqr,capped,0.5,0.0,0.8866666666666667,2581.5399915025105,17.891424171067197,,0.000993967056274414
0.1,3,100,28,Unscaled,Gaussian,cqr,raw,0.5,0.0,0.88,3041.729441499114,14.73857606765889,,0.0
0.1,3,100,28,Empirical_copula,Gaussian,cqr,raw,0.5,0.0,0.8566666666666667,2262.447990160084,16.489675021364693,,0.0009996891021728516
0.1,3,100,29,CQHR,Gaussian,cqr,native,0.5,0.0,0.9066666666666666,662035.6973641701,41.373108234760664,11.313506776284122,0.0
0.1,3,100,29,TSCP_R,Gaussian,cqr,capped,0.5,0.0,0.9016666666666666,2701.053444144328,16.797388608235675,,0.00099945068359375
0.1,3,100,29,Unscaled,Gaussian,cqr,raw,0.5,0.0,0.9283333333333333,4355.9510148433965,16.72499771280998,,0.0
0.1,3,100,29,Empirical_copula,Gaussian,cqr,raw,0.5,0.0,0.82,1919.7513175127342,17.5062308258468,,0.0009925365447998047
0.1,3,100,30,CQHR,Gaussian,cqr,native,0.5,0.0,0.87,16845.506498223793,26.52097024879043,9.996217451309256,0.0
0.1,3,100,30,TSCP_R,Gaussian,cqr,capped,0.5,0.0,0.9616666666666667,4669.082060812268,18.68918828382193,,0.0010035037994384766
0.1,3,100,30,Unscaled,Gaussian,cqr,raw,0.5,0.0,0.9583333333333334,4888.180305996813,17.391303677041723,,0.0
0.1,3,100,30,Empirical_copula,Gaussian,cqr,raw,0.5,0.0,0.8866666666666667,2994.3149343736295,17.097857419094986,,0.0010750293731689453
0.1,3,100,31,CQHR,Gaussian,cqr,native,0.5,0.0,0.91,460449.7688779339,45.65442656095165,12.437389314376038,0.0
0.1,3,100,31,TSCP_R,Gaussian,cqr,capped,0.5,0.0,0.875,2561.31821970435,15.5534241491935,,0.0009999275207519531
0.1,3,100,31,Unscaled,Gaussian,cqr,raw,0.5,0.0,0.8766666666666667,3063.036114058357,14.757690105045087,,0.0
0.1,3,100,31,Empirical_copula,Gaussian,cqr,raw,0.5,0.0,0.88,2613.9280980589288,15.732426756204203,,0.0009999275207519531
0.1,3,100,32,CQHR,Gaussian,cqr,native,0.5,0.0,0.9216666666666666,100523.17332270627,38.63783492334193,13.632513769650412,0.0
0.1,3,100,32,TSCP_R,Gaussian,cqr,capped,0.5,0.0,0.8816666666666667,2789.748212455651,16.470319274995592,,0.0009999275207519531
0.1,3,100,32,Unscaled,Gaussian,cqr,raw,0.5,0.0,0.8966666666666666,3520.7668468878924,15.513321635461953,,0.0
0.1,3,100,32,Empirical_copula,Gaussian,cqr,raw,0.5,0.0,0.8766666666666667,2596.8491816040273,16.558475792600174,,0.0009963512420654297
0.1,3,100,33,CQHR,Gaussian,cqr,native,0.5,0.0,0.8533333333333334,37656.41664455889,26.158223758085622,9.024900679658582,0.0
0.1,3,100,33,TSCP_R,Gaussian,cqr,capped,0.5,0.0,0.94,3955.5686834584812,17.340335551235057,,0.0009982585906982422
0.1,3,100,33,Unscaled,Gaussian,cqr,raw,0.5,0.0,0.92,4009.883019697043,16.373492819328163,,0.0
0.1,3,100,33,Empirical_copula,Gaussian,cqr,raw,0.5,0.0,0.9183333333333333,3607.457075752139,17.28879162255366,,0.0010066032409667969
0.1,3,100,34,CQHR,Gaussian,cqr,native,0.5,0.0,0.9216666666666666,75987.43982681222,40.059767655854685,14.962898882385476,0.0
0.1,3,100,34,TSCP_R,Gaussian,cqr,capped,0.5,0.0,0.945,3612.6938274865956,17.555085474061052,,0.001001596450805664
0.1,3,100,34,Unscaled,Gaussian,cqr,raw,0.5,0.0,0.935,3675.062598559038,15.944687803319637,,0.0
0.1,3,100,34,Empirical_copula,Gaussian,cqr,raw,0.5,0.0,0.9316666666666666,2852.9195461468926,16.658468153401405,,0.0010142326354980469
0.1,3,100,35,CQHR,Gaussian,cqr,native,0.5,0.0,0.9033333333333333,650260.8521898215,45.31112069479379,10.879878849068962,0.0
0.1,3,100,35,TSCP_R,Gaussian,cqr,capped,0.5,0.0,0.92,3300.258917024626,16.34725799109341,,0.001001596450805664
0.1,3,100,35,Unscaled,Gaussian,cqr,raw,0.5,0.0,0.91,3370.4167693898917,15.307323874759083,,0.0
0.1,3,100,35,Empirical_copula,Gaussian,cqr,raw,0.5,0.0,0.8816666666666667,2912.3626205158434,14.919109026199475,,0.0010094642639160156
0.1,3,100,36,CQHR,Gaussian,cqr,native,0.5,0.0,0.9016666666666666,25064.593735789735,27.762180473418326,10.405451269209372,0.0
0.1,3,100,36,TSCP_R,Gaussian,cqr,capped,0.5,0.0,0.8966666666666666,2819.0169181274896,15.98567489320094,,0.00099945068359375
0.1,3,100,36,Unscaled,Gaussian,cqr,raw,0.5,0.0,0.9066666666666666,3000.0855077893502,14.921042015891123,,0.0
0.1,3,100,36,Empirical_copula,Gaussian,cqr,raw,0.5,0.0,0.8916666666666667,2666.9996191501837,15.532140719134398,,0.0010001659393310547
0.1,3,100,37,CQHR,Gaussian,cqr,native,0.5,0.0,0.9183333333333333,571897.6188261929,45.754191875264745,12.434827445576524,0.0
0.1,3,100,37,TSCP_R,Gaussian,cqr,capped,0.5,0.0,0.8933333333333333,2578.5608805956185,15.402963848249016,,0.001993417739868164
0.1,3,100,37,Unscaled,Gaussian,cqr,raw,0.5,0.0,0.92,3351.03963463676,15.36020470107378,,0.0
0.1,3,100,37,Empirical_copula,Gaussian,cqr,raw,0.5,0.0,0.8733333333333333,2204.139615093772,15.360204700986424,,0.00099945068359375
0.1,3,100,38,CQHR,Gaussian,cqr,native,0.5,0.0,0.9333333333333333,854561.8284922512,56.55619238229773,15.332011283625361,0.0010001659393310547
0.1,3,100,38,TSCP_R,Gaussian,cqr,capped,0.5,0.0,0.9133333333333333,3147.0824770237464,16.602390790674942,,0.0009996891021728516
0.1,3,100,38,Unscaled,Gaussian,cqr,raw,0.5,0.0,0.89,3171.9820398307365,14.852287195786154,,0.0
0.1,3,100,38,Empirical_copula,Gaussian,cqr,raw,0.5,0.0,0.8983333333333333,3079.7956789079617,16.038526042266785,,0.0010004043579101562
0.1,3,100,39,CQHR,Gaussian,cqr,native,0.5,0.0,0.8866666666666667,32036.50931058218,29.28403510949572,9.128502092652125,0.0
0.1,3,100,39,TSCP_R,Gaussian,cqr,capped,0.5,0.0,0.8883333333333333,2716.3447738885657,16.002620738519756,,0.0010013580322265625
0.1,3,100,39,Unscaled,Gaussian,cqr,raw,0.5,0.0,0.9033333333333333,3313.574242736996,15.21557558173874,,0.0
0.1,3,100,39,Empirical_copula,Gaussian,cqr,raw,0.5,0.0,0.8666666666666667,2325.8006866122464,15.2971343697032,,0.0010056495666503906
0.1,3,100,40,CQHR,Gaussian,cqr,native,0.5,0.0,0.9116666666666666,147491.77264699622,38.65818881762251,12.982165651777033,0.0
0.1,3,100,40,TSCP_R,Gaussian,cqr,capped,0.5,0.0,0.8833333333333333,2844.736627964531,18.19716582521124,,0.0010004043579101562
0.1,3,100,40,Unscaled,Gaussian,cqr,raw,0.5,0.0,0.9,3277.10227779034,15.184542684114916,,0.0
0.1,3,100,40,Empirical_copula,Gaussian,cqr,raw,0.5,0.0,0.8583333333333333,2238.1510996287134,15.02869938484701,,0.0009999275207519531
0.1,3,100,41,CQHR,Gaussian,cqr,native,0.5,0.0,0.9116666666666666,316724.5833061234,48.13649646849456,15.661052379995706,0.0
0.1,3,100,41,TSCP_R,Gaussian,cqr,capped,0.5,0.0,0.9016666666666666,2643.44332178943,16.273485810114433,,0.001003265380859375
0.1,3,100,41,Unscaled,Gaussian,cqr,raw,0.5,0.0,0.9083333333333333,3426.442559723043,15.506457128981507,,0.0
0.1,3,100,41,Empirical_copula,Gaussian,cqr,raw,0.5,0.0,0.88,2184.0742505993276,15.577758743984557,,0.0009984970092773438
0.1,3,100,42,CQHR,Gaussian,cqr,native,0.5,0.0,0.8733333333333333,39064.06745724519,31.71170485212997,9.807888353070258,0.0
0.1,3,100,42,TSCP_R,Gaussian,cqr,capped,0.5,0.0,0.8583333333333333,2357.726934219072,16.142577706003802,,0.0009999275207519531
0.1,3,100,42,Unscaled,Gaussian,cqr,raw,0.5,0.0,0.8633333333333333,2992.894337852332,14.77854372359161,,0.0
0.1,3,100,42,Empirical_copula,Gaussian,cqr,raw,0.5,0.0,0.8316666666666667,2115.50096509569,14.92427399855798,,0.0009932518005371094
0.1,3,100,43,CQHR,Gaussian,cqr,native,0.5,0.0,0.8616666666666667,16199.319466948407,24.754297174345343,8.494891326253638,0.0
0.1,3,100,43,TSCP_R,Gaussian,cqr,capped,0.5,0.0,0.9066666666666666,2796.8164463377466,17.827776571448247,,0.0009996891021728516
0.1,3,100,43,Unscaled,Gaussian,cqr,raw,0.5,0.0,0.925,3560.6269883767445,15.599228574476298,,0.0
0.1,3,100,43,Empirical_copula,Gaussian,cqr,raw,0.5,0.0,0.905,2695.568850746093,17.97861607308111,,0.0
0.1,3,100,44,CQHR,Gaussian,cqr,native,0.5,0.0,0.9483333333333334,267657.29537157767,64.46411714832172,26.745793169362592,0.0009970664978027344
0.1,3,100,44,TSCP_R,Gaussian,cqr,capped,0.5,0.0,0.9183333333333333,2505.3743042643996,15.357377608895874,,0.0010061264038085938
0.1,3,100,44,Unscaled,Gaussian,cqr,raw,0.5,0.0,0.9066666666666666,2644.8568800944504,14.187320188533143,,0.0
0.1,3,100,44,Empirical_copula,Gaussian,cqr,raw,0.5,0.0,0.8766666666666667,1990.256406141702,14.499363826929105,,0.00099945068359375
0.1,3,100,45,CQHR,Gaussian,cqr,native,0.5,0.0,0.8983333333333333,55739.58885248743,35.826618725793296,12.523855881886359,0.0
0.1,3,100,45,TSCP_R,Gaussian,cqr,capped,0.5,0.0,0.735,1568.0880565312218,13.241326483819943,,0.0009996891021728516
0.1,3,100,45,Unscaled,Gaussian,cqr,raw,0.5,0.0,0.7716666666666666,2022.5375431148661,12.785862845626676,,0.0
0.1,3,100,45,Empirical_copula,Gaussian,cqr,raw,0.5,0.0,0.7166666666666667,1456.282170144096,12.798628712673715,,0.0009999275207519531
0.1,3,100,46,CQHR,Gaussian,cqr,native,0.5,0.0,0.89,91885.65843080157,31.153143404100575,9.752018012869483,0.0
0.1,3,100,46,TSCP_R,Gaussian,cqr,capped,0.5,0.0,0.89,2474.5606666913864,17.485289066307526,,0.0009999275207519531
0.1,3,100,46,Unscaled,Gaussian,cqr,raw,0.5,0.0,0.9,3576.857783131744,15.636387360555478,,0.0
0.1,3,100,46,Empirical_copula,Gaussian,cqr,raw,0.5,0.0,0.8583333333333333,2094.2667955594206,17.425048357458117,,0.0010008811950683594
0.1,3,100,47,CQHR,Gaussian,cqr,native,0.5,0.0,0.8533333333333334,19663.878278692486,24.349123848414774,6.921652129175641,0.0
0.1,3,100,47,TSCP_R,Gaussian,cqr,capped,0.5,0.0,0.9283333333333333,2886.466879727149,18.559029655300524,,0.001012563705444336
0.1,3,100,47,Unscaled,Gaussian,cqr,raw,0.5,0.0,0.89,2691.0368352699784,14.121076152218015,,0.0
0.1,3,100,47,Empirical_copula,Gaussian,cqr,raw,0.5,0.0,0.925,2580.096863950226,18.34749649070523,,0.0014925003051757812
0.1,3,100,48,CQHR,Gaussian,cqr,native,0.5,0.0,0.8916666666666667,104932.81294698085,33.7359004787247,11.256980531414392,0.0
0.1,3,100,48,TSCP_R,Gaussian,cqr,capped,0.5,0.0,0.8966666666666666,3436.7901751297914,17.000679851828718,,0.0010023117065429688
0.1,3,100,48,Unscaled,Gaussian,cqr,raw,0.5,0.0,0.9016666666666666,4177.462651602783,16.42705390713223,,0.0
0.1,3,100,48,Empirical_copula,Gaussian,cqr,raw,0.5,0.0,0.8616666666666667,2736.3664768680437,17.832397085450694,,0.0009989738464355469
0.1,3,100,49,CQHR,Gaussian,cqr,native,0.5,0.0,0.9233333333333333,3022981.5671493006,63.533432437572486,14.221149233037874,0.0
0.1,3,100,49,TSCP_R,Gaussian,cqr,capped,0.5,0.0,0.8416666666666667,2056.3507158463963,15.208064098529293,,0.0010063648223876953
0.1,3,100,49,Unscaled,Gaussian,cqr,raw,0.5,0.0,0.8716666666666667,2620.890580367622,14.08518584731581,,0.0
0.1,3,100,49,Empirical_copula,Gaussian,cqr,raw,0.5,0.0,0.835,1974.9808434699958,14.68048152615204,,0.0
0.1,3,100,50,CQHR,Gaussian,cqr,native,0.5,0.0,0.9133333333333333,72735.38511421303,36.52421377936596,12.685516535990043,0.0
0.1,3,100,50,TSCP_R,Gaussian,cqr,capped,0.5,0.0,0.92,3333.3235528296027,20.35003170506436,,0.0009930133819580078
0.1,3,100,50,Unscaled,Gaussian,cqr,raw,0.5,0.0,0.9333333333333333,4322.165160315765,16.58568367976569,,0.0
0.1,3,100,50,Empirical_copula,Gaussian,cqr,raw,0.5,0.0,0.9166666666666666,3245.449651424045,20.15552961672537,,0.0
0.1,3,100,51,CQHR,Gaussian,cqr,native,0.5,0.0,0.8683333333333333,31549.68099654024,28.149097556132485,9.262482879737984,0.0
0.1,3,100,51,TSCP_R,Gaussian,cqr,capped,0.5,0.0,0.87,2676.2221025727995,16.42010520547183,,0.0009999275207519531
0.1,3,100,51,Unscaled,Gaussian,cqr,raw,0.5,0.0,0.8733333333333333,3020.823241630414,14.678988868858617,,0.0
0.1,3,100,51,Empirical_copula,Gaussian,cqr,raw,0.5,0.0,0.8566666666666667,2387.329708975191,15.06590444107803,,0.0
0.1,3,100,52,CQHR,Gaussian,cqr,native,0.5,0.0,0.9283333333333333,168568.7222439768,50.27863446272487,15.57046434031175,0.0
0.1,3,100,52,TSCP_R,Gaussian,cqr,capped,0.5,0.0,0.94,4420.248171437172,19.124004411884613,,0.0010008811950683594
0.1,3,100,52,Unscaled,Gaussian,cqr,raw,0.5,0.0,0.88,3158.7268963338024,14.900812558622947,,0.0
0.1,3,100,52,Empirical_copula,Gaussian,cqr,raw,0.5,0.0,0.8516666666666667,2416.7870309073496,16.12257990023546,,0.0010004043579101562
0.1,3,100,53,CQHR,Gaussian,cqr,native,0.5,0.0,0.8883333333333333,41485.31904041473,32.32073066000339,10.46761305787979,0.0
0.1,3,100,53,TSCP_R,Gaussian,cqr,capped,0.5,0.0,0.9283333333333333,3541.473531464901,17.88730047118831,,0.0010106563568115234
0.1,3,100,53,Unscaled,Gaussian,cqr,raw,0.5,0.0,0.93,4446.948672450433,16.9136303515117,,0.0
0.1,3,100,53,Empirical_copula,Gaussian,cqr,raw,0.5,0.0,0.9083333333333333,2954.5326383415936,17.818468381799708,,0.0009953975677490234
0.1,3,100,54,CQHR,Gaussian,cqr,native,0.5,0.0,0.8883333333333333,669061.3333335737,37.04270691240404,9.864750637827925,0.0
0.1,3,100,54,TSCP_R,Gaussian,cqr,capped,0.5,0.0,0.9233333333333333,3135.238381273669,16.432734660443632,,0.0009958744049072266
0.1,3,100,54,Unscaled,Gaussian,cqr,raw,0.5,0.0,0.89,2785.598271071329,14.332883851371285,,0.0
0.1,3,100,54,Empirical_copula,Gaussian,cqr,raw,0.5,0.0,0.91,3005.883300649349,17.252884738155274,,0.00099945068359375
0.1,3,100,55,CQHR,Gaussian,cqr,native,0.5,0.0,0.9166666666666666,68374.14830859195,39.76151463711166,13.645374313235807,0.0
0.1,3,100,55,TSCP_R,Gaussian,cqr,capped,0.5,0.0,0.9033333333333333,3289.46652239328,16.82160122066649,,0.001007080078125
0.1,3,100,55,Unscaled,Gaussian,cqr,raw,0.5,0.0,0.8566666666666667,2542.3941872337505,13.829632594987386,,0.00099945068359375
0.1,3,100,55,Empirical_copula,Gaussian,cqr,raw,0.5,0.0,0.845,2354.9710130773547,13.741459048328771,,0.0
0.1,3,100,56,CQHR,Gaussian,cqr,native,0.5,0.0,0.8566666666666667,51528.146606443996,28.84162555149832,9.363591674805791,0.0
0.1,3,100,56,TSCP_R,Gaussian,cqr,capped,0.5,0.0,0.9016666666666666,2733.1030935868557,16.10122237359715,,0.0010023117065429688
0.1,3,100,56,Unscaled,Gaussian,cqr,raw,0.5,0.0,0.87,2861.6586404825653,14.566107840489597,,0.0
0.1,3,100,56,Empirical_copula,Gaussian,cqr,raw,0.5,0.0,0.8966666666666666,2612.2305407086324,16.051955711952544,,0.00099945068359375
0.1,3,100,57,CQHR,Gaussian,cqr,native,0.5,0.0,0.9266666666666666,168792.1006784759,39.693399790579754,12.649153622878286,0.0
0.1,3,100,57,TSCP_R,Gaussian,cqr,capped,0.5,0.0,0.93,3255.3666107250324,17.398559765415616,,0.0010018348693847656
0.1,3,100,57,Unscaled,Gaussian,cqr,raw,0.5,0.0,0.9166666666666666,3543.84496966823,15.57912571064065,,0.0
0.1,3,100,57,Empirical_copula,Gaussian,cqr,raw,0.5,0.0,0.9183333333333333,3037.001239441689,17.35608425330272,,0.0009996891021728516
0.1,3,100,58,CQHR,Gaussian,cqr,native,0.5,0.0,0.9316666666666666,118836.04291092545,48.3953785679688,19.372931323555008,0.000997781753540039
0.1,3,100,58,TSCP_R,Gaussian,cqr,capped,0.5,0.0,0.86,2159.0212702398453,16.843824086961636,,0.0010023117065429688
0.1,3,100,58,Unscaled,Gaussian,cqr,raw,0.5,0.0,0.9066666666666666,3011.212954827254,14.806366716360262,,0.0
0.1,3,100,58,Empirical_copula,Gaussian,cqr,raw,0.5,0.0,0.8516666666666667,1980.0559183023947,16.37412566211347,,0.0009975433349609375
0.1,3,100,59,CQHR,Gaussian,cqr,native,0.5,0.0,0.92,78380.02448381427,40.63736153292306,13.467854044186808,0.0
0.1,3,100,59,TSCP_R,Gaussian,cqr,capped,0.5,0.0,0.9066666666666666,2872.820486865071,15.301756466077071,,0.0010097026824951172
0.1,3,100,59,Unscaled,Gaussian,cqr,raw,0.5,0.0,0.8916666666666667,2594.011180693633,14.083400746237915,,0.0
0.1,3,100,59,Empirical_copula,Gaussian,cqr,raw,0.5,0.0,0.905,2809.393890961862,15.789794371948695,,0.0009975433349609375
0.1,3,100,60,CQHR,Gaussian,cqr,native,0.5,0.0,0.9433333333333334,7747993.328014614,74.98037650068481,19.36529048443825,0.0
0.1,3,100,60,TSCP_R,Gaussian,cqr,capped,0.5,0.0,0.8983333333333333,3185.36426921234,16.748859048298428,,0.0011370182037353516
0.1,3,100,60,Unscaled,Gaussian,cqr,raw,0.5,0.0,0.8983333333333333,3157.6802466214617,14.880613918236104,,0.0
0.1,3,100,60,Empirical_copula,Gaussian,cqr,raw,0.5,0.0,0.8733333333333333,2282.9204310557147,15.568416256107112,,0.0010898113250732422
0.1,3,100,61,CQHR,Gaussian,cqr,native,0.5,0.0,0.9083333333333333,35683.192036627384,34.61843742090124,12.385386926241837,0.0
0.1,3,100,61,TSCP_R,Gaussian,cqr,capped,0.5,0.0,0.8766666666666667,2795.9058240866884,15.386086479524735,,0.0009946823120117188
0.1,3,100,61,Unscaled,Gaussian,cqr,raw,0.5,0.0,0.8833333333333333,2964.2421114657377,14.591613229194696,,0.0
0.1,3,100,61,Empirical_copula,Gaussian,cqr,raw,0.5,0.0,0.8466666666666667,2173.9138829338303,15.464817794739213,,0.001008749008178711
0.1,3,100,62,CQHR,Gaussian,cqr,native,0.5,0.0,0.9016666666666666,63557.39651447007,34.09076698379951,9.083063573621466,0.0
0.1,3,100,62,TSCP_R,Gaussian,cqr,capped,0.5,0.0,0.9133333333333333,2906.8607726912096,16.208476831185337,,0.0009911060333251953
0.1,3,100,62,Unscaled,Gaussian,cqr,raw,0.5,0.0,0.8983333333333333,2894.874330568685,14.545053900219306,,0.0
0.1,3,100,62,Empirical_copula,Gaussian,cqr,raw,0.5,0.0,0.8983333333333333,2734.5558780282645,15.726357686242096,,0.0010094642639160156
0.1,3,100,63,CQHR,Gaussian,cqr,native,0.5,0.0,0.925,1109152.1245796229,50.29841875649747,16.42198824415867,0.0
0.1,3,100,63,TSCP_R,Gaussian,cqr,capped,0.5,0.0,0.8716666666666667,2357.479216883071,15.123119622842996,,0.001007080078125
0.1,3,100,63,Unscaled,Gaussian,cqr,raw,0.5,0.0,0.8566666666666667,2711.476711579023,14.189674745989754,,0.0
0.1,3,100,63,Empirical_copula,Gaussian,cqr,raw,0.5,0.0,0.8616666666666667,2243.3920610650607,15.23776789811378,,0.0010001659393310547
0.1,3,100,64,CQHR,Gaussian,cqr,native,0.5,0.0,0.8983333333333333,300167.66415107687,38.08917378525044,11.270335692652381,0.0
0.1,3,100,64,TSCP_R,Gaussian,cqr,capped,0.5,0.0,0.9216666666666666,3347.147854573841,17.435461472656403,,0.0009968280792236328
0.1,3,100,64,Unscaled,Gaussian,cqr,raw,0.5,0.0,0.9216666666666666,4171.542854697824,16.34711820269423,,0.0
0.1,3,100,64,Empirical_copula,Gaussian,cqr,raw,0.5,0.0,0.9283333333333333,3775.4519698264153,18.647718362427575,,0.00099945068359375
0.1,3,100,65,CQHR,Gaussian,cqr,native,0.5,0.0,0.8983333333333333,489627.26308268664,54.709354243211735,12.526006037600991,0.0
0.1,3,100,65,TSCP_R,Gaussian,cqr,capped,0.5,0.0,0.905,3060.207079592912,18.119039998250038,,0.0009188652038574219
0.1,3,100,65,Unscaled,Gaussian,cqr,raw,0.5,0.0,0.9116666666666666,3583.862148420336,15.665909858246348,,0.0010080337524414062
0.1,3,100,65,Empirical_copula,Gaussian,cqr,raw,0.5,0.0,0.8766666666666667,2649.0241348599593,17.233908745577217,,0.0
0.1,3,100,66,CQHR,Gaussian,cqr,native,0.5,0.0,0.9033333333333333,55532.846196170125,35.27262616449297,10.940889339867255,0.0
0.1,3,100,66,TSCP_R,Gaussian,cqr,capped,0.5,0.0,0.8816666666666667,2748.6186389723916,17.814227636271397,,0.0009996891021728516
0.1,3,100,66,Unscaled,Gaussian,cqr,raw,0.5,0.0,0.9033333333333333,3675.346168939662,15.750014303806893,,0.0
0.1,3,100,66,Empirical_copula,Gaussian,cqr,raw,0.5,0.0,0.8233333333333334,2045.590386595157,15.492381719749291,,0.0
0.1,3,100,67,CQHR,Gaussian,cqr,native,0.5,0.0,0.8583333333333333,123841.11832890307,29.539733430506736,8.424408183444868,0.0
0.1,3,100,67,TSCP_R,Gaussian,cqr,capped,0.5,0.0,0.92,2973.3184517547393,17.48205364797671,,0.0010006427764892578
0.1,3,100,67,Unscaled,Gaussian,cqr,raw,0.5,0.0,0.92,3783.46678270773,15.897619468096021,,0.0
0.1,3,100,67,Empirical_copula,Gaussian,cqr,raw,0.5,0.0,0.9133333333333333,2667.6755641348273,16.72108767000782,,0.0
0.1,3,100,68,CQHR,Gaussian,cqr,native,0.5,0.0,0.9066666666666666,70452.41842817949,34.87494847406641,10.469160797501635,0.0010004043579101562
0.1,3,100,68,TSCP_R,Gaussian,cqr,capped,0.5,0.0,0.865,2438.3512865537527,14.626303814047834,,0.0009927749633789062
0.1,3,100,68,Unscaled,Gaussian,cqr,raw,0.5,0.0,0.8633333333333333,2567.3717934952583,13.906538983828398,,0.0
0.1,3,100,68,Empirical_copula,Gaussian,cqr,raw,0.5,0.0,0.8483333333333334,2073.2741695956643,14.179957578611292,,0.0009992122650146484
0.1,3,100,69,CQHR,Gaussian,cqr,native,0.5,0.0,0.8933333333333333,31054.414392473995,29.903244389153357,10.393533071067955,0.0
0.1,3,100,69,TSCP_R,Gaussian,cqr,capped,0.5,0.0,0.8483333333333334,2524.8141825338284,16.74429929105431,,0.00099945068359375
0.1,3,100,69,Unscaled,Gaussian,cqr,raw,0.5,0.0,0.8666666666666667,2552.881702008104,14.046156102562108,,0.0
0.1,3,100,69,Empirical_copula,Gaussian,cqr,raw,0.5,0.0,0.8233333333333334,2016.4991101276983,14.77123522693491,,0.00099945068359375
0.1,3,100,70,CQHR,Gaussian,cqr,native,0.5,0.0,0.9133333333333333,92871.21539492173,42.23485542311762,13.940903157997688,0.0
0.1,3,100,70,TSCP_R,Gaussian,cqr,capped,0.5,0.0,0.9133333333333333,3018.040063197228,17.210012078220455,,0.0010063648223876953
0.1,3,100,70,Unscaled,Gaussian,cqr,raw,0.5,0.0,0.88,2811.061210921815,14.306403897454677,,0.0
0.1,3,100,70,Empirical_copula,Gaussian,cqr,raw,0.5,0.0,0.8816666666666667,2695.076193819245,16.26823023626886,,0.0010001659393310547
0.1,3,100,71,CQHR,Gaussian,cqr,native,0.5,0.0,0.9483333333333334,110385.93939403827,44.39772659493123,16.772559207046452,0.0
0.1,3,100,71,TSCP_R,Gaussian,cqr,capped,0.5,0.0,0.8666666666666667,2041.9805930929056,15.404601540359739,,0.000995635986328125
0.1,3,100,71,Unscaled,Gaussian,cqr,raw,0.5,0.0,0.8766666666666667,2508.5029383466635,13.877091705986,,0.0
0.1,3,100,71,Empirical_copula,Gaussian,cqr,raw,0.5,0.0,0.8366666666666667,1790.6220746212628,15.130537598545216,,0.0009992122650146484
0.1,3,100,72,CQHR,Gaussian,cqr,native,0.5,0.0,0.9083333333333333,4633422.694322746,57.506097060299155,11.162276528191885,0.0
0.1,3,100,72,TSCP_R,Gaussian,cqr,capped,0.5,0.0,0.925,3561.048299042792,16.216523972151606,,0.0009894371032714844
0.1,3,100,72,Unscaled,Gaussian,cqr,raw,0.5,0.0,0.9016666666666666,3127.399163484394,14.86845228678953,,0.0
0.1,3,100,72,Empirical_copula,Gaussian,cqr,raw,0.5,0.0,0.89,2768.077519416516,14.97225015021363,,0.0010118484497070312
0.1,3,100,73,CQHR,Gaussian,cqr,native,0.5,0.0,0.935,1029471.0049584311,56.65794065166984,16.231427376992407,0.0
0.1,3,100,73,TSCP_R,Gaussian,cqr,capped,0.5,0.0,0.8733333333333333,2195.535884386724,15.755489355765537,,0.0009019374847412109
0.1,3,100,73,Unscaled,Gaussian,cqr,raw,0.5,0.0,0.9183333333333333,3252.2223217317805,15.228568744238514,,0.0
0.1,3,100,73,Empirical_copula,Gaussian,cqr,raw,0.5,0.0,0.8733333333333333,2166.8407391917194,15.59188121788291,,0.0
0.1,3,100,74,CQHR,Gaussian,cqr,native,0.5,0.0,0.9216666666666666,181686.8346533309,51.28509032688286,17.93610175081585,0.0
0.1,3,100,74,TSCP_R,Gaussian,cqr,capped,0.5,0.0,0.82,1920.048561111063,13.580089555841893,,0.0010001659393310547
0.1,3,100,74,Unscaled,Gaussian,cqr,raw,0.5,0.0,0.8316666666666667,2272.776432194153,13.532259597540708,,0.0
0.1,3,100,74,Empirical_copula,Gaussian,cqr,raw,0.5,0.0,0.8066666666666666,1796.8931890634929,13.532259597521886,,0.0009996891021728516
0.1,3,100,75,CQHR,Gaussian,cqr,native,0.5,0.0,0.8533333333333334,20453.641402814224,28.12954481284705,7.671122972977444,0.0
0.1,3,100,75,TSCP_R,Gaussian,cqr,capped,0.5,0.0,0.8366666666666667,1908.7608223346651,14.881654571712646,,0.0009877681732177734
0.1,3,100,75,Unscaled,Gaussian,cqr,raw,0.5,0.0,0.8466666666666667,2331.4678041897987,13.474439060336845,,0.0
0.1,3,100,75,Empirical_copula,Gaussian,cqr,raw,0.5,0.0,0.8083333333333333,1683.053233011926,15.030783313444957,,0.0009989738464355469
0.1,3,100,76,CQHR,Gaussian,cqr,native,0.5,0.0,0.9033333333333333,56946.31402573886,34.84965992008018,10.955030302453046,0.000995635986328125
0.1,3,100,76,TSCP_R,Gaussian,cqr,capped,0.5,0.0,0.9183333333333333,2616.5875688457336,17.2566744881001,,0.0009996891021728516
0.1,3,100,76,Unscaled,Gaussian,cqr,raw,0.5,0.0,0.8883333333333333,2599.4168806513276,14.036918467268869,,0.0
0.1,3,100,76,Empirical_copula,Gaussian,cqr,raw,0.5,0.0,0.8916666666666667,2273.562093424769,16.851300181337585,,0.0010001659393310547
0.1,3,100,77,CQHR,Gaussian,cqr,native,0.5,0.0,0.9083333333333333,38905.897326479295,30.087253495063766,9.544756391554778,0.0
0.1,3,100,77,TSCP_R,Gaussian,cqr,capped,0.5,0.0,0.9216666666666666,3469.9947174893764,17.38239210661867,,0.00099945068359375
0.1,3,100,77,Unscaled,Gaussian,cqr,raw,0.5,0.0,0.9166666666666666,4110.733996645231,16.21636897085017,,0.0
0.1,3,100,77,Empirical_copula,Gaussian,cqr,raw,0.5,0.0,0.8616666666666667,2525.3441906205157,16.48563289672091,,0.0009968280792236328
0.1,3,100,78,CQHR,Gaussian,cqr,native,0.5,0.0,0.905,2864208.615862355,58.7698597185996,11.25014477875484,0.0
0.1,3,100,78,TSCP_R,Gaussian,cqr,capped,0.5,0.0,0.88,2569.073177255993,16.03739350413533,,0.0009932518005371094
0.1,3,100,78,Unscaled,Gaussian,cqr,raw,0.5,0.0,0.89,3059.686362268229,14.727488087603996,,0.0
0.1,3,100,78,Empirical_copula,Gaussian,cqr,raw,0.5,0.0,0.8633333333333333,2382.785577847874,16.115343012678405,,0.0009996891021728516
0.1,3,100,79,CQHR,Gaussian,cqr,native,0.5,0.0,0.9283333333333333,177209.72191073748,46.855941419442374,15.467111631342771,0.0
0.1,3,100,79,TSCP_R,Gaussian,cqr,capped,0.5,0.0,0.93,3040.9720713093566,18.174203053267636,,0.0010004043579101562
0.1,3,100,79,Unscaled,Gaussian,cqr,raw,0.5,0.0,0.9316666666666666,4037.868010418127,16.229159380025727,,0.0
0.1,3,100,79,Empirical_copula,Gaussian,cqr,raw,0.5,0.0,0.9083333333333333,2672.3436667781643,18.46235388025458,,0.0010008811950683594
0.1,3,100,80,CQHR,Gaussian,cqr,native,0.5,0.0,0.92,32997.962009745665,31.319013426279035,11.977847466644896,0.0
0.1,3,100,80,TSCP_R,Gaussian,cqr,capped,0.5,0.0,0.9016666666666666,2625.259290746068,17.59812157872658,,0.0
0.1,3,100,80,Unscaled,Gaussian,cqr,raw,0.5,0.0,0.9083333333333333,2890.6933464981726,14.746401589926087,,0.0
0.1,3,100,80,Empirical_copula,Gaussian,cqr,raw,0.5,0.0,0.9066666666666666,2635.277911083616,17.431612904766844,,0.0
0.1,3,100,81,CQHR,Gaussian,cqr,native,0.5,0.0,0.9116666666666666,153970.52956000963,43.48323311645234,13.328922605945278,0.0
0.1,3,100,81,TSCP_R,Gaussian,cqr,capped,0.5,0.0,0.8666666666666667,2070.758037116886,14.18468181702081,,0.0010058879852294922
0.1,3,100,81,Unscaled,Gaussian,cqr,raw,0.5,0.0,0.855,2288.1706844427194,13.528955863210994,,0.0
0.1,3,100,81,Empirical_copula,Gaussian,cqr,raw,0.5,0.0,0.8766666666666667,2181.19250547364,16.15914813426184,,0.0009996891021728516
0.1,3,100,82,CQHR,Gaussian,cqr,native,0.5,0.0,0.93,97522.31261725015,42.224154825700396,15.790166920599123,0.0
0.1,3,100,82,TSCP_R,Gaussian,cqr,capped,0.5,0.0,0.8866666666666667,2682.3299533058075,15.87798361430173,,0.0010118484497070312
0.1,3,100,82,Unscaled,Gaussian,cqr,raw,0.5,0.0,0.9183333333333333,3444.8846362690483,15.47309366016889,,0.0
0.1,3,100,82,Empirical_copula,Gaussian,cqr,raw,0.5,0.0,0.9066666666666666,2732.178750251298,16.136681839906547,,0.0010344982147216797
0.1,3,100,83,CQHR,Gaussian,cqr,native,0.5,0.0,0.9566666666666667,456248.1276573379,59.91639330300106,23.027707725018306,0.0
0.1,3,100,83,TSCP_R,Gaussian,cqr,capped,0.5,0.0,0.8766666666666667,2225.1776502043717,17.415146317197507,,0.0009925365447998047
0.1,3,100,83,Unscaled,Gaussian,cqr,raw,0.5,0.0,0.9333333333333333,3971.794366493249,16.368696923268956,,0.0
0.1,3,100,83,Empirical_copula,Gaussian,cqr,raw,0.5,0.0,0.8866666666666667,2422.3476503414113,17.993612807831084,,0.0009987354278564453
0.1,3,100,84,CQHR,Gaussian,cqr,native,0.5,0.0,0.81,30898.527857710018,23.41498683218595,6.90592213874369,0.0
0.1,3,100,84,TSCP_R,Gaussian,cqr,capped,0.5,0.0,0.8633333333333333,2338.7928071277024,15.179384317701658,,0.0010037422180175781
0.1,3,100,84,Unscaled,Gaussian,cqr,raw,0.5,0.0,0.85,2585.344859613064,13.886396602912837,,0.0
0.1,3,100,84,Empirical_copula,Gaussian,cqr,raw,0.5,0.0,0.8283333333333334,2079.2871275343737,15.135917441208072,,0.0009980201721191406
0.1,3,100,85,CQHR,Gaussian,cqr,native,0.5,0.0,0.92,56642.19400338774,33.98701959990454,12.201840497312977,0.0
0.1,3,100,85,TSCP_R,Gaussian,cqr,capped,0.5,0.0,0.9283333333333333,3351.8201783287022,18.626902142619635,,0.0009999275207519531
0.1,3,100,85,Unscaled,Gaussian,cqr,raw,0.5,0.0,0.9166666666666666,3359.8614981320375,15.393615163355419,,0.0
0.1,3,100,85,Empirical_copula,Gaussian,cqr,raw,0.5,0.0,0.8983333333333333,2756.0649144158774,17.726145362252186,,0.0009996891021728516
0.1,3,100,86,CQHR,Gaussian,cqr,native,0.5,0.0,0.925,216563.49616016648,43.19605820476381,14.22096345938844,0.0
0.1,3,100,86,TSCP_R,Gaussian,cqr,capped,0.5,0.0,0.8416666666666667,1776.8904096261995,15.311095743156686,,0.0009999275207519531
0.1,3,100,86,Unscaled,Gaussian,cqr,raw,0.5,0.0,0.8566666666666667,2303.6842306254493,13.716587713565326,,0.0
0.1,3,100,86,Empirical_copula,Gaussian,cqr,raw,0.5,0.0,0.83,1601.5142584724135,15.245115414852238,,0.0010001659393310547
0.1,3,100,87,CQHR,Gaussian,cqr,native,0.5,0.0,0.9183333333333333,1098451.535964429,42.509253352299964,14.099134192439461,0.0
0.1,3,100,87,TSCP_R,Gaussian,cqr,capped,0.5,0.0,0.9616666666666667,4276.349379741882,20.60810290635926,,0.0010013580322265625
0.1,3,100,87,Unscaled,Gaussian,cqr,raw,0.5,0.0,0.915,3333.353532048634,15.437362821969874,,0.0
0.1,3,100,87,Empirical_copula,Gaussian,cqr,raw,0.5,0.0,0.9416666666666667,3586.059461161693,20.538477824962367,,0.0009980201721191406
0.1,3,100,88,CQHR,Gaussian,cqr,native,0.5,0.0,0.9233333333333333,788764.1772009671,42.56603628418513,13.19931988773872,0.0
0.1,3,100,88,TSCP_R,Gaussian,cqr,capped,0.5,0.0,0.9283333333333333,3407.791371616913,18.48532628440233,,0.001993894577026367
0.1,3,100,88,Unscaled,Gaussian,cqr,raw,0.5,0.0,0.9133333333333333,3474.1828797917333,15.356054854082613,,0.0
0.1,3,100,88,Empirical_copula,Gaussian,cqr,raw,0.5,0.0,0.8966666666666666,2726.5817335508973,16.42589537195097,,0.0010008811950683594
0.1,3,100,89,CQHR,Gaussian,cqr,native,0.5,0.0,0.925,59763.7454082017,36.23171924977955,12.713556206312044,0.0
0.1,3,100,89,TSCP_R,Gaussian,cqr,capped,0.5,0.0,0.8616666666666667,1987.848970800786,17.334705719211993,,0.00099945068359375
0.1,3,100,89,Unscaled,Gaussian,cqr,raw,0.5,0.0,0.9,3041.044142465061,14.886190471074245,,0.0
0.1,3,100,89,Empirical_copula,Gaussian,cqr,raw,0.5,0.0,0.8416666666666667,1774.2574559676912,16.165573560588783,,0.0009996891021728516
0.1,3,100,90,CQHR,Gaussian,cqr,native,0.5,0.0,0.8616666666666667,485156.7863347834,33.71472482663488,8.902324403524888,0.0
0.1,3,100,90,TSCP_R,Gaussian,cqr,capped,0.5,0.0,0.8,1835.9030857487628,13.701194753500346,,0.0
0.1,3,100,90,Unscaled,Gaussian,cqr,raw,0.5,0.0,0.8183333333333334,2118.2759822435182,13.148822298560509,,0.0
0.1,3,100,90,Empirical_copula,Gaussian,cqr,raw,0.5,0.0,0.8133333333333334,1912.34116276201,14.803764810428984,,0.0
0.1,3,100,91,CQHR,Gaussian,cqr,native,0.5,0.0,0.935,123561.01588683775,44.045715772400115,12.492881829299261,0.0
0.1,3,100,91,TSCP_R,Gaussian,cqr,capped,0.5,0.0,0.8683333333333333,2393.9422898293033,15.331368010823587,,0.0
0.1,3,100,91,Unscaled,Gaussian,cqr,raw,0.5,0.0,0.8516666666666667,2429.122026925631,13.605499511524869,,0.0
0.1,3,100,91,Empirical_copula,Gaussian,cqr,raw,0.5,0.0,0.8283333333333334,1947.7346531660714,15.264218665320607,,0.0
0.1,3,100,92,CQHR,Gaussian,cqr,native,0.5,0.0,0.8633333333333333,51495.64491278153,37.14639026425274,9.722636540546809,0.0
0.1,3,100,92,TSCP_R,Gaussian,cqr,capped,0.5,0.0,0.865,2491.869438196137,15.827125415327048,,0.0010006427764892578
0.1,3,100,92,Unscaled,Gaussian,cqr,raw,0.5,0.0,0.8466666666666667,2803.982945633626,14.263251990438269,,0.0
0.1,3,100,92,Empirical_copula,Gaussian,cqr,raw,0.5,0.0,0.8216666666666667,2117.196532705501,14.263251990312208,,0.0010004043579101562
0.1,3,100,93,CQHR,Gaussian,cqr,native,0.5,0.0,0.94,85913.76560854125,44.16482024161039,16.426765773537745,0.0
0.1,3,100,93,TSCP_R,Gaussian,cqr,capped,0.5,0.0,0.955,5127.411857454949,22.621987251692143,,0.0010004043579101562
0.1,3,100,93,Unscaled,Gaussian,cqr,raw,0.5,0.0,0.9583333333333334,5009.975778257642,17.39924978147012,,0.0
0.1,3,100,93,Empirical_copula,Gaussian,cqr,raw,0.5,0.0,0.9166666666666666,3595.8615485779446,19.022882394188237,,0.0009989738464355469
0.1,3,100,94,CQHR,Gaussian,cqr,native,0.5,0.0,0.96,26987818.7603425,115.39762205954928,23.82201344482506,0.0009989738464355469
0.1,3,100,94,TSCP_R,Gaussian,cqr,capped,0.5,0.0,0.8816666666666667,2933.363227619676,19.32106626718192,,0.0009999275207519531
0.1,3,100,94,Unscaled,Gaussian,cqr,raw,0.5,0.0,0.8866666666666667,3085.171493487743,14.876813562041225,,0.0
0.1,3,100,94,Empirical_copula,Gaussian,cqr,raw,0.5,0.0,0.8666666666666667,2536.3134710684735,17.226556854840574,,0.0009996891021728516
0.1,3,100,95,CQHR,Gaussian,cqr,native,0.5,0.0,0.855,91385.57342701238,34.136252843963284,9.556533583211078,0.0
0.1,3,100,95,TSCP_R,Gaussian,cqr,capped,0.5,0.0,0.88,2369.783553035845,15.53087692746295,,0.0009999275207519531
0.1,3,100,95,Unscaled,Gaussian,cqr,raw,0.5,0.0,0.8583333333333333,2497.308278169508,13.878109729647303,,0.0
0.1,3,100,95,Empirical_copula,Gaussian,cqr,raw,0.5,0.0,0.8266666666666667,1944.449684067245,13.461754768064333,,0.0013358592987060547
0.1,3,100,96,CQHR,Gaussian,cqr,native,0.5,0.0,0.8216666666666667,15377.06699303951,25.011611333137925,7.690906489446533,0.0010182857513427734
0.1,3,100,96,TSCP_R,Gaussian,cqr,capped,0.5,0.0,0.855,2124.3173379327804,14.433723355068238,,0.0009832382202148438
0.1,3,100,96,Unscaled,Gaussian,cqr,raw,0.5,0.0,0.87,2621.2618030179797,14.144378622862508,,0.0
0.1,3,100,96,Empirical_copula,Gaussian,cqr,raw,0.5,0.0,0.86,2168.7820977150936,14.351575790713692,,0.0009999275207519531
0.1,3,100,97,CQHR,Gaussian,cqr,native,0.5,0.0,0.9,32109.45317283844,31.319910495877274,9.702972923914237,0.0
0.1,3,100,97,TSCP_R,Gaussian,cqr,capped,0.5,0.0,0.895,2851.3860127591242,19.034396117168903,,0.0009996891021728516
0.1,3,100,97,Unscaled,Gaussian,cqr,raw,0.5,0.0,0.9366666666666666,4496.234402974615,16.789050708820838,,0.0
0.1,3,100,97,Empirical_copula,Gaussian,cqr,raw,0.5,0.0,0.8866666666666667,2697.1440799402594,18.5963589156894,,0.0009932518005371094
0.1,3,100,98,CQHR,Gaussian,cqr,native,0.5,0.0,0.875,69733.63372631375,36.44045631250453,11.207466442557399,0.0010001659393310547
0.1,3,100,98,TSCP_R,Gaussian,cqr,capped,0.5,0.0,0.8966666666666666,2585.6743001037885,17.30020055800497,,0.0010013580322265625
0.1,3,100,98,Unscaled,Gaussian,cqr,raw,0.5,0.0,0.9066666666666666,3309.9917096160893,15.263588648186776,,0.0
0.1,3,100,98,Empirical_copula,Gaussian,cqr,raw,0.5,0.0,0.885,2271.912541688578,17.03389791257821,,0.0010001659393310547
0.1,3,100,99,CQHR,Gaussian,cqr,native,0.5,0.0,0.9083333333333333,40705.638057983044,30.427845529140626,10.147193937050295,0.0
0.1,3,100,99,TSCP_R,Gaussian,cqr,capped,0.5,0.0,0.8483333333333334,2013.0725178962698,14.495926685945852,,0.0010077953338623047
0.1,3,100,99,Unscaled,Gaussian,cqr,raw,0.5,0.0,0.8766666666666667,2494.3989315991803,13.855302844865912,,0.0
0.1,3,100,99,Empirical_copula,Gaussian,cqr,raw,0.5,0.0,0.8383333333333334,1884.911693357098,14.013049966706827,,0.0009987354278564453
0.1,3,100,0,CQHR,Gaussian,cqr,native,0.3,0.0,0.9,6631.6391503468,19.20218121592965,5.681540153648928,0.0
0.1,3,100,0,TSCP_R,Gaussian,cqr,capped,0.3,0.0,0.8683333333333333,3797.0720086964143,19.746657641782196,,0.0010063648223876953
0.1,3,100,0,Unscaled,Gaussian,cqr,raw,0.3,0.0,0.89,4150.765611653764,16.112135290347705,,0.0
0.1,3,100,0,Empirical_copula,Gaussian,cqr,raw,0.3,0.0,0.8583333333333333,3428.1656663547083,17.72905963136815,,0.0009996891021728516
0.1,3,100,1,CQHR,Gaussian,cqr,native,0.3,0.0,0.9216666666666666,7663.150837850425,20.383457524951485,5.857423659981478,0.0
0.1,3,100,1,TSCP_R,Gaussian,cqr,capped,0.3,0.0,0.94,4746.963199018254,18.837594910203194,,0.0009999275207519531
0.1,3,100,1,Unscaled,Gaussian,cqr,raw,0.3,0.0,0.9333333333333333,5033.612740369821,17.227598909765646,,0.0
0.1,3,100,1,Empirical_copula,Gaussian,cqr,raw,0.3,0.0,0.9183333333333333,4075.4652374301004,18.76768014706143,,0.0009999275207519531
0.1,3,100,2,CQHR,Gaussian,cqr,native,0.3,0.0,0.9083333333333333,6069.036897493168,19.135119990242398,5.512915163874543,0.0
0.1,3,100,2,TSCP_R,Gaussian,cqr,capped,0.3,0.0,0.905,3727.7316523897,16.924867434012402,,0.0010120868682861328
0.1,3,100,2,Unscaled,Gaussian,cqr,raw,0.3,0.0,0.87,3345.432055456688,15.241592312928937,,0.0
0.1,3,100,2,Empirical_copula,Gaussian,cqr,raw,0.3,0.0,0.8666666666666667,3216.7914634599956,17.228337707494287,,0.0009906291961669922
0.1,3,100,3,CQHR,Gaussian,cqr,native,0.3,0.0,0.89,5939.152033104524,18.560350318265044,5.219292323575576,0.0
0.1,3,100,3,TSCP_R,Gaussian,cqr,capped,0.3,0.0,0.86,3383.4321274968556,17.844501929462627,,0.0009882450103759766
0.1,3,100,3,Unscaled,Gaussian,cqr,raw,0.3,0.0,0.8733333333333333,3732.637984477644,15.535539610110524,,0.0
0.1,3,100,3,Empirical_copula,Gaussian,cqr,raw,0.3,0.0,0.8466666666666667,3214.0840686121483,17.59713551449191,,0.0009982585906982422
0.1,3,100,4,CQHR,Gaussian,cqr,native,0.3,0.0,0.92,8618.074230641181,21.013499516477466,6.423004749517704,0.0
0.1,3,100,4,TSCP_R,Gaussian,cqr,capped,0.3,0.0,0.875,3912.787718355474,19.169917965796117,,0.0017001628875732422
0.1,3,100,4,Unscaled,Gaussian,cqr,raw,0.3,0.0,0.9133333333333333,5307.280128212754,17.647881274313335,,0.0
0.1,3,100,4,Empirical_copula,Gaussian,cqr,raw,0.3,0.0,0.8733333333333333,3983.3297904480855,20.039043462808433,,0.0
0.1,3,100,5,CQHR,Gaussian,cqr,native,0.3,0.0,0.96,8935.07985845102,21.221215911013882,6.698682230735979,0.0
0.1,3,100,5,TSCP_R,Gaussian,cqr,capped,0.3,0.0,0.9016666666666666,3123.9667851850827,15.418402356855646,,0.0009989738464355469
0.1,3,100,5,Unscaled,Gaussian,cqr,raw,0.3,0.0,0.8933333333333333,3098.6428232820253,14.781496123599394,,0.0
0.1,3,100,5,Empirical_copula,Gaussian,cqr,raw,0.3,0.0,0.8766666666666667,2610.8291652226076,14.686363464849018,,0.0009944438934326172
0.1,3,100,6,CQHR,Gaussian,cqr,native,0.3,0.0,0.905,6305.118044623278,18.91327334027996,5.279747906662699,0.0
0.1,3,100,6,TSCP_R,Gaussian,cqr,capped,0.3,0.0,0.8516666666666667,2957.5082902387367,15.45687686509166,,0.0009987354278564453
0.1,3,100,6,Unscaled,Gaussian,cqr,raw,0.3,0.0,0.8166666666666667,2732.6615477436762,13.877453483403169,,0.0
0.1,3,100,6,Empirical_copula,Gaussian,cqr,raw,0.3,0.0,0.8083333333333333,2517.6591460794953,13.957794171429983,,0.0009930133819580078
0.1,3,100,7,CQHR,Gaussian,cqr,native,0.3,0.0,0.8733333333333333,5596.3995126388045,18.098878601702417,5.053291567433538,0.0
0.1,3,100,7,TSCP_R,Gaussian,cqr,capped,0.3,0.0,0.8716666666666667,3551.003577587187,20.129034790122876,,0.0010006427764892578
0.1,3,100,7,Unscaled,Gaussian,cqr,raw,0.3,0.0,0.9066666666666666,4127.506352275153,16.285084742691325,,0.0
0.1,3,100,7,Empirical_copula,Gaussian,cqr,raw,0.3,0.0,0.84,2904.794373070749,18.38213153411806,,0.0009982585906982422
0.1,3,100,8,CQHR,Gaussian,cqr,native,0.3,0.0,0.8733333333333333,5958.2239297740825,18.547273004558278,5.325074512706401,0.0
0.1,3,100,8,TSCP_R,Gaussian,cqr,capped,0.3,0.0,0.9066666666666666,4781.961812256152,19.144221196042448,,0.002000570297241211
0.1,3,100,8,Unscaled,Gaussian,cqr,raw,0.3,0.0,0.9166666666666666,5156.342443857895,17.509408744217147,,0.0
0.1,3,100,8,Empirical_copula,Gaussian,cqr,raw,0.3,0.0,0.885,3890.9175537496044,17.935991251032977,,0.0010004043579101562
0.1,3,100,9,CQHR,Gaussian,cqr,native,0.3,0.0,0.92,8493.008205306825,21.120871806031843,6.293702615329605,0.0009989738464355469
0.1,3,100,9,TSCP_R,Gaussian,cqr,capped,0.3,0.0,0.9433333333333334,6473.937363803154,21.300002786427797,,0.0010004043579101562
0.1,3,100,9,Unscaled,Gaussian,cqr,raw,0.3,0.0,0.905,5181.148511229491,17.33428646304112,,0.0
0.1,3,100,9,Empirical_copula,Gaussian,cqr,raw,0.3,0.0,0.9316666666666666,5954.816348627581,21.233761887314945,,0.0009996891021728516
0.1,3,100,10,CQHR,Gaussian,cqr,native,0.3,0.0,0.8933333333333333,6049.753240971975,18.524501433518097,5.279067094972548,0.0
0.1,3,100,10,TSCP_R,Gaussian,cqr,capped,0.3,0.0,0.8633333333333333,3889.8752081045827,17.069846744920927,,0.0010051727294921875
0.1,3,100,10,Unscaled,Gaussian,cqr,raw,0.3,0.0,0.8483333333333334,3313.9314496496954,15.059176255080171,,0.0
0.1,3,100,10,Empirical_copula,Gaussian,cqr,raw,0.3,0.0,0.845,3258.9148917449847,15.498700380188351,,0.0010063648223876953
0.1,3,100,11,CQHR,Gaussian,cqr,native,0.3,0.0,0.8416666666666667,4279.163591395969,16.783771956473288,4.487476276997659,0.0009930133819580078
0.1,3,100,11,TSCP_R,Gaussian,cqr,capped,0.3,0.0,0.875,3068.394606857312,16.990241573581724,,0.0009999275207519531
0.1,3,100,11,Unscaled,Gaussian,cqr,raw,0.3,0.0,0.89,3462.945619664807,15.230643398819096,,0.0
0.1,3,100,11,Empirical_copula,Gaussian,cqr,raw,0.3,0.0,0.82,2701.9848257983203,17.557924223020603,,0.0010099411010742188
0.1,3,100,12,CQHR,Gaussian,cqr,native,0.3,0.0,0.9583333333333334,10625.407252521309,22.82046874513944,7.382184677365274,0.0
0.1,3,100,12,TSCP_R,Gaussian,cqr,capped,0.3,0.0,0.95,4906.270612908528,18.948688612988857,,0.0010018348693847656
0.1,3,100,12,Unscaled,Gaussian,cqr,raw,0.3,0.0,0.8933333333333333,3603.630240947851,15.709622350786695,,0.0
0.1,3,100,12,Empirical_copula,Gaussian,cqr,raw,0.3,0.0,0.925,4166.229493867204,18.984958105059512,,0.0
0.1,3,100,13,CQHR,Gaussian,cqr,native,0.3,0.0,0.9,6513.512625071851,19.59905644887224,5.713294800589118,0.0
0.1,3,100,13,TSCP_R,Gaussian,cqr,capped,0.3,0.0,0.9233333333333333,5016.867049803122,18.25908887767192,,0.0
0.1,3,100,13,Unscaled,Gaussian,cqr,raw,0.3,0.0,0.8616666666666667,4015.1898569300524,16.145567880665073,,0.0
0.1,3,100,13,Empirical_copula,Gaussian,cqr,raw,0.3,0.0,0.8966666666666666,4576.025225547398,18.53952084947831,,0.0
0.1,3,100,14,CQHR,Gaussian,cqr,native,0.3,0.0,0.89,6559.189110251252,18.9184967482388,5.321420205413987,0.0
0.1,3,100,14,TSCP_R,Gaussian,cqr,capped,0.3,0.0,0.8916666666666667,4155.440147448699,19.165961436581775,,0.0010068416595458984
0.1,3,100,14,Unscaled,Gaussian,cqr,raw,0.3,0.0,0.8983333333333333,4325.142788901568,16.38319763868577,,0.0
0.1,3,100,14,Empirical_copula,Gaussian,cqr,raw,0.3,0.0,0.8816666666666667,3819.0170505495416,18.597439497401638,,0.0009996891021728516
0.1,3,100,15,CQHR,Gaussian,cqr,native,0.3,0.0,0.9166666666666666,6994.658519287655,19.65053439648464,5.6592229423321605,0.0009961128234863281
0.1,3,100,15,TSCP_R,Gaussian,cqr,capped,0.3,0.0,0.9333333333333333,5032.0341616053765,18.099248518318934,,0.000993490219116211
0.1,3,100,15,Unscaled,Gaussian,cqr,raw,0.3,0.0,0.9183333333333333,4866.811728835663,17.044935271191935,,0.0
0.1,3,100,15,Empirical_copula,Gaussian,cqr,raw,0.3,0.0,0.9283333333333333,5024.458484928742,18.467725794938943,,0.0010097026824951172
0.1,3,100,16,CQHR,Gaussian,cqr,native,0.3,0.0,0.92,8436.304356629274,20.965259891690263,6.335484942784572,0.0
0.1,3,100,16,TSCP_R,Gaussian,cqr,capped,0.3,0.0,0.94,5132.636183269471,19.024479940476947,,0.0009996891021728516
0.1,3,100,16,Unscaled,Gaussian,cqr,raw,0.3,0.0,0.905,4316.9922223409885,16.400450275205184,,0.0
0.1,3,100,16,Empirical_copula,Gaussian,cqr,raw,0.3,0.0,0.8883333333333333,4085.405545861044,16.855597484174115,,0.0010001659393310547
0.1,3,100,17,CQHR,Gaussian,cqr,native,0.3,0.0,0.885,6770.048391127207,19.10574278553344,5.503511658409633,0.0
0.1,3,100,17,TSCP_R,Gaussian,cqr,capped,0.3,0.0,0.8466666666666667,3348.000672644657,17.279000125802234,,0.0009996891021728516
0.1,3,100,17,Unscaled,Gaussian,cqr,raw,0.3,0.0,0.835,3451.3248916801717,15.147687772513567,,0.0
0.1,3,100,17,Empirical_copula,Gaussian,cqr,raw,0.3,0.0,0.83,3129.619742473476,17.23688913545145,,0.0009992122650146484
0.1,3,100,18,CQHR,Gaussian,cqr,native,0.3,0.0,0.8866666666666667,5635.4252611227685,18.39339185391179,5.273294209799668,0.0
0.1,3,100,18,TSCP_R,Gaussian,cqr,capped,0.3,0.0,0.8366666666666667,2804.6205867681037,15.887277172749794,,0.0009987354278564453
0.1,3,100,18,Unscaled,Gaussian,cqr,raw,0.3,0.0,0.875,3428.9745544890716,15.279561081025804,,0.0
0.1,3,100,18,Empirical_copula,Gaussian,cqr,raw,0.3,0.0,0.8216666666666667,2559.4640112210345,15.570476191075683,,0.0010001659393310547
0.1,3,100,19,CQHR,Gaussian,cqr,native,0.3,0.0,0.8633333333333333,5207.205419456304,17.596130441980225,4.673759722697497,0.0
0.1,3,100,19,TSCP_R,Gaussian,cqr,capped,0.3,0.0,0.8166666666666667,2845.795382610287,15.40599040164323,,0.001997232437133789
0.1,3,100,19,Unscaled,Gaussian,cqr,raw,0.3,0.0,0.85,3305.6614625596426,14.974485900132807,,0.0
0.1,3,100,19,Empirical_copula,Gaussian,cqr,raw,0.3,0.0,0.7816666666666666,2700.816546612749,15.516510575367793,,0.0009982585906982422
0.1,3,100,20,CQHR,Gaussian,cqr,native,0.3,0.0,0.9233333333333333,8339.885175942869,20.96977584913476,6.505410195921119,0.0
0.1,3,100,20,TSCP_R,Gaussian,cqr,capped,0.3,0.0,0.8833333333333333,3958.6676150691037,17.21024910806062,,0.0009987354278564453
0.1,3,100,20,Unscaled,Gaussian,cqr,raw,0.3,0.0,0.8666666666666667,3913.306467234972,15.993478123892098,,0.0
0.1,3,100,20,Empirical_copula,Gaussian,cqr,raw,0.3,0.0,0.865,3569.3381884312644,17.163123128299215,,0.0010073184967041016
0.1,3,100,21,CQHR,Gaussian,cqr,native,0.3,0.0,0.8933333333333333,5816.109413467483,18.250548641832225,5.1599797550915865,0.0
0.1,3,100,21,TSCP_R,Gaussian,cqr,capped,0.3,0.0,0.845,3127.0765398838066,16.23122234534442,,0.000993490219116211
0.1,3,100,21,Unscaled,Gaussian,cqr,raw,0.3,0.0,0.8433333333333334,3057.548245158903,14.557819924655538,,0.0
0.1,3,100,21,Empirical_copula,Gaussian,cqr,raw,0.3,0.0,0.8366666666666667,2950.2524601269006,15.91757425146551,,0.0010104179382324219
0.1,3,100,22,CQHR,Gaussian,cqr,native,0.3,0.0,0.9083333333333333,8872.883882794315,21.361607295557366,6.7281783676992655,0.0
0.1,3,100,22,TSCP_R,Gaussian,cqr,capped,0.3,0.0,0.945,5644.528755973702,20.781110588364673,,0.0009903907775878906
0.1,3,100,22,Unscaled,Gaussian,cqr,raw,0.3,0.0,0.9433333333333334,6083.576640580129,18.464079076608385,,0.0
0.1,3,100,22,Empirical_copula,Gaussian,cqr,raw,0.3,0.0,0.93,5099.324449595989,19.469314422910234,,0.0009922981262207031
0.1,3,100,23,CQHR,Gaussian,cqr,native,0.3,0.0,0.9333333333333333,8465.857108037419,20.797862810641607,6.435300934268084,0.0
0.1,3,100,23,TSCP_R,Gaussian,cqr,capped,0.3,0.0,0.9516666666666667,6209.652852965567,20.86042515951873,,0.0009996891021728516
0.1,3,100,23,Unscaled,Gaussian,cqr,raw,0.3,0.0,0.9533333333333334,7069.113472796863,19.304794916125054,,0.0
0.1,3,100,23,Empirical_copula,Gaussian,cqr,raw,0.3,0.0,0.925,5413.090820524092,21.824821816615117,,0.0009996891021728516
0.1,3,100,24,CQHR,Gaussian,cqr,native,0.3,0.0,0.9316666666666666,8645.323618867918,21.287370242029397,6.661641146845286,0.0
0.1,3,100,24,TSCP_R,Gaussian,cqr,capped,0.3,0.0,0.9333333333333333,4668.460769714544,18.750718245184164,,0.0009996891021728516
0.1,3,100,24,Unscaled,Gaussian,cqr,raw,0.3,0.0,0.9183333333333333,4566.737193700132,16.87777088845043,,0.0
0.1,3,100,24,Empirical_copula,Gaussian,cqr,raw,0.3,0.0,0.925,4317.297982316525,18.658426997845154,,0.0009984970092773438
0.1,3,100,25,CQHR,Gaussian,cqr,native,0.3,0.0,0.8833333333333333,5166.775088468888,17.510599567606242,4.66639765966716,0.0
0.1,3,100,25,TSCP_R,Gaussian,cqr,capped,0.3,0.0,0.8633333333333333,3719.3454070169073,19.616796930382044,,0.00099945068359375
0.1,3,100,25,Unscaled,Gaussian,cqr,raw,0.3,0.0,0.9016666666666666,4270.877306587726,16.049436586466836,,0.0
0.1,3,100,25,Empirical_copula,Gaussian,cqr,raw,0.3,0.0,0.865,3432.935264476644,17.720216358801494,,0.0010006427764892578
0.1,3,100,26,CQHR,Gaussian,cqr,native,0.3,0.0,0.8833333333333333,6462.47312531688,18.936011781630874,5.488138837334884,0.0
0.1,3,100,26,TSCP_R,Gaussian,cqr,capped,0.3,0.0,0.8733333333333333,3432.2035202058983,16.974120140497337,,0.0009996891021728516
0.1,3,100,26,Unscaled,Gaussian,cqr,raw,0.3,0.0,0.9016666666666666,4295.809448300375,16.33533202543751,,0.0
0.1,3,100,26,Empirical_copula,Gaussian,cqr,raw,0.3,0.0,0.8783333333333333,3446.945920866635,16.75093675104773,,0.0009999275207519531
0.1,3,100,27,CQHR,Gaussian,cqr,native,0.3,0.0,0.9266666666666666,7598.155163512747,20.328256520518888,6.022666824634985,0.0
0.1,3,100,27,TSCP_R,Gaussian,cqr,capped,0.3,0.0,0.8833333333333333,3549.323510951968,15.840333144709893,,0.0016236305236816406
0.1,3,100,27,Unscaled,Gaussian,cqr,raw,0.3,0.0,0.86,3458.164056032081,15.191429431978367,,0.0
0.1,3,100,27,Empirical_copula,Gaussian,cqr,raw,0.3,0.0,0.8483333333333334,3087.6996386010683,15.393941123168446,,0.0
0.1,3,100,28,CQHR,Gaussian,cqr,native,0.3,0.0,0.9033333333333333,6903.17384426918,19.539122103976307,5.849545876062485,0.0
0.1,3,100,28,TSCP_R,Gaussian,cqr,capped,0.3,0.0,0.8866666666666667,3443.8057638731184,17.78624464481916,,0.0010008811950683594
0.1,3,100,28,Unscaled,Gaussian,cqr,raw,0.3,0.0,0.8866666666666667,3797.335215999701,15.62768641017321,,0.0
0.1,3,100,28,Empirical_copula,Gaussian,cqr,raw,0.3,0.0,0.855,3045.6092399813133,16.540335714754075,,0.0009989738464355469
0.1,3,100,29,CQHR,Gaussian,cqr,native,0.3,0.0,0.91,6747.9062589953055,19.68735351742403,5.8257512100330135,0.0
0.1,3,100,29,TSCP_R,Gaussian,cqr,capped,0.3,0.0,0.905,3775.9491351153792,18.499721056102082,,0.0009999275207519531
0.1,3,100,29,Unscaled,Gaussian,cqr,raw,0.3,0.0,0.9266666666666666,5298.17295106838,17.766759921559867,,0.0
0.1,3,100,29,Empirical_copula,Gaussian,cqr,raw,0.3,0.0,0.8816666666666667,3292.7748304664196,19.229623425075975,,0.0009999275207519531
0.1,3,100,30,CQHR,Gaussian,cqr,native,0.3,0.0,0.89,6458.06703392118,19.3576113315763,5.694108606646127,0.0
0.1,3,100,30,TSCP_R,Gaussian,cqr,capped,0.3,0.0,0.9333333333333333,4900.4648337681865,18.520953856848667,,0.0009999275207519531
0.1,3,100,30,Unscaled,Gaussian,cqr,raw,0.3,0.0,0.9316666666666666,4904.177058050288,17.309183968096875,,0.0
0.1,3,100,30,Empirical_copula,Gaussian,cqr,raw,0.3,0.0,0.9133333333333333,3948.6343000383226,16.914356819483775,,0.0
0.1,3,100,31,CQHR,Gaussian,cqr,native,0.3,0.0,0.9066666666666666,8153.026495446743,20.607644744964194,6.252541032985678,0.0
0.1,3,100,31,TSCP_R,Gaussian,cqr,capped,0.3,0.0,0.88,4117.048399875997,18.109920490102112,,0.00200653076171875
0.1,3,100,31,Unscaled,Gaussian,cqr,raw,0.3,0.0,0.8783333333333333,4325.6378265301455,16.386461114311572,,0.0
0.1,3,100,31,Empirical_copula,Gaussian,cqr,raw,0.3,0.0,0.8683333333333333,3778.5380482625046,18.152327765556773,,0.0
0.1,3,100,32,CQHR,Gaussian,cqr,native,0.3,0.0,0.8883333333333333,6635.249363592095,19.11377156697479,5.4938258926004195,0.0
0.1,3,100,32,TSCP_R,Gaussian,cqr,capped,0.3,0.0,0.8716666666666667,3663.4723966591278,17.282103005630105,,0.0010104179382324219
0.1,3,100,32,Unscaled,Gaussian,cqr,raw,0.3,0.0,0.8783333333333333,3953.784910544059,15.879653137021196,,0.0
0.1,3,100,32,Empirical_copula,Gaussian,cqr,raw,0.3,0.0,0.8516666666666667,3415.588935236549,17.74901673488949,,0.0009963512420654297
0.1,3,100,33,CQHR,Gaussian,cqr,native,0.3,0.0,0.8866666666666667,6272.166038678416,18.771609766271933,5.480543940597152,0.0010082721710205078
0.1,3,100,33,TSCP_R,Gaussian,cqr,capped,0.3,0.0,0.93,4512.601002277465,17.439172822115484,,0.0009925365447998047
0.1,3,100,33,Unscaled,Gaussian,cqr,raw,0.3,0.0,0.93,4502.401531003826,16.70697514766748,,0.0
0.1,3,100,33,Empirical_copula,Gaussian,cqr,raw,0.3,0.0,0.9016666666666666,3836.2048216576845,16.706975147634115,,0.0010004043579101562
0.1,3,100,34,CQHR,Gaussian,cqr,native,0.3,0.0,0.9333333333333333,8353.294223809278,21.172315927392724,6.612699404241164,0.0
0.1,3,100,34,TSCP_R,Gaussian,cqr,capped,0.3,0.0,0.96,5809.420826130294,19.802505973391895,,0.00099945068359375
0.1,3,100,34,Unscaled,Gaussian,cqr,raw,0.3,0.0,0.9566666666666667,5668.053058834769,18.175721210700356,,0.0
0.1,3,100,34,Empirical_copula,Gaussian,cqr,raw,0.3,0.0,0.9583333333333334,5442.23964940482,18.605702771461214,,0.00099945068359375
0.1,3,100,35,CQHR,Gaussian,cqr,native,0.3,0.0,0.93,6761.170245325628,19.15590054094949,5.557847474589136,0.0010063648223876953
0.1,3,100,35,TSCP_R,Gaussian,cqr,capped,0.3,0.0,0.905,4039.5377972681504,17.800815434006317,,0.0009996891021728516
0.1,3,100,35,Unscaled,Gaussian,cqr,raw,0.3,0.0,0.9083333333333333,4421.794802827853,16.566725488628897,,0.0
0.1,3,100,35,Empirical_copula,Gaussian,cqr,raw,0.3,0.0,0.8833333333333333,3645.992074047616,16.72195159859934,,0.0009996891021728516
0.1,3,100,36,CQHR,Gaussian,cqr,native,0.3,0.0,0.9116666666666666,7668.019313372054,20.435897267950605,6.197505881705955,0.0
0.1,3,100,36,TSCP_R,Gaussian,cqr,capped,0.3,0.0,0.9183333333333333,4096.774609800997,16.656342249769004,,0.0010113716125488281
0.1,3,100,36,Unscaled,Gaussian,cqr,raw,0.3,0.0,0.8916666666666667,3766.2589283577913,15.91996516170796,,0.0
0.1,3,100,36,Empirical_copula,Gaussian,cqr,raw,0.3,0.0,0.9033333333333333,3794.78464245207,16.84411545509027,,0.0009987354278564453
0.1,3,100,37,CQHR,Gaussian,cqr,native,0.3,0.0,0.9016666666666666,6536.866321811984,19.287642108180624,5.646050742714546,0.0
0.1,3,100,37,TSCP_R,Gaussian,cqr,capped,0.3,0.0,0.8916666666666667,3586.0230929744803,16.492636466084722,,0.0010538101196289062
0.1,3,100,37,Unscaled,Gaussian,cqr,raw,0.3,0.0,0.9,4015.5222532205185,16.054100603000187,,0.0
0.1,3,100,37,Empirical_copula,Gaussian,cqr,raw,0.3,0.0,0.8816666666666667,3380.24974059434,16.56771781637669,,0.0009469985961914062
0.1,3,100,38,CQHR,Gaussian,cqr,native,0.3,0.0,0.8916666666666667,7245.034717307069,19.876786962682615,5.779704107642154,0.0
0.1,3,100,38,TSCP_R,Gaussian,cqr,capped,0.3,0.0,0.9216666666666666,5120.087537620859,18.98572689950011,,0.0010001659393310547
0.1,3,100,38,Unscaled,Gaussian,cqr,raw,0.3,0.0,0.9283333333333333,5509.159009197248,17.757221727283863,,0.0009942054748535156
0.1,3,100,38,Empirical_copula,Gaussian,cqr,raw,0.3,0.0,0.9116666666666666,4579.351183362488,18.249140637767002,,0.0
0.1,3,100,39,CQHR,Gaussian,cqr,native,0.3,0.0,0.8766666666666667,5513.93507304586,18.396545491867904,5.151598310057469,0.0
0.1,3,100,39,TSCP_R,Gaussian,cqr,capped,0.3,0.0,0.8866666666666667,4250.7954462464495,19.365340375916908,,0.0009961128234863281
0.1,3,100,39,Unscaled,Gaussian,cqr,raw,0.3,0.0,0.915,5115.8963989765025,17.558982389979512,,0.0
0.1,3,100,39,Empirical_copula,Gaussian,cqr,raw,0.3,0.0,0.8616666666666667,3427.0775623746963,18.396545491867904,,0.0010044574737548828
0.1,3,100,40,CQHR,Gaussian,cqr,native,0.3,0.0,0.89,6140.253194032014,18.594265746596502,5.393492826649904,0.0
0.1,3,100,40,TSCP_R,Gaussian,cqr,capped,0.3,0.0,0.8616666666666667,3750.5884522768824,19.983674703255137,,0.0010004043579101562
0.1,3,100,40,Unscaled,Gaussian,cqr,raw,0.3,0.0,0.905,4705.429972600569,16.909608906896608,,0.0
0.1,3,100,40,Empirical_copula,Gaussian,cqr,raw,0.3,0.0,0.8516666666666667,3357.955016189167,17.58109977191308,,0.0010056495666503906
0.1,3,100,41,CQHR,Gaussian,cqr,native,0.3,0.0,0.855,5415.856024929201,18.09087526034995,5.110525851935264,0.0
0.1,3,100,41,TSCP_R,Gaussian,cqr,capped,0.3,0.0,0.9266666666666666,4186.458407638304,18.302465686947315,,0.0009992122650146484
0.1,3,100,41,Unscaled,Gaussian,cqr,raw,0.3,0.0,0.895,3630.7263485787003,15.530633002467479,,0.0
0.1,3,100,41,Empirical_copula,Gaussian,cqr,raw,0.3,0.0,0.9116666666666666,3767.311525840546,16.940795215216827,,0.0009951591491699219
0.1,3,100,42,CQHR,Gaussian,cqr,native,0.3,0.0,0.9266666666666666,9053.363909971005,21.28193958046924,6.648739479269697,0.0
0.1,3,100,42,TSCP_R,Gaussian,cqr,capped,0.3,0.0,0.9133333333333333,5119.769608345304,20.08152110290396,,0.0010097026824951172
0.1,3,100,42,Unscaled,Gaussian,cqr,raw,0.3,0.0,0.93,5201.03932203629,17.585397470968545,,0.0
0.1,3,100,42,Empirical_copula,Gaussian,cqr,raw,0.3,0.0,0.9016666666666666,4173.7182769187575,18.414846180242275,,0.0009965896606445312
0.1,3,100,43,CQHR,Gaussian,cqr,native,0.3,0.0,0.91,6474.210708596293,18.9990936890263,5.465946235348376,0.0
0.1,3,100,43,TSCP_R,Gaussian,cqr,capped,0.3,0.0,0.9116666666666666,4316.941311988157,18.406302460021838,,0.001001596450805664
0.1,3,100,43,Unscaled,Gaussian,cqr,raw,0.3,0.0,0.9233333333333333,5139.950647676511,17.357110071819985,,0.0
0.1,3,100,43,Empirical_copula,Gaussian,cqr,raw,0.3,0.0,0.9033333333333333,4010.5182322021137,17.988378155148666,,0.0009999275207519531
0.1,3,100,44,CQHR,Gaussian,cqr,native,0.3,0.0,0.8983333333333333,5219.272497691852,17.732002557098955,4.846381836235924,0.0
0.1,3,100,44,TSCP_R,Gaussian,cqr,capped,0.3,0.0,0.8633333333333333,2578.2959451302554,15.215077335778464,,0.0009984970092773438
0.1,3,100,44,Unscaled,Gaussian,cqr,raw,0.3,0.0,0.8483333333333334,2710.1377845206366,14.089752697488423,,0.0
0.1,3,100,44,Empirical_copula,Gaussian,cqr,raw,0.3,0.0,0.85,2464.8474101204642,15.189839962143553,,0.001001596450805664
0.1,3,100,45,CQHR,Gaussian,cqr,native,0.3,0.0,0.8833333333333333,6499.357136617063,18.61150269984709,5.199347698144384,0.0
0.1,3,100,45,TSCP_R,Gaussian,cqr,capped,0.3,0.0,0.8083333333333333,3136.7148965108427,16.14465277346593,,0.0009932518005371094
0.1,3,100,45,Unscaled,Gaussian,cqr,raw,0.3,0.0,0.8116666666666666,3256.687352531226,14.633839298822569,,0.0
0.1,3,100,45,Empirical_copula,Gaussian,cqr,raw,0.3,0.0,0.8083333333333333,3074.179471840763,15.536342809218477,,0.001001596450805664
0.1,3,100,46,CQHR,Gaussian,cqr,native,0.3,0.0,0.89,6799.408136731425,19.622268622788173,5.802658882621852,0.0
0.1,3,100,46,TSCP_R,Gaussian,cqr,capped,0.3,0.0,0.8516666666666667,3445.04023370812,18.23453362364745,,0.0010001659393310547
0.1,3,100,46,Unscaled,Gaussian,cqr,raw,0.3,0.0,0.8816666666666667,3805.2248816101915,15.806312547890958,,0.0
0.1,3,100,46,Empirical_copula,Gaussian,cqr,raw,0.3,0.0,0.845,3195.9018024439665,17.867605443459404,,0.0010001659393310547
0.1,3,100,47,CQHR,Gaussian,cqr,native,0.3,0.0,0.94,7250.4972124925935,19.869989739567092,5.934864683979192,0.0
0.1,3,100,47,TSCP_R,Gaussian,cqr,capped,0.3,0.0,0.9433333333333334,5144.581531731668,20.73347352132678,,0.0
0.1,3,100,47,Unscaled,Gaussian,cqr,raw,0.3,0.0,0.9433333333333334,5405.146912786824,17.83845200497798,,0.0
0.1,3,100,47,Empirical_copula,Gaussian,cqr,raw,0.3,0.0,0.9283333333333333,4558.6312421597795,19.26937576173111,,0.0
0.1,3,100,48,CQHR,Gaussian,cqr,native,0.3,0.0,0.9,7231.267544685118,19.710973827277932,5.75431786082421,0.0
0.1,3,100,48,TSCP_R,Gaussian,cqr,capped,0.3,0.0,0.88,4549.35838863213,17.206364925177,,0.0
0.1,3,100,48,Unscaled,Gaussian,cqr,raw,0.3,0.0,0.8883333333333333,4826.620585329753,17.001864757560277,,0.0
0.1,3,100,48,Empirical_copula,Gaussian,cqr,raw,0.3,0.0,0.845,3773.1554273103784,17.483769635835497,,0.0
0.1,3,100,49,CQHR,Gaussian,cqr,native,0.3,0.0,0.925,8361.179175710924,20.69311080048436,6.458181084818036,0.0
0.1,3,100,49,TSCP_R,Gaussian,cqr,capped,0.3,0.0,0.8616666666666667,3330.5216261733526,17.33248267143095,,0.0010073184967041016
0.1,3,100,49,Unscaled,Gaussian,cqr,raw,0.3,0.0,0.8716666666666667,3507.360291684872,15.310312708964409,,0.0
0.1,3,100,49,Empirical_copula,Gaussian,cqr,raw,0.3,0.0,0.855,3157.1882217349416,16.56521944774437,,0.0010001659393310547
0.1,3,100,50,CQHR,Gaussian,cqr,native,0.3,0.0,0.9416666666666667,8462.073820602145,21.06597375190232,6.509587214355979,0.0
0.1,3,100,50,TSCP_R,Gaussian,cqr,capped,0.3,0.0,0.9066666666666666,4418.53879106923,21.206225965360435,,0.000995635986328125
0.1,3,100,50,Unscaled,Gaussian,cqr,raw,0.3,0.0,0.9333333333333333,5209.916986762402,17.451651953798308,,0.0
0.1,3,100,50,Empirical_copula,Gaussian,cqr,raw,0.3,0.0,0.89,4279.158184111036,21.065973751902312,,0.0009980201721191406
0.1,3,100,51,CQHR,Gaussian,cqr,native,0.3,0.0,0.9033333333333333,22519.866349630134,21.49374472393889,5.619668266757412,0.0
0.1,3,100,51,TSCP_R,Gaussian,cqr,capped,0.3,0.0,0.8433333333333334,3416.6413088957866,17.114423192992582,,0.0009980201721191406
0.1,3,100,51,Unscaled,Gaussian,cqr,raw,0.3,0.0,0.815,3087.8521368183137,14.496769965138931,,0.0
0.1,3,100,51,Empirical_copula,Gaussian,cqr,raw,0.3,0.0,0.8166666666666667,3105.3575341045066,17.076636706161185,,0.0009167194366455078
0.1,3,100,52,CQHR,Gaussian,cqr,native,0.3,0.0,0.9083333333333333,7987.09793163269,20.414295916961176,5.939467573904113,0.0010004043579101562
0.1,3,100,52,TSCP_R,Gaussian,cqr,capped,0.3,0.0,0.8783333333333333,3688.564642126959,16.601841643822493,,0.001001596450805664
0.1,3,100,52,Unscaled,Gaussian,cqr,raw,0.3,0.0,0.8616666666666667,3743.4210477935167,15.409676597092776,,0.0
0.1,3,100,52,Empirical_copula,Gaussian,cqr,raw,0.3,0.0,0.8466666666666667,3288.768025108564,16.554082672276053,,0.0
0.1,3,100,53,CQHR,Gaussian,cqr,native,0.3,0.0,0.9366666666666666,9378.848440490685,21.84505830171774,7.058238436948188,0.0
0.1,3,100,53,TSCP_R,Gaussian,cqr,capped,0.3,0.0,0.9483333333333334,5234.408626948465,20.19565613502582,,0.0009992122650146484
0.1,3,100,53,Unscaled,Gaussian,cqr,raw,0.3,0.0,0.9383333333333334,5045.058441621017,17.417488959352887,,0.0
0.1,3,100,53,Empirical_copula,Gaussian,cqr,raw,0.3,0.0,0.94,4657.545361520769,21.027696460393578,,0.0009937286376953125
0.1,3,100,54,CQHR,Gaussian,cqr,native,0.3,0.0,0.9183333333333333,6801.321714492475,19.275615219883417,5.74843975181711,0.0
0.1,3,100,54,TSCP_R,Gaussian,cqr,capped,0.3,0.0,0.9183333333333333,4416.111330790299,18.678110061275877,,0.0010004043579101562
0.1,3,100,54,Unscaled,Gaussian,cqr,raw,0.3,0.0,0.905,4141.6936819408575,16.222417964343457,,0.0
0.1,3,100,54,Empirical_copula,Gaussian,cqr,raw,0.3,0.0,0.905,3872.7403888791837,16.511798940196385,,0.0009996891021728516
0.1,3,100,55,CQHR,Gaussian,cqr,native,0.3,0.0,0.8733333333333333,6051.6253627331425,18.545031385883306,5.3727709800127235,0.0
0.1,3,100,55,TSCP_R,Gaussian,cqr,capped,0.3,0.0,0.8883333333333333,4019.1120089585784,18.53808170823763,,0.0
0.1,3,100,55,Unscaled,Gaussian,cqr,raw,0.3,0.0,0.86,3531.52363704323,15.318423761673523,,0.0
0.1,3,100,55,Empirical_copula,Gaussian,cqr,raw,0.3,0.0,0.86,3424.7792559424975,16.527950520622767,,0.0
0.1,3,100,56,CQHR,Gaussian,cqr,native,0.3,0.0,0.8916666666666667,17654.478443906115,20.29614580283391,5.5337342166402355,0.0
0.1,3,100,56,TSCP_R,Gaussian,cqr,capped,0.3,0.0,0.8966666666666666,4100.613815130699,17.73337529743062,,0.001001119613647461
0.1,3,100,56,Unscaled,Gaussian,cqr,raw,0.3,0.0,0.8683333333333333,3605.2600735820583,15.517379445555498,,0.0
0.1,3,100,56,Empirical_copula,Gaussian,cqr,raw,0.3,0.0,0.8633333333333333,3458.1185532249656,16.491580469184463,,0.0009987354278564453
0.1,3,100,57,CQHR,Gaussian,cqr,native,0.3,0.0,0.9183333333333333,6730.87846469137,19.10885697155825,5.585422971261003,0.0
0.1,3,100,57,TSCP_R,Gaussian,cqr,capped,0.3,0.0,0.8933333333333333,3583.761218528865,15.41789785972946,,0.0009999275207519531
0.1,3,100,57,Unscaled,Gaussian,cqr,raw,0.3,0.0,0.885,3457.6913824448657,15.20844870206557,,0.0
0.1,3,100,57,Empirical_copula,Gaussian,cqr,raw,0.3,0.0,0.8883333333333333,3451.5388594320657,16.505049203263447,,0.0
0.1,3,100,58,CQHR,Gaussian,cqr,native,0.3,0.0,0.8583333333333333,4852.913423075685,17.51411117373377,4.74282970658262,0.0
0.1,3,100,58,TSCP_R,Gaussian,cqr,capped,0.3,0.0,0.8766666666666667,3273.253187257809,16.77325279257271,,0.0010056495666503906
0.1,3,100,58,Unscaled,Gaussian,cqr,raw,0.3,0.0,0.8683333333333333,3257.656354442796,14.939022508308744,,0.0
0.1,3,100,58,Empirical_copula,Gaussian,cqr,raw,0.3,0.0,0.8683333333333333,3074.8618365410002,15.835721920473967,,0.0009951591491699219
0.1,3,100,59,CQHR,Gaussian,cqr,native,0.3,0.0,0.8966666666666666,6193.442575634768,18.846186584484844,5.363357882210483,0.0
0.1,3,100,59,TSCP_R,Gaussian,cqr,capped,0.3,0.0,0.9283333333333333,5067.298177539749,18.32744663881155,,0.0009911060333251953
0.1,3,100,59,Unscaled,Gaussian,cqr,raw,0.3,0.0,0.9266666666666666,5065.991593482098,17.307295573623758,,0.0
0.1,3,100,59,Empirical_copula,Gaussian,cqr,raw,0.3,0.0,0.925,4593.274935938275,18.7476341447712,,0.0010068416595458984
0.1,3,100,60,CQHR,Gaussian,cqr,native,0.3,0.0,0.9033333333333333,7360.188000258416,20.16310843869505,6.112898915342788,0.0
0.1,3,100,60,TSCP_R,Gaussian,cqr,capped,0.3,0.0,0.895,3837.258380814079,17.359037027186698,,0.000926971435546875
0.1,3,100,60,Unscaled,Gaussian,cqr,raw,0.3,0.0,0.91,4386.037649299967,16.618010398244596,,0.0
0.1,3,100,60,Empirical_copula,Gaussian,cqr,raw,0.3,0.0,0.875,3550.749070194169,17.273256939272105,,0.0010063648223876953
0.1,3,100,61,CQHR,Gaussian,cqr,native,0.3,0.0,0.8883333333333333,6519.509974152301,18.858981127293745,5.291611133156497,0.0
0.1,3,100,61,TSCP_R,Gaussian,cqr,capped,0.3,0.0,0.8666666666666667,3525.1047853073756,15.951763062321845,,0.0010004043579101562
0.1,3,100,61,Unscaled,Gaussian,cqr,raw,0.3,0.0,0.8683333333333333,3755.5771516719196,15.540327075243997,,0.0
0.1,3,100,61,Empirical_copula,Gaussian,cqr,raw,0.3,0.0,0.8383333333333334,3203.1820340958125,15.995124014260883,,0.0009999275207519531
0.1,3,100,62,CQHR,Gaussian,cqr,native,0.3,0.0,0.9333333333333333,8549.423115493519,20.916342360971807,6.692645228740984,0.0
0.1,3,100,62,TSCP_R,Gaussian,cqr,capped,0.3,0.0,0.8733333333333333,2956.0763966488835,15.524927841972483,,0.0
0.1,3,100,62,Unscaled,Gaussian,cqr,raw,0.3,0.0,0.8733333333333333,3060.16272848402,14.643181282155826,,0.0
0.1,3,100,62,Empirical_copula,Gaussian,cqr,raw,0.3,0.0,0.8516666666666667,2648.6302577149836,14.6431812820148,,0.0
0.1,3,100,63,CQHR,Gaussian,cqr,native,0.3,0.0,0.8233333333333334,5965.425094265757,18.475558492989347,4.724376492893729,0.0
0.1,3,100,63,TSCP_R,Gaussian,cqr,capped,0.3,0.0,0.8983333333333333,4353.193113687638,18.32776959100282,,0.00099945068359375
0.1,3,100,63,Unscaled,Gaussian,cqr,raw,0.3,0.0,0.9216666666666666,5226.98665300876,17.283329119584334,,0.0
0.1,3,100,63,Empirical_copula,Gaussian,cqr,raw,0.3,0.0,0.87,3696.949022183142,18.27123451087503,,0.0010001659393310547
0.1,3,100,64,CQHR,Gaussian,cqr,native,0.3,0.0,0.9316666666666666,8924.377054277174,21.243372892489447,6.628113568969646,0.0
0.1,3,100,64,TSCP_R,Gaussian,cqr,capped,0.3,0.0,0.935,5287.984856975628,20.056304344904472,,0.0009930133819580078
0.1,3,100,64,Unscaled,Gaussian,cqr,raw,0.3,0.0,0.9033333333333333,4359.8626567299225,16.517663466597273,,0.0
0.1,3,100,64,Empirical_copula,Gaussian,cqr,raw,0.3,0.0,0.89,3877.596471841045,18.09092327954155,,0.0010073184967041016
0.1,3,100,65,CQHR,Gaussian,cqr,native,0.3,0.0,0.92,7275.972116655589,19.767138564331812,5.892188251603785,0.0
0.1,3,100,65,TSCP_R,Gaussian,cqr,capped,0.3,0.0,0.8966666666666666,3837.106613127372,19.513507569247153,,0.000997781753540039
0.1,3,100,65,Unscaled,Gaussian,cqr,raw,0.3,0.0,0.9033333333333333,3958.5205943042856,15.894196718843423,,0.0
0.1,3,100,65,Empirical_copula,Gaussian,cqr,raw,0.3,0.0,0.88,3842.7857694157956,20.952360499745716,,0.0
0.1,3,100,66,CQHR,Gaussian,cqr,native,0.3,0.0,0.935,8339.379511058512,21.160569987531016,6.529772673111663,0.0
0.1,3,100,66,TSCP_R,Gaussian,cqr,capped,0.3,0.0,0.8666666666666667,3393.1369766441744,17.418220168488983,,0.0009996891021728516
0.1,3,100,66,Unscaled,Gaussian,cqr,raw,0.3,0.0,0.8716666666666667,3744.033463141181,15.825635924563654,,0.0
0.1,3,100,66,Empirical_copula,Gaussian,cqr,raw,0.3,0.0,0.8483333333333334,3088.0107546190184,16.0733426942832,,0.0009932518005371094
0.1,3,100,67,CQHR,Gaussian,cqr,native,0.3,0.0,0.8833333333333333,6186.779538046376,18.504878355452576,5.25060461639203,0.0
0.1,3,100,67,TSCP_R,Gaussian,cqr,capped,0.3,0.0,0.9033333333333333,3996.4772222970146,19.27497500135133,,0.0010023117065429688
0.1,3,100,67,Unscaled,Gaussian,cqr,raw,0.3,0.0,0.91,4475.912333370405,16.672094864959114,,0.0
0.1,3,100,67,Empirical_copula,Gaussian,cqr,raw,0.3,0.0,0.8883333333333333,3540.246925043185,18.491368546184052,,0.000732421875
0.1,3,100,68,CQHR,Gaussian,cqr,native,0.3,0.0,0.9116666666666666,6745.400833941972,19.1788730826578,5.502020883779762,0.0
0.1,3,100,68,TSCP_R,Gaussian,cqr,capped,0.3,0.0,0.9066666666666666,4195.495082042959,17.233988003802395,,0.0010039806365966797
0.1,3,100,68,Unscaled,Gaussian,cqr,raw,0.3,0.0,0.9083333333333333,4580.8555183035805,16.739865327517986,,0.0
0.1,3,100,68,Empirical_copula,Gaussian,cqr,raw,0.3,0.0,0.895,3823.978828585193,17.58207959685368,,0.0009903907775878906
0.1,3,100,69,CQHR,Gaussian,cqr,native,0.3,0.0,0.9033333333333333,6397.37087496564,18.860997031452456,5.383509844806079,0.0
0.1,3,100,69,TSCP_R,Gaussian,cqr,capped,0.3,0.0,0.8883333333333333,4320.787017862187,19.373515497863874,,0.0010030269622802734
0.1,3,100,69,Unscaled,Gaussian,cqr,raw,0.3,0.0,0.915,4528.226232088966,16.68434262145178,,0.0
0.1,3,100,69,Empirical_copula,Gaussian,cqr,raw,0.3,0.0,0.885,3673.3668008871764,16.85565158113287,,0.0009915828704833984
0.1,3,100,70,CQHR,Gaussian,cqr,native,0.3,0.0,0.915,7345.413043739184,19.616260097605497,5.821292958349777,0.0
0.1,3,100,70,TSCP_R,Gaussian,cqr,capped,0.3,0.0,0.8683333333333333,3361.8014420483155,16.731131636847778,,0.0009992122650146484
0.1,3,100,70,Unscaled,Gaussian,cqr,raw,0.3,0.0,0.9,3912.419237368625,15.804096857172887,,0.0
0.1,3,100,70,Empirical_copula,Gaussian,cqr,raw,0.3,0.0,0.8583333333333333,3291.085133256697,16.975715198333123,,0.0010018348693847656
0.1,3,100,71,CQHR,Gaussian,cqr,native,0.3,0.0,0.8983333333333333,5982.369463622263,18.968851125704987,5.403596562697092,0.0
0.1,3,100,71,TSCP_R,Gaussian,cqr,capped,0.3,0.0,0.8916666666666667,3285.35783212188,17.255513206065416,,0.00099945068359375
0.1,3,100,71,Unscaled,Gaussian,cqr,raw,0.3,0.0,0.9133333333333333,3942.1730049840626,16.121813737475893,,0.0
0.1,3,100,71,Empirical_copula,Gaussian,cqr,raw,0.3,0.0,0.8333333333333334,2899.9877487783324,17.21769928108114,,0.0010006427764892578
0.1,3,100,72,CQHR,Gaussian,cqr,native,0.3,0.0,0.8833333333333333,6195.6015874978575,18.622860791596302,5.200323336633343,0.0
0.1,3,100,72,TSCP_R,Gaussian,cqr,capped,0.3,0.0,0.89,3654.086118796066,16.03399502798501,,0.001001596450805664
0.1,3,100,72,Unscaled,Gaussian,cqr,raw,0.3,0.0,0.9,4086.0244877982154,15.984147341571424,,0.0
0.1,3,100,72,Empirical_copula,Gaussian,cqr,raw,0.3,0.0,0.8633333333333333,3178.9267447298266,16.375170168756206,,0.0009996891021728516
0.1,3,100,73,CQHR,Gaussian,cqr,native,0.3,0.0,0.8983333333333333,5729.228640903488,18.549359763817716,5.276120522369651,0.0
0.1,3,100,73,TSCP_R,Gaussian,cqr,capped,0.3,0.0,0.9183333333333333,3903.5750548619903,18.358116089798177,,0.001001119613647461
0.1,3,100,73,Unscaled,Gaussian,cqr,raw,0.3,0.0,0.9483333333333334,5059.159336338205,17.468846236153496,,0.0
0.1,3,100,73,Empirical_copula,Gaussian,cqr,raw,0.3,0.0,0.9133333333333333,3771.330227388364,17.79172507786427,,0.001001119613647461
0.1,3,100,74,CQHR,Gaussian,cqr,native,0.3,0.0,0.86,6299.228864035341,19.329265118035263,5.6178377749528385,0.0
0.1,3,100,74,TSCP_R,Gaussian,cqr,capped,0.3,0.0,0.8616666666666667,3488.160440203634,16.27247980876487,,0.0019996166229248047
0.1,3,100,74,Unscaled,Gaussian,cqr,raw,0.3,0.0,0.8366666666666667,3408.7219735799645,15.333525162626469,,0.0
0.1,3,100,74,Empirical_copula,Gaussian,cqr,raw,0.3,0.0,0.7966666666666666,2932.5042926923447,14.402122648885719,,0.00101470947265625
0.1,3,100,75,CQHR,Gaussian,cqr,native,0.3,0.0,0.8016666666666666,3866.3407306377394,16.200902692746002,3.930827719496861,0.0
0.1,3,100,75,TSCP_R,Gaussian,cqr,capped,0.3,0.0,0.8533333333333334,3094.3024886082044,16.419290381631328,,0.000997304916381836
0.1,3,100,75,Unscaled,Gaussian,cqr,raw,0.3,0.0,0.86,3405.194559559147,15.085310113316346,,0.0
0.1,3,100,75,Empirical_copula,Gaussian,cqr,raw,0.3,0.0,0.83,2807.9369650046874,15.680715576738505,,0.0
0.1,3,100,76,CQHR,Gaussian,cqr,native,0.3,0.0,0.8983333333333333,5422.035158446933,18.082769037668125,5.099203674019364,0.0
0.1,3,100,76,TSCP_R,Gaussian,cqr,capped,0.3,0.0,0.8483333333333334,2596.0116529350266,14.866803577944902,,0.001001119613647461
0.1,3,100,76,Unscaled,Gaussian,cqr,raw,0.3,0.0,0.845,2816.5797474662036,14.243366309977562,,0.0
0.1,3,100,76,Empirical_copula,Gaussian,cqr,raw,0.3,0.0,0.82,2311.009963103747,14.243366309890213,,0.0010013580322265625
0.1,3,100,77,CQHR,Gaussian,cqr,native,0.3,0.0,0.9333333333333333,9163.479008637261,21.606101151024188,6.507829746430827,0.0
0.1,3,100,77,TSCP_R,Gaussian,cqr,capped,0.3,0.0,0.9166666666666666,5025.354327522594,18.11733632726302,,0.0009989738464355469
0.1,3,100,77,Unscaled,Gaussian,cqr,raw,0.3,0.0,0.91,5392.700887563172,17.60777954046152,,0.0
0.1,3,100,77,Empirical_copula,Gaussian,cqr,raw,0.3,0.0,0.9166666666666666,5101.284988811807,19.149203664742334,,0.0009930133819580078
0.1,3,100,78,CQHR,Gaussian,cqr,native,0.3,0.0,0.9233333333333333,7683.706401202915,20.011159190711684,5.9955651527736,0.0
0.1,3,100,78,TSCP_R,Gaussian,cqr,capped,0.3,0.0,0.8516666666666667,3410.3055534880764,16.21055597436604,,0.0010159015655517578
0.1,3,100,78,Unscaled,Gaussian,cqr,raw,0.3,0.0,0.8533333333333334,3616.430980549363,15.331265704767723,,0.0
0.1,3,100,78,Empirical_copula,Gaussian,cqr,raw,0.3,0.0,0.8466666666666667,3299.458345295064,15.980267539057671,,0.0009911060333251953
0.1,3,100,79,CQHR,Gaussian,cqr,native,0.3,0.0,0.9366666666666666,8131.640825739159,20.90821603043027,6.558433634101401,0.0
0.1,3,100,79,TSCP_R,Gaussian,cqr,capped,0.3,0.0,0.955,4881.939335197147,20.21694259761218,,0.0010001659393310547
0.1,3,100,79,Unscaled,Gaussian,cqr,raw,0.3,0.0,0.9616666666666667,6473.144218471217,18.989870256131614,,0.0
0.1,3,100,79,Empirical_copula,Gaussian,cqr,raw,0.3,0.0,0.9483333333333334,5029.016691848072,22.604008659658753,,0.0009996891021728516
0.1,3,100,80,CQHR,Gaussian,cqr,native,0.3,0.0,0.905,7124.984515531017,20.11592569453592,5.957221969145258,0.0
0.1,3,100,80,TSCP_R,Gaussian,cqr,capped,0.3,0.0,0.905,4181.612368509987,20.05577526407017,,0.0010018348693847656
0.1,3,100,80,Unscaled,Gaussian,cqr,raw,0.3,0.0,0.9216666666666666,4527.599065559749,16.835630887006836,,0.0
0.1,3,100,80,Empirical_copula,Gaussian,cqr,raw,0.3,0.0,0.8983333333333333,3749.450501460908,17.627232627322908,,0.0009999275207519531
0.1,3,100,81,CQHR,Gaussian,cqr,native,0.3,0.0,0.9516666666666667,11995.588616026373,23.53614375868606,7.54182083296322,0.0
0.1,3,100,81,TSCP_R,Gaussian,cqr,capped,0.3,0.0,0.8933333333333333,3651.07227876846,16.03214524041144,,0.0010068416595458984
0.1,3,100,81,Unscaled,Gaussian,cqr,raw,0.3,0.0,0.8883333333333333,3747.7466641876845,15.708887863258466,,0.0
0.1,3,100,81,Empirical_copula,Gaussian,cqr,raw,0.3,0.0,0.8533333333333334,2921.4216779938633,15.986847197715178,,0.0009996891021728516
0.1,3,100,82,CQHR,Gaussian,cqr,native,0.3,0.0,0.8733333333333333,5957.36650639865,18.487497164737825,5.2749532238483745,0.00099945068359375
0.1,3,100,82,TSCP_R,Gaussian,cqr,capped,0.3,0.0,0.8516666666666667,3192.9374304363077,15.098339693610955,,0.0010008811950683594
0.1,3,100,82,Unscaled,Gaussian,cqr,raw,0.3,0.0,0.865,3358.817652365726,15.057319206279848,,0.0
0.1,3,100,82,Empirical_copula,Gaussian,cqr,raw,0.3,0.0,0.8566666666666667,3057.5173587983327,14.985484121513721,,0.0009996891021728516
0.1,3,100,83,CQHR,Gaussian,cqr,native,0.3,0.0,0.9033333333333333,6058.115039087596,19.05802140495842,5.607124825104763,0.0
0.1,3,100,83,TSCP_R,Gaussian,cqr,capped,0.3,0.0,0.8583333333333333,3118.02738791562,18.663110964416674,,0.0009996891021728516
0.1,3,100,83,Unscaled,Gaussian,cqr,raw,0.3,0.0,0.9033333333333333,4278.481282398033,16.523396347422814,,0.0
0.1,3,100,83,Empirical_copula,Gaussian,cqr,raw,0.3,0.0,0.825,2784.89111022204,17.293296656730835,,0.0010561943054199219
0.1,3,100,84,CQHR,Gaussian,cqr,native,0.3,0.0,0.8866666666666667,5944.128964812952,18.65931881005819,5.084102473753441,0.0
0.1,3,100,84,TSCP_R,Gaussian,cqr,capped,0.3,0.0,0.845,3277.4228488205767,16.303304507587292,,0.0010001659393310547
0.1,3,100,84,Unscaled,Gaussian,cqr,raw,0.3,0.0,0.8466666666666667,3283.5296112594647,14.781201939179185,,0.0
0.1,3,100,84,Empirical_copula,Gaussian,cqr,raw,0.3,0.0,0.835,3107.9655959442434,15.424810187125974,,0.0009989738464355469
0.1,3,100,85,CQHR,Gaussian,cqr,native,0.3,0.0,0.9383333333333334,11943.481824091197,23.5481516467978,7.774087467948288,0.0
0.1,3,100,85,TSCP_R,Gaussian,cqr,capped,0.3,0.0,0.9533333333333334,5408.209996563311,20.08172959894925,,0.001001119613647461
0.1,3,100,85,Unscaled,Gaussian,cqr,raw,0.3,0.0,0.9233333333333333,5351.334025350531,17.82467532488269,,0.0
0.1,3,100,85,Empirical_copula,Gaussian,cqr,raw,0.3,0.0,0.915,3936.7043908088795,18.75708450419163,,0.0009996891021728516
0.1,3,100,86,CQHR,Gaussian,cqr,native,0.3,0.0,0.91,7724.582402288555,21.115657257643793,6.536558766194098,0.0
0.1,3,100,86,TSCP_R,Gaussian,cqr,capped,0.3,0.0,0.875,2998.812663913768,17.95414353491536,,0.0009279251098632812
0.1,3,100,86,Unscaled,Gaussian,cqr,raw,0.3,0.0,0.8583333333333333,3149.856673404808,15.034102163506162,,0.0
0.1,3,100,86,Empirical_copula,Gaussian,cqr,raw,0.3,0.0,0.8366666666666667,2662.250041433599,15.417397905939467,,0.0
0.1,3,100,87,CQHR,Gaussian,cqr,native,0.3,0.0,0.9066666666666666,5865.722316990208,18.95753721725254,5.463581477967516,0.0
0.1,3,100,87,TSCP_R,Gaussian,cqr,capped,0.3,0.0,0.9166666666666666,3930.957973573575,17.724410103763493,,0.0009999275207519531
0.1,3,100,87,Unscaled,Gaussian,cqr,raw,0.3,0.0,0.925,4681.963262023518,17.125635853856082,,0.0
0.1,3,100,87,Empirical_copula,Gaussian,cqr,raw,0.3,0.0,0.9116666666666666,3791.4542588452887,17.45325873169547,,0.0009937286376953125
0.1,3,100,88,CQHR,Gaussian,cqr,native,0.3,0.0,0.9133333333333333,7692.4324453635045,20.017850371663485,6.0024755449526435,0.0
0.1,3,100,88,TSCP_R,Gaussian,cqr,capped,0.3,0.0,0.9166666666666666,4539.424154559289,19.080677271557544,,0.0010020732879638672
0.1,3,100,88,Unscaled,Gaussian,cqr,raw,0.3,0.0,0.9166666666666666,4883.4487725650515,17.049355958329002,,0.0009987354278564453
0.1,3,100,88,Empirical_copula,Gaussian,cqr,raw,0.3,0.0,0.8966666666666666,3976.552389703613,18.27238064141374,,0.0
0.1,3,100,89,CQHR,Gaussian,cqr,native,0.3,0.0,0.9016666666666666,6778.402595703904,19.52849207720113,5.8865915278823255,0.0
0.1,3,100,89,TSCP_R,Gaussian,cqr,capped,0.3,0.0,0.8716666666666667,2939.5384674803995,17.258424642347077,,0.0
0.1,3,100,89,Unscaled,Gaussian,cqr,raw,0.3,0.0,0.9016666666666666,3790.8197007413187,15.857604148803308,,0.0
0.1,3,100,89,Empirical_copula,Gaussian,cqr,raw,0.3,0.0,0.8566666666666667,2672.5549176269515,16.331461594464994,,0.0
0.1,3,100,90,CQHR,Gaussian,cqr,native,0.3,0.0,0.895,6752.637536881829,19.657719935333702,5.501948078559645,0.0
0.1,3,100,90,TSCP_R,Gaussian,cqr,capped,0.3,0.0,0.87,3916.080496465584,18.11114639171956,,0.0
0.1,3,100,90,Unscaled,Gaussian,cqr,raw,0.3,0.0,0.87,3852.140560458265,15.645204192635905,,0.0
0.1,3,100,90,Empirical_copula,Gaussian,cqr,raw,0.3,0.0,0.8583333333333333,3560.988391798989,16.57023778085808,,0.0
0.1,3,100,91,CQHR,Gaussian,cqr,native,0.3,0.0,0.8883333333333333,5952.035531137464,18.8970789612955,5.00871579038109,0.0
0.1,3,100,91,TSCP_R,Gaussian,cqr,capped,0.3,0.0,0.8933333333333333,3782.088774648506,17.319843863468616,,0.0009968280792236328
0.1,3,100,91,Unscaled,Gaussian,cqr,raw,0.3,0.0,0.8816666666666667,3735.9224508050315,15.41844550260297,,0.0
0.1,3,100,91,Empirical_copula,Gaussian,cqr,raw,0.3,0.0,0.89,3658.131638284061,17.146017603041223,,0.001001119613647461
0.1,3,100,92,CQHR,Gaussian,cqr,native,0.3,0.0,0.865,6861.5352062818565,19.68696487372015,5.215018384843943,0.0
0.1,3,100,92,TSCP_R,Gaussian,cqr,capped,0.3,0.0,0.9066666666666666,4863.210283821998,17.85527770959467,,0.0009996891021728516
0.1,3,100,92,Unscaled,Gaussian,cqr,raw,0.3,0.0,0.905,5023.056069016401,17.077795190000728,,0.0
0.1,3,100,92,Empirical_copula,Gaussian,cqr,raw,0.3,0.0,0.905,4780.546747228985,17.434280363239058,,0.0009996891021728516
0.1,3,100,93,CQHR,Gaussian,cqr,native,0.3,0.0,0.9116666666666666,7983.094262986139,20.29505266399787,6.007722859480638,0.0
0.1,3,100,93,TSCP_R,Gaussian,cqr,capped,0.3,0.0,0.96,6919.500823107825,23.90726511007525,,0.0020036697387695312
0.1,3,100,93,Unscaled,Gaussian,cqr,raw,0.3,0.0,0.95,6037.178629731716,18.44991213813805,,0.0
0.1,3,100,93,Empirical_copula,Gaussian,cqr,raw,0.3,0.0,0.9466666666666667,5726.21470058605,20.36368036447838,,0.0009963512420654297
0.1,3,100,94,CQHR,Gaussian,cqr,native,0.3,0.0,0.8783333333333333,5272.125277138355,17.778965095828518,4.917283827389431,0.0009987354278564453
0.1,3,100,94,TSCP_R,Gaussian,cqr,capped,0.3,0.0,0.8633333333333333,4265.267282677895,22.378985057079458,,0.0010063648223876953
0.1,3,100,94,Unscaled,Gaussian,cqr,raw,0.3,0.0,0.91,4586.5652333591415,16.7525897717583,,0.0
0.1,3,100,94,Empirical_copula,Gaussian,cqr,raw,0.3,0.0,0.8516666666666667,3335.6175459910833,17.188603170215494,,0.0009999275207519531
0.1,3,100,95,CQHR,Gaussian,cqr,native,0.3,0.0,0.9266666666666666,8845.215591431996,21.46717591360356,6.70212714594204,0.0
0.1,3,100,95,TSCP_R,Gaussian,cqr,capped,0.3,0.0,0.8983333333333333,4099.667174433894,20.28117806686299,,0.0009903907775878906
0.1,3,100,95,Unscaled,Gaussian,cqr,raw,0.3,0.0,0.8816666666666667,3804.3866304279227,15.83703266224552,,0.0
0.1,3,100,95,Empirical_copula,Gaussian,cqr,raw,0.3,0.0,0.865,3278.2970753032555,16.960703342224132,,0.0010066032409667969
0.1,3,100,96,CQHR,Gaussian,cqr,native,0.3,0.0,0.8583333333333333,4608.542165470443,17.03676117413966,4.700788528362849,0.0
0.1,3,100,96,TSCP_R,Gaussian,cqr,capped,0.3,0.0,0.82,2544.8921207813655,14.499540837357085,,0.0009930133819580078
0.1,3,100,96,Unscaled,Gaussian,cqr,raw,0.3,0.0,0.8233333333333334,2715.343183254406,13.964987727037697,,0.0
0.1,3,100,96,Empirical_copula,Gaussian,cqr,raw,0.3,0.0,0.81,2458.1888088355518,14.061653502557656,,0.0010001659393310547
0.1,3,100,97,CQHR,Gaussian,cqr,native,0.3,0.0,0.9283333333333333,6972.652483111334,19.605696191951484,5.721729692886931,0.0
0.1,3,100,97,TSCP_R,Gaussian,cqr,capped,0.3,0.0,0.9283333333333333,6132.345882096436,24.545529784114503,,0.0010001659393310547
0.1,3,100,97,Unscaled,Gaussian,cqr,raw,0.3,0.0,0.9516666666666667,6462.955402830552,18.862555131822685,,0.0
0.1,3,100,97,Empirical_copula,Gaussian,cqr,raw,0.3,0.0,0.8866666666666667,4704.2912487733665,24.488885935610423,,0.0
0.1,3,100,98,CQHR,Gaussian,cqr,native,0.3,0.0,0.8383333333333334,4349.791030303415,17.028697080483823,4.494564141413303,0.0
0.1,3,100,98,TSCP_R,Gaussian,cqr,capped,0.3,0.0,0.8666666666666667,3220.528139549913,17.14049806985494,,0.00099945068359375
0.1,3,100,98,Unscaled,Gaussian,cqr,raw,0.3,0.0,0.8816666666666667,3667.26869162056,15.708763555907144,,0.0
0.1,3,100,98,Empirical_copula,Gaussian,cqr,raw,0.3,0.0,0.815,2657.9216520299674,16.330433594825504,,0.0009996891021728516
0.1,3,100,99,CQHR,Gaussian,cqr,native,0.3,0.0,0.8766666666666667,5822.818182937645,18.529781575990075,5.085864016864225,0.0
0.1,3,100,99,TSCP_R,Gaussian,cqr,capped,0.3,0.0,0.885,3355.6260310138127,16.264155861561356,,0.0009989738464355469
0.1,3,100,99,Unscaled,Gaussian,cqr,raw,0.3,0.0,0.875,3425.4687446780035,15.219326702908887,,0.0
0.1,3,100,99,Empirical_copula,Gaussian,cqr,raw,0.3,0.0,0.8666666666666667,3070.519781104296,16.218456677231764,,0.0010001659393310547
