alpha,n_dim,n_cal,trial,method,noise_type,score_type,score_transform,base_interval_alpha,shift_constant,test_coverage,coverage_volume,coverage_max_length,reference_adjustment,runtime
0.1,3,30,0,CQHR,Gaussian,cqr,native,0.5,0.0,0.895,339250.36769714725,34.49550583465889,10.256338165662209,0.0
0.1,3,30,0,TSCP_R,Gaussian,cqr,capped,0.5,0.0,0.8866666666666667,2803.310986281416,23.89007679472509,,0.001001119613647461
0.1,3,30,0,Unscaled,Gaussian,cqr,raw,0.5,0.0,0.9483333333333334,4402.109766994653,16.85385647391239,,0.0
0.1,3,30,0,Empirical_copula,Gaussian,cqr,raw,0.5,0.0,0.785,1546.80418199513,19.411698859264067,,0.0010006427764892578
0.1,3,30,1,CQHR,Gaussian,cqr,native,0.5,0.0,0.8716666666666667,15699.859641444578,25.18323428147301,8.277452921833902,0.0
0.1,3,30,1,TSCP_R,Gaussian,cqr,capped,0.5,0.0,0.8783333333333333,2544.6183880164003,20.246176818516734,,0.0010006427764892578
0.1,3,30,1,Unscaled,Gaussian,cqr,raw,0.5,0.0,0.9216666666666666,4181.5214243052915,16.378340391989767,,0.0
0.1,3,30,1,Empirical_copula,Gaussian,cqr,raw,0.5,0.0,0.84,2032.347460167817,18.47859713675687,,0.0010001659393310547
0.1,3,30,2,CQHR,Gaussian,cqr,native,0.5,0.0,0.8283333333333334,349915.40130354516,36.24134032225066,7.5822020832872745,0.0
0.1,3,30,2,TSCP_R,Gaussian,cqr,capped,0.5,0.0,0.8533333333333334,2011.307199025006,17.415092222875263,,0.001172780990600586
0.1,3,30,2,Unscaled,Gaussian,cqr,raw,0.5,0.0,0.885,3033.5633491941344,14.876733689453971,,0.0
0.1,3,30,2,Empirical_copula,Gaussian,cqr,raw,0.5,0.0,0.8083333333333333,1689.0716480547424,16.145276788263953,,0.0
0.1,3,30,3,CQHR,Gaussian,cqr,native,0.5,0.0,0.94,3530803.258622301,59.575252536018475,17.62749947130528,0.0
0.1,3,30,3,TSCP_R,Gaussian,cqr,capped,0.5,0.0,0.8083333333333333,1527.035779190478,16.42612798729647,,0.0010018348693847656
0.1,3,30,3,Unscaled,Gaussian,cqr,raw,0.5,0.0,0.8683333333333333,2522.5360983914275,13.911064812691851,,0.0
0.1,3,30,3,Empirical_copula,Gaussian,cqr,raw,0.5,0.0,0.7383333333333333,1188.3180935802447,15.342896741067031,,0.0
0.1,3,30,4,CQHR,Gaussian,cqr,native,0.5,0.0,0.9066666666666666,6387277.098066179,56.75900923681556,12.276487109023567,0.0
0.1,3,30,4,TSCP_R,Gaussian,cqr,capped,0.5,0.0,0.94,4026.9292163674318,19.75791830872384,,0.0010018348693847656
0.1,3,30,4,Unscaled,Gaussian,cqr,raw,0.5,0.0,0.9083333333333333,3538.9453432970795,15.575192286961338,,0.0
0.1,3,30,4,Empirical_copula,Gaussian,cqr,raw,0.5,0.0,0.8533333333333334,1992.3939436388137,15.575192286871255,,0.0
0.1,3,30,5,CQHR,Gaussian,cqr,native,0.5,0.0,0.8783333333333333,110821.24136315353,30.134502894057682,10.678396927886396,0.0
0.1,3,30,5,TSCP_R,Gaussian,cqr,capped,0.5,0.0,0.9183333333333333,2482.8546370376125,17.84472736076636,,0.0009927749633789062
0.1,3,30,5,Unscaled,Gaussian,cqr,raw,0.5,0.0,0.86,2208.3095246032476,13.516967909087079,,0.0
0.1,3,30,5,Empirical_copula,Gaussian,cqr,raw,0.5,0.0,0.8283333333333334,1583.239962517056,14.292655695166152,,0.0
0.1,3,30,6,CQHR,Gaussian,cqr,native,0.5,0.0,0.8883333333333333,28843.54241063815,27.39190061577113,8.340127054105652,0.0
0.1,3,30,6,TSCP_R,Gaussian,cqr,capped,0.5,0.0,0.905,2881.470937470236,18.25779844518265,,0.0009999275207519531
0.1,3,30,6,Unscaled,Gaussian,cqr,raw,0.5,0.0,0.8833333333333333,2742.843684093925,14.224042342625069,,0.0
0.1,3,30,6,Empirical_copula,Gaussian,cqr,raw,0.5,0.0,0.8233333333333334,1769.6685067698227,14.224042342594215,,0.0010001659393310547
0.1,3,30,7,CQHR,Gaussian,cqr,native,0.5,0.0,0.8616666666666667,424313.14122797747,36.81785720673497,7.893531017210627,0.0
0.1,3,30,7,TSCP_R,Gaussian,cqr,capped,0.5,0.0,0.8133333333333334,1846.282448721795,13.4097850570599,,0.0010073184967041016
0.1,3,30,7,Unscaled,Gaussian,cqr,raw,0.5,0.0,0.7783333333333333,1679.1280723374632,12.1685550228757,,0.0
0.1,3,30,7,Empirical_copula,Gaussian,cqr,raw,0.5,0.0,0.7266666666666667,1285.6829964468698,12.168555022720893,,0.0
0.1,3,30,8,CQHR,Gaussian,cqr,native,0.5,0.0,0.9566666666666667,10622539.60146707,123.1812594898926,25.4305360283526,0.0
0.1,3,30,8,TSCP_R,Gaussian,cqr,capped,0.5,0.0,0.88,2680.425213861707,15.492744055475965,,0.0
0.1,3,30,8,Unscaled,Gaussian,cqr,raw,0.5,0.0,0.8566666666666667,2307.4417791912924,13.399561590482282,,0.0
0.1,3,30,8,Empirical_copula,Gaussian,cqr,raw,0.5,0.0,0.86,2312.7462569866557,13.77351939939859,,0.0009996891021728516
0.1,3,30,9,CQHR,Gaussian,cqr,native,0.5,0.0,0.9233333333333333,1873841.4980417157,48.382181247870456,12.920995876943458,0.0
0.1,3,30,9,TSCP_R,Gaussian,cqr,capped,0.5,0.0,0.97,7212.555873414548,23.504002013501694,,0.0010111331939697266
0.1,3,30,9,Unscaled,Gaussian,cqr,raw,0.5,0.0,0.9583333333333334,5613.281037579626,18.045840644915447,,0.0
0.1,3,30,9,Empirical_copula,Gaussian,cqr,raw,0.5,0.0,0.9283333333333333,3920.9960065933287,16.522642413138676,,0.000997304916381836
0.1,3,30,10,CQHR,Gaussian,cqr,native,0.5,0.0,0.94,124588.09623274773,43.99696649008797,16.208575068449633,0.0
0.1,3,30,10,TSCP_R,Gaussian,cqr,capped,0.5,0.0,0.9233333333333333,3644.2020390131815,19.108912491190758,,0.0009927749633789062
0.1,3,30,10,Unscaled,Gaussian,cqr,raw,0.5,0.0,0.9333333333333333,3952.211796373184,16.140437477516123,,0.0
0.1,3,30,10,Empirical_copula,Gaussian,cqr,raw,0.5,0.0,0.8233333333333334,1972.661027192098,15.850127728964901,,0.0010008811950683594
0.1,3,30,11,CQHR,Gaussian,cqr,native,0.5,0.0,0.9333333333333333,297354.93006081204,56.08606573789252,20.44044453238365,0.0
0.1,3,30,11,TSCP_R,Gaussian,cqr,capped,0.5,0.0,0.94,3589.0384889371703,18.85452935931046,,0.0009911060333251953
0.1,3,30,11,Unscaled,Gaussian,cqr,raw,0.5,0.0,0.915,3241.9717871681028,15.245257904196869,,0.0
0.1,3,30,11,Empirical_copula,Gaussian,cqr,raw,0.5,0.0,0.865,2104.2822747223236,18.647295440763685,,0.0
0.1,3,30,12,CQHR,Gaussian,cqr,native,0.5,0.0,0.9066666666666666,50139.67424429929,33.1731671543332,11.5168701582965,0.0
0.1,3,30,12,TSCP_R,Gaussian,cqr,capped,0.5,0.0,0.955,4187.858208627664,19.615761893621258,,0.00099945068359375
0.1,3,30,12,Unscaled,Gaussian,cqr,raw,0.5,0.0,0.94,4322.671177709175,16.652115003412337,,0.0
0.1,3,30,12,Empirical_copula,Gaussian,cqr,raw,0.5,0.0,0.875,2482.9260018880946,16.099664301659967,,0.0
0.1,3,30,13,CQHR,Gaussian,cqr,native,0.5,0.0,0.8916666666666667,83290.07460097565,30.871250522281183,9.845335883412455,0.0
0.1,3,30,13,TSCP_R,Gaussian,cqr,capped,0.5,0.0,0.97,6315.192516792252,24.814612783165217,,0.00099945068359375
0.1,3,30,13,Unscaled,Gaussian,cqr,raw,0.5,0.0,0.97,6618.93743755204,19.194565245149075,,0.0
0.1,3,30,13,Empirical_copula,Gaussian,cqr,raw,0.5,0.0,0.8683333333333333,3025.969240378347,18.777256260711503,,0.0009999275207519531
0.1,3,30,14,CQHR,Gaussian,cqr,native,0.5,0.0,0.8683333333333333,34572933.18674176,99.16325591695778,8.894821921606967,0.0
0.1,3,30,14,TSCP_R,Gaussian,cqr,capped,0.5,0.0,0.9033333333333333,2469.893811785424,20.01722145019782,,0.0010001659393310547
0.1,3,30,14,Unscaled,Gaussian,cqr,raw,0.5,0.0,0.9216666666666666,3387.563950118546,15.42032670831135,,0.0
0.1,3,30,14,Empirical_copula,Gaussian,cqr,raw,0.5,0.0,0.8033333333333333,1534.978089127579,16.819882594709217,,0.0010020732879638672
0.1,3,30,15,CQHR,Gaussian,cqr,native,0.5,0.0,0.7916666666666666,11251.361687695771,19.91376042403,6.6285800264763575,0.0
0.1,3,30,15,TSCP_R,Gaussian,cqr,capped,0.5,0.0,0.8383333333333334,1937.7594081875757,13.12490683321522,,0.0010004043579101562
0.1,3,30,15,Unscaled,Gaussian,cqr,raw,0.5,0.0,0.8166666666666667,1816.0943742963043,12.400809935876943,,0.0
0.1,3,30,15,Empirical_copula,Gaussian,cqr,raw,0.5,0.0,0.7166666666666667,1193.058364952593,11.14268947868348,,0.0009999275207519531
0.1,3,30,16,CQHR,Gaussian,cqr,native,0.5,0.0,0.8833333333333333,103007.67501139997,29.768225704968213,8.410163092208181,0.0
0.1,3,30,16,TSCP_R,Gaussian,cqr,capped,0.5,0.0,0.7633333333333333,1307.9528150877431,12.787960956985598,,0.0010006427764892578
0.1,3,30,16,Unscaled,Gaussian,cqr,raw,0.5,0.0,0.8233333333333334,1994.9226125178373,12.834922958496435,,0.0
0.1,3,30,16,Empirical_copula,Gaussian,cqr,raw,0.5,0.0,0.68,1014.4916227876512,12.62464979278322,,0.0010106563568115234
0.1,3,30,17,CQHR,Gaussian,cqr,native,0.5,0.0,0.8233333333333334,23535.789209288578,23.139368638823218,7.6542958381954636,0.0
0.1,3,30,17,TSCP_R,Gaussian,cqr,capped,0.5,0.0,0.885,3360.353123805071,24.553193325413492,,0.0010061264038085938
0.1,3,30,17,Unscaled,Gaussian,cqr,raw,0.5,0.0,0.8183333333333334,1747.7101162656365,12.354278546766215,,0.0
0.1,3,30,17,Empirical_copula,Gaussian,cqr,raw,0.5,0.0,0.8166666666666667,1832.6941729280857,15.259392013104943,,0.0
0.1,3,30,18,CQHR,Gaussian,cqr,native,0.5,0.0,0.8966666666666666,37104.138950206376,35.41945586313363,11.347806094972126,0.0
0.1,3,30,18,TSCP_R,Gaussian,cqr,capped,0.5,0.0,0.9683333333333334,5583.662953845519,21.931724768068058,,0.0020110607147216797
0.1,3,30,18,Unscaled,Gaussian,cqr,raw,0.5,0.0,0.9583333333333334,5536.824165277917,17.91848691629622,,0.0
0.1,3,30,18,Empirical_copula,Gaussian,cqr,raw,0.5,0.0,0.945,4156.608152621952,18.950400641920464,,0.0
0.1,3,30,19,CQHR,Gaussian,cqr,native,0.5,0.0,0.9366666666666666,590576.6572882086,51.5931115344488,15.935349291474195,0.0
0.1,3,30,19,TSCP_R,Gaussian,cqr,capped,0.5,0.0,0.955,3741.8037491480495,19.78273685763559,,0.0010001659393310547
0.1,3,30,19,Unscaled,Gaussian,cqr,raw,0.5,0.0,0.885,3034.633177757573,14.92854290578208,,0.0
0.1,3,30,19,Empirical_copula,Gaussian,cqr,raw,0.5,0.0,0.91,2502.339588350689,18.586568988408178,,0.0009999275207519531
0.1,3,30,20,CQHR,Gaussian,cqr,native,0.5,0.0,0.9266666666666666,100865.73336526385,47.02834752855598,16.872202117513222,0.0
0.1,3,30,20,TSCP_R,Gaussian,cqr,capped,0.5,0.0,0.9333333333333333,4238.024459620452,22.299770051833036,,0.0009999275207519531
0.1,3,30,20,Unscaled,Gaussian,cqr,raw,0.5,0.0,0.9566666666666667,5094.712844324528,17.547114790361892,,0.0
0.1,3,30,20,Empirical_copula,Gaussian,cqr,raw,0.5,0.0,0.895,2429.5245869603273,17.54711479028772,,0.0
0.1,3,30,21,CQHR,Gaussian,cqr,native,0.5,0.0,0.8983333333333333,65050.114220949225,35.13542544702509,11.133903714321018,0.0
0.1,3,30,21,TSCP_R,Gaussian,cqr,capped,0.5,0.0,0.9666666666666667,8307.198502883724,27.805075176843765,,0.0009851455688476562
0.1,3,30,21,Unscaled,Gaussian,cqr,raw,0.5,0.0,0.9133333333333333,3797.0945800460145,15.892135883388386,,0.0
0.1,3,30,21,Empirical_copula,Gaussian,cqr,raw,0.5,0.0,0.7766666666666666,1822.4198310507547,14.11459121491049,,0.0010077953338623047
0.1,3,30,22,CQHR,Gaussian,cqr,native,0.5,0.0,0.835,140517.62319167575,27.418427859758157,8.520302699727267,0.0
0.1,3,30,22,TSCP_R,Gaussian,cqr,capped,0.5,0.0,0.9083333333333333,3654.684979949657,24.415927694723404,,0.0009999275207519531
0.1,3,30,22,Unscaled,Gaussian,cqr,raw,0.5,0.0,0.96,5850.130738878876,18.54832824888246,,0.0009999275207519531
0.1,3,30,22,Empirical_copula,Gaussian,cqr,raw,0.5,0.0,0.8533333333333334,2508.2602100289682,19.73645724917752,,0.0
0.1,3,30,23,CQHR,Gaussian,cqr,native,0.5,0.0,0.8866666666666667,35600.46388416382,32.58629540017581,10.00423735146702,0.0
0.1,3,30,23,TSCP_R,Gaussian,cqr,capped,0.5,0.0,0.8216666666666667,1739.7524157634148,14.921303320496532,,0.0
0.1,3,30,23,Unscaled,Gaussian,cqr,raw,0.5,0.0,0.8633333333333333,2589.7158533497063,13.900109063371186,,0.0
0.1,3,30,23,Empirical_copula,Gaussian,cqr,raw,0.5,0.0,0.7383333333333333,1259.828102031123,13.925470748511135,,0.0
0.1,3,30,24,CQHR,Gaussian,cqr,native,0.5,0.0,0.91,36192.474621426125,32.99204711430127,11.905990533681788,0.0
0.1,3,30,24,TSCP_R,Gaussian,cqr,capped,0.5,0.0,0.77,1470.9714541760754,15.016441499422966,,0.0010001659393310547
0.1,3,30,24,Unscaled,Gaussian,cqr,raw,0.5,0.0,0.83,1812.5216435082436,12.547490603939046,,0.0
0.1,3,30,24,Empirical_copula,Gaussian,cqr,raw,0.5,0.0,0.7133333333333334,1128.457136248327,12.8114927772654,,0.0
0.1,3,30,25,CQHR,Gaussian,cqr,native,0.5,0.0,0.9,48715.78547470568,32.1048190974996,10.330446713439114,0.0
0.1,3,30,25,TSCP_R,Gaussian,cqr,capped,0.5,0.0,0.8416666666666667,2483.0609704068174,17.627249127987056,,0.0009999275207519531
0.1,3,30,25,Unscaled,Gaussian,cqr,raw,0.5,0.0,0.7416666666666667,1646.4900254287552,11.89293290489006,,0.0
0.1,3,30,25,Empirical_copula,Gaussian,cqr,raw,0.5,0.0,0.715,1538.8149488991833,16.473366119946842,,0.0
0.1,3,30,26,CQHR,Gaussian,cqr,native,0.5,0.0,0.9233333333333333,338391.7843379091,48.867596452793784,12.895512322711776,0.0
0.1,3,30,26,TSCP_R,Gaussian,cqr,capped,0.5,0.0,0.94,3678.2364142946954,18.73444551438789,,0.0009996891021728516
0.1,3,30,26,Unscaled,Gaussian,cqr,raw,0.5,0.0,0.9333333333333333,3641.6759949937523,15.624391189825758,,0.0
0.1,3,30,26,Empirical_copula,Gaussian,cqr,raw,0.5,0.0,0.88,2343.804202624704,16.364640321514642,,0.0
0.1,3,30,27,CQHR,Gaussian,cqr,native,0.5,0.0,0.9416666666666667,661333.0574538825,62.433076133460965,23.36828859285414,0.0
0.1,3,30,27,TSCP_R,Gaussian,cqr,capped,0.5,0.0,0.8783333333333333,2166.884459462838,16.580024931581317,,0.0009999275207519531
0.1,3,30,27,Unscaled,Gaussian,cqr,raw,0.5,0.0,0.8983333333333333,2974.7012346967936,14.822210553352921,,0.0
0.1,3,30,27,Empirical_copula,Gaussian,cqr,raw,0.5,0.0,0.775,1415.2113679272218,14.822210553167585,,0.0009999275207519531
0.1,3,30,28,CQHR,Gaussian,cqr,native,0.5,0.0,0.86,16572.603681974833,23.69541532196882,8.364750801385293,0.0
0.1,3,30,28,TSCP_R,Gaussian,cqr,capped,0.5,0.0,0.9033333333333333,3667.1414741669905,20.77504267394038,,0.0009999275207519531
0.1,3,30,28,Unscaled,Gaussian,cqr,raw,0.5,0.0,0.885,3106.720673304293,14.894265153735676,,0.0
0.1,3,30,28,Empirical_copula,Gaussian,cqr,raw,0.5,0.0,0.8233333333333334,2242.277755088321,20.03482995648957,,0.0
0.1,3,30,29,CQHR,Gaussian,cqr,native,0.5,0.0,0.94,194637.74975405377,50.21103516914744,17.598211221514394,0.0
0.1,3,30,29,TSCP_R,Gaussian,cqr,capped,0.5,0.0,0.9533333333333334,5501.399664808939,21.899043002510894,,0.0009996891021728516
0.1,3,30,29,Unscaled,Gaussian,cqr,raw,0.5,0.0,0.9333333333333333,3852.305715347794,16.074955667048748,,0.0
0.1,3,30,29,Empirical_copula,Gaussian,cqr,raw,0.5,0.0,0.93,3403.020375845942,15.703115000120743,,0.0
0.1,3,30,30,CQHR,Gaussian,cqr,native,0.5,0.0,0.7783333333333333,13858.153360725975,20.553234308838274,6.2826825681216,0.0
0.1,3,30,30,TSCP_R,Gaussian,cqr,capped,0.5,0.0,0.7916666666666666,1488.0502098367758,14.926993451003575,,0.0009968280792236328
0.1,3,30,30,Unscaled,Gaussian,cqr,raw,0.5,0.0,0.8216666666666667,1888.5882378561737,12.650089972004794,,0.0
0.1,3,30,30,Empirical_copula,Gaussian,cqr,raw,0.5,0.0,0.7316666666666667,1162.9667000422176,12.271941200748627,,0.0
0.1,3,30,31,CQHR,Gaussian,cqr,native,0.5,0.0,0.8366666666666667,176478.72864862994,34.199292981824385,7.908504615141935,0.0
0.1,3,30,31,TSCP_R,Gaussian,cqr,capped,0.5,0.0,0.945,3644.4516827426096,18.77053691374492,,0.001001119613647461
0.1,3,30,31,Unscaled,Gaussian,cqr,raw,0.5,0.0,0.885,2657.7150868483686,14.182904286649967,,0.0
0.1,3,30,31,Empirical_copula,Gaussian,cqr,raw,0.5,0.0,0.855,1998.1452338523727,14.182904286637203,,0.0
0.1,3,30,32,CQHR,Gaussian,cqr,native,0.5,0.0,0.81,8644.270754195455,20.612514250698112,7.471536109639018,0.0
0.1,3,30,32,TSCP_R,Gaussian,cqr,capped,0.5,0.0,0.8533333333333334,2251.389693352709,14.040962473072636,,0.0010001659393310547
0.1,3,30,32,Unscaled,Gaussian,cqr,raw,0.5,0.0,0.825,1996.916116393637,13.044589173494392,,0.0
0.1,3,30,32,Empirical_copula,Gaussian,cqr,raw,0.5,0.0,0.7916666666666666,1803.9906816691641,12.576807162833134,,0.0010006427764892578
0.1,3,30,33,CQHR,Gaussian,cqr,native,0.5,0.0,0.905,182304743.01628217,205.53863145085677,11.711033617593529,0.0
0.1,3,30,33,TSCP_R,Gaussian,cqr,capped,0.5,0.0,0.95,5203.533333020128,19.6434709004764,,0.0009944438934326172
0.1,3,30,33,Unscaled,Gaussian,cqr,raw,0.5,0.0,0.9583333333333334,5775.441122757432,18.39003845281512,,0.0
0.1,3,30,33,Empirical_copula,Gaussian,cqr,raw,0.5,0.0,0.88,3009.732501169784,18.05719341116908,,0.00099945068359375
0.1,3,30,34,CQHR,Gaussian,cqr,native,0.5,0.0,0.9566666666666667,295893.4044043167,62.11176815099101,25.131049503763244,0.0
0.1,3,30,34,TSCP_R,Gaussian,cqr,capped,0.5,0.0,0.9683333333333334,6091.470974061724,21.996635082521017,,0.0010454654693603516
0.1,3,30,34,Unscaled,Gaussian,cqr,raw,0.5,0.0,0.9716666666666667,7521.298251712005,20.10662297972242,,0.0
0.1,3,30,34,Empirical_copula,Gaussian,cqr,raw,0.5,0.0,0.9416666666666667,4113.343039837099,20.106622979556896,,0.0009887218475341797
0.1,3,30,35,CQHR,Gaussian,cqr,native,0.5,0.0,0.8766666666666667,19972.84785870438,28.020386186971766,9.871602529464427,0.0010035037994384766
0.1,3,30,35,TSCP_R,Gaussian,cqr,capped,0.5,0.0,0.8783333333333333,2334.896226928359,15.936869246822884,,0.0
0.1,3,30,35,Unscaled,Gaussian,cqr,raw,0.5,0.0,0.9066666666666666,3170.7451286439855,15.054293806847056,,0.0
0.1,3,30,35,Empirical_copula,Gaussian,cqr,raw,0.5,0.0,0.8366666666666667,1986.9091181494448,14.985458466537008,,0.0
0.1,3,30,36,CQHR,Gaussian,cqr,native,0.5,0.0,0.9766666666666667,194500228.87168586,168.1903085600181,47.218648376914864,0.0
0.1,3,30,36,TSCP_R,Gaussian,cqr,capped,0.5,0.0,0.73,1482.992545649528,12.014461979651145,,0.0009996891021728516
0.1,3,30,36,Unscaled,Gaussian,cqr,raw,0.5,0.0,0.7966666666666666,1704.3855814295073,12.277258045585635,,0.0
0.1,3,30,36,Empirical_copula,Gaussian,cqr,raw,0.5,0.0,0.7166666666666667,1578.7293529320798,13.35432810141251,,0.0
0.1,3,30,37,CQHR,Gaussian,cqr,native,0.5,0.0,0.975,2785813.7986062607,111.49337780356487,43.161388006962895,0.0
0.1,3,30,37,TSCP_R,Gaussian,cqr,capped,0.5,0.0,0.9266666666666666,3418.533755820813,19.803198957935823,,0.0010106563568115234
0.1,3,30,37,Unscaled,Gaussian,cqr,raw,0.5,0.0,0.9616666666666667,5174.678869687201,17.666325293266635,,0.0
0.1,3,30,37,Empirical_copula,Gaussian,cqr,raw,0.5,0.0,0.8683333333333333,2392.572240962755,19.52881457801773,,0.0009968280792236328
0.1,3,30,38,CQHR,Gaussian,cqr,native,0.5,0.0,0.8083333333333333,55164.2553666923,26.801375170633943,6.972292702729508,0.0
0.1,3,30,38,TSCP_R,Gaussian,cqr,capped,0.5,0.0,0.83,1628.2621088377293,13.69558096669182,,0.00099945068359375
0.1,3,30,38,Unscaled,Gaussian,cqr,raw,0.5,0.0,0.805,1676.767297048058,12.150534205028723,,0.0
0.1,3,30,38,Empirical_copula,Gaussian,cqr,raw,0.5,0.0,0.69,1092.1045255767954,12.240900409607729,,0.0
0.1,3,30,39,CQHR,Gaussian,cqr,native,0.5,0.0,0.9683333333333334,1564311.8991667435,112.1998394715091,39.34013267056264,0.0
0.1,3,30,39,TSCP_R,Gaussian,cqr,capped,0.5,0.0,0.8883333333333333,2608.785400629565,16.649171828611497,,0.0010020732879638672
0.1,3,30,39,Unscaled,Gaussian,cqr,raw,0.5,0.0,0.845,2400.7098491351553,13.617264168911662,,0.0
0.1,3,30,39,Empirical_copula,Gaussian,cqr,raw,0.5,0.0,0.815,1776.268960929905,15.328444197813209,,0.0010006427764892578
0.1,3,30,40,CQHR,Gaussian,cqr,native,0.5,0.0,0.9383333333333334,1439214.7172699783,52.17395667336503,15.090945357498642,0.0
0.1,3,30,40,TSCP_R,Gaussian,cqr,capped,0.5,0.0,0.8816666666666667,2220.6417809717977,16.436158990830847,,0.0010099411010742188
0.1,3,30,40,Unscaled,Gaussian,cqr,raw,0.5,0.0,0.8316666666666667,1936.4845119788058,12.792125541590801,,0.0
0.1,3,30,40,Empirical_copula,Gaussian,cqr,raw,0.5,0.0,0.7616666666666667,1209.8803713936957,12.474919064530006,,0.0
0.1,3,30,41,CQHR,Gaussian,cqr,native,0.5,0.0,0.7833333333333333,17762.762178684086,20.12839072489167,6.468144756289082,0.0
0.1,3,30,41,TSCP_R,Gaussian,cqr,capped,0.5,0.0,0.885,3416.636777739085,20.069314923736123,,0.000993967056274414
0.1,3,30,41,Unscaled,Gaussian,cqr,raw,0.5,0.0,0.885,3073.3445031686374,14.8871506330931,,0.0
0.1,3,30,41,Empirical_copula,Gaussian,cqr,raw,0.5,0.0,0.8,1743.5338321519232,14.796236878633454,,0.0010097026824951172
0.1,3,30,42,CQHR,Gaussian,cqr,native,0.5,0.0,0.8966666666666666,6528948.511676986,60.45769702253748,11.472511774147875,0.0
0.1,3,30,42,TSCP_R,Gaussian,cqr,capped,0.5,0.0,0.905,2779.6729864675185,15.659481346372267,,0.0009975433349609375
0.1,3,30,42,Unscaled,Gaussian,cqr,raw,0.5,0.0,0.8883333333333333,2612.0197339218994,14.006861094754314,,0.0
0.1,3,30,42,Empirical_copula,Gaussian,cqr,raw,0.5,0.0,0.855,2644.502443832322,15.28644630546499,,0.0
0.1,3,30,43,CQHR,Gaussian,cqr,native,0.5,0.0,0.9466666666666667,4517443.685521531,71.6060523940248,19.0950218578389,0.0
0.1,3,30,43,TSCP_R,Gaussian,cqr,capped,0.5,0.0,0.8616666666666667,1906.2465608284192,16.349595442845352,,0.0009999275207519531
0.1,3,30,43,Unscaled,Gaussian,cqr,raw,0.5,0.0,0.8833333333333333,2536.042120822691,14.080645605738916,,0.0
0.1,3,30,43,Empirical_copula,Gaussian,cqr,raw,0.5,0.0,0.8,1445.9489571551683,14.080645605627994,,0.0009930133819580078
0.1,3,30,44,CQHR,Gaussian,cqr,native,0.5,0.0,0.9333333333333333,102490753.00144196,124.06907395244149,14.103579668744997,0.0
0.1,3,30,44,TSCP_R,Gaussian,cqr,capped,0.5,0.0,0.9433333333333334,5539.748258882033,18.747872234206046,,0.0010001659393310547
0.1,3,30,44,Unscaled,Gaussian,cqr,raw,0.5,0.0,0.9316666666666666,4673.994608142918,17.021057642034304,,0.0
0.1,3,30,44,Empirical_copula,Gaussian,cqr,raw,0.5,0.0,0.8733333333333333,2571.94896322517,17.02105764199534,,0.0009996891021728516
0.1,3,30,45,CQHR,Gaussian,cqr,native,0.5,0.0,0.815,1768064.7142550875,43.72774277395931,8.152609445242252,0.0
0.1,3,30,45,TSCP_R,Gaussian,cqr,capped,0.5,0.0,0.9066666666666666,3829.312932746557,16.484094210974522,,0.0010013580322265625
0.1,3,30,45,Unscaled,Gaussian,cqr,raw,0.5,0.0,0.9066666666666666,4081.5496026601672,16.280166491681463,,0.0
0.1,3,30,45,Empirical_copula,Gaussian,cqr,raw,0.5,0.0,0.7316666666666667,1443.5813510390976,13.147606238849605,,0.0009987354278564453
0.1,3,30,46,CQHR,Gaussian,cqr,native,0.5,0.0,0.915,95800.39363416,43.409676274572014,17.002540559579383,0.0
0.1,3,30,46,TSCP_R,Gaussian,cqr,capped,0.5,0.0,0.8833333333333333,2575.1903398729914,17.818135045558915,,0.002012014389038086
0.1,3,30,46,Unscaled,Gaussian,cqr,raw,0.5,0.0,0.9433333333333334,4048.190598648466,16.336471671853246,,0.0
0.1,3,30,46,Empirical_copula,Gaussian,cqr,raw,0.5,0.0,0.8366666666666667,1956.4134916305775,15.986123503105837,,0.0
0.1,3,30,47,CQHR,Gaussian,cqr,native,0.5,0.0,0.7666666666666667,17430.599635007668,22.499292924532266,6.339399063229596,0.0
0.1,3,30,47,TSCP_R,Gaussian,cqr,capped,0.5,0.0,0.935,3599.3635145187363,22.004286382004704,,0.0009961128234863281
0.1,3,30,47,Unscaled,Gaussian,cqr,raw,0.5,0.0,0.92,3823.958437907511,15.9216564028634,,0.0
0.1,3,30,47,Empirical_copula,Gaussian,cqr,raw,0.5,0.0,0.8716666666666667,2329.1684287838007,17.33664673347529,,0.0009992122650146484
0.1,3,30,48,CQHR,Gaussian,cqr,native,0.5,0.0,0.925,62606.03092333086,38.78435853886798,15.268987522088707,0.0
0.1,3,30,48,TSCP_R,Gaussian,cqr,capped,0.5,0.0,0.8233333333333334,2183.7712522702955,15.95197799938874,,0.000993490219116211
0.1,3,30,48,Unscaled,Gaussian,cqr,raw,0.5,0.0,0.825,1878.0454941001783,12.804106342996157,,0.0
0.1,3,30,48,Empirical_copula,Gaussian,cqr,raw,0.5,0.0,0.7816666666666666,1514.0046815361409,13.54770475434084,,0.0010068416595458984
0.1,3,30,49,CQHR,Gaussian,cqr,native,0.5,0.0,0.9316666666666666,214381.8554068153,49.03088799979459,15.122728067973714,0.0
0.1,3,30,49,TSCP_R,Gaussian,cqr,capped,0.5,0.0,0.9166666666666666,3616.089194802136,20.082539300453117,,0.0009996891021728516
0.1,3,30,49,Unscaled,Gaussian,cqr,raw,0.5,0.0,0.9516666666666667,5552.28842934389,17.914829566856927,,0.0
0.1,3,30,49,Empirical_copula,Gaussian,cqr,raw,0.5,0.0,0.8283333333333334,2405.0242368943223,17.823992079119222,,0.0
0.1,3,30,50,CQHR,Gaussian,cqr,native,0.5,0.0,0.9666666666666667,1633283.3587523422,85.68859362793468,29.12738818975945,0.0
0.1,3,30,50,TSCP_R,Gaussian,cqr,capped,0.5,0.0,0.935,3344.7796824492257,19.50634674948146,,0.0009996891021728516
0.1,3,30,50,Unscaled,Gaussian,cqr,raw,0.5,0.0,0.9616666666666667,6146.169807162387,18.655240401881606,,0.0
0.1,3,30,50,Empirical_copula,Gaussian,cqr,raw,0.5,0.0,0.9,2625.8771471127666,18.98434539057663,,0.0009996891021728516
0.1,3,30,51,CQHR,Gaussian,cqr,native,0.5,0.0,0.9266666666666666,32128379.399539184,124.52333277774284,14.21611057992433,0.0
0.1,3,30,51,TSCP_R,Gaussian,cqr,capped,0.5,0.0,0.96,5426.024130708604,19.652200452522923,,0.001005411148071289
0.1,3,30,51,Unscaled,Gaussian,cqr,raw,0.5,0.0,0.9166666666666666,3677.033106861203,15.781197640303303,,0.0
0.1,3,30,51,Empirical_copula,Gaussian,cqr,raw,0.5,0.0,0.9116666666666666,3584.6482559531432,15.58232910201105,,0.0
0.1,3,30,52,CQHR,Gaussian,cqr,native,0.5,0.0,0.8633333333333333,16608.39083794279,25.674471606488872,8.432086034224564,0.0
0.1,3,30,52,TSCP_R,Gaussian,cqr,capped,0.5,0.0,0.8783333333333333,2435.933945932136,15.853015905250682,,0.0009968280792236328
0.1,3,30,52,Unscaled,Gaussian,cqr,raw,0.5,0.0,0.9166666666666666,3802.89822890424,16.0549302162952,,0.0
0.1,3,30,52,Empirical_copula,Gaussian,cqr,raw,0.5,0.0,0.765,1624.707946223745,15.552193125586928,,0.0010066032409667969
0.1,3,30,53,CQHR,Gaussian,cqr,native,0.5,0.0,0.84,51652.394200045506,27.429577392977215,7.817530889389926,0.0
0.1,3,30,53,TSCP_R,Gaussian,cqr,capped,0.5,0.0,0.9383333333333334,2918.475026157346,19.305033454456712,,0.0009999275207519531
0.1,3,30,53,Unscaled,Gaussian,cqr,raw,0.5,0.0,0.91,3180.9801698030574,14.950997317502646,,0.0
0.1,3,30,53,Empirical_copula,Gaussian,cqr,raw,0.5,0.0,0.8933333333333333,2131.045730769646,16.68637250519614,,0.0
0.1,3,30,54,CQHR,Gaussian,cqr,native,0.5,0.0,0.9666666666666667,2578392.1075585796,74.12776703342655,20.86250680529309,0.0
0.1,3,30,54,TSCP_R,Gaussian,cqr,capped,0.5,0.0,0.9033333333333333,2906.323435511749,17.710269223234654,,0.0010001659393310547
0.1,3,30,54,Unscaled,Gaussian,cqr,raw,0.5,0.0,0.9233333333333333,3721.095920382498,15.712050425500225,,0.0
0.1,3,30,54,Empirical_copula,Gaussian,cqr,raw,0.5,0.0,0.8016666666666666,1752.3956777536653,15.732636248413021,,0.0
0.1,3,30,55,CQHR,Gaussian,cqr,native,0.5,0.0,0.9666666666666667,4460756.6078843875,117.29279412158571,29.447554448266725,0.0
0.1,3,30,55,TSCP_R,Gaussian,cqr,capped,0.5,0.0,0.945,4452.605252678588,19.390951243048928,,0.0009984970092773438
0.1,3,30,55,Unscaled,Gaussian,cqr,raw,0.5,0.0,0.8983333333333333,3047.1422406698903,14.863824480639268,,0.0
0.1,3,30,55,Empirical_copula,Gaussian,cqr,raw,0.5,0.0,0.8083333333333333,1607.4343839428104,14.863824480600345,,0.0010001659393310547
0.1,3,30,56,CQHR,Gaussian,cqr,native,0.5,0.0,0.9466666666666667,107140.46464689815,44.00611023357592,17.753967869802356,0.0
0.1,3,30,56,TSCP_R,Gaussian,cqr,capped,0.5,0.0,0.97,5551.330370364619,21.267336061795575,,0.0009961128234863281
0.1,3,30,56,Unscaled,Gaussian,cqr,raw,0.5,0.0,0.9716666666666667,6430.861242237281,18.94238727989117,,0.0
0.1,3,30,56,Empirical_copula,Gaussian,cqr,raw,0.5,0.0,0.93,3668.362091724705,18.603105852432346,,0.0
0.1,3,30,57,CQHR,Gaussian,cqr,native,0.5,0.0,0.9166666666666666,53411.0581977103,34.19885685737986,13.272593651708759,0.0
0.1,3,30,57,TSCP_R,Gaussian,cqr,capped,0.5,0.0,0.96,4862.322500620965,24.439952963580666,,0.0009992122650146484
0.1,3,30,57,Unscaled,Gaussian,cqr,raw,0.5,0.0,0.96,5439.60611146744,18.074052296472484,,0.0009930133819580078
0.1,3,30,57,Empirical_copula,Gaussian,cqr,raw,0.5,0.0,0.8733333333333333,2545.852616955479,19.077028466555557,,0.0
0.1,3,30,58,CQHR,Gaussian,cqr,native,0.5,0.0,0.9033333333333333,1731642.4750663666,68.60403486874053,12.38391863756017,0.0
0.1,3,30,58,TSCP_R,Gaussian,cqr,capped,0.5,0.0,0.96,9816.714506392786,34.45677253815485,,0.0009999275207519531
0.1,3,30,58,Unscaled,Gaussian,cqr,raw,0.5,0.0,0.9266666666666666,4379.524633616785,16.71518198691088,,0.0
0.1,3,30,58,Empirical_copula,Gaussian,cqr,raw,0.5,0.0,0.8,2168.3609168230764,15.473875635003806,,0.0010001659393310547
0.1,3,30,59,CQHR,Gaussian,cqr,native,0.5,0.0,0.775,6546.586658557483,17.04315254697447,5.622092261447765,0.0
0.1,3,30,59,TSCP_R,Gaussian,cqr,capped,0.5,0.0,0.9666666666666667,5121.055658916183,27.772715553612283,,0.0009996891021728516
0.1,3,30,59,Unscaled,Gaussian,cqr,raw,0.5,0.0,0.895,2950.351345044519,14.729206319565467,,0.0
0.1,3,30,59,Empirical_copula,Gaussian,cqr,raw,0.5,0.0,0.7483333333333333,1262.8286266247271,14.729206319477722,,0.0
0.1,3,30,60,CQHR,Gaussian,cqr,native,0.5,0.0,0.925,106990.79783407695,38.982037122975164,13.106315271580083,0.0
0.1,3,30,60,TSCP_R,Gaussian,cqr,capped,0.5,0.0,0.975,7636.437903883437,23.294599825979944,,0.0010008811950683594
0.1,3,30,60,Unscaled,Gaussian,cqr,raw,0.5,0.0,0.955,5074.706241121904,17.395677154129007,,0.0
0.1,3,30,60,Empirical_copula,Gaussian,cqr,raw,0.5,0.0,0.9483333333333334,4240.1720449680515,17.71234841430825,,0.0
0.1,3,30,61,CQHR,Gaussian,cqr,native,0.5,0.0,0.9783333333333334,5153182.333809567,122.15794351745325,42.966674097792854,0.0
0.1,3,30,61,TSCP_R,Gaussian,cqr,capped,0.5,0.0,0.905,2403.629754021375,16.69623459050233,,0.0009970664978027344
0.1,3,30,61,Unscaled,Gaussian,cqr,raw,0.5,0.0,0.8616666666666667,2181.7596571962877,13.378611948528237,,0.0
0.1,3,30,61,Empirical_copula,Gaussian,cqr,raw,0.5,0.0,0.8233333333333334,1484.06419848757,13.378611948434889,,0.0009999275207519531
0.1,3,30,62,CQHR,Gaussian,cqr,native,0.5,0.0,0.975,377503894.6126635,259.915001667447,55.65355957125535,0.0
0.1,3,30,62,TSCP_R,Gaussian,cqr,capped,0.5,0.0,0.8683333333333333,3024.627078467667,18.525161178300987,,0.0009992122650146484
0.1,3,30,62,Unscaled,Gaussian,cqr,raw,0.5,0.0,0.8316666666666667,2194.2451453580798,13.249687782809918,,0.0
0.1,3,30,62,Empirical_copula,Gaussian,cqr,raw,0.5,0.0,0.7916666666666666,1646.339524511316,13.249687782771002,,0.000995635986328125
0.1,3,30,63,CQHR,Gaussian,cqr,native,0.5,0.0,0.9766666666666667,306152160.684958,183.84659865300682,28.898605430147313,0.0
0.1,3,30,63,TSCP_R,Gaussian,cqr,capped,0.5,0.0,0.9633333333333334,7583.703360394858,24.88881068624771,,0.0010044574737548828
0.1,3,30,63,Unscaled,Gaussian,cqr,raw,0.5,0.0,0.9383333333333334,5458.30100818527,17.883183034492586,,0.0
0.1,3,30,63,Empirical_copula,Gaussian,cqr,raw,0.5,0.0,0.8933333333333333,3927.9776036961143,24.64022345843608,,0.0
0.1,3,30,64,CQHR,Gaussian,cqr,native,0.5,0.0,0.9733333333333334,2840252.9307711604,112.28871427849978,36.063371922641124,0.0
0.1,3,30,64,TSCP_R,Gaussian,cqr,capped,0.5,0.0,0.9833333333333333,7413.879941572255,21.122209054184,,0.0010101795196533203
0.1,3,30,64,Unscaled,Gaussian,cqr,raw,0.5,0.0,0.95,5599.2726391425995,17.990726830772797,,0.0
0.1,3,30,64,Empirical_copula,Gaussian,cqr,raw,0.5,0.0,0.93,4197.086489865362,16.896191555145716,,0.0009970664978027344
0.1,3,30,65,CQHR,Gaussian,cqr,native,0.5,0.0,0.9633333333333334,651750.5364337487,86.26942410738508,34.527857715439275,0.0010004043579101562
0.1,3,30,65,TSCP_R,Gaussian,cqr,capped,0.5,0.0,0.8716666666666667,2028.7446341916054,15.638658791735057,,0.0009992122650146484
0.1,3,30,65,Unscaled,Gaussian,cqr,raw,0.5,0.0,0.725,1135.5934603815554,10.535548874590152,,0.0
0.1,3,30,65,Empirical_copula,Gaussian,cqr,raw,0.5,0.0,0.6933333333333334,939.6196356189806,10.386803320824956,,0.0
0.1,3,30,66,CQHR,Gaussian,cqr,native,0.5,0.0,0.905,45784.44038985803,29.816680253280822,10.108125541375433,0.0
0.1,3,30,66,TSCP_R,Gaussian,cqr,capped,0.5,0.0,0.9083333333333333,3135.3657223951504,20.625563565019256,,0.0009987354278564453
0.1,3,30,66,Unscaled,Gaussian,cqr,raw,0.5,0.0,0.8366666666666667,2312.602734376726,13.434669109893884,,0.0
0.1,3,30,66,Empirical_copula,Gaussian,cqr,raw,0.5,0.0,0.8133333333333334,2139.8272508391124,20.429507085685795,,0.0
0.1,3,30,67,CQHR,Gaussian,cqr,native,0.5,0.0,0.99,14834268.664081968,224.31965159522142,82.43590193351903,0.0
0.1,3,30,67,TSCP_R,Gaussian,cqr,capped,0.5,0.0,0.8816666666666667,4514.046252647571,25.747119884343945,,0.0
0.1,3,30,67,Unscaled,Gaussian,cqr,raw,0.5,0.0,0.8683333333333333,2656.3826535310463,14.077211941841334,,0.0
0.1,3,30,67,Empirical_copula,Gaussian,cqr,raw,0.5,0.0,0.7883333333333333,1674.737072552259,13.937705605169674,,0.0
0.1,3,30,68,CQHR,Gaussian,cqr,native,0.5,0.0,0.7916666666666666,9143.661418986621,20.84564152741349,6.844383606592948,0.0
0.1,3,30,68,TSCP_R,Gaussian,cqr,capped,0.5,0.0,0.92,4318.873152571699,19.73324122008623,,0.0009999275207519531
0.1,3,30,68,Unscaled,Gaussian,cqr,raw,0.5,0.0,0.93,4911.977802074083,17.359699203146096,,0.0
0.1,3,30,68,Empirical_copula,Gaussian,cqr,raw,0.5,0.0,0.9033333333333333,3641.568424235536,17.575165287173068,,0.0
0.1,3,30,69,CQHR,Gaussian,cqr,native,0.5,0.0,0.91,481211.0526761335,44.19381110929891,9.888226840352829,0.0
0.1,3,30,69,TSCP_R,Gaussian,cqr,capped,0.5,0.0,0.98,8166.535224234322,23.228128990100384,,0.0010013580322265625
0.1,3,30,69,Unscaled,Gaussian,cqr,raw,0.5,0.0,0.98,9918.292984109772,21.783336165635916,,0.0
0.1,3,30,69,Empirical_copula,Gaussian,cqr,raw,0.5,0.0,0.9333333333333333,4523.162299584955,21.586798058372235,,0.0
0.1,3,30,70,CQHR,Gaussian,cqr,native,0.5,0.0,0.8233333333333334,10330.77259445518,21.683905904437395,7.24140968914402,0.0
0.1,3,30,70,TSCP_R,Gaussian,cqr,capped,0.5,0.0,0.935,3656.5608270822295,18.766300607391596,,0.0010001659393310547
0.1,3,30,70,Unscaled,Gaussian,cqr,raw,0.5,0.0,0.9116666666666666,3612.1866892135236,15.697345599646832,,0.0
0.1,3,30,70,Empirical_copula,Gaussian,cqr,raw,0.5,0.0,0.8616666666666667,2373.144649773597,15.697345599621203,,0.0009963512420654297
0.1,3,30,71,CQHR,Gaussian,cqr,native,0.5,0.0,0.965,1213656.5402717225,67.83987278445909,21.492027176464596,0.0
0.1,3,30,71,TSCP_R,Gaussian,cqr,capped,0.5,0.0,0.93,3463.604755205759,19.172093492320695,,0.0010058879852294922
0.1,3,30,71,Unscaled,Gaussian,cqr,raw,0.5,0.0,0.9133333333333333,3389.4189158314894,15.325410376358432,,0.0
0.1,3,30,71,Empirical_copula,Gaussian,cqr,raw,0.5,0.0,0.8366666666666667,1961.0455679169918,14.338459448099186,,0.0
0.1,3,30,72,CQHR,Gaussian,cqr,native,0.5,0.0,0.965,2655552.825565461,99.07484465922104,32.25421107981989,0.0
0.1,3,30,72,TSCP_R,Gaussian,cqr,capped,0.5,0.0,0.8933333333333333,2589.180491119388,17.730742555726742,,0.00099945068359375
0.1,3,30,72,Unscaled,Gaussian,cqr,raw,0.5,0.0,0.895,3482.5189248028732,15.49132186533223,,0.0
0.1,3,30,72,Empirical_copula,Gaussian,cqr,raw,0.5,0.0,0.8466666666666667,1999.1795648907835,15.491321865167686,,0.0010001659393310547
0.1,3,30,73,CQHR,Gaussian,cqr,native,0.5,0.0,0.845,3890555.2788849655,45.34947308971353,7.972948419451192,0.0
0.1,3,30,73,TSCP_R,Gaussian,cqr,capped,0.5,0.0,0.9216666666666666,2990.27440282532,19.433980235999762,,0.0009992122650146484
0.1,3,30,73,Unscaled,Gaussian,cqr,raw,0.5,0.0,0.86,2617.3399191519557,14.036365362042755,,0.0
0.1,3,30,73,Empirical_copula,Gaussian,cqr,raw,0.5,0.0,0.785,1557.8490625736592,13.788124273977438,,0.0009932518005371094
0.1,3,30,74,CQHR,Gaussian,cqr,native,0.5,0.0,0.825,106246.7539367763,27.54905308291802,8.329177110648596,0.0
0.1,3,30,74,TSCP_R,Gaussian,cqr,capped,0.5,0.0,0.665,1116.0763747294225,13.309267570637815,,0.0010008811950683594
0.1,3,30,74,Unscaled,Gaussian,cqr,raw,0.5,0.0,0.7483333333333333,1570.2868932828703,11.950878804209717,,0.0
0.1,3,30,74,Empirical_copula,Gaussian,cqr,raw,0.5,0.0,0.61,912.9553242852465,11.950878804052483,,0.0
0.1,3,30,75,CQHR,Gaussian,cqr,native,0.5,0.0,0.8983333333333333,823501.8144591859,54.521457664840916,10.41599874237758,0.0
0.1,3,30,75,TSCP_R,Gaussian,cqr,capped,0.5,0.0,0.925,5305.43400672459,20.855493453436043,,0.0009992122650146484
0.1,3,30,75,Unscaled,Gaussian,cqr,raw,0.5,0.0,0.9333333333333333,4886.544790649524,17.34655767034638,,0.0
0.1,3,30,75,Empirical_copula,Gaussian,cqr,raw,0.5,0.0,0.795,2671.7501781548162,16.09611312327654,,0.0
0.1,3,30,76,CQHR,Gaussian,cqr,native,0.5,0.0,0.8866666666666667,39799.020200514904,30.884316797924104,9.993959152349243,0.0
0.1,3,30,76,TSCP_R,Gaussian,cqr,capped,0.5,0.0,0.785,1512.730781040076,13.839634139667794,,0.0009984970092773438
0.1,3,30,76,Unscaled,Gaussian,cqr,raw,0.5,0.0,0.755,1481.73183384664,11.679874299866023,,0.0
0.1,3,30,76,Empirical_copula,Gaussian,cqr,raw,0.5,0.0,0.7083333333333334,1073.7715632260324,11.838149623211677,,0.0
0.1,3,30,77,CQHR,Gaussian,cqr,native,0.5,0.0,0.8733333333333333,132777.62431398092,31.041344840871588,8.118052899111735,0.0
0.1,3,30,77,TSCP_R,Gaussian,cqr,capped,0.5,0.0,0.93,3074.3387231209463,19.4982028725991,,0.0009996891021728516
0.1,3,30,77,Unscaled,Gaussian,cqr,raw,0.5,0.0,0.915,3364.5450637466115,15.291854365623506,,0.0
0.1,3,30,77,Empirical_copula,Gaussian,cqr,raw,0.5,0.0,0.87,1977.4770156545048,15.401125042200745,,0.0009999275207519531
0.1,3,30,78,CQHR,Gaussian,cqr,native,0.5,0.0,0.9516666666666667,223973.77123887395,50.01119558602971,18.108991741655398,0.0
0.1,3,30,78,TSCP_R,Gaussian,cqr,capped,0.5,0.0,0.8666666666666667,2638.009256836217,14.619001270543952,,0.0010066032409667969
0.1,3,30,78,Unscaled,Gaussian,cqr,raw,0.5,0.0,0.8533333333333334,2386.493016123996,13.598379823670752,,0.0
0.1,3,30,78,Empirical_copula,Gaussian,cqr,raw,0.5,0.0,0.85,2481.9603868940308,13.598379823531271,,0.0
0.1,3,30,79,CQHR,Gaussian,cqr,native,0.5,0.0,0.95,456953.97794926347,65.3946213946558,24.12250659454239,0.0
0.1,3,30,79,TSCP_R,Gaussian,cqr,capped,0.5,0.0,0.8216666666666667,1656.9036408802474,15.304194749647365,,0.0009999275207519531
0.1,3,30,79,Unscaled,Gaussian,cqr,raw,0.5,0.0,0.8316666666666667,1833.106211525957,12.719215616368214,,0.0
0.1,3,30,79,Empirical_copula,Gaussian,cqr,raw,0.5,0.0,0.7283333333333334,1065.4851174920493,12.719215616297308,,0.0009996891021728516
0.1,3,30,80,CQHR,Gaussian,cqr,native,0.5,0.0,0.9416666666666667,9772343.1191129,64.51390662222778,18.15913458410707,0.0
0.1,3,30,80,TSCP_R,Gaussian,cqr,capped,0.5,0.0,0.9433333333333334,5175.600377570218,26.347539238975262,,0.00099945068359375
0.1,3,30,80,Unscaled,Gaussian,cqr,raw,0.5,0.0,0.98,7009.178886304575,19.60201140648057,,0.0
0.1,3,30,80,Empirical_copula,Gaussian,cqr,raw,0.5,0.0,0.915,3471.3556919682865,20.505719024749737,,0.0
0.1,3,30,81,CQHR,Gaussian,cqr,native,0.5,0.0,0.93,226917.49041084558,48.909687767189865,18.051812860789134,0.0
0.1,3,30,81,TSCP_R,Gaussian,cqr,capped,0.5,0.0,0.6966666666666667,1160.7676082033095,11.95183001731285,,0.001003265380859375
0.1,3,30,81,Unscaled,Gaussian,cqr,raw,0.5,0.0,0.685,1132.7947041613872,10.710986110528827,,0.000993490219116211
0.1,3,30,81,Empirical_copula,Gaussian,cqr,raw,0.5,0.0,0.6016666666666667,862.7506839622472,10.110788746963799,,0.0
0.1,3,30,82,CQHR,Gaussian,cqr,native,0.5,0.0,0.945,106193.69842213648,47.46628880003909,18.28830650617181,0.0
0.1,3,30,82,TSCP_R,Gaussian,cqr,capped,0.5,0.0,0.9383333333333334,4041.786565152846,18.914321693401988,,0.0009992122650146484
0.1,3,30,82,Unscaled,Gaussian,cqr,raw,0.5,0.0,0.9516666666666667,5632.031430675645,18.131264210442158,,0.0
0.1,3,30,82,Empirical_copula,Gaussian,cqr,raw,0.5,0.0,0.9033333333333333,2760.7480904426825,18.664763567230253,,0.0010008811950683594
0.1,3,30,83,CQHR,Gaussian,cqr,native,0.5,0.0,0.9183333333333333,45052.54780815505,37.33777931390484,13.175153212078516,0.0
0.1,3,30,83,TSCP_R,Gaussian,cqr,capped,0.5,0.0,0.8866666666666667,2791.4321483603685,18.246969047805294,,0.0019123554229736328
0.1,3,30,83,Unscaled,Gaussian,cqr,raw,0.5,0.0,0.9116666666666666,3790.0977870591573,15.945712676536077,,0.0
0.1,3,30,83,Empirical_copula,Gaussian,cqr,raw,0.5,0.0,0.8266666666666667,1967.03895564604,16.8920924672678,,0.0
0.1,3,30,84,CQHR,Gaussian,cqr,native,0.5,0.0,0.8416666666666667,14463.66361615235,23.257949092032007,7.5533429006300326,0.0
0.1,3,30,84,TSCP_R,Gaussian,cqr,capped,0.5,0.0,0.86,2066.294046482398,15.337505093049321,,0.001010894775390625
0.1,3,30,84,Unscaled,Gaussian,cqr,raw,0.5,0.0,0.855,2236.779018502619,13.491405570668757,,0.0
0.1,3,30,84,Empirical_copula,Gaussian,cqr,raw,0.5,0.0,0.7816666666666666,1505.8387523007416,14.702092566782543,,0.0009963512420654297
0.1,3,30,85,CQHR,Gaussian,cqr,native,0.5,0.0,0.83,18578.915162971043,24.57441535434036,8.18109518385929,0.0
0.1,3,30,85,TSCP_R,Gaussian,cqr,capped,0.5,0.0,0.86,2370.4959140577284,17.37283899562397,,0.0010004043579101562
0.1,3,30,85,Unscaled,Gaussian,cqr,raw,0.5,0.0,0.8883333333333333,3295.4288670071546,15.207757917268651,,0.0
0.1,3,30,85,Empirical_copula,Gaussian,cqr,raw,0.5,0.0,0.745,1621.554202892726,15.308817906254571,,0.0
0.1,3,30,86,CQHR,Gaussian,cqr,native,0.5,0.0,0.845,18546.814442746752,26.818103933604263,7.994484974527249,0.0
0.1,3,30,86,TSCP_R,Gaussian,cqr,capped,0.5,0.0,0.93,3975.16225354981,21.94939146281043,,0.0010120868682861328
0.1,3,30,86,Unscaled,Gaussian,cqr,raw,0.5,0.0,0.9483333333333334,4825.61796418787,17.19498179816513,,0.0
0.1,3,30,86,Empirical_copula,Gaussian,cqr,raw,0.5,0.0,0.88,2207.1317390456156,17.194981798071797,,0.0
0.1,3,30,87,CQHR,Gaussian,cqr,native,0.5,0.0,0.9316666666666666,450216.7706111282,56.86108907384623,21.602813128666615,0.0
0.1,3,30,87,TSCP_R,Gaussian,cqr,capped,0.5,0.0,0.8416666666666667,2371.1185149619396,18.06179136163989,,0.0010013580322265625
0.1,3,30,87,Unscaled,Gaussian,cqr,raw,0.5,0.0,0.8783333333333333,2798.754165204154,14.516179779132699,,0.0
0.1,3,30,87,Empirical_copula,Gaussian,cqr,raw,0.5,0.0,0.7316666666666667,1362.092561826374,14.017376741952122,,0.0
0.1,3,30,88,CQHR,Gaussian,cqr,native,0.5,0.0,0.99,62932709.86749651,237.05511273268223,74.33272199183948,0.0
0.1,3,30,88,TSCP_R,Gaussian,cqr,capped,0.5,0.0,0.8683333333333333,3184.0340364553426,22.033222543187186,,0.0010001659393310547
0.1,3,30,88,Unscaled,Gaussian,cqr,raw,0.5,0.0,0.815,1961.5534517856206,12.789870600062965,,0.0
0.1,3,30,88,Empirical_copula,Gaussian,cqr,raw,0.5,0.0,0.7783333333333333,1942.382496146411,19.16204064990005,,0.0
0.1,3,30,89,CQHR,Gaussian,cqr,native,0.5,0.0,0.875,38215.81252707848,29.297060150781622,9.240266738560004,0.0
0.1,3,30,89,TSCP_R,Gaussian,cqr,capped,0.5,0.0,0.775,1471.9430827809804,12.187994277251768,,0.0010004043579101562
0.1,3,30,89,Unscaled,Gaussian,cqr,raw,0.5,0.0,0.7066666666666667,1220.2127987688682,10.740639176222656,,0.0
0.1,3,30,89,Empirical_copula,Gaussian,cqr,raw,0.5,0.0,0.655,1002.0919445606979,10.740639176037302,,0.0010042190551757812
0.1,3,30,90,CQHR,Gaussian,cqr,native,0.5,0.0,0.9466666666666667,2909277.372971017,69.6715554904912,22.13533951420987,0.0009999275207519531
0.1,3,30,90,TSCP_R,Gaussian,cqr,capped,0.5,0.0,0.905,3112.062622578873,19.034689149283565,,0.0009996891021728516
0.1,3,30,90,Unscaled,Gaussian,cqr,raw,0.5,0.0,0.925,4317.80633478472,16.60334834339894,,0.0
0.1,3,30,90,Empirical_copula,Gaussian,cqr,raw,0.5,0.0,0.865,2266.3835674198126,18.775181576014923,,0.0
0.1,3,30,91,CQHR,Gaussian,cqr,native,0.5,0.0,0.8083333333333333,15227.959017427058,24.499018261851937,8.060472900437492,0.0
0.1,3,30,91,TSCP_R,Gaussian,cqr,capped,0.5,0.0,0.9433333333333334,5618.889886326796,23.156117466285828,,0.0010004043579101562
0.1,3,30,91,Unscaled,Gaussian,cqr,raw,0.5,0.0,0.9583333333333334,6384.677613002468,18.917349576122326,,0.0
0.1,3,30,91,Empirical_copula,Gaussian,cqr,raw,0.5,0.0,0.9166666666666666,3781.850601254693,18.735842139930114,,0.0
0.1,3,30,92,CQHR,Gaussian,cqr,native,0.5,0.0,0.9083333333333333,71550.28806425887,32.5246994276222,11.361938505237298,0.0
0.1,3,30,92,TSCP_R,Gaussian,cqr,capped,0.5,0.0,0.8783333333333333,2878.082774045709,18.71406172787681,,0.0
0.1,3,30,92,Unscaled,Gaussian,cqr,raw,0.5,0.0,0.8466666666666667,2744.580981677212,14.283383382128704,,0.0
0.1,3,30,92,Empirical_copula,Gaussian,cqr,raw,0.5,0.0,0.7983333333333333,1765.6855010104916,14.28338338199211,,0.0
0.1,3,30,93,CQHR,Gaussian,cqr,native,0.5,0.0,0.8466666666666667,26410.440917783584,27.517021111898885,9.396483913918841,0.0
0.1,3,30,93,TSCP_R,Gaussian,cqr,capped,0.5,0.0,0.9133333333333333,2688.165087763473,15.884343589449077,,0.0010004043579101562
0.1,3,30,93,Unscaled,Gaussian,cqr,raw,0.5,0.0,0.9183333333333333,3488.06972587671,15.596190907386287,,0.0
0.1,3,30,93,Empirical_copula,Gaussian,cqr,raw,0.5,0.0,0.7683333333333333,1392.7688807206814,15.596190907298514,,0.0
0.1,3,30,94,CQHR,Gaussian,cqr,native,0.5,0.0,0.9883333333333333,39637357.65229676,231.99296108383942,86.03257045098162,0.0
0.1,3,30,94,TSCP_R,Gaussian,cqr,capped,0.5,0.0,0.8533333333333334,3914.2178532104863,18.657621371235248,,0.0
0.1,3,30,94,Unscaled,Gaussian,cqr,raw,0.5,0.0,0.9183333333333333,3734.7782135701445,15.825757366913919,,0.0
0.1,3,30,94,Empirical_copula,Gaussian,cqr,raw,0.5,0.0,0.7933333333333333,1784.857993830995,15.789042539482416,,0.0009992122650146484
0.1,3,30,95,CQHR,Gaussian,cqr,native,0.5,0.0,0.9416666666666667,3268988.3630221332,68.83052094826095,22.780277982299328,0.0
0.1,3,30,95,TSCP_R,Gaussian,cqr,capped,0.5,0.0,0.8983333333333333,2266.0489814843777,15.235501693334179,,0.0010056495666503906
0.1,3,30,95,Unscaled,Gaussian,cqr,raw,0.5,0.0,0.8016666666666666,1505.400387189914,11.89370473646438,,0.0
0.1,3,30,95,Empirical_copula,Gaussian,cqr,raw,0.5,0.0,0.7783333333333333,1342.7477136704554,11.32979018152882,,0.0
0.1,3,30,96,CQHR,Gaussian,cqr,native,0.5,0.0,0.9716666666666667,5946341.720762023,118.8309419064192,44.197760296282176,0.0
0.1,3,30,96,TSCP_R,Gaussian,cqr,capped,0.5,0.0,0.9516666666666667,4330.135037220552,21.721471490177237,,0.0009999275207519531
0.1,3,30,96,Unscaled,Gaussian,cqr,raw,0.5,0.0,0.96,4477.154997920832,16.868011104896937,,0.0
0.1,3,30,96,Empirical_copula,Gaussian,cqr,raw,0.5,0.0,0.9266666666666666,2497.9713627017827,17.448427100483162,,0.0
0.1,3,30,97,CQHR,Gaussian,cqr,native,0.5,0.0,0.865,33442.509173590726,28.950640102797365,9.177207490127206,0.0
0.1,3,30,97,TSCP_R,Gaussian,cqr,capped,0.5,0.0,0.9316666666666666,4115.084896734696,17.88867529017562,,0.0010037422180175781
0.1,3,30,97,Unscaled,Gaussian,cqr,raw,0.5,0.0,0.9433333333333334,4988.321312153117,17.51670894805967,,0.0
0.1,3,30,97,Empirical_copula,Gaussian,cqr,raw,0.5,0.0,0.825,2286.384717450071,17.08553536518086,,0.000993490219116211
0.1,3,30,98,CQHR,Gaussian,cqr,native,0.5,0.0,0.8233333333333334,24949.299939660636,23.353899662270795,7.314471655292208,0.0010001659393310547
0.1,3,30,98,TSCP_R,Gaussian,cqr,capped,0.5,0.0,0.7766666666666666,1431.9378472313185,14.149345925135895,,0.001001119613647461
0.1,3,30,98,Unscaled,Gaussian,cqr,raw,0.5,0.0,0.8433333333333334,2021.2117059995971,12.973874237695393,,0.0
0.1,3,30,98,Empirical_copula,Gaussian,cqr,raw,0.5,0.0,0.68,1020.3756785476921,12.641899620721476,,0.0
0.1,3,30,99,CQHR,Gaussian,cqr,native,0.5,0.0,0.8683333333333333,51587.20978324135,28.003482005573975,8.84868157559671,0.0
0.1,3,30,99,TSCP_R,Gaussian,cqr,capped,0.5,0.0,0.9083333333333333,3055.2394606049174,21.011987138986477,,0.000993967056274414
0.1,3,30,99,Unscaled,Gaussian,cqr,raw,0.5,0.0,0.9616666666666667,5439.432768751801,18.005272413704265,,0.0
0.1,3,30,99,Empirical_copula,Gaussian,cqr,raw,0.5,0.0,0.8483333333333334,2104.218144133196,18.623367272690444,,0.0
0.1,3,50,0,CQHR,Gaussian,cqr,native,0.5,0.0,0.9383333333333334,35182598.24777206,119.41851719017812,19.39349288623472,0.0
0.1,3,50,0,TSCP_R,Gaussian,cqr,capped,0.5,0.0,0.9283333333333333,4475.126410309339,22.994218187200634,,0.0010006427764892578
0.1,3,50,0,Unscaled,Gaussian,cqr,raw,0.5,0.0,0.9233333333333333,4070.263689220159,16.359979389740143,,0.0
0.1,3,50,0,Empirical_copula,Gaussian,cqr,raw,0.5,0.0,0.9016666666666666,2787.763165371062,16.987110196206167,,0.0010025501251220703
0.1,3,50,1,CQHR,Gaussian,cqr,native,0.5,0.0,0.915,128614.3206453012,44.709107908967034,14.987537502139732,0.0
0.1,3,50,1,TSCP_R,Gaussian,cqr,capped,0.5,0.0,0.9,4194.911028593188,23.19797546097758,,0.0009999275207519531
0.1,3,50,1,Unscaled,Gaussian,cqr,raw,0.5,0.0,0.925,4452.695005944469,16.64936143215103,,0.0
0.1,3,50,1,Empirical_copula,Gaussian,cqr,raw,0.5,0.0,0.8533333333333334,2957.406790034254,19.292126297297663,,0.0009996891021728516
0.1,3,50,2,CQHR,Gaussian,cqr,native,0.5,0.0,0.9166666666666666,273505.01700509654,39.85996008685011,14.191588847722054,0.0
0.1,3,50,2,TSCP_R,Gaussian,cqr,capped,0.5,0.0,0.855,2168.406440119512,16.99735316288611,,0.0009999275207519531
0.1,3,50,2,Unscaled,Gaussian,cqr,raw,0.5,0.0,0.86,2426.895373717725,13.700163787526972,,0.0
0.1,3,50,2,Empirical_copula,Gaussian,cqr,raw,0.5,0.0,0.7916666666666666,1794.9227946344795,17.397181735828287,,0.0
0.1,3,50,3,CQHR,Gaussian,cqr,native,0.5,0.0,0.9433333333333334,281021.12483107205,54.019547911431815,19.418420874402536,0.0
0.1,3,50,3,TSCP_R,Gaussian,cqr,capped,0.5,0.0,0.855,2987.4924915769716,20.36383674918803,,0.0009925365447998047
0.1,3,50,3,Unscaled,Gaussian,cqr,raw,0.5,0.0,0.9066666666666666,4197.01450346852,16.42685235218803,,0.0
0.1,3,50,3,Empirical_copula,Gaussian,cqr,raw,0.5,0.0,0.82,2265.547382974666,17.065515514250514,,0.0010030269622802734
0.1,3,50,4,CQHR,Gaussian,cqr,native,0.5,0.0,0.8716666666666667,29003.449803652602,28.01522943755498,8.910385707554918,0.0
0.1,3,50,4,TSCP_R,Gaussian,cqr,capped,0.5,0.0,0.9083333333333333,2758.936325338347,16.647591279118128,,0.0009930133819580078
0.1,3,50,4,Unscaled,Gaussian,cqr,raw,0.5,0.0,0.8833333333333333,2371.967813171079,13.543738389067734,,0.0
0.1,3,50,4,Empirical_copula,Gaussian,cqr,raw,0.5,0.0,0.895,2514.7663657213666,15.024401409617843,,0.0
0.1,3,50,5,CQHR,Gaussian,cqr,native,0.5,0.0,0.9283333333333333,368275.3193800004,44.367055231576394,13.901678623856341,0.0
0.1,3,50,5,TSCP_R,Gaussian,cqr,capped,0.5,0.0,0.9116666666666666,2663.384110296569,16.480567167339935,,0.00099945068359375
0.1,3,50,5,Unscaled,Gaussian,cqr,raw,0.5,0.0,0.885,2311.2037176661597,13.523454688532127,,0.0
0.1,3,50,5,Empirical_copula,Gaussian,cqr,raw,0.5,0.0,0.85,1890.1364413109702,14.615828525921827,,0.0010018348693847656
0.1,3,50,6,CQHR,Gaussian,cqr,native,0.5,0.0,0.9116666666666666,131744.00265469615,30.97089119573989,11.876637854846882,0.0
0.1,3,50,6,TSCP_R,Gaussian,cqr,capped,0.5,0.0,0.8633333333333333,2388.117811688565,16.488893057774412,,0.0009999275207519531
0.1,3,50,6,Unscaled,Gaussian,cqr,raw,0.5,0.0,0.865,2315.4587423600037,13.65647224970466,,0.0
0.1,3,50,6,Empirical_copula,Gaussian,cqr,raw,0.5,0.0,0.8333333333333334,2022.7592298666302,15.635308322521153,,0.0009999275207519531
0.1,3,50,7,CQHR,Gaussian,cqr,native,0.5,0.0,0.86,29704.795487067688,29.06616003783649,9.228306660330977,0.0009908676147460938
0.1,3,50,7,TSCP_R,Gaussian,cqr,capped,0.5,0.0,0.8933333333333333,2903.83030014601,17.521806127037312,,0.0010058879852294922
0.1,3,50,7,Unscaled,Gaussian,cqr,raw,0.5,0.0,0.9216666666666666,3801.2701573406507,15.957664300092565,,0.0
0.1,3,50,7,Empirical_copula,Gaussian,cqr,raw,0.5,0.0,0.8466666666666667,2042.6781855533218,16.07890724682496,,0.0
0.1,3,50,8,CQHR,Gaussian,cqr,native,0.5,0.0,0.9333333333333333,7606515.638126629,68.91004096113016,16.753791524053007,0.0
0.1,3,50,8,TSCP_R,Gaussian,cqr,capped,0.5,0.0,0.9283333333333333,3342.354065979202,18.022637941401204,,0.0010035037994384766
0.1,3,50,8,Unscaled,Gaussian,cqr,raw,0.5,0.0,0.88,2625.9616160427904,14.115780296748493,,0.0
0.1,3,50,8,Empirical_copula,Gaussian,cqr,raw,0.5,0.0,0.915,2994.009602396735,17.937841360853565,,0.0010132789611816406
0.1,3,50,9,CQHR,Gaussian,cqr,native,0.5,0.0,0.9133333333333333,25943.901053630998,30.34168208697887,11.313146071754485,0.0
0.1,3,50,9,TSCP_R,Gaussian,cqr,capped,0.5,0.0,0.8933333333333333,2669.7990653718434,18.214201560059276,,0.0010001659393310547
0.1,3,50,9,Unscaled,Gaussian,cqr,raw,0.5,0.0,0.8716666666666667,2769.887926392882,14.272073404467843,,0.0
0.1,3,50,9,Empirical_copula,Gaussian,cqr,raw,0.5,0.0,0.8566666666666667,2299.856808867281,19.3595537567593,,0.0009996891021728516
0.1,3,50,10,CQHR,Gaussian,cqr,native,0.5,0.0,0.885,26401.772679408805,27.372354769319912,9.528467147425202,0.0
0.1,3,50,10,TSCP_R,Gaussian,cqr,capped,0.5,0.0,0.9216666666666666,3578.6135162225387,16.327310257568445,,0.0
0.1,3,50,10,Unscaled,Gaussian,cqr,raw,0.5,0.0,0.9066666666666666,3614.7647155316463,15.71322086207211,,0.0
0.1,3,50,10,Empirical_copula,Gaussian,cqr,raw,0.5,0.0,0.8733333333333333,2766.5338404805952,16.602862344791237,,0.0
0.1,3,50,11,CQHR,Gaussian,cqr,native,0.5,0.0,0.8716666666666667,82435.65769515233,30.639973286222467,10.187568282436882,0.0
0.1,3,50,11,TSCP_R,Gaussian,cqr,capped,0.5,0.0,0.915,2775.0566051765045,19.375956647148517,,0.0010066032409667969
0.1,3,50,11,Unscaled,Gaussian,cqr,raw,0.5,0.0,0.8683333333333333,2597.580626127581,14.131712888665794,,0.0
0.1,3,50,11,Empirical_copula,Gaussian,cqr,raw,0.5,0.0,0.8866666666666667,2639.587151533725,22.095339134241215,,0.0
0.1,3,50,12,CQHR,Gaussian,cqr,native,0.5,0.0,0.9166666666666666,79650.89413250526,37.699118284667556,13.56340478322843,0.0
0.1,3,50,12,TSCP_R,Gaussian,cqr,capped,0.5,0.0,0.9383333333333334,4168.990436582911,21.601936231973188,,0.0010020732879638672
0.1,3,50,12,Unscaled,Gaussian,cqr,raw,0.5,0.0,0.9433333333333334,5331.15585020413,17.82098565098447,,0.0
0.1,3,50,12,Empirical_copula,Gaussian,cqr,raw,0.5,0.0,0.8933333333333333,2976.3505930551632,20.504111743252153,,0.0010001659393310547
0.1,3,50,13,CQHR,Gaussian,cqr,native,0.5,0.0,0.9166666666666666,217928.72249244642,46.141839315325484,13.102444788810246,0.0
0.1,3,50,13,TSCP_R,Gaussian,cqr,capped,0.5,0.0,0.885,3041.6661350087334,15.934309889589853,,0.0010075569152832031
0.1,3,50,13,Unscaled,Gaussian,cqr,raw,0.5,0.0,0.88,3404.6713427092036,15.190052391126043,,0.0
0.1,3,50,13,Empirical_copula,Gaussian,cqr,raw,0.5,0.0,0.865,2502.5155771858936,15.117240855983718,,0.0
0.1,3,50,14,CQHR,Gaussian,cqr,native,0.5,0.0,0.9166666666666666,50618.63756305147,32.54043154309222,11.954024493823125,0.0
0.1,3,50,14,TSCP_R,Gaussian,cqr,capped,0.5,0.0,0.9066666666666666,2806.01860916535,22.068864691242105,,0.0009996891021728516
0.1,3,50,14,Unscaled,Gaussian,cqr,raw,0.5,0.0,0.9066666666666666,3178.392836912138,15.100297931969562,,0.0
0.1,3,50,14,Empirical_copula,Gaussian,cqr,raw,0.5,0.0,0.8933333333333333,2567.3059411616705,22.179649212540973,,0.0010001659393310547
0.1,3,50,15,CQHR,Gaussian,cqr,native,0.5,0.0,0.9316666666666666,256226.56124970884,48.14755155548165,16.26429443827414,0.0
0.1,3,50,15,TSCP_R,Gaussian,cqr,capped,0.5,0.0,0.8283333333333334,2228.080815843869,16.969196322898505,,0.0009996891021728516
0.1,3,50,15,Unscaled,Gaussian,cqr,raw,0.5,0.0,0.7766666666666666,1989.987845606277,12.929100183765572,,0.0
0.1,3,50,15,Empirical_copula,Gaussian,cqr,raw,0.5,0.0,0.7933333333333333,1964.3996668373925,15.66617707485179,,0.0
0.1,3,50,16,CQHR,Gaussian,cqr,native,0.5,0.0,0.8833333333333333,169150.39444627785,36.8288159433174,11.728398601770282,0.0
0.1,3,50,16,TSCP_R,Gaussian,cqr,capped,0.5,0.0,0.8916666666666667,2688.6940048528827,19.611338912581562,,0.0010025501251220703
0.1,3,50,16,Unscaled,Gaussian,cqr,raw,0.5,0.0,0.9083333333333333,3179.3423053680926,15.12065885531721,,0.0
0.1,3,50,16,Empirical_copula,Gaussian,cqr,raw,0.5,0.0,0.8816666666666667,2561.918121185825,19.31878779157214,,0.0009992122650146484
0.1,3,50,17,CQHR,Gaussian,cqr,native,0.5,0.0,0.95,737889.7505776759,85.85679459935284,30.149384339518456,0.0
0.1,3,50,17,TSCP_R,Gaussian,cqr,capped,0.5,0.0,0.9083333333333333,3687.6879472580413,17.70827666643277,,0.0019922256469726562
0.1,3,50,17,Unscaled,Gaussian,cqr,raw,0.5,0.0,0.88,3220.2899002077547,15.104011055328916,,0.0
0.1,3,50,17,Empirical_copula,Gaussian,cqr,raw,0.5,0.0,0.8616666666666667,2495.2979270585843,18.106831444724293,,0.0010085105895996094
0.1,3,50,18,CQHR,Gaussian,cqr,native,0.5,0.0,0.775,5975.8857762257185,18.841881610515813,6.912058670149059,0.0
0.1,3,50,18,TSCP_R,Gaussian,cqr,capped,0.5,0.0,0.925,3197.608477993967,16.739053972490474,,0.0009996891021728516
0.1,3,50,18,Unscaled,Gaussian,cqr,raw,0.5,0.0,0.915,3502.209190694077,15.674675555950438,,0.0
0.1,3,50,18,Empirical_copula,Gaussian,cqr,raw,0.5,0.0,0.89,2532.771450868622,14.999609569149753,,0.0010058879852294922
0.1,3,50,19,CQHR,Gaussian,cqr,native,0.5,0.0,0.9216666666666666,75949.54825345163,40.934437803770685,16.12271949978092,0.0
0.1,3,50,19,TSCP_R,Gaussian,cqr,capped,0.5,0.0,0.9466666666666667,4239.579251683225,19.481846949663442,,0.0010006427764892578
0.1,3,50,19,Unscaled,Gaussian,cqr,raw,0.5,0.0,0.9383333333333334,5019.504000645408,17.515594412273447,,0.0
0.1,3,50,19,Empirical_copula,Gaussian,cqr,raw,0.5,0.0,0.9216666666666666,3456.6538428001727,17.469670511203145,,0.0010004043579101562
0.1,3,50,20,CQHR,Gaussian,cqr,native,0.5,0.0,0.93,219936.99063569616,48.26138702936942,15.726708888171709,0.0
0.1,3,50,20,TSCP_R,Gaussian,cqr,capped,0.5,0.0,0.9516666666666667,4483.658719294765,20.565078697609657,,0.000995635986328125
0.1,3,50,20,Unscaled,Gaussian,cqr,raw,0.5,0.0,0.945,4788.719036645723,17.118661973216643,,0.0
0.1,3,50,20,Empirical_copula,Gaussian,cqr,raw,0.5,0.0,0.945,4395.576436739428,19.44644576693123,,0.0009999275207519531
0.1,3,50,21,CQHR,Gaussian,cqr,native,0.5,0.0,0.94,7238907.661111277,67.98253421426857,20.450471443392846,0.0
0.1,3,50,21,TSCP_R,Gaussian,cqr,capped,0.5,0.0,0.8233333333333334,1738.2635595174447,13.400709697485333,,0.0
0.1,3,50,21,Unscaled,Gaussian,cqr,raw,0.5,0.0,0.8116666666666666,1844.2175381056925,12.624493881451988,,0.0010004043579101562
0.1,3,50,21,Empirical_copula,Gaussian,cqr,raw,0.5,0.0,0.7266666666666667,1255.2746744570734,12.62449388130039,,0.0
0.1,3,50,22,CQHR,Gaussian,cqr,native,0.5,0.0,0.9133333333333333,101940.80440679552,35.80156926716999,12.794868128440465,0.0
0.1,3,50,22,TSCP_R,Gaussian,cqr,capped,0.5,0.0,0.8833333333333333,2673.080760129185,16.399170215633717,,0.0010039806365966797
0.1,3,50,22,Unscaled,Gaussian,cqr,raw,0.5,0.0,0.9083333333333333,3571.7048541179206,15.613503895714645,,0.0
0.1,3,50,22,Empirical_copula,Gaussian,cqr,raw,0.5,0.0,0.8366666666666667,2029.6565286988252,15.61350389555983,,0.0009958744049072266
0.1,3,50,23,CQHR,Gaussian,cqr,native,0.5,0.0,0.9166666666666666,563221.4127868501,49.52307088848322,13.790820515225313,0.000995635986328125
0.1,3,50,23,TSCP_R,Gaussian,cqr,capped,0.5,0.0,0.905,3327.9462762828216,16.23564865667888,,0.0010151863098144531
0.1,3,50,23,Unscaled,Gaussian,cqr,raw,0.5,0.0,0.8566666666666667,2434.6832385646744,13.785070382913087,,0.0
0.1,3,50,23,Empirical_copula,Gaussian,cqr,raw,0.5,0.0,0.84,2135.397642485689,13.628426551180144,,0.0
0.1,3,50,24,CQHR,Gaussian,cqr,native,0.5,0.0,0.95,955490.7099846975,61.42386890681009,18.074745551928192,0.0
0.1,3,50,24,TSCP_R,Gaussian,cqr,capped,0.5,0.0,0.9216666666666666,3092.714760663452,17.61099768422471,,0.001010894775390625
0.1,3,50,24,Unscaled,Gaussian,cqr,raw,0.5,0.0,0.9333333333333333,4218.858014896356,16.39391605792796,,0.0
0.1,3,50,24,Empirical_copula,Gaussian,cqr,raw,0.5,0.0,0.8933333333333333,2376.788599945386,17.05399195328756,,0.0
0.1,3,50,25,CQHR,Gaussian,cqr,native,0.5,0.0,0.9033333333333333,1082065.9518099646,48.49196061965772,11.586647144779246,0.0
0.1,3,50,25,TSCP_R,Gaussian,cqr,capped,0.5,0.0,0.9133333333333333,3805.9660506191663,19.051774658338932,,0.0010018348693847656
0.1,3,50,25,Unscaled,Gaussian,cqr,raw,0.5,0.0,0.9333333333333333,4505.8136724933,16.810907363346033,,0.0
0.1,3,50,25,Empirical_copula,Gaussian,cqr,raw,0.5,0.0,0.855,2495.998251193834,16.997306839975355,,0.0
0.1,3,50,26,CQHR,Gaussian,cqr,native,0.5,0.0,0.9083333333333333,145012.8309025916,41.43124210278936,14.262322960292932,0.0
0.1,3,50,26,TSCP_R,Gaussian,cqr,capped,0.5,0.0,0.9116666666666666,2960.8395501038667,17.58097564958167,,0.0019872188568115234
0.1,3,50,26,Unscaled,Gaussian,cqr,raw,0.5,0.0,0.8833333333333333,2753.046117466952,14.415864559329954,,0.0
0.1,3,50,26,Empirical_copula,Gaussian,cqr,raw,0.5,0.0,0.9083333333333333,2962.2857667352832,16.936680433890622,,0.0
0.1,3,50,27,CQHR,Gaussian,cqr,native,0.5,0.0,0.9416666666666667,108190.06569232015,42.6001649692252,14.4649900329642,0.0
0.1,3,50,27,TSCP_R,Gaussian,cqr,capped,0.5,0.0,0.8933333333333333,2884.9009399317506,16.24747709159049,,0.0010023117065429688
0.1,3,50,27,Unscaled,Gaussian,cqr,raw,0.5,0.0,0.9266666666666666,3723.5207848707214,15.857095884378117,,0.0
0.1,3,50,27,Empirical_copula,Gaussian,cqr,raw,0.5,0.0,0.885,3513.575067712919,16.594587393911198,,0.0
0.1,3,50,28,CQHR,Gaussian,cqr,native,0.5,0.0,0.85,13890.185735860357,23.446557726844297,8.482604033202016,0.0
0.1,3,50,28,TSCP_R,Gaussian,cqr,capped,0.5,0.0,0.905,2641.667546394092,16.26434965408724,,0.0010001659393310547
0.1,3,50,28,Unscaled,Gaussian,cqr,raw,0.5,0.0,0.8866666666666667,2991.8203559908843,14.633482511213073,,0.0
0.1,3,50,28,Empirical_copula,Gaussian,cqr,raw,0.5,0.0,0.8883333333333333,2414.36191464546,16.156049255614974,,0.0010061264038085938
0.1,3,50,29,CQHR,Gaussian,cqr,native,0.5,0.0,0.945,74334.30376339954,42.16120468487717,15.110197489743133,0.0
0.1,3,50,29,TSCP_R,Gaussian,cqr,capped,0.5,0.0,0.8966666666666666,3000.417167257188,18.76014024523668,,0.0010061264038085938
0.1,3,50,29,Unscaled,Gaussian,cqr,raw,0.5,0.0,0.8966666666666666,3332.399594340416,15.162942953363508,,0.0
0.1,3,50,29,Empirical_copula,Gaussian,cqr,raw,0.5,0.0,0.8716666666666667,2508.915233048713,19.33640312873214,,0.0
0.1,3,50,30,CQHR,Gaussian,cqr,native,0.5,0.0,0.92,681549.736358095,49.74895280134948,13.369685990649389,0.0
0.1,3,50,30,TSCP_R,Gaussian,cqr,capped,0.5,0.0,0.8816666666666667,2712.164036181813,16.900844888939414,,0.0010008811950683594
0.1,3,50,30,Unscaled,Gaussian,cqr,raw,0.5,0.0,0.8816666666666667,3026.440005911208,14.783629001539108,,0.0
0.1,3,50,30,Empirical_copula,Gaussian,cqr,raw,0.5,0.0,0.84,1825.5870725930172,14.78362900145131,,0.0010001659393310547
0.1,3,50,31,CQHR,Gaussian,cqr,native,0.5,0.0,0.9783333333333334,8022869.016824977,123.77608444471586,43.374398573672835,0.0
0.1,3,50,31,TSCP_R,Gaussian,cqr,capped,0.5,0.0,0.9166666666666666,3759.6704966493617,19.248994253634468,,0.0009942054748535156
0.1,3,50,31,Unscaled,Gaussian,cqr,raw,0.5,0.0,0.9183333333333333,3754.769470773792,15.91320711922984,,0.0
0.1,3,50,31,Empirical_copula,Gaussian,cqr,raw,0.5,0.0,0.7833333333333333,2209.687528431999,15.367387566835713,,0.0
0.1,3,50,32,CQHR,Gaussian,cqr,native,0.5,0.0,0.8766666666666667,36908.77691359841,28.29884824045101,9.034121384575325,0.0
0.1,3,50,32,TSCP_R,Gaussian,cqr,capped,0.5,0.0,0.8933333333333333,2607.214150812677,16.826325440705677,,0.0013468265533447266
0.1,3,50,32,Unscaled,Gaussian,cqr,raw,0.5,0.0,0.87,2584.6070955743544,13.931334128413761,,0.0
0.1,3,50,32,Empirical_copula,Gaussian,cqr,raw,0.5,0.0,0.87,2337.7921047124614,14.289228848018244,,0.0010149478912353516
0.1,3,50,33,CQHR,Gaussian,cqr,native,0.5,0.0,0.9733333333333334,11123898.120513214,122.51734091642021,32.49739741703312,0.0
0.1,3,50,33,TSCP_R,Gaussian,cqr,capped,0.5,0.0,0.9516666666666667,3715.959233366547,17.113909477525056,,0.0010061264038085938
0.1,3,50,33,Unscaled,Gaussian,cqr,raw,0.5,0.0,0.95,4340.356836869568,16.707998213491383,,0.0
0.1,3,50,33,Empirical_copula,Gaussian,cqr,raw,0.5,0.0,0.9183333333333333,2725.7288428229513,16.991324110394746,,0.0
0.1,3,50,34,CQHR,Gaussian,cqr,native,0.5,0.0,0.95,93451.15282869655,45.03155601715749,18.481506756591177,0.0
0.1,3,50,34,TSCP_R,Gaussian,cqr,capped,0.5,0.0,0.955,3992.5048681508065,20.330706999258677,,0.0010068416595458984
0.1,3,50,34,Unscaled,Gaussian,cqr,raw,0.5,0.0,0.9466666666666667,4187.641752813286,16.61758948841251,,0.0
0.1,3,50,34,Empirical_copula,Gaussian,cqr,raw,0.5,0.0,0.9416666666666667,3533.7574540987516,17.90284109049934,,0.0010004043579101562
0.1,3,50,35,CQHR,Gaussian,cqr,native,0.5,0.0,0.9383333333333334,111593.53120809158,41.32332093165245,15.731282923913689,0.0
0.1,3,50,35,TSCP_R,Gaussian,cqr,capped,0.5,0.0,0.9333333333333333,3340.2609884223116,18.155431538307685,,0.0
0.1,3,50,35,Unscaled,Gaussian,cqr,raw,0.5,0.0,0.8933333333333333,3303.5132355434343,15.29930865112188,,0.0
0.1,3,50,35,Empirical_copula,Gaussian,cqr,raw,0.5,0.0,0.9233333333333333,2759.176054315052,18.729498782465726,,0.0
0.1,3,50,36,CQHR,Gaussian,cqr,native,0.5,0.0,0.84,62738.59740356242,26.714908817236754,7.957002326230877,0.0009942054748535156
0.1,3,50,36,TSCP_R,Gaussian,cqr,capped,0.5,0.0,0.9533333333333334,4385.208810301278,20.31645612523255,,0.0009980201721191406
0.1,3,50,36,Unscaled,Gaussian,cqr,raw,0.5,0.0,0.9266666666666666,4493.049266216876,16.720441351917025,,0.0
0.1,3,50,36,Empirical_copula,Gaussian,cqr,raw,0.5,0.0,0.92,3475.3655286724893,20.22447630718329,,0.0
0.1,3,50,37,CQHR,Gaussian,cqr,native,0.5,0.0,0.9283333333333333,40571.22138710728,34.88550783594837,13.592231117048266,0.0
0.1,3,50,37,TSCP_R,Gaussian,cqr,capped,0.5,0.0,0.9483333333333334,5198.904216597499,19.766253732867437,,0.0009999275207519531
0.1,3,50,37,Unscaled,Gaussian,cqr,raw,0.5,0.0,0.9066666666666666,3945.6754253617287,16.121295297080874,,0.0
0.1,3,50,37,Empirical_copula,Gaussian,cqr,raw,0.5,0.0,0.9333333333333333,4558.376087393655,21.257558542723594,,0.00099945068359375
0.1,3,50,38,CQHR,Gaussian,cqr,native,0.5,0.0,0.9116666666666666,61014.480885837,34.453859577654406,12.984458790156848,0.0
0.1,3,50,38,TSCP_R,Gaussian,cqr,capped,0.5,0.0,0.97,6539.215559926257,21.034324256401174,,0.0010001659393310547
0.1,3,50,38,Unscaled,Gaussian,cqr,raw,0.5,0.0,0.9366666666666666,5549.725632166836,18.104816901835342,,0.0
0.1,3,50,38,Empirical_copula,Gaussian,cqr,raw,0.5,0.0,0.8866666666666667,2877.7378530283636,18.039438691724875,,0.0
0.1,3,50,39,CQHR,Gaussian,cqr,native,0.5,0.0,0.9566666666666667,480256.13616381964,76.6365321568273,28.068818579400645,0.0
0.1,3,50,39,TSCP_R,Gaussian,cqr,capped,0.5,0.0,0.895,2715.1937323273755,18.875860750228473,,0.0010066032409667969
0.1,3,50,39,Unscaled,Gaussian,cqr,raw,0.5,0.0,0.8916666666666667,3002.9844472390846,14.864115729746556,,0.0
0.1,3,50,39,Empirical_copula,Gaussian,cqr,raw,0.5,0.0,0.8766666666666667,2423.228014418203,16.960422369033996,,0.0009992122650146484
0.1,3,50,40,CQHR,Gaussian,cqr,native,0.5,0.0,0.9016666666666666,299513.85777529894,49.68926692707366,14.705195826235101,0.0
0.1,3,50,40,TSCP_R,Gaussian,cqr,capped,0.5,0.0,0.8883333333333333,3092.0663303913807,19.87554769667819,,0.002001047134399414
0.1,3,50,40,Unscaled,Gaussian,cqr,raw,0.5,0.0,0.875,3157.8057176724838,14.983827841855849,,0.0
0.1,3,50,40,Empirical_copula,Gaussian,cqr,raw,0.5,0.0,0.8766666666666667,2738.943888230751,19.395486790334182,,0.0
0.1,3,50,41,CQHR,Gaussian,cqr,native,0.5,0.0,0.9466666666666667,311559.64346230694,52.76396161610184,19.341460112899224,0.0
0.1,3,50,41,TSCP_R,Gaussian,cqr,capped,0.5,0.0,0.895,2858.807186128847,16.902560927332786,,0.0009996891021728516
0.1,3,50,41,Unscaled,Gaussian,cqr,raw,0.5,0.0,0.915,3110.68425073456,15.15035262069943,,0.0
0.1,3,50,41,Empirical_copula,Gaussian,cqr,raw,0.5,0.0,0.905,2761.4145548633264,15.150352620680602,,0.0009999275207519531
0.1,3,50,42,CQHR,Gaussian,cqr,native,0.5,0.0,0.91,93170.15194924998,39.20640031646472,14.397943054877583,0.0
0.1,3,50,42,TSCP_R,Gaussian,cqr,capped,0.5,0.0,0.89,3034.406888325427,16.57420911661309,,0.00099945068359375
0.1,3,50,42,Unscaled,Gaussian,cqr,raw,0.5,0.0,0.8666666666666667,2646.4418515895322,14.137453758375816,,0.0
0.1,3,50,42,Empirical_copula,Gaussian,cqr,raw,0.5,0.0,0.8583333333333333,2573.267791100795,14.137453758221035,,0.001009225845336914
0.1,3,50,43,CQHR,Gaussian,cqr,native,0.5,0.0,0.895,146386.6568228169,39.21677075594178,11.14460960393623,0.0
0.1,3,50,43,TSCP_R,Gaussian,cqr,capped,0.5,0.0,0.8883333333333333,2630.930494046691,16.14200587011674,,0.0010101795196533203
0.1,3,50,43,Unscaled,Gaussian,cqr,raw,0.5,0.0,0.8916666666666667,2794.790153038128,14.399220505271352,,0.0
0.1,3,50,43,Empirical_copula,Gaussian,cqr,raw,0.5,0.0,0.8566666666666667,2007.2420095756122,14.399220505131298,,0.0
0.1,3,50,44,CQHR,Gaussian,cqr,native,0.5,0.0,0.92,120124.82881283338,40.4311684304462,14.237239923100034,0.0
0.1,3,50,44,TSCP_R,Gaussian,cqr,capped,0.5,0.0,0.9516666666666667,4604.072906690077,19.429679603463946,,0.0010008811950683594
0.1,3,50,44,Unscaled,Gaussian,cqr,raw,0.5,0.0,0.9533333333333334,5445.542878603025,17.867030872000697,,0.0
0.1,3,50,44,Empirical_copula,Gaussian,cqr,raw,0.5,0.0,0.9366666666666666,4015.7029969395294,19.29930664390877,,0.001001119613647461
0.1,3,50,45,CQHR,Gaussian,cqr,native,0.5,0.0,0.9266666666666666,6826710.637416271,82.33965671340336,18.140381873768586,0.0
0.1,3,50,45,TSCP_R,Gaussian,cqr,capped,0.5,0.0,0.8766666666666667,1997.5514365507422,14.78546120118156,,0.0010001659393310547
0.1,3,50,45,Unscaled,Gaussian,cqr,raw,0.5,0.0,0.8633333333333333,2222.7406296746517,13.43040704945276,,0.0
0.1,3,50,45,Empirical_copula,Gaussian,cqr,raw,0.5,0.0,0.83,1546.38333493374,13.430407049395072,,0.00099945068359375
0.1,3,50,46,CQHR,Gaussian,cqr,native,0.5,0.0,0.8816666666666667,65621.5306472965,36.32672190229784,11.89159215210083,0.0
0.1,3,50,46,TSCP_R,Gaussian,cqr,capped,0.5,0.0,0.94,3523.3651877716757,22.65902065643757,,0.0010361671447753906
0.1,3,50,46,Unscaled,Gaussian,cqr,raw,0.5,0.0,0.885,2558.1083832008235,14.015249161469729,,0.0
0.1,3,50,46,Empirical_copula,Gaussian,cqr,raw,0.5,0.0,0.8666666666666667,1943.5173164294108,14.284154172746673,,0.0
0.1,3,50,47,CQHR,Gaussian,cqr,native,0.5,0.0,0.9283333333333333,173467.79773527413,45.921556313005034,15.454461183355418,0.0
0.1,3,50,47,TSCP_R,Gaussian,cqr,capped,0.5,0.0,0.87,2513.9006152740762,18.746828847252527,,0.0009980201721191406
0.1,3,50,47,Unscaled,Gaussian,cqr,raw,0.5,0.0,0.8216666666666667,2071.3481460327425,12.884588460875138,,0.0
0.1,3,50,47,Empirical_copula,Gaussian,cqr,raw,0.5,0.0,0.8683333333333333,2706.619060218163,22.638383845953136,,0.0009996891021728516
0.1,3,50,48,CQHR,Gaussian,cqr,native,0.5,0.0,0.8816666666666667,65091.94725179607,38.98071437705504,10.649030727343535,0.0
0.1,3,50,48,TSCP_R,Gaussian,cqr,capped,0.5,0.0,0.95,4366.97632047365,19.777124907343318,,0.0010783672332763672
0.1,3,50,48,Unscaled,Gaussian,cqr,raw,0.5,0.0,0.9333333333333333,4643.99614330047,17.098299253964463,,0.0
0.1,3,50,48,Empirical_copula,Gaussian,cqr,raw,0.5,0.0,0.885,2697.951118089306,18.656105542812274,,0.0009143352508544922
0.1,3,50,49,CQHR,Gaussian,cqr,native,0.5,0.0,0.9366666666666666,6290663.706179682,90.47193844636902,21.26318384581578,0.0
0.1,3,50,49,TSCP_R,Gaussian,cqr,capped,0.5,0.0,0.8816666666666667,2818.3555998555503,22.031830965699942,,0.0009987354278564453
0.1,3,50,49,Unscaled,Gaussian,cqr,raw,0.5,0.0,0.875,2833.3666808131793,14.3655352395046,,0.0
0.1,3,50,49,Empirical_copula,Gaussian,cqr,raw,0.5,0.0,0.775,1668.9186506596964,16.323409216838662,,0.001001119613647461
0.1,3,50,50,CQHR,Gaussian,cqr,native,0.5,0.0,0.975,30815078.862670988,118.36812408253711,36.39249691486285,0.0
0.1,3,50,50,TSCP_R,Gaussian,cqr,capped,0.5,0.0,0.9316666666666666,2913.5190640140163,21.041920014349728,,0.0009996891021728516
0.1,3,50,50,Unscaled,Gaussian,cqr,raw,0.5,0.0,0.9166666666666666,2843.47878939653,14.551369868399645,,0.0
0.1,3,50,50,Empirical_copula,Gaussian,cqr,raw,0.5,0.0,0.8666666666666667,2032.094014567513,19.718960887949375,,0.0009984970092773438
0.1,3,50,51,CQHR,Gaussian,cqr,native,0.5,0.0,0.8783333333333333,35988.42938635008,28.297312718648488,9.54363663876419,0.001004934310913086
0.1,3,50,51,TSCP_R,Gaussian,cqr,capped,0.5,0.0,0.9433333333333334,3852.346563306879,19.655869261781504,,0.0009999275207519531
0.1,3,50,51,Unscaled,Gaussian,cqr,raw,0.5,0.0,0.935,3842.085747455751,15.989785868392298,,0.0
0.1,3,50,51,Empirical_copula,Gaussian,cqr,raw,0.5,0.0,0.9266666666666666,3329.5231974620665,16.628209631282832,,0.0
0.1,3,50,52,CQHR,Gaussian,cqr,native,0.5,0.0,0.8983333333333333,3437867.531184609,52.74030056614678,10.215677395228525,0.0
0.1,3,50,52,TSCP_R,Gaussian,cqr,capped,0.5,0.0,0.8683333333333333,2323.0785161085396,16.686315221497413,,0.001007080078125
0.1,3,50,52,Unscaled,Gaussian,cqr,raw,0.5,0.0,0.785,1962.5533142226468,12.75423964943136,,0.0
0.1,3,50,52,Empirical_copula,Gaussian,cqr,raw,0.5,0.0,0.8133333333333334,1911.6745152210103,16.505922612747284,,0.0009996891021728516
0.1,3,50,53,CQHR,Gaussian,cqr,native,0.5,0.0,0.9216666666666666,3598601.1840559063,56.897928372568444,15.368636829889724,0.0
0.1,3,50,53,TSCP_R,Gaussian,cqr,capped,0.5,0.0,0.8566666666666667,2048.7560560792967,15.51113157019958,,0.0010001659393310547
0.1,3,50,53,Unscaled,Gaussian,cqr,raw,0.5,0.0,0.8683333333333333,2289.584247033134,13.537963688748732,,0.0
0.1,3,50,53,Empirical_copula,Gaussian,cqr,raw,0.5,0.0,0.8483333333333334,2277.8661841156,18.53898232116242,,0.0
0.1,3,50,54,CQHR,Gaussian,cqr,native,0.5,0.0,0.81,69290.29316596927,28.999722482573016,6.3922760214055945,0.0010068416595458984
0.1,3,50,54,TSCP_R,Gaussian,cqr,capped,0.5,0.0,0.8433333333333334,2629.0660717617498,14.519055162932178,,0.0009996891021728516
0.1,3,50,54,Unscaled,Gaussian,cqr,raw,0.5,0.0,0.8233333333333334,2081.588508975133,12.79976814586528,,0.0
0.1,3,50,54,Empirical_copula,Gaussian,cqr,raw,0.5,0.0,0.8,1780.0392512304193,12.799768145725228,,0.0
0.1,3,50,55,CQHR,Gaussian,cqr,native,0.5,0.0,0.85,314823.88195212977,31.5105699825703,8.793738658253869,0.0
0.1,3,50,55,TSCP_R,Gaussian,cqr,capped,0.5,0.0,0.825,1998.609398378167,15.291035280880067,,0.0009996891021728516
0.1,3,50,55,Unscaled,Gaussian,cqr,raw,0.5,0.0,0.845,2272.809875313737,13.51787916861395,,0.0010004043579101562
0.1,3,50,55,Empirical_copula,Gaussian,cqr,raw,0.5,0.0,0.8,1973.6971161076792,13.90799629714912,,0.0
0.1,3,50,56,CQHR,Gaussian,cqr,native,0.5,0.0,0.8933333333333333,721308.4880573597,71.6631026067973,9.076336052134788,0.0
0.1,3,50,56,TSCP_R,Gaussian,cqr,capped,0.5,0.0,0.905,3094.1483287632145,19.217951360595524,,0.0020084381103515625
0.1,3,50,56,Unscaled,Gaussian,cqr,raw,0.5,0.0,0.9283333333333333,4511.6972904829545,16.8893659698308,,0.0
0.1,3,50,56,Empirical_copula,Gaussian,cqr,raw,0.5,0.0,0.8766666666666667,2636.573461486835,20.199199878971783,,0.0
0.1,3,50,57,CQHR,Gaussian,cqr,native,0.5,0.0,0.9016666666666666,6892131.228062021,63.14762848540392,12.712426859566227,0.0
0.1,3,50,57,TSCP_R,Gaussian,cqr,capped,0.5,0.0,0.8133333333333334,1775.006369098089,15.269008550819459,,0.0019998550415039062
0.1,3,50,57,Unscaled,Gaussian,cqr,raw,0.5,0.0,0.8133333333333334,1802.2761625063408,12.483067305013412,,0.0
0.1,3,50,57,Empirical_copula,Gaussian,cqr,raw,0.5,0.0,0.7483333333333333,1537.0337411062605,15.818439476905573,,0.0
0.1,3,50,58,CQHR,Gaussian,cqr,native,0.5,0.0,0.9,88621.32731376651,35.22963666155219,10.687034219855217,0.0
0.1,3,50,58,TSCP_R,Gaussian,cqr,capped,0.5,0.0,0.9083333333333333,2503.115265538563,15.478543917628883,,0.0010066032409667969
0.1,3,50,58,Unscaled,Gaussian,cqr,raw,0.5,0.0,0.8866666666666667,2407.914772125436,13.765203212867789,,0.0
0.1,3,50,58,Empirical_copula,Gaussian,cqr,raw,0.5,0.0,0.9033333333333333,2428.7056448544727,14.969279220561317,,0.0009999275207519531
0.1,3,50,59,CQHR,Gaussian,cqr,native,0.5,0.0,0.9,171800.55428639537,36.56566995401538,11.230019938004217,0.0
0.1,3,50,59,TSCP_R,Gaussian,cqr,capped,0.5,0.0,0.8,1599.6881915438753,14.611597095971153,,0.0010001659393310547
0.1,3,50,59,Unscaled,Gaussian,cqr,raw,0.5,0.0,0.8083333333333333,1909.318162285099,12.794309907538699,,0.0010004043579101562
0.1,3,50,59,Empirical_copula,Gaussian,cqr,raw,0.5,0.0,0.78,1481.7402135935627,14.545308625192444,,0.0
0.1,3,50,60,CQHR,Gaussian,cqr,native,0.5,0.0,0.93,1442075.9370392584,50.26986349922773,15.929860251913032,0.0
0.1,3,50,60,TSCP_R,Gaussian,cqr,capped,0.5,0.0,0.96,3442.45363086546,17.502964991399725,,0.00099945068359375
0.1,3,50,60,Unscaled,Gaussian,cqr,raw,0.5,0.0,0.9183333333333333,3060.5185494805746,14.937731836253567,,0.0
0.1,3,50,60,Empirical_copula,Gaussian,cqr,raw,0.5,0.0,0.9466666666666667,3007.6165226698754,17.399605074910628,,0.0010001659393310547
0.1,3,50,61,CQHR,Gaussian,cqr,native,0.5,0.0,0.9116666666666666,420848.3366390072,37.882061396352064,11.822318195937518,0.0
0.1,3,50,61,TSCP_R,Gaussian,cqr,capped,0.5,0.0,0.9366666666666666,3704.946629798276,18.126038481075376,,0.0009996891021728516
0.1,3,50,61,Unscaled,Gaussian,cqr,raw,0.5,0.0,0.9466666666666667,4815.822456122812,17.35488178586434,,0.0
0.1,3,50,61,Empirical_copula,Gaussian,cqr,raw,0.5,0.0,0.935,3821.6587725458203,17.354881785790187,,0.0010001659393310547
0.1,3,50,62,CQHR,Gaussian,cqr,native,0.5,0.0,0.9383333333333334,99984.48062245907,44.21488698344656,16.035135448395895,0.0
0.1,3,50,62,TSCP_R,Gaussian,cqr,capped,0.5,0.0,0.9433333333333334,4450.935999669779,19.347557458440402,,0.0
0.1,3,50,62,Unscaled,Gaussian,cqr,raw,0.5,0.0,0.9616666666666667,5304.356503860294,17.72894830845949,,0.0009999275207519531
0.1,3,50,62,Empirical_copula,Gaussian,cqr,raw,0.5,0.0,0.9083333333333333,3175.726454830547,17.8132321378716,,0.0
0.1,3,50,63,CQHR,Gaussian,cqr,native,0.5,0.0,0.8683333333333333,32509.881968159792,26.88003721932671,8.905949270968541,0.0
0.1,3,50,63,TSCP_R,Gaussian,cqr,capped,0.5,0.0,0.9483333333333334,4563.16398471882,20.84856299706378,,0.0009999275207519531
0.1,3,50,63,Unscaled,Gaussian,cqr,raw,0.5,0.0,0.9133333333333333,3159.2684237049148,15.034707020475286,,0.0
0.1,3,50,63,Empirical_copula,Gaussian,cqr,raw,0.5,0.0,0.9283333333333333,3501.360204551525,16.990023121160792,,0.0009996891021728516
0.1,3,50,64,CQHR,Gaussian,cqr,native,0.5,0.0,0.945,2574514.458378068,66.37438685206055,19.166770750272793,0.0
0.1,3,50,64,TSCP_R,Gaussian,cqr,capped,0.5,0.0,0.8933333333333333,2801.5436701418903,16.571306571188448,,0.0010004043579101562
0.1,3,50,64,Unscaled,Gaussian,cqr,raw,0.5,0.0,0.855,2606.200403328183,14.018436975887692,,0.00099945068359375
0.1,3,50,64,Empirical_copula,Gaussian,cqr,raw,0.5,0.0,0.87,2535.1805032090306,14.89180518768816,,0.0
0.1,3,50,65,CQHR,Gaussian,cqr,native,0.5,0.0,0.89,27473.22856648267,31.28180860205061,10.453115781149936,0.001001119613647461
0.1,3,50,65,TSCP_R,Gaussian,cqr,capped,0.5,0.0,0.84,2098.5453476947437,15.385951312596735,,0.0010006427764892578
0.1,3,50,65,Unscaled,Gaussian,cqr,raw,0.5,0.0,0.8733333333333333,2745.985645267491,14.203739261146163,,0.0
0.1,3,50,65,Empirical_copula,Gaussian,cqr,raw,0.5,0.0,0.7983333333333333,1717.7827514761236,14.00759772668337,,0.0
0.1,3,50,66,CQHR,Gaussian,cqr,native,0.5,0.0,0.9033333333333333,47116.98578978383,35.61360898033408,12.575682851929047,0.0
0.1,3,50,66,TSCP_R,Gaussian,cqr,capped,0.5,0.0,0.925,4365.535289048751,18.25580110846542,,0.00101470947265625
0.1,3,50,66,Unscaled,Gaussian,cqr,raw,0.5,0.0,0.905,4212.681892555666,16.492507389985875,,0.0
0.1,3,50,66,Empirical_copula,Gaussian,cqr,raw,0.5,0.0,0.9133333333333333,3887.8727982544906,18.109417492140295,,0.0009951591491699219
0.1,3,50,67,CQHR,Gaussian,cqr,native,0.5,0.0,0.935,28139598.830422107,86.42933149573992,14.980839856182225,0.0
0.1,3,50,67,TSCP_R,Gaussian,cqr,capped,0.5,0.0,0.9183333333333333,2389.2982755070425,18.448567350895658,,0.0010001659393310547
0.1,3,50,67,Unscaled,Gaussian,cqr,raw,0.5,0.0,0.8766666666666667,2647.3661870376814,14.333838900372665,,0.0
0.1,3,50,67,Empirical_copula,Gaussian,cqr,raw,0.5,0.0,0.9116666666666666,2287.1728871286064,18.388812025385892,,0.0009996891021728516
0.1,3,50,68,CQHR,Gaussian,cqr,native,0.5,0.0,0.9533333333333334,368717.8265337365,59.46428460149741,22.729900333658907,0.0
0.1,3,50,68,TSCP_R,Gaussian,cqr,capped,0.5,0.0,0.8933333333333333,2462.6498363219566,19.833110569739326,,0.0009996891021728516
0.1,3,50,68,Unscaled,Gaussian,cqr,raw,0.5,0.0,0.9216666666666666,3276.38296580586,15.326405353786152,,0.0
0.1,3,50,68,Empirical_copula,Gaussian,cqr,raw,0.5,0.0,0.8633333333333333,1957.176741507237,18.983016750406772,,0.0009999275207519531
0.1,3,50,69,CQHR,Gaussian,cqr,native,0.5,0.0,0.78,11841.368027811646,20.875751750965026,6.520379944307585,0.0
0.1,3,50,69,TSCP_R,Gaussian,cqr,capped,0.5,0.0,0.9383333333333334,3818.2671245039983,17.96878190984546,,0.0009963512420654297
0.1,3,50,69,Unscaled,Gaussian,cqr,raw,0.5,0.0,0.9166666666666666,3291.3978856631397,15.244498188398863,,0.0
0.1,3,50,69,Empirical_copula,Gaussian,cqr,raw,0.5,0.0,0.9333333333333333,3630.7954660359537,19.325612871289156,,0.0009927749633789062
0.1,3,50,70,CQHR,Gaussian,cqr,native,0.5,0.0,0.9166666666666666,186282.33815460393,47.62947166507938,13.760895368282247,0.0
0.1,3,50,70,TSCP_R,Gaussian,cqr,capped,0.5,0.0,0.9166666666666666,4323.295355515379,17.924867093828972,,0.0009999275207519531
0.1,3,50,70,Unscaled,Gaussian,cqr,raw,0.5,0.0,0.9083333333333333,3837.6229756367834,16.00154468313314,,0.0
0.1,3,50,70,Empirical_copula,Gaussian,cqr,raw,0.5,0.0,0.9,3180.443112532746,16.151958932568906,,0.0010001659393310547
0.1,3,50,71,CQHR,Gaussian,cqr,native,0.5,0.0,0.8933333333333333,219677.9418428324,33.59062457724248,9.61618749477965,0.0
0.1,3,50,71,TSCP_R,Gaussian,cqr,capped,0.5,0.0,0.9433333333333334,4067.5888581452527,18.407574875778487,,0.0010037422180175781
0.1,3,50,71,Unscaled,Gaussian,cqr,raw,0.5,0.0,0.9283333333333333,4019.525555406756,16.141052701901735,,0.0
0.1,3,50,71,Empirical_copula,Gaussian,cqr,raw,0.5,0.0,0.9133333333333333,3044.9767609659143,15.895523200370222,,0.0009975433349609375
0.1,3,50,72,CQHR,Gaussian,cqr,native,0.5,0.0,0.9616666666666667,5182875.238790403,81.86449153975109,22.968373744175075,0.0
0.1,3,50,72,TSCP_R,Gaussian,cqr,capped,0.5,0.0,0.9666666666666667,8151.115912741656,30.374674103550085,,0.0009918212890625
0.1,3,50,72,Unscaled,Gaussian,cqr,raw,0.5,0.0,0.9116666666666666,3624.3881125410244,15.702120445254689,,0.0
0.1,3,50,72,Empirical_copula,Gaussian,cqr,raw,0.5,0.0,0.9333333333333333,3876.880212201598,19.352430861929182,,0.001008749008178711
0.1,3,50,73,CQHR,Gaussian,cqr,native,0.5,0.0,0.9366666666666666,71955.8778137783,38.4431836590376,12.966786776028654,0.0
0.1,3,50,73,TSCP_R,Gaussian,cqr,capped,0.5,0.0,0.8416666666666667,2385.3930386881834,15.479010242906188,,0.0009999275207519531
0.1,3,50,73,Unscaled,Gaussian,cqr,raw,0.5,0.0,0.8633333333333333,2931.0154872671033,14.4573030042401,,0.0
0.1,3,50,73,Empirical_copula,Gaussian,cqr,raw,0.5,0.0,0.8133333333333334,2056.1954658599648,15.08300417024493,,0.0009999275207519531
0.1,3,50,74,CQHR,Gaussian,cqr,native,0.5,0.0,0.955,659520.8772149837,69.89122894641856,25.587681302175657,0.0
0.1,3,50,74,TSCP_R,Gaussian,cqr,capped,0.5,0.0,0.9233333333333333,5134.570193160572,18.582818686435917,,0.0010001659393310547
0.1,3,50,74,Unscaled,Gaussian,cqr,raw,0.5,0.0,0.9083333333333333,3821.219602416669,15.949265807419652,,0.0
0.1,3,50,74,Empirical_copula,Gaussian,cqr,raw,0.5,0.0,0.905,3263.728951629454,15.866662265090147,,0.0010001659393310547
0.1,3,50,75,CQHR,Gaussian,cqr,native,0.5,0.0,0.9683333333333334,38102477.25862797,129.17630979086044,27.846012084851026,0.0
0.1,3,50,75,TSCP_R,Gaussian,cqr,capped,0.5,0.0,0.8916666666666667,2403.5247407241905,16.788292508151088,,0.0010352134704589844
0.1,3,50,75,Unscaled,Gaussian,cqr,raw,0.5,0.0,0.85,2067.7357752763423,13.094858379070832,,0.0
0.1,3,50,75,Empirical_copula,Gaussian,cqr,raw,0.5,0.0,0.7683333333333333,1192.758826009777,12.643748836649092,,0.0009999275207519531
0.1,3,50,76,CQHR,Gaussian,cqr,native,0.5,0.0,0.9516666666666667,371007.75910870096,62.74839339371441,23.071929015911902,0.0
0.1,3,50,76,TSCP_R,Gaussian,cqr,capped,0.5,0.0,0.955,6812.520961305208,22.559778276985085,,0.001009225845336914
0.1,3,50,76,Unscaled,Gaussian,cqr,raw,0.5,0.0,0.945,6110.2146324877995,18.59136027920903,,0.0
0.1,3,50,76,Empirical_copula,Gaussian,cqr,raw,0.5,0.0,0.8783333333333333,3707.680271709607,22.764320082455438,,0.0
0.1,3,50,77,CQHR,Gaussian,cqr,native,0.5,0.0,0.8566666666666667,13816.296418961594,23.76690221189102,8.950276498782742,0.0
0.1,3,50,77,TSCP_R,Gaussian,cqr,capped,0.5,0.0,0.9283333333333333,3278.880490693082,17.084406046736177,,0.0019936561584472656
0.1,3,50,77,Unscaled,Gaussian,cqr,raw,0.5,0.0,0.8833333333333333,2841.5234657902315,14.478617820258517,,0.0
0.1,3,50,77,Empirical_copula,Gaussian,cqr,raw,0.5,0.0,0.845,2282.2294228469373,15.862872255503241,,0.0
0.1,3,50,78,CQHR,Gaussian,cqr,native,0.5,0.0,0.875,4333724260.631777,938.8394124490286,9.837601094889205,0.0
0.1,3,50,78,TSCP_R,Gaussian,cqr,capped,0.5,0.0,0.9133333333333333,3890.2335847194136,21.538468244189993,,0.001010894775390625
0.1,3,50,78,Unscaled,Gaussian,cqr,raw,0.5,0.0,0.9016666666666666,3998.404208473827,16.029460147481498,,0.0
0.1,3,50,78,Empirical_copula,Gaussian,cqr,raw,0.5,0.0,0.9083333333333333,3619.992963902961,19.748436438563477,,0.0009963512420654297
0.1,3,50,79,CQHR,Gaussian,cqr,native,0.5,0.0,0.9466666666666667,867454454.8290539,355.4127757549826,18.286329648267756,0.0
0.1,3,50,79,TSCP_R,Gaussian,cqr,capped,0.5,0.0,0.9916666666666667,13053.088420722843,30.273646371837923,,0.0010001659393310547
0.1,3,50,79,Unscaled,Gaussian,cqr,raw,0.5,0.0,0.995,14073.387961903252,24.633191920924002,,0.0
0.1,3,50,79,Empirical_copula,Gaussian,cqr,raw,0.5,0.0,0.9633333333333334,9217.507914832055,30.038978900309253,,0.0009999275207519531
0.1,3,50,80,CQHR,Gaussian,cqr,native,0.5,0.0,0.9416666666666667,163715.7834955533,47.8686541091228,18.678957451777116,0.0
0.1,3,50,80,TSCP_R,Gaussian,cqr,capped,0.5,0.0,0.9583333333333334,5020.142946991775,19.817189452002467,,0.0009980201721191406
0.1,3,50,80,Unscaled,Gaussian,cqr,raw,0.5,0.0,0.95,5248.6404777711205,17.80708788500472,,0.0
0.1,3,50,80,Empirical_copula,Gaussian,cqr,raw,0.5,0.0,0.9466666666666667,4786.79848966625,22.31816432900849,,0.0
0.1,3,50,81,CQHR,Gaussian,cqr,native,0.5,0.0,0.86,75539.36841349579,34.17801646939003,8.70301621188237,0.0
0.1,3,50,81,TSCP_R,Gaussian,cqr,capped,0.5,0.0,0.8983333333333333,2580.5911485688753,17.958017908936412,,0.0010197162628173828
0.1,3,50,81,Unscaled,Gaussian,cqr,raw,0.5,0.0,0.915,2975.4482102275656,14.760769725344936,,0.0
0.1,3,50,81,Empirical_copula,Gaussian,cqr,raw,0.5,0.0,0.86,1965.4164279343518,15.928171092144215,,0.0
0.1,3,50,82,CQHR,Gaussian,cqr,native,0.5,0.0,0.865,14133783.408099096,81.02604532417557,9.694662923600907,0.0
0.1,3,50,82,TSCP_R,Gaussian,cqr,capped,0.5,0.0,0.955,4380.770350578729,19.26987001248654,,0.0009925365447998047
0.1,3,50,82,Unscaled,Gaussian,cqr,raw,0.5,0.0,0.87,2580.851972874198,14.012160132730614,,0.0
0.1,3,50,82,Empirical_copula,Gaussian,cqr,raw,0.5,0.0,0.8983333333333333,2710.6830028674176,17.54705595443232,,0.0010104179382324219
0.1,3,50,83,CQHR,Gaussian,cqr,native,0.5,0.0,0.9066666666666666,25694.67304604652,30.6496951008256,9.973351689081298,0.0
0.1,3,50,83,TSCP_R,Gaussian,cqr,capped,0.5,0.0,0.785,1591.2757320222345,12.643768309027005,,0.00099945068359375
0.1,3,50,83,Unscaled,Gaussian,cqr,raw,0.5,0.0,0.73,1365.316858559325,11.1133435746522,,0.0
0.1,3,50,83,Empirical_copula,Gaussian,cqr,raw,0.5,0.0,0.765,1605.418575608585,14.547329378621614,,0.0
0.1,3,50,84,CQHR,Gaussian,cqr,native,0.5,0.0,0.91,113198.6285474705,42.08324573171211,13.37961953329107,0.0
0.1,3,50,84,TSCP_R,Gaussian,cqr,capped,0.5,0.0,0.92,2893.056953267446,16.004755361362843,,0.0009999275207519531
0.1,3,50,84,Unscaled,Gaussian,cqr,raw,0.5,0.0,0.9283333333333333,3625.965542255847,15.649990178528721,,0.0
0.1,3,50,84,Empirical_copula,Gaussian,cqr,raw,0.5,0.0,0.8866666666666667,2326.1613527935287,15.617673522486635,,0.0
0.1,3,50,85,CQHR,Gaussian,cqr,native,0.5,0.0,0.905,93066.59593524816,34.13332876587911,11.996421852403602,0.0
0.1,3,50,85,TSCP_R,Gaussian,cqr,capped,0.5,0.0,0.86,2107.599900493141,17.88122805928323,,0.0009996891021728516
0.1,3,50,85,Unscaled,Gaussian,cqr,raw,0.5,0.0,0.8783333333333333,2746.6708863603394,14.416825345223382,,0.0
0.1,3,50,85,Empirical_copula,Gaussian,cqr,raw,0.5,0.0,0.7516666666666667,1460.9242945168592,15.383645219286182,,0.0
0.1,3,50,86,CQHR,Gaussian,cqr,native,0.5,0.0,0.9333333333333333,337116.4548953386,48.183964407603824,16.724345871563802,0.0
0.1,3,50,86,TSCP_R,Gaussian,cqr,capped,0.5,0.0,0.87,2177.142650277377,16.39162713472549,,0.0009999275207519531
0.1,3,50,86,Unscaled,Gaussian,cqr,raw,0.5,0.0,0.855,2397.722380667308,13.68519708924597,,0.0
0.1,3,50,86,Empirical_copula,Gaussian,cqr,raw,0.5,0.0,0.8333333333333334,1834.0987080963275,14.467676420489218,,0.0
0.1,3,50,87,CQHR,Gaussian,cqr,native,0.5,0.0,0.9183333333333333,870825042.2375259,284.62777942224204,13.83786989292715,0.0
0.1,3,50,87,TSCP_R,Gaussian,cqr,capped,0.5,0.0,0.9383333333333334,3372.936614538871,18.444642660804057,,0.0010066032409667969
0.1,3,50,87,Unscaled,Gaussian,cqr,raw,0.5,0.0,0.9283333333333333,3638.908498099125,15.677376882208433,,0.0
0.1,3,50,87,Empirical_copula,Gaussian,cqr,raw,0.5,0.0,0.9083333333333333,2571.0434881274837,15.76410363130645,,0.00099945068359375
0.1,3,50,88,CQHR,Gaussian,cqr,native,0.5,0.0,0.9183333333333333,157739.29301093778,48.23241336226076,14.692881538171205,0.0009987354278564453
0.1,3,50,88,TSCP_R,Gaussian,cqr,capped,0.5,0.0,0.8833333333333333,2660.6567491698233,18.138207764337714,,0.0010073184967041016
0.1,3,50,88,Unscaled,Gaussian,cqr,raw,0.5,0.0,0.8916666666666667,3143.80801108672,15.004956441717296,,0.0
0.1,3,50,88,Empirical_copula,Gaussian,cqr,raw,0.5,0.0,0.84,1986.7453411687115,15.00495644170851,,0.0
0.1,3,50,89,CQHR,Gaussian,cqr,native,0.5,0.0,0.8383333333333334,40059.46109005125,28.057199541206113,9.399658022123134,0.0009996891021728516
0.1,3,50,89,TSCP_R,Gaussian,cqr,capped,0.5,0.0,0.855,2248.652483464845,15.839374084178983,,0.0010008811950683594
0.1,3,50,89,Unscaled,Gaussian,cqr,raw,0.5,0.0,0.7916666666666666,2018.0695775610259,12.8721292705231,,0.0
0.1,3,50,89,Empirical_copula,Gaussian,cqr,raw,0.5,0.0,0.8133333333333334,1793.5024345470786,15.185886750381036,,0.0009951591491699219
0.1,3,50,90,CQHR,Gaussian,cqr,native,0.5,0.0,0.9316666666666666,203009.52305485556,45.11369397365674,13.615240006633558,0.0
0.1,3,50,90,TSCP_R,Gaussian,cqr,capped,0.5,0.0,0.9,3247.713170710829,17.095272933557563,,0.001005411148071289
0.1,3,50,90,Unscaled,Gaussian,cqr,raw,0.5,0.0,0.88,3012.7573078490186,14.743653929236544,,0.0010006427764892578
0.1,3,50,90,Empirical_copula,Gaussian,cqr,raw,0.5,0.0,0.87,2620.770960873551,14.550078512401615,,0.0
0.1,3,50,91,CQHR,Gaussian,cqr,native,0.5,0.0,0.8833333333333333,2005391.0882341214,44.776584890881395,10.480168052086226,0.0
0.1,3,50,91,TSCP_R,Gaussian,cqr,capped,0.5,0.0,0.85,2066.2565981506477,16.395669524587767,,0.00099945068359375
0.1,3,50,91,Unscaled,Gaussian,cqr,raw,0.5,0.0,0.7983333333333333,1782.9049019003915,12.239730323287025,,0.0
0.1,3,50,91,Empirical_copula,Gaussian,cqr,raw,0.5,0.0,0.7833333333333333,1628.072186914693,16.29993548762272,,0.0
0.1,3,50,92,CQHR,Gaussian,cqr,native,0.5,0.0,0.9,3659468.4929732736,64.03981599774586,13.400252858167699,0.0
0.1,3,50,92,TSCP_R,Gaussian,cqr,capped,0.5,0.0,0.8583333333333333,2544.8235615280596,16.608279882123945,,0.0010068416595458984
0.1,3,50,92,Unscaled,Gaussian,cqr,raw,0.5,0.0,0.8783333333333333,3059.771675432383,14.84868030509403,,0.0
0.1,3,50,92,Empirical_copula,Gaussian,cqr,raw,0.5,0.0,0.8183333333333334,2178.768461770075,16.775994640486367,,0.0010001659393310547
0.1,3,50,93,CQHR,Gaussian,cqr,native,0.5,0.0,0.8883333333333333,73452.45092164342,31.34588896109119,10.218815750671268,0.0
0.1,3,50,93,TSCP_R,Gaussian,cqr,capped,0.5,0.0,0.9466666666666667,4217.363661710617,17.605016900613396,,0.0010080337524414062
0.1,3,50,93,Unscaled,Gaussian,cqr,raw,0.5,0.0,0.9466666666666667,4646.436582636583,16.989883262169453,,0.0
0.1,3,50,93,Empirical_copula,Gaussian,cqr,raw,0.5,0.0,0.9016666666666666,2753.3676659854314,17.54723396755212,,0.0009965896606445312
0.1,3,50,94,CQHR,Gaussian,cqr,native,0.5,0.0,0.9533333333333334,145714.94031297322,52.938317428902884,21.83308243688852,0.0
0.1,3,50,94,TSCP_R,Gaussian,cqr,capped,0.5,0.0,0.9416666666666667,3196.450109100309,19.44116368584534,,0.0010101795196533203
0.1,3,50,94,Unscaled,Gaussian,cqr,raw,0.5,0.0,0.9216666666666666,3612.2224280761734,15.741822136800456,,0.0
0.1,3,50,94,Empirical_copula,Gaussian,cqr,raw,0.5,0.0,0.9166666666666666,2571.00753755617,16.972708921249676,,0.0
0.1,3,50,95,CQHR,Gaussian,cqr,native,0.5,0.0,0.91,634216.460669843,77.62837257940284,10.572136611941673,0.0
0.1,3,50,95,TSCP_R,Gaussian,cqr,capped,0.5,0.0,0.9116666666666666,2932.67390306897,16.79237652066355,,0.0010068416595458984
0.1,3,50,95,Unscaled,Gaussian,cqr,raw,0.5,0.0,0.915,3319.9780489630375,15.230401171777448,,0.0
0.1,3,50,95,Empirical_copula,Gaussian,cqr,raw,0.5,0.0,0.89,2468.5964189275674,17.147792874811852,,0.0
0.1,3,50,96,CQHR,Gaussian,cqr,native,0.5,0.0,0.915,955392.9940283092,55.5012757721005,16.354375831968344,0.0009953975677490234
0.1,3,50,96,TSCP_R,Gaussian,cqr,capped,0.5,0.0,0.9233333333333333,3032.040490163161,17.20619095359136,,0.00099945068359375
0.1,3,50,96,Unscaled,Gaussian,cqr,raw,0.5,0.0,0.915,3124.9053886298034,14.93775416238371,,0.0
0.1,3,50,96,Empirical_copula,Gaussian,cqr,raw,0.5,0.0,0.9183333333333333,3224.8633862525603,19.59370950382617,,0.0
0.1,3,50,97,CQHR,Gaussian,cqr,native,0.5,0.0,0.9166666666666666,1127057.4971009179,46.919986375982965,9.528845079774083,0.0
0.1,3,50,97,TSCP_R,Gaussian,cqr,capped,0.5,0.0,0.9133333333333333,3019.886132615935,18.21479147723891,,0.0009992122650146484
0.1,3,50,97,Unscaled,Gaussian,cqr,raw,0.5,0.0,0.8866666666666667,2424.5568238287947,13.68266115341017,,0.0
0.1,3,50,97,Empirical_copula,Gaussian,cqr,raw,0.5,0.0,0.8566666666666667,2036.3023480745971,15.558596648004187,,0.0
0.1,3,50,98,CQHR,Gaussian,cqr,native,0.5,0.0,0.8266666666666667,193619.1132750683,36.49944926894227,7.745970349384464,0.0
0.1,3,50,98,TSCP_R,Gaussian,cqr,capped,0.5,0.0,0.915,3815.569902116951,20.626388432247474,,0.0009996891021728516
0.1,3,50,98,Unscaled,Gaussian,cqr,raw,0.5,0.0,0.9416666666666667,4904.864145244024,17.348616582524414,,0.0
0.1,3,50,98,Empirical_copula,Gaussian,cqr,raw,0.5,0.0,0.855,2389.030940032017,16.63587878393889,,0.0010001659393310547
0.1,3,50,99,CQHR,Gaussian,cqr,native,0.5,0.0,0.9,618000.5477495054,38.66278600532805,11.9969061022353,0.0
0.1,3,50,99,TSCP_R,Gaussian,cqr,capped,0.5,0.0,0.9166666666666666,3220.3183668019537,19.63847024408275,,0.0009927749633789062
0.1,3,50,99,Unscaled,Gaussian,cqr,raw,0.5,0.0,0.8833333333333333,3019.8480773194506,14.763719661267041,,0.0010006427764892578
0.1,3,50,99,Empirical_copula,Gaussian,cqr,raw,0.5,0.0,0.8633333333333333,2271.663320179238,15.194017143651857,,0.0
0.1,3,100,0,CQHR,Gaussian,cqr,native,0.5,0.0,0.895,327688.01597186597,37.251524657940266,10.365803634595775,0.0
0.1,3,100,0,TSCP_R,Gaussian,cqr,capped,0.5,0.0,0.83,2147.42377796965,15.396153696559837,,0.0009996891021728516
0.1,3,100,0,Unscaled,Gaussian,cqr,raw,0.5,0.0,0.8766666666666667,2909.2055204360636,14.562847509054714,,0.0
0.1,3,100,0,Empirical_copula,Gaussian,cqr,raw,0.5,0.0,0.8466666666666667,2117.057048116672,14.71710611982909,,0.0009996891021728516
0.1,3,100,1,CQHR,Gaussian,cqr,native,0.5,0.0,0.9433333333333334,1053219.868535064,56.304374011588166,15.81810981794344,0.0
0.1,3,100,1,TSCP_R,Gaussian,cqr,capped,0.5,0.0,0.9316666666666666,3201.252253715085,17.650232268060297,,0.001001596450805664
0.1,3,100,1,Unscaled,Gaussian,cqr,raw,0.5,0.0,0.9183333333333333,3551.2920495254393,15.488442614648177,,0.0
0.1,3,100,1,Empirical_copula,Gaussian,cqr,raw,0.5,0.0,0.9216666666666666,3321.8349502744077,16.74317277231942,,0.0
0.1,3,100,2,CQHR,Gaussian,cqr,native,0.5,0.0,0.8883333333333333,29274.21596527618,31.285845499764413,12.786342812248847,0.0009968280792236328
0.1,3,100,2,TSCP_R,Gaussian,cqr,capped,0.5,0.0,0.9483333333333334,3455.0498468690575,17.194075336102667,,0.0009996891021728516
0.1,3,100,2,Unscaled,Gaussian,cqr,raw,0.5,0.0,0.905,2885.9412661006,14.725590379022169,,0.0
0.1,3,100,2,Empirical_copula,Gaussian,cqr,raw,0.5,0.0,0.925,2844.8229663291972,17.342296696698575,,0.0010063648223876953
0.1,3,100,3,CQHR,Gaussian,cqr,native,0.5,0.0,0.8466666666666667,24106.9121527216,26.54915958533141,7.62424150523632,0.0
0.1,3,100,3,TSCP_R,Gaussian,cqr,capped,0.5,0.0,0.8866666666666667,2567.9342636283686,17.067721485283798,,0.0010006427764892578
0.1,3,100,3,Unscaled,Gaussian,cqr,raw,0.5,0.0,0.905,3608.723127915155,15.475152577011055,,0.0
0.1,3,100,3,Empirical_copula,Gaussian,cqr,raw,0.5,0.0,0.8766666666666667,2467.3608388999965,16.27230926828885,,0.0010149478912353516
0.1,3,100,4,CQHR,Gaussian,cqr,native,0.5,0.0,0.955,271978.57906261407,63.283168855506375,24.63764815926394,0.0
0.1,3,100,4,TSCP_R,Gaussian,cqr,capped,0.5,0.0,0.9166666666666666,3538.144320055815,17.645273827740066,,0.0009937286376953125
0.1,3,100,4,Unscaled,Gaussian,cqr,raw,0.5,0.0,0.915,3768.303765016622,15.873521600490239,,0.0
0.1,3,100,4,Empirical_copula,Gaussian,cqr,raw,0.5,0.0,0.905,3308.4280923304036,18.576715870376617,,0.0010001659393310547
0.1,3,100,5,CQHR,Gaussian,cqr,native,0.5,0.0,0.925,394118.1291778131,52.0950803234469,15.796827663721299,0.0
0.1,3,100,5,TSCP_R,Gaussian,cqr,capped,0.5,0.0,0.915,2612.712965227155,15.065188237089336,,0.002001523971557617
0.1,3,100,5,Unscaled,Gaussian,cqr,raw,0.5,0.0,0.915,2740.306796047235,14.369462593502012,,0.0
0.1,3,100,5,Empirical_copula,Gaussian,cqr,raw,0.5,0.0,0.915,2741.6657296227795,14.413895556236794,,0.001005411148071289
0.1,3,100,6,CQHR,Gaussian,cqr,native,0.5,0.0,0.9416666666666667,54416.260765461106,37.04678794005916,12.06068935174857,0.0
0.1,3,100,6,TSCP_R,Gaussian,cqr,capped,0.5,0.0,0.8916666666666667,2277.6309382668874,15.045918803238202,,0.00099945068359375
0.1,3,100,6,Unscaled,Gaussian,cqr,raw,0.5,0.0,0.8833333333333333,2669.8254726800437,14.123597492333031,,0.0
0.1,3,100,6,Empirical_copula,Gaussian,cqr,raw,0.5,0.0,0.88,2314.309762907716,14.207614398748717,,0.0
0.1,3,100,7,CQHR,Gaussian,cqr,native,0.5,0.0,0.8466666666666667,50276.77954545372,30.074055369742855,8.520504796993427,0.0
0.1,3,100,7,TSCP_R,Gaussian,cqr,capped,0.5,0.0,0.86,2317.6005118382177,19.076468556454813,,0.0010116100311279297
0.1,3,100,7,Unscaled,Gaussian,cqr,raw,0.5,0.0,0.9183333333333333,3396.596818120194,15.460815171925441,,0.0
0.1,3,100,7,Empirical_copula,Gaussian,cqr,raw,0.5,0.0,0.8366666666666667,2182.1388860739735,20.585278701277865,,0.0009899139404296875
0.1,3,100,8,CQHR,Gaussian,cqr,native,0.5,0.0,0.8666666666666667,321776.1242843237,37.3185856839611,8.775750274886063,0.0
0.1,3,100,8,TSCP_R,Gaussian,cqr,capped,0.5,0.0,0.9433333333333334,4629.162213459625,19.620432409477218,,0.002000093460083008
0.1,3,100,8,Unscaled,Gaussian,cqr,raw,0.5,0.0,0.93,4343.356541635121,16.537526688700243,,0.0
0.1,3,100,8,Empirical_copula,Gaussian,cqr,raw,0.5,0.0,0.885,2817.0912947848083,18.258029152306563,,0.0010135173797607422
0.1,3,100,9,CQHR,Gaussian,cqr,native,0.5,0.0,0.9533333333333334,250499.14917637766,49.5862303251885,16.014486531115658,0.00099945068359375
0.1,3,100,9,TSCP_R,Gaussian,cqr,capped,0.5,0.0,0.9233333333333333,3750.4918189373434,18.792860201944013,,0.0
0.1,3,100,9,Unscaled,Gaussian,cqr,raw,0.5,0.0,0.925,4686.703399765314,16.962320156697082,,0.0
0.1,3,100,9,Empirical_copula,Gaussian,cqr,raw,0.5,0.0,0.8916666666666667,2980.152721337158,18.722056933559823,,0.0014452934265136719
0.1,3,100,10,CQHR,Gaussian,cqr,native,0.5,0.0,0.92,195355.60929118967,40.63118200505792,13.284188364811339,0.0
0.1,3,100,10,TSCP_R,Gaussian,cqr,capped,0.5,0.0,0.8533333333333334,2648.065817875713,15.1497198207011,,0.0010027885437011719
0.1,3,100,10,Unscaled,Gaussian,cqr,raw,0.5,0.0,0.8666666666666667,2738.9026149144725,14.347727705448728,,0.0
0.1,3,100,10,Empirical_copula,Gaussian,cqr,raw,0.5,0.0,0.8516666666666667,2252.316868474216,14.068974187429058,,0.000997781753540039
0.1,3,100,11,CQHR,Gaussian,cqr,native,0.5,0.0,0.8883333333333333,45321.11065799975,32.44559549444057,10.069722479240522,0.0
0.1,3,100,11,TSCP_R,Gaussian,cqr,capped,0.5,0.0,0.845,1752.6193136769953,14.35039033205303,,0.0009984970092773438
0.1,3,100,11,Unscaled,Gaussian,cqr,raw,0.5,0.0,0.8466666666666667,1894.6047161980143,12.631648394232842,,0.0
0.1,3,100,11,Empirical_copula,Gaussian,cqr,raw,0.5,0.0,0.8416666666666667,1661.063368081284,13.683082460659937,,0.0010089874267578125
0.1,3,100,12,CQHR,Gaussian,cqr,native,0.5,0.0,0.9583333333333334,94880889.46128516,142.62512475456944,22.30200417726445,0.0
0.1,3,100,12,TSCP_R,Gaussian,cqr,capped,0.5,0.0,0.9116666666666666,2625.6645668215338,15.49218545370182,,0.001123666763305664
0.1,3,100,12,Unscaled,Gaussian,cqr,raw,0.5,0.0,0.8916666666666667,2732.3830206982666,14.477761937927038,,0.0
0.1,3,100,12,Empirical_copula,Gaussian,cqr,raw,0.5,0.0,0.9066666666666666,2639.6535305409793,15.431624361261605,,0.0008761882781982422
0.1,3,100,13,CQHR,Gaussian,cqr,native,0.5,0.0,0.915,564491.8646817057,41.59162325628421,12.496408183308366,0.0
0.1,3,100,13,TSCP_R,Gaussian,cqr,capped,0.5,0.0,0.875,2689.7351011154256,15.194707338945888,,0.0010001659393310547
0.1,3,100,13,Unscaled,Gaussian,cqr,raw,0.5,0.0,0.875,2820.058523405798,14.536983451459216,,0.0
0.1,3,100,13,Empirical_copula,Gaussian,cqr,raw,0.5,0.0,0.855,2316.9717855357767,14.523276143783402,,0.0009999275207519531
0.1,3,100,14,CQHR,Gaussian,cqr,native,0.5,0.0,0.94,712715.7866156225,61.80179263046543,18.004081443861075,0.0
0.1,3,100,14,TSCP_R,Gaussian,cqr,capped,0.5,0.0,0.9116666666666666,2893.1350620403,18.70454744612286,,0.0010001659393310547
0.1,3,100,14,Unscaled,Gaussian,cqr,raw,0.5,0.0,0.9,3271.3379862870293,15.077808458375767,,0.0
0.1,3,100,14,Empirical_copula,Gaussian,cqr,raw,0.5,0.0,0.8983333333333333,2662.3253018347095,16.494662065046565,,0.0009996891021728516
0.1,3,100,15,CQHR,Gaussian,cqr,native,0.5,0.0,0.9233333333333333,437213.163955155,49.29901457460539,14.877258732932132,0.0
0.1,3,100,15,TSCP_R,Gaussian,cqr,capped,0.5,0.0,0.9,2706.6843913062517,16.059710040182836,,0.0009925365447998047
0.1,3,100,15,Unscaled,Gaussian,cqr,raw,0.5,0.0,0.8766666666666667,2760.3343105077647,14.274842921586297,,0.0
0.1,3,100,15,Empirical_copula,Gaussian,cqr,raw,0.5,0.0,0.895,2655.389757391675,16.237143079039665,,0.0010073184967041016
0.1,3,100,16,CQHR,Gaussian,cqr,native,0.5,0.0,0.93,408541.06068608584,49.55584863228415,13.812996915558204,0.0
0.1,3,100,16,TSCP_R,Gaussian,cqr,capped,0.5,0.0,0.9,3121.7611422849413,16.439971692308774,,0.0009996891021728516
0.1,3,100,16,Unscaled,Gaussian,cqr,raw,0.5,0.0,0.9066666666666666,3940.1257067221177,15.951377123780778,,0.0
0.1,3,100,16,Empirical_copula,Gaussian,cqr,raw,0.5,0.0,0.8666666666666667,2553.7949571258864,16.38620978307783,,0.0
0.1,3,100,17,CQHR,Gaussian,cqr,native,0.5,0.0,0.9366666666666666,97239965.92362231,184.6449450274342,15.979122322888117,0.0
0.1,3,100,17,TSCP_R,Gaussian,cqr,capped,0.5,0.0,0.8716666666666667,2669.3595317357353,15.893687579344993,,0.000993490219116211
0.1,3,100,17,Unscaled,Gaussian,cqr,raw,0.5,0.0,0.8816666666666667,3233.9651332358585,15.10865496223148,,0.0
0.1,3,100,17,Empirical_copula,Gaussian,cqr,raw,0.5,0.0,0.855,2290.3275672729997,15.680896162200295,,0.0010023117065429688
0.1,3,100,18,CQHR,Gaussian,cqr,native,0.5,0.0,0.92,479597.7011579011,49.152766071153316,18.201477828023677,0.0
0.1,3,100,18,TSCP_R,Gaussian,cqr,capped,0.5,0.0,0.8466666666666667,1935.8628167673558,14.374073035678885,,0.0009982585906982422
0.1,3,100,18,Unscaled,Gaussian,cqr,raw,0.5,0.0,0.865,2324.4159020151433,13.632492515796061,,0.0
0.1,3,100,18,Empirical_copula,Gaussian,cqr,raw,0.5,0.0,0.8416666666666667,1859.9935583732115,14.326744507088833,,0.0
0.1,3,100,19,CQHR,Gaussian,cqr,native,0.5,0.0,0.925,74220.8150031112,42.33500387110758,16.557900569956477,0.0
0.1,3,100,19,TSCP_R,Gaussian,cqr,capped,0.5,0.0,0.8766666666666667,2552.451744651233,16.146225111899216,,0.0011665821075439453
0.1,3,100,19,Unscaled,Gaussian,cqr,raw,0.5,0.0,0.8883333333333333,3276.285752816589,15.268148073423985,,0.0
0.1,3,100,19,Empirical_copula,Gaussian,cqr,raw,0.5,0.0,0.8683333333333333,2357.700057558568,15.614345403175646,,0.0010025501251220703
0.1,3,100,20,CQHR,Gaussian,cqr,native,0.5,0.0,0.8883333333333333,79669.66350690449,34.216716569387884,11.051250982884048,0.0
0.1,3,100,20,TSCP_R,Gaussian,cqr,capped,0.5,0.0,0.8783333333333333,2564.565511877047,16.13935456722957,,0.0009927749633789062
0.1,3,100,20,Unscaled,Gaussian,cqr,raw,0.5,0.0,0.8783333333333333,2830.1067313107988,14.386566028168158,,0.0
0.1,3,100,20,Empirical_copula,Gaussian,cqr,raw,0.5,0.0,0.8316666666666667,2297.9499227845495,17.709847025742143,,0.0010068416595458984
0.1,3,100,21,CQHR,Gaussian,cqr,native,0.5,0.0,0.8966666666666666,40065.96362050608,32.024426545313574,11.225386993169863,0.0
0.1,3,100,21,TSCP_R,Gaussian,cqr,capped,0.5,0.0,0.8266666666666667,1991.2340476462955,15.115477205240097,,0.0009965896606445312
0.1,3,100,21,Unscaled,Gaussian,cqr,raw,0.5,0.0,0.815,2071.894147135259,12.928883425779505,,0.0
0.1,3,100,21,Empirical_copula,Gaussian,cqr,raw,0.5,0.0,0.8216666666666667,1811.3433799103718,15.50507526199365,,0.0
0.1,3,100,22,CQHR,Gaussian,cqr,native,0.5,0.0,0.855,58965.07289791749,28.47752735369384,9.565217493779368,0.0
0.1,3,100,22,TSCP_R,Gaussian,cqr,capped,0.5,0.0,0.94,4136.776226867777,21.135240331802553,,0.0010018348693847656
0.1,3,100,22,Unscaled,Gaussian,cqr,raw,0.5,0.0,0.94,4618.43085696522,17.079296664516576,,0.0
0.1,3,100,22,Empirical_copula,Gaussian,cqr,raw,0.5,0.0,0.8933333333333333,2831.5163103624723,18.65214824642711,,0.0009992122650146484
0.1,3,100,23,CQHR,Gaussian,cqr,native,0.5,0.0,0.915,41790.63502182353,34.365735037962835,13.219926291410973,0.0
0.1,3,100,23,TSCP_R,Gaussian,cqr,capped,0.5,0.0,0.97,5740.749264044404,20.402830805065932,,0.0009999275207519531
0.1,3,100,23,Unscaled,Gaussian,cqr,raw,0.5,0.0,0.9733333333333334,6435.677798467209,18.8847352299002,,0.0
0.1,3,100,23,Empirical_copula,Gaussian,cqr,raw,0.5,0.0,0.965,5556.23913127191,20.00239842480429,,0.0010001659393310547
0.1,3,100,24,CQHR,Gaussian,cqr,native,0.5,0.0,0.825,198428.01100583625,28.41408076917869,8.703064917860278,0.0
0.1,3,100,24,TSCP_R,Gaussian,cqr,capped,0.5,0.0,0.9166666666666666,3102.7090799952207,17.498018317072933,,0.0010025501251220703
0.1,3,100,24,Unscaled,Gaussian,cqr,raw,0.5,0.0,0.925,3933.548350595173,16.298446691047822,,0.0
0.1,3,100,24,Empirical_copula,Gaussian,cqr,raw,0.5,0.0,0.8983333333333333,2769.8410459100824,16.60673572987975,,0.0009932518005371094
0.1,3,100,25,CQHR,Gaussian,cqr,native,0.5,0.0,0.9433333333333334,128358.71186213757,47.8267321318133,16.777745496193877,0.0010006427764892578
0.1,3,100,25,TSCP_R,Gaussian,cqr,capped,0.5,0.0,0.8833333333333333,3003.676400357803,18.433063288050654,,0.0010008811950683594
0.1,3,100,25,Unscaled,Gaussian,cqr,raw,0.5,0.0,0.875,2738.8173791617146,14.144702145966011,,0.0
0.1,3,100,25,Empirical_copula,Gaussian,cqr,raw,0.5,0.0,0.87,2439.703427890487,15.513387617694015,,0.0009999275207519531
0.1,3,100,26,CQHR,Gaussian,cqr,native,0.5,0.0,0.9483333333333334,843950.2764710016,70.09692326581371,22.98143834324592,0.0
0.1,3,100,26,TSCP_R,Gaussian,cqr,capped,0.5,0.0,0.88,2359.897136980023,16.030065506063057,,0.0010097026824951172
0.1,3,100,26,Unscaled,Gaussian,cqr,raw,0.5,0.0,0.8683333333333333,2732.2399250174044,14.221290166769414,,0.0
0.1,3,100,26,Empirical_copula,Gaussian,cqr,raw,0.5,0.0,0.8566666666666667,2066.626285049543,15.981737761872228,,0.0
0.1,3,100,27,CQHR,Gaussian,cqr,native,0.5,0.0,0.89,622816.8744766932,40.46865093099656,12.256594617965648,0.0
0.1,3,100,27,TSCP_R,Gaussian,cqr,capped,0.5,0.0,0.8766666666666667,2317.207457678184,14.25748674491622,,0.0009937286376953125
0.1,3,100,27,Unscaled,Gaussian,cqr,raw,0.5,0.0,0.8716666666666667,2471.3595385009744,13.867164942561597,,0.0
0.1,3,100,27,Empirical_copula,Gaussian,cqr,raw,0.5,0.0,0.8516666666666667,2006.470816942957,14.09221855475546,,0.0
0.1,3,100,28,CQHR,Gaussian,cqr,native,0.5,0.0,0.93,152417.39150070955,44.863390529596494,14.453045385326051,0.0
0.1,3,100,28,TSCP_R,Gaussian,cqr,capped,0.5,0.0,0.8866666666666667,2581.5399915025105,17.891424171067197,,0.0009999275207519531
0.1,3,100,28,Unscaled,Gaussian,cqr,raw,0.5,0.0,0.88,3041.729441499114,14.73857606765889,,0.0
0.1,3,100,28,Empirical_copula,Gaussian,cqr,raw,0.5,0.0,0.8566666666666667,2262.447990160084,16.489675021364693,,0.0010013580322265625
0.1,3,100,29,CQHR,Gaussian,cqr,native,0.5,0.0,0.9066666666666666,662035.6973641701,41.373108234760664,11.313506776284122,0.0
0.1,3,100,29,TSCP_R,Gaussian,cqr,capped,0.5,0.0,0.9016666666666666,2701.053444144328,16.797388608235675,,0.001077890396118164
0.1,3,100,29,Unscaled,Gaussian,cqr,raw,0.5,0.0,0.9283333333333333,4355.9510148433965,16.72499771280998,,0.0
0.1,3,100,29,Empirical_copula,Gaussian,cqr,raw,0.5,0.0,0.82,1919.7513175127342,17.5062308258468,,0.0010001659393310547
0.1,3,100,30,CQHR,Gaussian,cqr,native,0.5,0.0,0.87,16845.506498223793,26.52097024879043,9.996217451309256,0.0
0.1,3,100,30,TSCP_R,Gaussian,cqr,capped,0.5,0.0,0.9616666666666667,4669.082060812268,18.68918828382193,,0.00099945068359375
0.1,3,100,30,Unscaled,Gaussian,cqr,raw,0.5,0.0,0.9583333333333334,4888.180305996813,17.391303677041723,,0.0
0.1,3,100,30,Empirical_copula,Gaussian,cqr,raw,0.5,0.0,0.8866666666666667,2994.3149343736295,17.097857419094986,,0.0009996891021728516
0.1,3,100,31,CQHR,Gaussian,cqr,native,0.5,0.0,0.91,460449.7688779339,45.65442656095165,12.437389314376038,0.0
0.1,3,100,31,TSCP_R,Gaussian,cqr,capped,0.5,0.0,0.875,2561.31821970435,15.5534241491935,,0.0010013580322265625
0.1,3,100,31,Unscaled,Gaussian,cqr,raw,0.5,0.0,0.8766666666666667,3063.036114058357,14.757690105045087,,0.0
0.1,3,100,31,Empirical_copula,Gaussian,cqr,raw,0.5,0.0,0.88,2613.9280980589288,15.732426756204203,,0.0009996891021728516
0.1,3,100,32,CQHR,Gaussian,cqr,native,0.5,0.0,0.9216666666666666,100523.17332270627,38.63783492334193,13.632513769650412,0.0
0.1,3,100,32,TSCP_R,Gaussian,cqr,capped,0.5,0.0,0.8816666666666667,2789.748212455651,16.470319274995592,,0.0009989738464355469
0.1,3,100,32,Unscaled,Gaussian,cqr,raw,0.5,0.0,0.8966666666666666,3520.7668468878924,15.513321635461953,,0.0
0.1,3,100,32,Empirical_copula,Gaussian,cqr,raw,0.5,0.0,0.8766666666666667,2596.8491816040273,16.558475792600174,,0.0
0.1,3,100,33,CQHR,Gaussian,cqr,native,0.5,0.0,0.8533333333333334,37656.41664455889,26.158223758085622,9.024900679658582,0.0
0.1,3,100,33,TSCP_R,Gaussian,cqr,capped,0.5,0.0,0.94,3955.5686834584812,17.340335551235057,,0.002001523971557617
0.1,3,100,33,Unscaled,Gaussian,cqr,raw,0.5,0.0,0.92,4009.883019697043,16.373492819328163,,0.0
0.1,3,100,33,Empirical_copula,Gaussian,cqr,raw,0.5,0.0,0.9183333333333333,3607.457075752139,17.28879162255366,,0.0009999275207519531
0.1,3,100,34,CQHR,Gaussian,cqr,native,0.5,0.0,0.9216666666666666,75987.43982681222,40.059767655854685,14.962898882385476,0.0
0.1,3,100,34,TSCP_R,Gaussian,cqr,capped,0.5,0.0,0.945,3612.6938274865956,17.555085474061052,,0.0009927749633789062
0.1,3,100,34,Unscaled,Gaussian,cqr,raw,0.5,0.0,0.935,3675.062598559038,15.944687803319637,,0.0010073184967041016
0.1,3,100,34,Empirical_copula,Gaussian,cqr,raw,0.5,0.0,0.9316666666666666,2852.9195461468926,16.658468153401405,,0.0
0.1,3,100,35,CQHR,Gaussian,cqr,native,0.5,0.0,0.9033333333333333,650260.8521898215,45.31112069479379,10.879878849068962,0.0
0.1,3,100,35,TSCP_R,Gaussian,cqr,capped,0.5,0.0,0.92,3300.258917024626,16.34725799109341,,0.0009937286376953125
0.1,3,100,35,Unscaled,Gaussian,cqr,raw,0.5,0.0,0.91,3370.4167693898917,15.307323874759083,,0.0
0.1,3,100,35,Empirical_copula,Gaussian,cqr,raw,0.5,0.0,0.8816666666666667,2912.3626205158434,14.919109026199475,,0.0010066032409667969
0.1,3,100,36,CQHR,Gaussian,cqr,native,0.5,0.0,0.9016666666666666,25064.593735789735,27.762180473418326,10.405451269209372,0.0
0.1,3,100,36,TSCP_R,Gaussian,cqr,capped,0.5,0.0,0.8966666666666666,2819.0169181274896,15.98567489320094,,0.0010008811950683594
0.1,3,100,36,Unscaled,Gaussian,cqr,raw,0.5,0.0,0.9066666666666666,3000.0855077893502,14.921042015891123,,0.0
0.1,3,100,36,Empirical_copula,Gaussian,cqr,raw,0.5,0.0,0.8916666666666667,2666.9996191501837,15.532140719134398,,0.0010101795196533203
0.1,3,100,37,CQHR,Gaussian,cqr,native,0.5,0.0,0.9183333333333333,571897.6188261929,45.754191875264745,12.434827445576524,0.0
0.1,3,100,37,TSCP_R,Gaussian,cqr,capped,0.5,0.0,0.8933333333333333,2578.5608805956185,15.402963848249016,,0.0009992122650146484
0.1,3,100,37,Unscaled,Gaussian,cqr,raw,0.5,0.0,0.92,3351.03963463676,15.36020470107378,,0.0
0.1,3,100,37,Empirical_copula,Gaussian,cqr,raw,0.5,0.0,0.8733333333333333,2204.139615093772,15.360204700986424,,0.0009999275207519531
0.1,3,100,38,CQHR,Gaussian,cqr,native,0.5,0.0,0.9333333333333333,854561.8284922512,56.55619238229773,15.332011283625361,0.0
0.1,3,100,38,TSCP_R,Gaussian,cqr,capped,0.5,0.0,0.9133333333333333,3147.0824770237464,16.602390790674942,,0.0009999275207519531
0.1,3,100,38,Unscaled,Gaussian,cqr,raw,0.5,0.0,0.89,3171.9820398307365,14.852287195786154,,0.0
0.1,3,100,38,Empirical_copula,Gaussian,cqr,raw,0.5,0.0,0.8983333333333333,3079.7956789079617,16.038526042266785,,0.0009996891021728516
0.1,3,100,39,CQHR,Gaussian,cqr,native,0.5,0.0,0.8866666666666667,32036.50931058218,29.28403510949572,9.128502092652125,0.0010004043579101562
0.1,3,100,39,TSCP_R,Gaussian,cqr,capped,0.5,0.0,0.8883333333333333,2716.3447738885657,16.002620738519756,,0.0010008811950683594
0.1,3,100,39,Unscaled,Gaussian,cqr,raw,0.5,0.0,0.9033333333333333,3313.574242736996,15.21557558173874,,0.0
0.1,3,100,39,Empirical_copula,Gaussian,cqr,raw,0.5,0.0,0.8666666666666667,2325.8006866122464,15.2971343697032,,0.0009937286376953125
0.1,3,100,40,CQHR,Gaussian,cqr,native,0.5,0.0,0.9116666666666666,147491.77264699622,38.65818881762251,12.982165651777033,0.0
0.1,3,100,40,TSCP_R,Gaussian,cqr,capped,0.5,0.0,0.8833333333333333,2844.736627964531,18.19716582521124,,0.0010001659393310547
0.1,3,100,40,Unscaled,Gaussian,cqr,raw,0.5,0.0,0.9,3277.10227779034,15.184542684114916,,0.0
0.1,3,100,40,Empirical_copula,Gaussian,cqr,raw,0.5,0.0,0.8583333333333333,2238.1510996287134,15.02869938484701,,0.0010061264038085938
0.1,3,100,41,CQHR,Gaussian,cqr,native,0.5,0.0,0.9116666666666666,316724.5833061234,48.13649646849456,15.661052379995706,0.0
0.1,3,100,41,TSCP_R,Gaussian,cqr,capped,0.5,0.0,0.9016666666666666,2643.44332178943,16.273485810114433,,0.0010063648223876953
0.1,3,100,41,Unscaled,Gaussian,cqr,raw,0.5,0.0,0.9083333333333333,3426.442559723043,15.506457128981507,,0.0
0.1,3,100,41,Empirical_copula,Gaussian,cqr,raw,0.5,0.0,0.88,2184.0742505993276,15.577758743984557,,0.0009996891021728516
0.1,3,100,42,CQHR,Gaussian,cqr,native,0.5,0.0,0.8733333333333333,39064.06745724519,31.71170485212997,9.807888353070258,0.0
0.1,3,100,42,TSCP_R,Gaussian,cqr,capped,0.5,0.0,0.8583333333333333,2357.726934219072,16.142577706003802,,0.0009996891021728516
0.1,3,100,42,Unscaled,Gaussian,cqr,raw,0.5,0.0,0.8633333333333333,2992.894337852332,14.77854372359161,,0.0
0.1,3,100,42,Empirical_copula,Gaussian,cqr,raw,0.5,0.0,0.8316666666666667,2115.50096509569,14.92427399855798,,0.0009996891021728516
0.1,3,100,43,CQHR,Gaussian,cqr,native,0.5,0.0,0.8616666666666667,16199.319466948407,24.754297174345343,8.494891326253638,0.0
0.1,3,100,43,TSCP_R,Gaussian,cqr,capped,0.5,0.0,0.9066666666666666,2796.8164463377466,17.827776571448247,,0.0010004043579101562
0.1,3,100,43,Unscaled,Gaussian,cqr,raw,0.5,0.0,0.925,3560.6269883767445,15.599228574476298,,0.0
0.1,3,100,43,Empirical_copula,Gaussian,cqr,raw,0.5,0.0,0.905,2695.568850746093,17.97861607308111,,0.0009992122650146484
0.1,3,100,44,CQHR,Gaussian,cqr,native,0.5,0.0,0.9483333333333334,267657.29537157767,64.46411714832172,26.745793169362592,0.0
0.1,3,100,44,TSCP_R,Gaussian,cqr,capped,0.5,0.0,0.9183333333333333,2505.3743042643996,15.357377608895874,,0.0009989738464355469
0.1,3,100,44,Unscaled,Gaussian,cqr,raw,0.5,0.0,0.9066666666666666,2644.8568800944504,14.187320188533143,,0.0
0.1,3,100,44,Empirical_copula,Gaussian,cqr,raw,0.5,0.0,0.8766666666666667,1990.256406141702,14.499363826929105,,0.0009968280792236328
0.1,3,100,45,CQHR,Gaussian,cqr,native,0.5,0.0,0.8983333333333333,55739.58885248743,35.826618725793296,12.523855881886359,0.0
0.1,3,100,45,TSCP_R,Gaussian,cqr,capped,0.5,0.0,0.735,1568.0880565312218,13.241326483819943,,0.00099945068359375
0.1,3,100,45,Unscaled,Gaussian,cqr,raw,0.5,0.0,0.7716666666666666,2022.5375431148661,12.785862845626676,,0.0
0.1,3,100,45,Empirical_copula,Gaussian,cqr,raw,0.5,0.0,0.7166666666666667,1456.282170144096,12.798628712673715,,0.0010068416595458984
0.1,3,100,46,CQHR,Gaussian,cqr,native,0.5,0.0,0.89,91885.65843080157,31.153143404100575,9.752018012869483,0.0
0.1,3,100,46,TSCP_R,Gaussian,cqr,capped,0.5,0.0,0.89,2474.5606666913864,17.485289066307526,,0.0009999275207519531
0.1,3,100,46,Unscaled,Gaussian,cqr,raw,0.5,0.0,0.9,3576.857783131744,15.636387360555478,,0.0
0.1,3,100,46,Empirical_copula,Gaussian,cqr,raw,0.5,0.0,0.8583333333333333,2094.2667955594206,17.425048357458117,,0.0
0.1,3,100,47,CQHR,Gaussian,cqr,native,0.5,0.0,0.8533333333333334,19663.878278692486,24.349123848414774,6.921652129175641,0.0
0.1,3,100,47,TSCP_R,Gaussian,cqr,capped,0.5,0.0,0.9283333333333333,2886.466879727149,18.559029655300524,,0.001993417739868164
0.1,3,100,47,Unscaled,Gaussian,cqr,raw,0.5,0.0,0.89,2691.0368352699784,14.121076152218015,,0.0
0.1,3,100,47,Empirical_copula,Gaussian,cqr,raw,0.5,0.0,0.925,2580.096863950226,18.34749649070523,,0.0010082721710205078
0.1,3,100,48,CQHR,Gaussian,cqr,native,0.5,0.0,0.8916666666666667,104932.81294698085,33.7359004787247,11.256980531414392,0.0
0.1,3,100,48,TSCP_R,Gaussian,cqr,capped,0.5,0.0,0.8966666666666666,3436.7901751297914,17.000679851828718,,0.0009951591491699219
0.1,3,100,48,Unscaled,Gaussian,cqr,raw,0.5,0.0,0.9016666666666666,4177.462651602783,16.42705390713223,,0.0
0.1,3,100,48,Empirical_copula,Gaussian,cqr,raw,0.5,0.0,0.8616666666666667,2736.3664768680437,17.832397085450694,,0.0010082721710205078
0.1,3,100,49,CQHR,Gaussian,cqr,native,0.5,0.0,0.9233333333333333,3022981.5671493006,63.533432437572486,14.221149233037874,0.0
0.1,3,100,49,TSCP_R,Gaussian,cqr,capped,0.5,0.0,0.8416666666666667,2056.3507158463963,15.208064098529293,,0.0009992122650146484
0.1,3,100,49,Unscaled,Gaussian,cqr,raw,0.5,0.0,0.8716666666666667,2620.890580367622,14.08518584731581,,0.0
0.1,3,100,49,Empirical_copula,Gaussian,cqr,raw,0.5,0.0,0.835,1974.9808434699958,14.68048152615204,,0.0
0.1,3,100,50,CQHR,Gaussian,cqr,native,0.5,0.0,0.9133333333333333,72735.38511421303,36.52421377936596,12.685516535990043,0.0
0.1,3,100,50,TSCP_R,Gaussian,cqr,capped,0.5,0.0,0.92,3333.3235528296027,20.35003170506436,,0.0010001659393310547
0.1,3,100,50,Unscaled,Gaussian,cqr,raw,0.5,0.0,0.9333333333333333,4322.165160315765,16.58568367976569,,0.0
0.1,3,100,50,Empirical_copula,Gaussian,cqr,raw,0.5,0.0,0.9166666666666666,3245.449651424045,20.15552961672537,,0.0010001659393310547
0.1,3,100,51,CQHR,Gaussian,cqr,native,0.5,0.0,0.8683333333333333,31549.68099654024,28.149097556132485,9.262482879737984,0.0
0.1,3,100,51,TSCP_R,Gaussian,cqr,capped,0.5,0.0,0.87,2676.2221025727995,16.42010520547183,,0.0010030269622802734
0.1,3,100,51,Unscaled,Gaussian,cqr,raw,0.5,0.0,0.8733333333333333,3020.823241630414,14.678988868858617,,0.0
0.1,3,100,51,Empirical_copula,Gaussian,cqr,raw,0.5,0.0,0.8566666666666667,2387.329708975191,15.06590444107803,,0.0009911060333251953
0.1,3,100,52,CQHR,Gaussian,cqr,native,0.5,0.0,0.9283333333333333,168568.7222439768,50.27863446272487,15.57046434031175,0.0
0.1,3,100,52,TSCP_R,Gaussian,cqr,capped,0.5,0.0,0.94,4420.248171437172,19.124004411884613,,0.00099945068359375
0.1,3,100,52,Unscaled,Gaussian,cqr,raw,0.5,0.0,0.88,3158.7268963338024,14.900812558622947,,0.0
0.1,3,100,52,Empirical_copula,Gaussian,cqr,raw,0.5,0.0,0.8516666666666667,2416.7870309073496,16.12257990023546,,0.0010004043579101562
0.1,3,100,53,CQHR,Gaussian,cqr,native,0.5,0.0,0.8883333333333333,41485.31904041473,32.32073066000339,10.46761305787979,0.0009992122650146484
0.1,3,100,53,TSCP_R,Gaussian,cqr,capped,0.5,0.0,0.9283333333333333,3541.473531464901,17.88730047118831,,0.0010068416595458984
0.1,3,100,53,Unscaled,Gaussian,cqr,raw,0.5,0.0,0.93,4446.948672450433,16.9136303515117,,0.0
0.1,3,100,53,Empirical_copula,Gaussian,cqr,raw,0.5,0.0,0.9083333333333333,2954.5326383415936,17.818468381799708,,0.0
0.1,3,100,54,CQHR,Gaussian,cqr,native,0.5,0.0,0.8883333333333333,669061.3333335737,37.04270691240404,9.864750637827925,0.0
0.1,3,100,54,TSCP_R,Gaussian,cqr,capped,0.5,0.0,0.9233333333333333,3135.238381273669,16.432734660443632,,0.0009925365447998047
0.1,3,100,54,Unscaled,Gaussian,cqr,raw,0.5,0.0,0.89,2785.598271071329,14.332883851371285,,0.0
0.1,3,100,54,Empirical_copula,Gaussian,cqr,raw,0.5,0.0,0.91,3005.883300649349,17.252884738155274,,0.0010089874267578125
0.1,3,100,55,CQHR,Gaussian,cqr,native,0.5,0.0,0.9166666666666666,68374.14830859195,39.76151463711166,13.645374313235807,0.0
0.1,3,100,55,TSCP_R,Gaussian,cqr,capped,0.5,0.0,0.9033333333333333,3289.46652239328,16.82160122066649,,0.0010006427764892578
0.1,3,100,55,Unscaled,Gaussian,cqr,raw,0.5,0.0,0.8566666666666667,2542.3941872337505,13.829632594987386,,0.00099945068359375
0.1,3,100,55,Empirical_copula,Gaussian,cqr,raw,0.5,0.0,0.845,2354.9710130773547,13.741459048328771,,0.0
0.1,3,100,56,CQHR,Gaussian,cqr,native,0.5,0.0,0.8566666666666667,51528.146606443996,28.84162555149832,9.363591674805791,0.001009225845336914
0.1,3,100,56,TSCP_R,Gaussian,cqr,capped,0.5,0.0,0.9016666666666666,2733.1030935868557,16.10122237359715,,0.0009963512420654297
0.1,3,100,56,Unscaled,Gaussian,cqr,raw,0.5,0.0,0.87,2861.6586404825653,14.566107840489597,,0.0
0.1,3,100,56,Empirical_copula,Gaussian,cqr,raw,0.5,0.0,0.8966666666666666,2612.2305407086324,16.051955711952544,,0.00099945068359375
0.1,3,100,57,CQHR,Gaussian,cqr,native,0.5,0.0,0.9266666666666666,168792.1006784759,39.693399790579754,12.649153622878286,0.0
0.1,3,100,57,TSCP_R,Gaussian,cqr,capped,0.5,0.0,0.93,3255.3666107250324,17.398559765415616,,0.0009951591491699219
0.1,3,100,57,Unscaled,Gaussian,cqr,raw,0.5,0.0,0.9166666666666666,3543.84496966823,15.57912571064065,,0.0010082721710205078
0.1,3,100,57,Empirical_copula,Gaussian,cqr,raw,0.5,0.0,0.9183333333333333,3037.001239441689,17.35608425330272,,0.0
0.1,3,100,58,CQHR,Gaussian,cqr,native,0.5,0.0,0.9316666666666666,118836.04291092545,48.3953785679688,19.372931323555008,0.0
0.1,3,100,58,TSCP_R,Gaussian,cqr,capped,0.5,0.0,0.86,2159.0212702398453,16.843824086961636,,0.0009963512420654297
0.1,3,100,58,Unscaled,Gaussian,cqr,raw,0.5,0.0,0.9066666666666666,3011.212954827254,14.806366716360262,,0.0
0.1,3,100,58,Empirical_copula,Gaussian,cqr,raw,0.5,0.0,0.8516666666666667,1980.0559183023947,16.37412566211347,,0.0010018348693847656
0.1,3,100,59,CQHR,Gaussian,cqr,native,0.5,0.0,0.92,78380.02448381427,40.63736153292306,13.467854044186808,0.0
0.1,3,100,59,TSCP_R,Gaussian,cqr,capped,0.5,0.0,0.9066666666666666,2872.820486865071,15.301756466077071,,0.000993490219116211
0.1,3,100,59,Unscaled,Gaussian,cqr,raw,0.5,0.0,0.8916666666666667,2594.011180693633,14.083400746237915,,0.0
0.1,3,100,59,Empirical_copula,Gaussian,cqr,raw,0.5,0.0,0.905,2809.393890961862,15.789794371948695,,0.00099945068359375
0.1,3,100,60,CQHR,Gaussian,cqr,native,0.5,0.0,0.9433333333333334,7747993.328014614,74.98037650068481,19.36529048443825,0.0
0.1,3,100,60,TSCP_R,Gaussian,cqr,capped,0.5,0.0,0.8983333333333333,3185.36426921234,16.748859048298428,,0.0009996891021728516
0.1,3,100,60,Unscaled,Gaussian,cqr,raw,0.5,0.0,0.8983333333333333,3157.6802466214617,14.880613918236104,,0.0
0.1,3,100,60,Empirical_copula,Gaussian,cqr,raw,0.5,0.0,0.8733333333333333,2282.9204310557147,15.568416256107112,,0.0
0.1,3,100,61,CQHR,Gaussian,cqr,native,0.5,0.0,0.9083333333333333,35683.192036627384,34.61843742090124,12.385386926241837,0.0
0.1,3,100,61,TSCP_R,Gaussian,cqr,capped,0.5,0.0,0.8766666666666667,2795.9058240866884,15.386086479524735,,0.0009980201721191406
0.1,3,100,61,Unscaled,Gaussian,cqr,raw,0.5,0.0,0.8833333333333333,2964.2421114657377,14.591613229194696,,0.0
0.1,3,100,61,Empirical_copula,Gaussian,cqr,raw,0.5,0.0,0.8466666666666667,2173.9138829338303,15.464817794739213,,0.0009996891021728516
0.1,3,100,62,CQHR,Gaussian,cqr,native,0.5,0.0,0.9016666666666666,63557.39651447007,34.09076698379951,9.083063573621466,0.0
0.1,3,100,62,TSCP_R,Gaussian,cqr,capped,0.5,0.0,0.9133333333333333,2906.8607726912096,16.208476831185337,,0.0010013580322265625
0.1,3,100,62,Unscaled,Gaussian,cqr,raw,0.5,0.0,0.8983333333333333,2894.874330568685,14.545053900219306,,0.0
0.1,3,100,62,Empirical_copula,Gaussian,cqr,raw,0.5,0.0,0.8983333333333333,2734.5558780282645,15.726357686242096,,0.0010001659393310547
0.1,3,100,63,CQHR,Gaussian,cqr,native,0.5,0.0,0.925,1109152.1245796229,50.29841875649747,16.42198824415867,0.0
0.1,3,100,63,TSCP_R,Gaussian,cqr,capped,0.5,0.0,0.8716666666666667,2357.479216883071,15.123119622842996,,0.0
0.1,3,100,63,Unscaled,Gaussian,cqr,raw,0.5,0.0,0.8566666666666667,2711.476711579023,14.189674745989754,,0.0
0.1,3,100,63,Empirical_copula,Gaussian,cqr,raw,0.5,0.0,0.8616666666666667,2243.3920610650607,15.23776789811378,,0.0009937286376953125
0.1,3,100,64,CQHR,Gaussian,cqr,native,0.5,0.0,0.8983333333333333,300167.66415107687,38.08917378525044,11.270335692652381,0.0
0.1,3,100,64,TSCP_R,Gaussian,cqr,capped,0.5,0.0,0.9216666666666666,3347.147854573841,17.435461472656403,,0.001003265380859375
0.1,3,100,64,Unscaled,Gaussian,cqr,raw,0.5,0.0,0.9216666666666666,4171.542854697824,16.34711820269423,,0.0
0.1,3,100,64,Empirical_copula,Gaussian,cqr,raw,0.5,0.0,0.9283333333333333,3775.4519698264153,18.647718362427575,,0.0009999275207519531
0.1,3,100,65,CQHR,Gaussian,cqr,native,0.5,0.0,0.8983333333333333,489627.26308268664,54.709354243211735,12.526006037600991,0.0
0.1,3,100,65,TSCP_R,Gaussian,cqr,capped,0.5,0.0,0.905,3060.207079592912,18.119039998250038,,0.0009992122650146484
0.1,3,100,65,Unscaled,Gaussian,cqr,raw,0.5,0.0,0.9116666666666666,3583.862148420336,15.665909858246348,,0.0
0.1,3,100,65,Empirical_copula,Gaussian,cqr,raw,0.5,0.0,0.8766666666666667,2649.0241348599593,17.233908745577217,,0.0009212493896484375
0.1,3,100,66,CQHR,Gaussian,cqr,native,0.5,0.0,0.9033333333333333,55532.846196170125,35.27262616449297,10.940889339867255,0.0010039806365966797
0.1,3,100,66,TSCP_R,Gaussian,cqr,capped,0.5,0.0,0.8816666666666667,2748.6186389723916,17.814227636271397,,0.000989675521850586
0.1,3,100,66,Unscaled,Gaussian,cqr,raw,0.5,0.0,0.9033333333333333,3675.346168939662,15.750014303806893,,0.0
0.1,3,100,66,Empirical_copula,Gaussian,cqr,raw,0.5,0.0,0.8233333333333334,2045.590386595157,15.492381719749291,,0.001007080078125
0.1,3,100,67,CQHR,Gaussian,cqr,native,0.5,0.0,0.8583333333333333,123841.11832890307,29.539733430506736,8.424408183444868,0.0
0.1,3,100,67,TSCP_R,Gaussian,cqr,capped,0.5,0.0,0.92,2973.3184517547393,17.48205364797671,,0.0009961128234863281
0.1,3,100,67,Unscaled,Gaussian,cqr,raw,0.5,0.0,0.92,3783.46678270773,15.897619468096021,,0.0
0.1,3,100,67,Empirical_copula,Gaussian,cqr,raw,0.5,0.0,0.9133333333333333,2667.6755641348273,16.72108767000782,,0.0009992122650146484
0.1,3,100,68,CQHR,Gaussian,cqr,native,0.5,0.0,0.9066666666666666,70452.41842817949,34.87494847406641,10.469160797501635,0.0
0.1,3,100,68,TSCP_R,Gaussian,cqr,capped,0.5,0.0,0.865,2438.3512865537527,14.626303814047834,,0.0009999275207519531
0.1,3,100,68,Unscaled,Gaussian,cqr,raw,0.5,0.0,0.8633333333333333,2567.3717934952583,13.906538983828398,,0.0
0.1,3,100,68,Empirical_copula,Gaussian,cqr,raw,0.5,0.0,0.8483333333333334,2073.2741695956643,14.179957578611292,,0.0009999275207519531
0.1,3,100,69,CQHR,Gaussian,cqr,native,0.5,0.0,0.8933333333333333,31054.414392473995,29.903244389153357,10.393533071067955,0.0010001659393310547
0.1,3,100,69,TSCP_R,Gaussian,cqr,capped,0.5,0.0,0.8483333333333334,2524.8141825338284,16.74429929105431,,0.0009996891021728516
0.1,3,100,69,Unscaled,Gaussian,cqr,raw,0.5,0.0,0.8666666666666667,2552.881702008104,14.046156102562108,,0.0
0.1,3,100,69,Empirical_copula,Gaussian,cqr,raw,0.5,0.0,0.8233333333333334,2016.4991101276983,14.77123522693491,,0.0009996891021728516
0.1,3,100,70,CQHR,Gaussian,cqr,native,0.5,0.0,0.9133333333333333,92871.21539492173,42.23485542311762,13.940903157997688,0.0
0.1,3,100,70,TSCP_R,Gaussian,cqr,capped,0.5,0.0,0.9133333333333333,3018.040063197228,17.210012078220455,,0.0009989738464355469
0.1,3,100,70,Unscaled,Gaussian,cqr,raw,0.5,0.0,0.88,2811.061210921815,14.306403897454677,,0.0
0.1,3,100,70,Empirical_copula,Gaussian,cqr,raw,0.5,0.0,0.8816666666666667,2695.076193819245,16.26823023626886,,0.0009999275207519531
0.1,3,100,71,CQHR,Gaussian,cqr,native,0.5,0.0,0.9483333333333334,110385.93939403827,44.39772659493123,16.772559207046452,0.0
0.1,3,100,71,TSCP_R,Gaussian,cqr,capped,0.5,0.0,0.8666666666666667,2041.9805930929056,15.404601540359739,,0.0010008811950683594
0.1,3,100,71,Unscaled,Gaussian,cqr,raw,0.5,0.0,0.8766666666666667,2508.5029383466635,13.877091705986,,0.0
0.1,3,100,71,Empirical_copula,Gaussian,cqr,raw,0.5,0.0,0.8366666666666667,1790.6220746212628,15.130537598545216,,0.0
0.1,3,100,72,CQHR,Gaussian,cqr,native,0.5,0.0,0.9083333333333333,4633422.694322746,57.506097060299155,11.162276528191885,0.0
0.1,3,100,72,TSCP_R,Gaussian,cqr,capped,0.5,0.0,0.925,3561.048299042792,16.216523972151606,,0.0009999275207519531
0.1,3,100,72,Unscaled,Gaussian,cqr,raw,0.5,0.0,0.9016666666666666,3127.399163484394,14.86845228678953,,0.0
0.1,3,100,72,Empirical_copula,Gaussian,cqr,raw,0.5,0.0,0.89,2768.077519416516,14.97225015021363,,0.0009996891021728516
0.1,3,100,73,CQHR,Gaussian,cqr,native,0.5,0.0,0.935,1029471.0049584311,56.65794065166984,16.231427376992407,0.0
0.1,3,100,73,TSCP_R,Gaussian,cqr,capped,0.5,0.0,0.8733333333333333,2195.535884386724,15.755489355765537,,0.0009996891021728516
0.1,3,100,73,Unscaled,Gaussian,cqr,raw,0.5,0.0,0.9183333333333333,3252.2223217317805,15.228568744238514,,0.0
0.1,3,100,73,Empirical_copula,Gaussian,cqr,raw,0.5,0.0,0.8733333333333333,2166.8407391917194,15.59188121788291,,0.0009999275207519531
0.1,3,100,74,CQHR,Gaussian,cqr,native,0.5,0.0,0.9216666666666666,181686.8346533309,51.28509032688286,17.93610175081585,0.0
0.1,3,100,74,TSCP_R,Gaussian,cqr,capped,0.5,0.0,0.82,1920.048561111063,13.580089555841893,,0.0019974708557128906
0.1,3,100,74,Unscaled,Gaussian,cqr,raw,0.5,0.0,0.8316666666666667,2272.776432194153,13.532259597540708,,0.0
0.1,3,100,74,Empirical_copula,Gaussian,cqr,raw,0.5,0.0,0.8066666666666666,1796.8931890634929,13.532259597521886,,0.0009982585906982422
0.1,3,100,75,CQHR,Gaussian,cqr,native,0.5,0.0,0.8533333333333334,20453.641402814224,28.12954481284705,7.671122972977444,0.0
0.1,3,100,75,TSCP_R,Gaussian,cqr,capped,0.5,0.0,0.8366666666666667,1908.7608223346651,14.881654571712646,,0.001001119613647461
0.1,3,100,75,Unscaled,Gaussian,cqr,raw,0.5,0.0,0.8466666666666667,2331.4678041897987,13.474439060336845,,0.0
0.1,3,100,75,Empirical_copula,Gaussian,cqr,raw,0.5,0.0,0.8083333333333333,1683.053233011926,15.030783313444957,,0.0009999275207519531
0.1,3,100,76,CQHR,Gaussian,cqr,native,0.5,0.0,0.9033333333333333,56946.31402573886,34.84965992008018,10.955030302453046,0.0
0.1,3,100,76,TSCP_R,Gaussian,cqr,capped,0.5,0.0,0.9183333333333333,2616.5875688457336,17.2566744881001,,0.0009996891021728516
0.1,3,100,76,Unscaled,Gaussian,cqr,raw,0.5,0.0,0.8883333333333333,2599.4168806513276,14.036918467268869,,0.0
0.1,3,100,76,Empirical_copula,Gaussian,cqr,raw,0.5,0.0,0.8916666666666667,2273.562093424769,16.851300181337585,,0.0010004043579101562
0.1,3,100,77,CQHR,Gaussian,cqr,native,0.5,0.0,0.9083333333333333,38905.897326479295,30.087253495063766,9.544756391554778,0.0
0.1,3,100,77,TSCP_R,Gaussian,cqr,capped,0.5,0.0,0.9216666666666666,3469.9947174893764,17.38239210661867,,0.0009300708770751953
0.1,3,100,77,Unscaled,Gaussian,cqr,raw,0.5,0.0,0.9166666666666666,4110.733996645231,16.21636897085017,,0.0
0.1,3,100,77,Empirical_copula,Gaussian,cqr,raw,0.5,0.0,0.8616666666666667,2525.3441906205157,16.48563289672091,,0.0
0.1,3,100,78,CQHR,Gaussian,cqr,native,0.5,0.0,0.905,2864208.615862355,58.7698597185996,11.25014477875484,0.0
0.1,3,100,78,TSCP_R,Gaussian,cqr,capped,0.5,0.0,0.88,2569.073177255993,16.03739350413533,,0.0009999275207519531
0.1,3,100,78,Unscaled,Gaussian,cqr,raw,0.5,0.0,0.89,3059.686362268229,14.727488087603996,,0.0
0.1,3,100,78,Empirical_copula,Gaussian,cqr,raw,0.5,0.0,0.8633333333333333,2382.785577847874,16.115343012678405,,0.00099945068359375
0.1,3,100,79,CQHR,Gaussian,cqr,native,0.5,0.0,0.9283333333333333,177209.72191073748,46.855941419442374,15.467111631342771,0.0
0.1,3,100,79,TSCP_R,Gaussian,cqr,capped,0.5,0.0,0.93,3040.9720713093566,18.174203053267636,,0.0009996891021728516
0.1,3,100,79,Unscaled,Gaussian,cqr,raw,0.5,0.0,0.9316666666666666,4037.868010418127,16.229159380025727,,0.0
0.1,3,100,79,Empirical_copula,Gaussian,cqr,raw,0.5,0.0,0.9083333333333333,2672.3436667781643,18.46235388025458,,0.0010001659393310547
0.1,3,100,80,CQHR,Gaussian,cqr,native,0.5,0.0,0.92,32997.962009745665,31.319013426279035,11.977847466644896,0.0
0.1,3,100,80,TSCP_R,Gaussian,cqr,capped,0.5,0.0,0.9016666666666666,2625.259290746068,17.59812157872658,,0.0009965896606445312
0.1,3,100,80,Unscaled,Gaussian,cqr,raw,0.5,0.0,0.9083333333333333,2890.6933464981726,14.746401589926087,,0.0
0.1,3,100,80,Empirical_copula,Gaussian,cqr,raw,0.5,0.0,0.9066666666666666,2635.277911083616,17.431612904766844,,0.0010004043579101562
0.1,3,100,81,CQHR,Gaussian,cqr,native,0.5,0.0,0.9116666666666666,153970.52956000963,43.48323311645234,13.328922605945278,0.0009996891021728516
0.1,3,100,81,TSCP_R,Gaussian,cqr,capped,0.5,0.0,0.8666666666666667,2070.758037116886,14.18468181702081,,0.0009996891021728516
0.1,3,100,81,Unscaled,Gaussian,cqr,raw,0.5,0.0,0.855,2288.1706844427194,13.528955863210994,,0.0
0.1,3,100,81,Empirical_copula,Gaussian,cqr,raw,0.5,0.0,0.8766666666666667,2181.19250547364,16.15914813426184,,0.0009999275207519531
0.1,3,100,82,CQHR,Gaussian,cqr,native,0.5,0.0,0.93,97522.31261725015,42.224154825700396,15.790166920599123,0.0
0.1,3,100,82,TSCP_R,Gaussian,cqr,capped,0.5,0.0,0.8866666666666667,2682.3299533058075,15.87798361430173,,0.001007080078125
0.1,3,100,82,Unscaled,Gaussian,cqr,raw,0.5,0.0,0.9183333333333333,3444.8846362690483,15.47309366016889,,0.0
0.1,3,100,82,Empirical_copula,Gaussian,cqr,raw,0.5,0.0,0.9066666666666666,2732.178750251298,16.136681839906547,,0.0010080337524414062
0.1,3,100,83,CQHR,Gaussian,cqr,native,0.5,0.0,0.9566666666666667,456248.1276573379,59.91639330300106,23.027707725018306,0.0010039806365966797
0.1,3,100,83,TSCP_R,Gaussian,cqr,capped,0.5,0.0,0.8766666666666667,2225.1776502043717,17.415146317197507,,0.0009908676147460938
0.1,3,100,83,Unscaled,Gaussian,cqr,raw,0.5,0.0,0.9333333333333333,3971.794366493249,16.368696923268956,,0.0
0.1,3,100,83,Empirical_copula,Gaussian,cqr,raw,0.5,0.0,0.8866666666666667,2422.3476503414113,17.993612807831084,,0.0009984970092773438
0.1,3,100,84,CQHR,Gaussian,cqr,native,0.5,0.0,0.81,30898.527857710018,23.41498683218595,6.90592213874369,0.0
0.1,3,100,84,TSCP_R,Gaussian,cqr,capped,0.5,0.0,0.8633333333333333,2338.7928071277024,15.179384317701658,,0.0010023117065429688
0.1,3,100,84,Unscaled,Gaussian,cqr,raw,0.5,0.0,0.85,2585.344859613064,13.886396602912837,,0.0
0.1,3,100,84,Empirical_copula,Gaussian,cqr,raw,0.5,0.0,0.8283333333333334,2079.2871275343737,15.135917441208072,,0.0009996891021728516
0.1,3,100,85,CQHR,Gaussian,cqr,native,0.5,0.0,0.92,56642.19400338774,33.98701959990454,12.201840497312977,0.0
0.1,3,100,85,TSCP_R,Gaussian,cqr,capped,0.5,0.0,0.9283333333333333,3351.8201783287022,18.626902142619635,,0.0011363029479980469
0.1,3,100,85,Unscaled,Gaussian,cqr,raw,0.5,0.0,0.9166666666666666,3359.8614981320375,15.393615163355419,,0.0
0.1,3,100,85,Empirical_copula,Gaussian,cqr,raw,0.5,0.0,0.8983333333333333,2756.0649144158774,17.726145362252186,,0.0010006427764892578
0.1,3,100,86,CQHR,Gaussian,cqr,native,0.5,0.0,0.925,216563.49616016648,43.19605820476381,14.22096345938844,0.0
0.1,3,100,86,TSCP_R,Gaussian,cqr,capped,0.5,0.0,0.8416666666666667,1776.8904096261995,15.311095743156686,,0.00099945068359375
0.1,3,100,86,Unscaled,Gaussian,cqr,raw,0.5,0.0,0.8566666666666667,2303.6842306254493,13.716587713565326,,0.0
0.1,3,100,86,Empirical_copula,Gaussian,cqr,raw,0.5,0.0,0.83,1601.5142584724135,15.245115414852238,,0.0
0.1,3,100,87,CQHR,Gaussian,cqr,native,0.5,0.0,0.9183333333333333,1098451.535964429,42.509253352299964,14.099134192439461,0.0
0.1,3,100,87,TSCP_R,Gaussian,cqr,capped,0.5,0.0,0.9616666666666667,4276.349379741882,20.60810290635926,,0.0009937286376953125
0.1,3,100,87,Unscaled,Gaussian,cqr,raw,0.5,0.0,0.915,3333.353532048634,15.437362821969874,,0.0
0.1,3,100,87,Empirical_copula,Gaussian,cqr,raw,0.5,0.0,0.9416666666666667,3586.059461161693,20.538477824962367,,0.0010066032409667969
0.1,3,100,88,CQHR,Gaussian,cqr,native,0.5,0.0,0.9233333333333333,788764.1772009671,42.56603628418513,13.19931988773872,0.0
0.1,3,100,88,TSCP_R,Gaussian,cqr,capped,0.5,0.0,0.9283333333333333,3407.791371616913,18.48532628440233,,0.002001047134399414
0.1,3,100,88,Unscaled,Gaussian,cqr,raw,0.5,0.0,0.9133333333333333,3474.1828797917333,15.356054854082613,,0.0
0.1,3,100,88,Empirical_copula,Gaussian,cqr,raw,0.5,0.0,0.8966666666666666,2726.5817335508973,16.42589537195097,,0.0
0.1,3,100,89,CQHR,Gaussian,cqr,native,0.5,0.0,0.925,59763.7454082017,36.23171924977955,12.713556206312044,0.0
0.1,3,100,89,TSCP_R,Gaussian,cqr,capped,0.5,0.0,0.8616666666666667,1987.848970800786,17.334705719211993,,0.0010063648223876953
0.1,3,100,89,Unscaled,Gaussian,cqr,raw,0.5,0.0,0.9,3041.044142465061,14.886190471074245,,0.0
0.1,3,100,89,Empirical_copula,Gaussian,cqr,raw,0.5,0.0,0.8416666666666667,1774.2574559676912,16.165573560588783,,0.0010001659393310547
0.1,3,100,90,CQHR,Gaussian,cqr,native,0.5,0.0,0.8616666666666667,485156.7863347834,33.71472482663488,8.902324403524888,0.0
0.1,3,100,90,TSCP_R,Gaussian,cqr,capped,0.5,0.0,0.8,1835.9030857487628,13.701194753500346,,0.0009980201721191406
0.1,3,100,90,Unscaled,Gaussian,cqr,raw,0.5,0.0,0.8183333333333334,2118.2759822435182,13.148822298560509,,0.0
0.1,3,100,90,Empirical_copula,Gaussian,cqr,raw,0.5,0.0,0.8133333333333334,1912.34116276201,14.803764810428984,,0.0009965896606445312
0.1,3,100,91,CQHR,Gaussian,cqr,native,0.5,0.0,0.935,123561.01588683775,44.045715772400115,12.492881829299261,0.0
0.1,3,100,91,TSCP_R,Gaussian,cqr,capped,0.5,0.0,0.8683333333333333,2393.9422898293033,15.331368010823587,,0.0010001659393310547
0.1,3,100,91,Unscaled,Gaussian,cqr,raw,0.5,0.0,0.8516666666666667,2429.122026925631,13.605499511524869,,0.0
0.1,3,100,91,Empirical_copula,Gaussian,cqr,raw,0.5,0.0,0.8283333333333334,1947.7346531660714,15.264218665320607,,0.0009996891021728516
0.1,3,100,92,CQHR,Gaussian,cqr,native,0.5,0.0,0.8633333333333333,51495.64491278153,37.14639026425274,9.722636540546809,0.0
0.1,3,100,92,TSCP_R,Gaussian,cqr,capped,0.5,0.0,0.865,2491.869438196137,15.827125415327048,,0.001001596450805664
0.1,3,100,92,Unscaled,Gaussian,cqr,raw,0.5,0.0,0.8466666666666667,2803.982945633626,14.263251990438269,,0.0
0.1,3,100,92,Empirical_copula,Gaussian,cqr,raw,0.5,0.0,0.8216666666666667,2117.196532705501,14.263251990312208,,0.0009996891021728516
0.1,3,100,93,CQHR,Gaussian,cqr,native,0.5,0.0,0.94,85913.76560854125,44.16482024161039,16.426765773537745,0.0
0.1,3,100,93,TSCP_R,Gaussian,cqr,capped,0.5,0.0,0.955,5127.411857454949,22.621987251692143,,0.0010008811950683594
0.1,3,100,93,Unscaled,Gaussian,cqr,raw,0.5,0.0,0.9583333333333334,5009.975778257642,17.39924978147012,,0.0009918212890625
0.1,3,100,93,Empirical_copula,Gaussian,cqr,raw,0.5,0.0,0.9166666666666666,3595.8615485779446,19.022882394188237,,0.0
0.1,3,100,94,CQHR,Gaussian,cqr,native,0.5,0.0,0.96,26987818.7603425,115.39762205954928,23.82201344482506,0.0
0.1,3,100,94,TSCP_R,Gaussian,cqr,capped,0.5,0.0,0.8816666666666667,2933.363227619676,19.32106626718192,,0.0009996891021728516
0.1,3,100,94,Unscaled,Gaussian,cqr,raw,0.5,0.0,0.8866666666666667,3085.171493487743,14.876813562041225,,0.0
0.1,3,100,94,Empirical_copula,Gaussian,cqr,raw,0.5,0.0,0.8666666666666667,2536.3134710684735,17.226556854840574,,0.000993490219116211
0.1,3,100,95,CQHR,Gaussian,cqr,native,0.5,0.0,0.855,91385.57342701238,34.136252843963284,9.556533583211078,0.0009932518005371094
0.1,3,100,95,TSCP_R,Gaussian,cqr,capped,0.5,0.0,0.88,2369.783553035845,15.53087692746295,,0.0009996891021728516
0.1,3,100,95,Unscaled,Gaussian,cqr,raw,0.5,0.0,0.8583333333333333,2497.308278169508,13.878109729647303,,0.0
0.1,3,100,95,Empirical_copula,Gaussian,cqr,raw,0.5,0.0,0.8266666666666667,1944.449684067245,13.461754768064333,,0.0010066032409667969
0.1,3,100,96,CQHR,Gaussian,cqr,native,0.5,0.0,0.8216666666666667,15377.06699303951,25.011611333137925,7.690906489446533,0.0
0.1,3,100,96,TSCP_R,Gaussian,cqr,capped,0.5,0.0,0.855,2124.3173379327804,14.433723355068238,,0.0010902881622314453
0.1,3,100,96,Unscaled,Gaussian,cqr,raw,0.5,0.0,0.87,2621.2618030179797,14.144378622862508,,0.0
0.1,3,100,96,Empirical_copula,Gaussian,cqr,raw,0.5,0.0,0.86,2168.7820977150936,14.351575790713692,,0.0009021759033203125
0.1,3,100,97,CQHR,Gaussian,cqr,native,0.5,0.0,0.9,32109.45317283844,31.319910495877274,9.702972923914237,0.0
0.1,3,100,97,TSCP_R,Gaussian,cqr,capped,0.5,0.0,0.895,2851.3860127591242,19.034396117168903,,0.0010013580322265625
0.1,3,100,97,Unscaled,Gaussian,cqr,raw,0.5,0.0,0.9366666666666666,4496.234402974615,16.789050708820838,,0.0
0.1,3,100,97,Empirical_copula,Gaussian,cqr,raw,0.5,0.0,0.8866666666666667,2697.1440799402594,18.5963589156894,,0.0016312599182128906
0.1,3,100,98,CQHR,Gaussian,cqr,native,0.5,0.0,0.875,69733.63372631375,36.44045631250453,11.207466442557399,0.0
0.1,3,100,98,TSCP_R,Gaussian,cqr,capped,0.5,0.0,0.8966666666666666,2585.6743001037885,17.30020055800497,,0.000993490219116211
0.1,3,100,98,Unscaled,Gaussian,cqr,raw,0.5,0.0,0.9066666666666666,3309.9917096160893,15.263588648186776,,0.0
0.1,3,100,98,Empirical_copula,Gaussian,cqr,raw,0.5,0.0,0.885,2271.912541688578,17.03389791257821,,0.0009992122650146484
0.1,3,100,99,CQHR,Gaussian,cqr,native,0.5,0.0,0.9083333333333333,40705.638057983044,30.427845529140626,10.147193937050295,0.0010139942169189453
0.1,3,100,99,TSCP_R,Gaussian,cqr,capped,0.5,0.0,0.8483333333333334,2013.0725178962698,14.495926685945852,,0.0009965896606445312
0.1,3,100,99,Unscaled,Gaussian,cqr,raw,0.5,0.0,0.8766666666666667,2494.3989315991803,13.855302844865912,,0.0
0.1,3,100,99,Empirical_copula,Gaussian,cqr,raw,0.5,0.0,0.8383333333333334,1884.911693357098,14.013049966706827,,0.0
0.1,3,200,0,CQHR,Gaussian,cqr,native,0.5,0.0,0.8733333333333333,34991.72148954341,28.1410260155831,9.301468364597957,0.0
0.1,3,200,0,TSCP_R,Gaussian,cqr,capped,0.5,0.0,0.9316666666666666,3426.6112168615955,17.212604888910434,,0.0009949207305908203
0.1,3,200,0,Unscaled,Gaussian,cqr,raw,0.5,0.0,0.905,3329.3635831654847,15.27957263386814,,0.0
0.1,3,200,0,Empirical_copula,Gaussian,cqr,raw,0.5,0.0,0.9083333333333333,2948.5298473549456,17.188768779363524,,0.0009970664978027344
0.1,3,200,1,CQHR,Gaussian,cqr,native,0.5,0.0,0.9183333333333333,266727.1048654623,41.156436702801834,13.46124690179395,0.0
0.1,3,200,1,TSCP_R,Gaussian,cqr,capped,0.5,0.0,0.9,3179.3259672449576,18.007542759012797,,0.0010013580322265625
0.1,3,200,1,Unscaled,Gaussian,cqr,raw,0.5,0.0,0.89,3502.3483901074396,15.48365866440265,,0.0
0.1,3,200,1,Empirical_copula,Gaussian,cqr,raw,0.5,0.0,0.8833333333333333,2783.2615133853305,17.98146892826871,,0.0019905567169189453
0.1,3,200,2,CQHR,Gaussian,cqr,native,0.5,0.0,0.9033333333333333,116582.74717877025,42.93224101371992,12.94500386577922,0.0
0.1,3,200,2,TSCP_R,Gaussian,cqr,capped,0.5,0.0,0.915,2940.9193407527764,16.4762229727154,,0.0010018348693847656
0.1,3,200,2,Unscaled,Gaussian,cqr,raw,0.5,0.0,0.9083333333333333,3185.9547369053425,14.916970998023054,,0.0
0.1,3,200,2,Empirical_copula,Gaussian,cqr,raw,0.5,0.0,0.9116666666666666,2865.1215479195994,16.26654365798004,,0.002000093460083008
0.1,3,200,3,CQHR,Gaussian,cqr,native,0.5,0.0,0.8766666666666667,46300.432476707494,30.213424311231048,10.862194309800635,0.0
0.1,3,200,3,TSCP_R,Gaussian,cqr,capped,0.5,0.0,0.875,2555.4498095655704,15.960725113103853,,0.001986265182495117
0.1,3,200,3,Unscaled,Gaussian,cqr,raw,0.5,0.0,0.8916666666666667,3324.4298847013974,15.376209231832478,,0.0
0.1,3,200,3,Empirical_copula,Gaussian,cqr,raw,0.5,0.0,0.875,2506.5108464065884,15.528100749005544,,0.001997709274291992
0.1,3,200,4,CQHR,Gaussian,cqr,native,0.5,0.0,0.915,34501.841940234524,31.97359372822112,11.351859240339405,0.0
0.1,3,200,4,TSCP_R,Gaussian,cqr,capped,0.5,0.0,0.9066666666666666,3637.654211555174,18.71592942563367,,0.00099945068359375
0.1,3,200,4,Unscaled,Gaussian,cqr,raw,0.5,0.0,0.8883333333333333,3883.0662159344583,15.987303344929794,,0.0
0.1,3,200,4,Empirical_copula,Gaussian,cqr,raw,0.5,0.0,0.8833333333333333,3081.7458593728174,18.311487301674386,,0.0009975433349609375
0.1,3,200,5,CQHR,Gaussian,cqr,native,0.5,0.0,0.9216666666666666,29776.29020775555,31.41634599924633,11.95427220541748,0.0
0.1,3,200,5,TSCP_R,Gaussian,cqr,capped,0.5,0.0,0.9083333333333333,3130.951996411574,17.235411454314846,,0.001013040542602539
0.1,3,200,5,Unscaled,Gaussian,cqr,raw,0.5,0.0,0.9366666666666666,4604.929702707677,16.977315996629237,,0.0
0.1,3,200,5,Empirical_copula,Gaussian,cqr,raw,0.5,0.0,0.875,2713.702599127539,17.37115785622445,,0.0019936561584472656
0.1,3,200,6,CQHR,Gaussian,cqr,native,0.5,0.0,0.8916666666666667,69017.69244332683,36.09346282993424,11.415682199595253,0.0
0.1,3,200,6,TSCP_R,Gaussian,cqr,capped,0.5,0.0,0.8833333333333333,2261.5324969781072,15.302195046063723,,0.000997304916381836
0.1,3,200,6,Unscaled,Gaussian,cqr,raw,0.5,0.0,0.91,3056.4417199913364,14.792919318183525,,0.0
0.1,3,200,6,Empirical_copula,Gaussian,cqr,raw,0.5,0.0,0.885,2200.803075652732,16.02984940778693,,0.002000093460083008
0.1,3,200,7,CQHR,Gaussian,cqr,native,0.5,0.0,0.9,96372.90282472759,37.64390106136275,12.579800087638406,0.0
0.1,3,200,7,TSCP_R,Gaussian,cqr,capped,0.5,0.0,0.8783333333333333,2336.9153778587533,16.659746508902046,,0.0009996891021728516
0.1,3,200,7,Unscaled,Gaussian,cqr,raw,0.5,0.0,0.8783333333333333,2734.5635600167598,14.287988054762206,,0.0
0.1,3,200,7,Empirical_copula,Gaussian,cqr,raw,0.5,0.0,0.8683333333333333,2037.639737717514,16.65258211889421,,0.001013040542602539
0.1,3,200,8,CQHR,Gaussian,cqr,native,0.5,0.0,0.8816666666666667,139142.2241761162,39.403599080081285,10.690953057504528,0.0
0.1,3,200,8,TSCP_R,Gaussian,cqr,capped,0.5,0.0,0.915,3081.282850695089,17.940191702253742,,0.0019943714141845703
0.1,3,200,8,Unscaled,Gaussian,cqr,raw,0.5,0.0,0.89,3717.9651993020066,15.77081985051683,,0.0
0.1,3,200,8,Empirical_copula,Gaussian,cqr,raw,0.5,0.0,0.9,2783.08416899215,17.766263232339103,,0.0020055770874023438
0.1,3,200,9,CQHR,Gaussian,cqr,native,0.5,0.0,0.9166666666666666,5150300.099277661,67.74555812931682,11.87692320947257,0.0
0.1,3,200,9,TSCP_R,Gaussian,cqr,capped,0.5,0.0,0.8966666666666666,2795.3314845991595,15.45567060090238,,0.0010008811950683594
0.1,3,200,9,Unscaled,Gaussian,cqr,raw,0.5,0.0,0.8983333333333333,2996.5956644481485,14.680172881103575,,0.0
0.1,3,200,9,Empirical_copula,Gaussian,cqr,raw,0.5,0.0,0.9,2760.1925110870884,15.385003312877686,,0.0019986629486083984
0.1,3,200,10,CQHR,Gaussian,cqr,native,0.5,0.0,0.8583333333333333,77912.3719826594,34.372681642752916,9.772951627431713,0.0
0.1,3,200,10,TSCP_R,Gaussian,cqr,capped,0.5,0.0,0.8833333333333333,2652.1755146592523,14.792056326450298,,0.0009944438934326172
0.1,3,200,10,Unscaled,Gaussian,cqr,raw,0.5,0.0,0.8883333333333333,2877.503373194846,14.582713687086043,,0.0
0.1,3,200,10,Empirical_copula,Gaussian,cqr,raw,0.5,0.0,0.8733333333333333,2280.244107490205,14.36546099791102,,0.0009996891021728516
0.1,3,200,11,CQHR,Gaussian,cqr,native,0.5,0.0,0.855,28768.454859238143,28.23700324843618,8.890842775998706,0.0
0.1,3,200,11,TSCP_R,Gaussian,cqr,capped,0.5,0.0,0.8866666666666667,2659.3101629463877,16.91730801900956,,0.001999378204345703
0.1,3,200,11,Unscaled,Gaussian,cqr,raw,0.5,0.0,0.9016666666666666,3465.8895358609857,15.353416339203177,,0.0
0.1,3,200,11,Empirical_copula,Gaussian,cqr,raw,0.5,0.0,0.865,2434.5963227784573,16.998616845572656,,0.001999378204345703
0.1,3,200,12,CQHR,Gaussian,cqr,native,0.5,0.0,0.91,68021.39210983268,36.59812894817264,12.816108210952539,0.0
0.1,3,200,12,TSCP_R,Gaussian,cqr,capped,0.5,0.0,0.895,3323.0724947696053,17.279788463602426,,0.0020012855529785156
0.1,3,200,12,Unscaled,Gaussian,cqr,raw,0.5,0.0,0.86,3287.9950524361616,15.175839285784424,,0.0
0.1,3,200,12,Empirical_copula,Gaussian,cqr,raw,0.5,0.0,0.8716666666666667,2903.3071700014607,16.243328667253078,,0.0019974708557128906
0.1,3,200,13,CQHR,Gaussian,cqr,native,0.5,0.0,0.9116666666666666,160869.63118971637,38.5774541354399,13.46910429843174,0.0
0.1,3,200,13,TSCP_R,Gaussian,cqr,capped,0.5,0.0,0.9166666666666666,3089.1683411519557,18.329379655954057,,0.0010080337524414062
0.1,3,200,13,Unscaled,Gaussian,cqr,raw,0.5,0.0,0.91,3431.996642465831,15.54132988636523,,0.0
0.1,3,200,13,Empirical_copula,Gaussian,cqr,raw,0.5,0.0,0.9116666666666666,2945.2388020466733,17.808723290017046,,0.001998424530029297
0.1,3,200,14,CQHR,Gaussian,cqr,native,0.5,0.0,0.8433333333333334,83940.84609819815,33.02191060578816,9.291040729129518,0.0
0.1,3,200,14,TSCP_R,Gaussian,cqr,capped,0.5,0.0,0.8983333333333333,2494.8955899955176,16.22875083311145,,0.001001596450805664
0.1,3,200,14,Unscaled,Gaussian,cqr,raw,0.5,0.0,0.9016666666666666,3368.462002612461,15.195173157140138,,0.0
0.1,3,200,14,Empirical_copula,Gaussian,cqr,raw,0.5,0.0,0.8983333333333333,2579.1768847415487,15.96648553938671,,0.001997232437133789
0.1,3,200,15,CQHR,Gaussian,cqr,native,0.5,0.0,0.915,249327.42350368432,44.59476362296292,13.216577608903213,0.0
0.1,3,200,15,TSCP_R,Gaussian,cqr,capped,0.5,0.0,0.9166666666666666,3471.293330158543,16.82762162630755,,0.0009999275207519531
0.1,3,200,15,Unscaled,Gaussian,cqr,raw,0.5,0.0,0.8733333333333333,3031.951519928685,14.731674406388677,,0.0
0.1,3,200,15,Empirical_copula,Gaussian,cqr,raw,0.5,0.0,0.89,3197.0492126251943,15.401249208969029,,0.002003192901611328
0.1,3,200,16,CQHR,Gaussian,cqr,native,0.5,0.0,0.92,36347.41639838287,32.154309896718864,11.365124622659046,0.0
0.1,3,200,16,TSCP_R,Gaussian,cqr,capped,0.5,0.0,0.94,3567.9002896595807,17.606466275665426,,0.0009965896606445312
0.1,3,200,16,Unscaled,Gaussian,cqr,raw,0.5,0.0,0.9266666666666666,3388.620469876499,15.390733034811438,,0.0
0.1,3,200,16,Empirical_copula,Gaussian,cqr,raw,0.5,0.0,0.9333333333333333,3172.4035745875926,17.578765243578527,,0.0010004043579101562
0.1,3,200,17,CQHR,Gaussian,cqr,native,0.5,0.0,0.9216666666666666,801245.3963398725,44.44828834063172,14.549370294382612,0.0
0.1,3,200,17,TSCP_R,Gaussian,cqr,capped,0.5,0.0,0.84,2301.8832392152335,16.781537574053207,,0.0010097026824951172
0.1,3,200,17,Unscaled,Gaussian,cqr,raw,0.5,0.0,0.865,2996.0543460284175,14.639792220767147,,0.0
0.1,3,200,17,Empirical_copula,Gaussian,cqr,raw,0.5,0.0,0.835,2231.5570301903826,16.556963438844548,,0.0019969940185546875
0.1,3,200,18,CQHR,Gaussian,cqr,native,0.5,0.0,0.9266666666666666,2651694.697646846,52.518299265000465,12.48817218583352,0.0
0.1,3,200,18,TSCP_R,Gaussian,cqr,capped,0.5,0.0,0.925,3334.7922388513457,17.335968002952814,,0.0009996891021728516
0.1,3,200,18,Unscaled,Gaussian,cqr,raw,0.5,0.0,0.915,3450.8534754601865,15.527430431219667,,0.0
0.1,3,200,18,Empirical_copula,Gaussian,cqr,raw,0.5,0.0,0.9166666666666666,3116.984275884376,16.849584953509645,,0.0020067691802978516
0.1,3,200,19,CQHR,Gaussian,cqr,native,0.5,0.0,0.8866666666666667,10979173775.146584,1936.1914514468122,9.031817101567187,0.0
0.1,3,200,19,TSCP_R,Gaussian,cqr,capped,0.5,0.0,0.865,2290.310452569836,15.814347053547223,,0.0019965171813964844
0.1,3,200,19,Unscaled,Gaussian,cqr,raw,0.5,0.0,0.8783333333333333,2778.526968986829,14.371922052027367,,0.0
0.1,3,200,19,Empirical_copula,Gaussian,cqr,raw,0.5,0.0,0.85,2139.9434060616923,14.775080891148855,,0.0019974708557128906
0.1,3,200,20,CQHR,Gaussian,cqr,native,0.5,0.0,0.9383333333333334,464312.5743237868,56.43939813478652,16.03265283832405,0.0
0.1,3,200,20,TSCP_R,Gaussian,cqr,capped,0.5,0.0,0.8833333333333333,2943.8489592550386,17.199322321969962,,0.0010004043579101562
0.1,3,200,20,Unscaled,Gaussian,cqr,raw,0.5,0.0,0.9,3769.163012558234,15.85926021189471,,0.0
0.1,3,200,20,Empirical_copula,Gaussian,cqr,raw,0.5,0.0,0.88,2742.112151850712,16.20918983742936,,0.0019991397857666016
0.1,3,200,21,CQHR,Gaussian,cqr,native,0.5,0.0,0.905,83180.39661722897,38.11465487406684,11.668589071826018,0.0
0.1,3,200,21,TSCP_R,Gaussian,cqr,capped,0.5,0.0,0.8316666666666667,2166.918344180103,14.837825854162483,,0.0009992122650146484
0.1,3,200,21,Unscaled,Gaussian,cqr,raw,0.5,0.0,0.8216666666666667,2207.13527853112,13.172088961940231,,0.0
0.1,3,200,21,Empirical_copula,Gaussian,cqr,raw,0.5,0.0,0.8133333333333334,2062.076222932533,15.45201596022839,,0.0019998550415039062
0.1,3,200,22,CQHR,Gaussian,cqr,native,0.5,0.0,0.9083333333333333,5762303.189666116,65.07264248686752,11.028451645426076,0.0
0.1,3,200,22,TSCP_R,Gaussian,cqr,capped,0.5,0.0,0.8583333333333333,2459.2633574362308,15.977069354309211,,0.0009996891021728516
0.1,3,200,22,Unscaled,Gaussian,cqr,raw,0.5,0.0,0.8666666666666667,2789.5956645097585,14.383546480945022,,0.0010001659393310547
0.1,3,200,22,Empirical_copula,Gaussian,cqr,raw,0.5,0.0,0.8416666666666667,2173.6132044113897,15.45151363213215,,0.000997304916381836
0.1,3,200,23,CQHR,Gaussian,cqr,native,0.5,0.0,0.895,102254.56710736363,34.43249526604968,12.616368323428745,0.0
0.1,3,200,23,TSCP_R,Gaussian,cqr,capped,0.5,0.0,0.9083333333333333,3346.986188278503,16.82699349123899,,0.001999378204345703
0.1,3,200,23,Unscaled,Gaussian,cqr,raw,0.5,0.0,0.8966666666666666,3800.5510489136414,15.993609193224696,,0.0
0.1,3,200,23,Empirical_copula,Gaussian,cqr,raw,0.5,0.0,0.9083333333333333,3074.012062214913,16.873436785227156,,0.0009996891021728516
0.1,3,200,24,CQHR,Gaussian,cqr,native,0.5,0.0,0.9033333333333333,26261.084706012614,28.365718349116705,10.7725376912953,0.0
0.1,3,200,24,TSCP_R,Gaussian,cqr,capped,0.5,0.0,0.845,1889.3165924332538,15.9408469775072,,0.0009996891021728516
0.1,3,200,24,Unscaled,Gaussian,cqr,raw,0.5,0.0,0.8933333333333333,2952.567706570729,14.675486797211963,,0.0
0.1,3,200,24,Empirical_copula,Gaussian,cqr,raw,0.5,0.0,0.8416666666666667,1813.9791355768443,15.582704889123745,,0.0019996166229248047
0.1,3,200,25,CQHR,Gaussian,cqr,native,0.5,0.0,0.885,53234.36820683696,35.869030006119935,11.659115029853401,0.0
0.1,3,200,25,TSCP_R,Gaussian,cqr,capped,0.5,0.0,0.9066666666666666,3012.659217075879,17.170355286828087,,0.0010004043579101562
0.1,3,200,25,Unscaled,Gaussian,cqr,raw,0.5,0.0,0.9066666666666666,3610.6852577925983,15.765588185555313,,0.0
0.1,3,200,25,Empirical_copula,Gaussian,cqr,raw,0.5,0.0,0.875,2450.7755199789044,17.53887082573591,,0.0009996891021728516
0.1,3,200,26,CQHR,Gaussian,cqr,native,0.5,0.0,0.9016666666666666,1158411.776034833,46.4816908188476,13.156987458763775,0.0010106563568115234
0.1,3,200,26,TSCP_R,Gaussian,cqr,capped,0.5,0.0,0.8783333333333333,2423.3221533620417,15.664551547934034,,0.0009965896606445312
0.1,3,200,26,Unscaled,Gaussian,cqr,raw,0.5,0.0,0.8866666666666667,2931.2037198434678,14.7008723545199,,0.0
0.1,3,200,26,Empirical_copula,Gaussian,cqr,raw,0.5,0.0,0.8666666666666667,2327.9507312614533,15.874550111022206,,0.0020008087158203125
0.1,3,200,27,CQHR,Gaussian,cqr,native,0.5,0.0,0.9166666666666666,261634.51741831144,39.15315123501672,13.232860233767994,0.0
0.1,3,200,27,TSCP_R,Gaussian,cqr,capped,0.5,0.0,0.905,3270.560924335511,17.442413426456685,,0.001001596450805664
0.1,3,200,27,Unscaled,Gaussian,cqr,raw,0.5,0.0,0.8833333333333333,3244.1751569776834,15.22772670348683,,0.0
0.1,3,200,27,Empirical_copula,Gaussian,cqr,raw,0.5,0.0,0.8716666666666667,2585.1353386697847,16.149209490010694,,0.0019986629486083984
0.1,3,200,28,CQHR,Gaussian,cqr,native,0.5,0.0,0.9183333333333333,92809.78053848274,37.37728926136231,11.314229297127453,0.0
0.1,3,200,28,TSCP_R,Gaussian,cqr,capped,0.5,0.0,0.93,3688.5451878850527,17.076553310939243,,0.00099945068359375
0.1,3,200,28,Unscaled,Gaussian,cqr,raw,0.5,0.0,0.935,4442.518469091776,16.67199326493951,,0.0
0.1,3,200,28,Empirical_copula,Gaussian,cqr,raw,0.5,0.0,0.9133333333333333,3145.9076295519103,17.047903231509423,,0.002000093460083008
0.1,3,200,29,CQHR,Gaussian,cqr,native,0.5,0.0,0.9183333333333333,55774.114097943144,37.73831828410326,12.601098104567049,0.0
0.1,3,200,29,TSCP_R,Gaussian,cqr,capped,0.5,0.0,0.9033333333333333,3013.766485812486,16.432587239263604,,0.0009992122650146484
0.1,3,200,29,Unscaled,Gaussian,cqr,raw,0.5,0.0,0.9016666666666666,3443.5178755299407,15.341285891998014,,0.0
0.1,3,200,29,Empirical_copula,Gaussian,cqr,raw,0.5,0.0,0.8883333333333333,2890.898274147741,17.3701711834364,,0.0019996166229248047
0.1,3,200,30,CQHR,Gaussian,cqr,native,0.5,0.0,0.91,53230.643423188565,29.721620486194553,9.195881356216967,0.0
0.1,3,200,30,TSCP_R,Gaussian,cqr,capped,0.5,0.0,0.9283333333333333,3238.327182154708,17.65726064131455,,0.002007007598876953
0.1,3,200,30,Unscaled,Gaussian,cqr,raw,0.5,0.0,0.9083333333333333,3246.6781583228885,15.039392105809856,,0.0
0.1,3,200,30,Empirical_copula,Gaussian,cqr,raw,0.5,0.0,0.9183333333333333,2985.631056431119,16.952749864604673,,0.000997304916381836
0.1,3,200,31,CQHR,Gaussian,cqr,native,0.5,0.0,0.8816666666666667,235058.9356034406,36.849774097164264,11.918702802218595,0.0
0.1,3,200,31,TSCP_R,Gaussian,cqr,capped,0.5,0.0,0.915,2716.621722340491,17.263461196688336,,0.0010068416595458984
0.1,3,200,31,Unscaled,Gaussian,cqr,raw,0.5,0.0,0.9016666666666666,3083.7136635639317,14.942650834925717,,0.0
0.1,3,200,31,Empirical_copula,Gaussian,cqr,raw,0.5,0.0,0.885,2460.9584824852977,17.558756989642774,,0.0019996166229248047
0.1,3,200,32,CQHR,Gaussian,cqr,native,0.5,0.0,0.915,205211.17914388885,44.39477844166207,13.034711793547812,0.0
0.1,3,200,32,TSCP_R,Gaussian,cqr,capped,0.5,0.0,0.895,2768.409521089623,17.76736338029919,,0.0009965896606445312
0.1,3,200,32,Unscaled,Gaussian,cqr,raw,0.5,0.0,0.895,3371.508374438001,15.319250502729174,,0.0
0.1,3,200,32,Empirical_copula,Gaussian,cqr,raw,0.5,0.0,0.8883333333333333,2619.4937709870137,17.684316680531158,,0.002002716064453125
0.1,3,200,33,CQHR,Gaussian,cqr,native,0.5,0.0,0.9,45008.87226740598,28.30433542275324,10.744842472792165,0.0
0.1,3,200,33,TSCP_R,Gaussian,cqr,capped,0.5,0.0,0.8766666666666667,2323.476904985489,15.108097806156447,,0.0009999275207519531
0.1,3,200,33,Unscaled,Gaussian,cqr,raw,0.5,0.0,0.8716666666666667,2682.35188700615,14.379269045787598,,0.0
0.1,3,200,33,Empirical_copula,Gaussian,cqr,raw,0.5,0.0,0.8816666666666667,2448.985490497588,15.935709433517138,,0.0019998550415039062
0.1,3,200,34,CQHR,Gaussian,cqr,native,0.5,0.0,0.8683333333333333,21227.831940876385,26.122686164923557,9.311080533999155,0.0
0.1,3,200,34,TSCP_R,Gaussian,cqr,capped,0.5,0.0,0.915,2955.644917059779,16.054084466994606,,0.0009996891021728516
0.1,3,200,34,Unscaled,Gaussian,cqr,raw,0.5,0.0,0.915,3359.586423026143,15.298744358309108,,0.0
0.1,3,200,34,Empirical_copula,Gaussian,cqr,raw,0.5,0.0,0.9116666666666666,2876.0560509358647,15.563529002220175,,0.001992940902709961
0.1,3,200,35,CQHR,Gaussian,cqr,native,0.5,0.0,0.9133333333333333,116383.38377255689,41.016999465948274,14.615067137861157,0.0
0.1,3,200,35,TSCP_R,Gaussian,cqr,capped,0.5,0.0,0.92,2923.291408961021,17.50781882519208,,0.0009937286376953125
0.1,3,200,35,Unscaled,Gaussian,cqr,raw,0.5,0.0,0.9133333333333333,3255.469708655764,15.240776707233284,,0.0
0.1,3,200,35,Empirical_copula,Gaussian,cqr,raw,0.5,0.0,0.92,2758.3546999442974,17.478646142461717,,0.002012014389038086
0.1,3,200,36,CQHR,Gaussian,cqr,native,0.5,0.0,0.825,141616.469977646,27.133328379228022,8.115190089923155,0.0
0.1,3,200,36,TSCP_R,Gaussian,cqr,capped,0.5,0.0,0.8566666666666667,2539.6017924372213,15.154657205409318,,0.0009930133819580078
0.1,3,200,36,Unscaled,Gaussian,cqr,raw,0.5,0.0,0.8333333333333334,2393.081328166749,13.618882158670026,,0.0
0.1,3,200,36,Empirical_copula,Gaussian,cqr,raw,0.5,0.0,0.86,2475.6447113826102,15.781001366698929,,0.00200653076171875
0.1,3,200,37,CQHR,Gaussian,cqr,native,0.5,0.0,0.925,176215796.18881074,147.32408455365504,16.320158363280154,0.0
0.1,3,200,37,TSCP_R,Gaussian,cqr,capped,0.5,0.0,0.8883333333333333,2353.5863534162645,15.979020251377442,,0.0010068416595458984
0.1,3,200,37,Unscaled,Gaussian,cqr,raw,0.5,0.0,0.8816666666666667,2675.2357124199084,14.217026468777222,,0.0
0.1,3,200,37,Empirical_copula,Gaussian,cqr,raw,0.5,0.0,0.8916666666666667,2356.1515571839805,16.708587862998776,,0.002000093460083008
0.1,3,200,38,CQHR,Gaussian,cqr,native,0.5,0.0,0.895,1300178.0326062671,68.51161681445502,10.978765565176886,0.0
0.1,3,200,38,TSCP_R,Gaussian,cqr,capped,0.5,0.0,0.9066666666666666,3193.5591425015773,18.33958881777585,,0.0009999275207519531
0.1,3,200,38,Unscaled,Gaussian,cqr,raw,0.5,0.0,0.9166666666666666,3667.368080502187,15.731458462927565,,0.0
0.1,3,200,38,Empirical_copula,Gaussian,cqr,raw,0.5,0.0,0.8966666666666666,3054.253139053275,18.835048181511247,,0.000997304916381836
0.1,3,200,39,CQHR,Gaussian,cqr,native,0.5,0.0,0.8966666666666666,119078.4748374526,36.14545730044903,11.620172855178716,0.0
0.1,3,200,39,TSCP_R,Gaussian,cqr,capped,0.5,0.0,0.915,4274.972923589572,17.312792042721497,,0.0009992122650146484
0.1,3,200,39,Unscaled,Gaussian,cqr,raw,0.5,0.0,0.9116666666666666,4317.791183986464,16.639312889858445,,0.0
0.1,3,200,39,Empirical_copula,Gaussian,cqr,raw,0.5,0.0,0.9083333333333333,3827.4509103356845,17.49425781976869,,0.0009996891021728516
0.1,3,200,40,CQHR,Gaussian,cqr,native,0.5,0.0,0.88,55221.54208818918,31.412464088834493,8.888620457358678,0.0
0.1,3,200,40,TSCP_R,Gaussian,cqr,capped,0.5,0.0,0.825,2098.7401882866016,15.876784522473635,,0.000997304916381836
0.1,3,200,40,Unscaled,Gaussian,cqr,raw,0.5,0.0,0.8333333333333334,2417.925168226861,13.591766082406092,,0.0
0.1,3,200,40,Empirical_copula,Gaussian,cqr,raw,0.5,0.0,0.8016666666666666,1922.1689182283385,15.258993044883221,,0.0019996166229248047
0.1,3,200,41,CQHR,Gaussian,cqr,native,0.5,0.0,0.9316666666666666,841262.90548162,51.66832649307864,14.172714861203143,0.0
0.1,3,200,41,TSCP_R,Gaussian,cqr,capped,0.5,0.0,0.91,2742.2923523832897,17.01293600074071,,0.0010027885437011719
0.1,3,200,41,Unscaled,Gaussian,cqr,raw,0.5,0.0,0.8983333333333333,3119.77715044845,15.005836034930308,,0.0
0.1,3,200,41,Empirical_copula,Gaussian,cqr,raw,0.5,0.0,0.8983333333333333,2657.313764811479,16.455516482987097,,0.001997232437133789
0.1,3,200,42,CQHR,Gaussian,cqr,native,0.5,0.0,0.8966666666666666,136509.27834445442,39.101166178242124,11.329118443208877,0.0
0.1,3,200,42,TSCP_R,Gaussian,cqr,capped,0.5,0.0,0.9433333333333334,3047.817018389774,16.454775447710645,,0.00099945068359375
0.1,3,200,42,Unscaled,Gaussian,cqr,raw,0.5,0.0,0.9233333333333333,3003.2986886640056,14.739477604029116,,0.0
0.1,3,200,42,Empirical_copula,Gaussian,cqr,raw,0.5,0.0,0.9166666666666666,2720.7572535570534,15.453179180715866,,0.0019998550415039062
0.1,3,200,43,CQHR,Gaussian,cqr,native,0.5,0.0,0.915,45889.467144598544,30.401342919561728,11.196708713162629,0.0
0.1,3,200,43,TSCP_R,Gaussian,cqr,capped,0.5,0.0,0.9216666666666666,2864.771274674001,17.48947137251503,,0.0009999275207519531
0.1,3,200,43,Unscaled,Gaussian,cqr,raw,0.5,0.0,0.935,4089.087195045515,16.4103858289826,,0.0
0.1,3,200,43,Empirical_copula,Gaussian,cqr,raw,0.5,0.0,0.9133333333333333,2832.0086685999636,18.131478136220736,,0.0020084381103515625
0.1,3,200,44,CQHR,Gaussian,cqr,native,0.5,0.0,0.915,187254.05259484757,42.039749345090954,11.51942296983433,0.0
0.1,3,200,44,TSCP_R,Gaussian,cqr,capped,0.5,0.0,0.935,3470.8116650374513,17.493992099334715,,0.001001119613647461
0.1,3,200,44,Unscaled,Gaussian,cqr,raw,0.5,0.0,0.935,4089.449243561858,16.51846206140868,,0.0
0.1,3,200,44,Empirical_copula,Gaussian,cqr,raw,0.5,0.0,0.925,3232.8889032257175,17.6328355586421,,0.0019981861114501953
0.1,3,200,45,CQHR,Gaussian,cqr,native,0.5,0.0,0.89,241746.41992430875,39.84924952619146,10.00882433846778,0.0
0.1,3,200,45,TSCP_R,Gaussian,cqr,capped,0.5,0.0,0.925,3760.334544659522,18.34332939809107,,0.0009999275207519531
0.1,3,200,45,Unscaled,Gaussian,cqr,raw,0.5,0.0,0.94,4894.952518304358,17.249809646577525,,0.0
0.1,3,200,45,Empirical_copula,Gaussian,cqr,raw,0.5,0.0,0.92,3569.882701674599,17.78341472773964,,0.0009996891021728516
0.1,3,200,46,CQHR,Gaussian,cqr,native,0.5,0.0,0.9433333333333334,976255.0058091442,59.483239169456596,15.453917704014492,0.0010006427764892578
0.1,3,200,46,TSCP_R,Gaussian,cqr,capped,0.5,0.0,0.88,3168.4782744299323,18.27497565051773,,0.0010004043579101562
0.1,3,200,46,Unscaled,Gaussian,cqr,raw,0.5,0.0,0.87,3027.1504320229405,14.931689514634293,,0.0
0.1,3,200,46,Empirical_copula,Gaussian,cqr,raw,0.5,0.0,0.8516666666666667,2314.1504349930115,15.653401330225524,,0.0019986629486083984
0.1,3,200,47,CQHR,Gaussian,cqr,native,0.5,0.0,0.9316666666666666,71463.47465153474,36.812173149369976,14.053545727892132,0.0
0.1,3,200,47,TSCP_R,Gaussian,cqr,capped,0.5,0.0,0.925,3162.1767163719546,17.99778532576419,,0.0010004043579101562
0.1,3,200,47,Unscaled,Gaussian,cqr,raw,0.5,0.0,0.9466666666666667,4262.80049213468,16.630541852862464,,0.0
0.1,3,200,47,Empirical_copula,Gaussian,cqr,raw,0.5,0.0,0.8983333333333333,2493.8960916320657,17.974094621760514,,0.0010106563568115234
0.1,3,200,48,CQHR,Gaussian,cqr,native,0.5,0.0,0.9266666666666666,717722.843231333,56.54110853444506,13.798288425922326,0.0
0.1,3,200,48,TSCP_R,Gaussian,cqr,capped,0.5,0.0,0.855,2194.276852712462,14.872392084933551,,0.0009891986846923828
0.1,3,200,48,Unscaled,Gaussian,cqr,raw,0.5,0.0,0.8566666666666667,2502.660462860167,13.838958576526089,,0.0
0.1,3,200,48,Empirical_copula,Gaussian,cqr,raw,0.5,0.0,0.8383333333333334,1968.4281436630035,14.1032375123311,,0.002000093460083008
0.1,3,200,49,CQHR,Gaussian,cqr,native,0.5,0.0,0.91,57584.43397680973,34.49593293758051,12.43085216749478,0.0
0.1,3,200,49,TSCP_R,Gaussian,cqr,capped,0.5,0.0,0.885,2629.4127961436843,17.71250069295307,,0.000997781753540039
0.1,3,200,49,Unscaled,Gaussian,cqr,raw,0.5,0.0,0.9116666666666666,4072.978209852983,16.308101384914348,,0.0
0.1,3,200,49,Empirical_copula,Gaussian,cqr,raw,0.5,0.0,0.8766666666666667,2556.5913011413427,17.184440359151946,,0.002002239227294922
0.1,3,200,50,CQHR,Gaussian,cqr,native,0.5,0.0,0.91,64303.24120234735,34.19565337302976,11.756258332170573,0.0010001659393310547
0.1,3,200,50,TSCP_R,Gaussian,cqr,capped,0.5,0.0,0.885,2307.3025361909104,15.739784407322777,,0.0009918212890625
0.1,3,200,50,Unscaled,Gaussian,cqr,raw,0.5,0.0,0.9016666666666666,2926.1013080110283,14.760178559954626,,0.0
0.1,3,200,50,Empirical_copula,Gaussian,cqr,raw,0.5,0.0,0.8616666666666667,2107.941244400669,16.239936381238916,,0.0020101070404052734
0.1,3,200,51,CQHR,Gaussian,cqr,native,0.5,0.0,0.9033333333333333,35361.8950888287,32.25612820328403,11.762001901197163,0.0
0.1,3,200,51,TSCP_R,Gaussian,cqr,capped,0.5,0.0,0.9283333333333333,3025.066063360011,18.185838898120043,,0.0009999275207519531
0.1,3,200,51,Unscaled,Gaussian,cqr,raw,0.5,0.0,0.9116666666666666,3313.234037170938,15.216656096271699,,0.0
0.1,3,200,51,Empirical_copula,Gaussian,cqr,raw,0.5,0.0,0.9266666666666666,2845.4445741246363,19.07402933106121,,0.002000093460083008
0.1,3,200,52,CQHR,Gaussian,cqr,native,0.5,0.0,0.8783333333333333,42776.033441567924,31.019714245656676,9.979461881276904,0.0
0.1,3,200,52,TSCP_R,Gaussian,cqr,capped,0.5,0.0,0.8766666666666667,2572.3142870239058,17.267443499277547,,0.0010020732879638672
0.1,3,200,52,Unscaled,Gaussian,cqr,raw,0.5,0.0,0.89,2985.4462964882505,14.625628206674032,,0.0
0.1,3,200,52,Empirical_copula,Gaussian,cqr,raw,0.5,0.0,0.8716666666666667,2319.1234203632166,15.362072846203716,,0.002078533172607422
0.1,3,200,53,CQHR,Gaussian,cqr,native,0.5,0.0,0.9233333333333333,219281.23420179033,42.062475958200615,14.899511634457205,0.0
0.1,3,200,53,TSCP_R,Gaussian,cqr,capped,0.5,0.0,0.8916666666666667,2626.521446406482,16.145531747510386,,0.0010001659393310547
0.1,3,200,53,Unscaled,Gaussian,cqr,raw,0.5,0.0,0.8816666666666667,2836.87251426821,14.552192617242408,,0.0
0.1,3,200,53,Empirical_copula,Gaussian,cqr,raw,0.5,0.0,0.88,2521.9438760548524,16.115196251283407,,0.0020003318786621094
0.1,3,200,54,CQHR,Gaussian,cqr,native,0.5,0.0,0.925,773205.2720501074,57.20893833451368,16.193254179878455,0.0
0.1,3,200,54,TSCP_R,Gaussian,cqr,capped,0.5,0.0,0.9183333333333333,3195.1296129282887,16.587876259777893,,0.0010089874267578125
0.1,3,200,54,Unscaled,Gaussian,cqr,raw,0.5,0.0,0.92,3816.5652691921514,15.922503191024637,,0.0
0.1,3,200,54,Empirical_copula,Gaussian,cqr,raw,0.5,0.0,0.8933333333333333,2856.9881286148493,16.99807812179381,,0.000997304916381836
0.1,3,200,55,CQHR,Gaussian,cqr,native,0.5,0.0,0.925,108917.921523966,42.42941232124162,15.891223894891176,0.0
0.1,3,200,55,TSCP_R,Gaussian,cqr,capped,0.5,0.0,0.8716666666666667,2262.4950953224666,14.626843696871553,,0.0009992122650146484
0.1,3,200,55,Unscaled,Gaussian,cqr,raw,0.5,0.0,0.8533333333333334,2372.5059169904835,13.772983852806579,,0.0
0.1,3,200,55,Empirical_copula,Gaussian,cqr,raw,0.5,0.0,0.8533333333333334,2166.7287077026313,14.186378450282291,,0.0010001659393310547
0.1,3,200,56,CQHR,Gaussian,cqr,native,0.5,0.0,0.8983333333333333,74861.53739451352,31.705085343244495,10.86729751514772,0.0
0.1,3,200,56,TSCP_R,Gaussian,cqr,capped,0.5,0.0,0.895,2669.376120751316,16.04680693410139,,0.0009999275207519531
0.1,3,200,56,Unscaled,Gaussian,cqr,raw,0.5,0.0,0.885,2828.071080312122,14.720732919343407,,0.0
0.1,3,200,56,Empirical_copula,Gaussian,cqr,raw,0.5,0.0,0.8833333333333333,2369.637332141011,16.45359766225564,,0.001997709274291992
0.1,3,200,57,CQHR,Gaussian,cqr,native,0.5,0.0,0.8833333333333333,209436.87050670257,37.584486629153545,10.580966633487938,0.0009930133819580078
0.1,3,200,57,TSCP_R,Gaussian,cqr,capped,0.5,0.0,0.875,2970.7291722743353,16.098994676299043,,0.0009999275207519531
0.1,3,200,57,Unscaled,Gaussian,cqr,raw,0.5,0.0,0.8916666666666667,3526.457251032136,15.458056154859175,,0.0
0.1,3,200,57,Empirical_copula,Gaussian,cqr,raw,0.5,0.0,0.86,2813.9727303452396,16.605699724932105,,0.0020024776458740234
0.1,3,200,58,CQHR,Gaussian,cqr,native,0.5,0.0,0.945,70736.57129542454,39.993377848415065,14.519389941178314,0.0010004043579101562
0.1,3,200,58,TSCP_R,Gaussian,cqr,capped,0.5,0.0,0.92,2952.702163049807,17.67147741541317,,0.0010025501251220703
0.1,3,200,58,Unscaled,Gaussian,cqr,raw,0.5,0.0,0.9266666666666666,3512.404188286692,15.535756455663877,,0.0
0.1,3,200,58,Empirical_copula,Gaussian,cqr,raw,0.5,0.0,0.9016666666666666,2600.6764838178938,17.59016778146707,,0.001995563507080078
0.1,3,200,59,CQHR,Gaussian,cqr,native,0.5,0.0,0.93,856947.9548717984,55.823466010425015,16.763201769038606,0.0
0.1,3,200,59,TSCP_R,Gaussian,cqr,capped,0.5,0.0,0.8966666666666666,2828.287475357826,16.56732349841439,,0.00099945068359375
0.1,3,200,59,Unscaled,Gaussian,cqr,raw,0.5,0.0,0.9083333333333333,3593.3402888228447,15.644409156198895,,0.0
0.1,3,200,59,Empirical_copula,Gaussian,cqr,raw,0.5,0.0,0.8933333333333333,2833.8816158992386,16.981585835054936,,0.0019996166229248047
0.1,3,200,60,CQHR,Gaussian,cqr,native,0.5,0.0,0.92,68502.08875821829,38.41639237134627,14.546117652090548,0.0
0.1,3,200,60,TSCP_R,Gaussian,cqr,capped,0.5,0.0,0.8416666666666667,2477.5146206216573,16.183566702703363,,0.0
0.1,3,200,60,Unscaled,Gaussian,cqr,raw,0.5,0.0,0.8483333333333334,2579.1382837735187,14.030305225716175,,0.0
0.1,3,200,60,Empirical_copula,Gaussian,cqr,raw,0.5,0.0,0.8466666666666667,2477.131190943948,16.452160213170252,,0.0019986629486083984
0.1,3,200,61,CQHR,Gaussian,cqr,native,0.5,0.0,0.9083333333333333,133751.93982178555,40.86860743405131,12.13637784154301,0.0
0.1,3,200,61,TSCP_R,Gaussian,cqr,capped,0.5,0.0,0.8783333333333333,3131.5040673472595,15.978285094723379,,0.0009999275207519531
0.1,3,200,61,Unscaled,Gaussian,cqr,raw,0.5,0.0,0.8916666666666667,3709.0788796559473,15.77654992161285,,0.0
0.1,3,200,61,Empirical_copula,Gaussian,cqr,raw,0.5,0.0,0.88,3067.1439453959333,16.381922021588824,,0.0009996891021728516
0.1,3,200,62,CQHR,Gaussian,cqr,native,0.5,0.0,0.89,35748.284385785926,33.718176035179425,11.08598120857728,0.0
0.1,3,200,62,TSCP_R,Gaussian,cqr,capped,0.5,0.0,0.875,2440.3708425460695,14.981669897243858,,0.0020287036895751953
0.1,3,200,62,Unscaled,Gaussian,cqr,raw,0.5,0.0,0.87,2754.9020650955695,14.229169288030622,,0.0
0.1,3,200,62,Empirical_copula,Gaussian,cqr,raw,0.5,0.0,0.8516666666666667,2513.2649556987017,16.221177803825967,,0.000997781753540039
0.1,3,200,63,CQHR,Gaussian,cqr,native,0.5,0.0,0.8566666666666667,22898.74786473922,27.5355877323056,9.920965256089952,0.0
0.1,3,200,63,TSCP_R,Gaussian,cqr,capped,0.5,0.0,0.8716666666666667,2371.14703310192,16.029166316239134,,0.001001119613647461
0.1,3,200,63,Unscaled,Gaussian,cqr,raw,0.5,0.0,0.895,3233.4590030487425,15.236880229951106,,0.0
0.1,3,200,63,Empirical_copula,Gaussian,cqr,raw,0.5,0.0,0.8733333333333333,2403.924107693873,15.896474807616626,,0.0019981861114501953
0.1,3,200,64,CQHR,Gaussian,cqr,native,0.5,0.0,0.9316666666666666,669489.3834110005,47.69584924927254,14.580113031966365,0.0
0.1,3,200,64,TSCP_R,Gaussian,cqr,capped,0.5,0.0,0.8716666666666667,2265.4787650239277,15.266263696250107,,0.001001596450805664
0.1,3,200,64,Unscaled,Gaussian,cqr,raw,0.5,0.0,0.865,2814.404026724488,14.42365527482015,,0.0
0.1,3,200,64,Empirical_copula,Gaussian,cqr,raw,0.5,0.0,0.8633333333333333,2114.7481062898946,15.573517666807966,,0.0019979476928710938
0.1,3,200,65,CQHR,Gaussian,cqr,native,0.5,0.0,0.8916666666666667,104182.66510492224,40.15796681161421,13.638222832126146,0.0010008811950683594
0.1,3,200,65,TSCP_R,Gaussian,cqr,capped,0.5,0.0,0.9066666666666666,3064.84069909917,17.000122895131064,,0.0009984970092773438
0.1,3,200,65,Unscaled,Gaussian,cqr,raw,0.5,0.0,0.9016666666666666,3156.2410702810903,15.060667641259752,,0.0
0.1,3,200,65,Empirical_copula,Gaussian,cqr,raw,0.5,0.0,0.89,2693.483073983035,15.215055409985029,,0.0019991397857666016
0.1,3,200,66,CQHR,Gaussian,cqr,native,0.5,0.0,0.945,5183050.734866611,85.36752424614625,17.569982121416793,0.0
0.1,3,200,66,TSCP_R,Gaussian,cqr,capped,0.5,0.0,0.8983333333333333,3518.4160795078674,19.019202629183642,,0.0010020732879638672
0.1,3,200,66,Unscaled,Gaussian,cqr,raw,0.5,0.0,0.8683333333333333,3034.387998671674,14.658603531812732,,0.0
0.1,3,200,66,Empirical_copula,Gaussian,cqr,raw,0.5,0.0,0.885,3294.453796215226,18.993457321353645,,0.0019969940185546875
0.1,3,200,67,CQHR,Gaussian,cqr,native,0.5,0.0,0.9016666666666666,64214.79185128505,34.50580553256055,11.957970639311009,0.0
0.1,3,200,67,TSCP_R,Gaussian,cqr,capped,0.5,0.0,0.91,2750.785694459035,16.46502279849623,,0.0010001659393310547
0.1,3,200,67,Unscaled,Gaussian,cqr,raw,0.5,0.0,0.9066666666666666,3082.672287596743,14.901522791707984,,0.0
0.1,3,200,67,Empirical_copula,Gaussian,cqr,raw,0.5,0.0,0.8916666666666667,2499.239690134305,16.44470129844005,,0.0019969940185546875
0.1,3,200,68,CQHR,Gaussian,cqr,native,0.5,0.0,0.9016666666666666,156896432.29999292,137.59828561202207,12.395010291924827,0.0
0.1,3,200,68,TSCP_R,Gaussian,cqr,capped,0.5,0.0,0.915,3239.8875957464056,16.677454185656433,,0.0010030269622802734
0.1,3,200,68,Unscaled,Gaussian,cqr,raw,0.5,0.0,0.8983333333333333,3276.4189663355214,15.078852793402781,,0.0
0.1,3,200,68,Empirical_copula,Gaussian,cqr,raw,0.5,0.0,0.9016666666666666,2872.304005211734,16.617304413936473,,0.000985860824584961
0.1,3,200,69,CQHR,Gaussian,cqr,native,0.5,0.0,0.92,61213.96685353331,37.478348287122344,13.550127990808864,0.0
0.1,3,200,69,TSCP_R,Gaussian,cqr,capped,0.5,0.0,0.9183333333333333,4164.473917910788,18.554471956660578,,0.0010106563568115234
0.1,3,200,69,Unscaled,Gaussian,cqr,raw,0.5,0.0,0.915,4355.54008523405,16.58481327833921,,0.0
0.1,3,200,69,Empirical_copula,Gaussian,cqr,raw,0.5,0.0,0.9033333333333333,3506.5591767197147,16.705908317722418,,0.0019948482513427734
0.1,3,200,70,CQHR,Gaussian,cqr,native,0.5,0.0,0.905,76319979.56926621,120.70438693688658,12.773238372782831,0.0
0.1,3,200,70,TSCP_R,Gaussian,cqr,capped,0.5,0.0,0.8783333333333333,2372.6857513323316,15.61321643392271,,0.0009992122650146484
0.1,3,200,70,Unscaled,Gaussian,cqr,raw,0.5,0.0,0.8766666666666667,2599.7163421558394,13.926274916904237,,0.0
0.1,3,200,70,Empirical_copula,Gaussian,cqr,raw,0.5,0.0,0.86,2141.30797326511,16.005856601825197,,0.00099945068359375
0.1,3,200,71,CQHR,Gaussian,cqr,native,0.5,0.0,0.9,27626.94756364436,29.45196906784979,10.818266422958494,0.0009963512420654297
0.1,3,200,71,TSCP_R,Gaussian,cqr,capped,0.5,0.0,0.9183333333333333,2834.5131056084315,17.65584877358268,,0.00099945068359375
0.1,3,200,71,Unscaled,Gaussian,cqr,raw,0.5,0.0,0.8733333333333333,2705.932500055791,14.246801273766035,,0.0
0.1,3,200,71,Empirical_copula,Gaussian,cqr,raw,0.5,0.0,0.915,2780.2704417956265,18.6259053825152,,0.0010004043579101562
0.1,3,200,72,CQHR,Gaussian,cqr,native,0.5,0.0,0.895,129060.51042549434,37.623880819651184,11.062574544403876,0.0
0.1,3,200,72,TSCP_R,Gaussian,cqr,capped,0.5,0.0,0.9166666666666666,3124.2457807571163,16.882164920579033,,0.0009942054748535156
0.1,3,200,72,Unscaled,Gaussian,cqr,raw,0.5,0.0,0.91,3332.2544885289535,15.21922896584789,,0.0
0.1,3,200,72,Empirical_copula,Gaussian,cqr,raw,0.5,0.0,0.9033333333333333,2904.192392373041,15.572564687427375,,0.0010066032409667969
0.1,3,200,73,CQHR,Gaussian,cqr,native,0.5,0.0,0.905,1556890.6537047115,45.60561640700764,13.142496125288881,0.0
0.1,3,200,73,TSCP_R,Gaussian,cqr,capped,0.5,0.0,0.9133333333333333,2823.007718039209,17.077425827659553,,0.0010020732879638672
0.1,3,200,73,Unscaled,Gaussian,cqr,raw,0.5,0.0,0.935,3483.158980782991,15.520896634797968,,0.0
0.1,3,200,73,Empirical_copula,Gaussian,cqr,raw,0.5,0.0,0.91,2624.8531441484747,17.32383505481732,,0.0019989013671875
0.1,3,200,74,CQHR,Gaussian,cqr,native,0.5,0.0,0.895,32001.889049905632,31.329647469750142,11.645039092532098,0.0
0.1,3,200,74,TSCP_R,Gaussian,cqr,capped,0.5,0.0,0.88,2507.1171321499564,16.607237205795776,,0.0010025501251220703
0.1,3,200,74,Unscaled,Gaussian,cqr,raw,0.5,0.0,0.9033333333333333,3492.16122586154,15.595437671070698,,0.0
0.1,3,200,74,Empirical_copula,Gaussian,cqr,raw,0.5,0.0,0.8816666666666667,2503.821893911089,16.57950855068368,,0.0009987354278564453
0.1,3,200,75,CQHR,Gaussian,cqr,native,0.5,0.0,0.9316666666666666,61640.06584790971,38.246583163904596,14.978363748358435,0.0
0.1,3,200,75,TSCP_R,Gaussian,cqr,capped,0.5,0.0,0.905,2712.2221372979143,16.313291525900414,,0.0010001659393310547
0.1,3,200,75,Unscaled,Gaussian,cqr,raw,0.5,0.0,0.8683333333333333,2571.9320768229995,14.141069925129111,,0.0
0.1,3,200,75,Empirical_copula,Gaussian,cqr,raw,0.5,0.0,0.8933333333333333,2422.4271291789337,15.101581591890815,,0.0019989013671875
0.1,3,200,76,CQHR,Gaussian,cqr,native,0.5,0.0,0.885,124498.74864866599,35.23113575692255,11.054657341533725,0.0009942054748535156
0.1,3,200,76,TSCP_R,Gaussian,cqr,capped,0.5,0.0,0.8616666666666667,2070.3036265184596,15.523560655180539,,0.0010097026824951172
0.1,3,200,76,Unscaled,Gaussian,cqr,raw,0.5,0.0,0.8433333333333334,1966.735061858286,12.920072086079802,,0.0
0.1,3,200,76,Empirical_copula,Gaussian,cqr,raw,0.5,0.0,0.8466666666666667,1780.7815797941387,15.842666935264166,,0.001996755599975586
0.1,3,200,77,CQHR,Gaussian,cqr,native,0.5,0.0,0.8933333333333333,66771.55546934297,32.195306239673485,10.823925730146723,0.0
0.1,3,200,77,TSCP_R,Gaussian,cqr,capped,0.5,0.0,0.9,3189.6888995873182,16.031376274455127,,0.0009996891021728516
0.1,3,200,77,Unscaled,Gaussian,cqr,raw,0.5,0.0,0.9066666666666666,3721.919147878516,15.725230425516424,,0.0
0.1,3,200,77,Empirical_copula,Gaussian,cqr,raw,0.5,0.0,0.8983333333333333,3227.848670012711,16.00336622736235,,0.0019996166229248047
0.1,3,200,78,CQHR,Gaussian,cqr,native,0.5,0.0,0.9066666666666666,35757.073765114736,32.75565091421745,12.032032922117486,0.0009996891021728516
0.1,3,200,78,TSCP_R,Gaussian,cqr,capped,0.5,0.0,0.915,3589.9767879004103,16.91519544511294,,0.0010061264038085938
0.1,3,200,78,Unscaled,Gaussian,cqr,raw,0.5,0.0,0.89,3300.6023271681306,15.180714071330973,,0.0
0.1,3,200,78,Empirical_copula,Gaussian,cqr,raw,0.5,0.0,0.9,3174.9257895466885,16.806630023200604,,0.001999378204345703
0.1,3,200,79,CQHR,Gaussian,cqr,native,0.5,0.0,0.91,63690.00020172902,35.186775096946306,12.711565952578907,0.0
0.1,3,200,79,TSCP_R,Gaussian,cqr,capped,0.5,0.0,0.9166666666666666,3520.404707420137,17.373505641381705,,0.0009992122650146484
0.1,3,200,79,Unscaled,Gaussian,cqr,raw,0.5,0.0,0.935,4509.989906178075,16.735235044332004,,0.0
0.1,3,200,79,Empirical_copula,Gaussian,cqr,raw,0.5,0.0,0.9116666666666666,3355.4786148569483,17.764449676944704,,0.0020046234130859375
0.1,3,200,80,CQHR,Gaussian,cqr,native,0.5,0.0,0.885,1490980.9254931465,54.832115049858636,9.84126829520865,0.0
0.1,3,200,80,TSCP_R,Gaussian,cqr,capped,0.5,0.0,0.9083333333333333,2872.0089109013456,16.189538488846612,,0.0010018348693847656
0.1,3,200,80,Unscaled,Gaussian,cqr,raw,0.5,0.0,0.92,3809.0178517916797,15.945680005340622,,0.0
0.1,3,200,80,Empirical_copula,Gaussian,cqr,raw,0.5,0.0,0.8833333333333333,2391.6222400273004,16.164853619788417,,0.0019927024841308594
0.1,3,200,81,CQHR,Gaussian,cqr,native,0.5,0.0,0.9483333333333334,45148.788370499744,33.318902531067195,13.024251886476815,0.0
0.1,3,200,81,TSCP_R,Gaussian,cqr,capped,0.5,0.0,0.905,2402.1591492949583,15.645780795515392,,0.0009992122650146484
0.1,3,200,81,Unscaled,Gaussian,cqr,raw,0.5,0.0,0.88,2310.6152092508737,13.58744373197312,,0.0
0.1,3,200,81,Empirical_copula,Gaussian,cqr,raw,0.5,0.0,0.9,2360.694743302121,15.603523721111747,,0.0009999275207519531
0.1,3,200,82,CQHR,Gaussian,cqr,native,0.5,0.0,0.8766666666666667,41663.983590768985,31.924012768718605,11.471419982481592,0.0
0.1,3,200,82,TSCP_R,Gaussian,cqr,capped,0.5,0.0,0.875,2446.5500709012176,16.4863492717601,,0.0010001659393310547
0.1,3,200,82,Unscaled,Gaussian,cqr,raw,0.5,0.0,0.8833333333333333,3190.0664705008608,15.117662535549377,,0.0
0.1,3,200,82,Empirical_copula,Gaussian,cqr,raw,0.5,0.0,0.875,2394.40040671138,16.68524934046534,,0.001997232437133789
0.1,3,200,83,CQHR,Gaussian,cqr,native,0.5,0.0,0.9,30849.337094153838,28.314254852428522,9.098269297569274,0.0
0.1,3,200,83,TSCP_R,Gaussian,cqr,capped,0.5,0.0,0.8883333333333333,2625.4968328403843,16.13792775954422,,0.00096893310546875
0.1,3,200,83,Unscaled,Gaussian,cqr,raw,0.5,0.0,0.8516666666666667,2630.90282613548,13.924331842212839,,0.0
0.1,3,200,83,Empirical_copula,Gaussian,cqr,raw,0.5,0.0,0.88,2425.152761024907,16.51810916783172,,0.002007722854614258
0.1,3,200,84,CQHR,Gaussian,cqr,native,0.5,0.0,0.93,370584.75257754844,47.121976690194536,14.394814484494091,0.0
0.1,3,200,84,TSCP_R,Gaussian,cqr,capped,0.5,0.0,0.89,3171.5932005646096,17.545578473783745,,0.0009992122650146484
0.1,3,200,84,Unscaled,Gaussian,cqr,raw,0.5,0.0,0.8766666666666667,3498.8547753816456,15.63439191213393,,0.0
0.1,3,200,84,Empirical_copula,Gaussian,cqr,raw,0.5,0.0,0.8833333333333333,3032.00640814014,16.752567535436285,,0.0019998550415039062
0.1,3,200,85,CQHR,Gaussian,cqr,native,0.5,0.0,0.8933333333333333,408965.4066036561,43.403603658523025,11.700963303816248,0.0
0.1,3,200,85,TSCP_R,Gaussian,cqr,capped,0.5,0.0,0.8983333333333333,2620.69601372035,16.24562463992407,,0.0009996891021728516
0.1,3,200,85,Unscaled,Gaussian,cqr,raw,0.5,0.0,0.89,2948.078674747872,14.587802338671548,,0.0
0.1,3,200,85,Empirical_copula,Gaussian,cqr,raw,0.5,0.0,0.8733333333333333,2385.38843328598,15.186760299794416,,0.0019953250885009766
0.1,3,200,86,CQHR,Gaussian,cqr,native,0.5,0.0,0.9066666666666666,29611.100109286406,31.252115533143666,11.544998834960811,0.0
0.1,3,200,86,TSCP_R,Gaussian,cqr,capped,0.5,0.0,0.8866666666666667,2854.47931810753,16.72737710348648,,0.0010006427764892578
0.1,3,200,86,Unscaled,Gaussian,cqr,raw,0.5,0.0,0.8966666666666666,3468.84647451126,15.560289162893156,,0.0
0.1,3,200,86,Empirical_copula,Gaussian,cqr,raw,0.5,0.0,0.8933333333333333,2942.9601724057907,16.638579731697224,,0.002028942108154297
0.1,3,200,87,CQHR,Gaussian,cqr,native,0.5,0.0,0.9,176717.95444292363,36.81630808186261,11.131214255735864,0.0
0.1,3,200,87,TSCP_R,Gaussian,cqr,capped,0.5,0.0,0.92,2690.8441929098276,16.23762515281117,,0.001001596450805664
0.1,3,200,87,Unscaled,Gaussian,cqr,raw,0.5,0.0,0.9416666666666667,3675.560681962933,15.778709407336091,,0.0
0.1,3,200,87,Empirical_copula,Gaussian,cqr,raw,0.5,0.0,0.9183333333333333,2481.898155876079,16.35760370320714,,0.000997781753540039
0.1,3,200,88,CQHR,Gaussian,cqr,native,0.5,0.0,0.915,946217.5243182292,48.64622786882968,14.228503155183525,0.0009930133819580078
0.1,3,200,88,TSCP_R,Gaussian,cqr,capped,0.5,0.0,0.905,2788.041901266521,15.836073259734203,,0.0010073184967041016
0.1,3,200,88,Unscaled,Gaussian,cqr,raw,0.5,0.0,0.9083333333333333,3248.1543222714627,15.178196225650808,,0.0
0.1,3,200,88,Empirical_copula,Gaussian,cqr,raw,0.5,0.0,0.8933333333333333,2617.0767753025325,15.803121111508474,,0.002000093460083008
0.1,3,200,89,CQHR,Gaussian,cqr,native,0.5,0.0,0.9483333333333334,6293304.81792769,86.76829002399724,15.691635554997582,0.0
0.1,3,200,89,TSCP_R,Gaussian,cqr,capped,0.5,0.0,0.8933333333333333,3204.7703713421956,17.041734921696154,,0.0009958744049072266
0.1,3,200,89,Unscaled,Gaussian,cqr,raw,0.5,0.0,0.885,3578.147818446466,15.424052935949511,,0.0
0.1,3,200,89,Empirical_copula,Gaussian,cqr,raw,0.5,0.0,0.8733333333333333,2721.2101958788735,16.09464562577892,,0.002007722854614258
0.1,3,200,90,CQHR,Gaussian,cqr,native,0.5,0.0,0.8983333333333333,96154.49590533499,29.948759530782322,9.920156677111782,0.0
0.1,3,200,90,TSCP_R,Gaussian,cqr,capped,0.5,0.0,0.87,2331.510892221364,15.224791952482756,,0.0009996891021728516
0.1,3,200,90,Unscaled,Gaussian,cqr,raw,0.5,0.0,0.89,3036.306939701367,14.694106633788905,,0.0
0.1,3,200,90,Empirical_copula,Gaussian,cqr,raw,0.5,0.0,0.86,2156.639374817915,14.964499726152694,,0.002001047134399414
0.1,3,200,91,CQHR,Gaussian,cqr,native,0.5,0.0,0.8816666666666667,50272.42461697755,31.065186616230246,10.698375977323604,0.0010135173797607422
0.1,3,200,91,TSCP_R,Gaussian,cqr,capped,0.5,0.0,0.8833333333333333,2530.6088698009194,15.996075693908205,,0.0009944438934326172
0.1,3,200,91,Unscaled,Gaussian,cqr,raw,0.5,0.0,0.875,2754.530269859603,14.431661868270096,,0.0
0.1,3,200,91,Empirical_copula,Gaussian,cqr,raw,0.5,0.0,0.885,2524.8765538116263,16.537984230010238,,0.0020051002502441406
0.1,3,200,92,CQHR,Gaussian,cqr,native,0.5,0.0,0.9233333333333333,114132.19711487857,42.62700515496309,15.158625134141921,0.0
0.1,3,200,92,TSCP_R,Gaussian,cqr,capped,0.5,0.0,0.8733333333333333,2407.832511376573,16.015303192604698,,0.0009996891021728516
0.1,3,200,92,Unscaled,Gaussian,cqr,raw,0.5,0.0,0.8616666666666667,2584.3171560001647,14.105443622517768,,0.0
0.1,3,200,92,Empirical_copula,Gaussian,cqr,raw,0.5,0.0,0.8683333333333333,2377.034109575238,16.184244954369497,,0.0010001659393310547
0.1,3,200,93,CQHR,Gaussian,cqr,native,0.5,0.0,0.9283333333333333,103285.47972182065,37.454971693894365,13.977050767345109,0.0
0.1,3,200,93,TSCP_R,Gaussian,cqr,capped,0.5,0.0,0.89,2765.892043291751,15.697423464671948,,0.001994609832763672
0.1,3,200,93,Unscaled,Gaussian,cqr,raw,0.5,0.0,0.885,2835.35387433281,14.405401838378044,,0.0
0.1,3,200,93,Empirical_copula,Gaussian,cqr,raw,0.5,0.0,0.885,2719.145365836417,15.254247328896112,,0.0010001659393310547
0.1,3,200,94,CQHR,Gaussian,cqr,native,0.5,0.0,0.905,35645.22731743336,32.42378287904663,12.534184067204691,0.0
0.1,3,200,94,TSCP_R,Gaussian,cqr,capped,0.5,0.0,0.895,2590.145153721933,17.010216701633222,,0.0009999275207519531
0.1,3,200,94,Unscaled,Gaussian,cqr,raw,0.5,0.0,0.9016666666666666,3220.547105163178,15.308703376253462,,0.0
0.1,3,200,94,Empirical_copula,Gaussian,cqr,raw,0.5,0.0,0.8816666666666667,2239.54474982519,15.86137799055978,,0.0020008087158203125
0.1,3,200,95,CQHR,Gaussian,cqr,native,0.5,0.0,0.895,109929.29018914554,37.995842726059706,11.98043164542449,0.0
0.1,3,200,95,TSCP_R,Gaussian,cqr,capped,0.5,0.0,0.9183333333333333,3383.9865886635016,16.145285015583806,,0.0009920597076416016
0.1,3,200,95,Unscaled,Gaussian,cqr,raw,0.5,0.0,0.92,3552.3561653500897,15.659064555252531,,0.0
0.1,3,200,95,Empirical_copula,Gaussian,cqr,raw,0.5,0.0,0.9033333333333333,2768.310605685345,15.661792301693238,,0.0030019283294677734
0.1,3,200,96,CQHR,Gaussian,cqr,native,0.5,0.0,0.905,149167.94617076102,40.66001879613493,12.456205937589338,0.0
0.1,3,200,96,TSCP_R,Gaussian,cqr,capped,0.5,0.0,0.88,2080.378714464039,15.972583831818069,,0.0009996891021728516
0.1,3,200,96,Unscaled,Gaussian,cqr,raw,0.5,0.0,0.8766666666666667,2339.299141014333,13.598706035561083,,0.0
0.1,3,200,96,Empirical_copula,Gaussian,cqr,raw,0.5,0.0,0.855,1945.0530542598594,14.122175726491124,,0.002000093460083008
0.1,3,200,97,CQHR,Gaussian,cqr,native,0.5,0.0,0.9116666666666666,40543.13360563553,35.552201934746684,12.711982990183305,0.0
0.1,3,200,97,TSCP_R,Gaussian,cqr,capped,0.5,0.0,0.8916666666666667,2479.8619579310994,16.068129843176077,,0.0011780261993408203
0.1,3,200,97,Unscaled,Gaussian,cqr,raw,0.5,0.0,0.9016666666666666,3127.341064829864,14.947764144526309,,0.0010132789611816406
0.1,3,200,97,Empirical_copula,Gaussian,cqr,raw,0.5,0.0,0.88,2206.828784803448,16.995705673237754,,0.0009968280792236328
0.1,3,200,98,CQHR,Gaussian,cqr,native,0.5,0.0,0.88,25665.004988325705,28.645316411381142,10.771883311058456,0.0
0.1,3,200,98,TSCP_R,Gaussian,cqr,capped,0.5,0.0,0.9283333333333333,3730.3856206090377,18.127756979560473,,0.0019941329956054688
0.1,3,200,98,Unscaled,Gaussian,cqr,raw,0.5,0.0,0.925,3716.2230529615467,15.828417691622432,,0.0
0.1,3,200,98,Empirical_copula,Gaussian,cqr,raw,0.5,0.0,0.9333333333333333,3663.2624118839963,17.538310565659405,,0.0009999275207519531
0.1,3,200,99,CQHR,Gaussian,cqr,native,0.5,0.0,0.905,174278.17086827988,42.670448302715045,11.976607556716644,0.0
0.1,3,200,99,TSCP_R,Gaussian,cqr,capped,0.5,0.0,0.9033333333333333,2660.8259914012597,16.841206728564522,,0.00099945068359375
0.1,3,200,99,Unscaled,Gaussian,cqr,raw,0.5,0.0,0.905,3346.769399490997,15.224696468930357,,0.0
0.1,3,200,99,Empirical_copula,Gaussian,cqr,raw,0.5,0.0,0.8916666666666667,2384.966700335163,15.663282613600238,,0.0020008087158203125
