alpha,n_dim,n_cal,trial,method,noise_type,score_type,score_transform,base_interval_alpha,shift_constant,coordinate,coordinate_base_length,coordinate_adjustment,coordinate_length
0.1,3,30,0,CQHR,Gaussian,cqr,native,0.5,0.0,1,4.768658412877112,10.256338165662118,25.2813347442015
0.1,3,30,0,CQHR,Gaussian,cqr,native,0.5,0.0,2,4.342181701622427,15.076662066518232,34.49550583465889
0.1,3,30,0,CQHR,Gaussian,cqr,native,0.5,0.0,3,3.3145517020697888,10.255049024404792,23.82464975087938
0.1,3,30,0,TSCP_R,Gaussian,cqr,capped,0.5,0.0,1,4.768658412877112,9.560709190923973,23.89007679472509
0.1,3,30,0,TSCP_R,Gaussian,cqr,capped,0.5,0.0,2,4.342181701622427,4.014083842716039,12.37034938705448
0.1,3,30,0,TSCP_R,Gaussian,cqr,capped,0.5,0.0,3,3.3145517020697888,2.8465147476380976,9.007581197345994
0.1,3,30,0,Unscaled,Gaussian,cqr,raw,0.5,0.0,1,4.768658412877112,6.042599030517647,16.85385647391239
0.1,3,30,0,Unscaled,Gaussian,cqr,raw,0.5,0.0,2,4.342181701622427,6.042599030517647,16.427379762657726
0.1,3,30,0,Unscaled,Gaussian,cqr,raw,0.5,0.0,3,3.3145517020697888,6.042599030517647,15.399749763105074
0.1,3,30,0,Empirical_copula,Gaussian,cqr,raw,0.5,0.0,1,4.768658412877112,7.321520223193492,19.411698859264067
0.1,3,30,0,Empirical_copula,Gaussian,cqr,raw,0.5,0.0,2,4.342181701622427,3.4180504085075656,11.17828251863755
0.1,3,30,0,Empirical_copula,Gaussian,cqr,raw,0.5,0.0,3,3.3145517020697888,1.6364251183765006,6.587401938822787
0.1,3,30,1,CQHR,Gaussian,cqr,native,0.5,0.0,1,4.697574232723519,8.277452921833996,21.25248007639133
0.1,3,30,1,CQHR,Gaussian,cqr,native,0.5,0.0,2,4.483830778261375,10.349701751605819,25.18323428147301
0.1,3,30,1,CQHR,Gaussian,cqr,native,0.5,0.0,3,3.4994698737319214,7.470554048768452,18.44057797126883
0.1,3,30,1,TSCP_R,Gaussian,cqr,capped,0.5,0.0,1,4.697574232723519,7.7743012928966,20.246176818516734
0.1,3,30,1,TSCP_R,Gaussian,cqr,capped,0.5,0.0,2,4.483830778261375,4.37652879773331,13.236888373728009
0.1,3,30,1,TSCP_R,Gaussian,cqr,capped,0.5,0.0,3,3.4994698737319214,2.7042809381331416,8.908031749998207
0.1,3,30,1,Unscaled,Gaussian,cqr,raw,0.5,0.0,1,4.697574232723519,5.840383079633118,16.378340391989767
0.1,3,30,1,Unscaled,Gaussian,cqr,raw,0.5,0.0,2,4.483830778261375,5.840383079633118,16.164596937527623
0.1,3,30,1,Unscaled,Gaussian,cqr,raw,0.5,0.0,3,3.4994698737319214,5.840383079633118,15.180236032998154
0.1,3,30,1,Empirical_copula,Gaussian,cqr,raw,0.5,0.0,1,4.697574232723519,6.890511452016682,18.47859713675687
0.1,3,30,1,Empirical_copula,Gaussian,cqr,raw,0.5,0.0,2,4.483830778261375,4.318903984672566,13.121638747606506
0.1,3,30,1,Empirical_copula,Gaussian,cqr,raw,0.5,0.0,3,3.4994698737319214,2.139204273475041,7.777878420682006
0.1,3,30,2,CQHR,Gaussian,cqr,native,0.5,0.0,1,4.6563407370174135,7.582202083287383,19.82074490359198
0.1,3,30,2,CQHR,Gaussian,cqr,native,0.5,0.0,2,4.178690829861726,16.03132474619449,36.24134032225066
0.1,3,30,2,CQHR,Gaussian,cqr,native,0.5,0.0,3,3.3223458050330956,9.992095745368616,23.30653729577035
0.1,3,30,2,TSCP_R,Gaussian,cqr,capped,0.5,0.0,1,4.6563407370174135,6.3793757429289295,17.415092222875263
0.1,3,30,2,TSCP_R,Gaussian,cqr,capped,0.5,0.0,2,4.178690829861726,4.2560659739514834,12.690822777764698
0.1,3,30,2,TSCP_R,Gaussian,cqr,capped,0.5,0.0,3,3.3223458050330956,2.602829736298554,8.528005277630202
0.1,3,30,2,Unscaled,Gaussian,cqr,raw,0.5,0.0,1,4.6563407370174135,5.110196476218283,14.876733689453971
0.1,3,30,2,Unscaled,Gaussian,cqr,raw,0.5,0.0,2,4.178690829861726,5.110196476218283,14.399083782298305
0.1,3,30,2,Unscaled,Gaussian,cqr,raw,0.5,0.0,3,3.3223458050330956,5.110196476218283,13.54273875746966
0.1,3,30,2,Empirical_copula,Gaussian,cqr,raw,0.5,0.0,1,4.6563407370174135,5.74446802562327,16.145276788263953
0.1,3,30,2,Empirical_copula,Gaussian,cqr,raw,0.5,0.0,2,4.178690829861726,3.4970459735475155,11.172782776956756
0.1,3,30,2,Empirical_copula,Gaussian,cqr,raw,0.5,0.0,3,3.3223458050330956,2.694680818707649,8.711707442448397
0.1,3,30,3,CQHR,Gaussian,cqr,native,0.5,0.0,1,4.501990988103484,17.627499471305253,39.75698993071407
0.1,3,30,3,CQHR,Gaussian,cqr,native,0.5,0.0,2,4.2919659311156355,27.641643302451413,59.575252536018475
0.1,3,30,3,CQHR,Gaussian,cqr,native,0.5,0.0,3,3.1783729364122655,25.674949832034144,54.52827260048057
0.1,3,30,3,TSCP_R,Gaussian,cqr,capped,0.5,0.0,1,4.501990988103484,5.962068499596492,16.42612798729647
0.1,3,30,3,TSCP_R,Gaussian,cqr,capped,0.5,0.0,2,4.2919659311156355,3.792187853339187,11.876341637794004
0.1,3,30,3,TSCP_R,Gaussian,cqr,capped,0.5,0.0,3,3.1783729364122655,2.0187797286063223,7.2159323936248985
0.1,3,30,3,Unscaled,Gaussian,cqr,raw,0.5,0.0,1,4.501990988103484,4.704536912294191,13.911064812691851
0.1,3,30,3,Unscaled,Gaussian,cqr,raw,0.5,0.0,2,4.2919659311156355,4.704536912294191,13.701039755704008
0.1,3,30,3,Unscaled,Gaussian,cqr,raw,0.5,0.0,3,3.1783729364122655,4.704536912294191,12.587446761000646
0.1,3,30,3,Empirical_copula,Gaussian,cqr,raw,0.5,0.0,1,4.501990988103484,5.420452876481777,15.342896741067031
0.1,3,30,3,Empirical_copula,Gaussian,cqr,raw,0.5,0.0,2,4.2919659311156355,3.068414092227705,10.428794115571035
0.1,3,30,3,Empirical_copula,Gaussian,cqr,raw,0.5,0.0,3,3.1783729364122655,1.7797415151457452,6.737855966703754
0.1,3,30,4,CQHR,Gaussian,cqr,native,0.5,0.0,1,4.834741830278755,12.276487109023707,29.38771604832588
0.1,3,30,4,CQHR,Gaussian,cqr,native,0.5,0.0,2,4.567495825061829,26.09575670587686,56.75900923681556
0.1,3,30,4,CQHR,Gaussian,cqr,native,0.5,0.0,3,3.4578432720894057,20.47935290968514,44.416549091459665
0.1,3,30,4,TSCP_R,Gaussian,cqr,capped,0.5,0.0,1,4.834741830278755,6.057709376199913,16.950160582678567
0.1,3,30,4,TSCP_R,Gaussian,cqr,capped,0.5,0.0,2,4.567495825061829,7.595211241831,19.75791830872384
0.1,3,30,4,TSCP_R,Gaussian,cqr,capped,0.5,0.0,3,3.4578432720894057,4.034915851295682,11.527674974680766
0.1,3,30,4,Unscaled,Gaussian,cqr,raw,0.5,0.0,1,4.834741830278755,5.370225228341301,15.575192286961338
0.1,3,30,4,Unscaled,Gaussian,cqr,raw,0.5,0.0,2,4.567495825061829,5.370225228341301,15.307946281744426
0.1,3,30,4,Unscaled,Gaussian,cqr,raw,0.5,0.0,3,3.4578432720894057,5.370225228341301,14.198293728771999
0.1,3,30,4,Empirical_copula,Gaussian,cqr,raw,0.5,0.0,1,4.834741830278755,5.370225228296262,15.575192286871255
0.1,3,30,4,Empirical_copula,Gaussian,cqr,raw,0.5,0.0,2,4.567495825061829,4.153015510604914,12.873526846271654
0.1,3,30,4,Empirical_copula,Gaussian,cqr,raw,0.5,0.0,3,3.4578432720894057,2.899631887874513,9.257107047838415
0.1,3,30,5,CQHR,Gaussian,cqr,native,0.5,0.0,1,4.832022797522223,10.678396927886478,26.188816653295003
0.1,3,30,5,CQHR,Gaussian,cqr,native,0.5,0.0,2,4.078099702935984,13.028201595560873,30.134502894057682
0.1,3,30,5,CQHR,Gaussian,cqr,native,0.5,0.0,3,3.335036464097134,10.55914396657166,24.45332439724049
0.1,3,30,5,TSCP_R,Gaussian,cqr,capped,0.5,0.0,1,4.832022797522223,6.506352281622061,17.84472736076636
0.1,3,30,5,TSCP_R,Gaussian,cqr,capped,0.5,0.0,2,4.078099702935984,5.070397176533849,14.218894056003679
0.1,3,30,5,TSCP_R,Gaussian,cqr,capped,0.5,0.0,3,3.335036464097134,2.9326550617052183,9.20034658750757
0.1,3,30,5,Unscaled,Gaussian,cqr,raw,0.5,0.0,1,4.832022797522223,4.342472555782417,13.516967909087079
0.1,3,30,5,Unscaled,Gaussian,cqr,raw,0.5,0.0,2,4.078099702935984,4.342472555782417,12.763044814500823
0.1,3,30,5,Unscaled,Gaussian,cqr,raw,0.5,0.0,3,3.335036464097134,4.342472555782417,12.019981575661964
0.1,3,30,5,Empirical_copula,Gaussian,cqr,raw,0.5,0.0,1,4.832022797522223,4.7303164488219664,14.292655695166152
0.1,3,30,5,Empirical_copula,Gaussian,cqr,raw,0.5,0.0,2,4.078099702935984,3.593605143185273,11.265309989306543
0.1,3,30,5,Empirical_copula,Gaussian,cqr,raw,0.5,0.0,3,3.335036464097134,2.8615844109013224,9.058205285899781
0.1,3,30,6,CQHR,Gaussian,cqr,native,0.5,0.0,1,4.721038376045194,8.340127054105626,21.401292484256498
0.1,3,30,6,CQHR,Gaussian,cqr,native,0.5,0.0,2,4.482876867002107,11.45451187438451,27.39190061577113
0.1,3,30,6,CQHR,Gaussian,cqr,native,0.5,0.0,3,3.536323852291451,8.414248237648541,20.364820327588497
0.1,3,30,6,TSCP_R,Gaussian,cqr,capped,0.5,0.0,1,4.721038376045194,6.768380034568729,18.25779844518265
0.1,3,30,6,TSCP_R,Gaussian,cqr,capped,0.5,0.0,2,4.482876867002107,5.044503496396672,14.571883859795438
0.1,3,30,6,TSCP_R,Gaussian,cqr,capped,0.5,0.0,3,3.536323852291451,3.340085095462734,10.216494043216914
0.1,3,30,6,Unscaled,Gaussian,cqr,raw,0.5,0.0,1,4.721038376045194,4.751501983289942,14.224042342625069
0.1,3,30,6,Unscaled,Gaussian,cqr,raw,0.5,0.0,2,4.482876867002107,4.751501983289942,13.985880833581989
0.1,3,30,6,Unscaled,Gaussian,cqr,raw,0.5,0.0,3,3.536323852291451,4.751501983289942,13.03932781887133
0.1,3,30,6,Empirical_copula,Gaussian,cqr,raw,0.5,0.0,1,4.721038376045194,4.751501983274514,14.224042342594215
0.1,3,30,6,Empirical_copula,Gaussian,cqr,raw,0.5,0.0,2,4.482876867002107,4.511350119264886,13.50557710553188
0.1,3,30,6,Empirical_copula,Gaussian,cqr,raw,0.5,0.0,3,3.536323852291451,2.4816511110167268,8.499626074324905
0.1,3,30,7,CQHR,Gaussian,cqr,native,0.5,0.0,1,4.829523836676196,7.89353101721062,20.616585871097435
0.1,3,30,7,CQHR,Gaussian,cqr,native,0.5,0.0,2,4.357115278358174,15.280681013283923,34.91847730492603
0.1,3,30,7,CQHR,Gaussian,cqr,native,0.5,0.0,3,3.4968526940236955,16.660502256355635,36.81785720673497
0.1,3,30,7,TSCP_R,Gaussian,cqr,capped,0.5,0.0,1,4.829523836676196,4.126611552229307,13.082746941134799
0.1,3,30,7,TSCP_R,Gaussian,cqr,capped,0.5,0.0,2,4.357115278358174,4.526334889350858,13.4097850570599
0.1,3,30,7,TSCP_R,Gaussian,cqr,capped,0.5,0.0,3,3.4968526940236955,3.102704431248201,9.702261556520092
0.1,3,30,7,Unscaled,Gaussian,cqr,raw,0.5,0.0,1,4.829523836676196,3.669515593099747,12.1685550228757
0.1,3,30,7,Unscaled,Gaussian,cqr,raw,0.5,0.0,2,4.357115278358174,3.669515593099747,11.696146464557659
0.1,3,30,7,Unscaled,Gaussian,cqr,raw,0.5,0.0,3,3.4968526940236955,3.669515593099747,10.835883880223184
0.1,3,30,7,Empirical_copula,Gaussian,cqr,raw,0.5,0.0,1,4.829523836676196,3.6695155930223518,12.168555022720893
0.1,3,30,7,Empirical_copula,Gaussian,cqr,raw,0.5,0.0,2,4.357115278358174,3.2787812414910746,10.914677761340315
0.1,3,30,7,Empirical_copula,Gaussian,cqr,raw,0.5,0.0,3,3.4968526940236955,2.6089059824725123,8.714664658968715
0.1,3,30,8,CQHR,Gaussian,cqr,native,0.5,0.0,1,4.606040375532228,25.430536028352464,55.46711243223736
0.1,3,30,8,CQHR,Gaussian,cqr,native,0.5,0.0,2,4.514613158837185,59.33332316552763,123.1812594898926
0.1,3,30,8,CQHR,Gaussian,cqr,native,0.5,0.0,3,3.3497359386082475,30.580461268071208,64.5106584747508
0.1,3,30,8,TSCP_R,Gaussian,cqr,capped,0.5,0.0,1,4.606040375532228,5.174957730446726,14.95595583642568
0.1,3,30,8,TSCP_R,Gaussian,cqr,capped,0.5,0.0,2,4.514613158837185,5.489065448319398,15.492744055475965
0.1,3,30,8,TSCP_R,Gaussian,cqr,capped,0.5,0.0,3,3.3497359386082475,3.779585421815396,10.908906782239049
0.1,3,30,8,Unscaled,Gaussian,cqr,raw,0.5,0.0,1,4.606040375532228,4.3967606074750245,13.399561590482282
0.1,3,30,8,Unscaled,Gaussian,cqr,raw,0.5,0.0,2,4.514613158837185,4.3967606074750245,13.308134373787233
0.1,3,30,8,Unscaled,Gaussian,cqr,raw,0.5,0.0,3,3.3497359386082475,4.3967606074750245,12.143257153558293
0.1,3,30,8,Empirical_copula,Gaussian,cqr,raw,0.5,0.0,1,4.606040375532228,4.583739511933181,13.77351939939859
0.1,3,30,8,Empirical_copula,Gaussian,cqr,raw,0.5,0.0,2,4.514613158837185,4.3967606074523005,13.30813437374179
0.1,3,30,8,Empirical_copula,Gaussian,cqr,raw,0.5,0.0,3,3.3497359386082475,4.243408259321084,11.836552457250415
0.1,3,30,9,CQHR,Gaussian,cqr,native,0.5,0.0,1,4.694398220670633,12.920995876943392,30.536389974557558
0.1,3,30,9,CQHR,Gaussian,cqr,native,0.5,0.0,2,4.479233519178476,21.95147386434598,48.382181247870456
0.1,3,30,9,CQHR,Gaussian,cqr,native,0.5,0.0,3,3.5001951027076226,19.187554691966714,41.87530448664115
0.1,3,30,9,TSCP_R,Gaussian,cqr,capped,0.5,0.0,1,4.694398220670633,6.774030289943991,18.2424588005586
0.1,3,30,9,TSCP_R,Gaussian,cqr,capped,0.5,0.0,2,4.479233519178476,9.512384247161613,23.504002013501694
0.1,3,30,9,TSCP_R,Gaussian,cqr,capped,0.5,0.0,3,3.5001951027076226,6.418210393221341,16.336615889150305
0.1,3,30,9,Unscaled,Gaussian,cqr,raw,0.5,0.0,1,4.694398220670633,6.675721212122402,18.045840644915447
0.1,3,30,9,Unscaled,Gaussian,cqr,raw,0.5,0.0,2,4.479233519178476,6.675721212122402,17.830675943423262
0.1,3,30,9,Unscaled,Gaussian,cqr,raw,0.5,0.0,3,3.5001951027076226,6.675721212122402,16.851637526952416
0.1,3,30,9,Empirical_copula,Gaussian,cqr,raw,0.5,0.0,1,4.694398220670633,5.914122096234024,16.522642413138676
0.1,3,30,9,Empirical_copula,Gaussian,cqr,raw,0.5,0.0,2,4.479233519178476,5.655500363231866,15.790234245642232
0.1,3,30,9,Empirical_copula,Gaussian,cqr,raw,0.5,0.0,3,3.5001951027076226,5.436920218345524,14.374035539398667
0.1,3,30,10,CQHR,Gaussian,cqr,native,0.5,0.0,1,4.902341558938074,16.208575068449715,37.31949169583739
0.1,3,30,10,CQHR,Gaussian,cqr,native,0.5,0.0,2,4.612031810405693,19.69246733984115,43.99696649008797
0.1,3,30,10,CQHR,Gaussian,cqr,native,0.5,0.0,3,3.527189225493046,14.372538450381198,32.272266126255445
0.1,3,30,10,TSCP_R,Gaussian,cqr,capped,0.5,0.0,1,4.902341558938074,6.773311854776861,18.448965268491804
0.1,3,30,10,TSCP_R,Gaussian,cqr,capped,0.5,0.0,2,4.612031810405693,7.248440340392543,19.108912491190758
0.1,3,30,10,TSCP_R,Gaussian,cqr,capped,0.5,0.0,3,3.527189225493046,3.144925518703997,9.81704026290104
0.1,3,30,10,Unscaled,Gaussian,cqr,raw,0.5,0.0,1,4.902341558938074,5.6190479592890155,16.140437477516123
0.1,3,30,10,Unscaled,Gaussian,cqr,raw,0.5,0.0,2,4.612031810405693,5.6190479592890155,15.85012772898372
0.1,3,30,10,Unscaled,Gaussian,cqr,raw,0.5,0.0,3,3.527189225493046,5.6190479592890155,14.765285144071074
0.1,3,30,10,Empirical_copula,Gaussian,cqr,raw,0.5,0.0,1,4.902341558938074,4.782298562838151,14.466938684614373
0.1,3,30,10,Empirical_copula,Gaussian,cqr,raw,0.5,0.0,2,4.612031810405693,5.619047959279598,15.850127728964901
0.1,3,30,10,Empirical_copula,Gaussian,cqr,raw,0.5,0.0,3,3.527189225493046,2.213170203057885,7.953529631608822
0.1,3,30,11,CQHR,Gaussian,cqr,native,0.5,0.0,1,4.647606481191034,20.440444532383516,45.52849554595836
0.1,3,30,11,CQHR,Gaussian,cqr,native,0.5,0.0,2,4.073040733521471,26.006512502185508,56.08606573789252
0.1,3,30,11,CQHR,Gaussian,cqr,native,0.5,0.0,3,3.317105788709486,19.536315381283245,42.389736551275895
0.1,3,30,11,TSCP_R,Gaussian,cqr,capped,0.5,0.0,1,4.647606481191034,7.103461439059716,18.85452935931046
0.1,3,30,11,TSCP_R,Gaussian,cqr,capped,0.5,0.0,2,4.073040733521471,5.357765009986405,14.788570753494287
0.1,3,30,11,TSCP_R,Gaussian,cqr,capped,0.5,0.0,3,3.317105788709486,4.524974908113943,12.367055604937375
0.1,3,30,11,Unscaled,Gaussian,cqr,raw,0.5,0.0,1,4.647606481191034,5.298825711502918,15.245257904196869
0.1,3,30,11,Unscaled,Gaussian,cqr,raw,0.5,0.0,2,4.073040733521471,5.298825711502918,14.670692156527302
0.1,3,30,11,Unscaled,Gaussian,cqr,raw,0.5,0.0,3,3.317105788709486,5.298825711502918,13.914757211715326
0.1,3,30,11,Empirical_copula,Gaussian,cqr,raw,0.5,0.0,1,4.647606481191034,6.999844479786324,18.647295440763685
0.1,3,30,11,Empirical_copula,Gaussian,cqr,raw,0.5,0.0,2,4.073040733521471,3.7138997442440687,11.500840222009604
0.1,3,30,11,Empirical_copula,Gaussian,cqr,raw,0.5,0.0,3,3.317105788709486,2.9554888469124663,9.228083482534423
0.1,3,30,12,CQHR,Gaussian,cqr,native,0.5,0.0,1,4.870068067747893,11.51687015829637,27.903808384340863
0.1,3,30,12,CQHR,Gaussian,cqr,native,0.5,0.0,2,4.317617366040971,14.427774894146145,33.1731671543332
0.1,3,30,12,CQHR,Gaussian,cqr,native,0.5,0.0,3,3.659569268831581,11.015150534100883,25.689870337033362
0.1,3,30,12,TSCP_R,Gaussian,cqr,capped,0.5,0.0,1,4.870068067747893,7.3728469129366605,19.615761893621258
0.1,3,30,12,TSCP_R,Gaussian,cqr,capped,0.5,0.0,2,4.317617366040971,5.997856025002427,16.313329416045846
0.1,3,30,12,TSCP_R,Gaussian,cqr,capped,0.5,0.0,3,3.659569268831581,4.41616926148342,12.491907791798418
0.1,3,30,12,Unscaled,Gaussian,cqr,raw,0.5,0.0,1,4.870068067747893,5.891023467832221,16.652115003412337
0.1,3,30,12,Unscaled,Gaussian,cqr,raw,0.5,0.0,2,4.317617366040971,5.891023467832221,16.099664301705413
0.1,3,30,12,Unscaled,Gaussian,cqr,raw,0.5,0.0,3,3.659569268831581,5.891023467832221,15.441616204496025
0.1,3,30,12,Empirical_copula,Gaussian,cqr,raw,0.5,0.0,1,4.870068067747893,5.450150134624078,15.770368336996055
0.1,3,30,12,Empirical_copula,Gaussian,cqr,raw,0.5,0.0,2,4.317617366040971,5.891023467809497,16.099664301659967
0.1,3,30,12,Empirical_copula,Gaussian,cqr,raw,0.5,0.0,3,3.659569268831581,2.7396868956565044,9.1389430601446
0.1,3,30,13,CQHR,Gaussian,cqr,native,0.5,0.0,1,4.865544902753851,9.845335883412432,24.55621666957876
0.1,3,30,13,CQHR,Gaussian,cqr,native,0.5,0.0,2,4.448235918427203,13.21150730192698,30.871250522281183
0.1,3,30,13,CQHR,Gaussian,cqr,native,0.5,0.0,3,3.533681055839825,10.015348178459865,23.56437741275955
0.1,3,30,13,TSCP_R,Gaussian,cqr,capped,0.5,0.0,1,4.865544902753851,8.207889851211565,21.281324605176987
0.1,3,30,13,TSCP_R,Gaussian,cqr,capped,0.5,0.0,2,4.448235918427203,10.183188432369022,24.814612783165217
0.1,3,30,13,TSCP_R,Gaussian,cqr,capped,0.5,0.0,3,3.533681055839825,4.0282640540618715,11.590209163963566
0.1,3,30,13,Unscaled,Gaussian,cqr,raw,0.5,0.0,1,4.865544902753851,7.164510171197606,19.194565245149075
0.1,3,30,13,Unscaled,Gaussian,cqr,raw,0.5,0.0,2,4.448235918427203,7.164510171197606,18.77725626082243
0.1,3,30,13,Unscaled,Gaussian,cqr,raw,0.5,0.0,3,3.533681055839825,7.164510171197606,17.862701398235043
0.1,3,30,13,Empirical_copula,Gaussian,cqr,raw,0.5,0.0,1,4.865544902753851,4.277503367991379,13.4205516387366
0.1,3,30,13,Empirical_copula,Gaussian,cqr,raw,0.5,0.0,2,4.448235918427203,7.1645101711421475,18.777256260711503
0.1,3,30,13,Empirical_copula,Gaussian,cqr,raw,0.5,0.0,3,3.533681055839825,3.95328267363746,11.440246403114744
0.1,3,30,14,CQHR,Gaussian,cqr,native,0.5,0.0,1,4.804881075388459,8.894821921606955,22.594524918602414
0.1,3,30,14,CQHR,Gaussian,cqr,native,0.5,0.0,2,4.436840196547057,47.363207860205314,99.16325591695778
0.1,3,30,14,CQHR,Gaussian,cqr,native,0.5,0.0,3,3.395887507823407,30.63563131329884,64.66715013442096
0.1,3,30,14,TSCP_R,Gaussian,cqr,capped,0.5,0.0,1,4.804881075388459,7.606170187404679,20.01722145019782
0.1,3,30,14,TSCP_R,Gaussian,cqr,capped,0.5,0.0,2,4.436840196547057,4.290447967584873,13.01773613171681
0.1,3,30,14,TSCP_R,Gaussian,cqr,capped,0.5,0.0,3,3.395887507823407,2.779902790868917,8.955693089561231
0.1,3,30,14,Unscaled,Gaussian,cqr,raw,0.5,0.0,1,4.804881075388459,5.307722816461448,15.42032670831135
0.1,3,30,14,Unscaled,Gaussian,cqr,raw,0.5,0.0,2,4.436840196547057,5.307722816461448,15.052285829469959
0.1,3,30,14,Unscaled,Gaussian,cqr,raw,0.5,0.0,3,3.395887507823407,5.307722816461448,14.0113331407463
0.1,3,30,14,Empirical_copula,Gaussian,cqr,raw,0.5,0.0,1,4.804881075388459,6.0075007596603704,16.819882594709217
0.1,3,30,14,Empirical_copula,Gaussian,cqr,raw,0.5,0.0,2,4.436840196547057,3.6881994807233607,11.813239157993772
0.1,3,30,14,Empirical_copula,Gaussian,cqr,raw,0.5,0.0,3,3.395887507823407,1.8698034428476031,7.135494393518613
0.1,3,30,15,CQHR,Gaussian,cqr,native,0.5,0.0,1,4.81317516781161,6.6285800264763575,18.07033522076434
0.1,3,30,15,CQHR,Gaussian,cqr,native,0.5,0.0,2,4.4112091674291865,7.751275628300414,19.91376042403
0.1,3,30,15,CQHR,Gaussian,cqr,native,0.5,0.0,3,3.6297370406309852,5.928158661007317,15.486054362645621
0.1,3,30,15,TSCP_R,Gaussian,cqr,capped,0.5,0.0,1,4.81317516781161,4.107594163455614,13.02836349472284
0.1,3,30,15,TSCP_R,Gaussian,cqr,capped,0.5,0.0,2,4.4112091674291865,4.35684883289302,13.12490683321522
0.1,3,30,15,TSCP_R,Gaussian,cqr,capped,0.5,0.0,3,3.6297370406309852,3.404879560167829,10.439496160966634
0.1,3,30,15,Unscaled,Gaussian,cqr,raw,0.5,0.0,1,4.81317516781161,3.7938173840326668,12.400809935876943
0.1,3,30,15,Unscaled,Gaussian,cqr,raw,0.5,0.0,2,4.4112091674291865,3.7938173840326668,11.998843935494513
0.1,3,30,15,Unscaled,Gaussian,cqr,raw,0.5,0.0,3,3.6297370406309852,3.7938173840326668,11.217371808696317
0.1,3,30,15,Empirical_copula,Gaussian,cqr,raw,0.5,0.0,1,4.81317516781161,3.1647571554359377,11.14268947868348
0.1,3,30,15,Empirical_copula,Gaussian,cqr,raw,0.5,0.0,2,4.4112091674291865,2.959859103028893,10.330927373486977
0.1,3,30,15,Empirical_copula,Gaussian,cqr,raw,0.5,0.0,3,3.6297370406309852,2.80392653502774,9.237590110686455
0.1,3,30,16,CQHR,Gaussian,cqr,native,0.5,0.0,1,4.668572833754793,8.410163092208133,21.488899018171164
0.1,3,30,16,CQHR,Gaussian,cqr,native,0.5,0.0,2,4.4000665930132286,12.684079555977497,29.768225704968213
0.1,3,30,16,CQHR,Gaussian,cqr,native,0.5,0.0,3,3.4961434567891168,8.921402080372456,21.338947617533993
0.1,3,30,16,TSCP_R,Gaussian,cqr,capped,0.5,0.0,1,4.668572833754793,3.2990299322937635,11.26663269834232
0.1,3,30,16,TSCP_R,Gaussian,cqr,capped,0.5,0.0,2,4.4000665930132286,4.193947181986184,12.787960956985598
0.1,3,30,16,TSCP_R,Gaussian,cqr,capped,0.5,0.0,3,3.4961434567891168,2.438362523102689,8.372868502994496
0.1,3,30,16,Unscaled,Gaussian,cqr,raw,0.5,0.0,1,4.668572833754793,4.083175062370814,12.834922958496435
0.1,3,30,16,Unscaled,Gaussian,cqr,raw,0.5,0.0,2,4.4000665930132286,4.083175062370814,12.566416717754858
0.1,3,30,16,Unscaled,Gaussian,cqr,raw,0.5,0.0,3,3.4961434567891168,4.083175062370814,11.662493581530747
0.1,3,30,16,Empirical_copula,Gaussian,cqr,raw,0.5,0.0,1,4.668572833754793,2.5811646377690085,9.830902109292815
0.1,3,30,16,Empirical_copula,Gaussian,cqr,raw,0.5,0.0,2,4.4000665930132286,4.112291599884992,12.62464979278322
0.1,3,30,16,Empirical_copula,Gaussian,cqr,raw,0.5,0.0,3,3.4961434567891168,1.9641937946759764,7.424531046141064
0.1,3,30,17,CQHR,Gaussian,cqr,native,0.5,0.0,1,4.714161821409662,7.654295838195468,20.022753497800593
0.1,3,30,17,CQHR,Gaussian,cqr,native,0.5,0.0,2,4.277308895088922,9.431029871867162,23.139368638823218
0.1,3,30,17,CQHR,Gaussian,cqr,native,0.5,0.0,3,3.4332171361120594,7.357566965343383,18.148351066798824
0.1,3,30,17,TSCP_R,Gaussian,cqr,capped,0.5,0.0,1,4.714161821409662,9.919515752001907,24.553193325413492
0.1,3,30,17,TSCP_R,Gaussian,cqr,capped,0.5,0.0,2,4.277308895088922,3.363888998239816,11.005086891568554
0.1,3,30,17,TSCP_R,Gaussian,cqr,capped,0.5,0.0,3,3.4332171361120594,4.172929218857083,11.77907557382623
0.1,3,30,17,Unscaled,Gaussian,cqr,raw,0.5,0.0,1,4.714161821409662,3.820058362678276,12.354278546766215
0.1,3,30,17,Unscaled,Gaussian,cqr,raw,0.5,0.0,2,4.277308895088922,3.820058362678276,11.917425620445465
0.1,3,30,17,Unscaled,Gaussian,cqr,raw,0.5,0.0,3,3.4332171361120594,3.820058362678276,11.073333861468615
0.1,3,30,17,Empirical_copula,Gaussian,cqr,raw,0.5,0.0,1,4.714161821409662,5.272615095847632,15.259392013104943
0.1,3,30,17,Empirical_copula,Gaussian,cqr,raw,0.5,0.0,2,4.277308895088922,3.296544161567571,10.870397218224058
0.1,3,30,17,Empirical_copula,Gaussian,cqr,raw,0.5,0.0,3,3.4332171361120594,3.4220603928447293,10.277337921801525
0.1,3,30,18,CQHR,Gaussian,cqr,native,0.5,0.0,1,4.554892406798862,11.347806094971995,27.250504596743124
0.1,3,30,18,CQHR,Gaussian,cqr,native,0.5,0.0,2,4.306245125515597,15.556605368808986,35.41945586313363
0.1,3,30,18,CQHR,Gaussian,cqr,native,0.5,0.0,3,3.568611999550832,10.87759637080242,25.32380474115571
0.1,3,30,18,TSCP_R,Gaussian,cqr,capped,0.5,0.0,1,4.554892406798862,8.688416180634588,21.931724768068058
0.1,3,30,18,TSCP_R,Gaussian,cqr,capped,0.5,0.0,2,4.306245125515597,7.405165369065777,19.116575863647192
0.1,3,30,18,TSCP_R,Gaussian,cqr,capped,0.5,0.0,3,3.568611999550832,4.648814837672453,12.866241674895736
0.1,3,30,18,Unscaled,Gaussian,cqr,raw,0.5,0.0,1,4.554892406798862,6.68179725474867,17.91848691629622
0.1,3,30,18,Unscaled,Gaussian,cqr,raw,0.5,0.0,2,4.306245125515597,6.68179725474867,17.669839635012963
0.1,3,30,18,Unscaled,Gaussian,cqr,raw,0.5,0.0,3,3.568611999550832,6.68179725474867,16.932206509048175
0.1,3,30,18,Empirical_copula,Gaussian,cqr,raw,0.5,0.0,1,4.554892406798862,7.197754117560802,18.950400641920464
0.1,3,30,18,Empirical_copula,Gaussian,cqr,raw,0.5,0.0,2,4.306245125515597,6.681797254655994,17.669839634827614
0.1,3,30,18,Empirical_copula,Gaussian,cqr,raw,0.5,0.0,3,3.568611999550832,4.1693156046904996,11.907243208931835
0.1,3,30,19,CQHR,Gaussian,cqr,native,0.5,0.0,1,4.745558672750038,15.935349291474255,36.61625725569842
0.1,3,30,19,CQHR,Gaussian,cqr,native,0.5,0.0,2,4.178982316503667,23.707064608972605,51.5931115344488
0.1,3,30,19,CQHR,Gaussian,cqr,native,0.5,0.0,3,3.358456475980655,16.629997407551368,36.61845129108342
0.1,3,30,19,TSCP_R,Gaussian,cqr,capped,0.5,0.0,1,4.745558672750038,7.518589092442783,19.78273685763559
0.1,3,30,19,TSCP_R,Gaussian,cqr,capped,0.5,0.0,2,4.178982316503667,5.935848862736,16.050680041975664
0.1,3,30,19,TSCP_R,Gaussian,cqr,capped,0.5,0.0,3,3.358456475980655,3.973043420923279,11.304543317827223
0.1,3,30,19,Unscaled,Gaussian,cqr,raw,0.5,0.0,1,4.745558672750038,5.091492116516032,14.92854290578208
0.1,3,30,19,Unscaled,Gaussian,cqr,raw,0.5,0.0,2,4.178982316503667,5.091492116516032,14.361966549535719
0.1,3,30,19,Unscaled,Gaussian,cqr,raw,0.5,0.0,3,3.358456475980655,5.091492116516032,13.541440709012726
0.1,3,30,19,Empirical_copula,Gaussian,cqr,raw,0.5,0.0,1,4.745558672750038,6.920505157829076,18.586568988408178
0.1,3,30,19,Empirical_copula,Gaussian,cqr,raw,0.5,0.0,2,4.178982316503667,4.263864885359506,12.70671208722269
0.1,3,30,19,Empirical_copula,Gaussian,cqr,raw,0.5,0.0,3,3.358456475980655,3.3302074850880192,10.018871446156691
0.1,3,30,20,CQHR,Gaussian,cqr,native,0.5,0.0,1,4.642676791141672,16.872202117513233,38.38708102616807
0.1,3,30,20,CQHR,Gaussian,cqr,native,0.5,0.0,2,4.447352009207545,21.290497759674214,47.02834752855598
0.1,3,30,20,CQHR,Gaussian,cqr,native,0.5,0.0,3,3.369980219548948,15.349500786938592,34.06898179342611
0.1,3,30,20,TSCP_R,Gaussian,cqr,capped,0.5,0.0,1,4.642676791141672,7.618917759677936,19.880512310497547
0.1,3,30,20,TSCP_R,Gaussian,cqr,capped,0.5,0.0,2,4.447352009207545,8.926209021312744,22.299770051833036
0.1,3,30,20,TSCP_R,Gaussian,cqr,capped,0.5,0.0,3,3.369980219548948,2.9252281271171343,9.220436473783211
0.1,3,30,20,Unscaled,Gaussian,cqr,raw,0.5,0.0,1,4.642676791141672,6.4522189996100945,17.547114790361892
0.1,3,30,20,Unscaled,Gaussian,cqr,raw,0.5,0.0,2,4.447352009207545,6.4522189996100945,17.35179000842776
0.1,3,30,20,Unscaled,Gaussian,cqr,raw,0.5,0.0,3,3.369980219548948,6.4522189996100945,16.27441821876913
0.1,3,30,20,Empirical_copula,Gaussian,cqr,raw,0.5,0.0,1,4.642676791141672,6.452218999573015,17.54711479028772
0.1,3,30,20,Empirical_copula,Gaussian,cqr,raw,0.5,0.0,2,4.447352009207545,5.722516106143738,15.892384221495025
0.1,3,30,20,Empirical_copula,Gaussian,cqr,raw,0.5,0.0,3,3.369980219548948,2.4454522714122113,8.260884762373367
0.1,3,30,21,CQHR,Gaussian,cqr,native,0.5,0.0,1,4.798949844291519,11.13390371432092,27.06675727293354
0.1,3,30,21,CQHR,Gaussian,cqr,native,0.5,0.0,2,4.468709625242979,15.333357910891081,35.13542544702509
0.1,3,30,21,CQHR,Gaussian,cqr,native,0.5,0.0,3,3.5787126296572556,10.272759769211598,24.124232168080443
0.1,3,30,21,TSCP_R,Gaussian,cqr,capped,0.5,0.0,1,4.798949844291519,7.4234213518283845,19.645792547948258
0.1,3,30,21,TSCP_R,Gaussian,cqr,capped,0.5,0.0,2,4.468709625242979,11.66818277580039,27.805075176843765
0.1,3,30,21,TSCP_R,Gaussian,cqr,capped,0.5,0.0,3,3.5787126296572556,5.607813906611563,14.794340442880369
0.1,3,30,21,Unscaled,Gaussian,cqr,raw,0.5,0.0,1,4.798949844291519,5.546593019548437,15.892135883388386
0.1,3,30,21,Unscaled,Gaussian,cqr,raw,0.5,0.0,2,4.468709625242979,5.546593019548437,15.561895664339854
0.1,3,30,21,Unscaled,Gaussian,cqr,raw,0.5,0.0,3,3.5787126296572556,5.546593019548437,14.671898668754135
0.1,3,30,21,Empirical_copula,Gaussian,cqr,raw,0.5,0.0,1,4.798949844291519,2.926888909094952,10.652727662481427
0.1,3,30,21,Empirical_copula,Gaussian,cqr,raw,0.5,0.0,2,4.468709625242979,4.822940794833756,14.11459121491049
0.1,3,30,21,Empirical_copula,Gaussian,cqr,raw,0.5,0.0,3,3.5787126296572556,3.8394350588043586,11.257582747265978
0.1,3,30,22,CQHR,Gaussian,cqr,native,0.5,0.0,1,4.757269781698392,8.520302699727267,21.797875181152932
0.1,3,30,22,CQHR,Gaussian,cqr,native,0.5,0.0,2,4.227174861790788,11.59562649898368,27.418427859758157
0.1,3,30,22,CQHR,Gaussian,cqr,native,0.5,0.0,3,3.2347253706167898,9.383173339207355,22.001072049031507
0.1,3,30,22,TSCP_R,Gaussian,cqr,capped,0.5,0.0,1,4.757269781698392,9.829328956512503,24.415927694723404
0.1,3,30,22,TSCP_R,Gaussian,cqr,capped,0.5,0.0,2,4.227174861790788,4.0833537704471246,12.393882402685037
0.1,3,30,22,TSCP_R,Gaussian,cqr,capped,0.5,0.0,3,3.2347253706167898,4.15916004284988,11.553045456316545
0.1,3,30,22,Unscaled,Gaussian,cqr,raw,0.5,0.0,1,4.757269781698392,6.895529233592029,18.54832824888246
0.1,3,30,22,Unscaled,Gaussian,cqr,raw,0.5,0.0,2,4.227174861790788,6.895529233592029,18.018233328974823
0.1,3,30,22,Unscaled,Gaussian,cqr,raw,0.5,0.0,3,3.2347253706167898,6.895529233592029,17.02578383780084
0.1,3,30,22,Empirical_copula,Gaussian,cqr,raw,0.5,0.0,1,4.757269781698392,7.4895937337395635,19.73645724917752
0.1,3,30,22,Empirical_copula,Gaussian,cqr,raw,0.5,0.0,2,4.227174861790788,3.1251424881486427,10.477459838088055
0.1,3,30,22,Empirical_copula,Gaussian,cqr,raw,0.5,0.0,3,3.2347253706167898,4.120394333666937,11.475514037950683
0.1,3,30,23,CQHR,Gaussian,cqr,native,0.5,0.0,1,4.686108579274634,10.004237351467049,24.694583282208647
0.1,3,30,23,CQHR,Gaussian,cqr,native,0.5,0.0,2,4.605648779340529,13.990323310417658,32.58629540017581
0.1,3,30,23,CQHR,Gaussian,cqr,native,0.5,0.0,3,3.6089490550372085,9.990309109442135,23.589567273921435
0.1,3,30,23,TSCP_R,Gaussian,cqr,capped,0.5,0.0,1,4.686108579274634,5.117597370610948,14.921303320496532
0.1,3,30,23,TSCP_R,Gaussian,cqr,capped,0.5,0.0,2,4.605648779340529,3.5998549850031036,11.805358749346743
0.1,3,30,23,TSCP_R,Gaussian,cqr,capped,0.5,0.0,3,3.6089490550372085,2.7954898214431574,9.199928697923529
0.1,3,30,23,Unscaled,Gaussian,cqr,raw,0.5,0.0,1,4.686108579274634,4.607000242048284,13.900109063371186
0.1,3,30,23,Unscaled,Gaussian,cqr,raw,0.5,0.0,2,4.605648779340529,4.607000242048284,13.81964926343711
0.1,3,30,23,Unscaled,Gaussian,cqr,raw,0.5,0.0,3,3.6089490550372085,4.607000242048284,12.822949539133775
0.1,3,30,23,Empirical_copula,Gaussian,cqr,raw,0.5,0.0,1,4.686108579274634,4.61968108461825,13.925470748511135
0.1,3,30,23,Empirical_copula,Gaussian,cqr,raw,0.5,0.0,2,4.605648779340529,2.661671796109813,9.928992371560156
0.1,3,30,23,Empirical_copula,Gaussian,cqr,raw,0.5,0.0,3,3.6089490550372085,2.3590198173569767,8.326988689751156
0.1,3,30,24,CQHR,Gaussian,cqr,native,0.5,0.0,1,4.870337634467975,11.905990533681704,28.682318701831537
0.1,3,30,24,CQHR,Gaussian,cqr,native,0.5,0.0,2,4.391745084220333,14.300151015040473,32.99204711430127
0.1,3,30,24,CQHR,Gaussian,cqr,native,0.5,0.0,3,3.5386262464376097,10.151747110849223,23.842120468136034
0.1,3,30,24,TSCP_R,Gaussian,cqr,capped,0.5,0.0,1,4.870337634467975,5.0730519324775045,15.016441499422966
0.1,3,30,24,TSCP_R,Gaussian,cqr,capped,0.5,0.0,2,4.391745084220333,4.162066521272872,12.715878126766087
0.1,3,30,24,TSCP_R,Gaussian,cqr,capped,0.5,0.0,3,3.5386262464376097,1.7719757356832646,7.082577717804143
0.1,3,30,24,Unscaled,Gaussian,cqr,raw,0.5,0.0,1,4.870337634467975,3.8385764847355333,12.547490603939046
0.1,3,30,24,Unscaled,Gaussian,cqr,raw,0.5,0.0,2,4.391745084220333,3.8385764847355333,12.068898053691408
0.1,3,30,24,Unscaled,Gaussian,cqr,raw,0.5,0.0,3,3.5386262464376097,3.8385764847355333,11.215779215908661
0.1,3,30,24,Empirical_copula,Gaussian,cqr,raw,0.5,0.0,1,4.870337634467975,3.9705775713987164,12.8114927772654
0.1,3,30,24,Empirical_copula,Gaussian,cqr,raw,0.5,0.0,2,4.391745084220333,3.5557290962011043,11.503203276622548
0.1,3,30,24,Empirical_copula,Gaussian,cqr,raw,0.5,0.0,3,3.5386262464376097,1.7005805105075638,6.939787267452727
0.1,3,30,25,CQHR,Gaussian,cqr,native,0.5,0.0,1,4.702116131128836,10.330446713439173,25.36300955800704
0.1,3,30,25,CQHR,Gaussian,cqr,native,0.5,0.0,2,4.561868463949784,13.77147531677491,32.1048190974996
0.1,3,30,25,CQHR,Gaussian,cqr,native,0.5,0.0,3,3.7827642346283685,11.095371142259344,25.97350651914708
0.1,3,30,25,TSCP_R,Gaussian,cqr,capped,0.5,0.0,1,4.702116131128836,5.473121043703722,15.648358218536277
0.1,3,30,25,TSCP_R,Gaussian,cqr,capped,0.5,0.0,2,4.561868463949784,6.532690332018634,17.627249127987056
0.1,3,30,25,TSCP_R,Gaussian,cqr,capped,0.5,0.0,3,3.7827642346283685,2.3532341404791937,8.489232515586759
0.1,3,30,25,Unscaled,Gaussian,cqr,raw,0.5,0.0,1,4.702116131128836,3.595408386880613,11.89293290489006
0.1,3,30,25,Unscaled,Gaussian,cqr,raw,0.5,0.0,2,4.561868463949784,3.595408386880613,11.752685237711006
0.1,3,30,25,Unscaled,Gaussian,cqr,raw,0.5,0.0,3,3.7827642346283685,3.595408386880613,10.973581008389592
0.1,3,30,25,Empirical_copula,Gaussian,cqr,raw,0.5,0.0,1,4.702116131128836,2.806807947545515,10.315732026219868
0.1,3,30,25,Empirical_copula,Gaussian,cqr,raw,0.5,0.0,2,4.561868463949784,5.955748827998533,16.473366119946842
0.1,3,30,25,Empirical_copula,Gaussian,cqr,raw,0.5,0.0,3,3.7827642346283685,2.3059473354172386,8.39465890546285
0.1,3,30,26,CQHR,Gaussian,cqr,native,0.5,0.0,1,4.574129241331312,12.895512322711694,30.365153886754868
0.1,3,30,26,CQHR,Gaussian,cqr,native,0.5,0.0,2,4.421150355745558,22.2232230485241,48.867596452793784
0.1,3,30,26,CQHR,Gaussian,cqr,native,0.5,0.0,3,3.501588352273818,16.093617111851298,35.6888225759764
0.1,3,30,26,TSCP_R,Gaussian,cqr,capped,0.5,0.0,1,4.574129241331312,7.080158136528305,18.73444551438789
0.1,3,30,26,TSCP_R,Gaussian,cqr,capped,0.5,0.0,2,4.421150355745558,6.0795125491899356,16.580175454125435
0.1,3,30,26,TSCP_R,Gaussian,cqr,capped,0.5,0.0,3,3.501588352273818,3.9568357596682846,11.41525987161038
0.1,3,30,26,Unscaled,Gaussian,cqr,raw,0.5,0.0,1,4.574129241331312,5.525130974247223,15.624391189825758
0.1,3,30,26,Unscaled,Gaussian,cqr,raw,0.5,0.0,2,4.421150355745558,5.525130974247223,15.471412304240003
0.1,3,30,26,Unscaled,Gaussian,cqr,raw,0.5,0.0,3,3.501588352273818,5.525130974247223,14.55185030076825
0.1,3,30,26,Empirical_copula,Gaussian,cqr,raw,0.5,0.0,1,4.574129241331312,4.757802706846906,14.089734655025131
0.1,3,30,26,Empirical_copula,Gaussian,cqr,raw,0.5,0.0,2,4.421150355745558,5.971744982884548,16.364640321514642
0.1,3,30,26,Empirical_copula,Gaussian,cqr,raw,0.5,0.0,3,3.501588352273818,3.088418163988952,9.678424680251727
0.1,3,30,27,CQHR,Gaussian,cqr,native,0.5,0.0,1,4.79269251217596,23.36828859285391,51.52926969788418
0.1,3,30,27,CQHR,Gaussian,cqr,native,0.5,0.0,2,4.3632265868643625,29.03492477329833,62.433076133460965
0.1,3,30,27,CQHR,Gaussian,cqr,native,0.5,0.0,3,3.388718935066614,23.385330637550407,50.15938021016734
0.1,3,30,27,TSCP_R,Gaussian,cqr,capped,0.5,0.0,1,4.79269251217596,5.893666209702683,16.580024931581317
0.1,3,30,27,TSCP_R,Gaussian,cqr,capped,0.5,0.0,2,4.3632265868643625,5.265338863762868,14.893904314390102
0.1,3,30,27,TSCP_R,Gaussian,cqr,capped,0.5,0.0,3,3.388718935066614,2.4682073894114365,8.325133713889494
0.1,3,30,27,Unscaled,Gaussian,cqr,raw,0.5,0.0,1,4.79269251217596,5.014759020588487,14.822210553352921
0.1,3,30,27,Unscaled,Gaussian,cqr,raw,0.5,0.0,2,4.3632265868643625,5.014759020588487,14.392744628041346
0.1,3,30,27,Unscaled,Gaussian,cqr,raw,0.5,0.0,3,3.388718935066614,5.014759020588487,13.41823697624358
0.1,3,30,27,Empirical_copula,Gaussian,cqr,raw,0.5,0.0,1,4.79269251217596,5.014759020495811,14.822210553167585
0.1,3,30,27,Empirical_copula,Gaussian,cqr,raw,0.5,0.0,2,4.3632265868643625,4.230735573743372,12.824697734351112
0.1,3,30,27,Empirical_copula,Gaussian,cqr,raw,0.5,0.0,3,3.388718935066614,1.7707248287296817,6.930168592525976
0.1,3,30,28,CQHR,Gaussian,cqr,native,0.5,0.0,1,4.9617321802214835,8.364750801385247,21.691233782992096
0.1,3,30,28,CQHR,Gaussian,cqr,native,0.5,0.0,2,4.403219664986904,9.646097828490962,23.69541532196882
0.1,3,30,28,CQHR,Gaussian,cqr,native,0.5,0.0,3,3.817335786621885,7.919551377453168,19.656438541528217
0.1,3,30,28,TSCP_R,Gaussian,cqr,capped,0.5,0.0,1,4.9617321802214835,7.906655246859447,20.77504267394038
0.1,3,30,28,TSCP_R,Gaussian,cqr,capped,0.5,0.0,2,4.403219664986904,5.01135510419758,14.425929873382083
0.1,3,30,28,TSCP_R,Gaussian,cqr,capped,0.5,0.0,3,3.817335786621885,3.8881979933050803,11.593731773232046
0.1,3,30,28,Unscaled,Gaussian,cqr,raw,0.5,0.0,1,4.9617321802214835,4.966266486757093,14.894265153735676
0.1,3,30,28,Unscaled,Gaussian,cqr,raw,0.5,0.0,2,4.403219664986904,4.966266486757093,14.335752638501107
0.1,3,30,28,Unscaled,Gaussian,cqr,raw,0.5,0.0,3,3.817335786621885,4.966266486757093,13.749868760136069
0.1,3,30,28,Empirical_copula,Gaussian,cqr,raw,0.5,0.0,1,4.9617321802214835,7.536548888134046,20.03482995648957
0.1,3,30,28,Empirical_copula,Gaussian,cqr,raw,0.5,0.0,2,4.403219664986904,3.2927510570888536,10.988721779164619
0.1,3,30,28,Empirical_copula,Gaussian,cqr,raw,0.5,0.0,3,3.817335786621885,2.7971134802345237,9.41156274709094
0.1,3,30,29,CQHR,Gaussian,cqr,native,0.5,0.0,1,4.970977230090278,17.598211221514486,40.16739967311905
0.1,3,30,29,CQHR,Gaussian,cqr,native,0.5,0.0,2,4.588177283364559,22.811428942891453,50.21103516914744
0.1,3,30,29,CQHR,Gaussian,cqr,native,0.5,0.0,3,3.414899202001888,15.131990525720724,33.67888025344336
0.1,3,30,29,TSCP_R,Gaussian,cqr,capped,0.5,0.0,1,4.970977230090278,6.31326512584143,17.597507481773143
0.1,3,30,29,TSCP_R,Gaussian,cqr,capped,0.5,0.0,2,4.588177283364559,8.655432859573173,21.899043002510894
0.1,3,30,29,TSCP_R,Gaussian,cqr,capped,0.5,0.0,3,3.414899202001888,5.148785821739009,13.712470845479903
0.1,3,30,29,Unscaled,Gaussian,cqr,raw,0.5,0.0,1,4.970977230090278,5.551989218479226,16.074955667048748
0.1,3,30,29,Unscaled,Gaussian,cqr,raw,0.5,0.0,2,4.588177283364559,5.551989218479226,15.692155720323017
0.1,3,30,29,Unscaled,Gaussian,cqr,raw,0.5,0.0,3,3.414899202001888,5.551989218479226,14.51887763896033
0.1,3,30,29,Empirical_copula,Gaussian,cqr,raw,0.5,0.0,1,4.970977230090278,5.366068885015235,15.703115000120743
0.1,3,30,29,Empirical_copula,Gaussian,cqr,raw,0.5,0.0,2,4.588177283364559,5.551989218382156,15.692155720128873
0.1,3,30,29,Empirical_copula,Gaussian,cqr,raw,0.5,0.0,3,3.414899202001888,4.824302430887389,13.063504063776668
0.1,3,30,30,CQHR,Gaussian,cqr,native,0.5,0.0,1,4.668281605610737,6.282682568121678,17.23364674185394
0.1,3,30,30,CQHR,Gaussian,cqr,native,0.5,0.0,2,4.2901328345200875,8.131550737159088,20.553234308838274
0.1,3,30,30,CQHR,Gaussian,cqr,native,0.5,0.0,3,3.4172211563234245,6.012991059285271,15.44320327489398
0.1,3,30,30,TSCP_R,Gaussian,cqr,capped,0.5,0.0,1,4.668281605610737,5.129355922696423,14.926993451003575
0.1,3,30,30,TSCP_R,Gaussian,cqr,capped,0.5,0.0,2,4.2901328345200875,4.125741714011509,12.541616262543103
0.1,3,30,30,TSCP_R,Gaussian,cqr,capped,0.5,0.0,3,3.4172211563234245,1.942667191566366,7.302555539456157
0.1,3,30,30,Unscaled,Gaussian,cqr,raw,0.5,0.0,1,4.668281605610737,3.990904183197034,12.650089972004794
0.1,3,30,30,Unscaled,Gaussian,cqr,raw,0.5,0.0,2,4.2901328345200875,3.990904183197034,12.271941200914151
0.1,3,30,30,Unscaled,Gaussian,cqr,raw,0.5,0.0,3,3.4172211563234245,3.990904183197034,11.399029522717486
0.1,3,30,30,Empirical_copula,Gaussian,cqr,raw,0.5,0.0,1,4.668281605610737,3.607725235557808,11.88373207672635
0.1,3,30,30,Empirical_copula,Gaussian,cqr,raw,0.5,0.0,2,4.2901328345200875,3.990904183114271,12.271941200748627
0.1,3,30,30,Empirical_copula,Gaussian,cqr,raw,0.5,0.0,3,3.4172211563234245,1.9121273932768545,7.241475942877139
0.1,3,30,31,CQHR,Gaussian,cqr,native,0.5,0.0,1,4.61892088053487,7.908504615141894,20.43593011081871
0.1,3,30,31,CQHR,Gaussian,cqr,native,0.5,0.0,2,4.104462642667967,15.047415169578217,34.199292981824385
0.1,3,30,31,CQHR,Gaussian,cqr,native,0.5,0.0,3,3.451882129213969,7.92903423390026,19.309950597014502
0.1,3,30,31,TSCP_R,Gaussian,cqr,capped,0.5,0.0,1,4.61892088053487,7.075808016605032,18.77053691374492
0.1,3,30,31,TSCP_R,Gaussian,cqr,capped,0.5,0.0,2,4.104462642667967,6.5538615402259826,17.21218572311993
0.1,3,30,31,TSCP_R,Gaussian,cqr,capped,0.5,0.0,3,3.451882129213969,3.6697069317179447,10.79129599264985
0.1,3,30,31,Unscaled,Gaussian,cqr,raw,0.5,0.0,1,4.61892088053487,4.781991703057543,14.182904286649967
0.1,3,30,31,Unscaled,Gaussian,cqr,raw,0.5,0.0,2,4.104462642667967,4.781991703057543,13.668446048783055
0.1,3,30,31,Unscaled,Gaussian,cqr,raw,0.5,0.0,3,3.451882129213969,4.781991703057543,13.015865535329043
0.1,3,30,31,Empirical_copula,Gaussian,cqr,raw,0.5,0.0,1,4.61892088053487,4.781991703051162,14.182904286637203
0.1,3,30,31,Empirical_copula,Gaussian,cqr,raw,0.5,0.0,2,4.104462642667967,4.145067708697763,12.39459806006351
0.1,3,30,31,Empirical_copula,Gaussian,cqr,raw,0.5,0.0,3,3.451882129213969,3.6018146983132526,10.655511525840488
0.1,3,30,32,CQHR,Gaussian,cqr,native,0.5,0.0,1,4.791621428764523,7.471536109639028,19.734693648042565
0.1,3,30,32,CQHR,Gaussian,cqr,native,0.5,0.0,2,4.277020864242254,8.167746693227926,20.612514250698112
0.1,3,30,32,CQHR,Gaussian,cqr,native,0.5,0.0,3,3.3422722680716817,6.123105310326277,15.58848288872423
0.1,3,30,32,TSCP_R,Gaussian,cqr,capped,0.5,0.0,1,4.791621428764523,4.624670522154059,14.040962473072636
0.1,3,30,32,TSCP_R,Gaussian,cqr,capped,0.5,0.0,2,4.277020864242254,4.010748034678637,12.298516933599533
0.1,3,30,32,TSCP_R,Gaussian,cqr,capped,0.5,0.0,3,3.3422722680716817,4.540267433973411,12.422807136018507
0.1,3,30,32,Unscaled,Gaussian,cqr,raw,0.5,0.0,1,4.791621428764523,4.126483872364936,13.044589173494392
0.1,3,30,32,Unscaled,Gaussian,cqr,raw,0.5,0.0,2,4.277020864242254,4.126483872364936,12.529988608972126
0.1,3,30,32,Unscaled,Gaussian,cqr,raw,0.5,0.0,3,3.3422722680716817,4.126483872364936,11.595240012801552
0.1,3,30,32,Empirical_copula,Gaussian,cqr,raw,0.5,0.0,1,4.791621428764523,3.8925928670343026,12.576807162833134
0.1,3,30,32,Empirical_copula,Gaussian,cqr,raw,0.5,0.0,2,4.277020864242254,3.409355278440705,11.09573142112368
0.1,3,30,32,Empirical_copula,Gaussian,cqr,raw,0.5,0.0,3,3.3422722680716817,4.441804912273941,12.225882092619573
0.1,3,30,33,CQHR,Gaussian,cqr,native,0.5,0.0,1,4.790384032133359,11.711033617593584,28.21245126732043
0.1,3,30,33,CQHR,Gaussian,cqr,native,0.5,0.0,2,4.260176461957691,100.63922749444954,205.53863145085677
0.1,3,30,33,CQHR,Gaussian,cqr,native,0.5,0.0,3,3.406578128721819,46.01262082953038,95.43181978778257
0.1,3,30,33,TSCP_R,Gaussian,cqr,capped,0.5,0.0,1,4.790384032133359,7.426543434171518,19.6434709004764
0.1,3,30,33,TSCP_R,Gaussian,cqr,capped,0.5,0.0,2,4.260176461957691,7.21291605059515,18.686008563148
0.1,3,30,33,TSCP_R,Gaussian,cqr,capped,0.5,0.0,3,3.406578128721819,5.126995414209231,13.660568957140272
0.1,3,30,33,Unscaled,Gaussian,cqr,raw,0.5,0.0,1,4.790384032133359,6.799827210340876,18.39003845281512
0.1,3,30,33,Unscaled,Gaussian,cqr,raw,0.5,0.0,2,4.260176461957691,6.799827210340876,17.859830882639432
0.1,3,30,33,Unscaled,Gaussian,cqr,raw,0.5,0.0,3,3.406578128721819,6.799827210340876,17.00623254940357
0.1,3,30,33,Empirical_copula,Gaussian,cqr,raw,0.5,0.0,1,4.790384032133359,5.140274269569142,15.070932571271657
0.1,3,30,33,Empirical_copula,Gaussian,cqr,raw,0.5,0.0,2,4.260176461957691,6.898508474605684,18.05719341116908
0.1,3,30,33,Empirical_copula,Gaussian,cqr,raw,0.5,0.0,3,3.406578128721819,3.5327371069313003,10.472052342584409
0.1,3,30,34,CQHR,Gaussian,cqr,native,0.5,0.0,1,4.9055597308842644,25.131049503763276,55.16765873841071
0.1,3,30,34,CQHR,Gaussian,cqr,native,0.5,0.0,2,4.283745895448854,28.914011127771058,62.11176815099101
0.1,3,30,34,CQHR,Gaussian,cqr,native,0.5,0.0,3,3.453514769387175,21.432741972154826,46.31899871369686
0.1,3,30,34,TSCP_R,Gaussian,cqr,capped,0.5,0.0,1,4.9055597308842644,8.545537675818368,21.996635082521017
0.1,3,30,34,TSCP_R,Gaussian,cqr,capped,0.5,0.0,2,4.283745895448854,7.6639904102531125,19.611726715955086
0.1,3,30,34,TSCP_R,Gaussian,cqr,capped,0.5,0.0,3,3.453514769387175,5.090843647762321,13.635202064911818
0.1,3,30,34,Unscaled,Gaussian,cqr,raw,0.5,0.0,1,4.9055597308842644,7.600531624419069,20.10662297972242
0.1,3,30,34,Unscaled,Gaussian,cqr,raw,0.5,0.0,2,4.283745895448854,7.600531624419069,19.484809144287006
0.1,3,30,34,Unscaled,Gaussian,cqr,raw,0.5,0.0,3,3.453514769387175,7.600531624419069,18.65457801822529
0.1,3,30,34,Empirical_copula,Gaussian,cqr,raw,0.5,0.0,1,4.9055597308842644,7.6005316243363055,20.106622979556896
0.1,3,30,34,Empirical_copula,Gaussian,cqr,raw,0.5,0.0,2,4.283745895448854,6.1545859727062435,16.592917840861332
0.1,3,30,34,Empirical_copula,Gaussian,cqr,raw,0.5,0.0,3,3.453514769387175,4.1590345016259995,11.771583772639177
0.1,3,30,35,CQHR,Gaussian,cqr,native,0.5,0.0,1,4.729807134564667,9.871602529464345,24.47301219349351
0.1,3,30,35,CQHR,Gaussian,cqr,native,0.5,0.0,2,4.383014445782322,11.81868587059473,28.020386186971766
0.1,3,30,35,CQHR,Gaussian,cqr,native,0.5,0.0,3,3.360187732385518,8.36096153179582,20.08211079597712
0.1,3,30,35,TSCP_R,Gaussian,cqr,capped,0.5,0.0,1,4.729807134564667,5.6035310561291105,15.936869246822884
0.1,3,30,35,TSCP_R,Gaussian,cqr,capped,0.5,0.0,2,4.383014445782322,3.593384921996914,11.569784289776143
0.1,3,30,35,TSCP_R,Gaussian,cqr,capped,0.5,0.0,3,3.360187732385518,4.297002243158699,11.954192218702918
0.1,3,30,35,Unscaled,Gaussian,cqr,raw,0.5,0.0,1,4.729807134564667,5.162243336141202,15.054293806847056
0.1,3,30,35,Unscaled,Gaussian,cqr,raw,0.5,0.0,2,4.383014445782322,5.162243336141202,14.707501118064728
0.1,3,30,35,Unscaled,Gaussian,cqr,raw,0.5,0.0,3,3.360187732385518,5.162243336141202,13.684674404667925
0.1,3,30,35,Empirical_copula,Gaussian,cqr,raw,0.5,0.0,1,4.729807134564667,5.127825665986178,14.985458466537008
0.1,3,30,35,Empirical_copula,Gaussian,cqr,raw,0.5,0.0,2,4.383014445782322,3.247357124378194,10.877728694538703
0.1,3,30,35,Empirical_copula,Gaussian,cqr,raw,0.5,0.0,3,3.360187732385518,4.034750274107623,11.429688280600766
0.1,3,30,36,CQHR,Gaussian,cqr,native,0.5,0.0,1,4.864906143440961,47.218648376914665,99.30220289727076
0.1,3,30,36,CQHR,Gaussian,cqr,native,0.5,0.0,2,4.4410897330084556,81.8746094135048,168.1903085600181
0.1,3,30,36,CQHR,Gaussian,cqr,native,0.5,0.0,3,3.399779420013778,73.39344809972434,150.18667561946245
0.1,3,30,36,TSCP_R,Gaussian,cqr,capped,0.5,0.0,1,4.864906143440961,2.5636521888678705,9.992210521176704
0.1,3,30,36,TSCP_R,Gaussian,cqr,capped,0.5,0.0,2,4.4410897330084556,3.7866861233213513,12.014461979651145
0.1,3,30,36,TSCP_R,Gaussian,cqr,capped,0.5,0.0,3,3.399779420013778,3.9736201287550883,11.347019677523964
0.1,3,30,36,Unscaled,Gaussian,cqr,raw,0.5,0.0,1,4.864906143440961,3.706175951072344,12.277258045585635
0.1,3,30,36,Unscaled,Gaussian,cqr,raw,0.5,0.0,2,4.4410897330084556,3.706175951072344,11.853441635153139
0.1,3,30,36,Unscaled,Gaussian,cqr,raw,0.5,0.0,3,3.399779420013778,3.706175951072344,10.812131322158454
0.1,3,30,36,Empirical_copula,Gaussian,cqr,raw,0.5,0.0,1,4.864906143440961,2.182535787366084,9.22997771817312
0.1,3,30,36,Empirical_copula,Gaussian,cqr,raw,0.5,0.0,2,4.4410897330084556,3.6940103186879814,11.82911037038443
0.1,3,30,36,Empirical_copula,Gaussian,cqr,raw,0.5,0.0,3,3.399779420013778,4.977274340699366,13.35432810141251
0.1,3,30,37,CQHR,Gaussian,cqr,native,0.5,0.0,1,4.711498401762915,43.1613880069633,91.0342744156887
0.1,3,30,37,CQHR,Gaussian,cqr,native,0.5,0.0,2,4.2473090718670345,53.623034365848845,111.49337780356487
0.1,3,30,37,CQHR,Gaussian,cqr,native,0.5,0.0,3,3.5120873538903568,42.81550732132132,89.14310199653285
0.1,3,30,37,TSCP_R,Gaussian,cqr,capped,0.5,0.0,1,4.711498401762915,7.54585027808645,19.803198957935823
0.1,3,30,37,TSCP_R,Gaussian,cqr,capped,0.5,0.0,2,4.2473090718670345,5.833699615568667,15.914708303004357
0.1,3,30,37,TSCP_R,Gaussian,cqr,capped,0.5,0.0,3,3.5120873538903568,3.4102203447151607,10.332528043320671
0.1,3,30,37,Unscaled,Gaussian,cqr,raw,0.5,0.0,1,4.711498401762915,6.477413445751857,17.666325293266635
0.1,3,30,37,Unscaled,Gaussian,cqr,raw,0.5,0.0,2,4.2473090718670345,6.477413445751857,17.202135963370736
0.1,3,30,37,Unscaled,Gaussian,cqr,raw,0.5,0.0,3,3.5120873538903568,6.477413445751857,16.466914245394044
0.1,3,30,37,Empirical_copula,Gaussian,cqr,raw,0.5,0.0,1,4.711498401762915,7.408658088127401,19.52881457801773
0.1,3,30,37,Empirical_copula,Gaussian,cqr,raw,0.5,0.0,2,4.2473090718670345,4.655512789637028,13.558334651141092
0.1,3,30,37,Empirical_copula,Gaussian,cqr,raw,0.5,0.0,3,3.5120873538903568,2.4783108559985463,8.468709065887454
0.1,3,30,38,CQHR,Gaussian,cqr,native,0.5,0.0,1,4.63670586756777,6.972292702729561,18.581291273026782
0.1,3,30,38,CQHR,Gaussian,cqr,native,0.5,0.0,2,4.391444669838422,11.204965250397763,26.801375170633943
0.1,3,30,38,CQHR,Gaussian,cqr,native,0.5,0.0,3,3.38640273009525,7.419060541431826,18.22452381295892
0.1,3,30,38,TSCP_R,Gaussian,cqr,capped,0.5,0.0,1,4.63670586756777,4.529437549562015,13.69558096669182
0.1,3,30,38,TSCP_R,Gaussian,cqr,capped,0.5,0.0,2,4.391444669838422,3.7657055929580863,11.92285585575459
0.1,3,30,38,TSCP_R,Gaussian,cqr,capped,0.5,0.0,3,3.38640273009525,2.9778937268296297,9.342190183754491
0.1,3,30,38,Unscaled,Gaussian,cqr,raw,0.5,0.0,1,4.63670586756777,3.75691416873048,12.150534205028723
0.1,3,30,38,Unscaled,Gaussian,cqr,raw,0.5,0.0,2,4.391444669838422,3.75691416873048,11.905273007299382
0.1,3,30,38,Unscaled,Gaussian,cqr,raw,0.5,0.0,3,3.38640273009525,3.75691416873048,10.900231067556215
0.1,3,30,38,Empirical_copula,Gaussian,cqr,raw,0.5,0.0,1,4.63670586756777,3.802097271019985,12.240900409607729
0.1,3,30,38,Empirical_copula,Gaussian,cqr,raw,0.5,0.0,2,4.391444669838422,2.2456657408910985,8.882776151620622
0.1,3,30,38,Empirical_copula,Gaussian,cqr,raw,0.5,0.0,3,3.38640273009525,2.914804962679418,9.216012655454094
0.1,3,30,39,CQHR,Gaussian,cqr,native,0.5,0.0,1,4.698392038286187,39.34013267056309,83.37865737941144
0.1,3,30,39,CQHR,Gaussian,cqr,native,0.5,0.0,2,4.44797663865557,53.87593141642669,112.1998394715091
0.1,3,30,39,CQHR,Gaussian,cqr,native,0.5,0.0,3,3.527393889887131,38.95909034997143,81.44557458983004
0.1,3,30,39,TSCP_R,Gaussian,cqr,capped,0.5,0.0,1,4.698392038286187,5.975389895162652,16.649171828611497
0.1,3,30,39,TSCP_R,Gaussian,cqr,capped,0.5,0.0,2,4.44797663865557,4.736058555398512,13.9200937494526
0.1,3,30,39,TSCP_R,Gaussian,cqr,capped,0.5,0.0,3,3.527393889887131,3.5453538350153324,10.618101559917795
0.1,3,30,39,Unscaled,Gaussian,cqr,raw,0.5,0.0,1,4.698392038286187,4.459436065312736,13.617264168911662
0.1,3,30,39,Unscaled,Gaussian,cqr,raw,0.5,0.0,2,4.44797663865557,4.459436065312736,13.366848769281045
0.1,3,30,39,Unscaled,Gaussian,cqr,raw,0.5,0.0,3,3.527393889887131,4.459436065312736,12.446266020512603
0.1,3,30,39,Empirical_copula,Gaussian,cqr,raw,0.5,0.0,1,4.698392038286187,5.3150260797635065,15.328444197813209
0.1,3,30,39,Empirical_copula,Gaussian,cqr,raw,0.5,0.0,2,4.44797663865557,3.2328654225855757,10.913707483826734
0.1,3,30,39,Empirical_copula,Gaussian,cqr,raw,0.5,0.0,3,3.527393889887131,3.1532358582642797,9.833865606415692
0.1,3,30,40,CQHR,Gaussian,cqr,native,0.5,0.0,1,4.606808677470479,15.09094535749864,34.78869939246779
0.1,3,30,40,CQHR,Gaussian,cqr,native,0.5,0.0,2,4.1943588995413545,23.98979888691185,52.17395667336503
0.1,3,30,40,CQHR,Gaussian,cqr,native,0.5,0.0,3,3.3251720251329804,17.640060328184134,38.60529268150125
0.1,3,30,40,TSCP_R,Gaussian,cqr,capped,0.5,0.0,1,4.606808677470479,5.914675156680175,16.436158990830847
0.1,3,30,40,TSCP_R,Gaussian,cqr,capped,0.5,0.0,2,4.1943588995413545,5.434350100566842,15.063059100675034
0.1,3,30,40,TSCP_R,Gaussian,cqr,capped,0.5,0.0,3,3.3251720251329804,2.5611850818510464,8.447542188835083
0.1,3,30,40,Unscaled,Gaussian,cqr,raw,0.5,0.0,1,4.606808677470479,4.092658432060161,12.792125541590801
0.1,3,30,40,Unscaled,Gaussian,cqr,raw,0.5,0.0,2,4.1943588995413545,4.092658432060161,12.379675763661679
0.1,3,30,40,Unscaled,Gaussian,cqr,raw,0.5,0.0,3,3.3251720251329804,4.092658432060161,11.510488889253294
0.1,3,30,40,Empirical_copula,Gaussian,cqr,raw,0.5,0.0,1,4.606808677470479,3.9340551935297654,12.474919064530006
0.1,3,30,40,Empirical_copula,Gaussian,cqr,raw,0.5,0.0,2,4.1943588995413545,4.092658432044733,12.379675763630818
0.1,3,30,40,Empirical_copula,Gaussian,cqr,raw,0.5,0.0,3,3.3251720251329804,1.918667972164827,7.1625079694626415
0.1,3,30,41,CQHR,Gaussian,cqr,native,0.5,0.0,1,4.889566865667701,6.468144756289007,17.82585637824587
0.1,3,30,41,CQHR,Gaussian,cqr,native,0.5,0.0,2,4.385375254511791,7.871507735189951,20.12839072489167
0.1,3,30,41,CQHR,Gaussian,cqr,native,0.5,0.0,3,3.4835783615476332,5.908990138782818,15.301558639113269
0.1,3,30,41,TSCP_R,Gaussian,cqr,capped,0.5,0.0,1,4.889566865667701,7.55631804066485,20.00220294699739
0.1,3,30,41,TSCP_R,Gaussian,cqr,capped,0.5,0.0,2,4.385375254511791,7.84196983461217,20.069314923736123
0.1,3,30,41,TSCP_R,Gaussian,cqr,capped,0.5,0.0,3,3.4835783615476332,2.2458739738050126,7.975326309157663
0.1,3,30,41,Unscaled,Gaussian,cqr,raw,0.5,0.0,1,4.889566865667701,4.9987918837127046,14.8871506330931
0.1,3,30,41,Unscaled,Gaussian,cqr,raw,0.5,0.0,2,4.385375254511791,4.9987918837127046,14.382959021937204
0.1,3,30,41,Unscaled,Gaussian,cqr,raw,0.5,0.0,3,3.4835783615476332,4.9987918837127046,13.481162128973034
0.1,3,30,41,Empirical_copula,Gaussian,cqr,raw,0.5,0.0,1,4.889566865667701,4.953335006482881,14.796236878633454
0.1,3,30,41,Empirical_copula,Gaussian,cqr,raw,0.5,0.0,2,4.385375254511791,4.998791883649538,14.382959021810878
0.1,3,30,41,Empirical_copula,Gaussian,cqr,raw,0.5,0.0,3,3.4835783615476332,1.964758529949706,7.41309542144704
0.1,3,30,42,CQHR,Gaussian,cqr,native,0.5,0.0,1,4.546207484712891,11.472511774147968,27.491231033008663
0.1,3,30,42,CQHR,Gaussian,cqr,native,0.5,0.0,2,4.242702115773791,28.107497453381864,60.45769702253748
0.1,3,30,42,CQHR,Gaussian,cqr,native,0.5,0.0,3,3.4554410307639127,19.66942203828703,42.794285107338006
0.1,3,30,42,TSCP_R,Gaussian,cqr,capped,0.5,0.0,1,4.546207484712891,4.856025609501502,14.258258703715892
0.1,3,30,42,TSCP_R,Gaussian,cqr,capped,0.5,0.0,2,4.242702115773791,5.7083896152992395,15.659481346372267
0.1,3,30,42,TSCP_R,Gaussian,cqr,capped,0.5,0.0,3,3.4554410307639127,4.188840857314813,11.833122745393553
0.1,3,30,42,Unscaled,Gaussian,cqr,raw,0.5,0.0,1,4.546207484712891,4.7303268050207,14.006861094754314
0.1,3,30,42,Unscaled,Gaussian,cqr,raw,0.5,0.0,2,4.242702115773791,4.7303268050207,13.703355725815193
0.1,3,30,42,Unscaled,Gaussian,cqr,raw,0.5,0.0,3,3.4554410307639127,4.7303268050207,12.916094640805309
0.1,3,30,42,Empirical_copula,Gaussian,cqr,raw,0.5,0.0,1,4.546207484712891,4.730326804950963,14.006861094614827
0.1,3,30,42,Empirical_copula,Gaussian,cqr,raw,0.5,0.0,2,4.242702115773791,3.7465794105855643,11.735860936944917
0.1,3,30,42,Empirical_copula,Gaussian,cqr,raw,0.5,0.0,3,3.4554410307639127,5.91550263735054,15.28644630546499
0.1,3,30,43,CQHR,Gaussian,cqr,native,0.5,0.0,1,4.840190797188363,19.09502185783883,43.030234512866116
0.1,3,30,43,CQHR,Gaussian,cqr,native,0.5,0.0,2,4.360271015149576,33.62289068943757,71.6060523940248
0.1,3,30,43,CQHR,Gaussian,cqr,native,0.5,0.0,3,3.2749911934464846,21.5071898781285,46.28937094970353
0.1,3,30,43,TSCP_R,Gaussian,cqr,capped,0.5,0.0,1,4.840190797188363,5.754702322828481,16.349595442845352
0.1,3,30,43,TSCP_R,Gaussian,cqr,capped,0.5,0.0,2,4.360271015149576,4.0883696125107996,12.537010240171165
0.1,3,30,43,TSCP_R,Gaussian,cqr,capped,0.5,0.0,3,3.2749911934464846,2.67806872550785,8.631128644462187
0.1,3,30,43,Unscaled,Gaussian,cqr,raw,0.5,0.0,1,4.840190797188363,4.620227404275263,14.080645605738916
0.1,3,30,43,Unscaled,Gaussian,cqr,raw,0.5,0.0,2,4.360271015149576,4.620227404275263,13.600725823700099
0.1,3,30,43,Unscaled,Gaussian,cqr,raw,0.5,0.0,3,3.2749911934464846,4.620227404275263,12.515446001997017
0.1,3,30,43,Empirical_copula,Gaussian,cqr,raw,0.5,0.0,1,4.840190797188363,4.620227404219804,14.080645605627994
0.1,3,30,43,Empirical_copula,Gaussian,cqr,raw,0.5,0.0,2,4.360271015149576,3.3378034985499863,11.035878012249551
0.1,3,30,43,Empirical_copula,Gaussian,cqr,raw,0.5,0.0,3,3.2749911934464846,2.6214080896466676,8.51780737273983
0.1,3,30,44,CQHR,Gaussian,cqr,native,0.5,0.0,1,4.789633229438309,14.103579668744885,32.99679256692833
0.1,3,30,44,CQHR,Gaussian,cqr,native,0.5,0.0,2,4.544525231973401,59.762274360233995,124.06907395244149
0.1,3,30,44,CQHR,Gaussian,cqr,native,0.5,0.0,3,3.5613003509259578,49.35338844683851,102.26807724460296
0.1,3,30,44,TSCP_R,Gaussian,cqr,capped,0.5,0.0,1,4.789633229438309,6.232461463441917,17.254556156322156
0.1,3,30,44,TSCP_R,Gaussian,cqr,capped,0.5,0.0,2,4.544525231973401,7.101673501116323,18.747872234206046
0.1,3,30,44,TSCP_R,Gaussian,cqr,capped,0.5,0.0,3,3.5613003509259578,6.515276500253444,16.591853351432853
0.1,3,30,44,Unscaled,Gaussian,cqr,raw,0.5,0.0,1,4.789633229438309,6.11571220629798,17.021057642034304
0.1,3,30,44,Unscaled,Gaussian,cqr,raw,0.5,0.0,2,4.544525231973401,6.11571220629798,16.77594964456935
0.1,3,30,44,Unscaled,Gaussian,cqr,raw,0.5,0.0,3,3.5613003509259578,6.11571220629798,15.792724763521937
0.1,3,30,44,Empirical_copula,Gaussian,cqr,raw,0.5,0.0,1,4.789633229438309,6.115712206278516,17.02105764199534
0.1,3,30,44,Empirical_copula,Gaussian,cqr,raw,0.5,0.0,2,4.544525231973401,4.385689062093294,13.315903356159977
0.1,3,30,44,Empirical_copula,Gaussian,cqr,raw,0.5,0.0,3,3.5613003509259578,3.573774715621269,10.708849782168494
0.1,3,30,45,CQHR,Gaussian,cqr,native,0.5,0.0,1,4.848647888967858,8.15260944524227,21.153866779452358
0.1,3,30,45,CQHR,Gaussian,cqr,native,0.5,0.0,2,4.440768902627902,19.643486935665685,43.72774277395931
0.1,3,30,45,CQHR,Gaussian,cqr,native,0.5,0.0,3,3.606649321082501,11.802395142420918,27.211439605924344
0.1,3,30,45,TSCP_R,Gaussian,cqr,capped,0.5,0.0,1,4.848647888967858,5.817723161003331,16.484094210974522
0.1,3,30,45,TSCP_R,Gaussian,cqr,capped,0.5,0.0,2,4.440768902627902,5.801623058712105,16.044015020052115
0.1,3,30,45,TSCP_R,Gaussian,cqr,capped,0.5,0.0,3,3.606649321082501,5.070762999269291,13.748175319621096
0.1,3,30,45,Unscaled,Gaussian,cqr,raw,0.5,0.0,1,4.848647888967858,5.715759301356795,16.280166491681463
0.1,3,30,45,Unscaled,Gaussian,cqr,raw,0.5,0.0,2,4.440768902627902,5.715759301356795,15.872287505341477
0.1,3,30,45,Unscaled,Gaussian,cqr,raw,0.5,0.0,3,3.606649321082501,5.715759301356795,15.038167923796097
0.1,3,30,45,Empirical_copula,Gaussian,cqr,raw,0.5,0.0,1,4.848647888967858,3.7015758367149565,12.251799562397773
0.1,3,30,45,Empirical_copula,Gaussian,cqr,raw,0.5,0.0,2,4.440768902627902,4.3534186681108515,13.147606238849605
0.1,3,30,45,Empirical_copula,Gaussian,cqr,raw,0.5,0.0,3,3.606649321082501,2.2315557743843115,8.069760869851118
0.1,3,30,46,CQHR,Gaussian,cqr,native,0.5,0.0,1,4.7356843907355834,17.002540559579405,38.74076550989436
0.1,3,30,46,CQHR,Gaussian,cqr,native,0.5,0.0,2,4.385336222182349,19.51217002619485,43.409676274572014
0.1,3,30,46,CQHR,Gaussian,cqr,native,0.5,0.0,3,3.324358499910009,14.253453333387966,31.831265166685967
0.1,3,30,46,TSCP_R,Gaussian,cqr,capped,0.5,0.0,1,4.7356843907355834,5.648758516835943,16.033201424407483
0.1,3,30,46,TSCP_R,Gaussian,cqr,capped,0.5,0.0,2,4.385336222182349,6.716399411688291,17.818135045558915
0.1,3,30,46,TSCP_R,Gaussian,cqr,capped,0.5,0.0,3,3.324358499910009,2.598057902370924,8.52047430465185
0.1,3,30,46,Unscaled,Gaussian,cqr,raw,0.5,0.0,1,4.7356843907355834,5.800393640558826,16.336471671853246
0.1,3,30,46,Unscaled,Gaussian,cqr,raw,0.5,0.0,2,4.385336222182349,5.800393640558826,15.986123503300018
0.1,3,30,46,Unscaled,Gaussian,cqr,raw,0.5,0.0,3,3.324358499910009,5.800393640558826,14.925145781027647
0.1,3,30,46,Empirical_copula,Gaussian,cqr,raw,0.5,0.0,1,4.7356843907355834,5.085228037666491,14.906140466068573
0.1,3,30,46,Empirical_copula,Gaussian,cqr,raw,0.5,0.0,2,4.385336222182349,5.800393640461756,15.986123503105837
0.1,3,30,46,Empirical_copula,Gaussian,cqr,raw,0.5,0.0,3,3.324358499910009,2.1711308084698704,7.666620116849758
0.1,3,30,47,CQHR,Gaussian,cqr,native,0.5,0.0,1,4.657848607016108,6.339399063229514,17.33664673347529
0.1,3,30,47,CQHR,Gaussian,cqr,native,0.5,0.0,2,4.355956583776051,9.071668170378102,22.499292924532266
0.1,3,30,47,CQHR,Gaussian,cqr,native,0.5,0.0,3,3.483815333962209,6.584819444147776,16.653454222257746
0.1,3,30,47,TSCP_R,Gaussian,cqr,capped,0.5,0.0,1,4.657848607016108,8.673218887494293,22.004286382004704
0.1,3,30,47,TSCP_R,Gaussian,cqr,capped,0.5,0.0,2,4.355956583776051,6.1334471322780555,16.622850848332178
0.1,3,30,47,TSCP_R,Gaussian,cqr,capped,0.5,0.0,3,3.483815333962209,2.9318345508989836,9.347484435760173
0.1,3,30,47,Unscaled,Gaussian,cqr,raw,0.5,0.0,1,4.657848607016108,5.6319038979236415,15.9216564028634
0.1,3,30,47,Unscaled,Gaussian,cqr,raw,0.5,0.0,2,4.355956583776051,5.6319038979236415,15.619764379623339
0.1,3,30,47,Unscaled,Gaussian,cqr,raw,0.5,0.0,3,3.483815333962209,5.6319038979236415,14.747623129809487
0.1,3,30,47,Empirical_copula,Gaussian,cqr,raw,0.5,0.0,1,4.657848607016108,6.339399063229596,17.33664673347529
0.1,3,30,47,Empirical_copula,Gaussian,cqr,raw,0.5,0.0,2,4.355956583776051,5.36808199624328,15.092120576262614
0.1,3,30,47,Empirical_copula,Gaussian,cqr,raw,0.5,0.0,3,3.483815333962209,2.421644174927401,8.327103683817002
0.1,3,30,48,CQHR,Gaussian,cqr,native,0.5,0.0,1,4.895263141733722,15.268987522088679,35.433238185911144
0.1,3,30,48,CQHR,Gaussian,cqr,native,0.5,0.0,2,4.2793467729086165,17.252505882979666,38.78435853886798
0.1,3,30,48,CQHR,Gaussian,cqr,native,0.5,0.0,3,3.3814487202748658,12.568685142853226,28.518819005981314
0.1,3,30,48,TSCP_R,Gaussian,cqr,capped,0.5,0.0,1,4.895263141733722,3.2287485716538202,11.352760285041377
0.1,3,30,48,TSCP_R,Gaussian,cqr,capped,0.5,0.0,2,4.2793467729086165,5.836315613240069,15.95197799938874
0.1,3,30,48,TSCP_R,Gaussian,cqr,capped,0.5,0.0,3,3.3814487202748658,4.002177030739462,11.38580278175379
0.1,3,30,48,Unscaled,Gaussian,cqr,raw,0.5,0.0,1,4.895263141733722,3.954421600631211,12.804106342996157
0.1,3,30,48,Unscaled,Gaussian,cqr,raw,0.5,0.0,2,4.2793467729086165,3.954421600631211,12.18818997417104
0.1,3,30,48,Unscaled,Gaussian,cqr,raw,0.5,0.0,3,3.3814487202748658,3.954421600631211,11.290291921537289
0.1,3,30,48,Empirical_copula,Gaussian,cqr,raw,0.5,0.0,1,4.895263141733722,2.852064412670511,10.599391967074741
0.1,3,30,48,Empirical_copula,Gaussian,cqr,raw,0.5,0.0,2,4.2793467729086165,4.634178990716112,13.54770475434084
0.1,3,30,48,Empirical_copula,Gaussian,cqr,raw,0.5,0.0,3,3.3814487202748658,3.203322767305579,9.78809425488603
0.1,3,30,49,CQHR,Gaussian,cqr,native,0.5,0.0,1,4.573280257204803,15.1227280679739,34.81873639315223
0.1,3,30,49,CQHR,Gaussian,cqr,native,0.5,0.0,2,4.457488775477676,22.286699612158465,49.03088799979459
0.1,3,30,49,CQHR,Gaussian,cqr,native,0.5,0.0,3,3.577389930589146,16.208998902069506,35.99538773472813
0.1,3,30,49,TSCP_R,Gaussian,cqr,capped,0.5,0.0,1,4.573280257204803,7.754629521624157,20.082539300453117
0.1,3,30,49,TSCP_R,Gaussian,cqr,capped,0.5,0.0,2,4.457488775477676,7.223666147710616,18.904821070898905
0.1,3,30,49,TSCP_R,Gaussian,cqr,capped,0.5,0.0,3,3.577389930589146,2.7665559568343356,9.110501844257826
0.1,3,30,49,Unscaled,Gaussian,cqr,raw,0.5,0.0,1,4.573280257204803,6.670774654826056,17.914829566856927
0.1,3,30,49,Unscaled,Gaussian,cqr,raw,0.5,0.0,2,4.457488775477676,6.670774654826056,17.799038085129787
0.1,3,30,49,Unscaled,Gaussian,cqr,raw,0.5,0.0,3,3.577389930589146,6.670774654826056,16.91893924024126
0.1,3,30,49,Empirical_copula,Gaussian,cqr,raw,0.5,0.0,1,4.573280257204803,6.625355910957218,17.823992079119222
0.1,3,30,49,Empirical_copula,Gaussian,cqr,raw,0.5,0.0,2,4.457488775477676,6.670774654788977,17.799038085055624
0.1,3,30,49,Empirical_copula,Gaussian,cqr,raw,0.5,0.0,3,3.577389930589146,1.7785900212085757,7.134569973006296
0.1,3,30,50,CQHR,Gaussian,cqr,native,0.5,0.0,1,4.7199610949188235,29.12738818975945,62.97473747443774
0.1,3,30,50,CQHR,Gaussian,cqr,native,0.5,0.0,2,4.396084223116194,40.64625470240924,85.68859362793468
0.1,3,30,50,CQHR,Gaussian,cqr,native,0.5,0.0,3,3.571269487227742,30.521685878401936,64.6146412440317
0.1,3,30,50,TSCP_R,Gaussian,cqr,capped,0.5,0.0,1,4.7199610949188235,7.393192827281325,19.50634674948146
0.1,3,30,50,TSCP_R,Gaussian,cqr,capped,0.5,0.0,2,4.396084223116194,5.637137839507023,15.670359902130249
0.1,3,30,50,TSCP_R,Gaussian,cqr,capped,0.5,0.0,3,3.571269487227742,3.4481718237127965,10.467613134653336
0.1,3,30,50,Unscaled,Gaussian,cqr,raw,0.5,0.0,1,4.7199610949188235,6.967639653481405,18.655240401881606
0.1,3,30,50,Unscaled,Gaussian,cqr,raw,0.5,0.0,2,4.396084223116194,6.967639653481405,18.331363530079017
0.1,3,30,50,Unscaled,Gaussian,cqr,raw,0.5,0.0,3,3.571269487227742,6.967639653481405,17.506548794190543
0.1,3,30,50,Empirical_copula,Gaussian,cqr,raw,0.5,0.0,1,4.7199610949188235,7.132192147828906,18.98434539057663
0.1,3,30,50,Empirical_copula,Gaussian,cqr,raw,0.5,0.0,2,4.396084223116194,4.522228383116193,13.440540989348582
0.1,3,30,50,Empirical_copula,Gaussian,cqr,raw,0.5,0.0,3,3.571269487227742,3.093013186788429,9.7572958608046
0.1,3,30,51,CQHR,Gaussian,cqr,native,0.5,0.0,1,4.919879089729295,14.21611057992419,33.35210024957792
0.1,3,30,51,CQHR,Gaussian,cqr,native,0.5,0.0,2,4.530184539670035,59.99657411903644,124.52333277774284
0.1,3,30,51,CQHR,Gaussian,cqr,native,0.5,0.0,3,3.5479119783647834,22.218264671820318,47.98444132200534
0.1,3,30,51,TSCP_R,Gaussian,cqr,capped,0.5,0.0,1,4.919879089729295,7.3661606813968135,19.652200452522923
0.1,3,30,51,TSCP_R,Gaussian,cqr,capped,0.5,0.0,2,4.530184539670035,6.835078685411652,18.200341910493346
0.1,3,30,51,TSCP_R,Gaussian,cqr,capped,0.5,0.0,3,3.5479119783647834,5.522083512105693,14.592079002576172
0.1,3,30,51,Unscaled,Gaussian,cqr,raw,0.5,0.0,1,4.919879089729295,5.430659275287,15.781197640303303
0.1,3,30,51,Unscaled,Gaussian,cqr,raw,0.5,0.0,2,4.530184539670035,5.430659275287,15.391503090244054
0.1,3,30,51,Unscaled,Gaussian,cqr,raw,0.5,0.0,3,3.5479119783647834,5.430659275287,14.409230528938785
0.1,3,30,51,Empirical_copula,Gaussian,cqr,raw,0.5,0.0,1,4.919879089729295,5.331225006140885,15.58232910201105
0.1,3,30,51,Empirical_copula,Gaussian,cqr,raw,0.5,0.0,2,4.530184539670035,5.32701900755815,15.184222554786347
0.1,3,30,51,Empirical_copula,Gaussian,cqr,raw,0.5,0.0,3,3.5479119783647834,5.430659275241961,14.409230528848706
0.1,3,30,52,CQHR,Gaussian,cqr,native,0.5,0.0,1,4.8250478398591685,8.432086034224627,21.689219908308306
0.1,3,30,52,CQHR,Gaussian,cqr,native,0.5,0.0,2,4.32231074930311,10.676080428592867,25.674471606488872
0.1,3,30,52,CQHR,Gaussian,cqr,native,0.5,0.0,3,3.335131710539197,9.647418986338716,22.629969683216625
0.1,3,30,52,TSCP_R,Gaussian,cqr,capped,0.5,0.0,1,4.8250478398591685,5.197854469422291,15.220756778703729
0.1,3,30,52,TSCP_R,Gaussian,cqr,capped,0.5,0.0,2,4.32231074930311,5.76535257797377,15.853015905250682
0.1,3,30,52,TSCP_R,Gaussian,cqr,capped,0.5,0.0,3,3.335131710539197,3.072447539573459,9.480026789686113
0.1,3,30,52,Unscaled,Gaussian,cqr,raw,0.5,0.0,1,4.8250478398591685,5.614941188218016,16.0549302162952
0.1,3,30,52,Unscaled,Gaussian,cqr,raw,0.5,0.0,2,4.32231074930311,5.614941188218016,15.552193125739128
0.1,3,30,52,Unscaled,Gaussian,cqr,raw,0.5,0.0,3,3.335131710539197,5.614941188218016,14.565014086975228
0.1,3,30,52,Empirical_copula,Gaussian,cqr,raw,0.5,0.0,1,4.8250478398591685,3.9647736116794885,12.754595063218156
0.1,3,30,52,Empirical_copula,Gaussian,cqr,raw,0.5,0.0,2,4.32231074930311,5.614941188141902,15.552193125586928
0.1,3,30,52,Empirical_copula,Gaussian,cqr,raw,0.5,0.0,3,3.335131710539197,2.0950145006435017,7.525160711826188
0.1,3,30,53,CQHR,Gaussian,cqr,native,0.5,0.0,1,4.656996099265252,7.817530889389971,20.29205787804511
0.1,3,30,53,CQHR,Gaussian,cqr,native,0.5,0.0,2,4.485391022895278,11.47209318504097,27.429577392977215
0.1,3,30,53,CQHR,Gaussian,cqr,native,0.5,0.0,3,3.4401700636687944,8.31567953397395,20.071529131616693
0.1,3,30,53,TSCP_R,Gaussian,cqr,capped,0.5,0.0,1,4.656996099265252,7.324018677595729,19.305033454456712
0.1,3,30,53,TSCP_R,Gaussian,cqr,capped,0.5,0.0,2,4.485391022895278,4.252588151114384,12.990567325124053
0.1,3,30,53,TSCP_R,Gaussian,cqr,capped,0.5,0.0,3,3.4401700636687944,3.7847654646221622,11.009700992913121
0.1,3,30,53,Unscaled,Gaussian,cqr,raw,0.5,0.0,1,4.656996099265252,5.147000609118703,14.950997317502646
0.1,3,30,53,Unscaled,Gaussian,cqr,raw,0.5,0.0,2,4.485391022895278,5.147000609118703,14.77939224113267
0.1,3,30,53,Unscaled,Gaussian,cqr,raw,0.5,0.0,3,3.4401700636687944,5.147000609118703,13.734171281906201
0.1,3,30,53,Empirical_copula,Gaussian,cqr,raw,0.5,0.0,1,4.656996099265252,6.014688202965453,16.68637250519614
0.1,3,30,53,Empirical_copula,Gaussian,cqr,raw,0.5,0.0,2,4.485391022895278,3.757299718508417,11.999990459912114
0.1,3,30,53,Empirical_copula,Gaussian,cqr,raw,0.5,0.0,3,3.4401700636687944,3.2518936120870467,9.943957287842878
0.1,3,30,54,CQHR,Gaussian,cqr,native,0.5,0.0,1,4.680086512556769,20.86250680529326,46.40510012314295
0.1,3,30,54,CQHR,Gaussian,cqr,native,0.5,0.0,2,4.5903327585256894,34.76871713745046,74.12776703342655
0.1,3,30,54,CQHR,Gaussian,cqr,native,0.5,0.0,3,3.5429950158347174,26.550701022032133,56.644397059898985
0.1,3,30,54,TSCP_R,Gaussian,cqr,capped,0.5,0.0,1,4.680086512556769,5.595382944529576,15.870852401615906
0.1,3,30,54,TSCP_R,Gaussian,cqr,capped,0.5,0.0,2,4.5903327585256894,6.559968232354484,17.710269223234654
0.1,3,30,54,TSCP_R,Gaussian,cqr,capped,0.5,0.0,3,3.5429950158347174,3.151768196922718,9.84653140968016
0.1,3,30,54,Unscaled,Gaussian,cqr,raw,0.5,0.0,1,4.680086512556769,5.515981956471733,15.712050425500225
0.1,3,30,54,Unscaled,Gaussian,cqr,raw,0.5,0.0,2,4.5903327585256894,5.515981956471733,15.622296671469142
0.1,3,30,54,Unscaled,Gaussian,cqr,raw,0.5,0.0,3,3.5429950158347174,5.515981956471733,14.574958928778182
0.1,3,30,54,Empirical_copula,Gaussian,cqr,raw,0.5,0.0,1,4.680086512556769,4.808723333326747,14.297533179210255
0.1,3,30,54,Empirical_copula,Gaussian,cqr,raw,0.5,0.0,2,4.5903327585256894,5.571151744943673,15.732636248413021
0.1,3,30,54,Empirical_copula,Gaussian,cqr,raw,0.5,0.0,3,3.5429950158347174,1.8542395589772926,7.251474133789299
0.1,3,30,55,CQHR,Gaussian,cqr,native,0.5,0.0,1,4.59397444103485,29.447554448266626,63.489083337568275
0.1,3,30,55,CQHR,Gaussian,cqr,native,0.5,0.0,2,4.392597271806385,56.45009842488974,117.29279412158571
0.1,3,30,55,CQHR,Gaussian,cqr,native,0.5,0.0,3,3.0868744520124936,26.517071669257174,56.12101779052681
0.1,3,30,55,TSCP_R,Gaussian,cqr,capped,0.5,0.0,1,4.59397444103485,7.398488401007036,19.390951243048928
0.1,3,30,55,TSCP_R,Gaussian,cqr,capped,0.5,0.0,2,4.392597271806385,5.0461442287535645,14.484885729313516
0.1,3,30,55,TSCP_R,Gaussian,cqr,capped,0.5,0.0,3,3.0868744520124936,6.100390649292053,15.28765575059659
0.1,3,30,55,Unscaled,Gaussian,cqr,raw,0.5,0.0,1,4.59397444103485,5.134925019802214,14.863824480639268
0.1,3,30,55,Unscaled,Gaussian,cqr,raw,0.5,0.0,2,4.392597271806385,5.134925019802214,14.662447311410824
0.1,3,30,55,Unscaled,Gaussian,cqr,raw,0.5,0.0,3,3.0868744520124936,5.134925019802214,13.356724491616914
0.1,3,30,55,Empirical_copula,Gaussian,cqr,raw,0.5,0.0,1,4.59397444103485,5.1349250197827505,14.863824480600345
0.1,3,30,55,Empirical_copula,Gaussian,cqr,raw,0.5,0.0,2,4.392597271806385,4.588849633333433,13.570296538473256
0.1,3,30,55,Empirical_copula,Gaussian,cqr,raw,0.5,0.0,3,3.0868744520124936,2.1395340532182487,7.365942558448996
0.1,3,30,56,CQHR,Gaussian,cqr,native,0.5,0.0,1,4.859913364047968,17.753967869802434,40.36784910365269
0.1,3,30,56,CQHR,Gaussian,cqr,native,0.5,0.0,2,4.470219591928213,19.767945320823866,44.00611023357592
0.1,3,30,56,CQHR,Gaussian,cqr,native,0.5,0.0,3,3.637411971737176,15.192276139437196,34.02196425061157
0.1,3,30,56,TSCP_R,Gaussian,cqr,capped,0.5,0.0,1,4.859913364047968,6.875311486035599,18.610536336119168
0.1,3,30,56,TSCP_R,Gaussian,cqr,capped,0.5,0.0,2,4.470219591928213,8.398558234933686,21.267336061795575
0.1,3,30,56,TSCP_R,Gaussian,cqr,capped,0.5,0.0,3,3.637411971737176,4.945052646291954,13.527517264321082
0.1,3,30,56,Unscaled,Gaussian,cqr,raw,0.5,0.0,1,4.859913364047968,7.0412369579215985,18.94238727989117
0.1,3,30,56,Unscaled,Gaussian,cqr,raw,0.5,0.0,2,4.470219591928213,7.0412369579215985,18.552693507771423
0.1,3,30,56,Unscaled,Gaussian,cqr,raw,0.5,0.0,3,3.637411971737176,7.0412369579215985,17.71988588758038
0.1,3,30,56,Empirical_copula,Gaussian,cqr,raw,0.5,0.0,1,4.859913364047968,5.392326799642806,15.644566963333581
0.1,3,30,56,Empirical_copula,Gaussian,cqr,raw,0.5,0.0,2,4.470219591928213,7.066443130252061,18.603105852432346
0.1,3,30,56,Empirical_copula,Gaussian,cqr,raw,0.5,0.0,3,3.637411971737176,4.189717746256644,12.016847464250464
0.1,3,30,57,CQHR,Gaussian,cqr,native,0.5,0.0,1,4.748386656469814,13.272593651708851,31.293573959887283
0.1,3,30,57,CQHR,Gaussian,cqr,native,0.5,0.0,2,4.25391929163145,14.972468782874214,34.19885685737986
0.1,3,30,57,CQHR,Gaussian,cqr,native,0.5,0.0,3,3.3077126261890744,11.34803394793405,26.003780522057166
0.1,3,30,57,TSCP_R,Gaussian,cqr,capped,0.5,0.0,1,4.748386656469814,9.845783153555429,24.439952963580666
0.1,3,30,57,TSCP_R,Gaussian,cqr,capped,0.5,0.0,2,4.25391929163145,6.693805480179171,17.641530251989817
0.1,3,30,57,TSCP_R,Gaussian,cqr,capped,0.5,0.0,3,3.3077126261890744,3.790552098582994,10.888816823355059
0.1,3,30,57,Unscaled,Gaussian,cqr,raw,0.5,0.0,1,4.748386656469814,6.662832820001333,18.074052296472484
0.1,3,30,57,Unscaled,Gaussian,cqr,raw,0.5,0.0,2,4.25391929163145,6.662832820001333,17.57958493163411
0.1,3,30,57,Unscaled,Gaussian,cqr,raw,0.5,0.0,3,3.3077126261890744,6.662832820001333,16.63337826619173
0.1,3,30,57,Empirical_copula,Gaussian,cqr,raw,0.5,0.0,1,4.748386656469814,7.16432090504288,19.077028466555557
0.1,3,30,57,Empirical_copula,Gaussian,cqr,raw,0.5,0.0,2,4.25391929163145,3.7279108191043795,11.709740929840217
0.1,3,30,57,Empirical_copula,Gaussian,cqr,raw,0.5,0.0,3,3.3077126261890744,3.7497710308549888,10.80725468789905
0.1,3,30,58,CQHR,Gaussian,cqr,native,0.5,0.0,1,4.673379317702195,12.383918637560074,29.441216592822517
0.1,3,30,58,CQHR,Gaussian,cqr,native,0.5,0.0,2,4.250707634730806,32.17666361700492,68.60403486874053
0.1,3,30,58,CQHR,Gaussian,cqr,native,0.5,0.0,3,3.4320729659596867,15.350958434359564,34.13398983467885
0.1,3,30,58,TSCP_R,Gaussian,cqr,capped,0.5,0.0,1,4.673379317702195,6.557128314185608,17.78763594607342
0.1,3,30,58,TSCP_R,Gaussian,cqr,capped,0.5,0.0,2,4.250707634730806,15.103032451712018,34.45677253815485
0.1,3,30,58,TSCP_R,Gaussian,cqr,capped,0.5,0.0,3,3.4320729659596867,6.113733313636783,15.659539593233252
0.1,3,30,58,Unscaled,Gaussian,cqr,raw,0.5,0.0,1,4.673379317702195,6.020901334604335,16.71518198691088
0.1,3,30,58,Unscaled,Gaussian,cqr,raw,0.5,0.0,2,4.250707634730806,6.020901334604335,16.292510303939483
0.1,3,30,58,Unscaled,Gaussian,cqr,raw,0.5,0.0,3,3.4320729659596867,6.020901334604335,15.473875635168334
0.1,3,30,58,Empirical_copula,Gaussian,cqr,raw,0.5,0.0,1,4.673379317702195,3.3973048714281284,11.467989060558464
0.1,3,30,58,Empirical_copula,Gaussian,cqr,raw,0.5,0.0,2,4.250707634730806,3.6263138454189985,11.503335325568788
0.1,3,30,58,Empirical_copula,Gaussian,cqr,raw,0.5,0.0,3,3.4320729659596867,6.020901334522058,15.473875635003806
0.1,3,30,59,CQHR,Gaussian,cqr,native,0.5,0.0,1,4.823507448232847,5.622092261447829,16.067691971128404
0.1,3,30,59,CQHR,Gaussian,cqr,native,0.5,0.0,2,4.227466078113771,6.40784323443035,17.04315254697447
0.1,3,30,59,CQHR,Gaussian,cqr,native,0.5,0.0,3,3.5547126894680967,5.069511358513426,13.69373540649495
0.1,3,30,59,TSCP_R,Gaussian,cqr,capped,0.5,0.0,1,4.823507448232847,11.474604052689706,27.772715553612283
0.1,3,30,59,TSCP_R,Gaussian,cqr,capped,0.5,0.0,2,4.227466078113771,5.341521409304539,14.910508896722853
0.1,3,30,59,TSCP_R,Gaussian,cqr,capped,0.5,0.0,3,3.5547126894680967,4.1584683986729605,11.871649486814027
0.1,3,30,59,Unscaled,Gaussian,cqr,raw,0.5,0.0,1,4.823507448232847,4.9528494356663115,14.729206319565467
0.1,3,30,59,Unscaled,Gaussian,cqr,raw,0.5,0.0,2,4.227466078113771,4.9528494356663115,14.133164949446398
0.1,3,30,59,Unscaled,Gaussian,cqr,raw,0.5,0.0,3,3.5547126894680967,4.9528494356663115,13.460411560800718
0.1,3,30,59,Empirical_copula,Gaussian,cqr,raw,0.5,0.0,1,4.823507448232847,4.952849435622424,14.729206319477722
0.1,3,30,59,Empirical_copula,Gaussian,cqr,raw,0.5,0.0,2,4.227466078113771,3.123479564414426,10.474425206942627
0.1,3,30,59,Empirical_copula,Gaussian,cqr,raw,0.5,0.0,3,3.5547126894680967,1.9178403001418527,7.39039328975181
0.1,3,30,60,CQHR,Gaussian,cqr,native,0.5,0.0,1,4.749828509694185,13.106315271579893,30.962459052854367
0.1,3,30,60,CQHR,Gaussian,cqr,native,0.5,0.0,2,4.43576955509647,17.27313378393934,38.982037122975164
0.1,3,30,60,CQHR,Gaussian,cqr,native,0.5,0.0,3,3.75484669030268,13.60413472635426,30.963116143011213
0.1,3,30,60,TSCP_R,Gaussian,cqr,capped,0.5,0.0,1,4.749828509694185,9.272385658142879,23.294599825979944
0.1,3,30,60,TSCP_R,Gaussian,cqr,capped,0.5,0.0,2,4.43576955509647,6.330568914152732,17.096907383401945
0.1,3,30,60,TSCP_R,Gaussian,cqr,capped,0.5,0.0,3,3.75484669030268,7.4110406351289635,18.576927960560592
0.1,3,30,60,Unscaled,Gaussian,cqr,raw,0.5,0.0,1,4.749828509694185,6.322924322217415,17.395677154129007
0.1,3,30,60,Unscaled,Gaussian,cqr,raw,0.5,0.0,2,4.43576955509647,6.322924322217415,17.08161819953128
0.1,3,30,60,Unscaled,Gaussian,cqr,raw,0.5,0.0,3,3.75484669030268,6.322924322217415,16.40069533473751
0.1,3,30,60,Empirical_copula,Gaussian,cqr,raw,0.5,0.0,1,4.749828509694185,6.481259952307035,17.71234841430825
0.1,3,30,60,Empirical_copula,Gaussian,cqr,raw,0.5,0.0,2,4.43576955509647,6.27215785028476,16.98008525566598
0.1,3,30,60,Empirical_copula,Gaussian,cqr,raw,0.5,0.0,3,3.75484669030268,4.847327470340856,13.449501630984402
0.1,3,30,61,CQHR,Gaussian,cqr,native,0.5,0.0,1,4.656886147656851,42.96667409779271,90.5902343432425
0.1,3,30,61,CQHR,Gaussian,cqr,native,0.5,0.0,2,4.251946842758119,58.9529983373476,122.15794351745325
0.1,3,30,61,CQHR,Gaussian,cqr,native,0.5,0.0,3,3.263499782258319,46.10628530638822,95.47607039503467
0.1,3,30,61,TSCP_R,Gaussian,cqr,capped,0.5,0.0,1,4.656886147656851,6.01967422142273,16.69623459050233
0.1,3,30,61,TSCP_R,Gaussian,cqr,capped,0.5,0.0,2,4.251946842758119,5.419992953475031,15.091932749708178
0.1,3,30,61,TSCP_R,Gaussian,cqr,capped,0.5,0.0,3,3.263499782258319,2.9142137661846,9.091927314627512
0.1,3,30,61,Unscaled,Gaussian,cqr,raw,0.5,0.0,1,4.656886147656851,4.360862900435688,13.378611948528237
0.1,3,30,61,Unscaled,Gaussian,cqr,raw,0.5,0.0,2,4.251946842758119,4.360862900435688,12.973672643629486
0.1,3,30,61,Unscaled,Gaussian,cqr,raw,0.5,0.0,3,3.263499782258319,4.360862900435688,11.985225583129688
0.1,3,30,61,Empirical_copula,Gaussian,cqr,raw,0.5,0.0,1,4.656886147656851,4.360862900389016,13.378611948434889
0.1,3,30,61,Empirical_copula,Gaussian,cqr,raw,0.5,0.0,2,4.251946842758119,3.9723198899648953,12.196586622687914
0.1,3,30,61,Empirical_copula,Gaussian,cqr,raw,0.5,0.0,3,3.263499782258319,2.6280585972801322,8.51961697681859
0.1,3,30,62,CQHR,Gaussian,cqr,native,0.5,0.0,1,5.016788940688682,55.65355957125569,116.32390808319933
0.1,3,30,62,CQHR,Gaussian,cqr,native,0.5,0.0,2,4.601191382954214,127.6569051422461,259.915001667447
0.1,3,30,62,CQHR,Gaussian,cqr,native,0.5,0.0,3,3.620566475726357,85.14821597012337,173.9169984159732
0.1,3,30,62,TSCP_R,Gaussian,cqr,capped,0.5,0.0,1,5.016788940688682,4.186796733981039,13.390382408650765
0.1,3,30,62,TSCP_R,Gaussian,cqr,capped,0.5,0.0,2,4.601191382954214,6.961984897673389,18.525161178300987
0.1,3,30,62,TSCP_R,Gaussian,cqr,capped,0.5,0.0,3,3.620566475726357,3.8829891285294083,11.386544732785174
0.1,3,30,62,Unscaled,Gaussian,cqr,raw,0.5,0.0,1,5.016788940688682,4.11644942106062,13.249687782809918
0.1,3,30,62,Unscaled,Gaussian,cqr,raw,0.5,0.0,2,4.601191382954214,4.11644942106062,12.834090225075462
0.1,3,30,62,Unscaled,Gaussian,cqr,raw,0.5,0.0,3,3.620566475726357,4.11644942106062,11.853465317847604
0.1,3,30,62,Empirical_copula,Gaussian,cqr,raw,0.5,0.0,1,5.016788940688682,4.116449421041157,13.249687782771002
0.1,3,30,62,Empirical_copula,Gaussian,cqr,raw,0.5,0.0,2,4.601191382954214,4.105365736575024,12.811922856104275
0.1,3,30,62,Empirical_copula,Gaussian,cqr,raw,0.5,0.0,3,3.620566475726357,2.5465826334843276,8.713731742695018
0.1,3,30,63,CQHR,Gaussian,cqr,native,0.5,0.0,1,4.769528026085954,28.898605430147455,62.56673888638059
0.1,3,30,63,CQHR,Gaussian,cqr,native,0.5,0.0,2,4.6046176600048865,89.62099049650088,183.84659865300682
0.1,3,30,63,CQHR,Gaussian,cqr,native,0.5,0.0,3,3.5383560205879547,73.34587080323064,150.23009762704902
0.1,3,30,63,TSCP_R,Gaussian,cqr,capped,0.5,0.0,1,4.769528026085954,10.059641330080883,24.88881068624771
0.1,3,30,63,TSCP_R,Gaussian,cqr,capped,0.5,0.0,2,4.6046176600048865,6.4560838343824125,17.516785328769696
0.1,3,30,63,TSCP_R,Gaussian,cqr,capped,0.5,0.0,3,3.5383560205879547,6.679634513460671,16.897625047509308
0.1,3,30,63,Unscaled,Gaussian,cqr,raw,0.5,0.0,1,4.769528026085954,6.556827504203323,17.883183034492586
0.1,3,30,63,Unscaled,Gaussian,cqr,raw,0.5,0.0,2,4.6046176600048865,6.556827504203323,17.71827266841153
0.1,3,30,63,Unscaled,Gaussian,cqr,raw,0.5,0.0,3,3.5383560205879547,6.556827504203323,16.652011028994597
0.1,3,30,63,Empirical_copula,Gaussian,cqr,raw,0.5,0.0,1,4.769528026085954,9.935347716175063,24.64022345843608
0.1,3,30,63,Empirical_copula,Gaussian,cqr,raw,0.5,0.0,2,4.6046176600048865,3.682408555436707,11.969434770878308
0.1,3,30,63,Empirical_copula,Gaussian,cqr,raw,0.5,0.0,3,3.5383560205879547,4.565902270321434,12.670160561230835
0.1,3,30,64,CQHR,Gaussian,cqr,native,0.5,0.0,1,4.639853831823218,36.06337192264125,76.76659767710545
0.1,3,30,64,CQHR,Gaussian,cqr,native,0.5,0.0,2,4.485685911665592,53.901514183417184,112.28871427849978
0.1,3,30,64,CQHR,Gaussian,cqr,native,0.5,0.0,3,3.5846502036913033,38.84885727534602,81.28236475438335
0.1,3,30,64,TSCP_R,Gaussian,cqr,capped,0.5,0.0,1,4.639853831823218,7.975595524675521,20.591044881174245
0.1,3,30,64,TSCP_R,Gaussian,cqr,capped,0.5,0.0,2,4.485685911665592,8.31826157125923,21.122209054184
0.1,3,30,64,TSCP_R,Gaussian,cqr,capped,0.5,0.0,3,3.5846502036913033,6.5181006237043375,16.620851451099988
0.1,3,30,64,Unscaled,Gaussian,cqr,raw,0.5,0.0,1,4.639853831823218,6.675436499474779,17.990726830772797
0.1,3,30,64,Unscaled,Gaussian,cqr,raw,0.5,0.0,2,4.485685911665592,6.675436499474779,17.83655891061513
0.1,3,30,64,Unscaled,Gaussian,cqr,raw,0.5,0.0,3,3.5846502036913033,6.675436499474779,16.935523202640866
0.1,3,30,64,Empirical_copula,Gaussian,cqr,raw,0.5,0.0,1,4.639853831823218,6.128168861661244,16.896191555145716
0.1,3,30,64,Empirical_copula,Gaussian,cqr,raw,0.5,0.0,2,4.485685911665592,5.900889278333739,16.287464468333063
0.1,3,30,64,Empirical_copula,Gaussian,cqr,raw,0.5,0.0,3,3.5846502036913033,5.557411943985038,14.699474091661378
0.1,3,30,65,CQHR,Gaussian,cqr,native,0.5,0.0,1,4.5759675666720225,34.52785771543893,73.63168299755053
0.1,3,30,65,CQHR,Gaussian,cqr,native,0.5,0.0,2,4.414910333350158,40.927256887017435,86.26942410738508
0.1,3,30,65,CQHR,Gaussian,cqr,native,0.5,0.0,3,3.4356778121950113,30.28886648257172,64.01341077733835
0.1,3,30,65,TSCP_R,Gaussian,cqr,capped,0.5,0.0,1,4.5759675666720225,5.5313456125315215,15.638658791735057
0.1,3,30,65,TSCP_R,Gaussian,cqr,capped,0.5,0.0,2,4.414910333350158,5.035062217123455,14.485034767597071
0.1,3,30,65,TSCP_R,Gaussian,cqr,capped,0.5,0.0,3,3.4356778121950113,2.4462432542031154,8.328164320601244
0.1,3,30,65,Unscaled,Gaussian,cqr,raw,0.5,0.0,1,4.5759675666720225,2.979790653959058,10.535548874590152
0.1,3,30,65,Unscaled,Gaussian,cqr,raw,0.5,0.0,2,4.414910333350158,2.979790653959058,10.374491641268275
0.1,3,30,65,Unscaled,Gaussian,cqr,raw,0.5,0.0,3,3.4356778121950113,2.979790653959058,9.395259120113126
0.1,3,30,65,Empirical_copula,Gaussian,cqr,raw,0.5,0.0,1,4.5759675666720225,2.9054178770764714,10.386803320824956
0.1,3,30,65,Empirical_copula,Gaussian,cqr,raw,0.5,0.0,2,4.414910333350158,2.9797906539526764,10.374491641255508
0.1,3,30,65,Empirical_copula,Gaussian,cqr,raw,0.5,0.0,3,3.4356778121950113,2.158354824780999,7.752387461756995
0.1,3,30,66,CQHR,Gaussian,cqr,native,0.5,0.0,1,4.788979969312654,10.1081255413755,25.005231052063518
0.1,3,30,66,CQHR,Gaussian,cqr,native,0.5,0.0,2,4.400012546275153,12.708333853502848,29.816680253280822
0.1,3,30,66,CQHR,Gaussian,cqr,native,0.5,0.0,3,3.631334842590274,9.736879612166556,23.105094066923378
0.1,3,30,66,TSCP_R,Gaussian,cqr,capped,0.5,0.0,1,4.788979969312654,7.918291797853307,20.625563565019256
0.1,3,30,66,TSCP_R,Gaussian,cqr,capped,0.5,0.0,2,4.400012546275153,4.598677145766324,13.597366837807813
0.1,3,30,66,TSCP_R,Gaussian,cqr,capped,0.5,0.0,3,3.631334842590274,3.4284209973112976,10.48817683721286
0.1,3,30,66,Unscaled,Gaussian,cqr,raw,0.5,0.0,1,4.788979969312654,4.322844570290609,13.434669109893884
0.1,3,30,66,Unscaled,Gaussian,cqr,raw,0.5,0.0,2,4.400012546275153,4.322844570290609,13.045701686856377
0.1,3,30,66,Unscaled,Gaussian,cqr,raw,0.5,0.0,3,3.631334842590274,4.322844570290609,12.277023983171501
0.1,3,30,66,Empirical_copula,Gaussian,cqr,raw,0.5,0.0,1,4.788979969312654,7.820263558186571,20.429507085685795
0.1,3,30,66,Empirical_copula,Gaussian,cqr,raw,0.5,0.0,2,4.400012546275153,3.1804279657302725,10.760868477735713
0.1,3,30,66,Empirical_copula,Gaussian,cqr,raw,0.5,0.0,3,3.631334842590274,2.646627154015621,8.924589150621522
0.1,3,30,67,CQHR,Gaussian,cqr,native,0.5,0.0,1,4.751233141991869,82.43590193351883,169.62303700902976
0.1,3,30,67,CQHR,Gaussian,cqr,native,0.5,0.0,2,4.611726805391106,109.85396239491502,224.31965159522142
0.1,3,30,67,CQHR,Gaussian,cqr,native,0.5,0.0,3,3.54661245647298,78.58394322007345,160.71449889661992
0.1,3,30,67,TSCP_R,Gaussian,cqr,capped,0.5,0.0,1,4.751233141991869,3.9737121940150786,12.698657530022029
0.1,3,30,67,TSCP_R,Gaussian,cqr,capped,0.5,0.0,2,4.611726805391106,10.567696539476408,25.747119884343945
0.1,3,30,67,TSCP_R,Gaussian,cqr,capped,0.5,0.0,3,3.54661245647298,4.888949338675192,13.324511133823373
0.1,3,30,67,Unscaled,Gaussian,cqr,raw,0.5,0.0,1,4.751233141991869,4.662989399924733,14.077211941841334
0.1,3,30,67,Unscaled,Gaussian,cqr,raw,0.5,0.0,2,4.611726805391106,4.662989399924733,13.937705605240577
0.1,3,30,67,Unscaled,Gaussian,cqr,raw,0.5,0.0,3,3.54661245647298,4.662989399924733,12.872591256322444
0.1,3,30,67,Empirical_copula,Gaussian,cqr,raw,0.5,0.0,1,4.751233141991869,3.3222338433472824,11.395700828686437
0.1,3,30,67,Empirical_copula,Gaussian,cqr,raw,0.5,0.0,2,4.611726805391106,4.66298939988928,13.937705605169674
0.1,3,30,67,Empirical_copula,Gaussian,cqr,raw,0.5,0.0,3,3.54661245647298,3.1428419976520274,9.832296451777045
0.1,3,30,68,CQHR,Gaussian,cqr,native,0.5,0.0,1,4.8845449342778515,6.844383606593027,18.573312147463735
0.1,3,30,68,CQHR,Gaussian,cqr,native,0.5,0.0,2,4.474203461651269,8.185719032881105,20.84564152741349
0.1,3,30,68,CQHR,Gaussian,cqr,native,0.5,0.0,3,3.5381449149181967,6.017864110938283,15.57387313679477
0.1,3,30,68,TSCP_R,Gaussian,cqr,capped,0.5,0.0,1,4.8845449342778515,5.484274892684441,15.853094719646718
0.1,3,30,68,TSCP_R,Gaussian,cqr,capped,0.5,0.0,2,4.474203461651269,7.629518879217483,19.73324122008623
0.1,3,30,68,TSCP_R,Gaussian,cqr,capped,0.5,0.0,3,3.5381449149181967,4.823319076202105,13.184783067322403
0.1,3,30,68,Unscaled,Gaussian,cqr,raw,0.5,0.0,1,4.8845449342778515,6.2375771344341215,17.359699203146096
0.1,3,30,68,Unscaled,Gaussian,cqr,raw,0.5,0.0,2,4.474203461651269,6.2375771344341215,16.949357730519516
0.1,3,30,68,Unscaled,Gaussian,cqr,raw,0.5,0.0,3,3.5381449149181967,6.2375771344341215,16.013299183786444
0.1,3,30,68,Empirical_copula,Gaussian,cqr,raw,0.5,0.0,1,4.8845449342778515,5.197645964646306,15.279836863570475
0.1,3,30,68,Empirical_copula,Gaussian,cqr,raw,0.5,0.0,2,4.474203461651269,6.5504809127608965,17.575165287173068
0.1,3,30,68,Empirical_copula,Gaussian,cqr,raw,0.5,0.0,3,3.5381449149181967,4.670147543159516,12.878440001237234
0.1,3,30,69,CQHR,Gaussian,cqr,native,0.5,0.0,1,4.653875693752177,9.888226840352877,24.43032937445785
0.1,3,30,69,CQHR,Gaussian,cqr,native,0.5,0.0,2,4.457337586514147,19.8682367613924,44.19381110929891
0.1,3,30,69,CQHR,Gaussian,cqr,native,0.5,0.0,3,3.5289771901496034,12.813410388520953,29.15579796719149
0.1,3,30,69,TSCP_R,Gaussian,cqr,capped,0.5,0.0,1,4.653875693752177,9.287126648174096,23.228128990100384
0.1,3,30,69,TSCP_R,Gaussian,cqr,capped,0.5,0.0,2,4.457337586514147,8.690098299568877,21.83753418565189
0.1,3,30,69,TSCP_R,Gaussian,cqr,capped,0.5,0.0,3,3.5289771901496034,6.0872216437129385,15.703420477575497
0.1,3,30,69,Unscaled,Gaussian,cqr,raw,0.5,0.0,1,4.653875693752177,8.564730235941859,21.783336165635916
0.1,3,30,69,Unscaled,Gaussian,cqr,raw,0.5,0.0,2,4.457337586514147,8.564730235941859,21.586798058397868
0.1,3,30,69,Unscaled,Gaussian,cqr,raw,0.5,0.0,3,3.5289771901496034,8.564730235941859,20.658437662033325
0.1,3,30,69,Empirical_copula,Gaussian,cqr,raw,0.5,0.0,1,4.653875693752177,6.993032189488336,18.639940072728844
0.1,3,30,69,Empirical_copula,Gaussian,cqr,raw,0.5,0.0,2,4.457337586514147,8.564730235929048,21.586798058372235
0.1,3,30,69,Empirical_copula,Gaussian,cqr,raw,0.5,0.0,3,3.5289771901496034,3.645582360355416,10.82014191086044
0.1,3,30,70,CQHR,Gaussian,cqr,native,0.5,0.0,1,4.707563353409199,7.241409689143999,19.19038273169723
0.1,3,30,70,CQHR,Gaussian,cqr,native,0.5,0.0,2,4.329724188553502,8.677090857941952,21.683905904437395
0.1,3,30,70,CQHR,Gaussian,cqr,native,0.5,0.0,3,3.413894712644613,6.3112482914061685,16.03639129545694
0.1,3,30,70,TSCP_R,Gaussian,cqr,capped,0.5,0.0,1,4.707563353409199,7.029368626991202,18.766300607391596
0.1,3,30,70,TSCP_R,Gaussian,cqr,capped,0.5,0.0,2,4.329724188553502,6.33396204986214,16.997648288277777
0.1,3,30,70,TSCP_R,Gaussian,cqr,capped,0.5,0.0,3,3.413894712644613,3.7743163272675107,10.96252736717961
0.1,3,30,70,Unscaled,Gaussian,cqr,raw,0.5,0.0,1,4.707563353409199,5.494891123118819,15.697345599646832
0.1,3,30,70,Unscaled,Gaussian,cqr,raw,0.5,0.0,2,4.329724188553502,5.494891123118819,15.31950643479115
0.1,3,30,70,Unscaled,Gaussian,cqr,raw,0.5,0.0,3,3.413894712644613,5.494891123118819,14.403676958882254
0.1,3,30,70,Empirical_copula,Gaussian,cqr,raw,0.5,0.0,1,4.707563353409199,5.494891123106008,15.697345599621203
0.1,3,30,70,Empirical_copula,Gaussian,cqr,raw,0.5,0.0,2,4.329724188553502,4.4205327510677375,13.170789690688974
0.1,3,30,70,Empirical_copula,Gaussian,cqr,raw,0.5,0.0,3,3.413894712644613,3.706402583345806,10.82669987933623
0.1,3,30,71,CQHR,Gaussian,cqr,native,0.5,0.0,1,4.740230817631843,21.49202717646448,47.72428517056104
0.1,3,30,71,CQHR,Gaussian,cqr,native,0.5,0.0,2,4.305264044925487,31.76730436976676,67.83987278445909
0.1,3,30,71,CQHR,Gaussian,cqr,native,0.5,0.0,3,3.567299643880383,26.87218488489397,57.31166941366834
0.1,3,30,71,TSCP_R,Gaussian,cqr,capped,0.5,0.0,1,4.740230817631843,7.215931337344412,19.172093492320695
0.1,3,30,71,TSCP_R,Gaussian,cqr,capped,0.5,0.0,2,4.305264044925487,5.378821898933573,15.062907842792644
0.1,3,30,71,TSCP_R,Gaussian,cqr,capped,0.5,0.0,3,3.567299643880383,3.920467489251167,11.40823462238271
0.1,3,30,71,Unscaled,Gaussian,cqr,raw,0.5,0.0,1,4.740230817631843,5.29258977936329,15.325410376358432
0.1,3,30,71,Unscaled,Gaussian,cqr,raw,0.5,0.0,2,4.305264044925487,5.29258977936329,14.89044360365206
0.1,3,30,71,Unscaled,Gaussian,cqr,raw,0.5,0.0,3,3.567299643880383,5.29258977936329,14.152479202606983
0.1,3,30,71,Empirical_copula,Gaussian,cqr,raw,0.5,0.0,1,4.740230817631843,4.79911431523367,14.338459448099186
0.1,3,30,71,Empirical_copula,Gaussian,cqr,raw,0.5,0.0,2,4.305264044925487,4.146764223971954,12.598792492869412
0.1,3,30,71,Empirical_copula,Gaussian,cqr,raw,0.5,0.0,3,3.567299643880383,3.2642822844425368,10.09586421276546
0.1,3,30,72,CQHR,Gaussian,cqr,native,0.5,0.0,1,4.5982607468424055,32.25421107982009,69.10668290648228
0.1,3,30,72,CQHR,Gaussian,cqr,native,0.5,0.0,2,4.26946784838975,47.40268840541575,99.07484465922104
0.1,3,30,72,CQHR,Gaussian,cqr,native,0.5,0.0,3,3.397876638391661,32.748044068384154,68.89396477515997
0.1,3,30,72,TSCP_R,Gaussian,cqr,capped,0.5,0.0,1,4.5982607468424055,6.5662409044421715,17.730742555726742
0.1,3,30,72,TSCP_R,Gaussian,cqr,capped,0.5,0.0,2,4.26946784838975,4.906287315536754,14.082042479463258
0.1,3,30,72,TSCP_R,Gaussian,cqr,capped,0.5,0.0,3,3.397876638391661,3.2378249307736935,9.873526499939041
0.1,3,30,72,Unscaled,Gaussian,cqr,raw,0.5,0.0,1,4.5982607468424055,5.446530559244912,15.49132186533223
0.1,3,30,72,Unscaled,Gaussian,cqr,raw,0.5,0.0,2,4.26946784838975,5.446530559244912,15.162528966879579
0.1,3,30,72,Unscaled,Gaussian,cqr,raw,0.5,0.0,3,3.397876638391661,5.446530559244912,14.290937756881492
0.1,3,30,72,Empirical_copula,Gaussian,cqr,raw,0.5,0.0,1,4.5982607468424055,5.446530559162635,15.491321865167686
0.1,3,30,72,Empirical_copula,Gaussian,cqr,raw,0.5,0.0,2,4.26946784838975,4.633842067383117,13.53715198315599
0.1,3,30,72,Empirical_copula,Gaussian,cqr,raw,0.5,0.0,3,3.397876638391661,2.7999979397794363,8.99787251795053
0.1,3,30,73,CQHR,Gaussian,cqr,native,0.5,0.0,1,4.544683175078384,7.972948419451239,20.49058001398076
0.1,3,30,73,CQHR,Gaussian,cqr,native,0.5,0.0,2,4.296442087139403,19.382165437374663,43.06077296188871
0.1,3,30,73,CQHR,Gaussian,cqr,native,0.5,0.0,3,3.376001632041206,20.986735728836173,45.34947308971353
0.1,3,30,73,TSCP_R,Gaussian,cqr,capped,0.5,0.0,1,4.544683175078384,7.444648530460686,19.433980235999762
0.1,3,30,73,TSCP_R,Gaussian,cqr,capped,0.5,0.0,2,4.296442087139403,5.909847313353975,16.116136713847343
0.1,3,30,73,TSCP_R,Gaussian,cqr,capped,0.5,0.0,3,3.376001632041206,2.851403175378908,9.078807982799031
0.1,3,30,73,Unscaled,Gaussian,cqr,raw,0.5,0.0,1,4.544683175078384,4.745841093482182,14.036365362042755
0.1,3,30,73,Unscaled,Gaussian,cqr,raw,0.5,0.0,2,4.296442087139403,4.745841093482182,13.78812427410376
0.1,3,30,73,Unscaled,Gaussian,cqr,raw,0.5,0.0,3,3.376001632041206,4.745841093482182,12.86768381900557
0.1,3,30,73,Empirical_copula,Gaussian,cqr,raw,0.5,0.0,1,4.544683175078384,3.5817056697691356,11.708094514616665
0.1,3,30,73,Empirical_copula,Gaussian,cqr,raw,0.5,0.0,2,4.296442087139403,4.745841093419016,13.788124273977438
0.1,3,30,73,Empirical_copula,Gaussian,cqr,raw,0.5,0.0,3,3.376001632041206,2.8020027985542733,8.980007229149745
0.1,3,30,74,CQHR,Gaussian,cqr,native,0.5,0.0,1,4.777731773686562,8.329177110648669,21.436085994983767
0.1,3,30,74,CQHR,Gaussian,cqr,native,0.5,0.0,2,4.347833705405326,11.600609688756332,27.54905308291802
0.1,3,30,74,CQHR,Gaussian,cqr,native,0.5,0.0,3,3.4753408185338057,9.136603890212163,21.74854859895814
0.1,3,30,74,TSCP_R,Gaussian,cqr,capped,0.5,0.0,1,4.777731773686562,4.265767898475617,13.309267570637815
0.1,3,30,74,TSCP_R,Gaussian,cqr,capped,0.5,0.0,2,4.347833705405326,3.8237842565903293,11.995402218585983
0.1,3,30,74,TSCP_R,Gaussian,cqr,capped,0.5,0.0,3,3.4753408185338057,1.4323875274170033,6.340115873367813
0.1,3,30,74,Unscaled,Gaussian,cqr,raw,0.5,0.0,1,4.777731773686562,3.5865735152615708,11.950878804209717
0.1,3,30,74,Unscaled,Gaussian,cqr,raw,0.5,0.0,2,4.347833705405326,3.5865735152615708,11.520980735928472
0.1,3,30,74,Unscaled,Gaussian,cqr,raw,0.5,0.0,3,3.4753408185338057,3.5865735152615708,10.648487849056949
0.1,3,30,74,Empirical_copula,Gaussian,cqr,raw,0.5,0.0,1,4.777731773686562,3.5865735151829643,11.950878804052483
0.1,3,30,74,Empirical_copula,Gaussian,cqr,raw,0.5,0.0,2,4.347833705405326,3.3492761319383924,11.046385969282111
0.1,3,30,74,Empirical_copula,Gaussian,cqr,raw,0.5,0.0,3,3.4753408185338057,1.3590763157630423,6.19349345005989
0.1,3,30,75,CQHR,Gaussian,cqr,native,0.5,0.0,1,4.905558895222428,10.415998742377509,25.737556379977594
0.1,3,30,75,CQHR,Gaussian,cqr,native,0.5,0.0,2,4.384423325625799,25.068517169607535,54.521457664840916
0.1,3,30,75,CQHR,Gaussian,cqr,native,0.5,0.0,3,3.655114348278926,12.765265283774262,29.18564491582748
0.1,3,30,75,TSCP_R,Gaussian,cqr,capped,0.5,0.0,1,4.905558895222428,7.067795189483068,19.041149274188562
0.1,3,30,75,TSCP_R,Gaussian,cqr,capped,0.5,0.0,2,4.384423325625799,4.240141979462477,12.864707284550748
0.1,3,30,75,TSCP_R,Gaussian,cqr,capped,0.5,0.0,3,3.655114348278926,8.600189552578556,20.855493453436043
0.1,3,30,75,Unscaled,Gaussian,cqr,raw,0.5,0.0,1,4.905558895222428,6.220499387561975,17.34655767034638
0.1,3,30,75,Unscaled,Gaussian,cqr,raw,0.5,0.0,2,4.384423325625799,6.220499387561975,16.825422100749737
0.1,3,30,75,Unscaled,Gaussian,cqr,raw,0.5,0.0,3,3.655114348278926,6.220499387561975,16.096113123402866
0.1,3,30,75,Empirical_copula,Gaussian,cqr,raw,0.5,0.0,1,4.905558895222428,5.24899540624039,15.403549707703208
0.1,3,30,75,Empirical_copula,Gaussian,cqr,raw,0.5,0.0,2,4.384423325625799,2.8780457838145144,10.140514893254835
0.1,3,30,75,Empirical_copula,Gaussian,cqr,raw,0.5,0.0,3,3.655114348278926,6.220499387498808,16.09611312327654
0.1,3,30,76,CQHR,Gaussian,cqr,native,0.5,0.0,1,4.550411095805473,9.99395915234916,24.538329400503937
0.1,3,30,76,CQHR,Gaussian,cqr,native,0.5,0.0,2,4.152597427847728,13.36585968503821,30.884316797924104
0.1,3,30,76,CQHR,Gaussian,cqr,native,0.5,0.0,3,3.4003585706519917,10.376244652470891,24.152847875593775
0.1,3,30,76,TSCP_R,Gaussian,cqr,capped,0.5,0.0,1,4.550411095805473,3.6167310116781852,11.783873119161845
0.1,3,30,76,TSCP_R,Gaussian,cqr,capped,0.5,0.0,2,4.152597427847728,4.8435183559100405,13.839634139667794
0.1,3,30,76,TSCP_R,Gaussian,cqr,capped,0.5,0.0,3,3.4003585706519917,2.638515862648989,8.677390295949962
0.1,3,30,76,Unscaled,Gaussian,cqr,raw,0.5,0.0,1,4.550411095805473,3.5647316020302737,11.679874299866023
0.1,3,30,76,Unscaled,Gaussian,cqr,raw,0.5,0.0,2,4.152597427847728,3.5647316020302737,11.28206063190827
0.1,3,30,76,Unscaled,Gaussian,cqr,raw,0.5,0.0,3,3.4003585706519917,3.5647316020302737,10.529821774712538
0.1,3,30,76,Empirical_copula,Gaussian,cqr,raw,0.5,0.0,1,4.550411095805473,3.2321635779092492,11.014738251623982
0.1,3,30,76,Empirical_copula,Gaussian,cqr,raw,0.5,0.0,2,4.152597427847728,3.842776097681984,11.838149623211677
0.1,3,30,76,Empirical_copula,Gaussian,cqr,raw,0.5,0.0,3,3.4003585706519917,2.079811731985732,7.559982034623465
0.1,3,30,77,CQHR,Gaussian,cqr,native,0.5,0.0,1,4.64642611221962,8.118052899111719,20.882531910443063
0.1,3,30,77,CQHR,Gaussian,cqr,native,0.5,0.0,2,4.326571628870557,13.35738660600053,31.041344840871588
0.1,3,30,77,CQHR,Gaussian,cqr,native,0.5,0.0,3,3.421277069444649,8.229775302352381,19.880827674149423
0.1,3,30,77,TSCP_R,Gaussian,cqr,capped,0.5,0.0,1,4.64642611221962,7.425888380189736,19.4982028725991
0.1,3,30,77,TSCP_R,Gaussian,cqr,capped,0.5,0.0,2,4.326571628870557,5.629351837555107,15.585275303980763
0.1,3,30,77,TSCP_R,Gaussian,cqr,capped,0.5,0.0,3,3.421277069444649,3.0936287728413783,9.608534615127404
0.1,3,30,77,Unscaled,Gaussian,cqr,raw,0.5,0.0,1,4.64642611221962,5.322714126701949,15.291854365623506
0.1,3,30,77,Unscaled,Gaussian,cqr,raw,0.5,0.0,2,4.326571628870557,5.322714126701949,14.971999882274433
0.1,3,30,77,Unscaled,Gaussian,cqr,raw,0.5,0.0,3,3.421277069444649,5.322714126701949,14.06670532284855
0.1,3,30,77,Empirical_copula,Gaussian,cqr,raw,0.5,0.0,1,4.64642611221962,4.958941673134795,14.564309458489209
0.1,3,30,77,Empirical_copula,Gaussian,cqr,raw,0.5,0.0,2,4.326571628870557,5.537276706665093,15.401125042200745
0.1,3,30,77,Empirical_copula,Gaussian,cqr,raw,0.5,0.0,3,3.421277069444649,2.4075137662827046,8.23630460201005
0.1,3,30,78,CQHR,Gaussian,cqr,native,0.5,0.0,1,4.7846200478133625,18.10899174165556,41.002603531124215
0.1,3,30,78,CQHR,Gaussian,cqr,native,0.5,0.0,2,4.457588676185591,22.776803454922078,50.01119558602971
0.1,3,30,78,CQHR,Gaussian,cqr,native,0.5,0.0,3,3.6236712077735276,17.65942493790874,38.94252108359103
0.1,3,30,78,TSCP_R,Gaussian,cqr,capped,0.5,0.0,1,4.7846200478133625,4.50018642294695,13.784992893707264
0.1,3,30,78,TSCP_R,Gaussian,cqr,capped,0.5,0.0,2,4.457588676185591,5.080706297179177,14.619001270543952
0.1,3,30,78,TSCP_R,Gaussian,cqr,capped,0.5,0.0,3,3.6236712077735276,4.36927599176423,12.362223191301997
0.1,3,30,78,Unscaled,Gaussian,cqr,raw,0.5,0.0,1,4.7846200478133625,4.406879887928693,13.598379823670752
0.1,3,30,78,Unscaled,Gaussian,cqr,raw,0.5,0.0,2,4.457588676185591,4.406879887928693,13.271348452042973
0.1,3,30,78,Unscaled,Gaussian,cqr,raw,0.5,0.0,3,3.6236712077735276,4.406879887928693,12.437430983630925
0.1,3,30,78,Empirical_copula,Gaussian,cqr,raw,0.5,0.0,1,4.7846200478133625,4.406879887858956,13.598379823531271
0.1,3,30,78,Empirical_copula,Gaussian,cqr,raw,0.5,0.0,2,4.457588676185591,4.25464742622591,12.966883528637412
0.1,3,30,78,Empirical_copula,Gaussian,cqr,raw,0.5,0.0,3,3.6236712077735276,4.820844450872638,13.265360109518817
0.1,3,30,79,CQHR,Gaussian,cqr,native,0.5,0.0,1,4.709543110645883,24.12250659454224,52.954556299730626
0.1,3,30,79,CQHR,Gaussian,cqr,native,0.5,0.0,2,4.063115205142277,30.66575309475676,65.3946213946558
0.1,3,30,79,CQHR,Gaussian,cqr,native,0.5,0.0,3,3.2481087921512186,21.986083846460062,47.22027648507135
0.1,3,30,79,TSCP_R,Gaussian,cqr,capped,0.5,0.0,1,4.709543110645883,4.478789231979582,13.667121574605035
0.1,3,30,79,TSCP_R,Gaussian,cqr,capped,0.5,0.0,2,4.063115205142277,5.62053977225254,15.304194749647365
0.1,3,30,79,TSCP_R,Gaussian,cqr,capped,0.5,0.0,3,3.2481087921512186,2.07545372592394,7.399016243999103
0.1,3,30,79,Unscaled,Gaussian,cqr,raw,0.5,0.0,1,4.709543110645883,4.00483625286117,12.719215616368214
0.1,3,30,79,Unscaled,Gaussian,cqr,raw,0.5,0.0,2,4.063115205142277,4.00483625286117,12.072787710864636
0.1,3,30,79,Unscaled,Gaussian,cqr,raw,0.5,0.0,3,3.2481087921512186,4.00483625286117,11.257781297873548
0.1,3,30,79,Empirical_copula,Gaussian,cqr,raw,0.5,0.0,1,4.709543110645883,4.004836252825718,12.719215616297308
0.1,3,30,79,Empirical_copula,Gaussian,cqr,raw,0.5,0.0,2,4.063115205142277,3.965097195948929,11.993309597040133
0.1,3,30,79,Empirical_copula,Gaussian,cqr,raw,0.5,0.0,3,3.2481087921512186,1.5572234377573726,6.362555667665961
0.1,3,30,80,CQHR,Gaussian,cqr,native,0.5,0.0,1,4.889115948117527,18.159134584107278,41.20738511633165
0.1,3,30,80,CQHR,Gaussian,cqr,native,0.5,0.0,2,4.277399272402644,30.118253674912605,64.51390662222778
0.1,3,30,80,CQHR,Gaussian,cqr,native,0.5,0.0,3,3.5702221541911583,26.69581111513001,56.96184438445119
0.1,3,30,80,TSCP_R,Gaussian,cqr,capped,0.5,0.0,1,4.889115948117527,10.729211645428856,26.347539238975262
0.1,3,30,80,TSCP_R,Gaussian,cqr,capped,0.5,0.0,2,4.277399272402644,7.428597031603737,19.134593335610127
0.1,3,30,80,TSCP_R,Gaussian,cqr,capped,0.5,0.0,3,3.5702221541911583,3.1304323829763034,9.831086920143779
0.1,3,30,80,Unscaled,Gaussian,cqr,raw,0.5,0.0,1,4.889115948117527,7.356447729181521,19.60201140648057
0.1,3,30,80,Unscaled,Gaussian,cqr,raw,0.5,0.0,2,4.277399272402644,7.356447729181521,18.990294730765683
0.1,3,30,80,Unscaled,Gaussian,cqr,raw,0.5,0.0,3,3.5702221541911583,7.356447729181521,18.283117612554182
0.1,3,30,80,Empirical_copula,Gaussian,cqr,raw,0.5,0.0,1,4.889115948117527,7.808301538316101,20.505719024749737
0.1,3,30,80,Empirical_copula,Gaussian,cqr,raw,0.5,0.0,2,4.277399272402644,7.247385839799102,18.772170952000838
0.1,3,30,80,Empirical_copula,Gaussian,cqr,raw,0.5,0.0,3,3.5702221541911583,2.4819289800335564,8.534080114258272
0.1,3,30,81,CQHR,Gaussian,cqr,native,0.5,0.0,1,4.796648251027586,18.051812860789138,40.90027397260586
0.1,3,30,81,CQHR,Gaussian,cqr,native,0.5,0.0,2,4.337195873842996,22.286245946673407,48.909687767189865
0.1,3,30,81,CQHR,Gaussian,cqr,native,0.5,0.0,3,3.4609179459979442,17.580725943188604,38.622369832375185
0.1,3,30,81,TSCP_R,Gaussian,cqr,capped,0.5,0.0,1,4.796648251027586,3.5775908831426237,11.95183001731285
0.1,3,30,81,TSCP_R,Gaussian,cqr,capped,0.5,0.0,2,4.337195873842996,2.8139219986069524,9.965039871056907
0.1,3,30,81,TSCP_R,Gaussian,cqr,capped,0.5,0.0,3,3.4609179459979442,2.6955970576674853,8.852112061332907
0.1,3,30,81,Unscaled,Gaussian,cqr,raw,0.5,0.0,1,4.796648251027586,2.957168929750619,10.710986110528827
0.1,3,30,81,Unscaled,Gaussian,cqr,raw,0.5,0.0,2,4.337195873842996,2.957168929750619,10.251533733344228
0.1,3,30,81,Unscaled,Gaussian,cqr,raw,0.5,0.0,3,3.4609179459979442,2.957168929750619,9.375255805499185
0.1,3,30,81,Empirical_copula,Gaussian,cqr,raw,0.5,0.0,1,4.796648251027586,2.657070247968111,10.110788746963799
0.1,3,30,81,Empirical_copula,Gaussian,cqr,raw,0.5,0.0,2,4.337195873842996,2.272240823030314,8.881677519903628
0.1,3,30,81,Empirical_copula,Gaussian,cqr,raw,0.5,0.0,3,3.4609179459979442,2.544478483439846,8.549874912877632
0.1,3,30,82,CQHR,Gaussian,cqr,native,0.5,0.0,1,4.768582038363498,18.288306506171857,41.34519505070711
0.1,3,30,82,CQHR,Gaussian,cqr,native,0.5,0.0,2,4.434916049338392,21.515686375350334,47.46628880003909
0.1,3,30,82,CQHR,Gaussian,cqr,native,0.5,0.0,3,3.486603176889486,16.139368518195017,35.765340213279465
0.1,3,30,82,TSCP_R,Gaussian,cqr,capped,0.5,0.0,1,4.768582038363498,7.072869827519258,18.914321693401988
0.1,3,30,82,TSCP_R,Gaussian,cqr,capped,0.5,0.0,2,4.434916049338392,6.747043195527986,17.92900244039436
0.1,3,30,82,TSCP_R,Gaussian,cqr,capped,0.5,0.0,3,3.486603176889486,3.9433803890974684,11.373363955084423
0.1,3,30,82,Unscaled,Gaussian,cqr,raw,0.5,0.0,1,4.768582038363498,6.681341086039335,18.131264210442158
0.1,3,30,82,Unscaled,Gaussian,cqr,raw,0.5,0.0,2,4.434916049338392,6.681341086039335,17.79759822141708
0.1,3,30,82,Unscaled,Gaussian,cqr,raw,0.5,0.0,3,3.486603176889486,6.681341086039335,16.849285348968156
0.1,3,30,82,Empirical_copula,Gaussian,cqr,raw,0.5,0.0,1,4.768582038363498,6.948090764433378,18.664763567230253
0.1,3,30,82,Empirical_copula,Gaussian,cqr,raw,0.5,0.0,2,4.434916049338392,5.364196009229728,15.16330806779785
0.1,3,30,82,Empirical_copula,Gaussian,cqr,raw,0.5,0.0,3,3.486603176889486,2.8347753118558074,9.156153800601091
0.1,3,30,83,CQHR,Gaussian,cqr,native,0.5,0.0,1,4.768234531030164,13.175153212078648,31.118540955187207
0.1,3,30,83,CQHR,Gaussian,cqr,native,0.5,0.0,2,4.409459550817104,16.464159881543864,37.33777931390484
0.1,3,30,83,CQHR,Gaussian,cqr,native,0.5,0.0,3,3.426195289128999,11.361237832688158,26.14867095450532
0.1,3,30,83,TSCP_R,Gaussian,cqr,capped,0.5,0.0,1,4.768234531030164,6.73936725838756,18.246969047805294
0.1,3,30,83,TSCP_R,Gaussian,cqr,capped,0.5,0.0,2,4.409459550817104,5.489525207232152,15.388509965281413
0.1,3,30,83,TSCP_R,Gaussian,cqr,capped,0.5,0.0,3,3.426195289128999,2.9758928004494694,9.377980890027942
0.1,3,30,83,Unscaled,Gaussian,cqr,raw,0.5,0.0,1,4.768234531030164,5.588739072752962,15.945712676536077
0.1,3,30,83,Unscaled,Gaussian,cqr,raw,0.5,0.0,2,4.409459550817104,5.588739072752962,15.58693769632303
0.1,3,30,83,Unscaled,Gaussian,cqr,raw,0.5,0.0,3,3.426195289128999,5.588739072752962,14.60367343463493
0.1,3,30,83,Empirical_copula,Gaussian,cqr,raw,0.5,0.0,1,4.768234531030164,6.061928968118819,16.8920924672678
0.1,3,30,83,Empirical_copula,Gaussian,cqr,raw,0.5,0.0,2,4.409459550817104,4.983151791238195,14.3757631332935
0.1,3,30,83,Empirical_copula,Gaussian,cqr,raw,0.5,0.0,3,3.426195289128999,2.0392131242348164,7.504621537598637
0.1,3,30,84,CQHR,Gaussian,cqr,native,0.5,0.0,1,4.827979597980048,7.553342900630016,19.934665399240142
0.1,3,30,84,CQHR,Gaussian,cqr,native,0.5,0.0,2,4.325059438919669,9.466444826556174,23.257949092032007
0.1,3,30,84,CQHR,Gaussian,cqr,native,0.5,0.0,3,3.3403454266071053,6.495357176676884,16.33105977996088
0.1,3,30,84,TSCP_R,Gaussian,cqr,capped,0.5,0.0,1,4.827979597980048,5.254762747534634,15.337505093049321
0.1,3,30,84,TSCP_R,Gaussian,cqr,capped,0.5,0.0,2,4.325059438919669,5.2810930659237725,14.887245570767211
0.1,3,30,84,TSCP_R,Gaussian,cqr,capped,0.5,0.0,3,3.3403454266071053,2.550200310538898,8.440746047684893
0.1,3,30,84,Unscaled,Gaussian,cqr,raw,0.5,0.0,1,4.827979597980048,4.331712986344352,13.491405570668757
0.1,3,30,84,Unscaled,Gaussian,cqr,raw,0.5,0.0,2,4.325059438919669,4.331712986344352,12.98848541160837
0.1,3,30,84,Unscaled,Gaussian,cqr,raw,0.5,0.0,3,3.3403454266071053,4.331712986344352,12.003771399295807
0.1,3,30,84,Empirical_copula,Gaussian,cqr,raw,0.5,0.0,1,4.827979597980048,3.9940857228469113,12.816151043673878
0.1,3,30,84,Empirical_copula,Gaussian,cqr,raw,0.5,0.0,2,4.325059438919669,5.188516563931438,14.702092566782543
0.1,3,30,84,Empirical_copula,Gaussian,cqr,raw,0.5,0.0,3,3.3403454266071053,1.9932499646236312,7.326845355854369
0.1,3,30,85,CQHR,Gaussian,cqr,native,0.5,0.0,1,4.938905137324206,8.181095183859348,21.301095505042795
0.1,3,30,85,CQHR,Gaussian,cqr,native,0.5,0.0,2,4.483574432087377,10.045420461126483,24.57441535434036
0.1,3,30,85,CQHR,Gaussian,cqr,native,0.5,0.0,3,3.5880597070014355,7.455771007742,18.499601722485437
0.1,3,30,85,TSCP_R,Gaussian,cqr,capped,0.5,0.0,1,4.938905137324206,6.216966929149885,17.37283899562397
0.1,3,30,85,TSCP_R,Gaussian,cqr,capped,0.5,0.0,2,4.483574432087377,5.6077092141616,15.698992860410597
0.1,3,30,85,TSCP_R,Gaussian,cqr,capped,0.5,0.0,3,3.5880597070014355,2.212209789043872,8.012479285089162
0.1,3,30,85,Unscaled,Gaussian,cqr,raw,0.5,0.0,1,4.938905137324206,5.134426389972222,15.207757917268651
0.1,3,30,85,Unscaled,Gaussian,cqr,raw,0.5,0.0,2,4.483574432087377,5.134426389972222,14.752427212031819
0.1,3,30,85,Unscaled,Gaussian,cqr,raw,0.5,0.0,3,3.5880597070014355,5.134426389972222,13.856912486945891
0.1,3,30,85,Empirical_copula,Gaussian,cqr,raw,0.5,0.0,1,4.938905137324206,4.633300896781218,14.205506930886658
0.1,3,30,85,Empirical_copula,Gaussian,cqr,raw,0.5,0.0,2,4.483574432087377,5.412621737083597,15.308817906254571
0.1,3,30,85,Empirical_copula,Gaussian,cqr,raw,0.5,0.0,3,3.5880597070014355,1.5583282488350925,6.704716204671636
0.1,3,30,86,CQHR,Gaussian,cqr,native,0.5,0.0,1,4.656542383812374,7.994484974527136,20.645512332866875
0.1,3,30,86,CQHR,Gaussian,cqr,native,0.5,0.0,2,4.428317451348081,11.194893241128089,26.818103933604263
0.1,3,30,86,CQHR,Gaussian,cqr,native,0.5,0.0,3,3.4085200003574814,7.642814752003625,18.694149504364706
0.1,3,30,86,TSCP_R,Gaussian,cqr,capped,0.5,0.0,1,4.656542383812374,6.506041695678011,17.6686257751684
0.1,3,30,86,TSCP_R,Gaussian,cqr,capped,0.5,0.0,2,4.428317451348081,8.76053700573118,21.94939146281043
0.1,3,30,86,TSCP_R,Gaussian,cqr,capped,0.5,0.0,3,3.4085200003574814,3.197241916053454,9.803003832464386
0.1,3,30,86,Unscaled,Gaussian,cqr,raw,0.5,0.0,1,4.656542383812374,6.269219707176381,17.19498179816513
0.1,3,30,86,Unscaled,Gaussian,cqr,raw,0.5,0.0,2,4.428317451348081,6.269219707176381,16.966756865700837
0.1,3,30,86,Unscaled,Gaussian,cqr,raw,0.5,0.0,3,3.4085200003574814,6.269219707176381,15.946959414710243
0.1,3,30,86,Empirical_copula,Gaussian,cqr,raw,0.5,0.0,1,4.656542383812374,6.269219707129709,17.194981798071797
0.1,3,30,86,Empirical_copula,Gaussian,cqr,raw,0.5,0.0,2,4.428317451348081,5.018634659798099,14.465586770944292
0.1,3,30,86,Empirical_copula,Gaussian,cqr,raw,0.5,0.0,3,3.4085200003574814,2.4350010737678893,8.278522147893268
0.1,3,30,87,CQHR,Gaussian,cqr,native,0.5,0.0,1,4.829184217643782,21.602813128666302,48.034810474977036
0.1,3,30,87,CQHR,Gaussian,cqr,native,0.5,0.0,2,4.330381180574132,26.265353946636107,56.86108907384623
0.1,3,30,87,CQHR,Gaussian,cqr,native,0.5,0.0,3,3.434759129217535,20.033425566028583,43.501610261274685
0.1,3,30,87,TSCP_R,Gaussian,cqr,capped,0.5,0.0,1,4.829184217643782,4.654889643914966,14.138963505473718
0.1,3,30,87,TSCP_R,Gaussian,cqr,capped,0.5,0.0,2,4.330381180574132,6.865705090532868,18.06179136163989
0.1,3,30,87,TSCP_R,Gaussian,cqr,capped,0.5,0.0,3,3.434759129217535,2.675370467224549,8.785500063666627
0.1,3,30,87,Unscaled,Gaussian,cqr,raw,0.5,0.0,1,4.829184217643782,4.843497780744457,14.516179779132699
0.1,3,30,87,Unscaled,Gaussian,cqr,raw,0.5,0.0,2,4.330381180574132,4.843497780744457,14.017376742063052
0.1,3,30,87,Unscaled,Gaussian,cqr,raw,0.5,0.0,3,3.434759129217535,4.843497780744457,13.121754690706437
0.1,3,30,87,Empirical_copula,Gaussian,cqr,raw,0.5,0.0,1,4.829184217643782,4.070815372162187,12.970814961968166
0.1,3,30,87,Empirical_copula,Gaussian,cqr,raw,0.5,0.0,2,4.330381180574132,4.843497780688998,14.017376741952122
0.1,3,30,87,Empirical_copula,Gaussian,cqr,raw,0.5,0.0,3,3.434759129217535,1.729564361092092,6.893887851401726
0.1,3,30,88,CQHR,Gaussian,cqr,native,0.5,0.0,1,4.920621699762452,74.33272199184022,153.58606568344157
0.1,3,30,88,CQHR,Gaussian,cqr,native,0.5,0.0,2,4.611359714820403,116.22187650893075,237.05511273268223
0.1,3,30,88,CQHR,Gaussian,cqr,native,0.5,0.0,3,3.536761496515143,76.28896558016058,156.11469265683616
0.1,3,30,88,TSCP_R,Gaussian,cqr,capped,0.5,0.0,1,4.920621699762452,4.334247594301191,13.58911688836483
0.1,3,30,88,TSCP_R,Gaussian,cqr,capped,0.5,0.0,2,4.611359714820403,8.710931414183388,22.033222543187186
0.1,3,30,88,TSCP_R,Gaussian,cqr,capped,0.5,0.0,3,3.536761496515143,3.259317684012568,10.055396864540274
0.1,3,30,88,Unscaled,Gaussian,cqr,raw,0.5,0.0,1,4.920621699762452,3.9346244501502556,12.789870600062965
0.1,3,30,88,Unscaled,Gaussian,cqr,raw,0.5,0.0,2,4.611359714820403,3.9346244501502556,12.480608615120916
0.1,3,30,88,Unscaled,Gaussian,cqr,raw,0.5,0.0,3,3.536761496515143,3.9346244501502556,11.406010396815667
0.1,3,30,88,Empirical_copula,Gaussian,cqr,raw,0.5,0.0,1,4.920621699762452,3.404232612873921,11.729086925510318
0.1,3,30,88,Empirical_copula,Gaussian,cqr,raw,0.5,0.0,2,4.611359714820403,7.27534046753982,19.16204064990005
0.1,3,30,88,Empirical_copula,Gaussian,cqr,raw,0.5,0.0,3,3.536761496515143,2.2204727178474553,7.977706932210043
0.1,3,30,89,CQHR,Gaussian,cqr,native,0.5,0.0,1,4.5815725842265955,9.24026673856009,23.062106061346604
0.1,3,30,89,CQHR,Gaussian,cqr,native,0.5,0.0,2,4.404461332860788,12.446299408960423,29.297060150781622
0.1,3,30,89,CQHR,Gaussian,cqr,native,0.5,0.0,3,3.4603283686266493,9.639334256104817,22.73899688083627
0.1,3,30,89,TSCP_R,Gaussian,cqr,capped,0.5,0.0,1,4.5815725842265955,3.8032108465125836,12.187994277251768
0.1,3,30,89,TSCP_R,Gaussian,cqr,capped,0.5,0.0,2,4.404461332860788,3.55321131811872,11.510883969098222
0.1,3,30,89,TSCP_R,Gaussian,cqr,capped,0.5,0.0,3,3.4603283686266493,3.0185973208899632,9.497523010406573
0.1,3,30,89,Unscaled,Gaussian,cqr,raw,0.5,0.0,1,4.5815725842265955,3.079533295998034,10.740639176222656
0.1,3,30,89,Unscaled,Gaussian,cqr,raw,0.5,0.0,2,4.404461332860788,3.079533295998034,10.563527924856858
0.1,3,30,89,Unscaled,Gaussian,cqr,raw,0.5,0.0,3,3.4603283686266493,3.079533295998034,9.619394960622706
0.1,3,30,89,Empirical_copula,Gaussian,cqr,raw,0.5,0.0,1,4.5815725842265955,3.0795332959053576,10.740639176037302
0.1,3,30,89,Empirical_copula,Gaussian,cqr,raw,0.5,0.0,2,4.404461332860788,2.2760904451197255,8.956642223100241
0.1,3,30,89,Empirical_copula,Gaussian,cqr,raw,0.5,0.0,3,3.4603283686266493,2.843361566041416,9.147051500709482
0.1,3,30,90,CQHR,Gaussian,cqr,native,0.5,0.0,1,4.75356865868032,22.135339514210045,49.02424768710004
0.1,3,30,90,CQHR,Gaussian,cqr,native,0.5,0.0,2,4.39708654483108,32.637234472830016,69.6715554904912
0.1,3,30,90,CQHR,Gaussian,cqr,native,0.5,0.0,3,3.5035659451873182,24.953129492377855,53.40982492994298
0.1,3,30,90,TSCP_R,Gaussian,cqr,capped,0.5,0.0,1,4.75356865868032,7.140560245301615,19.034689149283565
0.1,3,30,90,TSCP_R,Gaussian,cqr,capped,0.5,0.0,2,4.39708654483108,5.9923103865745295,16.38170731798013
0.1,3,30,90,TSCP_R,Gaussian,cqr,capped,0.5,0.0,3,3.5035659451873182,2.959244990652502,9.422055926492327
0.1,3,30,90,Unscaled,Gaussian,cqr,raw,0.5,0.0,1,4.75356865868032,5.924889842359304,16.60334834339894
0.1,3,30,90,Unscaled,Gaussian,cqr,raw,0.5,0.0,2,4.39708654483108,5.924889842359304,16.246866229549678
0.1,3,30,90,Unscaled,Gaussian,cqr,raw,0.5,0.0,3,3.5035659451873182,5.924889842359304,15.353345629905919
0.1,3,30,90,Empirical_copula,Gaussian,cqr,raw,0.5,0.0,1,4.75356865868032,7.010806458667304,18.775181576014923
0.1,3,30,90,Empirical_copula,Gaussian,cqr,raw,0.5,0.0,2,4.39708654483108,4.685184313379587,13.767455171590246
0.1,3,30,90,Empirical_copula,Gaussian,cqr,raw,0.5,0.0,3,3.5035659451873182,2.3194362886193938,8.142438522426103
0.1,3,30,91,CQHR,Gaussian,cqr,native,0.5,0.0,1,4.894263787762055,8.060472900437475,21.015209588637003
0.1,3,30,91,CQHR,Gaussian,cqr,native,0.5,0.0,2,4.549465809740294,9.974776226055802,24.499018261851937
0.1,3,30,91,CQHR,Gaussian,cqr,native,0.5,0.0,3,3.5976922708432477,7.245636781569098,18.088965833981472
0.1,3,30,91,TSCP_R,Gaussian,cqr,capped,0.5,0.0,1,4.894263787762055,6.142613015876639,17.179489819515318
0.1,3,30,91,TSCP_R,Gaussian,cqr,capped,0.5,0.0,2,4.549465809740294,9.303325828272769,23.156117466285828
0.1,3,30,91,TSCP_R,Gaussian,cqr,capped,0.5,0.0,3,3.5976922708432477,5.024880979828724,13.647454230500704
0.1,3,30,91,Unscaled,Gaussian,cqr,raw,0.5,0.0,1,4.894263787762055,7.011542894180139,18.917349576122326
0.1,3,30,91,Unscaled,Gaussian,cqr,raw,0.5,0.0,2,4.549465809740294,7.011542894180139,18.572551598100564
0.1,3,30,91,Unscaled,Gaussian,cqr,raw,0.5,0.0,3,3.5976922708432477,7.011542894180139,17.620778059203523
0.1,3,30,91,Empirical_copula,Gaussian,cqr,raw,0.5,0.0,1,4.894263787762055,5.95996728614173,16.81419836004551
0.1,3,30,91,Empirical_copula,Gaussian,cqr,raw,0.5,0.0,2,4.549465809740294,7.093188165094908,18.735842139930114
0.1,3,30,91,Empirical_copula,Gaussian,cqr,raw,0.5,0.0,3,3.5976922708432477,3.934330600469398,11.466353471782043
0.1,3,30,92,CQHR,Gaussian,cqr,native,0.5,0.0,1,4.764529332505493,11.361938505237255,27.48840634298009
0.1,3,30,92,CQHR,Gaussian,cqr,native,0.5,0.0,2,4.39141051439995,14.066644456611135,32.5246994276222
0.1,3,30,92,CQHR,Gaussian,cqr,native,0.5,0.0,3,3.5358054573427604,10.909717532237268,25.355240521817255
0.1,3,30,92,TSCP_R,Gaussian,cqr,capped,0.5,0.0,1,4.764529332505493,6.974766197685665,18.71406172787681
0.1,3,30,92,TSCP_R,Gaussian,cqr,capped,0.5,0.0,2,4.39141051439995,5.907924719998546,16.20725995439704
0.1,3,30,92,TSCP_R,Gaussian,cqr,capped,0.5,0.0,3,3.5358054573427604,2.7035905065898205,8.942986470522413
0.1,3,30,92,Unscaled,Gaussian,cqr,raw,0.5,0.0,1,4.764529332505493,4.759427024811614,14.283383382128704
0.1,3,30,92,Unscaled,Gaussian,cqr,raw,0.5,0.0,2,4.39141051439995,4.759427024811614,13.91026456402319
0.1,3,30,92,Unscaled,Gaussian,cqr,raw,0.5,0.0,3,3.5358054573427604,4.759427024811614,13.05465950696599
0.1,3,30,92,Empirical_copula,Gaussian,cqr,raw,0.5,0.0,1,4.764529332505493,4.759427024743309,14.28338338199211
0.1,3,30,92,Empirical_copula,Gaussian,cqr,raw,0.5,0.0,2,4.39141051439995,4.69587154461534,13.783153603630632
0.1,3,30,92,Empirical_copula,Gaussian,cqr,raw,0.5,0.0,3,3.5358054573427604,2.369123818521885,8.274053094386526
0.1,3,30,93,CQHR,Gaussian,cqr,native,0.5,0.0,1,4.675034252901571,9.396483913918908,23.468002080739254
0.1,3,30,93,CQHR,Gaussian,cqr,native,0.5,0.0,2,4.167296686993541,11.67486221245269,27.517021111898885
0.1,3,30,93,CQHR,Gaussian,cqr,native,0.5,0.0,3,3.320737241727439,8.321869897680616,19.964477037088635
0.1,3,30,93,TSCP_R,Gaussian,cqr,capped,0.5,0.0,1,4.675034252901571,5.604654668273754,15.884343589449077
0.1,3,30,93,TSCP_R,Gaussian,cqr,capped,0.5,0.0,2,4.167296686993541,5.832062749581332,15.831422186156212
0.1,3,30,93,TSCP_R,Gaussian,cqr,capped,0.5,0.0,3,3.320737241727439,3.42242708083762,10.165591403402674
0.1,3,30,93,Unscaled,Gaussian,cqr,raw,0.5,0.0,1,4.675034252901571,5.46057832724236,15.596190907386287
0.1,3,30,93,Unscaled,Gaussian,cqr,raw,0.5,0.0,2,4.167296686993541,5.46057832724236,15.08845334147825
0.1,3,30,93,Unscaled,Gaussian,cqr,raw,0.5,0.0,3,3.320737241727439,5.46057832724236,14.24189389621216
0.1,3,30,93,Empirical_copula,Gaussian,cqr,raw,0.5,0.0,1,4.675034252901571,5.460578327198473,15.596190907298514
0.1,3,30,93,Empirical_copula,Gaussian,cqr,raw,0.5,0.0,2,4.167296686993541,3.8227678171528696,11.812832321299263
0.1,3,30,93,Empirical_copula,Gaussian,cqr,raw,0.5,0.0,3,3.320737241727439,1.8124245520083377,6.945586345744112
0.1,3,30,94,CQHR,Gaussian,cqr,native,0.5,0.0,1,4.667326080365906,86.03257045098145,176.73246698232916
0.1,3,30,94,CQHR,Gaussian,cqr,native,0.5,0.0,2,4.358270267840999,113.81734540799928,231.99296108383942
0.1,3,30,94,CQHR,Gaussian,cqr,native,0.5,0.0,3,3.430258572456062,83.89609773971618,171.22245405188826
0.1,3,30,94,TSCP_R,Gaussian,cqr,capped,0.5,0.0,1,4.667326080365906,3.525749176575453,11.718824433516806
0.1,3,30,94,TSCP_R,Gaussian,cqr,capped,0.5,0.0,2,4.358270267840999,7.149675551697123,18.657621371235248
0.1,3,30,94,TSCP_R,Gaussian,cqr,capped,0.5,0.0,3,3.430258572456062,6.903020263216928,17.236299098889887
0.1,3,30,94,Unscaled,Gaussian,cqr,raw,0.5,0.0,1,4.667326080365906,5.579215643274013,15.825757366913919
0.1,3,30,94,Unscaled,Gaussian,cqr,raw,0.5,0.0,2,4.358270267840999,5.579215643274013,15.516701554389014
0.1,3,30,94,Unscaled,Gaussian,cqr,raw,0.5,0.0,3,3.430258572456062,5.579215643274013,14.58868985900409
0.1,3,30,94,Empirical_copula,Gaussian,cqr,raw,0.5,0.0,1,4.667326080365906,3.4607756138368773,11.588877308039644
0.1,3,30,94,Empirical_copula,Gaussian,cqr,raw,0.5,0.0,2,4.358270267840999,5.715386135820708,15.789042539482416
0.1,3,30,94,Empirical_copula,Gaussian,cqr,raw,0.5,0.0,3,3.430258572456062,2.833314891723422,9.0968883559029
0.1,3,30,95,CQHR,Gaussian,cqr,native,0.5,0.0,1,4.79884433645407,22.780277982299488,50.359400301052716
0.1,3,30,95,CQHR,Gaussian,cqr,native,0.5,0.0,2,4.234929781629441,32.29779558331575,68.83052094826095
0.1,3,30,95,CQHR,Gaussian,cqr,native,0.5,0.0,3,3.232637803527934,27.13295666308258,57.49855112969308
0.1,3,30,95,TSCP_R,Gaussian,cqr,capped,0.5,0.0,1,4.79884433645407,5.218328678440057,15.235501693334179
0.1,3,30,95,TSCP_R,Gaussian,cqr,capped,0.5,0.0,2,4.234929781629441,4.862889497863995,13.960708777357429
0.1,3,30,95,TSCP_R,Gaussian,cqr,capped,0.5,0.0,3,3.232637803527934,3.3964497624610823,10.025537328450099
0.1,3,30,95,Unscaled,Gaussian,cqr,raw,0.5,0.0,1,4.79884433645407,3.5474302000051527,11.89370473646438
0.1,3,30,95,Unscaled,Gaussian,cqr,raw,0.5,0.0,2,4.234929781629441,3.5474302000051527,11.32979018163973
0.1,3,30,95,Unscaled,Gaussian,cqr,raw,0.5,0.0,3,3.232637803527934,3.5474302000051527,10.327498203538239
0.1,3,30,95,Empirical_copula,Gaussian,cqr,raw,0.5,0.0,1,4.79884433645407,3.175692344855978,11.15022902616604
0.1,3,30,95,Empirical_copula,Gaussian,cqr,raw,0.5,0.0,2,4.234929781629441,3.5474301999496944,11.32979018152882
0.1,3,30,95,Empirical_copula,Gaussian,cqr,raw,0.5,0.0,3,3.232637803527934,3.2650012925311493,9.762640388590244
0.1,3,30,96,CQHR,Gaussian,cqr,native,0.5,0.0,1,4.5964823780130075,44.19776029628248,92.99200297057736
0.1,3,30,96,CQHR,Gaussian,cqr,native,0.5,0.0,2,4.320469811989446,57.25523604721482,118.8309419064192
0.1,3,30,96,CQHR,Gaussian,cqr,native,0.5,0.0,3,3.2503292749980015,40.35468391163621,83.9596970982704
0.1,3,30,96,TSCP_R,Gaussian,cqr,capped,0.5,0.0,1,4.5964823780130075,8.562494556082115,21.721471490177237
0.1,3,30,96,TSCP_R,Gaussian,cqr,capped,0.5,0.0,2,4.320469811989446,5.018888704619801,14.358247221229039
0.1,3,30,96,TSCP_R,Gaussian,cqr,capped,0.5,0.0,3,3.2503292749980015,5.087466750789439,13.42526277657687
0.1,3,30,96,Unscaled,Gaussian,cqr,raw,0.5,0.0,1,4.5964823780130075,6.135764363441969,16.868011104896937
0.1,3,30,96,Unscaled,Gaussian,cqr,raw,0.5,0.0,2,4.320469811989446,6.135764363441969,16.59199853887338
0.1,3,30,96,Unscaled,Gaussian,cqr,raw,0.5,0.0,3,3.2503292749980015,6.135764363441969,15.521858001881938
0.1,3,30,96,Empirical_copula,Gaussian,cqr,raw,0.5,0.0,1,4.5964823780130075,6.425972361235079,17.448427100483162
0.1,3,30,96,Empirical_copula,Gaussian,cqr,raw,0.5,0.0,2,4.320469811989446,4.929281698677186,14.179033209343803
0.1,3,30,96,Empirical_copula,Gaussian,cqr,raw,0.5,0.0,3,3.2503292749980015,3.1805046303541378,9.611338535706276
0.1,3,30,97,CQHR,Gaussian,cqr,native,0.5,0.0,1,4.8126311778737145,9.177207490127266,23.167046158128134
0.1,3,30,97,CQHR,Gaussian,cqr,native,0.5,0.0,2,4.381457595084978,12.284591253856194,28.950640102797365
0.1,3,30,97,CQHR,Gaussian,cqr,native,0.5,0.0,3,3.4140868156617574,8.978030975663449,21.370148766988635
0.1,3,30,97,TSCP_R,Gaussian,cqr,capped,0.5,0.0,1,4.8126311778737145,6.538022056150954,17.88867529017562
0.1,3,30,97,TSCP_R,Gaussian,cqr,capped,0.5,0.0,2,4.381457595084978,6.470645971161704,17.32274953740839
0.1,3,30,97,TSCP_R,Gaussian,cqr,capped,0.5,0.0,3,3.4140868156617574,4.67586985582655,12.765826527314859
0.1,3,30,97,Unscaled,Gaussian,cqr,raw,0.5,0.0,1,4.8126311778737145,6.352038885092985,17.51670894805967
0.1,3,30,97,Unscaled,Gaussian,cqr,raw,0.5,0.0,2,4.381457595084978,6.352038885092985,17.085535365270957
0.1,3,30,97,Unscaled,Gaussian,cqr,raw,0.5,0.0,3,3.4140868156617574,6.352038885092985,16.11816458584773
0.1,3,30,97,Empirical_copula,Gaussian,cqr,raw,0.5,0.0,1,4.8126311778737145,3.9132510142297274,12.639133206333167
0.1,3,30,97,Empirical_copula,Gaussian,cqr,raw,0.5,0.0,2,4.381457595084978,6.352038885047946,17.08553536518086
0.1,3,30,97,Empirical_copula,Gaussian,cqr,raw,0.5,0.0,3,3.4140868156617574,3.28777795328406,9.989642722229872
0.1,3,30,98,CQHR,Gaussian,cqr,native,0.5,0.0,1,4.617730128314794,7.314471655292132,19.246673438899197
0.1,3,30,98,CQHR,Gaussian,cqr,native,0.5,0.0,2,4.2857555114930985,9.53407207538884,23.353899662270795
0.1,3,30,98,CQHR,Gaussian,cqr,native,0.5,0.0,3,3.306960486220236,7.09762999859168,17.50222048340359
0.1,3,30,98,TSCP_R,Gaussian,cqr,capped,0.5,0.0,1,4.617730128314794,4.765807898410544,14.149345925135895
0.1,3,30,98,TSCP_R,Gaussian,cqr,capped,0.5,0.0,2,4.2857555114930985,4.621750758419536,13.52925702833217
0.1,3,30,98,TSCP_R,Gaussian,cqr,capped,0.5,0.0,3,3.306960486220236,1.8089424406928911,6.9248453676060215
0.1,3,30,98,Unscaled,Gaussian,cqr,raw,0.5,0.0,1,4.617730128314794,4.178072054690302,12.973874237695393
0.1,3,30,98,Unscaled,Gaussian,cqr,raw,0.5,0.0,2,4.2857555114930985,4.178072054690302,12.641899620873707
0.1,3,30,98,Unscaled,Gaussian,cqr,raw,0.5,0.0,3,3.306960486220236,4.178072054690302,11.66310459560085
0.1,3,30,98,Empirical_copula,Gaussian,cqr,raw,0.5,0.0,1,4.617730128314794,3.91467244355907,12.447075015432935
0.1,3,30,98,Empirical_copula,Gaussian,cqr,raw,0.5,0.0,2,4.2857555114930985,4.178072054614188,12.641899620721476
0.1,3,30,98,Empirical_copula,Gaussian,cqr,raw,0.5,0.0,3,3.306960486220236,1.2865929212208567,5.88014632866195
0.1,3,30,99,CQHR,Gaussian,cqr,native,0.5,0.0,1,4.721478337139869,8.848681575596787,22.41884148833329
0.1,3,30,99,CQHR,Gaussian,cqr,native,0.5,0.0,2,4.338133330549974,11.832674337511996,28.003482005573975
0.1,3,30,99,CQHR,Gaussian,cqr,native,0.5,0.0,3,3.3534978857820636,8.52396081286419,20.401419511510483
0.1,3,30,99,TSCP_R,Gaussian,cqr,capped,0.5,0.0,1,4.721478337139869,8.1452544009233,21.011987138986477
0.1,3,30,99,TSCP_R,Gaussian,cqr,capped,0.5,0.0,2,4.338133330549974,3.9026569314804034,12.143447193510788
0.1,3,30,99,TSCP_R,Gaussian,cqr,capped,0.5,0.0,3,3.3534978857820636,4.023033276640722,11.399564439063507
0.1,3,30,99,Unscaled,Gaussian,cqr,raw,0.5,0.0,1,4.721478337139869,6.641897038282204,18.005272413704265
0.1,3,30,99,Unscaled,Gaussian,cqr,raw,0.5,0.0,2,4.338133330549974,6.641897038282204,17.62192740711439
0.1,3,30,99,Unscaled,Gaussian,cqr,raw,0.5,0.0,3,3.3534978857820636,6.641897038282204,16.637291962346467
0.1,3,30,99,Empirical_copula,Gaussian,cqr,raw,0.5,0.0,1,4.721478337139869,6.950944467775287,18.623367272690444
0.1,3,30,99,Empirical_copula,Gaussian,cqr,raw,0.5,0.0,2,4.338133330549974,3.0951768133017232,10.52848695715342
0.1,3,30,99,Empirical_copula,Gaussian,cqr,raw,0.5,0.0,3,3.3534978857820636,3.357932551408922,10.069362988599908
0.1,3,50,0,CQHR,Gaussian,cqr,native,0.5,0.0,1,4.8703533532031145,19.393492886234565,43.657339125672536
0.1,3,50,0,CQHR,Gaussian,cqr,native,0.5,0.0,2,4.426287269885751,57.49611496014608,119.41851719017812
0.1,3,50,0,CQHR,Gaussian,cqr,native,0.5,0.0,3,3.539019633818388,30.135247907558945,63.80951544893624
0.1,3,50,0,TSCP_R,Gaussian,cqr,capped,0.5,0.0,1,4.8703533532031145,5.794124640774741,16.458602634752598
0.1,3,50,0,TSCP_R,Gaussian,cqr,capped,0.5,0.0,2,4.426287269885751,9.28396545865745,22.994218187200634
0.1,3,50,0,TSCP_R,Gaussian,cqr,capped,0.5,0.0,3,3.539019633818388,3.922684731982703,11.384389097783776
0.1,3,50,0,Unscaled,Gaussian,cqr,raw,0.5,0.0,1,4.8703533532031145,5.7448130182685135,16.359979389740143
0.1,3,50,0,Unscaled,Gaussian,cqr,raw,0.5,0.0,2,4.426287269885751,5.7448130182685135,15.915913306422784
0.1,3,50,0,Unscaled,Gaussian,cqr,raw,0.5,0.0,3,3.539019633818388,5.7448130182685135,15.028645670355415
0.1,3,50,0,Empirical_copula,Gaussian,cqr,raw,0.5,0.0,1,4.8703533532031145,6.058378421501535,16.987110196206167
0.1,3,50,0,Empirical_copula,Gaussian,cqr,raw,0.5,0.0,2,4.426287269885751,5.720703931017852,15.867695131921442
0.1,3,50,0,Empirical_copula,Gaussian,cqr,raw,0.5,0.0,3,3.539019633818388,3.1293307543759,9.797681142570175
0.1,3,50,1,CQHR,Gaussian,cqr,native,0.5,0.0,1,4.862055569379556,14.987537502139975,34.83713057365903
0.1,3,50,1,CQHR,Gaussian,cqr,native,0.5,0.0,2,4.710529202969825,19.99928935299862,44.709107908967034
0.1,3,50,1,CQHR,Gaussian,cqr,native,0.5,0.0,3,3.667799034437516,13.930136628703776,31.528072291845042
0.1,3,50,1,TSCP_R,Gaussian,cqr,capped,0.5,0.0,1,4.862055569379556,9.16795994579902,23.19797546097758
0.1,3,50,1,TSCP_R,Gaussian,cqr,capped,0.5,0.0,2,4.710529202969825,4.756095992722505,14.222721188414845
0.1,3,50,1,TSCP_R,Gaussian,cqr,capped,0.5,0.0,3,3.667799034437516,4.186037119382064,12.039873273201641
0.1,3,50,1,Unscaled,Gaussian,cqr,raw,0.5,0.0,1,4.862055569379556,5.893652931385726,16.64936143215103
0.1,3,50,1,Unscaled,Gaussian,cqr,raw,0.5,0.0,2,4.710529202969825,5.893652931385726,16.497835065741285
0.1,3,50,1,Unscaled,Gaussian,cqr,raw,0.5,0.0,3,3.667799034437516,5.893652931385726,15.455104897208969
0.1,3,50,1,Empirical_copula,Gaussian,cqr,raw,0.5,0.0,1,4.862055569379556,7.215035363959053,19.292126297297663
0.1,3,50,1,Empirical_copula,Gaussian,cqr,raw,0.5,0.0,2,4.710529202969825,3.635950238871054,11.982429680711927
0.1,3,50,1,Empirical_copula,Gaussian,cqr,raw,0.5,0.0,3,3.667799034437516,4.144992882420951,11.957784799279413
0.1,3,50,2,CQHR,Gaussian,cqr,native,0.5,0.0,1,4.785859798324448,14.191588847722175,33.16903749376858
0.1,3,50,2,CQHR,Gaussian,cqr,native,0.5,0.0,2,4.541343343215891,17.65930837181711,39.85996008685011
0.1,3,50,2,CQHR,Gaussian,cqr,native,0.5,0.0,3,3.5780595027874345,15.33755520943294,34.2531699216533
0.1,3,50,2,TSCP_R,Gaussian,cqr,capped,0.5,0.0,1,4.785859798324448,6.105746682280834,16.99735316288611
0.1,3,50,2,TSCP_R,Gaussian,cqr,capped,0.5,0.0,2,4.541343343215891,4.503386745926007,13.548116835067912
0.1,3,50,2,TSCP_R,Gaussian,cqr,capped,0.5,0.0,3,3.5780595027874345,2.6316981321766852,8.841455767140816
0.1,3,50,2,Unscaled,Gaussian,cqr,raw,0.5,0.0,1,4.785859798324448,4.457151994601263,13.700163787526972
0.1,3,50,2,Unscaled,Gaussian,cqr,raw,0.5,0.0,2,4.541343343215891,4.457151994601263,13.455647332418424
0.1,3,50,2,Unscaled,Gaussian,cqr,raw,0.5,0.0,3,3.5780595027874345,4.457151994601263,12.49236349198995
0.1,3,50,2,Empirical_copula,Gaussian,cqr,raw,0.5,0.0,1,4.785859798324448,6.305660968751916,17.397181735828287
0.1,3,50,2,Empirical_copula,Gaussian,cqr,raw,0.5,0.0,2,4.541343343215891,4.32618835503505,13.193720053285983
0.1,3,50,2,Empirical_copula,Gaussian,cqr,raw,0.5,0.0,3,3.5780595027874345,1.8369126398379194,7.251884782463274
0.1,3,50,3,CQHR,Gaussian,cqr,native,0.5,0.0,1,4.799656833771484,19.41842087440269,43.63649858257654
0.1,3,50,3,CQHR,Gaussian,cqr,native,0.5,0.0,2,4.427119119208636,24.796214396111637,54.019547911431815
0.1,3,50,3,CQHR,Gaussian,cqr,native,0.5,0.0,3,3.6323780339550353,18.325840794219577,40.2840596223942
0.1,3,50,3,TSCP_R,Gaussian,cqr,capped,0.5,0.0,1,4.799656833771484,5.120690360501971,15.041037554775405
0.1,3,50,3,TSCP_R,Gaussian,cqr,capped,0.5,0.0,2,4.427119119208636,7.968358814989706,20.36383674918803
0.1,3,50,3,TSCP_R,Gaussian,cqr,capped,0.5,0.0,3,3.6323780339550353,2.788005362165561,9.208388758286151
0.1,3,50,3,Unscaled,Gaussian,cqr,raw,0.5,0.0,1,4.799656833771484,5.813597759208272,16.42685235218803
0.1,3,50,3,Unscaled,Gaussian,cqr,raw,0.5,0.0,2,4.427119119208636,5.813597759208272,16.054314637625204
0.1,3,50,3,Unscaled,Gaussian,cqr,raw,0.5,0.0,3,3.6323780339550353,5.813597759208272,15.259573552371545
0.1,3,50,3,Empirical_copula,Gaussian,cqr,raw,0.5,0.0,1,4.799656833771484,5.066826444376567,14.933309722524625
0.1,3,50,3,Empirical_copula,Gaussian,cqr,raw,0.5,0.0,2,4.427119119208636,6.319198197520937,17.065515514250514
0.1,3,50,3,Empirical_copula,Gaussian,cqr,raw,0.5,0.0,3,3.6323780339550353,2.3280791757696004,8.288536385494234
0.1,3,50,4,CQHR,Gaussian,cqr,native,0.5,0.0,1,4.425651006131448,8.910385707554914,22.246422421241277
0.1,3,50,4,CQHR,Gaussian,cqr,native,0.5,0.0,2,4.174768086364415,11.920230675595313,28.01522943755498
0.1,3,50,4,CQHR,Gaussian,cqr,native,0.5,0.0,3,3.350351645451814,9.180448581564201,21.711248808580226
0.1,3,50,4,TSCP_R,Gaussian,cqr,capped,0.5,0.0,1,4.425651006131448,6.110970136493343,16.647591279118128
0.1,3,50,4,TSCP_R,Gaussian,cqr,capped,0.5,0.0,2,4.174768086364415,4.899650848997091,13.974069784358583
0.1,3,50,4,TSCP_R,Gaussian,cqr,capped,0.5,0.0,3,3.350351645451814,3.9527823014296803,11.25591624831118
0.1,3,50,4,Unscaled,Gaussian,cqr,raw,0.5,0.0,1,4.425651006131448,4.559043691468149,13.543738389067734
0.1,3,50,4,Unscaled,Gaussian,cqr,raw,0.5,0.0,2,4.174768086364415,4.559043691468149,13.292855469300719
0.1,3,50,4,Unscaled,Gaussian,cqr,raw,0.5,0.0,3,3.350351645451814,4.559043691468149,12.46843902838811
0.1,3,50,4,Empirical_copula,Gaussian,cqr,raw,0.5,0.0,1,4.425651006131448,5.299375201743198,15.024401409617843
0.1,3,50,4,Empirical_copula,Gaussian,cqr,raw,0.5,0.0,2,4.174768086364415,5.064161987208351,14.303092060781113
0.1,3,50,4,Empirical_copula,Gaussian,cqr,raw,0.5,0.0,3,3.350351645451814,3.865776205696564,11.081904056844941
0.1,3,50,5,CQHR,Gaussian,cqr,native,0.5,0.0,1,4.760803286917651,13.901678623856272,32.56416053463034
0.1,3,50,5,CQHR,Gaussian,cqr,native,0.5,0.0,2,4.403696838152637,19.98167919671191,44.367055231576394
0.1,3,50,5,CQHR,Gaussian,cqr,native,0.5,0.0,3,3.4996530143520643,13.775773480815623,31.051199975983298
0.1,3,50,5,TSCP_R,Gaussian,cqr,capped,0.5,0.0,1,4.760803286917651,5.85988194021115,16.480567167339935
0.1,3,50,5,TSCP_R,Gaussian,cqr,capped,0.5,0.0,2,4.403696838152637,4.017672403928139,12.439041646008937
0.1,3,50,5,TSCP_R,Gaussian,cqr,capped,0.5,0.0,3,3.4996530143520643,4.411688249934569,12.3230295142212
0.1,3,50,5,Unscaled,Gaussian,cqr,raw,0.5,0.0,1,4.760803286917651,4.3813257008072375,13.523454688532127
0.1,3,50,5,Unscaled,Gaussian,cqr,raw,0.5,0.0,2,4.403696838152637,4.3813257008072375,13.166348239767117
0.1,3,50,5,Unscaled,Gaussian,cqr,raw,0.5,0.0,3,3.4996530143520643,4.3813257008072375,12.262304415966533
0.1,3,50,5,Empirical_copula,Gaussian,cqr,raw,0.5,0.0,1,4.760803286917651,4.9275126195020835,14.615828525921827
0.1,3,50,5,Empirical_copula,Gaussian,cqr,raw,0.5,0.0,2,4.403696838152637,3.032738916124778,10.469174670402188
0.1,3,50,5,Empirical_copula,Gaussian,cqr,raw,0.5,0.0,3,3.4996530143520643,4.027752991600785,11.555158997553635
0.1,3,50,6,CQHR,Gaussian,cqr,native,0.5,0.0,1,4.960738427376118,11.876637854847038,28.714014137069906
0.1,3,50,6,CQHR,Gaussian,cqr,native,0.5,0.0,2,4.294019194414576,13.338436000662659,30.97089119573989
0.1,3,50,6,CQHR,Gaussian,cqr,native,0.5,0.0,3,3.5821985469040767,11.949736031150023,27.48167060920409
0.1,3,50,6,TSCP_R,Gaussian,cqr,capped,0.5,0.0,1,4.960738427376118,5.171982689700809,15.304703806777743
0.1,3,50,6,TSCP_R,Gaussian,cqr,capped,0.5,0.0,2,4.294019194414576,6.097436931679912,16.488893057774412
0.1,3,50,6,TSCP_R,Gaussian,cqr,capped,0.5,0.0,3,3.5821985469040767,2.6485665138609233,8.879331574625914
0.1,3,50,6,Unscaled,Gaussian,cqr,raw,0.5,0.0,1,4.960738427376118,4.347866911164274,13.65647224970466
0.1,3,50,6,Unscaled,Gaussian,cqr,raw,0.5,0.0,2,4.294019194414576,4.347866911164274,12.989753016743123
0.1,3,50,6,Unscaled,Gaussian,cqr,raw,0.5,0.0,3,3.5821985469040767,4.347866911164274,12.277932369232621
0.1,3,50,6,Empirical_copula,Gaussian,cqr,raw,0.5,0.0,1,4.960738427376118,4.347866911120558,13.65647224961724
0.1,3,50,6,Empirical_copula,Gaussian,cqr,raw,0.5,0.0,2,4.294019194414576,5.670644564053287,15.635308322521153
0.1,3,50,6,Empirical_copula,Gaussian,cqr,raw,0.5,0.0,3,3.5821985469040767,2.624434557063074,8.831067661030211
0.1,3,50,7,CQHR,Gaussian,cqr,native,0.5,0.0,1,4.673743022019438,9.228306660331013,23.130356342681406
0.1,3,50,7,CQHR,Gaussian,cqr,native,0.5,0.0,2,4.473796130053304,12.296181953891573,29.06616003783649
0.1,3,50,7,CQHR,Gaussian,cqr,native,0.5,0.0,3,3.3253791899040976,8.990777055746939,21.306933301397958
0.1,3,50,7,TSCP_R,Gaussian,cqr,capped,0.5,0.0,1,4.673743022019438,6.4240315525089375,17.521806127037312
0.1,3,50,7,TSCP_R,Gaussian,cqr,capped,0.5,0.0,2,4.473796130053304,6.31867980782372,17.111155745700753
0.1,3,50,7,TSCP_R,Gaussian,cqr,capped,0.5,0.0,3,3.3253791899040976,2.9691806034601393,9.263740396824382
0.1,3,50,7,Unscaled,Gaussian,cqr,raw,0.5,0.0,1,4.673743022019438,5.641960639036565,15.957664300092565
0.1,3,50,7,Unscaled,Gaussian,cqr,raw,0.5,0.0,2,4.473796130053304,5.641960639036565,15.757717408126439
0.1,3,50,7,Unscaled,Gaussian,cqr,raw,0.5,0.0,3,3.3253791899040976,5.641960639036565,14.609300467977242
0.1,3,50,7,Empirical_copula,Gaussian,cqr,raw,0.5,0.0,1,4.673743022019438,5.702582112402762,16.07890724682496
0.1,3,50,7,Empirical_copula,Gaussian,cqr,raw,0.5,0.0,2,4.473796130053304,4.2901974124376,13.054190954928503
0.1,3,50,7,Empirical_copula,Gaussian,cqr,raw,0.5,0.0,3,3.3253791899040976,2.937218676595247,9.1998165430946
0.1,3,50,8,CQHR,Gaussian,cqr,native,0.5,0.0,1,4.818583419597074,16.753791524053067,38.3261664677031
0.1,3,50,8,CQHR,Gaussian,cqr,native,0.5,0.0,2,4.288440580772691,32.310800190178725,68.91004096113016
0.1,3,50,8,CQHR,Gaussian,cqr,native,0.5,0.0,3,3.535659706357441,26.71833406697819,56.972327840313845
0.1,3,50,8,TSCP_R,Gaussian,cqr,capped,0.5,0.0,1,4.818583419597074,6.602027260902058,18.022637941401204
0.1,3,50,8,TSCP_R,Gaussian,cqr,capped,0.5,0.0,2,4.288440580772691,5.485533134174794,15.259506849122282
0.1,3,50,8,TSCP_R,Gaussian,cqr,capped,0.5,0.0,3,3.535659706357441,3.9717529418235644,11.47916559000458
0.1,3,50,8,Unscaled,Gaussian,cqr,raw,0.5,0.0,1,4.818583419597074,4.648598438575716,14.115780296748493
0.1,3,50,8,Unscaled,Gaussian,cqr,raw,0.5,0.0,2,4.288440580772691,4.648598438575716,13.585637457924129
0.1,3,50,8,Unscaled,Gaussian,cqr,raw,0.5,0.0,3,3.535659706357441,4.648598438575716,12.832856583508878
0.1,3,50,8,Empirical_copula,Gaussian,cqr,raw,0.5,0.0,1,4.818583419597074,6.559628970628237,17.937841360853565
0.1,3,50,8,Empirical_copula,Gaussian,cqr,raw,0.5,0.0,2,4.288440580772691,5.4382709312726,15.164982443317877
0.1,3,50,8,Empirical_copula,Gaussian,cqr,raw,0.5,0.0,3,3.535659706357441,3.4019128410987136,10.339485388554868
0.1,3,50,9,CQHR,Gaussian,cqr,native,0.5,0.0,1,4.809589103736782,11.313146071754353,27.43588124724575
0.1,3,50,9,CQHR,Gaussian,cqr,native,0.5,0.0,2,4.490232404252326,12.925724841363248,30.34168208697887
0.1,3,50,9,CQHR,Gaussian,cqr,native,0.5,0.0,3,3.536044524733472,9.835919202317985,23.207882929369433
0.1,3,50,9,TSCP_R,Gaussian,cqr,capped,0.5,0.0,1,4.809589103736782,6.702306228161257,18.214201560059276
0.1,3,50,9,TSCP_R,Gaussian,cqr,capped,0.5,0.0,2,4.490232404252326,4.766312655358129,14.02285771496858
0.1,3,50,9,TSCP_R,Gaussian,cqr,capped,0.5,0.0,3,3.536044524733472,3.0893519120762876,9.714748348886054
0.1,3,50,9,Unscaled,Gaussian,cqr,raw,0.5,0.0,1,4.809589103736782,4.73124215036554,14.272073404467843
0.1,3,50,9,Unscaled,Gaussian,cqr,raw,0.5,0.0,2,4.490232404252326,4.73124215036554,13.952716704983416
0.1,3,50,9,Unscaled,Gaussian,cqr,raw,0.5,0.0,3,3.536044524733472,4.73124215036554,12.998528825464545
0.1,3,50,9,Empirical_copula,Gaussian,cqr,raw,0.5,0.0,1,4.809589103736782,7.274982326511264,19.3595537567593
0.1,3,50,9,Empirical_copula,Gaussian,cqr,raw,0.5,0.0,2,4.490232404252326,4.731242150332958,13.952716704918245
0.1,3,50,9,Empirical_copula,Gaussian,cqr,raw,0.5,0.0,3,3.536044524733472,2.1433834311656135,7.822811387064703
0.1,3,50,10,CQHR,Gaussian,cqr,native,0.5,0.0,1,4.846552677537345,9.52846714742524,23.903486972387753
0.1,3,50,10,CQHR,Gaussian,cqr,native,0.5,0.0,2,4.445068367570058,11.46364320087493,27.372354769319912
0.1,3,50,10,CQHR,Gaussian,cqr,native,0.5,0.0,3,3.512173512721451,9.077170748996217,21.666515010713894
0.1,3,50,10,TSCP_R,Gaussian,cqr,capped,0.5,0.0,1,4.846552677537345,5.740378790015552,16.327310257568445
0.1,3,50,10,TSCP_R,Gaussian,cqr,capped,0.5,0.0,2,4.445068367570058,5.8460844263628955,16.137237220295837
0.1,3,50,10,TSCP_R,Gaussian,cqr,capped,0.5,0.0,3,3.512173512721451,4.737745261755615,12.987664036232667
0.1,3,50,10,Unscaled,Gaussian,cqr,raw,0.5,0.0,1,4.846552677537345,5.433334092267391,15.71322086207211
0.1,3,50,10,Unscaled,Gaussian,cqr,raw,0.5,0.0,2,4.445068367570058,5.433334092267391,15.31173655210484
0.1,3,50,10,Unscaled,Gaussian,cqr,raw,0.5,0.0,3,3.512173512721451,5.433334092267391,14.378841697256242
0.1,3,50,10,Empirical_copula,Gaussian,cqr,raw,0.5,0.0,1,4.846552677537345,5.278193598469887,15.402939874477122
0.1,3,50,10,Empirical_copula,Gaussian,cqr,raw,0.5,0.0,2,4.445068367570058,6.078896988610592,16.602862344791237
0.1,3,50,10,Empirical_copula,Gaussian,cqr,raw,0.5,0.0,3,3.512173512721451,3.365921305722604,10.244016124166652
0.1,3,50,11,CQHR,Gaussian,cqr,native,0.5,0.0,1,4.719030106481124,10.18756828243683,25.094166671354884
0.1,3,50,11,CQHR,Gaussian,cqr,native,0.5,0.0,2,4.192261443784978,13.223855921218755,30.639973286222467
0.1,3,50,11,CQHR,Gaussian,cqr,native,0.5,0.0,3,3.41472054382215,10.09487624027823,23.60447302437858
0.1,3,50,11,TSCP_R,Gaussian,cqr,capped,0.5,0.0,1,4.719030106481124,7.3284632703337005,19.375956647148517
0.1,3,50,11,TSCP_R,Gaussian,cqr,capped,0.5,0.0,2,4.192261443784978,4.788304338052354,13.768870119889694
0.1,3,50,11,TSCP_R,Gaussian,cqr,capped,0.5,0.0,3,3.41472054382215,3.218598466551674,9.851917476925497
0.1,3,50,11,Unscaled,Gaussian,cqr,raw,0.5,0.0,1,4.719030106481124,4.706341391092337,14.131712888665794
0.1,3,50,11,Unscaled,Gaussian,cqr,raw,0.5,0.0,2,4.192261443784978,4.706341391092337,13.604944225969646
0.1,3,50,11,Unscaled,Gaussian,cqr,raw,0.5,0.0,3,3.41472054382215,4.706341391092337,12.827403326006824
0.1,3,50,11,Empirical_copula,Gaussian,cqr,raw,0.5,0.0,1,4.719030106481124,8.688154513880036,22.095339134241215
0.1,3,50,11,Empirical_copula,Gaussian,cqr,raw,0.5,0.0,2,4.192261443784978,4.4858098789614775,13.16388120170794
0.1,3,50,11,Empirical_copula,Gaussian,cqr,raw,0.5,0.0,3,3.41472054382215,2.5668118044819295,8.548344152786006
0.1,3,50,12,CQHR,Gaussian,cqr,native,0.5,0.0,1,4.7848178240849455,13.563404783228352,31.911627390541817
0.1,3,50,12,CQHR,Gaussian,cqr,native,0.5,0.0,2,4.564155879651939,16.567481202507807,37.699118284667556
0.1,3,50,12,CQHR,Gaussian,cqr,native,0.5,0.0,3,3.494747277489624,13.0558882745747,29.606523826639048
0.1,3,50,12,TSCP_R,Gaussian,cqr,capped,0.5,0.0,1,4.7848178240849455,8.408559203944128,21.601936231973188
0.1,3,50,12,TSCP_R,Gaussian,cqr,capped,0.5,0.0,2,4.564155879651939,4.726968612277293,14.018093104206512
0.1,3,50,12,TSCP_R,Gaussian,cqr,capped,0.5,0.0,3,3.494747277489624,4.890106841046927,13.27496095958346
0.1,3,50,12,Unscaled,Gaussian,cqr,raw,0.5,0.0,1,4.7848178240849455,6.518083913449756,17.82098565098447
0.1,3,50,12,Unscaled,Gaussian,cqr,raw,0.5,0.0,2,4.564155879651939,6.518083913449756,17.600323706551443
0.1,3,50,12,Unscaled,Gaussian,cqr,raw,0.5,0.0,3,3.494747277489624,6.518083913449756,16.530915104389134
0.1,3,50,12,Empirical_copula,Gaussian,cqr,raw,0.5,0.0,1,4.7848178240849455,7.8596469595836105,20.504111743252153
0.1,3,50,12,Empirical_copula,Gaussian,cqr,raw,0.5,0.0,2,4.564155879651939,4.210429971455767,12.985015822563478
0.1,3,50,12,Empirical_copula,Gaussian,cqr,raw,0.5,0.0,3,3.494747277489624,3.5843503276990085,10.663447932887644
0.1,3,50,13,CQHR,Gaussian,cqr,native,0.5,0.0,1,4.70089387656676,13.102444788810304,30.90578345418725
0.1,3,50,13,CQHR,Gaussian,cqr,native,0.5,0.0,2,4.6280823415118535,20.756878486906825,46.141839315325484
0.1,3,50,13,CQHR,Gaussian,cqr,native,0.5,0.0,3,3.4941406046193264,14.77197511207463,33.03809082876861
0.1,3,50,13,TSCP_R,Gaussian,cqr,capped,0.5,0.0,1,4.70089387656676,5.171168069988649,15.04323001654407
0.1,3,50,13,TSCP_R,Gaussian,cqr,capped,0.5,0.0,2,4.6280823415118535,5.653113774038998,15.934309889589853
0.1,3,50,13,TSCP_R,Gaussian,cqr,capped,0.5,0.0,3,3.4941406046193264,4.201468081102057,11.89707676682344
0.1,3,50,13,Unscaled,Gaussian,cqr,raw,0.5,0.0,1,4.70089387656676,5.244579257279642,15.190052391126043
0.1,3,50,13,Unscaled,Gaussian,cqr,raw,0.5,0.0,2,4.6280823415118535,5.244579257279642,15.117240856071136
0.1,3,50,13,Unscaled,Gaussian,cqr,raw,0.5,0.0,3,3.4941406046193264,5.244579257279642,13.983299119178598
0.1,3,50,13,Empirical_copula,Gaussian,cqr,raw,0.5,0.0,1,4.70089387656676,5.067346128899747,14.835586134366254
0.1,3,50,13,Empirical_copula,Gaussian,cqr,raw,0.5,0.0,2,4.6280823415118535,5.244579257235927,15.117240855983718
0.1,3,50,13,Empirical_copula,Gaussian,cqr,raw,0.5,0.0,3,3.4941406046193264,3.42833181962796,10.350804243875237
0.1,3,50,14,CQHR,Gaussian,cqr,native,0.5,0.0,1,4.798410574420129,11.954024493823242,28.706459562066392
0.1,3,50,14,CQHR,Gaussian,cqr,native,0.5,0.0,2,4.380679897169703,14.079875822961267,32.54043154309222
0.1,3,50,14,CQHR,Gaussian,cqr,native,0.5,0.0,3,3.347884336156561,10.19850085886307,23.74488605388269
0.1,3,50,14,TSCP_R,Gaussian,cqr,capped,0.5,0.0,1,4.798410574420129,8.635227058410988,22.068864691242105
0.1,3,50,14,TSCP_R,Gaussian,cqr,capped,0.5,0.0,2,4.380679897169703,4.847583046534671,14.075845990239053
0.1,3,50,14,TSCP_R,Gaussian,cqr,capped,0.5,0.0,3,3.347884336156561,2.571254764670341,8.490393865497243
0.1,3,50,14,Unscaled,Gaussian,cqr,raw,0.5,0.0,1,4.798410574420129,5.15094367877472,15.100297931969562
0.1,3,50,14,Unscaled,Gaussian,cqr,raw,0.5,0.0,2,4.380679897169703,5.15094367877472,14.682567254719146
0.1,3,50,14,Unscaled,Gaussian,cqr,raw,0.5,0.0,3,3.347884336156561,5.15094367877472,13.649771693706011
0.1,3,50,14,Empirical_copula,Gaussian,cqr,raw,0.5,0.0,1,4.798410574420129,8.690619319060414,22.179649212540973
0.1,3,50,14,Empirical_copula,Gaussian,cqr,raw,0.5,0.0,2,4.380679897169703,4.80160715200387,13.983894201177442
0.1,3,50,14,Empirical_copula,Gaussian,cqr,raw,0.5,0.0,3,3.347884336156561,2.1955450589267627,7.7389744540100915
0.1,3,50,15,CQHR,Gaussian,cqr,native,0.5,0.0,1,4.768970407344078,16.264294438274042,37.29755928389234
0.1,3,50,15,CQHR,Gaussian,cqr,native,0.5,0.0,2,4.349058613698759,21.899246470891427,48.14755155548165
0.1,3,50,15,CQHR,Gaussian,cqr,native,0.5,0.0,3,3.4534226104171784,16.881377858954,37.21617832832513
0.1,3,50,15,TSCP_R,Gaussian,cqr,capped,0.5,0.0,1,4.768970407344078,6.100112957777226,16.969196322898505
0.1,3,50,15,TSCP_R,Gaussian,cqr,capped,0.5,0.0,2,4.349058613698759,4.104839711248593,12.558738036195942
0.1,3,50,15,TSCP_R,Gaussian,cqr,capped,0.5,0.0,3,3.4534226104171784,3.2072340552730543,9.867890720963288
0.1,3,50,15,Unscaled,Gaussian,cqr,raw,0.5,0.0,1,4.768970407344078,4.0800648882107495,12.929100183765572
0.1,3,50,15,Unscaled,Gaussian,cqr,raw,0.5,0.0,2,4.349058613698759,4.0800648882107495,12.50918839012027
0.1,3,50,15,Unscaled,Gaussian,cqr,raw,0.5,0.0,3,3.4534226104171784,4.0800648882107495,11.61355238683867
0.1,3,50,15,Empirical_copula,Gaussian,cqr,raw,0.5,0.0,1,4.768970407344078,5.4486033337538595,15.66617707485179
0.1,3,50,15,Empirical_copula,Gaussian,cqr,raw,0.5,0.0,2,4.349058613698759,3.308951581537405,10.966961776773564
0.1,3,50,15,Empirical_copula,Gaussian,cqr,raw,0.5,0.0,3,3.4534226104171784,3.648304381515242,10.75003137344767
0.1,3,50,16,CQHR,Gaussian,cqr,native,0.5,0.0,1,4.811464904601404,11.72839860177016,28.268262108141958
0.1,3,50,16,CQHR,Gaussian,cqr,native,0.5,0.0,2,4.360390794043239,16.23421257463709,36.8288159433174
0.1,3,50,16,CQHR,Gaussian,cqr,native,0.5,0.0,3,3.4423325526000297,11.754102329097762,26.950537210795527
0.1,3,50,16,TSCP_R,Gaussian,cqr,capped,0.5,0.0,1,4.811464904601404,7.39993700399007,19.611338912581562
0.1,3,50,16,TSCP_R,Gaussian,cqr,capped,0.5,0.0,2,4.360390794043239,4.78953809191517,13.939466977873602
0.1,3,50,16,TSCP_R,Gaussian,cqr,capped,0.5,0.0,3,3.4423325526000297,2.938724902295122,9.31978235719027
0.1,3,50,16,Unscaled,Gaussian,cqr,raw,0.5,0.0,1,4.811464904601404,5.1545969753579,15.12065885531721
0.1,3,50,16,Unscaled,Gaussian,cqr,raw,0.5,0.0,2,4.360390794043239,5.1545969753579,14.66958474475904
0.1,3,50,16,Unscaled,Gaussian,cqr,raw,0.5,0.0,3,3.4423325526000297,5.1545969753579,13.751526503315823
0.1,3,50,16,Empirical_copula,Gaussian,cqr,raw,0.5,0.0,1,4.811464904601404,7.253661443485383,19.31878779157214
0.1,3,50,16,Empirical_copula,Gaussian,cqr,raw,0.5,0.0,2,4.360390794043239,4.243366734486882,12.847124263017003
0.1,3,50,16,Empirical_copula,Gaussian,cqr,raw,0.5,0.0,3,3.4423325526000297,3.1619885152744622,9.766309583148958
0.1,3,50,17,CQHR,Gaussian,cqr,native,0.5,0.0,1,4.822210630350471,30.149384339518317,65.12097930938731
0.1,3,50,17,CQHR,Gaussian,cqr,native,0.5,0.0,2,4.440144248884308,40.70832517523427,85.85679459935284
0.1,3,50,17,CQHR,Gaussian,cqr,native,0.5,0.0,3,3.48703320277414,26.64559709540706,56.77822739358823
0.1,3,50,17,TSCP_R,Gaussian,cqr,capped,0.5,0.0,1,4.822210630350471,6.443033018041158,17.70827666643277
0.1,3,50,17,TSCP_R,Gaussian,cqr,capped,0.5,0.0,2,4.440144248884308,4.821713786666047,14.083571822216406
0.1,3,50,17,TSCP_R,Gaussian,cqr,capped,0.5,0.0,3,3.48703320277414,5.310535870193776,14.108104943161697
0.1,3,50,17,Unscaled,Gaussian,cqr,raw,0.5,0.0,1,4.822210630350471,5.140900212489221,15.104011055328916
0.1,3,50,17,Unscaled,Gaussian,cqr,raw,0.5,0.0,2,4.440144248884308,5.140900212489221,14.721944673862751
0.1,3,50,17,Unscaled,Gaussian,cqr,raw,0.5,0.0,3,3.48703320277414,5.140900212489221,13.768833627752587
0.1,3,50,17,Empirical_copula,Gaussian,cqr,raw,0.5,0.0,1,4.822210630350471,6.642310407186913,18.106831444724293
0.1,3,50,17,Empirical_copula,Gaussian,cqr,raw,0.5,0.0,2,4.440144248884308,4.311485988424607,13.063116225733525
0.1,3,50,17,Empirical_copula,Gaussian,cqr,raw,0.5,0.0,3,3.48703320277414,3.195944043957743,9.878921290689629
0.1,3,50,18,CQHR,Gaussian,cqr,native,0.5,0.0,1,4.8668192367361875,6.91205867014913,18.690936577034304
0.1,3,50,18,CQHR,Gaussian,cqr,native,0.5,0.0,2,4.304080014291565,7.268900798112117,18.841881610515813
0.1,3,50,18,CQHR,Gaussian,cqr,native,0.5,0.0,3,3.318231678612799,5.271640184094762,13.861512046802336
0.1,3,50,18,TSCP_R,Gaussian,cqr,capped,0.5,0.0,1,4.8668192367361875,5.936117367877148,16.739053972490474
0.1,3,50,18,TSCP_R,Gaussian,cqr,capped,0.5,0.0,2,4.304080014291565,6.080718000957541,16.46551601620663
0.1,3,50,18,TSCP_R,Gaussian,cqr,capped,0.5,0.0,3,3.318231678612799,3.8575602824181083,11.033352243449016
0.1,3,50,18,Unscaled,Gaussian,cqr,raw,0.5,0.0,1,4.8668192367361875,5.403928159607121,15.674675555950438
0.1,3,50,18,Unscaled,Gaussian,cqr,raw,0.5,0.0,2,4.304080014291565,5.403928159607121,15.111936333505819
0.1,3,50,18,Unscaled,Gaussian,cqr,raw,0.5,0.0,3,3.318231678612799,5.403928159607121,14.126087997827058
0.1,3,50,18,Empirical_copula,Gaussian,cqr,raw,0.5,0.0,1,4.8668192367361875,4.836014031862922,14.53884730046203
0.1,3,50,18,Empirical_copula,Gaussian,cqr,raw,0.5,0.0,2,4.304080014291565,5.347764777429088,14.999609569149753
0.1,3,50,18,Empirical_copula,Gaussian,cqr,raw,0.5,0.0,3,3.318231678612799,3.8204713457809056,10.959174370174617
0.1,3,50,19,CQHR,Gaussian,cqr,native,0.5,0.0,1,4.715603503543903,16.12271949978094,36.961042503105766
0.1,3,50,19,CQHR,Gaussian,cqr,native,0.5,0.0,2,4.2905422298370475,18.32194778696682,40.934437803770685
0.1,3,50,19,CQHR,Gaussian,cqr,native,0.5,0.0,3,3.4590870322922544,13.687991723637676,30.835070479567584
0.1,3,50,19,TSCP_R,Gaussian,cqr,capped,0.5,0.0,1,4.715603503543903,6.997524109024745,18.71065172159339
0.1,3,50,19,TSCP_R,Gaussian,cqr,capped,0.5,0.0,2,4.2905422298370475,7.595652359913195,19.481846949663442
0.1,3,50,19,TSCP_R,Gaussian,cqr,capped,0.5,0.0,3,3.4590870322922544,3.8739473039280226,11.2069816401483
0.1,3,50,19,Unscaled,Gaussian,cqr,raw,0.5,0.0,1,4.715603503543903,6.399995454364772,17.515594412273447
0.1,3,50,19,Unscaled,Gaussian,cqr,raw,0.5,0.0,2,4.2905422298370475,6.399995454364772,17.09053313856658
0.1,3,50,19,Unscaled,Gaussian,cqr,raw,0.5,0.0,3,3.4590870322922544,6.399995454364772,16.2590779410218
0.1,3,50,19,Empirical_copula,Gaussian,cqr,raw,0.5,0.0,1,4.715603503543903,6.37703350382961,17.469670511203145
0.1,3,50,19,Empirical_copula,Gaussian,cqr,raw,0.5,0.0,2,4.2905422298370475,6.399995454351961,17.09053313854097
0.1,3,50,19,Empirical_copula,Gaussian,cqr,raw,0.5,0.0,3,3.4590870322922544,3.820253184605903,11.099593401504071
0.1,3,50,20,CQHR,Gaussian,cqr,native,0.5,0.0,1,4.831676814460147,15.726708888171618,36.28509459080355
0.1,3,50,20,CQHR,Gaussian,cqr,native,0.5,0.0,2,4.603189830168478,21.829098599600467,48.26138702936942
0.1,3,50,20,CQHR,Gaussian,cqr,native,0.5,0.0,3,3.6879000471815298,16.63591690263792,36.95973385245738
0.1,3,50,20,TSCP_R,Gaussian,cqr,capped,0.5,0.0,1,4.831676814460147,7.86670094157476,20.565078697609657
0.1,3,50,20,TSCP_R,Gaussian,cqr,capped,0.5,0.0,2,4.603189830168478,5.358629243944466,15.320448318057416
0.1,3,50,20,TSCP_R,Gaussian,cqr,capped,0.5,0.0,3,3.6879000471815298,4.992119153773771,13.672138354729086
0.1,3,50,20,Unscaled,Gaussian,cqr,raw,0.5,0.0,1,4.831676814460147,6.143492579378254,17.118661973216643
0.1,3,50,20,Unscaled,Gaussian,cqr,raw,0.5,0.0,2,4.603189830168478,6.143492579378254,16.890174988925008
0.1,3,50,20,Unscaled,Gaussian,cqr,raw,0.5,0.0,3,3.6879000471815298,6.143492579378254,15.974885205938039
0.1,3,50,20,Empirical_copula,Gaussian,cqr,raw,0.5,0.0,1,4.831676814460147,7.307384476235539,19.44644576693123
0.1,3,50,20,Empirical_copula,Gaussian,cqr,raw,0.5,0.0,2,4.603189830168478,5.259190323686335,15.12157047754117
0.1,3,50,20,Empirical_copula,Gaussian,cqr,raw,0.5,0.0,3,3.6879000471815298,5.3375179461077025,14.362935939396936
0.1,3,50,21,CQHR,Gaussian,cqr,native,0.5,0.0,1,4.775789937313855,20.45047144339287,45.67673282409952
0.1,3,50,21,CQHR,Gaussian,cqr,native,0.5,0.0,2,4.216857964104574,29.878953959587623,63.97476588327972
0.1,3,50,21,CQHR,Gaussian,cqr,native,0.5,0.0,3,3.4207988956601167,32.28086765930422,67.98253421426857
0.1,3,50,21,TSCP_R,Gaussian,cqr,capped,0.5,0.0,1,4.775789937313855,4.312459880085731,13.400709697485333
0.1,3,50,21,TSCP_R,Gaussian,cqr,capped,0.5,0.0,2,4.216857964104574,4.456898487375439,13.130654938855468
0.1,3,50,21,TSCP_R,Gaussian,cqr,capped,0.5,0.0,3,3.4207988956601167,2.859918007954657,9.140634911569425
0.1,3,50,21,Unscaled,Gaussian,cqr,raw,0.5,0.0,1,4.775789937313855,3.9243519720690676,12.624493881451988
0.1,3,50,21,Unscaled,Gaussian,cqr,raw,0.5,0.0,2,4.216857964104574,3.9243519720690676,12.065561908242714
0.1,3,50,21,Unscaled,Gaussian,cqr,raw,0.5,0.0,3,3.4207988956601167,3.9243519720690676,11.26950283979825
0.1,3,50,21,Empirical_copula,Gaussian,cqr,raw,0.5,0.0,1,4.775789937313855,3.924351971993259,12.62449388130039
0.1,3,50,21,Empirical_copula,Gaussian,cqr,raw,0.5,0.0,2,4.216857964104574,2.7154483404143868,9.64775464493335
0.1,3,50,21,Empirical_copula,Gaussian,cqr,raw,0.5,0.0,3,3.4207988956601167,2.9627582114941258,9.346315318648362
0.1,3,50,22,CQHR,Gaussian,cqr,native,0.5,0.0,1,4.764539435219672,12.794868128440564,30.354275692100618
0.1,3,50,22,CQHR,Gaussian,cqr,native,0.5,0.0,2,4.4941684491282325,15.653700409020866,35.80156926716999
0.1,3,50,22,CQHR,Gaussian,cqr,native,0.5,0.0,3,3.460044300981445,12.198779080757346,27.857602462496178
0.1,3,50,22,TSCP_R,Gaussian,cqr,capped,0.5,0.0,1,4.764539435219672,5.474765352371179,15.714070139962029
0.1,3,50,22,TSCP_R,Gaussian,cqr,capped,0.5,0.0,2,4.4941684491282325,5.9525008832527515,16.399170215633717
0.1,3,50,22,TSCP_R,Gaussian,cqr,capped,0.5,0.0,3,3.460044300981445,3.1946006202958346,9.849245541573117
0.1,3,50,22,Unscaled,Gaussian,cqr,raw,0.5,0.0,1,4.764539435219672,5.424482230247477,15.613503895714645
0.1,3,50,22,Unscaled,Gaussian,cqr,raw,0.5,0.0,2,4.4941684491282325,5.424482230247477,15.34313290962317
0.1,3,50,22,Unscaled,Gaussian,cqr,raw,0.5,0.0,3,3.460044300981445,5.424482230247477,14.309008761476404
0.1,3,50,22,Empirical_copula,Gaussian,cqr,raw,0.5,0.0,1,4.764539435219672,5.4244822301700815,15.61350389555983
0.1,3,50,22,Empirical_copula,Gaussian,cqr,raw,0.5,0.0,2,4.4941684491282325,4.998937349077428,14.492043147283075
0.1,3,50,22,Empirical_copula,Gaussian,cqr,raw,0.5,0.0,3,3.460044300981445,2.4751833004088546,8.41041090179916
0.1,3,50,23,CQHR,Gaussian,cqr,native,0.5,0.0,1,4.740786684360725,13.790820515225281,32.32242771481139
0.1,3,50,23,CQHR,Gaussian,cqr,native,0.5,0.0,2,4.370767810325346,22.576151539078925,49.52307088848322
0.1,3,50,23,CQHR,Gaussian,cqr,native,0.5,0.0,3,3.2943202659718813,13.909050433766618,31.112421133505116
0.1,3,50,23,TSCP_R,Gaussian,cqr,capped,0.5,0.0,1,4.740786684360725,5.747430986159069,16.23564865667888
0.1,3,50,23,TSCP_R,Gaussian,cqr,capped,0.5,0.0,2,4.370767810325346,5.86158813130653,16.093944072938402
0.1,3,50,23,TSCP_R,Gaussian,cqr,capped,0.5,0.0,3,3.2943202659718813,4.389910279491346,12.074140824954583
0.1,3,50,23,Unscaled,Gaussian,cqr,raw,0.5,0.0,1,4.740786684360725,4.522141849276176,13.785070382913087
0.1,3,50,23,Unscaled,Gaussian,cqr,raw,0.5,0.0,2,4.370767810325346,4.522141849276176,13.415051508877681
0.1,3,50,23,Unscaled,Gaussian,cqr,raw,0.5,0.0,3,3.2943202659718813,4.522141849276176,12.338603964524243
0.1,3,50,23,Empirical_copula,Gaussian,cqr,raw,0.5,0.0,1,4.740786684360725,4.443819933409705,13.628426551180144
0.1,3,50,23,Empirical_copula,Gaussian,cqr,raw,0.5,0.0,2,4.370767810325346,4.5221418492078715,13.415051508741088
0.1,3,50,23,Empirical_copula,Gaussian,cqr,raw,0.5,0.0,3,3.2943202659718813,3.7867576669177048,10.8678355998073
0.1,3,50,24,CQHR,Gaussian,cqr,native,0.5,0.0,1,4.671969158568272,18.07474555192841,40.821460262424644
0.1,3,50,24,CQHR,Gaussian,cqr,native,0.5,0.0,2,4.574723120449505,28.4245728931803,61.42386890681009
0.1,3,50,24,CQHR,Gaussian,cqr,native,0.5,0.0,3,3.481104144717972,20.09378321152059,43.66867056775916
0.1,3,50,24,TSCP_R,Gaussian,cqr,capped,0.5,0.0,1,4.671969158568272,6.4695142628282305,17.61099768422471
0.1,3,50,24,TSCP_R,Gaussian,cqr,capped,0.5,0.0,2,4.574723120449505,5.260933301810106,15.0965897240697
0.1,3,50,24,TSCP_R,Gaussian,cqr,capped,0.5,0.0,3,3.481104144717972,3.79170348762265,11.06451111996327
0.1,3,50,24,Unscaled,Gaussian,cqr,raw,0.5,0.0,1,4.671969158568272,5.860973449679851,16.39391605792796
0.1,3,50,24,Unscaled,Gaussian,cqr,raw,0.5,0.0,2,4.574723120449505,5.860973449679851,16.29667001980921
0.1,3,50,24,Unscaled,Gaussian,cqr,raw,0.5,0.0,3,3.481104144717972,5.860973449679851,15.203051044077656
0.1,3,50,24,Empirical_copula,Gaussian,cqr,raw,0.5,0.0,1,4.671969158568272,6.191011397359636,17.05399195328756
0.1,3,50,24,Empirical_copula,Gaussian,cqr,raw,0.5,0.0,2,4.574723120449505,4.39252316773143,13.359769455912357
0.1,3,50,24,Empirical_copula,Gaussian,cqr,raw,0.5,0.0,3,3.481104144717972,3.165254467632938,9.811613079983845
0.1,3,50,25,CQHR,Gaussian,cqr,native,0.5,0.0,1,4.719615495002873,11.586647144779127,27.892909784561397
0.1,3,50,25,CQHR,Gaussian,cqr,native,0.5,0.0,2,4.475858996077718,22.008050811790024,48.49196061965772
0.1,3,50,25,CQHR,Gaussian,cqr,native,0.5,0.0,3,3.487881648917139,13.614207298621093,30.716296246159303
0.1,3,50,25,TSCP_R,Gaussian,cqr,capped,0.5,0.0,1,4.719615495002873,5.370574481229676,15.460764457462206
0.1,3,50,25,TSCP_R,Gaussian,cqr,capped,0.5,0.0,2,4.475858996077718,7.287957831130601,19.051774658338932
0.1,3,50,25,TSCP_R,Gaussian,cqr,capped,0.5,0.0,3,3.487881648917139,4.441210076505457,12.370301801928044
0.1,3,50,25,Unscaled,Gaussian,cqr,raw,0.5,0.0,1,4.719615495002873,6.045645934171574,16.810907363346033
0.1,3,50,25,Unscaled,Gaussian,cqr,raw,0.5,0.0,2,4.475858996077718,6.045645934171574,16.56715086442085
0.1,3,50,25,Unscaled,Gaussian,cqr,raw,0.5,0.0,3,3.487881648917139,6.045645934171574,15.579173517260287
0.1,3,50,25,Empirical_copula,Gaussian,cqr,raw,0.5,0.0,1,4.719615495002873,5.799047353653098,16.317710202309048
0.1,3,50,25,Empirical_copula,Gaussian,cqr,raw,0.5,0.0,2,4.475858996077718,6.260723921948813,16.997306839975355
0.1,3,50,25,Empirical_copula,Gaussian,cqr,raw,0.5,0.0,3,3.487881648917139,2.483447671732719,8.454776992382582
0.1,3,50,26,CQHR,Gaussian,cqr,native,0.5,0.0,1,4.983730464576138,14.262322960292998,33.50837638516198
0.1,3,50,26,CQHR,Gaussian,cqr,native,0.5,0.0,2,4.414163448902741,18.508539326943303,41.43124210278936
0.1,3,50,26,CQHR,Gaussian,cqr,native,0.5,0.0,3,3.579192473617856,15.249549096553052,34.078290666723944
0.1,3,50,26,TSCP_R,Gaussian,cqr,capped,0.5,0.0,1,4.983730464576138,6.2986225925027775,17.58097564958167
0.1,3,50,26,TSCP_R,Gaussian,cqr,capped,0.5,0.0,2,4.414163448902741,5.017354297648714,14.44887204420017
0.1,3,50,26,TSCP_R,Gaussian,cqr,capped,0.5,0.0,3,3.579192473617856,3.708113438746608,10.99541935111107
0.1,3,50,26,Unscaled,Gaussian,cqr,raw,0.5,0.0,1,4.983730464576138,4.7160670473769075,14.415864559329954
0.1,3,50,26,Unscaled,Gaussian,cqr,raw,0.5,0.0,2,4.414163448902741,4.7160670473769075,13.846297543656553
0.1,3,50,26,Unscaled,Gaussian,cqr,raw,0.5,0.0,3,3.579192473617856,4.7160670473769075,13.011326568371668
0.1,3,50,26,Empirical_copula,Gaussian,cqr,raw,0.5,0.0,1,4.983730464576138,5.976474984657237,16.936680433890622
0.1,3,50,26,Empirical_copula,Gaussian,cqr,raw,0.5,0.0,2,4.414163448902741,4.420022856069778,13.254209161042297
0.1,3,50,26,Empirical_copula,Gaussian,cqr,raw,0.5,0.0,3,3.579192473617856,4.442604895140896,12.464402263899641
0.1,3,50,27,CQHR,Gaussian,cqr,native,0.5,0.0,1,4.812055337014752,14.464990032964137,33.742035402943216
0.1,3,50,27,CQHR,Gaussian,cqr,native,0.5,0.0,2,4.512460492466582,19.04385223837935,42.6001649692252
0.1,3,50,27,CQHR,Gaussian,cqr,native,0.5,0.0,3,3.485051264842035,13.331665835766852,30.148382936375754
0.1,3,50,27,TSCP_R,Gaussian,cqr,capped,0.5,0.0,1,4.812055337014752,4.307453582833038,13.42696250268084
0.1,3,50,27,TSCP_R,Gaussian,cqr,capped,0.5,0.0,2,4.512460492466582,5.8675082995619565,16.24747709159049
0.1,3,50,27,TSCP_R,Gaussian,cqr,capped,0.5,0.0,3,3.485051264842035,4.5786937733943365,12.642438811630702
0.1,3,50,27,Unscaled,Gaussian,cqr,raw,0.5,0.0,1,4.812055337014752,5.522520273681678,15.857095884378117
0.1,3,50,27,Unscaled,Gaussian,cqr,raw,0.5,0.0,2,4.512460492466582,5.522520273681678,15.557501039829937
0.1,3,50,27,Unscaled,Gaussian,cqr,raw,0.5,0.0,3,3.485051264842035,5.522520273681678,14.530091812205404
0.1,3,50,27,Empirical_copula,Gaussian,cqr,raw,0.5,0.0,1,4.812055337014752,4.144199563655166,13.100454464325077
0.1,3,50,27,Empirical_copula,Gaussian,cqr,raw,0.5,0.0,2,4.512460492466582,5.522520273601202,15.55750103966899
0.1,3,50,27,Empirical_copula,Gaussian,cqr,raw,0.5,0.0,3,3.485051264842035,6.554768064534574,16.594587393911198
0.1,3,50,28,CQHR,Gaussian,cqr,native,0.5,0.0,1,4.677742570063856,8.48260403320191,21.642950636467877
0.1,3,50,28,CQHR,Gaussian,cqr,native,0.5,0.0,2,4.359547265780413,9.543505230531935,23.446557726844297
0.1,3,50,28,CQHR,Gaussian,cqr,native,0.5,0.0,3,3.6122949635739676,7.789121373477705,19.19053771052937
0.1,3,50,28,TSCP_R,Gaussian,cqr,capped,0.5,0.0,1,4.677742570063856,5.793303542011694,16.26434965408724
0.1,3,50,28,TSCP_R,Gaussian,cqr,capped,0.5,0.0,2,4.359547265780413,4.936776707853491,14.2331006814874
0.1,3,50,28,TSCP_R,Gaussian,cqr,capped,0.5,0.0,3,3.6122949635739676,3.5763044990824806,10.764903961738936
0.1,3,50,28,Unscaled,Gaussian,cqr,raw,0.5,0.0,1,4.677742570063856,4.977869970574614,14.633482511213073
0.1,3,50,28,Unscaled,Gaussian,cqr,raw,0.5,0.0,2,4.359547265780413,4.977869970574614,14.315287206929634
0.1,3,50,28,Unscaled,Gaussian,cqr,raw,0.5,0.0,3,3.6122949635739676,4.977869970574614,13.568034904723199
0.1,3,50,28,Empirical_copula,Gaussian,cqr,raw,0.5,0.0,1,4.677742570063856,5.739153342775566,16.156049255614974
0.1,3,50,28,Empirical_copula,Gaussian,cqr,raw,0.5,0.0,2,4.359547265780413,4.977869970511447,14.315287206803305
0.1,3,50,28,Empirical_copula,Gaussian,cqr,raw,0.5,0.0,3,3.6122949635739676,3.095691674213274,9.803678312000523
0.1,3,50,29,CQHR,Gaussian,cqr,native,0.5,0.0,1,4.610875506253076,15.110197489743017,34.83127048573933
0.1,3,50,29,CQHR,Gaussian,cqr,native,0.5,0.0,2,4.359081970604998,18.901061357136058,42.16120468487717
0.1,3,50,29,CQHR,Gaussian,cqr,native,0.5,0.0,3,3.5338304817856003,14.070829779616094,31.675490041017788
0.1,3,50,29,TSCP_R,Gaussian,cqr,capped,0.5,0.0,1,4.610875506253076,5.3021111292127765,15.215097764678633
0.1,3,50,29,TSCP_R,Gaussian,cqr,capped,0.5,0.0,2,4.359081970604998,7.200529137315849,18.76014024523668
0.1,3,50,29,TSCP_R,Gaussian,cqr,capped,0.5,0.0,3,3.5338304817856003,3.226162936427199,9.986156354639997
0.1,3,50,29,Unscaled,Gaussian,cqr,raw,0.5,0.0,1,4.610875506253076,5.276033723555219,15.162942953363508
0.1,3,50,29,Unscaled,Gaussian,cqr,raw,0.5,0.0,2,4.359081970604998,5.276033723555219,14.911149417715423
0.1,3,50,29,Unscaled,Gaussian,cqr,raw,0.5,0.0,3,3.5338304817856003,5.276033723555219,14.085897928896038
0.1,3,50,29,Empirical_copula,Gaussian,cqr,raw,0.5,0.0,1,4.610875506253076,4.979407195720782,14.569689897694634
0.1,3,50,29,Empirical_copula,Gaussian,cqr,raw,0.5,0.0,2,4.359081970604998,7.488660579063566,19.33640312873214
0.1,3,50,29,Empirical_copula,Gaussian,cqr,raw,0.5,0.0,3,3.5338304817856003,2.427881367079415,8.389593215944432
0.1,3,50,30,CQHR,Gaussian,cqr,native,0.5,0.0,1,4.563886883946574,13.369685990649472,31.303258865245333
0.1,3,50,30,CQHR,Gaussian,cqr,native,0.5,0.0,2,4.243761020203905,22.75259589057279,49.74895280134948
0.1,3,50,30,CQHR,Gaussian,cqr,native,0.5,0.0,3,3.314899613111817,15.799227816567345,34.913355246246496
0.1,3,50,30,TSCP_R,Gaussian,cqr,capped,0.5,0.0,1,4.563886883946574,5.499486506080775,15.562859896108142
0.1,3,50,30,TSCP_R,Gaussian,cqr,capped,0.5,0.0,2,4.243761020203905,6.328541934367745,16.900844888939414
0.1,3,50,30,TSCP_R,Gaussian,cqr,capped,0.5,0.0,3,3.314899613111817,3.242293922522904,9.799487458157632
0.1,3,50,30,Unscaled,Gaussian,cqr,raw,0.5,0.0,1,4.563886883946574,5.109871058796265,14.783629001539108
0.1,3,50,30,Unscaled,Gaussian,cqr,raw,0.5,0.0,2,4.243761020203905,5.109871058796265,14.463503137796437
0.1,3,50,30,Unscaled,Gaussian,cqr,raw,0.5,0.0,3,3.314899613111817,5.109871058796265,13.534641730704358
0.1,3,50,30,Empirical_copula,Gaussian,cqr,raw,0.5,0.0,1,4.563886883946574,5.109871058752377,14.78362900145131
0.1,3,50,30,Empirical_copula,Gaussian,cqr,raw,0.5,0.0,2,4.243761020203905,4.136301994442229,12.516365009088359
0.1,3,50,30,Empirical_copula,Gaussian,cqr,raw,0.5,0.0,3,3.314899613111817,2.957637491855662,9.230174596823154
0.1,3,50,31,CQHR,Gaussian,cqr,native,0.5,0.0,1,4.618344344059862,43.37439857367281,91.36714149140548
0.1,3,50,31,CQHR,Gaussian,cqr,native,0.5,0.0,2,4.353192158780801,59.711446142967496,123.77608444471586
0.1,3,50,31,CQHR,Gaussian,cqr,native,0.5,0.0,3,3.3577702474593414,53.38421414205267,110.12619853156474
0.1,3,50,31,TSCP_R,Gaussian,cqr,capped,0.5,0.0,1,4.618344344059862,7.315324954787303,19.248994253634468
0.1,3,50,31,TSCP_R,Gaussian,cqr,capped,0.5,0.0,2,4.353192158780801,4.043927184623779,12.441046528028364
0.1,3,50,31,TSCP_R,Gaussian,cqr,capped,0.5,0.0,3,3.3577702474593414,5.936579213526722,15.230928674512812
0.1,3,50,31,Unscaled,Gaussian,cqr,raw,0.5,0.0,1,4.618344344059862,5.647431387584986,15.91320711922984
0.1,3,50,31,Unscaled,Gaussian,cqr,raw,0.5,0.0,2,4.353192158780801,5.647431387584986,15.648054933950776
0.1,3,50,31,Unscaled,Gaussian,cqr,raw,0.5,0.0,3,3.3577702474593414,5.647431387584986,14.652633022629322
0.1,3,50,31,Empirical_copula,Gaussian,cqr,raw,0.5,0.0,1,4.618344344059862,3.419644972316515,11.457634288692878
0.1,3,50,31,Empirical_copula,Gaussian,cqr,raw,0.5,0.0,2,4.353192158780801,3.8564610091915448,12.06611417716388
0.1,3,50,31,Empirical_copula,Gaussian,cqr,raw,0.5,0.0,3,3.3577702474593414,6.004808659688194,15.367387566835713
0.1,3,50,32,CQHR,Gaussian,cqr,native,0.5,0.0,1,4.616166359107511,9.034121384575297,22.684409128258135
0.1,3,50,32,CQHR,Gaussian,cqr,native,0.5,0.0,2,4.502936799535068,11.897955720457961,28.29884824045101
0.1,3,50,32,CQHR,Gaussian,cqr,native,0.5,0.0,3,3.393452920971095,8.71801426049213,20.829481441955345
0.1,3,50,32,TSCP_R,Gaussian,cqr,capped,0.5,0.0,1,4.616166359107511,6.105079540799084,16.826325440705677
0.1,3,50,32,TSCP_R,Gaussian,cqr,capped,0.5,0.0,2,4.502936799535068,4.905169112295231,14.313275024125524
0.1,3,50,32,TSCP_R,Gaussian,cqr,capped,0.5,0.0,3,3.393452920971095,3.4101582907384227,10.213769502447947
0.1,3,50,32,Unscaled,Gaussian,cqr,raw,0.5,0.0,1,4.616166359107511,4.6575838846531195,13.931334128413761
0.1,3,50,32,Unscaled,Gaussian,cqr,raw,0.5,0.0,2,4.502936799535068,4.6575838846531195,13.8181045688413
0.1,3,50,32,Unscaled,Gaussian,cqr,raw,0.5,0.0,3,3.393452920971095,4.6575838846531195,12.708620690277344
0.1,3,50,32,Empirical_copula,Gaussian,cqr,raw,0.5,0.0,1,4.616166359107511,4.836531244455369,14.289228848018244
0.1,3,50,32,Empirical_copula,Gaussian,cqr,raw,0.5,0.0,2,4.502936799535068,4.869095896402889,14.241128592340832
0.1,3,50,32,Empirical_copula,Gaussian,cqr,raw,0.5,0.0,3,3.393452920971095,3.7123373231761185,10.818127567323343
0.1,3,50,33,CQHR,Gaussian,cqr,native,0.5,0.0,1,4.894642243304113,32.497397417033056,69.88943707737032
0.1,3,50,33,CQHR,Gaussian,cqr,native,0.5,0.0,2,4.430138957603348,59.04360097940846,122.51734091642021
0.1,3,50,33,CQHR,Gaussian,cqr,native,0.5,0.0,3,3.5683666504206624,40.054747103833016,83.67786085808662
0.1,3,50,33,TSCP_R,Gaussian,cqr,capped,0.5,0.0,1,4.894642243304113,5.871507694349441,16.637657632002973
0.1,3,50,33,TSCP_R,Gaussian,cqr,capped,0.5,0.0,2,4.430138957603348,6.341885259960853,17.113909477525056
0.1,3,50,33,TSCP_R,Gaussian,cqr,capped,0.5,0.0,3,3.5683666504206624,4.458208612703845,12.484783875828365
0.1,3,50,33,Unscaled,Gaussian,cqr,raw,0.5,0.0,1,4.894642243304113,5.906677985093632,16.707998213491383
0.1,3,50,33,Unscaled,Gaussian,cqr,raw,0.5,0.0,2,4.430138957603348,5.906677985093632,16.243494927790614
0.1,3,50,33,Unscaled,Gaussian,cqr,raw,0.5,0.0,3,3.5683666504206624,5.906677985093632,15.381722620607915
0.1,3,50,33,Empirical_copula,Gaussian,cqr,raw,0.5,0.0,1,4.894642243304113,5.906677985080821,16.707998213465768
0.1,3,50,33,Empirical_copula,Gaussian,cqr,raw,0.5,0.0,2,4.430138957603348,6.280592576395691,16.991324110394746
0.1,3,50,33,Empirical_copula,Gaussian,cqr,raw,0.5,0.0,3,3.5683666504206624,2.747619125333113,9.063604901086888
0.1,3,50,34,CQHR,Gaussian,cqr,native,0.5,0.0,1,4.921046981151787,18.481506756591077,41.88406049433418
0.1,3,50,34,CQHR,Gaussian,cqr,native,0.5,0.0,2,4.353951709570385,20.338802153793555,45.03155601715749
0.1,3,50,34,CQHR,Gaussian,cqr,native,0.5,0.0,3,3.3077514766804246,14.534006927123047,32.375765330926555
0.1,3,50,34,TSCP_R,Gaussian,cqr,capped,0.5,0.0,1,4.921046981151787,7.704830009053429,20.330706999258677
0.1,3,50,34,TSCP_R,Gaussian,cqr,capped,0.5,0.0,2,4.353951709570385,5.503692503285897,15.36133671614217
0.1,3,50,34,TSCP_R,Gaussian,cqr,capped,0.5,0.0,3,3.3077514766804246,4.430343542064083,12.168438560808589
0.1,3,50,34,Unscaled,Gaussian,cqr,raw,0.5,0.0,1,4.921046981151787,5.848271253630355,16.61758948841251
0.1,3,50,34,Unscaled,Gaussian,cqr,raw,0.5,0.0,2,4.353951709570385,5.848271253630355,16.05049421683109
0.1,3,50,34,Unscaled,Gaussian,cqr,raw,0.5,0.0,3,3.3077514766804246,5.848271253630355,15.00429398394114
0.1,3,50,34,Empirical_copula,Gaussian,cqr,raw,0.5,0.0,1,4.921046981151787,6.490897054673776,17.90284109049934
0.1,3,50,34,Empirical_copula,Gaussian,cqr,raw,0.5,0.0,2,4.353951709570385,5.55508656918677,15.46412484794393
0.1,3,50,34,Empirical_copula,Gaussian,cqr,raw,0.5,0.0,3,3.3077514766804246,4.400721789738228,12.109195056156889
0.1,3,50,35,CQHR,Gaussian,cqr,native,0.5,0.0,1,4.716850161858915,15.731282923913726,36.17941600968629
0.1,3,50,35,CQHR,Gaussian,cqr,native,0.5,0.0,2,4.130179445585231,18.5965707430336,41.32332093165245
0.1,3,50,35,CQHR,Gaussian,cqr,native,0.5,0.0,3,3.47706221543041,13.418329190637174,30.31372059670474
0.1,3,50,35,TSCP_R,Gaussian,cqr,capped,0.5,0.0,1,4.716850161858915,6.719290688224387,18.155431538307685
0.1,3,50,35,TSCP_R,Gaussian,cqr,capped,0.5,0.0,2,4.130179445585231,5.3622987683364425,14.854776982258118
0.1,3,50,35,TSCP_R,Gaussian,cqr,capped,0.5,0.0,3,3.47706221543041,4.182374148323249,11.841810512076899
0.1,3,50,35,Unscaled,Gaussian,cqr,raw,0.5,0.0,1,4.716850161858915,5.29122924463147,15.29930865112188
0.1,3,50,35,Unscaled,Gaussian,cqr,raw,0.5,0.0,2,4.130179445585231,5.29122924463147,14.712637934848175
0.1,3,50,35,Unscaled,Gaussian,cqr,raw,0.5,0.0,3,3.47706221543041,5.29122924463147,14.059520704693337
0.1,3,50,35,Empirical_copula,Gaussian,cqr,raw,0.5,0.0,1,4.716850161858915,7.006324310303394,18.729498782465726
0.1,3,50,35,Empirical_copula,Gaussian,cqr,raw,0.5,0.0,2,4.130179445585231,5.346980006978633,14.824139459542497
0.1,3,50,35,Empirical_copula,Gaussian,cqr,raw,0.5,0.0,3,3.47706221543041,2.9706318253382236,9.418325866106855
0.1,3,50,36,CQHR,Gaussian,cqr,native,0.5,0.0,1,4.616002853761557,7.957002326230916,20.53000750622328
0.1,3,50,36,CQHR,Gaussian,cqr,native,0.5,0.0,2,4.260503757988846,11.227202529623948,26.714908817236754
0.1,3,50,36,CQHR,Gaussian,cqr,native,0.5,0.0,3,3.662985986595214,9.3418239807166,22.346633948028384
0.1,3,50,36,TSCP_R,Gaussian,cqr,capped,0.5,0.0,1,4.616002853761557,7.850226635735488,20.31645612523255
0.1,3,50,36,TSCP_R,Gaussian,cqr,capped,0.5,0.0,2,4.260503757988846,5.960604354603697,16.181712467196217
0.1,3,50,36,TSCP_R,Gaussian,cqr,capped,0.5,0.0,3,3.662985986595214,4.5501455936402815,12.763277173875773
0.1,3,50,36,Unscaled,Gaussian,cqr,raw,0.5,0.0,1,4.616002853761557,6.052219249077734,16.720441351917025
0.1,3,50,36,Unscaled,Gaussian,cqr,raw,0.5,0.0,2,4.260503757988846,6.052219249077734,16.364942256144325
0.1,3,50,36,Unscaled,Gaussian,cqr,raw,0.5,0.0,3,3.662985986595214,6.052219249077734,15.767424484750679
0.1,3,50,36,Empirical_copula,Gaussian,cqr,raw,0.5,0.0,1,4.616002853761557,7.80423672671086,20.22447630718329
0.1,3,50,36,Empirical_copula,Gaussian,cqr,raw,0.5,0.0,2,4.260503757988846,5.928155405544054,16.116814569076954
0.1,3,50,36,Empirical_copula,Gaussian,cqr,raw,0.5,0.0,3,3.662985986595214,3.2199778429190733,10.102941672433351
0.1,3,50,37,CQHR,Gaussian,cqr,native,0.5,0.0,1,4.816999021852622,13.592231117048142,32.00146125594917
0.1,3,50,37,CQHR,Gaussian,cqr,native,0.5,0.0,2,4.4551896477279325,15.215159094110234,34.88550783594837
0.1,3,50,37,CQHR,Gaussian,cqr,native,0.5,0.0,3,3.5481290896103626,11.360004729728077,26.268138549066506
0.1,3,50,37,TSCP_R,Gaussian,cqr,capped,0.5,0.0,1,4.816999021852622,7.474627355507409,19.766253732867437
0.1,3,50,37,TSCP_R,Gaussian,cqr,capped,0.5,0.0,2,4.4551896477279325,6.2393161579451695,16.933821963618286
0.1,3,50,37,TSCP_R,Gaussian,cqr,capped,0.5,0.0,3,3.5481290896103626,5.702746103100617,14.953621295811596
0.1,3,50,37,Unscaled,Gaussian,cqr,raw,0.5,0.0,1,4.816999021852622,5.652148137614122,16.121295297080874
0.1,3,50,37,Unscaled,Gaussian,cqr,raw,0.5,0.0,2,4.4551896477279325,5.652148137614122,15.759485922956168
0.1,3,50,37,Unscaled,Gaussian,cqr,raw,0.5,0.0,3,3.5481290896103626,5.652148137614122,14.852425364838597
0.1,3,50,37,Empirical_copula,Gaussian,cqr,raw,0.5,0.0,1,4.816999021852622,8.220279760435488,21.257558542723594
0.1,3,50,37,Empirical_copula,Gaussian,cqr,raw,0.5,0.0,2,4.4551896477279325,4.68955935342462,13.834308354577166
0.1,3,50,37,Empirical_copula,Gaussian,cqr,raw,0.5,0.0,3,3.5481290896103626,5.652148137535516,14.852425364681379
0.1,3,50,38,CQHR,Gaussian,cqr,native,0.5,0.0,1,4.994454908743178,12.984458790156902,30.963372489056887
0.1,3,50,38,CQHR,Gaussian,cqr,native,0.5,0.0,2,4.548881893854592,14.952488841899894,34.453859577654406
0.1,3,50,38,CQHR,Gaussian,cqr,native,0.5,0.0,3,3.619816265897232,11.383196492831763,26.38620925156074
0.1,3,50,38,TSCP_R,Gaussian,cqr,capped,0.5,0.0,1,4.994454908743178,7.313019853618696,19.620494615980586
0.1,3,50,38,TSCP_R,Gaussian,cqr,capped,0.5,0.0,2,4.548881893854592,8.242721181273284,21.034324256401174
0.1,3,50,38,TSCP_R,Gaussian,cqr,capped,0.5,0.0,3,3.619816265897232,5.852255671232542,15.324327608362307
0.1,3,50,38,Unscaled,Gaussian,cqr,raw,0.5,0.0,1,4.994454908743178,6.5551809965460786,18.104816901835342
0.1,3,50,38,Unscaled,Gaussian,cqr,raw,0.5,0.0,2,4.548881893854592,6.5551809965460786,17.65924388694675
0.1,3,50,38,Unscaled,Gaussian,cqr,raw,0.5,0.0,3,3.619816265897232,6.5551809965460786,16.730178258989387
0.1,3,50,38,Empirical_copula,Gaussian,cqr,raw,0.5,0.0,1,4.994454908743178,6.522491891490849,18.039438691724875
0.1,3,50,38,Empirical_copula,Gaussian,cqr,raw,0.5,0.0,2,4.548881893854592,4.880561987049452,14.310005867953517
0.1,3,50,38,Empirical_copula,Gaussian,cqr,raw,0.5,0.0,3,3.619816265897232,3.432668789975283,10.485153845847798
0.1,3,50,39,CQHR,Gaussian,cqr,native,0.5,0.0,1,4.838384181490165,28.068818579400666,60.976021340291496
0.1,3,50,39,CQHR,Gaussian,cqr,native,0.5,0.0,2,4.316642669926463,36.15994474345039,76.6365321568273
0.1,3,50,39,CQHR,Gaussian,cqr,native,0.5,0.0,3,3.372747905989771,24.763540876335373,52.89982965866054
0.1,3,50,39,TSCP_R,Gaussian,cqr,capped,0.5,0.0,1,4.838384181490165,7.018738284369149,18.875860750228473
0.1,3,50,39,TSCP_R,Gaussian,cqr,capped,0.5,0.0,2,4.316642669926463,4.0441315522062276,12.404905774338916
0.1,3,50,39,TSCP_R,Gaussian,cqr,capped,0.5,0.0,3,3.372747905989771,3.7883768512933105,10.949501608576398
0.1,3,50,39,Unscaled,Gaussian,cqr,raw,0.5,0.0,1,4.838384181490165,5.012865774128193,14.864115729746556
0.1,3,50,39,Unscaled,Gaussian,cqr,raw,0.5,0.0,2,4.316642669926463,5.012865774128193,14.342374218182844
0.1,3,50,39,Unscaled,Gaussian,cqr,raw,0.5,0.0,3,3.372747905989771,5.012865774128193,13.398479454246152
0.1,3,50,39,Empirical_copula,Gaussian,cqr,raw,0.5,0.0,1,4.838384181490165,6.061019093771925,16.960422369033996
0.1,3,50,39,Empirical_copula,Gaussian,cqr,raw,0.5,0.0,2,4.316642669926463,4.004626967294378,12.325896604515224
0.1,3,50,39,Empirical_copula,Gaussian,cqr,raw,0.5,0.0,3,3.372747905989771,3.7673201554035414,10.907388216796857
0.1,3,50,40,CQHR,Gaussian,cqr,native,0.5,0.0,1,4.857624626386507,14.705195826235204,34.26801627885673
0.1,3,50,40,CQHR,Gaussian,cqr,native,0.5,0.0,2,4.5164453595590945,22.586410783757294,49.68926692707366
0.1,3,50,40,CQHR,Gaussian,cqr,native,0.5,0.0,3,3.5046275610628723,13.876289753656945,31.25720706837676
0.1,3,50,40,TSCP_R,Gaussian,cqr,capped,0.5,0.0,1,4.857624626386507,7.508961535145836,19.87554769667819
0.1,3,50,40,TSCP_R,Gaussian,cqr,capped,0.5,0.0,2,4.5164453595590945,4.411455820224174,13.33935700000745
0.1,3,50,40,TSCP_R,Gaussian,cqr,capped,0.5,0.0,3,3.5046275610628723,3.733076112086927,10.970779785236715
0.1,3,50,40,Unscaled,Gaussian,cqr,raw,0.5,0.0,1,4.857624626386507,5.0631016077346676,14.983827841855849
0.1,3,50,40,Unscaled,Gaussian,cqr,raw,0.5,0.0,2,4.5164453595590945,5.0631016077346676,14.642648575028433
0.1,3,50,40,Unscaled,Gaussian,cqr,raw,0.5,0.0,3,3.5046275610628723,5.0631016077346676,13.630830776532221
0.1,3,50,40,Empirical_copula,Gaussian,cqr,raw,0.5,0.0,1,4.857624626386507,7.268931081973843,19.395486790334182
0.1,3,50,40,Empirical_copula,Gaussian,cqr,raw,0.5,0.0,2,4.5164453595590945,4.381206545678747,13.278858450916596
0.1,3,50,40,Empirical_copula,Gaussian,cqr,raw,0.5,0.0,3,3.5046275610628723,3.219091382609893,9.94281032628266
0.1,3,50,41,CQHR,Gaussian,cqr,native,0.5,0.0,1,4.878190978733514,19.34146011289901,43.56111120453198
0.1,3,50,41,CQHR,Gaussian,cqr,native,0.5,0.0,2,4.222837549538852,24.270562033281486,52.76396161610184
0.1,3,50,41,CQHR,Gaussian,cqr,native,0.5,0.0,3,3.3084546899680207,18.780635419753953,40.86972552947593
0.1,3,50,41,TSCP_R,Gaussian,cqr,capped,0.5,0.0,1,4.878190978733514,5.197520961915318,15.273232902564141
0.1,3,50,41,TSCP_R,Gaussian,cqr,capped,0.5,0.0,2,4.222837549538852,6.339861688896966,16.902560927332786
0.1,3,50,41,TSCP_R,Gaussian,cqr,capped,0.5,0.0,3,3.3084546899680207,3.63275158352612,10.573957857020254
0.1,3,50,41,Unscaled,Gaussian,cqr,raw,0.5,0.0,1,4.878190978733514,5.1360808209829605,15.15035262069943
0.1,3,50,41,Unscaled,Gaussian,cqr,raw,0.5,0.0,2,4.222837549538852,5.1360808209829605,14.494999191504778
0.1,3,50,41,Unscaled,Gaussian,cqr,raw,0.5,0.0,3,3.3084546899680207,5.1360808209829605,13.580616331933948
0.1,3,50,41,Empirical_copula,Gaussian,cqr,raw,0.5,0.0,1,4.878190978733514,5.136080820973543,15.150352620680602
0.1,3,50,41,Empirical_copula,Gaussian,cqr,raw,0.5,0.0,2,4.222837549538852,5.429533752736376,15.081905055011616
0.1,3,50,41,Empirical_copula,Gaussian,cqr,raw,0.5,0.0,3,3.3084546899680207,4.113070003233183,11.534594696434391
0.1,3,50,42,CQHR,Gaussian,cqr,native,0.5,0.0,1,4.655303342334053,14.39794305487769,33.45118945208923
0.1,3,50,42,CQHR,Gaussian,cqr,native,0.5,0.0,2,4.322367048306195,17.442016634079266,39.20640031646472
0.1,3,50,42,CQHR,Gaussian,cqr,native,0.5,0.0,3,3.3556583358078997,12.180088229464832,27.715834794737553
0.1,3,50,42,TSCP_R,Gaussian,cqr,capped,0.5,0.0,1,4.655303342334053,5.95945288713952,16.57420911661309
0.1,3,50,42,TSCP_R,Gaussian,cqr,capped,0.5,0.0,2,4.322367048306195,4.444374087132494,13.211115222571188
0.1,3,50,42,TSCP_R,Gaussian,cqr,capped,0.5,0.0,3,3.3556583358078997,4.906449112930618,13.168556561669138
0.1,3,50,42,Unscaled,Gaussian,cqr,raw,0.5,0.0,1,4.655303342334053,4.741075208020888,14.137453758375816
0.1,3,50,42,Unscaled,Gaussian,cqr,raw,0.5,0.0,2,4.322367048306195,4.741075208020888,13.804517464347985
0.1,3,50,42,Unscaled,Gaussian,cqr,raw,0.5,0.0,3,3.3556583358078997,4.741075208020888,12.837808751849686
0.1,3,50,42,Empirical_copula,Gaussian,cqr,raw,0.5,0.0,1,4.655303342334053,4.741075207943492,14.137453758221035
0.1,3,50,42,Empirical_copula,Gaussian,cqr,raw,0.5,0.0,2,4.322367048306195,4.408577318070254,13.139521684446704
0.1,3,50,42,Empirical_copula,Gaussian,cqr,raw,0.5,0.0,3,3.3556583358078997,4.872577229932425,13.100812795672747
0.1,3,50,43,CQHR,Gaussian,cqr,native,0.5,0.0,1,4.684268700037553,11.144609603936255,26.973487907910005
0.1,3,50,43,CQHR,Gaussian,cqr,native,0.5,0.0,2,4.32414910941616,17.446310823262827,39.21677075594178
0.1,3,50,43,CQHR,Gaussian,cqr,native,0.5,0.0,3,3.488212936457356,11.46673229352256,26.421677523502517
0.1,3,50,43,TSCP_R,Gaussian,cqr,capped,0.5,0.0,1,4.684268700037553,5.728868585039595,16.14200587011674
0.1,3,50,43,TSCP_R,Gaussian,cqr,capped,0.5,0.0,2,4.32414910941616,5.175000402561381,14.674149914538939
0.1,3,50,43,TSCP_R,Gaussian,cqr,capped,0.5,0.0,3,3.488212936457356,3.534861821256768,10.557936578970896
0.1,3,50,43,Unscaled,Gaussian,cqr,raw,0.5,0.0,1,4.684268700037553,4.857475902616895,14.399220505271352
0.1,3,50,43,Unscaled,Gaussian,cqr,raw,0.5,0.0,2,4.32414910941616,4.857475902616895,14.039100914649955
0.1,3,50,43,Unscaled,Gaussian,cqr,raw,0.5,0.0,3,3.488212936457356,4.857475902616895,13.203164741691136
0.1,3,50,43,Empirical_copula,Gaussian,cqr,raw,0.5,0.0,1,4.684268700037553,4.857475902546868,14.399220505131298
0.1,3,50,43,Empirical_copula,Gaussian,cqr,raw,0.5,0.0,2,4.32414910941616,4.365870014136338,13.055889137688842
0.1,3,50,43,Empirical_copula,Gaussian,cqr,raw,0.5,0.0,3,3.488212936457356,3.281323337638213,10.050859611733795
0.1,3,50,44,CQHR,Gaussian,cqr,native,0.5,0.0,1,4.691911222962233,14.23723992309996,33.16639106916233
0.1,3,50,44,CQHR,Gaussian,cqr,native,0.5,0.0,2,4.456370966474197,17.987398731986,40.4311684304462
0.1,3,50,44,CQHR,Gaussian,cqr,native,0.5,0.0,3,3.5824539738410497,15.047235844071372,33.6769256619838
0.1,3,50,44,TSCP_R,Gaussian,cqr,capped,0.5,0.0,1,4.691911222962233,7.199135656624279,19.090182536210783
0.1,3,50,44,TSCP_R,Gaussian,cqr,capped,0.5,0.0,2,4.456370966474197,7.486654318494881,19.429679603463946
0.1,3,50,44,TSCP_R,Gaussian,cqr,capped,0.5,0.0,3,3.5824539738410497,4.189967562083979,11.962389098009012
0.1,3,50,44,Unscaled,Gaussian,cqr,raw,0.5,0.0,1,4.691911222962233,6.587559824519236,17.867030872000697
0.1,3,50,44,Unscaled,Gaussian,cqr,raw,0.5,0.0,2,4.456370966474197,6.587559824519236,17.63149061551266
0.1,3,50,44,Unscaled,Gaussian,cqr,raw,0.5,0.0,3,3.5824539738410497,6.587559824519236,16.75757362287952
0.1,3,50,44,Empirical_copula,Gaussian,cqr,raw,0.5,0.0,1,4.691911222962233,7.142056594662106,18.976024412286446
0.1,3,50,44,Empirical_copula,Gaussian,cqr,raw,0.5,0.0,2,4.456370966474197,7.42146783871728,19.29930664390877
0.1,3,50,44,Empirical_copula,Gaussian,cqr,raw,0.5,0.0,3,3.5824539738410497,3.4684122365493835,10.519278446939825
0.1,3,50,45,CQHR,Gaussian,cqr,native,0.5,0.0,1,4.699123806620464,18.14038187376883,40.97988755415763
0.1,3,50,45,CQHR,Gaussian,cqr,native,0.5,0.0,2,4.301331868681344,39.01916242236101,82.33965671340336
0.1,3,50,45,CQHR,Gaussian,cqr,native,0.5,0.0,3,3.3248178147181697,23.25155738719819,49.82793258911457
0.1,3,50,45,TSCP_R,Gaussian,cqr,capped,0.5,0.0,1,4.699123806620464,5.043168697280542,14.78546120118156
0.1,3,50,45,TSCP_R,Gaussian,cqr,capped,0.5,0.0,2,4.301331868681344,4.811513151384057,13.924358171449457
0.1,3,50,45,TSCP_R,Gaussian,cqr,capped,0.5,0.0,3,3.3248178147181697,2.912610093737469,9.150038002193103
0.1,3,50,45,Unscaled,Gaussian,cqr,raw,0.5,0.0,1,4.699123806620464,4.365641621416143,13.43040704945276
0.1,3,50,45,Unscaled,Gaussian,cqr,raw,0.5,0.0,2,4.301331868681344,4.365641621416143,13.032615111513621
0.1,3,50,45,Unscaled,Gaussian,cqr,raw,0.5,0.0,3,3.3248178147181697,4.365641621416143,12.056101057550435
0.1,3,50,45,Empirical_copula,Gaussian,cqr,raw,0.5,0.0,1,4.699123806620464,4.36564162138731,13.430407049395072
0.1,3,50,45,Empirical_copula,Gaussian,cqr,raw,0.5,0.0,2,4.301331868681344,3.864269899699334,12.029871668080006
0.1,3,50,45,Empirical_copula,Gaussian,cqr,raw,0.5,0.0,3,3.3248178147181697,2.804409159917407,8.933636134552982
0.1,3,50,46,CQHR,Gaussian,cqr,native,0.5,0.0,1,4.69317196471166,11.89159215210091,28.476356268913324
0.1,3,50,46,CQHR,Gaussian,cqr,native,0.5,0.0,2,4.318920407999323,16.003900747149288,36.32672190229784
0.1,3,50,46,CQHR,Gaussian,cqr,native,0.5,0.0,3,3.3329302711434963,11.227683537261647,25.788297345666777
0.1,3,50,46,TSCP_R,Gaussian,cqr,capped,0.5,0.0,1,4.69317196471166,8.982924345862946,22.65902065643757
0.1,3,50,46,TSCP_R,Gaussian,cqr,capped,0.5,0.0,2,4.318920407999323,4.452244736524692,13.223409881048704
0.1,3,50,46,TSCP_R,Gaussian,cqr,capped,0.5,0.0,3,3.3329302711434963,3.9181257290402547,11.169181729224013
0.1,3,50,46,Unscaled,Gaussian,cqr,raw,0.5,0.0,1,4.69317196471166,4.661038598379036,14.015249161469729
0.1,3,50,46,Unscaled,Gaussian,cqr,raw,0.5,0.0,2,4.318920407999323,4.661038598379036,13.640997604757382
0.1,3,50,46,Unscaled,Gaussian,cqr,raw,0.5,0.0,3,3.3329302711434963,4.661038598379036,12.655007467901573
0.1,3,50,46,Empirical_copula,Gaussian,cqr,raw,0.5,0.0,1,4.69317196471166,4.795491104017502,14.284154172746673
0.1,3,50,46,Empirical_copula,Gaussian,cqr,raw,0.5,0.0,2,4.318920407999323,4.175584641598263,12.670089691195853
0.1,3,50,46,Empirical_copula,Gaussian,cqr,raw,0.5,0.0,3,3.3329302711434963,3.3377166739781874,10.008363619099873
0.1,3,50,47,CQHR,Gaussian,cqr,native,0.5,0.0,1,4.705359970619546,15.454461183355322,35.614282337330366
0.1,3,50,47,CQHR,Gaussian,cqr,native,0.5,0.0,2,4.530791331151559,20.69538249092672,45.921556313005034
0.1,3,50,47,CQHR,Gaussian,cqr,native,0.5,0.0,3,3.6228767104035318,17.653623783642885,38.930124277689345
0.1,3,50,47,TSCP_R,Gaussian,cqr,capped,0.5,0.0,1,4.705359970619546,7.02073443831649,18.746828847252527
0.1,3,50,47,TSCP_R,Gaussian,cqr,capped,0.5,0.0,2,4.530791331151559,4.832202861606705,14.19519705436498
0.1,3,50,47,TSCP_R,Gaussian,cqr,capped,0.5,0.0,3,3.6228767104035318,2.6009868134320735,8.824850337267678
0.1,3,50,47,Unscaled,Gaussian,cqr,raw,0.5,0.0,1,4.705359970619546,4.089614245127803,12.884588460875138
0.1,3,50,47,Unscaled,Gaussian,cqr,raw,0.5,0.0,2,4.530791331151559,4.089614245127803,12.710019821407176
0.1,3,50,47,Unscaled,Gaussian,cqr,raw,0.5,0.0,3,3.6228767104035318,4.089614245127803,11.80210520065914
0.1,3,50,47,Empirical_copula,Gaussian,cqr,raw,0.5,0.0,1,4.705359970619546,8.966511937666803,22.638383845953136
0.1,3,50,47,Empirical_copula,Gaussian,cqr,raw,0.5,0.0,2,4.530791331151559,4.089614245112374,12.710019821376306
0.1,3,50,47,Empirical_copula,Gaussian,cqr,raw,0.5,0.0,3,3.6228767104035318,2.576610989200306,8.776098688804138
0.1,3,50,48,CQHR,Gaussian,cqr,native,0.5,0.0,1,4.72002464423302,10.64903072734347,26.018086098920104
0.1,3,50,48,CQHR,Gaussian,cqr,native,0.5,0.0,2,4.230629960001153,17.375042208526935,38.98071437705504
0.1,3,50,48,CQHR,Gaussian,cqr,native,0.5,0.0,3,3.372806287466588,10.157810375593845,23.688427038654222
0.1,3,50,48,TSCP_R,Gaussian,cqr,capped,0.5,0.0,1,4.72002464423302,7.528550131555151,19.777124907343318
0.1,3,50,48,TSCP_R,Gaussian,cqr,capped,0.5,0.0,2,4.230629960001153,7.3991539074449815,19.02893777489111
0.1,3,50,48,TSCP_R,Gaussian,cqr,capped,0.5,0.0,3,3.372806287466588,3.875481002614437,11.123768292695464
0.1,3,50,48,Unscaled,Gaussian,cqr,raw,0.5,0.0,1,4.72002464423302,6.189137304865718,17.098299253964463
0.1,3,50,48,Unscaled,Gaussian,cqr,raw,0.5,0.0,2,4.230629960001153,6.189137304865718,16.608904569732605
0.1,3,50,48,Unscaled,Gaussian,cqr,raw,0.5,0.0,3,3.372806287466588,6.189137304865718,15.751080897198023
0.1,3,50,48,Empirical_copula,Gaussian,cqr,raw,0.5,0.0,1,4.72002464423302,6.968040449289624,18.656105542812274
0.1,3,50,48,Empirical_copula,Gaussian,cqr,raw,0.5,0.0,2,4.230629960001153,6.1891373048218306,16.60890456964482
0.1,3,50,48,Empirical_copula,Gaussian,cqr,raw,0.5,0.0,3,3.372806287466588,2.406269495351988,8.185345278170566
0.1,3,50,49,CQHR,Gaussian,cqr,native,0.5,0.0,1,4.660245717835264,21.26318384581598,47.18661340946685
0.1,3,50,49,CQHR,Gaussian,cqr,native,0.5,0.0,2,4.456926243567484,43.00750610140076,90.47193844636902
0.1,3,50,49,CQHR,Gaussian,cqr,native,0.5,0.0,3,3.4109369447212963,28.594610103077137,60.60015715087569
0.1,3,50,49,TSCP_R,Gaussian,cqr,capped,0.5,0.0,1,4.660245717835264,8.685792623932343,22.031830965699942
0.1,3,50,49,TSCP_R,Gaussian,cqr,capped,0.5,0.0,2,4.456926243567484,3.6955148542225817,11.847955952012637
0.1,3,50,49,TSCP_R,Gaussian,cqr,capped,0.5,0.0,3,3.4109369447212963,3.331214847776964,10.073366640275228
0.1,3,50,49,Unscaled,Gaussian,cqr,raw,0.5,0.0,1,4.660245717835264,4.852644760834674,14.3655352395046
0.1,3,50,49,Unscaled,Gaussian,cqr,raw,0.5,0.0,2,4.456926243567484,4.852644760834674,14.16221576523683
0.1,3,50,49,Unscaled,Gaussian,cqr,raw,0.5,0.0,3,3.4109369447212963,4.852644760834674,13.116226466390664
0.1,3,50,49,Empirical_copula,Gaussian,cqr,raw,0.5,0.0,1,4.660245717835264,5.831581749501716,16.323409216838662
0.1,3,50,49,Empirical_copula,Gaussian,cqr,raw,0.5,0.0,2,4.456926243567484,3.120665717024775,10.69825767761702
0.1,3,50,49,Empirical_copula,Gaussian,cqr,raw,0.5,0.0,3,3.4109369447212963,2.637241045974374,8.68541903667004
0.1,3,50,50,CQHR,Gaussian,cqr,native,0.5,0.0,1,4.602561170274597,36.39249691486247,77.38755500000025
0.1,3,50,50,CQHR,Gaussian,cqr,native,0.5,0.0,2,4.214865840503912,57.07662912101666,118.36812408253711
0.1,3,50,50,CQHR,Gaussian,cqr,native,0.5,0.0,3,3.2528220990687617,49.184616602809875,101.62205530468859
0.1,3,50,50,TSCP_R,Gaussian,cqr,capped,0.5,0.0,1,4.602561170274597,8.21967942203758,21.041920014349728
0.1,3,50,50,TSCP_R,Gaussian,cqr,capped,0.5,0.0,2,4.214865840503912,4.80581938765828,13.82650461582048
0.1,3,50,50,TSCP_R,Gaussian,cqr,capped,0.5,0.0,3,3.2528220990687617,3.145561067206544,9.543944233481863
0.1,3,50,50,Unscaled,Gaussian,cqr,raw,0.5,0.0,1,4.602561170274597,4.9744043490625245,14.551369868399645
0.1,3,50,50,Unscaled,Gaussian,cqr,raw,0.5,0.0,2,4.214865840503912,4.9744043490625245,14.16367453862894
0.1,3,50,50,Unscaled,Gaussian,cqr,raw,0.5,0.0,3,3.2528220990687617,4.9744043490625245,13.2016307971938
0.1,3,50,50,Empirical_copula,Gaussian,cqr,raw,0.5,0.0,1,4.602561170274597,7.55819985883738,19.718960887949375
0.1,3,50,50,Empirical_copula,Gaussian,cqr,raw,0.5,0.0,2,4.214865840503912,4.156547376362004,12.527960593227915
0.1,3,50,50,Empirical_copula,Gaussian,cqr,raw,0.5,0.0,3,3.2528220990687617,2.233410511289799,7.719643121648355
0.1,3,50,51,CQHR,Gaussian,cqr,native,0.5,0.0,1,4.6239345285868065,9.543636638764177,23.711207806115212
0.1,3,50,51,CQHR,Gaussian,cqr,native,0.5,0.0,2,4.326387911671775,11.985462403488361,28.297312718648488
0.1,3,50,51,CQHR,Gaussian,cqr,native,0.5,0.0,3,3.374422556529941,8.84965939355825,21.073741343646443
0.1,3,50,51,TSCP_R,Gaussian,cqr,capped,0.5,0.0,1,4.6239345285868065,7.515967366597362,19.655869261781504
0.1,3,50,51,TSCP_R,Gaussian,cqr,capped,0.5,0.0,2,4.326387911671775,5.254000250827289,14.83438841332636
0.1,3,50,51,TSCP_R,Gaussian,cqr,capped,0.5,0.0,3,3.374422556529941,4.658907520955823,12.692237598441586
0.1,3,50,51,Unscaled,Gaussian,cqr,raw,0.5,0.0,1,4.6239345285868065,5.682925669902752,15.989785868392298
0.1,3,50,51,Unscaled,Gaussian,cqr,raw,0.5,0.0,2,4.326387911671775,5.682925669902752,15.692239251477277
0.1,3,50,51,Unscaled,Gaussian,cqr,raw,0.5,0.0,3,3.374422556529941,5.682925669902752,14.740273896335438
0.1,3,50,51,Empirical_copula,Gaussian,cqr,raw,0.5,0.0,1,4.6239345285868065,6.002137551348007,16.628209631282832
0.1,3,50,51,Empirical_copula,Gaussian,cqr,raw,0.5,0.0,2,4.326387911671775,5.2282042136691445,14.782796339010067
0.1,3,50,51,Empirical_copula,Gaussian,cqr,raw,0.5,0.0,3,3.374422556529941,4.80099834300707,12.97641924254408
0.1,3,50,52,CQHR,Gaussian,cqr,native,0.5,0.0,1,4.6909082916975295,10.215677395228411,25.122263082154593
0.1,3,50,52,CQHR,Gaussian,cqr,native,0.5,0.0,2,4.342071433221134,24.199114566462846,52.74030056614678
0.1,3,50,52,CQHR,Gaussian,cqr,native,0.5,0.0,3,3.5387162793142033,15.197100560895194,33.932917401104596
0.1,3,50,52,TSCP_R,Gaussian,cqr,capped,0.5,0.0,1,4.6909082916975295,5.997703464899943,16.686315221497413
0.1,3,50,52,TSCP_R,Gaussian,cqr,capped,0.5,0.0,2,4.342071433221134,4.166333469823809,12.674738372868754
0.1,3,50,52,TSCP_R,Gaussian,cqr,capped,0.5,0.0,3,3.5387162793142033,3.3868619832911833,10.312440245896575
0.1,3,50,52,Unscaled,Gaussian,cqr,raw,0.5,0.0,1,4.6909082916975295,4.031665678866913,12.75423964943136
0.1,3,50,52,Unscaled,Gaussian,cqr,raw,0.5,0.0,2,4.342071433221134,4.031665678866913,12.405402790954962
0.1,3,50,52,Unscaled,Gaussian,cqr,raw,0.5,0.0,3,3.5387162793142033,4.031665678866913,11.602047637048024
0.1,3,50,52,Empirical_copula,Gaussian,cqr,raw,0.5,0.0,1,4.6909082916975295,5.907507160524875,16.505922612747284
0.1,3,50,52,Empirical_copula,Gaussian,cqr,raw,0.5,0.0,2,4.342071433221134,3.075892360325577,10.493856153872287
0.1,3,50,52,Empirical_copula,Gaussian,cqr,raw,0.5,0.0,3,3.5387162793142033,3.3613130254133736,10.261342330140957
0.1,3,50,53,CQHR,Gaussian,cqr,native,0.5,0.0,1,4.6937913690566555,15.368636829889562,35.43106502883608
0.1,3,50,53,CQHR,Gaussian,cqr,native,0.5,0.0,2,4.210146286633654,26.343891042967368,56.897928372568444
0.1,3,50,53,CQHR,Gaussian,cqr,native,0.5,0.0,3,3.4732950463647074,22.698537479825347,48.87037000601534
0.1,3,50,53,TSCP_R,Gaussian,cqr,capped,0.5,0.0,1,4.6937913690566555,4.66084223534196,14.015475839740565
0.1,3,50,53,TSCP_R,Gaussian,cqr,capped,0.5,0.0,2,4.210146286633654,5.650492641782965,15.51113157019958
0.1,3,50,53,TSCP_R,Gaussian,cqr,capped,0.5,0.0,3,3.4732950463647074,2.7133675796001486,8.900030205565015
0.1,3,50,53,Unscaled,Gaussian,cqr,raw,0.5,0.0,1,4.6937913690566555,4.422086159846042,13.537963688748732
0.1,3,50,53,Unscaled,Gaussian,cqr,raw,0.5,0.0,2,4.210146286633654,4.422086159846042,13.054318606325722
0.1,3,50,53,Unscaled,Gaussian,cqr,raw,0.5,0.0,3,3.4732950463647074,4.422086159846042,12.317467366056773
0.1,3,50,53,Empirical_copula,Gaussian,cqr,raw,0.5,0.0,1,4.6937913690566555,4.477453735661717,13.648698840380087
0.1,3,50,53,Empirical_copula,Gaussian,cqr,raw,0.5,0.0,2,4.210146286633654,7.164418017264387,18.53898232116242
0.1,3,50,53,Empirical_copula,Gaussian,cqr,raw,0.5,0.0,3,3.4732950463647074,2.5282497944994624,8.529794635363627
0.1,3,50,54,CQHR,Gaussian,cqr,native,0.5,0.0,1,4.8282255715763,6.392276021405547,17.612777614387486
0.1,3,50,54,CQHR,Gaussian,cqr,native,0.5,0.0,2,4.730578161871354,12.13457216035083,28.999722482573016
0.1,3,50,54,CQHR,Gaussian,cqr,native,0.5,0.0,3,3.8174714922113595,7.203841260702592,18.225154013616546
0.1,3,50,54,TSCP_R,Gaussian,cqr,capped,0.5,0.0,1,4.8282255715763,4.020075912535809,12.868377396647919
0.1,3,50,54,TSCP_R,Gaussian,cqr,capped,0.5,0.0,2,4.730578161871354,4.202394768053254,13.135367697977856
0.1,3,50,54,TSCP_R,Gaussian,cqr,capped,0.5,0.0,3,3.8174714922113595,5.350791835360402,14.519055162932178
0.1,3,50,54,Unscaled,Gaussian,cqr,raw,0.5,0.0,1,4.8282255715763,3.985771287144485,12.79976814586528
0.1,3,50,54,Unscaled,Gaussian,cqr,raw,0.5,0.0,2,4.730578161871354,3.985771287144485,12.702120736160323
0.1,3,50,54,Unscaled,Gaussian,cqr,raw,0.5,0.0,3,3.8174714922113595,3.985771287144485,11.789014066500327
0.1,3,50,54,Empirical_copula,Gaussian,cqr,raw,0.5,0.0,1,4.8282255715763,3.985771287074458,12.799768145725228
0.1,3,50,54,Empirical_copula,Gaussian,cqr,raw,0.5,0.0,2,4.730578161871354,4.008373997044295,12.747326155959932
0.1,3,50,54,Empirical_copula,Gaussian,cqr,raw,0.5,0.0,3,3.8174714922113595,3.0569588960823815,9.931389284376118
0.1,3,50,55,CQHR,Gaussian,cqr,native,0.5,0.0,1,4.860386222400878,8.793738658253806,22.447863538908635
0.1,3,50,55,CQHR,Gaussian,cqr,native,0.5,0.0,2,4.5250473356531495,13.492761323458563,31.5105699825703
0.1,3,50,55,CQHR,Gaussian,cqr,native,0.5,0.0,3,3.3965841079505688,8.939441288522742,21.275466684996072
0.1,3,50,55,TSCP_R,Gaussian,cqr,capped,0.5,0.0,1,4.860386222400878,5.215324529239587,15.291035280880067
0.1,3,50,55,TSCP_R,Gaussian,cqr,capped,0.5,0.0,2,4.5250473356531495,3.363207178583414,11.251461692819992
0.1,3,50,55,TSCP_R,Gaussian,cqr,capped,0.5,0.0,3,3.3965841079505688,3.7425027163532447,10.881589540657055
0.1,3,50,55,Unscaled,Gaussian,cqr,raw,0.5,0.0,1,4.860386222400878,4.328746473106534,13.51787916861395
0.1,3,50,55,Unscaled,Gaussian,cqr,raw,0.5,0.0,2,4.5250473356531495,4.328746473106534,13.182540281866208
0.1,3,50,55,Unscaled,Gaussian,cqr,raw,0.5,0.0,3,3.3965841079505688,4.328746473106534,12.054077054163638
0.1,3,50,55,Empirical_copula,Gaussian,cqr,raw,0.5,0.0,1,4.860386222400878,4.523805037374119,13.90799629714912
0.1,3,50,55,Empirical_copula,Gaussian,cqr,raw,0.5,0.0,2,4.5250473356531495,3.1808880808424855,10.88682349733812
0.1,3,50,55,Empirical_copula,Gaussian,cqr,raw,0.5,0.0,3,3.3965841079505688,4.417813166800684,12.232210441551922
0.1,3,50,56,CQHR,Gaussian,cqr,native,0.5,0.0,1,5.006272226876425,9.076336052134787,23.158944331145996
0.1,3,50,56,CQHR,Gaussian,cqr,native,0.5,0.0,2,4.59350768391641,33.53479746144045,71.6631026067973
0.1,3,50,56,CQHR,Gaussian,cqr,native,0.5,0.0,3,3.6815301915753245,9.153811285567947,21.989152762711196
0.1,3,50,56,TSCP_R,Gaussian,cqr,capped,0.5,0.0,1,5.006272226876425,7.105839566859551,19.217951360595524
0.1,3,50,56,TSCP_R,Gaussian,cqr,capped,0.5,0.0,2,4.59350768391641,5.2456851468204935,15.084877977557404
0.1,3,50,56,TSCP_R,Gaussian,cqr,capped,0.5,0.0,3,3.6815301915753245,3.2011531773829938,10.083836546341308
0.1,3,50,56,Unscaled,Gaussian,cqr,raw,0.5,0.0,1,5.006272226876425,5.9415468714771915,16.8893659698308
0.1,3,50,56,Unscaled,Gaussian,cqr,raw,0.5,0.0,2,4.59350768391641,5.9415468714771915,16.476601426870783
0.1,3,50,56,Unscaled,Gaussian,cqr,raw,0.5,0.0,3,3.6815301915753245,5.9415468714771915,15.564623934529715
0.1,3,50,56,Empirical_copula,Gaussian,cqr,raw,0.5,0.0,1,5.006272226876425,7.596463826047678,20.199199878971783
0.1,3,50,56,Empirical_copula,Gaussian,cqr,raw,0.5,0.0,2,4.59350768391641,4.364893191953996,13.323294067824401
0.1,3,50,56,Empirical_copula,Gaussian,cqr,raw,0.5,0.0,3,3.6815301915753245,2.7487172466208527,9.178964684817037
0.1,3,50,57,CQHR,Gaussian,cqr,native,0.5,0.0,1,4.7464583414343355,12.712426859566223,30.1713120605668
0.1,3,50,57,CQHR,Gaussian,cqr,native,0.5,0.0,2,4.418029988541732,29.36479924843105,63.14762848540392
0.1,3,50,57,CQHR,Gaussian,cqr,native,0.5,0.0,3,3.297613843390217,18.435854421232793,40.16932268585579
0.1,3,50,57,TSCP_R,Gaussian,cqr,capped,0.5,0.0,1,4.7464583414343355,5.261275104692562,15.269008550819459
0.1,3,50,57,TSCP_R,Gaussian,cqr,capped,0.5,0.0,2,4.418029988541732,3.323791836728697,11.06561366199912
0.1,3,50,57,TSCP_R,Gaussian,cqr,capped,0.5,0.0,3,3.297613843390217,3.2057826903201483,9.709179224030516
0.1,3,50,57,Unscaled,Gaussian,cqr,raw,0.5,0.0,1,4.7464583414343355,3.868304481789539,12.483067305013412
0.1,3,50,57,Unscaled,Gaussian,cqr,raw,0.5,0.0,2,4.418029988541732,3.868304481789539,12.154638952120798
0.1,3,50,57,Unscaled,Gaussian,cqr,raw,0.5,0.0,3,3.297613843390217,3.868304481789539,11.034222806969295
0.1,3,50,57,Empirical_copula,Gaussian,cqr,raw,0.5,0.0,1,4.7464583414343355,5.535990567735608,15.818439476905573
0.1,3,50,57,Empirical_copula,Gaussian,cqr,raw,0.5,0.0,2,4.418029988541732,2.3928612437576886,9.203752476057108
0.1,3,50,57,Empirical_copula,Gaussian,cqr,raw,0.5,0.0,3,3.297613843390217,3.178126729865774,9.653867303121762
0.1,3,50,58,CQHR,Gaussian,cqr,native,0.5,0.0,1,4.5787301874641155,10.687034219855319,25.952798627174555
0.1,3,50,58,CQHR,Gaussian,cqr,native,0.5,0.0,2,4.268779282454617,15.48042868954878,35.22963666155219
0.1,3,50,58,CQHR,Gaussian,cqr,native,0.5,0.0,3,3.20015303096871,10.3642615729397,23.92867617684809
0.1,3,50,58,TSCP_R,Gaussian,cqr,capped,0.5,0.0,1,4.5787301874641155,5.449906865082373,15.478543917628883
0.1,3,50,58,TSCP_R,Gaussian,cqr,capped,0.5,0.0,2,4.268779282454617,5.006312058349223,14.281403399153056
0.1,3,50,58,TSCP_R,Gaussian,cqr,capped,0.5,0.0,3,3.20015303096871,3.793889223157491,10.787931477283704
0.1,3,50,58,Unscaled,Gaussian,cqr,raw,0.5,0.0,1,4.5787301874641155,4.593236512701834,13.765203212867789
0.1,3,50,58,Unscaled,Gaussian,cqr,raw,0.5,0.0,2,4.268779282454617,4.593236512701834,13.455252307858277
0.1,3,50,58,Unscaled,Gaussian,cqr,raw,0.5,0.0,3,3.20015303096871,4.593236512701834,12.38662605637237
0.1,3,50,58,Empirical_copula,Gaussian,cqr,raw,0.5,0.0,1,4.5787301874641155,5.195274516548594,14.969279220561317
0.1,3,50,58,Empirical_copula,Gaussian,cqr,raw,0.5,0.0,2,4.268779282454617,4.44829120981008,13.16536170207477
0.1,3,50,58,Empirical_copula,Gaussian,cqr,raw,0.5,0.0,3,3.20015303096871,4.268158900177649,11.736470831324006
0.1,3,50,59,CQHR,Gaussian,cqr,native,0.5,0.0,1,4.979322741936524,11.230019938004256,27.439362617944948
0.1,3,50,59,CQHR,Gaussian,cqr,native,0.5,0.0,2,4.4217033970724655,16.071983278471453,36.56566995401538
0.1,3,50,59,CQHR,Gaussian,cqr,native,0.5,0.0,3,3.437949286577,11.77231302940496,26.98257534538693
0.1,3,50,59,TSCP_R,Gaussian,cqr,capped,0.5,0.0,1,4.979322741936524,4.8161371770173185,14.611597095971153
0.1,3,50,59,TSCP_R,Gaussian,cqr,capped,0.5,0.0,2,4.4217033970724655,3.5322149170201933,11.486133231112847
0.1,3,50,59,TSCP_R,Gaussian,cqr,capped,0.5,0.0,3,3.437949286577,2.6062427025299164,8.650434691636825
0.1,3,50,59,Unscaled,Gaussian,cqr,raw,0.5,0.0,1,4.979322741936524,3.9074935828010813,12.794309907538699
0.1,3,50,59,Unscaled,Gaussian,cqr,raw,0.5,0.0,2,4.4217033970724655,3.9074935828010813,12.236690562674635
0.1,3,50,59,Unscaled,Gaussian,cqr,raw,0.5,0.0,3,3.437949286577,3.9074935828010813,11.25293645217916
0.1,3,50,59,Empirical_copula,Gaussian,cqr,raw,0.5,0.0,1,4.979322741936524,4.782992941627953,14.545308625192444
0.1,3,50,59,Empirical_copula,Gaussian,cqr,raw,0.5,0.0,2,4.4217033970724655,3.13850238741718,10.698708171906826
0.1,3,50,59,Empirical_copula,Gaussian,cqr,raw,0.5,0.0,3,3.437949286577,2.5767114027114157,8.591372091999828
0.1,3,50,60,CQHR,Gaussian,cqr,native,0.5,0.0,1,4.690387692323537,15.929860251913084,36.550108196149665
0.1,3,50,60,CQHR,Gaussian,cqr,native,0.5,0.0,2,4.285797040951709,22.99203322913801,50.26986349922773
0.1,3,50,60,CQHR,Gaussian,cqr,native,0.5,0.0,3,3.2309650111912025,17.38197742952954,37.99491987025033
0.1,3,50,60,TSCP_R,Gaussian,cqr,capped,0.5,0.0,1,4.690387692323537,6.406288649538085,17.502964991399725
0.1,3,50,60,TSCP_R,Gaussian,cqr,capped,0.5,0.0,2,4.285797040951709,6.477971059704025,17.24173916035975
0.1,3,50,60,TSCP_R,Gaussian,cqr,capped,0.5,0.0,3,3.2309650111912025,3.846561281320027,10.924087573831262
0.1,3,50,60,Unscaled,Gaussian,cqr,raw,0.5,0.0,1,4.690387692323537,5.123672071965018,14.937731836253567
0.1,3,50,60,Unscaled,Gaussian,cqr,raw,0.5,0.0,2,4.285797040951709,5.123672071965018,14.533141184881737
0.1,3,50,60,Unscaled,Gaussian,cqr,raw,0.5,0.0,3,3.2309650111912025,5.123672071965018,13.47830915512124
0.1,3,50,60,Empirical_copula,Gaussian,cqr,raw,0.5,0.0,1,4.690387692323537,6.354608691293553,17.399605074910628
0.1,3,50,60,Empirical_copula,Gaussian,cqr,raw,0.5,0.0,2,4.285797040951709,5.432905624895467,15.151608290742649
0.1,3,50,60,Empirical_copula,Gaussian,cqr,raw,0.5,0.0,3,3.2309650111912025,3.823180943816652,10.877326898824503
0.1,3,50,61,CQHR,Gaussian,cqr,native,0.5,0.0,1,4.813754695660988,11.822318195937456,28.458391087536025
0.1,3,50,61,CQHR,Gaussian,cqr,native,0.5,0.0,2,4.289401212201501,16.796330092075276,37.882061396352064
0.1,3,50,61,CQHR,Gaussian,cqr,native,0.5,0.0,3,3.384245230845926,12.501975950048513,28.38819713094301
0.1,3,50,61,TSCP_R,Gaussian,cqr,capped,0.5,0.0,1,4.813754695660988,6.622149610487373,18.058053916635735
0.1,3,50,61,TSCP_R,Gaussian,cqr,capped,0.5,0.0,2,4.289401212201501,6.918318634436934,18.126038481075376
0.1,3,50,61,TSCP_R,Gaussian,cqr,capped,0.5,0.0,3,3.384245230845926,3.7205417700307075,10.825328770907344
0.1,3,50,61,Unscaled,Gaussian,cqr,raw,0.5,0.0,1,4.813754695660988,6.270563545101677,17.35488178586434
0.1,3,50,61,Unscaled,Gaussian,cqr,raw,0.5,0.0,2,4.289401212201501,6.270563545101677,16.830528302404836
0.1,3,50,61,Unscaled,Gaussian,cqr,raw,0.5,0.0,3,3.384245230845926,6.270563545101677,15.925372321049277
0.1,3,50,61,Empirical_copula,Gaussian,cqr,raw,0.5,0.0,1,4.813754695660988,6.270563545064597,17.354881785790187
0.1,3,50,61,Empirical_copula,Gaussian,cqr,raw,0.5,0.0,2,4.289401212201501,6.385764443118903,17.06093009843933
0.1,3,50,61,Empirical_copula,Gaussian,cqr,raw,0.5,0.0,3,3.384245230845926,4.494313521455954,12.372872273757842
0.1,3,50,62,CQHR,Gaussian,cqr,native,0.5,0.0,1,4.818581251596624,16.035135448395707,36.888852148388416
0.1,3,50,62,CQHR,Gaussian,cqr,native,0.5,0.0,2,4.52676081551496,19.844063083965786,44.21488698344656
0.1,3,50,62,CQHR,Gaussian,cqr,native,0.5,0.0,3,3.677231055155063,15.545058150881365,34.76734735691773
0.1,3,50,62,TSCP_R,Gaussian,cqr,capped,0.5,0.0,1,4.818581251596624,5.796268189289808,16.411117630176246
0.1,3,50,62,TSCP_R,Gaussian,cqr,capped,0.5,0.0,2,4.52676081551496,7.410398321462726,19.347557458440402
0.1,3,50,62,TSCP_R,Gaussian,cqr,capped,0.5,0.0,3,3.677231055155063,4.905099793945431,13.487430643045933
0.1,3,50,62,Unscaled,Gaussian,cqr,raw,0.5,0.0,1,4.818581251596624,6.455183528431429,17.72894830845949
0.1,3,50,62,Unscaled,Gaussian,cqr,raw,0.5,0.0,2,4.52676081551496,6.455183528431429,17.437127872377832
0.1,3,50,62,Unscaled,Gaussian,cqr,raw,0.5,0.0,3,3.677231055155063,6.455183528431429,16.587598112017933
0.1,3,50,62,Empirical_copula,Gaussian,cqr,raw,0.5,0.0,1,4.818581251596624,6.073637716969868,16.965856685536377
0.1,3,50,62,Empirical_copula,Gaussian,cqr,raw,0.5,0.0,2,4.52676081551496,6.643235661178306,17.8132321378716
0.1,3,50,62,Empirical_copula,Gaussian,cqr,raw,0.5,0.0,3,3.677231055155063,3.151996425861988,9.981223906879043
0.1,3,50,63,CQHR,Gaussian,cqr,native,0.5,0.0,1,4.710557395825902,8.90594927096847,22.522455937763
0.1,3,50,63,CQHR,Gaussian,cqr,native,0.5,0.0,2,4.378020797368728,11.251008210979005,26.88003721932671
0.1,3,50,63,CQHR,Gaussian,cqr,native,0.5,0.0,3,3.4344839365762923,8.766915431660461,20.968314799897243
0.1,3,50,63,TSCP_R,Gaussian,cqr,capped,0.5,0.0,1,4.710557395825902,8.069002800618945,20.84856299706378
0.1,3,50,63,TSCP_R,Gaussian,cqr,capped,0.5,0.0,2,4.378020797368728,6.441107273505551,17.260235344379815
0.1,3,50,63,TSCP_R,Gaussian,cqr,capped,0.5,0.0,3,3.4344839365762923,4.420319360515158,12.275122657606618
0.1,3,50,63,Unscaled,Gaussian,cqr,raw,0.5,0.0,1,4.710557395825902,5.162074812324695,15.034707020475286
0.1,3,50,63,Unscaled,Gaussian,cqr,raw,0.5,0.0,2,4.378020797368728,5.162074812324695,14.702170422018106
0.1,3,50,63,Unscaled,Gaussian,cqr,raw,0.5,0.0,3,3.4344839365762923,5.162074812324695,13.758633561225684
0.1,3,50,63,Empirical_copula,Gaussian,cqr,raw,0.5,0.0,1,4.710557395825902,6.139732862667438,16.990023121160792
0.1,3,50,63,Empirical_copula,Gaussian,cqr,raw,0.5,0.0,2,4.378020797368728,5.717748288608718,15.813517374586162
0.1,3,50,63,Empirical_copula,Gaussian,cqr,raw,0.5,0.0,3,3.4344839365762923,4.562701115774363,12.559886168125006
0.1,3,50,64,CQHR,Gaussian,cqr,native,0.5,0.0,1,4.6490855977462315,19.166770750272885,42.98262709829183
0.1,3,50,64,CQHR,Gaussian,cqr,native,0.5,0.0,2,4.334877870764517,31.019754490648083,66.37438685206055
0.1,3,50,64,CQHR,Gaussian,cqr,native,0.5,0.0,3,3.409769547779037,23.07292932503398,49.555628197846936
0.1,3,50,64,TSCP_R,Gaussian,cqr,capped,0.5,0.0,1,4.6490855977462315,5.961110486721109,16.571306571188448
0.1,3,50,64,TSCP_R,Gaussian,cqr,capped,0.5,0.0,2,4.334877870764517,5.099742301201333,14.534362473167196
0.1,3,50,64,TSCP_R,Gaussian,cqr,capped,0.5,0.0,3,3.409769547779037,3.7779789094180765,10.965727366615193
0.1,3,50,64,Unscaled,Gaussian,cqr,raw,0.5,0.0,1,4.6490855977462315,4.684675689070732,14.018436975887692
0.1,3,50,64,Unscaled,Gaussian,cqr,raw,0.5,0.0,2,4.334877870764517,4.684675689070732,13.704229248905989
0.1,3,50,64,Unscaled,Gaussian,cqr,raw,0.5,0.0,3,3.409769547779037,4.684675689070732,12.779120925920502
0.1,3,50,64,Empirical_copula,Gaussian,cqr,raw,0.5,0.0,1,4.6490855977462315,5.121359794970967,14.89180518768816
0.1,3,50,64,Empirical_copula,Gaussian,cqr,raw,0.5,0.0,2,4.334877870764517,5.160867485849508,14.656612842463517
0.1,3,50,64,Empirical_copula,Gaussian,cqr,raw,0.5,0.0,3,3.409769547779037,3.753207240755888,10.916184029290818
0.1,3,50,65,CQHR,Gaussian,cqr,native,0.5,0.0,1,4.70296980415755,10.45311578114985,25.609201366457413
0.1,3,50,65,CQHR,Gaussian,cqr,native,0.5,0.0,2,4.506828269849541,13.387490166100527,31.28180860205061
0.1,3,50,65,CQHR,Gaussian,cqr,native,0.5,0.0,3,3.5229227348093364,9.280589235727026,22.084101206263398
0.1,3,50,65,TSCP_R,Gaussian,cqr,capped,0.5,0.0,1,4.70296980415755,5.3414907542195875,15.385951312596735
0.1,3,50,65,TSCP_R,Gaussian,cqr,capped,0.5,0.0,2,4.506828269849541,5.096975163736135,14.700778597321806
0.1,3,50,65,TSCP_R,Gaussian,cqr,capped,0.5,0.0,3,3.5229227348093364,2.542636577438831,8.608195889687
0.1,3,50,65,Unscaled,Gaussian,cqr,raw,0.5,0.0,1,4.70296980415755,4.750384728494312,14.203739261146163
0.1,3,50,65,Unscaled,Gaussian,cqr,raw,0.5,0.0,2,4.506828269849541,4.750384728494312,14.007597726838167
0.1,3,50,65,Unscaled,Gaussian,cqr,raw,0.5,0.0,3,3.5229227348093364,4.750384728494312,13.02369219179795
0.1,3,50,65,Empirical_copula,Gaussian,cqr,raw,0.5,0.0,1,4.70296980415755,4.560236025401386,13.823441854960317
0.1,3,50,65,Empirical_copula,Gaussian,cqr,raw,0.5,0.0,2,4.506828269849541,4.7503847284169165,14.00759772668337
0.1,3,50,65,Empirical_copula,Gaussian,cqr,raw,0.5,0.0,3,3.5229227348093364,2.3118762520213156,8.146675238851962
0.1,3,50,66,CQHR,Gaussian,cqr,native,0.5,0.0,1,4.754765523364761,12.575682851928894,29.90613122722286
0.1,3,50,66,CQHR,Gaussian,cqr,native,0.5,0.0,2,4.397729694894201,15.607939642719936,35.61360898033408
0.1,3,50,66,CQHR,Gaussian,cqr,native,0.5,0.0,3,3.4682679906784144,11.057170372904025,25.58260873648641
0.1,3,50,66,TSCP_R,Gaussian,cqr,capped,0.5,0.0,1,4.754765523364761,6.75051779255032,18.25580110846542
0.1,3,50,66,TSCP_R,Gaussian,cqr,capped,0.5,0.0,2,4.397729694894201,5.925253571326378,16.24823683754696
0.1,3,50,66,TSCP_R,Gaussian,cqr,capped,0.5,0.0,3,3.4682679906784144,5.334014106253811,14.136296203186038
0.1,3,50,66,Unscaled,Gaussian,cqr,raw,0.5,0.0,1,4.754765523364761,5.868870933310556,16.492507389985875
0.1,3,50,66,Unscaled,Gaussian,cqr,raw,0.5,0.0,2,4.397729694894201,5.868870933310556,16.13547156151532
0.1,3,50,66,Unscaled,Gaussian,cqr,raw,0.5,0.0,3,3.4682679906784144,5.868870933310556,15.206009857299534
0.1,3,50,66,Empirical_copula,Gaussian,cqr,raw,0.5,0.0,1,4.754765523364761,6.6773259843877675,18.109417492140295
0.1,3,50,66,Empirical_copula,Gaussian,cqr,raw,0.5,0.0,2,4.397729694894201,5.537246320012931,15.472222334920046
0.1,3,50,66,Empirical_copula,Gaussian,cqr,raw,0.5,0.0,3,3.4682679906784144,4.904932118993102,13.278132228664617
0.1,3,50,67,CQHR,Gaussian,cqr,native,0.5,0.0,1,4.861269876579425,14.98083985618198,34.82294958894386
0.1,3,50,67,CQHR,Gaussian,cqr,native,0.5,0.0,2,4.153340895900609,41.13799529991962,86.42933149573992
0.1,3,50,67,CQHR,Gaussian,cqr,native,0.5,0.0,3,3.39377279352223,31.677960582554885,66.7496939586319
0.1,3,50,67,TSCP_R,Gaussian,cqr,capped,0.5,0.0,1,4.861269876579425,6.793648737158115,18.448567350895658
0.1,3,50,67,TSCP_R,Gaussian,cqr,capped,0.5,0.0,2,4.153340895900609,4.7514047317518395,13.656150359404283
0.1,3,50,67,TSCP_R,Gaussian,cqr,capped,0.5,0.0,3,3.39377279352223,2.76025192429871,8.914276642119635
0.1,3,50,67,Unscaled,Gaussian,cqr,raw,0.5,0.0,1,4.861269876579425,4.73628451189662,14.333838900372665
0.1,3,50,67,Unscaled,Gaussian,cqr,raw,0.5,0.0,2,4.153340895900609,4.73628451189662,13.625909919693855
0.1,3,50,67,Unscaled,Gaussian,cqr,raw,0.5,0.0,3,3.39377279352223,4.73628451189662,12.866341817315485
0.1,3,50,67,Empirical_copula,Gaussian,cqr,raw,0.5,0.0,1,4.861269876579425,6.763771074403249,18.388812025385892
0.1,3,50,67,Empirical_copula,Gaussian,cqr,raw,0.5,0.0,2,4.153340895900609,4.595862283669214,13.34506546323904
0.1,3,50,67,Empirical_copula,Gaussian,cqr,raw,0.5,0.0,3,3.39377279352223,2.674201084706259,8.742174962934751
0.1,3,50,68,CQHR,Gaussian,cqr,native,0.5,0.0,1,4.781303519643642,22.72990033365918,50.24110418696147
0.1,3,50,68,CQHR,Gaussian,cqr,native,0.5,0.0,2,4.271085408375375,27.59659959656104,59.46428460149741
0.1,3,50,68,CQHR,Gaussian,cqr,native,0.5,0.0,3,3.3190512035257904,20.14801500241954,43.61508120836488
0.1,3,50,68,TSCP_R,Gaussian,cqr,capped,0.5,0.0,1,4.781303519643642,7.525903525047838,19.833110569739326
0.1,3,50,68,TSCP_R,Gaussian,cqr,capped,0.5,0.0,2,4.271085408375375,5.00594790780463,14.282981223984653
0.1,3,50,68,TSCP_R,Gaussian,cqr,capped,0.5,0.0,3,3.3190512035257904,2.45498859147682,8.229028386479422
0.1,3,50,68,Unscaled,Gaussian,cqr,raw,0.5,0.0,1,4.781303519643642,5.27255091707125,15.326405353786152
0.1,3,50,68,Unscaled,Gaussian,cqr,raw,0.5,0.0,2,4.271085408375375,5.27255091707125,14.81618724251788
0.1,3,50,68,Unscaled,Gaussian,cqr,raw,0.5,0.0,3,3.3190512035257904,5.27255091707125,13.86415303766829
0.1,3,50,68,Empirical_copula,Gaussian,cqr,raw,0.5,0.0,1,4.781303519643642,7.100856615381575,18.983016750406772
0.1,3,50,68,Empirical_copula,Gaussian,cqr,raw,0.5,0.0,2,4.271085408375375,3.767204400727352,11.805494209830094
0.1,3,50,68,Empirical_copula,Gaussian,cqr,raw,0.5,0.0,3,3.3190512035257904,2.4347255028497985,8.188502209225387
0.1,3,50,69,CQHR,Gaussian,cqr,native,0.5,0.0,1,4.6239838095258285,6.520379944307508,17.664743698141006
0.1,3,50,69,CQHR,Gaussian,cqr,native,0.5,0.0,2,4.237242470985632,8.31925463998968,20.875751750965026
0.1,3,50,69,CQHR,Gaussian,cqr,native,0.5,0.0,3,3.3246268484495896,5.756735642130418,14.838098132710408
0.1,3,50,69,TSCP_R,Gaussian,cqr,capped,0.5,0.0,1,4.6239838095258285,5.676944103060881,15.977872015647597
0.1,3,50,69,TSCP_R,Gaussian,cqr,capped,0.5,0.0,2,4.237242470985632,6.8657697194299026,17.96878190984546
0.1,3,50,69,TSCP_R,Gaussian,cqr,capped,0.5,0.0,3,3.3246268484495896,4.741227004978868,12.807080858407323
0.1,3,50,69,Unscaled,Gaussian,cqr,raw,0.5,0.0,1,4.6239838095258285,5.310257189436522,15.244498188398863
0.1,3,50,69,Unscaled,Gaussian,cqr,raw,0.5,0.0,2,4.237242470985632,5.310257189436522,14.857756849858676
0.1,3,50,69,Unscaled,Gaussian,cqr,raw,0.5,0.0,3,3.3246268484495896,5.310257189436522,13.945141227322635
0.1,3,50,69,Empirical_copula,Gaussian,cqr,raw,0.5,0.0,1,4.6239838095258285,5.310257189368272,15.244498188262362
0.1,3,50,69,Empirical_copula,Gaussian,cqr,raw,0.5,0.0,2,4.237242470985632,7.544185200151752,19.325612871289156
0.1,3,50,69,Empirical_copula,Gaussian,cqr,raw,0.5,0.0,3,3.3246268484495896,4.262233379131558,11.8490936067127
0.1,3,50,70,CQHR,Gaussian,cqr,native,0.5,0.0,1,4.8364627837167875,13.7608953682821,32.35825352028128
0.1,3,50,70,CQHR,Gaussian,cqr,native,0.5,0.0,2,4.49355934091087,21.56795616208425,47.62947166507938
0.1,3,50,70,CQHR,Gaussian,cqr,native,0.5,0.0,3,3.4385203735191436,14.768735743726404,32.97599186097204
0.1,3,50,70,TSCP_R,Gaussian,cqr,capped,0.5,0.0,1,4.8364627837167875,5.6159461762307865,16.06835513617835
0.1,3,50,70,TSCP_R,Gaussian,cqr,capped,0.5,0.0,2,4.49355934091087,6.7156538764590605,17.924867093828972
0.1,3,50,70,TSCP_R,Gaussian,cqr,capped,0.5,0.0,3,3.4385203735191436,5.463703583094765,14.365927539708666
0.1,3,50,70,Unscaled,Gaussian,cqr,raw,0.5,0.0,1,4.8364627837167875,5.582540949708177,16.00154468313314
0.1,3,50,70,Unscaled,Gaussian,cqr,raw,0.5,0.0,2,4.49355934091087,5.582540949708177,15.658641240327203
0.1,3,50,70,Unscaled,Gaussian,cqr,raw,0.5,0.0,3,3.4385203735191436,5.582540949708177,14.60360227293549
0.1,3,50,70,Empirical_copula,Gaussian,cqr,raw,0.5,0.0,1,4.8364627837167875,5.657748074426061,16.151958932568906
0.1,3,50,70,Empirical_copula,Gaussian,cqr,raw,0.5,0.0,2,4.49355934091087,5.590380382334655,15.674320105580158
0.1,3,50,70,Empirical_copula,Gaussian,cqr,raw,0.5,0.0,3,3.4385203735191436,4.219977613325714,11.878475600170558
0.1,3,50,71,CQHR,Gaussian,cqr,native,0.5,0.0,1,4.656554793907429,9.6161874947796,23.88892978346672
0.1,3,50,71,CQHR,Gaussian,cqr,native,0.5,0.0,2,4.273547200689533,14.65853868827648,33.59062457724248
0.1,3,50,71,CQHR,Gaussian,cqr,native,0.5,0.0,3,3.6836646442063943,12.9554324821484,29.594529608503198
0.1,3,50,71,TSCP_R,Gaussian,cqr,capped,0.5,0.0,1,4.656554793907429,6.837902508775056,18.33235981145755
0.1,3,50,71,TSCP_R,Gaussian,cqr,capped,0.5,0.0,2,4.273547200689533,7.0670138375444775,18.407574875778487
0.1,3,50,71,TSCP_R,Gaussian,cqr,capped,0.5,0.0,3,3.6836646442063943,3.9334048520163245,11.550474348239048
0.1,3,50,71,Unscaled,Gaussian,cqr,raw,0.5,0.0,1,4.656554793907429,5.742248953997159,16.141052701901735
0.1,3,50,71,Unscaled,Gaussian,cqr,raw,0.5,0.0,2,4.273547200689533,5.742248953997159,15.758045108683843
0.1,3,50,71,Unscaled,Gaussian,cqr,raw,0.5,0.0,3,3.6836646442063943,5.742248953997159,15.168162552200716
0.1,3,50,71,Empirical_copula,Gaussian,cqr,raw,0.5,0.0,1,4.656554793907429,5.608600285733116,15.873755365373654
0.1,3,50,71,Empirical_copula,Gaussian,cqr,raw,0.5,0.0,2,4.273547200689533,5.81098799984035,15.895523200370222
0.1,3,50,71,Empirical_copula,Gaussian,cqr,raw,0.5,0.0,3,3.6836646442063943,3.8915625106595115,11.46678966552543
0.1,3,50,72,CQHR,Gaussian,cqr,native,0.5,0.0,1,4.733135516831414,22.968373744175146,50.66988300518151
0.1,3,50,72,CQHR,Gaussian,cqr,native,0.5,0.0,2,4.506665423291397,38.67891305822977,81.86449153975109
0.1,3,50,72,CQHR,Gaussian,cqr,native,0.5,0.0,3,3.2919006713495813,24.20346021774955,51.698821106848726
0.1,3,50,72,TSCP_R,Gaussian,cqr,capped,0.5,0.0,1,4.733135516831414,9.091690503985529,22.916516524802454
0.1,3,50,72,TSCP_R,Gaussian,cqr,capped,0.5,0.0,2,4.506665423291397,12.934004340129341,30.374674103550085
0.1,3,50,72,TSCP_R,Gaussian,cqr,capped,0.5,0.0,3,3.2919006713495813,4.048101160861902,11.388102993073396
0.1,3,50,72,Unscaled,Gaussian,cqr,raw,0.5,0.0,1,4.733135516831414,5.484492464211635,15.702120445254689
0.1,3,50,72,Unscaled,Gaussian,cqr,raw,0.5,0.0,2,4.506665423291397,5.484492464211635,15.475650351714666
0.1,3,50,72,Unscaled,Gaussian,cqr,raw,0.5,0.0,3,3.2919006713495813,5.484492464211635,14.260885599772847
0.1,3,50,72,Empirical_copula,Gaussian,cqr,raw,0.5,0.0,1,4.733135516831414,7.3096476725488895,19.352430861929182
0.1,3,50,72,Empirical_copula,Gaussian,cqr,raw,0.5,0.0,2,4.506665423291397,5.484492464141608,15.475650351574616
0.1,3,50,72,Empirical_copula,Gaussian,cqr,raw,0.5,0.0,3,3.2919006713495813,4.546736608427025,12.385373888203635
0.1,3,50,73,CQHR,Gaussian,cqr,native,0.5,0.0,1,4.873370951221653,12.966786776028812,30.80694450327898
0.1,3,50,73,CQHR,Gaussian,cqr,native,0.5,0.0,2,4.777699037151459,16.832742310943093,38.4431836590376
0.1,3,50,73,CQHR,Gaussian,cqr,native,0.5,0.0,3,3.713854165046418,11.854529150259404,27.422912465565254
0.1,3,50,73,TSCP_R,Gaussian,cqr,capped,0.5,0.0,1,4.873370951221653,5.302819645842276,15.479010242906188
0.1,3,50,73,TSCP_R,Gaussian,cqr,capped,0.5,0.0,2,4.777699037151459,4.89204973330164,14.56179850375472
0.1,3,50,73,TSCP_R,Gaussian,cqr,capped,0.5,0.0,3,3.713854165046418,3.0633656831481946,9.840585531342812
0.1,3,50,73,Unscaled,Gaussian,cqr,raw,0.5,0.0,1,4.873370951221653,4.791966026509217,14.4573030042401
0.1,3,50,73,Unscaled,Gaussian,cqr,raw,0.5,0.0,2,4.777699037151459,4.791966026509217,14.361631090169894
0.1,3,50,73,Unscaled,Gaussian,cqr,raw,0.5,0.0,3,3.713854165046418,4.791966026509217,13.297786218064852
0.1,3,50,73,Empirical_copula,Gaussian,cqr,raw,0.5,0.0,1,4.873370951221653,5.104816609511644,15.08300417024493
0.1,3,50,73,Empirical_copula,Gaussian,cqr,raw,0.5,0.0,2,4.777699037151459,4.03812108178548,12.853941200722424
0.1,3,50,73,Empirical_copula,Gaussian,cqr,raw,0.5,0.0,3,3.713854165046418,3.03493083976106,9.783715844568551
0.1,3,50,74,CQHR,Gaussian,cqr,native,0.5,0.0,1,4.6287702021996004,25.58768130217543,55.80413280655088
0.1,3,50,74,CQHR,Gaussian,cqr,native,0.5,0.0,2,4.252028807127235,32.819600069645695,69.89122894641856
0.1,3,50,74,CQHR,Gaussian,cqr,native,0.5,0.0,3,3.411214429732909,23.628145175464862,50.667504780662696
0.1,3,50,74,TSCP_R,Gaussian,cqr,capped,0.5,0.0,1,4.6287702021996004,5.664217158410168,15.957204519019951
0.1,3,50,74,TSCP_R,Gaussian,cqr,capped,0.5,0.0,2,4.252028807127235,7.165394939654363,18.582818686435917
0.1,3,50,74,TSCP_R,Gaussian,cqr,capped,0.5,0.0,3,3.411214429732909,6.655097983957482,16.72141039764786
0.1,3,50,74,Unscaled,Gaussian,cqr,raw,0.5,0.0,1,4.6287702021996004,5.660247802610019,15.949265807419652
0.1,3,50,74,Unscaled,Gaussian,cqr,raw,0.5,0.0,2,4.252028807127235,5.660247802610019,15.572524412347247
0.1,3,50,74,Unscaled,Gaussian,cqr,raw,0.5,0.0,3,3.411214429732909,5.660247802610019,14.731710034952957
0.1,3,50,74,Empirical_copula,Gaussian,cqr,raw,0.5,0.0,1,4.6287702021996004,5.6189460314452715,15.866662265090147
0.1,3,50,74,Empirical_copula,Gaussian,cqr,raw,0.5,0.0,2,4.252028807127235,5.660247802565678,15.572524412258593
0.1,3,50,74,Empirical_copula,Gaussian,cqr,raw,0.5,0.0,3,3.411214429732909,4.581070373970336,12.57335517767358
0.1,3,50,75,CQHR,Gaussian,cqr,native,0.5,0.0,1,4.621194603416835,27.846012084850734,60.31321877311887
0.1,3,50,75,CQHR,Gaussian,cqr,native,0.5,0.0,2,4.1700850611804485,62.50311236484006,129.17630979086044
0.1,3,50,75,CQHR,Gaussian,cqr,native,0.5,0.0,3,3.307720099621152,34.64787457542108,72.60346925046323
0.1,3,50,75,TSCP_R,Gaussian,cqr,capped,0.5,0.0,1,4.621194603416835,6.083548952367124,16.788292508151088
0.1,3,50,75,TSCP_R,Gaussian,cqr,capped,0.5,0.0,2,4.1700850611804485,5.696120148471008,15.562325358122465
0.1,3,50,75,TSCP_R,Gaussian,cqr,capped,0.5,0.0,3,3.307720099621152,2.692707348082343,8.693134795785841
0.1,3,50,75,Unscaled,Gaussian,cqr,raw,0.5,0.0,1,4.621194603416835,4.236831887827,13.094858379070832
0.1,3,50,75,Unscaled,Gaussian,cqr,raw,0.5,0.0,2,4.1700850611804485,4.236831887827,12.643748836834448
0.1,3,50,75,Unscaled,Gaussian,cqr,raw,0.5,0.0,3,3.307720099621152,4.236831887827,11.781383875275154
0.1,3,50,75,Empirical_copula,Gaussian,cqr,raw,0.5,0.0,1,4.621194603416835,3.6624522200897625,11.946099043596348
0.1,3,50,75,Empirical_copula,Gaussian,cqr,raw,0.5,0.0,2,4.1700850611804485,4.236831887734324,12.643748836649092
0.1,3,50,75,Empirical_copula,Gaussian,cqr,raw,0.5,0.0,3,3.307720099621152,1.9553046836523267,7.21832946692581
0.1,3,50,76,CQHR,Gaussian,cqr,native,0.5,0.0,1,4.781938188099101,23.07192901591212,50.92579621992291
0.1,3,50,76,CQHR,Gaussian,cqr,native,0.5,0.0,2,4.564647435356844,29.09187297917879,62.74839339371441
0.1,3,50,76,CQHR,Gaussian,cqr,native,0.5,0.0,3,3.5423681577247916,21.159017601018125,45.860403359761015
0.1,3,50,76,TSCP_R,Gaussian,cqr,capped,0.5,0.0,1,4.781938188099101,6.958651423438434,18.699241034975966
0.1,3,50,76,TSCP_R,Gaussian,cqr,capped,0.5,0.0,2,4.564647435356844,8.997565420814121,22.559778276985085
0.1,3,50,76,TSCP_R,Gaussian,cqr,capped,0.5,0.0,3,3.5423681577247916,6.075271236152942,15.692910630030662
0.1,3,50,76,Unscaled,Gaussian,cqr,raw,0.5,0.0,1,4.781938188099101,6.904711045554966,18.59136027920903
0.1,3,50,76,Unscaled,Gaussian,cqr,raw,0.5,0.0,2,4.564647435356844,6.904711045554966,18.374069526466787
0.1,3,50,76,Unscaled,Gaussian,cqr,raw,0.5,0.0,3,3.5423681577247916,6.904711045554966,17.35179024883471
0.1,3,50,76,Empirical_copula,Gaussian,cqr,raw,0.5,0.0,1,4.781938188099101,5.8266907422469885,16.4353196725931
0.1,3,50,76,Empirical_copula,Gaussian,cqr,raw,0.5,0.0,2,4.564647435356844,9.099836323549294,22.764320082455438
0.1,3,50,76,Empirical_copula,Gaussian,cqr,raw,0.5,0.0,3,3.5423681577247916,2.9569435248785996,9.45625520748198
0.1,3,50,77,CQHR,Gaussian,cqr,native,0.5,0.0,1,4.799034066266909,8.95027649878282,22.6995870638324
0.1,3,50,77,CQHR,Gaussian,cqr,native,0.5,0.0,2,4.312178387349269,9.727361912270867,23.76690221189102
0.1,3,50,77,CQHR,Gaussian,cqr,native,0.5,0.0,3,3.5021597383902425,7.285957258997106,18.07407425638446
0.1,3,50,77,TSCP_R,Gaussian,cqr,capped,0.5,0.0,1,4.799034066266909,6.142685990234642,17.084406046736177
0.1,3,50,77,TSCP_R,Gaussian,cqr,capped,0.5,0.0,2,4.312178387349269,5.047763187397118,14.407704762143519
0.1,3,50,77,TSCP_R,Gaussian,cqr,capped,0.5,0.0,3,3.5021597383902425,4.534693525475158,12.571546789340571
0.1,3,50,77,Unscaled,Gaussian,cqr,raw,0.5,0.0,1,4.799034066266909,4.83979187699581,14.478617820258517
0.1,3,50,77,Unscaled,Gaussian,cqr,raw,0.5,0.0,2,4.312178387349269,4.83979187699581,13.991762141340887
0.1,3,50,77,Unscaled,Gaussian,cqr,raw,0.5,0.0,3,3.5021597383902425,4.83979187699581,13.181743492381862
0.1,3,50,77,Empirical_copula,Gaussian,cqr,raw,0.5,0.0,1,4.799034066266909,5.531919094618175,15.862872255503241
0.1,3,50,77,Empirical_copula,Gaussian,cqr,raw,0.5,0.0,2,4.312178387349269,3.5633453689726644,11.438869125294602
0.1,3,50,77,Empirical_copula,Gaussian,cqr,raw,0.5,0.0,3,3.5021597383902425,4.082986834820343,11.66813340803091
0.1,3,50,78,CQHR,Gaussian,cqr,native,0.5,0.0,1,4.663500437402838,9.837601094889278,24.338702627181245
0.1,3,50,78,CQHR,Gaussian,cqr,native,0.5,0.0,2,4.585072280979872,467.127170084024,938.8394124490286
0.1,3,50,78,CQHR,Gaussian,cqr,native,0.5,0.0,3,3.5448196824129496,213.09417438080328,429.7331684440197
0.1,3,50,78,TSCP_R,Gaussian,cqr,capped,0.5,0.0,1,4.663500437402838,6.56396591405071,17.791432265504262
0.1,3,50,78,TSCP_R,Gaussian,cqr,capped,0.5,0.0,2,4.585072280979872,8.47669798160506,21.538468244189993
0.1,3,50,78,TSCP_R,Gaussian,cqr,capped,0.5,0.0,3,3.5448196824129496,3.0446292524853926,9.634078187383729
0.1,3,50,78,Unscaled,Gaussian,cqr,raw,0.5,0.0,1,4.663500437402838,5.682979855039344,16.029460147481498
0.1,3,50,78,Unscaled,Gaussian,cqr,raw,0.5,0.0,2,4.585072280979872,5.682979855039344,15.951031991058565
0.1,3,50,78,Unscaled,Gaussian,cqr,raw,0.5,0.0,3,3.5448196824129496,5.682979855039344,14.910779392491632
0.1,3,50,78,Empirical_copula,Gaussian,cqr,raw,0.5,0.0,1,4.663500437402838,6.347970697970219,17.35944183334328
0.1,3,50,78,Empirical_copula,Gaussian,cqr,raw,0.5,0.0,2,4.585072280979872,7.581682078791811,19.748436438563477
0.1,3,50,78,Empirical_copula,Gaussian,cqr,raw,0.5,0.0,3,3.5448196824129496,3.227738637282739,10.000296956978422
0.1,3,50,79,CQHR,Gaussian,cqr,native,0.5,0.0,1,4.798438180810187,18.286329648267774,41.37109747734569
0.1,3,50,79,CQHR,Gaussian,cqr,native,0.5,0.0,2,4.343222477256257,84.2010568958914,172.74533626903923
0.1,3,50,79,CQHR,Gaussian,cqr,native,0.5,0.0,3,3.4286883432836452,175.99204370584965,355.4127757549826
0.1,3,50,79,TSCP_R,Gaussian,cqr,capped,0.5,0.0,1,4.798438180810187,8.776146406821658,22.35073099445351
0.1,3,50,79,TSCP_R,Gaussian,cqr,capped,0.5,0.0,2,4.343222477256257,12.965211947290836,30.273646371837923
0.1,3,50,79,TSCP_R,Gaussian,cqr,capped,0.5,0.0,3,3.4286883432836452,7.769903368319021,18.968495079921706
0.1,3,50,79,Unscaled,Gaussian,cqr,raw,0.5,0.0,1,4.798438180810187,9.917376870056902,24.633191920924002
0.1,3,50,79,Unscaled,Gaussian,cqr,raw,0.5,0.0,2,4.343222477256257,9.917376870056902,24.177976217370052
0.1,3,50,79,Unscaled,Gaussian,cqr,raw,0.5,0.0,3,3.4286883432836452,9.917376870056902,23.263442083397436
0.1,3,50,79,Empirical_copula,Gaussian,cqr,raw,0.5,0.0,1,4.798438180810187,6.294036403175149,17.386510987160463
0.1,3,50,79,Empirical_copula,Gaussian,cqr,raw,0.5,0.0,2,4.343222477256257,12.847878211526485,30.038978900309253
0.1,3,50,79,Empirical_copula,Gaussian,cqr,raw,0.5,0.0,3,3.4286883432836452,6.922638769245051,17.273965881773755
0.1,3,50,80,CQHR,Gaussian,cqr,native,0.5,0.0,1,4.788441673871618,18.678957451777034,42.14635657742585
0.1,3,50,80,CQHR,Gaussian,cqr,native,0.5,0.0,2,4.332789368548194,21.76793237028733,47.8686541091228
0.1,3,50,80,CQHR,Gaussian,cqr,native,0.5,0.0,3,3.4805760568305883,17.20817030289874,37.89691666262803
0.1,3,50,80,TSCP_R,Gaussian,cqr,capped,0.5,0.0,1,4.788441673871618,7.51437388906543,19.817189452002467
0.1,3,50,80,TSCP_R,Gaussian,cqr,capped,0.5,0.0,2,4.332789368548194,6.590589546731897,17.513968462012
0.1,3,50,80,TSCP_R,Gaussian,cqr,capped,0.5,0.0,3,3.4805760568305883,5.268683170780747,14.017942398392082
0.1,3,50,80,Unscaled,Gaussian,cqr,raw,0.5,0.0,1,4.788441673871618,6.509323105566561,17.80708788500472
0.1,3,50,80,Unscaled,Gaussian,cqr,raw,0.5,0.0,2,4.332789368548194,6.509323105566561,17.351435579681336
0.1,3,50,80,Unscaled,Gaussian,cqr,raw,0.5,0.0,3,3.4805760568305883,6.509323105566561,16.499222267963702
0.1,3,50,80,Empirical_copula,Gaussian,cqr,raw,0.5,0.0,1,4.788441673871618,8.764861327568443,22.31816432900849
0.1,3,50,80,Empirical_copula,Gaussian,cqr,raw,0.5,0.0,2,4.332789368548194,6.5093231055511325,17.351435579650477
0.1,3,50,80,Empirical_copula,Gaussian,cqr,raw,0.5,0.0,3,3.4805760568305883,4.2321120319510985,11.944800120732793
0.1,3,50,81,CQHR,Gaussian,cqr,native,0.5,0.0,1,4.666872286562126,8.703016211882368,22.07290471032687
0.1,3,50,81,CQHR,Gaussian,cqr,native,0.5,0.0,2,4.20630573113308,14.985855369128464,34.17801646939003
0.1,3,50,81,CQHR,Gaussian,cqr,native,0.5,0.0,3,3.3812493223275957,9.432059496895096,22.24536831611776
0.1,3,50,81,TSCP_R,Gaussian,cqr,capped,0.5,0.0,1,4.666872286562126,6.6455728111871455,17.958017908936412
0.1,3,50,81,TSCP_R,Gaussian,cqr,capped,0.5,0.0,2,4.20630573113308,3.5341233405519508,11.274552412236998
0.1,3,50,81,TSCP_R,Gaussian,cqr,capped,0.5,0.0,3,3.3812493223275957,4.353036035807249,12.087321393942096
0.1,3,50,81,Unscaled,Gaussian,cqr,raw,0.5,0.0,1,4.666872286562126,5.0469487193914055,14.760769725344936
0.1,3,50,81,Unscaled,Gaussian,cqr,raw,0.5,0.0,2,4.20630573113308,5.0469487193914055,14.300203169915894
0.1,3,50,81,Unscaled,Gaussian,cqr,raw,0.5,0.0,3,3.3812493223275957,5.0469487193914055,13.475146761110409
0.1,3,50,81,Empirical_copula,Gaussian,cqr,raw,0.5,0.0,1,4.666872286562126,5.630649402791047,15.928171092144215
0.1,3,50,81,Empirical_copula,Gaussian,cqr,raw,0.5,0.0,2,4.20630573113308,3.4901890649293072,11.186683860991703
0.1,3,50,81,Empirical_copula,Gaussian,cqr,raw,0.5,0.0,3,3.3812493223275957,3.4836683353799245,10.348585993087442
0.1,3,50,82,CQHR,Gaussian,cqr,native,0.5,0.0,1,4.789198491219037,9.69466292360086,24.17852433842087
0.1,3,50,82,CQHR,Gaussian,cqr,native,0.5,0.0,2,4.431358884904605,38.297343219635486,81.02604532417557
0.1,3,50,82,CQHR,Gaussian,cqr,native,0.5,0.0,3,3.5174255123602984,22.19866673092973,47.91475897421976
0.1,3,50,82,TSCP_R,Gaussian,cqr,capped,0.5,0.0,1,4.789198491219037,6.422506064621072,17.634210620461186
0.1,3,50,82,TSCP_R,Gaussian,cqr,capped,0.5,0.0,2,4.431358884904605,7.4192555637909585,19.26987001248654
0.1,3,50,82,TSCP_R,Gaussian,cqr,capped,0.5,0.0,3,3.5174255123602984,4.426093348283183,12.369612208926654
0.1,3,50,82,Unscaled,Gaussian,cqr,raw,0.5,0.0,1,4.789198491219037,4.611480820755792,14.012160132730614
0.1,3,50,82,Unscaled,Gaussian,cqr,raw,0.5,0.0,2,4.431358884904605,4.611480820755792,13.654320526416186
0.1,3,50,82,Unscaled,Gaussian,cqr,raw,0.5,0.0,3,3.5174255123602984,4.611480820755792,12.740387153871877
0.1,3,50,82,Empirical_copula,Gaussian,cqr,raw,0.5,0.0,1,4.789198491219037,6.3789287316066385,17.54705595443232
0.1,3,50,82,Empirical_copula,Gaussian,cqr,raw,0.5,0.0,2,4.431358884904605,4.61148082065823,13.654320526221072
0.1,3,50,82,Empirical_copula,Gaussian,cqr,raw,0.5,0.0,3,3.5174255123602984,3.5730954270385133,10.663616366437337
0.1,3,50,83,CQHR,Gaussian,cqr,native,0.5,0.0,1,4.78930472344371,9.973351689081266,24.736008101606316
0.1,3,50,83,CQHR,Gaussian,cqr,native,0.5,0.0,2,4.644271591848238,13.002711754488697,30.6496951008256
0.1,3,50,83,CQHR,Gaussian,cqr,native,0.5,0.0,3,3.7267084544778823,9.344800308969365,22.4163090724166
0.1,3,50,83,TSCP_R,Gaussian,cqr,capped,0.5,0.0,1,4.78930472344371,3.9272317927916434,12.643768309027005
0.1,3,50,83,TSCP_R,Gaussian,cqr,capped,0.5,0.0,2,4.644271591848238,3.9412494898713133,12.526770571590863
0.1,3,50,83,TSCP_R,Gaussian,cqr,capped,0.5,0.0,3,3.7267084544778823,2.6830537824697784,9.09281601941745
0.1,3,50,83,Unscaled,Gaussian,cqr,raw,0.5,0.0,1,4.78930472344371,3.1620194256042407,11.1133435746522
0.1,3,50,83,Unscaled,Gaussian,cqr,raw,0.5,0.0,2,4.644271591848238,3.1620194256042407,10.968310443056726
0.1,3,50,83,Unscaled,Gaussian,cqr,raw,0.5,0.0,3,3.7267084544778823,3.1620194256042407,10.050747305686368
0.1,3,50,83,Empirical_copula,Gaussian,cqr,raw,0.5,0.0,1,4.78930472344371,4.879012327588944,14.547329378621614
0.1,3,50,83,Empirical_copula,Gaussian,cqr,raw,0.5,0.0,2,4.644271591848238,3.185092592305521,11.014456776459284
0.1,3,50,83,Empirical_copula,Gaussian,cqr,raw,0.5,0.0,3,3.7267084544778823,2.6594483197311045,9.045605093940091
0.1,3,50,84,CQHR,Gaussian,cqr,native,0.5,0.0,1,4.498401266254175,13.379619533290901,31.25764033283626
0.1,3,50,84,CQHR,Gaussian,cqr,native,0.5,0.0,2,4.325489545721382,18.878878092995354,42.08324573171211
0.1,3,50,84,CQHR,Gaussian,cqr,native,0.5,0.0,3,3.2689905565128243,12.679117792027471,28.62722614056777
0.1,3,50,84,TSCP_R,Gaussian,cqr,capped,0.5,0.0,1,4.498401266254175,5.567052469370297,15.632506204994758
0.1,3,50,84,TSCP_R,Gaussian,cqr,capped,0.5,0.0,2,4.325489545721382,5.839632907820725,16.004755361362843
0.1,3,50,84,TSCP_R,Gaussian,cqr,capped,0.5,0.0,3,3.2689905565128243,3.891036447360853,11.051063451234542
0.1,3,50,84,Unscaled,Gaussian,cqr,raw,0.5,0.0,1,4.498401266254175,5.575794456137266,15.649990178528721
0.1,3,50,84,Unscaled,Gaussian,cqr,raw,0.5,0.0,2,4.325489545721382,5.575794456137266,15.477078457995923
0.1,3,50,84,Unscaled,Gaussian,cqr,raw,0.5,0.0,3,3.2689905565128243,5.575794456137266,14.420579468787361
0.1,3,50,84,Empirical_copula,Gaussian,cqr,raw,0.5,0.0,1,4.498401266254175,5.162372401668517,14.823146069591212
0.1,3,50,84,Empirical_copula,Gaussian,cqr,raw,0.5,0.0,2,4.325489545721382,5.6460919883826275,15.617673522486635
0.1,3,50,84,Empirical_copula,Gaussian,cqr,raw,0.5,0.0,3,3.2689905565128243,3.1277907246965064,9.52457200590583
0.1,3,50,85,CQHR,Gaussian,cqr,native,0.5,0.0,1,4.913691142747417,11.99642185240368,28.906534847554614
0.1,3,50,85,CQHR,Gaussian,cqr,native,0.5,0.0,2,4.408618252203085,14.86235525683801,34.13332876587911
0.1,3,50,85,CQHR,Gaussian,cqr,native,0.5,0.0,3,3.4232803589114487,11.512864461020976,26.44900928095342
0.1,3,50,85,TSCP_R,Gaussian,cqr,capped,0.5,0.0,1,4.913691142747417,6.483768458267907,17.88122805928323
0.1,3,50,85,TSCP_R,Gaussian,cqr,capped,0.5,0.0,2,4.408618252203085,4.077405074359014,12.563428400921108
0.1,3,50,85,TSCP_R,Gaussian,cqr,capped,0.5,0.0,3,3.4232803589114487,2.6405353930127706,8.704351144936998
0.1,3,50,85,Unscaled,Gaussian,cqr,raw,0.5,0.0,1,4.913691142747417,4.751567101237982,14.416825345223382
0.1,3,50,85,Unscaled,Gaussian,cqr,raw,0.5,0.0,2,4.408618252203085,4.751567101237982,13.911752454679053
0.1,3,50,85,Unscaled,Gaussian,cqr,raw,0.5,0.0,3,3.4232803589114487,4.751567101237982,12.926414561387409
0.1,3,50,85,Empirical_copula,Gaussian,cqr,raw,0.5,0.0,1,4.913691142747417,5.234977038269388,15.383645219286182
0.1,3,50,85,Empirical_copula,Gaussian,cqr,raw,0.5,0.0,2,4.408618252203085,4.047181944830893,12.50298214186488
0.1,3,50,85,Empirical_copula,Gaussian,cqr,raw,0.5,0.0,3,3.4232803589114487,1.7331625856244308,6.889605530160319
0.1,3,50,86,CQHR,Gaussian,cqr,native,0.5,0.0,1,4.619099096450862,16.72434587156385,38.067790839578535
0.1,3,50,86,CQHR,Gaussian,cqr,native,0.5,0.0,2,4.2592005746145185,21.96238191649463,48.183964407603824
0.1,3,50,86,CQHR,Gaussian,cqr,native,0.5,0.0,3,3.4613766096301046,16.946580845825924,37.354538301282034
0.1,3,50,86,TSCP_R,Gaussian,cqr,capped,0.5,0.0,1,4.619099096450862,5.886264019137318,16.39162713472549
0.1,3,50,86,TSCP_R,Gaussian,cqr,capped,0.5,0.0,2,4.2592005746145185,5.1495147312021725,14.558230037018863
0.1,3,50,86,TSCP_R,Gaussian,cqr,capped,0.5,0.0,3,3.4613766096301046,2.579815387188642,8.621007384007385
0.1,3,50,86,Unscaled,Gaussian,cqr,raw,0.5,0.0,1,4.619099096450862,4.533048996397557,13.68519708924597
0.1,3,50,86,Unscaled,Gaussian,cqr,raw,0.5,0.0,2,4.2592005746145185,4.533048996397557,13.325298567409634
0.1,3,50,86,Unscaled,Gaussian,cqr,raw,0.5,0.0,3,3.4613766096301046,4.533048996397557,12.527474602425219
0.1,3,50,86,Empirical_copula,Gaussian,cqr,raw,0.5,0.0,1,4.619099096450862,4.629189291731553,13.877477679913955
0.1,3,50,86,Empirical_copula,Gaussian,cqr,raw,0.5,0.0,2,4.2592005746145185,5.104237922937346,14.467676420489218
0.1,3,50,86,Empirical_copula,Gaussian,cqr,raw,0.5,0.0,3,3.4613766096301046,2.5628194607608563,8.587015531151824
0.1,3,50,87,CQHR,Gaussian,cqr,native,0.5,0.0,1,4.7097378743792655,13.837869892927245,32.385477660233576
0.1,3,50,87,CQHR,Gaussian,cqr,native,0.5,0.0,2,4.385894130327428,140.12094264595754,284.62777942224204
0.1,3,50,87,CQHR,Gaussian,cqr,native,0.5,0.0,3,3.511184278596089,125.33053602013975,254.17225631887604
0.1,3,50,87,TSCP_R,Gaussian,cqr,capped,0.5,0.0,1,4.7097378743792655,6.867452393212391,18.444642660804057
0.1,3,50,87,TSCP_R,Gaussian,cqr,capped,0.5,0.0,2,4.385894130327428,5.477882142988318,15.341658416304087
0.1,3,50,87,TSCP_R,Gaussian,cqr,capped,0.5,0.0,3,3.511184278596089,3.9246968273489546,11.360577933293994
0.1,3,50,87,Unscaled,Gaussian,cqr,raw,0.5,0.0,1,4.7097378743792655,5.483819503914572,15.677376882208433
0.1,3,50,87,Unscaled,Gaussian,cqr,raw,0.5,0.0,2,4.385894130327428,5.483819503914572,15.35353313815656
0.1,3,50,87,Unscaled,Gaussian,cqr,raw,0.5,0.0,3,3.511184278596089,5.483819503914572,14.478823286425234
0.1,3,50,87,Empirical_copula,Gaussian,cqr,raw,0.5,0.0,1,4.7097378743792655,5.527182878463586,15.76410363130645
0.1,3,50,87,Empirical_copula,Gaussian,cqr,raw,0.5,0.0,2,4.385894130327428,5.321607221414613,15.029108573156666
0.1,3,50,87,Empirical_copula,Gaussian,cqr,raw,0.5,0.0,3,3.511184278596089,3.3678430209629227,10.246870320521943
0.1,3,50,88,CQHR,Gaussian,cqr,native,0.5,0.0,1,4.819536937159745,14.692881538171331,34.20530001350217
0.1,3,50,88,CQHR,Gaussian,cqr,native,0.5,0.0,2,4.492703331916826,21.869855015171993,48.23241336226076
0.1,3,50,88,CQHR,Gaussian,cqr,native,0.5,0.0,3,3.406075326855688,13.941689439891613,31.28945420663892
0.1,3,50,88,TSCP_R,Gaussian,cqr,capped,0.5,0.0,1,4.819536937159745,6.659335413588982,18.138207764337714
0.1,3,50,88,TSCP_R,Gaussian,cqr,capped,0.5,0.0,2,4.492703331916826,4.533623692090286,13.559950716097397
0.1,3,50,88,TSCP_R,Gaussian,cqr,capped,0.5,0.0,3,3.406075326855688,3.3935783070927705,10.193231941041233
0.1,3,50,88,Unscaled,Gaussian,cqr,raw,0.5,0.0,1,4.819536937159745,5.092709752278772,15.004956441717296
0.1,3,50,88,Unscaled,Gaussian,cqr,raw,0.5,0.0,2,4.492703331916826,5.092709752278772,14.678122836474383
0.1,3,50,88,Unscaled,Gaussian,cqr,raw,0.5,0.0,3,3.406075326855688,5.092709752278772,13.591494831413248
0.1,3,50,88,Empirical_copula,Gaussian,cqr,raw,0.5,0.0,1,4.819536937159745,5.092709752274391,15.00495644170851
0.1,3,50,88,Empirical_copula,Gaussian,cqr,raw,0.5,0.0,2,4.492703331916826,4.47421722412758,13.441137780171987
0.1,3,50,88,Empirical_copula,Gaussian,cqr,raw,0.5,0.0,3,3.406075326855688,2.88373798080962,9.173551288474933
0.1,3,50,89,CQHR,Gaussian,cqr,native,0.5,0.0,1,4.72501413954887,9.399658022123088,23.52433018379512
0.1,3,50,89,CQHR,Gaussian,cqr,native,0.5,0.0,2,4.3430158588873455,11.85709184115936,28.057199541206113
0.1,3,50,89,CQHR,Gaussian,cqr,native,0.5,0.0,3,3.621169952003204,9.340558417171215,22.302286786345608
0.1,3,50,89,TSCP_R,Gaussian,cqr,capped,0.5,0.0,1,4.72501413954887,5.5571799723150574,15.839374084178983
0.1,3,50,89,TSCP_R,Gaussian,cqr,capped,0.5,0.0,2,4.3430158588873455,5.470789569111872,15.284594997111075
0.1,3,50,89,TSCP_R,Gaussian,cqr,capped,0.5,0.0,3,3.621169952003204,2.542594164977104,8.706358281957414
0.1,3,50,89,Unscaled,Gaussian,cqr,raw,0.5,0.0,1,4.72501413954887,4.073557565487118,12.8721292705231
0.1,3,50,89,Unscaled,Gaussian,cqr,raw,0.5,0.0,2,4.3430158588873455,4.073557565487118,12.490130989861575
0.1,3,50,89,Unscaled,Gaussian,cqr,raw,0.5,0.0,3,3.621169952003204,4.073557565487118,11.76828508297745
0.1,3,50,89,Empirical_copula,Gaussian,cqr,raw,0.5,0.0,1,4.72501413954887,5.230436305416073,15.185886750381036
0.1,3,50,89,Empirical_copula,Gaussian,cqr,raw,0.5,0.0,2,4.3430158588873455,4.073557565403892,12.49013098969513
0.1,3,50,89,Empirical_copula,Gaussian,cqr,raw,0.5,0.0,3,3.621169952003204,2.5738510304199984,8.768872012843206
0.1,3,50,90,CQHR,Gaussian,cqr,native,0.5,0.0,1,4.603395314853261,13.615240006633723,31.833875328120392
0.1,3,50,90,CQHR,Gaussian,cqr,native,0.5,0.0,2,4.406742762204831,20.353475605725965,45.11369397365674
0.1,3,50,90,CQHR,Gaussian,cqr,native,0.5,0.0,3,3.3537468147969127,14.32978496813666,32.01331675107019
0.1,3,50,90,TSCP_R,Gaussian,cqr,capped,0.5,0.0,1,4.603395314853261,5.159181466485331,14.921758247823936
0.1,3,50,90,TSCP_R,Gaussian,cqr,capped,0.5,0.0,2,4.406742762204831,6.344265085676362,17.095272933557563
0.1,3,50,90,TSCP_R,Gaussian,cqr,capped,0.5,0.0,3,3.3537468147969127,4.447587469167592,12.248921753132102
0.1,3,50,90,Unscaled,Gaussian,cqr,raw,0.5,0.0,1,4.603395314853261,5.070129307191638,14.743653929236544
0.1,3,50,90,Unscaled,Gaussian,cqr,raw,0.5,0.0,2,4.406742762204831,5.070129307191638,14.547001376588108
0.1,3,50,90,Unscaled,Gaussian,cqr,raw,0.5,0.0,3,3.3537468147969127,5.070129307191638,13.494005429180193
0.1,3,50,90,Empirical_copula,Gaussian,cqr,raw,0.5,0.0,1,4.603395314853261,4.920495212752989,14.444385740359253
0.1,3,50,90,Empirical_copula,Gaussian,cqr,raw,0.5,0.0,2,4.406742762204831,5.071667875098399,14.550078512401615
0.1,3,50,90,Empirical_copula,Gaussian,cqr,raw,0.5,0.0,3,3.3537468147969127,4.284652511685614,11.923051838168133
0.1,3,50,91,CQHR,Gaussian,cqr,native,0.5,0.0,1,4.646385609028127,10.48016805208614,25.606721713200592
0.1,3,50,91,CQHR,Gaussian,cqr,native,0.5,0.0,2,4.52314775869405,20.126718566093732,44.776584890881395
0.1,3,50,91,CQHR,Gaussian,cqr,native,0.5,0.0,3,3.591994777658497,17.662972688501046,38.917940154660485
0.1,3,50,91,TSCP_R,Gaussian,cqr,capped,0.5,0.0,1,4.646385609028127,5.874641957779827,16.395669524587767
0.1,3,50,91,TSCP_R,Gaussian,cqr,capped,0.5,0.0,2,4.52314775869405,4.090061785361151,12.70327132941636
0.1,3,50,91,TSCP_R,Gaussian,cqr,capped,0.5,0.0,3,3.591994777658497,2.8246273650458513,9.241249507750194
0.1,3,50,91,Unscaled,Gaussian,cqr,raw,0.5,0.0,1,4.646385609028127,3.7966723571294585,12.239730323287025
0.1,3,50,91,Unscaled,Gaussian,cqr,raw,0.5,0.0,2,4.52314775869405,3.7966723571294585,12.116492472952956
0.1,3,50,91,Unscaled,Gaussian,cqr,raw,0.5,0.0,3,3.591994777658497,3.7966723571294585,11.185339491917421
0.1,3,50,91,Empirical_copula,Gaussian,cqr,raw,0.5,0.0,1,4.646385609028127,5.826774939297291,16.29993548762272
0.1,3,50,91,Empirical_copula,Gaussian,cqr,raw,0.5,0.0,2,4.52314775869405,3.1367828800622597,10.796713518818567
0.1,3,50,91,Empirical_copula,Gaussian,cqr,raw,0.5,0.0,3,3.591994777658497,2.4492040263431107,8.490402830344719
0.1,3,50,92,CQHR,Gaussian,cqr,native,0.5,0.0,1,4.56061933330978,13.400252858167729,31.361125049645135
0.1,3,50,92,CQHR,Gaussian,cqr,native,0.5,0.0,2,4.2125428719047155,29.913636562920534,64.03981599774586
0.1,3,50,92,CQHR,Gaussian,cqr,native,0.5,0.0,3,3.271346212127005,17.31786196274268,37.90707013761239
0.1,3,50,92,TSCP_R,Gaussian,cqr,capped,0.5,0.0,1,4.56061933330978,4.9370028673646535,14.434625068039077
0.1,3,50,92,TSCP_R,Gaussian,cqr,capped,0.5,0.0,2,4.2125428719047155,6.197868505109618,16.608279882123945
0.1,3,50,92,TSCP_R,Gaussian,cqr,capped,0.5,0.0,3,3.271346212127005,3.3882149231374936,10.047776058401986
0.1,3,50,92,Unscaled,Gaussian,cqr,raw,0.5,0.0,1,4.56061933330978,5.144030485892125,14.84868030509403
0.1,3,50,92,Unscaled,Gaussian,cqr,raw,0.5,0.0,2,4.2125428719047155,5.144030485892125,14.500603843688953
0.1,3,50,92,Unscaled,Gaussian,cqr,raw,0.5,0.0,3,3.271346212127005,5.144030485892125,13.55940718391126
0.1,3,50,92,Empirical_copula,Gaussian,cqr,raw,0.5,0.0,1,4.56061933330978,4.546931685708919,13.654482704727616
0.1,3,50,92,Empirical_copula,Gaussian,cqr,raw,0.5,0.0,2,4.2125428719047155,6.281725884290825,16.775994640486367
0.1,3,50,92,Empirical_copula,Gaussian,cqr,raw,0.5,0.0,3,3.271346212127005,2.8348245237448033,8.940995259616608
0.1,3,50,93,CQHR,Gaussian,cqr,native,0.5,0.0,1,4.656101399994543,10.218815750671354,25.093732901337088
0.1,3,50,93,CQHR,Gaussian,cqr,native,0.5,0.0,2,4.162771146572035,13.591558907259557,31.34588896109119
0.1,3,50,93,CQHR,Gaussian,cqr,native,0.5,0.0,3,3.6880101804738237,10.950965519505852,25.58994121948555
0.1,3,50,93,TSCP_R,Gaussian,cqr,capped,0.5,0.0,1,4.656101399994543,6.474457750309426,17.605016900613396
0.1,3,50,93,TSCP_R,Gaussian,cqr,capped,0.5,0.0,2,4.162771146572035,6.213001242815264,16.588773632202567
0.1,3,50,93,TSCP_R,Gaussian,cqr,capped,0.5,0.0,3,3.6880101804738237,5.112988419324447,13.913987019122711
0.1,3,50,93,Unscaled,Gaussian,cqr,raw,0.5,0.0,1,4.656101399994543,6.166890931087462,16.989883262169453
0.1,3,50,93,Unscaled,Gaussian,cqr,raw,0.5,0.0,2,4.162771146572035,6.166890931087462,16.496553008746975
0.1,3,50,93,Unscaled,Gaussian,cqr,raw,0.5,0.0,3,3.6880101804738237,6.166890931087462,16.02179204264876
0.1,3,50,93,Empirical_copula,Gaussian,cqr,raw,0.5,0.0,1,4.656101399994543,6.445566283778784,17.54723396755212
0.1,3,50,93,Empirical_copula,Gaussian,cqr,raw,0.5,0.0,2,4.162771146572035,6.16689093104312,16.496553008658285
0.1,3,50,93,Empirical_copula,Gaussian,cqr,raw,0.5,0.0,3,3.6880101804738237,2.6665354620892554,9.021081104652328
0.1,3,50,94,CQHR,Gaussian,cqr,native,0.5,0.0,1,4.771134559869016,21.83308243688827,48.43729943364607
0.1,3,50,94,CQHR,Gaussian,cqr,native,0.5,0.0,2,4.331715975558762,24.30330072667207,52.938317428902884
0.1,3,50,94,CQHR,Gaussian,cqr,native,0.5,0.0,3,3.4292223202846337,18.255265191479317,39.93975270324328
0.1,3,50,94,TSCP_R,Gaussian,cqr,capped,0.5,0.0,1,4.771134559869016,7.335014562988168,19.44116368584534
0.1,3,50,94,TSCP_R,Gaussian,cqr,capped,0.5,0.0,2,4.331715975558762,4.9219404151424415,14.175596805843627
0.1,3,50,94,TSCP_R,Gaussian,cqr,capped,0.5,0.0,3,3.4292223202846337,3.810802348567673,11.05082701741997
0.1,3,50,94,Unscaled,Gaussian,cqr,raw,0.5,0.0,1,4.771134559869016,5.485343788465722,15.741822136800456
0.1,3,50,94,Unscaled,Gaussian,cqr,raw,0.5,0.0,2,4.331715975558762,5.485343788465722,15.302403552490235
0.1,3,50,94,Unscaled,Gaussian,cqr,raw,0.5,0.0,3,3.4292223202846337,5.485343788465722,14.399909897216078
0.1,3,50,94,Empirical_copula,Gaussian,cqr,raw,0.5,0.0,1,4.771134559869016,6.100787180690329,16.972708921249676
0.1,3,50,94,Empirical_copula,Gaussian,cqr,raw,0.5,0.0,2,4.331715975558762,4.882074553092185,14.095865081743131
0.1,3,50,94,Empirical_copula,Gaussian,cqr,raw,0.5,0.0,3,3.4292223202846337,3.3706298810447226,10.170482082374072
0.1,3,50,95,CQHR,Gaussian,cqr,native,0.5,0.0,1,4.620965518011015,10.572136611941533,25.76523874189435
0.1,3,50,95,CQHR,Gaussian,cqr,native,0.5,0.0,2,4.34779822780138,36.64028717580074,77.62837257940284
0.1,3,50,95,CQHR,Gaussian,cqr,native,0.5,0.0,3,3.3744497987450455,15.267545932316699,33.90954166337846
0.1,3,50,95,TSCP_R,Gaussian,cqr,capped,0.5,0.0,1,4.620965518011015,6.085705501326263,16.79237652066355
0.1,3,50,95,TSCP_R,Gaussian,cqr,capped,0.5,0.0,2,4.34779822780138,5.105859924754951,14.559518077311276
0.1,3,50,95,TSCP_R,Gaussian,cqr,capped,0.5,0.0,3,3.3744497987450455,4.033343161380736,11.44113612150652
0.1,3,50,95,Unscaled,Gaussian,cqr,raw,0.5,0.0,1,4.620965518011015,5.304717826883218,15.230401171777448
0.1,3,50,95,Unscaled,Gaussian,cqr,raw,0.5,0.0,2,4.34779822780138,5.304717826883218,14.95723388156782
0.1,3,50,95,Unscaled,Gaussian,cqr,raw,0.5,0.0,3,3.3744497987450455,5.304717826883218,13.983885452511474
0.1,3,50,95,Empirical_copula,Gaussian,cqr,raw,0.5,0.0,1,4.620965518011015,6.263413678400422,17.147792874811852
0.1,3,50,95,Empirical_copula,Gaussian,cqr,raw,0.5,0.0,2,4.34779822780138,4.721611061770005,13.791020351341386
0.1,3,50,95,Empirical_copula,Gaussian,cqr,raw,0.5,0.0,3,3.3744497987450455,3.2525673429826103,9.879584484710266
0.1,3,50,96,CQHR,Gaussian,cqr,native,0.5,0.0,1,4.713739611042354,16.35437583196835,37.422491274979016
0.1,3,50,96,CQHR,Gaussian,cqr,native,0.5,0.0,2,4.4322208673671035,25.53452745236671,55.5012757721005
0.1,3,50,96,CQHR,Gaussian,cqr,native,0.5,0.0,3,3.3263106701465794,18.801212362971004,40.928735396088605
0.1,3,50,96,TSCP_R,Gaussian,cqr,capped,0.5,0.0,1,4.713739611042354,5.913786487070889,16.541312585184137
0.1,3,50,96,TSCP_R,Gaussian,cqr,capped,0.5,0.0,2,4.4322208673671035,6.386985043112123,17.20619095359136
0.1,3,50,96,TSCP_R,Gaussian,cqr,capped,0.5,0.0,3,3.3263106701465794,3.37533291729342,10.07697650473342
0.1,3,50,96,Unscaled,Gaussian,cqr,raw,0.5,0.0,1,4.713739611042354,5.112007275670678,14.93775416238371
0.1,3,50,96,Unscaled,Gaussian,cqr,raw,0.5,0.0,2,4.4322208673671035,5.112007275670678,14.656235418708466
0.1,3,50,96,Unscaled,Gaussian,cqr,raw,0.5,0.0,3,3.3263106701465794,5.112007275670678,13.550325221487931
0.1,3,50,96,Empirical_copula,Gaussian,cqr,raw,0.5,0.0,1,4.713739611042354,5.13374357911617,14.981226769274677
0.1,3,50,96,Empirical_copula,Gaussian,cqr,raw,0.5,0.0,2,4.4322208673671035,7.580744318229531,19.59370950382617
0.1,3,50,96,Empirical_copula,Gaussian,cqr,raw,0.5,0.0,3,3.3263106701465794,3.5518631506844542,10.4300369715155
0.1,3,50,97,CQHR,Gaussian,cqr,native,0.5,0.0,1,4.717353326598896,9.528845079774083,23.77504348614708
0.1,3,50,97,CQHR,Gaussian,cqr,native,0.5,0.0,2,4.408707858423794,21.25563925877959,46.919986375982965
0.1,3,50,97,CQHR,Gaussian,cqr,native,0.5,0.0,3,3.5269709521291306,13.213391296737214,29.953753545603565
0.1,3,50,97,TSCP_R,Gaussian,cqr,capped,0.5,0.0,1,4.717353326598896,5.700176317878764,16.11770596235643
0.1,3,50,97,TSCP_R,Gaussian,cqr,capped,0.5,0.0,2,4.408707858423794,6.9030418094075525,18.21479147723891
0.1,3,50,97,TSCP_R,Gaussian,cqr,capped,0.5,0.0,3,3.5269709521291306,3.1113725912131898,9.749716134555516
0.1,3,50,97,Unscaled,Gaussian,cqr,raw,0.5,0.0,1,4.717353326598896,4.4826539134056365,13.68266115341017
0.1,3,50,97,Unscaled,Gaussian,cqr,raw,0.5,0.0,2,4.408707858423794,4.4826539134056365,13.374015685235054
0.1,3,50,97,Unscaled,Gaussian,cqr,raw,0.5,0.0,3,3.5269709521291306,4.4826539134056365,12.492278778940415
0.1,3,50,97,Empirical_copula,Gaussian,cqr,raw,0.5,0.0,1,4.717353326598896,4.48265391332516,13.682661153249203
0.1,3,50,97,Empirical_copula,Gaussian,cqr,raw,0.5,0.0,2,4.408707858423794,5.574944394790194,15.558596648004187
0.1,3,50,97,Empirical_copula,Gaussian,cqr,raw,0.5,0.0,3,3.5269709521291306,2.6980538031432206,8.923078558415565
0.1,3,50,98,CQHR,Gaussian,cqr,native,0.5,0.0,1,4.841932878997134,7.745970349384475,20.33387357776608
0.1,3,50,98,CQHR,Gaussian,cqr,native,0.5,0.0,2,4.547707146702968,15.975871061119642,36.49944926894227
0.1,3,50,98,CQHR,Gaussian,cqr,native,0.5,0.0,3,3.430676548934156,9.869881368250219,23.170439285434615
0.1,3,50,98,TSCP_R,Gaussian,cqr,capped,0.5,0.0,1,4.841932878997134,6.317315722032157,17.47656432306147
0.1,3,50,98,TSCP_R,Gaussian,cqr,capped,0.5,0.0,2,4.547707146702968,8.039340642772261,20.626388432247474
0.1,3,50,98,TSCP_R,Gaussian,cqr,capped,0.5,0.0,3,3.430676548934156,3.3212651540959834,10.073206857126133
0.1,3,50,98,Unscaled,Gaussian,cqr,raw,0.5,0.0,1,4.841932878997134,6.25334185176363,17.348616582524414
0.1,3,50,98,Unscaled,Gaussian,cqr,raw,0.5,0.0,2,4.547707146702968,6.25334185176363,17.054390850230252
0.1,3,50,98,Unscaled,Gaussian,cqr,raw,0.5,0.0,3,3.430676548934156,6.25334185176363,15.937360252461403
0.1,3,50,98,Empirical_copula,Gaussian,cqr,raw,0.5,0.0,1,4.841932878997134,5.793122549750777,16.428177978498702
0.1,3,50,98,Empirical_copula,Gaussian,cqr,raw,0.5,0.0,2,4.547707146702968,6.044085818617962,16.63587878393889
0.1,3,50,98,Empirical_copula,Gaussian,cqr,raw,0.5,0.0,3,3.430676548934156,2.3605729451506328,8.151822439235424
0.1,3,50,99,CQHR,Gaussian,cqr,native,0.5,0.0,1,4.675578347383467,11.996906102235444,28.669390551854068
0.1,3,50,99,CQHR,Gaussian,cqr,native,0.5,0.0,2,4.277447357382591,17.192669323972748,38.66278600532805
0.1,3,50,99,CQHR,Gaussian,cqr,native,0.5,0.0,3,3.4715746629344606,14.111901375100834,31.69537741313609
0.1,3,50,99,TSCP_R,Gaussian,cqr,capped,0.5,0.0,1,4.675578347383467,7.4814459483496325,19.63847024408275
0.1,3,50,99,TSCP_R,Gaussian,cqr,capped,0.5,0.0,2,4.277447357382591,4.6704978111611215,13.618442979704836
0.1,3,50,99,TSCP_R,Gaussian,cqr,capped,0.5,0.0,3,3.4715746629344606,3.988169815016414,11.447914292967289
0.1,3,50,99,Unscaled,Gaussian,cqr,raw,0.5,0.0,1,4.675578347383467,5.044070656941786,14.763719661267041
0.1,3,50,99,Unscaled,Gaussian,cqr,raw,0.5,0.0,2,4.277447357382591,5.044070656941786,14.365588671266178
0.1,3,50,99,Unscaled,Gaussian,cqr,raw,0.5,0.0,3,3.4715746629344606,5.044070656941786,13.559715976818039
0.1,3,50,99,Empirical_copula,Gaussian,cqr,raw,0.5,0.0,1,4.675578347383467,5.259219398134192,15.194017143651857
0.1,3,50,99,Empirical_copula,Gaussian,cqr,raw,0.5,0.0,2,4.277447357382591,4.6972091851388225,13.671865727660233
0.1,3,50,99,Empirical_copula,Gaussian,cqr,raw,0.5,0.0,3,3.4715746629344606,3.403193278590619,10.27796122011569
0.1,3,100,0,CQHR,Gaussian,cqr,native,0.5,0.0,1,4.703542562641052,10.365803634595903,25.435149831832614
0.1,3,100,0,CQHR,Gaussian,cqr,native,0.5,0.0,2,4.381040337046846,16.435242160446684,37.251524657940266
0.1,3,100,0,CQHR,Gaussian,cqr,native,0.5,0.0,3,3.3943406054668346,13.859566354816732,31.11347331510026
0.1,3,100,0,TSCP_R,Gaussian,cqr,capped,0.5,0.0,1,4.703542562641052,4.5376280149881865,13.77879859261743
0.1,3,100,0,TSCP_R,Gaussian,cqr,capped,0.5,0.0,2,4.381040337046846,5.507556679756499,15.396153696559837
0.1,3,100,0,TSCP_R,Gaussian,cqr,capped,0.5,0.0,3,3.3943406054668346,3.0117290687740255,9.417798743014874
0.1,3,100,0,Unscaled,Gaussian,cqr,raw,0.5,0.0,1,4.703542562641052,4.929652473206831,14.562847509054714
0.1,3,100,0,Unscaled,Gaussian,cqr,raw,0.5,0.0,2,4.381040337046846,4.929652473206831,14.240345283460517
0.1,3,100,0,Unscaled,Gaussian,cqr,raw,0.5,0.0,3,3.3943406054668346,4.929652473206831,13.25364555188049
0.1,3,100,0,Empirical_copula,Gaussian,cqr,raw,0.5,0.0,1,4.703542562641052,5.006781778594021,14.71710611982909
0.1,3,100,0,Empirical_copula,Gaussian,cqr,raw,0.5,0.0,2,4.381040337046846,4.929652473168083,14.240345283383013
0.1,3,100,0,Empirical_copula,Gaussian,cqr,raw,0.5,0.0,3,3.3943406054668346,2.9951702327357026,9.384681070938235
0.1,3,100,1,CQHR,Gaussian,cqr,native,0.5,0.0,1,4.627487606155158,15.818109817943556,36.26370724204206
0.1,3,100,1,CQHR,Gaussian,cqr,native,0.5,0.0,2,4.52836322041175,25.888005395588266,56.304374011588166
0.1,3,100,1,CQHR,Gaussian,cqr,native,0.5,0.0,3,3.4751975168420284,21.348809402662138,46.17281632216626
0.1,3,100,1,TSCP_R,Gaussian,cqr,capped,0.5,0.0,1,4.627487606155158,6.511372330952572,17.650232268060297
0.1,3,100,1,TSCP_R,Gaussian,cqr,capped,0.5,0.0,2,4.52836322041175,5.809288406762673,16.1469400339371
0.1,3,100,1,TSCP_R,Gaussian,cqr,capped,0.5,0.0,3,3.4751975168420284,3.63963534983272,10.754468216507476
0.1,3,100,1,Unscaled,Gaussian,cqr,raw,0.5,0.0,1,4.627487606155158,5.430477504246511,15.488442614648177
0.1,3,100,1,Unscaled,Gaussian,cqr,raw,0.5,0.0,2,4.52836322041175,5.430477504246511,15.389318228904777
0.1,3,100,1,Unscaled,Gaussian,cqr,raw,0.5,0.0,3,3.4751975168420284,5.430477504246511,14.33615252533505
0.1,3,100,1,Empirical_copula,Gaussian,cqr,raw,0.5,0.0,1,4.627487606155158,5.430477504167818,15.488442614490799
0.1,3,100,1,Empirical_copula,Gaussian,cqr,raw,0.5,0.0,2,4.52836322041175,6.107404775953835,16.74317277231942
0.1,3,100,1,Empirical_copula,Gaussian,cqr,raw,0.5,0.0,3,3.4751975168420284,4.411363041044556,12.29792359893113
0.1,3,100,2,CQHR,Gaussian,cqr,native,0.5,0.0,1,4.809761652361764,12.786342812248943,30.382447276859462
0.1,3,100,2,CQHR,Gaussian,cqr,native,0.5,0.0,2,4.203716053455974,13.541064723154227,31.285845499764413
0.1,3,100,2,CQHR,Gaussian,cqr,native,0.5,0.0,3,3.3064248506538716,10.13807091205282,23.582566674759494
0.1,3,100,2,TSCP_R,Gaussian,cqr,capped,0.5,0.0,1,4.809761652361764,6.192156841870451,17.194075336102667
0.1,3,100,2,TSCP_R,Gaussian,cqr,capped,0.5,0.0,2,4.203716053455974,6.251928375291502,16.707572804038993
0.1,3,100,2,TSCP_R,Gaussian,cqr,capped,0.5,0.0,3,3.3064248506538716,4.099405877099469,11.505236604852808
0.1,3,100,2,Unscaled,Gaussian,cqr,raw,0.5,0.0,1,4.809761652361764,4.957914363330205,14.725590379022169
0.1,3,100,2,Unscaled,Gaussian,cqr,raw,0.5,0.0,2,4.203716053455974,4.957914363330205,14.1195447801164
0.1,3,100,2,Unscaled,Gaussian,cqr,raw,0.5,0.0,3,3.3064248506538716,4.957914363330205,13.222253577314286
0.1,3,100,2,Empirical_copula,Gaussian,cqr,raw,0.5,0.0,1,4.809761652361764,6.266267522168405,17.342296696698575
0.1,3,100,2,Empirical_copula,Gaussian,cqr,raw,0.5,0.0,2,4.203716053455974,4.957914363264013,14.119544779983993
0.1,3,100,2,Empirical_copula,Gaussian,cqr,raw,0.5,0.0,3,3.3064248506538716,3.867116629067926,11.040658108789732
0.1,3,100,3,CQHR,Gaussian,cqr,native,0.5,0.0,1,4.488759120152995,7.624241505236261,19.737242130625617
0.1,3,100,3,CQHR,Gaussian,cqr,native,0.5,0.0,2,4.509062828615594,11.020048378357906,26.54915958533141
0.1,3,100,3,CQHR,Gaussian,cqr,native,0.5,0.0,3,3.4310473944719235,7.812392715972272,19.055832826416474
0.1,3,100,3,TSCP_R,Gaussian,cqr,capped,0.5,0.0,1,4.488759120152995,6.289481182565394,17.067721485283798
0.1,3,100,3,TSCP_R,Gaussian,cqr,capped,0.5,0.0,2,4.509062828615594,5.17310289113019,14.85526861087598
0.1,3,100,3,TSCP_R,Gaussian,cqr,capped,0.5,0.0,3,3.4310473944719235,3.030362342054117,9.491772078580144
0.1,3,100,3,Unscaled,Gaussian,cqr,raw,0.5,0.0,1,4.488759120152995,5.483044874197739,15.45484886854847
0.1,3,100,3,Unscaled,Gaussian,cqr,raw,0.5,0.0,2,4.509062828615594,5.483044874197739,15.475152577011055
0.1,3,100,3,Unscaled,Gaussian,cqr,raw,0.5,0.0,3,3.4310473944719235,5.483044874197739,14.397137142867395
0.1,3,100,3,Empirical_copula,Gaussian,cqr,raw,0.5,0.0,1,4.488759120152995,5.891775074067932,16.27230926828885
0.1,3,100,3,Empirical_copula,Gaussian,cqr,raw,0.5,0.0,2,4.509062828615594,5.247881856262868,15.004826541141346
0.1,3,100,3,Empirical_copula,Gaussian,cqr,raw,0.5,0.0,3,3.4310473944719235,3.014807430042673,9.460662254557278
0.1,3,100,4,CQHR,Gaussian,cqr,native,0.5,0.0,1,4.836870550633614,24.637648159263737,54.11216686916146
0.1,3,100,4,CQHR,Gaussian,cqr,native,0.5,0.0,2,4.533668525005404,29.374750165250518,63.283168855506375
0.1,3,100,4,CQHR,Gaussian,cqr,native,0.5,0.0,3,3.584827510278618,21.87101601116902,47.326859532616666
0.1,3,100,4,TSCP_R,Gaussian,cqr,capped,0.5,0.0,1,4.836870550633614,6.404201638553225,17.645273827740066
0.1,3,100,4,TSCP_R,Gaussian,cqr,capped,0.5,0.0,2,4.533668525005404,5.282445159846692,15.098558844698795
0.1,3,100,4,TSCP_R,Gaussian,cqr,capped,0.5,0.0,3,3.584827510278618,4.553435414051637,12.69169833838188
0.1,3,100,4,Unscaled,Gaussian,cqr,raw,0.5,0.0,1,4.836870550633614,5.518325524928314,15.873521600490239
0.1,3,100,4,Unscaled,Gaussian,cqr,raw,0.5,0.0,2,4.533668525005404,5.518325524928314,15.570319574862024
0.1,3,100,4,Unscaled,Gaussian,cqr,raw,0.5,0.0,3,3.584827510278618,5.518325524928314,14.621478560135245
0.1,3,100,4,Empirical_copula,Gaussian,cqr,raw,0.5,0.0,1,4.836870550633614,6.869922659871513,18.576715870376617
0.1,3,100,4,Empirical_copula,Gaussian,cqr,raw,0.5,0.0,2,4.533668525005404,5.26170421768167,15.057076960368759
0.1,3,100,4,Empirical_copula,Gaussian,cqr,raw,0.5,0.0,3,3.584827510278618,3.8396709906679334,11.264169491614469
0.1,3,100,5,CQHR,Gaussian,cqr,native,0.5,0.0,1,4.611542320069376,15.79682766372132,36.205197647511945
0.1,3,100,5,CQHR,Gaussian,cqr,native,0.5,0.0,2,4.143156274276559,23.975962024585176,52.0950803234469
0.1,3,100,5,CQHR,Gaussian,cqr,native,0.5,0.0,3,3.4226055846517975,15.233495873741653,33.889597332135075
0.1,3,100,5,TSCP_R,Gaussian,cqr,capped,0.5,0.0,1,4.611542320069376,5.226822958509975,15.065188237089336
0.1,3,100,5,TSCP_R,Gaussian,cqr,capped,0.5,0.0,2,4.143156274276559,4.763777724730556,13.670711723737664
0.1,3,100,5,TSCP_R,Gaussian,cqr,capped,0.5,0.0,3,3.4226055846517975,4.368027212759963,12.158660010171726
0.1,3,100,5,Unscaled,Gaussian,cqr,raw,0.5,0.0,1,4.611542320069376,4.8789601367163264,14.369462593502012
0.1,3,100,5,Unscaled,Gaussian,cqr,raw,0.5,0.0,2,4.143156274276559,4.8789601367163264,13.901076547709211
0.1,3,100,5,Unscaled,Gaussian,cqr,raw,0.5,0.0,3,3.4226055846517975,4.8789601367163264,13.180525858084446
0.1,3,100,5,Empirical_copula,Gaussian,cqr,raw,0.5,0.0,1,4.611542320069376,4.90117661808371,14.413895556236794
0.1,3,100,5,Empirical_copula,Gaussian,cqr,raw,0.5,0.0,2,4.143156274276559,4.878960136685931,13.901076547648424
0.1,3,100,5,Empirical_copula,Gaussian,cqr,raw,0.5,0.0,3,3.4226055846517975,4.861688115576208,13.1459818158042
0.1,3,100,6,CQHR,Gaussian,cqr,native,0.5,0.0,1,4.68393288105522,12.060689351748612,28.805311584552364
0.1,3,100,6,CQHR,Gaussian,cqr,native,0.5,0.0,2,4.436967915808118,16.304910012125518,37.04678794005916
0.1,3,100,6,CQHR,Gaussian,cqr,native,0.5,0.0,3,3.409135282457862,11.203513945327602,25.816163173113093
0.1,3,100,6,TSCP_R,Gaussian,cqr,capped,0.5,0.0,1,4.68393288105522,5.180992961091493,15.045918803238202
0.1,3,100,6,TSCP_R,Gaussian,cqr,capped,0.5,0.0,2,4.436967915808118,4.848585932128813,14.13413978006573
0.1,3,100,6,TSCP_R,Gaussian,cqr,capped,0.5,0.0,3,3.409135282457862,3.3015347056840856,10.01220469382603
0.1,3,100,6,Unscaled,Gaussian,cqr,raw,0.5,0.0,1,4.68393288105522,4.719832305638906,14.123597492333031
0.1,3,100,6,Unscaled,Gaussian,cqr,raw,0.5,0.0,2,4.436967915808118,4.719832305638906,13.876632527085922
0.1,3,100,6,Unscaled,Gaussian,cqr,raw,0.5,0.0,3,3.409135282457862,4.719832305638906,12.848799893735675
0.1,3,100,6,Empirical_copula,Gaussian,cqr,raw,0.5,0.0,1,4.68393288105522,4.761840758846748,14.207614398748717
0.1,3,100,6,Empirical_copula,Gaussian,cqr,raw,0.5,0.0,2,4.436967915808118,4.815446239545925,14.067860394899975
0.1,3,100,6,Empirical_copula,Gaussian,cqr,raw,0.5,0.0,3,3.409135282457862,3.717342837951385,10.843820958360629
0.1,3,100,7,CQHR,Gaussian,cqr,native,0.5,0.0,1,4.793587662095261,8.520504796993368,21.834597256082127
0.1,3,100,7,CQHR,Gaussian,cqr,native,0.5,0.0,2,4.288407522975972,12.892823923383443,30.074055369742855
0.1,3,100,7,CQHR,Gaussian,cqr,native,0.5,0.0,3,3.4062808536129916,8.55445054005079,20.51518193371454
0.1,3,100,7,TSCP_R,Gaussian,cqr,capped,0.5,0.0,1,4.793587662095261,7.14144044717979,19.076468556454813
0.1,3,100,7,TSCP_R,Gaussian,cqr,capped,0.5,0.0,2,4.288407522975972,5.256835781089695,14.802079085155361
0.1,3,100,7,TSCP_R,Gaussian,cqr,capped,0.5,0.0,3,3.4062808536129916,2.1475889162095028,7.701458686031993
0.1,3,100,7,Unscaled,Gaussian,cqr,raw,0.5,0.0,1,4.793587662095261,5.333613754915099,15.460815171925441
0.1,3,100,7,Unscaled,Gaussian,cqr,raw,0.5,0.0,2,4.288407522975972,5.333613754915099,14.955635032806173
0.1,3,100,7,Unscaled,Gaussian,cqr,raw,0.5,0.0,3,3.4062808536129916,5.333613754915099,14.073508363443189
0.1,3,100,7,Empirical_copula,Gaussian,cqr,raw,0.5,0.0,1,4.793587662095261,7.895845519591308,20.585278701277865
0.1,3,100,7,Empirical_copula,Gaussian,cqr,raw,0.5,0.0,2,4.288407522975972,4.424735174424169,13.137877871824312
0.1,3,100,7,Empirical_copula,Gaussian,cqr,raw,0.5,0.0,3,3.4062808536129916,2.065085111943846,7.536451077500693
0.1,3,100,8,CQHR,Gaussian,cqr,native,0.5,0.0,1,4.53703436576701,8.775750274886091,22.08853491553915
0.1,3,100,8,CQHR,Gaussian,cqr,native,0.5,0.0,2,4.508607728869746,16.404988977545692,37.3185856839611
0.1,3,100,8,CQHR,Gaussian,cqr,native,0.5,0.0,3,3.3585038851342754,10.337591313055432,24.033686511245147
0.1,3,100,8,TSCP_R,Gaussian,cqr,capped,0.5,0.0,1,4.53703436576701,6.917302558514109,18.371639482795228
0.1,3,100,8,TSCP_R,Gaussian,cqr,capped,0.5,0.0,2,4.508607728869746,7.555912340303735,19.620432409477218
0.1,3,100,8,TSCP_R,Gaussian,cqr,capped,0.5,0.0,3,3.3585038851342754,4.5215087551935715,12.401521395521419
0.1,3,100,8,Unscaled,Gaussian,cqr,raw,0.5,0.0,1,4.53703436576701,6.000246161466613,16.537526688700243
0.1,3,100,8,Unscaled,Gaussian,cqr,raw,0.5,0.0,2,4.508607728869746,6.000246161466613,16.50910005180297
0.1,3,100,8,Unscaled,Gaussian,cqr,raw,0.5,0.0,3,3.3585038851342754,6.000246161466613,15.358996208067511
0.1,3,100,8,Empirical_copula,Gaussian,cqr,raw,0.5,0.0,1,4.53703436576701,6.860497393269773,18.258029152306563
0.1,3,100,8,Empirical_copula,Gaussian,cqr,raw,0.5,0.0,2,4.508607728869746,5.704867528999216,15.918342786868168
0.1,3,100,8,Empirical_copula,Gaussian,cqr,raw,0.5,0.0,3,3.3585038851342754,2.921943158213651,9.202390201561572
0.1,3,100,9,CQHR,Gaussian,cqr,native,0.5,0.0,1,4.729780730533523,16.01448653111579,36.758753792764864
0.1,3,100,9,CQHR,Gaussian,cqr,native,0.5,0.0,2,4.562915295547008,22.511657514820758,49.5862303251885
0.1,3,100,9,CQHR,Gaussian,cqr,native,0.5,0.0,3,3.5937788834178788,16.896116452445757,37.386011788309375
0.1,3,100,9,TSCP_R,Gaussian,cqr,capped,0.5,0.0,1,4.729780730533523,7.031539735705234,18.792860201944013
0.1,3,100,9,TSCP_R,Gaussian,cqr,capped,0.5,0.0,2,4.562915295547008,5.904448160216639,16.371811615980267
0.1,3,100,9,TSCP_R,Gaussian,cqr,capped,0.5,0.0,3,3.5937788834178788,4.014485819262435,11.622750521942745
0.1,3,100,9,Unscaled,Gaussian,cqr,raw,0.5,0.0,1,4.729780730533523,6.116269713081782,16.962320156697082
0.1,3,100,9,Unscaled,Gaussian,cqr,raw,0.5,0.0,2,4.562915295547008,6.116269713081782,16.795454721710573
0.1,3,100,9,Unscaled,Gaussian,cqr,raw,0.5,0.0,3,3.5937788834178788,6.116269713081782,15.826318309581444
0.1,3,100,9,Empirical_copula,Gaussian,cqr,raw,0.5,0.0,1,4.729780730533523,6.996138101513145,18.722056933559823
0.1,3,100,9,Empirical_copula,Gaussian,cqr,raw,0.5,0.0,2,4.562915295547008,5.5139787298785805,15.590872755304165
0.1,3,100,9,Empirical_copula,Gaussian,cqr,raw,0.5,0.0,3,3.5937788834178788,3.022267051794092,9.638312987006062
0.1,3,100,10,CQHR,Gaussian,cqr,native,0.5,0.0,1,4.813655601593926,13.284188364811419,31.38203233121659
0.1,3,100,10,CQHR,Gaussian,cqr,native,0.5,0.0,2,4.402385440019014,18.114398282519478,40.63118200505792
0.1,3,100,10,CQHR,Gaussian,cqr,native,0.5,0.0,3,3.4903487365240977,13.818413806522726,31.127176349569556
0.1,3,100,10,TSCP_R,Gaussian,cqr,capped,0.5,0.0,1,4.813655601593926,4.212027615597185,13.237710832788292
0.1,3,100,10,TSCP_R,Gaussian,cqr,capped,0.5,0.0,2,4.402385440019014,5.373667190341043,15.1497198207011
0.1,3,100,10,TSCP_R,Gaussian,cqr,capped,0.5,0.0,3,3.4903487365240977,4.528546906748054,12.547442550020222
0.1,3,100,10,Unscaled,Gaussian,cqr,raw,0.5,0.0,1,4.813655601593926,4.7670360519274055,14.347727705448728
0.1,3,100,10,Unscaled,Gaussian,cqr,raw,0.5,0.0,2,4.402385440019014,4.7670360519274055,13.936457543873825
0.1,3,100,10,Unscaled,Gaussian,cqr,raw,0.5,0.0,3,3.4903487365240977,4.7670360519274055,13.02442084037891
0.1,3,100,10,Empirical_copula,Gaussian,cqr,raw,0.5,0.0,1,4.813655601593926,4.627659292917565,14.068974187429058
0.1,3,100,10,Empirical_copula,Gaussian,cqr,raw,0.5,0.0,2,4.402385440019014,4.767036051914413,13.936457543847837
0.1,3,100,10,Empirical_copula,Gaussian,cqr,raw,0.5,0.0,3,3.4903487365240977,3.668797371030063,10.827943478584222
0.1,3,100,11,CQHR,Gaussian,cqr,native,0.5,0.0,1,4.572893382238377,10.069722479240472,24.71233834071941
0.1,3,100,11,CQHR,Gaussian,cqr,native,0.5,0.0,2,4.4490905615417065,13.998252466449442,32.44559549444057
0.1,3,100,11,CQHR,Gaussian,cqr,native,0.5,0.0,3,3.259661068288323,9.909821609428134,23.079304287144595
0.1,3,100,11,TSCP_R,Gaussian,cqr,capped,0.5,0.0,1,4.572893382238377,4.150948356615565,12.874790095469518
0.1,3,100,11,TSCP_R,Gaussian,cqr,capped,0.5,0.0,2,4.4490905615417065,4.950649885255663,14.35039033205303
0.1,3,100,11,TSCP_R,Gaussian,cqr,capped,0.5,0.0,3,3.259661068288323,2.8247770511978785,8.909215170684076
0.1,3,100,11,Unscaled,Gaussian,cqr,raw,0.5,0.0,1,4.572893382238377,4.029377505997232,12.631648394232842
0.1,3,100,11,Unscaled,Gaussian,cqr,raw,0.5,0.0,2,4.4490905615417065,4.029377505997232,12.507845573536173
0.1,3,100,11,Unscaled,Gaussian,cqr,raw,0.5,0.0,3,3.259661068288323,4.029377505997232,11.31841608028278
0.1,3,100,11,Empirical_copula,Gaussian,cqr,raw,0.5,0.0,1,4.572893382238377,4.124791941767175,12.822477265772733
0.1,3,100,11,Empirical_copula,Gaussian,cqr,raw,0.5,0.0,2,4.4490905615417065,4.616995949559115,13.683082460659937
0.1,3,100,11,Empirical_copula,Gaussian,cqr,raw,0.5,0.0,3,3.259661068288323,2.805196010596731,8.870053089481777
0.1,3,100,12,CQHR,Gaussian,cqr,native,0.5,0.0,1,4.822499529141874,22.302004177264664,49.42650788367075
0.1,3,100,12,CQHR,Gaussian,cqr,native,0.5,0.0,2,4.281306995889299,69.17190887934012,142.62512475456944
0.1,3,100,12,CQHR,Gaussian,cqr,native,0.5,0.0,3,3.3445327569157413,37.90003700082159,79.14460675855898
0.1,3,100,12,TSCP_R,Gaussian,cqr,capped,0.5,0.0,1,4.822499529141874,5.087305180811189,14.997109890764266
0.1,3,100,12,TSCP_R,Gaussian,cqr,capped,0.5,0.0,2,4.281306995889299,5.605439228906256,15.49218545370182
0.1,3,100,12,TSCP_R,Gaussian,cqr,capped,0.5,0.0,3,3.3445327569157413,3.739568676770545,10.82367011045682
0.1,3,100,12,Unscaled,Gaussian,cqr,raw,0.5,0.0,1,4.822499529141874,4.827631204392592,14.477761937927038
0.1,3,100,12,Unscaled,Gaussian,cqr,raw,0.5,0.0,2,4.281306995889299,4.827631204392592,13.936569404674488
0.1,3,100,12,Unscaled,Gaussian,cqr,raw,0.5,0.0,3,3.3445327569157413,4.827631204392592,12.999795165700917
0.1,3,100,12,Empirical_copula,Gaussian,cqr,raw,0.5,0.0,1,4.822499529141874,4.827631204325611,14.477761937793094
0.1,3,100,12,Empirical_copula,Gaussian,cqr,raw,0.5,0.0,2,4.281306995889299,5.575158682686152,15.431624361261605
0.1,3,100,12,Empirical_copula,Gaussian,cqr,raw,0.5,0.0,3,3.3445327569157413,3.989466352663797,11.323465462243332
0.1,3,100,13,CQHR,Gaussian,cqr,native,0.5,0.0,1,4.8737789214853535,12.496408183308441,29.866595288102076
0.1,3,100,13,CQHR,Gaussian,cqr,native,0.5,0.0,2,4.376614045535784,18.607504605374206,41.59162325628421
0.1,3,100,13,CQHR,Gaussian,cqr,native,0.5,0.0,3,3.3936988859747608,14.993287936566036,33.38027475910681
0.1,3,100,13,TSCP_R,Gaussian,cqr,capped,0.5,0.0,1,4.8737789214853535,5.160464208730271,15.194707338945888
0.1,3,100,13,TSCP_R,Gaussian,cqr,capped,0.5,0.0,2,4.376614045535784,5.044421793149102,14.465457631834
0.1,3,100,13,TSCP_R,Gaussian,cqr,capped,0.5,0.0,3,3.3936988859747608,4.067154785306413,11.528008456587578
0.1,3,100,13,Unscaled,Gaussian,cqr,raw,0.5,0.0,1,4.8737789214853535,4.831602264986927,14.536983451459216
0.1,3,100,13,Unscaled,Gaussian,cqr,raw,0.5,0.0,2,4.376614045535784,4.831602264986927,14.039818575509626
0.1,3,100,13,Unscaled,Gaussian,cqr,raw,0.5,0.0,3,3.3936988859747608,4.831602264986927,13.056903415948625
0.1,3,100,13,Empirical_copula,Gaussian,cqr,raw,0.5,0.0,1,4.8737789214853535,4.824748611149019,14.523276143783402
0.1,3,100,13,Empirical_copula,Gaussian,cqr,raw,0.5,0.0,2,4.376614045535784,5.022608601098515,14.421831247732813
0.1,3,100,13,Empirical_copula,Gaussian,cqr,raw,0.5,0.0,3,3.3936988859747608,3.4769063195984025,10.347511525171551
0.1,3,100,14,CQHR,Gaussian,cqr,native,0.5,0.0,1,4.70619810339295,18.0040814438611,40.71436099111516
0.1,3,100,14,CQHR,Gaussian,cqr,native,0.5,0.0,2,4.440661898464211,28.68056536600062,61.80179263046543
0.1,3,100,14,CQHR,Gaussian,cqr,native,0.5,0.0,3,3.650732549128461,21.29974684237686,46.250226233882195
0.1,3,100,14,TSCP_R,Gaussian,cqr,capped,0.5,0.0,1,4.70619810339295,6.999174671364941,18.70454744612286
0.1,3,100,14,TSCP_R,Gaussian,cqr,capped,0.5,0.0,2,4.440661898464211,4.4014073532291595,13.243476604922542
0.1,3,100,14,TSCP_R,Gaussian,cqr,capped,0.5,0.0,3,3.650732549128461,3.7142915577318996,11.079315664592256
0.1,3,100,14,Unscaled,Gaussian,cqr,raw,0.5,0.0,1,4.70619810339295,5.185805177491411,15.077808458375767
0.1,3,100,14,Unscaled,Gaussian,cqr,raw,0.5,0.0,2,4.440661898464211,5.185805177491411,14.812272253447032
0.1,3,100,14,Unscaled,Gaussian,cqr,raw,0.5,0.0,3,3.650732549128461,5.185805177491411,14.022342904111285
0.1,3,100,14,Empirical_copula,Gaussian,cqr,raw,0.5,0.0,1,4.70619810339295,5.894231980826825,16.494662065046565
0.1,3,100,14,Empirical_copula,Gaussian,cqr,raw,0.5,0.0,2,4.440661898464211,4.24712773900559,12.934917376475395
0.1,3,100,14,Empirical_copula,Gaussian,cqr,raw,0.5,0.0,3,3.650732549128461,4.089867021399882,11.830466591928227
0.1,3,100,15,CQHR,Gaussian,cqr,native,0.5,0.0,1,4.634047362095153,14.87725873293212,34.38856482795937
0.1,3,100,15,CQHR,Gaussian,cqr,native,0.5,0.0,2,4.340641523008476,22.47918652579844,49.29901457460539
0.1,3,100,15,CQHR,Gaussian,cqr,native,0.5,0.0,3,3.5591358384405893,17.52971213169064,38.61856010182186
0.1,3,100,15,TSCP_R,Gaussian,cqr,capped,0.5,0.0,1,4.634047362095153,5.712831339043827,16.059710040182836
0.1,3,100,15,TSCP_R,Gaussian,cqr,capped,0.5,0.0,2,4.340641523008476,4.783346448847732,13.907334420703938
0.1,3,100,15,TSCP_R,Gaussian,cqr,capped,0.5,0.0,3,3.5591358384405893,3.988188117005471,11.535512072451523
0.1,3,100,15,Unscaled,Gaussian,cqr,raw,0.5,0.0,1,4.634047362095153,4.820397779745566,14.274842921586297
0.1,3,100,15,Unscaled,Gaussian,cqr,raw,0.5,0.0,2,4.340641523008476,4.820397779745566,13.981437082499603
0.1,3,100,15,Unscaled,Gaussian,cqr,raw,0.5,0.0,3,3.5591358384405893,4.820397779745566,13.199931397931717
0.1,3,100,15,Empirical_copula,Gaussian,cqr,raw,0.5,0.0,1,4.634047362095153,5.801547858472269,16.237143079039665
0.1,3,100,15,Empirical_copula,Gaussian,cqr,raw,0.5,0.0,2,4.340641523008476,4.490847811108566,13.322337145225598
0.1,3,100,15,Empirical_copula,Gaussian,cqr,raw,0.5,0.0,3,3.5591358384405893,4.058748892546419,11.67663362353344
0.1,3,100,16,CQHR,Gaussian,cqr,native,0.5,0.0,1,4.82546739489056,13.81299691555813,32.451461226007
0.1,3,100,16,CQHR,Gaussian,cqr,native,0.5,0.0,2,4.6924725285639,22.431688051860128,49.55584863228415
0.1,3,100,16,CQHR,Gaussian,cqr,native,0.5,0.0,3,3.7049860286945804,15.712326962388785,35.12963995347216
0.1,3,100,16,TSCP_R,Gaussian,cqr,capped,0.5,0.0,1,4.82546739489056,5.807252148709095,16.439971692308774
0.1,3,100,16,TSCP_R,Gaussian,cqr,capped,0.5,0.0,2,4.6924725285639,5.499198419083092,15.690869366730112
0.1,3,100,16,TSCP_R,Gaussian,cqr,capped,0.5,0.0,3,3.7049860286945804,3.8305409661963865,11.366067961087339
0.1,3,100,16,Unscaled,Gaussian,cqr,raw,0.5,0.0,1,4.82546739489056,5.562954864445109,15.951377123780778
0.1,3,100,16,Unscaled,Gaussian,cqr,raw,0.5,0.0,2,4.6924725285639,5.562954864445109,15.818382257454111
0.1,3,100,16,Unscaled,Gaussian,cqr,raw,0.5,0.0,3,3.7049860286945804,5.562954864445109,14.830895757584795
0.1,3,100,16,Empirical_copula,Gaussian,cqr,raw,0.5,0.0,1,4.82546739489056,5.780371194093638,16.38620978307783
0.1,3,100,16,Empirical_copula,Gaussian,cqr,raw,0.5,0.0,2,4.6924725285639,4.619262631163082,13.93099779089007
0.1,3,100,16,Empirical_copula,Gaussian,cqr,raw,0.5,0.0,3,3.7049860286945804,3.3467674257099205,10.398520880114425
0.1,3,100,17,CQHR,Gaussian,cqr,native,0.5,0.0,1,4.97450016699893,15.979122322888218,36.93274481277515
0.1,3,100,17,CQHR,Gaussian,cqr,native,0.5,0.0,2,4.493884232458595,55.53228415546608,115.55845254339064
0.1,3,100,17,CQHR,Gaussian,cqr,native,0.5,0.0,3,3.690520040877326,90.4772124932785,184.6449450274342
0.1,3,100,17,TSCP_R,Gaussian,cqr,capped,0.5,0.0,1,4.97450016699893,5.459593706173022,15.893687579344993
0.1,3,100,17,TSCP_R,Gaussian,cqr,capped,0.5,0.0,2,4.493884232458595,4.795659892310064,14.085204017078722
0.1,3,100,17,TSCP_R,Gaussian,cqr,capped,0.5,0.0,3,3.690520040877326,3.7307933320871975,11.152106705051708
0.1,3,100,17,Unscaled,Gaussian,cqr,raw,0.5,0.0,1,4.97450016699893,5.067077397616278,15.10865496223148
0.1,3,100,17,Unscaled,Gaussian,cqr,raw,0.5,0.0,2,4.493884232458595,5.067077397616278,14.628039027691148
0.1,3,100,17,Unscaled,Gaussian,cqr,raw,0.5,0.0,3,3.690520040877326,5.067077397616278,13.824674836109871
0.1,3,100,17,Empirical_copula,Gaussian,cqr,raw,0.5,0.0,1,4.97450016699893,5.3531979976006845,15.680896162200295
0.1,3,100,17,Empirical_copula,Gaussian,cqr,raw,0.5,0.0,2,4.493884232458595,4.44652403630692,13.386932305072433
0.1,3,100,17,Empirical_copula,Gaussian,cqr,raw,0.5,0.0,3,3.690520040877326,3.2141050110084457,10.118730062894214
0.1,3,100,18,CQHR,Gaussian,cqr,native,0.5,0.0,1,4.654400891933313,18.201477828023837,41.057356547980675
0.1,3,100,18,CQHR,Gaussian,cqr,native,0.5,0.0,2,4.198358459745608,22.47720380570386,49.152766071153316
0.1,3,100,18,CQHR,Gaussian,cqr,native,0.5,0.0,3,3.258246510446444,17.420996929193635,38.10024036883375
0.1,3,100,18,TSCP_R,Gaussian,cqr,capped,0.5,0.0,1,4.654400891933313,4.859836071872796,14.374073035678885
0.1,3,100,18,TSCP_R,Gaussian,cqr,capped,0.5,0.0,2,4.198358459745608,4.924271039615118,14.046900538975846
0.1,3,100,18,TSCP_R,Gaussian,cqr,capped,0.5,0.0,3,3.258246510446444,2.8556577901769904,8.969562090800435
0.1,3,100,18,Unscaled,Gaussian,cqr,raw,0.5,0.0,1,4.654400891933313,4.4890458119313745,13.632492515796061
0.1,3,100,18,Unscaled,Gaussian,cqr,raw,0.5,0.0,2,4.198358459745608,4.4890458119313745,13.176450083608358
0.1,3,100,18,Unscaled,Gaussian,cqr,raw,0.5,0.0,3,3.258246510446444,4.4890458119313745,12.236338134309202
0.1,3,100,18,Empirical_copula,Gaussian,cqr,raw,0.5,0.0,1,4.654400891933313,4.836171807577765,14.326744507088833
0.1,3,100,18,Empirical_copula,Gaussian,cqr,raw,0.5,0.0,2,4.198358459745608,4.935321034214649,14.069000528174907
0.1,3,100,18,Empirical_copula,Gaussian,cqr,raw,0.5,0.0,3,3.258246510446444,2.6774580093725935,8.61316252919163
0.1,3,100,19,CQHR,Gaussian,cqr,native,0.5,0.0,1,4.991779203323092,16.557900569956477,38.107580343236066
0.1,3,100,19,CQHR,Gaussian,cqr,native,0.5,0.0,2,4.3879048424452884,18.973549514331122,42.33500387110758
0.1,3,100,19,CQHR,Gaussian,cqr,native,0.5,0.0,3,3.585941849284553,14.320116106249612,32.22617406178378
0.1,3,100,19,TSCP_R,Gaussian,cqr,capped,0.5,0.0,1,4.991779203323092,5.577222954288056,16.146225111899216
0.1,3,100,19,TSCP_R,Gaussian,cqr,capped,0.5,0.0,2,4.3879048424452884,5.798650977980367,15.985206798406013
0.1,3,100,19,TSCP_R,Gaussian,cqr,capped,0.5,0.0,3,3.585941849284553,2.8249662052710374,9.235874259826621
0.1,3,100,19,Unscaled,Gaussian,cqr,raw,0.5,0.0,1,4.991779203323092,5.138184435050451,15.268148073423985
0.1,3,100,19,Unscaled,Gaussian,cqr,raw,0.5,0.0,2,4.3879048424452884,5.138184435050451,14.664273712546214
0.1,3,100,19,Unscaled,Gaussian,cqr,raw,0.5,0.0,3,3.585941849284553,5.138184435050451,13.862310719385448
0.1,3,100,19,Empirical_copula,Gaussian,cqr,raw,0.5,0.0,1,4.991779203323092,5.138184434987284,15.268148073297658
0.1,3,100,19,Empirical_copula,Gaussian,cqr,raw,0.5,0.0,2,4.3879048424452884,5.613220280365173,15.614345403175646
0.1,3,100,19,Empirical_copula,Gaussian,cqr,raw,0.5,0.0,3,3.585941849284553,2.8097870463725236,9.205515942029605
0.1,3,100,20,CQHR,Gaussian,cqr,native,0.5,0.0,1,4.620681299467463,11.05125098288408,26.72318326523556
0.1,3,100,20,CQHR,Gaussian,cqr,native,0.5,0.0,2,4.4331581464209435,14.891779211483477,34.216716569387884
0.1,3,100,20,CQHR,Gaussian,cqr,native,0.5,0.0,3,3.3569102708957614,11.44757515070845,26.25206057231267
0.1,3,100,20,TSCP_R,Gaussian,cqr,capped,0.5,0.0,1,4.620681299467463,5.484554787476183,15.589790874419817
0.1,3,100,20,TSCP_R,Gaussian,cqr,capped,0.5,0.0,2,4.4331581464209435,5.853098210404317,16.13935456722957
0.1,3,100,20,TSCP_R,Gaussian,cqr,capped,0.5,0.0,3,3.3569102708957614,3.116475442890624,9.589861156677001
0.1,3,100,20,Unscaled,Gaussian,cqr,raw,0.5,0.0,1,4.620681299467463,4.8829423643503445,14.386566028168158
0.1,3,100,20,Unscaled,Gaussian,cqr,raw,0.5,0.0,2,4.4331581464209435,4.8829423643503445,14.199042875121634
0.1,3,100,20,Unscaled,Gaussian,cqr,raw,0.5,0.0,3,3.3569102708957614,4.8829423643503445,13.122794999596454
0.1,3,100,20,Empirical_copula,Gaussian,cqr,raw,0.5,0.0,1,4.620681299467463,4.430240859883188,13.481163019233849
0.1,3,100,20,Empirical_copula,Gaussian,cqr,raw,0.5,0.0,2,4.4331581464209435,6.638344439660596,17.709847025742143
0.1,3,100,20,Empirical_copula,Gaussian,cqr,raw,0.5,0.0,3,3.3569102708957614,2.830564852620731,9.018039976137226
0.1,3,100,21,CQHR,Gaussian,cqr,native,0.5,0.0,1,4.707895078732449,11.225386993169897,27.15866906507213
0.1,3,100,21,CQHR,Gaussian,cqr,native,0.5,0.0,2,4.618625651545823,13.702900446883868,32.024426545313574
0.1,3,100,21,CQHR,Gaussian,cqr,native,0.5,0.0,3,3.4100790169064386,9.985148233000452,23.380375482907343
0.1,3,100,21,TSCP_R,Gaussian,cqr,capped,0.5,0.0,1,4.707895078732449,5.203791063253824,15.115477205240097
0.1,3,100,21,TSCP_R,Gaussian,cqr,capped,0.5,0.0,2,4.618625651545823,4.120796290500555,12.86021823254695
0.1,3,100,21,TSCP_R,Gaussian,cqr,capped,0.5,0.0,3,3.4100790169064386,3.042807751454186,9.495694519814805
0.1,3,100,21,Unscaled,Gaussian,cqr,raw,0.5,0.0,1,4.707895078732449,4.11049417352353,12.928883425779505
0.1,3,100,21,Unscaled,Gaussian,cqr,raw,0.5,0.0,2,4.618625651545823,4.11049417352353,12.839613998592894
0.1,3,100,21,Unscaled,Gaussian,cqr,raw,0.5,0.0,3,3.4100790169064386,4.11049417352353,11.631067363953486
0.1,3,100,21,Empirical_copula,Gaussian,cqr,raw,0.5,0.0,1,4.707895078732449,5.398590091630606,15.50507526199365
0.1,3,100,21,Empirical_copula,Gaussian,cqr,raw,0.5,0.0,2,4.618625651545823,4.0902018034466465,12.799029258439141
0.1,3,100,21,Empirical_copula,Gaussian,cqr,raw,0.5,0.0,3,3.4100790169064386,2.496455457450331,8.402989931807095
0.1,3,100,22,CQHR,Gaussian,cqr,native,0.5,0.0,1,4.789002742188546,9.56521749377946,23.919437729747276
0.1,3,100,22,CQHR,Gaussian,cqr,native,0.5,0.0,2,4.298404093495643,12.089561630099087,28.47752735369384
0.1,3,100,22,CQHR,Gaussian,cqr,native,0.5,0.0,3,3.4087432135264737,10.315573286536148,24.039889786598735
0.1,3,100,22,TSCP_R,Gaussian,cqr,capped,0.5,0.0,1,4.789002742188546,8.173118794807007,21.135240331802553
0.1,3,100,22,TSCP_R,Gaussian,cqr,capped,0.5,0.0,2,4.298404093495643,5.1180648611983095,14.534533815892267
0.1,3,100,22,TSCP_R,Gaussian,cqr,capped,0.5,0.0,3,3.4087432135264737,4.7454537247796065,12.89965066308567
0.1,3,100,22,Unscaled,Gaussian,cqr,raw,0.5,0.0,1,4.789002742188546,6.145146961164023,17.079296664516576
0.1,3,100,22,Unscaled,Gaussian,cqr,raw,0.5,0.0,2,4.298404093495643,6.145146961164023,16.58869801582371
0.1,3,100,22,Unscaled,Gaussian,cqr,raw,0.5,0.0,3,3.4087432135264737,6.145146961164023,15.699037135854512
0.1,3,100,22,Empirical_copula,Gaussian,cqr,raw,0.5,0.0,1,4.789002742188546,6.931572752119276,18.65214824642711
0.1,3,100,22,Empirical_copula,Gaussian,cqr,raw,0.5,0.0,2,4.298404093495643,4.235076281183075,12.768556655861811
0.1,3,100,22,Empirical_copula,Gaussian,cqr,raw,0.5,0.0,3,3.4087432135264737,3.9166968730531018,11.242136959632685
0.1,3,100,23,CQHR,Gaussian,cqr,native,0.5,0.0,1,4.760422049315891,13.219926291410959,31.200274632137813
0.1,3,100,23,CQHR,Gaussian,cqr,native,0.5,0.0,2,4.474730607840723,14.945502215061063,34.365735037962835
0.1,3,100,23,CQHR,Gaussian,cqr,native,0.5,0.0,3,3.5620867066189983,11.709292563393154,26.98067183340532
0.1,3,100,23,TSCP_R,Gaussian,cqr,capped,0.5,0.0,1,4.760422049315891,7.598782124629556,19.957986298575
0.1,3,100,23,TSCP_R,Gaussian,cqr,capped,0.5,0.0,2,4.474730607840723,7.964050098612603,20.402830805065932
0.1,3,100,23,TSCP_R,Gaussian,cqr,capped,0.5,0.0,3,3.5620867066189983,4.994697463985782,13.551481634590559
0.1,3,100,23,Unscaled,Gaussian,cqr,raw,0.5,0.0,1,4.760422049315891,7.062156590292148,18.8847352299002
0.1,3,100,23,Unscaled,Gaussian,cqr,raw,0.5,0.0,2,4.474730607840723,7.062156590292148,18.599043788425014
0.1,3,100,23,Unscaled,Gaussian,cqr,raw,0.5,0.0,3,3.5620867066189983,7.062156590292148,17.686399887203287
0.1,3,100,23,Empirical_copula,Gaussian,cqr,raw,0.5,0.0,1,4.760422049315891,7.189590886135726,19.139603821587336
0.1,3,100,23,Empirical_copula,Gaussian,cqr,raw,0.5,0.0,2,4.474730607840723,7.763833908481793,20.00239842480429
0.1,3,100,23,Empirical_copula,Gaussian,cqr,raw,0.5,0.0,3,3.5620867066189983,5.1906980175270085,13.943482741673018
0.1,3,100,24,CQHR,Gaussian,cqr,native,0.5,0.0,1,4.839499211519135,8.703064917860413,22.245629047239685
0.1,3,100,24,CQHR,Gaussian,cqr,native,0.5,0.0,2,4.304844942480085,12.054617913349293,28.41408076917869
0.1,3,100,24,CQHR,Gaussian,cqr,native,0.5,0.0,3,3.3366027547805577,9.422944023146565,22.18249080107368
0.1,3,100,24,TSCP_R,Gaussian,cqr,capped,0.5,0.0,1,4.839499211519135,6.329259552776905,17.498018317072933
0.1,3,100,24,TSCP_R,Gaussian,cqr,capped,0.5,0.0,2,4.304844942480085,6.071515981559703,16.44787690559948
0.1,3,100,24,TSCP_R,Gaussian,cqr,capped,0.5,0.0,3,3.3366027547805577,3.4980659368676617,10.332734628515878
0.1,3,100,24,Unscaled,Gaussian,cqr,raw,0.5,0.0,1,4.839499211519135,5.729473739764344,16.298446691047822
0.1,3,100,24,Unscaled,Gaussian,cqr,raw,0.5,0.0,2,4.304844942480085,5.729473739764344,15.763792422008777
0.1,3,100,24,Unscaled,Gaussian,cqr,raw,0.5,0.0,3,3.3366027547805577,5.729473739764344,14.795550234309257
0.1,3,100,24,Empirical_copula,Gaussian,cqr,raw,0.5,0.0,1,4.839499211519135,5.883618259180306,16.60673572987975
0.1,3,100,24,Empirical_copula,Gaussian,cqr,raw,0.5,0.0,2,4.304844942480085,5.807469113911939,15.919783170303965
0.1,3,100,24,Empirical_copula,Gaussian,cqr,raw,0.5,0.0,3,3.3366027547805577,3.3360576789176584,10.008718112615876
0.1,3,100,25,CQHR,Gaussian,cqr,native,0.5,0.0,1,4.6379296963160215,16.777745496194083,38.19342068870381
0.1,3,100,25,CQHR,Gaussian,cqr,native,0.5,0.0,2,4.5457321507167965,21.64049999054825,47.8267321318133
0.1,3,100,25,CQHR,Gaussian,cqr,native,0.5,0.0,3,3.5043731124325648,16.292712288320992,36.08979768907461
0.1,3,100,25,TSCP_R,Gaussian,cqr,capped,0.5,0.0,1,4.6379296963160215,5.069672320289115,14.777274336894259
0.1,3,100,25,TSCP_R,Gaussian,cqr,capped,0.5,0.0,2,4.5457321507167965,6.943665568666932,18.433063288050654
0.1,3,100,25,TSCP_R,Gaussian,cqr,capped,0.5,0.0,3,3.5043731124325648,3.460723183777256,10.42581947998708
0.1,3,100,25,Unscaled,Gaussian,cqr,raw,0.5,0.0,1,4.6379296963160215,4.7533862248249905,14.144702145966011
0.1,3,100,25,Unscaled,Gaussian,cqr,raw,0.5,0.0,2,4.5457321507167965,4.7533862248249905,14.052504600366783
0.1,3,100,25,Unscaled,Gaussian,cqr,raw,0.5,0.0,3,3.5043731124325648,4.7533862248249905,13.01114556208255
0.1,3,100,25,Empirical_copula,Gaussian,cqr,raw,0.5,0.0,1,4.6379296963160215,5.003925937082091,14.64578157048021
0.1,3,100,25,Empirical_copula,Gaussian,cqr,raw,0.5,0.0,2,4.5457321507167965,5.483827733488617,15.513387617694015
0.1,3,100,25,Empirical_copula,Gaussian,cqr,raw,0.5,0.0,3,3.5043731124325648,3.2813909799236605,10.067155072279888
0.1,3,100,26,CQHR,Gaussian,cqr,native,0.5,0.0,1,4.663458310082112,22.981438343245838,50.626334996573945
0.1,3,100,26,CQHR,Gaussian,cqr,native,0.5,0.0,2,4.381512718096159,32.85770527385872,70.09692326581371
0.1,3,100,26,CQHR,Gaussian,cqr,native,0.5,0.0,3,3.525622171925602,22.915222900780723,49.356067973487036
0.1,3,100,26,TSCP_R,Gaussian,cqr,capped,0.5,0.0,1,4.663458310082112,5.6833035979904665,16.030065506063057
0.1,3,100,26,TSCP_R,Gaussian,cqr,capped,0.5,0.0,2,4.381512718096159,5.036262040035615,14.454036798167387
0.1,3,100,26,TSCP_R,Gaussian,cqr,capped,0.5,0.0,3,3.525622171925602,3.0256714902985604,9.576965152522716
0.1,3,100,26,Unscaled,Gaussian,cqr,raw,0.5,0.0,1,4.663458310082112,4.778915928343646,14.221290166769414
0.1,3,100,26,Unscaled,Gaussian,cqr,raw,0.5,0.0,2,4.381512718096159,4.778915928343646,13.939344574783464
0.1,3,100,26,Unscaled,Gaussian,cqr,raw,0.5,0.0,3,3.525622171925602,4.778915928343646,13.083454028612893
0.1,3,100,26,Empirical_copula,Gaussian,cqr,raw,0.5,0.0,1,4.663458310082112,5.659139725895054,15.981737761872228
0.1,3,100,26,Empirical_copula,Gaussian,cqr,raw,0.5,0.0,2,4.381512718096159,4.682204725154591,13.74592216840536
0.1,3,100,26,Empirical_copula,Gaussian,cqr,raw,0.5,0.0,3,3.525622171925602,2.628600662906589,8.782823497738772
0.1,3,100,27,CQHR,Gaussian,cqr,native,0.5,0.0,1,4.8040512761229195,12.256594617965673,29.3172405120542
0.1,3,100,27,CQHR,Gaussian,cqr,native,0.5,0.0,2,4.367256210172762,18.050697360411885,40.46865093099656
0.1,3,100,27,CQHR,Gaussian,cqr,native,0.5,0.0,3,3.4739622110258823,14.299350934171368,32.072664079368614
0.1,3,100,27,TSCP_R,Gaussian,cqr,capped,0.5,0.0,1,4.8040512761229195,4.575533845336351,13.955118966795624
0.1,3,100,27,TSCP_R,Gaussian,cqr,capped,0.5,0.0,2,4.367256210172762,4.945115267371727,14.25748674491622
0.1,3,100,27,TSCP_R,Gaussian,cqr,capped,0.5,0.0,3,3.4739622110258823,3.74547893605516,10.964920083136207
0.1,3,100,27,Unscaled,Gaussian,cqr,raw,0.5,0.0,1,4.8040512761229195,4.531556833219338,13.867164942561597
0.1,3,100,27,Unscaled,Gaussian,cqr,raw,0.5,0.0,2,4.367256210172762,4.531556833219338,13.43036987661143
0.1,3,100,27,Unscaled,Gaussian,cqr,raw,0.5,0.0,3,3.4739622110258823,4.531556833219338,12.537075877464563
0.1,3,100,27,Empirical_copula,Gaussian,cqr,raw,0.5,0.0,1,4.8040512761229195,4.644083639316261,14.09221855475546
0.1,3,100,27,Empirical_copula,Gaussian,cqr,raw,0.5,0.0,2,4.367256210172762,4.193492252101002,12.75424071437477
0.1,3,100,27,Empirical_copula,Gaussian,cqr,raw,0.5,0.0,3,3.4739622110258823,3.4810326482261433,10.43602750747817
0.1,3,100,28,CQHR,Gaussian,cqr,native,0.5,0.0,1,4.554298246574543,14.45304538532598,33.46038901722665
0.1,3,100,28,CQHR,Gaussian,cqr,native,0.5,0.0,2,4.341968081759042,20.260711223918744,44.863390529596494
0.1,3,100,28,CQHR,Gaussian,cqr,native,0.5,0.0,3,3.3453386768723132,13.875752635931534,31.096843948735362
0.1,3,100,28,TSCP_R,Gaussian,cqr,capped,0.5,0.0,1,4.554298246574543,6.668562962246325,17.891424171067197
0.1,3,100,28,TSCP_R,Gaussian,cqr,capped,0.5,0.0,2,4.341968081759042,5.572094052694026,15.486156187147099
0.1,3,100,28,TSCP_R,Gaussian,cqr,capped,0.5,0.0,3,3.3453386768723132,2.7131527893502163,8.771644255572735
0.1,3,100,28,Unscaled,Gaussian,cqr,raw,0.5,0.0,1,4.554298246574543,5.092138910542179,14.73857606765889
0.1,3,100,28,Unscaled,Gaussian,cqr,raw,0.5,0.0,2,4.341968081759042,5.092138910542179,14.526245902843405
0.1,3,100,28,Unscaled,Gaussian,cqr,raw,0.5,0.0,3,3.3453386768723132,5.092138910542179,13.529616497956686
0.1,3,100,28,Empirical_copula,Gaussian,cqr,raw,0.5,0.0,1,4.554298246574543,5.967688387395075,16.489675021364693
0.1,3,100,28,Empirical_copula,Gaussian,cqr,raw,0.5,0.0,2,4.341968081759042,5.092138910473929,14.526245902706908
0.1,3,100,28,Empirical_copula,Gaussian,cqr,raw,0.5,0.0,3,3.3453386768723132,2.752703897607383,8.850746472087083
0.1,3,100,29,CQHR,Gaussian,cqr,native,0.5,0.0,1,4.680232781210193,11.313506776284152,27.307246333778462
0.1,3,100,29,CQHR,Gaussian,cqr,native,0.5,0.0,2,4.203475677192519,18.584816278784064,41.373108234760664
0.1,3,100,29,CQHR,Gaussian,cqr,native,0.5,0.0,3,3.3986949504807296,11.898553483234847,27.195801916950412
0.1,3,100,29,TSCP_R,Gaussian,cqr,capped,0.5,0.0,1,4.680232781210193,6.058577913512744,16.797388608235675
0.1,3,100,29,TSCP_R,Gaussian,cqr,capped,0.5,0.0,2,4.203475677192519,5.013803778620014,14.23108323443255
0.1,3,100,29,TSCP_R,Gaussian,cqr,capped,0.5,0.0,3,3.3986949504807296,3.649325729584066,10.697346409648866
0.1,3,100,29,Unscaled,Gaussian,cqr,raw,0.5,0.0,1,4.680232781210193,6.022382465799905,16.72499771280998
0.1,3,100,29,Unscaled,Gaussian,cqr,raw,0.5,0.0,2,4.203475677192519,6.022382465799905,16.248240608792337
0.1,3,100,29,Unscaled,Gaussian,cqr,raw,0.5,0.0,3,3.3986949504807296,6.022382465799905,15.443459882080548
0.1,3,100,29,Empirical_copula,Gaussian,cqr,raw,0.5,0.0,1,4.680232781210193,6.412999022318306,17.5062308258468
0.1,3,100,29,Empirical_copula,Gaussian,cqr,raw,0.5,0.0,2,4.203475677192519,5.110248393483964,14.423972464160443
0.1,3,100,29,Empirical_copula,Gaussian,cqr,raw,0.5,0.0,3,3.3986949504807296,1.824588672680445,7.047872295841617
0.1,3,100,30,CQHR,Gaussian,cqr,native,0.5,0.0,1,4.834253509057357,9.996217451309331,24.826688411675875
0.1,3,100,30,CQHR,Gaussian,cqr,native,0.5,0.0,2,4.373280142252331,11.073845053269032,26.52097024879043
0.1,3,100,30,CQHR,Gaussian,cqr,native,0.5,0.0,3,3.4795625479912555,8.109819200163168,19.69920094831758
0.1,3,100,30,TSCP_R,Gaussian,cqr,capped,0.5,0.0,1,4.834253509057357,6.297414076740378,17.42908166253812
0.1,3,100,30,TSCP_R,Gaussian,cqr,capped,0.5,0.0,2,4.373280142252331,7.157954070784797,18.68918828382193
0.1,3,100,30,TSCP_R,Gaussian,cqr,capped,0.5,0.0,3,3.4795625479912555,5.170919636623247,13.821401821237753
0.1,3,100,30,Unscaled,Gaussian,cqr,raw,0.5,0.0,1,4.834253509057357,6.278525083992183,17.391303677041723
0.1,3,100,30,Unscaled,Gaussian,cqr,raw,0.5,0.0,2,4.373280142252331,6.278525083992183,16.930330310236684
0.1,3,100,30,Unscaled,Gaussian,cqr,raw,0.5,0.0,3,3.4795625479912555,6.278525083992183,16.036612715975615
0.1,3,100,30,Empirical_copula,Gaussian,cqr,raw,0.5,0.0,1,4.834253509057357,4.553352009820902,13.94095752869916
0.1,3,100,30,Empirical_copula,Gaussian,cqr,raw,0.5,0.0,2,4.373280142252331,6.362288638421322,17.097857419094986
0.1,3,100,30,Empirical_copula,Gaussian,cqr,raw,0.5,0.0,3,3.4795625479912555,4.238846853239199,11.957256254469655
0.1,3,100,31,CQHR,Gaussian,cqr,native,0.5,0.0,1,4.619590682211289,12.437389314375888,29.494369310963368
0.1,3,100,31,CQHR,Gaussian,cqr,native,0.5,0.0,2,4.530784349453804,20.5618211057489,45.65442656095165
0.1,3,100,31,CQHR,Gaussian,cqr,native,0.5,0.0,3,3.4043765894505738,14.907225567757383,33.21882772496536
0.1,3,100,31,TSCP_R,Gaussian,cqr,capped,0.5,0.0,1,4.619590682211289,5.127832284306664,14.875255250824633
0.1,3,100,31,TSCP_R,Gaussian,cqr,capped,0.5,0.0,2,4.530784349453804,5.511319899869852,15.5534241491935
0.1,3,100,31,TSCP_R,Gaussian,cqr,capped,0.5,0.0,3,3.4043765894505738,3.5576369404230768,10.519650470296721
0.1,3,100,31,Unscaled,Gaussian,cqr,raw,0.5,0.0,1,4.619590682211289,5.069049711416896,14.757690105045087
0.1,3,100,31,Unscaled,Gaussian,cqr,raw,0.5,0.0,2,4.530784349453804,5.069049711416896,14.668883772287602
0.1,3,100,31,Unscaled,Gaussian,cqr,raw,0.5,0.0,3,3.4043765894505738,5.069049711416896,13.542476012284373
0.1,3,100,31,Empirical_copula,Gaussian,cqr,raw,0.5,0.0,1,4.619590682211289,5.556418036996458,15.732426756204203
0.1,3,100,31,Empirical_copula,Gaussian,cqr,raw,0.5,0.0,2,4.530784349453804,5.434915806549634,15.400615962553077
0.1,3,100,31,Empirical_copula,Gaussian,cqr,raw,0.5,0.0,3,3.4043765894505738,3.423038739824765,10.25045406910009
0.1,3,100,32,CQHR,Gaussian,cqr,native,0.5,0.0,1,4.703400991327949,13.632513769650364,31.968428530628763
0.1,3,100,32,CQHR,Gaussian,cqr,native,0.5,0.0,2,4.4103867499137985,17.113724086714058,38.63783492334193
0.1,3,100,32,CQHR,Gaussian,cqr,native,0.5,0.0,3,3.493606647256899,13.913441002897095,31.32048865305109
0.1,3,100,32,TSCP_R,Gaussian,cqr,capped,0.5,0.0,1,4.703400991327949,5.883459141833821,16.470319274995592
0.1,3,100,32,TSCP_R,Gaussian,cqr,capped,0.5,0.0,2,4.4103867499137985,5.472846593605649,15.356079937125077
0.1,3,100,32,TSCP_R,Gaussian,cqr,capped,0.5,0.0,3,3.493606647256899,3.495497569482128,10.48460178622116
0.1,3,100,32,Unscaled,Gaussian,cqr,raw,0.5,0.0,1,4.703400991327949,5.404960322066996,15.513321635461953
0.1,3,100,32,Unscaled,Gaussian,cqr,raw,0.5,0.0,2,4.4103867499137985,5.404960322066996,15.220307394047783
0.1,3,100,32,Unscaled,Gaussian,cqr,raw,0.5,0.0,3,3.493606647256899,5.404960322066996,14.303527291390889
0.1,3,100,32,Empirical_copula,Gaussian,cqr,raw,0.5,0.0,1,4.703400991327949,5.927537400636115,16.558475792600174
0.1,3,100,32,Empirical_copula,Gaussian,cqr,raw,0.5,0.0,2,4.4103867499137985,5.236535717246653,14.883458184407091
0.1,3,100,32,Empirical_copula,Gaussian,cqr,raw,0.5,0.0,3,3.493606647256899,3.246295720375116,9.986198088007132
0.1,3,100,33,CQHR,Gaussian,cqr,native,0.5,0.0,1,4.8574267172643655,9.024900679658524,22.90722807658154
0.1,3,100,33,CQHR,Gaussian,cqr,native,0.5,0.0,2,4.229621081295265,10.96430133839519,26.158223758085622
0.1,3,100,33,CQHR,Gaussian,cqr,native,0.5,0.0,3,3.445510935694951,8.568301676600662,20.582114288896275
0.1,3,100,33,TSCP_R,Gaussian,cqr,capped,0.5,0.0,1,4.8574267172643655,6.24145441698535,17.340335551235057
0.1,3,100,33,TSCP_R,Gaussian,cqr,capped,0.5,0.0,2,4.229621081295265,6.410617559356895,17.050856200009065
0.1,3,100,33,TSCP_R,Gaussian,cqr,capped,0.5,0.0,3,3.445510935694951,4.702943235069264,12.851397405833485
0.1,3,100,33,Unscaled,Gaussian,cqr,raw,0.5,0.0,1,4.8574267172643655,5.758033051031898,16.373492819328163
0.1,3,100,33,Unscaled,Gaussian,cqr,raw,0.5,0.0,2,4.229621081295265,5.758033051031898,15.745687183359063
0.1,3,100,33,Unscaled,Gaussian,cqr,raw,0.5,0.0,3,3.445510935694951,5.758033051031898,14.961577037758753
0.1,3,100,33,Empirical_copula,Gaussian,cqr,raw,0.5,0.0,1,4.8574267172643655,6.215682452644643,17.28879162255366
0.1,3,100,33,Empirical_copula,Gaussian,cqr,raw,0.5,0.0,2,4.229621081295265,5.345439251075726,14.920499583446727
0.1,3,100,33,Empirical_copula,Gaussian,cqr,raw,0.5,0.0,3,3.445510935694951,4.9775995204882335,13.400709976671415
0.1,3,100,34,CQHR,Gaussian,cqr,native,0.5,0.0,1,4.797903964735558,14.96289888238541,34.72370172950651
0.1,3,100,34,CQHR,Gaussian,cqr,native,0.5,0.0,2,4.229116769544561,17.915325443155073,40.059767655854685
0.1,3,100,34,CQHR,Gaussian,cqr,native,0.5,0.0,3,3.256197359301271,12.525033713763442,28.306264786828148
0.1,3,100,34,TSCP_R,Gaussian,cqr,capped,0.5,0.0,1,4.797903964735558,6.105497072106269,17.008898108948102
0.1,3,100,34,TSCP_R,Gaussian,cqr,capped,0.5,0.0,2,4.229116769544561,6.662984352258251,17.555085474061052
0.1,3,100,34,TSCP_R,Gaussian,cqr,capped,0.5,0.0,3,3.256197359301271,4.172033536394495,11.600264432090254
0.1,3,100,34,Unscaled,Gaussian,cqr,raw,0.5,0.0,1,4.797903964735558,5.573391919292046,15.944687803319637
0.1,3,100,34,Unscaled,Gaussian,cqr,raw,0.5,0.0,2,4.229116769544561,5.573391919292046,15.37590060812865
0.1,3,100,34,Unscaled,Gaussian,cqr,raw,0.5,0.0,3,3.256197359301271,5.573391919292046,14.402981197885357
0.1,3,100,34,Empirical_copula,Gaussian,cqr,raw,0.5,0.0,1,4.797903964735558,5.93028209433292,16.658468153401405
0.1,3,100,34,Empirical_copula,Gaussian,cqr,raw,0.5,0.0,2,4.229116769544561,5.086372474759145,14.40186171906285
0.1,3,100,34,Empirical_copula,Gaussian,cqr,raw,0.5,0.0,3,3.256197359301271,4.0303012348967115,11.316799829094691
0.1,3,100,35,CQHR,Gaussian,cqr,native,0.5,0.0,1,4.80566012186406,10.879878849068803,26.565417820001993
0.1,3,100,35,CQHR,Gaussian,cqr,native,0.5,0.0,2,4.417445273415847,20.446837710688992,45.31112069479379
0.1,3,100,35,CQHR,Gaussian,cqr,native,0.5,0.0,3,3.5805223668550714,12.526011472247346,28.63254531134979
0.1,3,100,35,TSCP_R,Gaussian,cqr,capped,0.5,0.0,1,4.80566012186406,5.770798934614671,16.34725799109341
0.1,3,100,35,TSCP_R,Gaussian,cqr,capped,0.5,0.0,2,4.417445273415847,5.887078275574014,16.191601824563865
0.1,3,100,35,TSCP_R,Gaussian,cqr,capped,0.5,0.0,3,3.5805223668550714,4.145578270409013,11.871678907673102
0.1,3,100,35,Unscaled,Gaussian,cqr,raw,0.5,0.0,1,4.80566012186406,5.2508318764475135,15.307323874759083
0.1,3,100,35,Unscaled,Gaussian,cqr,raw,0.5,0.0,2,4.417445273415847,5.2508318764475135,14.919109026310878
0.1,3,100,35,Unscaled,Gaussian,cqr,raw,0.5,0.0,3,3.5805223668550714,5.2508318764475135,14.082186119750103
0.1,3,100,35,Empirical_copula,Gaussian,cqr,raw,0.5,0.0,1,4.80566012186406,4.698909333132004,14.203478788128074
0.1,3,100,35,Empirical_copula,Gaussian,cqr,raw,0.5,0.0,2,4.417445273415847,5.2508318763918105,14.919109026199475
0.1,3,100,35,Empirical_copula,Gaussian,cqr,raw,0.5,0.0,3,3.5805223668550714,4.7343126880788216,13.049147743012723
0.1,3,100,36,CQHR,Gaussian,cqr,native,0.5,0.0,1,4.881849488630825,10.405451269209227,25.69275202704955
0.1,3,100,36,CQHR,Gaussian,cqr,native,0.5,0.0,2,4.309386360707832,11.72639705635525,27.762180473418326
0.1,3,100,36,CQHR,Gaussian,cqr,native,0.5,0.0,3,3.469953626407233,8.944955031372132,21.359863689151517
0.1,3,100,36,TSCP_R,Gaussian,cqr,capped,0.5,0.0,1,4.881849488630825,5.551912702285055,15.98567489320094
0.1,3,100,36,TSCP_R,Gaussian,cqr,capped,0.5,0.0,2,4.309386360707832,5.152623977691635,14.614634316091099
0.1,3,100,36,TSCP_R,Gaussian,cqr,capped,0.5,0.0,3,3.469953626407233,4.065779829850759,11.60151328610874
0.1,3,100,36,Unscaled,Gaussian,cqr,raw,0.5,0.0,1,4.881849488630825,5.019596263630144,14.921042015891123
0.1,3,100,36,Unscaled,Gaussian,cqr,raw,0.5,0.0,2,4.309386360707832,5.019596263630144,14.348578887968111
0.1,3,100,36,Unscaled,Gaussian,cqr,raw,0.5,0.0,3,3.469953626407233,5.019596263630144,13.509146153667526
0.1,3,100,36,Empirical_copula,Gaussian,cqr,raw,0.5,0.0,1,4.881849488630825,5.325145615251783,15.532140719134398
0.1,3,100,36,Empirical_copula,Gaussian,cqr,raw,0.5,0.0,2,4.309386360707832,5.019596263606751,14.34857888792134
0.1,3,100,36,Empirical_copula,Gaussian,cqr,raw,0.5,0.0,3,3.469953626407233,4.009825293549623,11.489604213506471
0.1,3,100,37,CQHR,Gaussian,cqr,native,0.5,0.0,1,4.8010047270021055,12.434827445576708,29.670659618155145
0.1,3,100,37,CQHR,Gaussian,cqr,native,0.5,0.0,2,4.356510088460284,20.69884089340226,45.754191875264745
0.1,3,100,37,CQHR,Gaussian,cqr,native,0.5,0.0,3,3.4402653997810346,13.075625059605544,29.591515518992104
0.1,3,100,37,TSCP_R,Gaussian,cqr,capped,0.5,0.0,1,4.8010047270021055,5.3009795606234595,15.402963848249016
0.1,3,100,37,TSCP_R,Gaussian,cqr,capped,0.5,0.0,2,4.356510088460284,5.229582718026953,14.815675524514184
0.1,3,100,37,TSCP_R,Gaussian,cqr,capped,0.5,0.0,3,3.4402653997810346,3.6317316891851323,10.7037287781513
0.1,3,100,37,Unscaled,Gaussian,cqr,raw,0.5,0.0,1,4.8010047270021055,5.2795999870358346,15.36020470107378
0.1,3,100,37,Unscaled,Gaussian,cqr,raw,0.5,0.0,2,4.356510088460284,5.2795999870358346,14.915710062531952
0.1,3,100,37,Unscaled,Gaussian,cqr,raw,0.5,0.0,3,3.4402653997810346,5.2795999870358346,13.999465373852706
0.1,3,100,37,Empirical_copula,Gaussian,cqr,raw,0.5,0.0,1,4.8010047270021055,5.279599986992163,15.360204700986424
0.1,3,100,37,Empirical_copula,Gaussian,cqr,raw,0.5,0.0,2,4.356510088460284,5.0535713406926135,14.463652769845503
0.1,3,100,37,Empirical_copula,Gaussian,cqr,raw,0.5,0.0,3,3.4402653997810346,2.9442782189934604,9.328821837767954
0.1,3,100,38,CQHR,Gaussian,cqr,native,0.5,0.0,1,4.58728543443375,15.332011283625326,35.25130800168446
0.1,3,100,38,CQHR,Gaussian,cqr,native,0.5,0.0,2,4.553464934426013,26.001363723935846,56.55619238229773
0.1,3,100,38,CQHR,Gaussian,cqr,native,0.5,0.0,3,3.467920184272387,19.108973703392028,41.68586759105639
0.1,3,100,38,TSCP_R,Gaussian,cqr,capped,0.5,0.0,1,4.58728543443375,6.007552678120589,16.602390790674942
0.1,3,100,38,TSCP_R,Gaussian,cqr,capped,0.5,0.0,2,4.553464934426013,5.766004714983036,16.085474364392077
0.1,3,100,38,TSCP_R,Gaussian,cqr,capped,0.5,0.0,3,3.467920184272387,3.8643581522442956,11.196636488760968
0.1,3,100,38,Unscaled,Gaussian,cqr,raw,0.5,0.0,1,4.58728543443375,5.132500880676204,14.852287195786154
0.1,3,100,38,Unscaled,Gaussian,cqr,raw,0.5,0.0,2,4.553464934426013,5.132500880676204,14.818466695778422
0.1,3,100,38,Unscaled,Gaussian,cqr,raw,0.5,0.0,3,3.467920184272387,5.132500880676204,13.732921945624799
0.1,3,100,38,Empirical_copula,Gaussian,cqr,raw,0.5,0.0,1,4.58728543443375,5.368819179050677,15.324923792535095
0.1,3,100,38,Empirical_copula,Gaussian,cqr,raw,0.5,0.0,2,4.553464934426013,5.742530553920389,16.038526042266785
0.1,3,100,38,Empirical_copula,Gaussian,cqr,raw,0.5,0.0,3,3.467920184272387,4.222621011143293,11.91316220655897
0.1,3,100,39,CQHR,Gaussian,cqr,native,0.5,0.0,1,4.701949390301498,9.12850209265219,22.958953575605733
0.1,3,100,39,CQHR,Gaussian,cqr,native,0.5,0.0,2,4.319601531377048,12.482216789059317,29.28403510949572
0.1,3,100,39,CQHR,Gaussian,cqr,native,0.5,0.0,3,3.474953314599821,8.410488165771634,20.29592964614311
0.1,3,100,39,TSCP_R,Gaussian,cqr,capped,0.5,0.0,1,4.701949390301498,5.650335674109126,16.002620738519756
0.1,3,100,39,TSCP_R,Gaussian,cqr,capped,0.5,0.0,2,4.319601531377048,4.793951626510414,13.907504784397883
0.1,3,100,39,TSCP_R,Gaussian,cqr,capped,0.5,0.0,3,3.474953314599821,4.025468950001716,11.525891214603256
0.1,3,100,39,Unscaled,Gaussian,cqr,raw,0.5,0.0,1,4.701949390301498,5.256813095718618,15.21557558173874
0.1,3,100,39,Unscaled,Gaussian,cqr,raw,0.5,0.0,2,4.319601531377048,5.256813095718618,14.83322772281428
0.1,3,100,39,Unscaled,Gaussian,cqr,raw,0.5,0.0,3,3.474953314599821,5.256813095718618,13.988579506037077
0.1,3,100,39,Empirical_copula,Gaussian,cqr,raw,0.5,0.0,1,4.701949390301498,5.29759248970085,15.2971343697032
0.1,3,100,39,Empirical_copula,Gaussian,cqr,raw,0.5,0.0,2,4.319601531377048,4.339943709174133,12.999488949725302
0.1,3,100,39,Empirical_copula,Gaussian,cqr,raw,0.5,0.0,3,3.474953314599821,3.7490220439568205,10.972997402513458
0.1,3,100,40,CQHR,Gaussian,cqr,native,0.5,0.0,1,4.743705756972782,12.982165651776999,30.708037060526845
0.1,3,100,40,CQHR,Gaussian,cqr,native,0.5,0.0,2,4.3144619745091095,17.171863421556683,38.65818881762251
0.1,3,100,40,CQHR,Gaussian,cqr,native,0.5,0.0,3,3.479572788126134,13.21910775118156,29.917788290489238
0.1,3,100,40,TSCP_R,Gaussian,cqr,capped,0.5,0.0,1,4.743705756972782,5.411425928431633,15.566557613836043
0.1,3,100,40,TSCP_R,Gaussian,cqr,capped,0.5,0.0,2,4.3144619745091095,6.941351925351057,18.19716582521124
0.1,3,100,40,TSCP_R,Gaussian,cqr,capped,0.5,0.0,3,3.479572788126134,2.998273861070774,9.476120510267679
0.1,3,100,40,Unscaled,Gaussian,cqr,raw,0.5,0.0,1,4.743705756972782,5.220418463571068,15.184542684114916
0.1,3,100,40,Unscaled,Gaussian,cqr,raw,0.5,0.0,2,4.3144619745091095,5.220418463571068,14.755298901651262
0.1,3,100,40,Unscaled,Gaussian,cqr,raw,0.5,0.0,3,3.479572788126134,5.220418463571068,13.920409715268272
0.1,3,100,40,Empirical_copula,Gaussian,cqr,raw,0.5,0.0,1,4.743705756972782,4.8461906982862555,14.436087153545294
0.1,3,100,40,Empirical_copula,Gaussian,cqr,raw,0.5,0.0,2,4.3144619745091095,5.357118705168951,15.02869938484701
0.1,3,100,40,Empirical_copula,Gaussian,cqr,raw,0.5,0.0,3,3.479572788126134,3.08210508734809,9.643782962822321
0.1,3,100,41,CQHR,Gaussian,cqr,native,0.5,0.0,1,4.7237382659244105,15.661052379995605,36.04584302591585
0.1,3,100,41,CQHR,Gaussian,cqr,native,0.5,0.0,2,4.239975046912981,21.9482607107908,48.13649646849456
0.1,3,100,41,CQHR,Gaussian,cqr,native,0.5,0.0,3,3.275987861241913,15.223988953709506,33.72396576866097
0.1,3,100,41,TSCP_R,Gaussian,cqr,capped,0.5,0.0,1,4.7237382659244105,5.7748737720950185,16.273485810114433
0.1,3,100,41,TSCP_R,Gaussian,cqr,capped,0.5,0.0,2,4.239975046912981,5.218281855555617,14.676538758024225
0.1,3,100,41,TSCP_R,Gaussian,cqr,capped,0.5,0.0,3,3.275987861241913,3.5913300004264923,10.458647862094905
0.1,3,100,41,Unscaled,Gaussian,cqr,raw,0.5,0.0,1,4.7237382659244105,5.391359431528545,15.506457128981507
0.1,3,100,41,Unscaled,Gaussian,cqr,raw,0.5,0.0,2,4.239975046912981,5.391359431528545,15.022693909970078
0.1,3,100,41,Unscaled,Gaussian,cqr,raw,0.5,0.0,3,3.275987861241913,5.391359431528545,14.05870672429901
0.1,3,100,41,Empirical_copula,Gaussian,cqr,raw,0.5,0.0,1,4.7237382659244105,5.427010239030065,15.577758743984557
0.1,3,100,41,Empirical_copula,Gaussian,cqr,raw,0.5,0.0,2,4.239975046912981,4.461742528170017,13.163460103253023
0.1,3,100,41,Empirical_copula,Gaussian,cqr,raw,0.5,0.0,3,3.275987861241913,3.3533251143759255,9.982638089993761
0.1,3,100,42,CQHR,Gaussian,cqr,native,0.5,0.0,1,4.791690668826526,9.807888353070355,24.40746737496701
0.1,3,100,42,CQHR,Gaussian,cqr,native,0.5,0.0,2,4.412850406721472,13.64942722270428,31.71170485212997
0.1,3,100,42,CQHR,Gaussian,cqr,native,0.5,0.0,3,3.5055162439074223,9.859894230691278,23.225304705289975
0.1,3,100,42,TSCP_R,Gaussian,cqr,capped,0.5,0.0,1,4.791690668826526,5.675443518588639,16.142577706003802
0.1,3,100,42,TSCP_R,Gaussian,cqr,capped,0.5,0.0,2,4.412850406721472,5.201421300357897,14.81569300743724
0.1,3,100,42,TSCP_R,Gaussian,cqr,capped,0.5,0.0,3,3.5055162439074223,2.9232424984984293,9.352001240904295
0.1,3,100,42,Unscaled,Gaussian,cqr,raw,0.5,0.0,1,4.791690668826526,4.993426527382543,14.77854372359161
0.1,3,100,42,Unscaled,Gaussian,cqr,raw,0.5,0.0,2,4.412850406721472,4.993426527382543,14.399703461486537
0.1,3,100,42,Unscaled,Gaussian,cqr,raw,0.5,0.0,3,3.5055162439074223,4.993426527382543,13.492369298672514
0.1,3,100,42,Empirical_copula,Gaussian,cqr,raw,0.5,0.0,1,4.791690668826526,5.066291664865734,14.92427399855798
0.1,3,100,42,Empirical_copula,Gaussian,cqr,raw,0.5,0.0,2,4.412850406721472,4.993426527367312,14.399703461456083
0.1,3,100,42,Empirical_copula,Gaussian,cqr,raw,0.5,0.0,3,3.5055162439074223,2.901839608642458,9.309195461192347
0.1,3,100,43,CQHR,Gaussian,cqr,native,0.5,0.0,1,4.780239056699858,8.494891326253606,21.770021709207118
0.1,3,100,43,CQHR,Gaussian,cqr,native,0.5,0.0,2,4.42532692790206,10.164485123221652,24.754297174345343
0.1,3,100,43,CQHR,Gaussian,cqr,native,0.5,0.0,3,3.6003219372361808,8.141562167163384,19.883446271562985
0.1,3,100,43,TSCP_R,Gaussian,cqr,capped,0.5,0.0,1,4.780239056699858,6.523768757374187,17.827776571448247
0.1,3,100,43,TSCP_R,Gaussian,cqr,capped,0.5,0.0,2,4.42532692790206,5.2901714246262355,15.005669777154536
0.1,3,100,43,TSCP_R,Gaussian,cqr,capped,0.5,0.0,3,3.6003219372361808,3.1838005053511673,9.967922947938504
0.1,3,100,43,Unscaled,Gaussian,cqr,raw,0.5,0.0,1,4.780239056699858,5.409494758888219,15.599228574476298
0.1,3,100,43,Unscaled,Gaussian,cqr,raw,0.5,0.0,2,4.42532692790206,5.409494758888219,15.244316445678505
0.1,3,100,43,Unscaled,Gaussian,cqr,raw,0.5,0.0,3,3.6003219372361808,5.409494758888219,14.419311455012622
0.1,3,100,43,Empirical_copula,Gaussian,cqr,raw,0.5,0.0,1,4.780239056699858,6.599188508190629,17.97861607308111
0.1,3,100,43,Empirical_copula,Gaussian,cqr,raw,0.5,0.0,2,4.42532692790206,4.971484809995189,14.368296547892436
0.1,3,100,43,Empirical_copula,Gaussian,cqr,raw,0.5,0.0,3,3.6003219372361808,3.167493787650463,9.935309512537117
0.1,3,100,44,CQHR,Gaussian,cqr,native,0.5,0.0,1,4.624259399373781,26.74579316936252,58.115845738098955
0.1,3,100,44,CQHR,Gaussian,cqr,native,0.5,0.0,2,4.253878098458185,30.105119524931784,64.46411714832172
0.1,3,100,44,CQHR,Gaussian,cqr,native,0.5,0.0,3,3.3849449269198133,23.189054668722225,49.7630542643642
0.1,3,100,44,TSCP_R,Gaussian,cqr,capped,0.5,0.0,1,4.624259399373781,5.36655910476104,15.357377608895874
0.1,3,100,44,TSCP_R,Gaussian,cqr,capped,0.5,0.0,2,4.253878098458185,5.489912843049867,15.233703784557893
0.1,3,100,44,TSCP_R,Gaussian,cqr,capped,0.5,0.0,3,3.3849449269198133,3.4278920810809117,10.240729089081626
0.1,3,100,44,Unscaled,Gaussian,cqr,raw,0.5,0.0,1,4.624259399373781,4.781530394579682,14.187320188533143
0.1,3,100,44,Unscaled,Gaussian,cqr,raw,0.5,0.0,2,4.253878098458185,4.781530394579682,13.816938887617559
0.1,3,100,44,Unscaled,Gaussian,cqr,raw,0.5,0.0,3,3.3849449269198133,4.781530394579682,12.94800571607917
0.1,3,100,44,Empirical_copula,Gaussian,cqr,raw,0.5,0.0,1,4.624259399373781,4.93755221377767,14.499363826929105
0.1,3,100,44,Empirical_copula,Gaussian,cqr,raw,0.5,0.0,2,4.253878098458185,4.3530329828456615,12.959944064149525
0.1,3,100,44,Empirical_copula,Gaussian,cqr,raw,0.5,0.0,3,3.3849449269198133,3.33380381544435,10.052552557808493
0.1,3,100,45,CQHR,Gaussian,cqr,native,0.5,0.0,1,4.987787550085849,12.523855881886432,30.035499313858562
0.1,3,100,45,CQHR,Gaussian,cqr,native,0.5,0.0,2,4.807293037393603,15.509662844199868,35.826618725793296
0.1,3,100,45,CQHR,Gaussian,cqr,native,0.5,0.0,3,3.677781772201809,11.014732061145166,25.707245894492115
0.1,3,100,45,TSCP_R,Gaussian,cqr,capped,0.5,0.0,1,4.987787550085849,3.9104465510555926,12.808680652197044
0.1,3,100,45,TSCP_R,Gaussian,cqr,capped,0.5,0.0,2,4.807293037393603,4.217016723213173,13.241326483819943
0.1,3,100,45,TSCP_R,Gaussian,cqr,capped,0.5,0.0,3,3.677781772201809,2.297849926737113,8.273481625676043
0.1,3,100,45,Unscaled,Gaussian,cqr,raw,0.5,0.0,1,4.987787550085849,3.8990376477704145,12.785862845626676
0.1,3,100,45,Unscaled,Gaussian,cqr,raw,0.5,0.0,2,4.807293037393603,3.8990376477704145,12.605368332934436
0.1,3,100,45,Unscaled,Gaussian,cqr,raw,0.5,0.0,3,3.677781772201809,3.8990376477704145,11.475857067742645
0.1,3,100,45,Empirical_copula,Gaussian,cqr,raw,0.5,0.0,1,4.987787550085849,3.9054205812939307,12.798628712673715
0.1,3,100,45,Empirical_copula,Gaussian,cqr,raw,0.5,0.0,2,4.807293037393603,3.927576943297286,12.662446923988165
0.1,3,100,45,Empirical_copula,Gaussian,cqr,raw,0.5,0.0,3,3.677781772201809,2.154756855434707,7.987295483071219
0.1,3,100,46,CQHR,Gaussian,cqr,native,0.5,0.0,1,4.692088253179951,9.752018012869483,24.196124278918944
0.1,3,100,46,CQHR,Gaussian,cqr,native,0.5,0.0,2,4.334560716945013,13.409291343577753,31.153143404100575
0.1,3,100,46,CQHR,Gaussian,cqr,native,0.5,0.0,3,3.35890395501031,9.349295205286285,22.057494365582844
0.1,3,100,46,TSCP_R,Gaussian,cqr,capped,0.5,0.0,1,4.692088253179951,6.396600406563786,17.485289066307526
0.1,3,100,46,TSCP_R,Gaussian,cqr,capped,0.5,0.0,2,4.334560716945013,3.8886158061373783,12.111792329219762
0.1,3,100,46,TSCP_R,Gaussian,cqr,capped,0.5,0.0,3,3.35890395501031,3.8092393857083495,10.977382726427017
0.1,3,100,46,Unscaled,Gaussian,cqr,raw,0.5,0.0,1,4.692088253179951,5.472149553687766,15.636387360555478
0.1,3,100,46,Unscaled,Gaussian,cqr,raw,0.5,0.0,2,4.334560716945013,5.472149553687766,15.278859824320556
0.1,3,100,46,Unscaled,Gaussian,cqr,raw,0.5,0.0,3,3.35890395501031,5.472149553687766,14.303203062385837
0.1,3,100,46,Empirical_copula,Gaussian,cqr,raw,0.5,0.0,1,4.692088253179951,6.366480052139086,17.425048357458117
0.1,3,100,46,Empirical_copula,Gaussian,cqr,raw,0.5,0.0,2,4.334560716945013,4.092551232130276,12.51966318120557
0.1,3,100,46,Empirical_copula,Gaussian,cqr,raw,0.5,0.0,3,3.35890395501031,2.7875306830632303,8.933965321136768
0.1,3,100,47,CQHR,Gaussian,cqr,native,0.5,0.0,1,4.663088981005799,6.921652129175565,18.506393239357077
0.1,3,100,47,CQHR,Gaussian,cqr,native,0.5,0.0,2,4.53860504048165,9.905259403966559,24.349123848414774
0.1,3,100,47,CQHR,Gaussian,cqr,native,0.5,0.0,3,3.5114579333439457,6.661913657376685,16.835285248097325
0.1,3,100,47,TSCP_R,Gaussian,cqr,capped,0.5,0.0,1,4.663088981005799,6.947970337147368,18.559029655300524
0.1,3,100,47,TSCP_R,Gaussian,cqr,capped,0.5,0.0,2,4.53860504048165,5.4064379548994665,15.351480950280584
0.1,3,100,47,TSCP_R,Gaussian,cqr,capped,0.5,0.0,3,3.5114579333439457,3.059560543980445,9.63057902130484
0.1,3,100,47,Unscaled,Gaussian,cqr,raw,0.5,0.0,1,4.663088981005799,4.728993585606106,14.121076152218015
0.1,3,100,47,Unscaled,Gaussian,cqr,raw,0.5,0.0,2,4.53860504048165,4.728993585606106,13.996592211693857
0.1,3,100,47,Unscaled,Gaussian,cqr,raw,0.5,0.0,3,3.5114579333439457,4.728993585606106,12.969445104556161
0.1,3,100,47,Empirical_copula,Gaussian,cqr,raw,0.5,0.0,1,4.663088981005799,6.8422037548497165,18.34749649070523
0.1,3,100,47,Empirical_copula,Gaussian,cqr,raw,0.5,0.0,2,4.53860504048165,4.657331340329993,13.853267721141638
0.1,3,100,47,Empirical_copula,Gaussian,cqr,raw,0.5,0.0,3,3.5114579333439457,3.0481988242938076,9.607855581931565
0.1,3,100,48,CQHR,Gaussian,cqr,native,0.5,0.0,1,4.928886851881313,11.256980531414285,27.44284791471008
0.1,3,100,48,CQHR,Gaussian,cqr,native,0.5,0.0,2,4.576224066666455,14.579838206029107,33.7359004787247
0.1,3,100,48,CQHR,Gaussian,cqr,native,0.5,0.0,3,3.5680896847918673,10.97597071383682,25.520031112465507
0.1,3,100,48,TSCP_R,Gaussian,cqr,capped,0.5,0.0,1,4.928886851881313,6.0358964999736955,17.000679851828718
0.1,3,100,48,TSCP_R,Gaussian,cqr,capped,0.5,0.0,2,4.576224066666455,5.87840415999075,16.333032386647957
0.1,3,100,48,TSCP_R,Gaussian,cqr,capped,0.5,0.0,3,3.5680896847918673,4.0565711571603895,11.681231999112642
0.1,3,100,48,Unscaled,Gaussian,cqr,raw,0.5,0.0,1,4.928886851881313,5.749083527625458,16.42705390713223
0.1,3,100,48,Unscaled,Gaussian,cqr,raw,0.5,0.0,2,4.576224066666455,5.749083527625458,16.074391121917365
0.1,3,100,48,Unscaled,Gaussian,cqr,raw,0.5,0.0,3,3.5680896847918673,5.749083527625458,15.066256740042796
0.1,3,100,48,Empirical_copula,Gaussian,cqr,raw,0.5,0.0,1,4.928886851881313,6.451755116784685,17.832397085450694
0.1,3,100,48,Empirical_copula,Gaussian,cqr,raw,0.5,0.0,2,4.576224066666455,5.853815612823052,16.283855292312563
0.1,3,100,48,Empirical_copula,Gaussian,cqr,raw,0.5,0.0,3,3.5680896847918673,2.6020770918720366,8.772243868535936
0.1,3,100,49,CQHR,Gaussian,cqr,native,0.5,0.0,1,4.6857836721811115,14.221149233037929,33.128082138256886
0.1,3,100,49,CQHR,Gaussian,cqr,native,0.5,0.0,2,4.390052370489834,29.571690033541316,63.533432437572486
0.1,3,100,49,CQHR,Gaussian,cqr,native,0.5,0.0,3,3.332958646874584,18.16603755647745,39.66503375982952
0.1,3,100,49,TSCP_R,Gaussian,cqr,capped,0.5,0.0,1,4.6857836721811115,4.657090271857595,13.999964215896304
0.1,3,100,49,TSCP_R,Gaussian,cqr,capped,0.5,0.0,2,4.390052370489834,5.4090058640197185,15.208064098529293
0.1,3,100,49,TSCP_R,Gaussian,cqr,capped,0.5,0.0,3,3.332958646874584,2.82683255513179,8.986623757138158
0.1,3,100,49,Unscaled,Gaussian,cqr,raw,0.5,0.0,1,4.6857836721811115,4.699701087567347,14.08518584731581
0.1,3,100,49,Unscaled,Gaussian,cqr,raw,0.5,0.0,2,4.390052370489834,4.699701087567347,13.78945454562455
0.1,3,100,49,Unscaled,Gaussian,cqr,raw,0.5,0.0,3,3.332958646874584,4.699701087567347,12.732360822009285
0.1,3,100,49,Empirical_copula,Gaussian,cqr,raw,0.5,0.0,1,4.6857836721811115,4.629556157217822,13.944895986616773
0.1,3,100,49,Empirical_copula,Gaussian,cqr,raw,0.5,0.0,2,4.390052370489834,5.145214577831098,14.68048152615204
0.1,3,100,49,Empirical_copula,Gaussian,cqr,raw,0.5,0.0,3,3.332958646874584,2.8127882502118737,8.95853514729833
0.1,3,100,50,CQHR,Gaussian,cqr,native,0.5,0.0,1,4.845453650334079,12.685516535990185,30.216486722314162
0.1,3,100,50,CQHR,Gaussian,cqr,native,0.5,0.0,2,4.55714407533797,15.983534852013985,36.52421377936596
0.1,3,100,50,CQHR,Gaussian,cqr,native,0.5,0.0,3,3.592862635755429,12.294298925793742,28.181460487342896
0.1,3,100,50,TSCP_R,Gaussian,cqr,capped,0.5,0.0,1,4.845453650334079,7.752289027365139,20.35003170506436
0.1,3,100,50,TSCP_R,Gaussian,cqr,capped,0.5,0.0,2,4.55714407533797,4.98542448395875,14.527993043255465
0.1,3,100,50,TSCP_R,Gaussian,cqr,capped,0.5,0.0,3,3.592862635755429,3.5416962048567626,10.676255045468963
0.1,3,100,50,Unscaled,Gaussian,cqr,raw,0.5,0.0,1,4.845453650334079,5.8701150147158,16.58568367976569
0.1,3,100,50,Unscaled,Gaussian,cqr,raw,0.5,0.0,2,4.55714407533797,5.8701150147158,16.297374104769585
0.1,3,100,50,Unscaled,Gaussian,cqr,raw,0.5,0.0,3,3.592862635755429,5.8701150147158,15.333092665187042
0.1,3,100,50,Empirical_copula,Gaussian,cqr,raw,0.5,0.0,1,4.845453650334079,7.655037983195648,20.15552961672537
0.1,3,100,50,Empirical_copula,Gaussian,cqr,raw,0.5,0.0,2,4.55714407533797,4.960976169595444,14.479096414528865
0.1,3,100,50,Empirical_copula,Gaussian,cqr,raw,0.5,0.0,3,3.592862635755429,3.4633438134002503,10.51955026255594
0.1,3,100,51,CQHR,Gaussian,cqr,native,0.5,0.0,1,4.816311861014451,9.26248287973795,23.341277620490434
0.1,3,100,51,CQHR,Gaussian,cqr,native,0.5,0.0,2,4.53765422935726,11.805721663387617,28.149097556132485
0.1,3,100,51,CQHR,Gaussian,cqr,native,0.5,0.0,3,3.632686873752175,9.130472986565708,21.89363284688359
0.1,3,100,51,TSCP_R,Gaussian,cqr,capped,0.5,0.0,1,4.816311861014451,5.159057632621334,15.134427126257117
0.1,3,100,51,TSCP_R,Gaussian,cqr,capped,0.5,0.0,2,4.53765422935726,5.941225488057283,16.42010520547183
0.1,3,100,51,TSCP_R,Gaussian,cqr,capped,0.5,0.0,3,3.632686873752175,3.2297333015962764,10.092153476944725
0.1,3,100,51,Unscaled,Gaussian,cqr,raw,0.5,0.0,1,4.816311861014451,4.931338503922089,14.678988868858617
0.1,3,100,51,Unscaled,Gaussian,cqr,raw,0.5,0.0,2,4.53765422935726,4.931338503922089,14.400331237201451
0.1,3,100,51,Unscaled,Gaussian,cqr,raw,0.5,0.0,3,3.632686873752175,4.931338503922089,13.495363881596365
0.1,3,100,51,Empirical_copula,Gaussian,cqr,raw,0.5,0.0,1,4.816311861014451,4.9313385038577024,14.67898886872986
0.1,3,100,51,Empirical_copula,Gaussian,cqr,raw,0.5,0.0,2,4.53765422935726,5.264125105860376,15.06590444107803
0.1,3,100,51,Empirical_copula,Gaussian,cqr,raw,0.5,0.0,3,3.632686873752175,3.2159664700997865,10.064619813951749
0.1,3,100,52,CQHR,Gaussian,cqr,native,0.5,0.0,1,4.729111172076098,15.570464340311606,35.87003985269961
0.1,3,100,52,CQHR,Gaussian,cqr,native,0.5,0.0,2,4.55846184729771,22.860086307713605,50.27863446272487
0.1,3,100,52,CQHR,Gaussian,cqr,native,0.5,0.0,3,3.5131673004283956,16.85866040964103,37.23048811971045
0.1,3,100,52,TSCP_R,Gaussian,cqr,capped,0.5,0.0,1,4.729111172076098,7.1974466199042375,19.124004411884613
0.1,3,100,52,TSCP_R,Gaussian,cqr,capped,0.5,0.0,2,4.55846184729771,6.774925223899915,18.10831229509753
0.1,3,100,52,TSCP_R,Gaussian,cqr,capped,0.5,0.0,3,3.5131673004283956,4.36212790869714,12.237423117822676
0.1,3,100,52,Unscaled,Gaussian,cqr,raw,0.5,0.0,1,4.729111172076098,5.08585069327342,14.900812558622947
0.1,3,100,52,Unscaled,Gaussian,cqr,raw,0.5,0.0,2,4.55846184729771,5.08585069327342,14.73016323384452
0.1,3,100,52,Unscaled,Gaussian,cqr,raw,0.5,0.0,3,3.5131673004283956,5.08585069327342,13.684868686975223
0.1,3,100,52,Empirical_copula,Gaussian,cqr,raw,0.5,0.0,1,4.729111172076098,4.397719856683757,13.524550885443599
0.1,3,100,52,Empirical_copula,Gaussian,cqr,raw,0.5,0.0,2,4.55846184729771,5.782059026468884,16.12257990023546
0.1,3,100,52,Empirical_copula,Gaussian,cqr,raw,0.5,0.0,3,3.5131673004283956,3.4532154571042604,10.419598214636919
0.1,3,100,53,CQHR,Gaussian,cqr,native,0.5,0.0,1,4.640584968204652,10.46761305787982,25.575811083964222
0.1,3,100,53,CQHR,Gaussian,cqr,native,0.5,0.0,2,4.15651945335757,14.08210560332288,32.32073066000339
0.1,3,100,53,CQHR,Gaussian,cqr,native,0.5,0.0,3,3.260193799614072,9.518075332667811,22.296344464949666
0.1,3,100,53,TSCP_R,Gaussian,cqr,capped,0.5,0.0,1,4.640584968204652,6.623357751491825,17.88730047118831
0.1,3,100,53,TSCP_R,Gaussian,cqr,capped,0.5,0.0,2,4.15651945335757,5.933515222461139,16.023549898279843
0.1,3,100,53,TSCP_R,Gaussian,cqr,capped,0.5,0.0,3,3.260193799614072,4.326365948904245,11.912925697422551
0.1,3,100,53,Unscaled,Gaussian,cqr,raw,0.5,0.0,1,4.640584968204652,6.1365226916535285,16.9136303515117
0.1,3,100,53,Unscaled,Gaussian,cqr,raw,0.5,0.0,2,4.15651945335757,6.1365226916535285,16.42956483666463
0.1,3,100,53,Unscaled,Gaussian,cqr,raw,0.5,0.0,3,3.260193799614072,6.1365226916535285,15.53323918292113
0.1,3,100,53,Empirical_copula,Gaussian,cqr,raw,0.5,0.0,1,4.640584968204652,6.588941706797515,17.818468381799708
0.1,3,100,53,Empirical_copula,Gaussian,cqr,raw,0.5,0.0,2,4.15651945335757,5.9072743305537045,15.971068114464966
0.1,3,100,53,Empirical_copula,Gaussian,cqr,raw,0.5,0.0,3,3.260193799614072,3.3440704886329264,9.948334776879927
0.1,3,100,54,CQHR,Gaussian,cqr,native,0.5,0.0,1,4.624222578138676,9.86475063782805,24.35372385379453
0.1,3,100,54,CQHR,Gaussian,cqr,native,0.5,0.0,2,4.361636696215385,16.340535108094347,37.04270691240404
0.1,3,100,54,CQHR,Gaussian,cqr,native,0.5,0.0,3,3.4676985345142053,14.175410309623267,31.81851915376078
0.1,3,100,54,TSCP_R,Gaussian,cqr,capped,0.5,0.0,1,4.624222578138676,5.506471046293939,15.637164670726547
0.1,3,100,54,TSCP_R,Gaussian,cqr,capped,0.5,0.0,2,4.361636696215385,6.035548982114137,16.432734660443632
0.1,3,100,54,TSCP_R,Gaussian,cqr,capped,0.5,0.0,3,3.4676985345142053,4.101758322082612,11.67121517867943
0.1,3,100,54,Unscaled,Gaussian,cqr,raw,0.5,0.0,1,4.624222578138676,4.854330636616304,14.332883851371285
0.1,3,100,54,Unscaled,Gaussian,cqr,raw,0.5,0.0,2,4.361636696215385,4.854330636616304,14.070297969448008
0.1,3,100,54,Unscaled,Gaussian,cqr,raw,0.5,0.0,3,3.4676985345142053,4.854330636616304,13.176359807746806
0.1,3,100,54,Empirical_copula,Gaussian,cqr,raw,0.5,0.0,1,4.624222578138676,4.7263080516865905,14.076838681511862
0.1,3,100,54,Empirical_copula,Gaussian,cqr,raw,0.5,0.0,2,4.361636696215385,6.445624020969937,17.252884738155274
0.1,3,100,54,Empirical_copula,Gaussian,cqr,raw,0.5,0.0,3,3.4676985345142053,4.181902752718656,11.831504039951522
0.1,3,100,55,CQHR,Gaussian,cqr,native,0.5,0.0,1,4.626475882741019,13.645374313235891,31.91722450921261
0.1,3,100,55,CQHR,Gaussian,cqr,native,0.5,0.0,2,4.538302336115797,17.611606150497963,39.76151463711166
0.1,3,100,55,CQHR,Gaussian,cqr,native,0.5,0.0,3,3.4068680092284813,12.084924476899767,27.576716963027998
0.1,3,100,55,TSCP_R,Gaussian,cqr,capped,0.5,0.0,1,4.626475882741019,5.045668486200563,14.717812855142132
0.1,3,100,55,TSCP_R,Gaussian,cqr,capped,0.5,0.0,2,4.538302336115797,6.141649442275343,16.82160122066649
0.1,3,100,55,TSCP_R,Gaussian,cqr,capped,0.5,0.0,3,3.4068680092284813,4.618063163086761,12.642994335401996
0.1,3,100,55,Unscaled,Gaussian,cqr,raw,0.5,0.0,1,4.626475882741019,4.601578356123183,13.829632594987386
0.1,3,100,55,Unscaled,Gaussian,cqr,raw,0.5,0.0,2,4.538302336115797,4.601578356123183,13.741459048362167
0.1,3,100,55,Unscaled,Gaussian,cqr,raw,0.5,0.0,3,3.4068680092284813,4.601578356123183,12.610024721474861
0.1,3,100,55,Empirical_copula,Gaussian,cqr,raw,0.5,0.0,1,4.626475882741019,4.084496179688465,12.79546824211796
0.1,3,100,55,Empirical_copula,Gaussian,cqr,raw,0.5,0.0,2,4.538302336115797,4.6015783561064865,13.741459048328771
0.1,3,100,55,Empirical_copula,Gaussian,cqr,raw,0.5,0.0,3,3.4068680092284813,4.593281530194979,12.593431069618426
0.1,3,100,56,CQHR,Gaussian,cqr,native,0.5,0.0,1,4.865896568887718,9.3635916748059,23.593079918499306
0.1,3,100,56,CQHR,Gaussian,cqr,native,0.5,0.0,2,4.367835185969529,12.236895182764396,28.84162555149832
0.1,3,100,56,CQHR,Gaussian,cqr,native,0.5,0.0,3,3.449684527887818,8.821223373989314,21.09213127586647
0.1,3,100,56,TSCP_R,Gaussian,cqr,capped,0.5,0.0,1,4.865896568887718,5.617662902354713,16.10122237359715
0.1,3,100,56,TSCP_R,Gaussian,cqr,capped,0.5,0.0,2,4.367835185969529,5.34810942109768,15.064054028164886
0.1,3,100,56,TSCP_R,Gaussian,cqr,capped,0.5,0.0,3,3.449684527887818,3.5569025357121804,10.563489599312193
0.1,3,100,56,Unscaled,Gaussian,cqr,raw,0.5,0.0,1,4.865896568887718,4.85010563580095,14.566107840489597
0.1,3,100,56,Unscaled,Gaussian,cqr,raw,0.5,0.0,2,4.367835185969529,4.85010563580095,14.068046457571432
0.1,3,100,56,Unscaled,Gaussian,cqr,raw,0.5,0.0,3,3.449684527887818,4.85010563580095,13.149895799489707
0.1,3,100,56,Empirical_copula,Gaussian,cqr,raw,0.5,0.0,1,4.865896568887718,5.593029571532419,16.051955711952544
0.1,3,100,56,Empirical_copula,Gaussian,cqr,raw,0.5,0.0,2,4.367835185969529,5.284917357477525,14.937669900924602
0.1,3,100,56,Empirical_copula,Gaussian,cqr,raw,0.5,0.0,3,3.449684527887818,3.3694521814889384,10.188588890865688
0.1,3,100,57,CQHR,Gaussian,cqr,native,0.5,0.0,1,4.812888998616729,12.649153622878424,30.11119624437327
0.1,3,100,57,CQHR,Gaussian,cqr,native,0.5,0.0,2,4.453055908738883,17.620171940920443,39.693399790579754
0.1,3,100,57,CQHR,Gaussian,cqr,native,0.5,0.0,3,3.5910749518530776,13.469596121952078,30.5302671957572
0.1,3,100,57,TSCP_R,Gaussian,cqr,capped,0.5,0.0,1,4.812888998616729,6.2928353833994395,17.398559765415616
0.1,3,100,57,TSCP_R,Gaussian,cqr,capped,0.5,0.0,2,4.453055908738883,4.856171308084815,14.165398524908515
0.1,3,100,57,TSCP_R,Gaussian,cqr,capped,0.5,0.0,3,3.5910749518530776,4.523616508446771,12.63830796874663
0.1,3,100,57,Unscaled,Gaussian,cqr,raw,0.5,0.0,1,4.812888998616729,5.383118356011962,15.57912571064065
0.1,3,100,57,Unscaled,Gaussian,cqr,raw,0.5,0.0,2,4.453055908738883,5.383118356011962,15.219292620762804
0.1,3,100,57,Unscaled,Gaussian,cqr,raw,0.5,0.0,3,3.5910749518530776,5.383118356011962,14.357311663876995
0.1,3,100,57,Empirical_copula,Gaussian,cqr,raw,0.5,0.0,1,4.812888998616729,6.271597627342995,17.35608425330272
0.1,3,100,57,Empirical_copula,Gaussian,cqr,raw,0.5,0.0,2,4.453055908738883,5.383118355914892,15.219292620568648
0.1,3,100,57,Empirical_copula,Gaussian,cqr,raw,0.5,0.0,3,3.5910749518530776,3.6886360457498877,10.968347043352868
0.1,3,100,58,CQHR,Gaussian,cqr,native,0.5,0.0,1,4.841534537412664,19.37293132355493,43.58739718452268
0.1,3,100,58,CQHR,Gaussian,cqr,native,0.5,0.0,2,4.385674897541657,22.00485183521354,48.3953785679688
0.1,3,100,58,CQHR,Gaussian,cqr,native,0.5,0.0,3,3.4273659054784154,15.916531076382674,35.26042805824374
0.1,3,100,58,TSCP_R,Gaussian,cqr,capped,0.5,0.0,1,4.841534537412664,6.001144774774481,16.843824086961636
0.1,3,100,58,TSCP_R,Gaussian,cqr,capped,0.5,0.0,2,4.385674897541657,3.8018439663885264,11.989362830318711
0.1,3,100,58,TSCP_R,Gaussian,cqr,capped,0.5,0.0,3,3.4273659054784154,3.242389264699918,9.91214443487825
0.1,3,100,58,Unscaled,Gaussian,cqr,raw,0.5,0.0,1,4.841534537412664,4.982416089473795,14.806366716360262
0.1,3,100,58,Unscaled,Gaussian,cqr,raw,0.5,0.0,2,4.385674897541657,4.982416089473795,14.350507076489242
0.1,3,100,58,Unscaled,Gaussian,cqr,raw,0.5,0.0,3,3.4273659054784154,4.982416089473795,13.392198084426004
0.1,3,100,58,Empirical_copula,Gaussian,cqr,raw,0.5,0.0,1,4.841534537412664,5.766295562350399,16.37412566211347
0.1,3,100,58,Empirical_copula,Gaussian,cqr,raw,0.5,0.0,2,4.385674897541657,3.881230164748704,12.148135227039074
0.1,3,100,58,Empirical_copula,Gaussian,cqr,raw,0.5,0.0,3,3.4273659054784154,2.878529216478144,9.184424338434702
0.1,3,100,59,CQHR,Gaussian,cqr,native,0.5,0.0,1,4.830430131447706,13.467854044186645,31.7661382198213
0.1,3,100,59,CQHR,Gaussian,cqr,native,0.5,0.0,2,4.349587524135725,18.143887004393665,40.63736153292306
0.1,3,100,59,CQHR,Gaussian,cqr,native,0.5,0.0,3,3.4592070882196078,12.57200563470624,28.603218357632088
0.1,3,100,59,TSCP_R,Gaussian,cqr,capped,0.5,0.0,1,4.830430131447706,5.2356631673146765,15.301756466077071
0.1,3,100,59,TSCP_R,Gaussian,cqr,capped,0.5,0.0,2,4.349587524135725,4.759375150681234,13.86833782549819
0.1,3,100,59,TSCP_R,Gaussian,cqr,capped,0.5,0.0,3,3.4592070882196078,4.6479578050154915,12.755122698250595
0.1,3,100,59,Unscaled,Gaussian,cqr,raw,0.5,0.0,1,4.830430131447706,4.626485307395099,14.083400746237915
0.1,3,100,59,Unscaled,Gaussian,cqr,raw,0.5,0.0,2,4.349587524135725,4.626485307395099,13.602558138925916
0.1,3,100,59,Unscaled,Gaussian,cqr,raw,0.5,0.0,3,3.4592070882196078,4.626485307395099,12.712177703009813
0.1,3,100,59,Empirical_copula,Gaussian,cqr,raw,0.5,0.0,1,4.830430131447706,5.479682120250483,15.789794371948695
0.1,3,100,59,Empirical_copula,Gaussian,cqr,raw,0.5,0.0,2,4.349587524135725,4.408909521587744,13.167406567311229
0.1,3,100,59,Empirical_copula,Gaussian,cqr,raw,0.5,0.0,3,3.4592070882196078,4.626485307331933,12.712177702883485
0.1,3,100,60,CQHR,Gaussian,cqr,native,0.5,0.0,1,4.549217434481614,19.365290484438408,43.27979840335808
0.1,3,100,60,CQHR,Gaussian,cqr,native,0.5,0.0,2,4.4435899694599215,35.268393265612474,74.98037650068481
0.1,3,100,60,CQHR,Gaussian,cqr,native,0.5,0.0,3,3.348762616225984,23.458170350771695,50.26510331776941
0.1,3,100,60,TSCP_R,Gaussian,cqr,capped,0.5,0.0,1,4.549217434481614,5.533688868732722,15.616595171947047
0.1,3,100,60,TSCP_R,Gaussian,cqr,capped,0.5,0.0,2,4.4435899694599215,6.152634539419258,16.748859048298428
0.1,3,100,60,TSCP_R,Gaussian,cqr,capped,0.5,0.0,3,3.348762616225984,4.121849720843102,11.592462057912186
0.1,3,100,60,Unscaled,Gaussian,cqr,raw,0.5,0.0,1,4.549217434481614,5.165698241877244,14.880613918236104
0.1,3,100,60,Unscaled,Gaussian,cqr,raw,0.5,0.0,2,4.4435899694599215,5.165698241877244,14.774986453214396
0.1,3,100,60,Unscaled,Gaussian,cqr,raw,0.5,0.0,3,3.348762616225984,5.165698241877244,13.680159099980477
0.1,3,100,60,Empirical_copula,Gaussian,cqr,raw,0.5,0.0,1,4.549217434481614,5.509599410812751,15.568416256107112
0.1,3,100,60,Empirical_copula,Gaussian,cqr,raw,0.5,0.0,2,4.4435899694599215,5.158151113247956,14.759892195955826
0.1,3,100,60,Empirical_copula,Gaussian,cqr,raw,0.5,0.0,3,3.348762616225984,2.9848962297878536,9.31855507580169
0.1,3,100,61,CQHR,Gaussian,cqr,native,0.5,0.0,1,4.84522977929176,12.385386926242,29.61600363177545
0.1,3,100,61,CQHR,Gaussian,cqr,native,0.5,0.0,2,4.598229322795044,15.010104049053089,34.61843742090124
0.1,3,100,61,CQHR,Gaussian,cqr,native,0.5,0.0,3,3.571780948390501,10.394283579190082,24.36034810677065
0.1,3,100,61,TSCP_R,Gaussian,cqr,capped,0.5,0.0,1,4.84522977929176,4.912825333186185,14.670880445664107
0.1,3,100,61,TSCP_R,Gaussian,cqr,capped,0.5,0.0,2,4.598229322795044,5.393928578364845,15.386086479524735
0.1,3,100,61,TSCP_R,Gaussian,cqr,capped,0.5,0.0,3,3.571780948390501,4.01694467576862,11.605670299927723
0.1,3,100,61,Unscaled,Gaussian,cqr,raw,0.5,0.0,1,4.84522977929176,4.873191724951462,14.591613229194696
0.1,3,100,61,Unscaled,Gaussian,cqr,raw,0.5,0.0,2,4.598229322795044,4.873191724951462,14.344612772697971
0.1,3,100,61,Unscaled,Gaussian,cqr,raw,0.5,0.0,3,3.571780948390501,4.873191724951462,13.318164398293412
0.1,3,100,61,Empirical_copula,Gaussian,cqr,raw,0.5,0.0,1,4.84522977929176,4.564854571063215,13.974938921418186
0.1,3,100,61,Empirical_copula,Gaussian,cqr,raw,0.5,0.0,2,4.598229322795044,5.433294235972083,15.464817794739213
0.1,3,100,61,Empirical_copula,Gaussian,cqr,raw,0.5,0.0,3,3.571780948390501,2.8583774822632506,9.288535912917006
0.1,3,100,62,CQHR,Gaussian,cqr,native,0.5,0.0,1,4.403040573122467,9.0830635736214,22.56916772036539
0.1,3,100,62,CQHR,Gaussian,cqr,native,0.5,0.0,2,4.239523695550637,14.925621644124442,34.09076698379951
0.1,3,100,62,CQHR,Gaussian,cqr,native,0.5,0.0,3,3.2449244593196136,10.305590529422135,23.85610551816385
0.1,3,100,62,TSCP_R,Gaussian,cqr,capped,0.5,0.0,1,4.403040573122467,5.902718129031445,16.208476831185337
0.1,3,100,62,TSCP_R,Gaussian,cqr,capped,0.5,0.0,2,4.239523695550637,5.615840504166455,15.471204703883547
0.1,3,100,62,TSCP_R,Gaussian,cqr,capped,0.5,0.0,3,3.2449244593196136,3.975717397526963,11.196359254373542
0.1,3,100,62,Unscaled,Gaussian,cqr,raw,0.5,0.0,1,4.403040573122467,5.071006663548411,14.545053900219306
0.1,3,100,62,Unscaled,Gaussian,cqr,raw,0.5,0.0,2,4.239523695550637,5.071006663548411,14.381537022647475
0.1,3,100,62,Unscaled,Gaussian,cqr,raw,0.5,0.0,3,3.2449244593196136,5.071006663548411,13.386937786416421
0.1,3,100,62,Empirical_copula,Gaussian,cqr,raw,0.5,0.0,1,4.403040573122467,5.310046490677104,15.023133554476681
0.1,3,100,62,Empirical_copula,Gaussian,cqr,raw,0.5,0.0,2,4.239523695550637,5.743416995345729,15.726357686242096
0.1,3,100,62,Empirical_copula,Gaussian,cqr,raw,0.5,0.0,3,3.2449244593196136,3.9616802536629603,11.168284966645516
0.1,3,100,63,CQHR,Gaussian,cqr,native,0.5,0.0,1,4.871611596915931,16.421988244158655,37.715588085233264
0.1,3,100,63,CQHR,Gaussian,cqr,native,0.5,0.0,2,4.525751772424276,22.886333492036606,50.29841875649747
0.1,3,100,63,CQHR,Gaussian,cqr,native,0.5,0.0,3,3.6284284556756394,18.70046583931707,41.02936013430976
0.1,3,100,63,TSCP_R,Gaussian,cqr,capped,0.5,0.0,1,4.871611596915931,5.07911922286329,15.029850042642511
0.1,3,100,63,TSCP_R,Gaussian,cqr,capped,0.5,0.0,2,4.525751772424276,5.298683925209358,15.123119622842996
0.1,3,100,63,TSCP_R,Gaussian,cqr,capped,0.5,0.0,3,3.6284284556756394,2.99962151014246,9.627671475960561
0.1,3,100,63,Unscaled,Gaussian,cqr,raw,0.5,0.0,1,4.871611596915931,4.659031574536921,14.189674745989754
0.1,3,100,63,Unscaled,Gaussian,cqr,raw,0.5,0.0,2,4.525751772424276,4.659031574536921,13.843814921498128
0.1,3,100,63,Unscaled,Gaussian,cqr,raw,0.5,0.0,3,3.6284284556756394,4.659031574536921,12.946491604749497
0.1,3,100,63,Empirical_copula,Gaussian,cqr,raw,0.5,0.0,1,4.871611596915931,4.675318502265273,14.222248601446472
0.1,3,100,63,Empirical_copula,Gaussian,cqr,raw,0.5,0.0,2,4.525751772424276,5.356008062844751,15.23776789811378
0.1,3,100,63,Empirical_copula,Gaussian,cqr,raw,0.5,0.0,3,3.6284284556756394,2.9809857607167185,9.590399977109078
0.1,3,100,64,CQHR,Gaussian,cqr,native,0.5,0.0,1,4.732288440791571,11.270335692652282,27.27295982609633
0.1,3,100,64,CQHR,Gaussian,cqr,native,0.5,0.0,2,4.5539079357677945,16.76763292474129,38.08917378525044
0.1,3,100,64,CQHR,Gaussian,cqr,native,0.5,0.0,3,3.5525120834235047,13.149303219287477,29.85111852199852
0.1,3,100,64,TSCP_R,Gaussian,cqr,capped,0.5,0.0,1,4.732288440791571,6.351586515932419,17.435461472656403
0.1,3,100,64,TSCP_R,Gaussian,cqr,capped,0.5,0.0,2,4.5539079357677945,5.8313902139604075,16.2166883636886
0.1,3,100,64,TSCP_R,Gaussian,cqr,capped,0.5,0.0,3,3.5525120834235047,3.861355166019102,11.275222415461707
0.1,3,100,64,Unscaled,Gaussian,cqr,raw,0.5,0.0,1,4.732288440791571,5.807414880951332,16.34711820269423
0.1,3,100,64,Unscaled,Gaussian,cqr,raw,0.5,0.0,2,4.5539079357677945,5.807414880951332,16.168737697670462
0.1,3,100,64,Unscaled,Gaussian,cqr,raw,0.5,0.0,3,3.5525120834235047,5.807414880951332,15.167341845326176
0.1,3,100,64,Empirical_copula,Gaussian,cqr,raw,0.5,0.0,1,4.732288440791571,6.957714960818006,18.647718362427575
0.1,3,100,64,Empirical_copula,Gaussian,cqr,raw,0.5,0.0,2,4.5539079357677945,5.621526242191614,15.796960420151027
0.1,3,100,64,Empirical_copula,Gaussian,cqr,raw,0.5,0.0,3,3.5525120834235047,4.350194371066557,12.252900825556619
0.1,3,100,65,CQHR,Gaussian,cqr,native,0.5,0.0,1,4.770097166919349,12.526006037601094,29.822109242121332
0.1,3,100,65,CQHR,Gaussian,cqr,native,0.5,0.0,2,4.262077499826013,25.22363837169286,54.709354243211735
0.1,3,100,65,CQHR,Gaussian,cqr,native,0.5,0.0,3,3.5891787664135895,11.998764156580812,27.586707079575252
0.1,3,100,65,TSCP_R,Gaussian,cqr,capped,0.5,0.0,1,4.770097166919349,5.326020985991345,15.422139138902045
0.1,3,100,65,TSCP_R,Gaussian,cqr,capped,0.5,0.0,2,4.262077499826013,6.928481249212008,18.119039998250038
0.1,3,100,65,TSCP_R,Gaussian,cqr,capped,0.5,0.0,3,3.5891787664135895,3.4251849346386702,10.439548635690935
0.1,3,100,65,Unscaled,Gaussian,cqr,raw,0.5,0.0,1,4.770097166919349,5.447906345663498,15.665909858246348
0.1,3,100,65,Unscaled,Gaussian,cqr,raw,0.5,0.0,2,4.262077499826013,5.447906345663498,15.157890191153006
0.1,3,100,65,Unscaled,Gaussian,cqr,raw,0.5,0.0,3,3.5891787664135895,5.447906345663498,14.48499145774058
0.1,3,100,65,Empirical_copula,Gaussian,cqr,raw,0.5,0.0,1,4.770097166919349,5.308189298825543,15.386475764570424
0.1,3,100,65,Empirical_copula,Gaussian,cqr,raw,0.5,0.0,2,4.262077499826013,6.485915622875606,17.233908745577217
0.1,3,100,65,Empirical_copula,Gaussian,cqr,raw,0.5,0.0,3,3.5891787664135895,2.9398532161025157,9.468885198618628
0.1,3,100,66,CQHR,Gaussian,cqr,native,0.5,0.0,1,4.793393266568257,10.940889339867399,26.675171946302758
0.1,3,100,66,CQHR,Gaussian,cqr,native,0.5,0.0,2,4.437924918707024,15.417350622892979,35.27262616449297
0.1,3,100,66,CQHR,Gaussian,cqr,native,0.5,0.0,3,3.593310642268632,10.901056670330624,25.3954239829299
0.1,3,100,66,TSCP_R,Gaussian,cqr,capped,0.5,0.0,1,4.793393266568257,6.510417184851576,17.814227636271397
0.1,3,100,66,TSCP_R,Gaussian,cqr,capped,0.5,0.0,2,4.437924918707024,5.505031529255902,15.447987977218833
0.1,3,100,66,TSCP_R,Gaussian,cqr,capped,0.5,0.0,3,3.593310642268632,2.931764088353824,9.456838818976282
0.1,3,100,66,Unscaled,Gaussian,cqr,raw,0.5,0.0,1,4.793393266568257,5.4783105186193195,15.750014303806893
0.1,3,100,66,Unscaled,Gaussian,cqr,raw,0.5,0.0,2,4.437924918707024,5.4783105186193195,15.39454595594565
0.1,3,100,66,Unscaled,Gaussian,cqr,raw,0.5,0.0,3,3.593310642268632,5.4783105186193195,14.549931679507257
0.1,3,100,66,Empirical_copula,Gaussian,cqr,raw,0.5,0.0,1,4.793393266568257,5.191437086509188,15.17626743958662
0.1,3,100,66,Empirical_copula,Gaussian,cqr,raw,0.5,0.0,2,4.437924918707024,5.527228400521129,15.492381719749291
0.1,3,100,66,Empirical_copula,Gaussian,cqr,raw,0.5,0.0,3,3.593310642268632,2.2718645708860694,8.137039784040768
0.1,3,100,67,CQHR,Gaussian,cqr,native,0.5,0.0,1,4.725359029543186,8.424408183444921,21.574175396432928
0.1,3,100,67,CQHR,Gaussian,cqr,native,0.5,0.0,2,4.363352278430023,12.588190576038377,29.539733430506736
0.1,3,100,67,CQHR,Gaussian,cqr,native,0.5,0.0,3,3.466310884809442,10.098647177025896,23.663605238861265
0.1,3,100,67,TSCP_R,Gaussian,cqr,capped,0.5,0.0,1,4.725359029543186,6.378347309216771,17.48205364797671
0.1,3,100,67,TSCP_R,Gaussian,cqr,capped,0.5,0.0,2,4.363352278430023,5.839206996875372,16.041766272180766
0.1,3,100,67,TSCP_R,Gaussian,cqr,capped,0.5,0.0,3,3.466310884809442,3.2768968164928434,10.020104517795112
0.1,3,100,67,Unscaled,Gaussian,cqr,raw,0.5,0.0,1,4.725359029543186,5.5861302192764155,15.897619468096021
0.1,3,100,67,Unscaled,Gaussian,cqr,raw,0.5,0.0,2,4.363352278430023,5.5861302192764155,15.53561271698285
0.1,3,100,67,Unscaled,Gaussian,cqr,raw,0.5,0.0,3,3.466310884809442,5.5861302192764155,14.638571323362278
0.1,3,100,67,Empirical_copula,Gaussian,cqr,raw,0.5,0.0,1,4.725359029543186,5.9978643202323205,16.72108767000782
0.1,3,100,67,Empirical_copula,Gaussian,cqr,raw,0.5,0.0,2,4.363352278430023,5.818213982508514,15.999780243447045
0.1,3,100,67,Empirical_copula,Gaussian,cqr,raw,0.5,0.0,3,3.466310884809442,2.9577307228325296,9.381772330474512
0.1,3,100,68,CQHR,Gaussian,cqr,native,0.5,0.0,1,4.723900753635678,10.469160797501674,25.662222348638938
0.1,3,100,68,CQHR,Gaussian,cqr,native,0.5,0.0,2,4.403837649132319,15.235555412467038,34.87494847406641
0.1,3,100,68,CQHR,Gaussian,cqr,native,0.5,0.0,3,3.6920133320316957,10.882241437908373,25.45649620784842
0.1,3,100,68,TSCP_R,Gaussian,cqr,capped,0.5,0.0,1,4.723900753635678,4.951201530206074,14.626303814047834
0.1,3,100,68,TSCP_R,Gaussian,cqr,capped,0.5,0.0,2,4.403837649132319,4.887286674069715,14.178410997271742
0.1,3,100,68,TSCP_R,Gaussian,cqr,capped,0.5,0.0,3,3.6920133320316957,3.7065139066545734,11.105041145340852
0.1,3,100,68,Unscaled,Gaussian,cqr,raw,0.5,0.0,1,4.723900753635678,4.591319115096366,13.906538983828398
0.1,3,100,68,Unscaled,Gaussian,cqr,raw,0.5,0.0,2,4.403837649132319,4.591319115096366,13.586475879325054
0.1,3,100,68,Unscaled,Gaussian,cqr,raw,0.5,0.0,3,3.6920133320316957,4.591319115096366,12.874651562224432
0.1,3,100,68,Empirical_copula,Gaussian,cqr,raw,0.5,0.0,1,4.723900753635678,4.591319115083373,13.906538983802436
0.1,3,100,68,Empirical_copula,Gaussian,cqr,raw,0.5,0.0,2,4.403837649132319,4.888059964739494,14.179957578611292
0.1,3,100,68,Empirical_copula,Gaussian,cqr,raw,0.5,0.0,3,3.6920133320316957,3.0831267323245974,9.858266796680882
0.1,3,100,69,CQHR,Gaussian,cqr,native,0.5,0.0,1,4.946116248607774,10.393533071068024,25.733182390743675
0.1,3,100,69,CQHR,Gaussian,cqr,native,0.5,0.0,2,4.589802290512212,12.65672104932059,29.903244389153357
0.1,3,100,69,CQHR,Gaussian,cqr,native,0.5,0.0,3,3.45199751007614,8.843881536090572,21.139760582257303
0.1,3,100,69,TSCP_R,Gaussian,cqr,capped,0.5,0.0,1,4.946116248607774,4.0194695455925125,12.985055339792789
0.1,3,100,69,TSCP_R,Gaussian,cqr,capped,0.5,0.0,2,4.589802290512212,6.077248500271049,16.74429929105431
0.1,3,100,69,TSCP_R,Gaussian,cqr,capped,0.5,0.0,3,3.45199751007614,3.757798464421723,10.96759443891958
0.1,3,100,69,Unscaled,Gaussian,cqr,raw,0.5,0.0,1,4.946116248607774,4.55001992697717,14.046156102562108
0.1,3,100,69,Unscaled,Gaussian,cqr,raw,0.5,0.0,2,4.589802290512212,4.55001992697717,13.689842144466553
0.1,3,100,69,Unscaled,Gaussian,cqr,raw,0.5,0.0,3,3.45199751007614,4.55001992697717,12.552037364030493
0.1,3,100,69,Empirical_copula,Gaussian,cqr,raw,0.5,0.0,1,4.946116248607774,3.998325125986881,12.942766500581525
0.1,3,100,69,Empirical_copula,Gaussian,cqr,raw,0.5,0.0,2,4.589802290512212,5.090716468211344,14.77123522693491
0.1,3,100,69,Empirical_copula,Gaussian,cqr,raw,0.5,0.0,3,3.45199751007614,3.2042315758597653,9.860460661795656
0.1,3,100,70,CQHR,Gaussian,cqr,native,0.5,0.0,1,4.60129308127597,13.940903157997827,32.483099397271324
0.1,3,100,70,CQHR,Gaussian,cqr,native,0.5,0.0,2,4.4757360067938725,18.879559708161874,42.23485542311762
0.1,3,100,70,CQHR,Gaussian,cqr,native,0.5,0.0,3,3.4920099288755817,13.833052272853125,31.15811447458181
0.1,3,100,70,TSCP_R,Gaussian,cqr,capped,0.5,0.0,1,4.60129308127597,5.942440973920107,16.486175029116172
0.1,3,100,70,TSCP_R,Gaussian,cqr,capped,0.5,0.0,2,4.4757360067938725,6.367138035713293,17.210012078220455
0.1,3,100,70,TSCP_R,Gaussian,cqr,capped,0.5,0.0,3,3.4920099288755817,3.313146724325489,10.118303377526555
0.1,3,100,70,Unscaled,Gaussian,cqr,raw,0.5,0.0,1,4.60129308127597,4.852555408089353,14.306403897454677
0.1,3,100,70,Unscaled,Gaussian,cqr,raw,0.5,0.0,2,4.4757360067938725,4.852555408089353,14.180846822972558
0.1,3,100,70,Unscaled,Gaussian,cqr,raw,0.5,0.0,3,3.4920099288755817,4.852555408089353,13.197120745054292
0.1,3,100,70,Empirical_copula,Gaussian,cqr,raw,0.5,0.0,1,4.60129308127597,4.900723778387436,14.402740638050828
0.1,3,100,70,Empirical_copula,Gaussian,cqr,raw,0.5,0.0,2,4.4757360067938725,5.896247114737495,16.26823023626886
0.1,3,100,70,Empirical_copula,Gaussian,cqr,raw,0.5,0.0,3,3.4920099288755817,3.7155589535738693,10.923127836023324
0.1,3,100,71,CQHR,Gaussian,cqr,native,0.5,0.0,1,4.721326465692013,16.7725592070463,38.266444879784906
0.1,3,100,71,CQHR,Gaussian,cqr,native,0.5,0.0,2,4.341368782067207,20.02817890643201,44.39772659493123
0.1,3,100,71,CQHR,Gaussian,cqr,native,0.5,0.0,3,3.5250180242329354,15.054477742028084,33.63397350828906
0.1,3,100,71,TSCP_R,Gaussian,cqr,capped,0.5,0.0,1,4.721326465692013,5.341637537333866,15.404601540359739
0.1,3,100,71,TSCP_R,Gaussian,cqr,capped,0.5,0.0,2,4.341368782067207,5.422337172412838,15.186043126892882
0.1,3,100,71,TSCP_R,Gaussian,cqr,capped,0.5,0.0,3,3.5250180242329354,2.3124707790689984,8.149959582370942
0.1,3,100,71,Unscaled,Gaussian,cqr,raw,0.5,0.0,1,4.721326465692013,4.577882620146994,13.877091705986
0.1,3,100,71,Unscaled,Gaussian,cqr,raw,0.5,0.0,2,4.341368782067207,4.577882620146994,13.497134022361212
0.1,3,100,71,Unscaled,Gaussian,cqr,raw,0.5,0.0,3,3.5250180242329354,4.577882620146994,12.68078326452693
0.1,3,100,71,Empirical_copula,Gaussian,cqr,raw,0.5,0.0,1,4.721326465692013,4.639920156226671,14.00116677814536
0.1,3,100,71,Empirical_copula,Gaussian,cqr,raw,0.5,0.0,2,4.341368782067207,5.394584408239009,15.130537598545216
0.1,3,100,71,Empirical_copula,Gaussian,cqr,raw,0.5,0.0,3,3.5250180242329354,2.161633814515305,7.848285653263539
0.1,3,100,72,CQHR,Gaussian,cqr,native,0.5,0.0,1,4.697591678042173,11.162276528191812,27.022144734425932
0.1,3,100,72,CQHR,Gaussian,cqr,native,0.5,0.0,2,4.4510050101219845,26.527546025088615,57.506097060299155
0.1,3,100,72,CQHR,Gaussian,cqr,native,0.5,0.0,3,3.5844870063369325,18.97704842449802,41.53858385533302
0.1,3,100,72,TSCP_R,Gaussian,cqr,capped,0.5,0.0,1,4.697591678042173,5.759466147054724,16.216523972151606
0.1,3,100,72,TSCP_R,Gaussian,cqr,capped,0.5,0.0,2,4.4510050101219845,5.7789778068580855,16.008960623838163
0.1,3,100,72,TSCP_R,Gaussian,cqr,capped,0.5,0.0,3,3.5844870063369325,4.786539583523335,13.157566173383593
0.1,3,100,72,Unscaled,Gaussian,cqr,raw,0.5,0.0,1,4.697591678042173,5.085430304373673,14.86845228678953
0.1,3,100,72,Unscaled,Gaussian,cqr,raw,0.5,0.0,2,4.4510050101219845,5.085430304373673,14.621865618869318
0.1,3,100,72,Unscaled,Gaussian,cqr,raw,0.5,0.0,3,3.5844870063369325,5.085430304373673,13.755347615084277
0.1,3,100,72,Empirical_copula,Gaussian,cqr,raw,0.5,0.0,1,4.697591678042173,5.137329236085726,14.97225015021363
0.1,3,100,72,Empirical_copula,Gaussian,cqr,raw,0.5,0.0,2,4.4510050101219845,4.483749966191494,13.418504942504976
0.1,3,100,72,Empirical_copula,Gaussian,cqr,raw,0.5,0.0,3,3.5844870063369325,4.7676189952873,13.119724996911543
0.1,3,100,73,CQHR,Gaussian,cqr,native,0.5,0.0,1,4.646021621166397,16.23142737699236,37.10887637515118
0.1,3,100,73,CQHR,Gaussian,cqr,native,0.5,0.0,2,4.2908140829216075,26.18356328437409,56.65794065166984
0.1,3,100,73,CQHR,Gaussian,cqr,native,0.5,0.0,3,3.2274735155581844,17.20003107975085,37.62753567505991
0.1,3,100,73,TSCP_R,Gaussian,cqr,capped,0.5,0.0,1,4.646021621166397,5.554733867299562,15.755489355765537
0.1,3,100,73,TSCP_R,Gaussian,cqr,capped,0.5,0.0,2,4.2908140829216075,5.11886476068822,14.52854360429806
0.1,3,100,73,TSCP_R,Gaussian,cqr,capped,0.5,0.0,3,3.2274735155581844,2.926360138486215,9.08019379253062
0.1,3,100,73,Unscaled,Gaussian,cqr,raw,0.5,0.0,1,4.646021621166397,5.291273561536058,15.228568744238514
0.1,3,100,73,Unscaled,Gaussian,cqr,raw,0.5,0.0,2,4.2908140829216075,5.291273561536058,14.873361205993724
0.1,3,100,73,Unscaled,Gaussian,cqr,raw,0.5,0.0,3,3.2274735155581844,5.291273561536058,13.8100206386303
0.1,3,100,73,Empirical_copula,Gaussian,cqr,raw,0.5,0.0,1,4.646021621166397,5.472929798358262,15.59188121788291
0.1,3,100,73,Empirical_copula,Gaussian,cqr,raw,0.5,0.0,2,4.2908140829216075,5.444838887677275,15.180491858276161
0.1,3,100,73,Empirical_copula,Gaussian,cqr,raw,0.5,0.0,3,3.2274735155581844,2.7162586034758487,8.659990722509885
0.1,3,100,74,CQHR,Gaussian,cqr,native,0.5,0.0,1,4.870362104560569,17.93610175081613,40.742565606192265
0.1,3,100,74,CQHR,Gaussian,cqr,native,0.5,0.0,2,4.416776074871418,23.434157126005708,51.28509032688286
0.1,3,100,74,CQHR,Gaussian,cqr,native,0.5,0.0,3,3.468196185308353,16.248646945344884,35.96549007599809
0.1,3,100,74,TSCP_R,Gaussian,cqr,capped,0.5,0.0,1,4.870362104560569,4.35486372564066,13.580089555841893
0.1,3,100,74,TSCP_R,Gaussian,cqr,capped,0.5,0.0,2,4.416776074871418,4.57735605660136,13.57148818807414
0.1,3,100,74,TSCP_R,Gaussian,cqr,capped,0.5,0.0,3,3.468196185308353,3.141178072669619,9.75055233064757
0.1,3,100,74,Unscaled,Gaussian,cqr,raw,0.5,0.0,1,4.870362104560569,4.330948746490068,13.532259597540708
0.1,3,100,74,Unscaled,Gaussian,cqr,raw,0.5,0.0,2,4.416776074871418,4.330948746490068,13.07867356785156
0.1,3,100,74,Unscaled,Gaussian,cqr,raw,0.5,0.0,3,3.468196185308353,4.330948746490068,12.130093678288471
0.1,3,100,74,Empirical_copula,Gaussian,cqr,raw,0.5,0.0,1,4.870362104560569,4.330948746480651,13.532259597521886
0.1,3,100,74,Empirical_copula,Gaussian,cqr,raw,0.5,0.0,2,4.416776074871418,4.555865851281165,13.528507777433752
0.1,3,100,74,Empirical_copula,Gaussian,cqr,raw,0.5,0.0,3,3.468196185308353,2.841553639482865,9.151303464274081
0.1,3,100,75,CQHR,Gaussian,cqr,native,0.5,0.0,1,4.599535071563394,7.671122972977482,19.941781017518263
0.1,3,100,75,CQHR,Gaussian,cqr,native,0.5,0.0,2,4.668100467994178,11.730722172426425,28.12954481284705
0.1,3,100,75,CQHR,Gaussian,cqr,native,0.5,0.0,3,3.4779717975005564,8.247294272192976,19.97256034188653
0.1,3,100,75,TSCP_R,Gaussian,cqr,capped,0.5,0.0,1,4.599535071563394,5.141059750074631,14.881654571712646
0.1,3,100,75,TSCP_R,Gaussian,cqr,capped,0.5,0.0,2,4.668100467994178,4.363736565423572,13.395573598841317
0.1,3,100,75,TSCP_R,Gaussian,cqr,capped,0.5,0.0,3,3.4779717975005564,2.7651741445643583,9.008320086629277
0.1,3,100,75,Unscaled,Gaussian,cqr,raw,0.5,0.0,1,4.599535071563394,4.403169296171336,13.405873663906071
0.1,3,100,75,Unscaled,Gaussian,cqr,raw,0.5,0.0,2,4.668100467994178,4.403169296171336,13.474439060336845
0.1,3,100,75,Unscaled,Gaussian,cqr,raw,0.5,0.0,3,3.4779717975005564,4.403169296171336,12.284310389843242
0.1,3,100,75,Empirical_copula,Gaussian,cqr,raw,0.5,0.0,1,4.599535071563394,5.215624120940781,15.030783313444957
0.1,3,100,75,Empirical_copula,Gaussian,cqr,raw,0.5,0.0,2,4.668100467994178,4.1603012263142,12.988702920622565
0.1,3,100,75,Empirical_copula,Gaussian,cqr,raw,0.5,0.0,3,3.4779717975005564,2.286914058318949,8.051799914138455
0.1,3,100,76,CQHR,Gaussian,cqr,native,0.5,0.0,1,4.493935645229996,10.955030302453173,26.403996250136103
0.1,3,100,76,CQHR,Gaussian,cqr,native,0.5,0.0,2,4.239585100438927,15.305037409820624,34.84965992008018
0.1,3,100,76,CQHR,Gaussian,cqr,native,0.5,0.0,3,3.269072422695772,11.223742481774,25.716557386243792
0.1,3,100,76,TSCP_R,Gaussian,cqr,capped,0.5,0.0,1,4.493935645229996,6.381369421435066,17.2566744881001
0.1,3,100,76,TSCP_R,Gaussian,cqr,capped,0.5,0.0,2,4.239585100438927,5.013840279742707,14.267265659924341
0.1,3,100,76,TSCP_R,Gaussian,cqr,capped,0.5,0.0,3,3.269072422695772,3.4241457930937456,10.117364008883262
0.1,3,100,76,Unscaled,Gaussian,cqr,raw,0.5,0.0,1,4.493935645229996,4.771491411019441,14.036918467268869
0.1,3,100,76,Unscaled,Gaussian,cqr,raw,0.5,0.0,2,4.239585100438927,4.771491411019441,13.78256792247783
0.1,3,100,76,Unscaled,Gaussian,cqr,raw,0.5,0.0,3,3.269072422695772,4.771491411019441,12.812055244734655
0.1,3,100,76,Empirical_copula,Gaussian,cqr,raw,0.5,0.0,1,4.493935645229996,6.178682268053797,16.851300181337585
0.1,3,100,76,Empirical_copula,Gaussian,cqr,raw,0.5,0.0,2,4.239585100438927,4.050467870899842,12.340520842238591
0.1,3,100,76,Empirical_copula,Gaussian,cqr,raw,0.5,0.0,3,3.269072422695772,3.5435992107362324,10.356270844168234
0.1,3,100,77,CQHR,Gaussian,cqr,native,0.5,0.0,1,4.706924745604525,9.544756391554904,23.796437528714094
0.1,3,100,77,CQHR,Gaussian,cqr,native,0.5,0.0,2,4.731455824398854,12.677898835332451,30.087253495063766
0.1,3,100,77,CQHR,Gaussian,cqr,native,0.5,0.0,3,3.5118833705181447,8.837244026747458,21.186371424013092
0.1,3,100,77,TSCP_R,Gaussian,cqr,capped,0.5,0.0,1,4.706924745604525,6.337733680507071,17.38239210661867
0.1,3,100,77,TSCP_R,Gaussian,cqr,capped,0.5,0.0,2,4.731455824398854,5.903794736213084,16.539045296825012
0.1,3,100,77,TSCP_R,Gaussian,cqr,capped,0.5,0.0,3,3.5118833705181447,3.9811344469448486,11.474152264407847
0.1,3,100,77,Unscaled,Gaussian,cqr,raw,0.5,0.0,1,4.706924745604525,5.7424565732256605,16.191837892055855
0.1,3,100,77,Unscaled,Gaussian,cqr,raw,0.5,0.0,2,4.731455824398854,5.7424565732256605,16.21636897085017
0.1,3,100,77,Unscaled,Gaussian,cqr,raw,0.5,0.0,3,3.5118833705181447,5.7424565732256605,14.996796516969455
0.1,3,100,77,Empirical_copula,Gaussian,cqr,raw,0.5,0.0,1,4.706924745604525,5.55475568156859,15.816436108741728
0.1,3,100,77,Empirical_copula,Gaussian,cqr,raw,0.5,0.0,2,4.731455824398854,5.8770885361610254,16.48563289672091
0.1,3,100,77,Empirical_copula,Gaussian,cqr,raw,0.5,0.0,3,3.5118833705181447,2.784712891528798,9.081309153575743
0.1,3,100,78,CQHR,Gaussian,cqr,native,0.5,0.0,1,4.827688614249774,11.250144778754734,27.327978171759458
0.1,3,100,78,CQHR,Gaussian,cqr,native,0.5,0.0,2,4.639254859959771,27.065302429319914,58.7698597185996
0.1,3,100,78,CQHR,Gaussian,cqr,native,0.5,0.0,3,3.5157061214009104,15.623334018067647,34.76237415753628
0.1,3,100,78,TSCP_R,Gaussian,cqr,capped,0.5,0.0,1,4.827688614249774,5.27464594379709,15.376980501843963
0.1,3,100,78,TSCP_R,Gaussian,cqr,capped,0.5,0.0,2,4.639254859959771,5.699069322087782,16.03739350413533
0.1,3,100,78,TSCP_R,Gaussian,cqr,capped,0.5,0.0,3,3.5157061214009104,3.082250054869505,9.68020623113992
0.1,3,100,78,Unscaled,Gaussian,cqr,raw,0.5,0.0,1,4.827688614249774,4.949899736677108,14.727488087603996
0.1,3,100,78,Unscaled,Gaussian,cqr,raw,0.5,0.0,2,4.639254859959771,4.949899736677108,14.539054333313992
0.1,3,100,78,Unscaled,Gaussian,cqr,raw,0.5,0.0,3,3.5157061214009104,4.949899736677108,13.415505594755121
0.1,3,100,78,Empirical_copula,Gaussian,cqr,raw,0.5,0.0,1,4.827688614249774,4.679497738785308,14.18668409182038
0.1,3,100,78,Empirical_copula,Gaussian,cqr,raw,0.5,0.0,2,4.639254859959771,5.738044076359319,16.115343012678405
0.1,3,100,78,Empirical_copula,Gaussian,cqr,raw,0.5,0.0,3,3.5157061214009104,3.0690268334284356,9.653759788257773
0.1,3,100,79,CQHR,Gaussian,cqr,native,0.5,0.0,1,4.491114027028179,15.467111631342805,35.42533728971374
0.1,3,100,79,CQHR,Gaussian,cqr,native,0.5,0.0,2,4.183984162109596,21.335978628666403,46.855941419442374
0.1,3,100,79,CQHR,Gaussian,cqr,native,0.5,0.0,3,3.2611879236359234,14.770896396874578,32.802980717385076
0.1,3,100,79,TSCP_R,Gaussian,cqr,capped,0.5,0.0,1,4.491114027028179,6.841544513119725,18.174203053267636
0.1,3,100,79,TSCP_R,Gaussian,cqr,capped,0.5,0.0,2,4.183984162109596,5.8947095226797295,15.973403207469033
0.1,3,100,79,TSCP_R,Gaussian,cqr,capped,0.5,0.0,3,3.2611879236359234,3.3378026904272775,9.93679330449048
0.1,3,100,79,Unscaled,Gaussian,cqr,raw,0.5,0.0,1,4.491114027028179,5.869022676498773,16.229159380025727
0.1,3,100,79,Unscaled,Gaussian,cqr,raw,0.5,0.0,2,4.183984162109596,5.869022676498773,15.922029515107136
0.1,3,100,79,Unscaled,Gaussian,cqr,raw,0.5,0.0,3,3.2611879236359234,5.869022676498773,14.999233276633474
0.1,3,100,79,Empirical_copula,Gaussian,cqr,raw,0.5,0.0,1,4.491114027028179,6.985619926613204,18.46235388025458
0.1,3,100,79,Empirical_copula,Gaussian,cqr,raw,0.5,0.0,2,4.183984162109596,6.173084077754775,16.530152317619137
0.1,3,100,79,Empirical_copula,Gaussian,cqr,raw,0.5,0.0,3,3.2611879236359234,2.494294580678085,8.24977708499209
0.1,3,100,80,CQHR,Gaussian,cqr,native,0.5,0.0,1,4.885678408113357,11.977847466644773,28.84137334140316
0.1,3,100,80,CQHR,Gaussian,cqr,native,0.5,0.0,2,4.292828215892808,13.513092605193124,31.319013426279035
0.1,3,100,80,CQHR,Gaussian,cqr,native,0.5,0.0,3,3.355108838688718,10.131294363421432,23.61769756553164
0.1,3,100,80,TSCP_R,Gaussian,cqr,capped,0.5,0.0,1,4.885678408113357,6.356221585306614,17.59812157872658
0.1,3,100,80,TSCP_R,Gaussian,cqr,capped,0.5,0.0,2,4.292828215892808,5.415136328622604,15.123100873138004
0.1,3,100,80,TSCP_R,Gaussian,cqr,capped,0.5,0.0,3,3.355108838688718,2.99937414677456,9.353857132237836
0.1,3,100,80,Unscaled,Gaussian,cqr,raw,0.5,0.0,1,4.885678408113357,4.930361590906355,14.746401589926087
0.1,3,100,80,Unscaled,Gaussian,cqr,raw,0.5,0.0,2,4.292828215892808,4.930361590906355,14.153551397705511
0.1,3,100,80,Unscaled,Gaussian,cqr,raw,0.5,0.0,3,3.355108838688718,4.930361590906355,13.21583202050143
0.1,3,100,80,Empirical_copula,Gaussian,cqr,raw,0.5,0.0,1,4.885678408113357,6.272967248326749,17.431612904766844
0.1,3,100,80,Empirical_copula,Gaussian,cqr,raw,0.5,0.0,2,4.292828215892808,5.0557187228881855,14.404265661669172
0.1,3,100,80,Empirical_copula,Gaussian,cqr,raw,0.5,0.0,3,3.355108838688718,3.3018198173926763,9.95874847347407
0.1,3,100,81,CQHR,Gaussian,cqr,native,0.5,0.0,1,4.710854590815603,13.328922605945138,31.368699802706143
0.1,3,100,81,CQHR,Gaussian,cqr,native,0.5,0.0,2,4.390250720986938,19.546491197732735,43.48323311645234
0.1,3,100,81,CQHR,Gaussian,cqr,native,0.5,0.0,3,3.3225016305210793,13.699724184571378,30.721949999663842
0.1,3,100,81,TSCP_R,Gaussian,cqr,capped,0.5,0.0,1,4.710854590815603,4.7369136131025975,14.18468181702081
0.1,3,100,81,TSCP_R,Gaussian,cqr,capped,0.5,0.0,2,4.390250720986938,4.744596228101845,13.87944317719061
0.1,3,100,81,TSCP_R,Gaussian,cqr,capped,0.5,0.0,3,3.3225016305210793,3.2973381445554604,9.917177919631994
0.1,3,100,81,Unscaled,Gaussian,cqr,raw,0.5,0.0,1,4.710854590815603,4.409050636197687,13.528955863210994
0.1,3,100,81,Unscaled,Gaussian,cqr,raw,0.5,0.0,2,4.390250720986938,4.409050636197687,13.208351993382314
0.1,3,100,81,Unscaled,Gaussian,cqr,raw,0.5,0.0,3,3.3225016305210793,4.409050636197687,12.140602902916452
0.1,3,100,81,Empirical_copula,Gaussian,cqr,raw,0.5,0.0,1,4.710854590815603,5.72414677172311,16.15914813426184
0.1,3,100,81,Empirical_copula,Gaussian,cqr,raw,0.5,0.0,2,4.390250720986938,4.666809517043514,13.723869755073965
0.1,3,100,81,Empirical_copula,Gaussian,cqr,raw,0.5,0.0,3,3.3225016305210793,2.9760300557097743,9.274561741940627
0.1,3,100,82,CQHR,Gaussian,cqr,native,0.5,0.0,1,4.771578205731625,15.79016692059913,36.35191204692986
0.1,3,100,82,CQHR,Gaussian,cqr,native,0.5,0.0,2,4.364127266705996,18.9300137794972,42.224154825700396
0.1,3,100,82,CQHR,Gaussian,cqr,native,0.5,0.0,3,3.473295516110926,14.137276512001105,31.74784854011315
0.1,3,100,82,TSCP_R,Gaussian,cqr,capped,0.5,0.0,1,4.771578205731625,5.553202704285046,15.87798361430173
0.1,3,100,82,TSCP_R,Gaussian,cqr,capped,0.5,0.0,2,4.364127266705996,4.346422981677208,13.0569732300604
0.1,3,100,82,TSCP_R,Gaussian,cqr,capped,0.5,0.0,3,3.473295516110926,4.407616267612889,12.288528051336705
0.1,3,100,82,Unscaled,Gaussian,cqr,raw,0.5,0.0,1,4.771578205731625,5.350757727218632,15.47309366016889
0.1,3,100,82,Unscaled,Gaussian,cqr,raw,0.5,0.0,2,4.364127266705996,5.350757727218632,15.065642721143256
0.1,3,100,82,Unscaled,Gaussian,cqr,raw,0.5,0.0,3,3.473295516110926,5.350757727218632,14.174810970548194
0.1,3,100,82,Empirical_copula,Gaussian,cqr,raw,0.5,0.0,1,4.771578205731625,5.682551817087479,16.136681839906547
0.1,3,100,82,Empirical_copula,Gaussian,cqr,raw,0.5,0.0,2,4.364127266705996,5.452130623780073,15.268388514266128
0.1,3,100,82,Empirical_copula,Gaussian,cqr,raw,0.5,0.0,3,3.473295516110926,3.528610370293764,10.530516256698457
0.1,3,100,83,CQHR,Gaussian,cqr,native,0.5,0.0,1,4.79092015703959,23.027707725018047,50.846335607076206
0.1,3,100,83,CQHR,Gaussian,cqr,native,0.5,0.0,2,4.153422202869162,27.88148555006597,59.91639330300106
0.1,3,100,83,CQHR,Gaussian,cqr,native,0.5,0.0,3,3.3629579027847174,20.560925638623726,44.48480918003215
0.1,3,100,83,TSCP_R,Gaussian,cqr,capped,0.5,0.0,1,4.79092015703959,6.312113080078969,17.415146317197507
0.1,3,100,83,TSCP_R,Gaussian,cqr,capped,0.5,0.0,2,4.153422202869162,5.0969671381331265,14.34735647913542
0.1,3,100,83,TSCP_R,Gaussian,cqr,capped,0.5,0.0,3,3.3629579027847174,2.5455058778551183,8.453969658494957
0.1,3,100,83,Unscaled,Gaussian,cqr,raw,0.5,0.0,1,4.79092015703959,5.788888383114688,16.368696923268956
0.1,3,100,83,Unscaled,Gaussian,cqr,raw,0.5,0.0,2,4.153422202869162,5.788888383114688,15.731198969098541
0.1,3,100,83,Unscaled,Gaussian,cqr,raw,0.5,0.0,3,3.3629579027847174,5.788888383114688,14.940734669014097
0.1,3,100,83,Empirical_copula,Gaussian,cqr,raw,0.5,0.0,1,4.79092015703959,6.601346325395751,17.993612807831084
0.1,3,100,83,Empirical_copula,Gaussian,cqr,raw,0.5,0.0,2,4.153422202869162,5.641948080569907,15.437318364008986
0.1,3,100,83,Empirical_copula,Gaussian,cqr,raw,0.5,0.0,3,3.3629579027847174,2.468258591385535,8.29947508555579
0.1,3,100,84,CQHR,Gaussian,cqr,native,0.5,0.0,1,4.712524414990745,6.905922138743756,18.524368692478127
0.1,3,100,84,CQHR,Gaussian,cqr,native,0.5,0.0,2,4.60197808757796,9.406504372303997,23.41498683218595
0.1,3,100,84,CQHR,Gaussian,cqr,native,0.5,0.0,3,3.624230954503981,7.3722191649584605,18.36866928442091
0.1,3,100,84,TSCP_R,Gaussian,cqr,capped,0.5,0.0,1,4.712524414990745,4.889664944804654,14.491854304600043
0.1,3,100,84,TSCP_R,Gaussian,cqr,capped,0.5,0.0,2,4.60197808757796,5.288703115061846,15.179384317701658
0.1,3,100,84,TSCP_R,Gaussian,cqr,capped,0.5,0.0,3,3.624230954503981,3.191510885959011,10.007252726422006
0.1,3,100,84,Unscaled,Gaussian,cqr,raw,0.5,0.0,1,4.712524414990745,4.586936093961044,13.886396602912837
0.1,3,100,84,Unscaled,Gaussian,cqr,raw,0.5,0.0,2,4.60197808757796,4.586936093961044,13.775850275500064
0.1,3,100,84,Unscaled,Gaussian,cqr,raw,0.5,0.0,3,3.624230954503981,4.586936093961044,12.79810314242607
0.1,3,100,84,Empirical_copula,Gaussian,cqr,raw,0.5,0.0,1,4.712524414990745,4.110808351118072,12.93414111722689
0.1,3,100,84,Empirical_copula,Gaussian,cqr,raw,0.5,0.0,2,4.60197808757796,5.266969676815055,15.135917441208072
0.1,3,100,84,Empirical_copula,Gaussian,cqr,raw,0.5,0.0,3,3.624230954503981,3.166004007280751,9.956238969065492
0.1,3,100,85,CQHR,Gaussian,cqr,native,0.5,0.0,1,4.758239759474637,12.201840497313048,29.161920754100606
0.1,3,100,85,CQHR,Gaussian,cqr,native,0.5,0.0,2,4.197737155359671,14.894641222272464,33.98701959990454
0.1,3,100,85,CQHR,Gaussian,cqr,native,0.5,0.0,3,3.381490181620605,11.362234088593652,26.105958358807932
0.1,3,100,85,TSCP_R,Gaussian,cqr,capped,0.5,0.0,1,4.758239759474637,6.934331191572506,18.626902142619635
0.1,3,100,85,TSCP_R,Gaussian,cqr,capped,0.5,0.0,2,4.197737155359671,5.278549102105147,14.754835359569954
0.1,3,100,85,TSCP_R,Gaussian,cqr,capped,0.5,0.0,3,3.381490181620605,4.103009801270587,11.587509784161762
0.1,3,100,85,Unscaled,Gaussian,cqr,raw,0.5,0.0,1,4.758239759474637,5.317687701940394,15.393615163355419
0.1,3,100,85,Unscaled,Gaussian,cqr,raw,0.5,0.0,2,4.197737155359671,5.317687701940394,14.833112559240462
0.1,3,100,85,Unscaled,Gaussian,cqr,raw,0.5,0.0,3,3.381490181620605,5.317687701940394,14.016865585501385
0.1,3,100,85,Empirical_copula,Gaussian,cqr,raw,0.5,0.0,1,4.758239759474637,6.483952801388774,17.726145362252186
0.1,3,100,85,Empirical_copula,Gaussian,cqr,raw,0.5,0.0,2,4.197737155359671,5.08712028146415,14.371977718287978
0.1,3,100,85,Empirical_copula,Gaussian,cqr,raw,0.5,0.0,3,3.381490181620605,3.407942968951655,10.197376119523911
0.1,3,100,86,CQHR,Gaussian,cqr,native,0.5,0.0,1,4.837805593616852,14.220963459388345,33.27973251239374
0.1,3,100,86,CQHR,Gaussian,cqr,native,0.5,0.0,2,4.182554182189958,19.506752011286917,43.19605820476381
0.1,3,100,86,CQHR,Gaussian,cqr,native,0.5,0.0,3,3.3389737949526137,13.028791507240069,29.396556809432763
0.1,3,100,86,TSCP_R,Gaussian,cqr,capped,0.5,0.0,1,4.837805593616852,5.236645074769923,15.311095743156686
0.1,3,100,86,TSCP_R,Gaussian,cqr,capped,0.5,0.0,2,4.182554182189958,4.076131773386217,12.334817728962399
0.1,3,100,86,TSCP_R,Gaussian,cqr,capped,0.5,0.0,3,3.3389737949526137,2.737573582981163,8.814120960914947
0.1,3,100,86,Unscaled,Gaussian,cqr,raw,0.5,0.0,1,4.837805593616852,4.439391059974233,13.716587713565326
0.1,3,100,86,Unscaled,Gaussian,cqr,raw,0.5,0.0,2,4.182554182189958,4.439391059974233,13.06133630213842
0.1,3,100,86,Unscaled,Gaussian,cqr,raw,0.5,0.0,3,3.3389737949526137,4.439391059974233,12.217755914901065
0.1,3,100,86,Empirical_copula,Gaussian,cqr,raw,0.5,0.0,1,4.837805593616852,5.203654910617699,15.245115414852238
0.1,3,100,86,Empirical_copula,Gaussian,cqr,raw,0.5,0.0,2,4.182554182189958,3.9422470134692436,12.067048209128451
0.1,3,100,86,Empirical_copula,Gaussian,cqr,raw,0.5,0.0,3,3.3389737949526137,2.384568017958483,8.10810983086957
0.1,3,100,87,CQHR,Gaussian,cqr,native,0.5,0.0,1,4.846121693997618,14.09913419243933,33.044390078876546
0.1,3,100,87,CQHR,Gaussian,cqr,native,0.5,0.0,2,4.277869033854288,19.11569215922285,42.509253352299964
0.1,3,100,87,CQHR,Gaussian,cqr,native,0.5,0.0,3,3.3318361096302094,17.347388945591433,38.026614000813105
0.1,3,100,87,TSCP_R,Gaussian,cqr,capped,0.5,0.0,1,4.846121693997618,7.880990606180824,20.60810290635926
0.1,3,100,87,TSCP_R,Gaussian,cqr,capped,0.5,0.0,2,4.277869033854288,5.996030689840969,16.269930413536226
0.1,3,100,87,TSCP_R,Gaussian,cqr,capped,0.5,0.0,3,3.3318361096302094,4.475745667774394,12.283327445178996
0.1,3,100,87,Unscaled,Gaussian,cqr,raw,0.5,0.0,1,4.846121693997618,5.295620563986133,15.437362821969874
0.1,3,100,87,Unscaled,Gaussian,cqr,raw,0.5,0.0,2,4.277869033854288,5.295620563986133,14.869110161826551
0.1,3,100,87,Unscaled,Gaussian,cqr,raw,0.5,0.0,3,3.3318361096302094,5.295620563986133,13.923077237602486
0.1,3,100,87,Empirical_copula,Gaussian,cqr,raw,0.5,0.0,1,4.846121693997618,7.846178065482388,20.538477824962367
0.1,3,100,87,Empirical_copula,Gaussian,cqr,raw,0.5,0.0,2,4.277869033854288,5.295620563936028,14.869110161726352
0.1,3,100,87,Empirical_copula,Gaussian,cqr,raw,0.5,0.0,3,3.3318361096302094,3.957250427277211,11.24633696418462
0.1,3,100,88,CQHR,Gaussian,cqr,native,0.5,0.0,1,4.694874182042341,13.199319887738788,31.09351395751979
0.1,3,100,88,CQHR,Gaussian,cqr,native,0.5,0.0,2,4.45304946620348,19.056493408990818,42.56603628418513
0.1,3,100,88,CQHR,Gaussian,cqr,native,0.5,0.0,3,3.598030759462096,16.40752969962772,36.4130901587175
0.1,3,100,88,TSCP_R,Gaussian,cqr,capped,0.5,0.0,1,4.694874182042341,6.895226051179998,18.48532628440233
0.1,3,100,88,TSCP_R,Gaussian,cqr,capped,0.5,0.0,2,4.45304946620348,5.620109088688584,15.693267643580645
0.1,3,100,88,TSCP_R,Gaussian,cqr,capped,0.5,0.0,3,3.598030759462096,3.77541262844253,11.148856016347164
0.1,3,100,88,Unscaled,Gaussian,cqr,raw,0.5,0.0,1,4.694874182042341,5.330590336020137,15.356054854082613
0.1,3,100,88,Unscaled,Gaussian,cqr,raw,0.5,0.0,2,4.45304946620348,5.330590336020137,15.114230138243736
0.1,3,100,88,Unscaled,Gaussian,cqr,raw,0.5,0.0,3,3.598030759462096,5.330590336020137,14.25921143150236
0.1,3,100,88,Empirical_copula,Gaussian,cqr,raw,0.5,0.0,1,4.694874182042341,5.8655105949543085,16.42589537195097
0.1,3,100,88,Empirical_copula,Gaussian,cqr,raw,0.5,0.0,2,4.45304946620348,4.675487384535449,13.80402423527437
0.1,3,100,88,Empirical_copula,Gaussian,cqr,raw,0.5,0.0,3,3.598030759462096,3.8648002656444653,11.327631290751015
0.1,3,100,89,CQHR,Gaussian,cqr,native,0.5,0.0,1,4.653771055078505,12.713556206312155,30.080883467702595
0.1,3,100,89,CQHR,Gaussian,cqr,native,0.5,0.0,2,4.2304167780892215,16.000651235845186,36.23171924977955
0.1,3,100,89,CQHR,Gaussian,cqr,native,0.5,0.0,3,3.280833839480099,11.232160778698079,25.74515539687626
0.1,3,100,89,TSCP_R,Gaussian,cqr,capped,0.5,0.0,1,4.653771055078505,6.3404673320667335,17.334705719211993
0.1,3,100,89,TSCP_R,Gaussian,cqr,capped,0.5,0.0,2,4.2304167780892215,4.162452182998618,12.555321144086461
0.1,3,100,89,TSCP_R,Gaussian,cqr,capped,0.5,0.0,3,3.280833839480099,2.636601198436837,8.554036236353776
0.1,3,100,89,Unscaled,Gaussian,cqr,raw,0.5,0.0,1,4.653771055078505,5.116209707997871,14.886190471074245
0.1,3,100,89,Unscaled,Gaussian,cqr,raw,0.5,0.0,2,4.2304167780892215,5.116209707997871,14.462836194084957
0.1,3,100,89,Unscaled,Gaussian,cqr,raw,0.5,0.0,3,3.280833839480099,5.116209707997871,13.513253255475837
0.1,3,100,89,Empirical_copula,Gaussian,cqr,raw,0.5,0.0,1,4.653771055078505,5.755901252755132,16.165573560588783
0.1,3,100,89,Empirical_copula,Gaussian,cqr,raw,0.5,0.0,2,4.2304167780892215,4.40477296238994,13.0399627028691
0.1,3,100,89,Empirical_copula,Gaussian,cqr,raw,0.5,0.0,3,3.280833839480099,2.280098830330122,7.8410315001403506
0.1,3,100,90,CQHR,Gaussian,cqr,native,0.5,0.0,1,4.983468444282274,8.90232440352492,22.788117251332046
0.1,3,100,90,CQHR,Gaussian,cqr,native,0.5,0.0,2,4.667376097825495,14.013550945053924,32.69447798793333
0.1,3,100,90,CQHR,Gaussian,cqr,native,0.5,0.0,3,3.4881633853151652,15.113280720659846,33.71472482663488
0.1,3,100,90,TSCP_R,Gaussian,cqr,capped,0.5,0.0,1,4.983468444282274,4.358863154609037,13.701194753500346
0.1,3,100,90,TSCP_R,Gaussian,cqr,capped,0.5,0.0,2,4.667376097825495,4.263071212592217,13.193518523009928
0.1,3,100,90,TSCP_R,Gaussian,cqr,capped,0.5,0.0,3,3.4881633853151652,2.922681161010899,9.333525707336968
0.1,3,100,90,Unscaled,Gaussian,cqr,raw,0.5,0.0,1,4.983468444282274,4.082676927139112,13.148822298560509
0.1,3,100,90,Unscaled,Gaussian,cqr,raw,0.5,0.0,2,4.667376097825495,4.082676927139112,12.832729952103726
0.1,3,100,90,Unscaled,Gaussian,cqr,raw,0.5,0.0,3,3.4881633853151652,4.082676927139112,11.653517239593397
0.1,3,100,90,Empirical_copula,Gaussian,cqr,raw,0.5,0.0,1,4.983468444282274,4.910148183073353,14.803764810428984
0.1,3,100,90,Empirical_copula,Gaussian,cqr,raw,0.5,0.0,2,4.667376097825495,4.082676927123881,12.832729952073246
0.1,3,100,90,Empirical_copula,Gaussian,cqr,raw,0.5,0.0,3,3.4881633853151652,2.8876359211901157,9.263435227695394
0.1,3,100,91,CQHR,Gaussian,cqr,native,0.5,0.0,1,4.765267291189783,12.492881829299225,29.75103094978829
0.1,3,100,91,CQHR,Gaussian,cqr,native,0.5,0.0,2,4.652082827367119,19.69681647251651,44.045715772400115
0.1,3,100,91,CQHR,Gaussian,cqr,native,0.5,0.0,3,3.5036486048986446,12.455513770345762,28.414676145590196
0.1,3,100,91,TSCP_R,Gaussian,cqr,capped,0.5,0.0,1,4.765267291189783,5.283050359816901,15.331368010823587
0.1,3,100,91,TSCP_R,Gaussian,cqr,capped,0.5,0.0,2,4.652082827367119,4.366209009478036,13.384500846323172
0.1,3,100,91,TSCP_R,Gaussian,cqr,capped,0.5,0.0,3,3.5036486048986446,3.676906176712117,10.857460958322882
0.1,3,100,91,Unscaled,Gaussian,cqr,raw,0.5,0.0,1,4.765267291189783,4.420116110167551,13.605499511524869
0.1,3,100,91,Unscaled,Gaussian,cqr,raw,0.5,0.0,2,4.652082827367119,4.420116110167551,13.492315047702217
0.1,3,100,91,Unscaled,Gaussian,cqr,raw,0.5,0.0,3,3.5036486048986446,4.420116110167551,12.343880825233729
0.1,3,100,91,Empirical_copula,Gaussian,cqr,raw,0.5,0.0,1,4.765267291189783,5.2494756870654165,15.264218665320607
0.1,3,100,91,Empirical_copula,Gaussian,cqr,raw,0.5,0.0,2,4.652082827367119,3.661772988915783,11.975628805198667
0.1,3,100,91,Empirical_copula,Gaussian,cqr,raw,0.5,0.0,3,3.5036486048986446,3.146135462312774,9.795919529524186
0.1,3,100,92,CQHR,Gaussian,cqr,native,0.5,0.0,1,4.682146215004884,9.722636540546779,24.12741929609852
0.1,3,100,92,CQHR,Gaussian,cqr,native,0.5,0.0,2,4.45497336739021,16.345708448431274,37.14639026425274
0.1,3,100,92,CQHR,Gaussian,cqr,native,0.5,0.0,3,3.6790031140962407,9.801849129705396,23.28270137350704
0.1,3,100,92,TSCP_R,Gaussian,cqr,capped,0.5,0.0,1,4.682146215004884,5.572489600161092,15.827125415327048
0.1,3,100,92,TSCP_R,Gaussian,cqr,capped,0.5,0.0,2,4.45497336739021,4.832186101629226,14.119345570648651
0.1,3,100,92,TSCP_R,Gaussian,cqr,capped,0.5,0.0,3,3.6790031140962407,3.394436351069243,10.46787581623472
0.1,3,100,92,Unscaled,Gaussian,cqr,raw,0.5,0.0,1,4.682146215004884,4.790552887716688,14.263251990438269
0.1,3,100,92,Unscaled,Gaussian,cqr,raw,0.5,0.0,2,4.45497336739021,4.790552887716688,14.03607914282358
0.1,3,100,92,Unscaled,Gaussian,cqr,raw,0.5,0.0,3,3.6790031140962407,4.790552887716688,13.260108889529617
0.1,3,100,92,Empirical_copula,Gaussian,cqr,raw,0.5,0.0,1,4.682146215004884,4.790552887653659,14.263251990312208
0.1,3,100,92,Empirical_copula,Gaussian,cqr,raw,0.5,0.0,2,4.45497336739021,4.804978935363984,14.064931238118152
0.1,3,100,92,Empirical_copula,Gaussian,cqr,raw,0.5,0.0,3,3.6790031140962407,3.0809056467060287,9.840814407508308
0.1,3,100,93,CQHR,Gaussian,cqr,native,0.5,0.0,1,4.860713460131098,16.426765773537955,37.714245007206564
0.1,3,100,93,CQHR,Gaussian,cqr,native,0.5,0.0,2,4.602324642207719,19.78124779970132,44.16482024161039
0.1,3,100,93,CQHR,Gaussian,cqr,native,0.5,0.0,3,3.675871182876497,14.515772287533864,32.707415757944275
0.1,3,100,93,TSCP_R,Gaussian,cqr,capped,0.5,0.0,1,4.860713460131098,8.880636895780533,22.621987251692143
0.1,3,100,93,TSCP_R,Gaussian,cqr,capped,0.5,0.0,2,4.602324642207719,5.541573453285704,15.685471548779132
0.1,3,100,93,TSCP_R,Gaussian,cqr,capped,0.5,0.0,3,3.675871182876497,5.118119661455861,13.912110505788213
0.1,3,100,93,Unscaled,Gaussian,cqr,raw,0.5,0.0,1,4.860713460131098,6.269268160669511,17.39924978147012
0.1,3,100,93,Unscaled,Gaussian,cqr,raw,0.5,0.0,2,4.602324642207719,6.269268160669511,17.14086096354672
0.1,3,100,93,Unscaled,Gaussian,cqr,raw,0.5,0.0,3,3.675871182876497,6.269268160669511,16.21440750421553
0.1,3,100,93,Empirical_copula,Gaussian,cqr,raw,0.5,0.0,1,4.860713460131098,7.081084467028571,19.022882394188237
0.1,3,100,93,Empirical_copula,Gaussian,cqr,raw,0.5,0.0,2,4.602324642207719,4.195179354470579,12.992683351148882
0.1,3,100,93,Empirical_copula,Gaussian,cqr,raw,0.5,0.0,3,3.675871182876497,5.1008209657983485,13.877513114473206
0.1,3,100,94,CQHR,Gaussian,cqr,native,0.5,0.0,1,4.709200463371793,23.822013444825227,52.353227353021936
0.1,3,100,94,CQHR,Gaussian,cqr,native,0.5,0.0,2,4.393927088357105,55.501847485596166,115.39762205954928
0.1,3,100,94,CQHR,Gaussian,cqr,native,0.5,0.0,3,3.3869018721501423,30.36299348683353,64.11288884581724
0.1,3,100,94,TSCP_R,Gaussian,cqr,capped,0.5,0.0,1,4.709200463371793,5.3330973238536235,15.375395111079042
0.1,3,100,94,TSCP_R,Gaussian,cqr,capped,0.5,0.0,2,4.393927088357105,7.463569589412407,19.32106626718192
0.1,3,100,94,TSCP_R,Gaussian,cqr,capped,0.5,0.0,3,3.3869018721501423,2.984041604950648,9.354985082051444
0.1,3,100,94,Unscaled,Gaussian,cqr,raw,0.5,0.0,1,4.709200463371793,5.083806549334717,14.876813562041225
0.1,3,100,94,Unscaled,Gaussian,cqr,raw,0.5,0.0,2,4.393927088357105,5.083806549334717,14.561540187026548
0.1,3,100,94,Unscaled,Gaussian,cqr,raw,0.5,0.0,3,3.3869018721501423,5.083806549334717,13.554514970819572
0.1,3,100,94,Empirical_copula,Gaussian,cqr,raw,0.5,0.0,1,4.709200463371793,5.083806549279014,14.876813561929827
0.1,3,100,94,Empirical_copula,Gaussian,cqr,raw,0.5,0.0,2,4.393927088357105,6.41631488324173,17.226556854840574
0.1,3,100,94,Empirical_copula,Gaussian,cqr,raw,0.5,0.0,3,3.3869018721501423,2.9702588241232792,9.327419520396703
0.1,3,100,95,CQHR,Gaussian,cqr,native,0.5,0.0,1,4.6699092800209705,9.556533583211003,23.782976446443097
0.1,3,100,95,CQHR,Gaussian,cqr,native,0.5,0.0,2,4.451991109196244,14.84213086738353,34.136252843963284
0.1,3,100,95,CQHR,Gaussian,cqr,native,0.5,0.0,3,3.297553746668874,10.602380403316756,24.502314553302366
0.1,3,100,95,TSCP_R,Gaussian,cqr,capped,0.5,0.0,1,4.6699092800209705,5.430483823721,15.53087692746295
0.1,3,100,95,TSCP_R,Gaussian,cqr,capped,0.5,0.0,2,4.451991109196244,4.7924288872056895,14.036848883607611
0.1,3,100,95,TSCP_R,Gaussian,cqr,capped,0.5,0.0,3,3.297553746668874,3.488695336606361,10.27494441988159
0.1,3,100,95,Unscaled,Gaussian,cqr,raw,0.5,0.0,1,4.6699092800209705,4.604100224813165,13.878109729647303
0.1,3,100,95,Unscaled,Gaussian,cqr,raw,0.5,0.0,2,4.451991109196244,4.604100224813165,13.660191558822568
0.1,3,100,95,Unscaled,Gaussian,cqr,raw,0.5,0.0,3,3.297553746668874,4.604100224813165,12.505754196295186
0.1,3,100,95,Empirical_copula,Gaussian,cqr,raw,0.5,0.0,1,4.6699092800209705,4.3959227440216875,13.461754768064333
0.1,3,100,95,Empirical_copula,Gaussian,cqr,raw,0.5,0.0,2,4.451991109196244,4.443473199471509,13.338937508139281
0.1,3,100,95,Empirical_copula,Gaussian,cqr,raw,0.5,0.0,3,3.297553746668874,3.43458241798697,10.166718582642803
0.1,3,100,96,CQHR,Gaussian,cqr,native,0.5,0.0,1,4.6159608261755665,7.690906489446534,19.997773805068643
0.1,3,100,96,CQHR,Gaussian,cqr,native,0.5,0.0,2,4.1185787664566496,10.446516283340623,25.011611333137925
0.1,3,100,96,CQHR,Gaussian,cqr,native,0.5,0.0,3,3.3559852016815848,6.887296242477235,17.130577686636048
0.1,3,100,96,TSCP_R,Gaussian,cqr,capped,0.5,0.0,1,4.6159608261755665,4.90888126444633,14.433723355068238
0.1,3,100,96,TSCP_R,Gaussian,cqr,capped,0.5,0.0,2,4.1185787664566496,4.186613954045009,12.49180667454665
0.1,3,100,96,TSCP_R,Gaussian,cqr,capped,0.5,0.0,3,3.3559852016815848,3.858905372137934,11.073795945957455
0.1,3,100,96,Unscaled,Gaussian,cqr,raw,0.5,0.0,1,4.6159608261755665,4.764208898343475,14.144378622862508
0.1,3,100,96,Unscaled,Gaussian,cqr,raw,0.5,0.0,2,4.1185787664566496,4.764208898343475,13.646996563143615
0.1,3,100,96,Unscaled,Gaussian,cqr,raw,0.5,0.0,3,3.3559852016815848,4.764208898343475,12.884402998368527
0.1,3,100,96,Empirical_copula,Gaussian,cqr,raw,0.5,0.0,1,4.6159608261755665,4.867807482269065,14.351575790713692
0.1,3,100,96,Empirical_copula,Gaussian,cqr,raw,0.5,0.0,2,4.1185787664566496,4.7642088982734485,13.646996563003567
0.1,3,100,96,Empirical_copula,Gaussian,cqr,raw,0.5,0.0,3,3.3559852016815848,3.52923515171997,10.414455505121525
0.1,3,100,97,CQHR,Gaussian,cqr,native,0.5,0.0,1,4.804422186593276,9.702972923914178,24.210368034421766
0.1,3,100,97,CQHR,Gaussian,cqr,native,0.5,0.0,2,4.723604728831701,13.298152883522786,31.319910495877274
0.1,3,100,97,CQHR,Gaussian,cqr,native,0.5,0.0,3,3.4308067758965217,9.333428965010931,22.097664705918383
0.1,3,100,97,TSCP_R,Gaussian,cqr,capped,0.5,0.0,1,4.804422186593276,7.114986965287806,19.034396117168903
0.1,3,100,97,TSCP_R,Gaussian,cqr,capped,0.5,0.0,2,4.723604728831701,4.657708318202744,14.039021365237188
0.1,3,100,97,TSCP_R,Gaussian,cqr,capped,0.5,0.0,3,3.4308067758965217,3.3154071667392326,10.061621109374979
0.1,3,100,97,Unscaled,Gaussian,cqr,raw,0.5,0.0,1,4.804422186593276,5.992314261113788,16.789050708820838
0.1,3,100,97,Unscaled,Gaussian,cqr,raw,0.5,0.0,2,4.723604728831701,5.992314261113788,16.708233251059266
0.1,3,100,97,Unscaled,Gaussian,cqr,raw,0.5,0.0,3,3.4308067758965217,5.992314261113788,15.415435298124084
0.1,3,100,97,Empirical_copula,Gaussian,cqr,raw,0.5,0.0,1,4.804422186593276,6.895968364548068,18.5963589156894
0.1,3,100,97,Empirical_copula,Gaussian,cqr,raw,0.5,0.0,2,4.723604728831701,4.646041244263751,14.0156872173592
0.1,3,100,97,Empirical_copula,Gaussian,cqr,raw,0.5,0.0,3,3.4308067758965217,3.152519444817564,9.735845665531654
0.1,3,100,98,CQHR,Gaussian,cqr,native,0.5,0.0,1,4.781729670976983,11.20746644255729,27.196662556091816
0.1,3,100,98,CQHR,Gaussian,cqr,native,0.5,0.0,2,4.470902256406777,15.984777028048887,36.44045631250453
0.1,3,100,98,CQHR,Gaussian,cqr,native,0.5,0.0,3,3.4012161368708016,10.541090572572857,24.483397282016494
0.1,3,100,98,TSCP_R,Gaussian,cqr,capped,0.5,0.0,1,4.781729670976983,6.2592354435139885,17.30020055800497
0.1,3,100,98,TSCP_R,Gaussian,cqr,capped,0.5,0.0,2,4.470902256406777,4.6415854469857845,13.75407315037835
0.1,3,100,98,TSCP_R,Gaussian,cqr,capped,0.5,0.0,3,3.4012161368708016,3.4392944036807456,10.279804944232291
0.1,3,100,98,Unscaled,Gaussian,cqr,raw,0.5,0.0,1,4.781729670976983,5.240929488604892,15.263588648186776
0.1,3,100,98,Unscaled,Gaussian,cqr,raw,0.5,0.0,2,4.470902256406777,5.240929488604892,14.952761233616565
0.1,3,100,98,Unscaled,Gaussian,cqr,raw,0.5,0.0,3,3.4012161368708016,5.240929488604892,13.88307511408059
0.1,3,100,98,Empirical_copula,Gaussian,cqr,raw,0.5,0.0,1,4.781729670976983,6.126084120800604,17.03389791257821
0.1,3,100,98,Empirical_copula,Gaussian,cqr,raw,0.5,0.0,2,4.470902256406777,4.527052225581436,13.525006707569645
0.1,3,100,98,Empirical_copula,Gaussian,cqr,raw,0.5,0.0,3,3.4012161368708016,2.935510792707346,9.27223772228548
0.1,3,100,99,CQHR,Gaussian,cqr,native,0.5,0.0,1,4.952199341595688,10.147193937050345,25.24658721569624
0.1,3,100,99,CQHR,Gaussian,cqr,native,0.5,0.0,2,4.515167657163647,12.956338935988503,30.427845529140626
0.1,3,100,99,CQHR,Gaussian,cqr,native,0.5,0.0,3,3.6512444215121045,9.584029472221138,22.819303365954354
0.1,3,100,99,TSCP_R,Gaussian,cqr,capped,0.5,0.0,1,4.952199341595688,4.7718636721750745,14.495926685945852
0.1,3,100,99,TSCP_R,Gaussian,cqr,capped,0.5,0.0,2,4.515167657163647,4.003595833638019,12.522359324439694
0.1,3,100,99,TSCP_R,Gaussian,cqr,capped,0.5,0.0,3,3.6512444215121045,3.296227998324664,10.243700418161435
0.1,3,100,99,Unscaled,Gaussian,cqr,raw,0.5,0.0,1,4.952199341595688,4.451551751635108,13.855302844865912
0.1,3,100,99,Unscaled,Gaussian,cqr,raw,0.5,0.0,2,4.515167657163647,4.451551751635108,13.418271160433864
0.1,3,100,99,Unscaled,Gaussian,cqr,raw,0.5,0.0,3,3.6512444215121045,4.451551751635108,12.554347924782327
0.1,3,100,99,Empirical_copula,Gaussian,cqr,raw,0.5,0.0,1,4.952199341595688,4.530425312555575,14.013049966706827
0.1,3,100,99,Empirical_copula,Gaussian,cqr,raw,0.5,0.0,2,4.515167657163647,3.981218106004768,12.477603869173192
0.1,3,100,99,Empirical_copula,Gaussian,cqr,raw,0.5,0.0,3,3.6512444215121045,3.134971820094764,9.921188061701638
0.1,3,200,0,CQHR,Gaussian,cqr,native,0.5,0.0,1,4.865060319520001,9.30146836459791,23.467997048715926
0.1,3,200,0,CQHR,Gaussian,cqr,native,0.5,0.0,2,4.614947798549016,11.763039108517033,28.1410260155831
0.1,3,200,0,CQHR,Gaussian,cqr,native,0.5,0.0,3,3.4739303989837413,8.595234620369093,20.664399639721907
0.1,3,200,0,TSCP_R,Gaussian,cqr,capped,0.5,0.0,1,4.865060319520001,6.173772284695211,17.212604888910434
0.1,3,200,0,TSCP_R,Gaussian,cqr,capped,0.5,0.0,2,4.614947798549016,5.367744893883049,15.35043758631512
0.1,3,200,0,TSCP_R,Gaussian,cqr,capped,0.5,0.0,3,3.4739303989837413,4.472009613438357,12.417949625860464
0.1,3,200,0,Unscaled,Gaussian,cqr,raw,0.5,0.0,1,4.865060319520001,5.207256157174074,15.27957263386814
0.1,3,200,0,Unscaled,Gaussian,cqr,raw,0.5,0.0,2,4.614947798549016,5.207256157174074,15.029460112897137
0.1,3,200,0,Unscaled,Gaussian,cqr,raw,0.5,0.0,3,3.4739303989837413,5.207256157174074,13.888442713331887
0.1,3,200,0,Empirical_copula,Gaussian,cqr,raw,0.5,0.0,1,4.865060319520001,6.161854229921756,17.188768779363524
0.1,3,200,0,Empirical_copula,Gaussian,cqr,raw,0.5,0.0,2,4.614947798549016,4.8080789196359985,14.231105637821038
0.1,3,200,0,Empirical_copula,Gaussian,cqr,raw,0.5,0.0,3,3.4739303989837413,4.003023841220006,11.47997808142375
0.1,3,200,1,CQHR,Gaussian,cqr,native,0.5,0.0,1,4.8384826003426005,13.46124690179387,31.760976403930503
0.1,3,200,1,CQHR,Gaussian,cqr,native,0.5,0.0,2,4.5218342234092965,18.317301239696278,41.156436702801834
0.1,3,200,1,CQHR,Gaussian,cqr,native,0.5,0.0,3,3.631300837870168,13.35730344612341,30.345907730117037
0.1,3,200,1,TSCP_R,Gaussian,cqr,capped,0.5,0.0,1,4.8384826003426005,6.584530079335101,18.007542759012797
0.1,3,200,1,TSCP_R,Gaussian,cqr,capped,0.5,0.0,2,4.5218342234092965,5.1496062245115315,14.82104667243237
0.1,3,200,1,TSCP_R,Gaussian,cqr,capped,0.5,0.0,3,3.631300837870168,3.847322055132056,11.325944948134277
0.1,3,200,1,Unscaled,Gaussian,cqr,raw,0.5,0.0,1,4.8384826003426005,5.322588032030013,15.48365866440265
0.1,3,200,1,Unscaled,Gaussian,cqr,raw,0.5,0.0,2,4.5218342234092965,5.322588032030013,15.167010287469308
0.1,3,200,1,Unscaled,Gaussian,cqr,raw,0.5,0.0,3,3.631300837870168,5.322588032030013,14.276476901930192
0.1,3,200,1,Empirical_copula,Gaussian,cqr,raw,0.5,0.0,1,4.8384826003426005,6.571493163963062,17.98146892826871
0.1,3,200,1,Empirical_copula,Gaussian,cqr,raw,0.5,0.0,2,4.5218342234092965,4.520914143124102,13.563662509657496
0.1,3,200,1,Empirical_copula,Gaussian,cqr,raw,0.5,0.0,3,3.631300837870168,3.5784962124557325,10.788293262781634
0.1,3,200,2,CQHR,Gaussian,cqr,native,0.5,0.0,1,4.656648101104438,12.945003865779416,30.546655832662896
0.1,3,200,2,CQHR,Gaussian,cqr,native,0.5,0.0,2,4.496565817879993,19.217837597919935,42.93224101371992
0.1,3,200,2,CQHR,Gaussian,cqr,native,0.5,0.0,3,3.479118124721496,13.425243711028902,30.329605546779348
0.1,3,200,2,TSCP_R,Gaussian,cqr,capped,0.5,0.0,1,4.656648101104438,5.909787435805479,16.4762229727154
0.1,3,200,2,TSCP_R,Gaussian,cqr,capped,0.5,0.0,2,4.496565817879993,5.163592964970979,14.823751747821955
0.1,3,200,2,TSCP_R,Gaussian,cqr,capped,0.5,0.0,3,3.479118124721496,3.944160016087287,11.367438156896075
0.1,3,200,2,Unscaled,Gaussian,cqr,raw,0.5,0.0,1,4.656648101104438,5.130161448459308,14.916970998023054
0.1,3,200,2,Unscaled,Gaussian,cqr,raw,0.5,0.0,2,4.496565817879993,5.130161448459308,14.756888714798615
0.1,3,200,2,Unscaled,Gaussian,cqr,raw,0.5,0.0,3,3.479118124721496,5.130161448459308,13.739441021640102
0.1,3,200,2,Empirical_copula,Gaussian,cqr,raw,0.5,0.0,1,4.656648101104438,5.804947778437796,16.26654365798004
0.1,3,200,2,Empirical_copula,Gaussian,cqr,raw,0.5,0.0,2,4.496565817879993,5.161742163817289,14.820050145514578
0.1,3,200,2,Empirical_copula,Gaussian,cqr,raw,0.5,0.0,3,3.479118124721496,3.8645461023336924,11.20821032938887
0.1,3,200,3,CQHR,Gaussian,cqr,native,0.5,0.0,1,4.906807501973612,10.862194309800559,26.63119612157487
0.1,3,200,3,CQHR,Gaussian,cqr,native,0.5,0.0,2,4.369451135655236,12.921986587787877,30.213424311231048
0.1,3,200,3,CQHR,Gaussian,cqr,native,0.5,0.0,3,3.424556624164542,9.800628150230422,23.02581292462538
0.1,3,200,3,TSCP_R,Gaussian,cqr,capped,0.5,0.0,1,4.906807501973612,4.984433090783703,14.875673683541024
0.1,3,200,3,TSCP_R,Gaussian,cqr,capped,0.5,0.0,2,4.369451135655236,5.795636988724309,15.960725113103853
0.1,3,200,3,TSCP_R,Gaussian,cqr,capped,0.5,0.0,3,3.424556624164542,3.3608204035334213,10.146197431231387
0.1,3,200,3,Unscaled,Gaussian,cqr,raw,0.5,0.0,1,4.906807501973612,5.234700864929431,15.376209231832478
0.1,3,200,3,Unscaled,Gaussian,cqr,raw,0.5,0.0,2,4.369451135655236,5.234700864929431,14.83885286551411
0.1,3,200,3,Unscaled,Gaussian,cqr,raw,0.5,0.0,3,3.424556624164542,5.234700864929431,13.893958354023386
0.1,3,200,3,Empirical_copula,Gaussian,cqr,raw,0.5,0.0,1,4.906807501973612,4.785428826637659,14.477665155248923
0.1,3,200,3,Empirical_copula,Gaussian,cqr,raw,0.5,0.0,2,4.369451135655236,5.579324806675157,15.528100749005544
0.1,3,200,3,Empirical_copula,Gaussian,cqr,raw,0.5,0.0,3,3.424556624164542,3.5417149816474947,10.50798658745953
0.1,3,200,4,CQHR,Gaussian,cqr,native,0.5,0.0,1,4.962648133365676,11.351859240339508,27.666366614044474
0.1,3,200,4,CQHR,Gaussian,cqr,native,0.5,0.0,2,4.713197551935511,13.630198088142809,31.97359372822112
0.1,3,200,4,CQHR,Gaussian,cqr,native,0.5,0.0,3,3.659963353588122,9.790171146846808,23.240305647281748
0.1,3,200,4,TSCP_R,Gaussian,cqr,capped,0.5,0.0,1,4.962648133365676,6.876640646134013,18.71592942563367
0.1,3,200,4,TSCP_R,Gaussian,cqr,capped,0.5,0.0,2,4.713197551935511,5.154320871493888,15.021839294923275
0.1,3,200,4,TSCP_R,Gaussian,cqr,capped,0.5,0.0,3,3.659963353588122,4.2987821766153695,12.257527706818863
0.1,3,200,4,Unscaled,Gaussian,cqr,raw,0.5,0.0,1,4.962648133365676,5.512327605782055,15.987303344929794
0.1,3,200,4,Unscaled,Gaussian,cqr,raw,0.5,0.0,2,4.713197551935511,5.512327605782055,15.73785276349962
0.1,3,200,4,Unscaled,Gaussian,cqr,raw,0.5,0.0,3,3.659963353588122,5.512327605782055,14.68461856515225
0.1,3,200,4,Empirical_copula,Gaussian,cqr,raw,0.5,0.0,1,4.962648133365676,6.674419584154364,18.311487301674386
0.1,3,200,4,Empirical_copula,Gaussian,cqr,raw,0.5,0.0,2,4.713197551935511,5.424884029921833,15.562965611779175
0.1,3,200,4,Empirical_copula,Gaussian,cqr,raw,0.5,0.0,3,3.659963353588122,3.252157032004183,10.164277417596509
0.1,3,200,5,CQHR,Gaussian,cqr,native,0.5,0.0,1,4.852550581180799,11.954272205417507,28.761094992015728
0.1,3,200,5,CQHR,Gaussian,cqr,native,0.5,0.0,2,4.374480706717254,13.520932646264535,31.41634599924633
0.1,3,200,5,CQHR,Gaussian,cqr,native,0.5,0.0,3,3.6015090542638752,10.12452948224707,23.85056801875801
0.1,3,200,5,TSCP_R,Gaussian,cqr,capped,0.5,0.0,1,4.852550581180799,5.952823938428713,16.758198458038237
0.1,3,200,5,TSCP_R,Gaussian,cqr,capped,0.5,0.0,2,4.374480706717254,6.43046537379879,17.235411454314846
0.1,3,200,5,TSCP_R,Gaussian,cqr,capped,0.5,0.0,3,3.6015090542638752,3.2995838974510354,10.200676849165943
0.1,3,200,5,Unscaled,Gaussian,cqr,raw,0.5,0.0,1,4.852550581180799,6.0623827077242245,16.977315996629237
0.1,3,200,5,Unscaled,Gaussian,cqr,raw,0.5,0.0,2,4.374480706717254,6.0623827077242245,16.499246122165697
0.1,3,200,5,Unscaled,Gaussian,cqr,raw,0.5,0.0,3,3.6015090542638752,6.0623827077242245,15.726274469712306
0.1,3,200,5,Empirical_copula,Gaussian,cqr,raw,0.5,0.0,1,4.852550581180799,6.062382707680509,16.977315996541808
0.1,3,200,5,Empirical_copula,Gaussian,cqr,raw,0.5,0.0,2,4.374480706717254,6.498338574753593,17.37115785622445
0.1,3,200,5,Empirical_copula,Gaussian,cqr,raw,0.5,0.0,3,3.6015090542638752,2.4926424461792784,8.586793946622425
0.1,3,200,6,CQHR,Gaussian,cqr,native,0.5,0.0,1,4.6778402258871,11.415682199595084,27.509204625077558
0.1,3,200,6,CQHR,Gaussian,cqr,native,0.5,0.0,2,4.413824963572444,15.839818933180899,36.09346282993424
0.1,3,200,6,CQHR,Gaussian,cqr,native,0.5,0.0,3,3.3889302352441124,11.01962737276936,25.4281849807828
0.1,3,200,6,TSCP_R,Gaussian,cqr,capped,0.5,0.0,1,4.6778402258871,5.3121774100883155,15.302195046063723
0.1,3,200,6,TSCP_R,Gaussian,cqr,capped,0.5,0.0,2,4.413824963572444,5.055586803526042,14.524998570624529
0.1,3,200,6,TSCP_R,Gaussian,cqr,capped,0.5,0.0,3,3.3889302352441124,3.0632533701916205,9.515436975627356
0.1,3,200,6,Unscaled,Gaussian,cqr,raw,0.5,0.0,1,4.6778402258871,5.05753954614822,14.792919318183525
0.1,3,200,6,Unscaled,Gaussian,cqr,raw,0.5,0.0,2,4.413824963572444,5.05753954614822,14.528904055868855
0.1,3,200,6,Unscaled,Gaussian,cqr,raw,0.5,0.0,3,3.3889302352441124,5.05753954614822,13.504009327540544
0.1,3,200,6,Empirical_copula,Gaussian,cqr,raw,0.5,0.0,1,4.6778402258871,5.676004590949917,16.02984940778693
0.1,3,200,6,Empirical_copula,Gaussian,cqr,raw,0.5,0.0,2,4.413824963572444,4.959181479671264,14.33218792291495
0.1,3,200,6,Empirical_copula,Gaussian,cqr,raw,0.5,0.0,3,3.3889302352441124,2.7727771499191647,8.934484535082444
0.1,3,200,7,CQHR,Gaussian,cqr,native,0.5,0.0,1,4.698517784760159,12.57980008763843,29.858117960036985
0.1,3,200,7,CQHR,Gaussian,cqr,native,0.5,0.0,2,4.4230637104778685,16.610418675442425,37.64390106136275
0.1,3,200,7,CQHR,Gaussian,cqr,native,0.5,0.0,3,3.368031601104443,12.790070135269033,28.94817187164251
0.1,3,200,7,TSCP_R,Gaussian,cqr,capped,0.5,0.0,1,4.698517784760159,5.980614362070933,16.659746508902046
0.1,3,200,7,TSCP_R,Gaussian,cqr,capped,0.5,0.0,2,4.4230637104778685,4.170240153562879,12.763544017603625
0.1,3,200,7,TSCP_R,Gaussian,cqr,capped,0.5,0.0,3,3.368031601104443,3.482191295277432,10.332414191659293
0.1,3,200,7,Unscaled,Gaussian,cqr,raw,0.5,0.0,1,4.698517784760159,4.794735135001022,14.287988054762206
0.1,3,200,7,Unscaled,Gaussian,cqr,raw,0.5,0.0,2,4.4230637104778685,4.794735135001022,14.012533980479912
0.1,3,200,7,Unscaled,Gaussian,cqr,raw,0.5,0.0,3,3.368031601104443,4.794735135001022,12.957501871106494
0.1,3,200,7,Empirical_copula,Gaussian,cqr,raw,0.5,0.0,1,4.698517784760159,5.977032167067044,16.65258211889421
0.1,3,200,7,Empirical_copula,Gaussian,cqr,raw,0.5,0.0,2,4.4230637104778685,3.997786150874582,12.418636012227015
0.1,3,200,7,Empirical_copula,Gaussian,cqr,raw,0.5,0.0,3,3.368031601104443,2.9137057869447283,9.195443174993894
0.1,3,200,8,CQHR,Gaussian,cqr,native,0.5,0.0,1,4.721158090309462,10.690953057504611,26.103064205318525
0.1,3,200,8,CQHR,Gaussian,cqr,native,0.5,0.0,2,4.4456501741693115,17.478974452955974,39.403599080081285
0.1,3,200,8,CQHR,Gaussian,cqr,native,0.5,0.0,3,3.4918229246720913,11.421669365521783,26.335161655715655
0.1,3,200,8,TSCP_R,Gaussian,cqr,capped,0.5,0.0,1,4.721158090309462,6.609516805972147,17.940191702253742
0.1,3,200,8,TSCP_R,Gaussian,cqr,capped,0.5,0.0,2,4.4456501741693115,5.416247072175426,15.278144318520171
0.1,3,200,8,TSCP_R,Gaussian,cqr,capped,0.5,0.0,3,3.4918229246720913,3.5713056853510423,10.634434295374176
0.1,3,200,8,Unscaled,Gaussian,cqr,raw,0.5,0.0,1,4.721158090309462,5.524830880103675,15.77081985051683
0.1,3,200,8,Unscaled,Gaussian,cqr,raw,0.5,0.0,2,4.4456501741693115,5.524830880103675,15.495311934376678
0.1,3,200,8,Unscaled,Gaussian,cqr,raw,0.5,0.0,3,3.4918229246720913,5.524830880103675,14.541484684879439
0.1,3,200,8,Empirical_copula,Gaussian,cqr,raw,0.5,0.0,1,4.721158090309462,6.52255257101481,17.766263232339103
0.1,3,200,8,Empirical_copula,Gaussian,cqr,raw,0.5,0.0,2,4.4456501741693115,5.520975654470282,15.487601483109875
0.1,3,200,8,Empirical_copula,Gaussian,cqr,raw,0.5,0.0,3,3.4918229246720913,3.0135829588500194,9.518988842372137
0.1,3,200,9,CQHR,Gaussian,cqr,native,0.5,0.0,1,4.765354727731419,11.876923209472611,28.519201146676576
0.1,3,200,9,CQHR,Gaussian,cqr,native,0.5,0.0,2,4.360694487534082,31.69243182089136,67.74555812931682
0.1,3,200,9,CQHR,Gaussian,cqr,native,0.5,0.0,3,3.56132065338727,21.913618540409093,47.38855773420542
0.1,3,200,9,TSCP_R,Gaussian,cqr,capped,0.5,0.0,1,4.765354727731419,5.036998327716962,14.839351383165361
0.1,3,200,9,TSCP_R,Gaussian,cqr,capped,0.5,0.0,2,4.360694487534082,5.547488056684151,15.45567060090238
0.1,3,200,9,TSCP_R,Gaussian,cqr,capped,0.5,0.0,3,3.56132065338727,3.939549532946744,11.440419719280767
0.1,3,200,9,Unscaled,Gaussian,cqr,raw,0.5,0.0,1,4.765354727731419,4.957409076686075,14.680172881103575
0.1,3,200,9,Unscaled,Gaussian,cqr,raw,0.5,0.0,2,4.360694487534082,4.957409076686075,14.275512640906223
0.1,3,200,9,Unscaled,Gaussian,cqr,raw,0.5,0.0,3,3.56132065338727,4.957409076686075,13.476138806759408
0.1,3,200,9,Empirical_copula,Gaussian,cqr,raw,0.5,0.0,1,4.765354727731419,5.242005226925133,15.249365181581691
0.1,3,200,9,Empirical_copula,Gaussian,cqr,raw,0.5,0.0,2,4.360694487534082,5.5121544126718005,15.385003312877686
0.1,3,200,9,Empirical_copula,Gaussian,cqr,raw,0.5,0.0,3,3.56132065338727,3.7353948230094094,11.032110299406074
0.1,3,200,10,CQHR,Gaussian,cqr,native,0.5,0.0,1,4.785030164958179,9.772951627431809,24.33093341982162
0.1,3,200,10,CQHR,Gaussian,cqr,native,0.5,0.0,2,4.417858594461942,14.977411524145475,34.372681642752916
0.1,3,200,10,CQHR,Gaussian,cqr,native,0.5,0.0,3,3.3560073869388822,9.37800150855009,22.112010404039044
0.1,3,200,10,TSCP_R,Gaussian,cqr,capped,0.5,0.0,1,4.785030164958179,4.799775077868189,14.384580320694555
0.1,3,200,10,TSCP_R,Gaussian,cqr,capped,0.5,0.0,2,4.417858594461942,5.187098865994188,14.792056326450298
0.1,3,200,10,TSCP_R,Gaussian,cqr,capped,0.5,0.0,3,3.3560073869388822,4.206269472532559,11.768546332003991
0.1,3,200,10,Unscaled,Gaussian,cqr,raw,0.5,0.0,1,4.785030164958179,4.898841761063937,14.582713687086043
0.1,3,200,10,Unscaled,Gaussian,cqr,raw,0.5,0.0,2,4.417858594461942,4.898841761063937,14.215542116589813
0.1,3,200,10,Unscaled,Gaussian,cqr,raw,0.5,0.0,3,3.3560073869388822,4.898841761063937,13.153690909066762
0.1,3,200,10,Empirical_copula,Gaussian,cqr,raw,0.5,0.0,1,4.785030164958179,4.790215416476421,14.36546099791102
0.1,3,200,10,Empirical_copula,Gaussian,cqr,raw,0.5,0.0,2,4.417858594461942,4.910983994427969,14.239826583317882
0.1,3,200,10,Empirical_copula,Gaussian,cqr,raw,0.5,0.0,3,3.3560073869388822,3.5462330310184385,10.448473448975761
0.1,3,200,11,CQHR,Gaussian,cqr,native,0.5,0.0,1,4.843036162510294,8.890842775998792,22.624721714507714
0.1,3,200,11,CQHR,Gaussian,cqr,native,0.5,0.0,2,4.542967984308257,11.847017632063972,28.23700324843618
0.1,3,200,11,CQHR,Gaussian,cqr,native,0.5,0.0,3,3.6355879753332405,8.615719547311299,20.867027069955835
0.1,3,200,11,TSCP_R,Gaussian,cqr,capped,0.5,0.0,1,4.843036162510294,6.037135928249642,16.91730801900956
0.1,3,200,11,TSCP_R,Gaussian,cqr,capped,0.5,0.0,2,4.542967984308257,4.820310537814277,14.183589059936809
0.1,3,200,11,TSCP_R,Gaussian,cqr,capped,0.5,0.0,3,3.6355879753332405,3.3282247546716133,10.292037484676461
0.1,3,200,11,Unscaled,Gaussian,cqr,raw,0.5,0.0,1,4.843036162510294,5.2551900883464375,15.353416339203177
0.1,3,200,11,Unscaled,Gaussian,cqr,raw,0.5,0.0,2,4.542967984308257,5.2551900883464375,15.053348161001143
0.1,3,200,11,Unscaled,Gaussian,cqr,raw,0.5,0.0,3,3.6355879753332405,5.2551900883464375,14.145968152026116
0.1,3,200,11,Empirical_copula,Gaussian,cqr,raw,0.5,0.0,1,4.843036162510294,6.077790341531184,16.998616845572656
0.1,3,200,11,Empirical_copula,Gaussian,cqr,raw,0.5,0.0,2,4.542967984308257,4.166530585410265,12.876029155128794
0.1,3,200,11,Empirical_copula,Gaussian,cqr,raw,0.5,0.0,3,3.6355879753332405,3.3203298395732013,10.276247654479635
0.1,3,200,12,CQHR,Gaussian,cqr,native,0.5,0.0,1,4.773196363057295,12.816108210952677,30.405412784962355
0.1,3,200,12,CQHR,Gaussian,cqr,native,0.5,0.0,2,4.383754136198401,16.107187405987123,36.59812894817264
0.1,3,200,12,CQHR,Gaussian,cqr,native,0.5,0.0,3,3.480347826864585,11.630466512572498,26.741280852009563
0.1,3,200,12,TSCP_R,Gaussian,cqr,capped,0.5,0.0,1,4.773196363057295,6.253296050272567,17.279788463602426
0.1,3,200,12,TSCP_R,Gaussian,cqr,capped,0.5,0.0,2,4.383754136198401,5.2149046276989095,14.813563391596235
0.1,3,200,12,TSCP_R,Gaussian,cqr,capped,0.5,0.0,3,3.480347826864585,4.40347509603652,12.28729801893761
0.1,3,200,12,Unscaled,Gaussian,cqr,raw,0.5,0.0,1,4.773196363057295,5.201321461363565,15.175839285784424
0.1,3,200,12,Unscaled,Gaussian,cqr,raw,0.5,0.0,2,4.383754136198401,5.201321461363565,14.78639705892552
0.1,3,200,12,Unscaled,Gaussian,cqr,raw,0.5,0.0,3,3.480347826864585,5.201321461363565,13.882990749591709
0.1,3,200,12,Empirical_copula,Gaussian,cqr,raw,0.5,0.0,1,4.773196363057295,5.735066152097884,16.243328667253078
0.1,3,200,12,Empirical_copula,Gaussian,cqr,raw,0.5,0.0,2,4.383754136198401,5.2055020050694285,14.79475814633724
0.1,3,200,12,Empirical_copula,Gaussian,cqr,raw,0.5,0.0,3,3.480347826864585,3.9459921680006023,11.372332162865773
0.1,3,200,13,CQHR,Gaussian,cqr,native,0.5,0.0,1,4.716008712079403,13.469104298431592,31.65421730894287
0.1,3,200,13,CQHR,Gaussian,cqr,native,0.5,0.0,2,4.179224415825051,17.199114859807413,38.5774541354399
0.1,3,200,13,CQHR,Gaussian,cqr,native,0.5,0.0,3,3.272870337768039,12.480158595005388,28.233187527778796
0.1,3,200,13,TSCP_R,Gaussian,cqr,capped,0.5,0.0,1,4.716008712079403,6.80668547193733,18.329379655954057
0.1,3,200,13,TSCP_R,Gaussian,cqr,capped,0.5,0.0,2,4.179224415825051,5.220150924125784,14.61952626407664
0.1,3,200,13,TSCP_R,Gaussian,cqr,capped,0.5,0.0,3,3.272870337768039,3.8495305955474675,10.971931528862969
0.1,3,200,13,Unscaled,Gaussian,cqr,raw,0.5,0.0,1,4.716008712079403,5.4126605871429225,15.54132988636523
0.1,3,200,13,Unscaled,Gaussian,cqr,raw,0.5,0.0,2,4.179224415825051,5.4126605871429225,15.004545590110896
0.1,3,200,13,Unscaled,Gaussian,cqr,raw,0.5,0.0,3,3.272870337768039,5.4126605871429225,14.098191512053885
0.1,3,200,13,Empirical_copula,Gaussian,cqr,raw,0.5,0.0,1,4.716008712079403,6.546357288968822,17.808723290017046
0.1,3,200,13,Empirical_copula,Gaussian,cqr,raw,0.5,0.0,2,4.179224415825051,5.086847816641274,14.352920049107585
0.1,3,200,13,Empirical_copula,Gaussian,cqr,raw,0.5,0.0,3,3.272870337768039,3.8392490000297705,10.951368337827576
0.1,3,200,14,CQHR,Gaussian,cqr,native,0.5,0.0,1,4.471227221688753,9.291040729129492,23.05330867994781
0.1,3,200,14,CQHR,Gaussian,cqr,native,0.5,0.0,2,4.363447129781245,14.329231738003445,33.02191060578816
0.1,3,200,14,CQHR,Gaussian,cqr,native,0.5,0.0,3,3.3722203930200116,11.457739727450441,26.287699847920898
0.1,3,200,14,TSCP_R,Gaussian,cqr,capped,0.5,0.0,1,4.471227221688753,5.878761805711351,16.22875083311145
0.1,3,200,14,TSCP_R,Gaussian,cqr,capped,0.5,0.0,2,4.363447129781245,4.880362397919118,14.124171925619494
0.1,3,200,14,TSCP_R,Gaussian,cqr,capped,0.5,0.0,3,3.3722203930200116,3.4669664354661274,10.306153263952256
0.1,3,200,14,Unscaled,Gaussian,cqr,raw,0.5,0.0,1,4.471227221688753,5.361972967725691,15.195173157140138
0.1,3,200,14,Unscaled,Gaussian,cqr,raw,0.5,0.0,2,4.363447129781245,5.361972967725691,15.087393065232648
0.1,3,200,14,Unscaled,Gaussian,cqr,raw,0.5,0.0,3,3.3722203930200116,5.361972967725691,14.0961663284714
0.1,3,200,14,Empirical_copula,Gaussian,cqr,raw,0.5,0.0,1,4.471227221688753,5.747629158848982,15.96648553938671
0.1,3,200,14,Empirical_copula,Gaussian,cqr,raw,0.5,0.0,2,4.363447129781245,5.538801550685754,15.44105023115274
0.1,3,200,14,Empirical_copula,Gaussian,cqr,raw,0.5,0.0,3,3.3722203930200116,3.27282143927261,9.917863271565235
0.1,3,200,15,CQHR,Gaussian,cqr,native,0.5,0.0,1,4.798463111533184,13.21657760890321,31.231618329339618
0.1,3,200,15,CQHR,Gaussian,cqr,native,0.5,0.0,2,4.433949927778284,20.080406847592293,44.59476362296292
0.1,3,200,15,CQHR,Gaussian,cqr,native,0.5,0.0,3,3.6013640601477506,15.397591477338773,34.3965470148253
0.1,3,200,15,TSCP_R,Gaussian,cqr,capped,0.5,0.0,1,4.798463111533184,6.014579257387175,16.82762162630755
0.1,3,200,15,TSCP_R,Gaussian,cqr,capped,0.5,0.0,2,4.433949927778284,5.830384908848314,16.09471974547489
0.1,3,200,15,TSCP_R,Gaussian,cqr,capped,0.5,0.0,3,3.6013640601477506,4.2744097244885335,12.150183509124828
0.1,3,200,15,Unscaled,Gaussian,cqr,raw,0.5,0.0,1,4.798463111533184,4.966605647427751,14.731674406388677
0.1,3,200,15,Unscaled,Gaussian,cqr,raw,0.5,0.0,2,4.433949927778284,4.966605647427751,14.36716122263377
0.1,3,200,15,Unscaled,Gaussian,cqr,raw,0.5,0.0,3,3.6013640601477506,4.966605647427751,13.534575355003245
0.1,3,200,15,Empirical_copula,Gaussian,cqr,raw,0.5,0.0,1,4.798463111533184,5.25178493422327,15.302032979979737
0.1,3,200,15,Empirical_copula,Gaussian,cqr,raw,0.5,0.0,2,4.433949927778284,5.483649640595377,15.401249208969029
0.1,3,200,15,Empirical_copula,Gaussian,cqr,raw,0.5,0.0,3,3.6013640601477506,4.617264913397548,12.835893886942841
0.1,3,200,16,CQHR,Gaussian,cqr,native,0.5,0.0,1,4.743180448125228,11.36512462265909,27.47342969344331
0.1,3,200,16,CQHR,Gaussian,cqr,native,0.5,0.0,2,4.29713452692654,13.928587684896165,32.154309896718864
0.1,3,200,16,CQHR,Gaussian,cqr,native,0.5,0.0,3,3.4548527374891402,10.201184336024514,23.85722140953814
0.1,3,200,16,TSCP_R,Gaussian,cqr,capped,0.5,0.0,1,4.743180448125228,6.431642913770093,17.606466275665426
0.1,3,200,16,TSCP_R,Gaussian,cqr,capped,0.5,0.0,2,4.29713452692654,5.262621866435312,14.82237825979716
0.1,3,200,16,TSCP_R,Gaussian,cqr,capped,0.5,0.0,3,3.4548527374891402,4.8199318128958435,13.094716363280819
0.1,3,200,16,Unscaled,Gaussian,cqr,raw,0.5,0.0,1,4.743180448125228,5.323776293343088,15.390733034811438
0.1,3,200,16,Unscaled,Gaussian,cqr,raw,0.5,0.0,2,4.29713452692654,5.323776293343088,14.944687113612714
0.1,3,200,16,Unscaled,Gaussian,cqr,raw,0.5,0.0,3,3.4548527374891402,5.323776293343088,14.102405324175315
0.1,3,200,16,Empirical_copula,Gaussian,cqr,raw,0.5,0.0,1,4.743180448125228,6.417792397726641,17.578765243578527
0.1,3,200,16,Empirical_copula,Gaussian,cqr,raw,0.5,0.0,2,4.29713452692654,5.275993999000821,14.849122524928168
0.1,3,200,16,Empirical_copula,Gaussian,cqr,raw,0.5,0.0,3,3.4548527374891402,4.068025432096068,11.590903601681275
0.1,3,200,17,CQHR,Gaussian,cqr,native,0.5,0.0,1,4.83197231864646,14.549370294382445,33.930712907411674
0.1,3,200,17,CQHR,Gaussian,cqr,native,0.5,0.0,2,4.5774225009283835,19.935432919851678,44.44828834063172
0.1,3,200,17,CQHR,Gaussian,cqr,native,0.5,0.0,3,3.5913982812875775,16.9092730614929,37.40994440427335
0.1,3,200,17,TSCP_R,Gaussian,cqr,capped,0.5,0.0,1,4.83197231864646,5.974782627703375,16.781537574053207
0.1,3,200,17,TSCP_R,Gaussian,cqr,capped,0.5,0.0,2,4.5774225009283835,4.849128903115087,14.275680307158549
0.1,3,200,17,TSCP_R,Gaussian,cqr,capped,0.5,0.0,3,3.5913982812875775,2.6516565350316066,8.894711351350802
0.1,3,200,17,Unscaled,Gaussian,cqr,raw,0.5,0.0,1,4.83197231864646,4.903909951060334,14.639792220767147
0.1,3,200,17,Unscaled,Gaussian,cqr,raw,0.5,0.0,2,4.5774225009283835,4.903909951060334,14.385242403049066
0.1,3,200,17,Unscaled,Gaussian,cqr,raw,0.5,0.0,3,3.5913982812875775,4.903909951060334,13.399218183408244
0.1,3,200,17,Empirical_copula,Gaussian,cqr,raw,0.5,0.0,1,4.83197231864646,5.862495560099042,16.556963438844548
0.1,3,200,17,Empirical_copula,Gaussian,cqr,raw,0.5,0.0,2,4.5774225009283835,4.837416177586022,14.252254856100437
0.1,3,200,17,Empirical_copula,Gaussian,cqr,raw,0.5,0.0,3,3.5913982812875775,2.5739846069908445,8.739367495269278
0.1,3,200,18,CQHR,Gaussian,cqr,native,0.5,0.0,1,4.831274933034047,12.488172185833658,29.8076193047011
0.1,3,200,18,CQHR,Gaussian,cqr,native,0.5,0.0,2,4.3473066237132185,24.085496320643635,52.518299265000465
0.1,3,200,18,CQHR,Gaussian,cqr,native,0.5,0.0,3,3.5005416730820413,15.53675891201482,34.5740594971117
0.1,3,200,18,TSCP_R,Gaussian,cqr,capped,0.5,0.0,1,4.831274933034047,6.2523465349593845,17.335968002952814
0.1,3,200,18,TSCP_R,Gaussian,cqr,capped,0.5,0.0,2,4.3473066237132185,5.761271771944507,15.869850167602232
0.1,3,200,18,TSCP_R,Gaussian,cqr,capped,0.5,0.0,3,3.5005416730820413,4.056122796246575,11.612787265575191
0.1,3,200,18,Unscaled,Gaussian,cqr,raw,0.5,0.0,1,4.831274933034047,5.348077749092808,15.527430431219667
0.1,3,200,18,Unscaled,Gaussian,cqr,raw,0.5,0.0,2,4.3473066237132185,5.348077749092808,15.043462121898825
0.1,3,200,18,Unscaled,Gaussian,cqr,raw,0.5,0.0,3,3.5005416730820413,5.348077749092808,14.196697171267658
0.1,3,200,18,Empirical_copula,Gaussian,cqr,raw,0.5,0.0,1,4.831274933034047,6.009155010237798,16.849584953509645
0.1,3,200,18,Empirical_copula,Gaussian,cqr,raw,0.5,0.0,2,4.3473066237132185,5.22055603936478,14.78841870244277
0.1,3,200,18,Empirical_copula,Gaussian,cqr,raw,0.5,0.0,3,3.5005416730820413,4.232484240971143,11.965510155024326
0.1,3,200,19,CQHR,Gaussian,cqr,native,0.5,0.0,1,4.818071963908696,9.031817101567215,22.88170616704304
0.1,3,200,19,CQHR,Gaussian,cqr,native,0.5,0.0,2,4.454041695886786,965.8687048754624,1936.1914514468122
0.1,3,200,19,CQHR,Gaussian,cqr,native,0.5,0.0,3,3.4743134273770604,272.8673157203876,549.2089448681522
0.1,3,200,19,TSCP_R,Gaussian,cqr,capped,0.5,0.0,1,4.818071963908696,5.498137544819269,15.814347053547223
0.1,3,200,19,TSCP_R,Gaussian,cqr,capped,0.5,0.0,2,4.454041695886786,4.78778730109255,14.029616298071884
0.1,3,200,19,TSCP_R,Gaussian,cqr,capped,0.5,0.0,3,3.4743134273770604,3.077346242656174,9.629005912689403
0.1,3,200,19,Unscaled,Gaussian,cqr,raw,0.5,0.0,1,4.818071963908696,4.776925044059333,14.371922052027367
0.1,3,200,19,Unscaled,Gaussian,cqr,raw,0.5,0.0,2,4.454041695886786,4.776925044059333,14.007891784005452
0.1,3,200,19,Unscaled,Gaussian,cqr,raw,0.5,0.0,3,3.4743134273770604,4.776925044059333,13.028163515495729
0.1,3,200,19,Empirical_copula,Gaussian,cqr,raw,0.5,0.0,1,4.818071963908696,4.9785044636200855,14.775080891148855
0.1,3,200,19,Empirical_copula,Gaussian,cqr,raw,0.5,0.0,2,4.454041695886786,4.782043803703292,14.018129303293371
0.1,3,200,19,Empirical_copula,Gaussian,cqr,raw,0.5,0.0,3,3.4743134273770604,3.069249033821137,9.612811495019328
0.1,3,200,20,CQHR,Gaussian,cqr,native,0.5,0.0,1,4.770302481428274,16.032652838324058,36.83560815807634
0.1,3,200,20,CQHR,Gaussian,cqr,native,0.5,0.0,2,4.4641614701863475,25.987618332300055,56.43939813478652
0.1,3,200,20,CQHR,Gaussian,cqr,native,0.5,0.0,3,3.484911712195441,14.839163839993807,33.16323939218306
0.1,3,200,20,TSCP_R,Gaussian,cqr,capped,0.5,0.0,1,4.770302481428274,5.762488886613477,16.295280254655225
0.1,3,200,20,TSCP_R,Gaussian,cqr,capped,0.5,0.0,2,4.4641614701863475,6.367580425891799,17.199322321969962
0.1,3,200,20,TSCP_R,Gaussian,cqr,capped,0.5,0.0,3,3.484911712195441,3.207363664942976,9.899639042081409
0.1,3,200,20,Unscaled,Gaussian,cqr,raw,0.5,0.0,1,4.770302481428274,5.544478865233217,15.85926021189471
0.1,3,200,20,Unscaled,Gaussian,cqr,raw,0.5,0.0,2,4.4641614701863475,5.544478865233217,15.553119200652779
0.1,3,200,20,Unscaled,Gaussian,cqr,raw,0.5,0.0,3,3.484911712195441,5.544478865233217,14.573869442661884
0.1,3,200,20,Empirical_copula,Gaussian,cqr,raw,0.5,0.0,1,4.770302481428274,5.5662572810986415,15.90281704362556
0.1,3,200,20,Empirical_copula,Gaussian,cqr,raw,0.5,0.0,2,4.4641614701863475,5.872514183621497,16.20918983742936
0.1,3,200,20,Empirical_copula,Gaussian,cqr,raw,0.5,0.0,3,3.484911712195441,3.257381805784238,9.999675323763919
0.1,3,200,21,CQHR,Gaussian,cqr,native,0.5,0.0,1,4.8038171518728605,11.668589071826105,28.14099529552487
0.1,3,200,21,CQHR,Gaussian,cqr,native,0.5,0.0,2,4.7003468715958014,16.707154001235494,38.11465487406684
0.1,3,200,21,CQHR,Gaussian,cqr,native,0.5,0.0,3,3.664007118373639,12.780712321623907,29.22543176162144
0.1,3,200,21,TSCP_R,Gaussian,cqr,capped,0.5,0.0,1,4.8038171518728605,5.0170043511447995,14.837825854162483
0.1,3,200,21,TSCP_R,Gaussian,cqr,capped,0.5,0.0,2,4.7003468715958014,4.633156616214279,13.96666010402435
0.1,3,200,21,TSCP_R,Gaussian,cqr,capped,0.5,0.0,3,3.664007118373639,3.05350738886362,9.771021896100892
0.1,3,200,21,Unscaled,Gaussian,cqr,raw,0.5,0.0,1,4.8038171518728605,4.184135905033673,13.172088961940231
0.1,3,200,21,Unscaled,Gaussian,cqr,raw,0.5,0.0,2,4.7003468715958014,4.184135905033673,13.068618681663144
0.1,3,200,21,Unscaled,Gaussian,cqr,raw,0.5,0.0,3,3.664007118373639,4.184135905033673,12.032278928440984
0.1,3,200,21,Empirical_copula,Gaussian,cqr,raw,0.5,0.0,1,4.8038171518728605,5.324099404177762,15.45201596022839
0.1,3,200,21,Empirical_copula,Gaussian,cqr,raw,0.5,0.0,2,4.7003468715958014,4.021566409695735,12.743479690987272
0.1,3,200,21,Empirical_copula,Gaussian,cqr,raw,0.5,0.0,3,3.664007118373639,3.045570440332133,9.755147999037913
0.1,3,200,22,CQHR,Gaussian,cqr,native,0.5,0.0,1,4.848409175310503,11.028451645426001,26.905312466162616
0.1,3,200,22,CQHR,Gaussian,cqr,native,0.5,0.0,2,4.366441879973127,30.35310030344716,65.07264248686752
0.1,3,200,22,CQHR,Gaussian,cqr,native,0.5,0.0,3,3.6516806355227143,17.03973719770181,37.73115503092637
0.1,3,200,22,TSCP_R,Gaussian,cqr,capped,0.5,0.0,1,4.848409175310503,5.437860331148847,15.724129837608167
0.1,3,200,22,TSCP_R,Gaussian,cqr,capped,0.5,0.0,2,4.366441879973127,5.805313737168039,15.977069354309211
0.1,3,200,22,TSCP_R,Gaussian,cqr,capped,0.5,0.0,3,3.6516806355227143,2.7560119202777322,9.16370447607818
0.1,3,200,22,Unscaled,Gaussian,cqr,raw,0.5,0.0,1,4.848409175310503,4.767568652817261,14.383546480945022
0.1,3,200,22,Unscaled,Gaussian,cqr,raw,0.5,0.0,2,4.366441879973127,4.767568652817261,13.901579185607643
0.1,3,200,22,Unscaled,Gaussian,cqr,raw,0.5,0.0,3,3.6516806355227143,4.767568652817261,13.186817941157233
0.1,3,200,22,Empirical_copula,Gaussian,cqr,raw,0.5,0.0,1,4.848409175310503,5.30155222841082,15.45151363213215
0.1,3,200,22,Empirical_copula,Gaussian,cqr,raw,0.5,0.0,2,4.366441879973127,5.043386083099254,14.453214046171643
0.1,3,200,22,Empirical_copula,Gaussian,cqr,raw,0.5,0.0,3,3.6516806355227143,2.7032246372286703,9.058129909980064
0.1,3,200,23,CQHR,Gaussian,cqr,native,0.5,0.0,1,4.70847657587816,12.616368323428826,29.941213222735673
0.1,3,200,23,CQHR,Gaussian,cqr,native,0.5,0.0,2,4.380932978110932,15.0257811439694,34.43249526604968
0.1,3,200,23,CQHR,Gaussian,cqr,native,0.5,0.0,3,3.32021038651702,12.214759786072586,27.749729958662197
0.1,3,200,23,TSCP_R,Gaussian,cqr,capped,0.5,0.0,1,4.70847657587816,6.059258457680419,16.82699349123899
0.1,3,200,23,TSCP_R,Gaussian,cqr,capped,0.5,0.0,2,4.380932978110932,5.516903471834779,15.414739921780484
0.1,3,200,23,TSCP_R,Gaussian,cqr,capped,0.5,0.0,3,3.32021038651702,4.523952864033675,12.368116114584375
0.1,3,200,23,Unscaled,Gaussian,cqr,raw,0.5,0.0,1,4.70847657587816,5.642566308673265,15.993609193224696
0.1,3,200,23,Unscaled,Gaussian,cqr,raw,0.5,0.0,2,4.380932978110932,5.642566308673265,15.666065595457443
0.1,3,200,23,Unscaled,Gaussian,cqr,raw,0.5,0.0,3,3.32021038651702,5.642566308673265,14.605343003863549
0.1,3,200,23,Empirical_copula,Gaussian,cqr,raw,0.5,0.0,1,4.70847657587816,5.721653405958228,16.15178338779462
0.1,3,200,23,Empirical_copula,Gaussian,cqr,raw,0.5,0.0,2,4.380932978110932,6.246251903558118,16.873436785227156
0.1,3,200,23,Empirical_copula,Gaussian,cqr,raw,0.5,0.0,3,3.32021038651702,3.730288791581838,10.780787969680702
0.1,3,200,24,CQHR,Gaussian,cqr,native,0.5,0.0,1,4.703784095076483,10.772537691295202,26.248859477667086
0.1,3,200,24,CQHR,Gaussian,cqr,native,0.5,0.0,2,4.3144453864554775,12.025636481330618,28.365718349116705
0.1,3,200,24,CQHR,Gaussian,cqr,native,0.5,0.0,3,3.46209060837984,9.29691566072453,22.05592192982891
0.1,3,200,24,TSCP_R,Gaussian,cqr,capped,0.5,0.0,1,4.703784095076483,5.618531441215351,15.9408469775072
0.1,3,200,24,TSCP_R,Gaussian,cqr,capped,0.5,0.0,2,4.3144453864554775,3.869898091063841,12.054241568583162
0.1,3,200,24,TSCP_R,Gaussian,cqr,capped,0.5,0.0,3,3.46209060837984,2.859910298048509,9.181911204476863
0.1,3,200,24,Unscaled,Gaussian,cqr,raw,0.5,0.0,1,4.703784095076483,4.985851351067741,14.675486797211963
0.1,3,200,24,Unscaled,Gaussian,cqr,raw,0.5,0.0,2,4.3144453864554775,4.985851351067741,14.286148088590972
0.1,3,200,24,Unscaled,Gaussian,cqr,raw,0.5,0.0,3,3.46209060837984,4.985851351067741,13.433793310515338
0.1,3,200,24,Empirical_copula,Gaussian,cqr,raw,0.5,0.0,1,4.703784095076483,5.439460397023628,15.582704889123745
0.1,3,200,24,Empirical_copula,Gaussian,cqr,raw,0.5,0.0,2,4.3144453864554775,3.9165420586958044,12.14752950384709
0.1,3,200,24,Empirical_copula,Gaussian,cqr,raw,0.5,0.0,3,3.46209060837984,2.734853999468875,8.9317986073176
0.1,3,200,25,CQHR,Gaussian,cqr,native,0.5,0.0,1,4.82553492501614,11.659115029853437,28.143764984722917
0.1,3,200,25,CQHR,Gaussian,cqr,native,0.5,0.0,2,4.371642204644747,15.7486939007376,35.869030006119935
0.1,3,200,25,CQHR,Gaussian,cqr,native,0.5,0.0,3,3.3762726809334125,11.142954694524907,25.662182069983274
0.1,3,200,25,TSCP_R,Gaussian,cqr,capped,0.5,0.0,1,4.82553492501614,6.17241018090598,17.170355286828087
0.1,3,200,25,TSCP_R,Gaussian,cqr,capped,0.5,0.0,2,4.371642204644747,5.405864559904347,15.183371324453464
0.1,3,200,25,TSCP_R,Gaussian,cqr,capped,0.5,0.0,3,3.3762726809334125,3.7933438051889548,10.962960291311328
0.1,3,200,25,Unscaled,Gaussian,cqr,raw,0.5,0.0,1,4.82553492501614,5.470026630269583,15.765588185555313
0.1,3,200,25,Unscaled,Gaussian,cqr,raw,0.5,0.0,2,4.371642204644747,5.470026630269583,15.311695465183915
0.1,3,200,25,Unscaled,Gaussian,cqr,raw,0.5,0.0,3,3.3762726809334125,5.470026630269583,14.31632594147258
0.1,3,200,25,Empirical_copula,Gaussian,cqr,raw,0.5,0.0,1,4.82553492501614,6.356667950359878,17.53887082573591
0.1,3,200,25,Empirical_copula,Gaussian,cqr,raw,0.5,0.0,2,4.371642204644747,4.807049185426882,13.985740575498523
0.1,3,200,25,Empirical_copula,Gaussian,cqr,raw,0.5,0.0,3,3.3762726809334125,3.001953558096389,9.380179797126198
0.1,3,200,26,CQHR,Gaussian,cqr,native,0.5,0.0,1,4.79755085001803,13.156987458763922,31.111525767545597
0.1,3,200,26,CQHR,Gaussian,cqr,native,0.5,0.0,2,4.309196251427434,21.086247283710073,46.4816908188476
0.1,3,200,26,CQHR,Gaussian,cqr,native,0.5,0.0,3,3.460412912594928,15.71309006712115,34.88659304683724
0.1,3,200,26,TSCP_R,Gaussian,cqr,capped,0.5,0.0,1,4.79755085001803,4.8722209484627825,14.541992746943597
0.1,3,200,26,TSCP_R,Gaussian,cqr,capped,0.5,0.0,2,4.309196251427434,5.677677648253288,15.664551547934034
0.1,3,200,26,TSCP_R,Gaussian,cqr,capped,0.5,0.0,3,3.460412912594928,3.295503911261228,10.051420735117382
0.1,3,200,26,Unscaled,Gaussian,cqr,raw,0.5,0.0,1,4.79755085001803,4.951660752250937,14.7008723545199
0.1,3,200,26,Unscaled,Gaussian,cqr,raw,0.5,0.0,2,4.309196251427434,4.951660752250937,14.212517755929325
0.1,3,200,26,Unscaled,Gaussian,cqr,raw,0.5,0.0,3,3.460412912594928,4.951660752250937,13.3637344170968
0.1,3,200,26,Empirical_copula,Gaussian,cqr,raw,0.5,0.0,1,4.79755085001803,5.002923355671866,14.803397561361765
0.1,3,200,26,Empirical_copula,Gaussian,cqr,raw,0.5,0.0,2,4.309196251427434,5.782676929797393,15.874550111022206
0.1,3,200,26,Empirical_copula,Gaussian,cqr,raw,0.5,0.0,3,3.460412912594928,2.938942404633643,9.33829772186222
0.1,3,200,27,CQHR,Gaussian,cqr,native,0.5,0.0,1,4.968073923009391,13.232860233768175,31.43379439054538
0.1,3,200,27,CQHR,Gaussian,cqr,native,0.5,0.0,2,4.4096826172715105,17.371734308872615,39.15315123501672
0.1,3,200,27,CQHR,Gaussian,cqr,native,0.5,0.0,3,3.5394978878288446,13.762601613287416,31.06470111440371
0.1,3,200,27,TSCP_R,Gaussian,cqr,capped,0.5,0.0,1,4.968073923009391,5.65839586003138,16.28486564307216
0.1,3,200,27,TSCP_R,Gaussian,cqr,capped,0.5,0.0,2,4.4096826172715105,6.51636540459258,17.442413426456685
0.1,3,200,27,TSCP_R,Gaussian,cqr,capped,0.5,0.0,3,3.5394978878288446,3.69017483094435,10.91984754971755
0.1,3,200,27,Unscaled,Gaussian,cqr,raw,0.5,0.0,1,4.968073923009391,5.12982639023871,15.22772670348683
0.1,3,200,27,Unscaled,Gaussian,cqr,raw,0.5,0.0,2,4.4096826172715105,5.12982639023871,14.669335397748934
0.1,3,200,27,Unscaled,Gaussian,cqr,raw,0.5,0.0,3,3.5394978878288446,5.12982639023871,13.799150668306268
0.1,3,200,27,Empirical_copula,Gaussian,cqr,raw,0.5,0.0,1,4.968073923009391,5.5905677835006635,16.149209490010694
0.1,3,200,27,Empirical_copula,Gaussian,cqr,raw,0.5,0.0,2,4.4096826172715105,4.772440745469012,13.954564108209528
0.1,3,200,27,Empirical_copula,Gaussian,cqr,raw,0.5,0.0,3,3.5394978878288446,3.6178159933046246,10.775129874438084
0.1,3,200,28,CQHR,Gaussian,cqr,native,0.5,0.0,1,4.700668012601067,11.314229297127621,27.329126606855983
0.1,3,200,28,CQHR,Gaussian,cqr,native,0.5,0.0,2,4.548016376919355,16.414636442221465,37.37728926136231
0.1,3,200,28,CQHR,Gaussian,cqr,native,0.5,0.0,3,3.5453997374607935,11.918037169696563,27.381474076853944
0.1,3,200,28,TSCP_R,Gaussian,cqr,capped,0.5,0.0,1,4.700668012601067,6.187942649169093,17.076553310939243
0.1,3,200,28,TSCP_R,Gaussian,cqr,capped,0.5,0.0,2,4.548016376919355,5.96876552831851,16.48554743355633
0.1,3,200,28,TSCP_R,Gaussian,cqr,capped,0.5,0.0,3,3.5453997374607935,4.487737109350608,12.520873956162012
0.1,3,200,28,Unscaled,Gaussian,cqr,raw,0.5,0.0,1,4.700668012601067,5.985662626169219,16.67199326493951
0.1,3,200,28,Unscaled,Gaussian,cqr,raw,0.5,0.0,2,4.548016376919355,5.985662626169219,16.519341629257767
0.1,3,200,28,Unscaled,Gaussian,cqr,raw,0.5,0.0,3,3.5453997374607935,5.985662626169219,15.516724989799243
0.1,3,200,28,Empirical_copula,Gaussian,cqr,raw,0.5,0.0,1,4.700668012601067,6.173617609454179,17.047903231509423
0.1,3,200,28,Empirical_copula,Gaussian,cqr,raw,0.5,0.0,2,4.548016376919355,5.418743274296698,15.385502925512741
0.1,3,200,28,Empirical_copula,Gaussian,cqr,raw,0.5,0.0,3,3.5453997374607935,3.9242393526705683,11.393878442801935
0.1,3,200,29,CQHR,Gaussian,cqr,native,0.5,0.0,1,4.734932653328405,12.601098104567194,29.93712886246252
0.1,3,200,29,CQHR,Gaussian,cqr,native,0.5,0.0,2,4.421844868414415,16.658236707844388,37.73831828410326
0.1,3,200,29,CQHR,Gaussian,cqr,native,0.5,0.0,3,3.57525955239958,11.421765970889572,26.418791494178745
0.1,3,200,29,TSCP_R,Gaussian,cqr,capped,0.5,0.0,1,4.734932653328405,5.462884964173934,15.660702581676276
0.1,3,200,29,TSCP_R,Gaussian,cqr,capped,0.5,0.0,2,4.421844868414415,6.005371185424586,16.432587239263604
0.1,3,200,29,TSCP_R,Gaussian,cqr,capped,0.5,0.0,3,3.57525955239958,3.7322397140355514,11.039738980470696
0.1,3,200,29,Unscaled,Gaussian,cqr,raw,0.5,0.0,1,4.734932653328405,5.303176619334804,15.341285891998014
0.1,3,200,29,Unscaled,Gaussian,cqr,raw,0.5,0.0,2,4.421844868414415,5.303176619334804,15.028198107084014
0.1,3,200,29,Unscaled,Gaussian,cqr,raw,0.5,0.0,3,3.57525955239958,5.303176619334804,14.181612791069199
0.1,3,200,29,Empirical_copula,Gaussian,cqr,raw,0.5,0.0,1,4.734932653328405,5.030924602230691,14.796781857789798
0.1,3,200,29,Empirical_copula,Gaussian,cqr,raw,0.5,0.0,2,4.421844868414415,6.474163157510988,17.3701711834364
0.1,3,200,29,Empirical_copula,Gaussian,cqr,raw,0.5,0.0,3,3.57525955239958,3.5038648483730523,10.582989249145697
0.1,3,200,30,CQHR,Gaussian,cqr,native,0.5,0.0,1,4.534093822776227,9.195881356216905,22.92585653521015
0.1,3,200,30,CQHR,Gaussian,cqr,native,0.5,0.0,2,4.3957055399887235,12.662957473102919,29.721620486194553
0.1,3,200,30,CQHR,Gaussian,cqr,native,0.5,0.0,3,3.41972168795228,9.19027430198676,21.800270291925802
0.1,3,200,30,TSCP_R,Gaussian,cqr,capped,0.5,0.0,1,4.534093822776227,6.561583409269167,17.65726064131455
0.1,3,200,30,TSCP_R,Gaussian,cqr,capped,0.5,0.0,2,4.3957055399887235,5.099180823878244,14.594067187745198
0.1,3,200,30,TSCP_R,Gaussian,cqr,capped,0.5,0.0,3,3.41972168795228,4.3143963870033915,12.048514461959076
0.1,3,200,30,Unscaled,Gaussian,cqr,raw,0.5,0.0,1,4.534093822776227,5.252649141516828,15.039392105809856
0.1,3,200,30,Unscaled,Gaussian,cqr,raw,0.5,0.0,2,4.3957055399887235,5.252649141516828,14.901003823022362
0.1,3,200,30,Unscaled,Gaussian,cqr,raw,0.5,0.0,3,3.41972168795228,5.252649141516828,13.925019970985941
0.1,3,200,30,Empirical_copula,Gaussian,cqr,raw,0.5,0.0,1,4.534093822776227,6.209328020914228,16.952749864604673
0.1,3,200,30,Empirical_copula,Gaussian,cqr,raw,0.5,0.0,2,4.3957055399887235,4.637007979967478,13.669721499923671
0.1,3,200,30,Empirical_copula,Gaussian,cqr,raw,0.5,0.0,3,3.41972168795228,4.453985782967447,12.327693253887173
0.1,3,200,31,CQHR,Gaussian,cqr,native,0.5,0.0,1,4.959710474371208,11.918702802218636,28.79711607880839
0.1,3,200,31,CQHR,Gaussian,cqr,native,0.5,0.0,2,4.661021025289376,16.094376535937453,36.849774097164264
0.1,3,200,31,CQHR,Gaussian,cqr,native,0.5,0.0,3,3.418045732753713,11.747092858608053,26.912231449969862
0.1,3,200,31,TSCP_R,Gaussian,cqr,capped,0.5,0.0,1,4.959710474371208,6.151875361158567,17.263461196688336
0.1,3,200,31,TSCP_R,Gaussian,cqr,capped,0.5,0.0,2,4.661021025289376,4.274539849898213,13.210100725085804
0.1,3,200,31,TSCP_R,Gaussian,cqr,capped,0.5,0.0,3,3.418045732753713,3.908735828905889,11.235517390565489
0.1,3,200,31,Unscaled,Gaussian,cqr,raw,0.5,0.0,1,4.959710474371208,4.991470180277253,14.942650834925717
0.1,3,200,31,Unscaled,Gaussian,cqr,raw,0.5,0.0,2,4.661021025289376,4.991470180277253,14.643961385843895
0.1,3,200,31,Unscaled,Gaussian,cqr,raw,0.5,0.0,3,3.418045732753713,4.991470180277253,13.400986093308212
0.1,3,200,31,Empirical_copula,Gaussian,cqr,raw,0.5,0.0,1,4.959710474371208,6.2995232576357765,17.558756989642774
0.1,3,200,31,Empirical_copula,Gaussian,cqr,raw,0.5,0.0,2,4.661021025289376,4.0071843330780705,12.675389691445512
0.1,3,200,31,Empirical_copula,Gaussian,cqr,raw,0.5,0.0,3,3.418045732753713,3.477035386209872,10.372116505173468
0.1,3,200,32,CQHR,Gaussian,cqr,native,0.5,0.0,1,4.838493764325806,13.034711793547954,30.907917351421432
0.1,3,200,32,CQHR,Gaussian,cqr,native,0.5,0.0,2,4.5495604491352735,19.92260899626339,44.39477844166207
0.1,3,200,32,CQHR,Gaussian,cqr,native,0.5,0.0,3,3.425853948640737,12.770444403007264,28.966742754655236
0.1,3,200,32,TSCP_R,Gaussian,cqr,capped,0.5,0.0,1,4.838493764325806,6.464434807986688,17.76736338029919
0.1,3,200,32,TSCP_R,Gaussian,cqr,capped,0.5,0.0,2,4.5495604491352735,5.639662766447286,15.828885982029838
0.1,3,200,32,TSCP_R,Gaussian,cqr,capped,0.5,0.0,3,3.425853948640737,2.9045222306935568,9.234898410027846
0.1,3,200,32,Unscaled,Gaussian,cqr,raw,0.5,0.0,1,4.838493764325806,5.240378369201684,15.319250502729174
0.1,3,200,32,Unscaled,Gaussian,cqr,raw,0.5,0.0,2,4.5495604491352735,5.240378369201684,15.030317187538646
0.1,3,200,32,Unscaled,Gaussian,cqr,raw,0.5,0.0,3,3.425853948640737,5.240378369201684,13.9066106870441
0.1,3,200,32,Empirical_copula,Gaussian,cqr,raw,0.5,0.0,1,4.838493764325806,6.422911458102677,17.684316680531158
0.1,3,200,32,Empirical_copula,Gaussian,cqr,raw,0.5,0.0,2,4.5495604491352735,5.2403783691685275,15.030317187472326
0.1,3,200,32,Empirical_copula,Gaussian,cqr,raw,0.5,0.0,3,3.425853948640737,2.8982010610091375,9.222256070659013
0.1,3,200,33,CQHR,Gaussian,cqr,native,0.5,0.0,1,4.9514795408134615,10.744842472792062,26.44116448639778
0.1,3,200,33,CQHR,Gaussian,cqr,native,0.5,0.0,2,4.345526936432454,11.979404243160372,28.30433542275324
0.1,3,200,33,CQHR,Gaussian,cqr,native,0.5,0.0,3,3.472164016349406,10.264255782701342,24.000675581752102
0.1,3,200,33,TSCP_R,Gaussian,cqr,capped,0.5,0.0,1,4.9514795408134615,5.0006253170346335,14.952730174882724
0.1,3,200,33,TSCP_R,Gaussian,cqr,capped,0.5,0.0,2,4.345526936432454,5.381285434861993,15.108097806156447
0.1,3,200,33,TSCP_R,Gaussian,cqr,capped,0.5,0.0,3,3.472164016349406,3.123804254788072,9.719772525925551
0.1,3,200,33,Unscaled,Gaussian,cqr,raw,0.5,0.0,1,4.9514795408134615,4.713894752487066,14.379269045787598
0.1,3,200,33,Unscaled,Gaussian,cqr,raw,0.5,0.0,2,4.345526936432454,4.713894752487066,13.773316441406593
0.1,3,200,33,Unscaled,Gaussian,cqr,raw,0.5,0.0,3,3.472164016349406,4.713894752487066,12.89995352132355
0.1,3,200,33,Empirical_copula,Gaussian,cqr,raw,0.5,0.0,1,4.9514795408134615,5.125763599184381,15.203006739182232
0.1,3,200,33,Empirical_copula,Gaussian,cqr,raw,0.5,0.0,2,4.345526936432454,5.795091248542338,15.935709433517138
0.1,3,200,33,Empirical_copula,Gaussian,cqr,raw,0.5,0.0,3,3.472164016349406,3.0480423763928126,9.568248769135025
0.1,3,200,34,CQHR,Gaussian,cqr,native,0.5,0.0,1,4.695188713562937,9.311080533999235,23.317349781561227
0.1,3,200,34,CQHR,Gaussian,cqr,native,0.5,0.0,2,4.298820185044656,10.911932989939462,26.122686164923557
0.1,3,200,34,CQHR,Gaussian,cqr,native,0.5,0.0,3,3.5229237565726823,8.331029811593867,20.184983379760386
0.1,3,200,34,TSCP_R,Gaussian,cqr,capped,0.5,0.0,1,4.695188713562937,5.679447876715828,16.054084466994606
0.1,3,200,34,TSCP_R,Gaussian,cqr,capped,0.5,0.0,2,4.298820185044656,5.493804185062648,15.286428555169975
0.1,3,200,34,TSCP_R,Gaussian,cqr,capped,0.5,0.0,3,3.5229237565726823,3.9789986451407127,11.480921046854096
0.1,3,200,34,Unscaled,Gaussian,cqr,raw,0.5,0.0,1,4.695188713562937,5.3017778223730865,15.298744358309108
0.1,3,200,34,Unscaled,Gaussian,cqr,raw,0.5,0.0,2,4.298820185044656,5.3017778223730865,14.90237582979082
0.1,3,200,34,Unscaled,Gaussian,cqr,raw,0.5,0.0,3,3.5229237565726823,5.3017778223730865,14.126479401318866
0.1,3,200,34,Empirical_copula,Gaussian,cqr,raw,0.5,0.0,1,4.695188713562937,5.434170144328625,15.563529002220175
0.1,3,200,34,Empirical_copula,Gaussian,cqr,raw,0.5,0.0,2,4.298820185044656,5.223512402516423,14.745844990077519
0.1,3,200,34,Empirical_copula,Gaussian,cqr,raw,0.5,0.0,3,3.5229237565726823,4.209388752902102,11.941701262376883
0.1,3,200,35,CQHR,Gaussian,cqr,native,0.5,0.0,1,4.755889709025468,14.615067137861045,33.986023984747774
0.1,3,200,35,CQHR,Gaussian,cqr,native,0.5,0.0,2,4.376721271102175,18.320139097423066,41.016999465948274
0.1,3,200,35,CQHR,Gaussian,cqr,native,0.5,0.0,3,3.3077945609970167,13.119959268154943,29.54771309730692
0.1,3,200,35,TSCP_R,Gaussian,cqr,capped,0.5,0.0,1,4.755889709025468,6.3759645580833,17.50781882519208
0.1,3,200,35,TSCP_R,Gaussian,cqr,capped,0.5,0.0,2,4.376721271102175,5.714093895691386,15.80490906248494
0.1,3,200,35,TSCP_R,Gaussian,cqr,capped,0.5,0.0,3,3.3077945609970167,3.3840717506892424,10.075938062375506
0.1,3,200,35,Unscaled,Gaussian,cqr,raw,0.5,0.0,1,4.755889709025468,5.242443499103899,15.240776707233284
0.1,3,200,35,Unscaled,Gaussian,cqr,raw,0.5,0.0,2,4.376721271102175,5.242443499103899,14.861608269309972
0.1,3,200,35,Unscaled,Gaussian,cqr,raw,0.5,0.0,3,3.3077945609970167,5.242443499103899,13.79268155920483
0.1,3,200,35,Empirical_copula,Gaussian,cqr,raw,0.5,0.0,1,4.755889709025468,6.3613782167181245,17.478646142461717
0.1,3,200,35,Empirical_copula,Gaussian,cqr,raw,0.5,0.0,2,4.376721271102175,5.039875493354323,14.456472257810828
0.1,3,200,35,Empirical_copula,Gaussian,cqr,raw,0.5,0.0,3,3.3077945609970167,3.541630835449567,10.391056231896153
0.1,3,200,36,CQHR,Gaussian,cqr,native,0.5,0.0,1,4.794938233650865,8.115190089923107,21.025318413497157
0.1,3,200,36,CQHR,Gaussian,cqr,native,0.5,0.0,2,4.507593989718992,11.31286719475453,27.133328379228022
0.1,3,200,36,CQHR,Gaussian,cqr,native,0.5,0.0,3,3.581068999316326,8.932800332156987,21.446669663630306
0.1,3,200,36,TSCP_R,Gaussian,cqr,capped,0.5,0.0,1,4.794938233650865,5.179859485879222,15.154657205409318
0.1,3,200,36,TSCP_R,Gaussian,cqr,capped,0.5,0.0,2,4.507593989718992,4.383099279420808,13.273792548560616
0.1,3,200,36,TSCP_R,Gaussian,cqr,capped,0.5,0.0,3,3.581068999316326,4.158206900547376,11.89748280041109
0.1,3,200,36,Unscaled,Gaussian,cqr,raw,0.5,0.0,1,4.794938233650865,4.411971962509587,13.618882158670026
0.1,3,200,36,Unscaled,Gaussian,cqr,raw,0.5,0.0,2,4.507593989718992,4.411971962509587,13.331537914738187
0.1,3,200,36,Unscaled,Gaussian,cqr,raw,0.5,0.0,3,3.581068999316326,4.411971962509587,12.405012924335509
0.1,3,200,36,Empirical_copula,Gaussian,cqr,raw,0.5,0.0,1,4.794938233650865,5.493031566524042,15.781001366698929
0.1,3,200,36,Empirical_copula,Gaussian,cqr,raw,0.5,0.0,2,4.507593989718992,4.367307092124271,13.242208173967548
0.1,3,200,36,Empirical_copula,Gaussian,cqr,raw,0.5,0.0,3,3.581068999316326,3.7806037217415422,11.142276442799414
0.1,3,200,37,CQHR,Gaussian,cqr,native,0.5,0.0,1,4.796671004921902,16.320158363280058,37.43698773148218
0.1,3,200,37,CQHR,Gaussian,cqr,native,0.5,0.0,2,4.367747125593719,58.90588263259147,122.17951239077661
0.1,3,200,37,CQHR,Gaussian,cqr,native,0.5,0.0,3,3.5221769160487586,71.90095381880315,147.32408455365504
0.1,3,200,37,TSCP_R,Gaussian,cqr,capped,0.5,0.0,1,4.796671004921902,5.591174623227777,15.979020251377442
0.1,3,200,37,TSCP_R,Gaussian,cqr,capped,0.5,0.0,2,4.367747125593719,4.47854296168944,13.324833048972607
0.1,3,200,37,TSCP_R,Gaussian,cqr,capped,0.5,0.0,3,3.5221769160487586,3.4363348478110773,10.394846611670898
0.1,3,200,37,Unscaled,Gaussian,cqr,raw,0.5,0.0,1,4.796671004921902,4.710177731927659,14.217026468777222
0.1,3,200,37,Unscaled,Gaussian,cqr,raw,0.5,0.0,2,4.367747125593719,4.710177731927659,13.788102589449041
0.1,3,200,37,Unscaled,Gaussian,cqr,raw,0.5,0.0,3,3.5221769160487586,4.710177731927659,12.942532379904073
0.1,3,200,37,Empirical_copula,Gaussian,cqr,raw,0.5,0.0,1,4.796671004921902,5.955958429038427,16.708587862998776
0.1,3,200,37,Empirical_copula,Gaussian,cqr,raw,0.5,0.0,2,4.367747125593719,4.1993017494997495,12.766350624593223
0.1,3,200,37,Empirical_copula,Gaussian,cqr,raw,0.5,0.0,3,3.5221769160487586,3.4286361595223838,10.379449235093503
0.1,3,200,38,CQHR,Gaussian,cqr,native,0.5,0.0,1,4.840190813831522,10.978765565176916,26.797721944185305
0.1,3,200,38,CQHR,Gaussian,cqr,native,0.5,0.0,2,4.438748301314586,32.03643425657023,68.51161681445502
0.1,3,200,38,CQHR,Gaussian,cqr,native,0.5,0.0,3,3.513967742563054,13.398897232581778,30.311762207726623
0.1,3,200,38,TSCP_R,Gaussian,cqr,capped,0.5,0.0,1,4.840190813831522,6.749699001972166,18.33958881777585
0.1,3,200,38,TSCP_R,Gaussian,cqr,capped,0.5,0.0,2,4.438748301314586,5.130012462890399,14.698773227095375
0.1,3,200,38,TSCP_R,Gaussian,cqr,capped,0.5,0.0,3,3.513967742563054,3.8058051864335027,11.12557811543006
0.1,3,200,38,Unscaled,Gaussian,cqr,raw,0.5,0.0,1,4.840190813831522,5.44563382454802,15.731458462927565
0.1,3,200,38,Unscaled,Gaussian,cqr,raw,0.5,0.0,2,4.438748301314586,5.44563382454802,15.330015950410623
0.1,3,200,38,Unscaled,Gaussian,cqr,raw,0.5,0.0,3,3.513967742563054,5.44563382454802,14.40523539165911
0.1,3,200,38,Empirical_copula,Gaussian,cqr,raw,0.5,0.0,1,4.840190813831522,6.997428683839882,18.835048181511247
0.1,3,200,38,Empirical_copula,Gaussian,cqr,raw,0.5,0.0,2,4.438748301314586,4.984926634713224,14.40860157074104
0.1,3,200,38,Empirical_copula,Gaussian,cqr,raw,0.5,0.0,3,3.513967742563054,3.5123724988135763,10.538712740190203
0.1,3,200,39,CQHR,Gaussian,cqr,native,0.5,0.0,1,4.944428061698555,11.620172855178685,28.18477377205596
0.1,3,200,39,CQHR,Gaussian,cqr,native,0.5,0.0,2,4.513975381633261,15.815740959407853,36.14545730044903
0.1,3,200,39,CQHR,Gaussian,cqr,native,0.5,0.0,3,3.607893334898701,12.775680557942517,29.159254450783738
0.1,3,200,39,TSCP_R,Gaussian,cqr,capped,0.5,0.0,1,4.944428061698555,6.184181990511476,17.312792042721497
0.1,3,200,39,TSCP_R,Gaussian,cqr,capped,0.5,0.0,2,4.513975381633261,6.16753215864082,16.849039698914915
0.1,3,200,39,TSCP_R,Gaussian,cqr,capped,0.5,0.0,3,3.607893334898701,5.194841999484103,13.997577333866902
0.1,3,200,39,Unscaled,Gaussian,cqr,raw,0.5,0.0,1,4.944428061698555,5.847442414079946,16.639312889858445
0.1,3,200,39,Unscaled,Gaussian,cqr,raw,0.5,0.0,2,4.513975381633261,5.847442414079946,16.208860209793155
0.1,3,200,39,Unscaled,Gaussian,cqr,raw,0.5,0.0,3,3.607893334898701,5.847442414079946,15.302778163058584
0.1,3,200,39,Empirical_copula,Gaussian,cqr,raw,0.5,0.0,1,4.944428061698555,5.760528792828645,16.465485647355855
0.1,3,200,39,Empirical_copula,Gaussian,cqr,raw,0.5,0.0,2,4.513975381633261,6.490141219067706,17.49425781976869
0.1,3,200,39,Empirical_copula,Gaussian,cqr,raw,0.5,0.0,3,3.607893334898701,4.517563194529881,12.643019723958467
0.1,3,200,40,CQHR,Gaussian,cqr,native,0.5,0.0,1,4.84564025950797,8.888620457358577,22.62288117422531
0.1,3,200,40,CQHR,Gaussian,cqr,native,0.5,0.0,2,4.592859152010337,13.40980246841208,31.412464088834493
0.1,3,200,40,CQHR,Gaussian,cqr,native,0.5,0.0,3,3.765637026516023,9.492283472186791,22.750203970889626
0.1,3,200,40,TSCP_R,Gaussian,cqr,capped,0.5,0.0,1,4.84564025950797,5.5155721314828305,15.876784522473635
0.1,3,200,40,TSCP_R,Gaussian,cqr,capped,0.5,0.0,2,4.592859152010337,4.503683149954608,13.60022545191955
0.1,3,200,40,TSCP_R,Gaussian,cqr,capped,0.5,0.0,3,3.765637026516023,2.6232650702879043,9.012167167091834
0.1,3,200,40,Unscaled,Gaussian,cqr,raw,0.5,0.0,1,4.84564025950797,4.3730629114490585,13.591766082406092
0.1,3,200,40,Unscaled,Gaussian,cqr,raw,0.5,0.0,2,4.592859152010337,4.3730629114490585,13.338984974908453
0.1,3,200,40,Unscaled,Gaussian,cqr,raw,0.5,0.0,3,3.765637026516023,4.3730629114490585,12.511762849414144
0.1,3,200,40,Empirical_copula,Gaussian,cqr,raw,0.5,0.0,1,4.84564025950797,5.2066763926876245,15.258993044883221
0.1,3,200,40,Empirical_copula,Gaussian,cqr,raw,0.5,0.0,2,4.592859152010337,4.165550617555175,12.92396038712067
0.1,3,200,40,Empirical_copula,Gaussian,cqr,raw,0.5,0.0,3,3.765637026516023,2.616824133329451,8.99928529317493
0.1,3,200,41,CQHR,Gaussian,cqr,native,0.5,0.0,1,4.74593293827113,14.172714861203287,33.09136266067743
0.1,3,200,41,CQHR,Gaussian,cqr,native,0.5,0.0,2,4.283040611403427,23.692642940837626,51.66832649307864
0.1,3,200,41,CQHR,Gaussian,cqr,native,0.5,0.0,3,3.4229716282647056,16.544860586470318,36.512692801205276
0.1,3,200,41,TSCP_R,Gaussian,cqr,capped,0.5,0.0,1,4.74593293827113,6.133501531234783,17.01293600074071
0.1,3,200,41,TSCP_R,Gaussian,cqr,capped,0.5,0.0,2,4.283040611403427,5.313617979222794,14.910276569849021
0.1,3,200,41,TSCP_R,Gaussian,cqr,capped,0.5,0.0,3,3.4229716282647056,3.427581657719402,10.278134943703503
0.1,3,200,41,Unscaled,Gaussian,cqr,raw,0.5,0.0,1,4.74593293827113,5.129951548329583,15.005836034930308
0.1,3,200,41,Unscaled,Gaussian,cqr,raw,0.5,0.0,2,4.283040611403427,5.129951548329583,14.542943708062586
0.1,3,200,41,Unscaled,Gaussian,cqr,raw,0.5,0.0,3,3.4229716282647056,5.129951548329583,13.682874724923883
0.1,3,200,41,Empirical_copula,Gaussian,cqr,raw,0.5,0.0,1,4.74593293827113,5.854791772357976,16.455516482987097
0.1,3,200,41,Empirical_copula,Gaussian,cqr,raw,0.5,0.0,2,4.283040611403427,5.265698139644204,14.81443689069184
0.1,3,200,41,Empirical_copula,Gaussian,cqr,raw,0.5,0.0,3,3.4229716282647056,3.4664574968620663,10.355886621988844
0.1,3,200,42,CQHR,Gaussian,cqr,native,0.5,0.0,1,4.659248682885733,11.329118443208944,27.317485569303493
0.1,3,200,42,CQHR,Gaussian,cqr,native,0.5,0.0,2,4.468720301431535,17.316222938405293,39.101166178242124
0.1,3,200,42,CQHR,Gaussian,cqr,native,0.5,0.0,3,3.352263539747697,11.338950616011253,26.030164771770195
0.1,3,200,42,TSCP_R,Gaussian,cqr,capped,0.5,0.0,1,4.659248682885733,5.743549539747043,16.14634776237982
0.1,3,200,42,TSCP_R,Gaussian,cqr,capped,0.5,0.0,2,4.468720301431535,5.993027573139556,16.454775447710645
0.1,3,200,42,TSCP_R,Gaussian,cqr,capped,0.5,0.0,3,3.352263539747697,3.8151047743561106,10.982473088459917
0.1,3,200,42,Unscaled,Gaussian,cqr,raw,0.5,0.0,1,4.659248682885733,5.0401144605717,14.739477604029116
0.1,3,200,42,Unscaled,Gaussian,cqr,raw,0.5,0.0,2,4.468720301431535,5.0401144605717,14.548949222574935
0.1,3,200,42,Unscaled,Gaussian,cqr,raw,0.5,0.0,3,3.352263539747697,5.0401144605717,13.432492460891101
0.1,3,200,42,Empirical_copula,Gaussian,cqr,raw,0.5,0.0,1,4.659248682885733,5.174192264187988,15.007633211261721
0.1,3,200,42,Empirical_copula,Gaussian,cqr,raw,0.5,0.0,2,4.468720301431535,5.492229439642168,15.453179180715866
0.1,3,200,42,Empirical_copula,Gaussian,cqr,raw,0.5,0.0,3,3.352263539747697,3.92477594276475,11.201815425277191
0.1,3,200,43,CQHR,Gaussian,cqr,native,0.5,0.0,1,4.791319291312331,11.196708713162536,27.184736717637588
0.1,3,200,43,CQHR,Gaussian,cqr,native,0.5,0.0,2,4.315365636293193,13.04298864163425,30.401342919561728
0.1,3,200,43,CQHR,Gaussian,cqr,native,0.5,0.0,3,3.392095442864545,10.277508769342226,23.947112981549022
0.1,3,200,43,TSCP_R,Gaussian,cqr,capped,0.5,0.0,1,4.791319291312331,6.34907604060135,17.48947137251503
0.1,3,200,43,TSCP_R,Gaussian,cqr,capped,0.5,0.0,2,4.315365636293193,5.139859684501459,14.595085005296102
0.1,3,200,43,TSCP_R,Gaussian,cqr,capped,0.5,0.0,3,3.392095442864545,3.614150799054547,10.620397040973636
0.1,3,200,43,Unscaled,Gaussian,cqr,raw,0.5,0.0,1,4.791319291312331,5.809533268835129,16.4103858289826
0.1,3,200,43,Unscaled,Gaussian,cqr,raw,0.5,0.0,2,4.315365636293193,5.809533268835129,15.934432173963451
0.1,3,200,43,Unscaled,Gaussian,cqr,raw,0.5,0.0,3,3.392095442864545,5.809533268835129,15.011161980534805
0.1,3,200,43,Empirical_copula,Gaussian,cqr,raw,0.5,0.0,1,4.791319291312331,6.670079422454197,18.131478136220736
0.1,3,200,43,Empirical_copula,Gaussian,cqr,raw,0.5,0.0,2,4.315365636293193,5.164289758047969,14.643945152389138
0.1,3,200,43,Empirical_copula,Gaussian,cqr,raw,0.5,0.0,3,3.392095442864545,3.344314639100917,10.080724721066382
0.1,3,200,44,CQHR,Gaussian,cqr,native,0.5,0.0,1,4.709660749198266,11.519422969834459,27.74850668886693
0.1,3,200,44,CQHR,Gaussian,cqr,native,0.5,0.0,2,4.223999383212966,18.90787498093898,42.039749345090954
0.1,3,200,44,CQHR,Gaussian,cqr,native,0.5,0.0,3,3.1289373736184256,11.994203996127347,27.11734536587313
0.1,3,200,44,TSCP_R,Gaussian,cqr,capped,0.5,0.0,1,4.709660749198266,6.3921656750682345,17.493992099334715
0.1,3,200,44,TSCP_R,Gaussian,cqr,capped,0.5,0.0,2,4.223999383212966,6.1512103321881,16.526420047589173
0.1,3,200,44,TSCP_R,Gaussian,cqr,capped,0.5,0.0,3,3.1289373736184256,4.208822930054372,11.546583233727159
0.1,3,200,44,Unscaled,Gaussian,cqr,raw,0.5,0.0,1,4.709660749198266,5.904400656105206,16.51846206140868
0.1,3,200,44,Unscaled,Gaussian,cqr,raw,0.5,0.0,2,4.223999383212966,5.904400656105206,16.032800695423372
0.1,3,200,44,Unscaled,Gaussian,cqr,raw,0.5,0.0,3,3.1289373736184256,5.904400656105206,14.937738685828833
0.1,3,200,44,Empirical_copula,Gaussian,cqr,raw,0.5,0.0,1,4.709660749198266,6.46158740472192,17.6328355586421
0.1,3,200,44,Empirical_copula,Gaussian,cqr,raw,0.5,0.0,2,4.223999383212966,6.539640460087268,17.303280303387496
0.1,3,200,44,Empirical_copula,Gaussian,cqr,raw,0.5,0.0,3,3.1289373736184256,3.5158832279594616,10.160703829537342
0.1,3,200,45,CQHR,Gaussian,cqr,native,0.5,0.0,1,4.915287689421322,10.008824338467925,24.9329363663569
0.1,3,200,45,CQHR,Gaussian,cqr,native,0.5,0.0,2,4.672588818651783,17.588330353769866,39.84924952619146
0.1,3,200,45,CQHR,Gaussian,cqr,native,0.5,0.0,3,3.7159554654735296,10.271227939762293,24.258411344998123
0.1,3,200,45,TSCP_R,Gaussian,cqr,capped,0.5,0.0,1,4.915287689421322,6.714020854334869,18.34332939809107
0.1,3,200,45,TSCP_R,Gaussian,cqr,capped,0.5,0.0,2,4.672588818651783,6.196258043852023,17.065104906355838
0.1,3,200,45,TSCP_R,Gaussian,cqr,capped,0.5,0.0,3,3.7159554654735296,3.8618557928933703,11.439667051260265
0.1,3,200,45,Unscaled,Gaussian,cqr,raw,0.5,0.0,1,4.915287689421322,6.1672609785781,17.249809646577525
0.1,3,200,45,Unscaled,Gaussian,cqr,raw,0.5,0.0,2,4.672588818651783,6.1672609785781,17.007110775807995
0.1,3,200,45,Unscaled,Gaussian,cqr,raw,0.5,0.0,3,3.7159554654735296,6.1672609785781,16.050477422629722
0.1,3,200,45,Empirical_copula,Gaussian,cqr,raw,0.5,0.0,1,4.915287689421322,6.434063519159158,17.78341472773964
0.1,3,200,45,Empirical_copula,Gaussian,cqr,raw,0.5,0.0,2,4.672588818651783,5.878843454387168,16.43027572742612
0.1,3,200,45,Empirical_copula,Gaussian,cqr,raw,0.5,0.0,3,3.7159554654735296,3.951110527645252,11.618176520764044
0.1,3,200,46,CQHR,Gaussian,cqr,native,0.5,0.0,1,4.923927958253425,15.453917704014469,35.83176336628238
0.1,3,200,46,CQHR,Gaussian,cqr,native,0.5,0.0,2,4.408076337157427,27.537581416149557,59.483239169456596
0.1,3,200,46,CQHR,Gaussian,cqr,native,0.5,0.0,3,3.4433133308634236,15.87820356287849,35.19972045662046
0.1,3,200,46,TSCP_R,Gaussian,cqr,capped,0.5,0.0,1,4.923927958253425,6.6755238461321476,18.27497565051773
0.1,3,200,46,TSCP_R,Gaussian,cqr,capped,0.5,0.0,2,4.408076337157427,4.272603202027611,12.953282741212634
0.1,3,200,46,TSCP_R,Gaussian,cqr,capped,0.5,0.0,3,3.4433133308634236,4.671016841023778,12.785347012910966
0.1,3,200,46,Unscaled,Gaussian,cqr,raw,0.5,0.0,1,4.923927958253425,5.003880778190422,14.931689514634293
0.1,3,200,46,Unscaled,Gaussian,cqr,raw,0.5,0.0,2,4.408076337157427,5.003880778190422,14.415837893538262
0.1,3,200,46,Unscaled,Gaussian,cqr,raw,0.5,0.0,3,3.4433133308634236,5.003880778190422,13.451074887244253
0.1,3,200,46,Empirical_copula,Gaussian,cqr,raw,0.5,0.0,1,4.923927958253425,5.364736685986049,15.653401330225524
0.1,3,200,46,Empirical_copula,Gaussian,cqr,raw,0.5,0.0,2,4.408076337157427,4.525814700822753,13.45970573880293
0.1,3,200,46,Empirical_copula,Gaussian,cqr,raw,0.5,0.0,3,3.4433133308634236,3.4680224233952868,10.37935817765401
0.1,3,200,47,CQHR,Gaussian,cqr,native,0.5,0.0,1,4.902850799531813,14.053545727892084,33.009942255316076
0.1,3,200,47,CQHR,Gaussian,cqr,native,0.5,0.0,2,4.477185871299214,16.167493639035403,36.812173149369976
0.1,3,200,47,CQHR,Gaussian,cqr,native,0.5,0.0,3,3.469730992167367,13.297998447724451,30.065727887616333
0.1,3,200,47,TSCP_R,Gaussian,cqr,capped,0.5,0.0,1,4.902850799531813,6.547467263116182,17.99778532576419
0.1,3,200,47,TSCP_R,Gaussian,cqr,capped,0.5,0.0,2,4.477185871299214,6.254041645713241,16.985269162725682
0.1,3,200,47,TSCP_R,Gaussian,cqr,capped,0.5,0.0,3,3.469730992167367,3.1731726616429428,9.816076315453248
0.1,3,200,47,Unscaled,Gaussian,cqr,raw,0.5,0.0,1,4.902850799531813,5.863845526665334,16.630541852862464
0.1,3,200,47,Unscaled,Gaussian,cqr,raw,0.5,0.0,2,4.477185871299214,5.863845526665334,16.204876924629875
0.1,3,200,47,Unscaled,Gaussian,cqr,raw,0.5,0.0,3,3.469730992167367,5.863845526665334,15.197422045498039
0.1,3,200,47,Empirical_copula,Gaussian,cqr,raw,0.5,0.0,1,4.902850799531813,6.535621911114353,17.974094621760514
0.1,3,200,47,Empirical_copula,Gaussian,cqr,raw,0.5,0.0,2,4.477185871299214,5.173193307184627,14.823572485668489
0.1,3,200,47,Empirical_copula,Gaussian,cqr,raw,0.5,0.0,3,3.469730992167367,2.6582007231073117,8.78613243838199
0.1,3,200,48,CQHR,Gaussian,cqr,native,0.5,0.0,1,4.768493512615978,13.79828842592247,32.36507036446063
0.1,3,200,48,CQHR,Gaussian,cqr,native,0.5,0.0,2,4.550509559694242,25.995299487375426,56.54110853444506
0.1,3,200,48,CQHR,Gaussian,cqr,native,0.5,0.0,3,3.4480712875131205,15.655669921870356,34.759411131253806
0.1,3,200,48,TSCP_R,Gaussian,cqr,capped,0.5,0.0,1,4.768493512615978,4.547721963645531,13.863937439907025
0.1,3,200,48,TSCP_R,Gaussian,cqr,capped,0.5,0.0,2,4.550509559694242,5.1609412626196445,14.872392084933551
0.1,3,200,48,TSCP_R,Gaussian,cqr,capped,0.5,0.0,3,3.4480712875131205,3.258278328861914,9.964627945236945
0.1,3,200,48,Unscaled,Gaussian,cqr,raw,0.5,0.0,1,4.768493512615978,4.535232531955058,13.838958576526089
0.1,3,200,48,Unscaled,Gaussian,cqr,raw,0.5,0.0,2,4.550509559694242,4.535232531955058,13.620974623604349
0.1,3,200,48,Unscaled,Gaussian,cqr,raw,0.5,0.0,3,3.4480712875131205,4.535232531955058,12.518536351423233
0.1,3,200,48,Empirical_copula,Gaussian,cqr,raw,0.5,0.0,1,4.768493512615978,4.59630470633981,13.96110292529561
0.1,3,200,48,Empirical_copula,Gaussian,cqr,raw,0.5,0.0,2,4.550509559694242,4.776363976318432,14.1032375123311
0.1,3,200,48,Empirical_copula,Gaussian,cqr,raw,0.5,0.0,3,3.4480712875131205,2.928470828410325,9.305012944333768
0.1,3,200,49,CQHR,Gaussian,cqr,native,0.5,0.0,1,4.823078249851445,12.430852167494779,29.68478258484103
0.1,3,200,49,CQHR,Gaussian,cqr,native,0.5,0.0,2,4.423541847185497,15.03619554519751,34.49593293758051
0.1,3,200,49,CQHR,Gaussian,cqr,native,0.5,0.0,3,3.4348956064379665,11.401146320653526,26.23718824774499
0.1,3,200,49,TSCP_R,Gaussian,cqr,capped,0.5,0.0,1,4.823078249851445,6.444711221550808,17.71250069295307
0.1,3,200,49,TSCP_R,Gaussian,cqr,capped,0.5,0.0,2,4.423541847185497,4.908586787430405,14.240715422046318
0.1,3,200,49,TSCP_R,Gaussian,cqr,capped,0.5,0.0,3,3.4348956064379665,3.1245809491879206,9.684057504813817
0.1,3,200,49,Unscaled,Gaussian,cqr,raw,0.5,0.0,1,4.823078249851445,5.742511567531458,16.308101384914348
0.1,3,200,49,Unscaled,Gaussian,cqr,raw,0.5,0.0,2,4.423541847185497,5.742511567531458,15.908564982248423
0.1,3,200,49,Unscaled,Gaussian,cqr,raw,0.5,0.0,3,3.4348956064379665,5.742511567531458,14.919918741500894
0.1,3,200,49,Empirical_copula,Gaussian,cqr,raw,0.5,0.0,1,4.823078249851445,6.180681054650243,17.184440359151946
0.1,3,200,49,Empirical_copula,Gaussian,cqr,raw,0.5,0.0,2,4.423541847185497,4.878232375252544,14.180006597690602
0.1,3,200,49,Empirical_copula,Gaussian,cqr,raw,0.5,0.0,3,3.4348956064379665,3.1509167928168367,9.736729192071646
0.1,3,200,50,CQHR,Gaussian,cqr,native,0.5,0.0,1,4.795002227999253,11.756258332170548,28.307518892340408
0.1,3,200,50,CQHR,Gaussian,cqr,native,0.5,0.0,2,4.224911167753409,14.985371102638128,34.19565337302976
0.1,3,200,50,CQHR,Gaussian,cqr,native,0.5,0.0,3,3.2955953891637204,10.654088925134547,24.603773239432805
0.1,3,200,50,TSCP_R,Gaussian,cqr,capped,0.5,0.0,1,4.795002227999253,5.472391089661756,15.739784407322777
0.1,3,200,50,TSCP_R,Gaussian,cqr,capped,0.5,0.0,2,4.224911167753409,4.990699448516466,14.20631006478635
0.1,3,200,50,TSCP_R,Gaussian,cqr,capped,0.5,0.0,3,3.2955953891637204,3.1911962309198074,9.67798785100333
0.1,3,200,50,Unscaled,Gaussian,cqr,raw,0.5,0.0,1,4.795002227999253,4.982588165977686,14.760178559954626
0.1,3,200,50,Unscaled,Gaussian,cqr,raw,0.5,0.0,2,4.224911167753409,4.982588165977686,14.190087499708774
0.1,3,200,50,Unscaled,Gaussian,cqr,raw,0.5,0.0,3,3.2955953891637204,4.982588165977686,13.260771721119095
0.1,3,200,50,Empirical_copula,Gaussian,cqr,raw,0.5,0.0,1,4.795002227999253,5.7224670766198225,16.239936381238916
0.1,3,200,50,Empirical_copula,Gaussian,cqr,raw,0.5,0.0,2,4.224911167753409,5.127997597111525,14.480906361976452
0.1,3,200,50,Empirical_copula,Gaussian,cqr,raw,0.5,0.0,3,3.2955953891637204,2.530733669315463,8.357062727794649
0.1,3,200,51,CQHR,Gaussian,cqr,native,0.5,0.0,1,4.718115157428606,11.762001901197236,28.242118959822935
0.1,3,200,51,CQHR,Gaussian,cqr,native,0.5,0.0,2,4.353099088188838,13.951514557547583,32.25612820328403
0.1,3,200,51,CQHR,Gaussian,cqr,native,0.5,0.0,3,3.538955383435746,10.784180250499594,25.10731588443494
0.1,3,200,51,TSCP_R,Gaussian,cqr,capped,0.5,0.0,1,4.718115157428606,6.733861870345729,18.185838898120043
0.1,3,200,51,TSCP_R,Gaussian,cqr,capped,0.5,0.0,2,4.353099088188838,5.705833831823311,15.764766751835456
0.1,3,200,51,TSCP_R,Gaussian,cqr,capped,0.5,0.0,3,3.538955383435746,3.249549577348589,10.03805453813292
0.1,3,200,51,Unscaled,Gaussian,cqr,raw,0.5,0.0,1,4.718115157428606,5.249270469421539,15.216656096271699
0.1,3,200,51,Unscaled,Gaussian,cqr,raw,0.5,0.0,2,4.353099088188838,5.249270469421539,14.851640027031923
0.1,3,200,51,Unscaled,Gaussian,cqr,raw,0.5,0.0,3,3.538955383435746,5.249270469421539,14.037496322278821
0.1,3,200,51,Empirical_copula,Gaussian,cqr,raw,0.5,0.0,1,4.718115157428606,7.177957086816306,19.07402933106121
0.1,3,200,51,Empirical_copula,Gaussian,cqr,raw,0.5,0.0,2,4.353099088188838,5.377726988471338,15.108553065131515
0.1,3,200,51,Empirical_copula,Gaussian,cqr,raw,0.5,0.0,3,3.538955383435746,2.9109792912952943,9.360913966026333
0.1,3,200,52,CQHR,Gaussian,cqr,native,0.5,0.0,1,4.579392578622138,9.979461881276858,24.538316341175946
0.1,3,200,52,CQHR,Gaussian,cqr,native,0.5,0.0,2,4.385018937360594,13.31734765414804,31.019714245656676
0.1,3,200,52,CQHR,Gaussian,cqr,native,0.5,0.0,3,3.3949764349510705,9.489948762491688,22.37487395993442
0.1,3,200,52,TSCP_R,Gaussian,cqr,capped,0.5,0.0,1,4.579392578622138,5.174460094249271,14.928312767120651
0.1,3,200,52,TSCP_R,Gaussian,cqr,capped,0.5,0.0,2,4.385018937360594,6.441212280958487,17.267443499277547
0.1,3,200,52,TSCP_R,Gaussian,cqr,capped,0.5,0.0,3,3.3949764349510705,3.0031859167042745,9.401348268359623
0.1,3,200,52,Unscaled,Gaussian,cqr,raw,0.5,0.0,1,4.579392578622138,5.023117814025941,14.625628206674032
0.1,3,200,52,Unscaled,Gaussian,cqr,raw,0.5,0.0,2,4.385018937360594,5.023117814025941,14.43125456541249
0.1,3,200,52,Unscaled,Gaussian,cqr,raw,0.5,0.0,3,3.3949764349510705,5.023117814025941,13.441212063002942
0.1,3,200,52,Empirical_copula,Gaussian,cqr,raw,0.5,0.0,1,4.579392578622138,5.1414357881981765,14.86226415501847
0.1,3,200,52,Empirical_copula,Gaussian,cqr,raw,0.5,0.0,2,4.385018937360594,5.4885269544215625,15.362072846203716
0.1,3,200,52,Empirical_copula,Gaussian,cqr,raw,0.5,0.0,3,3.3949764349510705,3.06693161397404,9.528839662899154
0.1,3,200,53,CQHR,Gaussian,cqr,native,0.5,0.0,1,4.7974935866070245,14.899511634457042,34.59651685552144
0.1,3,200,53,CQHR,Gaussian,cqr,native,0.5,0.0,2,4.209805144826463,18.92633540668708,42.062475958200615
0.1,3,200,53,CQHR,Gaussian,cqr,native,0.5,0.0,3,3.5792309779849174,15.225448606740299,34.03012819146552
0.1,3,200,53,TSCP_R,Gaussian,cqr,capped,0.5,0.0,1,4.7974935866070245,5.674019080451689,16.145531747510386
0.1,3,200,53,TSCP_R,Gaussian,cqr,capped,0.5,0.0,2,4.209805144826463,4.689190741957369,13.58818662874121
0.1,3,200,53,TSCP_R,Gaussian,cqr,capped,0.5,0.0,3,3.5792309779849174,3.9024559163733854,11.384142810731698
0.1,3,200,53,Unscaled,Gaussian,cqr,raw,0.5,0.0,1,4.7974935866070245,4.8773495153176984,14.552192617242408
0.1,3,200,53,Unscaled,Gaussian,cqr,raw,0.5,0.0,2,4.209805144826463,4.8773495153176984,13.964504175461865
0.1,3,200,53,Unscaled,Gaussian,cqr,raw,0.5,0.0,3,3.5792309779849174,4.8773495153176984,13.333930008620321
0.1,3,200,53,Empirical_copula,Gaussian,cqr,raw,0.5,0.0,1,4.7974935866070245,5.658851332338195,16.115196251283407
0.1,3,200,53,Empirical_copula,Gaussian,cqr,raw,0.5,0.0,2,4.209805144826463,4.838384699730412,13.886574544287278
0.1,3,200,53,Empirical_copula,Gaussian,cqr,raw,0.5,0.0,3,3.5792309779849174,3.558311667276623,10.695854312538167
0.1,3,200,54,CQHR,Gaussian,cqr,native,0.5,0.0,1,4.746673355280266,16.19325417987845,37.133181715037175
0.1,3,200,54,CQHR,Gaussian,cqr,native,0.5,0.0,2,4.431036077705798,26.388951128403928,57.20893833451368
0.1,3,200,54,CQHR,Gaussian,cqr,native,0.5,0.0,3,3.5051069098316465,19.972390247410218,43.44988740465208
0.1,3,200,54,TSCP_R,Gaussian,cqr,capped,0.5,0.0,1,4.746673355280266,5.9206014522488175,16.587876259777893
0.1,3,200,54,TSCP_R,Gaussian,cqr,capped,0.5,0.0,2,4.431036077705798,5.764055756724306,15.959147591154414
0.1,3,200,54,TSCP_R,Gaussian,cqr,capped,0.5,0.0,3,3.5051069098316465,3.9715452397723423,11.44819738937633
0.1,3,200,54,Unscaled,Gaussian,cqr,raw,0.5,0.0,1,4.746673355280266,5.5879149178721885,15.922503191024637
0.1,3,200,54,Unscaled,Gaussian,cqr,raw,0.5,0.0,2,4.431036077705798,5.5879149178721885,15.606865913450184
0.1,3,200,54,Unscaled,Gaussian,cqr,raw,0.5,0.0,3,3.5051069098316465,5.5879149178721885,14.680936745576012
0.1,3,200,54,Empirical_copula,Gaussian,cqr,raw,0.5,0.0,1,4.746673355280266,6.125702383256781,16.99807812179381
0.1,3,200,54,Empirical_copula,Gaussian,cqr,raw,0.5,0.0,2,4.431036077705798,5.676791458141778,15.78461899398935
0.1,3,200,54,Empirical_copula,Gaussian,cqr,raw,0.5,0.0,3,3.5051069098316465,3.2693024127856614,10.043711735402967
0.1,3,200,55,CQHR,Gaussian,cqr,native,0.5,0.0,1,4.742654500289312,15.891223894891198,36.525102290071636
0.1,3,200,55,CQHR,Gaussian,cqr,native,0.5,0.0,2,4.259428991091317,19.08499166507514,42.42941232124162
0.1,3,200,55,CQHR,Gaussian,cqr,native,0.5,0.0,3,3.268524884867724,13.924063157985968,31.116651200839648
0.1,3,200,55,TSCP_R,Gaussian,cqr,capped,0.5,0.0,1,4.742654500289312,4.782392967905137,14.307440436099585
0.1,3,200,55,TSCP_R,Gaussian,cqr,capped,0.5,0.0,2,4.259428991091317,5.183707352890117,14.626843696871553
0.1,3,200,55,TSCP_R,Gaussian,cqr,capped,0.5,0.0,3,3.268524884867724,3.4777095929928477,10.223944070853413
0.1,3,200,55,Unscaled,Gaussian,cqr,raw,0.5,0.0,1,4.742654500289312,4.515164676258631,13.772983852806579
0.1,3,200,55,Unscaled,Gaussian,cqr,raw,0.5,0.0,2,4.259428991091317,4.515164676258631,13.289758343608558
0.1,3,200,55,Unscaled,Gaussian,cqr,raw,0.5,0.0,3,3.268524884867724,4.515164676258631,12.298854237384978
0.1,3,200,55,Empirical_copula,Gaussian,cqr,raw,0.5,0.0,1,4.742654500289312,4.72186197499649,14.186378450282291
0.1,3,200,55,Empirical_copula,Gaussian,cqr,raw,0.5,0.0,2,4.259428991091317,4.761471866042141,13.78237272317562
0.1,3,200,55,Empirical_copula,Gaussian,cqr,raw,0.5,0.0,3,3.268524884867724,3.59817453517374,10.464873955215213
0.1,3,200,56,CQHR,Gaussian,cqr,native,0.5,0.0,1,4.917284622096505,10.867297515147639,26.651879652391937
0.1,3,200,56,CQHR,Gaussian,cqr,native,0.5,0.0,2,4.227421521992369,13.738831910626061,31.705085343244495
0.1,3,200,56,CQHR,Gaussian,cqr,native,0.5,0.0,3,3.312573073637056,10.292366172393109,23.897305418423255
0.1,3,200,56,TSCP_R,Gaussian,cqr,capped,0.5,0.0,1,4.917284622096505,5.564761156002444,16.04680693410139
0.1,3,200,56,TSCP_R,Gaussian,cqr,capped,0.5,0.0,2,4.227421521992369,4.950871299745325,14.129164121483006
0.1,3,200,56,TSCP_R,Gaussian,cqr,capped,0.5,0.0,3,3.312573073637056,3.963607513933302,11.23978810150367
0.1,3,200,56,Unscaled,Gaussian,cqr,raw,0.5,0.0,1,4.917284622096505,4.901724148623451,14.720732919343407
0.1,3,200,56,Unscaled,Gaussian,cqr,raw,0.5,0.0,2,4.227421521992369,4.901724148623451,14.030869819239257
0.1,3,200,56,Unscaled,Gaussian,cqr,raw,0.5,0.0,3,3.312573073637056,4.901724148623451,13.116021370883967
0.1,3,200,56,Empirical_copula,Gaussian,cqr,raw,0.5,0.0,1,4.917284622096505,5.7681565200795575,16.45359766225564
0.1,3,200,56,Empirical_copula,Gaussian,cqr,raw,0.5,0.0,2,4.227421521992369,4.938364173614506,14.104149869221382
0.1,3,200,56,Empirical_copula,Gaussian,cqr,raw,0.5,0.0,3,3.312573073637056,3.1912183755141115,9.695009824665267
0.1,3,200,57,CQHR,Gaussian,cqr,native,0.5,0.0,1,4.894230608429069,10.580966633488003,26.056163875404962
0.1,3,200,57,CQHR,Gaussian,cqr,native,0.5,0.0,2,4.719684814319031,16.432400907417243,37.584486629153545
0.1,3,200,57,CQHR,Gaussian,cqr,native,0.5,0.0,3,3.5921322975338854,11.705391631349766,27.00291556023344
0.1,3,200,57,TSCP_R,Gaussian,cqr,capped,0.5,0.0,1,4.894230608429069,5.602382033934982,16.098994676299043
0.1,3,200,57,TSCP_R,Gaussian,cqr,capped,0.5,0.0,2,4.719684814319031,5.203709353699167,15.127103521717336
0.1,3,200,57,TSCP_R,Gaussian,cqr,capped,0.5,0.0,3,3.5921322975338854,3.939565012577753,11.471262322689395
0.1,3,200,57,Unscaled,Gaussian,cqr,raw,0.5,0.0,1,4.894230608429069,5.281912773215055,15.458056154859175
0.1,3,200,57,Unscaled,Gaussian,cqr,raw,0.5,0.0,2,4.719684814319031,5.281912773215055,15.283510360749142
0.1,3,200,57,Unscaled,Gaussian,cqr,raw,0.5,0.0,3,3.5921322975338854,5.281912773215055,14.155957843964003
0.1,3,200,57,Empirical_copula,Gaussian,cqr,raw,0.5,0.0,1,4.894230608429069,5.855734558251513,16.605699724932105
0.1,3,200,57,Empirical_copula,Gaussian,cqr,raw,0.5,0.0,2,4.719684814319031,4.98836914011277,14.696423094544544
0.1,3,200,57,Empirical_copula,Gaussian,cqr,raw,0.5,0.0,3,3.5921322975338854,3.607905204109975,10.807942705753833
0.1,3,200,58,CQHR,Gaussian,cqr,native,0.5,0.0,1,4.634785216630956,14.519389941178169,33.67356509898762
0.1,3,200,58,CQHR,Gaussian,cqr,native,0.5,0.0,2,4.233956677077083,17.879710585668953,39.993377848415065
0.1,3,200,58,CQHR,Gaussian,cqr,native,0.5,0.0,3,3.4533614403491666,13.283935028096277,30.021231496541688
0.1,3,200,58,TSCP_R,Gaussian,cqr,capped,0.5,0.0,1,4.634785216630956,6.518346099391107,17.67147741541317
0.1,3,200,58,TSCP_R,Gaussian,cqr,capped,0.5,0.0,2,4.233956677077083,5.240384752477402,14.714726182031882
0.1,3,200,58,TSCP_R,Gaussian,cqr,capped,0.5,0.0,3,3.4533614403491666,3.6863357817457363,10.82603300384064
0.1,3,200,58,Unscaled,Gaussian,cqr,raw,0.5,0.0,1,4.634785216630956,5.450485619516454,15.535756455663877
0.1,3,200,58,Unscaled,Gaussian,cqr,raw,0.5,0.0,2,4.233956677077083,5.450485619516454,15.134927916109994
0.1,3,200,58,Unscaled,Gaussian,cqr,raw,0.5,0.0,3,3.4533614403491666,5.450485619516454,14.354332679382075
0.1,3,200,58,Empirical_copula,Gaussian,cqr,raw,0.5,0.0,1,4.634785216630956,6.477691282418046,17.59016778146707
0.1,3,200,58,Empirical_copula,Gaussian,cqr,raw,0.5,0.0,2,4.233956677077083,5.411770233509334,15.057497144095748
0.1,3,200,58,Empirical_copula,Gaussian,cqr,raw,0.5,0.0,3,3.4533614403491666,2.927200480455502,9.307762401260172
0.1,3,200,59,CQHR,Gaussian,cqr,native,0.5,0.0,1,4.740524237988958,16.763201769038666,38.26692777606615
0.1,3,200,59,CQHR,Gaussian,cqr,native,0.5,0.0,2,4.239689153461694,25.791888428481634,55.823466010425015
0.1,3,200,59,CQHR,Gaussian,cqr,native,0.5,0.0,3,3.6297756930743654,18.331061682534266,40.291899058142896
0.1,3,200,59,TSCP_R,Gaussian,cqr,capped,0.5,0.0,1,4.740524237988958,5.75737487941194,16.255273996812843
0.1,3,200,59,TSCP_R,Gaussian,cqr,capped,0.5,0.0,2,4.239689153461694,6.163817172476362,16.56732349841439
0.1,3,200,59,TSCP_R,Gaussian,cqr,capped,0.5,0.0,3,3.6297756930743654,3.1656981646092643,9.961172022292892
0.1,3,200,59,Unscaled,Gaussian,cqr,raw,0.5,0.0,1,4.740524237988958,5.451942459104969,15.644409156198895
0.1,3,200,59,Unscaled,Gaussian,cqr,raw,0.5,0.0,2,4.239689153461694,5.451942459104969,15.143574071671637
0.1,3,200,59,Unscaled,Gaussian,cqr,raw,0.5,0.0,3,3.6297756930743654,5.451942459104969,14.53366061128431
0.1,3,200,59,Empirical_copula,Gaussian,cqr,raw,0.5,0.0,1,4.740524237988958,5.590544697093018,15.921613632174983
0.1,3,200,59,Empirical_copula,Gaussian,cqr,raw,0.5,0.0,2,4.239689153461694,6.3709483407966285,16.981585835054936
0.1,3,200,59,Empirical_copula,Gaussian,cqr,raw,0.5,0.0,3,3.6297756930743654,3.157024815453297,9.943825323980962
0.1,3,200,60,CQHR,Gaussian,cqr,native,0.5,0.0,1,4.662567909607392,14.546117652090507,33.75480321378849
0.1,3,200,60,CQHR,Gaussian,cqr,native,0.5,0.0,2,4.240845019184699,17.087773676080776,38.41639237134627
0.1,3,200,60,CQHR,Gaussian,cqr,native,0.5,0.0,3,3.474617381731299,13.148146209780625,29.77090980129251
0.1,3,200,60,TSCP_R,Gaussian,cqr,capped,0.5,0.0,1,4.662567909607392,5.760499396547986,16.183566702703363
0.1,3,200,60,TSCP_R,Gaussian,cqr,capped,0.5,0.0,2,4.240845019184699,4.695725436798908,13.632295892782505
0.1,3,200,60,TSCP_R,Gaussian,cqr,capped,0.5,0.0,3,3.474617381731299,3.5806450778667385,10.635907537464774
0.1,3,200,60,Unscaled,Gaussian,cqr,raw,0.5,0.0,1,4.662567909607392,4.683868658054393,14.030305225716175
0.1,3,200,60,Unscaled,Gaussian,cqr,raw,0.5,0.0,2,4.240845019184699,4.683868658054393,13.608582335293482
0.1,3,200,60,Unscaled,Gaussian,cqr,raw,0.5,0.0,3,3.474617381731299,4.683868658054393,12.842354697840078
0.1,3,200,60,Empirical_copula,Gaussian,cqr,raw,0.5,0.0,1,4.662567909607392,5.894796151781426,16.452160213170252
0.1,3,200,60,Empirical_copula,Gaussian,cqr,raw,0.5,0.0,2,4.240845019184699,4.609702657667889,13.46025033452048
0.1,3,200,60,Empirical_copula,Gaussian,cqr,raw,0.5,0.0,3,3.474617381731299,3.558512423945949,10.591642229623206
0.1,3,200,61,CQHR,Gaussian,cqr,native,0.5,0.0,1,4.847915124515221,12.136377841543181,29.12067080760127
0.1,3,200,61,CQHR,Gaussian,cqr,native,0.5,0.0,2,4.551720290413033,18.158443571819145,40.86860743405131
0.1,3,200,61,CQHR,Gaussian,cqr,native,0.5,0.0,3,3.469872571488114,11.965863816109902,27.401600203707925
0.1,3,200,61,TSCP_R,Gaussian,cqr,capped,0.5,0.0,1,4.847915124515221,5.5651849851040796,15.978285094723379
0.1,3,200,61,TSCP_R,Gaussian,cqr,capped,0.5,0.0,2,4.551720290413033,5.576195067265708,15.704110424944444
0.1,3,200,61,TSCP_R,Gaussian,cqr,capped,0.5,0.0,3,3.469872571488114,4.130998108493765,11.731868788475646
0.1,3,200,61,Unscaled,Gaussian,cqr,raw,0.5,0.0,1,4.847915124515221,5.46431739854882,15.77654992161285
0.1,3,200,61,Unscaled,Gaussian,cqr,raw,0.5,0.0,2,4.551720290413033,5.46431739854882,15.480355087510665
0.1,3,200,61,Unscaled,Gaussian,cqr,raw,0.5,0.0,3,3.469872571488114,5.46431739854882,14.398507368585745
0.1,3,200,61,Empirical_copula,Gaussian,cqr,raw,0.5,0.0,1,4.847915124515221,5.767003448536803,16.381922021588824
0.1,3,200,61,Empirical_copula,Gaussian,cqr,raw,0.5,0.0,2,4.551720290413033,5.452766908552377,15.45725410751779
0.1,3,200,61,Empirical_copula,Gaussian,cqr,raw,0.5,0.0,3,3.469872571488114,3.9505899084219305,11.371052388331982
0.1,3,200,62,CQHR,Gaussian,cqr,native,0.5,0.0,1,4.749075819610902,11.085981208577318,26.921038236765412
0.1,3,200,62,CQHR,Gaussian,cqr,native,0.5,0.0,2,4.472128719113233,14.623023658033116,33.718176035179425
0.1,3,200,62,CQHR,Gaussian,cqr,native,0.5,0.0,3,3.561742844637084,9.8204909825214,23.202724809679864
0.1,3,200,62,TSCP_R,Gaussian,cqr,capped,0.5,0.0,1,4.749075819610902,5.116297038816474,14.981669897243858
0.1,3,200,62,TSCP_R,Gaussian,cqr,capped,0.5,0.0,2,4.472128719113233,5.109938749489927,14.692006218093084
0.1,3,200,62,TSCP_R,Gaussian,cqr,capped,0.5,0.0,3,3.561742844637084,3.3860868089807052,10.33391646259851
0.1,3,200,62,Unscaled,Gaussian,cqr,raw,0.5,0.0,1,4.749075819610902,4.7400467342098525,14.229169288030622
0.1,3,200,62,Unscaled,Gaussian,cqr,raw,0.5,0.0,2,4.472128719113233,4.7400467342098525,13.952222187532934
0.1,3,200,62,Unscaled,Gaussian,cqr,raw,0.5,0.0,3,3.561742844637084,4.7400467342098525,13.041836313056784
0.1,3,200,62,Empirical_copula,Gaussian,cqr,raw,0.5,0.0,1,4.749075819610902,4.813812973632661,14.376701766876225
0.1,3,200,62,Empirical_copula,Gaussian,cqr,raw,0.5,0.0,2,4.472128719113233,5.874524542356367,16.221177803825967
0.1,3,200,62,Empirical_copula,Gaussian,cqr,raw,0.5,0.0,3,3.561742844637084,3.2484856728552316,10.058714190347544
0.1,3,200,63,CQHR,Gaussian,cqr,native,0.5,0.0,1,4.844344259736346,9.920965256090017,24.68627477191625
0.1,3,200,63,CQHR,Gaussian,cqr,native,0.5,0.0,2,4.37713121360536,11.57922825935012,27.5355877323056
0.1,3,200,63,CQHR,Gaussian,cqr,native,0.5,0.0,3,3.332104915536255,8.490462809008584,20.313030533553373
0.1,3,200,63,TSCP_R,Gaussian,cqr,capped,0.5,0.0,1,4.844344259736346,5.592411028251405,16.029166316239134
0.1,3,200,63,TSCP_R,Gaussian,cqr,capped,0.5,0.0,2,4.37713121360536,4.918747639522555,14.214626492650444
0.1,3,200,63,TSCP_R,Gaussian,cqr,capped,0.5,0.0,3,3.332104915536255,3.234795080806748,9.801695077149757
0.1,3,200,63,Unscaled,Gaussian,cqr,raw,0.5,0.0,1,4.844344259736346,5.1962679851073865,15.236880229951106
0.1,3,200,63,Unscaled,Gaussian,cqr,raw,0.5,0.0,2,4.37713121360536,5.1962679851073865,14.769667183820108
0.1,3,200,63,Unscaled,Gaussian,cqr,raw,0.5,0.0,3,3.332104915536255,5.1962679851073865,13.724640885751015
0.1,3,200,63,Empirical_copula,Gaussian,cqr,raw,0.5,0.0,1,4.844344259736346,5.5260652739401435,15.896474807616626
0.1,3,200,63,Empirical_copula,Gaussian,cqr,raw,0.5,0.0,2,4.37713121360536,5.465018492306584,15.307168198218541
0.1,3,200,63,Empirical_copula,Gaussian,cqr,raw,0.5,0.0,3,3.332104915536255,2.9880198156999818,9.30814454693621
0.1,3,200,64,CQHR,Gaussian,cqr,native,0.5,0.0,1,4.785849488293157,14.580113031966254,33.94607555222586
0.1,3,200,64,CQHR,Gaussian,cqr,native,0.5,0.0,2,4.329645443046861,21.683101903112803,47.69584924927254
0.1,3,200,64,CQHR,Gaussian,cqr,native,0.5,0.0,3,3.5182433975328227,14.346116533298082,32.210476464128945
0.1,3,200,64,TSCP_R,Gaussian,cqr,capped,0.5,0.0,1,4.785849488293157,5.240207103978473,15.266263696250107
0.1,3,200,64,TSCP_R,Gaussian,cqr,capped,0.5,0.0,2,4.329645443046861,4.830880464931558,13.991406372909978
0.1,3,200,64,TSCP_R,Gaussian,cqr,capped,0.5,0.0,3,3.5182433975328227,3.1695122589191005,9.857267915371033
0.1,3,200,64,Unscaled,Gaussian,cqr,raw,0.5,0.0,1,4.785849488293157,4.8189028932635045,14.42365527482015
0.1,3,200,64,Unscaled,Gaussian,cqr,raw,0.5,0.0,2,4.329645443046861,4.8189028932635045,13.967451229573859
0.1,3,200,64,Unscaled,Gaussian,cqr,raw,0.5,0.0,3,3.5182433975328227,4.8189028932635045,13.15604918405984
0.1,3,200,64,Empirical_copula,Gaussian,cqr,raw,0.5,0.0,1,4.785849488293157,5.393834089257402,15.573517666807966
0.1,3,200,64,Empirical_copula,Gaussian,cqr,raw,0.5,0.0,2,4.329645443046861,4.951965060158562,14.233575563363987
0.1,3,200,64,Empirical_copula,Gaussian,cqr,raw,0.5,0.0,3,3.5182433975328227,2.650399146009864,8.819041689552545
0.1,3,200,65,CQHR,Gaussian,cqr,native,0.5,0.0,1,4.795605947638126,13.638222832126257,32.07205161189042
0.1,3,200,65,CQHR,Gaussian,cqr,native,0.5,0.0,2,4.427574786949777,17.865196012332223,40.15796681161421
0.1,3,200,65,CQHR,Gaussian,cqr,native,0.5,0.0,3,3.3086980538160984,11.447319468284958,26.203336990386006
0.1,3,200,65,TSCP_R,Gaussian,cqr,capped,0.5,0.0,1,4.795605947638126,6.102258473746472,17.000122895131064
0.1,3,200,65,TSCP_R,Gaussian,cqr,capped,0.5,0.0,2,4.427574786949777,5.15407238271228,14.73571955237434
0.1,3,200,65,TSCP_R,Gaussian,cqr,capped,0.5,0.0,3,3.3086980538160984,4.149086688658916,11.606871431133925
0.1,3,200,65,Unscaled,Gaussian,cqr,raw,0.5,0.0,1,4.795605947638126,5.132530846810815,15.060667641259752
0.1,3,200,65,Unscaled,Gaussian,cqr,raw,0.5,0.0,2,4.427574786949777,5.132530846810815,14.692636480571403
0.1,3,200,65,Unscaled,Gaussian,cqr,raw,0.5,0.0,3,3.3086980538160984,5.132530846810815,13.573759747437732
0.1,3,200,65,Empirical_copula,Gaussian,cqr,raw,0.5,0.0,1,4.795605947638126,5.209724731173452,15.215055409985029
0.1,3,200,65,Empirical_copula,Gaussian,cqr,raw,0.5,0.0,2,4.427574786949777,5.0807538901522555,14.589082567254282
0.1,3,200,65,Empirical_copula,Gaussian,cqr,raw,0.5,0.0,3,3.3086980538160984,4.079191106561797,11.467080266939679
0.1,3,200,66,CQHR,Gaussian,cqr,native,0.5,0.0,1,4.629282718987848,17.569982121416658,39.76924696182143
0.1,3,200,66,CQHR,Gaussian,cqr,native,0.5,0.0,2,4.596166135892072,40.38567905512713,85.36752424614625
0.1,3,200,66,CQHR,Gaussian,cqr,native,0.5,0.0,3,3.521116932294135,22.710562555581063,48.942242043456254
0.1,3,200,66,TSCP_R,Gaussian,cqr,capped,0.5,0.0,1,4.629282718987848,6.058188942487293,16.745660603962435
0.1,3,200,66,TSCP_R,Gaussian,cqr,capped,0.5,0.0,2,4.596166135892072,7.211518246645788,19.019202629183642
0.1,3,200,66,TSCP_R,Gaussian,cqr,capped,0.5,0.0,3,3.521116932294135,3.5343091661935673,10.589735264681275
0.1,3,200,66,Unscaled,Gaussian,cqr,raw,0.5,0.0,1,4.629282718987848,5.014660406412444,14.658603531812732
0.1,3,200,66,Unscaled,Gaussian,cqr,raw,0.5,0.0,2,4.596166135892072,5.014660406412444,14.625486948716977
0.1,3,200,66,Unscaled,Gaussian,cqr,raw,0.5,0.0,3,3.521116932294135,5.014660406412444,13.550437745119023
0.1,3,200,66,Empirical_copula,Gaussian,cqr,raw,0.5,0.0,1,4.629282718987848,5.531913894273421,15.693110507534692
0.1,3,200,66,Empirical_copula,Gaussian,cqr,raw,0.5,0.0,2,4.596166135892072,7.198645592730781,18.993457321353645
0.1,3,200,66,Empirical_copula,Gaussian,cqr,raw,0.5,0.0,3,3.521116932294135,3.528717273539625,10.578551479373392
0.1,3,200,67,CQHR,Gaussian,cqr,native,0.5,0.0,1,4.692887083716058,11.957970639310844,28.60882836233808
0.1,3,200,67,CQHR,Gaussian,cqr,native,0.5,0.0,2,4.368281292422845,15.068762120068863,34.50580553256055
0.1,3,200,67,CQHR,Gaussian,cqr,native,0.5,0.0,3,3.480413371521494,11.297609366522627,26.075632104566747
0.1,3,200,67,TSCP_R,Gaussian,cqr,capped,0.5,0.0,1,4.692887083716058,5.88606785739008,16.46502279849623
0.1,3,200,67,TSCP_R,Gaussian,cqr,capped,0.5,0.0,2,4.368281292422845,5.328756278236771,15.025793848896377
0.1,3,200,67,TSCP_R,Gaussian,cqr,capped,0.5,0.0,3,3.480413371521494,3.5933429078661816,10.667099187253863
0.1,3,200,67,Unscaled,Gaussian,cqr,raw,0.5,0.0,1,4.692887083716058,5.104317853995962,14.901522791707984
0.1,3,200,67,Unscaled,Gaussian,cqr,raw,0.5,0.0,2,4.368281292422845,5.104317853995962,14.576917000414769
0.1,3,200,67,Unscaled,Gaussian,cqr,raw,0.5,0.0,3,3.480413371521494,5.104317853995962,13.689049079513412
0.1,3,200,67,Empirical_copula,Gaussian,cqr,raw,0.5,0.0,1,4.692887083716058,5.875907107361995,16.44470129844005
0.1,3,200,67,Empirical_copula,Gaussian,cqr,raw,0.5,0.0,2,4.368281292422845,5.104317853950071,14.576917000322986
0.1,3,200,67,Empirical_copula,Gaussian,cqr,raw,0.5,0.0,3,3.480413371521494,3.2438181250764373,9.968049621674362
0.1,3,200,68,CQHR,Gaussian,cqr,native,0.5,0.0,1,4.782977801422697,12.395010291924999,29.572998385272324
0.1,3,200,68,CQHR,Gaussian,cqr,native,0.5,0.0,2,4.546179267825596,66.52605317209837,137.59828561202207
0.1,3,200,68,CQHR,Gaussian,cqr,native,0.5,0.0,3,3.5579135573663416,64.5135544127405,132.58502238284703
0.1,3,200,68,TSCP_R,Gaussian,cqr,capped,0.5,0.0,1,4.782977801422697,5.9303027116247495,16.643583224672202
0.1,3,200,68,TSCP_R,Gaussian,cqr,capped,0.5,0.0,2,4.546179267825596,6.065637458915407,16.677454185656433
0.1,3,200,68,TSCP_R,Gaussian,cqr,capped,0.5,0.0,3,3.5579135573663416,3.7263715455112902,11.010656648388931
0.1,3,200,68,Unscaled,Gaussian,cqr,raw,0.5,0.0,1,4.782977801422697,5.147937495990034,15.078852793402781
0.1,3,200,68,Unscaled,Gaussian,cqr,raw,0.5,0.0,2,4.546179267825596,5.147937495990034,14.842054259805678
0.1,3,200,68,Unscaled,Gaussian,cqr,raw,0.5,0.0,3,3.5579135573663416,5.147937495990034,13.85378854934641
0.1,3,200,68,Empirical_copula,Gaussian,cqr,raw,0.5,0.0,1,4.782977801422697,5.917163306256885,16.617304413936473
0.1,3,200,68,Empirical_copula,Gaussian,cqr,raw,0.5,0.0,2,4.546179267825596,4.799051440412349,14.144282148650296
0.1,3,200,68,Empirical_copula,Gaussian,cqr,raw,0.5,0.0,3,3.5579135573663416,3.957232200293067,11.472377957952492
0.1,3,200,69,CQHR,Gaussian,cqr,native,0.5,0.0,1,4.815282605699889,13.55012799080872,31.915538587317606
0.1,3,200,69,CQHR,Gaussian,cqr,native,0.5,0.0,2,4.468983060804899,16.50468261315872,37.478348287122344
0.1,3,200,69,CQHR,Gaussian,cqr,native,0.5,0.0,3,3.8390114012163448,13.699114361667878,31.237240124552105
0.1,3,200,69,TSCP_R,Gaussian,cqr,capped,0.5,0.0,1,4.815282605699889,5.945561465057912,16.70640553581573
0.1,3,200,69,TSCP_R,Gaussian,cqr,capped,0.5,0.0,2,4.468983060804899,7.042744447927848,18.554471956660578
0.1,3,200,69,TSCP_R,Gaussian,cqr,capped,0.5,0.0,3,3.8390114012163448,4.550705123786228,12.940421648788796
0.1,3,200,69,Unscaled,Gaussian,cqr,raw,0.5,0.0,1,4.815282605699889,5.88476533631966,16.58481327833921
0.1,3,200,69,Unscaled,Gaussian,cqr,raw,0.5,0.0,2,4.468983060804899,5.88476533631966,16.23851373344422
0.1,3,200,69,Unscaled,Gaussian,cqr,raw,0.5,0.0,3,3.8390114012163448,5.88476533631966,15.608542073855661
0.1,3,200,69,Empirical_copula,Gaussian,cqr,raw,0.5,0.0,1,4.815282605699889,5.945312856011275,16.705908317722418
0.1,3,200,69,Empirical_copula,Gaussian,cqr,raw,0.5,0.0,2,4.468983060804899,5.922944113917975,16.314871288640852
0.1,3,200,69,Empirical_copula,Gaussian,cqr,raw,0.5,0.0,3,3.8390114012163448,4.2446499554779855,12.32831131217233
0.1,3,200,70,CQHR,Gaussian,cqr,native,0.5,0.0,1,4.623950274475916,12.773238372782737,30.170427020041572
0.1,3,200,70,CQHR,Gaussian,cqr,native,0.5,0.0,2,4.506249693116546,58.09906862188497,120.70438693688658
0.1,3,200,70,CQHR,Gaussian,cqr,native,0.5,0.0,3,3.4751694478398765,41.625453644274046,86.72607673638792
0.1,3,200,70,TSCP_R,Gaussian,cqr,capped,0.5,0.0,1,4.623950274475916,5.494633079723382,15.61321643392271
0.1,3,200,70,TSCP_R,Gaussian,cqr,capped,0.5,0.0,2,4.506249693116546,5.4378078673254855,15.381865427767513
0.1,3,200,70,TSCP_R,Gaussian,cqr,capped,0.5,0.0,3,3.4751694478398765,2.8957585172866365,9.266686482413158
0.1,3,200,70,Unscaled,Gaussian,cqr,raw,0.5,0.0,1,4.623950274475916,4.651162321214154,13.926274916904237
0.1,3,200,70,Unscaled,Gaussian,cqr,raw,0.5,0.0,2,4.506249693116546,4.651162321214154,13.808574335544854
0.1,3,200,70,Unscaled,Gaussian,cqr,raw,0.5,0.0,3,3.4751694478398765,4.651162321214154,12.777494090268188
0.1,3,200,70,Empirical_copula,Gaussian,cqr,raw,0.5,0.0,1,4.623950274475916,5.690953163674649,16.005856601825197
0.1,3,200,70,Empirical_copula,Gaussian,cqr,raw,0.5,0.0,2,4.506249693116546,4.823738581466285,14.153726856049113
0.1,3,200,70,Empirical_copula,Gaussian,cqr,raw,0.5,0.0,3,3.4751694478398765,2.6685225921904046,8.812214632220693
0.1,3,200,71,CQHR,Gaussian,cqr,native,0.5,0.0,1,4.716100067093662,10.81826642295863,26.35263291301063
0.1,3,200,71,CQHR,Gaussian,cqr,native,0.5,0.0,2,4.3233724546291095,12.564298306610345,29.45196906784979
0.1,3,200,71,CQHR,Gaussian,cqr,native,0.5,0.0,3,3.5161188954798317,9.455317596685331,22.4267540888505
0.1,3,200,71,TSCP_R,Gaussian,cqr,capped,0.5,0.0,1,4.716100067093662,6.469874353244499,17.65584877358268
0.1,3,200,71,TSCP_R,Gaussian,cqr,capped,0.5,0.0,2,4.3233724546291095,4.6140983320928335,13.55156911881478
0.1,3,200,71,TSCP_R,Gaussian,cqr,capped,0.5,0.0,3,3.5161188954798317,3.8694752940348067,11.255069483549438
0.1,3,200,71,Unscaled,Gaussian,cqr,raw,0.5,0.0,1,4.716100067093662,4.765350603336189,14.246801273766035
0.1,3,200,71,Unscaled,Gaussian,cqr,raw,0.5,0.0,2,4.3233724546291095,4.765350603336189,13.854073661301484
0.1,3,200,71,Unscaled,Gaussian,cqr,raw,0.5,0.0,3,3.5161188954798317,4.765350603336189,13.046820102152216
0.1,3,200,71,Empirical_copula,Gaussian,cqr,raw,0.5,0.0,1,4.716100067093662,6.954902657710768,18.6259053825152
0.1,3,200,71,Empirical_copula,Gaussian,cqr,raw,0.5,0.0,2,4.3233724546291095,4.3442894543942545,13.01195136341762
0.1,3,200,71,Empirical_copula,Gaussian,cqr,raw,0.5,0.0,3,3.5161188954798317,3.681283342188248,10.87868557985634
0.1,3,200,72,CQHR,Gaussian,cqr,native,0.5,0.0,1,4.7332333501551656,11.06257454440396,26.858382438962938
0.1,3,200,72,CQHR,Gaussian,cqr,native,0.5,0.0,2,4.514781347102885,16.554549736274158,37.623880819651184
0.1,3,200,72,CQHR,Gaussian,cqr,native,0.5,0.0,3,3.48418855987144,11.229442934222307,25.943074428316095
0.1,3,200,72,TSCP_R,Gaussian,cqr,capped,0.5,0.0,1,4.7332333501551656,6.074465785211931,16.882164920579033
0.1,3,200,72,TSCP_R,Gaussian,cqr,capped,0.5,0.0,2,4.514781347102885,5.311944287627107,15.138669922357106
0.1,3,200,72,TSCP_R,Gaussian,cqr,capped,0.5,0.0,3,3.48418855987144,4.083650309208712,11.651489178288868
0.1,3,200,72,Unscaled,Gaussian,cqr,raw,0.5,0.0,1,4.7332333501551656,5.242997807846367,15.21922896584789
0.1,3,200,72,Unscaled,Gaussian,cqr,raw,0.5,0.0,2,4.514781347102885,5.242997807846367,15.000776962795614
0.1,3,200,72,Unscaled,Gaussian,cqr,raw,0.5,0.0,3,3.48418855987144,5.242997807846367,13.970184175564182
0.1,3,200,72,Empirical_copula,Gaussian,cqr,raw,0.5,0.0,1,4.7332333501551656,5.4196656686360924,15.572564687427375
0.1,3,200,72,Empirical_copula,Gaussian,cqr,raw,0.5,0.0,2,4.514781347102885,5.300943722328801,15.1166687917605
0.1,3,200,72,Empirical_copula,Gaussian,cqr,raw,0.5,0.0,3,3.48418855987144,4.12778606218021,11.739760684231873
0.1,3,200,73,CQHR,Gaussian,cqr,native,0.5,0.0,1,4.784773435889124,13.14249612528879,31.0697656864669
0.1,3,200,73,CQHR,Gaussian,cqr,native,0.5,0.0,2,4.350570648442768,20.627522879282427,45.60561640700764
0.1,3,200,73,CQHR,Gaussian,cqr,native,0.5,0.0,3,3.4761716405629115,17.799254256902735,39.07468015436842
0.1,3,200,73,TSCP_R,Gaussian,cqr,capped,0.5,0.0,1,4.784773435889124,6.14632619588521,17.077425827659553
0.1,3,200,73,TSCP_R,Gaussian,cqr,capped,0.5,0.0,2,4.350570648442768,5.734621107560631,15.819812863564021
0.1,3,200,73,TSCP_R,Gaussian,cqr,capped,0.5,0.0,3,3.4761716405629115,3.2033389695867704,9.882849579736453
0.1,3,200,73,Unscaled,Gaussian,cqr,raw,0.5,0.0,1,4.784773435889124,5.368061599454422,15.520896634797968
0.1,3,200,73,Unscaled,Gaussian,cqr,raw,0.5,0.0,2,4.350570648442768,5.368061599454422,15.08669384735161
0.1,3,200,73,Unscaled,Gaussian,cqr,raw,0.5,0.0,3,3.4761716405629115,5.368061599454422,14.21229483947175
0.1,3,200,73,Empirical_copula,Gaussian,cqr,raw,0.5,0.0,1,4.784773435889124,6.269530809464101,17.32383505481732
0.1,3,200,73,Empirical_copula,Gaussian,cqr,raw,0.5,0.0,2,4.350570648442768,5.064868663639853,14.480307975722484
0.1,3,200,73,Empirical_copula,Gaussian,cqr,raw,0.5,0.0,3,3.4761716405629115,3.1952300170919656,9.866631674746836
0.1,3,200,74,CQHR,Gaussian,cqr,native,0.5,0.0,1,4.904765106924917,11.645039092532004,28.19484329198911
0.1,3,200,74,CQHR,Gaussian,cqr,native,0.5,0.0,2,4.530369828175232,13.399638820787457,31.329647469750142
0.1,3,200,74,CQHR,Gaussian,cqr,native,0.5,0.0,3,3.314183237965568,8.992190184759904,21.298563607485374
0.1,3,200,74,TSCP_R,Gaussian,cqr,capped,0.5,0.0,1,4.904765106924917,5.851236049435432,16.607237205795776
0.1,3,200,74,TSCP_R,Gaussian,cqr,capped,0.5,0.0,2,4.530369828175232,4.821941939813108,14.174253707801448
0.1,3,200,74,TSCP_R,Gaussian,cqr,capped,0.5,0.0,3,3.314183237965568,3.3355343780522833,9.985251994070127
0.1,3,200,74,Unscaled,Gaussian,cqr,raw,0.5,0.0,1,4.904765106924917,5.345336282072891,15.595437671070698
0.1,3,200,74,Unscaled,Gaussian,cqr,raw,0.5,0.0,2,4.530369828175232,5.345336282072891,15.221042392321012
0.1,3,200,74,Unscaled,Gaussian,cqr,raw,0.5,0.0,3,3.314183237965568,5.345336282072891,14.004855802111337
0.1,3,200,74,Empirical_copula,Gaussian,cqr,raw,0.5,0.0,1,4.904765106924917,5.837371721879383,16.57950855068368
0.1,3,200,74,Empirical_copula,Gaussian,cqr,raw,0.5,0.0,2,4.530369828175232,4.680122329823772,13.890614487822765
0.1,3,200,74,Empirical_copula,Gaussian,cqr,raw,0.5,0.0,3,3.314183237965568,3.4401301646786333,10.19444356732283
0.1,3,200,75,CQHR,Gaussian,cqr,native,0.5,0.0,1,4.889689212693742,14.978363748358513,34.846416709410626
0.1,3,200,75,CQHR,Gaussian,cqr,native,0.5,0.0,2,4.3132411402307875,16.966671011836894,38.246583163904596
0.1,3,200,75,CQHR,Gaussian,cqr,native,0.5,0.0,3,3.443940290080715,13.081649294825572,29.607238879731856
0.1,3,200,75,TSCP_R,Gaussian,cqr,capped,0.5,0.0,1,4.889689212693742,5.529652046668456,15.948993306030662
0.1,3,200,75,TSCP_R,Gaussian,cqr,capped,0.5,0.0,2,4.3132411402307875,6.000025192834806,16.313291525900414
0.1,3,200,75,TSCP_R,Gaussian,cqr,capped,0.5,0.0,3,3.443940290080715,3.2093092206445895,9.862558731369907
0.1,3,200,75,Unscaled,Gaussian,cqr,raw,0.5,0.0,1,4.889689212693742,4.625690356217674,14.141069925129111
0.1,3,200,75,Unscaled,Gaussian,cqr,raw,0.5,0.0,2,4.3132411402307875,4.625690356217674,13.564621852666122
0.1,3,200,75,Unscaled,Gaussian,cqr,raw,0.5,0.0,3,3.443940290080715,4.625690356217674,12.695321002516062
0.1,3,200,75,Empirical_copula,Gaussian,cqr,raw,0.5,0.0,1,4.889689212693742,4.9750079700757865,14.839705152845317
0.1,3,200,75,Empirical_copula,Gaussian,cqr,raw,0.5,0.0,2,4.3132411402307875,5.39417022583001,15.101581591890815
0.1,3,200,75,Empirical_copula,Gaussian,cqr,raw,0.5,0.0,3,3.443940290080715,3.373449866925929,10.190840023932589
0.1,3,200,76,CQHR,Gaussian,cqr,native,0.5,0.0,1,4.8220863018211535,11.054657341533812,26.93140098488858
0.1,3,200,76,CQHR,Gaussian,cqr,native,0.5,0.0,2,4.402247344294168,15.414444206314188,35.23113575692255
0.1,3,200,76,CQHR,Gaussian,cqr,native,0.5,0.0,3,3.331569662758467,11.191255450481895,25.714080563722234
0.1,3,200,76,TSCP_R,Gaussian,cqr,capped,0.5,0.0,1,4.8220863018211535,5.350737176679695,15.523560655180539
0.1,3,200,76,TSCP_R,Gaussian,cqr,capped,0.5,0.0,2,4.402247344294168,3.806145664662859,12.014538673619896
0.1,3,200,76,TSCP_R,Gaussian,cqr,capped,0.5,0.0,3,3.331569662758467,3.5430671126142825,10.41770388798703
0.1,3,200,76,Unscaled,Gaussian,cqr,raw,0.5,0.0,1,4.8220863018211535,4.048992892129322,12.920072086079802
0.1,3,200,76,Unscaled,Gaussian,cqr,raw,0.5,0.0,2,4.402247344294168,4.048992892129322,12.500233128552827
0.1,3,200,76,Unscaled,Gaussian,cqr,raw,0.5,0.0,3,3.331569662758467,4.048992892129322,11.429555447017108
0.1,3,200,76,Empirical_copula,Gaussian,cqr,raw,0.5,0.0,1,4.8220863018211535,5.510290316721502,15.842666935264166
0.1,3,200,76,Empirical_copula,Gaussian,cqr,raw,0.5,0.0,2,4.402247344294168,3.7965547504115484,11.99535684511726
0.1,3,200,76,Empirical_copula,Gaussian,cqr,raw,0.5,0.0,3,3.331569662758467,2.690688058110794,8.712945778980053
0.1,3,200,77,CQHR,Gaussian,cqr,native,0.5,0.0,1,4.786611260843662,10.823925730146641,26.43446272113712
0.1,3,200,77,CQHR,Gaussian,cqr,native,0.5,0.0,2,4.414415855664131,13.890445192004657,32.195306239673485
0.1,3,200,77,CQHR,Gaussian,cqr,native,0.5,0.0,3,3.7265817161038863,12.242039003049376,28.210659722202635
0.1,3,200,77,TSCP_R,Gaussian,cqr,capped,0.5,0.0,1,4.786611260843662,5.622382506805733,16.031376274455127
0.1,3,200,77,TSCP_R,Gaussian,cqr,capped,0.5,0.0,2,4.414415855664131,5.655843293031363,15.726102441726853
0.1,3,200,77,TSCP_R,Gaussian,cqr,capped,0.5,0.0,3,3.7265817161038863,4.111585657491498,11.949753031086889
0.1,3,200,77,Unscaled,Gaussian,cqr,raw,0.5,0.0,1,4.786611260843662,5.4693095823363915,15.725230425516424
0.1,3,200,77,Unscaled,Gaussian,cqr,raw,0.5,0.0,2,4.414415855664131,5.4693095823363915,15.353035020336907
0.1,3,200,77,Unscaled,Gaussian,cqr,raw,0.5,0.0,3,3.7265817161038863,5.4693095823363915,14.665200880776684
0.1,3,200,77,Empirical_copula,Gaussian,cqr,raw,0.5,0.0,1,4.786611260843662,5.608377483259336,16.00336622736235
0.1,3,200,77,Empirical_copula,Gaussian,cqr,raw,0.5,0.0,2,4.414415855664131,5.46930958229272,15.353035020249566
0.1,3,200,77,Empirical_copula,Gaussian,cqr,raw,0.5,0.0,3,3.7265817161038863,4.3453111587780295,12.417204033659957
0.1,3,200,78,CQHR,Gaussian,cqr,native,0.5,0.0,1,4.789208834180418,12.032032922117597,28.853274678415364
0.1,3,200,78,CQHR,Gaussian,cqr,native,0.5,0.0,2,4.431478698086775,14.162086108065363,32.75565091421745
0.1,3,200,78,CQHR,Gaussian,cqr,native,0.5,0.0,3,3.4688608846954434,11.052163521697889,25.573187928091215
0.1,3,200,78,TSCP_R,Gaussian,cqr,capped,0.5,0.0,1,4.789208834180418,6.062993305466254,16.91519544511294
0.1,3,200,78,TSCP_R,Gaussian,cqr,capped,0.5,0.0,2,4.431478698086775,6.041292239684217,16.51406317745522
0.1,3,200,78,TSCP_R,Gaussian,cqr,capped,0.5,0.0,3,3.4688608846954434,4.351447003053756,12.171754890802951
0.1,3,200,78,Unscaled,Gaussian,cqr,raw,0.5,0.0,1,4.789208834180418,5.195752618575284,15.180714071330973
0.1,3,200,78,Unscaled,Gaussian,cqr,raw,0.5,0.0,2,4.431478698086775,5.195752618575284,14.82298393523735
0.1,3,200,78,Unscaled,Gaussian,cqr,raw,0.5,0.0,3,3.4688608846954434,5.195752618575284,13.860366121846003
0.1,3,200,78,Empirical_copula,Gaussian,cqr,raw,0.5,0.0,1,4.789208834180418,6.008710594510092,16.806630023200604
0.1,3,200,78,Empirical_copula,Gaussian,cqr,raw,0.5,0.0,2,4.431478698086775,5.108637903774113,14.648754505634988
0.1,3,200,78,Empirical_copula,Gaussian,cqr,raw,0.5,0.0,3,3.4688608846954434,4.343005680541262,12.154872245777973
0.1,3,200,79,CQHR,Gaussian,cqr,native,0.5,0.0,1,4.722958078004434,12.711565952578896,30.146089983162238
0.1,3,200,79,CQHR,Gaussian,cqr,native,0.5,0.0,2,4.467390057468455,15.35969251973892,35.186775096946306
0.1,3,200,79,CQHR,Gaussian,cqr,native,0.5,0.0,3,3.683998135338619,12.522142447446832,28.728283030232276
0.1,3,200,79,TSCP_R,Gaussian,cqr,capped,0.5,0.0,1,4.722958078004434,6.325273781688631,17.373505641381705
0.1,3,200,79,TSCP_R,Gaussian,cqr,capped,0.5,0.0,2,4.467390057468455,6.318234041235055,17.103858139938588
0.1,3,200,79,TSCP_R,Gaussian,cqr,capped,0.5,0.0,3,3.683998135338619,3.7918569304830854,11.267711996304792
0.1,3,200,79,Unscaled,Gaussian,cqr,raw,0.5,0.0,1,4.722958078004434,6.006138483163794,16.735235044332004
0.1,3,200,79,Unscaled,Gaussian,cqr,raw,0.5,0.0,2,4.467390057468455,6.006138483163794,16.47966702379604
0.1,3,200,79,Unscaled,Gaussian,cqr,raw,0.5,0.0,3,3.683998135338619,6.006138483163794,15.696275101666215
0.1,3,200,79,Empirical_copula,Gaussian,cqr,raw,0.5,0.0,1,4.722958078004434,6.313775466275256,17.35050901055493
0.1,3,200,79,Empirical_copula,Gaussian,cqr,raw,0.5,0.0,2,4.467390057468455,6.648529809738125,17.764449676944704
0.1,3,200,79,Empirical_copula,Gaussian,cqr,raw,0.5,0.0,3,3.683998135338619,3.3236490937735894,10.331296322885787
0.1,3,200,80,CQHR,Gaussian,cqr,native,0.5,0.0,1,4.643124620733714,9.84126829520854,24.325661211151
0.1,3,200,80,CQHR,Gaussian,cqr,native,0.5,0.0,2,4.343899534348377,25.24410775775514,54.832115049858636
0.1,3,200,80,CQHR,Gaussian,cqr,native,0.5,0.0,3,3.4127413000329305,14.143765951816864,31.70027320366665
0.1,3,200,80,TSCP_R,Gaussian,cqr,capped,0.5,0.0,1,4.643124620733714,5.773206934056457,16.189538488846612
0.1,3,200,80,TSCP_R,Gaussian,cqr,capped,0.5,0.0,2,4.343899534348377,5.585904736302117,15.515709006952612
0.1,3,200,80,TSCP_R,Gaussian,cqr,capped,0.5,0.0,3,3.4127413000329305,3.74977981244233,10.912300924917588
0.1,3,200,80,Unscaled,Gaussian,cqr,raw,0.5,0.0,1,4.643124620733714,5.651277692303448,15.945680005340622
0.1,3,200,80,Unscaled,Gaussian,cqr,raw,0.5,0.0,2,4.343899534348377,5.651277692303448,15.646454918955257
0.1,3,200,80,Unscaled,Gaussian,cqr,raw,0.5,0.0,3,3.4127413000329305,5.651277692303448,14.715296684639833
0.1,3,200,80,Empirical_copula,Gaussian,cqr,raw,0.5,0.0,1,4.643124620733714,5.760864499527351,16.164853619788417
0.1,3,200,80,Empirical_copula,Gaussian,cqr,raw,0.5,0.0,2,4.343899534348377,5.318272412442898,14.980444359234177
0.1,3,200,80,Empirical_copula,Gaussian,cqr,raw,0.5,0.0,3,3.4127413000329305,2.970593629469871,9.353928558972669
0.1,3,200,81,CQHR,Gaussian,cqr,native,0.5,0.0,1,4.8511851854290216,13.024251886476973,30.899688958382647
0.1,3,200,81,CQHR,Gaussian,cqr,native,0.5,0.0,2,4.37727150844309,14.47081551131207,33.318902531067195
0.1,3,200,81,CQHR,Gaussian,cqr,native,0.5,0.0,3,3.461233856646757,10.959945517290242,25.381124891227234
0.1,3,200,81,TSCP_R,Gaussian,cqr,capped,0.5,0.0,1,4.8511851854290216,5.165944377672132,15.183073940773301
0.1,3,200,81,TSCP_R,Gaussian,cqr,capped,0.5,0.0,2,4.37727150844309,5.634254643536154,15.645780795515392
0.1,3,200,81,TSCP_R,Gaussian,cqr,capped,0.5,0.0,3,3.461233856646757,3.0193438899295293,9.499921636505825
0.1,3,200,81,Unscaled,Gaussian,cqr,raw,0.5,0.0,1,4.8511851854290216,4.368129273272053,13.58744373197312
0.1,3,200,81,Unscaled,Gaussian,cqr,raw,0.5,0.0,2,4.37727150844309,4.368129273272053,13.1135300549872
0.1,3,200,81,Unscaled,Gaussian,cqr,raw,0.5,0.0,3,3.461233856646757,4.368129273272053,12.19749240319086
0.1,3,200,81,Empirical_copula,Gaussian,cqr,raw,0.5,0.0,1,4.8511851854290216,5.156133237085909,15.163451659600838
0.1,3,200,81,Empirical_copula,Gaussian,cqr,raw,0.5,0.0,2,4.37727150844309,5.613126106334324,15.603523721111747
0.1,3,200,81,Empirical_copula,Gaussian,cqr,raw,0.5,0.0,3,3.461233856646757,2.9518761319730498,9.364986120592857
0.1,3,200,82,CQHR,Gaussian,cqr,native,0.5,0.0,1,4.811627090462224,11.471419982481436,27.754467055425412
0.1,3,200,82,CQHR,Gaussian,cqr,native,0.5,0.0,2,4.464193893169706,13.729909437774461,31.924012768718605
0.1,3,200,82,CQHR,Gaussian,cqr,native,0.5,0.0,3,3.3667553341094005,9.945998994018678,23.25875332214676
0.1,3,200,82,TSCP_R,Gaussian,cqr,capped,0.5,0.0,1,4.811627090462224,5.837361090648938,16.4863492717601
0.1,3,200,82,TSCP_R,Gaussian,cqr,capped,0.5,0.0,2,4.464193893169706,4.638169749768467,13.740533392706629
0.1,3,200,82,TSCP_R,Gaussian,cqr,capped,0.5,0.0,3,3.3667553341094005,3.4230713205306307,10.212897975170655
0.1,3,200,82,Unscaled,Gaussian,cqr,raw,0.5,0.0,1,4.811627090462224,5.153017722543569,15.117662535549377
0.1,3,200,82,Unscaled,Gaussian,cqr,raw,0.5,0.0,2,4.464193893169706,5.153017722543569,14.770229338256852
0.1,3,200,82,Unscaled,Gaussian,cqr,raw,0.5,0.0,3,3.3667553341094005,5.153017722543569,13.67279077919653
0.1,3,200,82,Empirical_copula,Gaussian,cqr,raw,0.5,0.0,1,4.811627090462224,5.9368111250015545,16.68524934046534
0.1,3,200,82,Empirical_copula,Gaussian,cqr,raw,0.5,0.0,2,4.464193893169706,4.625938487609613,13.716070868388915
0.1,3,200,82,Empirical_copula,Gaussian,cqr,raw,0.5,0.0,3,3.3667553341094005,3.257064304537403,9.88088394318421
0.1,3,200,83,CQHR,Gaussian,cqr,native,0.5,0.0,1,4.602429987452487,9.098269297569379,22.79896858259104
0.1,3,200,83,CQHR,Gaussian,cqr,native,0.5,0.0,2,4.541009743956716,11.88662255423591,28.314254852428522
0.1,3,200,83,CQHR,Gaussian,cqr,native,0.5,0.0,3,3.6237376092835,9.756091053921228,23.135919717125933
0.1,3,200,83,TSCP_R,Gaussian,cqr,capped,0.5,0.0,1,4.602429987452487,5.767748886045863,16.13792775954422
0.1,3,200,83,TSCP_R,Gaussian,cqr,capped,0.5,0.0,2,4.541009743956716,4.2867640812571794,13.114537906471064
0.1,3,200,83,TSCP_R,Gaussian,cqr,capped,0.5,0.0,3,3.6237376092835,4.066778949206016,11.757295507695527
0.1,3,200,83,Unscaled,Gaussian,cqr,raw,0.5,0.0,1,4.602429987452487,4.660950927380178,13.924331842212839
0.1,3,200,83,Unscaled,Gaussian,cqr,raw,0.5,0.0,2,4.541009743956716,4.660950927380178,13.862911598717076
0.1,3,200,83,Unscaled,Gaussian,cqr,raw,0.5,0.0,3,3.6237376092835,4.660950927380178,12.945639464043849
0.1,3,200,83,Empirical_copula,Gaussian,cqr,raw,0.5,0.0,1,4.602429987452487,5.957839590189624,16.51810916783172
0.1,3,200,83,Empirical_copula,Gaussian,cqr,raw,0.5,0.0,2,4.541009743956716,4.383000353777884,13.307010451512479
0.1,3,200,83,Empirical_copula,Gaussian,cqr,raw,0.5,0.0,3,3.6237376092835,3.394545610014177,10.412828829311861
0.1,3,200,84,CQHR,Gaussian,cqr,native,0.5,0.0,1,5.028766025115986,14.394814484494242,33.81839499410417
0.1,3,200,84,CQHR,Gaussian,cqr,native,0.5,0.0,2,4.351295056804648,21.385340816694942,47.121976690194536
0.1,3,200,84,CQHR,Gaussian,cqr,native,0.5,0.0,3,3.5459907843549727,14.401618177523172,32.34922713940135
0.1,3,200,84,TSCP_R,Gaussian,cqr,capped,0.5,0.0,1,5.028766025115986,5.503447365630835,16.035660756377645
0.1,3,200,84,TSCP_R,Gaussian,cqr,capped,0.5,0.0,2,4.351295056804648,6.597141708489536,17.545578473783745
0.1,3,200,84,TSCP_R,Gaussian,cqr,capped,0.5,0.0,3,3.5459907843549727,3.528376419319089,10.60274362299317
0.1,3,200,84,Unscaled,Gaussian,cqr,raw,0.5,0.0,1,5.028766025115986,5.302812943508977,15.63439191213393
0.1,3,200,84,Unscaled,Gaussian,cqr,raw,0.5,0.0,2,4.351295056804648,5.302812943508977,14.9569209438226
0.1,3,200,84,Unscaled,Gaussian,cqr,raw,0.5,0.0,3,3.5459907843549727,5.302812943508977,14.151616671372913
0.1,3,200,84,Empirical_copula,Gaussian,cqr,raw,0.5,0.0,1,5.028766025115986,5.491747632615223,16.012261290346412
0.1,3,200,84,Empirical_copula,Gaussian,cqr,raw,0.5,0.0,2,4.351295056804648,6.20063623931583,16.752567535436285
0.1,3,200,84,Empirical_copula,Gaussian,cqr,raw,0.5,0.0,3,3.5459907843549727,3.5325745574459755,10.611139899246938
0.1,3,200,85,CQHR,Gaussian,cqr,native,0.5,0.0,1,4.676620322736377,11.700963303816092,28.07854693036889
0.1,3,200,85,CQHR,Gaussian,cqr,native,0.5,0.0,2,4.449958329256339,19.476822664633374,43.403603658523025
0.1,3,200,85,CQHR,Gaussian,cqr,native,0.5,0.0,3,3.4926700496868412,14.37463462716058,32.24193930400805
0.1,3,200,85,TSCP_R,Gaussian,cqr,capped,0.5,0.0,1,4.676620322736377,5.784502158593838,16.24562463992407
0.1,3,200,85,TSCP_R,Gaussian,cqr,capped,0.5,0.0,2,4.449958329256339,5.17762067759862,14.805199684453571
0.1,3,200,85,TSCP_R,Gaussian,cqr,capped,0.5,0.0,3,3.4926700496868412,3.407969846384952,10.308609742456749
0.1,3,200,85,Unscaled,Gaussian,cqr,raw,0.5,0.0,1,4.676620322736377,4.9555910079675805,14.587802338671548
0.1,3,200,85,Unscaled,Gaussian,cqr,raw,0.5,0.0,2,4.449958329256339,4.9555910079675805,14.361140345191506
0.1,3,200,85,Unscaled,Gaussian,cqr,raw,0.5,0.0,3,3.4926700496868412,4.9555910079675805,13.403852065621994
0.1,3,200,85,Empirical_copula,Gaussian,cqr,raw,0.5,0.0,1,4.676620322736377,5.255069988529025,15.186760299794416
0.1,3,200,85,Empirical_copula,Gaussian,cqr,raw,0.5,0.0,2,4.449958329256339,5.164591595006296,14.779141519268908
0.1,3,200,85,Empirical_copula,Gaussian,cqr,raw,0.5,0.0,3,3.4926700496868412,3.2644712643169775,10.021612578320791
0.1,3,200,86,CQHR,Gaussian,cqr,native,0.5,0.0,1,5.055020689306205,11.544998834960943,28.145018359227826
0.1,3,200,86,CQHR,Gaussian,cqr,native,0.5,0.0,2,4.549276989324187,13.351419271909743,31.252115533143666
0.1,3,200,86,CQHR,Gaussian,cqr,native,0.5,0.0,3,3.6633968799686545,9.860827683135986,23.385052246240594
0.1,3,200,86,TSCP_R,Gaussian,cqr,capped,0.5,0.0,1,5.055020689306205,5.836178207090142,16.72737710348648
0.1,3,200,86,TSCP_R,Gaussian,cqr,capped,0.5,0.0,2,4.549276989324187,5.689016651110059,15.927310291544327
0.1,3,200,86,TSCP_R,Gaussian,cqr,capped,0.5,0.0,3,3.6633968799686545,3.244691725474066,10.152780330916787
0.1,3,200,86,Unscaled,Gaussian,cqr,raw,0.5,0.0,1,5.055020689306205,5.252634236793492,15.560289162893156
0.1,3,200,86,Unscaled,Gaussian,cqr,raw,0.5,0.0,2,4.549276989324187,5.252634236793492,15.054545462911177
0.1,3,200,86,Unscaled,Gaussian,cqr,raw,0.5,0.0,3,3.6633968799686545,5.252634236793492,14.168665353555637
0.1,3,200,86,Empirical_copula,Gaussian,cqr,raw,0.5,0.0,1,5.055020689306205,5.791779521195505,16.638579731697224
0.1,3,200,86,Empirical_copula,Gaussian,cqr,raw,0.5,0.0,2,4.549276989324187,5.116903045321774,14.783083079967719
0.1,3,200,86,Empirical_copula,Gaussian,cqr,raw,0.5,0.0,3,3.6633968799686545,3.8498233293708806,11.363043538710407
0.1,3,200,87,CQHR,Gaussian,cqr,native,0.5,0.0,1,4.58237831660362,11.131214255735994,26.84480682807534
0.1,3,200,87,CQHR,Gaussian,cqr,native,0.5,0.0,2,4.285450886037792,16.26542859791238,36.81630808186261
0.1,3,200,87,CQHR,Gaussian,cqr,native,0.5,0.0,3,3.312255494394147,12.247046693407626,27.806348881209384
0.1,3,200,87,TSCP_R,Gaussian,cqr,capped,0.5,0.0,1,4.58237831660362,5.827623418103784,16.23762515281117
0.1,3,200,87,TSCP_R,Gaussian,cqr,capped,0.5,0.0,2,4.285450886037792,5.3300002262926345,14.945451338623077
0.1,3,200,87,TSCP_R,Gaussian,cqr,capped,0.5,0.0,3,3.312255494394147,3.6314918796113815,10.575239253616912
0.1,3,200,87,Unscaled,Gaussian,cqr,raw,0.5,0.0,1,4.58237831660362,5.598165545366227,15.778709407336091
0.1,3,200,87,Unscaled,Gaussian,cqr,raw,0.5,0.0,2,4.285450886037792,5.598165545366227,15.481781976770234
0.1,3,200,87,Unscaled,Gaussian,cqr,raw,0.5,0.0,3,3.312255494394147,5.598165545366227,14.508586585126608
0.1,3,200,87,Empirical_copula,Gaussian,cqr,raw,0.5,0.0,1,4.58237831660362,5.887612693301767,16.35760370320714
0.1,3,200,87,Empirical_copula,Gaussian,cqr,raw,0.5,0.0,2,4.285450886037792,4.952835717779887,14.19112232159755
0.1,3,200,87,Empirical_copula,Gaussian,cqr,raw,0.5,0.0,3,3.312255494394147,3.426020029430058,10.164295553254265
0.1,3,200,88,CQHR,Gaussian,cqr,native,0.5,0.0,1,4.830367507426948,14.228503155183665,33.287373817794
0.1,3,200,88,CQHR,Gaussian,cqr,native,0.5,0.0,2,4.553676362644751,22.046275753092495,48.64622786882968
0.1,3,200,88,CQHR,Gaussian,cqr,native,0.5,0.0,3,3.3174566901154443,14.502021628241755,32.32149994659898
0.1,3,200,88,TSCP_R,Gaussian,cqr,capped,0.5,0.0,1,4.830367507426948,5.307542555886001,15.445452619198953
0.1,3,200,88,TSCP_R,Gaussian,cqr,capped,0.5,0.0,2,4.553676362644751,5.641198448544732,15.836073259734203
0.1,3,200,88,TSCP_R,Gaussian,cqr,capped,0.5,0.0,3,3.3174566901154443,3.7275826174560596,10.77262192502756
0.1,3,200,88,Unscaled,Gaussian,cqr,raw,0.5,0.0,1,4.830367507426948,5.17391435911192,15.178196225650808
0.1,3,200,88,Unscaled,Gaussian,cqr,raw,0.5,0.0,2,4.553676362644751,5.17391435911192,14.901505080868588
0.1,3,200,88,Unscaled,Gaussian,cqr,raw,0.5,0.0,3,3.3174566901154443,5.17391435911192,13.665285408339292
0.1,3,200,88,Empirical_copula,Gaussian,cqr,raw,0.5,0.0,1,4.830367507426948,4.9672529373192535,14.764873382065446
0.1,3,200,88,Empirical_copula,Gaussian,cqr,raw,0.5,0.0,2,4.553676362644751,5.624722374431849,15.803121111508474
0.1,3,200,88,Empirical_copula,Gaussian,cqr,raw,0.5,0.0,3,3.3174566901154443,3.628960727637672,10.575378145390792
0.1,3,200,89,CQHR,Gaussian,cqr,native,0.5,0.0,1,4.633756882358111,15.691635554997601,36.017027992353285
0.1,3,200,89,CQHR,Gaussian,cqr,native,0.5,0.0,2,4.5693268332113455,41.099481595393044,86.76829002399724
0.1,3,200,89,CQHR,Gaussian,cqr,native,0.5,0.0,3,3.611730395606582,27.537490320850733,58.686711037308
0.1,3,200,89,TSCP_R,Gaussian,cqr,capped,0.5,0.0,1,4.633756882358111,6.203989019669031,17.041734921696154
0.1,3,200,89,TSCP_R,Gaussian,cqr,capped,0.5,0.0,2,4.5693268332113455,5.821946947189743,16.21322072759084
0.1,3,200,89,TSCP_R,Gaussian,cqr,capped,0.5,0.0,3,3.611730395606582,3.6881055741960456,10.987941543998677
0.1,3,200,89,Unscaled,Gaussian,cqr,raw,0.5,0.0,1,4.633756882358111,5.395148026795713,15.424052935949511
0.1,3,200,89,Unscaled,Gaussian,cqr,raw,0.5,0.0,2,4.5693268332113455,5.395148026795713,15.359622886802772
0.1,3,200,89,Unscaled,Gaussian,cqr,raw,0.5,0.0,3,3.611730395606582,5.395148026795713,14.402026449198
0.1,3,200,89,Empirical_copula,Gaussian,cqr,raw,0.5,0.0,1,4.633756882358111,5.730444371710401,16.09464562577892
0.1,3,200,89,Empirical_copula,Gaussian,cqr,raw,0.5,0.0,2,4.5693268332113455,5.6412710054902515,15.851868844191861
0.1,3,200,89,Empirical_copula,Gaussian,cqr,raw,0.5,0.0,3,3.611730395606582,3.2116809357093112,10.035092267025204
0.1,3,200,90,CQHR,Gaussian,cqr,native,0.5,0.0,1,4.801373780908193,9.920156677111722,24.641687135131765
0.1,3,200,90,CQHR,Gaussian,cqr,native,0.5,0.0,2,4.530765750105389,12.708996890338467,29.948759530782322
0.1,3,200,90,CQHR,Gaussian,cqr,native,0.5,0.0,3,3.730870569205511,10.47736003426782,24.685590637741164
0.1,3,200,90,TSCP_R,Gaussian,cqr,capped,0.5,0.0,1,4.801373780908193,5.211709085787282,15.224791952482756
0.1,3,200,90,TSCP_R,Gaussian,cqr,capped,0.5,0.0,2,4.530765750105389,4.006817396175307,12.544400542456007
0.1,3,200,90,TSCP_R,Gaussian,cqr,capped,0.5,0.0,3,3.730870569205511,3.869563798050822,11.469998165307155
0.1,3,200,90,Unscaled,Gaussian,cqr,raw,0.5,0.0,1,4.801373780908193,4.946366426440356,14.694106633788905
0.1,3,200,90,Unscaled,Gaussian,cqr,raw,0.5,0.0,2,4.530765750105389,4.946366426440356,14.423498602986104
0.1,3,200,90,Unscaled,Gaussian,cqr,raw,0.5,0.0,3,3.730870569205511,4.946366426440356,13.623603422086235
0.1,3,200,90,Empirical_copula,Gaussian,cqr,raw,0.5,0.0,1,4.801373780908193,5.081562972622246,14.964499726152694
0.1,3,200,90,Empirical_copula,Gaussian,cqr,raw,0.5,0.0,2,4.530765750105389,3.995522343388388,12.521810436882157
0.1,3,200,90,Empirical_copula,Gaussian,cqr,raw,0.5,0.0,3,3.730870569205511,3.5209097870432746,10.772690143292065
0.1,3,200,91,CQHR,Gaussian,cqr,native,0.5,0.0,1,4.681625463788751,10.69837597732363,26.078377418435945
0.1,3,200,91,CQHR,Gaussian,cqr,native,0.5,0.0,2,4.251456933953143,13.406864841138542,31.065186616230246
0.1,3,200,91,CQHR,Gaussian,cqr,native,0.5,0.0,3,3.230257987084049,9.488954860530411,22.208167708144853
0.1,3,200,91,TSCP_R,Gaussian,cqr,capped,0.5,0.0,1,4.681625463788751,5.549675537139149,15.78097653806705
0.1,3,200,91,TSCP_R,Gaussian,cqr,capped,0.5,0.0,2,4.251456933953143,5.87230937997753,15.996075693908205
0.1,3,200,91,TSCP_R,Gaussian,cqr,capped,0.5,0.0,3,3.230257987084049,3.130742074832419,9.491742136748895
0.1,3,200,91,Unscaled,Gaussian,cqr,raw,0.5,0.0,1,4.681625463788751,4.875018202240674,14.431661868270096
0.1,3,200,91,Unscaled,Gaussian,cqr,raw,0.5,0.0,2,4.251456933953143,4.875018202240674,14.001493338434496
0.1,3,200,91,Unscaled,Gaussian,cqr,raw,0.5,0.0,3,3.230257987084049,4.875018202240674,12.9802943915654
0.1,3,200,91,Empirical_copula,Gaussian,cqr,raw,0.5,0.0,1,4.681625463788751,5.537927942497283,15.757481348783312
0.1,3,200,91,Empirical_copula,Gaussian,cqr,raw,0.5,0.0,2,4.251456933953143,6.143263648028537,16.537984230010238
0.1,3,200,91,Empirical_copula,Gaussian,cqr,raw,0.5,0.0,3,3.230257987084049,2.9698768534735436,9.170011694031144
0.1,3,200,92,CQHR,Gaussian,cqr,native,0.5,0.0,1,4.835253342763607,15.158625134142028,35.15250361104746
0.1,3,200,92,CQHR,Gaussian,cqr,native,0.5,0.0,2,4.342696608242556,19.142154273360276,42.62700515496309
0.1,3,200,92,CQHR,Gaussian,cqr,native,0.5,0.0,3,3.4839238946085476,14.833631425344848,33.15118674529822
0.1,3,200,92,TSCP_R,Gaussian,cqr,capped,0.5,0.0,1,4.835253342763607,5.590024924920539,16.015303192604698
0.1,3,200,92,TSCP_R,Gaussian,cqr,capped,0.5,0.0,2,4.342696608242556,4.957396715908516,14.257490040059581
0.1,3,200,92,TSCP_R,Gaussian,cqr,capped,0.5,0.0,3,3.4839238946085476,3.229376093847127,9.942676082302798
0.1,3,200,92,Unscaled,Gaussian,cqr,raw,0.5,0.0,1,4.835253342763607,4.635095139877079,14.105443622517768
0.1,3,200,92,Unscaled,Gaussian,cqr,raw,0.5,0.0,2,4.342696608242556,4.635095139877079,13.61288688799671
0.1,3,200,92,Unscaled,Gaussian,cqr,raw,0.5,0.0,3,3.4839238946085476,4.635095139877079,12.75411417436271
0.1,3,200,92,Empirical_copula,Gaussian,cqr,raw,0.5,0.0,1,4.835253342763607,5.674495805802941,16.184244954369497
0.1,3,200,92,Empirical_copula,Gaussian,cqr,raw,0.5,0.0,2,4.342696608242556,4.946472184388611,14.235640977019775
0.1,3,200,92,Empirical_copula,Gaussian,cqr,raw,0.5,0.0,3,3.4839238946085476,3.118156793457917,9.720237481524375
0.1,3,200,93,CQHR,Gaussian,cqr,native,0.5,0.0,1,4.755700398910846,13.977050767344966,32.70980193360109
0.1,3,200,93,CQHR,Gaussian,cqr,native,0.5,0.0,2,4.347887040838632,16.55354232652788,37.454971693894365
0.1,3,200,93,CQHR,Gaussian,cqr,native,0.5,0.0,3,3.6630442360641626,13.755111446087625,31.173267128239356
0.1,3,200,93,TSCP_R,Gaussian,cqr,capped,0.5,0.0,1,4.755700398910846,5.470861532880547,15.697423464671948
0.1,3,200,93,TSCP_R,Gaussian,cqr,capped,0.5,0.0,2,4.347887040838632,4.484778701447183,13.317444443733004
0.1,3,200,93,TSCP_R,Gaussian,cqr,capped,0.5,0.0,3,3.6630442360641626,4.414156453090234,12.491357142244626
0.1,3,200,93,Unscaled,Gaussian,cqr,raw,0.5,0.0,1,4.755700398910846,4.824850719733603,14.405401838378044
0.1,3,200,93,Unscaled,Gaussian,cqr,raw,0.5,0.0,2,4.347887040838632,4.824850719733603,13.997588480305852
0.1,3,200,93,Unscaled,Gaussian,cqr,raw,0.5,0.0,3,3.6630442360641626,4.824850719733603,13.312745675531373
0.1,3,200,93,Empirical_copula,Gaussian,cqr,raw,0.5,0.0,1,4.755700398910846,5.2492734649926325,15.254247328896112
0.1,3,200,93,Empirical_copula,Gaussian,cqr,raw,0.5,0.0,2,4.347887040838632,4.3575735774849775,13.063034195808601
0.1,3,200,93,Empirical_copula,Gaussian,cqr,raw,0.5,0.0,3,3.6630442360641626,4.608993066239579,12.881030368543321
0.1,3,200,94,CQHR,Gaussian,cqr,native,0.5,0.0,1,4.732008586893092,12.53418406720454,29.800376721302467
0.1,3,200,94,CQHR,Gaussian,cqr,native,0.5,0.0,2,4.099668327515337,14.162057275765658,32.42378287904663
0.1,3,200,94,CQHR,Gaussian,cqr,native,0.5,0.0,3,3.2530525934236145,10.458208936284036,24.169470465991676
0.1,3,200,94,TSCP_R,Gaussian,cqr,capped,0.5,0.0,1,4.732008586893092,6.139104057370064,17.010216701633222
0.1,3,200,94,TSCP_R,Gaussian,cqr,capped,0.5,0.0,2,4.099668327515337,5.1258221753567526,14.351312678228833
0.1,3,200,94,TSCP_R,Gaussian,cqr,capped,0.5,0.0,3,3.2530525934236145,3.4492904589433495,10.151633511310308
0.1,3,200,94,Unscaled,Gaussian,cqr,raw,0.5,0.0,1,4.732008586893092,5.288347394680182,15.308703376253462
0.1,3,200,94,Unscaled,Gaussian,cqr,raw,0.5,0.0,2,4.099668327515337,5.288347394680182,14.676363116875692
0.1,3,200,94,Unscaled,Gaussian,cqr,raw,0.5,0.0,3,3.2530525934236145,5.288347394680182,13.82974738278398
0.1,3,200,94,Empirical_copula,Gaussian,cqr,raw,0.5,0.0,1,4.732008586893092,5.564684701833346,15.86137799055978
0.1,3,200,94,Empirical_copula,Gaussian,cqr,raw,0.5,0.0,2,4.099668327515337,5.11270583674132,14.325080000997975
0.1,3,200,94,Empirical_copula,Gaussian,cqr,raw,0.5,0.0,3,3.2530525934236145,3.0663496043224203,9.385751802068448
0.1,3,200,95,CQHR,Gaussian,cqr,native,0.5,0.0,1,4.713959503171034,11.980431645424625,28.674822794020002
0.1,3,200,95,CQHR,Gaussian,cqr,native,0.5,0.0,2,4.320467483737676,16.83768762116098,37.995842726059706
0.1,3,200,95,CQHR,Gaussian,cqr,native,0.5,0.0,3,3.2497711201933197,11.815229798384241,26.88023071696179
0.1,3,200,95,TSCP_R,Gaussian,cqr,capped,0.5,0.0,1,4.713959503171034,5.715662756206383,16.145285015583806
0.1,3,200,95,TSCP_R,Gaussian,cqr,capped,0.5,0.0,2,4.320467483737676,5.126118784048915,14.57270505183552
0.1,3,200,95,TSCP_R,Gaussian,cqr,capped,0.5,0.0,3,3.2497711201933197,5.230825513129636,13.711422146452593
0.1,3,200,95,Unscaled,Gaussian,cqr,raw,0.5,0.0,1,4.713959503171034,5.472552526040748,15.659064555252531
0.1,3,200,95,Unscaled,Gaussian,cqr,raw,0.5,0.0,2,4.320467483737676,5.472552526040748,15.265572535819175
0.1,3,200,95,Unscaled,Gaussian,cqr,raw,0.5,0.0,3,3.2497711201933197,5.472552526040748,14.194876172274835
0.1,3,200,95,Empirical_copula,Gaussian,cqr,raw,0.5,0.0,1,4.713959503171034,5.4739163992611,15.661792301693238
0.1,3,200,95,Empirical_copula,Gaussian,cqr,raw,0.5,0.0,2,4.320467483737676,5.112505423792115,14.545478331321922
0.1,3,200,95,Empirical_copula,Gaussian,cqr,raw,0.5,0.0,3,3.2497711201933197,4.120896178553579,11.49156347730049
0.1,3,200,96,CQHR,Gaussian,cqr,native,0.5,0.0,1,4.639950965237791,12.45620593758939,29.552362840416468
0.1,3,200,96,CQHR,Gaussian,cqr,native,0.5,0.0,2,4.3023117249109815,18.178853535611974,40.66001879613493
0.1,3,200,96,CQHR,Gaussian,cqr,native,0.5,0.0,3,3.4427605608254437,12.696653199463025,28.836066959751484
0.1,3,200,96,TSCP_R,Gaussian,cqr,capped,0.5,0.0,1,4.639950965237791,5.666316433290141,15.972583831818069
0.1,3,200,96,TSCP_R,Gaussian,cqr,capped,0.5,0.0,2,4.3023117249109815,4.315746048319332,12.933803821549649
0.1,3,200,96,TSCP_R,Gaussian,cqr,capped,0.5,0.0,3,3.4427605608254437,3.0570599518350985,9.55688046449564
0.1,3,200,96,Unscaled,Gaussian,cqr,raw,0.5,0.0,1,4.639950965237791,4.479377535161644,13.598706035561083
0.1,3,200,96,Unscaled,Gaussian,cqr,raw,0.5,0.0,2,4.3023117249109815,4.479377535161644,13.261066795234258
0.1,3,200,96,Unscaled,Gaussian,cqr,raw,0.5,0.0,3,3.4427605608254437,4.479377535161644,12.40151563114873
0.1,3,200,96,Empirical_copula,Gaussian,cqr,raw,0.5,0.0,1,4.639950965237791,4.741112380626657,14.122175726491124
0.1,3,200,96,Empirical_copula,Gaussian,cqr,raw,0.5,0.0,2,4.3023117249109815,4.690441265213629,13.683194255338234
0.1,3,200,96,Empirical_copula,Gaussian,cqr,raw,0.5,0.0,3,3.4427605608254437,3.0492428727080982,9.541246306241641
0.1,3,200,97,CQHR,Gaussian,cqr,native,0.5,0.0,1,4.826829480250759,12.711982990183243,30.25079546061738
0.1,3,200,97,CQHR,Gaussian,cqr,native,0.5,0.0,2,4.453176550901724,15.549512691922486,35.552201934746684
0.1,3,200,97,CQHR,Gaussian,cqr,native,0.5,0.0,3,3.528513862780792,11.151531916832191,25.83157769644515
0.1,3,200,97,TSCP_R,Gaussian,cqr,capped,0.5,0.0,1,4.826829480250759,5.620650181462652,16.068129843176077
0.1,3,200,97,TSCP_R,Gaussian,cqr,capped,0.5,0.0,2,4.453176550901724,5.238254902760103,14.929686356421913
0.1,3,200,97,TSCP_R,Gaussian,cqr,capped,0.5,0.0,3,3.528513862780792,3.091665630932389,9.711845124645569
0.1,3,200,97,Unscaled,Gaussian,cqr,raw,0.5,0.0,1,4.826829480250759,5.060467332137774,14.947764144526309
0.1,3,200,97,Unscaled,Gaussian,cqr,raw,0.5,0.0,2,4.453176550901724,5.060467332137774,14.57411121517729
0.1,3,200,97,Unscaled,Gaussian,cqr,raw,0.5,0.0,3,3.528513862780792,5.060467332137774,13.649448527056336
0.1,3,200,97,Empirical_copula,Gaussian,cqr,raw,0.5,0.0,1,4.826829480250759,6.0844380964934945,16.995705673237754
0.1,3,200,97,Empirical_copula,Gaussian,cqr,raw,0.5,0.0,2,4.453176550901724,4.192297123028242,12.837770796958203
0.1,3,200,97,Empirical_copula,Gaussian,cqr,raw,0.5,0.0,3,3.528513862780792,2.954919108728589,9.438352080237971
0.1,3,200,98,CQHR,Gaussian,cqr,native,0.5,0.0,1,4.965616829710678,10.771883311058447,26.509383451827564
0.1,3,200,98,CQHR,Gaussian,cqr,native,0.5,0.0,2,4.428921812369837,12.108197299505651,28.645316411381142
0.1,3,200,98,CQHR,Gaussian,cqr,native,0.5,0.0,3,3.7091373299266146,9.317249601572337,22.34363653307128
0.1,3,200,98,TSCP_R,Gaussian,cqr,capped,0.5,0.0,1,4.965616829710678,6.298086814602261,17.561790458915198
0.1,3,200,98,TSCP_R,Gaussian,cqr,capped,0.5,0.0,2,4.428921812369837,6.849417583595318,18.127756979560473
0.1,3,200,98,TSCP_R,Gaussian,cqr,capped,0.5,0.0,3,3.7091373299266146,3.6921422016555008,11.093421733237616
0.1,3,200,98,Unscaled,Gaussian,cqr,raw,0.5,0.0,1,4.965616829710678,5.431400430955877,15.828417691622432
0.1,3,200,98,Unscaled,Gaussian,cqr,raw,0.5,0.0,2,4.428921812369837,5.431400430955877,15.291722674281589
0.1,3,200,98,Unscaled,Gaussian,cqr,raw,0.5,0.0,3,3.7091373299266146,5.431400430955877,14.571938191838365
0.1,3,200,98,Empirical_copula,Gaussian,cqr,raw,0.5,0.0,1,4.965616829710678,6.286346867974364,17.538310565659405
0.1,3,200,98,Empirical_copula,Gaussian,cqr,raw,0.5,0.0,2,4.428921812369837,6.27342226756571,16.97576634750126
0.1,3,200,98,Empirical_copula,Gaussian,cqr,raw,0.5,0.0,3,3.7091373299266146,3.9680993616574085,11.645336053241431
0.1,3,200,99,CQHR,Gaussian,cqr,native,0.5,0.0,1,4.512551511630939,11.976607556716722,28.46576662506422
0.1,3,200,99,CQHR,Gaussian,cqr,native,0.5,0.0,2,4.3347593695238285,19.1678444665956,42.670448302715045
0.1,3,200,99,CQHR,Gaussian,cqr,native,0.5,0.0,3,3.334145285883274,13.595086397214857,30.524318080312977
0.1,3,200,99,TSCP_R,Gaussian,cqr,capped,0.5,0.0,1,4.512551511630939,6.164327608466783,16.841206728564522
0.1,3,200,99,TSCP_R,Gaussian,cqr,capped,0.5,0.0,2,4.3347593695238285,5.97869866636911,16.29215670226206
0.1,3,200,99,TSCP_R,Gaussian,cqr,capped,0.5,0.0,3,3.334145285883274,2.949812022281343,9.23376933044595
0.1,3,200,99,Unscaled,Gaussian,cqr,raw,0.5,0.0,1,4.512551511630939,5.356072478649704,15.224696468930357
0.1,3,200,99,Unscaled,Gaussian,cqr,raw,0.5,0.0,2,4.3347593695238285,5.356072478649704,15.046904326823224
0.1,3,200,99,Unscaled,Gaussian,cqr,raw,0.5,0.0,3,3.334145285883274,5.356072478649704,14.046290243182682
0.1,3,200,99,Empirical_copula,Gaussian,cqr,raw,0.5,0.0,1,4.512551511630939,5.48631020273687,15.485171917104681
0.1,3,200,99,Empirical_copula,Gaussian,cqr,raw,0.5,0.0,2,4.3347593695238285,5.664261622038217,15.663282613600238
0.1,3,200,99,Empirical_copula,Gaussian,cqr,raw,0.5,0.0,3,3.334145285883274,2.9999373653455557,9.334020016574387
