alpha,n_dim,n_cal,trial,method,noise_type,score_type,score_transform,base_interval_alpha,shift_constant,coordinate,coordinate_base_length,coordinate_adjustment,coordinate_length
0.1,3,100,0,CQHR,Gaussian,cqr,native,0.5,300.0,1,4.703542562641052,10.365803634595903,25.435149831832614
0.1,3,100,0,CQHR,Gaussian,cqr,native,0.5,300.0,2,4.381040337046846,16.435242160446684,37.251524657940266
0.1,3,100,0,CQHR,Gaussian,cqr,native,0.5,300.0,3,3.3943406054668346,13.859566354816732,31.11347331510026
0.1,3,100,0,TSCP_R,Gaussian,cqr,shifted,0.5,300.0,1,4.703542562641052,4.854116013773705,14.411774590188456
0.1,3,100,0,TSCP_R,Gaussian,cqr,shifted,0.5,300.0,2,4.381040337046846,5.370782342169775,15.122605021386399
0.1,3,100,0,TSCP_R,Gaussian,cqr,shifted,0.5,300.0,3,3.3943406054668346,3.241618668039848,9.877577941546516
0.1,3,100,0,TSCP_GWC,Gaussian,cqr,shifted,0.5,300.0,1,4.703542562641052,4.854116013773705,14.411774590188456
0.1,3,100,0,TSCP_GWC,Gaussian,cqr,shifted,0.5,300.0,2,4.381040337046846,5.370782342169775,15.122605021386399
0.1,3,100,0,TSCP_GWC,Gaussian,cqr,shifted,0.5,300.0,3,3.3943406054668346,3.241618668039848,9.877577941546516
0.1,3,100,0,Unscaled,Gaussian,cqr,raw,0.5,300.0,1,4.703542562641052,4.929652473206831,14.562847509054714
0.1,3,100,0,Unscaled,Gaussian,cqr,raw,0.5,300.0,2,4.381040337046846,4.929652473206831,14.240345283460517
0.1,3,100,0,Unscaled,Gaussian,cqr,raw,0.5,300.0,3,3.3943406054668346,4.929652473206831,13.25364555188049
0.1,3,100,0,Empirical_copula,Gaussian,cqr,raw,0.5,300.0,1,4.703542562641052,5.006781778594021,14.71710611982909
0.1,3,100,0,Empirical_copula,Gaussian,cqr,raw,0.5,300.0,2,4.381040337046846,4.929652473168083,14.240345283383013
0.1,3,100,0,Empirical_copula,Gaussian,cqr,raw,0.5,300.0,3,3.3943406054668346,2.9951702327357026,9.384681070938235
0.1,3,100,1,CQHR,Gaussian,cqr,native,0.5,300.0,1,4.627487606155158,15.818109817943556,36.26370724204206
0.1,3,100,1,CQHR,Gaussian,cqr,native,0.5,300.0,2,4.52836322041175,25.888005395588266,56.304374011588166
0.1,3,100,1,CQHR,Gaussian,cqr,native,0.5,300.0,3,3.4751975168420284,21.348809402662138,46.17281632216626
0.1,3,100,1,TSCP_R,Gaussian,cqr,shifted,0.5,300.0,1,4.627487606155158,6.299677915608754,17.226843437372654
0.1,3,100,1,TSCP_R,Gaussian,cqr,shifted,0.5,300.0,2,4.52836322041175,5.7022669964690635,15.932897213349866
0.1,3,100,1,TSCP_R,Gaussian,cqr,shifted,0.5,300.0,3,3.4751975168420284,3.7679314404928164,11.01106039782767
0.1,3,100,1,TSCP_GWC,Gaussian,cqr,shifted,0.5,300.0,1,4.627487606155158,6.299677915608754,17.226843437372654
0.1,3,100,1,TSCP_GWC,Gaussian,cqr,shifted,0.5,300.0,2,4.52836322041175,5.7022669964690635,15.932897213349866
0.1,3,100,1,TSCP_GWC,Gaussian,cqr,shifted,0.5,300.0,3,3.4751975168420284,3.7679314404928164,11.01106039782767
0.1,3,100,1,Unscaled,Gaussian,cqr,raw,0.5,300.0,1,4.627487606155158,5.430477504246511,15.488442614648177
0.1,3,100,1,Unscaled,Gaussian,cqr,raw,0.5,300.0,2,4.52836322041175,5.430477504246511,15.389318228904777
0.1,3,100,1,Unscaled,Gaussian,cqr,raw,0.5,300.0,3,3.4751975168420284,5.430477504246511,14.33615252533505
0.1,3,100,1,Empirical_copula,Gaussian,cqr,raw,0.5,300.0,1,4.627487606155158,5.430477504167818,15.488442614490799
0.1,3,100,1,Empirical_copula,Gaussian,cqr,raw,0.5,300.0,2,4.52836322041175,6.107404775953835,16.74317277231942
0.1,3,100,1,Empirical_copula,Gaussian,cqr,raw,0.5,300.0,3,3.4751975168420284,4.411363041044556,12.29792359893113
0.1,3,100,2,CQHR,Gaussian,cqr,native,0.5,300.0,1,4.809761652361764,12.786342812248943,30.382447276859462
0.1,3,100,2,CQHR,Gaussian,cqr,native,0.5,300.0,2,4.203716053455974,13.541064723154227,31.285845499764413
0.1,3,100,2,CQHR,Gaussian,cqr,native,0.5,300.0,3,3.3064248506538716,10.13807091205282,23.582566674759494
0.1,3,100,2,TSCP_R,Gaussian,cqr,shifted,0.5,300.0,1,4.809761652361764,5.6499743056930924,16.109710263747942
0.1,3,100,2,TSCP_R,Gaussian,cqr,shifted,0.5,300.0,2,4.203716053455974,5.816590919000532,15.83689789145703
0.1,3,100,2,TSCP_R,Gaussian,cqr,shifted,0.5,300.0,3,3.3064248506538716,4.206715276866532,11.71985540438694
0.1,3,100,2,TSCP_GWC,Gaussian,cqr,shifted,0.5,300.0,1,4.809761652361764,5.6499743056930924,16.109710263747942
0.1,3,100,2,TSCP_GWC,Gaussian,cqr,shifted,0.5,300.0,2,4.203716053455974,5.816590919000532,15.83689789145703
0.1,3,100,2,TSCP_GWC,Gaussian,cqr,shifted,0.5,300.0,3,3.3064248506538716,4.206715276866532,11.71985540438694
0.1,3,100,2,Unscaled,Gaussian,cqr,raw,0.5,300.0,1,4.809761652361764,4.957914363330205,14.725590379022169
0.1,3,100,2,Unscaled,Gaussian,cqr,raw,0.5,300.0,2,4.203716053455974,4.957914363330205,14.1195447801164
0.1,3,100,2,Unscaled,Gaussian,cqr,raw,0.5,300.0,3,3.3064248506538716,4.957914363330205,13.222253577314286
0.1,3,100,2,Empirical_copula,Gaussian,cqr,raw,0.5,300.0,1,4.809761652361764,6.266267522168405,17.342296696698575
0.1,3,100,2,Empirical_copula,Gaussian,cqr,raw,0.5,300.0,2,4.203716053455974,4.957914363264013,14.119544779983993
0.1,3,100,2,Empirical_copula,Gaussian,cqr,raw,0.5,300.0,3,3.3064248506538716,3.867116629067926,11.040658108789732
0.1,3,100,3,CQHR,Gaussian,cqr,native,0.5,300.0,1,4.488759120152995,7.624241505236261,19.737242130625617
0.1,3,100,3,CQHR,Gaussian,cqr,native,0.5,300.0,2,4.509062828615594,11.020048378357906,26.54915958533141
0.1,3,100,3,CQHR,Gaussian,cqr,native,0.5,300.0,3,3.4310473944719235,7.812392715972272,19.055832826416474
0.1,3,100,3,TSCP_R,Gaussian,cqr,shifted,0.5,300.0,1,4.488759120152995,6.06705795515461,16.622875030462197
0.1,3,100,3,TSCP_R,Gaussian,cqr,shifted,0.5,300.0,2,4.509062828615594,4.969236663276035,14.447536155167663
0.1,3,100,3,TSCP_R,Gaussian,cqr,shifted,0.5,300.0,3,3.4310473944719235,3.2149963487805167,9.861040092032944
0.1,3,100,3,TSCP_GWC,Gaussian,cqr,shifted,0.5,300.0,1,4.488759120152995,6.06705795515461,16.622875030462197
0.1,3,100,3,TSCP_GWC,Gaussian,cqr,shifted,0.5,300.0,2,4.509062828615594,4.969236663276035,14.447536155167663
0.1,3,100,3,TSCP_GWC,Gaussian,cqr,shifted,0.5,300.0,3,3.4310473944719235,3.2149963487805167,9.861040092032944
0.1,3,100,3,Unscaled,Gaussian,cqr,raw,0.5,300.0,1,4.488759120152995,5.483044874197739,15.45484886854847
0.1,3,100,3,Unscaled,Gaussian,cqr,raw,0.5,300.0,2,4.509062828615594,5.483044874197739,15.475152577011055
0.1,3,100,3,Unscaled,Gaussian,cqr,raw,0.5,300.0,3,3.4310473944719235,5.483044874197739,14.397137142867395
0.1,3,100,3,Empirical_copula,Gaussian,cqr,raw,0.5,300.0,1,4.488759120152995,5.891775074067932,16.27230926828885
0.1,3,100,3,Empirical_copula,Gaussian,cqr,raw,0.5,300.0,2,4.509062828615594,5.247881856262868,15.004826541141346
0.1,3,100,3,Empirical_copula,Gaussian,cqr,raw,0.5,300.0,3,3.4310473944719235,3.014807430042673,9.460662254557278
0.1,3,100,4,CQHR,Gaussian,cqr,native,0.5,300.0,1,4.836870550633614,24.637648159263737,54.11216686916146
0.1,3,100,4,CQHR,Gaussian,cqr,native,0.5,300.0,2,4.533668525005404,29.374750165250518,63.283168855506375
0.1,3,100,4,CQHR,Gaussian,cqr,native,0.5,300.0,3,3.584827510278618,21.87101601116902,47.326859532616666
0.1,3,100,4,TSCP_R,Gaussian,cqr,shifted,0.5,300.0,1,4.836870550633614,6.233702599651679,17.30427574993695
0.1,3,100,4,TSCP_R,Gaussian,cqr,shifted,0.5,300.0,2,4.533668525005404,5.431514662535278,15.396697850075943
0.1,3,100,4,TSCP_R,Gaussian,cqr,shifted,0.5,300.0,3,3.584827510278618,4.459099977764083,12.503027465806772
0.1,3,100,4,TSCP_GWC,Gaussian,cqr,shifted,0.5,300.0,1,4.836870550633614,6.233702599651679,17.30427574993695
0.1,3,100,4,TSCP_GWC,Gaussian,cqr,shifted,0.5,300.0,2,4.533668525005404,5.431514662535278,15.396697850075943
0.1,3,100,4,TSCP_GWC,Gaussian,cqr,shifted,0.5,300.0,3,3.584827510278618,4.459099977764083,12.503027465806772
0.1,3,100,4,Unscaled,Gaussian,cqr,raw,0.5,300.0,1,4.836870550633614,5.518325524928314,15.873521600490239
0.1,3,100,4,Unscaled,Gaussian,cqr,raw,0.5,300.0,2,4.533668525005404,5.518325524928314,15.570319574862024
0.1,3,100,4,Unscaled,Gaussian,cqr,raw,0.5,300.0,3,3.584827510278618,5.518325524928314,14.621478560135245
0.1,3,100,4,Empirical_copula,Gaussian,cqr,raw,0.5,300.0,1,4.836870550633614,6.869922659871513,18.576715870376617
0.1,3,100,4,Empirical_copula,Gaussian,cqr,raw,0.5,300.0,2,4.533668525005404,5.26170421768167,15.057076960368759
0.1,3,100,4,Empirical_copula,Gaussian,cqr,raw,0.5,300.0,3,3.584827510278618,3.8396709906679334,11.264169491614469
0.1,3,100,5,CQHR,Gaussian,cqr,native,0.5,300.0,1,4.611542320069376,15.79682766372132,36.205197647511945
0.1,3,100,5,CQHR,Gaussian,cqr,native,0.5,300.0,2,4.143156274276559,23.975962024585176,52.0950803234469
0.1,3,100,5,CQHR,Gaussian,cqr,native,0.5,300.0,3,3.4226055846517975,15.233495873741653,33.889597332135075
0.1,3,100,5,TSCP_R,Gaussian,cqr,shifted,0.5,300.0,1,4.611542320069376,5.269004475564373,15.149551271198124
0.1,3,100,5,TSCP_R,Gaussian,cqr,shifted,0.5,300.0,2,4.143156274276559,5.032773098413145,14.208702471102843
0.1,3,100,5,TSCP_R,Gaussian,cqr,shifted,0.5,300.0,3,3.4226055846517975,4.233212926709257,11.889031438070297
0.1,3,100,5,TSCP_GWC,Gaussian,cqr,shifted,0.5,300.0,1,4.611542320069376,5.269004475564373,15.149551271198124
0.1,3,100,5,TSCP_GWC,Gaussian,cqr,shifted,0.5,300.0,2,4.143156274276559,5.032773098413145,14.208702471102843
0.1,3,100,5,TSCP_GWC,Gaussian,cqr,shifted,0.5,300.0,3,3.4226055846517975,4.233212926709257,11.889031438070297
0.1,3,100,5,Unscaled,Gaussian,cqr,raw,0.5,300.0,1,4.611542320069376,4.8789601367163264,14.369462593502012
0.1,3,100,5,Unscaled,Gaussian,cqr,raw,0.5,300.0,2,4.143156274276559,4.8789601367163264,13.901076547709211
0.1,3,100,5,Unscaled,Gaussian,cqr,raw,0.5,300.0,3,3.4226055846517975,4.8789601367163264,13.180525858084446
0.1,3,100,5,Empirical_copula,Gaussian,cqr,raw,0.5,300.0,1,4.611542320069376,4.90117661808371,14.413895556236794
0.1,3,100,5,Empirical_copula,Gaussian,cqr,raw,0.5,300.0,2,4.143156274276559,4.878960136685931,13.901076547648424
0.1,3,100,5,Empirical_copula,Gaussian,cqr,raw,0.5,300.0,3,3.4226055846517975,4.861688115576208,13.1459818158042
0.1,3,100,6,CQHR,Gaussian,cqr,native,0.5,300.0,1,4.68393288105522,12.060689351748612,28.805311584552364
0.1,3,100,6,CQHR,Gaussian,cqr,native,0.5,300.0,2,4.436967915808118,16.304910012125518,37.04678794005916
0.1,3,100,6,CQHR,Gaussian,cqr,native,0.5,300.0,3,3.409135282457862,11.203513945327602,25.816163173113093
0.1,3,100,6,TSCP_R,Gaussian,cqr,shifted,0.5,300.0,1,4.68393288105522,5.397273030256883,15.47847894156898
0.1,3,100,6,TSCP_R,Gaussian,cqr,shifted,0.5,300.0,2,4.436967915808118,4.960581401213233,14.358130718234582
0.1,3,100,6,TSCP_R,Gaussian,cqr,shifted,0.5,300.0,3,3.409135282457862,3.6833713122538256,10.77587790696551
0.1,3,100,6,TSCP_GWC,Gaussian,cqr,shifted,0.5,300.0,1,4.68393288105522,5.397273030256883,15.47847894156898
0.1,3,100,6,TSCP_GWC,Gaussian,cqr,shifted,0.5,300.0,2,4.436967915808118,4.960581401213233,14.358130718234582
0.1,3,100,6,TSCP_GWC,Gaussian,cqr,shifted,0.5,300.0,3,3.409135282457862,3.6833713122538256,10.77587790696551
0.1,3,100,6,Unscaled,Gaussian,cqr,raw,0.5,300.0,1,4.68393288105522,4.719832305638906,14.123597492333031
0.1,3,100,6,Unscaled,Gaussian,cqr,raw,0.5,300.0,2,4.436967915808118,4.719832305638906,13.876632527085922
0.1,3,100,6,Unscaled,Gaussian,cqr,raw,0.5,300.0,3,3.409135282457862,4.719832305638906,12.848799893735675
0.1,3,100,6,Empirical_copula,Gaussian,cqr,raw,0.5,300.0,1,4.68393288105522,4.761840758846748,14.207614398748717
0.1,3,100,6,Empirical_copula,Gaussian,cqr,raw,0.5,300.0,2,4.436967915808118,4.815446239545925,14.067860394899975
0.1,3,100,6,Empirical_copula,Gaussian,cqr,raw,0.5,300.0,3,3.409135282457862,3.717342837951385,10.843820958360629
0.1,3,100,7,CQHR,Gaussian,cqr,native,0.5,300.0,1,4.793587662095261,8.520504796993368,21.834597256082127
0.1,3,100,7,CQHR,Gaussian,cqr,native,0.5,300.0,2,4.288407522975972,12.892823923383443,30.074055369742855
0.1,3,100,7,CQHR,Gaussian,cqr,native,0.5,300.0,3,3.4062808536129916,8.55445054005079,20.51518193371454
0.1,3,100,7,TSCP_R,Gaussian,cqr,shifted,0.5,300.0,1,4.793587662095261,6.216854878299841,17.22729741869492
0.1,3,100,7,TSCP_R,Gaussian,cqr,shifted,0.5,300.0,2,4.288407522975972,4.670415637476651,13.629238797929284
0.1,3,100,7,TSCP_R,Gaussian,cqr,shifted,0.5,300.0,3,3.4062808536129916,2.1952370276612214,7.796754908935439
0.1,3,100,7,TSCP_GWC,Gaussian,cqr,shifted,0.5,300.0,1,4.793587662095261,6.216854878299841,17.22729741869492
0.1,3,100,7,TSCP_GWC,Gaussian,cqr,shifted,0.5,300.0,2,4.288407522975972,4.670415637476651,13.629238797929284
0.1,3,100,7,TSCP_GWC,Gaussian,cqr,shifted,0.5,300.0,3,3.4062808536129916,2.1952370276612214,7.796754908935439
0.1,3,100,7,Unscaled,Gaussian,cqr,raw,0.5,300.0,1,4.793587662095261,5.333613754915099,15.460815171925441
0.1,3,100,7,Unscaled,Gaussian,cqr,raw,0.5,300.0,2,4.288407522975972,5.333613754915099,14.955635032806173
0.1,3,100,7,Unscaled,Gaussian,cqr,raw,0.5,300.0,3,3.4062808536129916,5.333613754915099,14.073508363443189
0.1,3,100,7,Empirical_copula,Gaussian,cqr,raw,0.5,300.0,1,4.793587662095261,7.895845519591308,20.585278701277865
0.1,3,100,7,Empirical_copula,Gaussian,cqr,raw,0.5,300.0,2,4.288407522975972,4.424735174424169,13.137877871824312
0.1,3,100,7,Empirical_copula,Gaussian,cqr,raw,0.5,300.0,3,3.4062808536129916,2.065085111943846,7.536451077500693
0.1,3,100,8,CQHR,Gaussian,cqr,native,0.5,300.0,1,4.53703436576701,8.775750274886091,22.08853491553915
0.1,3,100,8,CQHR,Gaussian,cqr,native,0.5,300.0,2,4.508607728869746,16.404988977545692,37.3185856839611
0.1,3,100,8,CQHR,Gaussian,cqr,native,0.5,300.0,3,3.3585038851342754,10.337591313055432,24.033686511245147
0.1,3,100,8,TSCP_R,Gaussian,cqr,shifted,0.5,300.0,1,4.53703436576701,7.1046992676252785,18.746432901017574
0.1,3,100,8,TSCP_R,Gaussian,cqr,shifted,0.5,300.0,2,4.508607728869746,7.353020379322743,19.214648487515213
0.1,3,100,8,TSCP_R,Gaussian,cqr,shifted,0.5,300.0,3,3.3585038851342754,4.596125534799967,12.55075495473421
0.1,3,100,8,TSCP_GWC,Gaussian,cqr,shifted,0.5,300.0,1,4.53703436576701,7.1046992676252785,18.746432901017574
0.1,3,100,8,TSCP_GWC,Gaussian,cqr,shifted,0.5,300.0,2,4.508607728869746,7.353020379322743,19.214648487515213
0.1,3,100,8,TSCP_GWC,Gaussian,cqr,shifted,0.5,300.0,3,3.3585038851342754,4.596125534799967,12.55075495473421
0.1,3,100,8,Unscaled,Gaussian,cqr,raw,0.5,300.0,1,4.53703436576701,6.000246161466613,16.537526688700243
0.1,3,100,8,Unscaled,Gaussian,cqr,raw,0.5,300.0,2,4.508607728869746,6.000246161466613,16.50910005180297
0.1,3,100,8,Unscaled,Gaussian,cqr,raw,0.5,300.0,3,3.3585038851342754,6.000246161466613,15.358996208067511
0.1,3,100,8,Empirical_copula,Gaussian,cqr,raw,0.5,300.0,1,4.53703436576701,6.860497393269773,18.258029152306563
0.1,3,100,8,Empirical_copula,Gaussian,cqr,raw,0.5,300.0,2,4.508607728869746,5.704867528999216,15.918342786868168
0.1,3,100,8,Empirical_copula,Gaussian,cqr,raw,0.5,300.0,3,3.3585038851342754,2.921943158213651,9.202390201561572
0.1,3,100,9,CQHR,Gaussian,cqr,native,0.5,300.0,1,4.729780730533523,16.01448653111579,36.758753792764864
0.1,3,100,9,CQHR,Gaussian,cqr,native,0.5,300.0,2,4.562915295547008,22.511657514820758,49.5862303251885
0.1,3,100,9,CQHR,Gaussian,cqr,native,0.5,300.0,3,3.5937788834178788,16.896116452445757,37.386011788309375
0.1,3,100,9,TSCP_R,Gaussian,cqr,shifted,0.5,300.0,1,4.729780730533523,7.200614097810103,19.131008926153747
0.1,3,100,9,TSCP_R,Gaussian,cqr,shifted,0.5,300.0,2,4.562915295547008,5.877048390784637,16.317012077116274
0.1,3,100,9,TSCP_R,Gaussian,cqr,shifted,0.5,300.0,3,3.5937788834178788,3.9615598338706377,11.51689855115916
0.1,3,100,9,TSCP_GWC,Gaussian,cqr,shifted,0.5,300.0,1,4.729780730533523,7.200614097810103,19.131008926153747
0.1,3,100,9,TSCP_GWC,Gaussian,cqr,shifted,0.5,300.0,2,4.562915295547008,5.877048390784637,16.317012077116274
0.1,3,100,9,TSCP_GWC,Gaussian,cqr,shifted,0.5,300.0,3,3.5937788834178788,3.9615598338706377,11.51689855115916
0.1,3,100,9,Unscaled,Gaussian,cqr,raw,0.5,300.0,1,4.729780730533523,6.116269713081782,16.962320156697082
0.1,3,100,9,Unscaled,Gaussian,cqr,raw,0.5,300.0,2,4.562915295547008,6.116269713081782,16.795454721710573
0.1,3,100,9,Unscaled,Gaussian,cqr,raw,0.5,300.0,3,3.5937788834178788,6.116269713081782,15.826318309581444
0.1,3,100,9,Empirical_copula,Gaussian,cqr,raw,0.5,300.0,1,4.729780730533523,6.996138101513145,18.722056933559823
0.1,3,100,9,Empirical_copula,Gaussian,cqr,raw,0.5,300.0,2,4.562915295547008,5.5139787298785805,15.590872755304165
0.1,3,100,9,Empirical_copula,Gaussian,cqr,raw,0.5,300.0,3,3.5937788834178788,3.022267051794092,9.638312987006062
0.1,3,100,10,CQHR,Gaussian,cqr,native,0.5,300.0,1,4.813655601593926,13.284188364811419,31.38203233121659
0.1,3,100,10,CQHR,Gaussian,cqr,native,0.5,300.0,2,4.402385440019014,18.114398282519478,40.63118200505792
0.1,3,100,10,CQHR,Gaussian,cqr,native,0.5,300.0,3,3.4903487365240977,13.818413806522726,31.127176349569556
0.1,3,100,10,TSCP_R,Gaussian,cqr,shifted,0.5,300.0,1,4.813655601593926,4.398516658256824,13.610688918107575
0.1,3,100,10,TSCP_R,Gaussian,cqr,shifted,0.5,300.0,2,4.402385440019014,5.253529025365651,14.909443490750323
0.1,3,100,10,TSCP_R,Gaussian,cqr,shifted,0.5,300.0,3,3.4903487365240977,4.508446527697913,12.507241791919926
0.1,3,100,10,TSCP_GWC,Gaussian,cqr,shifted,0.5,300.0,1,4.813655601593926,4.398516658256824,13.610688918107575
0.1,3,100,10,TSCP_GWC,Gaussian,cqr,shifted,0.5,300.0,2,4.402385440019014,5.253529025365651,14.909443490750323
0.1,3,100,10,TSCP_GWC,Gaussian,cqr,shifted,0.5,300.0,3,3.4903487365240977,4.508446527697913,12.507241791919926
0.1,3,100,10,Unscaled,Gaussian,cqr,raw,0.5,300.0,1,4.813655601593926,4.7670360519274055,14.347727705448728
0.1,3,100,10,Unscaled,Gaussian,cqr,raw,0.5,300.0,2,4.402385440019014,4.7670360519274055,13.936457543873825
0.1,3,100,10,Unscaled,Gaussian,cqr,raw,0.5,300.0,3,3.4903487365240977,4.7670360519274055,13.02442084037891
0.1,3,100,10,Empirical_copula,Gaussian,cqr,raw,0.5,300.0,1,4.813655601593926,4.627659292917565,14.068974187429058
0.1,3,100,10,Empirical_copula,Gaussian,cqr,raw,0.5,300.0,2,4.402385440019014,4.767036051914413,13.936457543847837
0.1,3,100,10,Empirical_copula,Gaussian,cqr,raw,0.5,300.0,3,3.4903487365240977,3.668797371030063,10.827943478584222
0.1,3,100,11,CQHR,Gaussian,cqr,native,0.5,300.0,1,4.572893382238377,10.069722479240472,24.71233834071941
0.1,3,100,11,CQHR,Gaussian,cqr,native,0.5,300.0,2,4.4490905615417065,13.998252466449442,32.44559549444057
0.1,3,100,11,CQHR,Gaussian,cqr,native,0.5,300.0,3,3.259661068288323,9.909821609428134,23.079304287144595
0.1,3,100,11,TSCP_R,Gaussian,cqr,shifted,0.5,300.0,1,4.572893382238377,4.368008036709568,13.3089094556575
0.1,3,100,11,TSCP_R,Gaussian,cqr,shifted,0.5,300.0,2,4.4490905615417065,5.0491505901071605,14.547391741756025
0.1,3,100,11,TSCP_R,Gaussian,cqr,shifted,0.5,300.0,3,3.259661068288323,2.85920985325032,8.978080774788959
0.1,3,100,11,TSCP_GWC,Gaussian,cqr,shifted,0.5,300.0,1,4.572893382238377,4.368008036709568,13.3089094556575
0.1,3,100,11,TSCP_GWC,Gaussian,cqr,shifted,0.5,300.0,2,4.4490905615417065,5.0491505901071605,14.547391741756025
0.1,3,100,11,TSCP_GWC,Gaussian,cqr,shifted,0.5,300.0,3,3.259661068288323,2.85920985325032,8.978080774788959
0.1,3,100,11,Unscaled,Gaussian,cqr,raw,0.5,300.0,1,4.572893382238377,4.029377505997232,12.631648394232842
0.1,3,100,11,Unscaled,Gaussian,cqr,raw,0.5,300.0,2,4.4490905615417065,4.029377505997232,12.507845573536173
0.1,3,100,11,Unscaled,Gaussian,cqr,raw,0.5,300.0,3,3.259661068288323,4.029377505997232,11.31841608028278
0.1,3,100,11,Empirical_copula,Gaussian,cqr,raw,0.5,300.0,1,4.572893382238377,4.124791941767175,12.822477265772733
0.1,3,100,11,Empirical_copula,Gaussian,cqr,raw,0.5,300.0,2,4.4490905615417065,4.616995949559115,13.683082460659937
0.1,3,100,11,Empirical_copula,Gaussian,cqr,raw,0.5,300.0,3,3.259661068288323,2.805196010596731,8.870053089481777
0.1,3,100,12,CQHR,Gaussian,cqr,native,0.5,300.0,1,4.822499529141874,22.302004177264664,49.42650788367075
0.1,3,100,12,CQHR,Gaussian,cqr,native,0.5,300.0,2,4.281306995889299,69.17190887934012,142.62512475456944
0.1,3,100,12,CQHR,Gaussian,cqr,native,0.5,300.0,3,3.3445327569157413,37.90003700082159,79.14460675855898
0.1,3,100,12,TSCP_R,Gaussian,cqr,shifted,0.5,300.0,1,4.822499529141874,5.275484731287463,15.373468991716784
0.1,3,100,12,TSCP_R,Gaussian,cqr,shifted,0.5,300.0,2,4.281306995889299,5.68548255304114,15.65227210197159
0.1,3,100,12,TSCP_R,Gaussian,cqr,shifted,0.5,300.0,3,3.3445327569157413,4.098141279185029,11.540815315285792
0.1,3,100,12,TSCP_GWC,Gaussian,cqr,shifted,0.5,300.0,1,4.822499529141874,5.275484731287463,15.373468991716784
0.1,3,100,12,TSCP_GWC,Gaussian,cqr,shifted,0.5,300.0,2,4.281306995889299,5.68548255304114,15.65227210197159
0.1,3,100,12,TSCP_GWC,Gaussian,cqr,shifted,0.5,300.0,3,3.3445327569157413,4.098141279185029,11.540815315285792
0.1,3,100,12,Unscaled,Gaussian,cqr,raw,0.5,300.0,1,4.822499529141874,4.827631204392592,14.477761937927038
0.1,3,100,12,Unscaled,Gaussian,cqr,raw,0.5,300.0,2,4.281306995889299,4.827631204392592,13.936569404674488
0.1,3,100,12,Unscaled,Gaussian,cqr,raw,0.5,300.0,3,3.3445327569157413,4.827631204392592,12.999795165700917
0.1,3,100,12,Empirical_copula,Gaussian,cqr,raw,0.5,300.0,1,4.822499529141874,4.827631204325611,14.477761937793094
0.1,3,100,12,Empirical_copula,Gaussian,cqr,raw,0.5,300.0,2,4.281306995889299,5.575158682686152,15.431624361261605
0.1,3,100,12,Empirical_copula,Gaussian,cqr,raw,0.5,300.0,3,3.3445327569157413,3.989466352663797,11.323465462243332
0.1,3,100,13,CQHR,Gaussian,cqr,native,0.5,300.0,1,4.8737789214853535,12.496408183308441,29.866595288102076
0.1,3,100,13,CQHR,Gaussian,cqr,native,0.5,300.0,2,4.376614045535784,18.607504605374206,41.59162325628421
0.1,3,100,13,CQHR,Gaussian,cqr,native,0.5,300.0,3,3.3936988859747608,14.993287936566036,33.38027475910681
0.1,3,100,13,TSCP_R,Gaussian,cqr,shifted,0.5,300.0,1,4.8737789214853535,4.974403883539139,14.822586688563636
0.1,3,100,13,TSCP_R,Gaussian,cqr,shifted,0.5,300.0,2,4.376614045535784,5.170711887630375,14.718037820796544
0.1,3,100,13,TSCP_R,Gaussian,cqr,shifted,0.5,300.0,3,3.3936988859747608,3.9022386579556496,11.198176201886056
0.1,3,100,13,TSCP_GWC,Gaussian,cqr,shifted,0.5,300.0,1,4.8737789214853535,4.974403883539139,14.822586688563636
0.1,3,100,13,TSCP_GWC,Gaussian,cqr,shifted,0.5,300.0,2,4.376614045535784,5.170711887630375,14.718037820796544
0.1,3,100,13,TSCP_GWC,Gaussian,cqr,shifted,0.5,300.0,3,3.3936988859747608,3.9022386579556496,11.198176201886056
0.1,3,100,13,Unscaled,Gaussian,cqr,raw,0.5,300.0,1,4.8737789214853535,4.831602264986927,14.536983451459216
0.1,3,100,13,Unscaled,Gaussian,cqr,raw,0.5,300.0,2,4.376614045535784,4.831602264986927,14.039818575509626
0.1,3,100,13,Unscaled,Gaussian,cqr,raw,0.5,300.0,3,3.3936988859747608,4.831602264986927,13.056903415948625
0.1,3,100,13,Empirical_copula,Gaussian,cqr,raw,0.5,300.0,1,4.8737789214853535,4.824748611149019,14.523276143783402
0.1,3,100,13,Empirical_copula,Gaussian,cqr,raw,0.5,300.0,2,4.376614045535784,5.022608601098515,14.421831247732813
0.1,3,100,13,Empirical_copula,Gaussian,cqr,raw,0.5,300.0,3,3.3936988859747608,3.4769063195984025,10.347511525171551
0.1,3,100,14,CQHR,Gaussian,cqr,native,0.5,300.0,1,4.70619810339295,18.0040814438611,40.71436099111516
0.1,3,100,14,CQHR,Gaussian,cqr,native,0.5,300.0,2,4.440661898464211,28.68056536600062,61.80179263046543
0.1,3,100,14,CQHR,Gaussian,cqr,native,0.5,300.0,3,3.650732549128461,21.29974684237686,46.250226233882195
0.1,3,100,14,TSCP_R,Gaussian,cqr,shifted,0.5,300.0,1,4.70619810339295,6.6827985910433085,18.07179528547955
0.1,3,100,14,TSCP_R,Gaussian,cqr,shifted,0.5,300.0,2,4.440661898464211,4.633929317376271,13.708520533216763
0.1,3,100,14,TSCP_R,Gaussian,cqr,shifted,0.5,300.0,3,3.650732549128461,3.6873121092024803,11.025356767533415
0.1,3,100,14,TSCP_GWC,Gaussian,cqr,shifted,0.5,300.0,1,4.70619810339295,6.6827985910433085,18.07179528547955
0.1,3,100,14,TSCP_GWC,Gaussian,cqr,shifted,0.5,300.0,2,4.440661898464211,4.633929317376271,13.708520533216763
0.1,3,100,14,TSCP_GWC,Gaussian,cqr,shifted,0.5,300.0,3,3.650732549128461,3.6873121092024803,11.025356767533415
0.1,3,100,14,Unscaled,Gaussian,cqr,raw,0.5,300.0,1,4.70619810339295,5.185805177491411,15.077808458375767
0.1,3,100,14,Unscaled,Gaussian,cqr,raw,0.5,300.0,2,4.440661898464211,5.185805177491411,14.812272253447032
0.1,3,100,14,Unscaled,Gaussian,cqr,raw,0.5,300.0,3,3.650732549128461,5.185805177491411,14.022342904111285
0.1,3,100,14,Empirical_copula,Gaussian,cqr,raw,0.5,300.0,1,4.70619810339295,5.894231980826825,16.494662065046565
0.1,3,100,14,Empirical_copula,Gaussian,cqr,raw,0.5,300.0,2,4.440661898464211,4.24712773900559,12.934917376475395
0.1,3,100,14,Empirical_copula,Gaussian,cqr,raw,0.5,300.0,3,3.650732549128461,4.089867021399882,11.830466591928227
0.1,3,100,15,CQHR,Gaussian,cqr,native,0.5,300.0,1,4.634047362095153,14.87725873293212,34.38856482795937
0.1,3,100,15,CQHR,Gaussian,cqr,native,0.5,300.0,2,4.340641523008476,22.47918652579844,49.29901457460539
0.1,3,100,15,CQHR,Gaussian,cqr,native,0.5,300.0,3,3.5591358384405893,17.52971213169064,38.61856010182186
0.1,3,100,15,TSCP_R,Gaussian,cqr,shifted,0.5,300.0,1,4.634047362095153,5.738423146704804,16.110893655504782
0.1,3,100,15,TSCP_R,Gaussian,cqr,shifted,0.5,300.0,2,4.340641523008476,4.811109636457559,13.96286079592358
0.1,3,100,15,TSCP_R,Gaussian,cqr,shifted,0.5,300.0,3,3.5591358384405893,3.8648439214525183,11.288823681345601
0.1,3,100,15,TSCP_GWC,Gaussian,cqr,shifted,0.5,300.0,1,4.634047362095153,5.738423146704804,16.110893655504782
0.1,3,100,15,TSCP_GWC,Gaussian,cqr,shifted,0.5,300.0,2,4.340641523008476,4.811109636457559,13.96286079592358
0.1,3,100,15,TSCP_GWC,Gaussian,cqr,shifted,0.5,300.0,3,3.5591358384405893,3.8648439214525183,11.288823681345601
0.1,3,100,15,Unscaled,Gaussian,cqr,raw,0.5,300.0,1,4.634047362095153,4.820397779745566,14.274842921586297
0.1,3,100,15,Unscaled,Gaussian,cqr,raw,0.5,300.0,2,4.340641523008476,4.820397779745566,13.981437082499603
0.1,3,100,15,Unscaled,Gaussian,cqr,raw,0.5,300.0,3,3.5591358384405893,4.820397779745566,13.199931397931717
0.1,3,100,15,Empirical_copula,Gaussian,cqr,raw,0.5,300.0,1,4.634047362095153,5.801547858472269,16.237143079039665
0.1,3,100,15,Empirical_copula,Gaussian,cqr,raw,0.5,300.0,2,4.340641523008476,4.490847811108566,13.322337145225598
0.1,3,100,15,Empirical_copula,Gaussian,cqr,raw,0.5,300.0,3,3.5591358384405893,4.058748892546419,11.67663362353344
0.1,3,100,16,CQHR,Gaussian,cqr,native,0.5,300.0,1,4.82546739489056,13.81299691555813,32.451461226007
0.1,3,100,16,CQHR,Gaussian,cqr,native,0.5,300.0,2,4.6924725285639,22.431688051860128,49.55584863228415
0.1,3,100,16,CQHR,Gaussian,cqr,native,0.5,300.0,3,3.7049860286945804,15.712326962388785,35.12963995347216
0.1,3,100,16,TSCP_R,Gaussian,cqr,shifted,0.5,300.0,1,4.82546739489056,6.06109185845105,16.947651111792656
0.1,3,100,16,TSCP_R,Gaussian,cqr,shifted,0.5,300.0,2,4.6924725285639,5.441546210722322,15.575564950008541
0.1,3,100,16,TSCP_R,Gaussian,cqr,shifted,0.5,300.0,3,3.7049860286945804,3.666467885596262,11.037921799887087
0.1,3,100,16,TSCP_GWC,Gaussian,cqr,shifted,0.5,300.0,1,4.82546739489056,6.06109185845105,16.947651111792656
0.1,3,100,16,TSCP_GWC,Gaussian,cqr,shifted,0.5,300.0,2,4.6924725285639,5.441546210722322,15.575564950008541
0.1,3,100,16,TSCP_GWC,Gaussian,cqr,shifted,0.5,300.0,3,3.7049860286945804,3.666467885596262,11.037921799887087
0.1,3,100,16,Unscaled,Gaussian,cqr,raw,0.5,300.0,1,4.82546739489056,5.562954864445109,15.951377123780778
0.1,3,100,16,Unscaled,Gaussian,cqr,raw,0.5,300.0,2,4.6924725285639,5.562954864445109,15.818382257454111
0.1,3,100,16,Unscaled,Gaussian,cqr,raw,0.5,300.0,3,3.7049860286945804,5.562954864445109,14.830895757584795
0.1,3,100,16,Empirical_copula,Gaussian,cqr,raw,0.5,300.0,1,4.82546739489056,5.780371194093638,16.38620978307783
0.1,3,100,16,Empirical_copula,Gaussian,cqr,raw,0.5,300.0,2,4.6924725285639,4.619262631163082,13.93099779089007
0.1,3,100,16,Empirical_copula,Gaussian,cqr,raw,0.5,300.0,3,3.7049860286945804,3.3467674257099205,10.398520880114425
0.1,3,100,17,CQHR,Gaussian,cqr,native,0.5,300.0,1,4.97450016699893,15.979122322888218,36.93274481277515
0.1,3,100,17,CQHR,Gaussian,cqr,native,0.5,300.0,2,4.493884232458595,55.53228415546608,115.55845254339064
0.1,3,100,17,CQHR,Gaussian,cqr,native,0.5,300.0,3,3.690520040877326,90.4772124932785,184.6449450274342
0.1,3,100,17,TSCP_R,Gaussian,cqr,shifted,0.5,300.0,1,4.97450016699893,5.498867250057856,15.97223466711465
0.1,3,100,17,TSCP_R,Gaussian,cqr,shifted,0.5,300.0,2,4.493884232458595,4.942478914559047,14.378842061576686
0.1,3,100,17,TSCP_R,Gaussian,cqr,shifted,0.5,300.0,3,3.690520040877326,3.7893299319550806,11.269179904787487
0.1,3,100,17,TSCP_GWC,Gaussian,cqr,shifted,0.5,300.0,1,4.97450016699893,5.498867250057856,15.97223466711465
0.1,3,100,17,TSCP_GWC,Gaussian,cqr,shifted,0.5,300.0,2,4.493884232458595,4.942478914559047,14.378842061576686
0.1,3,100,17,TSCP_GWC,Gaussian,cqr,shifted,0.5,300.0,3,3.690520040877326,3.7893299319550806,11.269179904787487
0.1,3,100,17,Unscaled,Gaussian,cqr,raw,0.5,300.0,1,4.97450016699893,5.067077397616278,15.10865496223148
0.1,3,100,17,Unscaled,Gaussian,cqr,raw,0.5,300.0,2,4.493884232458595,5.067077397616278,14.628039027691148
0.1,3,100,17,Unscaled,Gaussian,cqr,raw,0.5,300.0,3,3.690520040877326,5.067077397616278,13.824674836109871
0.1,3,100,17,Empirical_copula,Gaussian,cqr,raw,0.5,300.0,1,4.97450016699893,5.3531979976006845,15.680896162200295
0.1,3,100,17,Empirical_copula,Gaussian,cqr,raw,0.5,300.0,2,4.493884232458595,4.44652403630692,13.386932305072433
0.1,3,100,17,Empirical_copula,Gaussian,cqr,raw,0.5,300.0,3,3.690520040877326,3.2141050110084457,10.118730062894214
0.1,3,100,18,CQHR,Gaussian,cqr,native,0.5,300.0,1,4.654400891933313,18.201477828023837,41.057356547980675
0.1,3,100,18,CQHR,Gaussian,cqr,native,0.5,300.0,2,4.198358459745608,22.47720380570386,49.152766071153316
0.1,3,100,18,CQHR,Gaussian,cqr,native,0.5,300.0,3,3.258246510446444,17.420996929193635,38.10024036883375
0.1,3,100,18,TSCP_R,Gaussian,cqr,shifted,0.5,300.0,1,4.654400891933313,4.803398124336013,14.261197140605328
0.1,3,100,18,TSCP_R,Gaussian,cqr,shifted,0.5,300.0,2,4.198358459745608,4.605113143141125,13.408584746027875
0.1,3,100,18,TSCP_R,Gaussian,cqr,shifted,0.5,300.0,3,3.258246510446444,2.9994011713245072,9.25704885309546
0.1,3,100,18,TSCP_GWC,Gaussian,cqr,shifted,0.5,300.0,1,4.654400891933313,4.803398124336013,14.261197140605328
0.1,3,100,18,TSCP_GWC,Gaussian,cqr,shifted,0.5,300.0,2,4.198358459745608,4.605113143141125,13.408584746027875
0.1,3,100,18,TSCP_GWC,Gaussian,cqr,shifted,0.5,300.0,3,3.258246510446444,2.9994011713245072,9.25704885309546
0.1,3,100,18,Unscaled,Gaussian,cqr,raw,0.5,300.0,1,4.654400891933313,4.4890458119313745,13.632492515796061
0.1,3,100,18,Unscaled,Gaussian,cqr,raw,0.5,300.0,2,4.198358459745608,4.4890458119313745,13.176450083608358
0.1,3,100,18,Unscaled,Gaussian,cqr,raw,0.5,300.0,3,3.258246510446444,4.4890458119313745,12.236338134309202
0.1,3,100,18,Empirical_copula,Gaussian,cqr,raw,0.5,300.0,1,4.654400891933313,4.836171807577765,14.326744507088833
0.1,3,100,18,Empirical_copula,Gaussian,cqr,raw,0.5,300.0,2,4.198358459745608,4.935321034214649,14.069000528174907
0.1,3,100,18,Empirical_copula,Gaussian,cqr,raw,0.5,300.0,3,3.258246510446444,2.6774580093725935,8.61316252919163
0.1,3,100,19,CQHR,Gaussian,cqr,native,0.5,300.0,1,4.991779203323092,16.557900569956477,38.107580343236066
0.1,3,100,19,CQHR,Gaussian,cqr,native,0.5,300.0,2,4.3879048424452884,18.973549514331122,42.33500387110758
0.1,3,100,19,CQHR,Gaussian,cqr,native,0.5,300.0,3,3.585941849284553,14.320116106249612,32.22617406178378
0.1,3,100,19,TSCP_R,Gaussian,cqr,shifted,0.5,300.0,1,4.991779203323092,5.333276723987581,15.658332651298263
0.1,3,100,19,TSCP_R,Gaussian,cqr,shifted,0.5,300.0,2,4.3879048424452884,5.553976350421465,15.495857543288212
0.1,3,100,19,TSCP_R,Gaussian,cqr,shifted,0.5,300.0,3,3.585941849284553,3.0353983470490675,9.656738543382689
0.1,3,100,19,TSCP_GWC,Gaussian,cqr,shifted,0.5,300.0,1,4.991779203323092,5.333276723987581,15.658332651298263
0.1,3,100,19,TSCP_GWC,Gaussian,cqr,shifted,0.5,300.0,2,4.3879048424452884,5.553976350421465,15.495857543288212
0.1,3,100,19,TSCP_GWC,Gaussian,cqr,shifted,0.5,300.0,3,3.585941849284553,3.0353983470490675,9.656738543382689
0.1,3,100,19,Unscaled,Gaussian,cqr,raw,0.5,300.0,1,4.991779203323092,5.138184435050451,15.268148073423985
0.1,3,100,19,Unscaled,Gaussian,cqr,raw,0.5,300.0,2,4.3879048424452884,5.138184435050451,14.664273712546214
0.1,3,100,19,Unscaled,Gaussian,cqr,raw,0.5,300.0,3,3.585941849284553,5.138184435050451,13.862310719385448
0.1,3,100,19,Empirical_copula,Gaussian,cqr,raw,0.5,300.0,1,4.991779203323092,5.138184434987284,15.268148073297658
0.1,3,100,19,Empirical_copula,Gaussian,cqr,raw,0.5,300.0,2,4.3879048424452884,5.613220280365173,15.614345403175646
0.1,3,100,19,Empirical_copula,Gaussian,cqr,raw,0.5,300.0,3,3.585941849284553,2.8097870463725236,9.205515942029605
0.1,3,100,20,CQHR,Gaussian,cqr,native,0.5,300.0,1,4.620681299467463,11.05125098288408,26.72318326523556
0.1,3,100,20,CQHR,Gaussian,cqr,native,0.5,300.0,2,4.4331581464209435,14.891779211483477,34.216716569387884
0.1,3,100,20,CQHR,Gaussian,cqr,native,0.5,300.0,3,3.3569102708957614,11.44757515070845,26.25206057231267
0.1,3,100,20,TSCP_R,Gaussian,cqr,shifted,0.5,300.0,1,4.620681299467463,5.61590877583825,15.852498851143967
0.1,3,100,20,TSCP_R,Gaussian,cqr,shifted,0.5,300.0,2,4.4331581464209435,5.768275942696107,15.96971003181318
0.1,3,100,20,TSCP_R,Gaussian,cqr,shifted,0.5,300.0,3,3.3569102708957614,3.1886191516843496,9.734148574264463
0.1,3,100,20,TSCP_GWC,Gaussian,cqr,shifted,0.5,300.0,1,4.620681299467463,5.61590877583825,15.852498851143967
0.1,3,100,20,TSCP_GWC,Gaussian,cqr,shifted,0.5,300.0,2,4.4331581464209435,5.768275942696107,15.96971003181318
0.1,3,100,20,TSCP_GWC,Gaussian,cqr,shifted,0.5,300.0,3,3.3569102708957614,3.1886191516843496,9.734148574264463
0.1,3,100,20,Unscaled,Gaussian,cqr,raw,0.5,300.0,1,4.620681299467463,4.8829423643503445,14.386566028168158
0.1,3,100,20,Unscaled,Gaussian,cqr,raw,0.5,300.0,2,4.4331581464209435,4.8829423643503445,14.199042875121634
0.1,3,100,20,Unscaled,Gaussian,cqr,raw,0.5,300.0,3,3.3569102708957614,4.8829423643503445,13.122794999596454
0.1,3,100,20,Empirical_copula,Gaussian,cqr,raw,0.5,300.0,1,4.620681299467463,4.430240859883188,13.481163019233849
0.1,3,100,20,Empirical_copula,Gaussian,cqr,raw,0.5,300.0,2,4.4331581464209435,6.638344439660596,17.709847025742143
0.1,3,100,20,Empirical_copula,Gaussian,cqr,raw,0.5,300.0,3,3.3569102708957614,2.830564852620731,9.018039976137226
0.1,3,100,21,CQHR,Gaussian,cqr,native,0.5,300.0,1,4.707895078732449,11.225386993169897,27.15866906507213
0.1,3,100,21,CQHR,Gaussian,cqr,native,0.5,300.0,2,4.618625651545823,13.702900446883868,32.024426545313574
0.1,3,100,21,CQHR,Gaussian,cqr,native,0.5,300.0,3,3.4100790169064386,9.985148233000452,23.380375482907343
0.1,3,100,21,TSCP_R,Gaussian,cqr,shifted,0.5,300.0,1,4.707895078732449,5.177744861359372,15.063384801451205
0.1,3,100,21,TSCP_R,Gaussian,cqr,shifted,0.5,300.0,2,4.618625651545823,4.213270803957471,13.04516725946076
0.1,3,100,21,TSCP_R,Gaussian,cqr,shifted,0.5,300.0,3,3.4100790169064386,3.143593551101901,9.697266119110253
0.1,3,100,21,TSCP_GWC,Gaussian,cqr,shifted,0.5,300.0,1,4.707895078732449,5.177744861359372,15.063384801451205
0.1,3,100,21,TSCP_GWC,Gaussian,cqr,shifted,0.5,300.0,2,4.618625651545823,4.213270803957471,13.04516725946076
0.1,3,100,21,TSCP_GWC,Gaussian,cqr,shifted,0.5,300.0,3,3.4100790169064386,3.143593551101901,9.697266119110253
0.1,3,100,21,Unscaled,Gaussian,cqr,raw,0.5,300.0,1,4.707895078732449,4.11049417352353,12.928883425779505
0.1,3,100,21,Unscaled,Gaussian,cqr,raw,0.5,300.0,2,4.618625651545823,4.11049417352353,12.839613998592894
0.1,3,100,21,Unscaled,Gaussian,cqr,raw,0.5,300.0,3,3.4100790169064386,4.11049417352353,11.631067363953486
0.1,3,100,21,Empirical_copula,Gaussian,cqr,raw,0.5,300.0,1,4.707895078732449,5.398590091630606,15.50507526199365
0.1,3,100,21,Empirical_copula,Gaussian,cqr,raw,0.5,300.0,2,4.618625651545823,4.0902018034466465,12.799029258439141
0.1,3,100,21,Empirical_copula,Gaussian,cqr,raw,0.5,300.0,3,3.4100790169064386,2.496455457450331,8.402989931807095
0.1,3,100,22,CQHR,Gaussian,cqr,native,0.5,300.0,1,4.789002742188546,9.56521749377946,23.919437729747276
0.1,3,100,22,CQHR,Gaussian,cqr,native,0.5,300.0,2,4.298404093495643,12.089561630099087,28.47752735369384
0.1,3,100,22,CQHR,Gaussian,cqr,native,0.5,300.0,3,3.4087432135264737,10.315573286536148,24.039889786598735
0.1,3,100,22,TSCP_R,Gaussian,cqr,shifted,0.5,300.0,1,4.789002742188546,7.799483487133955,20.387969716456453
0.1,3,100,22,TSCP_R,Gaussian,cqr,shifted,0.5,300.0,2,4.298404093495643,5.267276399558227,14.832956892612087
0.1,3,100,22,TSCP_R,Gaussian,cqr,shifted,0.5,300.0,3,3.4087432135264737,4.46998908672191,12.348721386970288
0.1,3,100,22,TSCP_GWC,Gaussian,cqr,shifted,0.5,300.0,1,4.789002742188546,7.799483487133955,20.387969716456453
0.1,3,100,22,TSCP_GWC,Gaussian,cqr,shifted,0.5,300.0,2,4.298404093495643,5.267276399558227,14.832956892612087
0.1,3,100,22,TSCP_GWC,Gaussian,cqr,shifted,0.5,300.0,3,3.4087432135264737,4.46998908672191,12.348721386970288
0.1,3,100,22,Unscaled,Gaussian,cqr,raw,0.5,300.0,1,4.789002742188546,6.145146961164023,17.079296664516576
0.1,3,100,22,Unscaled,Gaussian,cqr,raw,0.5,300.0,2,4.298404093495643,6.145146961164023,16.58869801582371
0.1,3,100,22,Unscaled,Gaussian,cqr,raw,0.5,300.0,3,3.4087432135264737,6.145146961164023,15.699037135854512
0.1,3,100,22,Empirical_copula,Gaussian,cqr,raw,0.5,300.0,1,4.789002742188546,6.931572752119276,18.65214824642711
0.1,3,100,22,Empirical_copula,Gaussian,cqr,raw,0.5,300.0,2,4.298404093495643,4.235076281183075,12.768556655861811
0.1,3,100,22,Empirical_copula,Gaussian,cqr,raw,0.5,300.0,3,3.4087432135264737,3.9166968730531018,11.242136959632685
0.1,3,100,23,CQHR,Gaussian,cqr,native,0.5,300.0,1,4.760422049315891,13.219926291410959,31.200274632137813
0.1,3,100,23,CQHR,Gaussian,cqr,native,0.5,300.0,2,4.474730607840723,14.945502215061063,34.365735037962835
0.1,3,100,23,CQHR,Gaussian,cqr,native,0.5,300.0,3,3.5620867066189983,11.709292563393154,26.98067183340532
0.1,3,100,23,TSCP_R,Gaussian,cqr,shifted,0.5,300.0,1,4.760422049315891,7.827120700338014,20.414663449991913
0.1,3,100,23,TSCP_R,Gaussian,cqr,shifted,0.5,300.0,2,4.474730607840723,8.063022965596929,20.60077653903459
0.1,3,100,23,TSCP_R,Gaussian,cqr,shifted,0.5,300.0,3,3.5620867066189983,5.169054535767998,13.900195778154988
0.1,3,100,23,TSCP_GWC,Gaussian,cqr,shifted,0.5,300.0,1,4.760422049315891,7.827120700338014,20.414663449991913
0.1,3,100,23,TSCP_GWC,Gaussian,cqr,shifted,0.5,300.0,2,4.474730607840723,8.063022965596929,20.60077653903459
0.1,3,100,23,TSCP_GWC,Gaussian,cqr,shifted,0.5,300.0,3,3.5620867066189983,5.169054535767998,13.900195778154988
0.1,3,100,23,Unscaled,Gaussian,cqr,raw,0.5,300.0,1,4.760422049315891,7.062156590292148,18.8847352299002
0.1,3,100,23,Unscaled,Gaussian,cqr,raw,0.5,300.0,2,4.474730607840723,7.062156590292148,18.599043788425014
0.1,3,100,23,Unscaled,Gaussian,cqr,raw,0.5,300.0,3,3.5620867066189983,7.062156590292148,17.686399887203287
0.1,3,100,23,Empirical_copula,Gaussian,cqr,raw,0.5,300.0,1,4.760422049315891,7.189590886135726,19.139603821587336
0.1,3,100,23,Empirical_copula,Gaussian,cqr,raw,0.5,300.0,2,4.474730607840723,7.763833908481793,20.00239842480429
0.1,3,100,23,Empirical_copula,Gaussian,cqr,raw,0.5,300.0,3,3.5620867066189983,5.1906980175270085,13.943482741673018
0.1,3,100,24,CQHR,Gaussian,cqr,native,0.5,300.0,1,4.839499211519135,8.703064917860413,22.245629047239685
0.1,3,100,24,CQHR,Gaussian,cqr,native,0.5,300.0,2,4.304844942480085,12.054617913349293,28.41408076917869
0.1,3,100,24,CQHR,Gaussian,cqr,native,0.5,300.0,3,3.3366027547805577,9.422944023146565,22.18249080107368
0.1,3,100,24,TSCP_R,Gaussian,cqr,shifted,0.5,300.0,1,4.839499211519135,6.156371415760987,17.152242043041106
0.1,3,100,24,TSCP_R,Gaussian,cqr,shifted,0.5,300.0,2,4.304844942480085,5.87579450512419,16.05643395272849
0.1,3,100,24,TSCP_R,Gaussian,cqr,shifted,0.5,300.0,3,3.3366027547805577,3.705324586587551,10.74725192795567
0.1,3,100,24,TSCP_GWC,Gaussian,cqr,shifted,0.5,300.0,1,4.839499211519135,6.156371415760987,17.152242043041106
0.1,3,100,24,TSCP_GWC,Gaussian,cqr,shifted,0.5,300.0,2,4.304844942480085,5.87579450512419,16.05643395272849
0.1,3,100,24,TSCP_GWC,Gaussian,cqr,shifted,0.5,300.0,3,3.3366027547805577,3.705324586587551,10.74725192795567
0.1,3,100,24,Unscaled,Gaussian,cqr,raw,0.5,300.0,1,4.839499211519135,5.729473739764344,16.298446691047822
0.1,3,100,24,Unscaled,Gaussian,cqr,raw,0.5,300.0,2,4.304844942480085,5.729473739764344,15.763792422008777
0.1,3,100,24,Unscaled,Gaussian,cqr,raw,0.5,300.0,3,3.3366027547805577,5.729473739764344,14.795550234309257
0.1,3,100,24,Empirical_copula,Gaussian,cqr,raw,0.5,300.0,1,4.839499211519135,5.883618259180306,16.60673572987975
0.1,3,100,24,Empirical_copula,Gaussian,cqr,raw,0.5,300.0,2,4.304844942480085,5.807469113911939,15.919783170303965
0.1,3,100,24,Empirical_copula,Gaussian,cqr,raw,0.5,300.0,3,3.3366027547805577,3.3360576789176584,10.008718112615876
0.1,3,100,25,CQHR,Gaussian,cqr,native,0.5,300.0,1,4.6379296963160215,16.777745496194083,38.19342068870381
0.1,3,100,25,CQHR,Gaussian,cqr,native,0.5,300.0,2,4.5457321507167965,21.64049999054825,47.8267321318133
0.1,3,100,25,CQHR,Gaussian,cqr,native,0.5,300.0,3,3.5043731124325648,16.292712288320992,36.08979768907461
0.1,3,100,25,TSCP_R,Gaussian,cqr,shifted,0.5,300.0,1,4.6379296963160215,5.1679854954703615,14.97390068725674
0.1,3,100,25,TSCP_R,Gaussian,cqr,shifted,0.5,300.0,2,4.5457321507167965,6.319427878234023,17.184587907184834
0.1,3,100,25,TSCP_R,Gaussian,cqr,shifted,0.5,300.0,3,3.5043731124325648,3.511765664025461,10.527904440483496
0.1,3,100,25,TSCP_GWC,Gaussian,cqr,shifted,0.5,300.0,1,4.6379296963160215,5.1679854954703615,14.97390068725674
0.1,3,100,25,TSCP_GWC,Gaussian,cqr,shifted,0.5,300.0,2,4.5457321507167965,6.319427878234023,17.184587907184834
0.1,3,100,25,TSCP_GWC,Gaussian,cqr,shifted,0.5,300.0,3,3.5043731124325648,3.511765664025461,10.527904440483496
0.1,3,100,25,Unscaled,Gaussian,cqr,raw,0.5,300.0,1,4.6379296963160215,4.7533862248249905,14.144702145966011
0.1,3,100,25,Unscaled,Gaussian,cqr,raw,0.5,300.0,2,4.5457321507167965,4.7533862248249905,14.052504600366783
0.1,3,100,25,Unscaled,Gaussian,cqr,raw,0.5,300.0,3,3.5043731124325648,4.7533862248249905,13.01114556208255
0.1,3,100,25,Empirical_copula,Gaussian,cqr,raw,0.5,300.0,1,4.6379296963160215,5.003925937082091,14.64578157048021
0.1,3,100,25,Empirical_copula,Gaussian,cqr,raw,0.5,300.0,2,4.5457321507167965,5.483827733488617,15.513387617694015
0.1,3,100,25,Empirical_copula,Gaussian,cqr,raw,0.5,300.0,3,3.5043731124325648,3.2813909799236605,10.067155072279888
0.1,3,100,26,CQHR,Gaussian,cqr,native,0.5,300.0,1,4.663458310082112,22.981438343245838,50.626334996573945
0.1,3,100,26,CQHR,Gaussian,cqr,native,0.5,300.0,2,4.381512718096159,32.85770527385872,70.09692326581371
0.1,3,100,26,CQHR,Gaussian,cqr,native,0.5,300.0,3,3.525622171925602,22.915222900780723,49.356067973487036
0.1,3,100,26,TSCP_R,Gaussian,cqr,shifted,0.5,300.0,1,4.663458310082112,5.842233475367493,16.347925260817117
0.1,3,100,26,TSCP_R,Gaussian,cqr,shifted,0.5,300.0,2,4.381512718096159,4.922933366356574,14.227379450809304
0.1,3,100,26,TSCP_R,Gaussian,cqr,shifted,0.5,300.0,3,3.525622171925602,3.134710862315785,9.795043896557168
0.1,3,100,26,TSCP_GWC,Gaussian,cqr,shifted,0.5,300.0,1,4.663458310082112,5.842233475367493,16.347925260817117
0.1,3,100,26,TSCP_GWC,Gaussian,cqr,shifted,0.5,300.0,2,4.381512718096159,4.922933366356574,14.227379450809304
0.1,3,100,26,TSCP_GWC,Gaussian,cqr,shifted,0.5,300.0,3,3.525622171925602,3.134710862315785,9.795043896557168
0.1,3,100,26,Unscaled,Gaussian,cqr,raw,0.5,300.0,1,4.663458310082112,4.778915928343646,14.221290166769414
0.1,3,100,26,Unscaled,Gaussian,cqr,raw,0.5,300.0,2,4.381512718096159,4.778915928343646,13.939344574783464
0.1,3,100,26,Unscaled,Gaussian,cqr,raw,0.5,300.0,3,3.525622171925602,4.778915928343646,13.083454028612893
0.1,3,100,26,Empirical_copula,Gaussian,cqr,raw,0.5,300.0,1,4.663458310082112,5.659139725895054,15.981737761872228
0.1,3,100,26,Empirical_copula,Gaussian,cqr,raw,0.5,300.0,2,4.381512718096159,4.682204725154591,13.74592216840536
0.1,3,100,26,Empirical_copula,Gaussian,cqr,raw,0.5,300.0,3,3.525622171925602,2.628600662906589,8.782823497738772
0.1,3,100,27,CQHR,Gaussian,cqr,native,0.5,300.0,1,4.8040512761229195,12.256594617965673,29.3172405120542
0.1,3,100,27,CQHR,Gaussian,cqr,native,0.5,300.0,2,4.367256210172762,18.050697360411885,40.46865093099656
0.1,3,100,27,CQHR,Gaussian,cqr,native,0.5,300.0,3,3.4739622110258823,14.299350934171368,32.072664079368614
0.1,3,100,27,TSCP_R,Gaussian,cqr,shifted,0.5,300.0,1,4.8040512761229195,4.75123024841713,14.306511772957167
0.1,3,100,27,TSCP_R,Gaussian,cqr,shifted,0.5,300.0,2,4.367256210172762,4.837797848554146,14.042851907281056
0.1,3,100,27,TSCP_R,Gaussian,cqr,shifted,0.5,300.0,3,3.4739622110258823,3.7060876655600623,10.886137542146013
0.1,3,100,27,TSCP_GWC,Gaussian,cqr,shifted,0.5,300.0,1,4.8040512761229195,4.75123024841713,14.306511772957167
0.1,3,100,27,TSCP_GWC,Gaussian,cqr,shifted,0.5,300.0,2,4.367256210172762,4.837797848554146,14.042851907281056
0.1,3,100,27,TSCP_GWC,Gaussian,cqr,shifted,0.5,300.0,3,3.4739622110258823,3.7060876655600623,10.886137542146013
0.1,3,100,27,Unscaled,Gaussian,cqr,raw,0.5,300.0,1,4.8040512761229195,4.531556833219338,13.867164942561597
0.1,3,100,27,Unscaled,Gaussian,cqr,raw,0.5,300.0,2,4.367256210172762,4.531556833219338,13.43036987661143
0.1,3,100,27,Unscaled,Gaussian,cqr,raw,0.5,300.0,3,3.4739622110258823,4.531556833219338,12.537075877464563
0.1,3,100,27,Empirical_copula,Gaussian,cqr,raw,0.5,300.0,1,4.8040512761229195,4.644083639316261,14.09221855475546
0.1,3,100,27,Empirical_copula,Gaussian,cqr,raw,0.5,300.0,2,4.367256210172762,4.193492252101002,12.75424071437477
0.1,3,100,27,Empirical_copula,Gaussian,cqr,raw,0.5,300.0,3,3.4739622110258823,3.4810326482261433,10.43602750747817
0.1,3,100,28,CQHR,Gaussian,cqr,native,0.5,300.0,1,4.554298246574543,14.45304538532598,33.46038901722665
0.1,3,100,28,CQHR,Gaussian,cqr,native,0.5,300.0,2,4.341968081759042,20.260711223918744,44.863390529596494
0.1,3,100,28,CQHR,Gaussian,cqr,native,0.5,300.0,3,3.3453386768723132,13.875752635931534,31.096843948735362
0.1,3,100,28,TSCP_R,Gaussian,cqr,shifted,0.5,300.0,1,4.554298246574543,6.701431150290659,17.95716054715587
0.1,3,100,28,TSCP_R,Gaussian,cqr,shifted,0.5,300.0,2,4.341968081759042,5.7113591941695745,15.764686470098189
0.1,3,100,28,TSCP_R,Gaussian,cqr,shifted,0.5,300.0,3,3.3453386768723132,2.819913842106871,8.985166361086053
0.1,3,100,28,TSCP_GWC,Gaussian,cqr,shifted,0.5,300.0,1,4.554298246574543,6.701431150290659,17.95716054715587
0.1,3,100,28,TSCP_GWC,Gaussian,cqr,shifted,0.5,300.0,2,4.341968081759042,5.7113591941695745,15.764686470098189
0.1,3,100,28,TSCP_GWC,Gaussian,cqr,shifted,0.5,300.0,3,3.3453386768723132,2.819913842106871,8.985166361086053
0.1,3,100,28,Unscaled,Gaussian,cqr,raw,0.5,300.0,1,4.554298246574543,5.092138910542179,14.73857606765889
0.1,3,100,28,Unscaled,Gaussian,cqr,raw,0.5,300.0,2,4.341968081759042,5.092138910542179,14.526245902843405
0.1,3,100,28,Unscaled,Gaussian,cqr,raw,0.5,300.0,3,3.3453386768723132,5.092138910542179,13.529616497956686
0.1,3,100,28,Empirical_copula,Gaussian,cqr,raw,0.5,300.0,1,4.554298246574543,5.967688387395075,16.489675021364693
0.1,3,100,28,Empirical_copula,Gaussian,cqr,raw,0.5,300.0,2,4.341968081759042,5.092138910473929,14.526245902706908
0.1,3,100,28,Empirical_copula,Gaussian,cqr,raw,0.5,300.0,3,3.3453386768723132,2.752703897607383,8.850746472087083
0.1,3,100,29,CQHR,Gaussian,cqr,native,0.5,300.0,1,4.680232781210193,11.313506776284152,27.307246333778462
0.1,3,100,29,CQHR,Gaussian,cqr,native,0.5,300.0,2,4.203475677192519,18.584816278784064,41.373108234760664
0.1,3,100,29,CQHR,Gaussian,cqr,native,0.5,300.0,3,3.3986949504807296,11.898553483234847,27.195801916950412
0.1,3,100,29,TSCP_R,Gaussian,cqr,shifted,0.5,300.0,1,4.680232781210193,6.2127489172183346,17.10573061564686
0.1,3,100,29,TSCP_R,Gaussian,cqr,shifted,0.5,300.0,2,4.203475677192519,5.099779978126378,14.403035633445267
0.1,3,100,29,TSCP_R,Gaussian,cqr,shifted,0.5,300.0,3,3.3986949504807296,3.5818217022878684,10.562338355056474
0.1,3,100,29,TSCP_GWC,Gaussian,cqr,shifted,0.5,300.0,1,4.680232781210193,6.2127489172183346,17.10573061564686
0.1,3,100,29,TSCP_GWC,Gaussian,cqr,shifted,0.5,300.0,2,4.203475677192519,5.099779978126378,14.403035633445267
0.1,3,100,29,TSCP_GWC,Gaussian,cqr,shifted,0.5,300.0,3,3.3986949504807296,3.5818217022878684,10.562338355056474
0.1,3,100,29,Unscaled,Gaussian,cqr,raw,0.5,300.0,1,4.680232781210193,6.022382465799905,16.72499771280998
0.1,3,100,29,Unscaled,Gaussian,cqr,raw,0.5,300.0,2,4.203475677192519,6.022382465799905,16.248240608792337
0.1,3,100,29,Unscaled,Gaussian,cqr,raw,0.5,300.0,3,3.3986949504807296,6.022382465799905,15.443459882080548
0.1,3,100,29,Empirical_copula,Gaussian,cqr,raw,0.5,300.0,1,4.680232781210193,6.412999022318306,17.5062308258468
0.1,3,100,29,Empirical_copula,Gaussian,cqr,raw,0.5,300.0,2,4.203475677192519,5.110248393483964,14.423972464160443
0.1,3,100,29,Empirical_copula,Gaussian,cqr,raw,0.5,300.0,3,3.3986949504807296,1.824588672680445,7.047872295841617
0.1,3,100,30,CQHR,Gaussian,cqr,native,0.5,300.0,1,4.834253509057357,9.996217451309331,24.826688411675875
0.1,3,100,30,CQHR,Gaussian,cqr,native,0.5,300.0,2,4.373280142252331,11.073845053269032,26.52097024879043
0.1,3,100,30,CQHR,Gaussian,cqr,native,0.5,300.0,3,3.4795625479912555,8.109819200163168,19.69920094831758
0.1,3,100,30,TSCP_R,Gaussian,cqr,shifted,0.5,300.0,1,4.834253509057357,6.492169425866564,17.818592360790483
0.1,3,100,30,TSCP_R,Gaussian,cqr,shifted,0.5,300.0,2,4.373280142252331,6.797391477488986,17.968063097230303
0.1,3,100,30,TSCP_R,Gaussian,cqr,shifted,0.5,300.0,3,3.4795625479912555,4.971892084705814,13.42334671740288
0.1,3,100,30,TSCP_GWC,Gaussian,cqr,shifted,0.5,300.0,1,4.834253509057357,6.492169425866564,17.818592360790483
0.1,3,100,30,TSCP_GWC,Gaussian,cqr,shifted,0.5,300.0,2,4.373280142252331,6.797391477488986,17.968063097230303
0.1,3,100,30,TSCP_GWC,Gaussian,cqr,shifted,0.5,300.0,3,3.4795625479912555,4.971892084705814,13.42334671740288
0.1,3,100,30,Unscaled,Gaussian,cqr,raw,0.5,300.0,1,4.834253509057357,6.278525083992183,17.391303677041723
0.1,3,100,30,Unscaled,Gaussian,cqr,raw,0.5,300.0,2,4.373280142252331,6.278525083992183,16.930330310236684
0.1,3,100,30,Unscaled,Gaussian,cqr,raw,0.5,300.0,3,3.4795625479912555,6.278525083992183,16.036612715975615
0.1,3,100,30,Empirical_copula,Gaussian,cqr,raw,0.5,300.0,1,4.834253509057357,4.553352009820902,13.94095752869916
0.1,3,100,30,Empirical_copula,Gaussian,cqr,raw,0.5,300.0,2,4.373280142252331,6.362288638421322,17.097857419094986
0.1,3,100,30,Empirical_copula,Gaussian,cqr,raw,0.5,300.0,3,3.4795625479912555,4.238846853239199,11.957256254469655
0.1,3,100,31,CQHR,Gaussian,cqr,native,0.5,300.0,1,4.619590682211289,12.437389314375888,29.494369310963368
0.1,3,100,31,CQHR,Gaussian,cqr,native,0.5,300.0,2,4.530784349453804,20.5618211057489,45.65442656095165
0.1,3,100,31,CQHR,Gaussian,cqr,native,0.5,300.0,3,3.4043765894505738,14.907225567757383,33.21882772496536
0.1,3,100,31,TSCP_R,Gaussian,cqr,shifted,0.5,300.0,1,4.619590682211289,5.119343278022029,14.858277238255356
0.1,3,100,31,TSCP_R,Gaussian,cqr,shifted,0.5,300.0,2,4.530784349453804,5.568928610824628,15.66864157110305
0.1,3,100,31,TSCP_R,Gaussian,cqr,shifted,0.5,300.0,3,3.4043765894505738,3.8001483791010173,11.004673347652602
0.1,3,100,31,TSCP_GWC,Gaussian,cqr,shifted,0.5,300.0,1,4.619590682211289,5.119343278022029,14.858277238255356
0.1,3,100,31,TSCP_GWC,Gaussian,cqr,shifted,0.5,300.0,2,4.530784349453804,5.568928610824628,15.66864157110305
0.1,3,100,31,TSCP_GWC,Gaussian,cqr,shifted,0.5,300.0,3,3.4043765894505738,3.8001483791010173,11.004673347652602
0.1,3,100,31,Unscaled,Gaussian,cqr,raw,0.5,300.0,1,4.619590682211289,5.069049711416896,14.757690105045087
0.1,3,100,31,Unscaled,Gaussian,cqr,raw,0.5,300.0,2,4.530784349453804,5.069049711416896,14.668883772287602
0.1,3,100,31,Unscaled,Gaussian,cqr,raw,0.5,300.0,3,3.4043765894505738,5.069049711416896,13.542476012284373
0.1,3,100,31,Empirical_copula,Gaussian,cqr,raw,0.5,300.0,1,4.619590682211289,5.556418036996458,15.732426756204203
0.1,3,100,31,Empirical_copula,Gaussian,cqr,raw,0.5,300.0,2,4.530784349453804,5.434915806549634,15.400615962553077
0.1,3,100,31,Empirical_copula,Gaussian,cqr,raw,0.5,300.0,3,3.4043765894505738,3.423038739824765,10.25045406910009
0.1,3,100,32,CQHR,Gaussian,cqr,native,0.5,300.0,1,4.703400991327949,13.632513769650364,31.968428530628763
0.1,3,100,32,CQHR,Gaussian,cqr,native,0.5,300.0,2,4.4103867499137985,17.113724086714058,38.63783492334193
0.1,3,100,32,CQHR,Gaussian,cqr,native,0.5,300.0,3,3.493606647256899,13.913441002897095,31.32048865305109
0.1,3,100,32,TSCP_R,Gaussian,cqr,shifted,0.5,300.0,1,4.703400991327949,5.808905399821697,16.321211790971336
0.1,3,100,32,TSCP_R,Gaussian,cqr,shifted,0.5,300.0,2,4.4103867499137985,5.804665918887679,16.019718587689155
0.1,3,100,32,TSCP_R,Gaussian,cqr,shifted,0.5,300.0,3,3.493606647256899,3.477201734080154,10.448010115417208
0.1,3,100,32,TSCP_GWC,Gaussian,cqr,shifted,0.5,300.0,1,4.703400991327949,5.808905399821697,16.321211790971336
0.1,3,100,32,TSCP_GWC,Gaussian,cqr,shifted,0.5,300.0,2,4.4103867499137985,5.804665918887679,16.019718587689155
0.1,3,100,32,TSCP_GWC,Gaussian,cqr,shifted,0.5,300.0,3,3.493606647256899,3.477201734080154,10.448010115417208
0.1,3,100,32,Unscaled,Gaussian,cqr,raw,0.5,300.0,1,4.703400991327949,5.404960322066996,15.513321635461953
0.1,3,100,32,Unscaled,Gaussian,cqr,raw,0.5,300.0,2,4.4103867499137985,5.404960322066996,15.220307394047783
0.1,3,100,32,Unscaled,Gaussian,cqr,raw,0.5,300.0,3,3.493606647256899,5.404960322066996,14.303527291390889
0.1,3,100,32,Empirical_copula,Gaussian,cqr,raw,0.5,300.0,1,4.703400991327949,5.927537400636115,16.558475792600174
0.1,3,100,32,Empirical_copula,Gaussian,cqr,raw,0.5,300.0,2,4.4103867499137985,5.236535717246653,14.883458184407091
0.1,3,100,32,Empirical_copula,Gaussian,cqr,raw,0.5,300.0,3,3.493606647256899,3.246295720375116,9.986198088007132
0.1,3,100,33,CQHR,Gaussian,cqr,native,0.5,300.0,1,4.8574267172643655,9.024900679658524,22.90722807658154
0.1,3,100,33,CQHR,Gaussian,cqr,native,0.5,300.0,2,4.229621081295265,10.96430133839519,26.158223758085622
0.1,3,100,33,CQHR,Gaussian,cqr,native,0.5,300.0,3,3.445510935694951,8.568301676600662,20.582114288896275
0.1,3,100,33,TSCP_R,Gaussian,cqr,shifted,0.5,300.0,1,4.8574267172643655,6.433909690296446,17.725246097857266
0.1,3,100,33,TSCP_R,Gaussian,cqr,shifted,0.5,300.0,2,4.229621081295265,6.295228413886889,16.82007790906905
0.1,3,100,33,TSCP_R,Gaussian,cqr,shifted,0.5,300.0,3,3.445510935694951,4.46317416550329,12.37185926670153
0.1,3,100,33,TSCP_GWC,Gaussian,cqr,shifted,0.5,300.0,1,4.8574267172643655,6.433909690296446,17.725246097857266
0.1,3,100,33,TSCP_GWC,Gaussian,cqr,shifted,0.5,300.0,2,4.229621081295265,6.295228413886889,16.82007790906905
0.1,3,100,33,TSCP_GWC,Gaussian,cqr,shifted,0.5,300.0,3,3.445510935694951,4.46317416550329,12.37185926670153
0.1,3,100,33,Unscaled,Gaussian,cqr,raw,0.5,300.0,1,4.8574267172643655,5.758033051031898,16.373492819328163
0.1,3,100,33,Unscaled,Gaussian,cqr,raw,0.5,300.0,2,4.229621081295265,5.758033051031898,15.745687183359063
0.1,3,100,33,Unscaled,Gaussian,cqr,raw,0.5,300.0,3,3.445510935694951,5.758033051031898,14.961577037758753
0.1,3,100,33,Empirical_copula,Gaussian,cqr,raw,0.5,300.0,1,4.8574267172643655,6.215682452644643,17.28879162255366
0.1,3,100,33,Empirical_copula,Gaussian,cqr,raw,0.5,300.0,2,4.229621081295265,5.345439251075726,14.920499583446727
0.1,3,100,33,Empirical_copula,Gaussian,cqr,raw,0.5,300.0,3,3.445510935694951,4.9775995204882335,13.400709976671415
0.1,3,100,34,CQHR,Gaussian,cqr,native,0.5,300.0,1,4.797903964735558,14.96289888238541,34.72370172950651
0.1,3,100,34,CQHR,Gaussian,cqr,native,0.5,300.0,2,4.229116769544561,17.915325443155073,40.059767655854685
0.1,3,100,34,CQHR,Gaussian,cqr,native,0.5,300.0,3,3.256197359301271,12.525033713763442,28.306264786828148
0.1,3,100,34,TSCP_R,Gaussian,cqr,shifted,0.5,300.0,1,4.797903964735558,6.217670106131266,17.233244176998067
0.1,3,100,34,TSCP_R,Gaussian,cqr,shifted,0.5,300.0,2,4.229116769544561,6.30353124091863,16.836179251381807
0.1,3,100,34,TSCP_R,Gaussian,cqr,shifted,0.5,300.0,3,3.256197359301271,4.148936598575176,11.554070556451638
0.1,3,100,34,TSCP_GWC,Gaussian,cqr,shifted,0.5,300.0,1,4.797903964735558,6.217670106131266,17.233244176998067
0.1,3,100,34,TSCP_GWC,Gaussian,cqr,shifted,0.5,300.0,2,4.229116769544561,6.30353124091863,16.836179251381807
0.1,3,100,34,TSCP_GWC,Gaussian,cqr,shifted,0.5,300.0,3,3.256197359301271,4.148936598575176,11.554070556451638
0.1,3,100,34,Unscaled,Gaussian,cqr,raw,0.5,300.0,1,4.797903964735558,5.573391919292046,15.944687803319637
0.1,3,100,34,Unscaled,Gaussian,cqr,raw,0.5,300.0,2,4.229116769544561,5.573391919292046,15.37590060812865
0.1,3,100,34,Unscaled,Gaussian,cqr,raw,0.5,300.0,3,3.256197359301271,5.573391919292046,14.402981197885357
0.1,3,100,34,Empirical_copula,Gaussian,cqr,raw,0.5,300.0,1,4.797903964735558,5.93028209433292,16.658468153401405
0.1,3,100,34,Empirical_copula,Gaussian,cqr,raw,0.5,300.0,2,4.229116769544561,5.086372474759145,14.40186171906285
0.1,3,100,34,Empirical_copula,Gaussian,cqr,raw,0.5,300.0,3,3.256197359301271,4.0303012348967115,11.316799829094691
0.1,3,100,35,CQHR,Gaussian,cqr,native,0.5,300.0,1,4.80566012186406,10.879878849068803,26.565417820001993
0.1,3,100,35,CQHR,Gaussian,cqr,native,0.5,300.0,2,4.417445273415847,20.446837710688992,45.31112069479379
0.1,3,100,35,CQHR,Gaussian,cqr,native,0.5,300.0,3,3.5805223668550714,12.526011472247346,28.63254531134979
0.1,3,100,35,TSCP_R,Gaussian,cqr,shifted,0.5,300.0,1,4.80566012186406,5.633844397487849,16.07334891683975
0.1,3,100,35,TSCP_R,Gaussian,cqr,shifted,0.5,300.0,2,4.417445273415847,6.018333596738728,16.454112466893303
0.1,3,100,35,TSCP_R,Gaussian,cqr,shifted,0.5,300.0,3,3.5805223668550714,3.9520875358962826,11.48469743864764
0.1,3,100,35,TSCP_GWC,Gaussian,cqr,shifted,0.5,300.0,1,4.80566012186406,5.633844397487849,16.07334891683975
0.1,3,100,35,TSCP_GWC,Gaussian,cqr,shifted,0.5,300.0,2,4.417445273415847,6.018333596738728,16.454112466893303
0.1,3,100,35,TSCP_GWC,Gaussian,cqr,shifted,0.5,300.0,3,3.5805223668550714,3.9520875358962826,11.48469743864764
0.1,3,100,35,Unscaled,Gaussian,cqr,raw,0.5,300.0,1,4.80566012186406,5.2508318764475135,15.307323874759083
0.1,3,100,35,Unscaled,Gaussian,cqr,raw,0.5,300.0,2,4.417445273415847,5.2508318764475135,14.919109026310878
0.1,3,100,35,Unscaled,Gaussian,cqr,raw,0.5,300.0,3,3.5805223668550714,5.2508318764475135,14.082186119750103
0.1,3,100,35,Empirical_copula,Gaussian,cqr,raw,0.5,300.0,1,4.80566012186406,4.698909333132004,14.203478788128074
0.1,3,100,35,Empirical_copula,Gaussian,cqr,raw,0.5,300.0,2,4.417445273415847,5.2508318763918105,14.919109026199475
0.1,3,100,35,Empirical_copula,Gaussian,cqr,raw,0.5,300.0,3,3.5805223668550714,4.7343126880788216,13.049147743012723
0.1,3,100,36,CQHR,Gaussian,cqr,native,0.5,300.0,1,4.881849488630825,10.405451269209227,25.69275202704955
0.1,3,100,36,CQHR,Gaussian,cqr,native,0.5,300.0,2,4.309386360707832,11.72639705635525,27.762180473418326
0.1,3,100,36,CQHR,Gaussian,cqr,native,0.5,300.0,3,3.469953626407233,8.944955031372132,21.359863689151517
0.1,3,100,36,TSCP_R,Gaussian,cqr,shifted,0.5,300.0,1,4.881849488630825,5.496207253968805,15.874263996568413
0.1,3,100,36,TSCP_R,Gaussian,cqr,shifted,0.5,300.0,2,4.309386360707832,5.060427102229937,14.430240565167715
0.1,3,100,36,TSCP_R,Gaussian,cqr,shifted,0.5,300.0,3,3.469953626407233,4.274923035327106,12.019799697061439
0.1,3,100,36,TSCP_GWC,Gaussian,cqr,shifted,0.5,300.0,1,4.881849488630825,5.496207253968805,15.874263996568413
0.1,3,100,36,TSCP_GWC,Gaussian,cqr,shifted,0.5,300.0,2,4.309386360707832,5.060427102229937,14.430240565167715
0.1,3,100,36,TSCP_GWC,Gaussian,cqr,shifted,0.5,300.0,3,3.469953626407233,4.274923035327106,12.019799697061439
0.1,3,100,36,Unscaled,Gaussian,cqr,raw,0.5,300.0,1,4.881849488630825,5.019596263630144,14.921042015891123
0.1,3,100,36,Unscaled,Gaussian,cqr,raw,0.5,300.0,2,4.309386360707832,5.019596263630144,14.348578887968111
0.1,3,100,36,Unscaled,Gaussian,cqr,raw,0.5,300.0,3,3.469953626407233,5.019596263630144,13.509146153667526
0.1,3,100,36,Empirical_copula,Gaussian,cqr,raw,0.5,300.0,1,4.881849488630825,5.325145615251783,15.532140719134398
0.1,3,100,36,Empirical_copula,Gaussian,cqr,raw,0.5,300.0,2,4.309386360707832,5.019596263606751,14.34857888792134
0.1,3,100,36,Empirical_copula,Gaussian,cqr,raw,0.5,300.0,3,3.469953626407233,4.009825293549623,11.489604213506471
0.1,3,100,37,CQHR,Gaussian,cqr,native,0.5,300.0,1,4.8010047270021055,12.434827445576708,29.670659618155145
0.1,3,100,37,CQHR,Gaussian,cqr,native,0.5,300.0,2,4.356510088460284,20.69884089340226,45.754191875264745
0.1,3,100,37,CQHR,Gaussian,cqr,native,0.5,300.0,3,3.4402653997810346,13.075625059605544,29.591515518992104
0.1,3,100,37,TSCP_R,Gaussian,cqr,shifted,0.5,300.0,1,4.8010047270021055,5.427361516521557,15.655727760045217
0.1,3,100,37,TSCP_R,Gaussian,cqr,shifted,0.5,300.0,2,4.356510088460284,4.736654174165778,13.829818436791841
0.1,3,100,37,TSCP_R,Gaussian,cqr,shifted,0.5,300.0,3,3.4402653997810346,3.387720101850732,10.215705603482483
0.1,3,100,37,TSCP_GWC,Gaussian,cqr,shifted,0.5,300.0,1,4.8010047270021055,5.427361516521557,15.655727760045217
0.1,3,100,37,TSCP_GWC,Gaussian,cqr,shifted,0.5,300.0,2,4.356510088460284,4.736654174165778,13.829818436791841
0.1,3,100,37,TSCP_GWC,Gaussian,cqr,shifted,0.5,300.0,3,3.4402653997810346,3.387720101850732,10.215705603482483
0.1,3,100,37,Unscaled,Gaussian,cqr,raw,0.5,300.0,1,4.8010047270021055,5.2795999870358346,15.36020470107378
0.1,3,100,37,Unscaled,Gaussian,cqr,raw,0.5,300.0,2,4.356510088460284,5.2795999870358346,14.915710062531952
0.1,3,100,37,Unscaled,Gaussian,cqr,raw,0.5,300.0,3,3.4402653997810346,5.2795999870358346,13.999465373852706
0.1,3,100,37,Empirical_copula,Gaussian,cqr,raw,0.5,300.0,1,4.8010047270021055,5.279599986992163,15.360204700986424
0.1,3,100,37,Empirical_copula,Gaussian,cqr,raw,0.5,300.0,2,4.356510088460284,5.0535713406926135,14.463652769845503
0.1,3,100,37,Empirical_copula,Gaussian,cqr,raw,0.5,300.0,3,3.4402653997810346,2.9442782189934604,9.328821837767954
0.1,3,100,38,CQHR,Gaussian,cqr,native,0.5,300.0,1,4.58728543443375,15.332011283625326,35.25130800168446
0.1,3,100,38,CQHR,Gaussian,cqr,native,0.5,300.0,2,4.553464934426013,26.001363723935846,56.55619238229773
0.1,3,100,38,CQHR,Gaussian,cqr,native,0.5,300.0,3,3.467920184272387,19.108973703392028,41.68586759105639
0.1,3,100,38,TSCP_R,Gaussian,cqr,shifted,0.5,300.0,1,4.58728543443375,6.113201092574002,16.81368761958175
0.1,3,100,38,TSCP_R,Gaussian,cqr,shifted,0.5,300.0,2,4.553464934426013,5.915093075471248,16.383651085368484
0.1,3,100,38,TSCP_R,Gaussian,cqr,shifted,0.5,300.0,3,3.467920184272387,3.899211435963082,11.266343056198547
0.1,3,100,38,TSCP_GWC,Gaussian,cqr,shifted,0.5,300.0,1,4.58728543443375,6.113201092574002,16.81368761958175
0.1,3,100,38,TSCP_GWC,Gaussian,cqr,shifted,0.5,300.0,2,4.553464934426013,5.915093075471248,16.383651085368484
0.1,3,100,38,TSCP_GWC,Gaussian,cqr,shifted,0.5,300.0,3,3.467920184272387,3.899211435963082,11.266343056198547
0.1,3,100,38,Unscaled,Gaussian,cqr,raw,0.5,300.0,1,4.58728543443375,5.132500880676204,14.852287195786154
0.1,3,100,38,Unscaled,Gaussian,cqr,raw,0.5,300.0,2,4.553464934426013,5.132500880676204,14.818466695778422
0.1,3,100,38,Unscaled,Gaussian,cqr,raw,0.5,300.0,3,3.467920184272387,5.132500880676204,13.732921945624799
0.1,3,100,38,Empirical_copula,Gaussian,cqr,raw,0.5,300.0,1,4.58728543443375,5.368819179050677,15.324923792535095
0.1,3,100,38,Empirical_copula,Gaussian,cqr,raw,0.5,300.0,2,4.553464934426013,5.742530553920389,16.038526042266785
0.1,3,100,38,Empirical_copula,Gaussian,cqr,raw,0.5,300.0,3,3.467920184272387,4.222621011143293,11.91316220655897
0.1,3,100,39,CQHR,Gaussian,cqr,native,0.5,300.0,1,4.701949390301498,9.12850209265219,22.958953575605733
0.1,3,100,39,CQHR,Gaussian,cqr,native,0.5,300.0,2,4.319601531377048,12.482216789059317,29.28403510949572
0.1,3,100,39,CQHR,Gaussian,cqr,native,0.5,300.0,3,3.474953314599821,8.410488165771634,20.29592964614311
0.1,3,100,39,TSCP_R,Gaussian,cqr,shifted,0.5,300.0,1,4.701949390301498,5.78642919394872,16.27480777819894
0.1,3,100,39,TSCP_R,Gaussian,cqr,shifted,0.5,300.0,2,4.319601531377048,4.673487416314686,13.66657636400642
0.1,3,100,39,TSCP_R,Gaussian,cqr,shifted,0.5,300.0,3,3.474953314599821,3.873182909661409,11.22131913392263
0.1,3,100,39,TSCP_GWC,Gaussian,cqr,shifted,0.5,300.0,1,4.701949390301498,5.78642919394872,16.27480777819894
0.1,3,100,39,TSCP_GWC,Gaussian,cqr,shifted,0.5,300.0,2,4.319601531377048,4.673487416314686,13.66657636400642
0.1,3,100,39,TSCP_GWC,Gaussian,cqr,shifted,0.5,300.0,3,3.474953314599821,3.873182909661409,11.22131913392263
0.1,3,100,39,Unscaled,Gaussian,cqr,raw,0.5,300.0,1,4.701949390301498,5.256813095718618,15.21557558173874
0.1,3,100,39,Unscaled,Gaussian,cqr,raw,0.5,300.0,2,4.319601531377048,5.256813095718618,14.83322772281428
0.1,3,100,39,Unscaled,Gaussian,cqr,raw,0.5,300.0,3,3.474953314599821,5.256813095718618,13.988579506037077
0.1,3,100,39,Empirical_copula,Gaussian,cqr,raw,0.5,300.0,1,4.701949390301498,5.29759248970085,15.2971343697032
0.1,3,100,39,Empirical_copula,Gaussian,cqr,raw,0.5,300.0,2,4.319601531377048,4.339943709174133,12.999488949725302
0.1,3,100,39,Empirical_copula,Gaussian,cqr,raw,0.5,300.0,3,3.474953314599821,3.7490220439568205,10.972997402513458
0.1,3,100,40,CQHR,Gaussian,cqr,native,0.5,300.0,1,4.743705756972782,12.982165651776999,30.708037060526845
0.1,3,100,40,CQHR,Gaussian,cqr,native,0.5,300.0,2,4.3144619745091095,17.171863421556683,38.65818881762251
0.1,3,100,40,CQHR,Gaussian,cqr,native,0.5,300.0,3,3.479572788126134,13.21910775118156,29.917788290489238
0.1,3,100,40,TSCP_R,Gaussian,cqr,shifted,0.5,300.0,1,4.743705756972782,5.542647654618918,15.829001066210607
0.1,3,100,40,TSCP_R,Gaussian,cqr,shifted,0.5,300.0,2,4.3144619745091095,6.481920919501647,17.27830381351241
0.1,3,100,40,TSCP_R,Gaussian,cqr,shifted,0.5,300.0,3,3.479572788126134,3.160044231092286,9.799661250310706
0.1,3,100,40,TSCP_GWC,Gaussian,cqr,shifted,0.5,300.0,1,4.743705756972782,5.542647654618918,15.829001066210607
0.1,3,100,40,TSCP_GWC,Gaussian,cqr,shifted,0.5,300.0,2,4.3144619745091095,6.481920919501647,17.27830381351241
0.1,3,100,40,TSCP_GWC,Gaussian,cqr,shifted,0.5,300.0,3,3.479572788126134,3.160044231092286,9.799661250310706
0.1,3,100,40,Unscaled,Gaussian,cqr,raw,0.5,300.0,1,4.743705756972782,5.220418463571068,15.184542684114916
0.1,3,100,40,Unscaled,Gaussian,cqr,raw,0.5,300.0,2,4.3144619745091095,5.220418463571068,14.755298901651262
0.1,3,100,40,Unscaled,Gaussian,cqr,raw,0.5,300.0,3,3.479572788126134,5.220418463571068,13.920409715268272
0.1,3,100,40,Empirical_copula,Gaussian,cqr,raw,0.5,300.0,1,4.743705756972782,4.8461906982862555,14.436087153545294
0.1,3,100,40,Empirical_copula,Gaussian,cqr,raw,0.5,300.0,2,4.3144619745091095,5.357118705168951,15.02869938484701
0.1,3,100,40,Empirical_copula,Gaussian,cqr,raw,0.5,300.0,3,3.479572788126134,3.08210508734809,9.643782962822321
0.1,3,100,41,CQHR,Gaussian,cqr,native,0.5,300.0,1,4.7237382659244105,15.661052379995605,36.04584302591585
0.1,3,100,41,CQHR,Gaussian,cqr,native,0.5,300.0,2,4.239975046912981,21.9482607107908,48.13649646849456
0.1,3,100,41,CQHR,Gaussian,cqr,native,0.5,300.0,3,3.275987861241913,15.223988953709506,33.72396576866097
0.1,3,100,41,TSCP_R,Gaussian,cqr,shifted,0.5,300.0,1,4.7237382659244105,5.58886084151618,15.90145994895679
0.1,3,100,41,TSCP_R,Gaussian,cqr,shifted,0.5,300.0,2,4.239975046912981,5.362183283014247,14.964341612941467
0.1,3,100,41,TSCP_R,Gaussian,cqr,shifted,0.5,300.0,3,3.275987861241913,3.700572887599151,10.677133636440217
0.1,3,100,41,TSCP_GWC,Gaussian,cqr,shifted,0.5,300.0,1,4.7237382659244105,5.58886084151618,15.90145994895679
0.1,3,100,41,TSCP_GWC,Gaussian,cqr,shifted,0.5,300.0,2,4.239975046912981,5.362183283014247,14.964341612941467
0.1,3,100,41,TSCP_GWC,Gaussian,cqr,shifted,0.5,300.0,3,3.275987861241913,3.700572887599151,10.677133636440217
0.1,3,100,41,Unscaled,Gaussian,cqr,raw,0.5,300.0,1,4.7237382659244105,5.391359431528545,15.506457128981507
0.1,3,100,41,Unscaled,Gaussian,cqr,raw,0.5,300.0,2,4.239975046912981,5.391359431528545,15.022693909970078
0.1,3,100,41,Unscaled,Gaussian,cqr,raw,0.5,300.0,3,3.275987861241913,5.391359431528545,14.05870672429901
0.1,3,100,41,Empirical_copula,Gaussian,cqr,raw,0.5,300.0,1,4.7237382659244105,5.427010239030065,15.577758743984557
0.1,3,100,41,Empirical_copula,Gaussian,cqr,raw,0.5,300.0,2,4.239975046912981,4.461742528170017,13.163460103253023
0.1,3,100,41,Empirical_copula,Gaussian,cqr,raw,0.5,300.0,3,3.275987861241913,3.3533251143759255,9.982638089993761
0.1,3,100,42,CQHR,Gaussian,cqr,native,0.5,300.0,1,4.791690668826526,9.807888353070355,24.40746737496701
0.1,3,100,42,CQHR,Gaussian,cqr,native,0.5,300.0,2,4.412850406721472,13.64942722270428,31.71170485212997
0.1,3,100,42,CQHR,Gaussian,cqr,native,0.5,300.0,3,3.5055162439074223,9.859894230691278,23.225304705289975
0.1,3,100,42,TSCP_R,Gaussian,cqr,shifted,0.5,300.0,1,4.791690668826526,5.600215969425733,15.992122607677997
0.1,3,100,42,TSCP_R,Gaussian,cqr,shifted,0.5,300.0,2,4.412850406721472,5.156479350399991,14.725809107521451
0.1,3,100,42,TSCP_R,Gaussian,cqr,shifted,0.5,300.0,3,3.5055162439074223,2.9628463652845767,9.431208974476577
0.1,3,100,42,TSCP_GWC,Gaussian,cqr,shifted,0.5,300.0,1,4.791690668826526,5.600215969425733,15.992122607677997
0.1,3,100,42,TSCP_GWC,Gaussian,cqr,shifted,0.5,300.0,2,4.412850406721472,5.156479350399991,14.725809107521451
0.1,3,100,42,TSCP_GWC,Gaussian,cqr,shifted,0.5,300.0,3,3.5055162439074223,2.9628463652845767,9.431208974476577
0.1,3,100,42,Unscaled,Gaussian,cqr,raw,0.5,300.0,1,4.791690668826526,4.993426527382543,14.77854372359161
0.1,3,100,42,Unscaled,Gaussian,cqr,raw,0.5,300.0,2,4.412850406721472,4.993426527382543,14.399703461486537
0.1,3,100,42,Unscaled,Gaussian,cqr,raw,0.5,300.0,3,3.5055162439074223,4.993426527382543,13.492369298672514
0.1,3,100,42,Empirical_copula,Gaussian,cqr,raw,0.5,300.0,1,4.791690668826526,5.066291664865734,14.92427399855798
0.1,3,100,42,Empirical_copula,Gaussian,cqr,raw,0.5,300.0,2,4.412850406721472,4.993426527367312,14.399703461456083
0.1,3,100,42,Empirical_copula,Gaussian,cqr,raw,0.5,300.0,3,3.5055162439074223,2.901839608642458,9.309195461192347
0.1,3,100,43,CQHR,Gaussian,cqr,native,0.5,300.0,1,4.780239056699858,8.494891326253606,21.770021709207118
0.1,3,100,43,CQHR,Gaussian,cqr,native,0.5,300.0,2,4.42532692790206,10.164485123221652,24.754297174345343
0.1,3,100,43,CQHR,Gaussian,cqr,native,0.5,300.0,3,3.6003219372361808,8.141562167163384,19.883446271562985
0.1,3,100,43,TSCP_R,Gaussian,cqr,shifted,0.5,300.0,1,4.780239056699858,6.276458616208799,17.333156289117454
0.1,3,100,43,TSCP_R,Gaussian,cqr,shifted,0.5,300.0,2,4.42532692790206,5.121972986676667,14.66927290125539
0.1,3,100,43,TSCP_R,Gaussian,cqr,shifted,0.5,300.0,3,3.6003219372361808,3.293530677153626,10.187383291543433
0.1,3,100,43,TSCP_GWC,Gaussian,cqr,shifted,0.5,300.0,1,4.780239056699858,6.276458616208799,17.333156289117454
0.1,3,100,43,TSCP_GWC,Gaussian,cqr,shifted,0.5,300.0,2,4.42532692790206,5.121972986676667,14.66927290125539
0.1,3,100,43,TSCP_GWC,Gaussian,cqr,shifted,0.5,300.0,3,3.6003219372361808,3.293530677153626,10.187383291543433
0.1,3,100,43,Unscaled,Gaussian,cqr,raw,0.5,300.0,1,4.780239056699858,5.409494758888219,15.599228574476298
0.1,3,100,43,Unscaled,Gaussian,cqr,raw,0.5,300.0,2,4.42532692790206,5.409494758888219,15.244316445678505
0.1,3,100,43,Unscaled,Gaussian,cqr,raw,0.5,300.0,3,3.6003219372361808,5.409494758888219,14.419311455012622
0.1,3,100,43,Empirical_copula,Gaussian,cqr,raw,0.5,300.0,1,4.780239056699858,6.599188508190629,17.97861607308111
0.1,3,100,43,Empirical_copula,Gaussian,cqr,raw,0.5,300.0,2,4.42532692790206,4.971484809995189,14.368296547892436
0.1,3,100,43,Empirical_copula,Gaussian,cqr,raw,0.5,300.0,3,3.6003219372361808,3.167493787650463,9.935309512537117
0.1,3,100,44,CQHR,Gaussian,cqr,native,0.5,300.0,1,4.624259399373781,26.74579316936252,58.115845738098955
0.1,3,100,44,CQHR,Gaussian,cqr,native,0.5,300.0,2,4.253878098458185,30.105119524931784,64.46411714832172
0.1,3,100,44,CQHR,Gaussian,cqr,native,0.5,300.0,3,3.3849449269198133,23.189054668722225,49.7630542643642
0.1,3,100,44,TSCP_R,Gaussian,cqr,shifted,0.5,300.0,1,4.624259399373781,5.091721170452331,14.807701740278445
0.1,3,100,44,TSCP_R,Gaussian,cqr,shifted,0.5,300.0,2,4.253878098458185,5.5144194455077695,15.28271698947372
0.1,3,100,44,TSCP_R,Gaussian,cqr,shifted,0.5,300.0,3,3.3849449269198133,3.7482145516041214,10.881374030128073
0.1,3,100,44,TSCP_GWC,Gaussian,cqr,shifted,0.5,300.0,1,4.624259399373781,5.091721170452331,14.807701740278445
0.1,3,100,44,TSCP_GWC,Gaussian,cqr,shifted,0.5,300.0,2,4.253878098458185,5.5144194455077695,15.28271698947372
0.1,3,100,44,TSCP_GWC,Gaussian,cqr,shifted,0.5,300.0,3,3.3849449269198133,3.7482145516041214,10.881374030128073
0.1,3,100,44,Unscaled,Gaussian,cqr,raw,0.5,300.0,1,4.624259399373781,4.781530394579682,14.187320188533143
0.1,3,100,44,Unscaled,Gaussian,cqr,raw,0.5,300.0,2,4.253878098458185,4.781530394579682,13.816938887617559
0.1,3,100,44,Unscaled,Gaussian,cqr,raw,0.5,300.0,3,3.3849449269198133,4.781530394579682,12.94800571607917
0.1,3,100,44,Empirical_copula,Gaussian,cqr,raw,0.5,300.0,1,4.624259399373781,4.93755221377767,14.499363826929105
0.1,3,100,44,Empirical_copula,Gaussian,cqr,raw,0.5,300.0,2,4.253878098458185,4.3530329828456615,12.959944064149525
0.1,3,100,44,Empirical_copula,Gaussian,cqr,raw,0.5,300.0,3,3.3849449269198133,3.33380381544435,10.052552557808493
0.1,3,100,45,CQHR,Gaussian,cqr,native,0.5,300.0,1,4.987787550085849,12.523855881886432,30.035499313858562
0.1,3,100,45,CQHR,Gaussian,cqr,native,0.5,300.0,2,4.807293037393603,15.509662844199868,35.826618725793296
0.1,3,100,45,CQHR,Gaussian,cqr,native,0.5,300.0,3,3.677781772201809,11.014732061145166,25.707245894492115
0.1,3,100,45,TSCP_R,Gaussian,cqr,shifted,0.5,300.0,1,4.987787550085849,3.9522997747939144,12.892387099673682
0.1,3,100,45,TSCP_R,Gaussian,cqr,shifted,0.5,300.0,2,4.807293037393603,4.288933365602645,13.385159768598882
0.1,3,100,45,TSCP_R,Gaussian,cqr,shifted,0.5,300.0,3,3.677781772201809,2.435926177989188,8.54963412818019
0.1,3,100,45,TSCP_GWC,Gaussian,cqr,shifted,0.5,300.0,1,4.987787550085849,3.9522997747939144,12.892387099673682
0.1,3,100,45,TSCP_GWC,Gaussian,cqr,shifted,0.5,300.0,2,4.807293037393603,4.288933365602645,13.385159768598882
0.1,3,100,45,TSCP_GWC,Gaussian,cqr,shifted,0.5,300.0,3,3.677781772201809,2.435926177989188,8.54963412818019
0.1,3,100,45,Unscaled,Gaussian,cqr,raw,0.5,300.0,1,4.987787550085849,3.8990376477704145,12.785862845626676
0.1,3,100,45,Unscaled,Gaussian,cqr,raw,0.5,300.0,2,4.807293037393603,3.8990376477704145,12.605368332934436
0.1,3,100,45,Unscaled,Gaussian,cqr,raw,0.5,300.0,3,3.677781772201809,3.8990376477704145,11.475857067742645
0.1,3,100,45,Empirical_copula,Gaussian,cqr,raw,0.5,300.0,1,4.987787550085849,3.9054205812939307,12.798628712673715
0.1,3,100,45,Empirical_copula,Gaussian,cqr,raw,0.5,300.0,2,4.807293037393603,3.927576943297286,12.662446923988165
0.1,3,100,45,Empirical_copula,Gaussian,cqr,raw,0.5,300.0,3,3.677781772201809,2.154756855434707,7.987295483071219
0.1,3,100,46,CQHR,Gaussian,cqr,native,0.5,300.0,1,4.692088253179951,9.752018012869483,24.196124278918944
0.1,3,100,46,CQHR,Gaussian,cqr,native,0.5,300.0,2,4.334560716945013,13.409291343577753,31.153143404100575
0.1,3,100,46,CQHR,Gaussian,cqr,native,0.5,300.0,3,3.35890395501031,9.349295205286285,22.057494365582844
0.1,3,100,46,TSCP_R,Gaussian,cqr,shifted,0.5,300.0,1,4.692088253179951,6.348367681143031,17.388823615466013
0.1,3,100,46,TSCP_R,Gaussian,cqr,shifted,0.5,300.0,2,4.334560716945013,4.269482179810893,12.873525076566795
0.1,3,100,46,TSCP_R,Gaussian,cqr,shifted,0.5,300.0,3,3.35890395501031,3.6648454556971046,10.688594866404506
0.1,3,100,46,TSCP_GWC,Gaussian,cqr,shifted,0.5,300.0,1,4.692088253179951,6.348367681143031,17.388823615466013
0.1,3,100,46,TSCP_GWC,Gaussian,cqr,shifted,0.5,300.0,2,4.334560716945013,4.269482179810893,12.873525076566795
0.1,3,100,46,TSCP_GWC,Gaussian,cqr,shifted,0.5,300.0,3,3.35890395501031,3.6648454556971046,10.688594866404506
0.1,3,100,46,Unscaled,Gaussian,cqr,raw,0.5,300.0,1,4.692088253179951,5.472149553687766,15.636387360555478
0.1,3,100,46,Unscaled,Gaussian,cqr,raw,0.5,300.0,2,4.334560716945013,5.472149553687766,15.278859824320556
0.1,3,100,46,Unscaled,Gaussian,cqr,raw,0.5,300.0,3,3.35890395501031,5.472149553687766,14.303203062385837
0.1,3,100,46,Empirical_copula,Gaussian,cqr,raw,0.5,300.0,1,4.692088253179951,6.366480052139086,17.425048357458117
0.1,3,100,46,Empirical_copula,Gaussian,cqr,raw,0.5,300.0,2,4.334560716945013,4.092551232130276,12.51966318120557
0.1,3,100,46,Empirical_copula,Gaussian,cqr,raw,0.5,300.0,3,3.35890395501031,2.7875306830632303,8.933965321136768
0.1,3,100,47,CQHR,Gaussian,cqr,native,0.5,300.0,1,4.663088981005799,6.921652129175565,18.506393239357077
0.1,3,100,47,CQHR,Gaussian,cqr,native,0.5,300.0,2,4.53860504048165,9.905259403966559,24.349123848414774
0.1,3,100,47,CQHR,Gaussian,cqr,native,0.5,300.0,3,3.5114579333439457,6.661913657376685,16.835285248097325
0.1,3,100,47,TSCP_R,Gaussian,cqr,shifted,0.5,300.0,1,4.663088981005799,6.82799654389305,18.319082068791882
0.1,3,100,47,TSCP_R,Gaussian,cqr,shifted,0.5,300.0,2,4.53860504048165,5.328065340902981,15.194735722287618
0.1,3,100,47,TSCP_R,Gaussian,cqr,shifted,0.5,300.0,3,3.5114579333439457,3.2110746403492954,9.933607214042542
0.1,3,100,47,TSCP_GWC,Gaussian,cqr,shifted,0.5,300.0,1,4.663088981005799,6.82799654389305,18.319082068791882
0.1,3,100,47,TSCP_GWC,Gaussian,cqr,shifted,0.5,300.0,2,4.53860504048165,5.328065340902981,15.194735722287618
0.1,3,100,47,TSCP_GWC,Gaussian,cqr,shifted,0.5,300.0,3,3.5114579333439457,3.2110746403492954,9.933607214042542
0.1,3,100,47,Unscaled,Gaussian,cqr,raw,0.5,300.0,1,4.663088981005799,4.728993585606106,14.121076152218015
0.1,3,100,47,Unscaled,Gaussian,cqr,raw,0.5,300.0,2,4.53860504048165,4.728993585606106,13.996592211693857
0.1,3,100,47,Unscaled,Gaussian,cqr,raw,0.5,300.0,3,3.5114579333439457,4.728993585606106,12.969445104556161
0.1,3,100,47,Empirical_copula,Gaussian,cqr,raw,0.5,300.0,1,4.663088981005799,6.8422037548497165,18.34749649070523
0.1,3,100,47,Empirical_copula,Gaussian,cqr,raw,0.5,300.0,2,4.53860504048165,4.657331340329993,13.853267721141638
0.1,3,100,47,Empirical_copula,Gaussian,cqr,raw,0.5,300.0,3,3.5114579333439457,3.0481988242938076,9.607855581931565
0.1,3,100,48,CQHR,Gaussian,cqr,native,0.5,300.0,1,4.928886851881313,11.256980531414285,27.44284791471008
0.1,3,100,48,CQHR,Gaussian,cqr,native,0.5,300.0,2,4.576224066666455,14.579838206029107,33.7359004787247
0.1,3,100,48,CQHR,Gaussian,cqr,native,0.5,300.0,3,3.5680896847918673,10.97597071383682,25.520031112465507
0.1,3,100,48,TSCP_R,Gaussian,cqr,shifted,0.5,300.0,1,4.928886851881313,6.171262876709989,17.271412605301304
0.1,3,100,48,TSCP_R,Gaussian,cqr,shifted,0.5,300.0,2,4.576224066666455,6.048640515017951,16.67350509670235
0.1,3,100,48,TSCP_R,Gaussian,cqr,shifted,0.5,300.0,3,3.5680896847918673,3.9441225857485733,11.456334856289013
0.1,3,100,48,TSCP_GWC,Gaussian,cqr,shifted,0.5,300.0,1,4.928886851881313,6.171262876709989,17.271412605301304
0.1,3,100,48,TSCP_GWC,Gaussian,cqr,shifted,0.5,300.0,2,4.576224066666455,6.048640515017951,16.67350509670235
0.1,3,100,48,TSCP_GWC,Gaussian,cqr,shifted,0.5,300.0,3,3.5680896847918673,3.9441225857485733,11.456334856289013
0.1,3,100,48,Unscaled,Gaussian,cqr,raw,0.5,300.0,1,4.928886851881313,5.749083527625458,16.42705390713223
0.1,3,100,48,Unscaled,Gaussian,cqr,raw,0.5,300.0,2,4.576224066666455,5.749083527625458,16.074391121917365
0.1,3,100,48,Unscaled,Gaussian,cqr,raw,0.5,300.0,3,3.5680896847918673,5.749083527625458,15.066256740042796
0.1,3,100,48,Empirical_copula,Gaussian,cqr,raw,0.5,300.0,1,4.928886851881313,6.451755116784685,17.832397085450694
0.1,3,100,48,Empirical_copula,Gaussian,cqr,raw,0.5,300.0,2,4.576224066666455,5.853815612823052,16.283855292312563
0.1,3,100,48,Empirical_copula,Gaussian,cqr,raw,0.5,300.0,3,3.5680896847918673,2.6020770918720366,8.772243868535936
0.1,3,100,49,CQHR,Gaussian,cqr,native,0.5,300.0,1,4.6857836721811115,14.221149233037929,33.128082138256886
0.1,3,100,49,CQHR,Gaussian,cqr,native,0.5,300.0,2,4.390052370489834,29.571690033541316,63.533432437572486
0.1,3,100,49,CQHR,Gaussian,cqr,native,0.5,300.0,3,3.332958646874584,18.16603755647745,39.66503375982952
0.1,3,100,49,TSCP_R,Gaussian,cqr,shifted,0.5,300.0,1,4.6857836721811115,4.768172684595015,14.22212904137113
0.1,3,100,49,TSCP_R,Gaussian,cqr,shifted,0.5,300.0,2,4.390052370489834,5.12147097339124,14.6329943172723
0.1,3,100,49,TSCP_R,Gaussian,cqr,shifted,0.5,300.0,3,3.332958646874584,2.992533851342273,9.318026349559137
0.1,3,100,49,TSCP_GWC,Gaussian,cqr,shifted,0.5,300.0,1,4.6857836721811115,4.768172684595015,14.22212904137113
0.1,3,100,49,TSCP_GWC,Gaussian,cqr,shifted,0.5,300.0,2,4.390052370489834,5.12147097339124,14.6329943172723
0.1,3,100,49,TSCP_GWC,Gaussian,cqr,shifted,0.5,300.0,3,3.332958646874584,2.992533851342273,9.318026349559137
0.1,3,100,49,Unscaled,Gaussian,cqr,raw,0.5,300.0,1,4.6857836721811115,4.699701087567347,14.08518584731581
0.1,3,100,49,Unscaled,Gaussian,cqr,raw,0.5,300.0,2,4.390052370489834,4.699701087567347,13.78945454562455
0.1,3,100,49,Unscaled,Gaussian,cqr,raw,0.5,300.0,3,3.332958646874584,4.699701087567347,12.732360822009285
0.1,3,100,49,Empirical_copula,Gaussian,cqr,raw,0.5,300.0,1,4.6857836721811115,4.629556157217822,13.944895986616773
0.1,3,100,49,Empirical_copula,Gaussian,cqr,raw,0.5,300.0,2,4.390052370489834,5.145214577831098,14.68048152615204
0.1,3,100,49,Empirical_copula,Gaussian,cqr,raw,0.5,300.0,3,3.332958646874584,2.8127882502118737,8.95853514729833
0.1,3,100,50,CQHR,Gaussian,cqr,native,0.5,300.0,1,4.845453650334079,12.685516535990185,30.216486722314162
0.1,3,100,50,CQHR,Gaussian,cqr,native,0.5,300.0,2,4.55714407533797,15.983534852013985,36.52421377936596
0.1,3,100,50,CQHR,Gaussian,cqr,native,0.5,300.0,3,3.592862635755429,12.294298925793742,28.181460487342896
0.1,3,100,50,TSCP_R,Gaussian,cqr,shifted,0.5,300.0,1,4.845453650334079,7.652742661013633,20.150938972361352
0.1,3,100,50,TSCP_R,Gaussian,cqr,shifted,0.5,300.0,2,4.55714407533797,5.448367576896658,15.453879229131287
0.1,3,100,50,TSCP_R,Gaussian,cqr,shifted,0.5,300.0,3,3.592862635755429,3.5802571078422147,10.753376851439862
0.1,3,100,50,TSCP_GWC,Gaussian,cqr,shifted,0.5,300.0,1,4.845453650334079,7.652742661013633,20.150938972361352
0.1,3,100,50,TSCP_GWC,Gaussian,cqr,shifted,0.5,300.0,2,4.55714407533797,5.448367576896658,15.453879229131287
0.1,3,100,50,TSCP_GWC,Gaussian,cqr,shifted,0.5,300.0,3,3.592862635755429,3.5802571078422147,10.753376851439862
0.1,3,100,50,Unscaled,Gaussian,cqr,raw,0.5,300.0,1,4.845453650334079,5.8701150147158,16.58568367976569
0.1,3,100,50,Unscaled,Gaussian,cqr,raw,0.5,300.0,2,4.55714407533797,5.8701150147158,16.297374104769585
0.1,3,100,50,Unscaled,Gaussian,cqr,raw,0.5,300.0,3,3.592862635755429,5.8701150147158,15.333092665187042
0.1,3,100,50,Empirical_copula,Gaussian,cqr,raw,0.5,300.0,1,4.845453650334079,7.655037983195648,20.15552961672537
0.1,3,100,50,Empirical_copula,Gaussian,cqr,raw,0.5,300.0,2,4.55714407533797,4.960976169595444,14.479096414528865
0.1,3,100,50,Empirical_copula,Gaussian,cqr,raw,0.5,300.0,3,3.592862635755429,3.4633438134002503,10.51955026255594
0.1,3,100,51,CQHR,Gaussian,cqr,native,0.5,300.0,1,4.816311861014451,9.26248287973795,23.341277620490434
0.1,3,100,51,CQHR,Gaussian,cqr,native,0.5,300.0,2,4.53765422935726,11.805721663387617,28.149097556132485
0.1,3,100,51,CQHR,Gaussian,cqr,native,0.5,300.0,3,3.632686873752175,9.130472986565708,21.89363284688359
0.1,3,100,51,TSCP_R,Gaussian,cqr,shifted,0.5,300.0,1,4.816311861014451,5.093859416402893,15.004030693820226
0.1,3,100,51,TSCP_R,Gaussian,cqr,shifted,0.5,300.0,2,4.53765422935726,5.778816599371851,16.095287428100963
0.1,3,100,51,TSCP_R,Gaussian,cqr,shifted,0.5,300.0,3,3.632686873752175,3.3522952584570476,10.337277390666275
0.1,3,100,51,TSCP_GWC,Gaussian,cqr,shifted,0.5,300.0,1,4.816311861014451,5.093859416402893,15.004030693820226
0.1,3,100,51,TSCP_GWC,Gaussian,cqr,shifted,0.5,300.0,2,4.53765422935726,5.778816599371851,16.095287428100963
0.1,3,100,51,TSCP_GWC,Gaussian,cqr,shifted,0.5,300.0,3,3.632686873752175,3.3522952584570476,10.337277390666275
0.1,3,100,51,Unscaled,Gaussian,cqr,raw,0.5,300.0,1,4.816311861014451,4.931338503922089,14.678988868858617
0.1,3,100,51,Unscaled,Gaussian,cqr,raw,0.5,300.0,2,4.53765422935726,4.931338503922089,14.400331237201451
0.1,3,100,51,Unscaled,Gaussian,cqr,raw,0.5,300.0,3,3.632686873752175,4.931338503922089,13.495363881596365
0.1,3,100,51,Empirical_copula,Gaussian,cqr,raw,0.5,300.0,1,4.816311861014451,4.9313385038577024,14.67898886872986
0.1,3,100,51,Empirical_copula,Gaussian,cqr,raw,0.5,300.0,2,4.53765422935726,5.264125105860376,15.06590444107803
0.1,3,100,51,Empirical_copula,Gaussian,cqr,raw,0.5,300.0,3,3.632686873752175,3.2159664700997865,10.064619813951749
0.1,3,100,52,CQHR,Gaussian,cqr,native,0.5,300.0,1,4.729111172076098,15.570464340311606,35.87003985269961
0.1,3,100,52,CQHR,Gaussian,cqr,native,0.5,300.0,2,4.55846184729771,22.860086307713605,50.27863446272487
0.1,3,100,52,CQHR,Gaussian,cqr,native,0.5,300.0,3,3.5131673004283956,16.85866040964103,37.23048811971045
0.1,3,100,52,TSCP_R,Gaussian,cqr,shifted,0.5,300.0,1,4.729111172076098,7.14520293094796,19.019517033972004
0.1,3,100,52,TSCP_R,Gaussian,cqr,shifted,0.5,300.0,2,4.55846184729771,6.61889922001626,17.796260287330245
0.1,3,100,52,TSCP_R,Gaussian,cqr,shifted,0.5,300.0,3,3.5131673004283956,4.505034645471142,12.523236591370669
0.1,3,100,52,TSCP_GWC,Gaussian,cqr,shifted,0.5,300.0,1,4.729111172076098,7.14520293094796,19.019517033972004
0.1,3,100,52,TSCP_GWC,Gaussian,cqr,shifted,0.5,300.0,2,4.55846184729771,6.61889922001626,17.796260287330245
0.1,3,100,52,TSCP_GWC,Gaussian,cqr,shifted,0.5,300.0,3,3.5131673004283956,4.505034645471142,12.523236591370669
0.1,3,100,52,Unscaled,Gaussian,cqr,raw,0.5,300.0,1,4.729111172076098,5.08585069327342,14.900812558622947
0.1,3,100,52,Unscaled,Gaussian,cqr,raw,0.5,300.0,2,4.55846184729771,5.08585069327342,14.73016323384452
0.1,3,100,52,Unscaled,Gaussian,cqr,raw,0.5,300.0,3,3.5131673004283956,5.08585069327342,13.684868686975223
0.1,3,100,52,Empirical_copula,Gaussian,cqr,raw,0.5,300.0,1,4.729111172076098,4.397719856683757,13.524550885443599
0.1,3,100,52,Empirical_copula,Gaussian,cqr,raw,0.5,300.0,2,4.55846184729771,5.782059026468884,16.12257990023546
0.1,3,100,52,Empirical_copula,Gaussian,cqr,raw,0.5,300.0,3,3.5131673004283956,3.4532154571042604,10.419598214636919
0.1,3,100,53,CQHR,Gaussian,cqr,native,0.5,300.0,1,4.640584968204652,10.46761305787982,25.575811083964222
0.1,3,100,53,CQHR,Gaussian,cqr,native,0.5,300.0,2,4.15651945335757,14.08210560332288,32.32073066000339
0.1,3,100,53,CQHR,Gaussian,cqr,native,0.5,300.0,3,3.260193799614072,9.518075332667811,22.296344464949666
0.1,3,100,53,TSCP_R,Gaussian,cqr,shifted,0.5,300.0,1,4.640584968204652,6.559727722864409,17.76004041393349
0.1,3,100,53,TSCP_R,Gaussian,cqr,shifted,0.5,300.0,2,4.15651945335757,6.067551594469364,16.2916226422963
0.1,3,100,53,TSCP_R,Gaussian,cqr,shifted,0.5,300.0,3,3.260193799614072,4.420720912485706,12.101635624585494
0.1,3,100,53,TSCP_GWC,Gaussian,cqr,shifted,0.5,300.0,1,4.640584968204652,6.559727722864409,17.76004041393349
0.1,3,100,53,TSCP_GWC,Gaussian,cqr,shifted,0.5,300.0,2,4.15651945335757,6.067551594469364,16.2916226422963
0.1,3,100,53,TSCP_GWC,Gaussian,cqr,shifted,0.5,300.0,3,3.260193799614072,4.420720912485706,12.101635624585494
0.1,3,100,53,Unscaled,Gaussian,cqr,raw,0.5,300.0,1,4.640584968204652,6.1365226916535285,16.9136303515117
0.1,3,100,53,Unscaled,Gaussian,cqr,raw,0.5,300.0,2,4.15651945335757,6.1365226916535285,16.42956483666463
0.1,3,100,53,Unscaled,Gaussian,cqr,raw,0.5,300.0,3,3.260193799614072,6.1365226916535285,15.53323918292113
0.1,3,100,53,Empirical_copula,Gaussian,cqr,raw,0.5,300.0,1,4.640584968204652,6.588941706797515,17.818468381799708
0.1,3,100,53,Empirical_copula,Gaussian,cqr,raw,0.5,300.0,2,4.15651945335757,5.9072743305537045,15.971068114464966
0.1,3,100,53,Empirical_copula,Gaussian,cqr,raw,0.5,300.0,3,3.260193799614072,3.3440704886329264,9.948334776879927
0.1,3,100,54,CQHR,Gaussian,cqr,native,0.5,300.0,1,4.624222578138676,9.86475063782805,24.35372385379453
0.1,3,100,54,CQHR,Gaussian,cqr,native,0.5,300.0,2,4.361636696215385,16.340535108094347,37.04270691240404
0.1,3,100,54,CQHR,Gaussian,cqr,native,0.5,300.0,3,3.4676985345142053,14.175410309623267,31.81851915376078
0.1,3,100,54,TSCP_R,Gaussian,cqr,shifted,0.5,300.0,1,4.624222578138676,5.5117199179852605,15.647662414109185
0.1,3,100,54,TSCP_R,Gaussian,cqr,shifted,0.5,300.0,2,4.361636696215385,5.753519770601486,15.868676237418356
0.1,3,100,54,TSCP_R,Gaussian,cqr,shifted,0.5,300.0,3,3.4676985345142053,4.2858487622319785,12.039396058978154
0.1,3,100,54,TSCP_GWC,Gaussian,cqr,shifted,0.5,300.0,1,4.624222578138676,5.5117199179852605,15.647662414109185
0.1,3,100,54,TSCP_GWC,Gaussian,cqr,shifted,0.5,300.0,2,4.361636696215385,5.753519770601486,15.868676237418356
0.1,3,100,54,TSCP_GWC,Gaussian,cqr,shifted,0.5,300.0,3,3.4676985345142053,4.2858487622319785,12.039396058978154
0.1,3,100,54,Unscaled,Gaussian,cqr,raw,0.5,300.0,1,4.624222578138676,4.854330636616304,14.332883851371285
0.1,3,100,54,Unscaled,Gaussian,cqr,raw,0.5,300.0,2,4.361636696215385,4.854330636616304,14.070297969448008
0.1,3,100,54,Unscaled,Gaussian,cqr,raw,0.5,300.0,3,3.4676985345142053,4.854330636616304,13.176359807746806
0.1,3,100,54,Empirical_copula,Gaussian,cqr,raw,0.5,300.0,1,4.624222578138676,4.7263080516865905,14.076838681511862
0.1,3,100,54,Empirical_copula,Gaussian,cqr,raw,0.5,300.0,2,4.361636696215385,6.445624020969937,17.252884738155274
0.1,3,100,54,Empirical_copula,Gaussian,cqr,raw,0.5,300.0,3,3.4676985345142053,4.181902752718656,11.831504039951522
0.1,3,100,55,CQHR,Gaussian,cqr,native,0.5,300.0,1,4.626475882741019,13.645374313235891,31.91722450921261
0.1,3,100,55,CQHR,Gaussian,cqr,native,0.5,300.0,2,4.538302336115797,17.611606150497963,39.76151463711166
0.1,3,100,55,CQHR,Gaussian,cqr,native,0.5,300.0,3,3.4068680092284813,12.084924476899767,27.576716963027998
0.1,3,100,55,TSCP_R,Gaussian,cqr,shifted,0.5,300.0,1,4.626475882741019,5.318496183286754,15.263468249314515
0.1,3,100,55,TSCP_R,Gaussian,cqr,shifted,0.5,300.0,2,4.538302336115797,6.372596562792296,17.28349546170038
0.1,3,100,55,TSCP_R,Gaussian,cqr,shifted,0.5,300.0,3,3.4068680092284813,4.624444586628329,12.655757182485127
0.1,3,100,55,TSCP_GWC,Gaussian,cqr,shifted,0.5,300.0,1,4.626475882741019,5.318496183286754,15.263468249314515
0.1,3,100,55,TSCP_GWC,Gaussian,cqr,shifted,0.5,300.0,2,4.538302336115797,6.372596562792296,17.28349546170038
0.1,3,100,55,TSCP_GWC,Gaussian,cqr,shifted,0.5,300.0,3,3.4068680092284813,4.624444586628329,12.655757182485127
0.1,3,100,55,Unscaled,Gaussian,cqr,raw,0.5,300.0,1,4.626475882741019,4.601578356123183,13.829632594987386
0.1,3,100,55,Unscaled,Gaussian,cqr,raw,0.5,300.0,2,4.538302336115797,4.601578356123183,13.741459048362167
0.1,3,100,55,Unscaled,Gaussian,cqr,raw,0.5,300.0,3,3.4068680092284813,4.601578356123183,12.610024721474861
0.1,3,100,55,Empirical_copula,Gaussian,cqr,raw,0.5,300.0,1,4.626475882741019,4.084496179688465,12.79546824211796
0.1,3,100,55,Empirical_copula,Gaussian,cqr,raw,0.5,300.0,2,4.538302336115797,4.6015783561064865,13.741459048328771
0.1,3,100,55,Empirical_copula,Gaussian,cqr,raw,0.5,300.0,3,3.4068680092284813,4.593281530194979,12.593431069618426
0.1,3,100,56,CQHR,Gaussian,cqr,native,0.5,300.0,1,4.865896568887718,9.3635916748059,23.593079918499306
0.1,3,100,56,CQHR,Gaussian,cqr,native,0.5,300.0,2,4.367835185969529,12.236895182764396,28.84162555149832
0.1,3,100,56,CQHR,Gaussian,cqr,native,0.5,300.0,3,3.449684527887818,8.821223373989314,21.09213127586647
0.1,3,100,56,TSCP_R,Gaussian,cqr,shifted,0.5,300.0,1,4.865896568887718,5.60347023153372,16.072837031955142
0.1,3,100,56,TSCP_R,Gaussian,cqr,shifted,0.5,300.0,2,4.367835185969529,5.435125564917996,15.238086315805516
0.1,3,100,56,TSCP_R,Gaussian,cqr,shifted,0.5,300.0,3,3.449684527887818,3.874434644800374,11.19855381748856
0.1,3,100,56,TSCP_GWC,Gaussian,cqr,shifted,0.5,300.0,1,4.865896568887718,5.60347023153372,16.072837031955142
0.1,3,100,56,TSCP_GWC,Gaussian,cqr,shifted,0.5,300.0,2,4.367835185969529,5.435125564917996,15.238086315805516
0.1,3,100,56,TSCP_GWC,Gaussian,cqr,shifted,0.5,300.0,3,3.449684527887818,3.874434644800374,11.19855381748856
0.1,3,100,56,Unscaled,Gaussian,cqr,raw,0.5,300.0,1,4.865896568887718,4.85010563580095,14.566107840489597
0.1,3,100,56,Unscaled,Gaussian,cqr,raw,0.5,300.0,2,4.367835185969529,4.85010563580095,14.068046457571432
0.1,3,100,56,Unscaled,Gaussian,cqr,raw,0.5,300.0,3,3.449684527887818,4.85010563580095,13.149895799489707
0.1,3,100,56,Empirical_copula,Gaussian,cqr,raw,0.5,300.0,1,4.865896568887718,5.593029571532419,16.051955711952544
0.1,3,100,56,Empirical_copula,Gaussian,cqr,raw,0.5,300.0,2,4.367835185969529,5.284917357477525,14.937669900924602
0.1,3,100,56,Empirical_copula,Gaussian,cqr,raw,0.5,300.0,3,3.449684527887818,3.3694521814889384,10.188588890865688
0.1,3,100,57,CQHR,Gaussian,cqr,native,0.5,300.0,1,4.812888998616729,12.649153622878424,30.11119624437327
0.1,3,100,57,CQHR,Gaussian,cqr,native,0.5,300.0,2,4.453055908738883,17.620171940920443,39.693399790579754
0.1,3,100,57,CQHR,Gaussian,cqr,native,0.5,300.0,3,3.5910749518530776,13.469596121952078,30.5302671957572
0.1,3,100,57,TSCP_R,Gaussian,cqr,shifted,0.5,300.0,1,4.812888998616729,6.115131561036435,17.043152120689587
0.1,3,100,57,TSCP_R,Gaussian,cqr,shifted,0.5,300.0,2,4.453055908738883,4.99263807197201,14.438332052682902
0.1,3,100,57,TSCP_R,Gaussian,cqr,shifted,0.5,300.0,3,3.5910749518530776,4.364080504633364,12.319235961119809
0.1,3,100,57,TSCP_GWC,Gaussian,cqr,shifted,0.5,300.0,1,4.812888998616729,6.115131561036435,17.043152120689587
0.1,3,100,57,TSCP_GWC,Gaussian,cqr,shifted,0.5,300.0,2,4.453055908738883,4.99263807197201,14.438332052682902
0.1,3,100,57,TSCP_GWC,Gaussian,cqr,shifted,0.5,300.0,3,3.5910749518530776,4.364080504633364,12.319235961119809
0.1,3,100,57,Unscaled,Gaussian,cqr,raw,0.5,300.0,1,4.812888998616729,5.383118356011962,15.57912571064065
0.1,3,100,57,Unscaled,Gaussian,cqr,raw,0.5,300.0,2,4.453055908738883,5.383118356011962,15.219292620762804
0.1,3,100,57,Unscaled,Gaussian,cqr,raw,0.5,300.0,3,3.5910749518530776,5.383118356011962,14.357311663876995
0.1,3,100,57,Empirical_copula,Gaussian,cqr,raw,0.5,300.0,1,4.812888998616729,6.271597627342995,17.35608425330272
0.1,3,100,57,Empirical_copula,Gaussian,cqr,raw,0.5,300.0,2,4.453055908738883,5.383118355914892,15.219292620568648
0.1,3,100,57,Empirical_copula,Gaussian,cqr,raw,0.5,300.0,3,3.5910749518530776,3.6886360457498877,10.968347043352868
0.1,3,100,58,CQHR,Gaussian,cqr,native,0.5,300.0,1,4.841534537412664,19.37293132355493,43.58739718452268
0.1,3,100,58,CQHR,Gaussian,cqr,native,0.5,300.0,2,4.385674897541657,22.00485183521354,48.3953785679688
0.1,3,100,58,CQHR,Gaussian,cqr,native,0.5,300.0,3,3.4273659054784154,15.916531076382674,35.26042805824374
0.1,3,100,58,TSCP_R,Gaussian,cqr,shifted,0.5,300.0,1,4.841534537412664,5.79069072233716,16.422915982086998
0.1,3,100,58,TSCP_R,Gaussian,cqr,shifted,0.5,300.0,2,4.385674897541657,3.99268050499154,12.371035907524735
0.1,3,100,58,TSCP_R,Gaussian,cqr,shifted,0.5,300.0,3,3.4273659054784154,3.1416744103063934,9.710714726091197
0.1,3,100,58,TSCP_GWC,Gaussian,cqr,shifted,0.5,300.0,1,4.841534537412664,5.79069072233716,16.422915982086998
0.1,3,100,58,TSCP_GWC,Gaussian,cqr,shifted,0.5,300.0,2,4.385674897541657,3.99268050499154,12.371035907524735
0.1,3,100,58,TSCP_GWC,Gaussian,cqr,shifted,0.5,300.0,3,3.4273659054784154,3.1416744103063934,9.710714726091197
0.1,3,100,58,Unscaled,Gaussian,cqr,raw,0.5,300.0,1,4.841534537412664,4.982416089473795,14.806366716360262
0.1,3,100,58,Unscaled,Gaussian,cqr,raw,0.5,300.0,2,4.385674897541657,4.982416089473795,14.350507076489242
0.1,3,100,58,Unscaled,Gaussian,cqr,raw,0.5,300.0,3,3.4273659054784154,4.982416089473795,13.392198084426004
0.1,3,100,58,Empirical_copula,Gaussian,cqr,raw,0.5,300.0,1,4.841534537412664,5.766295562350399,16.37412566211347
0.1,3,100,58,Empirical_copula,Gaussian,cqr,raw,0.5,300.0,2,4.385674897541657,3.881230164748704,12.148135227039074
0.1,3,100,58,Empirical_copula,Gaussian,cqr,raw,0.5,300.0,3,3.4273659054784154,2.878529216478144,9.184424338434702
0.1,3,100,59,CQHR,Gaussian,cqr,native,0.5,300.0,1,4.830430131447706,13.467854044186645,31.7661382198213
0.1,3,100,59,CQHR,Gaussian,cqr,native,0.5,300.0,2,4.349587524135725,18.143887004393665,40.63736153292306
0.1,3,100,59,CQHR,Gaussian,cqr,native,0.5,300.0,3,3.4592070882196078,12.57200563470624,28.603218357632088
0.1,3,100,59,TSCP_R,Gaussian,cqr,shifted,0.5,300.0,1,4.830430131447706,5.11988436857888,15.070198868605473
0.1,3,100,59,TSCP_R,Gaussian,cqr,shifted,0.5,300.0,2,4.349587524135725,4.958033020988637,14.265653566112993
0.1,3,100,59,TSCP_R,Gaussian,cqr,shifted,0.5,300.0,3,3.4592070882196078,4.317526255911446,12.094259600042498
0.1,3,100,59,TSCP_GWC,Gaussian,cqr,shifted,0.5,300.0,1,4.830430131447706,5.11988436857888,15.070198868605473
0.1,3,100,59,TSCP_GWC,Gaussian,cqr,shifted,0.5,300.0,2,4.349587524135725,4.958033020988637,14.265653566112993
0.1,3,100,59,TSCP_GWC,Gaussian,cqr,shifted,0.5,300.0,3,3.4592070882196078,4.317526255911446,12.094259600042498
0.1,3,100,59,Unscaled,Gaussian,cqr,raw,0.5,300.0,1,4.830430131447706,4.626485307395099,14.083400746237915
0.1,3,100,59,Unscaled,Gaussian,cqr,raw,0.5,300.0,2,4.349587524135725,4.626485307395099,13.602558138925916
0.1,3,100,59,Unscaled,Gaussian,cqr,raw,0.5,300.0,3,3.4592070882196078,4.626485307395099,12.712177703009813
0.1,3,100,59,Empirical_copula,Gaussian,cqr,raw,0.5,300.0,1,4.830430131447706,5.479682120250483,15.789794371948695
0.1,3,100,59,Empirical_copula,Gaussian,cqr,raw,0.5,300.0,2,4.349587524135725,4.408909521587744,13.167406567311229
0.1,3,100,59,Empirical_copula,Gaussian,cqr,raw,0.5,300.0,3,3.4592070882196078,4.626485307331933,12.712177702883485
0.1,3,100,60,CQHR,Gaussian,cqr,native,0.5,300.0,1,4.549217434481614,19.365290484438408,43.27979840335808
0.1,3,100,60,CQHR,Gaussian,cqr,native,0.5,300.0,2,4.4435899694599215,35.268393265612474,74.98037650068481
0.1,3,100,60,CQHR,Gaussian,cqr,native,0.5,300.0,3,3.348762616225984,23.458170350771695,50.26510331776941
0.1,3,100,60,TSCP_R,Gaussian,cqr,shifted,0.5,300.0,1,4.549217434481614,5.684447333796982,15.91811210207558
0.1,3,100,60,TSCP_R,Gaussian,cqr,shifted,0.5,300.0,2,4.4435899694599215,6.011660753379999,16.466911476219916
0.1,3,100,60,TSCP_R,Gaussian,cqr,shifted,0.5,300.0,3,3.348762616225984,4.1694160512400344,11.687594718706054
0.1,3,100,60,TSCP_GWC,Gaussian,cqr,shifted,0.5,300.0,1,4.549217434481614,5.684447333796982,15.91811210207558
0.1,3,100,60,TSCP_GWC,Gaussian,cqr,shifted,0.5,300.0,2,4.4435899694599215,6.011660753379999,16.466911476219916
0.1,3,100,60,TSCP_GWC,Gaussian,cqr,shifted,0.5,300.0,3,3.348762616225984,4.1694160512400344,11.687594718706054
0.1,3,100,60,Unscaled,Gaussian,cqr,raw,0.5,300.0,1,4.549217434481614,5.165698241877244,14.880613918236104
0.1,3,100,60,Unscaled,Gaussian,cqr,raw,0.5,300.0,2,4.4435899694599215,5.165698241877244,14.774986453214396
0.1,3,100,60,Unscaled,Gaussian,cqr,raw,0.5,300.0,3,3.348762616225984,5.165698241877244,13.680159099980477
0.1,3,100,60,Empirical_copula,Gaussian,cqr,raw,0.5,300.0,1,4.549217434481614,5.509599410812751,15.568416256107112
0.1,3,100,60,Empirical_copula,Gaussian,cqr,raw,0.5,300.0,2,4.4435899694599215,5.158151113247956,14.759892195955826
0.1,3,100,60,Empirical_copula,Gaussian,cqr,raw,0.5,300.0,3,3.348762616225984,2.9848962297878536,9.31855507580169
0.1,3,100,61,CQHR,Gaussian,cqr,native,0.5,300.0,1,4.84522977929176,12.385386926242,29.61600363177545
0.1,3,100,61,CQHR,Gaussian,cqr,native,0.5,300.0,2,4.598229322795044,15.010104049053089,34.61843742090124
0.1,3,100,61,CQHR,Gaussian,cqr,native,0.5,300.0,3,3.571780948390501,10.394283579190082,24.36034810677065
0.1,3,100,61,TSCP_R,Gaussian,cqr,shifted,0.5,300.0,1,4.84522977929176,5.009802368831231,14.864834516954192
0.1,3,100,61,TSCP_R,Gaussian,cqr,shifted,0.5,300.0,2,4.598229322795044,5.073160688475866,14.744550699746775
0.1,3,100,61,TSCP_R,Gaussian,cqr,shifted,0.5,300.0,3,3.571780948390501,3.8252626367885227,11.222306221967546
0.1,3,100,61,TSCP_GWC,Gaussian,cqr,shifted,0.5,300.0,1,4.84522977929176,5.009802368831231,14.864834516954192
0.1,3,100,61,TSCP_GWC,Gaussian,cqr,shifted,0.5,300.0,2,4.598229322795044,5.073160688475866,14.744550699746775
0.1,3,100,61,TSCP_GWC,Gaussian,cqr,shifted,0.5,300.0,3,3.571780948390501,3.8252626367885227,11.222306221967546
0.1,3,100,61,Unscaled,Gaussian,cqr,raw,0.5,300.0,1,4.84522977929176,4.873191724951462,14.591613229194696
0.1,3,100,61,Unscaled,Gaussian,cqr,raw,0.5,300.0,2,4.598229322795044,4.873191724951462,14.344612772697971
0.1,3,100,61,Unscaled,Gaussian,cqr,raw,0.5,300.0,3,3.571780948390501,4.873191724951462,13.318164398293412
0.1,3,100,61,Empirical_copula,Gaussian,cqr,raw,0.5,300.0,1,4.84522977929176,4.564854571063215,13.974938921418186
0.1,3,100,61,Empirical_copula,Gaussian,cqr,raw,0.5,300.0,2,4.598229322795044,5.433294235972083,15.464817794739213
0.1,3,100,61,Empirical_copula,Gaussian,cqr,raw,0.5,300.0,3,3.571780948390501,2.8583774822632506,9.288535912917006
0.1,3,100,62,CQHR,Gaussian,cqr,native,0.5,300.0,1,4.403040573122467,9.0830635736214,22.56916772036539
0.1,3,100,62,CQHR,Gaussian,cqr,native,0.5,300.0,2,4.239523695550637,14.925621644124442,34.09076698379951
0.1,3,100,62,CQHR,Gaussian,cqr,native,0.5,300.0,3,3.2449244593196136,10.305590529422135,23.85610551816385
0.1,3,100,62,TSCP_R,Gaussian,cqr,shifted,0.5,300.0,1,4.403040573122467,5.804166909532569,16.01137439218762
0.1,3,100,62,TSCP_R,Gaussian,cqr,shifted,0.5,300.0,2,4.239523695550637,5.372054926150042,14.98363354785071
0.1,3,100,62,TSCP_R,Gaussian,cqr,shifted,0.5,300.0,3,3.2449244593196136,4.099753439031645,11.444431337382902
0.1,3,100,62,TSCP_GWC,Gaussian,cqr,shifted,0.5,300.0,1,4.403040573122467,5.804166909532569,16.01137439218762
0.1,3,100,62,TSCP_GWC,Gaussian,cqr,shifted,0.5,300.0,2,4.239523695550637,5.372054926150042,14.98363354785071
0.1,3,100,62,TSCP_GWC,Gaussian,cqr,shifted,0.5,300.0,3,3.2449244593196136,4.099753439031645,11.444431337382902
0.1,3,100,62,Unscaled,Gaussian,cqr,raw,0.5,300.0,1,4.403040573122467,5.071006663548411,14.545053900219306
0.1,3,100,62,Unscaled,Gaussian,cqr,raw,0.5,300.0,2,4.239523695550637,5.071006663548411,14.381537022647475
0.1,3,100,62,Unscaled,Gaussian,cqr,raw,0.5,300.0,3,3.2449244593196136,5.071006663548411,13.386937786416421
0.1,3,100,62,Empirical_copula,Gaussian,cqr,raw,0.5,300.0,1,4.403040573122467,5.310046490677104,15.023133554476681
0.1,3,100,62,Empirical_copula,Gaussian,cqr,raw,0.5,300.0,2,4.239523695550637,5.743416995345729,15.726357686242096
0.1,3,100,62,Empirical_copula,Gaussian,cqr,raw,0.5,300.0,3,3.2449244593196136,3.9616802536629603,11.168284966645516
0.1,3,100,63,CQHR,Gaussian,cqr,native,0.5,300.0,1,4.871611596915931,16.421988244158655,37.715588085233264
0.1,3,100,63,CQHR,Gaussian,cqr,native,0.5,300.0,2,4.525751772424276,22.886333492036606,50.29841875649747
0.1,3,100,63,CQHR,Gaussian,cqr,native,0.5,300.0,3,3.6284284556756394,18.70046583931707,41.02936013430976
0.1,3,100,63,TSCP_R,Gaussian,cqr,shifted,0.5,300.0,1,4.871611596915931,5.108568860431092,15.088749317778092
0.1,3,100,63,TSCP_R,Gaussian,cqr,shifted,0.5,300.0,2,4.525751772424276,5.25476209785694,15.035275968138158
0.1,3,100,63,TSCP_R,Gaussian,cqr,shifted,0.5,300.0,3,3.6284284556756394,3.053478146708926,9.735384749093503
0.1,3,100,63,TSCP_GWC,Gaussian,cqr,shifted,0.5,300.0,1,4.871611596915931,5.108568860431092,15.088749317778092
0.1,3,100,63,TSCP_GWC,Gaussian,cqr,shifted,0.5,300.0,2,4.525751772424276,5.25476209785694,15.035275968138158
0.1,3,100,63,TSCP_GWC,Gaussian,cqr,shifted,0.5,300.0,3,3.6284284556756394,3.053478146708926,9.735384749093503
0.1,3,100,63,Unscaled,Gaussian,cqr,raw,0.5,300.0,1,4.871611596915931,4.659031574536921,14.189674745989754
0.1,3,100,63,Unscaled,Gaussian,cqr,raw,0.5,300.0,2,4.525751772424276,4.659031574536921,13.843814921498128
0.1,3,100,63,Unscaled,Gaussian,cqr,raw,0.5,300.0,3,3.6284284556756394,4.659031574536921,12.946491604749497
0.1,3,100,63,Empirical_copula,Gaussian,cqr,raw,0.5,300.0,1,4.871611596915931,4.675318502265273,14.222248601446472
0.1,3,100,63,Empirical_copula,Gaussian,cqr,raw,0.5,300.0,2,4.525751772424276,5.356008062844751,15.23776789811378
0.1,3,100,63,Empirical_copula,Gaussian,cqr,raw,0.5,300.0,3,3.6284284556756394,2.9809857607167185,9.590399977109078
0.1,3,100,64,CQHR,Gaussian,cqr,native,0.5,300.0,1,4.732288440791571,11.270335692652282,27.27295982609633
0.1,3,100,64,CQHR,Gaussian,cqr,native,0.5,300.0,2,4.5539079357677945,16.76763292474129,38.08917378525044
0.1,3,100,64,CQHR,Gaussian,cqr,native,0.5,300.0,3,3.5525120834235047,13.149303219287477,29.85111852199852
0.1,3,100,64,TSCP_R,Gaussian,cqr,shifted,0.5,300.0,1,4.732288440791571,6.608330515897308,17.948949472586182
0.1,3,100,64,TSCP_R,Gaussian,cqr,shifted,0.5,300.0,2,4.5539079357677945,5.815560304231781,16.185028544231354
0.1,3,100,64,TSCP_R,Gaussian,cqr,shifted,0.5,300.0,3,3.5525120834235047,4.176539310215617,11.905590703854747
0.1,3,100,64,TSCP_GWC,Gaussian,cqr,shifted,0.5,300.0,1,4.732288440791571,6.608330515897308,17.948949472586182
0.1,3,100,64,TSCP_GWC,Gaussian,cqr,shifted,0.5,300.0,2,4.5539079357677945,5.815560304231781,16.185028544231354
0.1,3,100,64,TSCP_GWC,Gaussian,cqr,shifted,0.5,300.0,3,3.5525120834235047,4.176539310215617,11.905590703854747
0.1,3,100,64,Unscaled,Gaussian,cqr,raw,0.5,300.0,1,4.732288440791571,5.807414880951332,16.34711820269423
0.1,3,100,64,Unscaled,Gaussian,cqr,raw,0.5,300.0,2,4.5539079357677945,5.807414880951332,16.168737697670462
0.1,3,100,64,Unscaled,Gaussian,cqr,raw,0.5,300.0,3,3.5525120834235047,5.807414880951332,15.167341845326176
0.1,3,100,64,Empirical_copula,Gaussian,cqr,raw,0.5,300.0,1,4.732288440791571,6.957714960818006,18.647718362427575
0.1,3,100,64,Empirical_copula,Gaussian,cqr,raw,0.5,300.0,2,4.5539079357677945,5.621526242191614,15.796960420151027
0.1,3,100,64,Empirical_copula,Gaussian,cqr,raw,0.5,300.0,3,3.5525120834235047,4.350194371066557,12.252900825556619
0.1,3,100,65,CQHR,Gaussian,cqr,native,0.5,300.0,1,4.770097166919349,12.526006037601094,29.822109242121332
0.1,3,100,65,CQHR,Gaussian,cqr,native,0.5,300.0,2,4.262077499826013,25.22363837169286,54.709354243211735
0.1,3,100,65,CQHR,Gaussian,cqr,native,0.5,300.0,3,3.5891787664135895,11.998764156580812,27.586707079575252
0.1,3,100,65,TSCP_R,Gaussian,cqr,shifted,0.5,300.0,1,4.770097166919349,5.4838163630908525,15.737729893101061
0.1,3,100,65,TSCP_R,Gaussian,cqr,shifted,0.5,300.0,2,4.262077499826013,6.348921598417178,16.959920696660365
0.1,3,100,65,TSCP_R,Gaussian,cqr,shifted,0.5,300.0,3,3.5891787664135895,3.5116008130152068,10.612380392444013
0.1,3,100,65,TSCP_GWC,Gaussian,cqr,shifted,0.5,300.0,1,4.770097166919349,5.4838163630908525,15.737729893101061
0.1,3,100,65,TSCP_GWC,Gaussian,cqr,shifted,0.5,300.0,2,4.262077499826013,6.348921598417178,16.959920696660365
0.1,3,100,65,TSCP_GWC,Gaussian,cqr,shifted,0.5,300.0,3,3.5891787664135895,3.5116008130152068,10.612380392444013
0.1,3,100,65,Unscaled,Gaussian,cqr,raw,0.5,300.0,1,4.770097166919349,5.447906345663498,15.665909858246348
0.1,3,100,65,Unscaled,Gaussian,cqr,raw,0.5,300.0,2,4.262077499826013,5.447906345663498,15.157890191153006
0.1,3,100,65,Unscaled,Gaussian,cqr,raw,0.5,300.0,3,3.5891787664135895,5.447906345663498,14.48499145774058
0.1,3,100,65,Empirical_copula,Gaussian,cqr,raw,0.5,300.0,1,4.770097166919349,5.308189298825543,15.386475764570424
0.1,3,100,65,Empirical_copula,Gaussian,cqr,raw,0.5,300.0,2,4.262077499826013,6.485915622875606,17.233908745577217
0.1,3,100,65,Empirical_copula,Gaussian,cqr,raw,0.5,300.0,3,3.5891787664135895,2.9398532161025157,9.468885198618628
0.1,3,100,66,CQHR,Gaussian,cqr,native,0.5,300.0,1,4.793393266568257,10.940889339867399,26.675171946302758
0.1,3,100,66,CQHR,Gaussian,cqr,native,0.5,300.0,2,4.437924918707024,15.417350622892979,35.27262616449297
0.1,3,100,66,CQHR,Gaussian,cqr,native,0.5,300.0,3,3.593310642268632,10.901056670330624,25.3954239829299
0.1,3,100,66,TSCP_R,Gaussian,cqr,shifted,0.5,300.0,1,4.793393266568257,6.56260247854965,17.91859822366754
0.1,3,100,66,TSCP_R,Gaussian,cqr,shifted,0.5,300.0,2,4.437924918707024,5.653839913121828,15.745604744950672
0.1,3,100,66,TSCP_R,Gaussian,cqr,shifted,0.5,300.0,3,3.593310642268632,3.210326875512635,10.013964393293893
0.1,3,100,66,TSCP_GWC,Gaussian,cqr,shifted,0.5,300.0,1,4.793393266568257,6.56260247854965,17.91859822366754
0.1,3,100,66,TSCP_GWC,Gaussian,cqr,shifted,0.5,300.0,2,4.437924918707024,5.653839913121828,15.745604744950672
0.1,3,100,66,TSCP_GWC,Gaussian,cqr,shifted,0.5,300.0,3,3.593310642268632,3.210326875512635,10.013964393293893
0.1,3,100,66,Unscaled,Gaussian,cqr,raw,0.5,300.0,1,4.793393266568257,5.4783105186193195,15.750014303806893
0.1,3,100,66,Unscaled,Gaussian,cqr,raw,0.5,300.0,2,4.437924918707024,5.4783105186193195,15.39454595594565
0.1,3,100,66,Unscaled,Gaussian,cqr,raw,0.5,300.0,3,3.593310642268632,5.4783105186193195,14.549931679507257
0.1,3,100,66,Empirical_copula,Gaussian,cqr,raw,0.5,300.0,1,4.793393266568257,5.191437086509188,15.17626743958662
0.1,3,100,66,Empirical_copula,Gaussian,cqr,raw,0.5,300.0,2,4.437924918707024,5.527228400521129,15.492381719749291
0.1,3,100,66,Empirical_copula,Gaussian,cqr,raw,0.5,300.0,3,3.593310642268632,2.2718645708860694,8.137039784040768
0.1,3,100,67,CQHR,Gaussian,cqr,native,0.5,300.0,1,4.725359029543186,8.424408183444921,21.574175396432928
0.1,3,100,67,CQHR,Gaussian,cqr,native,0.5,300.0,2,4.363352278430023,12.588190576038377,29.539733430506736
0.1,3,100,67,CQHR,Gaussian,cqr,native,0.5,300.0,3,3.466310884809442,10.098647177025896,23.663605238861265
0.1,3,100,67,TSCP_R,Gaussian,cqr,shifted,0.5,300.0,1,4.725359029543186,6.173679036739372,17.072717103021937
0.1,3,100,67,TSCP_R,Gaussian,cqr,shifted,0.5,300.0,2,4.363352278430023,5.7536416416186285,15.870635561667298
0.1,3,100,67,TSCP_R,Gaussian,cqr,shifted,0.5,300.0,3,3.466310884809442,3.61301218616029,10.69233525713003
0.1,3,100,67,TSCP_GWC,Gaussian,cqr,shifted,0.5,300.0,1,4.725359029543186,6.173679036739372,17.072717103021937
0.1,3,100,67,TSCP_GWC,Gaussian,cqr,shifted,0.5,300.0,2,4.363352278430023,5.7536416416186285,15.870635561667298
0.1,3,100,67,TSCP_GWC,Gaussian,cqr,shifted,0.5,300.0,3,3.466310884809442,3.61301218616029,10.69233525713003
0.1,3,100,67,Unscaled,Gaussian,cqr,raw,0.5,300.0,1,4.725359029543186,5.5861302192764155,15.897619468096021
0.1,3,100,67,Unscaled,Gaussian,cqr,raw,0.5,300.0,2,4.363352278430023,5.5861302192764155,15.53561271698285
0.1,3,100,67,Unscaled,Gaussian,cqr,raw,0.5,300.0,3,3.466310884809442,5.5861302192764155,14.638571323362278
0.1,3,100,67,Empirical_copula,Gaussian,cqr,raw,0.5,300.0,1,4.725359029543186,5.9978643202323205,16.72108767000782
0.1,3,100,67,Empirical_copula,Gaussian,cqr,raw,0.5,300.0,2,4.363352278430023,5.818213982508514,15.999780243447045
0.1,3,100,67,Empirical_copula,Gaussian,cqr,raw,0.5,300.0,3,3.466310884809442,2.9577307228325296,9.381772330474512
0.1,3,100,68,CQHR,Gaussian,cqr,native,0.5,300.0,1,4.723900753635678,10.469160797501674,25.662222348638938
0.1,3,100,68,CQHR,Gaussian,cqr,native,0.5,300.0,2,4.403837649132319,15.235555412467038,34.87494847406641
0.1,3,100,68,CQHR,Gaussian,cqr,native,0.5,300.0,3,3.6920133320316957,10.882241437908373,25.45649620784842
0.1,3,100,68,TSCP_R,Gaussian,cqr,shifted,0.5,300.0,1,4.723900753635678,5.079101272701223,14.882103299038127
0.1,3,100,68,TSCP_R,Gaussian,cqr,shifted,0.5,300.0,2,4.403837649132319,4.701486175672187,13.806810000476702
0.1,3,100,68,TSCP_R,Gaussian,cqr,shifted,0.5,300.0,3,3.6920133320316957,3.731646844691852,11.155307021415394
0.1,3,100,68,TSCP_GWC,Gaussian,cqr,shifted,0.5,300.0,1,4.723900753635678,5.079101272701223,14.882103299038127
0.1,3,100,68,TSCP_GWC,Gaussian,cqr,shifted,0.5,300.0,2,4.403837649132319,4.701486175672187,13.806810000476702
0.1,3,100,68,TSCP_GWC,Gaussian,cqr,shifted,0.5,300.0,3,3.6920133320316957,3.731646844691852,11.155307021415394
0.1,3,100,68,Unscaled,Gaussian,cqr,raw,0.5,300.0,1,4.723900753635678,4.591319115096366,13.906538983828398
0.1,3,100,68,Unscaled,Gaussian,cqr,raw,0.5,300.0,2,4.403837649132319,4.591319115096366,13.586475879325054
0.1,3,100,68,Unscaled,Gaussian,cqr,raw,0.5,300.0,3,3.6920133320316957,4.591319115096366,12.874651562224432
0.1,3,100,68,Empirical_copula,Gaussian,cqr,raw,0.5,300.0,1,4.723900753635678,4.591319115083373,13.906538983802436
0.1,3,100,68,Empirical_copula,Gaussian,cqr,raw,0.5,300.0,2,4.403837649132319,4.888059964739494,14.179957578611292
0.1,3,100,68,Empirical_copula,Gaussian,cqr,raw,0.5,300.0,3,3.6920133320316957,3.0831267323245974,9.858266796680882
0.1,3,100,69,CQHR,Gaussian,cqr,native,0.5,300.0,1,4.946116248607774,10.393533071068024,25.733182390743675
0.1,3,100,69,CQHR,Gaussian,cqr,native,0.5,300.0,2,4.589802290512212,12.65672104932059,29.903244389153357
0.1,3,100,69,CQHR,Gaussian,cqr,native,0.5,300.0,3,3.45199751007614,8.843881536090572,21.139760582257303
0.1,3,100,69,TSCP_R,Gaussian,cqr,shifted,0.5,300.0,1,4.946116248607774,4.108934406514493,13.163985061636758
0.1,3,100,69,TSCP_R,Gaussian,cqr,shifted,0.5,300.0,2,4.589802290512212,5.605873648110162,15.801549586732532
0.1,3,100,69,TSCP_R,Gaussian,cqr,shifted,0.5,300.0,3,3.45199751007614,3.5735525996610704,10.599102709398268
0.1,3,100,69,TSCP_GWC,Gaussian,cqr,shifted,0.5,300.0,1,4.946116248607774,4.108934406514493,13.163985061636758
0.1,3,100,69,TSCP_GWC,Gaussian,cqr,shifted,0.5,300.0,2,4.589802290512212,5.605873648110162,15.801549586732532
0.1,3,100,69,TSCP_GWC,Gaussian,cqr,shifted,0.5,300.0,3,3.45199751007614,3.5735525996610704,10.599102709398268
0.1,3,100,69,Unscaled,Gaussian,cqr,raw,0.5,300.0,1,4.946116248607774,4.55001992697717,14.046156102562108
0.1,3,100,69,Unscaled,Gaussian,cqr,raw,0.5,300.0,2,4.589802290512212,4.55001992697717,13.689842144466553
0.1,3,100,69,Unscaled,Gaussian,cqr,raw,0.5,300.0,3,3.45199751007614,4.55001992697717,12.552037364030493
0.1,3,100,69,Empirical_copula,Gaussian,cqr,raw,0.5,300.0,1,4.946116248607774,3.998325125986881,12.942766500581525
0.1,3,100,69,Empirical_copula,Gaussian,cqr,raw,0.5,300.0,2,4.589802290512212,5.090716468211344,14.77123522693491
0.1,3,100,69,Empirical_copula,Gaussian,cqr,raw,0.5,300.0,3,3.45199751007614,3.2042315758597653,9.860460661795656
0.1,3,100,70,CQHR,Gaussian,cqr,native,0.5,300.0,1,4.60129308127597,13.940903157997827,32.483099397271324
0.1,3,100,70,CQHR,Gaussian,cqr,native,0.5,300.0,2,4.4757360067938725,18.879559708161874,42.23485542311762
0.1,3,100,70,CQHR,Gaussian,cqr,native,0.5,300.0,3,3.4920099288755817,13.833052272853125,31.15811447458181
0.1,3,100,70,TSCP_R,Gaussian,cqr,shifted,0.5,300.0,1,4.60129308127597,6.118487471521007,16.83826802431798
0.1,3,100,70,TSCP_R,Gaussian,cqr,shifted,0.5,300.0,2,4.4757360067938725,6.265434225168349,17.006604457130575
0.1,3,100,70,TSCP_R,Gaussian,cqr,shifted,0.5,300.0,3,3.4920099288755817,3.5262663184615803,10.544542565798746
0.1,3,100,70,TSCP_GWC,Gaussian,cqr,shifted,0.5,300.0,1,4.60129308127597,6.118487471521007,16.83826802431798
0.1,3,100,70,TSCP_GWC,Gaussian,cqr,shifted,0.5,300.0,2,4.4757360067938725,6.265434225168349,17.006604457130575
0.1,3,100,70,TSCP_GWC,Gaussian,cqr,shifted,0.5,300.0,3,3.4920099288755817,3.5262663184615803,10.544542565798746
0.1,3,100,70,Unscaled,Gaussian,cqr,raw,0.5,300.0,1,4.60129308127597,4.852555408089353,14.306403897454677
0.1,3,100,70,Unscaled,Gaussian,cqr,raw,0.5,300.0,2,4.4757360067938725,4.852555408089353,14.180846822972558
0.1,3,100,70,Unscaled,Gaussian,cqr,raw,0.5,300.0,3,3.4920099288755817,4.852555408089353,13.197120745054292
0.1,3,100,70,Empirical_copula,Gaussian,cqr,raw,0.5,300.0,1,4.60129308127597,4.900723778387436,14.402740638050828
0.1,3,100,70,Empirical_copula,Gaussian,cqr,raw,0.5,300.0,2,4.4757360067938725,5.896247114737495,16.26823023626886
0.1,3,100,70,Empirical_copula,Gaussian,cqr,raw,0.5,300.0,3,3.4920099288755817,3.7155589535738693,10.923127836023324
0.1,3,100,71,CQHR,Gaussian,cqr,native,0.5,300.0,1,4.721326465692013,16.7725592070463,38.266444879784906
0.1,3,100,71,CQHR,Gaussian,cqr,native,0.5,300.0,2,4.341368782067207,20.02817890643201,44.39772659493123
0.1,3,100,71,CQHR,Gaussian,cqr,native,0.5,300.0,3,3.5250180242329354,15.054477742028084,33.63397350828906
0.1,3,100,71,TSCP_R,Gaussian,cqr,shifted,0.5,300.0,1,4.721326465692013,4.85847343272701,14.438273331146041
0.1,3,100,71,TSCP_R,Gaussian,cqr,shifted,0.5,300.0,2,4.341368782067207,4.8793028815254615,14.099974545118124
0.1,3,100,71,TSCP_R,Gaussian,cqr,shifted,0.5,300.0,3,3.5250180242329354,2.404640534779503,8.334299093791941
0.1,3,100,71,TSCP_GWC,Gaussian,cqr,shifted,0.5,300.0,1,4.721326465692013,4.85847343272701,14.438273331146041
0.1,3,100,71,TSCP_GWC,Gaussian,cqr,shifted,0.5,300.0,2,4.341368782067207,4.8793028815254615,14.099974545118124
0.1,3,100,71,TSCP_GWC,Gaussian,cqr,shifted,0.5,300.0,3,3.5250180242329354,2.404640534779503,8.334299093791941
0.1,3,100,71,Unscaled,Gaussian,cqr,raw,0.5,300.0,1,4.721326465692013,4.577882620146994,13.877091705986
0.1,3,100,71,Unscaled,Gaussian,cqr,raw,0.5,300.0,2,4.341368782067207,4.577882620146994,13.497134022361212
0.1,3,100,71,Unscaled,Gaussian,cqr,raw,0.5,300.0,3,3.5250180242329354,4.577882620146994,12.68078326452693
0.1,3,100,71,Empirical_copula,Gaussian,cqr,raw,0.5,300.0,1,4.721326465692013,4.639920156226671,14.00116677814536
0.1,3,100,71,Empirical_copula,Gaussian,cqr,raw,0.5,300.0,2,4.341368782067207,5.394584408239009,15.130537598545216
0.1,3,100,71,Empirical_copula,Gaussian,cqr,raw,0.5,300.0,3,3.5250180242329354,2.161633814515305,7.848285653263539
0.1,3,100,72,CQHR,Gaussian,cqr,native,0.5,300.0,1,4.697591678042173,11.162276528191812,27.022144734425932
0.1,3,100,72,CQHR,Gaussian,cqr,native,0.5,300.0,2,4.4510050101219845,26.527546025088615,57.506097060299155
0.1,3,100,72,CQHR,Gaussian,cqr,native,0.5,300.0,3,3.5844870063369325,18.97704842449802,41.53858385533302
0.1,3,100,72,TSCP_R,Gaussian,cqr,shifted,0.5,300.0,1,4.697591678042173,5.793707336582145,16.28500635120646
0.1,3,100,72,TSCP_R,Gaussian,cqr,shifted,0.5,300.0,2,4.4510050101219845,5.845416017828143,16.141837045778267
0.1,3,100,72,TSCP_R,Gaussian,cqr,shifted,0.5,300.0,3,3.5844870063369325,4.912534212579487,13.409555431495903
0.1,3,100,72,TSCP_GWC,Gaussian,cqr,shifted,0.5,300.0,1,4.697591678042173,5.793707336582145,16.28500635120646
0.1,3,100,72,TSCP_GWC,Gaussian,cqr,shifted,0.5,300.0,2,4.4510050101219845,5.845416017828143,16.141837045778267
0.1,3,100,72,TSCP_GWC,Gaussian,cqr,shifted,0.5,300.0,3,3.5844870063369325,4.912534212579487,13.409555431495903
0.1,3,100,72,Unscaled,Gaussian,cqr,raw,0.5,300.0,1,4.697591678042173,5.085430304373673,14.86845228678953
0.1,3,100,72,Unscaled,Gaussian,cqr,raw,0.5,300.0,2,4.4510050101219845,5.085430304373673,14.621865618869318
0.1,3,100,72,Unscaled,Gaussian,cqr,raw,0.5,300.0,3,3.5844870063369325,5.085430304373673,13.755347615084277
0.1,3,100,72,Empirical_copula,Gaussian,cqr,raw,0.5,300.0,1,4.697591678042173,5.137329236085726,14.97225015021363
0.1,3,100,72,Empirical_copula,Gaussian,cqr,raw,0.5,300.0,2,4.4510050101219845,4.483749966191494,13.418504942504976
0.1,3,100,72,Empirical_copula,Gaussian,cqr,raw,0.5,300.0,3,3.5844870063369325,4.7676189952873,13.119724996911543
0.1,3,100,73,CQHR,Gaussian,cqr,native,0.5,300.0,1,4.646021621166397,16.23142737699236,37.10887637515118
0.1,3,100,73,CQHR,Gaussian,cqr,native,0.5,300.0,2,4.2908140829216075,26.18356328437409,56.65794065166984
0.1,3,100,73,CQHR,Gaussian,cqr,native,0.5,300.0,3,3.2274735155581844,17.20003107975085,37.62753567505991
0.1,3,100,73,TSCP_R,Gaussian,cqr,shifted,0.5,300.0,1,4.646021621166397,5.68661556118434,16.019252743535084
0.1,3,100,73,TSCP_R,Gaussian,cqr,shifted,0.5,300.0,2,4.2908140829216075,5.021270603160872,14.333355289243364
0.1,3,100,73,TSCP_R,Gaussian,cqr,shifted,0.5,300.0,3,3.2274735155581844,2.9840278351063603,9.195529185770907
0.1,3,100,73,TSCP_GWC,Gaussian,cqr,shifted,0.5,300.0,1,4.646021621166397,5.68661556118434,16.019252743535084
0.1,3,100,73,TSCP_GWC,Gaussian,cqr,shifted,0.5,300.0,2,4.2908140829216075,5.021270603160872,14.333355289243364
0.1,3,100,73,TSCP_GWC,Gaussian,cqr,shifted,0.5,300.0,3,3.2274735155581844,2.9840278351063603,9.195529185770907
0.1,3,100,73,Unscaled,Gaussian,cqr,raw,0.5,300.0,1,4.646021621166397,5.291273561536058,15.228568744238514
0.1,3,100,73,Unscaled,Gaussian,cqr,raw,0.5,300.0,2,4.2908140829216075,5.291273561536058,14.873361205993724
0.1,3,100,73,Unscaled,Gaussian,cqr,raw,0.5,300.0,3,3.2274735155581844,5.291273561536058,13.8100206386303
0.1,3,100,73,Empirical_copula,Gaussian,cqr,raw,0.5,300.0,1,4.646021621166397,5.472929798358262,15.59188121788291
0.1,3,100,73,Empirical_copula,Gaussian,cqr,raw,0.5,300.0,2,4.2908140829216075,5.444838887677275,15.180491858276161
0.1,3,100,73,Empirical_copula,Gaussian,cqr,raw,0.5,300.0,3,3.2274735155581844,2.7162586034758487,8.659990722509885
0.1,3,100,74,CQHR,Gaussian,cqr,native,0.5,300.0,1,4.870362104560569,17.93610175081613,40.742565606192265
0.1,3,100,74,CQHR,Gaussian,cqr,native,0.5,300.0,2,4.416776074871418,23.434157126005708,51.28509032688286
0.1,3,100,74,CQHR,Gaussian,cqr,native,0.5,300.0,3,3.468196185308353,16.248646945344884,35.96549007599809
0.1,3,100,74,TSCP_R,Gaussian,cqr,shifted,0.5,300.0,1,4.870362104560569,4.458065770566975,13.786493645694518
0.1,3,100,74,TSCP_R,Gaussian,cqr,shifted,0.5,300.0,2,4.416776074871418,4.509372709590821,13.43552149405305
0.1,3,100,74,TSCP_R,Gaussian,cqr,shifted,0.5,300.0,3,3.468196185308353,3.4343227641272165,10.336841713562777
0.1,3,100,74,TSCP_GWC,Gaussian,cqr,shifted,0.5,300.0,1,4.870362104560569,4.458065770566975,13.786493645694518
0.1,3,100,74,TSCP_GWC,Gaussian,cqr,shifted,0.5,300.0,2,4.416776074871418,4.509372709590821,13.43552149405305
0.1,3,100,74,TSCP_GWC,Gaussian,cqr,shifted,0.5,300.0,3,3.468196185308353,3.4343227641272165,10.336841713562777
0.1,3,100,74,Unscaled,Gaussian,cqr,raw,0.5,300.0,1,4.870362104560569,4.330948746490068,13.532259597540708
0.1,3,100,74,Unscaled,Gaussian,cqr,raw,0.5,300.0,2,4.416776074871418,4.330948746490068,13.07867356785156
0.1,3,100,74,Unscaled,Gaussian,cqr,raw,0.5,300.0,3,3.468196185308353,4.330948746490068,12.130093678288471
0.1,3,100,74,Empirical_copula,Gaussian,cqr,raw,0.5,300.0,1,4.870362104560569,4.330948746480651,13.532259597521886
0.1,3,100,74,Empirical_copula,Gaussian,cqr,raw,0.5,300.0,2,4.416776074871418,4.555865851281165,13.528507777433752
0.1,3,100,74,Empirical_copula,Gaussian,cqr,raw,0.5,300.0,3,3.468196185308353,2.841553639482865,9.151303464274081
0.1,3,100,75,CQHR,Gaussian,cqr,native,0.5,300.0,1,4.599535071563394,7.671122972977482,19.941781017518263
0.1,3,100,75,CQHR,Gaussian,cqr,native,0.5,300.0,2,4.668100467994178,11.730722172426425,28.12954481284705
0.1,3,100,75,CQHR,Gaussian,cqr,native,0.5,300.0,3,3.4779717975005564,8.247294272192976,19.97256034188653
0.1,3,100,75,TSCP_R,Gaussian,cqr,shifted,0.5,300.0,1,4.599535071563394,4.866271119231953,14.332077310027303
0.1,3,100,75,TSCP_R,Gaussian,cqr,shifted,0.5,300.0,2,4.668100467994178,4.46115832860778,13.590417125209738
0.1,3,100,75,TSCP_R,Gaussian,cqr,shifted,0.5,300.0,3,3.4779717975005564,2.700395495049065,8.878762787598681
0.1,3,100,75,TSCP_GWC,Gaussian,cqr,shifted,0.5,300.0,1,4.599535071563394,4.866271119231953,14.332077310027303
0.1,3,100,75,TSCP_GWC,Gaussian,cqr,shifted,0.5,300.0,2,4.668100467994178,4.46115832860778,13.590417125209738
0.1,3,100,75,TSCP_GWC,Gaussian,cqr,shifted,0.5,300.0,3,3.4779717975005564,2.700395495049065,8.878762787598681
0.1,3,100,75,Unscaled,Gaussian,cqr,raw,0.5,300.0,1,4.599535071563394,4.403169296171336,13.405873663906071
0.1,3,100,75,Unscaled,Gaussian,cqr,raw,0.5,300.0,2,4.668100467994178,4.403169296171336,13.474439060336845
0.1,3,100,75,Unscaled,Gaussian,cqr,raw,0.5,300.0,3,3.4779717975005564,4.403169296171336,12.284310389843242
0.1,3,100,75,Empirical_copula,Gaussian,cqr,raw,0.5,300.0,1,4.599535071563394,5.215624120940781,15.030783313444957
0.1,3,100,75,Empirical_copula,Gaussian,cqr,raw,0.5,300.0,2,4.668100467994178,4.1603012263142,12.988702920622565
0.1,3,100,75,Empirical_copula,Gaussian,cqr,raw,0.5,300.0,3,3.4779717975005564,2.286914058318949,8.051799914138455
0.1,3,100,76,CQHR,Gaussian,cqr,native,0.5,300.0,1,4.493935645229996,10.955030302453173,26.403996250136103
0.1,3,100,76,CQHR,Gaussian,cqr,native,0.5,300.0,2,4.239585100438927,15.305037409820624,34.84965992008018
0.1,3,100,76,CQHR,Gaussian,cqr,native,0.5,300.0,3,3.269072422695772,11.223742481774,25.716557386243792
0.1,3,100,76,TSCP_R,Gaussian,cqr,shifted,0.5,300.0,1,4.493935645229996,6.176483968873356,16.846903582976722
0.1,3,100,76,TSCP_R,Gaussian,cqr,shifted,0.5,300.0,2,4.239585100438927,5.291444713159194,14.822474526757311
0.1,3,100,76,TSCP_R,Gaussian,cqr,shifted,0.5,300.0,3,3.269072422695772,3.5463708328476855,10.361814088391142
0.1,3,100,76,TSCP_GWC,Gaussian,cqr,shifted,0.5,300.0,1,4.493935645229996,6.176483968873356,16.846903582976722
0.1,3,100,76,TSCP_GWC,Gaussian,cqr,shifted,0.5,300.0,2,4.239585100438927,5.291444713159194,14.822474526757311
0.1,3,100,76,TSCP_GWC,Gaussian,cqr,shifted,0.5,300.0,3,3.269072422695772,3.5463708328476855,10.361814088391142
0.1,3,100,76,Unscaled,Gaussian,cqr,raw,0.5,300.0,1,4.493935645229996,4.771491411019441,14.036918467268869
0.1,3,100,76,Unscaled,Gaussian,cqr,raw,0.5,300.0,2,4.239585100438927,4.771491411019441,13.78256792247783
0.1,3,100,76,Unscaled,Gaussian,cqr,raw,0.5,300.0,3,3.269072422695772,4.771491411019441,12.812055244734655
0.1,3,100,76,Empirical_copula,Gaussian,cqr,raw,0.5,300.0,1,4.493935645229996,6.178682268053797,16.851300181337585
0.1,3,100,76,Empirical_copula,Gaussian,cqr,raw,0.5,300.0,2,4.239585100438927,4.050467870899842,12.340520842238591
0.1,3,100,76,Empirical_copula,Gaussian,cqr,raw,0.5,300.0,3,3.269072422695772,3.5435992107362324,10.356270844168234
0.1,3,100,77,CQHR,Gaussian,cqr,native,0.5,300.0,1,4.706924745604525,9.544756391554904,23.796437528714094
0.1,3,100,77,CQHR,Gaussian,cqr,native,0.5,300.0,2,4.731455824398854,12.677898835332451,30.087253495063766
0.1,3,100,77,CQHR,Gaussian,cqr,native,0.5,300.0,3,3.5118833705181447,8.837244026747458,21.186371424013092
0.1,3,100,77,TSCP_R,Gaussian,cqr,shifted,0.5,300.0,1,4.706924745604525,6.510856670472833,17.728638086550195
0.1,3,100,77,TSCP_R,Gaussian,cqr,shifted,0.5,300.0,2,4.731455824398854,6.013731724526224,16.758919273451298
0.1,3,100,77,TSCP_R,Gaussian,cqr,shifted,0.5,300.0,3,3.5118833705181447,4.1904470492548285,11.892777469027806
0.1,3,100,77,TSCP_GWC,Gaussian,cqr,shifted,0.5,300.0,1,4.706924745604525,6.510856670472833,17.728638086550195
0.1,3,100,77,TSCP_GWC,Gaussian,cqr,shifted,0.5,300.0,2,4.731455824398854,6.013731724526224,16.758919273451298
0.1,3,100,77,TSCP_GWC,Gaussian,cqr,shifted,0.5,300.0,3,3.5118833705181447,4.1904470492548285,11.892777469027806
0.1,3,100,77,Unscaled,Gaussian,cqr,raw,0.5,300.0,1,4.706924745604525,5.7424565732256605,16.191837892055855
0.1,3,100,77,Unscaled,Gaussian,cqr,raw,0.5,300.0,2,4.731455824398854,5.7424565732256605,16.21636897085017
0.1,3,100,77,Unscaled,Gaussian,cqr,raw,0.5,300.0,3,3.5118833705181447,5.7424565732256605,14.996796516969455
0.1,3,100,77,Empirical_copula,Gaussian,cqr,raw,0.5,300.0,1,4.706924745604525,5.55475568156859,15.816436108741728
0.1,3,100,77,Empirical_copula,Gaussian,cqr,raw,0.5,300.0,2,4.731455824398854,5.8770885361610254,16.48563289672091
0.1,3,100,77,Empirical_copula,Gaussian,cqr,raw,0.5,300.0,3,3.5118833705181447,2.784712891528798,9.081309153575743
0.1,3,100,78,CQHR,Gaussian,cqr,native,0.5,300.0,1,4.827688614249774,11.250144778754734,27.327978171759458
0.1,3,100,78,CQHR,Gaussian,cqr,native,0.5,300.0,2,4.639254859959771,27.065302429319914,58.7698597185996
0.1,3,100,78,CQHR,Gaussian,cqr,native,0.5,300.0,3,3.5157061214009104,15.623334018067647,34.76237415753628
0.1,3,100,78,TSCP_R,Gaussian,cqr,shifted,0.5,300.0,1,4.827688614249774,5.358137318367483,15.543963250984737
0.1,3,100,78,TSCP_R,Gaussian,cqr,shifted,0.5,300.0,2,4.639254859959771,5.323531374347056,15.286317608653881
0.1,3,100,78,TSCP_R,Gaussian,cqr,shifted,0.5,300.0,3,3.5157061214009104,3.207657601040637,9.931021323482186
0.1,3,100,78,TSCP_GWC,Gaussian,cqr,shifted,0.5,300.0,1,4.827688614249774,5.358137318367483,15.543963250984737
0.1,3,100,78,TSCP_GWC,Gaussian,cqr,shifted,0.5,300.0,2,4.639254859959771,5.323531374347056,15.286317608653881
0.1,3,100,78,TSCP_GWC,Gaussian,cqr,shifted,0.5,300.0,3,3.5157061214009104,3.207657601040637,9.931021323482186
0.1,3,100,78,Unscaled,Gaussian,cqr,raw,0.5,300.0,1,4.827688614249774,4.949899736677108,14.727488087603996
0.1,3,100,78,Unscaled,Gaussian,cqr,raw,0.5,300.0,2,4.639254859959771,4.949899736677108,14.539054333313992
0.1,3,100,78,Unscaled,Gaussian,cqr,raw,0.5,300.0,3,3.5157061214009104,4.949899736677108,13.415505594755121
0.1,3,100,78,Empirical_copula,Gaussian,cqr,raw,0.5,300.0,1,4.827688614249774,4.679497738785308,14.18668409182038
0.1,3,100,78,Empirical_copula,Gaussian,cqr,raw,0.5,300.0,2,4.639254859959771,5.738044076359319,16.115343012678405
0.1,3,100,78,Empirical_copula,Gaussian,cqr,raw,0.5,300.0,3,3.5157061214009104,3.0690268334284356,9.653759788257773
0.1,3,100,79,CQHR,Gaussian,cqr,native,0.5,300.0,1,4.491114027028179,15.467111631342805,35.42533728971374
0.1,3,100,79,CQHR,Gaussian,cqr,native,0.5,300.0,2,4.183984162109596,21.335978628666403,46.855941419442374
0.1,3,100,79,CQHR,Gaussian,cqr,native,0.5,300.0,3,3.2611879236359234,14.770896396874578,32.802980717385076
0.1,3,100,79,TSCP_R,Gaussian,cqr,shifted,0.5,300.0,1,4.491114027028179,6.676291115263325,17.843696257554846
0.1,3,100,79,TSCP_R,Gaussian,cqr,shifted,0.5,300.0,2,4.183984162109596,6.0414213943170125,16.266826950743617
0.1,3,100,79,TSCP_R,Gaussian,cqr,shifted,0.5,300.0,3,3.2611879236359234,3.807529783193786,10.8762474900235
0.1,3,100,79,TSCP_GWC,Gaussian,cqr,shifted,0.5,300.0,1,4.491114027028179,6.676291115263325,17.843696257554846
0.1,3,100,79,TSCP_GWC,Gaussian,cqr,shifted,0.5,300.0,2,4.183984162109596,6.0414213943170125,16.266826950743617
0.1,3,100,79,TSCP_GWC,Gaussian,cqr,shifted,0.5,300.0,3,3.2611879236359234,3.807529783193786,10.8762474900235
0.1,3,100,79,Unscaled,Gaussian,cqr,raw,0.5,300.0,1,4.491114027028179,5.869022676498773,16.229159380025727
0.1,3,100,79,Unscaled,Gaussian,cqr,raw,0.5,300.0,2,4.183984162109596,5.869022676498773,15.922029515107136
0.1,3,100,79,Unscaled,Gaussian,cqr,raw,0.5,300.0,3,3.2611879236359234,5.869022676498773,14.999233276633474
0.1,3,100,79,Empirical_copula,Gaussian,cqr,raw,0.5,300.0,1,4.491114027028179,6.985619926613204,18.46235388025458
0.1,3,100,79,Empirical_copula,Gaussian,cqr,raw,0.5,300.0,2,4.183984162109596,6.173084077754775,16.530152317619137
0.1,3,100,79,Empirical_copula,Gaussian,cqr,raw,0.5,300.0,3,3.2611879236359234,2.494294580678085,8.24977708499209
0.1,3,100,80,CQHR,Gaussian,cqr,native,0.5,300.0,1,4.885678408113357,11.977847466644773,28.84137334140316
0.1,3,100,80,CQHR,Gaussian,cqr,native,0.5,300.0,2,4.292828215892808,13.513092605193124,31.319013426279035
0.1,3,100,80,CQHR,Gaussian,cqr,native,0.5,300.0,3,3.355108838688718,10.131294363421432,23.61769756553164
0.1,3,100,80,TSCP_R,Gaussian,cqr,shifted,0.5,300.0,1,4.885678408113357,6.510335343240115,17.906349094593594
0.1,3,100,80,TSCP_R,Gaussian,cqr,shifted,0.5,300.0,2,4.292828215892808,5.181906110491639,14.656640436876087
0.1,3,100,80,TSCP_R,Gaussian,cqr,shifted,0.5,300.0,3,3.355108838688718,3.113321500094685,9.581751838878098
0.1,3,100,80,TSCP_GWC,Gaussian,cqr,shifted,0.5,300.0,1,4.885678408113357,6.510335343240115,17.906349094593594
0.1,3,100,80,TSCP_GWC,Gaussian,cqr,shifted,0.5,300.0,2,4.292828215892808,5.181906110491639,14.656640436876087
0.1,3,100,80,TSCP_GWC,Gaussian,cqr,shifted,0.5,300.0,3,3.355108838688718,3.113321500094685,9.581751838878098
0.1,3,100,80,Unscaled,Gaussian,cqr,raw,0.5,300.0,1,4.885678408113357,4.930361590906355,14.746401589926087
0.1,3,100,80,Unscaled,Gaussian,cqr,raw,0.5,300.0,2,4.292828215892808,4.930361590906355,14.153551397705511
0.1,3,100,80,Unscaled,Gaussian,cqr,raw,0.5,300.0,3,3.355108838688718,4.930361590906355,13.21583202050143
0.1,3,100,80,Empirical_copula,Gaussian,cqr,raw,0.5,300.0,1,4.885678408113357,6.272967248326749,17.431612904766844
0.1,3,100,80,Empirical_copula,Gaussian,cqr,raw,0.5,300.0,2,4.292828215892808,5.0557187228881855,14.404265661669172
0.1,3,100,80,Empirical_copula,Gaussian,cqr,raw,0.5,300.0,3,3.355108838688718,3.3018198173926763,9.95874847347407
0.1,3,100,81,CQHR,Gaussian,cqr,native,0.5,300.0,1,4.710854590815603,13.328922605945138,31.368699802706143
0.1,3,100,81,CQHR,Gaussian,cqr,native,0.5,300.0,2,4.390250720986938,19.546491197732735,43.48323311645234
0.1,3,100,81,CQHR,Gaussian,cqr,native,0.5,300.0,3,3.3225016305210793,13.699724184571378,30.721949999663842
0.1,3,100,81,TSCP_R,Gaussian,cqr,shifted,0.5,300.0,1,4.710854590815603,4.755328803919269,14.221512198654136
0.1,3,100,81,TSCP_R,Gaussian,cqr,shifted,0.5,300.0,2,4.390250720986938,4.6563667879809145,13.702984296948774
0.1,3,100,81,TSCP_R,Gaussian,cqr,shifted,0.5,300.0,3,3.3225016305210793,3.379950347370709,10.082402325262503
0.1,3,100,81,TSCP_GWC,Gaussian,cqr,shifted,0.5,300.0,1,4.710854590815603,4.755328803919269,14.221512198654136
0.1,3,100,81,TSCP_GWC,Gaussian,cqr,shifted,0.5,300.0,2,4.390250720986938,4.6563667879809145,13.702984296948774
0.1,3,100,81,TSCP_GWC,Gaussian,cqr,shifted,0.5,300.0,3,3.3225016305210793,3.379950347370709,10.082402325262503
0.1,3,100,81,Unscaled,Gaussian,cqr,raw,0.5,300.0,1,4.710854590815603,4.409050636197687,13.528955863210994
0.1,3,100,81,Unscaled,Gaussian,cqr,raw,0.5,300.0,2,4.390250720986938,4.409050636197687,13.208351993382314
0.1,3,100,81,Unscaled,Gaussian,cqr,raw,0.5,300.0,3,3.3225016305210793,4.409050636197687,12.140602902916452
0.1,3,100,81,Empirical_copula,Gaussian,cqr,raw,0.5,300.0,1,4.710854590815603,5.72414677172311,16.15914813426184
0.1,3,100,81,Empirical_copula,Gaussian,cqr,raw,0.5,300.0,2,4.390250720986938,4.666809517043514,13.723869755073965
0.1,3,100,81,Empirical_copula,Gaussian,cqr,raw,0.5,300.0,3,3.3225016305210793,2.9760300557097743,9.274561741940627
0.1,3,100,82,CQHR,Gaussian,cqr,native,0.5,300.0,1,4.771578205731625,15.79016692059913,36.35191204692986
0.1,3,100,82,CQHR,Gaussian,cqr,native,0.5,300.0,2,4.364127266705996,18.9300137794972,42.224154825700396
0.1,3,100,82,CQHR,Gaussian,cqr,native,0.5,300.0,3,3.473295516110926,14.137276512001105,31.74784854011315
0.1,3,100,82,TSCP_R,Gaussian,cqr,shifted,0.5,300.0,1,4.771578205731625,5.591308316728714,15.954194839189038
0.1,3,100,82,TSCP_R,Gaussian,cqr,shifted,0.5,300.0,2,4.364127266705996,4.569993383808537,13.504114034323072
0.1,3,100,82,TSCP_R,Gaussian,cqr,shifted,0.5,300.0,3,3.473295516110926,4.381817959243961,12.23693143459884
0.1,3,100,82,TSCP_GWC,Gaussian,cqr,shifted,0.5,300.0,1,4.771578205731625,5.591308316728714,15.954194839189038
0.1,3,100,82,TSCP_GWC,Gaussian,cqr,shifted,0.5,300.0,2,4.364127266705996,4.569993383808537,13.504114034323072
0.1,3,100,82,TSCP_GWC,Gaussian,cqr,shifted,0.5,300.0,3,3.473295516110926,4.381817959243961,12.23693143459884
0.1,3,100,82,Unscaled,Gaussian,cqr,raw,0.5,300.0,1,4.771578205731625,5.350757727218632,15.47309366016889
0.1,3,100,82,Unscaled,Gaussian,cqr,raw,0.5,300.0,2,4.364127266705996,5.350757727218632,15.065642721143256
0.1,3,100,82,Unscaled,Gaussian,cqr,raw,0.5,300.0,3,3.473295516110926,5.350757727218632,14.174810970548194
0.1,3,100,82,Empirical_copula,Gaussian,cqr,raw,0.5,300.0,1,4.771578205731625,5.682551817087479,16.136681839906547
0.1,3,100,82,Empirical_copula,Gaussian,cqr,raw,0.5,300.0,2,4.364127266705996,5.452130623780073,15.268388514266128
0.1,3,100,82,Empirical_copula,Gaussian,cqr,raw,0.5,300.0,3,3.473295516110926,3.528610370293764,10.530516256698457
0.1,3,100,83,CQHR,Gaussian,cqr,native,0.5,300.0,1,4.79092015703959,23.027707725018047,50.846335607076206
0.1,3,100,83,CQHR,Gaussian,cqr,native,0.5,300.0,2,4.153422202869162,27.88148555006597,59.91639330300106
0.1,3,100,83,CQHR,Gaussian,cqr,native,0.5,300.0,3,3.3629579027847174,20.560925638623726,44.48480918003215
0.1,3,100,83,TSCP_R,Gaussian,cqr,shifted,0.5,300.0,1,4.79092015703959,6.190076103562319,17.17107236416424
0.1,3,100,83,TSCP_R,Gaussian,cqr,shifted,0.5,300.0,2,4.153422202869162,4.920780406305255,13.994983015479683
0.1,3,100,83,TSCP_R,Gaussian,cqr,shifted,0.5,300.0,3,3.3629579027847174,3.131985860987811,9.626929624760345
0.1,3,100,83,TSCP_GWC,Gaussian,cqr,shifted,0.5,300.0,1,4.79092015703959,6.190076103562319,17.17107236416424
0.1,3,100,83,TSCP_GWC,Gaussian,cqr,shifted,0.5,300.0,2,4.153422202869162,4.920780406305255,13.994983015479683
0.1,3,100,83,TSCP_GWC,Gaussian,cqr,shifted,0.5,300.0,3,3.3629579027847174,3.131985860987811,9.626929624760345
0.1,3,100,83,Unscaled,Gaussian,cqr,raw,0.5,300.0,1,4.79092015703959,5.788888383114688,16.368696923268956
0.1,3,100,83,Unscaled,Gaussian,cqr,raw,0.5,300.0,2,4.153422202869162,5.788888383114688,15.731198969098541
0.1,3,100,83,Unscaled,Gaussian,cqr,raw,0.5,300.0,3,3.3629579027847174,5.788888383114688,14.940734669014097
0.1,3,100,83,Empirical_copula,Gaussian,cqr,raw,0.5,300.0,1,4.79092015703959,6.601346325395751,17.993612807831084
0.1,3,100,83,Empirical_copula,Gaussian,cqr,raw,0.5,300.0,2,4.153422202869162,5.641948080569907,15.437318364008986
0.1,3,100,83,Empirical_copula,Gaussian,cqr,raw,0.5,300.0,3,3.3629579027847174,2.468258591385535,8.29947508555579
0.1,3,100,84,CQHR,Gaussian,cqr,native,0.5,300.0,1,4.712524414990745,6.905922138743756,18.524368692478127
0.1,3,100,84,CQHR,Gaussian,cqr,native,0.5,300.0,2,4.60197808757796,9.406504372303997,23.41498683218595
0.1,3,100,84,CQHR,Gaussian,cqr,native,0.5,300.0,3,3.624230954503981,7.3722191649584605,18.36866928442091
0.1,3,100,84,TSCP_R,Gaussian,cqr,shifted,0.5,300.0,1,4.712524414990745,4.612149297944143,13.936823010879031
0.1,3,100,84,TSCP_R,Gaussian,cqr,shifted,0.5,300.0,2,4.60197808757796,5.136613185827855,14.87520445923367
0.1,3,100,84,TSCP_R,Gaussian,cqr,shifted,0.5,300.0,3,3.624230954503981,3.271127081331315,10.166485117166618
0.1,3,100,84,TSCP_GWC,Gaussian,cqr,shifted,0.5,300.0,1,4.712524414990745,4.612149297944143,13.936823010879031
0.1,3,100,84,TSCP_GWC,Gaussian,cqr,shifted,0.5,300.0,2,4.60197808757796,5.136613185827855,14.87520445923367
0.1,3,100,84,TSCP_GWC,Gaussian,cqr,shifted,0.5,300.0,3,3.624230954503981,3.271127081331315,10.166485117166618
0.1,3,100,84,Unscaled,Gaussian,cqr,raw,0.5,300.0,1,4.712524414990745,4.586936093961044,13.886396602912837
0.1,3,100,84,Unscaled,Gaussian,cqr,raw,0.5,300.0,2,4.60197808757796,4.586936093961044,13.775850275500064
0.1,3,100,84,Unscaled,Gaussian,cqr,raw,0.5,300.0,3,3.624230954503981,4.586936093961044,12.79810314242607
0.1,3,100,84,Empirical_copula,Gaussian,cqr,raw,0.5,300.0,1,4.712524414990745,4.110808351118072,12.93414111722689
0.1,3,100,84,Empirical_copula,Gaussian,cqr,raw,0.5,300.0,2,4.60197808757796,5.266969676815055,15.135917441208072
0.1,3,100,84,Empirical_copula,Gaussian,cqr,raw,0.5,300.0,3,3.624230954503981,3.166004007280751,9.956238969065492
0.1,3,100,85,CQHR,Gaussian,cqr,native,0.5,300.0,1,4.758239759474637,12.201840497313048,29.161920754100606
0.1,3,100,85,CQHR,Gaussian,cqr,native,0.5,300.0,2,4.197737155359671,14.894641222272464,33.98701959990454
0.1,3,100,85,CQHR,Gaussian,cqr,native,0.5,300.0,3,3.381490181620605,11.362234088593652,26.105958358807932
0.1,3,100,85,TSCP_R,Gaussian,cqr,shifted,0.5,300.0,1,4.758239759474637,6.7392906161258,18.236820991726223
0.1,3,100,85,TSCP_R,Gaussian,cqr,shifted,0.5,300.0,2,4.197737155359671,5.318769169873974,14.835275495107624
0.1,3,100,85,TSCP_R,Gaussian,cqr,shifted,0.5,300.0,3,3.381490181620605,4.121369570832371,11.624229323285338
0.1,3,100,85,TSCP_GWC,Gaussian,cqr,shifted,0.5,300.0,1,4.758239759474637,6.7392906161258,18.236820991726223
0.1,3,100,85,TSCP_GWC,Gaussian,cqr,shifted,0.5,300.0,2,4.197737155359671,5.318769169873974,14.835275495107624
0.1,3,100,85,TSCP_GWC,Gaussian,cqr,shifted,0.5,300.0,3,3.381490181620605,4.121369570832371,11.624229323285338
0.1,3,100,85,Unscaled,Gaussian,cqr,raw,0.5,300.0,1,4.758239759474637,5.317687701940394,15.393615163355419
0.1,3,100,85,Unscaled,Gaussian,cqr,raw,0.5,300.0,2,4.197737155359671,5.317687701940394,14.833112559240462
0.1,3,100,85,Unscaled,Gaussian,cqr,raw,0.5,300.0,3,3.381490181620605,5.317687701940394,14.016865585501385
0.1,3,100,85,Empirical_copula,Gaussian,cqr,raw,0.5,300.0,1,4.758239759474637,6.483952801388774,17.726145362252186
0.1,3,100,85,Empirical_copula,Gaussian,cqr,raw,0.5,300.0,2,4.197737155359671,5.08712028146415,14.371977718287978
0.1,3,100,85,Empirical_copula,Gaussian,cqr,raw,0.5,300.0,3,3.381490181620605,3.407942968951655,10.197376119523911
0.1,3,100,86,CQHR,Gaussian,cqr,native,0.5,300.0,1,4.837805593616852,14.220963459388345,33.27973251239374
0.1,3,100,86,CQHR,Gaussian,cqr,native,0.5,300.0,2,4.182554182189958,19.506752011286917,43.19605820476381
0.1,3,100,86,CQHR,Gaussian,cqr,native,0.5,300.0,3,3.3389737949526137,13.028791507240069,29.396556809432763
0.1,3,100,86,TSCP_R,Gaussian,cqr,shifted,0.5,300.0,1,4.837805593616852,4.9562496291409275,14.750304851898699
0.1,3,100,86,TSCP_R,Gaussian,cqr,shifted,0.5,300.0,2,4.182554182189958,4.063392717926206,12.309339618042367
0.1,3,100,86,TSCP_R,Gaussian,cqr,shifted,0.5,300.0,3,3.3389737949526137,2.747280282462384,8.833534359877374
0.1,3,100,86,TSCP_GWC,Gaussian,cqr,shifted,0.5,300.0,1,4.837805593616852,4.9562496291409275,14.750304851898699
0.1,3,100,86,TSCP_GWC,Gaussian,cqr,shifted,0.5,300.0,2,4.182554182189958,4.063392717926206,12.309339618042367
0.1,3,100,86,TSCP_GWC,Gaussian,cqr,shifted,0.5,300.0,3,3.3389737949526137,2.747280282462384,8.833534359877374
0.1,3,100,86,Unscaled,Gaussian,cqr,raw,0.5,300.0,1,4.837805593616852,4.439391059974233,13.716587713565326
0.1,3,100,86,Unscaled,Gaussian,cqr,raw,0.5,300.0,2,4.182554182189958,4.439391059974233,13.06133630213842
0.1,3,100,86,Unscaled,Gaussian,cqr,raw,0.5,300.0,3,3.3389737949526137,4.439391059974233,12.217755914901065
0.1,3,100,86,Empirical_copula,Gaussian,cqr,raw,0.5,300.0,1,4.837805593616852,5.203654910617699,15.245115414852238
0.1,3,100,86,Empirical_copula,Gaussian,cqr,raw,0.5,300.0,2,4.182554182189958,3.9422470134692436,12.067048209128451
0.1,3,100,86,Empirical_copula,Gaussian,cqr,raw,0.5,300.0,3,3.3389737949526137,2.384568017958483,8.10810983086957
0.1,3,100,87,CQHR,Gaussian,cqr,native,0.5,300.0,1,4.846121693997618,14.09913419243933,33.044390078876546
0.1,3,100,87,CQHR,Gaussian,cqr,native,0.5,300.0,2,4.277869033854288,19.11569215922285,42.509253352299964
0.1,3,100,87,CQHR,Gaussian,cqr,native,0.5,300.0,3,3.3318361096302094,17.347388945591433,38.026614000813105
0.1,3,100,87,TSCP_R,Gaussian,cqr,shifted,0.5,300.0,1,4.846121693997618,7.820223223478422,20.486568140954443
0.1,3,100,87,TSCP_R,Gaussian,cqr,shifted,0.5,300.0,2,4.277869033854288,5.803130771457688,15.88413057676966
0.1,3,100,87,TSCP_R,Gaussian,cqr,shifted,0.5,300.0,3,3.3318361096302094,4.606510939771226,12.544857989172653
0.1,3,100,87,TSCP_GWC,Gaussian,cqr,shifted,0.5,300.0,1,4.846121693997618,7.820223223478422,20.486568140954443
0.1,3,100,87,TSCP_GWC,Gaussian,cqr,shifted,0.5,300.0,2,4.277869033854288,5.803130771457688,15.88413057676966
0.1,3,100,87,TSCP_GWC,Gaussian,cqr,shifted,0.5,300.0,3,3.3318361096302094,4.606510939771226,12.544857989172653
0.1,3,100,87,Unscaled,Gaussian,cqr,raw,0.5,300.0,1,4.846121693997618,5.295620563986133,15.437362821969874
0.1,3,100,87,Unscaled,Gaussian,cqr,raw,0.5,300.0,2,4.277869033854288,5.295620563986133,14.869110161826551
0.1,3,100,87,Unscaled,Gaussian,cqr,raw,0.5,300.0,3,3.3318361096302094,5.295620563986133,13.923077237602486
0.1,3,100,87,Empirical_copula,Gaussian,cqr,raw,0.5,300.0,1,4.846121693997618,7.846178065482388,20.538477824962367
0.1,3,100,87,Empirical_copula,Gaussian,cqr,raw,0.5,300.0,2,4.277869033854288,5.295620563936028,14.869110161726352
0.1,3,100,87,Empirical_copula,Gaussian,cqr,raw,0.5,300.0,3,3.3318361096302094,3.957250427277211,11.24633696418462
0.1,3,100,88,CQHR,Gaussian,cqr,native,0.5,300.0,1,4.694874182042341,13.199319887738788,31.09351395751979
0.1,3,100,88,CQHR,Gaussian,cqr,native,0.5,300.0,2,4.45304946620348,19.056493408990818,42.56603628418513
0.1,3,100,88,CQHR,Gaussian,cqr,native,0.5,300.0,3,3.598030759462096,16.40752969962772,36.4130901587175
0.1,3,100,88,TSCP_R,Gaussian,cqr,shifted,0.5,300.0,1,4.694874182042341,6.975730305238528,18.646334792519394
0.1,3,100,88,TSCP_R,Gaussian,cqr,shifted,0.5,300.0,2,4.45304946620348,5.766435455476255,15.985920377155981
0.1,3,100,88,TSCP_R,Gaussian,cqr,shifted,0.5,300.0,3,3.598030759462096,3.886527785499652,11.371086330461392
0.1,3,100,88,TSCP_GWC,Gaussian,cqr,shifted,0.5,300.0,1,4.694874182042341,6.975730305238528,18.646334792519394
0.1,3,100,88,TSCP_GWC,Gaussian,cqr,shifted,0.5,300.0,2,4.45304946620348,5.766435455476255,15.985920377155981
0.1,3,100,88,TSCP_GWC,Gaussian,cqr,shifted,0.5,300.0,3,3.598030759462096,3.886527785499652,11.371086330461392
0.1,3,100,88,Unscaled,Gaussian,cqr,raw,0.5,300.0,1,4.694874182042341,5.330590336020137,15.356054854082613
0.1,3,100,88,Unscaled,Gaussian,cqr,raw,0.5,300.0,2,4.45304946620348,5.330590336020137,15.114230138243736
0.1,3,100,88,Unscaled,Gaussian,cqr,raw,0.5,300.0,3,3.598030759462096,5.330590336020137,14.25921143150236
0.1,3,100,88,Empirical_copula,Gaussian,cqr,raw,0.5,300.0,1,4.694874182042341,5.8655105949543085,16.42589537195097
0.1,3,100,88,Empirical_copula,Gaussian,cqr,raw,0.5,300.0,2,4.45304946620348,4.675487384535449,13.80402423527437
0.1,3,100,88,Empirical_copula,Gaussian,cqr,raw,0.5,300.0,3,3.598030759462096,3.8648002656444653,11.327631290751015
0.1,3,100,89,CQHR,Gaussian,cqr,native,0.5,300.0,1,4.653771055078505,12.713556206312155,30.080883467702595
0.1,3,100,89,CQHR,Gaussian,cqr,native,0.5,300.0,2,4.2304167780892215,16.000651235845186,36.23171924977955
0.1,3,100,89,CQHR,Gaussian,cqr,native,0.5,300.0,3,3.280833839480099,11.232160778698079,25.74515539687626
0.1,3,100,89,TSCP_R,Gaussian,cqr,shifted,0.5,300.0,1,4.653771055078505,6.186091155402721,17.025953365883936
0.1,3,100,89,TSCP_R,Gaussian,cqr,shifted,0.5,300.0,2,4.2304167780892215,4.119155963179139,12.468728704447495
0.1,3,100,89,TSCP_R,Gaussian,cqr,shifted,0.5,300.0,3,3.280833839480099,2.8304664678350946,8.941766775150292
0.1,3,100,89,TSCP_GWC,Gaussian,cqr,shifted,0.5,300.0,1,4.653771055078505,6.186091155402721,17.025953365883936
0.1,3,100,89,TSCP_GWC,Gaussian,cqr,shifted,0.5,300.0,2,4.2304167780892215,4.119155963179139,12.468728704447495
0.1,3,100,89,TSCP_GWC,Gaussian,cqr,shifted,0.5,300.0,3,3.280833839480099,2.8304664678350946,8.941766775150292
0.1,3,100,89,Unscaled,Gaussian,cqr,raw,0.5,300.0,1,4.653771055078505,5.116209707997871,14.886190471074245
0.1,3,100,89,Unscaled,Gaussian,cqr,raw,0.5,300.0,2,4.2304167780892215,5.116209707997871,14.462836194084957
0.1,3,100,89,Unscaled,Gaussian,cqr,raw,0.5,300.0,3,3.280833839480099,5.116209707997871,13.513253255475837
0.1,3,100,89,Empirical_copula,Gaussian,cqr,raw,0.5,300.0,1,4.653771055078505,5.755901252755132,16.165573560588783
0.1,3,100,89,Empirical_copula,Gaussian,cqr,raw,0.5,300.0,2,4.2304167780892215,4.40477296238994,13.0399627028691
0.1,3,100,89,Empirical_copula,Gaussian,cqr,raw,0.5,300.0,3,3.280833839480099,2.280098830330122,7.8410315001403506
0.1,3,100,90,CQHR,Gaussian,cqr,native,0.5,300.0,1,4.983468444282274,8.90232440352492,22.788117251332046
0.1,3,100,90,CQHR,Gaussian,cqr,native,0.5,300.0,2,4.667376097825495,14.013550945053924,32.69447798793333
0.1,3,100,90,CQHR,Gaussian,cqr,native,0.5,300.0,3,3.4881633853151652,15.113280720659846,33.71472482663488
0.1,3,100,90,TSCP_R,Gaussian,cqr,shifted,0.5,300.0,1,4.983468444282274,4.256345126247709,13.496158696777691
0.1,3,100,90,TSCP_R,Gaussian,cqr,shifted,0.5,300.0,2,4.667376097825495,4.225038499471793,13.117453096769074
0.1,3,100,90,TSCP_R,Gaussian,cqr,shifted,0.5,300.0,3,3.4881633853151652,2.9891169268821045,9.46639723907938
0.1,3,100,90,TSCP_GWC,Gaussian,cqr,shifted,0.5,300.0,1,4.983468444282274,4.256345126247709,13.496158696777691
0.1,3,100,90,TSCP_GWC,Gaussian,cqr,shifted,0.5,300.0,2,4.667376097825495,4.225038499471793,13.117453096769074
0.1,3,100,90,TSCP_GWC,Gaussian,cqr,shifted,0.5,300.0,3,3.4881633853151652,2.9891169268821045,9.46639723907938
0.1,3,100,90,Unscaled,Gaussian,cqr,raw,0.5,300.0,1,4.983468444282274,4.082676927139112,13.148822298560509
0.1,3,100,90,Unscaled,Gaussian,cqr,raw,0.5,300.0,2,4.667376097825495,4.082676927139112,12.832729952103726
0.1,3,100,90,Unscaled,Gaussian,cqr,raw,0.5,300.0,3,3.4881633853151652,4.082676927139112,11.653517239593397
0.1,3,100,90,Empirical_copula,Gaussian,cqr,raw,0.5,300.0,1,4.983468444282274,4.910148183073353,14.803764810428984
0.1,3,100,90,Empirical_copula,Gaussian,cqr,raw,0.5,300.0,2,4.667376097825495,4.082676927123881,12.832729952073246
0.1,3,100,90,Empirical_copula,Gaussian,cqr,raw,0.5,300.0,3,3.4881633853151652,2.8876359211901157,9.263435227695394
0.1,3,100,91,CQHR,Gaussian,cqr,native,0.5,300.0,1,4.765267291189783,12.492881829299225,29.75103094978829
0.1,3,100,91,CQHR,Gaussian,cqr,native,0.5,300.0,2,4.652082827367119,19.69681647251651,44.045715772400115
0.1,3,100,91,CQHR,Gaussian,cqr,native,0.5,300.0,3,3.5036486048986446,12.455513770345762,28.414676145590196
0.1,3,100,91,TSCP_R,Gaussian,cqr,shifted,0.5,300.0,1,4.765267291189783,5.406112525333299,15.577492341856365
0.1,3,100,91,TSCP_R,Gaussian,cqr,shifted,0.5,300.0,2,4.652082827367119,4.419290419769425,13.490663666905965
0.1,3,100,91,TSCP_R,Gaussian,cqr,shifted,0.5,300.0,3,3.5036486048986446,3.7124033027524206,10.928455210403488
0.1,3,100,91,TSCP_GWC,Gaussian,cqr,shifted,0.5,300.0,1,4.765267291189783,5.406112525333299,15.577492341856365
0.1,3,100,91,TSCP_GWC,Gaussian,cqr,shifted,0.5,300.0,2,4.652082827367119,4.419290419769425,13.490663666905965
0.1,3,100,91,TSCP_GWC,Gaussian,cqr,shifted,0.5,300.0,3,3.5036486048986446,3.7124033027524206,10.928455210403488
0.1,3,100,91,Unscaled,Gaussian,cqr,raw,0.5,300.0,1,4.765267291189783,4.420116110167551,13.605499511524869
0.1,3,100,91,Unscaled,Gaussian,cqr,raw,0.5,300.0,2,4.652082827367119,4.420116110167551,13.492315047702217
0.1,3,100,91,Unscaled,Gaussian,cqr,raw,0.5,300.0,3,3.5036486048986446,4.420116110167551,12.343880825233729
0.1,3,100,91,Empirical_copula,Gaussian,cqr,raw,0.5,300.0,1,4.765267291189783,5.2494756870654165,15.264218665320607
0.1,3,100,91,Empirical_copula,Gaussian,cqr,raw,0.5,300.0,2,4.652082827367119,3.661772988915783,11.975628805198667
0.1,3,100,91,Empirical_copula,Gaussian,cqr,raw,0.5,300.0,3,3.5036486048986446,3.146135462312774,9.795919529524186
0.1,3,100,92,CQHR,Gaussian,cqr,native,0.5,300.0,1,4.682146215004884,9.722636540546779,24.12741929609852
0.1,3,100,92,CQHR,Gaussian,cqr,native,0.5,300.0,2,4.45497336739021,16.345708448431274,37.14639026425274
0.1,3,100,92,CQHR,Gaussian,cqr,native,0.5,300.0,3,3.6790031140962407,9.801849129705396,23.28270137350704
0.1,3,100,92,TSCP_R,Gaussian,cqr,shifted,0.5,300.0,1,4.682146215004884,5.6326362279188515,15.94741867084259
0.1,3,100,92,TSCP_R,Gaussian,cqr,shifted,0.5,300.0,2,4.45497336739021,4.92999901643725,14.314971400264703
0.1,3,100,92,TSCP_R,Gaussian,cqr,shifted,0.5,300.0,3,3.6790031140962407,3.4729548479817254,10.624912810059696
0.1,3,100,92,TSCP_GWC,Gaussian,cqr,shifted,0.5,300.0,1,4.682146215004884,5.6326362279188515,15.94741867084259
0.1,3,100,92,TSCP_GWC,Gaussian,cqr,shifted,0.5,300.0,2,4.45497336739021,4.92999901643725,14.314971400264703
0.1,3,100,92,TSCP_GWC,Gaussian,cqr,shifted,0.5,300.0,3,3.6790031140962407,3.4729548479817254,10.624912810059696
0.1,3,100,92,Unscaled,Gaussian,cqr,raw,0.5,300.0,1,4.682146215004884,4.790552887716688,14.263251990438269
0.1,3,100,92,Unscaled,Gaussian,cqr,raw,0.5,300.0,2,4.45497336739021,4.790552887716688,14.03607914282358
0.1,3,100,92,Unscaled,Gaussian,cqr,raw,0.5,300.0,3,3.6790031140962407,4.790552887716688,13.260108889529617
0.1,3,100,92,Empirical_copula,Gaussian,cqr,raw,0.5,300.0,1,4.682146215004884,4.790552887653659,14.263251990312208
0.1,3,100,92,Empirical_copula,Gaussian,cqr,raw,0.5,300.0,2,4.45497336739021,4.804978935363984,14.064931238118152
0.1,3,100,92,Empirical_copula,Gaussian,cqr,raw,0.5,300.0,3,3.6790031140962407,3.0809056467060287,9.840814407508308
0.1,3,100,93,CQHR,Gaussian,cqr,native,0.5,300.0,1,4.860713460131098,16.426765773537955,37.714245007206564
0.1,3,100,93,CQHR,Gaussian,cqr,native,0.5,300.0,2,4.602324642207719,19.78124779970132,44.16482024161039
0.1,3,100,93,CQHR,Gaussian,cqr,native,0.5,300.0,3,3.675871182876497,14.515772287533864,32.707415757944275
0.1,3,100,93,TSCP_R,Gaussian,cqr,shifted,0.5,300.0,1,4.860713460131098,8.318252161625821,21.497217783382734
0.1,3,100,93,TSCP_R,Gaussian,cqr,shifted,0.5,300.0,2,4.602324642207719,5.727168276429609,16.056661195066944
0.1,3,100,93,TSCP_R,Gaussian,cqr,shifted,0.5,300.0,3,3.675871182876497,4.996456890220827,13.66878496331816
0.1,3,100,93,TSCP_GWC,Gaussian,cqr,shifted,0.5,300.0,1,4.860713460131098,8.318252161625821,21.497217783382734
0.1,3,100,93,TSCP_GWC,Gaussian,cqr,shifted,0.5,300.0,2,4.602324642207719,5.727168276429609,16.056661195066944
0.1,3,100,93,TSCP_GWC,Gaussian,cqr,shifted,0.5,300.0,3,3.675871182876497,4.996456890220827,13.66878496331816
0.1,3,100,93,Unscaled,Gaussian,cqr,raw,0.5,300.0,1,4.860713460131098,6.269268160669511,17.39924978147012
0.1,3,100,93,Unscaled,Gaussian,cqr,raw,0.5,300.0,2,4.602324642207719,6.269268160669511,17.14086096354672
0.1,3,100,93,Unscaled,Gaussian,cqr,raw,0.5,300.0,3,3.675871182876497,6.269268160669511,16.21440750421553
0.1,3,100,93,Empirical_copula,Gaussian,cqr,raw,0.5,300.0,1,4.860713460131098,7.081084467028571,19.022882394188237
0.1,3,100,93,Empirical_copula,Gaussian,cqr,raw,0.5,300.0,2,4.602324642207719,4.195179354470579,12.992683351148882
0.1,3,100,93,Empirical_copula,Gaussian,cqr,raw,0.5,300.0,3,3.675871182876497,5.1008209657983485,13.877513114473206
0.1,3,100,94,CQHR,Gaussian,cqr,native,0.5,300.0,1,4.709200463371793,23.822013444825227,52.353227353021936
0.1,3,100,94,CQHR,Gaussian,cqr,native,0.5,300.0,2,4.393927088357105,55.501847485596166,115.39762205954928
0.1,3,100,94,CQHR,Gaussian,cqr,native,0.5,300.0,3,3.3869018721501423,30.36299348683353,64.11288884581724
0.1,3,100,94,TSCP_R,Gaussian,cqr,shifted,0.5,300.0,1,4.709200463371793,5.2341457285331785,15.177491920438149
0.1,3,100,94,TSCP_R,Gaussian,cqr,shifted,0.5,300.0,2,4.393927088357105,7.118345103913555,18.630617296184223
0.1,3,100,94,TSCP_R,Gaussian,cqr,shifted,0.5,300.0,3,3.3869018721501423,3.076378098907128,9.5396580699644
0.1,3,100,94,TSCP_GWC,Gaussian,cqr,shifted,0.5,300.0,1,4.709200463371793,5.2341457285331785,15.177491920438149
0.1,3,100,94,TSCP_GWC,Gaussian,cqr,shifted,0.5,300.0,2,4.393927088357105,7.118345103913555,18.630617296184223
0.1,3,100,94,TSCP_GWC,Gaussian,cqr,shifted,0.5,300.0,3,3.3869018721501423,3.076378098907128,9.5396580699644
0.1,3,100,94,Unscaled,Gaussian,cqr,raw,0.5,300.0,1,4.709200463371793,5.083806549334717,14.876813562041225
0.1,3,100,94,Unscaled,Gaussian,cqr,raw,0.5,300.0,2,4.393927088357105,5.083806549334717,14.561540187026548
0.1,3,100,94,Unscaled,Gaussian,cqr,raw,0.5,300.0,3,3.3869018721501423,5.083806549334717,13.554514970819572
0.1,3,100,94,Empirical_copula,Gaussian,cqr,raw,0.5,300.0,1,4.709200463371793,5.083806549279014,14.876813561929827
0.1,3,100,94,Empirical_copula,Gaussian,cqr,raw,0.5,300.0,2,4.393927088357105,6.41631488324173,17.226556854840574
0.1,3,100,94,Empirical_copula,Gaussian,cqr,raw,0.5,300.0,3,3.3869018721501423,2.9702588241232792,9.327419520396703
0.1,3,100,95,CQHR,Gaussian,cqr,native,0.5,300.0,1,4.6699092800209705,9.556533583211003,23.782976446443097
0.1,3,100,95,CQHR,Gaussian,cqr,native,0.5,300.0,2,4.451991109196244,14.84213086738353,34.136252843963284
0.1,3,100,95,CQHR,Gaussian,cqr,native,0.5,300.0,3,3.297553746668874,10.602380403316756,24.502314553302366
0.1,3,100,95,TSCP_R,Gaussian,cqr,shifted,0.5,300.0,1,4.6699092800209705,5.445778165079446,15.56146561017986
0.1,3,100,95,TSCP_R,Gaussian,cqr,shifted,0.5,300.0,2,4.451991109196244,4.927918364371976,14.3078278379402
0.1,3,100,95,TSCP_R,Gaussian,cqr,shifted,0.5,300.0,3,3.297553746668874,3.532572387411278,10.36269852149142
0.1,3,100,95,TSCP_GWC,Gaussian,cqr,shifted,0.5,300.0,1,4.6699092800209705,5.445778165079446,15.56146561017986
0.1,3,100,95,TSCP_GWC,Gaussian,cqr,shifted,0.5,300.0,2,4.451991109196244,4.927918364371976,14.3078278379402
0.1,3,100,95,TSCP_GWC,Gaussian,cqr,shifted,0.5,300.0,3,3.297553746668874,3.532572387411278,10.36269852149142
0.1,3,100,95,Unscaled,Gaussian,cqr,raw,0.5,300.0,1,4.6699092800209705,4.604100224813165,13.878109729647303
0.1,3,100,95,Unscaled,Gaussian,cqr,raw,0.5,300.0,2,4.451991109196244,4.604100224813165,13.660191558822568
0.1,3,100,95,Unscaled,Gaussian,cqr,raw,0.5,300.0,3,3.297553746668874,4.604100224813165,12.505754196295186
0.1,3,100,95,Empirical_copula,Gaussian,cqr,raw,0.5,300.0,1,4.6699092800209705,4.3959227440216875,13.461754768064333
0.1,3,100,95,Empirical_copula,Gaussian,cqr,raw,0.5,300.0,2,4.451991109196244,4.443473199471509,13.338937508139281
0.1,3,100,95,Empirical_copula,Gaussian,cqr,raw,0.5,300.0,3,3.297553746668874,3.43458241798697,10.166718582642803
0.1,3,100,96,CQHR,Gaussian,cqr,native,0.5,300.0,1,4.6159608261755665,7.690906489446534,19.997773805068643
0.1,3,100,96,CQHR,Gaussian,cqr,native,0.5,300.0,2,4.1185787664566496,10.446516283340623,25.011611333137925
0.1,3,100,96,CQHR,Gaussian,cqr,native,0.5,300.0,3,3.3559852016815848,6.887296242477235,17.130577686636048
0.1,3,100,96,TSCP_R,Gaussian,cqr,shifted,0.5,300.0,1,4.6159608261755665,5.172017109217052,14.959995044609665
0.1,3,100,96,TSCP_R,Gaussian,cqr,shifted,0.5,300.0,2,4.1185787664566496,4.10694573977446,12.332470246005574
0.1,3,100,96,TSCP_R,Gaussian,cqr,shifted,0.5,300.0,3,3.3559852016815848,3.7671247574613744,10.890234716604331
0.1,3,100,96,TSCP_GWC,Gaussian,cqr,shifted,0.5,300.0,1,4.6159608261755665,5.172017109217052,14.959995044609665
0.1,3,100,96,TSCP_GWC,Gaussian,cqr,shifted,0.5,300.0,2,4.1185787664566496,4.10694573977446,12.332470246005574
0.1,3,100,96,TSCP_GWC,Gaussian,cqr,shifted,0.5,300.0,3,3.3559852016815848,3.7671247574613744,10.890234716604331
0.1,3,100,96,Unscaled,Gaussian,cqr,raw,0.5,300.0,1,4.6159608261755665,4.764208898343475,14.144378622862508
0.1,3,100,96,Unscaled,Gaussian,cqr,raw,0.5,300.0,2,4.1185787664566496,4.764208898343475,13.646996563143615
0.1,3,100,96,Unscaled,Gaussian,cqr,raw,0.5,300.0,3,3.3559852016815848,4.764208898343475,12.884402998368527
0.1,3,100,96,Empirical_copula,Gaussian,cqr,raw,0.5,300.0,1,4.6159608261755665,4.867807482269065,14.351575790713692
0.1,3,100,96,Empirical_copula,Gaussian,cqr,raw,0.5,300.0,2,4.1185787664566496,4.7642088982734485,13.646996563003567
0.1,3,100,96,Empirical_copula,Gaussian,cqr,raw,0.5,300.0,3,3.3559852016815848,3.52923515171997,10.414455505121525
0.1,3,100,97,CQHR,Gaussian,cqr,native,0.5,300.0,1,4.804422186593276,9.702972923914178,24.210368034421766
0.1,3,100,97,CQHR,Gaussian,cqr,native,0.5,300.0,2,4.723604728831701,13.298152883522786,31.319910495877274
0.1,3,100,97,CQHR,Gaussian,cqr,native,0.5,300.0,3,3.4308067758965217,9.333428965010931,22.097664705918383
0.1,3,100,97,TSCP_R,Gaussian,cqr,shifted,0.5,300.0,1,4.804422186593276,7.094087522011137,18.992597230615527
0.1,3,100,97,TSCP_R,Gaussian,cqr,shifted,0.5,300.0,2,4.723604728831701,4.762988096399226,14.249580921630141
0.1,3,100,97,TSCP_R,Gaussian,cqr,shifted,0.5,300.0,3,3.4308067758965217,3.5279675319384864,10.486741839773497
0.1,3,100,97,TSCP_GWC,Gaussian,cqr,shifted,0.5,300.0,1,4.804422186593276,7.094087522011137,18.992597230615527
0.1,3,100,97,TSCP_GWC,Gaussian,cqr,shifted,0.5,300.0,2,4.723604728831701,4.762988096399226,14.249580921630141
0.1,3,100,97,TSCP_GWC,Gaussian,cqr,shifted,0.5,300.0,3,3.4308067758965217,3.5279675319384864,10.486741839773497
0.1,3,100,97,Unscaled,Gaussian,cqr,raw,0.5,300.0,1,4.804422186593276,5.992314261113788,16.789050708820838
0.1,3,100,97,Unscaled,Gaussian,cqr,raw,0.5,300.0,2,4.723604728831701,5.992314261113788,16.708233251059266
0.1,3,100,97,Unscaled,Gaussian,cqr,raw,0.5,300.0,3,3.4308067758965217,5.992314261113788,15.415435298124084
0.1,3,100,97,Empirical_copula,Gaussian,cqr,raw,0.5,300.0,1,4.804422186593276,6.895968364548068,18.5963589156894
0.1,3,100,97,Empirical_copula,Gaussian,cqr,raw,0.5,300.0,2,4.723604728831701,4.646041244263751,14.0156872173592
0.1,3,100,97,Empirical_copula,Gaussian,cqr,raw,0.5,300.0,3,3.4308067758965217,3.152519444817564,9.735845665531654
0.1,3,100,98,CQHR,Gaussian,cqr,native,0.5,300.0,1,4.781729670976983,11.20746644255729,27.196662556091816
0.1,3,100,98,CQHR,Gaussian,cqr,native,0.5,300.0,2,4.470902256406777,15.984777028048887,36.44045631250453
0.1,3,100,98,CQHR,Gaussian,cqr,native,0.5,300.0,3,3.4012161368708016,10.541090572572857,24.483397282016494
0.1,3,100,98,TSCP_R,Gaussian,cqr,shifted,0.5,300.0,1,4.781729670976983,6.211038685605558,17.203807042188114
0.1,3,100,98,TSCP_R,Gaussian,cqr,shifted,0.5,300.0,2,4.470902256406777,4.74473620890393,13.960374674214641
0.1,3,100,98,TSCP_R,Gaussian,cqr,shifted,0.5,300.0,3,3.4012161368708016,3.4609443451616357,10.323104827194076
0.1,3,100,98,TSCP_GWC,Gaussian,cqr,shifted,0.5,300.0,1,4.781729670976983,6.211038685605558,17.203807042188114
0.1,3,100,98,TSCP_GWC,Gaussian,cqr,shifted,0.5,300.0,2,4.470902256406777,4.74473620890393,13.960374674214641
0.1,3,100,98,TSCP_GWC,Gaussian,cqr,shifted,0.5,300.0,3,3.4012161368708016,3.4609443451616357,10.323104827194076
0.1,3,100,98,Unscaled,Gaussian,cqr,raw,0.5,300.0,1,4.781729670976983,5.240929488604892,15.263588648186776
0.1,3,100,98,Unscaled,Gaussian,cqr,raw,0.5,300.0,2,4.470902256406777,5.240929488604892,14.952761233616565
0.1,3,100,98,Unscaled,Gaussian,cqr,raw,0.5,300.0,3,3.4012161368708016,5.240929488604892,13.88307511408059
0.1,3,100,98,Empirical_copula,Gaussian,cqr,raw,0.5,300.0,1,4.781729670976983,6.126084120800604,17.03389791257821
0.1,3,100,98,Empirical_copula,Gaussian,cqr,raw,0.5,300.0,2,4.470902256406777,4.527052225581436,13.525006707569645
0.1,3,100,98,Empirical_copula,Gaussian,cqr,raw,0.5,300.0,3,3.4012161368708016,2.935510792707346,9.27223772228548
0.1,3,100,99,CQHR,Gaussian,cqr,native,0.5,300.0,1,4.952199341595688,10.147193937050345,25.24658721569624
0.1,3,100,99,CQHR,Gaussian,cqr,native,0.5,300.0,2,4.515167657163647,12.956338935988503,30.427845529140626
0.1,3,100,99,CQHR,Gaussian,cqr,native,0.5,300.0,3,3.6512444215121045,9.584029472221138,22.819303365954354
0.1,3,100,99,TSCP_R,Gaussian,cqr,shifted,0.5,300.0,1,4.952199341595688,4.866025931758713,14.684251205113105
0.1,3,100,99,TSCP_R,Gaussian,cqr,shifted,0.5,300.0,2,4.515167657163647,4.064103037180132,12.643373731523917
0.1,3,100,99,TSCP_R,Gaussian,cqr,shifted,0.5,300.0,3,3.6512444215121045,3.248338189193703,10.147920799899515
0.1,3,100,99,TSCP_GWC,Gaussian,cqr,shifted,0.5,300.0,1,4.952199341595688,4.866025931758713,14.684251205113105
0.1,3,100,99,TSCP_GWC,Gaussian,cqr,shifted,0.5,300.0,2,4.515167657163647,4.064103037180132,12.643373731523917
0.1,3,100,99,TSCP_GWC,Gaussian,cqr,shifted,0.5,300.0,3,3.6512444215121045,3.248338189193703,10.147920799899515
0.1,3,100,99,Unscaled,Gaussian,cqr,raw,0.5,300.0,1,4.952199341595688,4.451551751635108,13.855302844865912
0.1,3,100,99,Unscaled,Gaussian,cqr,raw,0.5,300.0,2,4.515167657163647,4.451551751635108,13.418271160433864
0.1,3,100,99,Unscaled,Gaussian,cqr,raw,0.5,300.0,3,3.6512444215121045,4.451551751635108,12.554347924782327
0.1,3,100,99,Empirical_copula,Gaussian,cqr,raw,0.5,300.0,1,4.952199341595688,4.530425312555575,14.013049966706827
0.1,3,100,99,Empirical_copula,Gaussian,cqr,raw,0.5,300.0,2,4.515167657163647,3.981218106004768,12.477603869173192
0.1,3,100,99,Empirical_copula,Gaussian,cqr,raw,0.5,300.0,3,3.6512444215121045,3.134971820094764,9.921188061701638
0.1,3,100,0,CQHR,Gaussian,cqr,native,0.5,100.0,1,4.703542562641052,10.365803634595903,25.435149831832614
0.1,3,100,0,CQHR,Gaussian,cqr,native,0.5,100.0,2,4.381040337046846,16.435242160446684,37.251524657940266
0.1,3,100,0,CQHR,Gaussian,cqr,native,0.5,100.0,3,3.3943406054668346,13.859566354816732,31.11347331510026
0.1,3,100,0,TSCP_R,Gaussian,cqr,shifted,0.5,100.0,1,4.703542562641052,4.854116013773748,14.411774590188552
0.1,3,100,0,TSCP_R,Gaussian,cqr,shifted,0.5,100.0,2,4.381040337046846,5.370782342169761,15.122605021386352
0.1,3,100,0,TSCP_R,Gaussian,cqr,shifted,0.5,100.0,3,3.3943406054668346,3.241618668040033,9.877577941546898
0.1,3,100,0,TSCP_GWC,Gaussian,cqr,shifted,0.5,100.0,1,4.703542562641052,4.854116013773748,14.411774590188552
0.1,3,100,0,TSCP_GWC,Gaussian,cqr,shifted,0.5,100.0,2,4.381040337046846,5.370782342169761,15.122605021386352
0.1,3,100,0,TSCP_GWC,Gaussian,cqr,shifted,0.5,100.0,3,3.3943406054668346,3.241618668040033,9.877577941546898
0.1,3,100,0,Unscaled,Gaussian,cqr,raw,0.5,100.0,1,4.703542562641052,4.929652473206831,14.562847509054714
0.1,3,100,0,Unscaled,Gaussian,cqr,raw,0.5,100.0,2,4.381040337046846,4.929652473206831,14.240345283460517
0.1,3,100,0,Unscaled,Gaussian,cqr,raw,0.5,100.0,3,3.3943406054668346,4.929652473206831,13.25364555188049
0.1,3,100,0,Empirical_copula,Gaussian,cqr,raw,0.5,100.0,1,4.703542562641052,5.006781778594021,14.71710611982909
0.1,3,100,0,Empirical_copula,Gaussian,cqr,raw,0.5,100.0,2,4.381040337046846,4.929652473168083,14.240345283383013
0.1,3,100,0,Empirical_copula,Gaussian,cqr,raw,0.5,100.0,3,3.3943406054668346,2.9951702327357026,9.384681070938235
0.1,3,100,1,CQHR,Gaussian,cqr,native,0.5,100.0,1,4.627487606155158,15.818109817943556,36.26370724204206
0.1,3,100,1,CQHR,Gaussian,cqr,native,0.5,100.0,2,4.52836322041175,25.888005395588266,56.304374011588166
0.1,3,100,1,CQHR,Gaussian,cqr,native,0.5,100.0,3,3.4751975168420284,21.348809402662138,46.17281632216626
0.1,3,100,1,TSCP_R,Gaussian,cqr,shifted,0.5,100.0,1,4.627487606155158,6.299677915608726,17.2268434373726
0.1,3,100,1,TSCP_R,Gaussian,cqr,shifted,0.5,100.0,2,4.52836322041175,5.702266996468865,15.932897213349493
0.1,3,100,1,TSCP_R,Gaussian,cqr,shifted,0.5,100.0,3,3.4751975168420284,3.7679314404927595,11.01106039782756
0.1,3,100,1,TSCP_GWC,Gaussian,cqr,shifted,0.5,100.0,1,4.627487606155158,6.299677915608726,17.2268434373726
0.1,3,100,1,TSCP_GWC,Gaussian,cqr,shifted,0.5,100.0,2,4.52836322041175,5.702266996468865,15.932897213349493
0.1,3,100,1,TSCP_GWC,Gaussian,cqr,shifted,0.5,100.0,3,3.4751975168420284,3.7679314404927595,11.01106039782756
0.1,3,100,1,Unscaled,Gaussian,cqr,raw,0.5,100.0,1,4.627487606155158,5.430477504246511,15.488442614648177
0.1,3,100,1,Unscaled,Gaussian,cqr,raw,0.5,100.0,2,4.52836322041175,5.430477504246511,15.389318228904777
0.1,3,100,1,Unscaled,Gaussian,cqr,raw,0.5,100.0,3,3.4751975168420284,5.430477504246511,14.33615252533505
0.1,3,100,1,Empirical_copula,Gaussian,cqr,raw,0.5,100.0,1,4.627487606155158,5.430477504167818,15.488442614490799
0.1,3,100,1,Empirical_copula,Gaussian,cqr,raw,0.5,100.0,2,4.52836322041175,6.107404775953835,16.74317277231942
0.1,3,100,1,Empirical_copula,Gaussian,cqr,raw,0.5,100.0,3,3.4751975168420284,4.411363041044556,12.29792359893113
0.1,3,100,2,CQHR,Gaussian,cqr,native,0.5,100.0,1,4.809761652361764,12.786342812248943,30.382447276859462
0.1,3,100,2,CQHR,Gaussian,cqr,native,0.5,100.0,2,4.203716053455974,13.541064723154227,31.285845499764413
0.1,3,100,2,CQHR,Gaussian,cqr,native,0.5,100.0,3,3.3064248506538716,10.13807091205282,23.582566674759494
0.1,3,100,2,TSCP_R,Gaussian,cqr,shifted,0.5,100.0,1,4.809761652361764,5.649974305693007,16.10971026374779
0.1,3,100,2,TSCP_R,Gaussian,cqr,shifted,0.5,100.0,2,4.203716053455974,5.816590919000518,15.836897891456989
0.1,3,100,2,TSCP_R,Gaussian,cqr,shifted,0.5,100.0,3,3.3064248506538716,4.2067152768664755,11.719855404386816
0.1,3,100,2,TSCP_GWC,Gaussian,cqr,shifted,0.5,100.0,1,4.809761652361764,5.649974305693007,16.10971026374779
0.1,3,100,2,TSCP_GWC,Gaussian,cqr,shifted,0.5,100.0,2,4.203716053455974,5.816590919000518,15.836897891456989
0.1,3,100,2,TSCP_GWC,Gaussian,cqr,shifted,0.5,100.0,3,3.3064248506538716,4.2067152768664755,11.719855404386816
0.1,3,100,2,Unscaled,Gaussian,cqr,raw,0.5,100.0,1,4.809761652361764,4.957914363330205,14.725590379022169
0.1,3,100,2,Unscaled,Gaussian,cqr,raw,0.5,100.0,2,4.203716053455974,4.957914363330205,14.1195447801164
0.1,3,100,2,Unscaled,Gaussian,cqr,raw,0.5,100.0,3,3.3064248506538716,4.957914363330205,13.222253577314286
0.1,3,100,2,Empirical_copula,Gaussian,cqr,raw,0.5,100.0,1,4.809761652361764,6.266267522168405,17.342296696698575
0.1,3,100,2,Empirical_copula,Gaussian,cqr,raw,0.5,100.0,2,4.203716053455974,4.957914363264013,14.119544779983993
0.1,3,100,2,Empirical_copula,Gaussian,cqr,raw,0.5,100.0,3,3.3064248506538716,3.867116629067926,11.040658108789732
0.1,3,100,3,CQHR,Gaussian,cqr,native,0.5,100.0,1,4.488759120152995,7.624241505236261,19.737242130625617
0.1,3,100,3,CQHR,Gaussian,cqr,native,0.5,100.0,2,4.509062828615594,11.020048378357906,26.54915958533141
0.1,3,100,3,CQHR,Gaussian,cqr,native,0.5,100.0,3,3.4310473944719235,7.812392715972272,19.055832826416474
0.1,3,100,3,TSCP_R,Gaussian,cqr,shifted,0.5,100.0,1,4.488759120152995,6.067057955154581,16.622875030462147
0.1,3,100,3,TSCP_R,Gaussian,cqr,shifted,0.5,100.0,2,4.509062828615594,4.969236663275964,14.447536155167533
0.1,3,100,3,TSCP_R,Gaussian,cqr,shifted,0.5,100.0,3,3.4310473944719235,3.2149963487804456,9.861040092032813
0.1,3,100,3,TSCP_GWC,Gaussian,cqr,shifted,0.5,100.0,1,4.488759120152995,6.067057955154581,16.622875030462147
0.1,3,100,3,TSCP_GWC,Gaussian,cqr,shifted,0.5,100.0,2,4.509062828615594,4.969236663275964,14.447536155167533
0.1,3,100,3,TSCP_GWC,Gaussian,cqr,shifted,0.5,100.0,3,3.4310473944719235,3.2149963487804456,9.861040092032813
0.1,3,100,3,Unscaled,Gaussian,cqr,raw,0.5,100.0,1,4.488759120152995,5.483044874197739,15.45484886854847
0.1,3,100,3,Unscaled,Gaussian,cqr,raw,0.5,100.0,2,4.509062828615594,5.483044874197739,15.475152577011055
0.1,3,100,3,Unscaled,Gaussian,cqr,raw,0.5,100.0,3,3.4310473944719235,5.483044874197739,14.397137142867395
0.1,3,100,3,Empirical_copula,Gaussian,cqr,raw,0.5,100.0,1,4.488759120152995,5.891775074067932,16.27230926828885
0.1,3,100,3,Empirical_copula,Gaussian,cqr,raw,0.5,100.0,2,4.509062828615594,5.247881856262868,15.004826541141346
0.1,3,100,3,Empirical_copula,Gaussian,cqr,raw,0.5,100.0,3,3.4310473944719235,3.014807430042673,9.460662254557278
0.1,3,100,4,CQHR,Gaussian,cqr,native,0.5,100.0,1,4.836870550633614,24.637648159263737,54.11216686916146
0.1,3,100,4,CQHR,Gaussian,cqr,native,0.5,100.0,2,4.533668525005404,29.374750165250518,63.283168855506375
0.1,3,100,4,CQHR,Gaussian,cqr,native,0.5,100.0,3,3.584827510278618,21.87101601116902,47.326859532616666
0.1,3,100,4,TSCP_R,Gaussian,cqr,shifted,0.5,100.0,1,4.836870550633614,6.233702599651863,17.304275749937332
0.1,3,100,4,TSCP_R,Gaussian,cqr,shifted,0.5,100.0,2,4.533668525005404,5.431514662535278,15.396697850075943
0.1,3,100,4,TSCP_R,Gaussian,cqr,shifted,0.5,100.0,3,3.584827510278618,4.459099977764168,12.503027465806952
0.1,3,100,4,TSCP_GWC,Gaussian,cqr,shifted,0.5,100.0,1,4.836870550633614,6.233702599651863,17.304275749937332
0.1,3,100,4,TSCP_GWC,Gaussian,cqr,shifted,0.5,100.0,2,4.533668525005404,5.431514662535278,15.396697850075943
0.1,3,100,4,TSCP_GWC,Gaussian,cqr,shifted,0.5,100.0,3,3.584827510278618,4.459099977764168,12.503027465806952
0.1,3,100,4,Unscaled,Gaussian,cqr,raw,0.5,100.0,1,4.836870550633614,5.518325524928314,15.873521600490239
0.1,3,100,4,Unscaled,Gaussian,cqr,raw,0.5,100.0,2,4.533668525005404,5.518325524928314,15.570319574862024
0.1,3,100,4,Unscaled,Gaussian,cqr,raw,0.5,100.0,3,3.584827510278618,5.518325524928314,14.621478560135245
0.1,3,100,4,Empirical_copula,Gaussian,cqr,raw,0.5,100.0,1,4.836870550633614,6.869922659871513,18.576715870376617
0.1,3,100,4,Empirical_copula,Gaussian,cqr,raw,0.5,100.0,2,4.533668525005404,5.26170421768167,15.057076960368759
0.1,3,100,4,Empirical_copula,Gaussian,cqr,raw,0.5,100.0,3,3.584827510278618,3.8396709906679334,11.264169491614469
0.1,3,100,5,CQHR,Gaussian,cqr,native,0.5,100.0,1,4.611542320069376,15.79682766372132,36.205197647511945
0.1,3,100,5,CQHR,Gaussian,cqr,native,0.5,100.0,2,4.143156274276559,23.975962024585176,52.0950803234469
0.1,3,100,5,CQHR,Gaussian,cqr,native,0.5,100.0,3,3.4226055846517975,15.233495873741653,33.889597332135075
0.1,3,100,5,TSCP_R,Gaussian,cqr,shifted,0.5,100.0,1,4.611542320069376,5.269004475564316,15.149551271198
0.1,3,100,5,TSCP_R,Gaussian,cqr,shifted,0.5,100.0,2,4.143156274276559,5.032773098413159,14.208702471102873
0.1,3,100,5,TSCP_R,Gaussian,cqr,shifted,0.5,100.0,3,3.4226055846517975,4.233212926709385,11.88903143807058
0.1,3,100,5,TSCP_GWC,Gaussian,cqr,shifted,0.5,100.0,1,4.611542320069376,5.269004475564316,15.149551271198
0.1,3,100,5,TSCP_GWC,Gaussian,cqr,shifted,0.5,100.0,2,4.143156274276559,5.032773098413159,14.208702471102873
0.1,3,100,5,TSCP_GWC,Gaussian,cqr,shifted,0.5,100.0,3,3.4226055846517975,4.233212926709385,11.88903143807058
0.1,3,100,5,Unscaled,Gaussian,cqr,raw,0.5,100.0,1,4.611542320069376,4.8789601367163264,14.369462593502012
0.1,3,100,5,Unscaled,Gaussian,cqr,raw,0.5,100.0,2,4.143156274276559,4.8789601367163264,13.901076547709211
0.1,3,100,5,Unscaled,Gaussian,cqr,raw,0.5,100.0,3,3.4226055846517975,4.8789601367163264,13.180525858084446
0.1,3,100,5,Empirical_copula,Gaussian,cqr,raw,0.5,100.0,1,4.611542320069376,4.90117661808371,14.413895556236794
0.1,3,100,5,Empirical_copula,Gaussian,cqr,raw,0.5,100.0,2,4.143156274276559,4.878960136685931,13.901076547648424
0.1,3,100,5,Empirical_copula,Gaussian,cqr,raw,0.5,100.0,3,3.4226055846517975,4.861688115576208,13.1459818158042
0.1,3,100,6,CQHR,Gaussian,cqr,native,0.5,100.0,1,4.68393288105522,12.060689351748612,28.805311584552364
0.1,3,100,6,CQHR,Gaussian,cqr,native,0.5,100.0,2,4.436967915808118,16.304910012125518,37.04678794005916
0.1,3,100,6,CQHR,Gaussian,cqr,native,0.5,100.0,3,3.409135282457862,11.203513945327602,25.816163173113093
0.1,3,100,6,TSCP_R,Gaussian,cqr,shifted,0.5,100.0,1,4.68393288105522,5.397273030256997,15.47847894156922
0.1,3,100,6,TSCP_R,Gaussian,cqr,shifted,0.5,100.0,2,4.436967915808118,4.960581401213275,14.358130718234676
0.1,3,100,6,TSCP_R,Gaussian,cqr,shifted,0.5,100.0,3,3.409135282457862,3.6833713122538256,10.77587790696551
0.1,3,100,6,TSCP_GWC,Gaussian,cqr,shifted,0.5,100.0,1,4.68393288105522,5.397273030256997,15.47847894156922
0.1,3,100,6,TSCP_GWC,Gaussian,cqr,shifted,0.5,100.0,2,4.436967915808118,4.960581401213275,14.358130718234676
0.1,3,100,6,TSCP_GWC,Gaussian,cqr,shifted,0.5,100.0,3,3.409135282457862,3.6833713122538256,10.77587790696551
0.1,3,100,6,Unscaled,Gaussian,cqr,raw,0.5,100.0,1,4.68393288105522,4.719832305638906,14.123597492333031
0.1,3,100,6,Unscaled,Gaussian,cqr,raw,0.5,100.0,2,4.436967915808118,4.719832305638906,13.876632527085922
0.1,3,100,6,Unscaled,Gaussian,cqr,raw,0.5,100.0,3,3.409135282457862,4.719832305638906,12.848799893735675
0.1,3,100,6,Empirical_copula,Gaussian,cqr,raw,0.5,100.0,1,4.68393288105522,4.761840758846748,14.207614398748717
0.1,3,100,6,Empirical_copula,Gaussian,cqr,raw,0.5,100.0,2,4.436967915808118,4.815446239545925,14.067860394899975
0.1,3,100,6,Empirical_copula,Gaussian,cqr,raw,0.5,100.0,3,3.409135282457862,3.717342837951385,10.843820958360629
0.1,3,100,7,CQHR,Gaussian,cqr,native,0.5,100.0,1,4.793587662095261,8.520504796993368,21.834597256082127
0.1,3,100,7,CQHR,Gaussian,cqr,native,0.5,100.0,2,4.288407522975972,12.892823923383443,30.074055369742855
0.1,3,100,7,CQHR,Gaussian,cqr,native,0.5,100.0,3,3.4062808536129916,8.55445054005079,20.51518193371454
0.1,3,100,7,TSCP_R,Gaussian,cqr,shifted,0.5,100.0,1,4.793587662095261,6.216854878299742,17.22729741869475
0.1,3,100,7,TSCP_R,Gaussian,cqr,shifted,0.5,100.0,2,4.288407522975972,4.67041563747658,13.629238797929133
0.1,3,100,7,TSCP_R,Gaussian,cqr,shifted,0.5,100.0,3,3.4062808536129916,2.195237027661193,7.79675490893538
0.1,3,100,7,TSCP_GWC,Gaussian,cqr,shifted,0.5,100.0,1,4.793587662095261,6.216854878299742,17.22729741869475
0.1,3,100,7,TSCP_GWC,Gaussian,cqr,shifted,0.5,100.0,2,4.288407522975972,4.67041563747658,13.629238797929133
0.1,3,100,7,TSCP_GWC,Gaussian,cqr,shifted,0.5,100.0,3,3.4062808536129916,2.195237027661193,7.79675490893538
0.1,3,100,7,Unscaled,Gaussian,cqr,raw,0.5,100.0,1,4.793587662095261,5.333613754915099,15.460815171925441
0.1,3,100,7,Unscaled,Gaussian,cqr,raw,0.5,100.0,2,4.288407522975972,5.333613754915099,14.955635032806173
0.1,3,100,7,Unscaled,Gaussian,cqr,raw,0.5,100.0,3,3.4062808536129916,5.333613754915099,14.073508363443189
0.1,3,100,7,Empirical_copula,Gaussian,cqr,raw,0.5,100.0,1,4.793587662095261,7.895845519591308,20.585278701277865
0.1,3,100,7,Empirical_copula,Gaussian,cqr,raw,0.5,100.0,2,4.288407522975972,4.424735174424169,13.137877871824312
0.1,3,100,7,Empirical_copula,Gaussian,cqr,raw,0.5,100.0,3,3.4062808536129916,2.065085111943846,7.536451077500693
0.1,3,100,8,CQHR,Gaussian,cqr,native,0.5,100.0,1,4.53703436576701,8.775750274886091,22.08853491553915
0.1,3,100,8,CQHR,Gaussian,cqr,native,0.5,100.0,2,4.508607728869746,16.404988977545692,37.3185856839611
0.1,3,100,8,CQHR,Gaussian,cqr,native,0.5,100.0,3,3.3585038851342754,10.337591313055432,24.033686511245147
0.1,3,100,8,TSCP_R,Gaussian,cqr,shifted,0.5,100.0,1,4.53703436576701,7.1046992676252785,18.746432901017574
0.1,3,100,8,TSCP_R,Gaussian,cqr,shifted,0.5,100.0,2,4.508607728869746,7.3530203793227855,19.214648487515312
0.1,3,100,8,TSCP_R,Gaussian,cqr,shifted,0.5,100.0,3,3.3585038851342754,4.596125534799867,12.550754954734012
0.1,3,100,8,TSCP_GWC,Gaussian,cqr,shifted,0.5,100.0,1,4.53703436576701,7.1046992676252785,18.746432901017574
0.1,3,100,8,TSCP_GWC,Gaussian,cqr,shifted,0.5,100.0,2,4.508607728869746,7.3530203793227855,19.214648487515312
0.1,3,100,8,TSCP_GWC,Gaussian,cqr,shifted,0.5,100.0,3,3.3585038851342754,4.596125534799867,12.550754954734012
0.1,3,100,8,Unscaled,Gaussian,cqr,raw,0.5,100.0,1,4.53703436576701,6.000246161466613,16.537526688700243
0.1,3,100,8,Unscaled,Gaussian,cqr,raw,0.5,100.0,2,4.508607728869746,6.000246161466613,16.50910005180297
0.1,3,100,8,Unscaled,Gaussian,cqr,raw,0.5,100.0,3,3.3585038851342754,6.000246161466613,15.358996208067511
0.1,3,100,8,Empirical_copula,Gaussian,cqr,raw,0.5,100.0,1,4.53703436576701,6.860497393269773,18.258029152306563
0.1,3,100,8,Empirical_copula,Gaussian,cqr,raw,0.5,100.0,2,4.508607728869746,5.704867528999216,15.918342786868168
0.1,3,100,8,Empirical_copula,Gaussian,cqr,raw,0.5,100.0,3,3.3585038851342754,2.921943158213651,9.202390201561572
0.1,3,100,9,CQHR,Gaussian,cqr,native,0.5,100.0,1,4.729780730533523,16.01448653111579,36.758753792764864
0.1,3,100,9,CQHR,Gaussian,cqr,native,0.5,100.0,2,4.562915295547008,22.511657514820758,49.5862303251885
0.1,3,100,9,CQHR,Gaussian,cqr,native,0.5,100.0,3,3.5937788834178788,16.896116452445757,37.386011788309375
0.1,3,100,9,TSCP_R,Gaussian,cqr,shifted,0.5,100.0,1,4.729780730533523,7.2006140978100746,19.1310089261537
0.1,3,100,9,TSCP_R,Gaussian,cqr,shifted,0.5,100.0,2,4.562915295547008,5.877048390784722,16.317012077116445
0.1,3,100,9,TSCP_R,Gaussian,cqr,shifted,0.5,100.0,3,3.5937788834178788,3.961559833870737,11.516898551159363
0.1,3,100,9,TSCP_GWC,Gaussian,cqr,shifted,0.5,100.0,1,4.729780730533523,7.2006140978100746,19.1310089261537
0.1,3,100,9,TSCP_GWC,Gaussian,cqr,shifted,0.5,100.0,2,4.562915295547008,5.877048390784722,16.317012077116445
0.1,3,100,9,TSCP_GWC,Gaussian,cqr,shifted,0.5,100.0,3,3.5937788834178788,3.961559833870737,11.516898551159363
0.1,3,100,9,Unscaled,Gaussian,cqr,raw,0.5,100.0,1,4.729780730533523,6.116269713081782,16.962320156697082
0.1,3,100,9,Unscaled,Gaussian,cqr,raw,0.5,100.0,2,4.562915295547008,6.116269713081782,16.795454721710573
0.1,3,100,9,Unscaled,Gaussian,cqr,raw,0.5,100.0,3,3.5937788834178788,6.116269713081782,15.826318309581444
0.1,3,100,9,Empirical_copula,Gaussian,cqr,raw,0.5,100.0,1,4.729780730533523,6.996138101513145,18.722056933559823
0.1,3,100,9,Empirical_copula,Gaussian,cqr,raw,0.5,100.0,2,4.562915295547008,5.5139787298785805,15.590872755304165
0.1,3,100,9,Empirical_copula,Gaussian,cqr,raw,0.5,100.0,3,3.5937788834178788,3.022267051794092,9.638312987006062
0.1,3,100,10,CQHR,Gaussian,cqr,native,0.5,100.0,1,4.813655601593926,13.284188364811419,31.38203233121659
0.1,3,100,10,CQHR,Gaussian,cqr,native,0.5,100.0,2,4.402385440019014,18.114398282519478,40.63118200505792
0.1,3,100,10,CQHR,Gaussian,cqr,native,0.5,100.0,3,3.4903487365240977,13.818413806522726,31.127176349569556
0.1,3,100,10,TSCP_R,Gaussian,cqr,shifted,0.5,100.0,1,4.813655601593926,4.398516658256668,13.610688918107266
0.1,3,100,10,TSCP_R,Gaussian,cqr,shifted,0.5,100.0,2,4.402385440019014,5.253529025365566,14.909443490750137
0.1,3,100,10,TSCP_R,Gaussian,cqr,shifted,0.5,100.0,3,3.4903487365240977,4.508446527697885,12.507241791919874
0.1,3,100,10,TSCP_GWC,Gaussian,cqr,shifted,0.5,100.0,1,4.813655601593926,4.398516658256668,13.610688918107266
0.1,3,100,10,TSCP_GWC,Gaussian,cqr,shifted,0.5,100.0,2,4.402385440019014,5.253529025365566,14.909443490750137
0.1,3,100,10,TSCP_GWC,Gaussian,cqr,shifted,0.5,100.0,3,3.4903487365240977,4.508446527697885,12.507241791919874
0.1,3,100,10,Unscaled,Gaussian,cqr,raw,0.5,100.0,1,4.813655601593926,4.7670360519274055,14.347727705448728
0.1,3,100,10,Unscaled,Gaussian,cqr,raw,0.5,100.0,2,4.402385440019014,4.7670360519274055,13.936457543873825
0.1,3,100,10,Unscaled,Gaussian,cqr,raw,0.5,100.0,3,3.4903487365240977,4.7670360519274055,13.02442084037891
0.1,3,100,10,Empirical_copula,Gaussian,cqr,raw,0.5,100.0,1,4.813655601593926,4.627659292917565,14.068974187429058
0.1,3,100,10,Empirical_copula,Gaussian,cqr,raw,0.5,100.0,2,4.402385440019014,4.767036051914413,13.936457543847837
0.1,3,100,10,Empirical_copula,Gaussian,cqr,raw,0.5,100.0,3,3.4903487365240977,3.668797371030063,10.827943478584222
0.1,3,100,11,CQHR,Gaussian,cqr,native,0.5,100.0,1,4.572893382238377,10.069722479240472,24.71233834071941
0.1,3,100,11,CQHR,Gaussian,cqr,native,0.5,100.0,2,4.4490905615417065,13.998252466449442,32.44559549444057
0.1,3,100,11,CQHR,Gaussian,cqr,native,0.5,100.0,3,3.259661068288323,9.909821609428134,23.079304287144595
0.1,3,100,11,TSCP_R,Gaussian,cqr,shifted,0.5,100.0,1,4.572893382238377,4.368008036709398,13.308909455657178
0.1,3,100,11,TSCP_R,Gaussian,cqr,shifted,0.5,100.0,2,4.4490905615417065,5.049150590106748,14.547391741755213
0.1,3,100,11,TSCP_R,Gaussian,cqr,shifted,0.5,100.0,3,3.259661068288323,2.8592098532503343,8.978080774788983
0.1,3,100,11,TSCP_GWC,Gaussian,cqr,shifted,0.5,100.0,1,4.572893382238377,4.368008036709398,13.308909455657178
0.1,3,100,11,TSCP_GWC,Gaussian,cqr,shifted,0.5,100.0,2,4.4490905615417065,5.049150590106748,14.547391741755213
0.1,3,100,11,TSCP_GWC,Gaussian,cqr,shifted,0.5,100.0,3,3.259661068288323,2.8592098532503343,8.978080774788983
0.1,3,100,11,Unscaled,Gaussian,cqr,raw,0.5,100.0,1,4.572893382238377,4.029377505997232,12.631648394232842
0.1,3,100,11,Unscaled,Gaussian,cqr,raw,0.5,100.0,2,4.4490905615417065,4.029377505997232,12.507845573536173
0.1,3,100,11,Unscaled,Gaussian,cqr,raw,0.5,100.0,3,3.259661068288323,4.029377505997232,11.31841608028278
0.1,3,100,11,Empirical_copula,Gaussian,cqr,raw,0.5,100.0,1,4.572893382238377,4.124791941767175,12.822477265772733
0.1,3,100,11,Empirical_copula,Gaussian,cqr,raw,0.5,100.0,2,4.4490905615417065,4.616995949559115,13.683082460659937
0.1,3,100,11,Empirical_copula,Gaussian,cqr,raw,0.5,100.0,3,3.259661068288323,2.805196010596731,8.870053089481777
0.1,3,100,12,CQHR,Gaussian,cqr,native,0.5,100.0,1,4.822499529141874,22.302004177264664,49.42650788367075
0.1,3,100,12,CQHR,Gaussian,cqr,native,0.5,100.0,2,4.281306995889299,69.17190887934012,142.62512475456944
0.1,3,100,12,CQHR,Gaussian,cqr,native,0.5,100.0,3,3.3445327569157413,37.90003700082159,79.14460675855898
0.1,3,100,12,TSCP_R,Gaussian,cqr,shifted,0.5,100.0,1,4.822499529141874,5.275484731287563,15.373468991716999
0.1,3,100,12,TSCP_R,Gaussian,cqr,shifted,0.5,100.0,2,4.281306995889299,5.685482553041382,15.652272101972084
0.1,3,100,12,TSCP_R,Gaussian,cqr,shifted,0.5,100.0,3,3.3445327569157413,4.0981412791850715,11.540815315285883
0.1,3,100,12,TSCP_GWC,Gaussian,cqr,shifted,0.5,100.0,1,4.822499529141874,5.275484731287563,15.373468991716999
0.1,3,100,12,TSCP_GWC,Gaussian,cqr,shifted,0.5,100.0,2,4.281306995889299,5.685482553041382,15.652272101972084
0.1,3,100,12,TSCP_GWC,Gaussian,cqr,shifted,0.5,100.0,3,3.3445327569157413,4.0981412791850715,11.540815315285883
0.1,3,100,12,Unscaled,Gaussian,cqr,raw,0.5,100.0,1,4.822499529141874,4.827631204392592,14.477761937927038
0.1,3,100,12,Unscaled,Gaussian,cqr,raw,0.5,100.0,2,4.281306995889299,4.827631204392592,13.936569404674488
0.1,3,100,12,Unscaled,Gaussian,cqr,raw,0.5,100.0,3,3.3445327569157413,4.827631204392592,12.999795165700917
0.1,3,100,12,Empirical_copula,Gaussian,cqr,raw,0.5,100.0,1,4.822499529141874,4.827631204325611,14.477761937793094
0.1,3,100,12,Empirical_copula,Gaussian,cqr,raw,0.5,100.0,2,4.281306995889299,5.575158682686152,15.431624361261605
0.1,3,100,12,Empirical_copula,Gaussian,cqr,raw,0.5,100.0,3,3.3445327569157413,3.989466352663797,11.323465462243332
0.1,3,100,13,CQHR,Gaussian,cqr,native,0.5,100.0,1,4.8737789214853535,12.496408183308441,29.866595288102076
0.1,3,100,13,CQHR,Gaussian,cqr,native,0.5,100.0,2,4.376614045535784,18.607504605374206,41.59162325628421
0.1,3,100,13,CQHR,Gaussian,cqr,native,0.5,100.0,3,3.3936988859747608,14.993287936566036,33.38027475910681
0.1,3,100,13,TSCP_R,Gaussian,cqr,shifted,0.5,100.0,1,4.8737789214853535,4.974403883539182,14.822586688563717
0.1,3,100,13,TSCP_R,Gaussian,cqr,shifted,0.5,100.0,2,4.376614045535784,5.170711887630361,14.718037820796523
0.1,3,100,13,TSCP_R,Gaussian,cqr,shifted,0.5,100.0,3,3.3936988859747608,3.902238657955735,11.198176201886225
0.1,3,100,13,TSCP_GWC,Gaussian,cqr,shifted,0.5,100.0,1,4.8737789214853535,4.974403883539182,14.822586688563717
0.1,3,100,13,TSCP_GWC,Gaussian,cqr,shifted,0.5,100.0,2,4.376614045535784,5.170711887630361,14.718037820796523
0.1,3,100,13,TSCP_GWC,Gaussian,cqr,shifted,0.5,100.0,3,3.3936988859747608,3.902238657955735,11.198176201886225
0.1,3,100,13,Unscaled,Gaussian,cqr,raw,0.5,100.0,1,4.8737789214853535,4.831602264986927,14.536983451459216
0.1,3,100,13,Unscaled,Gaussian,cqr,raw,0.5,100.0,2,4.376614045535784,4.831602264986927,14.039818575509626
0.1,3,100,13,Unscaled,Gaussian,cqr,raw,0.5,100.0,3,3.3936988859747608,4.831602264986927,13.056903415948625
0.1,3,100,13,Empirical_copula,Gaussian,cqr,raw,0.5,100.0,1,4.8737789214853535,4.824748611149019,14.523276143783402
0.1,3,100,13,Empirical_copula,Gaussian,cqr,raw,0.5,100.0,2,4.376614045535784,5.022608601098515,14.421831247732813
0.1,3,100,13,Empirical_copula,Gaussian,cqr,raw,0.5,100.0,3,3.3936988859747608,3.4769063195984025,10.347511525171551
0.1,3,100,14,CQHR,Gaussian,cqr,native,0.5,100.0,1,4.70619810339295,18.0040814438611,40.71436099111516
0.1,3,100,14,CQHR,Gaussian,cqr,native,0.5,100.0,2,4.440661898464211,28.68056536600062,61.80179263046543
0.1,3,100,14,CQHR,Gaussian,cqr,native,0.5,100.0,3,3.650732549128461,21.29974684237686,46.250226233882195
0.1,3,100,14,TSCP_R,Gaussian,cqr,shifted,0.5,100.0,1,4.70619810339295,6.682798591043664,18.07179528548029
0.1,3,100,14,TSCP_R,Gaussian,cqr,shifted,0.5,100.0,2,4.440661898464211,4.6339293173763565,13.708520533216918
0.1,3,100,14,TSCP_R,Gaussian,cqr,shifted,0.5,100.0,3,3.650732549128461,3.6873121092024945,11.025356767533445
0.1,3,100,14,TSCP_GWC,Gaussian,cqr,shifted,0.5,100.0,1,4.70619810339295,6.682798591043664,18.07179528548029
0.1,3,100,14,TSCP_GWC,Gaussian,cqr,shifted,0.5,100.0,2,4.440661898464211,4.6339293173763565,13.708520533216918
0.1,3,100,14,TSCP_GWC,Gaussian,cqr,shifted,0.5,100.0,3,3.650732549128461,3.6873121092024945,11.025356767533445
0.1,3,100,14,Unscaled,Gaussian,cqr,raw,0.5,100.0,1,4.70619810339295,5.185805177491411,15.077808458375767
0.1,3,100,14,Unscaled,Gaussian,cqr,raw,0.5,100.0,2,4.440661898464211,5.185805177491411,14.812272253447032
0.1,3,100,14,Unscaled,Gaussian,cqr,raw,0.5,100.0,3,3.650732549128461,5.185805177491411,14.022342904111285
0.1,3,100,14,Empirical_copula,Gaussian,cqr,raw,0.5,100.0,1,4.70619810339295,5.894231980826825,16.494662065046565
0.1,3,100,14,Empirical_copula,Gaussian,cqr,raw,0.5,100.0,2,4.440661898464211,4.24712773900559,12.934917376475395
0.1,3,100,14,Empirical_copula,Gaussian,cqr,raw,0.5,100.0,3,3.650732549128461,4.089867021399882,11.830466591928227
0.1,3,100,15,CQHR,Gaussian,cqr,native,0.5,100.0,1,4.634047362095153,14.87725873293212,34.38856482795937
0.1,3,100,15,CQHR,Gaussian,cqr,native,0.5,100.0,2,4.340641523008476,22.47918652579844,49.29901457460539
0.1,3,100,15,CQHR,Gaussian,cqr,native,0.5,100.0,3,3.5591358384405893,17.52971213169064,38.61856010182186
0.1,3,100,15,TSCP_R,Gaussian,cqr,shifted,0.5,100.0,1,4.634047362095153,5.738423146704974,16.110893655505098
0.1,3,100,15,TSCP_R,Gaussian,cqr,shifted,0.5,100.0,2,4.340641523008476,4.811109636457601,13.962860795923683
0.1,3,100,15,TSCP_R,Gaussian,cqr,shifted,0.5,100.0,3,3.5591358384405893,3.86484392145249,11.288823681345553
0.1,3,100,15,TSCP_GWC,Gaussian,cqr,shifted,0.5,100.0,1,4.634047362095153,5.738423146704974,16.110893655505098
0.1,3,100,15,TSCP_GWC,Gaussian,cqr,shifted,0.5,100.0,2,4.340641523008476,4.811109636457601,13.962860795923683
0.1,3,100,15,TSCP_GWC,Gaussian,cqr,shifted,0.5,100.0,3,3.5591358384405893,3.86484392145249,11.288823681345553
0.1,3,100,15,Unscaled,Gaussian,cqr,raw,0.5,100.0,1,4.634047362095153,4.820397779745566,14.274842921586297
0.1,3,100,15,Unscaled,Gaussian,cqr,raw,0.5,100.0,2,4.340641523008476,4.820397779745566,13.981437082499603
0.1,3,100,15,Unscaled,Gaussian,cqr,raw,0.5,100.0,3,3.5591358384405893,4.820397779745566,13.199931397931717
0.1,3,100,15,Empirical_copula,Gaussian,cqr,raw,0.5,100.0,1,4.634047362095153,5.801547858472269,16.237143079039665
0.1,3,100,15,Empirical_copula,Gaussian,cqr,raw,0.5,100.0,2,4.340641523008476,4.490847811108566,13.322337145225598
0.1,3,100,15,Empirical_copula,Gaussian,cqr,raw,0.5,100.0,3,3.5591358384405893,4.058748892546419,11.67663362353344
0.1,3,100,16,CQHR,Gaussian,cqr,native,0.5,100.0,1,4.82546739489056,13.81299691555813,32.451461226007
0.1,3,100,16,CQHR,Gaussian,cqr,native,0.5,100.0,2,4.6924725285639,22.431688051860128,49.55584863228415
0.1,3,100,16,CQHR,Gaussian,cqr,native,0.5,100.0,3,3.7049860286945804,15.712326962388785,35.12963995347216
0.1,3,100,16,TSCP_R,Gaussian,cqr,shifted,0.5,100.0,1,4.82546739489056,6.061091858451022,16.947651111792606
0.1,3,100,16,TSCP_R,Gaussian,cqr,shifted,0.5,100.0,2,4.6924725285639,5.4415462107223505,15.57556495000861
0.1,3,100,16,TSCP_R,Gaussian,cqr,shifted,0.5,100.0,3,3.7049860286945804,3.6664678855962194,11.037921799887002
0.1,3,100,16,TSCP_GWC,Gaussian,cqr,shifted,0.5,100.0,1,4.82546739489056,6.061091858451022,16.947651111792606
0.1,3,100,16,TSCP_GWC,Gaussian,cqr,shifted,0.5,100.0,2,4.6924725285639,5.4415462107223505,15.57556495000861
0.1,3,100,16,TSCP_GWC,Gaussian,cqr,shifted,0.5,100.0,3,3.7049860286945804,3.6664678855962194,11.037921799887002
0.1,3,100,16,Unscaled,Gaussian,cqr,raw,0.5,100.0,1,4.82546739489056,5.562954864445109,15.951377123780778
0.1,3,100,16,Unscaled,Gaussian,cqr,raw,0.5,100.0,2,4.6924725285639,5.562954864445109,15.818382257454111
0.1,3,100,16,Unscaled,Gaussian,cqr,raw,0.5,100.0,3,3.7049860286945804,5.562954864445109,14.830895757584795
0.1,3,100,16,Empirical_copula,Gaussian,cqr,raw,0.5,100.0,1,4.82546739489056,5.780371194093638,16.38620978307783
0.1,3,100,16,Empirical_copula,Gaussian,cqr,raw,0.5,100.0,2,4.6924725285639,4.619262631163082,13.93099779089007
0.1,3,100,16,Empirical_copula,Gaussian,cqr,raw,0.5,100.0,3,3.7049860286945804,3.3467674257099205,10.398520880114425
0.1,3,100,17,CQHR,Gaussian,cqr,native,0.5,100.0,1,4.97450016699893,15.979122322888218,36.93274481277515
0.1,3,100,17,CQHR,Gaussian,cqr,native,0.5,100.0,2,4.493884232458595,55.53228415546608,115.55845254339064
0.1,3,100,17,CQHR,Gaussian,cqr,native,0.5,100.0,3,3.690520040877326,90.4772124932785,184.6449450274342
0.1,3,100,17,TSCP_R,Gaussian,cqr,shifted,0.5,100.0,1,4.97450016699893,5.498867250057813,15.972234667114547
0.1,3,100,17,TSCP_R,Gaussian,cqr,shifted,0.5,100.0,2,4.493884232458595,4.942478914559018,14.378842061576634
0.1,3,100,17,TSCP_R,Gaussian,cqr,shifted,0.5,100.0,3,3.690520040877326,3.7893299319550238,11.269179904787382
0.1,3,100,17,TSCP_GWC,Gaussian,cqr,shifted,0.5,100.0,1,4.97450016699893,5.498867250057813,15.972234667114547
0.1,3,100,17,TSCP_GWC,Gaussian,cqr,shifted,0.5,100.0,2,4.493884232458595,4.942478914559018,14.378842061576634
0.1,3,100,17,TSCP_GWC,Gaussian,cqr,shifted,0.5,100.0,3,3.690520040877326,3.7893299319550238,11.269179904787382
0.1,3,100,17,Unscaled,Gaussian,cqr,raw,0.5,100.0,1,4.97450016699893,5.067077397616278,15.10865496223148
0.1,3,100,17,Unscaled,Gaussian,cqr,raw,0.5,100.0,2,4.493884232458595,5.067077397616278,14.628039027691148
0.1,3,100,17,Unscaled,Gaussian,cqr,raw,0.5,100.0,3,3.690520040877326,5.067077397616278,13.824674836109871
0.1,3,100,17,Empirical_copula,Gaussian,cqr,raw,0.5,100.0,1,4.97450016699893,5.3531979976006845,15.680896162200295
0.1,3,100,17,Empirical_copula,Gaussian,cqr,raw,0.5,100.0,2,4.493884232458595,4.44652403630692,13.386932305072433
0.1,3,100,17,Empirical_copula,Gaussian,cqr,raw,0.5,100.0,3,3.690520040877326,3.2141050110084457,10.118730062894214
0.1,3,100,18,CQHR,Gaussian,cqr,native,0.5,100.0,1,4.654400891933313,18.201477828023837,41.057356547980675
0.1,3,100,18,CQHR,Gaussian,cqr,native,0.5,100.0,2,4.198358459745608,22.47720380570386,49.152766071153316
0.1,3,100,18,CQHR,Gaussian,cqr,native,0.5,100.0,3,3.258246510446444,17.420996929193635,38.10024036883375
0.1,3,100,18,TSCP_R,Gaussian,cqr,shifted,0.5,100.0,1,4.654400891933313,4.803398124335857,14.261197140605036
0.1,3,100,18,TSCP_R,Gaussian,cqr,shifted,0.5,100.0,2,4.198358459745608,4.605113143141125,13.408584746027875
0.1,3,100,18,TSCP_R,Gaussian,cqr,shifted,0.5,100.0,3,3.258246510446444,2.9994011713245783,9.257048853095604
0.1,3,100,18,TSCP_GWC,Gaussian,cqr,shifted,0.5,100.0,1,4.654400891933313,4.803398124335857,14.261197140605036
0.1,3,100,18,TSCP_GWC,Gaussian,cqr,shifted,0.5,100.0,2,4.198358459745608,4.605113143141125,13.408584746027875
0.1,3,100,18,TSCP_GWC,Gaussian,cqr,shifted,0.5,100.0,3,3.258246510446444,2.9994011713245783,9.257048853095604
0.1,3,100,18,Unscaled,Gaussian,cqr,raw,0.5,100.0,1,4.654400891933313,4.4890458119313745,13.632492515796061
0.1,3,100,18,Unscaled,Gaussian,cqr,raw,0.5,100.0,2,4.198358459745608,4.4890458119313745,13.176450083608358
0.1,3,100,18,Unscaled,Gaussian,cqr,raw,0.5,100.0,3,3.258246510446444,4.4890458119313745,12.236338134309202
0.1,3,100,18,Empirical_copula,Gaussian,cqr,raw,0.5,100.0,1,4.654400891933313,4.836171807577765,14.326744507088833
0.1,3,100,18,Empirical_copula,Gaussian,cqr,raw,0.5,100.0,2,4.198358459745608,4.935321034214649,14.069000528174907
0.1,3,100,18,Empirical_copula,Gaussian,cqr,raw,0.5,100.0,3,3.258246510446444,2.6774580093725935,8.61316252919163
0.1,3,100,19,CQHR,Gaussian,cqr,native,0.5,100.0,1,4.991779203323092,16.557900569956477,38.107580343236066
0.1,3,100,19,CQHR,Gaussian,cqr,native,0.5,100.0,2,4.3879048424452884,18.973549514331122,42.33500387110758
0.1,3,100,19,CQHR,Gaussian,cqr,native,0.5,100.0,3,3.585941849284553,14.320116106249612,32.22617406178378
0.1,3,100,19,TSCP_R,Gaussian,cqr,shifted,0.5,100.0,1,4.991779203323092,5.333276723987652,15.658332651298391
0.1,3,100,19,TSCP_R,Gaussian,cqr,shifted,0.5,100.0,2,4.3879048424452884,5.553976350421479,15.495857543288238
0.1,3,100,19,TSCP_R,Gaussian,cqr,shifted,0.5,100.0,3,3.585941849284553,3.0353983470490107,9.656738543382573
0.1,3,100,19,TSCP_GWC,Gaussian,cqr,shifted,0.5,100.0,1,4.991779203323092,5.333276723987652,15.658332651298391
0.1,3,100,19,TSCP_GWC,Gaussian,cqr,shifted,0.5,100.0,2,4.3879048424452884,5.553976350421479,15.495857543288238
0.1,3,100,19,TSCP_GWC,Gaussian,cqr,shifted,0.5,100.0,3,3.585941849284553,3.0353983470490107,9.656738543382573
0.1,3,100,19,Unscaled,Gaussian,cqr,raw,0.5,100.0,1,4.991779203323092,5.138184435050451,15.268148073423985
0.1,3,100,19,Unscaled,Gaussian,cqr,raw,0.5,100.0,2,4.3879048424452884,5.138184435050451,14.664273712546214
0.1,3,100,19,Unscaled,Gaussian,cqr,raw,0.5,100.0,3,3.585941849284553,5.138184435050451,13.862310719385448
0.1,3,100,19,Empirical_copula,Gaussian,cqr,raw,0.5,100.0,1,4.991779203323092,5.138184434987284,15.268148073297658
0.1,3,100,19,Empirical_copula,Gaussian,cqr,raw,0.5,100.0,2,4.3879048424452884,5.613220280365173,15.614345403175646
0.1,3,100,19,Empirical_copula,Gaussian,cqr,raw,0.5,100.0,3,3.585941849284553,2.8097870463725236,9.205515942029605
0.1,3,100,20,CQHR,Gaussian,cqr,native,0.5,100.0,1,4.620681299467463,11.05125098288408,26.72318326523556
0.1,3,100,20,CQHR,Gaussian,cqr,native,0.5,100.0,2,4.4331581464209435,14.891779211483477,34.216716569387884
0.1,3,100,20,CQHR,Gaussian,cqr,native,0.5,100.0,3,3.3569102708957614,11.44757515070845,26.25206057231267
0.1,3,100,20,TSCP_R,Gaussian,cqr,shifted,0.5,100.0,1,4.620681299467463,5.6159087758380934,15.852498851143679
0.1,3,100,20,TSCP_R,Gaussian,cqr,shifted,0.5,100.0,2,4.4331581464209435,5.768275942696121,15.96971003181322
0.1,3,100,20,TSCP_R,Gaussian,cqr,shifted,0.5,100.0,3,3.3569102708957614,3.1886191516843496,9.734148574264463
0.1,3,100,20,TSCP_GWC,Gaussian,cqr,shifted,0.5,100.0,1,4.620681299467463,5.6159087758380934,15.852498851143679
0.1,3,100,20,TSCP_GWC,Gaussian,cqr,shifted,0.5,100.0,2,4.4331581464209435,5.768275942696121,15.96971003181322
0.1,3,100,20,TSCP_GWC,Gaussian,cqr,shifted,0.5,100.0,3,3.3569102708957614,3.1886191516843496,9.734148574264463
0.1,3,100,20,Unscaled,Gaussian,cqr,raw,0.5,100.0,1,4.620681299467463,4.8829423643503445,14.386566028168158
0.1,3,100,20,Unscaled,Gaussian,cqr,raw,0.5,100.0,2,4.4331581464209435,4.8829423643503445,14.199042875121634
0.1,3,100,20,Unscaled,Gaussian,cqr,raw,0.5,100.0,3,3.3569102708957614,4.8829423643503445,13.122794999596454
0.1,3,100,20,Empirical_copula,Gaussian,cqr,raw,0.5,100.0,1,4.620681299467463,4.430240859883188,13.481163019233849
0.1,3,100,20,Empirical_copula,Gaussian,cqr,raw,0.5,100.0,2,4.4331581464209435,6.638344439660596,17.709847025742143
0.1,3,100,20,Empirical_copula,Gaussian,cqr,raw,0.5,100.0,3,3.3569102708957614,2.830564852620731,9.018039976137226
0.1,3,100,21,CQHR,Gaussian,cqr,native,0.5,100.0,1,4.707895078732449,11.225386993169897,27.15866906507213
0.1,3,100,21,CQHR,Gaussian,cqr,native,0.5,100.0,2,4.618625651545823,13.702900446883868,32.024426545313574
0.1,3,100,21,CQHR,Gaussian,cqr,native,0.5,100.0,3,3.4100790169064386,9.985148233000452,23.380375482907343
0.1,3,100,21,TSCP_R,Gaussian,cqr,shifted,0.5,100.0,1,4.707895078732449,5.1777448613595,15.06338480145144
0.1,3,100,21,TSCP_R,Gaussian,cqr,shifted,0.5,100.0,2,4.618625651545823,4.213270803957457,13.045167259460728
0.1,3,100,21,TSCP_R,Gaussian,cqr,shifted,0.5,100.0,3,3.4100790169064386,3.1435935511018727,9.697266119110173
0.1,3,100,21,TSCP_GWC,Gaussian,cqr,shifted,0.5,100.0,1,4.707895078732449,5.1777448613595,15.06338480145144
0.1,3,100,21,TSCP_GWC,Gaussian,cqr,shifted,0.5,100.0,2,4.618625651545823,4.213270803957457,13.045167259460728
0.1,3,100,21,TSCP_GWC,Gaussian,cqr,shifted,0.5,100.0,3,3.4100790169064386,3.1435935511018727,9.697266119110173
0.1,3,100,21,Unscaled,Gaussian,cqr,raw,0.5,100.0,1,4.707895078732449,4.11049417352353,12.928883425779505
0.1,3,100,21,Unscaled,Gaussian,cqr,raw,0.5,100.0,2,4.618625651545823,4.11049417352353,12.839613998592894
0.1,3,100,21,Unscaled,Gaussian,cqr,raw,0.5,100.0,3,3.4100790169064386,4.11049417352353,11.631067363953486
0.1,3,100,21,Empirical_copula,Gaussian,cqr,raw,0.5,100.0,1,4.707895078732449,5.398590091630606,15.50507526199365
0.1,3,100,21,Empirical_copula,Gaussian,cqr,raw,0.5,100.0,2,4.618625651545823,4.0902018034466465,12.799029258439141
0.1,3,100,21,Empirical_copula,Gaussian,cqr,raw,0.5,100.0,3,3.4100790169064386,2.496455457450331,8.402989931807095
0.1,3,100,22,CQHR,Gaussian,cqr,native,0.5,100.0,1,4.789002742188546,9.56521749377946,23.919437729747276
0.1,3,100,22,CQHR,Gaussian,cqr,native,0.5,100.0,2,4.298404093495643,12.089561630099087,28.47752735369384
0.1,3,100,22,CQHR,Gaussian,cqr,native,0.5,100.0,3,3.4087432135264737,10.315573286536148,24.039889786598735
0.1,3,100,22,TSCP_R,Gaussian,cqr,shifted,0.5,100.0,1,4.789002742188546,7.799483487134168,20.38796971645688
0.1,3,100,22,TSCP_R,Gaussian,cqr,shifted,0.5,100.0,2,4.298404093495643,5.267276399558199,14.832956892612037
0.1,3,100,22,TSCP_R,Gaussian,cqr,shifted,0.5,100.0,3,3.4087432135264737,4.469989086722023,12.34872138697053
0.1,3,100,22,TSCP_GWC,Gaussian,cqr,shifted,0.5,100.0,1,4.789002742188546,7.799483487134168,20.38796971645688
0.1,3,100,22,TSCP_GWC,Gaussian,cqr,shifted,0.5,100.0,2,4.298404093495643,5.267276399558199,14.832956892612037
0.1,3,100,22,TSCP_GWC,Gaussian,cqr,shifted,0.5,100.0,3,3.4087432135264737,4.469989086722023,12.34872138697053
0.1,3,100,22,Unscaled,Gaussian,cqr,raw,0.5,100.0,1,4.789002742188546,6.145146961164023,17.079296664516576
0.1,3,100,22,Unscaled,Gaussian,cqr,raw,0.5,100.0,2,4.298404093495643,6.145146961164023,16.58869801582371
0.1,3,100,22,Unscaled,Gaussian,cqr,raw,0.5,100.0,3,3.4087432135264737,6.145146961164023,15.699037135854512
0.1,3,100,22,Empirical_copula,Gaussian,cqr,raw,0.5,100.0,1,4.789002742188546,6.931572752119276,18.65214824642711
0.1,3,100,22,Empirical_copula,Gaussian,cqr,raw,0.5,100.0,2,4.298404093495643,4.235076281183075,12.768556655861811
0.1,3,100,22,Empirical_copula,Gaussian,cqr,raw,0.5,100.0,3,3.4087432135264737,3.9166968730531018,11.242136959632685
0.1,3,100,23,CQHR,Gaussian,cqr,native,0.5,100.0,1,4.760422049315891,13.219926291410959,31.200274632137813
0.1,3,100,23,CQHR,Gaussian,cqr,native,0.5,100.0,2,4.474730607840723,14.945502215061063,34.365735037962835
0.1,3,100,23,CQHR,Gaussian,cqr,native,0.5,100.0,3,3.5620867066189983,11.709292563393154,26.98067183340532
0.1,3,100,23,TSCP_R,Gaussian,cqr,shifted,0.5,100.0,1,4.760422049315891,7.827120700337957,20.414663449991796
0.1,3,100,23,TSCP_R,Gaussian,cqr,shifted,0.5,100.0,2,4.474730607840723,8.0630229655969,20.600776539034523
0.1,3,100,23,TSCP_R,Gaussian,cqr,shifted,0.5,100.0,3,3.5620867066189983,5.1690545357678985,13.900195778154808
0.1,3,100,23,TSCP_GWC,Gaussian,cqr,shifted,0.5,100.0,1,4.760422049315891,7.827120700337957,20.414663449991796
0.1,3,100,23,TSCP_GWC,Gaussian,cqr,shifted,0.5,100.0,2,4.474730607840723,8.0630229655969,20.600776539034523
0.1,3,100,23,TSCP_GWC,Gaussian,cqr,shifted,0.5,100.0,3,3.5620867066189983,5.1690545357678985,13.900195778154808
0.1,3,100,23,Unscaled,Gaussian,cqr,raw,0.5,100.0,1,4.760422049315891,7.062156590292148,18.8847352299002
0.1,3,100,23,Unscaled,Gaussian,cqr,raw,0.5,100.0,2,4.474730607840723,7.062156590292148,18.599043788425014
0.1,3,100,23,Unscaled,Gaussian,cqr,raw,0.5,100.0,3,3.5620867066189983,7.062156590292148,17.686399887203287
0.1,3,100,23,Empirical_copula,Gaussian,cqr,raw,0.5,100.0,1,4.760422049315891,7.189590886135726,19.139603821587336
0.1,3,100,23,Empirical_copula,Gaussian,cqr,raw,0.5,100.0,2,4.474730607840723,7.763833908481793,20.00239842480429
0.1,3,100,23,Empirical_copula,Gaussian,cqr,raw,0.5,100.0,3,3.5620867066189983,5.1906980175270085,13.943482741673018
0.1,3,100,24,CQHR,Gaussian,cqr,native,0.5,100.0,1,4.839499211519135,8.703064917860413,22.245629047239685
0.1,3,100,24,CQHR,Gaussian,cqr,native,0.5,100.0,2,4.304844942480085,12.054617913349293,28.41408076917869
0.1,3,100,24,CQHR,Gaussian,cqr,native,0.5,100.0,3,3.3366027547805577,9.422944023146565,22.18249080107368
0.1,3,100,24,TSCP_R,Gaussian,cqr,shifted,0.5,100.0,1,4.839499211519135,6.156371415761058,17.15224204304126
0.1,3,100,24,TSCP_R,Gaussian,cqr,shifted,0.5,100.0,2,4.304844942480085,5.875794505124418,16.056433952728913
0.1,3,100,24,TSCP_R,Gaussian,cqr,shifted,0.5,100.0,3,3.3366027547805577,3.7053245865875795,10.747251927955721
0.1,3,100,24,TSCP_GWC,Gaussian,cqr,shifted,0.5,100.0,1,4.839499211519135,6.156371415761058,17.15224204304126
0.1,3,100,24,TSCP_GWC,Gaussian,cqr,shifted,0.5,100.0,2,4.304844942480085,5.875794505124418,16.056433952728913
0.1,3,100,24,TSCP_GWC,Gaussian,cqr,shifted,0.5,100.0,3,3.3366027547805577,3.7053245865875795,10.747251927955721
0.1,3,100,24,Unscaled,Gaussian,cqr,raw,0.5,100.0,1,4.839499211519135,5.729473739764344,16.298446691047822
0.1,3,100,24,Unscaled,Gaussian,cqr,raw,0.5,100.0,2,4.304844942480085,5.729473739764344,15.763792422008777
0.1,3,100,24,Unscaled,Gaussian,cqr,raw,0.5,100.0,3,3.3366027547805577,5.729473739764344,14.795550234309257
0.1,3,100,24,Empirical_copula,Gaussian,cqr,raw,0.5,100.0,1,4.839499211519135,5.883618259180306,16.60673572987975
0.1,3,100,24,Empirical_copula,Gaussian,cqr,raw,0.5,100.0,2,4.304844942480085,5.807469113911939,15.919783170303965
0.1,3,100,24,Empirical_copula,Gaussian,cqr,raw,0.5,100.0,3,3.3366027547805577,3.3360576789176584,10.008718112615876
0.1,3,100,25,CQHR,Gaussian,cqr,native,0.5,100.0,1,4.6379296963160215,16.777745496194083,38.19342068870381
0.1,3,100,25,CQHR,Gaussian,cqr,native,0.5,100.0,2,4.5457321507167965,21.64049999054825,47.8267321318133
0.1,3,100,25,CQHR,Gaussian,cqr,native,0.5,100.0,3,3.5043731124325648,16.292712288320992,36.08979768907461
0.1,3,100,25,TSCP_R,Gaussian,cqr,shifted,0.5,100.0,1,4.6379296963160215,5.167985495470376,14.973900687256759
0.1,3,100,25,TSCP_R,Gaussian,cqr,shifted,0.5,100.0,2,4.5457321507167965,6.319427878234109,17.184587907184994
0.1,3,100,25,TSCP_R,Gaussian,cqr,shifted,0.5,100.0,3,3.5043731124325648,3.511765664025461,10.527904440483496
0.1,3,100,25,TSCP_GWC,Gaussian,cqr,shifted,0.5,100.0,1,4.6379296963160215,5.167985495470376,14.973900687256759
0.1,3,100,25,TSCP_GWC,Gaussian,cqr,shifted,0.5,100.0,2,4.5457321507167965,6.319427878234109,17.184587907184994
0.1,3,100,25,TSCP_GWC,Gaussian,cqr,shifted,0.5,100.0,3,3.5043731124325648,3.511765664025461,10.527904440483496
0.1,3,100,25,Unscaled,Gaussian,cqr,raw,0.5,100.0,1,4.6379296963160215,4.7533862248249905,14.144702145966011
0.1,3,100,25,Unscaled,Gaussian,cqr,raw,0.5,100.0,2,4.5457321507167965,4.7533862248249905,14.052504600366783
0.1,3,100,25,Unscaled,Gaussian,cqr,raw,0.5,100.0,3,3.5043731124325648,4.7533862248249905,13.01114556208255
0.1,3,100,25,Empirical_copula,Gaussian,cqr,raw,0.5,100.0,1,4.6379296963160215,5.003925937082091,14.64578157048021
0.1,3,100,25,Empirical_copula,Gaussian,cqr,raw,0.5,100.0,2,4.5457321507167965,5.483827733488617,15.513387617694015
0.1,3,100,25,Empirical_copula,Gaussian,cqr,raw,0.5,100.0,3,3.5043731124325648,3.2813909799236605,10.067155072279888
0.1,3,100,26,CQHR,Gaussian,cqr,native,0.5,100.0,1,4.663458310082112,22.981438343245838,50.626334996573945
0.1,3,100,26,CQHR,Gaussian,cqr,native,0.5,100.0,2,4.381512718096159,32.85770527385872,70.09692326581371
0.1,3,100,26,CQHR,Gaussian,cqr,native,0.5,100.0,3,3.525622171925602,22.915222900780723,49.356067973487036
0.1,3,100,26,TSCP_R,Gaussian,cqr,shifted,0.5,100.0,1,4.663458310082112,5.842233475367507,16.347925260817142
0.1,3,100,26,TSCP_R,Gaussian,cqr,shifted,0.5,100.0,2,4.381512718096159,4.922933366356617,14.227379450809389
0.1,3,100,26,TSCP_R,Gaussian,cqr,shifted,0.5,100.0,3,3.525622171925602,3.1347108623158846,9.795043896557367
0.1,3,100,26,TSCP_GWC,Gaussian,cqr,shifted,0.5,100.0,1,4.663458310082112,5.842233475367507,16.347925260817142
0.1,3,100,26,TSCP_GWC,Gaussian,cqr,shifted,0.5,100.0,2,4.381512718096159,4.922933366356617,14.227379450809389
0.1,3,100,26,TSCP_GWC,Gaussian,cqr,shifted,0.5,100.0,3,3.525622171925602,3.1347108623158846,9.795043896557367
0.1,3,100,26,Unscaled,Gaussian,cqr,raw,0.5,100.0,1,4.663458310082112,4.778915928343646,14.221290166769414
0.1,3,100,26,Unscaled,Gaussian,cqr,raw,0.5,100.0,2,4.381512718096159,4.778915928343646,13.939344574783464
0.1,3,100,26,Unscaled,Gaussian,cqr,raw,0.5,100.0,3,3.525622171925602,4.778915928343646,13.083454028612893
0.1,3,100,26,Empirical_copula,Gaussian,cqr,raw,0.5,100.0,1,4.663458310082112,5.659139725895054,15.981737761872228
0.1,3,100,26,Empirical_copula,Gaussian,cqr,raw,0.5,100.0,2,4.381512718096159,4.682204725154591,13.74592216840536
0.1,3,100,26,Empirical_copula,Gaussian,cqr,raw,0.5,100.0,3,3.525622171925602,2.628600662906589,8.782823497738772
0.1,3,100,27,CQHR,Gaussian,cqr,native,0.5,100.0,1,4.8040512761229195,12.256594617965673,29.3172405120542
0.1,3,100,27,CQHR,Gaussian,cqr,native,0.5,100.0,2,4.367256210172762,18.050697360411885,40.46865093099656
0.1,3,100,27,CQHR,Gaussian,cqr,native,0.5,100.0,3,3.4739622110258823,14.299350934171368,32.072664079368614
0.1,3,100,27,TSCP_R,Gaussian,cqr,shifted,0.5,100.0,1,4.8040512761229195,4.7512302484171585,14.306511772957222
0.1,3,100,27,TSCP_R,Gaussian,cqr,shifted,0.5,100.0,2,4.367256210172762,4.8377978485542315,14.042851907281225
0.1,3,100,27,TSCP_R,Gaussian,cqr,shifted,0.5,100.0,3,3.4739622110258823,3.706087665560105,10.886137542146091
0.1,3,100,27,TSCP_GWC,Gaussian,cqr,shifted,0.5,100.0,1,4.8040512761229195,4.7512302484171585,14.306511772957222
0.1,3,100,27,TSCP_GWC,Gaussian,cqr,shifted,0.5,100.0,2,4.367256210172762,4.8377978485542315,14.042851907281225
0.1,3,100,27,TSCP_GWC,Gaussian,cqr,shifted,0.5,100.0,3,3.4739622110258823,3.706087665560105,10.886137542146091
0.1,3,100,27,Unscaled,Gaussian,cqr,raw,0.5,100.0,1,4.8040512761229195,4.531556833219338,13.867164942561597
0.1,3,100,27,Unscaled,Gaussian,cqr,raw,0.5,100.0,2,4.367256210172762,4.531556833219338,13.43036987661143
0.1,3,100,27,Unscaled,Gaussian,cqr,raw,0.5,100.0,3,3.4739622110258823,4.531556833219338,12.537075877464563
0.1,3,100,27,Empirical_copula,Gaussian,cqr,raw,0.5,100.0,1,4.8040512761229195,4.644083639316261,14.09221855475546
0.1,3,100,27,Empirical_copula,Gaussian,cqr,raw,0.5,100.0,2,4.367256210172762,4.193492252101002,12.75424071437477
0.1,3,100,27,Empirical_copula,Gaussian,cqr,raw,0.5,100.0,3,3.4739622110258823,3.4810326482261433,10.43602750747817
0.1,3,100,28,CQHR,Gaussian,cqr,native,0.5,100.0,1,4.554298246574543,14.45304538532598,33.46038901722665
0.1,3,100,28,CQHR,Gaussian,cqr,native,0.5,100.0,2,4.341968081759042,20.260711223918744,44.863390529596494
0.1,3,100,28,CQHR,Gaussian,cqr,native,0.5,100.0,3,3.3453386768723132,13.875752635931534,31.096843948735362
0.1,3,100,28,TSCP_R,Gaussian,cqr,shifted,0.5,100.0,1,4.554298246574543,6.701431150290432,17.95716054715541
0.1,3,100,28,TSCP_R,Gaussian,cqr,shifted,0.5,100.0,2,4.341968081759042,5.7113591941695745,15.764686470098189
0.1,3,100,28,TSCP_R,Gaussian,cqr,shifted,0.5,100.0,3,3.3453386768723132,2.8199138421068284,8.985166361085959
0.1,3,100,28,TSCP_GWC,Gaussian,cqr,shifted,0.5,100.0,1,4.554298246574543,6.701431150290432,17.95716054715541
0.1,3,100,28,TSCP_GWC,Gaussian,cqr,shifted,0.5,100.0,2,4.341968081759042,5.7113591941695745,15.764686470098189
0.1,3,100,28,TSCP_GWC,Gaussian,cqr,shifted,0.5,100.0,3,3.3453386768723132,2.8199138421068284,8.985166361085959
0.1,3,100,28,Unscaled,Gaussian,cqr,raw,0.5,100.0,1,4.554298246574543,5.092138910542179,14.73857606765889
0.1,3,100,28,Unscaled,Gaussian,cqr,raw,0.5,100.0,2,4.341968081759042,5.092138910542179,14.526245902843405
0.1,3,100,28,Unscaled,Gaussian,cqr,raw,0.5,100.0,3,3.3453386768723132,5.092138910542179,13.529616497956686
0.1,3,100,28,Empirical_copula,Gaussian,cqr,raw,0.5,100.0,1,4.554298246574543,5.967688387395075,16.489675021364693
0.1,3,100,28,Empirical_copula,Gaussian,cqr,raw,0.5,100.0,2,4.341968081759042,5.092138910473929,14.526245902706908
0.1,3,100,28,Empirical_copula,Gaussian,cqr,raw,0.5,100.0,3,3.3453386768723132,2.752703897607383,8.850746472087083
0.1,3,100,29,CQHR,Gaussian,cqr,native,0.5,100.0,1,4.680232781210193,11.313506776284152,27.307246333778462
0.1,3,100,29,CQHR,Gaussian,cqr,native,0.5,100.0,2,4.203475677192519,18.584816278784064,41.373108234760664
0.1,3,100,29,CQHR,Gaussian,cqr,native,0.5,100.0,3,3.3986949504807296,11.898553483234847,27.195801916950412
0.1,3,100,29,TSCP_R,Gaussian,cqr,shifted,0.5,100.0,1,4.680232781210193,6.21274891721832,17.105730615646813
0.1,3,100,29,TSCP_R,Gaussian,cqr,shifted,0.5,100.0,2,4.203475677192519,5.099779978126406,14.403035633445313
0.1,3,100,29,TSCP_R,Gaussian,cqr,shifted,0.5,100.0,3,3.3986949504807296,3.5818217022878116,10.562338355056376
0.1,3,100,29,TSCP_GWC,Gaussian,cqr,shifted,0.5,100.0,1,4.680232781210193,6.21274891721832,17.105730615646813
0.1,3,100,29,TSCP_GWC,Gaussian,cqr,shifted,0.5,100.0,2,4.203475677192519,5.099779978126406,14.403035633445313
0.1,3,100,29,TSCP_GWC,Gaussian,cqr,shifted,0.5,100.0,3,3.3986949504807296,3.5818217022878116,10.562338355056376
0.1,3,100,29,Unscaled,Gaussian,cqr,raw,0.5,100.0,1,4.680232781210193,6.022382465799905,16.72499771280998
0.1,3,100,29,Unscaled,Gaussian,cqr,raw,0.5,100.0,2,4.203475677192519,6.022382465799905,16.248240608792337
0.1,3,100,29,Unscaled,Gaussian,cqr,raw,0.5,100.0,3,3.3986949504807296,6.022382465799905,15.443459882080548
0.1,3,100,29,Empirical_copula,Gaussian,cqr,raw,0.5,100.0,1,4.680232781210193,6.412999022318306,17.5062308258468
0.1,3,100,29,Empirical_copula,Gaussian,cqr,raw,0.5,100.0,2,4.203475677192519,5.110248393483964,14.423972464160443
0.1,3,100,29,Empirical_copula,Gaussian,cqr,raw,0.5,100.0,3,3.3986949504807296,1.824588672680445,7.047872295841617
0.1,3,100,30,CQHR,Gaussian,cqr,native,0.5,100.0,1,4.834253509057357,9.996217451309331,24.826688411675875
0.1,3,100,30,CQHR,Gaussian,cqr,native,0.5,100.0,2,4.373280142252331,11.073845053269032,26.52097024879043
0.1,3,100,30,CQHR,Gaussian,cqr,native,0.5,100.0,3,3.4795625479912555,8.109819200163168,19.69920094831758
0.1,3,100,30,TSCP_R,Gaussian,cqr,shifted,0.5,100.0,1,4.834253509057357,6.492169425866564,17.818592360790483
0.1,3,100,30,TSCP_R,Gaussian,cqr,shifted,0.5,100.0,2,4.373280142252331,6.797391477488972,17.968063097230274
0.1,3,100,30,TSCP_R,Gaussian,cqr,shifted,0.5,100.0,3,3.4795625479912555,4.971892084705743,13.423346717402739
0.1,3,100,30,TSCP_GWC,Gaussian,cqr,shifted,0.5,100.0,1,4.834253509057357,6.492169425866564,17.818592360790483
0.1,3,100,30,TSCP_GWC,Gaussian,cqr,shifted,0.5,100.0,2,4.373280142252331,6.797391477488972,17.968063097230274
0.1,3,100,30,TSCP_GWC,Gaussian,cqr,shifted,0.5,100.0,3,3.4795625479912555,4.971892084705743,13.423346717402739
0.1,3,100,30,Unscaled,Gaussian,cqr,raw,0.5,100.0,1,4.834253509057357,6.278525083992183,17.391303677041723
0.1,3,100,30,Unscaled,Gaussian,cqr,raw,0.5,100.0,2,4.373280142252331,6.278525083992183,16.930330310236684
0.1,3,100,30,Unscaled,Gaussian,cqr,raw,0.5,100.0,3,3.4795625479912555,6.278525083992183,16.036612715975615
0.1,3,100,30,Empirical_copula,Gaussian,cqr,raw,0.5,100.0,1,4.834253509057357,4.553352009820902,13.94095752869916
0.1,3,100,30,Empirical_copula,Gaussian,cqr,raw,0.5,100.0,2,4.373280142252331,6.362288638421322,17.097857419094986
0.1,3,100,30,Empirical_copula,Gaussian,cqr,raw,0.5,100.0,3,3.4795625479912555,4.238846853239199,11.957256254469655
0.1,3,100,31,CQHR,Gaussian,cqr,native,0.5,100.0,1,4.619590682211289,12.437389314375888,29.494369310963368
0.1,3,100,31,CQHR,Gaussian,cqr,native,0.5,100.0,2,4.530784349453804,20.5618211057489,45.65442656095165
0.1,3,100,31,CQHR,Gaussian,cqr,native,0.5,100.0,3,3.4043765894505738,14.907225567757383,33.21882772496536
0.1,3,100,31,TSCP_R,Gaussian,cqr,shifted,0.5,100.0,1,4.619590682211289,5.119343278022058,14.85827723825542
0.1,3,100,31,TSCP_R,Gaussian,cqr,shifted,0.5,100.0,2,4.530784349453804,5.568928610824628,15.66864157110305
0.1,3,100,31,TSCP_R,Gaussian,cqr,shifted,0.5,100.0,3,3.4043765894505738,3.8001483791010457,11.004673347652664
0.1,3,100,31,TSCP_GWC,Gaussian,cqr,shifted,0.5,100.0,1,4.619590682211289,5.119343278022058,14.85827723825542
0.1,3,100,31,TSCP_GWC,Gaussian,cqr,shifted,0.5,100.0,2,4.530784349453804,5.568928610824628,15.66864157110305
0.1,3,100,31,TSCP_GWC,Gaussian,cqr,shifted,0.5,100.0,3,3.4043765894505738,3.8001483791010457,11.004673347652664
0.1,3,100,31,Unscaled,Gaussian,cqr,raw,0.5,100.0,1,4.619590682211289,5.069049711416896,14.757690105045087
0.1,3,100,31,Unscaled,Gaussian,cqr,raw,0.5,100.0,2,4.530784349453804,5.069049711416896,14.668883772287602
0.1,3,100,31,Unscaled,Gaussian,cqr,raw,0.5,100.0,3,3.4043765894505738,5.069049711416896,13.542476012284373
0.1,3,100,31,Empirical_copula,Gaussian,cqr,raw,0.5,100.0,1,4.619590682211289,5.556418036996458,15.732426756204203
0.1,3,100,31,Empirical_copula,Gaussian,cqr,raw,0.5,100.0,2,4.530784349453804,5.434915806549634,15.400615962553077
0.1,3,100,31,Empirical_copula,Gaussian,cqr,raw,0.5,100.0,3,3.4043765894505738,3.423038739824765,10.25045406910009
0.1,3,100,32,CQHR,Gaussian,cqr,native,0.5,100.0,1,4.703400991327949,13.632513769650364,31.968428530628763
0.1,3,100,32,CQHR,Gaussian,cqr,native,0.5,100.0,2,4.4103867499137985,17.113724086714058,38.63783492334193
0.1,3,100,32,CQHR,Gaussian,cqr,native,0.5,100.0,3,3.493606647256899,13.913441002897095,31.32048865305109
0.1,3,100,32,TSCP_R,Gaussian,cqr,shifted,0.5,100.0,1,4.703400991327949,5.808905399821683,16.321211790971315
0.1,3,100,32,TSCP_R,Gaussian,cqr,shifted,0.5,100.0,2,4.4103867499137985,5.804665918887764,16.019718587689322
0.1,3,100,32,TSCP_R,Gaussian,cqr,shifted,0.5,100.0,3,3.493606647256899,3.477201734080097,10.448010115417087
0.1,3,100,32,TSCP_GWC,Gaussian,cqr,shifted,0.5,100.0,1,4.703400991327949,5.808905399821683,16.321211790971315
0.1,3,100,32,TSCP_GWC,Gaussian,cqr,shifted,0.5,100.0,2,4.4103867499137985,5.804665918887764,16.019718587689322
0.1,3,100,32,TSCP_GWC,Gaussian,cqr,shifted,0.5,100.0,3,3.493606647256899,3.477201734080097,10.448010115417087
0.1,3,100,32,Unscaled,Gaussian,cqr,raw,0.5,100.0,1,4.703400991327949,5.404960322066996,15.513321635461953
0.1,3,100,32,Unscaled,Gaussian,cqr,raw,0.5,100.0,2,4.4103867499137985,5.404960322066996,15.220307394047783
0.1,3,100,32,Unscaled,Gaussian,cqr,raw,0.5,100.0,3,3.493606647256899,5.404960322066996,14.303527291390889
0.1,3,100,32,Empirical_copula,Gaussian,cqr,raw,0.5,100.0,1,4.703400991327949,5.927537400636115,16.558475792600174
0.1,3,100,32,Empirical_copula,Gaussian,cqr,raw,0.5,100.0,2,4.4103867499137985,5.236535717246653,14.883458184407091
0.1,3,100,32,Empirical_copula,Gaussian,cqr,raw,0.5,100.0,3,3.493606647256899,3.246295720375116,9.986198088007132
0.1,3,100,33,CQHR,Gaussian,cqr,native,0.5,100.0,1,4.8574267172643655,9.024900679658524,22.90722807658154
0.1,3,100,33,CQHR,Gaussian,cqr,native,0.5,100.0,2,4.229621081295265,10.96430133839519,26.158223758085622
0.1,3,100,33,CQHR,Gaussian,cqr,native,0.5,100.0,3,3.445510935694951,8.568301676600662,20.582114288896275
0.1,3,100,33,TSCP_R,Gaussian,cqr,shifted,0.5,100.0,1,4.8574267172643655,6.433909690296474,17.725246097857315
0.1,3,100,33,TSCP_R,Gaussian,cqr,shifted,0.5,100.0,2,4.229621081295265,6.295228413887045,16.82007790906934
0.1,3,100,33,TSCP_R,Gaussian,cqr,shifted,0.5,100.0,3,3.445510935694951,4.463174165503261,12.37185926670147
0.1,3,100,33,TSCP_GWC,Gaussian,cqr,shifted,0.5,100.0,1,4.8574267172643655,6.433909690296474,17.725246097857315
0.1,3,100,33,TSCP_GWC,Gaussian,cqr,shifted,0.5,100.0,2,4.229621081295265,6.295228413887045,16.82007790906934
0.1,3,100,33,TSCP_GWC,Gaussian,cqr,shifted,0.5,100.0,3,3.445510935694951,4.463174165503261,12.37185926670147
0.1,3,100,33,Unscaled,Gaussian,cqr,raw,0.5,100.0,1,4.8574267172643655,5.758033051031898,16.373492819328163
0.1,3,100,33,Unscaled,Gaussian,cqr,raw,0.5,100.0,2,4.229621081295265,5.758033051031898,15.745687183359063
0.1,3,100,33,Unscaled,Gaussian,cqr,raw,0.5,100.0,3,3.445510935694951,5.758033051031898,14.961577037758753
0.1,3,100,33,Empirical_copula,Gaussian,cqr,raw,0.5,100.0,1,4.8574267172643655,6.215682452644643,17.28879162255366
0.1,3,100,33,Empirical_copula,Gaussian,cqr,raw,0.5,100.0,2,4.229621081295265,5.345439251075726,14.920499583446727
0.1,3,100,33,Empirical_copula,Gaussian,cqr,raw,0.5,100.0,3,3.445510935694951,4.9775995204882335,13.400709976671415
0.1,3,100,34,CQHR,Gaussian,cqr,native,0.5,100.0,1,4.797903964735558,14.96289888238541,34.72370172950651
0.1,3,100,34,CQHR,Gaussian,cqr,native,0.5,100.0,2,4.229116769544561,17.915325443155073,40.059767655854685
0.1,3,100,34,CQHR,Gaussian,cqr,native,0.5,100.0,3,3.256197359301271,12.525033713763442,28.306264786828148
0.1,3,100,34,TSCP_R,Gaussian,cqr,shifted,0.5,100.0,1,4.797903964735558,6.217670106131351,17.23324417699822
0.1,3,100,34,TSCP_R,Gaussian,cqr,shifted,0.5,100.0,2,4.229116769544561,6.303531240918645,16.83617925138183
0.1,3,100,34,TSCP_R,Gaussian,cqr,shifted,0.5,100.0,3,3.256197359301271,4.1489365985752045,11.554070556451691
0.1,3,100,34,TSCP_GWC,Gaussian,cqr,shifted,0.5,100.0,1,4.797903964735558,6.217670106131351,17.23324417699822
0.1,3,100,34,TSCP_GWC,Gaussian,cqr,shifted,0.5,100.0,2,4.229116769544561,6.303531240918645,16.83617925138183
0.1,3,100,34,TSCP_GWC,Gaussian,cqr,shifted,0.5,100.0,3,3.256197359301271,4.1489365985752045,11.554070556451691
0.1,3,100,34,Unscaled,Gaussian,cqr,raw,0.5,100.0,1,4.797903964735558,5.573391919292046,15.944687803319637
0.1,3,100,34,Unscaled,Gaussian,cqr,raw,0.5,100.0,2,4.229116769544561,5.573391919292046,15.37590060812865
0.1,3,100,34,Unscaled,Gaussian,cqr,raw,0.5,100.0,3,3.256197359301271,5.573391919292046,14.402981197885357
0.1,3,100,34,Empirical_copula,Gaussian,cqr,raw,0.5,100.0,1,4.797903964735558,5.93028209433292,16.658468153401405
0.1,3,100,34,Empirical_copula,Gaussian,cqr,raw,0.5,100.0,2,4.229116769544561,5.086372474759145,14.40186171906285
0.1,3,100,34,Empirical_copula,Gaussian,cqr,raw,0.5,100.0,3,3.256197359301271,4.0303012348967115,11.316799829094691
0.1,3,100,35,CQHR,Gaussian,cqr,native,0.5,100.0,1,4.80566012186406,10.879878849068803,26.565417820001993
0.1,3,100,35,CQHR,Gaussian,cqr,native,0.5,100.0,2,4.417445273415847,20.446837710688992,45.31112069479379
0.1,3,100,35,CQHR,Gaussian,cqr,native,0.5,100.0,3,3.5805223668550714,12.526011472247346,28.63254531134979
0.1,3,100,35,TSCP_R,Gaussian,cqr,shifted,0.5,100.0,1,4.80566012186406,5.633844397487735,16.073348916839507
0.1,3,100,35,TSCP_R,Gaussian,cqr,shifted,0.5,100.0,2,4.417445273415847,6.018333596738742,16.45411246689333
0.1,3,100,35,TSCP_R,Gaussian,cqr,shifted,0.5,100.0,3,3.5805223668550714,3.9520875358960836,11.48469743864724
0.1,3,100,35,TSCP_GWC,Gaussian,cqr,shifted,0.5,100.0,1,4.80566012186406,5.633844397487735,16.073348916839507
0.1,3,100,35,TSCP_GWC,Gaussian,cqr,shifted,0.5,100.0,2,4.417445273415847,6.018333596738742,16.45411246689333
0.1,3,100,35,TSCP_GWC,Gaussian,cqr,shifted,0.5,100.0,3,3.5805223668550714,3.9520875358960836,11.48469743864724
0.1,3,100,35,Unscaled,Gaussian,cqr,raw,0.5,100.0,1,4.80566012186406,5.2508318764475135,15.307323874759083
0.1,3,100,35,Unscaled,Gaussian,cqr,raw,0.5,100.0,2,4.417445273415847,5.2508318764475135,14.919109026310878
0.1,3,100,35,Unscaled,Gaussian,cqr,raw,0.5,100.0,3,3.5805223668550714,5.2508318764475135,14.082186119750103
0.1,3,100,35,Empirical_copula,Gaussian,cqr,raw,0.5,100.0,1,4.80566012186406,4.698909333132004,14.203478788128074
0.1,3,100,35,Empirical_copula,Gaussian,cqr,raw,0.5,100.0,2,4.417445273415847,5.2508318763918105,14.919109026199475
0.1,3,100,35,Empirical_copula,Gaussian,cqr,raw,0.5,100.0,3,3.5805223668550714,4.7343126880788216,13.049147743012723
0.1,3,100,36,CQHR,Gaussian,cqr,native,0.5,100.0,1,4.881849488630825,10.405451269209227,25.69275202704955
0.1,3,100,36,CQHR,Gaussian,cqr,native,0.5,100.0,2,4.309386360707832,11.72639705635525,27.762180473418326
0.1,3,100,36,CQHR,Gaussian,cqr,native,0.5,100.0,3,3.469953626407233,8.944955031372132,21.359863689151517
0.1,3,100,36,TSCP_R,Gaussian,cqr,shifted,0.5,100.0,1,4.881849488630825,5.496207253968848,15.874263996568503
0.1,3,100,36,TSCP_R,Gaussian,cqr,shifted,0.5,100.0,2,4.309386360707832,5.060427102230122,14.43024056516807
0.1,3,100,36,TSCP_R,Gaussian,cqr,shifted,0.5,100.0,3,3.469953626407233,4.274923035327291,12.01979969706182
0.1,3,100,36,TSCP_GWC,Gaussian,cqr,shifted,0.5,100.0,1,4.881849488630825,5.496207253968848,15.874263996568503
0.1,3,100,36,TSCP_GWC,Gaussian,cqr,shifted,0.5,100.0,2,4.309386360707832,5.060427102230122,14.43024056516807
0.1,3,100,36,TSCP_GWC,Gaussian,cqr,shifted,0.5,100.0,3,3.469953626407233,4.274923035327291,12.01979969706182
0.1,3,100,36,Unscaled,Gaussian,cqr,raw,0.5,100.0,1,4.881849488630825,5.019596263630144,14.921042015891123
0.1,3,100,36,Unscaled,Gaussian,cqr,raw,0.5,100.0,2,4.309386360707832,5.019596263630144,14.348578887968111
0.1,3,100,36,Unscaled,Gaussian,cqr,raw,0.5,100.0,3,3.469953626407233,5.019596263630144,13.509146153667526
0.1,3,100,36,Empirical_copula,Gaussian,cqr,raw,0.5,100.0,1,4.881849488630825,5.325145615251783,15.532140719134398
0.1,3,100,36,Empirical_copula,Gaussian,cqr,raw,0.5,100.0,2,4.309386360707832,5.019596263606751,14.34857888792134
0.1,3,100,36,Empirical_copula,Gaussian,cqr,raw,0.5,100.0,3,3.469953626407233,4.009825293549623,11.489604213506471
0.1,3,100,37,CQHR,Gaussian,cqr,native,0.5,100.0,1,4.8010047270021055,12.434827445576708,29.670659618155145
0.1,3,100,37,CQHR,Gaussian,cqr,native,0.5,100.0,2,4.356510088460284,20.69884089340226,45.754191875264745
0.1,3,100,37,CQHR,Gaussian,cqr,native,0.5,100.0,3,3.4402653997810346,13.075625059605544,29.591515518992104
0.1,3,100,37,TSCP_R,Gaussian,cqr,shifted,0.5,100.0,1,4.8010047270021055,5.427361516521572,15.655727760045247
0.1,3,100,37,TSCP_R,Gaussian,cqr,shifted,0.5,100.0,2,4.356510088460284,4.736654174165821,13.829818436791923
0.1,3,100,37,TSCP_R,Gaussian,cqr,shifted,0.5,100.0,3,3.4402653997810346,3.387720101850519,10.21570560348207
0.1,3,100,37,TSCP_GWC,Gaussian,cqr,shifted,0.5,100.0,1,4.8010047270021055,5.427361516521572,15.655727760045247
0.1,3,100,37,TSCP_GWC,Gaussian,cqr,shifted,0.5,100.0,2,4.356510088460284,4.736654174165821,13.829818436791923
0.1,3,100,37,TSCP_GWC,Gaussian,cqr,shifted,0.5,100.0,3,3.4402653997810346,3.387720101850519,10.21570560348207
0.1,3,100,37,Unscaled,Gaussian,cqr,raw,0.5,100.0,1,4.8010047270021055,5.2795999870358346,15.36020470107378
0.1,3,100,37,Unscaled,Gaussian,cqr,raw,0.5,100.0,2,4.356510088460284,5.2795999870358346,14.915710062531952
0.1,3,100,37,Unscaled,Gaussian,cqr,raw,0.5,100.0,3,3.4402653997810346,5.2795999870358346,13.999465373852706
0.1,3,100,37,Empirical_copula,Gaussian,cqr,raw,0.5,100.0,1,4.8010047270021055,5.279599986992163,15.360204700986424
0.1,3,100,37,Empirical_copula,Gaussian,cqr,raw,0.5,100.0,2,4.356510088460284,5.0535713406926135,14.463652769845503
0.1,3,100,37,Empirical_copula,Gaussian,cqr,raw,0.5,100.0,3,3.4402653997810346,2.9442782189934604,9.328821837767954
0.1,3,100,38,CQHR,Gaussian,cqr,native,0.5,100.0,1,4.58728543443375,15.332011283625326,35.25130800168446
0.1,3,100,38,CQHR,Gaussian,cqr,native,0.5,100.0,2,4.553464934426013,26.001363723935846,56.55619238229773
0.1,3,100,38,CQHR,Gaussian,cqr,native,0.5,100.0,3,3.467920184272387,19.108973703392028,41.68586759105639
0.1,3,100,38,TSCP_R,Gaussian,cqr,shifted,0.5,100.0,1,4.58728543443375,6.113201092573988,16.813687619581714
0.1,3,100,38,TSCP_R,Gaussian,cqr,shifted,0.5,100.0,2,4.553464934426013,5.915093075471233,16.383651085368452
0.1,3,100,38,TSCP_R,Gaussian,cqr,shifted,0.5,100.0,3,3.467920184272387,3.8992114359629966,11.266343056198378
0.1,3,100,38,TSCP_GWC,Gaussian,cqr,shifted,0.5,100.0,1,4.58728543443375,6.113201092573988,16.813687619581714
0.1,3,100,38,TSCP_GWC,Gaussian,cqr,shifted,0.5,100.0,2,4.553464934426013,5.915093075471233,16.383651085368452
0.1,3,100,38,TSCP_GWC,Gaussian,cqr,shifted,0.5,100.0,3,3.467920184272387,3.8992114359629966,11.266343056198378
0.1,3,100,38,Unscaled,Gaussian,cqr,raw,0.5,100.0,1,4.58728543443375,5.132500880676204,14.852287195786154
0.1,3,100,38,Unscaled,Gaussian,cqr,raw,0.5,100.0,2,4.553464934426013,5.132500880676204,14.818466695778422
0.1,3,100,38,Unscaled,Gaussian,cqr,raw,0.5,100.0,3,3.467920184272387,5.132500880676204,13.732921945624799
0.1,3,100,38,Empirical_copula,Gaussian,cqr,raw,0.5,100.0,1,4.58728543443375,5.368819179050677,15.324923792535095
0.1,3,100,38,Empirical_copula,Gaussian,cqr,raw,0.5,100.0,2,4.553464934426013,5.742530553920389,16.038526042266785
0.1,3,100,38,Empirical_copula,Gaussian,cqr,raw,0.5,100.0,3,3.467920184272387,4.222621011143293,11.91316220655897
0.1,3,100,39,CQHR,Gaussian,cqr,native,0.5,100.0,1,4.701949390301498,9.12850209265219,22.958953575605733
0.1,3,100,39,CQHR,Gaussian,cqr,native,0.5,100.0,2,4.319601531377048,12.482216789059317,29.28403510949572
0.1,3,100,39,CQHR,Gaussian,cqr,native,0.5,100.0,3,3.474953314599821,8.410488165771634,20.29592964614311
0.1,3,100,39,TSCP_R,Gaussian,cqr,shifted,0.5,100.0,1,4.701949390301498,5.786429193948692,16.274807778198888
0.1,3,100,39,TSCP_R,Gaussian,cqr,shifted,0.5,100.0,2,4.319601531377048,4.673487416314487,13.666576364006026
0.1,3,100,39,TSCP_R,Gaussian,cqr,shifted,0.5,100.0,3,3.474953314599821,3.8731829096612245,11.221319133922277
0.1,3,100,39,TSCP_GWC,Gaussian,cqr,shifted,0.5,100.0,1,4.701949390301498,5.786429193948692,16.274807778198888
0.1,3,100,39,TSCP_GWC,Gaussian,cqr,shifted,0.5,100.0,2,4.319601531377048,4.673487416314487,13.666576364006026
0.1,3,100,39,TSCP_GWC,Gaussian,cqr,shifted,0.5,100.0,3,3.474953314599821,3.8731829096612245,11.221319133922277
0.1,3,100,39,Unscaled,Gaussian,cqr,raw,0.5,100.0,1,4.701949390301498,5.256813095718618,15.21557558173874
0.1,3,100,39,Unscaled,Gaussian,cqr,raw,0.5,100.0,2,4.319601531377048,5.256813095718618,14.83322772281428
0.1,3,100,39,Unscaled,Gaussian,cqr,raw,0.5,100.0,3,3.474953314599821,5.256813095718618,13.988579506037077
0.1,3,100,39,Empirical_copula,Gaussian,cqr,raw,0.5,100.0,1,4.701949390301498,5.29759248970085,15.2971343697032
0.1,3,100,39,Empirical_copula,Gaussian,cqr,raw,0.5,100.0,2,4.319601531377048,4.339943709174133,12.999488949725302
0.1,3,100,39,Empirical_copula,Gaussian,cqr,raw,0.5,100.0,3,3.474953314599821,3.7490220439568205,10.972997402513458
0.1,3,100,40,CQHR,Gaussian,cqr,native,0.5,100.0,1,4.743705756972782,12.982165651776999,30.708037060526845
0.1,3,100,40,CQHR,Gaussian,cqr,native,0.5,100.0,2,4.3144619745091095,17.171863421556683,38.65818881762251
0.1,3,100,40,CQHR,Gaussian,cqr,native,0.5,100.0,3,3.479572788126134,13.21910775118156,29.917788290489238
0.1,3,100,40,TSCP_R,Gaussian,cqr,shifted,0.5,100.0,1,4.743705756972782,5.542647654618676,15.829001066210134
0.1,3,100,40,TSCP_R,Gaussian,cqr,shifted,0.5,100.0,2,4.3144619745091095,6.481920919501334,17.278303813511755
0.1,3,100,40,TSCP_R,Gaussian,cqr,shifted,0.5,100.0,3,3.479572788126134,3.160044231092243,9.79966125031062
0.1,3,100,40,TSCP_GWC,Gaussian,cqr,shifted,0.5,100.0,1,4.743705756972782,5.542647654618676,15.829001066210134
0.1,3,100,40,TSCP_GWC,Gaussian,cqr,shifted,0.5,100.0,2,4.3144619745091095,6.481920919501334,17.278303813511755
0.1,3,100,40,TSCP_GWC,Gaussian,cqr,shifted,0.5,100.0,3,3.479572788126134,3.160044231092243,9.79966125031062
0.1,3,100,40,Unscaled,Gaussian,cqr,raw,0.5,100.0,1,4.743705756972782,5.220418463571068,15.184542684114916
0.1,3,100,40,Unscaled,Gaussian,cqr,raw,0.5,100.0,2,4.3144619745091095,5.220418463571068,14.755298901651262
0.1,3,100,40,Unscaled,Gaussian,cqr,raw,0.5,100.0,3,3.479572788126134,5.220418463571068,13.920409715268272
0.1,3,100,40,Empirical_copula,Gaussian,cqr,raw,0.5,100.0,1,4.743705756972782,4.8461906982862555,14.436087153545294
0.1,3,100,40,Empirical_copula,Gaussian,cqr,raw,0.5,100.0,2,4.3144619745091095,5.357118705168951,15.02869938484701
0.1,3,100,40,Empirical_copula,Gaussian,cqr,raw,0.5,100.0,3,3.479572788126134,3.08210508734809,9.643782962822321
0.1,3,100,41,CQHR,Gaussian,cqr,native,0.5,100.0,1,4.7237382659244105,15.661052379995605,36.04584302591585
0.1,3,100,41,CQHR,Gaussian,cqr,native,0.5,100.0,2,4.239975046912981,21.9482607107908,48.13649646849456
0.1,3,100,41,CQHR,Gaussian,cqr,native,0.5,100.0,3,3.275987861241913,15.223988953709506,33.72396576866097
0.1,3,100,41,TSCP_R,Gaussian,cqr,shifted,0.5,100.0,1,4.7237382659244105,5.588860841516208,15.901459948956841
0.1,3,100,41,TSCP_R,Gaussian,cqr,shifted,0.5,100.0,2,4.239975046912981,5.362183283014403,14.964341612941801
0.1,3,100,41,TSCP_R,Gaussian,cqr,shifted,0.5,100.0,3,3.275987861241913,3.7005728875992645,10.677133636440447
0.1,3,100,41,TSCP_GWC,Gaussian,cqr,shifted,0.5,100.0,1,4.7237382659244105,5.588860841516208,15.901459948956841
0.1,3,100,41,TSCP_GWC,Gaussian,cqr,shifted,0.5,100.0,2,4.239975046912981,5.362183283014403,14.964341612941801
0.1,3,100,41,TSCP_GWC,Gaussian,cqr,shifted,0.5,100.0,3,3.275987861241913,3.7005728875992645,10.677133636440447
0.1,3,100,41,Unscaled,Gaussian,cqr,raw,0.5,100.0,1,4.7237382659244105,5.391359431528545,15.506457128981507
0.1,3,100,41,Unscaled,Gaussian,cqr,raw,0.5,100.0,2,4.239975046912981,5.391359431528545,15.022693909970078
0.1,3,100,41,Unscaled,Gaussian,cqr,raw,0.5,100.0,3,3.275987861241913,5.391359431528545,14.05870672429901
0.1,3,100,41,Empirical_copula,Gaussian,cqr,raw,0.5,100.0,1,4.7237382659244105,5.427010239030065,15.577758743984557
0.1,3,100,41,Empirical_copula,Gaussian,cqr,raw,0.5,100.0,2,4.239975046912981,4.461742528170017,13.163460103253023
0.1,3,100,41,Empirical_copula,Gaussian,cqr,raw,0.5,100.0,3,3.275987861241913,3.3533251143759255,9.982638089993761
0.1,3,100,42,CQHR,Gaussian,cqr,native,0.5,100.0,1,4.791690668826526,9.807888353070355,24.40746737496701
0.1,3,100,42,CQHR,Gaussian,cqr,native,0.5,100.0,2,4.412850406721472,13.64942722270428,31.71170485212997
0.1,3,100,42,CQHR,Gaussian,cqr,native,0.5,100.0,3,3.5055162439074223,9.859894230691278,23.225304705289975
0.1,3,100,42,TSCP_R,Gaussian,cqr,shifted,0.5,100.0,1,4.791690668826526,5.600215969425818,15.992122607678162
0.1,3,100,42,TSCP_R,Gaussian,cqr,shifted,0.5,100.0,2,4.412850406721472,5.156479350400119,14.725809107521696
0.1,3,100,42,TSCP_R,Gaussian,cqr,shifted,0.5,100.0,3,3.5055162439074223,2.962846365284591,9.431208974476595
0.1,3,100,42,TSCP_GWC,Gaussian,cqr,shifted,0.5,100.0,1,4.791690668826526,5.600215969425818,15.992122607678162
0.1,3,100,42,TSCP_GWC,Gaussian,cqr,shifted,0.5,100.0,2,4.412850406721472,5.156479350400119,14.725809107521696
0.1,3,100,42,TSCP_GWC,Gaussian,cqr,shifted,0.5,100.0,3,3.5055162439074223,2.962846365284591,9.431208974476595
0.1,3,100,42,Unscaled,Gaussian,cqr,raw,0.5,100.0,1,4.791690668826526,4.993426527382543,14.77854372359161
0.1,3,100,42,Unscaled,Gaussian,cqr,raw,0.5,100.0,2,4.412850406721472,4.993426527382543,14.399703461486537
0.1,3,100,42,Unscaled,Gaussian,cqr,raw,0.5,100.0,3,3.5055162439074223,4.993426527382543,13.492369298672514
0.1,3,100,42,Empirical_copula,Gaussian,cqr,raw,0.5,100.0,1,4.791690668826526,5.066291664865734,14.92427399855798
0.1,3,100,42,Empirical_copula,Gaussian,cqr,raw,0.5,100.0,2,4.412850406721472,4.993426527367312,14.399703461456083
0.1,3,100,42,Empirical_copula,Gaussian,cqr,raw,0.5,100.0,3,3.5055162439074223,2.901839608642458,9.309195461192347
0.1,3,100,43,CQHR,Gaussian,cqr,native,0.5,100.0,1,4.780239056699858,8.494891326253606,21.770021709207118
0.1,3,100,43,CQHR,Gaussian,cqr,native,0.5,100.0,2,4.42532692790206,10.164485123221652,24.754297174345343
0.1,3,100,43,CQHR,Gaussian,cqr,native,0.5,100.0,3,3.6003219372361808,8.141562167163384,19.883446271562985
0.1,3,100,43,TSCP_R,Gaussian,cqr,shifted,0.5,100.0,1,4.780239056699858,6.276458616208487,17.33315628911685
0.1,3,100,43,TSCP_R,Gaussian,cqr,shifted,0.5,100.0,2,4.42532692790206,5.12197298667661,14.669272901255278
0.1,3,100,43,TSCP_R,Gaussian,cqr,shifted,0.5,100.0,3,3.6003219372361808,3.293530677153541,10.187383291543266
0.1,3,100,43,TSCP_GWC,Gaussian,cqr,shifted,0.5,100.0,1,4.780239056699858,6.276458616208487,17.33315628911685
0.1,3,100,43,TSCP_GWC,Gaussian,cqr,shifted,0.5,100.0,2,4.42532692790206,5.12197298667661,14.669272901255278
0.1,3,100,43,TSCP_GWC,Gaussian,cqr,shifted,0.5,100.0,3,3.6003219372361808,3.293530677153541,10.187383291543266
0.1,3,100,43,Unscaled,Gaussian,cqr,raw,0.5,100.0,1,4.780239056699858,5.409494758888219,15.599228574476298
0.1,3,100,43,Unscaled,Gaussian,cqr,raw,0.5,100.0,2,4.42532692790206,5.409494758888219,15.244316445678505
0.1,3,100,43,Unscaled,Gaussian,cqr,raw,0.5,100.0,3,3.6003219372361808,5.409494758888219,14.419311455012622
0.1,3,100,43,Empirical_copula,Gaussian,cqr,raw,0.5,100.0,1,4.780239056699858,6.599188508190629,17.97861607308111
0.1,3,100,43,Empirical_copula,Gaussian,cqr,raw,0.5,100.0,2,4.42532692790206,4.971484809995189,14.368296547892436
0.1,3,100,43,Empirical_copula,Gaussian,cqr,raw,0.5,100.0,3,3.6003219372361808,3.167493787650463,9.935309512537117
0.1,3,100,44,CQHR,Gaussian,cqr,native,0.5,100.0,1,4.624259399373781,26.74579316936252,58.115845738098955
0.1,3,100,44,CQHR,Gaussian,cqr,native,0.5,100.0,2,4.253878098458185,30.105119524931784,64.46411714832172
0.1,3,100,44,CQHR,Gaussian,cqr,native,0.5,100.0,3,3.3849449269198133,23.189054668722225,49.7630542643642
0.1,3,100,44,TSCP_R,Gaussian,cqr,shifted,0.5,100.0,1,4.624259399373781,5.091721170452331,14.807701740278445
0.1,3,100,44,TSCP_R,Gaussian,cqr,shifted,0.5,100.0,2,4.253878098458185,5.514419445507642,15.282716989473483
0.1,3,100,44,TSCP_R,Gaussian,cqr,shifted,0.5,100.0,3,3.3849449269198133,3.7482145516041783,10.881374030128159
0.1,3,100,44,TSCP_GWC,Gaussian,cqr,shifted,0.5,100.0,1,4.624259399373781,5.091721170452331,14.807701740278445
0.1,3,100,44,TSCP_GWC,Gaussian,cqr,shifted,0.5,100.0,2,4.253878098458185,5.514419445507642,15.282716989473483
0.1,3,100,44,TSCP_GWC,Gaussian,cqr,shifted,0.5,100.0,3,3.3849449269198133,3.7482145516041783,10.881374030128159
0.1,3,100,44,Unscaled,Gaussian,cqr,raw,0.5,100.0,1,4.624259399373781,4.781530394579682,14.187320188533143
0.1,3,100,44,Unscaled,Gaussian,cqr,raw,0.5,100.0,2,4.253878098458185,4.781530394579682,13.816938887617559
0.1,3,100,44,Unscaled,Gaussian,cqr,raw,0.5,100.0,3,3.3849449269198133,4.781530394579682,12.94800571607917
0.1,3,100,44,Empirical_copula,Gaussian,cqr,raw,0.5,100.0,1,4.624259399373781,4.93755221377767,14.499363826929105
0.1,3,100,44,Empirical_copula,Gaussian,cqr,raw,0.5,100.0,2,4.253878098458185,4.3530329828456615,12.959944064149525
0.1,3,100,44,Empirical_copula,Gaussian,cqr,raw,0.5,100.0,3,3.3849449269198133,3.33380381544435,10.052552557808493
0.1,3,100,45,CQHR,Gaussian,cqr,native,0.5,100.0,1,4.987787550085849,12.523855881886432,30.035499313858562
0.1,3,100,45,CQHR,Gaussian,cqr,native,0.5,100.0,2,4.807293037393603,15.509662844199868,35.826618725793296
0.1,3,100,45,CQHR,Gaussian,cqr,native,0.5,100.0,3,3.677781772201809,11.014732061145166,25.707245894492115
0.1,3,100,45,TSCP_R,Gaussian,cqr,shifted,0.5,100.0,1,4.987787550085849,3.9522997747939,12.892387099673652
0.1,3,100,45,TSCP_R,Gaussian,cqr,shifted,0.5,100.0,2,4.807293037393603,4.288933365602517,13.385159768598646
0.1,3,100,45,TSCP_R,Gaussian,cqr,shifted,0.5,100.0,3,3.677781772201809,2.4359261779891597,8.549634128180116
0.1,3,100,45,TSCP_GWC,Gaussian,cqr,shifted,0.5,100.0,1,4.987787550085849,3.9522997747939,12.892387099673652
0.1,3,100,45,TSCP_GWC,Gaussian,cqr,shifted,0.5,100.0,2,4.807293037393603,4.288933365602517,13.385159768598646
0.1,3,100,45,TSCP_GWC,Gaussian,cqr,shifted,0.5,100.0,3,3.677781772201809,2.4359261779891597,8.549634128180116
0.1,3,100,45,Unscaled,Gaussian,cqr,raw,0.5,100.0,1,4.987787550085849,3.8990376477704145,12.785862845626676
0.1,3,100,45,Unscaled,Gaussian,cqr,raw,0.5,100.0,2,4.807293037393603,3.8990376477704145,12.605368332934436
0.1,3,100,45,Unscaled,Gaussian,cqr,raw,0.5,100.0,3,3.677781772201809,3.8990376477704145,11.475857067742645
0.1,3,100,45,Empirical_copula,Gaussian,cqr,raw,0.5,100.0,1,4.987787550085849,3.9054205812939307,12.798628712673715
0.1,3,100,45,Empirical_copula,Gaussian,cqr,raw,0.5,100.0,2,4.807293037393603,3.927576943297286,12.662446923988165
0.1,3,100,45,Empirical_copula,Gaussian,cqr,raw,0.5,100.0,3,3.677781772201809,2.154756855434707,7.987295483071219
0.1,3,100,46,CQHR,Gaussian,cqr,native,0.5,100.0,1,4.692088253179951,9.752018012869483,24.196124278918944
0.1,3,100,46,CQHR,Gaussian,cqr,native,0.5,100.0,2,4.334560716945013,13.409291343577753,31.153143404100575
0.1,3,100,46,CQHR,Gaussian,cqr,native,0.5,100.0,3,3.35890395501031,9.349295205286285,22.057494365582844
0.1,3,100,46,TSCP_R,Gaussian,cqr,shifted,0.5,100.0,1,4.692088253179951,6.34836768114306,17.388823615466073
0.1,3,100,46,TSCP_R,Gaussian,cqr,shifted,0.5,100.0,2,4.334560716945013,4.269482179810765,12.873525076566542
0.1,3,100,46,TSCP_R,Gaussian,cqr,shifted,0.5,100.0,3,3.35890395501031,3.6648454556970904,10.688594866404483
0.1,3,100,46,TSCP_GWC,Gaussian,cqr,shifted,0.5,100.0,1,4.692088253179951,6.34836768114306,17.388823615466073
0.1,3,100,46,TSCP_GWC,Gaussian,cqr,shifted,0.5,100.0,2,4.334560716945013,4.269482179810765,12.873525076566542
0.1,3,100,46,TSCP_GWC,Gaussian,cqr,shifted,0.5,100.0,3,3.35890395501031,3.6648454556970904,10.688594866404483
0.1,3,100,46,Unscaled,Gaussian,cqr,raw,0.5,100.0,1,4.692088253179951,5.472149553687766,15.636387360555478
0.1,3,100,46,Unscaled,Gaussian,cqr,raw,0.5,100.0,2,4.334560716945013,5.472149553687766,15.278859824320556
0.1,3,100,46,Unscaled,Gaussian,cqr,raw,0.5,100.0,3,3.35890395501031,5.472149553687766,14.303203062385837
0.1,3,100,46,Empirical_copula,Gaussian,cqr,raw,0.5,100.0,1,4.692088253179951,6.366480052139086,17.425048357458117
0.1,3,100,46,Empirical_copula,Gaussian,cqr,raw,0.5,100.0,2,4.334560716945013,4.092551232130276,12.51966318120557
0.1,3,100,46,Empirical_copula,Gaussian,cqr,raw,0.5,100.0,3,3.35890395501031,2.7875306830632303,8.933965321136768
0.1,3,100,47,CQHR,Gaussian,cqr,native,0.5,100.0,1,4.663088981005799,6.921652129175565,18.506393239357077
0.1,3,100,47,CQHR,Gaussian,cqr,native,0.5,100.0,2,4.53860504048165,9.905259403966559,24.349123848414774
0.1,3,100,47,CQHR,Gaussian,cqr,native,0.5,100.0,3,3.5114579333439457,6.661913657376685,16.835285248097325
0.1,3,100,47,TSCP_R,Gaussian,cqr,shifted,0.5,100.0,1,4.663088981005799,6.827996543893164,18.319082068792127
0.1,3,100,47,TSCP_R,Gaussian,cqr,shifted,0.5,100.0,2,4.53860504048165,5.328065340903123,15.194735722287911
0.1,3,100,47,TSCP_R,Gaussian,cqr,shifted,0.5,100.0,3,3.5114579333439457,3.211074640349267,9.933607214042485
0.1,3,100,47,TSCP_GWC,Gaussian,cqr,shifted,0.5,100.0,1,4.663088981005799,6.827996543893164,18.319082068792127
0.1,3,100,47,TSCP_GWC,Gaussian,cqr,shifted,0.5,100.0,2,4.53860504048165,5.328065340903123,15.194735722287911
0.1,3,100,47,TSCP_GWC,Gaussian,cqr,shifted,0.5,100.0,3,3.5114579333439457,3.211074640349267,9.933607214042485
0.1,3,100,47,Unscaled,Gaussian,cqr,raw,0.5,100.0,1,4.663088981005799,4.728993585606106,14.121076152218015
0.1,3,100,47,Unscaled,Gaussian,cqr,raw,0.5,100.0,2,4.53860504048165,4.728993585606106,13.996592211693857
0.1,3,100,47,Unscaled,Gaussian,cqr,raw,0.5,100.0,3,3.5114579333439457,4.728993585606106,12.969445104556161
0.1,3,100,47,Empirical_copula,Gaussian,cqr,raw,0.5,100.0,1,4.663088981005799,6.8422037548497165,18.34749649070523
0.1,3,100,47,Empirical_copula,Gaussian,cqr,raw,0.5,100.0,2,4.53860504048165,4.657331340329993,13.853267721141638
0.1,3,100,47,Empirical_copula,Gaussian,cqr,raw,0.5,100.0,3,3.5114579333439457,3.0481988242938076,9.607855581931565
0.1,3,100,48,CQHR,Gaussian,cqr,native,0.5,100.0,1,4.928886851881313,11.256980531414285,27.44284791471008
0.1,3,100,48,CQHR,Gaussian,cqr,native,0.5,100.0,2,4.576224066666455,14.579838206029107,33.7359004787247
0.1,3,100,48,CQHR,Gaussian,cqr,native,0.5,100.0,3,3.5680896847918673,10.97597071383682,25.520031112465507
0.1,3,100,48,TSCP_R,Gaussian,cqr,shifted,0.5,100.0,1,4.928886851881313,6.171262876710074,17.271412605301467
0.1,3,100,48,TSCP_R,Gaussian,cqr,shifted,0.5,100.0,2,4.576224066666455,6.048640515017979,16.673505096702392
0.1,3,100,48,TSCP_R,Gaussian,cqr,shifted,0.5,100.0,3,3.5680896847918673,3.944122585748559,11.456334856288983
0.1,3,100,48,TSCP_GWC,Gaussian,cqr,shifted,0.5,100.0,1,4.928886851881313,6.171262876710074,17.271412605301467
0.1,3,100,48,TSCP_GWC,Gaussian,cqr,shifted,0.5,100.0,2,4.576224066666455,6.048640515017979,16.673505096702392
0.1,3,100,48,TSCP_GWC,Gaussian,cqr,shifted,0.5,100.0,3,3.5680896847918673,3.944122585748559,11.456334856288983
0.1,3,100,48,Unscaled,Gaussian,cqr,raw,0.5,100.0,1,4.928886851881313,5.749083527625458,16.42705390713223
0.1,3,100,48,Unscaled,Gaussian,cqr,raw,0.5,100.0,2,4.576224066666455,5.749083527625458,16.074391121917365
0.1,3,100,48,Unscaled,Gaussian,cqr,raw,0.5,100.0,3,3.5680896847918673,5.749083527625458,15.066256740042796
0.1,3,100,48,Empirical_copula,Gaussian,cqr,raw,0.5,100.0,1,4.928886851881313,6.451755116784685,17.832397085450694
0.1,3,100,48,Empirical_copula,Gaussian,cqr,raw,0.5,100.0,2,4.576224066666455,5.853815612823052,16.283855292312563
0.1,3,100,48,Empirical_copula,Gaussian,cqr,raw,0.5,100.0,3,3.5680896847918673,2.6020770918720366,8.772243868535936
0.1,3,100,49,CQHR,Gaussian,cqr,native,0.5,100.0,1,4.6857836721811115,14.221149233037929,33.128082138256886
0.1,3,100,49,CQHR,Gaussian,cqr,native,0.5,100.0,2,4.390052370489834,29.571690033541316,63.533432437572486
0.1,3,100,49,CQHR,Gaussian,cqr,native,0.5,100.0,3,3.332958646874584,18.16603755647745,39.66503375982952
0.1,3,100,49,TSCP_R,Gaussian,cqr,shifted,0.5,100.0,1,4.6857836721811115,4.768172684594774,14.222129041370662
0.1,3,100,49,TSCP_R,Gaussian,cqr,shifted,0.5,100.0,2,4.390052370489834,5.121470973391212,14.632994317272262
0.1,3,100,49,TSCP_R,Gaussian,cqr,shifted,0.5,100.0,3,3.332958646874584,2.992533851342344,9.31802634955927
0.1,3,100,49,TSCP_GWC,Gaussian,cqr,shifted,0.5,100.0,1,4.6857836721811115,4.768172684594774,14.222129041370662
0.1,3,100,49,TSCP_GWC,Gaussian,cqr,shifted,0.5,100.0,2,4.390052370489834,5.121470973391212,14.632994317272262
0.1,3,100,49,TSCP_GWC,Gaussian,cqr,shifted,0.5,100.0,3,3.332958646874584,2.992533851342344,9.31802634955927
0.1,3,100,49,Unscaled,Gaussian,cqr,raw,0.5,100.0,1,4.6857836721811115,4.699701087567347,14.08518584731581
0.1,3,100,49,Unscaled,Gaussian,cqr,raw,0.5,100.0,2,4.390052370489834,4.699701087567347,13.78945454562455
0.1,3,100,49,Unscaled,Gaussian,cqr,raw,0.5,100.0,3,3.332958646874584,4.699701087567347,12.732360822009285
0.1,3,100,49,Empirical_copula,Gaussian,cqr,raw,0.5,100.0,1,4.6857836721811115,4.629556157217822,13.944895986616773
0.1,3,100,49,Empirical_copula,Gaussian,cqr,raw,0.5,100.0,2,4.390052370489834,5.145214577831098,14.68048152615204
0.1,3,100,49,Empirical_copula,Gaussian,cqr,raw,0.5,100.0,3,3.332958646874584,2.8127882502118737,8.95853514729833
0.1,3,100,50,CQHR,Gaussian,cqr,native,0.5,100.0,1,4.845453650334079,12.685516535990185,30.216486722314162
0.1,3,100,50,CQHR,Gaussian,cqr,native,0.5,100.0,2,4.55714407533797,15.983534852013985,36.52421377936596
0.1,3,100,50,CQHR,Gaussian,cqr,native,0.5,100.0,3,3.592862635755429,12.294298925793742,28.181460487342896
0.1,3,100,50,TSCP_R,Gaussian,cqr,shifted,0.5,100.0,1,4.845453650334079,7.652742661013789,20.15093897236166
0.1,3,100,50,TSCP_R,Gaussian,cqr,shifted,0.5,100.0,2,4.55714407533797,5.4483675768968425,15.453879229131662
0.1,3,100,50,TSCP_R,Gaussian,cqr,shifted,0.5,100.0,3,3.592862635755429,3.5802571078422574,10.753376851439937
0.1,3,100,50,TSCP_GWC,Gaussian,cqr,shifted,0.5,100.0,1,4.845453650334079,7.652742661013789,20.15093897236166
0.1,3,100,50,TSCP_GWC,Gaussian,cqr,shifted,0.5,100.0,2,4.55714407533797,5.4483675768968425,15.453879229131662
0.1,3,100,50,TSCP_GWC,Gaussian,cqr,shifted,0.5,100.0,3,3.592862635755429,3.5802571078422574,10.753376851439937
0.1,3,100,50,Unscaled,Gaussian,cqr,raw,0.5,100.0,1,4.845453650334079,5.8701150147158,16.58568367976569
0.1,3,100,50,Unscaled,Gaussian,cqr,raw,0.5,100.0,2,4.55714407533797,5.8701150147158,16.297374104769585
0.1,3,100,50,Unscaled,Gaussian,cqr,raw,0.5,100.0,3,3.592862635755429,5.8701150147158,15.333092665187042
0.1,3,100,50,Empirical_copula,Gaussian,cqr,raw,0.5,100.0,1,4.845453650334079,7.655037983195648,20.15552961672537
0.1,3,100,50,Empirical_copula,Gaussian,cqr,raw,0.5,100.0,2,4.55714407533797,4.960976169595444,14.479096414528865
0.1,3,100,50,Empirical_copula,Gaussian,cqr,raw,0.5,100.0,3,3.592862635755429,3.4633438134002503,10.51955026255594
0.1,3,100,51,CQHR,Gaussian,cqr,native,0.5,100.0,1,4.816311861014451,9.26248287973795,23.341277620490434
0.1,3,100,51,CQHR,Gaussian,cqr,native,0.5,100.0,2,4.53765422935726,11.805721663387617,28.149097556132485
0.1,3,100,51,CQHR,Gaussian,cqr,native,0.5,100.0,3,3.632686873752175,9.130472986565708,21.89363284688359
0.1,3,100,51,TSCP_R,Gaussian,cqr,shifted,0.5,100.0,1,4.816311861014451,5.0938594164028785,15.004030693820205
0.1,3,100,51,TSCP_R,Gaussian,cqr,shifted,0.5,100.0,2,4.53765422935726,5.77881659937178,16.095287428100814
0.1,3,100,51,TSCP_R,Gaussian,cqr,shifted,0.5,100.0,3,3.632686873752175,3.352295258457076,10.33727739066633
0.1,3,100,51,TSCP_GWC,Gaussian,cqr,shifted,0.5,100.0,1,4.816311861014451,5.0938594164028785,15.004030693820205
0.1,3,100,51,TSCP_GWC,Gaussian,cqr,shifted,0.5,100.0,2,4.53765422935726,5.77881659937178,16.095287428100814
0.1,3,100,51,TSCP_GWC,Gaussian,cqr,shifted,0.5,100.0,3,3.632686873752175,3.352295258457076,10.33727739066633
0.1,3,100,51,Unscaled,Gaussian,cqr,raw,0.5,100.0,1,4.816311861014451,4.931338503922089,14.678988868858617
0.1,3,100,51,Unscaled,Gaussian,cqr,raw,0.5,100.0,2,4.53765422935726,4.931338503922089,14.400331237201451
0.1,3,100,51,Unscaled,Gaussian,cqr,raw,0.5,100.0,3,3.632686873752175,4.931338503922089,13.495363881596365
0.1,3,100,51,Empirical_copula,Gaussian,cqr,raw,0.5,100.0,1,4.816311861014451,4.9313385038577024,14.67898886872986
0.1,3,100,51,Empirical_copula,Gaussian,cqr,raw,0.5,100.0,2,4.53765422935726,5.264125105860376,15.06590444107803
0.1,3,100,51,Empirical_copula,Gaussian,cqr,raw,0.5,100.0,3,3.632686873752175,3.2159664700997865,10.064619813951749
0.1,3,100,52,CQHR,Gaussian,cqr,native,0.5,100.0,1,4.729111172076098,15.570464340311606,35.87003985269961
0.1,3,100,52,CQHR,Gaussian,cqr,native,0.5,100.0,2,4.55846184729771,22.860086307713605,50.27863446272487
0.1,3,100,52,CQHR,Gaussian,cqr,native,0.5,100.0,3,3.5131673004283956,16.85866040964103,37.23048811971045
0.1,3,100,52,TSCP_R,Gaussian,cqr,shifted,0.5,100.0,1,4.729111172076098,7.145202930947917,19.019517033971912
0.1,3,100,52,TSCP_R,Gaussian,cqr,shifted,0.5,100.0,2,4.55846184729771,6.61889922001609,17.796260287329893
0.1,3,100,52,TSCP_R,Gaussian,cqr,shifted,0.5,100.0,3,3.5131673004283956,4.50503464547117,12.523236591370715
0.1,3,100,52,TSCP_GWC,Gaussian,cqr,shifted,0.5,100.0,1,4.729111172076098,7.145202930947917,19.019517033971912
0.1,3,100,52,TSCP_GWC,Gaussian,cqr,shifted,0.5,100.0,2,4.55846184729771,6.61889922001609,17.796260287329893
0.1,3,100,52,TSCP_GWC,Gaussian,cqr,shifted,0.5,100.0,3,3.5131673004283956,4.50503464547117,12.523236591370715
0.1,3,100,52,Unscaled,Gaussian,cqr,raw,0.5,100.0,1,4.729111172076098,5.08585069327342,14.900812558622947
0.1,3,100,52,Unscaled,Gaussian,cqr,raw,0.5,100.0,2,4.55846184729771,5.08585069327342,14.73016323384452
0.1,3,100,52,Unscaled,Gaussian,cqr,raw,0.5,100.0,3,3.5131673004283956,5.08585069327342,13.684868686975223
0.1,3,100,52,Empirical_copula,Gaussian,cqr,raw,0.5,100.0,1,4.729111172076098,4.397719856683757,13.524550885443599
0.1,3,100,52,Empirical_copula,Gaussian,cqr,raw,0.5,100.0,2,4.55846184729771,5.782059026468884,16.12257990023546
0.1,3,100,52,Empirical_copula,Gaussian,cqr,raw,0.5,100.0,3,3.5131673004283956,3.4532154571042604,10.419598214636919
0.1,3,100,53,CQHR,Gaussian,cqr,native,0.5,100.0,1,4.640584968204652,10.46761305787982,25.575811083964222
0.1,3,100,53,CQHR,Gaussian,cqr,native,0.5,100.0,2,4.15651945335757,14.08210560332288,32.32073066000339
0.1,3,100,53,CQHR,Gaussian,cqr,native,0.5,100.0,3,3.260193799614072,9.518075332667811,22.296344464949666
0.1,3,100,53,TSCP_R,Gaussian,cqr,shifted,0.5,100.0,1,4.640584968204652,6.5597277228645225,17.76004041393372
0.1,3,100,53,TSCP_R,Gaussian,cqr,shifted,0.5,100.0,2,4.15651945335757,6.0675515944693785,16.29162264229633
0.1,3,100,53,TSCP_R,Gaussian,cqr,shifted,0.5,100.0,3,3.260193799614072,4.420720912485649,12.101635624585365
0.1,3,100,53,TSCP_GWC,Gaussian,cqr,shifted,0.5,100.0,1,4.640584968204652,6.5597277228645225,17.76004041393372
0.1,3,100,53,TSCP_GWC,Gaussian,cqr,shifted,0.5,100.0,2,4.15651945335757,6.0675515944693785,16.29162264229633
0.1,3,100,53,TSCP_GWC,Gaussian,cqr,shifted,0.5,100.0,3,3.260193799614072,4.420720912485649,12.101635624585365
0.1,3,100,53,Unscaled,Gaussian,cqr,raw,0.5,100.0,1,4.640584968204652,6.1365226916535285,16.9136303515117
0.1,3,100,53,Unscaled,Gaussian,cqr,raw,0.5,100.0,2,4.15651945335757,6.1365226916535285,16.42956483666463
0.1,3,100,53,Unscaled,Gaussian,cqr,raw,0.5,100.0,3,3.260193799614072,6.1365226916535285,15.53323918292113
0.1,3,100,53,Empirical_copula,Gaussian,cqr,raw,0.5,100.0,1,4.640584968204652,6.588941706797515,17.818468381799708
0.1,3,100,53,Empirical_copula,Gaussian,cqr,raw,0.5,100.0,2,4.15651945335757,5.9072743305537045,15.971068114464966
0.1,3,100,53,Empirical_copula,Gaussian,cqr,raw,0.5,100.0,3,3.260193799614072,3.3440704886329264,9.948334776879927
0.1,3,100,54,CQHR,Gaussian,cqr,native,0.5,100.0,1,4.624222578138676,9.86475063782805,24.35372385379453
0.1,3,100,54,CQHR,Gaussian,cqr,native,0.5,100.0,2,4.361636696215385,16.340535108094347,37.04270691240404
0.1,3,100,54,CQHR,Gaussian,cqr,native,0.5,100.0,3,3.4676985345142053,14.175410309623267,31.81851915376078
0.1,3,100,54,TSCP_R,Gaussian,cqr,shifted,0.5,100.0,1,4.624222578138676,5.511719917985204,15.647662414109076
0.1,3,100,54,TSCP_R,Gaussian,cqr,shifted,0.5,100.0,2,4.361636696215385,5.753519770601486,15.868676237418356
0.1,3,100,54,TSCP_R,Gaussian,cqr,shifted,0.5,100.0,3,3.4676985345142053,4.285848762232021,12.039396058978229
0.1,3,100,54,TSCP_GWC,Gaussian,cqr,shifted,0.5,100.0,1,4.624222578138676,5.511719917985204,15.647662414109076
0.1,3,100,54,TSCP_GWC,Gaussian,cqr,shifted,0.5,100.0,2,4.361636696215385,5.753519770601486,15.868676237418356
0.1,3,100,54,TSCP_GWC,Gaussian,cqr,shifted,0.5,100.0,3,3.4676985345142053,4.285848762232021,12.039396058978229
0.1,3,100,54,Unscaled,Gaussian,cqr,raw,0.5,100.0,1,4.624222578138676,4.854330636616304,14.332883851371285
0.1,3,100,54,Unscaled,Gaussian,cqr,raw,0.5,100.0,2,4.361636696215385,4.854330636616304,14.070297969448008
0.1,3,100,54,Unscaled,Gaussian,cqr,raw,0.5,100.0,3,3.4676985345142053,4.854330636616304,13.176359807746806
0.1,3,100,54,Empirical_copula,Gaussian,cqr,raw,0.5,100.0,1,4.624222578138676,4.7263080516865905,14.076838681511862
0.1,3,100,54,Empirical_copula,Gaussian,cqr,raw,0.5,100.0,2,4.361636696215385,6.445624020969937,17.252884738155274
0.1,3,100,54,Empirical_copula,Gaussian,cqr,raw,0.5,100.0,3,3.4676985345142053,4.181902752718656,11.831504039951522
0.1,3,100,55,CQHR,Gaussian,cqr,native,0.5,100.0,1,4.626475882741019,13.645374313235891,31.91722450921261
0.1,3,100,55,CQHR,Gaussian,cqr,native,0.5,100.0,2,4.538302336115797,17.611606150497963,39.76151463711166
0.1,3,100,55,CQHR,Gaussian,cqr,native,0.5,100.0,3,3.4068680092284813,12.084924476899767,27.576716963027998
0.1,3,100,55,TSCP_R,Gaussian,cqr,shifted,0.5,100.0,1,4.626475882741019,5.3184961832867685,15.263468249314549
0.1,3,100,55,TSCP_R,Gaussian,cqr,shifted,0.5,100.0,2,4.538302336115797,6.372596562792182,17.283495461700163
0.1,3,100,55,TSCP_R,Gaussian,cqr,shifted,0.5,100.0,3,3.4068680092284813,4.624444586628329,12.655757182485127
0.1,3,100,55,TSCP_GWC,Gaussian,cqr,shifted,0.5,100.0,1,4.626475882741019,5.3184961832867685,15.263468249314549
0.1,3,100,55,TSCP_GWC,Gaussian,cqr,shifted,0.5,100.0,2,4.538302336115797,6.372596562792182,17.283495461700163
0.1,3,100,55,TSCP_GWC,Gaussian,cqr,shifted,0.5,100.0,3,3.4068680092284813,4.624444586628329,12.655757182485127
0.1,3,100,55,Unscaled,Gaussian,cqr,raw,0.5,100.0,1,4.626475882741019,4.601578356123183,13.829632594987386
0.1,3,100,55,Unscaled,Gaussian,cqr,raw,0.5,100.0,2,4.538302336115797,4.601578356123183,13.741459048362167
0.1,3,100,55,Unscaled,Gaussian,cqr,raw,0.5,100.0,3,3.4068680092284813,4.601578356123183,12.610024721474861
0.1,3,100,55,Empirical_copula,Gaussian,cqr,raw,0.5,100.0,1,4.626475882741019,4.084496179688465,12.79546824211796
0.1,3,100,55,Empirical_copula,Gaussian,cqr,raw,0.5,100.0,2,4.538302336115797,4.6015783561064865,13.741459048328771
0.1,3,100,55,Empirical_copula,Gaussian,cqr,raw,0.5,100.0,3,3.4068680092284813,4.593281530194979,12.593431069618426
0.1,3,100,56,CQHR,Gaussian,cqr,native,0.5,100.0,1,4.865896568887718,9.3635916748059,23.593079918499306
0.1,3,100,56,CQHR,Gaussian,cqr,native,0.5,100.0,2,4.367835185969529,12.236895182764396,28.84162555149832
0.1,3,100,56,CQHR,Gaussian,cqr,native,0.5,100.0,3,3.449684527887818,8.821223373989314,21.09213127586647
0.1,3,100,56,TSCP_R,Gaussian,cqr,shifted,0.5,100.0,1,4.865896568887718,5.6034702315336915,16.072837031955086
0.1,3,100,56,TSCP_R,Gaussian,cqr,shifted,0.5,100.0,2,4.367835185969529,5.435125564917996,15.238086315805516
0.1,3,100,56,TSCP_R,Gaussian,cqr,shifted,0.5,100.0,3,3.449684527887818,3.8744346448002602,11.198553817488325
0.1,3,100,56,TSCP_GWC,Gaussian,cqr,shifted,0.5,100.0,1,4.865896568887718,5.6034702315336915,16.072837031955086
0.1,3,100,56,TSCP_GWC,Gaussian,cqr,shifted,0.5,100.0,2,4.367835185969529,5.435125564917996,15.238086315805516
0.1,3,100,56,TSCP_GWC,Gaussian,cqr,shifted,0.5,100.0,3,3.449684527887818,3.8744346448002602,11.198553817488325
0.1,3,100,56,Unscaled,Gaussian,cqr,raw,0.5,100.0,1,4.865896568887718,4.85010563580095,14.566107840489597
0.1,3,100,56,Unscaled,Gaussian,cqr,raw,0.5,100.0,2,4.367835185969529,4.85010563580095,14.068046457571432
0.1,3,100,56,Unscaled,Gaussian,cqr,raw,0.5,100.0,3,3.449684527887818,4.85010563580095,13.149895799489707
0.1,3,100,56,Empirical_copula,Gaussian,cqr,raw,0.5,100.0,1,4.865896568887718,5.593029571532419,16.051955711952544
0.1,3,100,56,Empirical_copula,Gaussian,cqr,raw,0.5,100.0,2,4.367835185969529,5.284917357477525,14.937669900924602
0.1,3,100,56,Empirical_copula,Gaussian,cqr,raw,0.5,100.0,3,3.449684527887818,3.3694521814889384,10.188588890865688
0.1,3,100,57,CQHR,Gaussian,cqr,native,0.5,100.0,1,4.812888998616729,12.649153622878424,30.11119624437327
0.1,3,100,57,CQHR,Gaussian,cqr,native,0.5,100.0,2,4.453055908738883,17.620171940920443,39.693399790579754
0.1,3,100,57,CQHR,Gaussian,cqr,native,0.5,100.0,3,3.5910749518530776,13.469596121952078,30.5302671957572
0.1,3,100,57,TSCP_R,Gaussian,cqr,shifted,0.5,100.0,1,4.812888998616729,6.115131561036634,17.043152120689996
0.1,3,100,57,TSCP_R,Gaussian,cqr,shifted,0.5,100.0,2,4.453055908738883,4.992638071972067,14.43833205268301
0.1,3,100,57,TSCP_R,Gaussian,cqr,shifted,0.5,100.0,3,3.5910749518530776,4.364080504633634,12.319235961120347
0.1,3,100,57,TSCP_GWC,Gaussian,cqr,shifted,0.5,100.0,1,4.812888998616729,6.115131561036634,17.043152120689996
0.1,3,100,57,TSCP_GWC,Gaussian,cqr,shifted,0.5,100.0,2,4.453055908738883,4.992638071972067,14.43833205268301
0.1,3,100,57,TSCP_GWC,Gaussian,cqr,shifted,0.5,100.0,3,3.5910749518530776,4.364080504633634,12.319235961120347
0.1,3,100,57,Unscaled,Gaussian,cqr,raw,0.5,100.0,1,4.812888998616729,5.383118356011962,15.57912571064065
0.1,3,100,57,Unscaled,Gaussian,cqr,raw,0.5,100.0,2,4.453055908738883,5.383118356011962,15.219292620762804
0.1,3,100,57,Unscaled,Gaussian,cqr,raw,0.5,100.0,3,3.5910749518530776,5.383118356011962,14.357311663876995
0.1,3,100,57,Empirical_copula,Gaussian,cqr,raw,0.5,100.0,1,4.812888998616729,6.271597627342995,17.35608425330272
0.1,3,100,57,Empirical_copula,Gaussian,cqr,raw,0.5,100.0,2,4.453055908738883,5.383118355914892,15.219292620568648
0.1,3,100,57,Empirical_copula,Gaussian,cqr,raw,0.5,100.0,3,3.5910749518530776,3.6886360457498877,10.968347043352868
0.1,3,100,58,CQHR,Gaussian,cqr,native,0.5,100.0,1,4.841534537412664,19.37293132355493,43.58739718452268
0.1,3,100,58,CQHR,Gaussian,cqr,native,0.5,100.0,2,4.385674897541657,22.00485183521354,48.3953785679688
0.1,3,100,58,CQHR,Gaussian,cqr,native,0.5,100.0,3,3.4273659054784154,15.916531076382674,35.26042805824374
0.1,3,100,58,TSCP_R,Gaussian,cqr,shifted,0.5,100.0,1,4.841534537412664,5.790690722337118,16.422915982086906
0.1,3,100,58,TSCP_R,Gaussian,cqr,shifted,0.5,100.0,2,4.385674897541657,3.9926805049914833,12.371035907524623
0.1,3,100,58,TSCP_R,Gaussian,cqr,shifted,0.5,100.0,3,3.4273659054784154,3.1416744103062797,9.710714726090977
0.1,3,100,58,TSCP_GWC,Gaussian,cqr,shifted,0.5,100.0,1,4.841534537412664,5.790690722337118,16.422915982086906
0.1,3,100,58,TSCP_GWC,Gaussian,cqr,shifted,0.5,100.0,2,4.385674897541657,3.9926805049914833,12.371035907524623
0.1,3,100,58,TSCP_GWC,Gaussian,cqr,shifted,0.5,100.0,3,3.4273659054784154,3.1416744103062797,9.710714726090977
0.1,3,100,58,Unscaled,Gaussian,cqr,raw,0.5,100.0,1,4.841534537412664,4.982416089473795,14.806366716360262
0.1,3,100,58,Unscaled,Gaussian,cqr,raw,0.5,100.0,2,4.385674897541657,4.982416089473795,14.350507076489242
0.1,3,100,58,Unscaled,Gaussian,cqr,raw,0.5,100.0,3,3.4273659054784154,4.982416089473795,13.392198084426004
0.1,3,100,58,Empirical_copula,Gaussian,cqr,raw,0.5,100.0,1,4.841534537412664,5.766295562350399,16.37412566211347
0.1,3,100,58,Empirical_copula,Gaussian,cqr,raw,0.5,100.0,2,4.385674897541657,3.881230164748704,12.148135227039074
0.1,3,100,58,Empirical_copula,Gaussian,cqr,raw,0.5,100.0,3,3.4273659054784154,2.878529216478144,9.184424338434702
0.1,3,100,59,CQHR,Gaussian,cqr,native,0.5,100.0,1,4.830430131447706,13.467854044186645,31.7661382198213
0.1,3,100,59,CQHR,Gaussian,cqr,native,0.5,100.0,2,4.349587524135725,18.143887004393665,40.63736153292306
0.1,3,100,59,CQHR,Gaussian,cqr,native,0.5,100.0,3,3.4592070882196078,12.57200563470624,28.603218357632088
0.1,3,100,59,TSCP_R,Gaussian,cqr,shifted,0.5,100.0,1,4.830430131447706,5.11988436857898,15.07019886860566
0.1,3,100,59,TSCP_R,Gaussian,cqr,shifted,0.5,100.0,2,4.349587524135725,4.958033020988665,14.265653566113052
0.1,3,100,59,TSCP_R,Gaussian,cqr,shifted,0.5,100.0,3,3.4592070882196078,4.317526255911616,12.094259600042852
0.1,3,100,59,TSCP_GWC,Gaussian,cqr,shifted,0.5,100.0,1,4.830430131447706,5.11988436857898,15.07019886860566
0.1,3,100,59,TSCP_GWC,Gaussian,cqr,shifted,0.5,100.0,2,4.349587524135725,4.958033020988665,14.265653566113052
0.1,3,100,59,TSCP_GWC,Gaussian,cqr,shifted,0.5,100.0,3,3.4592070882196078,4.317526255911616,12.094259600042852
0.1,3,100,59,Unscaled,Gaussian,cqr,raw,0.5,100.0,1,4.830430131447706,4.626485307395099,14.083400746237915
0.1,3,100,59,Unscaled,Gaussian,cqr,raw,0.5,100.0,2,4.349587524135725,4.626485307395099,13.602558138925916
0.1,3,100,59,Unscaled,Gaussian,cqr,raw,0.5,100.0,3,3.4592070882196078,4.626485307395099,12.712177703009813
0.1,3,100,59,Empirical_copula,Gaussian,cqr,raw,0.5,100.0,1,4.830430131447706,5.479682120250483,15.789794371948695
0.1,3,100,59,Empirical_copula,Gaussian,cqr,raw,0.5,100.0,2,4.349587524135725,4.408909521587744,13.167406567311229
0.1,3,100,59,Empirical_copula,Gaussian,cqr,raw,0.5,100.0,3,3.4592070882196078,4.626485307331933,12.712177702883485
0.1,3,100,60,CQHR,Gaussian,cqr,native,0.5,100.0,1,4.549217434481614,19.365290484438408,43.27979840335808
0.1,3,100,60,CQHR,Gaussian,cqr,native,0.5,100.0,2,4.4435899694599215,35.268393265612474,74.98037650068481
0.1,3,100,60,CQHR,Gaussian,cqr,native,0.5,100.0,3,3.348762616225984,23.458170350771695,50.26510331776941
0.1,3,100,60,TSCP_R,Gaussian,cqr,shifted,0.5,100.0,1,4.549217434481614,5.684447333796982,15.91811210207558
0.1,3,100,60,TSCP_R,Gaussian,cqr,shifted,0.5,100.0,2,4.4435899694599215,6.0116607533800135,16.46691147621994
0.1,3,100,60,TSCP_R,Gaussian,cqr,shifted,0.5,100.0,3,3.348762616225984,4.169416051239921,11.687594718705824
0.1,3,100,60,TSCP_GWC,Gaussian,cqr,shifted,0.5,100.0,1,4.549217434481614,5.684447333796982,15.91811210207558
0.1,3,100,60,TSCP_GWC,Gaussian,cqr,shifted,0.5,100.0,2,4.4435899694599215,6.0116607533800135,16.46691147621994
0.1,3,100,60,TSCP_GWC,Gaussian,cqr,shifted,0.5,100.0,3,3.348762616225984,4.169416051239921,11.687594718705824
0.1,3,100,60,Unscaled,Gaussian,cqr,raw,0.5,100.0,1,4.549217434481614,5.165698241877244,14.880613918236104
0.1,3,100,60,Unscaled,Gaussian,cqr,raw,0.5,100.0,2,4.4435899694599215,5.165698241877244,14.774986453214396
0.1,3,100,60,Unscaled,Gaussian,cqr,raw,0.5,100.0,3,3.348762616225984,5.165698241877244,13.680159099980477
0.1,3,100,60,Empirical_copula,Gaussian,cqr,raw,0.5,100.0,1,4.549217434481614,5.509599410812751,15.568416256107112
0.1,3,100,60,Empirical_copula,Gaussian,cqr,raw,0.5,100.0,2,4.4435899694599215,5.158151113247956,14.759892195955826
0.1,3,100,60,Empirical_copula,Gaussian,cqr,raw,0.5,100.0,3,3.348762616225984,2.9848962297878536,9.31855507580169
0.1,3,100,61,CQHR,Gaussian,cqr,native,0.5,100.0,1,4.84522977929176,12.385386926242,29.61600363177545
0.1,3,100,61,CQHR,Gaussian,cqr,native,0.5,100.0,2,4.598229322795044,15.010104049053089,34.61843742090124
0.1,3,100,61,CQHR,Gaussian,cqr,native,0.5,100.0,3,3.571780948390501,10.394283579190082,24.36034810677065
0.1,3,100,61,TSCP_R,Gaussian,cqr,shifted,0.5,100.0,1,4.84522977929176,5.009802368831231,14.864834516954192
0.1,3,100,61,TSCP_R,Gaussian,cqr,shifted,0.5,100.0,2,4.598229322795044,5.073160688475781,14.744550699746593
0.1,3,100,61,TSCP_R,Gaussian,cqr,shifted,0.5,100.0,3,3.571780948390501,3.8252626367885085,11.222306221967514
0.1,3,100,61,TSCP_GWC,Gaussian,cqr,shifted,0.5,100.0,1,4.84522977929176,5.009802368831231,14.864834516954192
0.1,3,100,61,TSCP_GWC,Gaussian,cqr,shifted,0.5,100.0,2,4.598229322795044,5.073160688475781,14.744550699746593
0.1,3,100,61,TSCP_GWC,Gaussian,cqr,shifted,0.5,100.0,3,3.571780948390501,3.8252626367885085,11.222306221967514
0.1,3,100,61,Unscaled,Gaussian,cqr,raw,0.5,100.0,1,4.84522977929176,4.873191724951462,14.591613229194696
0.1,3,100,61,Unscaled,Gaussian,cqr,raw,0.5,100.0,2,4.598229322795044,4.873191724951462,14.344612772697971
0.1,3,100,61,Unscaled,Gaussian,cqr,raw,0.5,100.0,3,3.571780948390501,4.873191724951462,13.318164398293412
0.1,3,100,61,Empirical_copula,Gaussian,cqr,raw,0.5,100.0,1,4.84522977929176,4.564854571063215,13.974938921418186
0.1,3,100,61,Empirical_copula,Gaussian,cqr,raw,0.5,100.0,2,4.598229322795044,5.433294235972083,15.464817794739213
0.1,3,100,61,Empirical_copula,Gaussian,cqr,raw,0.5,100.0,3,3.571780948390501,2.8583774822632506,9.288535912917006
0.1,3,100,62,CQHR,Gaussian,cqr,native,0.5,100.0,1,4.403040573122467,9.0830635736214,22.56916772036539
0.1,3,100,62,CQHR,Gaussian,cqr,native,0.5,100.0,2,4.239523695550637,14.925621644124442,34.09076698379951
0.1,3,100,62,CQHR,Gaussian,cqr,native,0.5,100.0,3,3.2449244593196136,10.305590529422135,23.85610551816385
0.1,3,100,62,TSCP_R,Gaussian,cqr,shifted,0.5,100.0,1,4.403040573122467,5.804166909532441,16.01137439218735
0.1,3,100,62,TSCP_R,Gaussian,cqr,shifted,0.5,100.0,2,4.239523695550637,5.372054926149872,14.983633547850408
0.1,3,100,62,TSCP_R,Gaussian,cqr,shifted,0.5,100.0,3,3.2449244593196136,4.099753439031616,11.44443133738284
0.1,3,100,62,TSCP_GWC,Gaussian,cqr,shifted,0.5,100.0,1,4.403040573122467,5.804166909532441,16.01137439218735
0.1,3,100,62,TSCP_GWC,Gaussian,cqr,shifted,0.5,100.0,2,4.239523695550637,5.372054926149872,14.983633547850408
0.1,3,100,62,TSCP_GWC,Gaussian,cqr,shifted,0.5,100.0,3,3.2449244593196136,4.099753439031616,11.44443133738284
0.1,3,100,62,Unscaled,Gaussian,cqr,raw,0.5,100.0,1,4.403040573122467,5.071006663548411,14.545053900219306
0.1,3,100,62,Unscaled,Gaussian,cqr,raw,0.5,100.0,2,4.239523695550637,5.071006663548411,14.381537022647475
0.1,3,100,62,Unscaled,Gaussian,cqr,raw,0.5,100.0,3,3.2449244593196136,5.071006663548411,13.386937786416421
0.1,3,100,62,Empirical_copula,Gaussian,cqr,raw,0.5,100.0,1,4.403040573122467,5.310046490677104,15.023133554476681
0.1,3,100,62,Empirical_copula,Gaussian,cqr,raw,0.5,100.0,2,4.239523695550637,5.743416995345729,15.726357686242096
0.1,3,100,62,Empirical_copula,Gaussian,cqr,raw,0.5,100.0,3,3.2449244593196136,3.9616802536629603,11.168284966645516
0.1,3,100,63,CQHR,Gaussian,cqr,native,0.5,100.0,1,4.871611596915931,16.421988244158655,37.715588085233264
0.1,3,100,63,CQHR,Gaussian,cqr,native,0.5,100.0,2,4.525751772424276,22.886333492036606,50.29841875649747
0.1,3,100,63,CQHR,Gaussian,cqr,native,0.5,100.0,3,3.6284284556756394,18.70046583931707,41.02936013430976
0.1,3,100,63,TSCP_R,Gaussian,cqr,shifted,0.5,100.0,1,4.871611596915931,5.108568860431319,15.08874931777858
0.1,3,100,63,TSCP_R,Gaussian,cqr,shifted,0.5,100.0,2,4.525751772424276,5.254762097856911,15.035275968138103
0.1,3,100,63,TSCP_R,Gaussian,cqr,shifted,0.5,100.0,3,3.6284284556756394,3.0534781467089687,9.73538474909358
0.1,3,100,63,TSCP_GWC,Gaussian,cqr,shifted,0.5,100.0,1,4.871611596915931,5.108568860431319,15.08874931777858
0.1,3,100,63,TSCP_GWC,Gaussian,cqr,shifted,0.5,100.0,2,4.525751772424276,5.254762097856911,15.035275968138103
0.1,3,100,63,TSCP_GWC,Gaussian,cqr,shifted,0.5,100.0,3,3.6284284556756394,3.0534781467089687,9.73538474909358
0.1,3,100,63,Unscaled,Gaussian,cqr,raw,0.5,100.0,1,4.871611596915931,4.659031574536921,14.189674745989754
0.1,3,100,63,Unscaled,Gaussian,cqr,raw,0.5,100.0,2,4.525751772424276,4.659031574536921,13.843814921498128
0.1,3,100,63,Unscaled,Gaussian,cqr,raw,0.5,100.0,3,3.6284284556756394,4.659031574536921,12.946491604749497
0.1,3,100,63,Empirical_copula,Gaussian,cqr,raw,0.5,100.0,1,4.871611596915931,4.675318502265273,14.222248601446472
0.1,3,100,63,Empirical_copula,Gaussian,cqr,raw,0.5,100.0,2,4.525751772424276,5.356008062844751,15.23776789811378
0.1,3,100,63,Empirical_copula,Gaussian,cqr,raw,0.5,100.0,3,3.6284284556756394,2.9809857607167185,9.590399977109078
0.1,3,100,64,CQHR,Gaussian,cqr,native,0.5,100.0,1,4.732288440791571,11.270335692652282,27.27295982609633
0.1,3,100,64,CQHR,Gaussian,cqr,native,0.5,100.0,2,4.5539079357677945,16.76763292474129,38.08917378525044
0.1,3,100,64,CQHR,Gaussian,cqr,native,0.5,100.0,3,3.5525120834235047,13.149303219287477,29.85111852199852
0.1,3,100,64,TSCP_R,Gaussian,cqr,shifted,0.5,100.0,1,4.732288440791571,6.608330515897279,17.948949472586133
0.1,3,100,64,TSCP_R,Gaussian,cqr,shifted,0.5,100.0,2,4.5539079357677945,5.815560304231752,16.185028544231304
0.1,3,100,64,TSCP_R,Gaussian,cqr,shifted,0.5,100.0,3,3.5525120834235047,4.17653931021573,11.905590703854969
0.1,3,100,64,TSCP_GWC,Gaussian,cqr,shifted,0.5,100.0,1,4.732288440791571,6.608330515897279,17.948949472586133
0.1,3,100,64,TSCP_GWC,Gaussian,cqr,shifted,0.5,100.0,2,4.5539079357677945,5.815560304231752,16.185028544231304
0.1,3,100,64,TSCP_GWC,Gaussian,cqr,shifted,0.5,100.0,3,3.5525120834235047,4.17653931021573,11.905590703854969
0.1,3,100,64,Unscaled,Gaussian,cqr,raw,0.5,100.0,1,4.732288440791571,5.807414880951332,16.34711820269423
0.1,3,100,64,Unscaled,Gaussian,cqr,raw,0.5,100.0,2,4.5539079357677945,5.807414880951332,16.168737697670462
0.1,3,100,64,Unscaled,Gaussian,cqr,raw,0.5,100.0,3,3.5525120834235047,5.807414880951332,15.167341845326176
0.1,3,100,64,Empirical_copula,Gaussian,cqr,raw,0.5,100.0,1,4.732288440791571,6.957714960818006,18.647718362427575
0.1,3,100,64,Empirical_copula,Gaussian,cqr,raw,0.5,100.0,2,4.5539079357677945,5.621526242191614,15.796960420151027
0.1,3,100,64,Empirical_copula,Gaussian,cqr,raw,0.5,100.0,3,3.5525120834235047,4.350194371066557,12.252900825556619
0.1,3,100,65,CQHR,Gaussian,cqr,native,0.5,100.0,1,4.770097166919349,12.526006037601094,29.822109242121332
0.1,3,100,65,CQHR,Gaussian,cqr,native,0.5,100.0,2,4.262077499826013,25.22363837169286,54.709354243211735
0.1,3,100,65,CQHR,Gaussian,cqr,native,0.5,100.0,3,3.5891787664135895,11.998764156580812,27.586707079575252
0.1,3,100,65,TSCP_R,Gaussian,cqr,shifted,0.5,100.0,1,4.770097166919349,5.483816363090824,15.737729893101001
0.1,3,100,65,TSCP_R,Gaussian,cqr,shifted,0.5,100.0,2,4.262077499826013,6.348921598417192,16.95992069666039
0.1,3,100,65,TSCP_R,Gaussian,cqr,shifted,0.5,100.0,3,3.5891787664135895,3.511600813015221,10.612380392444035
0.1,3,100,65,TSCP_GWC,Gaussian,cqr,shifted,0.5,100.0,1,4.770097166919349,5.483816363090824,15.737729893101001
0.1,3,100,65,TSCP_GWC,Gaussian,cqr,shifted,0.5,100.0,2,4.262077499826013,6.348921598417192,16.95992069666039
0.1,3,100,65,TSCP_GWC,Gaussian,cqr,shifted,0.5,100.0,3,3.5891787664135895,3.511600813015221,10.612380392444035
0.1,3,100,65,Unscaled,Gaussian,cqr,raw,0.5,100.0,1,4.770097166919349,5.447906345663498,15.665909858246348
0.1,3,100,65,Unscaled,Gaussian,cqr,raw,0.5,100.0,2,4.262077499826013,5.447906345663498,15.157890191153006
0.1,3,100,65,Unscaled,Gaussian,cqr,raw,0.5,100.0,3,3.5891787664135895,5.447906345663498,14.48499145774058
0.1,3,100,65,Empirical_copula,Gaussian,cqr,raw,0.5,100.0,1,4.770097166919349,5.308189298825543,15.386475764570424
0.1,3,100,65,Empirical_copula,Gaussian,cqr,raw,0.5,100.0,2,4.262077499826013,6.485915622875606,17.233908745577217
0.1,3,100,65,Empirical_copula,Gaussian,cqr,raw,0.5,100.0,3,3.5891787664135895,2.9398532161025157,9.468885198618628
0.1,3,100,66,CQHR,Gaussian,cqr,native,0.5,100.0,1,4.793393266568257,10.940889339867399,26.675171946302758
0.1,3,100,66,CQHR,Gaussian,cqr,native,0.5,100.0,2,4.437924918707024,15.417350622892979,35.27262616449297
0.1,3,100,66,CQHR,Gaussian,cqr,native,0.5,100.0,3,3.593310642268632,10.901056670330624,25.3954239829299
0.1,3,100,66,TSCP_R,Gaussian,cqr,shifted,0.5,100.0,1,4.793393266568257,6.562602478549749,17.918598223667747
0.1,3,100,66,TSCP_R,Gaussian,cqr,shifted,0.5,100.0,2,4.437924918707024,5.6538399131218,15.745604744950619
0.1,3,100,66,TSCP_R,Gaussian,cqr,shifted,0.5,100.0,3,3.593310642268632,3.210326875512621,10.013964393293865
0.1,3,100,66,TSCP_GWC,Gaussian,cqr,shifted,0.5,100.0,1,4.793393266568257,6.562602478549749,17.918598223667747
0.1,3,100,66,TSCP_GWC,Gaussian,cqr,shifted,0.5,100.0,2,4.437924918707024,5.6538399131218,15.745604744950619
0.1,3,100,66,TSCP_GWC,Gaussian,cqr,shifted,0.5,100.0,3,3.593310642268632,3.210326875512621,10.013964393293865
0.1,3,100,66,Unscaled,Gaussian,cqr,raw,0.5,100.0,1,4.793393266568257,5.4783105186193195,15.750014303806893
0.1,3,100,66,Unscaled,Gaussian,cqr,raw,0.5,100.0,2,4.437924918707024,5.4783105186193195,15.39454595594565
0.1,3,100,66,Unscaled,Gaussian,cqr,raw,0.5,100.0,3,3.593310642268632,5.4783105186193195,14.549931679507257
0.1,3,100,66,Empirical_copula,Gaussian,cqr,raw,0.5,100.0,1,4.793393266568257,5.191437086509188,15.17626743958662
0.1,3,100,66,Empirical_copula,Gaussian,cqr,raw,0.5,100.0,2,4.437924918707024,5.527228400521129,15.492381719749291
0.1,3,100,66,Empirical_copula,Gaussian,cqr,raw,0.5,100.0,3,3.593310642268632,2.2718645708860694,8.137039784040768
0.1,3,100,67,CQHR,Gaussian,cqr,native,0.5,100.0,1,4.725359029543186,8.424408183444921,21.574175396432928
0.1,3,100,67,CQHR,Gaussian,cqr,native,0.5,100.0,2,4.363352278430023,12.588190576038377,29.539733430506736
0.1,3,100,67,CQHR,Gaussian,cqr,native,0.5,100.0,3,3.466310884809442,10.098647177025896,23.663605238861265
0.1,3,100,67,TSCP_R,Gaussian,cqr,shifted,0.5,100.0,1,4.725359029543186,6.173679036739372,17.072717103021937
0.1,3,100,67,TSCP_R,Gaussian,cqr,shifted,0.5,100.0,2,4.363352278430023,5.753641641618387,15.870635561666772
0.1,3,100,67,TSCP_R,Gaussian,cqr,shifted,0.5,100.0,3,3.466310884809442,3.613012186160276,10.692335257129999
0.1,3,100,67,TSCP_GWC,Gaussian,cqr,shifted,0.5,100.0,1,4.725359029543186,6.173679036739372,17.072717103021937
0.1,3,100,67,TSCP_GWC,Gaussian,cqr,shifted,0.5,100.0,2,4.363352278430023,5.753641641618387,15.870635561666772
0.1,3,100,67,TSCP_GWC,Gaussian,cqr,shifted,0.5,100.0,3,3.466310884809442,3.613012186160276,10.692335257129999
0.1,3,100,67,Unscaled,Gaussian,cqr,raw,0.5,100.0,1,4.725359029543186,5.5861302192764155,15.897619468096021
0.1,3,100,67,Unscaled,Gaussian,cqr,raw,0.5,100.0,2,4.363352278430023,5.5861302192764155,15.53561271698285
0.1,3,100,67,Unscaled,Gaussian,cqr,raw,0.5,100.0,3,3.466310884809442,5.5861302192764155,14.638571323362278
0.1,3,100,67,Empirical_copula,Gaussian,cqr,raw,0.5,100.0,1,4.725359029543186,5.9978643202323205,16.72108767000782
0.1,3,100,67,Empirical_copula,Gaussian,cqr,raw,0.5,100.0,2,4.363352278430023,5.818213982508514,15.999780243447045
0.1,3,100,67,Empirical_copula,Gaussian,cqr,raw,0.5,100.0,3,3.466310884809442,2.9577307228325296,9.381772330474512
0.1,3,100,68,CQHR,Gaussian,cqr,native,0.5,100.0,1,4.723900753635678,10.469160797501674,25.662222348638938
0.1,3,100,68,CQHR,Gaussian,cqr,native,0.5,100.0,2,4.403837649132319,15.235555412467038,34.87494847406641
0.1,3,100,68,CQHR,Gaussian,cqr,native,0.5,100.0,3,3.6920133320316957,10.882241437908373,25.45649620784842
0.1,3,100,68,TSCP_R,Gaussian,cqr,shifted,0.5,100.0,1,4.723900753635678,5.079101272701195,14.882103299038071
0.1,3,100,68,TSCP_R,Gaussian,cqr,shifted,0.5,100.0,2,4.403837649132319,4.701486175672144,13.806810000476622
0.1,3,100,68,TSCP_R,Gaussian,cqr,shifted,0.5,100.0,3,3.6920133320316957,3.731646844691923,11.15530702141553
0.1,3,100,68,TSCP_GWC,Gaussian,cqr,shifted,0.5,100.0,1,4.723900753635678,5.079101272701195,14.882103299038071
0.1,3,100,68,TSCP_GWC,Gaussian,cqr,shifted,0.5,100.0,2,4.403837649132319,4.701486175672144,13.806810000476622
0.1,3,100,68,TSCP_GWC,Gaussian,cqr,shifted,0.5,100.0,3,3.6920133320316957,3.731646844691923,11.15530702141553
0.1,3,100,68,Unscaled,Gaussian,cqr,raw,0.5,100.0,1,4.723900753635678,4.591319115096366,13.906538983828398
0.1,3,100,68,Unscaled,Gaussian,cqr,raw,0.5,100.0,2,4.403837649132319,4.591319115096366,13.586475879325054
0.1,3,100,68,Unscaled,Gaussian,cqr,raw,0.5,100.0,3,3.6920133320316957,4.591319115096366,12.874651562224432
0.1,3,100,68,Empirical_copula,Gaussian,cqr,raw,0.5,100.0,1,4.723900753635678,4.591319115083373,13.906538983802436
0.1,3,100,68,Empirical_copula,Gaussian,cqr,raw,0.5,100.0,2,4.403837649132319,4.888059964739494,14.179957578611292
0.1,3,100,68,Empirical_copula,Gaussian,cqr,raw,0.5,100.0,3,3.6920133320316957,3.0831267323245974,9.858266796680882
0.1,3,100,69,CQHR,Gaussian,cqr,native,0.5,100.0,1,4.946116248607774,10.393533071068024,25.733182390743675
0.1,3,100,69,CQHR,Gaussian,cqr,native,0.5,100.0,2,4.589802290512212,12.65672104932059,29.903244389153357
0.1,3,100,69,CQHR,Gaussian,cqr,native,0.5,100.0,3,3.45199751007614,8.843881536090572,21.139760582257303
0.1,3,100,69,TSCP_R,Gaussian,cqr,shifted,0.5,100.0,1,4.946116248607774,4.108934406514479,13.163985061636735
0.1,3,100,69,TSCP_R,Gaussian,cqr,shifted,0.5,100.0,2,4.589802290512212,5.605873648109949,15.80154958673209
0.1,3,100,69,TSCP_R,Gaussian,cqr,shifted,0.5,100.0,3,3.45199751007614,3.5735525996610136,10.599102709398183
0.1,3,100,69,TSCP_GWC,Gaussian,cqr,shifted,0.5,100.0,1,4.946116248607774,4.108934406514479,13.163985061636735
0.1,3,100,69,TSCP_GWC,Gaussian,cqr,shifted,0.5,100.0,2,4.589802290512212,5.605873648109949,15.80154958673209
0.1,3,100,69,TSCP_GWC,Gaussian,cqr,shifted,0.5,100.0,3,3.45199751007614,3.5735525996610136,10.599102709398183
0.1,3,100,69,Unscaled,Gaussian,cqr,raw,0.5,100.0,1,4.946116248607774,4.55001992697717,14.046156102562108
0.1,3,100,69,Unscaled,Gaussian,cqr,raw,0.5,100.0,2,4.589802290512212,4.55001992697717,13.689842144466553
0.1,3,100,69,Unscaled,Gaussian,cqr,raw,0.5,100.0,3,3.45199751007614,4.55001992697717,12.552037364030493
0.1,3,100,69,Empirical_copula,Gaussian,cqr,raw,0.5,100.0,1,4.946116248607774,3.998325125986881,12.942766500581525
0.1,3,100,69,Empirical_copula,Gaussian,cqr,raw,0.5,100.0,2,4.589802290512212,5.090716468211344,14.77123522693491
0.1,3,100,69,Empirical_copula,Gaussian,cqr,raw,0.5,100.0,3,3.45199751007614,3.2042315758597653,9.860460661795656
0.1,3,100,70,CQHR,Gaussian,cqr,native,0.5,100.0,1,4.60129308127597,13.940903157997827,32.483099397271324
0.1,3,100,70,CQHR,Gaussian,cqr,native,0.5,100.0,2,4.4757360067938725,18.879559708161874,42.23485542311762
0.1,3,100,70,CQHR,Gaussian,cqr,native,0.5,100.0,3,3.4920099288755817,13.833052272853125,31.15811447458181
0.1,3,100,70,TSCP_R,Gaussian,cqr,shifted,0.5,100.0,1,4.60129308127597,6.1184874715209645,16.83826802431789
0.1,3,100,70,TSCP_R,Gaussian,cqr,shifted,0.5,100.0,2,4.4757360067938725,6.265434225168349,17.006604457130575
0.1,3,100,70,TSCP_R,Gaussian,cqr,shifted,0.5,100.0,3,3.4920099288755817,3.526266318461751,10.544542565799084
0.1,3,100,70,TSCP_GWC,Gaussian,cqr,shifted,0.5,100.0,1,4.60129308127597,6.1184874715209645,16.83826802431789
0.1,3,100,70,TSCP_GWC,Gaussian,cqr,shifted,0.5,100.0,2,4.4757360067938725,6.265434225168349,17.006604457130575
0.1,3,100,70,TSCP_GWC,Gaussian,cqr,shifted,0.5,100.0,3,3.4920099288755817,3.526266318461751,10.544542565799084
0.1,3,100,70,Unscaled,Gaussian,cqr,raw,0.5,100.0,1,4.60129308127597,4.852555408089353,14.306403897454677
0.1,3,100,70,Unscaled,Gaussian,cqr,raw,0.5,100.0,2,4.4757360067938725,4.852555408089353,14.180846822972558
0.1,3,100,70,Unscaled,Gaussian,cqr,raw,0.5,100.0,3,3.4920099288755817,4.852555408089353,13.197120745054292
0.1,3,100,70,Empirical_copula,Gaussian,cqr,raw,0.5,100.0,1,4.60129308127597,4.900723778387436,14.402740638050828
0.1,3,100,70,Empirical_copula,Gaussian,cqr,raw,0.5,100.0,2,4.4757360067938725,5.896247114737495,16.26823023626886
0.1,3,100,70,Empirical_copula,Gaussian,cqr,raw,0.5,100.0,3,3.4920099288755817,3.7155589535738693,10.923127836023324
0.1,3,100,71,CQHR,Gaussian,cqr,native,0.5,100.0,1,4.721326465692013,16.7725592070463,38.266444879784906
0.1,3,100,71,CQHR,Gaussian,cqr,native,0.5,100.0,2,4.341368782067207,20.02817890643201,44.39772659493123
0.1,3,100,71,CQHR,Gaussian,cqr,native,0.5,100.0,3,3.5250180242329354,15.054477742028084,33.63397350828906
0.1,3,100,71,TSCP_R,Gaussian,cqr,shifted,0.5,100.0,1,4.721326465692013,4.858473432726896,14.438273331145822
0.1,3,100,71,TSCP_R,Gaussian,cqr,shifted,0.5,100.0,2,4.341368782067207,4.87930288152549,14.099974545118194
0.1,3,100,71,TSCP_R,Gaussian,cqr,shifted,0.5,100.0,3,3.5250180242329354,2.4046405347795172,8.334299093791968
0.1,3,100,71,TSCP_GWC,Gaussian,cqr,shifted,0.5,100.0,1,4.721326465692013,4.858473432726896,14.438273331145822
0.1,3,100,71,TSCP_GWC,Gaussian,cqr,shifted,0.5,100.0,2,4.341368782067207,4.87930288152549,14.099974545118194
0.1,3,100,71,TSCP_GWC,Gaussian,cqr,shifted,0.5,100.0,3,3.5250180242329354,2.4046405347795172,8.334299093791968
0.1,3,100,71,Unscaled,Gaussian,cqr,raw,0.5,100.0,1,4.721326465692013,4.577882620146994,13.877091705986
0.1,3,100,71,Unscaled,Gaussian,cqr,raw,0.5,100.0,2,4.341368782067207,4.577882620146994,13.497134022361212
0.1,3,100,71,Unscaled,Gaussian,cqr,raw,0.5,100.0,3,3.5250180242329354,4.577882620146994,12.68078326452693
0.1,3,100,71,Empirical_copula,Gaussian,cqr,raw,0.5,100.0,1,4.721326465692013,4.639920156226671,14.00116677814536
0.1,3,100,71,Empirical_copula,Gaussian,cqr,raw,0.5,100.0,2,4.341368782067207,5.394584408239009,15.130537598545216
0.1,3,100,71,Empirical_copula,Gaussian,cqr,raw,0.5,100.0,3,3.5250180242329354,2.161633814515305,7.848285653263539
0.1,3,100,72,CQHR,Gaussian,cqr,native,0.5,100.0,1,4.697591678042173,11.162276528191812,27.022144734425932
0.1,3,100,72,CQHR,Gaussian,cqr,native,0.5,100.0,2,4.4510050101219845,26.527546025088615,57.506097060299155
0.1,3,100,72,CQHR,Gaussian,cqr,native,0.5,100.0,3,3.5844870063369325,18.97704842449802,41.53858385533302
0.1,3,100,72,TSCP_R,Gaussian,cqr,shifted,0.5,100.0,1,4.697591678042173,5.793707336582102,16.285006351206373
0.1,3,100,72,TSCP_R,Gaussian,cqr,shifted,0.5,100.0,2,4.4510050101219845,5.8454160178281995,16.14183704577836
0.1,3,100,72,TSCP_R,Gaussian,cqr,shifted,0.5,100.0,3,3.5844870063369325,4.912534212579516,13.409555431495967
0.1,3,100,72,TSCP_GWC,Gaussian,cqr,shifted,0.5,100.0,1,4.697591678042173,5.793707336582102,16.285006351206373
0.1,3,100,72,TSCP_GWC,Gaussian,cqr,shifted,0.5,100.0,2,4.4510050101219845,5.8454160178281995,16.14183704577836
0.1,3,100,72,TSCP_GWC,Gaussian,cqr,shifted,0.5,100.0,3,3.5844870063369325,4.912534212579516,13.409555431495967
0.1,3,100,72,Unscaled,Gaussian,cqr,raw,0.5,100.0,1,4.697591678042173,5.085430304373673,14.86845228678953
0.1,3,100,72,Unscaled,Gaussian,cqr,raw,0.5,100.0,2,4.4510050101219845,5.085430304373673,14.621865618869318
0.1,3,100,72,Unscaled,Gaussian,cqr,raw,0.5,100.0,3,3.5844870063369325,5.085430304373673,13.755347615084277
0.1,3,100,72,Empirical_copula,Gaussian,cqr,raw,0.5,100.0,1,4.697591678042173,5.137329236085726,14.97225015021363
0.1,3,100,72,Empirical_copula,Gaussian,cqr,raw,0.5,100.0,2,4.4510050101219845,4.483749966191494,13.418504942504976
0.1,3,100,72,Empirical_copula,Gaussian,cqr,raw,0.5,100.0,3,3.5844870063369325,4.7676189952873,13.119724996911543
0.1,3,100,73,CQHR,Gaussian,cqr,native,0.5,100.0,1,4.646021621166397,16.23142737699236,37.10887637515118
0.1,3,100,73,CQHR,Gaussian,cqr,native,0.5,100.0,2,4.2908140829216075,26.18356328437409,56.65794065166984
0.1,3,100,73,CQHR,Gaussian,cqr,native,0.5,100.0,3,3.2274735155581844,17.20003107975085,37.62753567505991
0.1,3,100,73,TSCP_R,Gaussian,cqr,shifted,0.5,100.0,1,4.646021621166397,5.686615561184354,16.019252743535112
0.1,3,100,73,TSCP_R,Gaussian,cqr,shifted,0.5,100.0,2,4.2908140829216075,5.021270603160886,14.333355289243379
0.1,3,100,73,TSCP_R,Gaussian,cqr,shifted,0.5,100.0,3,3.2274735155581844,2.9840278351065024,9.195529185771187
0.1,3,100,73,TSCP_GWC,Gaussian,cqr,shifted,0.5,100.0,1,4.646021621166397,5.686615561184354,16.019252743535112
0.1,3,100,73,TSCP_GWC,Gaussian,cqr,shifted,0.5,100.0,2,4.2908140829216075,5.021270603160886,14.333355289243379
0.1,3,100,73,TSCP_GWC,Gaussian,cqr,shifted,0.5,100.0,3,3.2274735155581844,2.9840278351065024,9.195529185771187
0.1,3,100,73,Unscaled,Gaussian,cqr,raw,0.5,100.0,1,4.646021621166397,5.291273561536058,15.228568744238514
0.1,3,100,73,Unscaled,Gaussian,cqr,raw,0.5,100.0,2,4.2908140829216075,5.291273561536058,14.873361205993724
0.1,3,100,73,Unscaled,Gaussian,cqr,raw,0.5,100.0,3,3.2274735155581844,5.291273561536058,13.8100206386303
0.1,3,100,73,Empirical_copula,Gaussian,cqr,raw,0.5,100.0,1,4.646021621166397,5.472929798358262,15.59188121788291
0.1,3,100,73,Empirical_copula,Gaussian,cqr,raw,0.5,100.0,2,4.2908140829216075,5.444838887677275,15.180491858276161
0.1,3,100,73,Empirical_copula,Gaussian,cqr,raw,0.5,100.0,3,3.2274735155581844,2.7162586034758487,8.659990722509885
0.1,3,100,74,CQHR,Gaussian,cqr,native,0.5,100.0,1,4.870362104560569,17.93610175081613,40.742565606192265
0.1,3,100,74,CQHR,Gaussian,cqr,native,0.5,100.0,2,4.416776074871418,23.434157126005708,51.28509032688286
0.1,3,100,74,CQHR,Gaussian,cqr,native,0.5,100.0,3,3.468196185308353,16.248646945344884,35.96549007599809
0.1,3,100,74,TSCP_R,Gaussian,cqr,shifted,0.5,100.0,1,4.870362104560569,4.458065770567018,13.7864936456946
0.1,3,100,74,TSCP_R,Gaussian,cqr,shifted,0.5,100.0,2,4.416776074871418,4.5093727095910765,13.435521494053578
0.1,3,100,74,TSCP_R,Gaussian,cqr,shifted,0.5,100.0,3,3.468196185308353,3.434322764127643,10.33684171356364
0.1,3,100,74,TSCP_GWC,Gaussian,cqr,shifted,0.5,100.0,1,4.870362104560569,4.458065770567018,13.7864936456946
0.1,3,100,74,TSCP_GWC,Gaussian,cqr,shifted,0.5,100.0,2,4.416776074871418,4.5093727095910765,13.435521494053578
0.1,3,100,74,TSCP_GWC,Gaussian,cqr,shifted,0.5,100.0,3,3.468196185308353,3.434322764127643,10.33684171356364
0.1,3,100,74,Unscaled,Gaussian,cqr,raw,0.5,100.0,1,4.870362104560569,4.330948746490068,13.532259597540708
0.1,3,100,74,Unscaled,Gaussian,cqr,raw,0.5,100.0,2,4.416776074871418,4.330948746490068,13.07867356785156
0.1,3,100,74,Unscaled,Gaussian,cqr,raw,0.5,100.0,3,3.468196185308353,4.330948746490068,12.130093678288471
0.1,3,100,74,Empirical_copula,Gaussian,cqr,raw,0.5,100.0,1,4.870362104560569,4.330948746480651,13.532259597521886
0.1,3,100,74,Empirical_copula,Gaussian,cqr,raw,0.5,100.0,2,4.416776074871418,4.555865851281165,13.528507777433752
0.1,3,100,74,Empirical_copula,Gaussian,cqr,raw,0.5,100.0,3,3.468196185308353,2.841553639482865,9.151303464274081
0.1,3,100,75,CQHR,Gaussian,cqr,native,0.5,100.0,1,4.599535071563394,7.671122972977482,19.941781017518263
0.1,3,100,75,CQHR,Gaussian,cqr,native,0.5,100.0,2,4.668100467994178,11.730722172426425,28.12954481284705
0.1,3,100,75,CQHR,Gaussian,cqr,native,0.5,100.0,3,3.4779717975005564,8.247294272192976,19.97256034188653
0.1,3,100,75,TSCP_R,Gaussian,cqr,shifted,0.5,100.0,1,4.599535071563394,4.866271119231868,14.33207731002713
0.1,3,100,75,TSCP_R,Gaussian,cqr,shifted,0.5,100.0,2,4.668100467994178,4.461158328607723,13.590417125209633
0.1,3,100,75,TSCP_R,Gaussian,cqr,shifted,0.5,100.0,3,3.4779717975005564,2.7003954950490225,8.87876278759859
0.1,3,100,75,TSCP_GWC,Gaussian,cqr,shifted,0.5,100.0,1,4.599535071563394,4.866271119231868,14.33207731002713
0.1,3,100,75,TSCP_GWC,Gaussian,cqr,shifted,0.5,100.0,2,4.668100467994178,4.461158328607723,13.590417125209633
0.1,3,100,75,TSCP_GWC,Gaussian,cqr,shifted,0.5,100.0,3,3.4779717975005564,2.7003954950490225,8.87876278759859
0.1,3,100,75,Unscaled,Gaussian,cqr,raw,0.5,100.0,1,4.599535071563394,4.403169296171336,13.405873663906071
0.1,3,100,75,Unscaled,Gaussian,cqr,raw,0.5,100.0,2,4.668100467994178,4.403169296171336,13.474439060336845
0.1,3,100,75,Unscaled,Gaussian,cqr,raw,0.5,100.0,3,3.4779717975005564,4.403169296171336,12.284310389843242
0.1,3,100,75,Empirical_copula,Gaussian,cqr,raw,0.5,100.0,1,4.599535071563394,5.215624120940781,15.030783313444957
0.1,3,100,75,Empirical_copula,Gaussian,cqr,raw,0.5,100.0,2,4.668100467994178,4.1603012263142,12.988702920622565
0.1,3,100,75,Empirical_copula,Gaussian,cqr,raw,0.5,100.0,3,3.4779717975005564,2.286914058318949,8.051799914138455
0.1,3,100,76,CQHR,Gaussian,cqr,native,0.5,100.0,1,4.493935645229996,10.955030302453173,26.403996250136103
0.1,3,100,76,CQHR,Gaussian,cqr,native,0.5,100.0,2,4.239585100438927,15.305037409820624,34.84965992008018
0.1,3,100,76,CQHR,Gaussian,cqr,native,0.5,100.0,3,3.269072422695772,11.223742481774,25.716557386243792
0.1,3,100,76,TSCP_R,Gaussian,cqr,shifted,0.5,100.0,1,4.493935645229996,6.176483968873384,16.846903582976786
0.1,3,100,76,TSCP_R,Gaussian,cqr,shifted,0.5,100.0,2,4.239585100438927,5.291444713159223,14.822474526757357
0.1,3,100,76,TSCP_R,Gaussian,cqr,shifted,0.5,100.0,3,3.269072422695772,3.5463708328476713,10.361814088391116
0.1,3,100,76,TSCP_GWC,Gaussian,cqr,shifted,0.5,100.0,1,4.493935645229996,6.176483968873384,16.846903582976786
0.1,3,100,76,TSCP_GWC,Gaussian,cqr,shifted,0.5,100.0,2,4.239585100438927,5.291444713159223,14.822474526757357
0.1,3,100,76,TSCP_GWC,Gaussian,cqr,shifted,0.5,100.0,3,3.269072422695772,3.5463708328476713,10.361814088391116
0.1,3,100,76,Unscaled,Gaussian,cqr,raw,0.5,100.0,1,4.493935645229996,4.771491411019441,14.036918467268869
0.1,3,100,76,Unscaled,Gaussian,cqr,raw,0.5,100.0,2,4.239585100438927,4.771491411019441,13.78256792247783
0.1,3,100,76,Unscaled,Gaussian,cqr,raw,0.5,100.0,3,3.269072422695772,4.771491411019441,12.812055244734655
0.1,3,100,76,Empirical_copula,Gaussian,cqr,raw,0.5,100.0,1,4.493935645229996,6.178682268053797,16.851300181337585
0.1,3,100,76,Empirical_copula,Gaussian,cqr,raw,0.5,100.0,2,4.239585100438927,4.050467870899842,12.340520842238591
0.1,3,100,76,Empirical_copula,Gaussian,cqr,raw,0.5,100.0,3,3.269072422695772,3.5435992107362324,10.356270844168234
0.1,3,100,77,CQHR,Gaussian,cqr,native,0.5,100.0,1,4.706924745604525,9.544756391554904,23.796437528714094
0.1,3,100,77,CQHR,Gaussian,cqr,native,0.5,100.0,2,4.731455824398854,12.677898835332451,30.087253495063766
0.1,3,100,77,CQHR,Gaussian,cqr,native,0.5,100.0,3,3.5118833705181447,8.837244026747458,21.186371424013092
0.1,3,100,77,TSCP_R,Gaussian,cqr,shifted,0.5,100.0,1,4.706924745604525,6.510856670472819,17.728638086550166
0.1,3,100,77,TSCP_R,Gaussian,cqr,shifted,0.5,100.0,2,4.731455824398854,6.013731724526281,16.758919273451422
0.1,3,100,77,TSCP_R,Gaussian,cqr,shifted,0.5,100.0,3,3.5118833705181447,4.190447049254786,11.892777469027722
0.1,3,100,77,TSCP_GWC,Gaussian,cqr,shifted,0.5,100.0,1,4.706924745604525,6.510856670472819,17.728638086550166
0.1,3,100,77,TSCP_GWC,Gaussian,cqr,shifted,0.5,100.0,2,4.731455824398854,6.013731724526281,16.758919273451422
0.1,3,100,77,TSCP_GWC,Gaussian,cqr,shifted,0.5,100.0,3,3.5118833705181447,4.190447049254786,11.892777469027722
0.1,3,100,77,Unscaled,Gaussian,cqr,raw,0.5,100.0,1,4.706924745604525,5.7424565732256605,16.191837892055855
0.1,3,100,77,Unscaled,Gaussian,cqr,raw,0.5,100.0,2,4.731455824398854,5.7424565732256605,16.21636897085017
0.1,3,100,77,Unscaled,Gaussian,cqr,raw,0.5,100.0,3,3.5118833705181447,5.7424565732256605,14.996796516969455
0.1,3,100,77,Empirical_copula,Gaussian,cqr,raw,0.5,100.0,1,4.706924745604525,5.55475568156859,15.816436108741728
0.1,3,100,77,Empirical_copula,Gaussian,cqr,raw,0.5,100.0,2,4.731455824398854,5.8770885361610254,16.48563289672091
0.1,3,100,77,Empirical_copula,Gaussian,cqr,raw,0.5,100.0,3,3.5118833705181447,2.784712891528798,9.081309153575743
0.1,3,100,78,CQHR,Gaussian,cqr,native,0.5,100.0,1,4.827688614249774,11.250144778754734,27.327978171759458
0.1,3,100,78,CQHR,Gaussian,cqr,native,0.5,100.0,2,4.639254859959771,27.065302429319914,58.7698597185996
0.1,3,100,78,CQHR,Gaussian,cqr,native,0.5,100.0,3,3.5157061214009104,15.623334018067647,34.76237415753628
0.1,3,100,78,TSCP_R,Gaussian,cqr,shifted,0.5,100.0,1,4.827688614249774,5.358137318367483,15.543963250984737
0.1,3,100,78,TSCP_R,Gaussian,cqr,shifted,0.5,100.0,2,4.639254859959771,5.323531374347056,15.286317608653881
0.1,3,100,78,TSCP_R,Gaussian,cqr,shifted,0.5,100.0,3,3.5157061214009104,3.207657601040637,9.931021323482186
0.1,3,100,78,TSCP_GWC,Gaussian,cqr,shifted,0.5,100.0,1,4.827688614249774,5.358137318367483,15.543963250984737
0.1,3,100,78,TSCP_GWC,Gaussian,cqr,shifted,0.5,100.0,2,4.639254859959771,5.323531374347056,15.286317608653881
0.1,3,100,78,TSCP_GWC,Gaussian,cqr,shifted,0.5,100.0,3,3.5157061214009104,3.207657601040637,9.931021323482186
0.1,3,100,78,Unscaled,Gaussian,cqr,raw,0.5,100.0,1,4.827688614249774,4.949899736677108,14.727488087603996
0.1,3,100,78,Unscaled,Gaussian,cqr,raw,0.5,100.0,2,4.639254859959771,4.949899736677108,14.539054333313992
0.1,3,100,78,Unscaled,Gaussian,cqr,raw,0.5,100.0,3,3.5157061214009104,4.949899736677108,13.415505594755121
0.1,3,100,78,Empirical_copula,Gaussian,cqr,raw,0.5,100.0,1,4.827688614249774,4.679497738785308,14.18668409182038
0.1,3,100,78,Empirical_copula,Gaussian,cqr,raw,0.5,100.0,2,4.639254859959771,5.738044076359319,16.115343012678405
0.1,3,100,78,Empirical_copula,Gaussian,cqr,raw,0.5,100.0,3,3.5157061214009104,3.0690268334284356,9.653759788257773
0.1,3,100,79,CQHR,Gaussian,cqr,native,0.5,100.0,1,4.491114027028179,15.467111631342805,35.42533728971374
0.1,3,100,79,CQHR,Gaussian,cqr,native,0.5,100.0,2,4.183984162109596,21.335978628666403,46.855941419442374
0.1,3,100,79,CQHR,Gaussian,cqr,native,0.5,100.0,3,3.2611879236359234,14.770896396874578,32.802980717385076
0.1,3,100,79,TSCP_R,Gaussian,cqr,shifted,0.5,100.0,1,4.491114027028179,6.676291115263268,17.843696257554726
0.1,3,100,79,TSCP_R,Gaussian,cqr,shifted,0.5,100.0,2,4.183984162109596,6.041421394316984,16.266826950743575
0.1,3,100,79,TSCP_R,Gaussian,cqr,shifted,0.5,100.0,3,3.2611879236359234,3.807529783193786,10.8762474900235
0.1,3,100,79,TSCP_GWC,Gaussian,cqr,shifted,0.5,100.0,1,4.491114027028179,6.676291115263268,17.843696257554726
0.1,3,100,79,TSCP_GWC,Gaussian,cqr,shifted,0.5,100.0,2,4.183984162109596,6.041421394316984,16.266826950743575
0.1,3,100,79,TSCP_GWC,Gaussian,cqr,shifted,0.5,100.0,3,3.2611879236359234,3.807529783193786,10.8762474900235
0.1,3,100,79,Unscaled,Gaussian,cqr,raw,0.5,100.0,1,4.491114027028179,5.869022676498773,16.229159380025727
0.1,3,100,79,Unscaled,Gaussian,cqr,raw,0.5,100.0,2,4.183984162109596,5.869022676498773,15.922029515107136
0.1,3,100,79,Unscaled,Gaussian,cqr,raw,0.5,100.0,3,3.2611879236359234,5.869022676498773,14.999233276633474
0.1,3,100,79,Empirical_copula,Gaussian,cqr,raw,0.5,100.0,1,4.491114027028179,6.985619926613204,18.46235388025458
0.1,3,100,79,Empirical_copula,Gaussian,cqr,raw,0.5,100.0,2,4.183984162109596,6.173084077754775,16.530152317619137
0.1,3,100,79,Empirical_copula,Gaussian,cqr,raw,0.5,100.0,3,3.2611879236359234,2.494294580678085,8.24977708499209
0.1,3,100,80,CQHR,Gaussian,cqr,native,0.5,100.0,1,4.885678408113357,11.977847466644773,28.84137334140316
0.1,3,100,80,CQHR,Gaussian,cqr,native,0.5,100.0,2,4.292828215892808,13.513092605193124,31.319013426279035
0.1,3,100,80,CQHR,Gaussian,cqr,native,0.5,100.0,3,3.355108838688718,10.131294363421432,23.61769756553164
0.1,3,100,80,TSCP_R,Gaussian,cqr,shifted,0.5,100.0,1,4.885678408113357,6.510335343240101,17.90634909459356
0.1,3,100,80,TSCP_R,Gaussian,cqr,shifted,0.5,100.0,2,4.292828215892808,5.1819061104916955,14.656640436876195
0.1,3,100,80,TSCP_R,Gaussian,cqr,shifted,0.5,100.0,3,3.355108838688718,3.113321500094841,9.581751838878402
0.1,3,100,80,TSCP_GWC,Gaussian,cqr,shifted,0.5,100.0,1,4.885678408113357,6.510335343240101,17.90634909459356
0.1,3,100,80,TSCP_GWC,Gaussian,cqr,shifted,0.5,100.0,2,4.292828215892808,5.1819061104916955,14.656640436876195
0.1,3,100,80,TSCP_GWC,Gaussian,cqr,shifted,0.5,100.0,3,3.355108838688718,3.113321500094841,9.581751838878402
0.1,3,100,80,Unscaled,Gaussian,cqr,raw,0.5,100.0,1,4.885678408113357,4.930361590906355,14.746401589926087
0.1,3,100,80,Unscaled,Gaussian,cqr,raw,0.5,100.0,2,4.292828215892808,4.930361590906355,14.153551397705511
0.1,3,100,80,Unscaled,Gaussian,cqr,raw,0.5,100.0,3,3.355108838688718,4.930361590906355,13.21583202050143
0.1,3,100,80,Empirical_copula,Gaussian,cqr,raw,0.5,100.0,1,4.885678408113357,6.272967248326749,17.431612904766844
0.1,3,100,80,Empirical_copula,Gaussian,cqr,raw,0.5,100.0,2,4.292828215892808,5.0557187228881855,14.404265661669172
0.1,3,100,80,Empirical_copula,Gaussian,cqr,raw,0.5,100.0,3,3.355108838688718,3.3018198173926763,9.95874847347407
0.1,3,100,81,CQHR,Gaussian,cqr,native,0.5,100.0,1,4.710854590815603,13.328922605945138,31.368699802706143
0.1,3,100,81,CQHR,Gaussian,cqr,native,0.5,100.0,2,4.390250720986938,19.546491197732735,43.48323311645234
0.1,3,100,81,CQHR,Gaussian,cqr,native,0.5,100.0,3,3.3225016305210793,13.699724184571378,30.721949999663842
0.1,3,100,81,TSCP_R,Gaussian,cqr,shifted,0.5,100.0,1,4.710854590815603,4.755328803919156,14.221512198653924
0.1,3,100,81,TSCP_R,Gaussian,cqr,shifted,0.5,100.0,2,4.390250720986938,4.656366787980772,13.70298429694849
0.1,3,100,81,TSCP_R,Gaussian,cqr,shifted,0.5,100.0,3,3.3225016305210793,3.3799503473707233,10.082402325262526
0.1,3,100,81,TSCP_GWC,Gaussian,cqr,shifted,0.5,100.0,1,4.710854590815603,4.755328803919156,14.221512198653924
0.1,3,100,81,TSCP_GWC,Gaussian,cqr,shifted,0.5,100.0,2,4.390250720986938,4.656366787980772,13.70298429694849
0.1,3,100,81,TSCP_GWC,Gaussian,cqr,shifted,0.5,100.0,3,3.3225016305210793,3.3799503473707233,10.082402325262526
0.1,3,100,81,Unscaled,Gaussian,cqr,raw,0.5,100.0,1,4.710854590815603,4.409050636197687,13.528955863210994
0.1,3,100,81,Unscaled,Gaussian,cqr,raw,0.5,100.0,2,4.390250720986938,4.409050636197687,13.208351993382314
0.1,3,100,81,Unscaled,Gaussian,cqr,raw,0.5,100.0,3,3.3225016305210793,4.409050636197687,12.140602902916452
0.1,3,100,81,Empirical_copula,Gaussian,cqr,raw,0.5,100.0,1,4.710854590815603,5.72414677172311,16.15914813426184
0.1,3,100,81,Empirical_copula,Gaussian,cqr,raw,0.5,100.0,2,4.390250720986938,4.666809517043514,13.723869755073965
0.1,3,100,81,Empirical_copula,Gaussian,cqr,raw,0.5,100.0,3,3.3225016305210793,2.9760300557097743,9.274561741940627
0.1,3,100,82,CQHR,Gaussian,cqr,native,0.5,100.0,1,4.771578205731625,15.79016692059913,36.35191204692986
0.1,3,100,82,CQHR,Gaussian,cqr,native,0.5,100.0,2,4.364127266705996,18.9300137794972,42.224154825700396
0.1,3,100,82,CQHR,Gaussian,cqr,native,0.5,100.0,3,3.473295516110926,14.137276512001105,31.74784854011315
0.1,3,100,82,TSCP_R,Gaussian,cqr,shifted,0.5,100.0,1,4.771578205731625,5.591308316728728,15.954194839189068
0.1,3,100,82,TSCP_R,Gaussian,cqr,shifted,0.5,100.0,2,4.364127266705996,4.56999338380875,13.504114034323498
0.1,3,100,82,TSCP_R,Gaussian,cqr,shifted,0.5,100.0,3,3.473295516110926,4.381817959244046,12.236931434599018
0.1,3,100,82,TSCP_GWC,Gaussian,cqr,shifted,0.5,100.0,1,4.771578205731625,5.591308316728728,15.954194839189068
0.1,3,100,82,TSCP_GWC,Gaussian,cqr,shifted,0.5,100.0,2,4.364127266705996,4.56999338380875,13.504114034323498
0.1,3,100,82,TSCP_GWC,Gaussian,cqr,shifted,0.5,100.0,3,3.473295516110926,4.381817959244046,12.236931434599018
0.1,3,100,82,Unscaled,Gaussian,cqr,raw,0.5,100.0,1,4.771578205731625,5.350757727218632,15.47309366016889
0.1,3,100,82,Unscaled,Gaussian,cqr,raw,0.5,100.0,2,4.364127266705996,5.350757727218632,15.065642721143256
0.1,3,100,82,Unscaled,Gaussian,cqr,raw,0.5,100.0,3,3.473295516110926,5.350757727218632,14.174810970548194
0.1,3,100,82,Empirical_copula,Gaussian,cqr,raw,0.5,100.0,1,4.771578205731625,5.682551817087479,16.136681839906547
0.1,3,100,82,Empirical_copula,Gaussian,cqr,raw,0.5,100.0,2,4.364127266705996,5.452130623780073,15.268388514266128
0.1,3,100,82,Empirical_copula,Gaussian,cqr,raw,0.5,100.0,3,3.473295516110926,3.528610370293764,10.530516256698457
0.1,3,100,83,CQHR,Gaussian,cqr,native,0.5,100.0,1,4.79092015703959,23.027707725018047,50.846335607076206
0.1,3,100,83,CQHR,Gaussian,cqr,native,0.5,100.0,2,4.153422202869162,27.88148555006597,59.91639330300106
0.1,3,100,83,CQHR,Gaussian,cqr,native,0.5,100.0,3,3.3629579027847174,20.560925638623726,44.48480918003215
0.1,3,100,83,TSCP_R,Gaussian,cqr,shifted,0.5,100.0,1,4.79092015703959,6.190076103562262,17.171072364164115
0.1,3,100,83,TSCP_R,Gaussian,cqr,shifted,0.5,100.0,2,4.153422202869162,4.920780406305241,13.994983015479653
0.1,3,100,83,TSCP_R,Gaussian,cqr,shifted,0.5,100.0,3,3.3629579027847174,3.131985860987726,9.626929624760175
0.1,3,100,83,TSCP_GWC,Gaussian,cqr,shifted,0.5,100.0,1,4.79092015703959,6.190076103562262,17.171072364164115
0.1,3,100,83,TSCP_GWC,Gaussian,cqr,shifted,0.5,100.0,2,4.153422202869162,4.920780406305241,13.994983015479653
0.1,3,100,83,TSCP_GWC,Gaussian,cqr,shifted,0.5,100.0,3,3.3629579027847174,3.131985860987726,9.626929624760175
0.1,3,100,83,Unscaled,Gaussian,cqr,raw,0.5,100.0,1,4.79092015703959,5.788888383114688,16.368696923268956
0.1,3,100,83,Unscaled,Gaussian,cqr,raw,0.5,100.0,2,4.153422202869162,5.788888383114688,15.731198969098541
0.1,3,100,83,Unscaled,Gaussian,cqr,raw,0.5,100.0,3,3.3629579027847174,5.788888383114688,14.940734669014097
0.1,3,100,83,Empirical_copula,Gaussian,cqr,raw,0.5,100.0,1,4.79092015703959,6.601346325395751,17.993612807831084
0.1,3,100,83,Empirical_copula,Gaussian,cqr,raw,0.5,100.0,2,4.153422202869162,5.641948080569907,15.437318364008986
0.1,3,100,83,Empirical_copula,Gaussian,cqr,raw,0.5,100.0,3,3.3629579027847174,2.468258591385535,8.29947508555579
0.1,3,100,84,CQHR,Gaussian,cqr,native,0.5,100.0,1,4.712524414990745,6.905922138743756,18.524368692478127
0.1,3,100,84,CQHR,Gaussian,cqr,native,0.5,100.0,2,4.60197808757796,9.406504372303997,23.41498683218595
0.1,3,100,84,CQHR,Gaussian,cqr,native,0.5,100.0,3,3.624230954503981,7.3722191649584605,18.36866928442091
0.1,3,100,84,TSCP_R,Gaussian,cqr,shifted,0.5,100.0,1,4.712524414990745,4.612149297944185,13.936823010879118
0.1,3,100,84,TSCP_R,Gaussian,cqr,shifted,0.5,100.0,2,4.60197808757796,5.136613185827784,14.875204459233519
0.1,3,100,84,TSCP_R,Gaussian,cqr,shifted,0.5,100.0,3,3.624230954503981,3.271127081331315,10.166485117166618
0.1,3,100,84,TSCP_GWC,Gaussian,cqr,shifted,0.5,100.0,1,4.712524414990745,4.612149297944185,13.936823010879118
0.1,3,100,84,TSCP_GWC,Gaussian,cqr,shifted,0.5,100.0,2,4.60197808757796,5.136613185827784,14.875204459233519
0.1,3,100,84,TSCP_GWC,Gaussian,cqr,shifted,0.5,100.0,3,3.624230954503981,3.271127081331315,10.166485117166618
0.1,3,100,84,Unscaled,Gaussian,cqr,raw,0.5,100.0,1,4.712524414990745,4.586936093961044,13.886396602912837
0.1,3,100,84,Unscaled,Gaussian,cqr,raw,0.5,100.0,2,4.60197808757796,4.586936093961044,13.775850275500064
0.1,3,100,84,Unscaled,Gaussian,cqr,raw,0.5,100.0,3,3.624230954503981,4.586936093961044,12.79810314242607
0.1,3,100,84,Empirical_copula,Gaussian,cqr,raw,0.5,100.0,1,4.712524414990745,4.110808351118072,12.93414111722689
0.1,3,100,84,Empirical_copula,Gaussian,cqr,raw,0.5,100.0,2,4.60197808757796,5.266969676815055,15.135917441208072
0.1,3,100,84,Empirical_copula,Gaussian,cqr,raw,0.5,100.0,3,3.624230954503981,3.166004007280751,9.956238969065492
0.1,3,100,85,CQHR,Gaussian,cqr,native,0.5,100.0,1,4.758239759474637,12.201840497313048,29.161920754100606
0.1,3,100,85,CQHR,Gaussian,cqr,native,0.5,100.0,2,4.197737155359671,14.894641222272464,33.98701959990454
0.1,3,100,85,CQHR,Gaussian,cqr,native,0.5,100.0,3,3.381490181620605,11.362234088593652,26.105958358807932
0.1,3,100,85,TSCP_R,Gaussian,cqr,shifted,0.5,100.0,1,4.758239759474637,6.73929061612597,18.236820991726574
0.1,3,100,85,TSCP_R,Gaussian,cqr,shifted,0.5,100.0,2,4.197737155359671,5.318769169873846,14.835275495107355
0.1,3,100,85,TSCP_R,Gaussian,cqr,shifted,0.5,100.0,3,3.381490181620605,4.1213695708324,11.62422932328539
0.1,3,100,85,TSCP_GWC,Gaussian,cqr,shifted,0.5,100.0,1,4.758239759474637,6.73929061612597,18.236820991726574
0.1,3,100,85,TSCP_GWC,Gaussian,cqr,shifted,0.5,100.0,2,4.197737155359671,5.318769169873846,14.835275495107355
0.1,3,100,85,TSCP_GWC,Gaussian,cqr,shifted,0.5,100.0,3,3.381490181620605,4.1213695708324,11.62422932328539
0.1,3,100,85,Unscaled,Gaussian,cqr,raw,0.5,100.0,1,4.758239759474637,5.317687701940394,15.393615163355419
0.1,3,100,85,Unscaled,Gaussian,cqr,raw,0.5,100.0,2,4.197737155359671,5.317687701940394,14.833112559240462
0.1,3,100,85,Unscaled,Gaussian,cqr,raw,0.5,100.0,3,3.381490181620605,5.317687701940394,14.016865585501385
0.1,3,100,85,Empirical_copula,Gaussian,cqr,raw,0.5,100.0,1,4.758239759474637,6.483952801388774,17.726145362252186
0.1,3,100,85,Empirical_copula,Gaussian,cqr,raw,0.5,100.0,2,4.197737155359671,5.08712028146415,14.371977718287978
0.1,3,100,85,Empirical_copula,Gaussian,cqr,raw,0.5,100.0,3,3.381490181620605,3.407942968951655,10.197376119523911
0.1,3,100,86,CQHR,Gaussian,cqr,native,0.5,100.0,1,4.837805593616852,14.220963459388345,33.27973251239374
0.1,3,100,86,CQHR,Gaussian,cqr,native,0.5,100.0,2,4.182554182189958,19.506752011286917,43.19605820476381
0.1,3,100,86,CQHR,Gaussian,cqr,native,0.5,100.0,3,3.3389737949526137,13.028791507240069,29.396556809432763
0.1,3,100,86,TSCP_R,Gaussian,cqr,shifted,0.5,100.0,1,4.837805593616852,4.956249629141084,14.75030485189903
0.1,3,100,86,TSCP_R,Gaussian,cqr,shifted,0.5,100.0,2,4.182554182189958,4.063392717926249,12.309339618042449
0.1,3,100,86,TSCP_R,Gaussian,cqr,shifted,0.5,100.0,3,3.3389737949526137,2.7472802824625973,8.833534359877804
0.1,3,100,86,TSCP_GWC,Gaussian,cqr,shifted,0.5,100.0,1,4.837805593616852,4.956249629141084,14.75030485189903
0.1,3,100,86,TSCP_GWC,Gaussian,cqr,shifted,0.5,100.0,2,4.182554182189958,4.063392717926249,12.309339618042449
0.1,3,100,86,TSCP_GWC,Gaussian,cqr,shifted,0.5,100.0,3,3.3389737949526137,2.7472802824625973,8.833534359877804
0.1,3,100,86,Unscaled,Gaussian,cqr,raw,0.5,100.0,1,4.837805593616852,4.439391059974233,13.716587713565326
0.1,3,100,86,Unscaled,Gaussian,cqr,raw,0.5,100.0,2,4.182554182189958,4.439391059974233,13.06133630213842
0.1,3,100,86,Unscaled,Gaussian,cqr,raw,0.5,100.0,3,3.3389737949526137,4.439391059974233,12.217755914901065
0.1,3,100,86,Empirical_copula,Gaussian,cqr,raw,0.5,100.0,1,4.837805593616852,5.203654910617699,15.245115414852238
0.1,3,100,86,Empirical_copula,Gaussian,cqr,raw,0.5,100.0,2,4.182554182189958,3.9422470134692436,12.067048209128451
0.1,3,100,86,Empirical_copula,Gaussian,cqr,raw,0.5,100.0,3,3.3389737949526137,2.384568017958483,8.10810983086957
0.1,3,100,87,CQHR,Gaussian,cqr,native,0.5,100.0,1,4.846121693997618,14.09913419243933,33.044390078876546
0.1,3,100,87,CQHR,Gaussian,cqr,native,0.5,100.0,2,4.277869033854288,19.11569215922285,42.509253352299964
0.1,3,100,87,CQHR,Gaussian,cqr,native,0.5,100.0,3,3.3318361096302094,17.347388945591433,38.026614000813105
0.1,3,100,87,TSCP_R,Gaussian,cqr,shifted,0.5,100.0,1,4.846121693997618,7.82022322347845,20.486568140954496
0.1,3,100,87,TSCP_R,Gaussian,cqr,shifted,0.5,100.0,2,4.277869033854288,5.803130771457575,15.884130576769442
0.1,3,100,87,TSCP_R,Gaussian,cqr,shifted,0.5,100.0,3,3.3318361096302094,4.606510939771255,12.54485798917271
0.1,3,100,87,TSCP_GWC,Gaussian,cqr,shifted,0.5,100.0,1,4.846121693997618,7.82022322347845,20.486568140954496
0.1,3,100,87,TSCP_GWC,Gaussian,cqr,shifted,0.5,100.0,2,4.277869033854288,5.803130771457575,15.884130576769442
0.1,3,100,87,TSCP_GWC,Gaussian,cqr,shifted,0.5,100.0,3,3.3318361096302094,4.606510939771255,12.54485798917271
0.1,3,100,87,Unscaled,Gaussian,cqr,raw,0.5,100.0,1,4.846121693997618,5.295620563986133,15.437362821969874
0.1,3,100,87,Unscaled,Gaussian,cqr,raw,0.5,100.0,2,4.277869033854288,5.295620563986133,14.869110161826551
0.1,3,100,87,Unscaled,Gaussian,cqr,raw,0.5,100.0,3,3.3318361096302094,5.295620563986133,13.923077237602486
0.1,3,100,87,Empirical_copula,Gaussian,cqr,raw,0.5,100.0,1,4.846121693997618,7.846178065482388,20.538477824962367
0.1,3,100,87,Empirical_copula,Gaussian,cqr,raw,0.5,100.0,2,4.277869033854288,5.295620563936028,14.869110161726352
0.1,3,100,87,Empirical_copula,Gaussian,cqr,raw,0.5,100.0,3,3.3318361096302094,3.957250427277211,11.24633696418462
0.1,3,100,88,CQHR,Gaussian,cqr,native,0.5,100.0,1,4.694874182042341,13.199319887738788,31.09351395751979
0.1,3,100,88,CQHR,Gaussian,cqr,native,0.5,100.0,2,4.45304946620348,19.056493408990818,42.56603628418513
0.1,3,100,88,CQHR,Gaussian,cqr,native,0.5,100.0,3,3.598030759462096,16.40752969962772,36.4130901587175
0.1,3,100,88,TSCP_R,Gaussian,cqr,shifted,0.5,100.0,1,4.694874182042341,6.975730305238514,18.646334792519365
0.1,3,100,88,TSCP_R,Gaussian,cqr,shifted,0.5,100.0,2,4.45304946620348,5.766435455476099,15.985920377155665
0.1,3,100,88,TSCP_R,Gaussian,cqr,shifted,0.5,100.0,3,3.598030759462096,3.8865277854996236,11.371086330461331
0.1,3,100,88,TSCP_GWC,Gaussian,cqr,shifted,0.5,100.0,1,4.694874182042341,6.975730305238514,18.646334792519365
0.1,3,100,88,TSCP_GWC,Gaussian,cqr,shifted,0.5,100.0,2,4.45304946620348,5.766435455476099,15.985920377155665
0.1,3,100,88,TSCP_GWC,Gaussian,cqr,shifted,0.5,100.0,3,3.598030759462096,3.8865277854996236,11.371086330461331
0.1,3,100,88,Unscaled,Gaussian,cqr,raw,0.5,100.0,1,4.694874182042341,5.330590336020137,15.356054854082613
0.1,3,100,88,Unscaled,Gaussian,cqr,raw,0.5,100.0,2,4.45304946620348,5.330590336020137,15.114230138243736
0.1,3,100,88,Unscaled,Gaussian,cqr,raw,0.5,100.0,3,3.598030759462096,5.330590336020137,14.25921143150236
0.1,3,100,88,Empirical_copula,Gaussian,cqr,raw,0.5,100.0,1,4.694874182042341,5.8655105949543085,16.42589537195097
0.1,3,100,88,Empirical_copula,Gaussian,cqr,raw,0.5,100.0,2,4.45304946620348,4.675487384535449,13.80402423527437
0.1,3,100,88,Empirical_copula,Gaussian,cqr,raw,0.5,100.0,3,3.598030759462096,3.8648002656444653,11.327631290751015
0.1,3,100,89,CQHR,Gaussian,cqr,native,0.5,100.0,1,4.653771055078505,12.713556206312155,30.080883467702595
0.1,3,100,89,CQHR,Gaussian,cqr,native,0.5,100.0,2,4.2304167780892215,16.000651235845186,36.23171924977955
0.1,3,100,89,CQHR,Gaussian,cqr,native,0.5,100.0,3,3.280833839480099,11.232160778698079,25.74515539687626
0.1,3,100,89,TSCP_R,Gaussian,cqr,shifted,0.5,100.0,1,4.653771055078505,6.186091155402579,17.025953365883648
0.1,3,100,89,TSCP_R,Gaussian,cqr,shifted,0.5,100.0,2,4.2304167780892215,4.119155963178855,12.46872870444693
0.1,3,100,89,TSCP_R,Gaussian,cqr,shifted,0.5,100.0,3,3.280833839480099,2.8304664678351372,8.941766775150382
0.1,3,100,89,TSCP_GWC,Gaussian,cqr,shifted,0.5,100.0,1,4.653771055078505,6.186091155402579,17.025953365883648
0.1,3,100,89,TSCP_GWC,Gaussian,cqr,shifted,0.5,100.0,2,4.2304167780892215,4.119155963178855,12.46872870444693
0.1,3,100,89,TSCP_GWC,Gaussian,cqr,shifted,0.5,100.0,3,3.280833839480099,2.8304664678351372,8.941766775150382
0.1,3,100,89,Unscaled,Gaussian,cqr,raw,0.5,100.0,1,4.653771055078505,5.116209707997871,14.886190471074245
0.1,3,100,89,Unscaled,Gaussian,cqr,raw,0.5,100.0,2,4.2304167780892215,5.116209707997871,14.462836194084957
0.1,3,100,89,Unscaled,Gaussian,cqr,raw,0.5,100.0,3,3.280833839480099,5.116209707997871,13.513253255475837
0.1,3,100,89,Empirical_copula,Gaussian,cqr,raw,0.5,100.0,1,4.653771055078505,5.755901252755132,16.165573560588783
0.1,3,100,89,Empirical_copula,Gaussian,cqr,raw,0.5,100.0,2,4.2304167780892215,4.40477296238994,13.0399627028691
0.1,3,100,89,Empirical_copula,Gaussian,cqr,raw,0.5,100.0,3,3.280833839480099,2.280098830330122,7.8410315001403506
0.1,3,100,90,CQHR,Gaussian,cqr,native,0.5,100.0,1,4.983468444282274,8.90232440352492,22.788117251332046
0.1,3,100,90,CQHR,Gaussian,cqr,native,0.5,100.0,2,4.667376097825495,14.013550945053924,32.69447798793333
0.1,3,100,90,CQHR,Gaussian,cqr,native,0.5,100.0,3,3.4881633853151652,15.113280720659846,33.71472482663488
0.1,3,100,90,TSCP_R,Gaussian,cqr,shifted,0.5,100.0,1,4.983468444282274,4.256345126247879,13.496158696778043
0.1,3,100,90,TSCP_R,Gaussian,cqr,shifted,0.5,100.0,2,4.667376097825495,4.2250384994718075,13.117453096769097
0.1,3,100,90,TSCP_R,Gaussian,cqr,shifted,0.5,100.0,3,3.4881633853151652,2.9891169268821187,9.466397239079406
0.1,3,100,90,TSCP_GWC,Gaussian,cqr,shifted,0.5,100.0,1,4.983468444282274,4.256345126247879,13.496158696778043
0.1,3,100,90,TSCP_GWC,Gaussian,cqr,shifted,0.5,100.0,2,4.667376097825495,4.2250384994718075,13.117453096769097
0.1,3,100,90,TSCP_GWC,Gaussian,cqr,shifted,0.5,100.0,3,3.4881633853151652,2.9891169268821187,9.466397239079406
0.1,3,100,90,Unscaled,Gaussian,cqr,raw,0.5,100.0,1,4.983468444282274,4.082676927139112,13.148822298560509
0.1,3,100,90,Unscaled,Gaussian,cqr,raw,0.5,100.0,2,4.667376097825495,4.082676927139112,12.832729952103726
0.1,3,100,90,Unscaled,Gaussian,cqr,raw,0.5,100.0,3,3.4881633853151652,4.082676927139112,11.653517239593397
0.1,3,100,90,Empirical_copula,Gaussian,cqr,raw,0.5,100.0,1,4.983468444282274,4.910148183073353,14.803764810428984
0.1,3,100,90,Empirical_copula,Gaussian,cqr,raw,0.5,100.0,2,4.667376097825495,4.082676927123881,12.832729952073246
0.1,3,100,90,Empirical_copula,Gaussian,cqr,raw,0.5,100.0,3,3.4881633853151652,2.8876359211901157,9.263435227695394
0.1,3,100,91,CQHR,Gaussian,cqr,native,0.5,100.0,1,4.765267291189783,12.492881829299225,29.75103094978829
0.1,3,100,91,CQHR,Gaussian,cqr,native,0.5,100.0,2,4.652082827367119,19.69681647251651,44.045715772400115
0.1,3,100,91,CQHR,Gaussian,cqr,native,0.5,100.0,3,3.5036486048986446,12.455513770345762,28.414676145590196
0.1,3,100,91,TSCP_R,Gaussian,cqr,shifted,0.5,100.0,1,4.765267291189783,5.4061125253333415,15.57749234185645
0.1,3,100,91,TSCP_R,Gaussian,cqr,shifted,0.5,100.0,2,4.652082827367119,4.419290419769467,13.490663666906057
0.1,3,100,91,TSCP_R,Gaussian,cqr,shifted,0.5,100.0,3,3.5036486048986446,3.7124033027524916,10.928455210403625
0.1,3,100,91,TSCP_GWC,Gaussian,cqr,shifted,0.5,100.0,1,4.765267291189783,5.4061125253333415,15.57749234185645
0.1,3,100,91,TSCP_GWC,Gaussian,cqr,shifted,0.5,100.0,2,4.652082827367119,4.419290419769467,13.490663666906057
0.1,3,100,91,TSCP_GWC,Gaussian,cqr,shifted,0.5,100.0,3,3.5036486048986446,3.7124033027524916,10.928455210403625
0.1,3,100,91,Unscaled,Gaussian,cqr,raw,0.5,100.0,1,4.765267291189783,4.420116110167551,13.605499511524869
0.1,3,100,91,Unscaled,Gaussian,cqr,raw,0.5,100.0,2,4.652082827367119,4.420116110167551,13.492315047702217
0.1,3,100,91,Unscaled,Gaussian,cqr,raw,0.5,100.0,3,3.5036486048986446,4.420116110167551,12.343880825233729
0.1,3,100,91,Empirical_copula,Gaussian,cqr,raw,0.5,100.0,1,4.765267291189783,5.2494756870654165,15.264218665320607
0.1,3,100,91,Empirical_copula,Gaussian,cqr,raw,0.5,100.0,2,4.652082827367119,3.661772988915783,11.975628805198667
0.1,3,100,91,Empirical_copula,Gaussian,cqr,raw,0.5,100.0,3,3.5036486048986446,3.146135462312774,9.795919529524186
0.1,3,100,92,CQHR,Gaussian,cqr,native,0.5,100.0,1,4.682146215004884,9.722636540546779,24.12741929609852
0.1,3,100,92,CQHR,Gaussian,cqr,native,0.5,100.0,2,4.45497336739021,16.345708448431274,37.14639026425274
0.1,3,100,92,CQHR,Gaussian,cqr,native,0.5,100.0,3,3.6790031140962407,9.801849129705396,23.28270137350704
0.1,3,100,92,TSCP_R,Gaussian,cqr,shifted,0.5,100.0,1,4.682146215004884,5.6326362279187805,15.947418670842444
0.1,3,100,92,TSCP_R,Gaussian,cqr,shifted,0.5,100.0,2,4.45497336739021,4.92999901643725,14.314971400264703
0.1,3,100,92,TSCP_R,Gaussian,cqr,shifted,0.5,100.0,3,3.6790031140962407,3.4729548479817254,10.624912810059696
0.1,3,100,92,TSCP_GWC,Gaussian,cqr,shifted,0.5,100.0,1,4.682146215004884,5.6326362279187805,15.947418670842444
0.1,3,100,92,TSCP_GWC,Gaussian,cqr,shifted,0.5,100.0,2,4.45497336739021,4.92999901643725,14.314971400264703
0.1,3,100,92,TSCP_GWC,Gaussian,cqr,shifted,0.5,100.0,3,3.6790031140962407,3.4729548479817254,10.624912810059696
0.1,3,100,92,Unscaled,Gaussian,cqr,raw,0.5,100.0,1,4.682146215004884,4.790552887716688,14.263251990438269
0.1,3,100,92,Unscaled,Gaussian,cqr,raw,0.5,100.0,2,4.45497336739021,4.790552887716688,14.03607914282358
0.1,3,100,92,Unscaled,Gaussian,cqr,raw,0.5,100.0,3,3.6790031140962407,4.790552887716688,13.260108889529617
0.1,3,100,92,Empirical_copula,Gaussian,cqr,raw,0.5,100.0,1,4.682146215004884,4.790552887653659,14.263251990312208
0.1,3,100,92,Empirical_copula,Gaussian,cqr,raw,0.5,100.0,2,4.45497336739021,4.804978935363984,14.064931238118152
0.1,3,100,92,Empirical_copula,Gaussian,cqr,raw,0.5,100.0,3,3.6790031140962407,3.0809056467060287,9.840814407508308
0.1,3,100,93,CQHR,Gaussian,cqr,native,0.5,100.0,1,4.860713460131098,16.426765773537955,37.714245007206564
0.1,3,100,93,CQHR,Gaussian,cqr,native,0.5,100.0,2,4.602324642207719,19.78124779970132,44.16482024161039
0.1,3,100,93,CQHR,Gaussian,cqr,native,0.5,100.0,3,3.675871182876497,14.515772287533864,32.707415757944275
0.1,3,100,93,TSCP_R,Gaussian,cqr,shifted,0.5,100.0,1,4.860713460131098,8.318252161625736,21.49721778338255
0.1,3,100,93,TSCP_R,Gaussian,cqr,shifted,0.5,100.0,2,4.602324642207719,5.727168276429623,16.05666119506698
0.1,3,100,93,TSCP_R,Gaussian,cqr,shifted,0.5,100.0,3,3.675871182876497,4.996456890220742,13.668784963317975
0.1,3,100,93,TSCP_GWC,Gaussian,cqr,shifted,0.5,100.0,1,4.860713460131098,8.318252161625736,21.49721778338255
0.1,3,100,93,TSCP_GWC,Gaussian,cqr,shifted,0.5,100.0,2,4.602324642207719,5.727168276429623,16.05666119506698
0.1,3,100,93,TSCP_GWC,Gaussian,cqr,shifted,0.5,100.0,3,3.675871182876497,4.996456890220742,13.668784963317975
0.1,3,100,93,Unscaled,Gaussian,cqr,raw,0.5,100.0,1,4.860713460131098,6.269268160669511,17.39924978147012
0.1,3,100,93,Unscaled,Gaussian,cqr,raw,0.5,100.0,2,4.602324642207719,6.269268160669511,17.14086096354672
0.1,3,100,93,Unscaled,Gaussian,cqr,raw,0.5,100.0,3,3.675871182876497,6.269268160669511,16.21440750421553
0.1,3,100,93,Empirical_copula,Gaussian,cqr,raw,0.5,100.0,1,4.860713460131098,7.081084467028571,19.022882394188237
0.1,3,100,93,Empirical_copula,Gaussian,cqr,raw,0.5,100.0,2,4.602324642207719,4.195179354470579,12.992683351148882
0.1,3,100,93,Empirical_copula,Gaussian,cqr,raw,0.5,100.0,3,3.675871182876497,5.1008209657983485,13.877513114473206
0.1,3,100,94,CQHR,Gaussian,cqr,native,0.5,100.0,1,4.709200463371793,23.822013444825227,52.353227353021936
0.1,3,100,94,CQHR,Gaussian,cqr,native,0.5,100.0,2,4.393927088357105,55.501847485596166,115.39762205954928
0.1,3,100,94,CQHR,Gaussian,cqr,native,0.5,100.0,3,3.3869018721501423,30.36299348683353,64.11288884581724
0.1,3,100,94,TSCP_R,Gaussian,cqr,shifted,0.5,100.0,1,4.709200463371793,5.2341457285331785,15.177491920438149
0.1,3,100,94,TSCP_R,Gaussian,cqr,shifted,0.5,100.0,2,4.393927088357105,7.118345103913498,18.630617296184102
0.1,3,100,94,TSCP_R,Gaussian,cqr,shifted,0.5,100.0,3,3.3869018721501423,3.076378098907128,9.5396580699644
0.1,3,100,94,TSCP_GWC,Gaussian,cqr,shifted,0.5,100.0,1,4.709200463371793,5.2341457285331785,15.177491920438149
0.1,3,100,94,TSCP_GWC,Gaussian,cqr,shifted,0.5,100.0,2,4.393927088357105,7.118345103913498,18.630617296184102
0.1,3,100,94,TSCP_GWC,Gaussian,cqr,shifted,0.5,100.0,3,3.3869018721501423,3.076378098907128,9.5396580699644
0.1,3,100,94,Unscaled,Gaussian,cqr,raw,0.5,100.0,1,4.709200463371793,5.083806549334717,14.876813562041225
0.1,3,100,94,Unscaled,Gaussian,cqr,raw,0.5,100.0,2,4.393927088357105,5.083806549334717,14.561540187026548
0.1,3,100,94,Unscaled,Gaussian,cqr,raw,0.5,100.0,3,3.3869018721501423,5.083806549334717,13.554514970819572
0.1,3,100,94,Empirical_copula,Gaussian,cqr,raw,0.5,100.0,1,4.709200463371793,5.083806549279014,14.876813561929827
0.1,3,100,94,Empirical_copula,Gaussian,cqr,raw,0.5,100.0,2,4.393927088357105,6.41631488324173,17.226556854840574
0.1,3,100,94,Empirical_copula,Gaussian,cqr,raw,0.5,100.0,3,3.3869018721501423,2.9702588241232792,9.327419520396703
0.1,3,100,95,CQHR,Gaussian,cqr,native,0.5,100.0,1,4.6699092800209705,9.556533583211003,23.782976446443097
0.1,3,100,95,CQHR,Gaussian,cqr,native,0.5,100.0,2,4.451991109196244,14.84213086738353,34.136252843963284
0.1,3,100,95,CQHR,Gaussian,cqr,native,0.5,100.0,3,3.297553746668874,10.602380403316756,24.502314553302366
0.1,3,100,95,TSCP_R,Gaussian,cqr,shifted,0.5,100.0,1,4.6699092800209705,5.445778165079432,15.561465610179845
0.1,3,100,95,TSCP_R,Gaussian,cqr,shifted,0.5,100.0,2,4.451991109196244,4.927918364371948,14.30782783794014
0.1,3,100,95,TSCP_R,Gaussian,cqr,shifted,0.5,100.0,3,3.297553746668874,3.532572387411278,10.36269852149142
0.1,3,100,95,TSCP_GWC,Gaussian,cqr,shifted,0.5,100.0,1,4.6699092800209705,5.445778165079432,15.561465610179845
0.1,3,100,95,TSCP_GWC,Gaussian,cqr,shifted,0.5,100.0,2,4.451991109196244,4.927918364371948,14.30782783794014
0.1,3,100,95,TSCP_GWC,Gaussian,cqr,shifted,0.5,100.0,3,3.297553746668874,3.532572387411278,10.36269852149142
0.1,3,100,95,Unscaled,Gaussian,cqr,raw,0.5,100.0,1,4.6699092800209705,4.604100224813165,13.878109729647303
0.1,3,100,95,Unscaled,Gaussian,cqr,raw,0.5,100.0,2,4.451991109196244,4.604100224813165,13.660191558822568
0.1,3,100,95,Unscaled,Gaussian,cqr,raw,0.5,100.0,3,3.297553746668874,4.604100224813165,12.505754196295186
0.1,3,100,95,Empirical_copula,Gaussian,cqr,raw,0.5,100.0,1,4.6699092800209705,4.3959227440216875,13.461754768064333
0.1,3,100,95,Empirical_copula,Gaussian,cqr,raw,0.5,100.0,2,4.451991109196244,4.443473199471509,13.338937508139281
0.1,3,100,95,Empirical_copula,Gaussian,cqr,raw,0.5,100.0,3,3.297553746668874,3.43458241798697,10.166718582642803
0.1,3,100,96,CQHR,Gaussian,cqr,native,0.5,100.0,1,4.6159608261755665,7.690906489446534,19.997773805068643
0.1,3,100,96,CQHR,Gaussian,cqr,native,0.5,100.0,2,4.1185787664566496,10.446516283340623,25.011611333137925
0.1,3,100,96,CQHR,Gaussian,cqr,native,0.5,100.0,3,3.3559852016815848,6.887296242477235,17.130577686636048
0.1,3,100,96,TSCP_R,Gaussian,cqr,shifted,0.5,100.0,1,4.6159608261755665,5.172017109217023,14.959995044609613
0.1,3,100,96,TSCP_R,Gaussian,cqr,shifted,0.5,100.0,2,4.1185787664566496,4.106945739774531,12.332470246005691
0.1,3,100,96,TSCP_R,Gaussian,cqr,shifted,0.5,100.0,3,3.3559852016815848,3.767124757461332,10.890234716604244
0.1,3,100,96,TSCP_GWC,Gaussian,cqr,shifted,0.5,100.0,1,4.6159608261755665,5.172017109217023,14.959995044609613
0.1,3,100,96,TSCP_GWC,Gaussian,cqr,shifted,0.5,100.0,2,4.1185787664566496,4.106945739774531,12.332470246005691
0.1,3,100,96,TSCP_GWC,Gaussian,cqr,shifted,0.5,100.0,3,3.3559852016815848,3.767124757461332,10.890234716604244
0.1,3,100,96,Unscaled,Gaussian,cqr,raw,0.5,100.0,1,4.6159608261755665,4.764208898343475,14.144378622862508
0.1,3,100,96,Unscaled,Gaussian,cqr,raw,0.5,100.0,2,4.1185787664566496,4.764208898343475,13.646996563143615
0.1,3,100,96,Unscaled,Gaussian,cqr,raw,0.5,100.0,3,3.3559852016815848,4.764208898343475,12.884402998368527
0.1,3,100,96,Empirical_copula,Gaussian,cqr,raw,0.5,100.0,1,4.6159608261755665,4.867807482269065,14.351575790713692
0.1,3,100,96,Empirical_copula,Gaussian,cqr,raw,0.5,100.0,2,4.1185787664566496,4.7642088982734485,13.646996563003567
0.1,3,100,96,Empirical_copula,Gaussian,cqr,raw,0.5,100.0,3,3.3559852016815848,3.52923515171997,10.414455505121525
0.1,3,100,97,CQHR,Gaussian,cqr,native,0.5,100.0,1,4.804422186593276,9.702972923914178,24.210368034421766
0.1,3,100,97,CQHR,Gaussian,cqr,native,0.5,100.0,2,4.723604728831701,13.298152883522786,31.319910495877274
0.1,3,100,97,CQHR,Gaussian,cqr,native,0.5,100.0,3,3.4308067758965217,9.333428965010931,22.097664705918383
0.1,3,100,97,TSCP_R,Gaussian,cqr,shifted,0.5,100.0,1,4.804422186593276,7.09408752201108,18.992597230615427
0.1,3,100,97,TSCP_R,Gaussian,cqr,shifted,0.5,100.0,2,4.723604728831701,4.762988096398956,14.249580921629635
0.1,3,100,97,TSCP_R,Gaussian,cqr,shifted,0.5,100.0,3,3.4308067758965217,3.527967531938401,10.486741839773334
0.1,3,100,97,TSCP_GWC,Gaussian,cqr,shifted,0.5,100.0,1,4.804422186593276,7.09408752201108,18.992597230615427
0.1,3,100,97,TSCP_GWC,Gaussian,cqr,shifted,0.5,100.0,2,4.723604728831701,4.762988096398956,14.249580921629635
0.1,3,100,97,TSCP_GWC,Gaussian,cqr,shifted,0.5,100.0,3,3.4308067758965217,3.527967531938401,10.486741839773334
0.1,3,100,97,Unscaled,Gaussian,cqr,raw,0.5,100.0,1,4.804422186593276,5.992314261113788,16.789050708820838
0.1,3,100,97,Unscaled,Gaussian,cqr,raw,0.5,100.0,2,4.723604728831701,5.992314261113788,16.708233251059266
0.1,3,100,97,Unscaled,Gaussian,cqr,raw,0.5,100.0,3,3.4308067758965217,5.992314261113788,15.415435298124084
0.1,3,100,97,Empirical_copula,Gaussian,cqr,raw,0.5,100.0,1,4.804422186593276,6.895968364548068,18.5963589156894
0.1,3,100,97,Empirical_copula,Gaussian,cqr,raw,0.5,100.0,2,4.723604728831701,4.646041244263751,14.0156872173592
0.1,3,100,97,Empirical_copula,Gaussian,cqr,raw,0.5,100.0,3,3.4308067758965217,3.152519444817564,9.735845665531654
0.1,3,100,98,CQHR,Gaussian,cqr,native,0.5,100.0,1,4.781729670976983,11.20746644255729,27.196662556091816
0.1,3,100,98,CQHR,Gaussian,cqr,native,0.5,100.0,2,4.470902256406777,15.984777028048887,36.44045631250453
0.1,3,100,98,CQHR,Gaussian,cqr,native,0.5,100.0,3,3.4012161368708016,10.541090572572857,24.483397282016494
0.1,3,100,98,TSCP_R,Gaussian,cqr,shifted,0.5,100.0,1,4.781729670976983,6.211038685605629,17.203807042188256
0.1,3,100,98,TSCP_R,Gaussian,cqr,shifted,0.5,100.0,2,4.470902256406777,4.744736208903944,13.960374674214671
0.1,3,100,98,TSCP_R,Gaussian,cqr,shifted,0.5,100.0,3,3.4012161368708016,3.4609443451617636,10.323104827194337
0.1,3,100,98,TSCP_GWC,Gaussian,cqr,shifted,0.5,100.0,1,4.781729670976983,6.211038685605629,17.203807042188256
0.1,3,100,98,TSCP_GWC,Gaussian,cqr,shifted,0.5,100.0,2,4.470902256406777,4.744736208903944,13.960374674214671
0.1,3,100,98,TSCP_GWC,Gaussian,cqr,shifted,0.5,100.0,3,3.4012161368708016,3.4609443451617636,10.323104827194337
0.1,3,100,98,Unscaled,Gaussian,cqr,raw,0.5,100.0,1,4.781729670976983,5.240929488604892,15.263588648186776
0.1,3,100,98,Unscaled,Gaussian,cqr,raw,0.5,100.0,2,4.470902256406777,5.240929488604892,14.952761233616565
0.1,3,100,98,Unscaled,Gaussian,cqr,raw,0.5,100.0,3,3.4012161368708016,5.240929488604892,13.88307511408059
0.1,3,100,98,Empirical_copula,Gaussian,cqr,raw,0.5,100.0,1,4.781729670976983,6.126084120800604,17.03389791257821
0.1,3,100,98,Empirical_copula,Gaussian,cqr,raw,0.5,100.0,2,4.470902256406777,4.527052225581436,13.525006707569645
0.1,3,100,98,Empirical_copula,Gaussian,cqr,raw,0.5,100.0,3,3.4012161368708016,2.935510792707346,9.27223772228548
0.1,3,100,99,CQHR,Gaussian,cqr,native,0.5,100.0,1,4.952199341595688,10.147193937050345,25.24658721569624
0.1,3,100,99,CQHR,Gaussian,cqr,native,0.5,100.0,2,4.515167657163647,12.956338935988503,30.427845529140626
0.1,3,100,99,CQHR,Gaussian,cqr,native,0.5,100.0,3,3.6512444215121045,9.584029472221138,22.819303365954354
0.1,3,100,99,TSCP_R,Gaussian,cqr,shifted,0.5,100.0,1,4.952199341595688,4.8660259317588554,14.684251205113414
0.1,3,100,99,TSCP_R,Gaussian,cqr,shifted,0.5,100.0,2,4.515167657163647,4.064103037180132,12.643373731523917
0.1,3,100,99,TSCP_R,Gaussian,cqr,shifted,0.5,100.0,3,3.6512444215121045,3.248338189193575,10.147920799899252
0.1,3,100,99,TSCP_GWC,Gaussian,cqr,shifted,0.5,100.0,1,4.952199341595688,4.8660259317588554,14.684251205113414
0.1,3,100,99,TSCP_GWC,Gaussian,cqr,shifted,0.5,100.0,2,4.515167657163647,4.064103037180132,12.643373731523917
0.1,3,100,99,TSCP_GWC,Gaussian,cqr,shifted,0.5,100.0,3,3.6512444215121045,3.248338189193575,10.147920799899252
0.1,3,100,99,Unscaled,Gaussian,cqr,raw,0.5,100.0,1,4.952199341595688,4.451551751635108,13.855302844865912
0.1,3,100,99,Unscaled,Gaussian,cqr,raw,0.5,100.0,2,4.515167657163647,4.451551751635108,13.418271160433864
0.1,3,100,99,Unscaled,Gaussian,cqr,raw,0.5,100.0,3,3.6512444215121045,4.451551751635108,12.554347924782327
0.1,3,100,99,Empirical_copula,Gaussian,cqr,raw,0.5,100.0,1,4.952199341595688,4.530425312555575,14.013049966706827
0.1,3,100,99,Empirical_copula,Gaussian,cqr,raw,0.5,100.0,2,4.515167657163647,3.981218106004768,12.477603869173192
0.1,3,100,99,Empirical_copula,Gaussian,cqr,raw,0.5,100.0,3,3.6512444215121045,3.134971820094764,9.921188061701638
0.1,3,100,0,CQHR,Gaussian,cqr,native,0.5,1000.0,1,4.703542562641052,10.365803634595903,25.435149831832614
0.1,3,100,0,CQHR,Gaussian,cqr,native,0.5,1000.0,2,4.381040337046846,16.435242160446684,37.251524657940266
0.1,3,100,0,CQHR,Gaussian,cqr,native,0.5,1000.0,3,3.3943406054668346,13.859566354816732,31.11347331510026
0.1,3,100,0,TSCP_R,Gaussian,cqr,shifted,0.5,1000.0,1,4.703542562641052,4.854116013773023,14.411774590187092
0.1,3,100,0,TSCP_R,Gaussian,cqr,shifted,0.5,1000.0,2,4.381040337046846,5.3707823421697185,15.122605021386288
0.1,3,100,0,TSCP_R,Gaussian,cqr,shifted,0.5,1000.0,3,3.3943406054668346,3.2416186680404735,9.877577941547782
0.1,3,100,0,TSCP_GWC,Gaussian,cqr,shifted,0.5,1000.0,1,4.703542562641052,4.854116013773023,14.411774590187092
0.1,3,100,0,TSCP_GWC,Gaussian,cqr,shifted,0.5,1000.0,2,4.381040337046846,5.3707823421697185,15.122605021386288
0.1,3,100,0,TSCP_GWC,Gaussian,cqr,shifted,0.5,1000.0,3,3.3943406054668346,3.2416186680404735,9.877577941547782
0.1,3,100,0,Unscaled,Gaussian,cqr,raw,0.5,1000.0,1,4.703542562641052,4.929652473206831,14.562847509054714
0.1,3,100,0,Unscaled,Gaussian,cqr,raw,0.5,1000.0,2,4.381040337046846,4.929652473206831,14.240345283460517
0.1,3,100,0,Unscaled,Gaussian,cqr,raw,0.5,1000.0,3,3.3943406054668346,4.929652473206831,13.25364555188049
0.1,3,100,0,Empirical_copula,Gaussian,cqr,raw,0.5,1000.0,1,4.703542562641052,5.006781778594021,14.71710611982909
0.1,3,100,0,Empirical_copula,Gaussian,cqr,raw,0.5,1000.0,2,4.381040337046846,4.929652473168083,14.240345283383013
0.1,3,100,0,Empirical_copula,Gaussian,cqr,raw,0.5,1000.0,3,3.3943406054668346,2.9951702327357026,9.384681070938235
0.1,3,100,1,CQHR,Gaussian,cqr,native,0.5,1000.0,1,4.627487606155158,15.818109817943556,36.26370724204206
0.1,3,100,1,CQHR,Gaussian,cqr,native,0.5,1000.0,2,4.52836322041175,25.888005395588266,56.304374011588166
0.1,3,100,1,CQHR,Gaussian,cqr,native,0.5,1000.0,3,3.4751975168420284,21.348809402662138,46.17281632216626
0.1,3,100,1,TSCP_R,Gaussian,cqr,shifted,0.5,1000.0,1,4.627487606155158,6.29967791560864,17.226843437372434
0.1,3,100,1,TSCP_R,Gaussian,cqr,shifted,0.5,1000.0,2,4.52836322041175,5.702266996468666,15.932897213349063
0.1,3,100,1,TSCP_R,Gaussian,cqr,shifted,0.5,1000.0,3,3.4751975168420284,3.7679314404921342,11.011060397826293
0.1,3,100,1,TSCP_GWC,Gaussian,cqr,shifted,0.5,1000.0,1,4.627487606155158,6.29967791560864,17.226843437372434
0.1,3,100,1,TSCP_GWC,Gaussian,cqr,shifted,0.5,1000.0,2,4.52836322041175,5.702266996468666,15.932897213349063
0.1,3,100,1,TSCP_GWC,Gaussian,cqr,shifted,0.5,1000.0,3,3.4751975168420284,3.7679314404921342,11.011060397826293
0.1,3,100,1,Unscaled,Gaussian,cqr,raw,0.5,1000.0,1,4.627487606155158,5.430477504246511,15.488442614648177
0.1,3,100,1,Unscaled,Gaussian,cqr,raw,0.5,1000.0,2,4.52836322041175,5.430477504246511,15.389318228904777
0.1,3,100,1,Unscaled,Gaussian,cqr,raw,0.5,1000.0,3,3.4751975168420284,5.430477504246511,14.33615252533505
0.1,3,100,1,Empirical_copula,Gaussian,cqr,raw,0.5,1000.0,1,4.627487606155158,5.430477504167818,15.488442614490799
0.1,3,100,1,Empirical_copula,Gaussian,cqr,raw,0.5,1000.0,2,4.52836322041175,6.107404775953835,16.74317277231942
0.1,3,100,1,Empirical_copula,Gaussian,cqr,raw,0.5,1000.0,3,3.4751975168420284,4.411363041044556,12.29792359893113
0.1,3,100,2,CQHR,Gaussian,cqr,native,0.5,1000.0,1,4.809761652361764,12.786342812248943,30.382447276859462
0.1,3,100,2,CQHR,Gaussian,cqr,native,0.5,1000.0,2,4.203716053455974,13.541064723154227,31.285845499764413
0.1,3,100,2,CQHR,Gaussian,cqr,native,0.5,1000.0,3,3.3064248506538716,10.13807091205282,23.582566674759494
0.1,3,100,2,TSCP_R,Gaussian,cqr,shifted,0.5,1000.0,1,4.809761652361764,5.649974305693377,16.10971026374851
0.1,3,100,2,TSCP_R,Gaussian,cqr,shifted,0.5,1000.0,2,4.203716053455974,5.816590919000987,15.836897891457939
0.1,3,100,2,TSCP_R,Gaussian,cqr,shifted,0.5,1000.0,3,3.3064248506538716,4.206715276866589,11.719855404387058
0.1,3,100,2,TSCP_GWC,Gaussian,cqr,shifted,0.5,1000.0,1,4.809761652361764,5.649974305693377,16.10971026374851
0.1,3,100,2,TSCP_GWC,Gaussian,cqr,shifted,0.5,1000.0,2,4.203716053455974,5.816590919000987,15.836897891457939
0.1,3,100,2,TSCP_GWC,Gaussian,cqr,shifted,0.5,1000.0,3,3.3064248506538716,4.206715276866589,11.719855404387058
0.1,3,100,2,Unscaled,Gaussian,cqr,raw,0.5,1000.0,1,4.809761652361764,4.957914363330205,14.725590379022169
0.1,3,100,2,Unscaled,Gaussian,cqr,raw,0.5,1000.0,2,4.203716053455974,4.957914363330205,14.1195447801164
0.1,3,100,2,Unscaled,Gaussian,cqr,raw,0.5,1000.0,3,3.3064248506538716,4.957914363330205,13.222253577314286
0.1,3,100,2,Empirical_copula,Gaussian,cqr,raw,0.5,1000.0,1,4.809761652361764,6.266267522168405,17.342296696698575
0.1,3,100,2,Empirical_copula,Gaussian,cqr,raw,0.5,1000.0,2,4.203716053455974,4.957914363264013,14.119544779983993
0.1,3,100,2,Empirical_copula,Gaussian,cqr,raw,0.5,1000.0,3,3.3064248506538716,3.867116629067926,11.040658108789732
0.1,3,100,3,CQHR,Gaussian,cqr,native,0.5,1000.0,1,4.488759120152995,7.624241505236261,19.737242130625617
0.1,3,100,3,CQHR,Gaussian,cqr,native,0.5,1000.0,2,4.509062828615594,11.020048378357906,26.54915958533141
0.1,3,100,3,CQHR,Gaussian,cqr,native,0.5,1000.0,3,3.4310473944719235,7.812392715972272,19.055832826416474
0.1,3,100,3,TSCP_R,Gaussian,cqr,shifted,0.5,1000.0,1,4.488759120152995,6.06705795515461,16.622875030462197
0.1,3,100,3,TSCP_R,Gaussian,cqr,shifted,0.5,1000.0,2,4.509062828615594,4.969236663276206,14.447536155167997
0.1,3,100,3,TSCP_R,Gaussian,cqr,shifted,0.5,1000.0,3,3.4310473944719235,3.2149963487809146,9.861040092033745
0.1,3,100,3,TSCP_GWC,Gaussian,cqr,shifted,0.5,1000.0,1,4.488759120152995,6.06705795515461,16.622875030462197
0.1,3,100,3,TSCP_GWC,Gaussian,cqr,shifted,0.5,1000.0,2,4.509062828615594,4.969236663276206,14.447536155167997
0.1,3,100,3,TSCP_GWC,Gaussian,cqr,shifted,0.5,1000.0,3,3.4310473944719235,3.2149963487809146,9.861040092033745
0.1,3,100,3,Unscaled,Gaussian,cqr,raw,0.5,1000.0,1,4.488759120152995,5.483044874197739,15.45484886854847
0.1,3,100,3,Unscaled,Gaussian,cqr,raw,0.5,1000.0,2,4.509062828615594,5.483044874197739,15.475152577011055
0.1,3,100,3,Unscaled,Gaussian,cqr,raw,0.5,1000.0,3,3.4310473944719235,5.483044874197739,14.397137142867395
0.1,3,100,3,Empirical_copula,Gaussian,cqr,raw,0.5,1000.0,1,4.488759120152995,5.891775074067932,16.27230926828885
0.1,3,100,3,Empirical_copula,Gaussian,cqr,raw,0.5,1000.0,2,4.509062828615594,5.247881856262868,15.004826541141346
0.1,3,100,3,Empirical_copula,Gaussian,cqr,raw,0.5,1000.0,3,3.4310473944719235,3.014807430042673,9.460662254557278
0.1,3,100,4,CQHR,Gaussian,cqr,native,0.5,1000.0,1,4.836870550633614,24.637648159263737,54.11216686916146
0.1,3,100,4,CQHR,Gaussian,cqr,native,0.5,1000.0,2,4.533668525005404,29.374750165250518,63.283168855506375
0.1,3,100,4,CQHR,Gaussian,cqr,native,0.5,1000.0,3,3.584827510278618,21.87101601116902,47.326859532616666
0.1,3,100,4,TSCP_R,Gaussian,cqr,shifted,0.5,1000.0,1,4.836870550633614,6.233702599651792,17.3042757499372
0.1,3,100,4,TSCP_R,Gaussian,cqr,shifted,0.5,1000.0,2,4.533668525005404,5.431514662535278,15.396697850075943
0.1,3,100,4,TSCP_R,Gaussian,cqr,shifted,0.5,1000.0,3,3.584827510278618,4.459099977763913,12.503027465806445
0.1,3,100,4,TSCP_GWC,Gaussian,cqr,shifted,0.5,1000.0,1,4.836870550633614,6.233702599651792,17.3042757499372
0.1,3,100,4,TSCP_GWC,Gaussian,cqr,shifted,0.5,1000.0,2,4.533668525005404,5.431514662535278,15.396697850075943
0.1,3,100,4,TSCP_GWC,Gaussian,cqr,shifted,0.5,1000.0,3,3.584827510278618,4.459099977763913,12.503027465806445
0.1,3,100,4,Unscaled,Gaussian,cqr,raw,0.5,1000.0,1,4.836870550633614,5.518325524928314,15.873521600490239
0.1,3,100,4,Unscaled,Gaussian,cqr,raw,0.5,1000.0,2,4.533668525005404,5.518325524928314,15.570319574862024
0.1,3,100,4,Unscaled,Gaussian,cqr,raw,0.5,1000.0,3,3.584827510278618,5.518325524928314,14.621478560135245
0.1,3,100,4,Empirical_copula,Gaussian,cqr,raw,0.5,1000.0,1,4.836870550633614,6.869922659871513,18.576715870376617
0.1,3,100,4,Empirical_copula,Gaussian,cqr,raw,0.5,1000.0,2,4.533668525005404,5.26170421768167,15.057076960368759
0.1,3,100,4,Empirical_copula,Gaussian,cqr,raw,0.5,1000.0,3,3.584827510278618,3.8396709906679334,11.264169491614469
0.1,3,100,5,CQHR,Gaussian,cqr,native,0.5,1000.0,1,4.611542320069376,15.79682766372132,36.205197647511945
0.1,3,100,5,CQHR,Gaussian,cqr,native,0.5,1000.0,2,4.143156274276559,23.975962024585176,52.0950803234469
0.1,3,100,5,CQHR,Gaussian,cqr,native,0.5,1000.0,3,3.4226055846517975,15.233495873741653,33.889597332135075
0.1,3,100,5,TSCP_R,Gaussian,cqr,shifted,0.5,1000.0,1,4.611542320069376,5.2690044755647705,15.14955127119893
0.1,3,100,5,TSCP_R,Gaussian,cqr,shifted,0.5,1000.0,2,4.143156274276559,5.032773098413145,14.208702471102843
0.1,3,100,5,TSCP_R,Gaussian,cqr,shifted,0.5,1000.0,3,3.4226055846517975,4.233212926709939,11.889031438071674
0.1,3,100,5,TSCP_GWC,Gaussian,cqr,shifted,0.5,1000.0,1,4.611542320069376,5.2690044755647705,15.14955127119893
0.1,3,100,5,TSCP_GWC,Gaussian,cqr,shifted,0.5,1000.0,2,4.143156274276559,5.032773098413145,14.208702471102843
0.1,3,100,5,TSCP_GWC,Gaussian,cqr,shifted,0.5,1000.0,3,3.4226055846517975,4.233212926709939,11.889031438071674
0.1,3,100,5,Unscaled,Gaussian,cqr,raw,0.5,1000.0,1,4.611542320069376,4.8789601367163264,14.369462593502012
0.1,3,100,5,Unscaled,Gaussian,cqr,raw,0.5,1000.0,2,4.143156274276559,4.8789601367163264,13.901076547709211
0.1,3,100,5,Unscaled,Gaussian,cqr,raw,0.5,1000.0,3,3.4226055846517975,4.8789601367163264,13.180525858084446
0.1,3,100,5,Empirical_copula,Gaussian,cqr,raw,0.5,1000.0,1,4.611542320069376,4.90117661808371,14.413895556236794
0.1,3,100,5,Empirical_copula,Gaussian,cqr,raw,0.5,1000.0,2,4.143156274276559,4.878960136685931,13.901076547648424
0.1,3,100,5,Empirical_copula,Gaussian,cqr,raw,0.5,1000.0,3,3.4226055846517975,4.861688115576208,13.1459818158042
0.1,3,100,6,CQHR,Gaussian,cqr,native,0.5,1000.0,1,4.68393288105522,12.060689351748612,28.805311584552364
0.1,3,100,6,CQHR,Gaussian,cqr,native,0.5,1000.0,2,4.436967915808118,16.304910012125518,37.04678794005916
0.1,3,100,6,CQHR,Gaussian,cqr,native,0.5,1000.0,3,3.409135282457862,11.203513945327602,25.816163173113093
0.1,3,100,6,TSCP_R,Gaussian,cqr,shifted,0.5,1000.0,1,4.68393288105522,5.397273030256201,15.478478941567625
0.1,3,100,6,TSCP_R,Gaussian,cqr,shifted,0.5,1000.0,2,4.436967915808118,4.96058140121329,14.358130718234703
0.1,3,100,6,TSCP_R,Gaussian,cqr,shifted,0.5,1000.0,3,3.409135282457862,3.6833713122535983,10.775877906965057
0.1,3,100,6,TSCP_GWC,Gaussian,cqr,shifted,0.5,1000.0,1,4.68393288105522,5.397273030256201,15.478478941567625
0.1,3,100,6,TSCP_GWC,Gaussian,cqr,shifted,0.5,1000.0,2,4.436967915808118,4.96058140121329,14.358130718234703
0.1,3,100,6,TSCP_GWC,Gaussian,cqr,shifted,0.5,1000.0,3,3.409135282457862,3.6833713122535983,10.775877906965057
0.1,3,100,6,Unscaled,Gaussian,cqr,raw,0.5,1000.0,1,4.68393288105522,4.719832305638906,14.123597492333031
0.1,3,100,6,Unscaled,Gaussian,cqr,raw,0.5,1000.0,2,4.436967915808118,4.719832305638906,13.876632527085922
0.1,3,100,6,Unscaled,Gaussian,cqr,raw,0.5,1000.0,3,3.409135282457862,4.719832305638906,12.848799893735675
0.1,3,100,6,Empirical_copula,Gaussian,cqr,raw,0.5,1000.0,1,4.68393288105522,4.761840758846748,14.207614398748717
0.1,3,100,6,Empirical_copula,Gaussian,cqr,raw,0.5,1000.0,2,4.436967915808118,4.815446239545925,14.067860394899975
0.1,3,100,6,Empirical_copula,Gaussian,cqr,raw,0.5,1000.0,3,3.409135282457862,3.717342837951385,10.843820958360629
0.1,3,100,7,CQHR,Gaussian,cqr,native,0.5,1000.0,1,4.793587662095261,8.520504796993368,21.834597256082127
0.1,3,100,7,CQHR,Gaussian,cqr,native,0.5,1000.0,2,4.288407522975972,12.892823923383443,30.074055369742855
0.1,3,100,7,CQHR,Gaussian,cqr,native,0.5,1000.0,3,3.4062808536129916,8.55445054005079,20.51518193371454
0.1,3,100,7,TSCP_R,Gaussian,cqr,shifted,0.5,1000.0,1,4.793587662095261,6.216854878300296,17.227297418695848
0.1,3,100,7,TSCP_R,Gaussian,cqr,shifted,0.5,1000.0,2,4.288407522975972,4.6704156374769354,13.629238797929837
0.1,3,100,7,TSCP_R,Gaussian,cqr,shifted,0.5,1000.0,3,3.4062808536129916,2.1952370276612783,7.796754908935557
0.1,3,100,7,TSCP_GWC,Gaussian,cqr,shifted,0.5,1000.0,1,4.793587662095261,6.216854878300296,17.227297418695848
0.1,3,100,7,TSCP_GWC,Gaussian,cqr,shifted,0.5,1000.0,2,4.288407522975972,4.6704156374769354,13.629238797929837
0.1,3,100,7,TSCP_GWC,Gaussian,cqr,shifted,0.5,1000.0,3,3.4062808536129916,2.1952370276612783,7.796754908935557
0.1,3,100,7,Unscaled,Gaussian,cqr,raw,0.5,1000.0,1,4.793587662095261,5.333613754915099,15.460815171925441
0.1,3,100,7,Unscaled,Gaussian,cqr,raw,0.5,1000.0,2,4.288407522975972,5.333613754915099,14.955635032806173
0.1,3,100,7,Unscaled,Gaussian,cqr,raw,0.5,1000.0,3,3.4062808536129916,5.333613754915099,14.073508363443189
0.1,3,100,7,Empirical_copula,Gaussian,cqr,raw,0.5,1000.0,1,4.793587662095261,7.895845519591308,20.585278701277865
0.1,3,100,7,Empirical_copula,Gaussian,cqr,raw,0.5,1000.0,2,4.288407522975972,4.424735174424169,13.137877871824312
0.1,3,100,7,Empirical_copula,Gaussian,cqr,raw,0.5,1000.0,3,3.4062808536129916,2.065085111943846,7.536451077500693
0.1,3,100,8,CQHR,Gaussian,cqr,native,0.5,1000.0,1,4.53703436576701,8.775750274886091,22.08853491553915
0.1,3,100,8,CQHR,Gaussian,cqr,native,0.5,1000.0,2,4.508607728869746,16.404988977545692,37.3185856839611
0.1,3,100,8,CQHR,Gaussian,cqr,native,0.5,1000.0,3,3.3585038851342754,10.337591313055432,24.033686511245147
0.1,3,100,8,TSCP_R,Gaussian,cqr,shifted,0.5,1000.0,1,4.53703436576701,7.1046992676252785,18.746432901017574
0.1,3,100,8,TSCP_R,Gaussian,cqr,shifted,0.5,1000.0,2,4.508607728869746,7.35302037932297,19.214648487515664
0.1,3,100,8,TSCP_R,Gaussian,cqr,shifted,0.5,1000.0,3,3.3585038851342754,4.596125534800308,12.550754954734895
0.1,3,100,8,TSCP_GWC,Gaussian,cqr,shifted,0.5,1000.0,1,4.53703436576701,7.1046992676252785,18.746432901017574
0.1,3,100,8,TSCP_GWC,Gaussian,cqr,shifted,0.5,1000.0,2,4.508607728869746,7.35302037932297,19.214648487515664
0.1,3,100,8,TSCP_GWC,Gaussian,cqr,shifted,0.5,1000.0,3,3.3585038851342754,4.596125534800308,12.550754954734895
0.1,3,100,8,Unscaled,Gaussian,cqr,raw,0.5,1000.0,1,4.53703436576701,6.000246161466613,16.537526688700243
0.1,3,100,8,Unscaled,Gaussian,cqr,raw,0.5,1000.0,2,4.508607728869746,6.000246161466613,16.50910005180297
0.1,3,100,8,Unscaled,Gaussian,cqr,raw,0.5,1000.0,3,3.3585038851342754,6.000246161466613,15.358996208067511
0.1,3,100,8,Empirical_copula,Gaussian,cqr,raw,0.5,1000.0,1,4.53703436576701,6.860497393269773,18.258029152306563
0.1,3,100,8,Empirical_copula,Gaussian,cqr,raw,0.5,1000.0,2,4.508607728869746,5.704867528999216,15.918342786868168
0.1,3,100,8,Empirical_copula,Gaussian,cqr,raw,0.5,1000.0,3,3.3585038851342754,2.921943158213651,9.202390201561572
0.1,3,100,9,CQHR,Gaussian,cqr,native,0.5,1000.0,1,4.729780730533523,16.01448653111579,36.758753792764864
0.1,3,100,9,CQHR,Gaussian,cqr,native,0.5,1000.0,2,4.562915295547008,22.511657514820758,49.5862303251885
0.1,3,100,9,CQHR,Gaussian,cqr,native,0.5,1000.0,3,3.5937788834178788,16.896116452445757,37.386011788309375
0.1,3,100,9,TSCP_R,Gaussian,cqr,shifted,0.5,1000.0,1,4.729780730533523,7.200614097810103,19.131008926153747
0.1,3,100,9,TSCP_R,Gaussian,cqr,shifted,0.5,1000.0,2,4.562915295547008,5.877048390785035,16.317012077117088
0.1,3,100,9,TSCP_R,Gaussian,cqr,shifted,0.5,1000.0,3,3.5937788834178788,3.9615598338706377,11.51689855115916
0.1,3,100,9,TSCP_GWC,Gaussian,cqr,shifted,0.5,1000.0,1,4.729780730533523,7.200614097810103,19.131008926153747
0.1,3,100,9,TSCP_GWC,Gaussian,cqr,shifted,0.5,1000.0,2,4.562915295547008,5.877048390785035,16.317012077117088
0.1,3,100,9,TSCP_GWC,Gaussian,cqr,shifted,0.5,1000.0,3,3.5937788834178788,3.9615598338706377,11.51689855115916
0.1,3,100,9,Unscaled,Gaussian,cqr,raw,0.5,1000.0,1,4.729780730533523,6.116269713081782,16.962320156697082
0.1,3,100,9,Unscaled,Gaussian,cqr,raw,0.5,1000.0,2,4.562915295547008,6.116269713081782,16.795454721710573
0.1,3,100,9,Unscaled,Gaussian,cqr,raw,0.5,1000.0,3,3.5937788834178788,6.116269713081782,15.826318309581444
0.1,3,100,9,Empirical_copula,Gaussian,cqr,raw,0.5,1000.0,1,4.729780730533523,6.996138101513145,18.722056933559823
0.1,3,100,9,Empirical_copula,Gaussian,cqr,raw,0.5,1000.0,2,4.562915295547008,5.5139787298785805,15.590872755304165
0.1,3,100,9,Empirical_copula,Gaussian,cqr,raw,0.5,1000.0,3,3.5937788834178788,3.022267051794092,9.638312987006062
0.1,3,100,10,CQHR,Gaussian,cqr,native,0.5,1000.0,1,4.813655601593926,13.284188364811419,31.38203233121659
0.1,3,100,10,CQHR,Gaussian,cqr,native,0.5,1000.0,2,4.402385440019014,18.114398282519478,40.63118200505792
0.1,3,100,10,CQHR,Gaussian,cqr,native,0.5,1000.0,3,3.4903487365240977,13.818413806522726,31.127176349569556
0.1,3,100,10,TSCP_R,Gaussian,cqr,shifted,0.5,1000.0,1,4.813655601593926,4.398516658256881,13.610688918107686
0.1,3,100,10,TSCP_R,Gaussian,cqr,shifted,0.5,1000.0,2,4.402385440019014,5.25352902536622,14.909443490751464
0.1,3,100,10,TSCP_R,Gaussian,cqr,shifted,0.5,1000.0,3,3.4903487365240977,4.50844652769797,12.50724179192005
0.1,3,100,10,TSCP_GWC,Gaussian,cqr,shifted,0.5,1000.0,1,4.813655601593926,4.398516658256881,13.610688918107686
0.1,3,100,10,TSCP_GWC,Gaussian,cqr,shifted,0.5,1000.0,2,4.402385440019014,5.25352902536622,14.909443490751464
0.1,3,100,10,TSCP_GWC,Gaussian,cqr,shifted,0.5,1000.0,3,3.4903487365240977,4.50844652769797,12.50724179192005
0.1,3,100,10,Unscaled,Gaussian,cqr,raw,0.5,1000.0,1,4.813655601593926,4.7670360519274055,14.347727705448728
0.1,3,100,10,Unscaled,Gaussian,cqr,raw,0.5,1000.0,2,4.402385440019014,4.7670360519274055,13.936457543873825
0.1,3,100,10,Unscaled,Gaussian,cqr,raw,0.5,1000.0,3,3.4903487365240977,4.7670360519274055,13.02442084037891
0.1,3,100,10,Empirical_copula,Gaussian,cqr,raw,0.5,1000.0,1,4.813655601593926,4.627659292917565,14.068974187429058
0.1,3,100,10,Empirical_copula,Gaussian,cqr,raw,0.5,1000.0,2,4.402385440019014,4.767036051914413,13.936457543847837
0.1,3,100,10,Empirical_copula,Gaussian,cqr,raw,0.5,1000.0,3,3.4903487365240977,3.668797371030063,10.827943478584222
0.1,3,100,11,CQHR,Gaussian,cqr,native,0.5,1000.0,1,4.572893382238377,10.069722479240472,24.71233834071941
0.1,3,100,11,CQHR,Gaussian,cqr,native,0.5,1000.0,2,4.4490905615417065,13.998252466449442,32.44559549444057
0.1,3,100,11,CQHR,Gaussian,cqr,native,0.5,1000.0,3,3.259661068288323,9.909821609428134,23.079304287144595
0.1,3,100,11,TSCP_R,Gaussian,cqr,shifted,0.5,1000.0,1,4.572893382238377,4.368008036709398,13.308909455657178
0.1,3,100,11,TSCP_R,Gaussian,cqr,shifted,0.5,1000.0,2,4.4490905615417065,5.049150590106024,14.547391741753755
0.1,3,100,11,TSCP_R,Gaussian,cqr,shifted,0.5,1000.0,3,3.259661068288323,2.8592098532502632,8.978080774788845
0.1,3,100,11,TSCP_GWC,Gaussian,cqr,shifted,0.5,1000.0,1,4.572893382238377,4.368008036709398,13.308909455657178
0.1,3,100,11,TSCP_GWC,Gaussian,cqr,shifted,0.5,1000.0,2,4.4490905615417065,5.049150590106024,14.547391741753755
0.1,3,100,11,TSCP_GWC,Gaussian,cqr,shifted,0.5,1000.0,3,3.259661068288323,2.8592098532502632,8.978080774788845
0.1,3,100,11,Unscaled,Gaussian,cqr,raw,0.5,1000.0,1,4.572893382238377,4.029377505997232,12.631648394232842
0.1,3,100,11,Unscaled,Gaussian,cqr,raw,0.5,1000.0,2,4.4490905615417065,4.029377505997232,12.507845573536173
0.1,3,100,11,Unscaled,Gaussian,cqr,raw,0.5,1000.0,3,3.259661068288323,4.029377505997232,11.31841608028278
0.1,3,100,11,Empirical_copula,Gaussian,cqr,raw,0.5,1000.0,1,4.572893382238377,4.124791941767175,12.822477265772733
0.1,3,100,11,Empirical_copula,Gaussian,cqr,raw,0.5,1000.0,2,4.4490905615417065,4.616995949559115,13.683082460659937
0.1,3,100,11,Empirical_copula,Gaussian,cqr,raw,0.5,1000.0,3,3.259661068288323,2.805196010596731,8.870053089481777
0.1,3,100,12,CQHR,Gaussian,cqr,native,0.5,1000.0,1,4.822499529141874,22.302004177264664,49.42650788367075
0.1,3,100,12,CQHR,Gaussian,cqr,native,0.5,1000.0,2,4.281306995889299,69.17190887934012,142.62512475456944
0.1,3,100,12,CQHR,Gaussian,cqr,native,0.5,1000.0,3,3.3445327569157413,37.90003700082159,79.14460675855898
0.1,3,100,12,TSCP_R,Gaussian,cqr,shifted,0.5,1000.0,1,4.822499529141874,5.275484731288316,15.373468991718498
0.1,3,100,12,TSCP_R,Gaussian,cqr,shifted,0.5,1000.0,2,4.281306995889299,5.685482553041652,15.652272101972601
0.1,3,100,12,TSCP_R,Gaussian,cqr,shifted,0.5,1000.0,3,3.3445327569157413,4.098141279185143,11.540815315286023
0.1,3,100,12,TSCP_GWC,Gaussian,cqr,shifted,0.5,1000.0,1,4.822499529141874,5.275484731288316,15.373468991718498
0.1,3,100,12,TSCP_GWC,Gaussian,cqr,shifted,0.5,1000.0,2,4.281306995889299,5.685482553041652,15.652272101972601
0.1,3,100,12,TSCP_GWC,Gaussian,cqr,shifted,0.5,1000.0,3,3.3445327569157413,4.098141279185143,11.540815315286023
0.1,3,100,12,Unscaled,Gaussian,cqr,raw,0.5,1000.0,1,4.822499529141874,4.827631204392592,14.477761937927038
0.1,3,100,12,Unscaled,Gaussian,cqr,raw,0.5,1000.0,2,4.281306995889299,4.827631204392592,13.936569404674488
0.1,3,100,12,Unscaled,Gaussian,cqr,raw,0.5,1000.0,3,3.3445327569157413,4.827631204392592,12.999795165700917
0.1,3,100,12,Empirical_copula,Gaussian,cqr,raw,0.5,1000.0,1,4.822499529141874,4.827631204325611,14.477761937793094
0.1,3,100,12,Empirical_copula,Gaussian,cqr,raw,0.5,1000.0,2,4.281306995889299,5.575158682686152,15.431624361261605
0.1,3,100,12,Empirical_copula,Gaussian,cqr,raw,0.5,1000.0,3,3.3445327569157413,3.989466352663797,11.323465462243332
0.1,3,100,13,CQHR,Gaussian,cqr,native,0.5,1000.0,1,4.8737789214853535,12.496408183308441,29.866595288102076
0.1,3,100,13,CQHR,Gaussian,cqr,native,0.5,1000.0,2,4.376614045535784,18.607504605374206,41.59162325628421
0.1,3,100,13,CQHR,Gaussian,cqr,native,0.5,1000.0,3,3.3936988859747608,14.993287936566036,33.38027475910681
0.1,3,100,13,TSCP_R,Gaussian,cqr,shifted,0.5,1000.0,1,4.8737789214853535,4.974403883539253,14.822586688563872
0.1,3,100,13,TSCP_R,Gaussian,cqr,shifted,0.5,1000.0,2,4.376614045535784,5.170711887631569,14.718037820798912
0.1,3,100,13,TSCP_R,Gaussian,cqr,shifted,0.5,1000.0,3,3.3936988859747608,3.9022386579563317,11.198176201887437
0.1,3,100,13,TSCP_GWC,Gaussian,cqr,shifted,0.5,1000.0,1,4.8737789214853535,4.974403883539253,14.822586688563872
0.1,3,100,13,TSCP_GWC,Gaussian,cqr,shifted,0.5,1000.0,2,4.376614045535784,5.170711887631569,14.718037820798912
0.1,3,100,13,TSCP_GWC,Gaussian,cqr,shifted,0.5,1000.0,3,3.3936988859747608,3.9022386579563317,11.198176201887437
0.1,3,100,13,Unscaled,Gaussian,cqr,raw,0.5,1000.0,1,4.8737789214853535,4.831602264986927,14.536983451459216
0.1,3,100,13,Unscaled,Gaussian,cqr,raw,0.5,1000.0,2,4.376614045535784,4.831602264986927,14.039818575509626
0.1,3,100,13,Unscaled,Gaussian,cqr,raw,0.5,1000.0,3,3.3936988859747608,4.831602264986927,13.056903415948625
0.1,3,100,13,Empirical_copula,Gaussian,cqr,raw,0.5,1000.0,1,4.8737789214853535,4.824748611149019,14.523276143783402
0.1,3,100,13,Empirical_copula,Gaussian,cqr,raw,0.5,1000.0,2,4.376614045535784,5.022608601098515,14.421831247732813
0.1,3,100,13,Empirical_copula,Gaussian,cqr,raw,0.5,1000.0,3,3.3936988859747608,3.4769063195984025,10.347511525171551
0.1,3,100,14,CQHR,Gaussian,cqr,native,0.5,1000.0,1,4.70619810339295,18.0040814438611,40.71436099111516
0.1,3,100,14,CQHR,Gaussian,cqr,native,0.5,1000.0,2,4.440661898464211,28.68056536600062,61.80179263046543
0.1,3,100,14,CQHR,Gaussian,cqr,native,0.5,1000.0,3,3.650732549128461,21.29974684237686,46.250226233882195
0.1,3,100,14,TSCP_R,Gaussian,cqr,shifted,0.5,1000.0,1,4.70619810339295,6.6827985910440475,18.07179528548107
0.1,3,100,14,TSCP_R,Gaussian,cqr,shifted,0.5,1000.0,2,4.440661898464211,4.6339293173768965,13.708520533218016
0.1,3,100,14,TSCP_R,Gaussian,cqr,shifted,0.5,1000.0,3,3.650732549128461,3.6873121092024803,11.025356767533415
0.1,3,100,14,TSCP_GWC,Gaussian,cqr,shifted,0.5,1000.0,1,4.70619810339295,6.6827985910440475,18.07179528548107
0.1,3,100,14,TSCP_GWC,Gaussian,cqr,shifted,0.5,1000.0,2,4.440661898464211,4.6339293173768965,13.708520533218016
0.1,3,100,14,TSCP_GWC,Gaussian,cqr,shifted,0.5,1000.0,3,3.650732549128461,3.6873121092024803,11.025356767533415
0.1,3,100,14,Unscaled,Gaussian,cqr,raw,0.5,1000.0,1,4.70619810339295,5.185805177491411,15.077808458375767
0.1,3,100,14,Unscaled,Gaussian,cqr,raw,0.5,1000.0,2,4.440661898464211,5.185805177491411,14.812272253447032
0.1,3,100,14,Unscaled,Gaussian,cqr,raw,0.5,1000.0,3,3.650732549128461,5.185805177491411,14.022342904111285
0.1,3,100,14,Empirical_copula,Gaussian,cqr,raw,0.5,1000.0,1,4.70619810339295,5.894231980826825,16.494662065046565
0.1,3,100,14,Empirical_copula,Gaussian,cqr,raw,0.5,1000.0,2,4.440661898464211,4.24712773900559,12.934917376475395
0.1,3,100,14,Empirical_copula,Gaussian,cqr,raw,0.5,1000.0,3,3.650732549128461,4.089867021399882,11.830466591928227
0.1,3,100,15,CQHR,Gaussian,cqr,native,0.5,1000.0,1,4.634047362095153,14.87725873293212,34.38856482795937
0.1,3,100,15,CQHR,Gaussian,cqr,native,0.5,1000.0,2,4.340641523008476,22.47918652579844,49.29901457460539
0.1,3,100,15,CQHR,Gaussian,cqr,native,0.5,1000.0,3,3.5591358384405893,17.52971213169064,38.61856010182186
0.1,3,100,15,TSCP_R,Gaussian,cqr,shifted,0.5,1000.0,1,4.634047362095153,5.738423146705145,16.110893655505425
0.1,3,100,15,TSCP_R,Gaussian,cqr,shifted,0.5,1000.0,2,4.340641523008476,4.811109636457672,13.962860795923817
0.1,3,100,15,TSCP_R,Gaussian,cqr,shifted,0.5,1000.0,3,3.5591358384405893,3.8648439214524615,11.288823681345502
0.1,3,100,15,TSCP_GWC,Gaussian,cqr,shifted,0.5,1000.0,1,4.634047362095153,5.738423146705145,16.110893655505425
0.1,3,100,15,TSCP_GWC,Gaussian,cqr,shifted,0.5,1000.0,2,4.340641523008476,4.811109636457672,13.962860795923817
0.1,3,100,15,TSCP_GWC,Gaussian,cqr,shifted,0.5,1000.0,3,3.5591358384405893,3.8648439214524615,11.288823681345502
0.1,3,100,15,Unscaled,Gaussian,cqr,raw,0.5,1000.0,1,4.634047362095153,4.820397779745566,14.274842921586297
0.1,3,100,15,Unscaled,Gaussian,cqr,raw,0.5,1000.0,2,4.340641523008476,4.820397779745566,13.981437082499603
0.1,3,100,15,Unscaled,Gaussian,cqr,raw,0.5,1000.0,3,3.5591358384405893,4.820397779745566,13.199931397931717
0.1,3,100,15,Empirical_copula,Gaussian,cqr,raw,0.5,1000.0,1,4.634047362095153,5.801547858472269,16.237143079039665
0.1,3,100,15,Empirical_copula,Gaussian,cqr,raw,0.5,1000.0,2,4.340641523008476,4.490847811108566,13.322337145225598
0.1,3,100,15,Empirical_copula,Gaussian,cqr,raw,0.5,1000.0,3,3.5591358384405893,4.058748892546419,11.67663362353344
0.1,3,100,16,CQHR,Gaussian,cqr,native,0.5,1000.0,1,4.82546739489056,13.81299691555813,32.451461226007
0.1,3,100,16,CQHR,Gaussian,cqr,native,0.5,1000.0,2,4.6924725285639,22.431688051860128,49.55584863228415
0.1,3,100,16,CQHR,Gaussian,cqr,native,0.5,1000.0,3,3.7049860286945804,15.712326962388785,35.12963995347216
0.1,3,100,16,TSCP_R,Gaussian,cqr,shifted,0.5,1000.0,1,4.82546739489056,6.06109185845105,16.947651111792656
0.1,3,100,16,TSCP_R,Gaussian,cqr,shifted,0.5,1000.0,2,4.6924725285639,5.441546210722777,15.575564950009445
0.1,3,100,16,TSCP_R,Gaussian,cqr,shifted,0.5,1000.0,3,3.7049860286945804,3.6664678855967168,11.037921799887997
0.1,3,100,16,TSCP_GWC,Gaussian,cqr,shifted,0.5,1000.0,1,4.82546739489056,6.06109185845105,16.947651111792656
0.1,3,100,16,TSCP_GWC,Gaussian,cqr,shifted,0.5,1000.0,2,4.6924725285639,5.441546210722777,15.575564950009445
0.1,3,100,16,TSCP_GWC,Gaussian,cqr,shifted,0.5,1000.0,3,3.7049860286945804,3.6664678855967168,11.037921799887997
0.1,3,100,16,Unscaled,Gaussian,cqr,raw,0.5,1000.0,1,4.82546739489056,5.562954864445109,15.951377123780778
0.1,3,100,16,Unscaled,Gaussian,cqr,raw,0.5,1000.0,2,4.6924725285639,5.562954864445109,15.818382257454111
0.1,3,100,16,Unscaled,Gaussian,cqr,raw,0.5,1000.0,3,3.7049860286945804,5.562954864445109,14.830895757584795
0.1,3,100,16,Empirical_copula,Gaussian,cqr,raw,0.5,1000.0,1,4.82546739489056,5.780371194093638,16.38620978307783
0.1,3,100,16,Empirical_copula,Gaussian,cqr,raw,0.5,1000.0,2,4.6924725285639,4.619262631163082,13.93099779089007
0.1,3,100,16,Empirical_copula,Gaussian,cqr,raw,0.5,1000.0,3,3.7049860286945804,3.3467674257099205,10.398520880114425
0.1,3,100,17,CQHR,Gaussian,cqr,native,0.5,1000.0,1,4.97450016699893,15.979122322888218,36.93274481277515
0.1,3,100,17,CQHR,Gaussian,cqr,native,0.5,1000.0,2,4.493884232458595,55.53228415546608,115.55845254339064
0.1,3,100,17,CQHR,Gaussian,cqr,native,0.5,1000.0,3,3.690520040877326,90.4772124932785,184.6449450274342
0.1,3,100,17,TSCP_R,Gaussian,cqr,shifted,0.5,1000.0,1,4.97450016699893,5.4988672500572875,15.972234667113483
0.1,3,100,17,TSCP_R,Gaussian,cqr,shifted,0.5,1000.0,2,4.493884232458595,4.942478914558933,14.378842061576464
0.1,3,100,17,TSCP_R,Gaussian,cqr,shifted,0.5,1000.0,3,3.690520040877326,3.7893299319543985,11.269179904786107
0.1,3,100,17,TSCP_GWC,Gaussian,cqr,shifted,0.5,1000.0,1,4.97450016699893,5.4988672500572875,15.972234667113483
0.1,3,100,17,TSCP_GWC,Gaussian,cqr,shifted,0.5,1000.0,2,4.493884232458595,4.942478914558933,14.378842061576464
0.1,3,100,17,TSCP_GWC,Gaussian,cqr,shifted,0.5,1000.0,3,3.690520040877326,3.7893299319543985,11.269179904786107
0.1,3,100,17,Unscaled,Gaussian,cqr,raw,0.5,1000.0,1,4.97450016699893,5.067077397616278,15.10865496223148
0.1,3,100,17,Unscaled,Gaussian,cqr,raw,0.5,1000.0,2,4.493884232458595,5.067077397616278,14.628039027691148
0.1,3,100,17,Unscaled,Gaussian,cqr,raw,0.5,1000.0,3,3.690520040877326,5.067077397616278,13.824674836109871
0.1,3,100,17,Empirical_copula,Gaussian,cqr,raw,0.5,1000.0,1,4.97450016699893,5.3531979976006845,15.680896162200295
0.1,3,100,17,Empirical_copula,Gaussian,cqr,raw,0.5,1000.0,2,4.493884232458595,4.44652403630692,13.386932305072433
0.1,3,100,17,Empirical_copula,Gaussian,cqr,raw,0.5,1000.0,3,3.690520040877326,3.2141050110084457,10.118730062894214
0.1,3,100,18,CQHR,Gaussian,cqr,native,0.5,1000.0,1,4.654400891933313,18.201477828023837,41.057356547980675
0.1,3,100,18,CQHR,Gaussian,cqr,native,0.5,1000.0,2,4.198358459745608,22.47720380570386,49.152766071153316
0.1,3,100,18,CQHR,Gaussian,cqr,native,0.5,1000.0,3,3.258246510446444,17.420996929193635,38.10024036883375
0.1,3,100,18,TSCP_R,Gaussian,cqr,shifted,0.5,1000.0,1,4.654400891933313,4.803398124336013,14.261197140605328
0.1,3,100,18,TSCP_R,Gaussian,cqr,shifted,0.5,1000.0,2,4.198358459745608,4.605113143141125,13.408584746027875
0.1,3,100,18,TSCP_R,Gaussian,cqr,shifted,0.5,1000.0,3,3.258246510446444,2.999401171325303,9.257048853097048
0.1,3,100,18,TSCP_GWC,Gaussian,cqr,shifted,0.5,1000.0,1,4.654400891933313,4.803398124336013,14.261197140605328
0.1,3,100,18,TSCP_GWC,Gaussian,cqr,shifted,0.5,1000.0,2,4.198358459745608,4.605113143141125,13.408584746027875
0.1,3,100,18,TSCP_GWC,Gaussian,cqr,shifted,0.5,1000.0,3,3.258246510446444,2.999401171325303,9.257048853097048
0.1,3,100,18,Unscaled,Gaussian,cqr,raw,0.5,1000.0,1,4.654400891933313,4.4890458119313745,13.632492515796061
0.1,3,100,18,Unscaled,Gaussian,cqr,raw,0.5,1000.0,2,4.198358459745608,4.4890458119313745,13.176450083608358
0.1,3,100,18,Unscaled,Gaussian,cqr,raw,0.5,1000.0,3,3.258246510446444,4.4890458119313745,12.236338134309202
0.1,3,100,18,Empirical_copula,Gaussian,cqr,raw,0.5,1000.0,1,4.654400891933313,4.836171807577765,14.326744507088833
0.1,3,100,18,Empirical_copula,Gaussian,cqr,raw,0.5,1000.0,2,4.198358459745608,4.935321034214649,14.069000528174907
0.1,3,100,18,Empirical_copula,Gaussian,cqr,raw,0.5,1000.0,3,3.258246510446444,2.6774580093725935,8.61316252919163
0.1,3,100,19,CQHR,Gaussian,cqr,native,0.5,1000.0,1,4.991779203323092,16.557900569956477,38.107580343236066
0.1,3,100,19,CQHR,Gaussian,cqr,native,0.5,1000.0,2,4.3879048424452884,18.973549514331122,42.33500387110758
0.1,3,100,19,CQHR,Gaussian,cqr,native,0.5,1000.0,3,3.585941849284553,14.320116106249612,32.22617406178378
0.1,3,100,19,TSCP_R,Gaussian,cqr,shifted,0.5,1000.0,1,4.991779203323092,5.333276723987865,15.658332651298828
0.1,3,100,19,TSCP_R,Gaussian,cqr,shifted,0.5,1000.0,2,4.3879048424452884,5.553976350421408,15.495857543288114
0.1,3,100,19,TSCP_R,Gaussian,cqr,shifted,0.5,1000.0,3,3.585941849284553,3.0353983470487265,9.656738543381993
0.1,3,100,19,TSCP_GWC,Gaussian,cqr,shifted,0.5,1000.0,1,4.991779203323092,5.333276723987865,15.658332651298828
0.1,3,100,19,TSCP_GWC,Gaussian,cqr,shifted,0.5,1000.0,2,4.3879048424452884,5.553976350421408,15.495857543288114
0.1,3,100,19,TSCP_GWC,Gaussian,cqr,shifted,0.5,1000.0,3,3.585941849284553,3.0353983470487265,9.656738543381993
0.1,3,100,19,Unscaled,Gaussian,cqr,raw,0.5,1000.0,1,4.991779203323092,5.138184435050451,15.268148073423985
0.1,3,100,19,Unscaled,Gaussian,cqr,raw,0.5,1000.0,2,4.3879048424452884,5.138184435050451,14.664273712546214
0.1,3,100,19,Unscaled,Gaussian,cqr,raw,0.5,1000.0,3,3.585941849284553,5.138184435050451,13.862310719385448
0.1,3,100,19,Empirical_copula,Gaussian,cqr,raw,0.5,1000.0,1,4.991779203323092,5.138184434987284,15.268148073297658
0.1,3,100,19,Empirical_copula,Gaussian,cqr,raw,0.5,1000.0,2,4.3879048424452884,5.613220280365173,15.614345403175646
0.1,3,100,19,Empirical_copula,Gaussian,cqr,raw,0.5,1000.0,3,3.585941849284553,2.8097870463725236,9.205515942029605
0.1,3,100,20,CQHR,Gaussian,cqr,native,0.5,1000.0,1,4.620681299467463,11.05125098288408,26.72318326523556
0.1,3,100,20,CQHR,Gaussian,cqr,native,0.5,1000.0,2,4.4331581464209435,14.891779211483477,34.216716569387884
0.1,3,100,20,CQHR,Gaussian,cqr,native,0.5,1000.0,3,3.3569102708957614,11.44757515070845,26.25206057231267
0.1,3,100,20,TSCP_R,Gaussian,cqr,shifted,0.5,1000.0,1,4.620681299467463,5.615908775837511,15.85249885114247
0.1,3,100,20,TSCP_R,Gaussian,cqr,shifted,0.5,1000.0,2,4.4331581464209435,5.768275942695709,15.96971003181234
0.1,3,100,20,TSCP_R,Gaussian,cqr,shifted,0.5,1000.0,3,3.3569102708957614,3.1886191516844065,9.73414857426458
0.1,3,100,20,TSCP_GWC,Gaussian,cqr,shifted,0.5,1000.0,1,4.620681299467463,5.615908775837511,15.85249885114247
0.1,3,100,20,TSCP_GWC,Gaussian,cqr,shifted,0.5,1000.0,2,4.4331581464209435,5.768275942695709,15.96971003181234
0.1,3,100,20,TSCP_GWC,Gaussian,cqr,shifted,0.5,1000.0,3,3.3569102708957614,3.1886191516844065,9.73414857426458
0.1,3,100,20,Unscaled,Gaussian,cqr,raw,0.5,1000.0,1,4.620681299467463,4.8829423643503445,14.386566028168158
0.1,3,100,20,Unscaled,Gaussian,cqr,raw,0.5,1000.0,2,4.4331581464209435,4.8829423643503445,14.199042875121634
0.1,3,100,20,Unscaled,Gaussian,cqr,raw,0.5,1000.0,3,3.3569102708957614,4.8829423643503445,13.122794999596454
0.1,3,100,20,Empirical_copula,Gaussian,cqr,raw,0.5,1000.0,1,4.620681299467463,4.430240859883188,13.481163019233849
0.1,3,100,20,Empirical_copula,Gaussian,cqr,raw,0.5,1000.0,2,4.4331581464209435,6.638344439660596,17.709847025742143
0.1,3,100,20,Empirical_copula,Gaussian,cqr,raw,0.5,1000.0,3,3.3569102708957614,2.830564852620731,9.018039976137226
0.1,3,100,21,CQHR,Gaussian,cqr,native,0.5,1000.0,1,4.707895078732449,11.225386993169897,27.15866906507213
0.1,3,100,21,CQHR,Gaussian,cqr,native,0.5,1000.0,2,4.618625651545823,13.702900446883868,32.024426545313574
0.1,3,100,21,CQHR,Gaussian,cqr,native,0.5,1000.0,3,3.4100790169064386,9.985148233000452,23.380375482907343
0.1,3,100,21,TSCP_R,Gaussian,cqr,shifted,0.5,1000.0,1,4.707895078732449,5.1777448613595425,15.063384801451535
0.1,3,100,21,TSCP_R,Gaussian,cqr,shifted,0.5,1000.0,2,4.618625651545823,4.213270803957471,13.04516725946076
0.1,3,100,21,TSCP_R,Gaussian,cqr,shifted,0.5,1000.0,3,3.4100790169064386,3.143593551101958,9.69726611911036
0.1,3,100,21,TSCP_GWC,Gaussian,cqr,shifted,0.5,1000.0,1,4.707895078732449,5.1777448613595425,15.063384801451535
0.1,3,100,21,TSCP_GWC,Gaussian,cqr,shifted,0.5,1000.0,2,4.618625651545823,4.213270803957471,13.04516725946076
0.1,3,100,21,TSCP_GWC,Gaussian,cqr,shifted,0.5,1000.0,3,3.4100790169064386,3.143593551101958,9.69726611911036
0.1,3,100,21,Unscaled,Gaussian,cqr,raw,0.5,1000.0,1,4.707895078732449,4.11049417352353,12.928883425779505
0.1,3,100,21,Unscaled,Gaussian,cqr,raw,0.5,1000.0,2,4.618625651545823,4.11049417352353,12.839613998592894
0.1,3,100,21,Unscaled,Gaussian,cqr,raw,0.5,1000.0,3,3.4100790169064386,4.11049417352353,11.631067363953486
0.1,3,100,21,Empirical_copula,Gaussian,cqr,raw,0.5,1000.0,1,4.707895078732449,5.398590091630606,15.50507526199365
0.1,3,100,21,Empirical_copula,Gaussian,cqr,raw,0.5,1000.0,2,4.618625651545823,4.0902018034466465,12.799029258439141
0.1,3,100,21,Empirical_copula,Gaussian,cqr,raw,0.5,1000.0,3,3.4100790169064386,2.496455457450331,8.402989931807095
0.1,3,100,22,CQHR,Gaussian,cqr,native,0.5,1000.0,1,4.789002742188546,9.56521749377946,23.919437729747276
0.1,3,100,22,CQHR,Gaussian,cqr,native,0.5,1000.0,2,4.298404093495643,12.089561630099087,28.47752735369384
0.1,3,100,22,CQHR,Gaussian,cqr,native,0.5,1000.0,3,3.4087432135264737,10.315573286536148,24.039889786598735
0.1,3,100,22,TSCP_R,Gaussian,cqr,shifted,0.5,1000.0,1,4.789002742188546,7.799483487133557,20.387969716455657
0.1,3,100,22,TSCP_R,Gaussian,cqr,shifted,0.5,1000.0,2,4.298404093495643,5.2672763995581136,14.832956892611868
0.1,3,100,22,TSCP_R,Gaussian,cqr,shifted,0.5,1000.0,3,3.4087432135264737,4.469989086721398,12.348721386969267
0.1,3,100,22,TSCP_GWC,Gaussian,cqr,shifted,0.5,1000.0,1,4.789002742188546,7.799483487133557,20.387969716455657
0.1,3,100,22,TSCP_GWC,Gaussian,cqr,shifted,0.5,1000.0,2,4.298404093495643,5.2672763995581136,14.832956892611868
0.1,3,100,22,TSCP_GWC,Gaussian,cqr,shifted,0.5,1000.0,3,3.4087432135264737,4.469989086721398,12.348721386969267
0.1,3,100,22,Unscaled,Gaussian,cqr,raw,0.5,1000.0,1,4.789002742188546,6.145146961164023,17.079296664516576
0.1,3,100,22,Unscaled,Gaussian,cqr,raw,0.5,1000.0,2,4.298404093495643,6.145146961164023,16.58869801582371
0.1,3,100,22,Unscaled,Gaussian,cqr,raw,0.5,1000.0,3,3.4087432135264737,6.145146961164023,15.699037135854512
0.1,3,100,22,Empirical_copula,Gaussian,cqr,raw,0.5,1000.0,1,4.789002742188546,6.931572752119276,18.65214824642711
0.1,3,100,22,Empirical_copula,Gaussian,cqr,raw,0.5,1000.0,2,4.298404093495643,4.235076281183075,12.768556655861811
0.1,3,100,22,Empirical_copula,Gaussian,cqr,raw,0.5,1000.0,3,3.4087432135264737,3.9166968730531018,11.242136959632685
0.1,3,100,23,CQHR,Gaussian,cqr,native,0.5,1000.0,1,4.760422049315891,13.219926291410959,31.200274632137813
0.1,3,100,23,CQHR,Gaussian,cqr,native,0.5,1000.0,2,4.474730607840723,14.945502215061063,34.365735037962835
0.1,3,100,23,CQHR,Gaussian,cqr,native,0.5,1000.0,3,3.5620867066189983,11.709292563393154,26.98067183340532
0.1,3,100,23,TSCP_R,Gaussian,cqr,shifted,0.5,1000.0,1,4.760422049315891,7.827120700338355,20.41466344999261
0.1,3,100,23,TSCP_R,Gaussian,cqr,shifted,0.5,1000.0,2,4.474730607840723,8.063022965596929,20.60077653903459
0.1,3,100,23,TSCP_R,Gaussian,cqr,shifted,0.5,1000.0,3,3.5620867066189983,5.169054535767486,13.900195778153979
0.1,3,100,23,TSCP_GWC,Gaussian,cqr,shifted,0.5,1000.0,1,4.760422049315891,7.827120700338355,20.41466344999261
0.1,3,100,23,TSCP_GWC,Gaussian,cqr,shifted,0.5,1000.0,2,4.474730607840723,8.063022965596929,20.60077653903459
0.1,3,100,23,TSCP_GWC,Gaussian,cqr,shifted,0.5,1000.0,3,3.5620867066189983,5.169054535767486,13.900195778153979
0.1,3,100,23,Unscaled,Gaussian,cqr,raw,0.5,1000.0,1,4.760422049315891,7.062156590292148,18.8847352299002
0.1,3,100,23,Unscaled,Gaussian,cqr,raw,0.5,1000.0,2,4.474730607840723,7.062156590292148,18.599043788425014
0.1,3,100,23,Unscaled,Gaussian,cqr,raw,0.5,1000.0,3,3.5620867066189983,7.062156590292148,17.686399887203287
0.1,3,100,23,Empirical_copula,Gaussian,cqr,raw,0.5,1000.0,1,4.760422049315891,7.189590886135726,19.139603821587336
0.1,3,100,23,Empirical_copula,Gaussian,cqr,raw,0.5,1000.0,2,4.474730607840723,7.763833908481793,20.00239842480429
0.1,3,100,23,Empirical_copula,Gaussian,cqr,raw,0.5,1000.0,3,3.5620867066189983,5.1906980175270085,13.943482741673018
0.1,3,100,24,CQHR,Gaussian,cqr,native,0.5,1000.0,1,4.839499211519135,8.703064917860413,22.245629047239685
0.1,3,100,24,CQHR,Gaussian,cqr,native,0.5,1000.0,2,4.304844942480085,12.054617913349293,28.41408076917869
0.1,3,100,24,CQHR,Gaussian,cqr,native,0.5,1000.0,3,3.3366027547805577,9.422944023146565,22.18249080107368
0.1,3,100,24,TSCP_R,Gaussian,cqr,shifted,0.5,1000.0,1,4.839499211519135,6.156371415761214,17.152242043041586
0.1,3,100,24,TSCP_R,Gaussian,cqr,shifted,0.5,1000.0,2,4.304844942480085,5.875794505123963,16.05643395272801
0.1,3,100,24,TSCP_R,Gaussian,cqr,shifted,0.5,1000.0,3,3.3366027547805577,3.705324586587608,10.747251927955775
0.1,3,100,24,TSCP_GWC,Gaussian,cqr,shifted,0.5,1000.0,1,4.839499211519135,6.156371415761214,17.152242043041586
0.1,3,100,24,TSCP_GWC,Gaussian,cqr,shifted,0.5,1000.0,2,4.304844942480085,5.875794505123963,16.05643395272801
0.1,3,100,24,TSCP_GWC,Gaussian,cqr,shifted,0.5,1000.0,3,3.3366027547805577,3.705324586587608,10.747251927955775
0.1,3,100,24,Unscaled,Gaussian,cqr,raw,0.5,1000.0,1,4.839499211519135,5.729473739764344,16.298446691047822
0.1,3,100,24,Unscaled,Gaussian,cqr,raw,0.5,1000.0,2,4.304844942480085,5.729473739764344,15.763792422008777
0.1,3,100,24,Unscaled,Gaussian,cqr,raw,0.5,1000.0,3,3.3366027547805577,5.729473739764344,14.795550234309257
0.1,3,100,24,Empirical_copula,Gaussian,cqr,raw,0.5,1000.0,1,4.839499211519135,5.883618259180306,16.60673572987975
0.1,3,100,24,Empirical_copula,Gaussian,cqr,raw,0.5,1000.0,2,4.304844942480085,5.807469113911939,15.919783170303965
0.1,3,100,24,Empirical_copula,Gaussian,cqr,raw,0.5,1000.0,3,3.3366027547805577,3.3360576789176584,10.008718112615876
0.1,3,100,25,CQHR,Gaussian,cqr,native,0.5,1000.0,1,4.6379296963160215,16.777745496194083,38.19342068870381
0.1,3,100,25,CQHR,Gaussian,cqr,native,0.5,1000.0,2,4.5457321507167965,21.64049999054825,47.8267321318133
0.1,3,100,25,CQHR,Gaussian,cqr,native,0.5,1000.0,3,3.5043731124325648,16.292712288320992,36.08979768907461
0.1,3,100,25,TSCP_R,Gaussian,cqr,shifted,0.5,1000.0,1,4.6379296963160215,5.1679854954703615,14.97390068725674
0.1,3,100,25,TSCP_R,Gaussian,cqr,shifted,0.5,1000.0,2,4.5457321507167965,6.319427878233569,17.184587907183953
0.1,3,100,25,TSCP_R,Gaussian,cqr,shifted,0.5,1000.0,3,3.5043731124325648,3.511765664025347,10.527904440483258
0.1,3,100,25,TSCP_GWC,Gaussian,cqr,shifted,0.5,1000.0,1,4.6379296963160215,5.1679854954703615,14.97390068725674
0.1,3,100,25,TSCP_GWC,Gaussian,cqr,shifted,0.5,1000.0,2,4.5457321507167965,6.319427878233569,17.184587907183953
0.1,3,100,25,TSCP_GWC,Gaussian,cqr,shifted,0.5,1000.0,3,3.5043731124325648,3.511765664025347,10.527904440483258
0.1,3,100,25,Unscaled,Gaussian,cqr,raw,0.5,1000.0,1,4.6379296963160215,4.7533862248249905,14.144702145966011
0.1,3,100,25,Unscaled,Gaussian,cqr,raw,0.5,1000.0,2,4.5457321507167965,4.7533862248249905,14.052504600366783
0.1,3,100,25,Unscaled,Gaussian,cqr,raw,0.5,1000.0,3,3.5043731124325648,4.7533862248249905,13.01114556208255
0.1,3,100,25,Empirical_copula,Gaussian,cqr,raw,0.5,1000.0,1,4.6379296963160215,5.003925937082091,14.64578157048021
0.1,3,100,25,Empirical_copula,Gaussian,cqr,raw,0.5,1000.0,2,4.5457321507167965,5.483827733488617,15.513387617694015
0.1,3,100,25,Empirical_copula,Gaussian,cqr,raw,0.5,1000.0,3,3.5043731124325648,3.2813909799236605,10.067155072279888
0.1,3,100,26,CQHR,Gaussian,cqr,native,0.5,1000.0,1,4.663458310082112,22.981438343245838,50.626334996573945
0.1,3,100,26,CQHR,Gaussian,cqr,native,0.5,1000.0,2,4.381512718096159,32.85770527385872,70.09692326581371
0.1,3,100,26,CQHR,Gaussian,cqr,native,0.5,1000.0,3,3.525622171925602,22.915222900780723,49.356067973487036
0.1,3,100,26,TSCP_R,Gaussian,cqr,shifted,0.5,1000.0,1,4.663458310082112,5.842233475367493,16.347925260817117
0.1,3,100,26,TSCP_R,Gaussian,cqr,shifted,0.5,1000.0,2,4.381512718096159,4.92293336635646,14.227379450809089
0.1,3,100,26,TSCP_R,Gaussian,cqr,shifted,0.5,1000.0,3,3.525622171925602,3.1347108623156146,9.795043896556837
0.1,3,100,26,TSCP_GWC,Gaussian,cqr,shifted,0.5,1000.0,1,4.663458310082112,5.842233475367493,16.347925260817117
0.1,3,100,26,TSCP_GWC,Gaussian,cqr,shifted,0.5,1000.0,2,4.381512718096159,4.92293336635646,14.227379450809089
0.1,3,100,26,TSCP_GWC,Gaussian,cqr,shifted,0.5,1000.0,3,3.525622171925602,3.1347108623156146,9.795043896556837
0.1,3,100,26,Unscaled,Gaussian,cqr,raw,0.5,1000.0,1,4.663458310082112,4.778915928343646,14.221290166769414
0.1,3,100,26,Unscaled,Gaussian,cqr,raw,0.5,1000.0,2,4.381512718096159,4.778915928343646,13.939344574783464
0.1,3,100,26,Unscaled,Gaussian,cqr,raw,0.5,1000.0,3,3.525622171925602,4.778915928343646,13.083454028612893
0.1,3,100,26,Empirical_copula,Gaussian,cqr,raw,0.5,1000.0,1,4.663458310082112,5.659139725895054,15.981737761872228
0.1,3,100,26,Empirical_copula,Gaussian,cqr,raw,0.5,1000.0,2,4.381512718096159,4.682204725154591,13.74592216840536
0.1,3,100,26,Empirical_copula,Gaussian,cqr,raw,0.5,1000.0,3,3.525622171925602,2.628600662906589,8.782823497738772
0.1,3,100,27,CQHR,Gaussian,cqr,native,0.5,1000.0,1,4.8040512761229195,12.256594617965673,29.3172405120542
0.1,3,100,27,CQHR,Gaussian,cqr,native,0.5,1000.0,2,4.367256210172762,18.050697360411885,40.46865093099656
0.1,3,100,27,CQHR,Gaussian,cqr,native,0.5,1000.0,3,3.4739622110258823,14.299350934171368,32.072664079368614
0.1,3,100,27,TSCP_R,Gaussian,cqr,shifted,0.5,1000.0,1,4.8040512761229195,4.751230248417187,14.306511772957291
0.1,3,100,27,TSCP_R,Gaussian,cqr,shifted,0.5,1000.0,2,4.367256210172762,4.83779784855426,14.042851907281284
0.1,3,100,27,TSCP_R,Gaussian,cqr,shifted,0.5,1000.0,3,3.4739622110258823,3.7060876655604034,10.886137542146697
0.1,3,100,27,TSCP_GWC,Gaussian,cqr,shifted,0.5,1000.0,1,4.8040512761229195,4.751230248417187,14.306511772957291
0.1,3,100,27,TSCP_GWC,Gaussian,cqr,shifted,0.5,1000.0,2,4.367256210172762,4.83779784855426,14.042851907281284
0.1,3,100,27,TSCP_GWC,Gaussian,cqr,shifted,0.5,1000.0,3,3.4739622110258823,3.7060876655604034,10.886137542146697
0.1,3,100,27,Unscaled,Gaussian,cqr,raw,0.5,1000.0,1,4.8040512761229195,4.531556833219338,13.867164942561597
0.1,3,100,27,Unscaled,Gaussian,cqr,raw,0.5,1000.0,2,4.367256210172762,4.531556833219338,13.43036987661143
0.1,3,100,27,Unscaled,Gaussian,cqr,raw,0.5,1000.0,3,3.4739622110258823,4.531556833219338,12.537075877464563
0.1,3,100,27,Empirical_copula,Gaussian,cqr,raw,0.5,1000.0,1,4.8040512761229195,4.644083639316261,14.09221855475546
0.1,3,100,27,Empirical_copula,Gaussian,cqr,raw,0.5,1000.0,2,4.367256210172762,4.193492252101002,12.75424071437477
0.1,3,100,27,Empirical_copula,Gaussian,cqr,raw,0.5,1000.0,3,3.4739622110258823,3.4810326482261433,10.43602750747817
0.1,3,100,28,CQHR,Gaussian,cqr,native,0.5,1000.0,1,4.554298246574543,14.45304538532598,33.46038901722665
0.1,3,100,28,CQHR,Gaussian,cqr,native,0.5,1000.0,2,4.341968081759042,20.260711223918744,44.863390529596494
0.1,3,100,28,CQHR,Gaussian,cqr,native,0.5,1000.0,3,3.3453386768723132,13.875752635931534,31.096843948735362
0.1,3,100,28,TSCP_R,Gaussian,cqr,shifted,0.5,1000.0,1,4.554298246574543,6.701431150291114,17.95716054715679
0.1,3,100,28,TSCP_R,Gaussian,cqr,shifted,0.5,1000.0,2,4.341968081759042,5.711359194169631,15.764686470098301
0.1,3,100,28,TSCP_R,Gaussian,cqr,shifted,0.5,1000.0,3,3.3453386768723132,2.8199138421064163,8.985166361085144
0.1,3,100,28,TSCP_GWC,Gaussian,cqr,shifted,0.5,1000.0,1,4.554298246574543,6.701431150291114,17.95716054715679
0.1,3,100,28,TSCP_GWC,Gaussian,cqr,shifted,0.5,1000.0,2,4.341968081759042,5.711359194169631,15.764686470098301
0.1,3,100,28,TSCP_GWC,Gaussian,cqr,shifted,0.5,1000.0,3,3.3453386768723132,2.8199138421064163,8.985166361085144
0.1,3,100,28,Unscaled,Gaussian,cqr,raw,0.5,1000.0,1,4.554298246574543,5.092138910542179,14.73857606765889
0.1,3,100,28,Unscaled,Gaussian,cqr,raw,0.5,1000.0,2,4.341968081759042,5.092138910542179,14.526245902843405
0.1,3,100,28,Unscaled,Gaussian,cqr,raw,0.5,1000.0,3,3.3453386768723132,5.092138910542179,13.529616497956686
0.1,3,100,28,Empirical_copula,Gaussian,cqr,raw,0.5,1000.0,1,4.554298246574543,5.967688387395075,16.489675021364693
0.1,3,100,28,Empirical_copula,Gaussian,cqr,raw,0.5,1000.0,2,4.341968081759042,5.092138910473929,14.526245902706908
0.1,3,100,28,Empirical_copula,Gaussian,cqr,raw,0.5,1000.0,3,3.3453386768723132,2.752703897607383,8.850746472087083
0.1,3,100,29,CQHR,Gaussian,cqr,native,0.5,1000.0,1,4.680232781210193,11.313506776284152,27.307246333778462
0.1,3,100,29,CQHR,Gaussian,cqr,native,0.5,1000.0,2,4.203475677192519,18.584816278784064,41.373108234760664
0.1,3,100,29,CQHR,Gaussian,cqr,native,0.5,1000.0,3,3.3986949504807296,11.898553483234847,27.195801916950412
0.1,3,100,29,TSCP_R,Gaussian,cqr,shifted,0.5,1000.0,1,4.680232781210193,6.212748917218391,17.105730615646973
0.1,3,100,29,TSCP_R,Gaussian,cqr,shifted,0.5,1000.0,2,4.203475677192519,5.0997799781268895,14.4030356334463
0.1,3,100,29,TSCP_R,Gaussian,cqr,shifted,0.5,1000.0,3,3.3986949504807296,3.5818217022878116,10.562338355056376
0.1,3,100,29,TSCP_GWC,Gaussian,cqr,shifted,0.5,1000.0,1,4.680232781210193,6.212748917218391,17.105730615646973
0.1,3,100,29,TSCP_GWC,Gaussian,cqr,shifted,0.5,1000.0,2,4.203475677192519,5.0997799781268895,14.4030356334463
0.1,3,100,29,TSCP_GWC,Gaussian,cqr,shifted,0.5,1000.0,3,3.3986949504807296,3.5818217022878116,10.562338355056376
0.1,3,100,29,Unscaled,Gaussian,cqr,raw,0.5,1000.0,1,4.680232781210193,6.022382465799905,16.72499771280998
0.1,3,100,29,Unscaled,Gaussian,cqr,raw,0.5,1000.0,2,4.203475677192519,6.022382465799905,16.248240608792337
0.1,3,100,29,Unscaled,Gaussian,cqr,raw,0.5,1000.0,3,3.3986949504807296,6.022382465799905,15.443459882080548
0.1,3,100,29,Empirical_copula,Gaussian,cqr,raw,0.5,1000.0,1,4.680232781210193,6.412999022318306,17.5062308258468
0.1,3,100,29,Empirical_copula,Gaussian,cqr,raw,0.5,1000.0,2,4.203475677192519,5.110248393483964,14.423972464160443
0.1,3,100,29,Empirical_copula,Gaussian,cqr,raw,0.5,1000.0,3,3.3986949504807296,1.824588672680445,7.047872295841617
0.1,3,100,30,CQHR,Gaussian,cqr,native,0.5,1000.0,1,4.834253509057357,9.996217451309331,24.826688411675875
0.1,3,100,30,CQHR,Gaussian,cqr,native,0.5,1000.0,2,4.373280142252331,11.073845053269032,26.52097024879043
0.1,3,100,30,CQHR,Gaussian,cqr,native,0.5,1000.0,3,3.4795625479912555,8.109819200163168,19.69920094831758
0.1,3,100,30,TSCP_R,Gaussian,cqr,shifted,0.5,1000.0,1,4.834253509057357,6.492169425866564,17.818592360790483
0.1,3,100,30,TSCP_R,Gaussian,cqr,shifted,0.5,1000.0,2,4.373280142252331,6.797391477488759,17.968063097229866
0.1,3,100,30,TSCP_R,Gaussian,cqr,shifted,0.5,1000.0,3,3.4795625479912555,4.971892084705701,13.423346717402639
0.1,3,100,30,TSCP_GWC,Gaussian,cqr,shifted,0.5,1000.0,1,4.834253509057357,6.492169425866564,17.818592360790483
0.1,3,100,30,TSCP_GWC,Gaussian,cqr,shifted,0.5,1000.0,2,4.373280142252331,6.797391477488759,17.968063097229866
0.1,3,100,30,TSCP_GWC,Gaussian,cqr,shifted,0.5,1000.0,3,3.4795625479912555,4.971892084705701,13.423346717402639
0.1,3,100,30,Unscaled,Gaussian,cqr,raw,0.5,1000.0,1,4.834253509057357,6.278525083992183,17.391303677041723
0.1,3,100,30,Unscaled,Gaussian,cqr,raw,0.5,1000.0,2,4.373280142252331,6.278525083992183,16.930330310236684
0.1,3,100,30,Unscaled,Gaussian,cqr,raw,0.5,1000.0,3,3.4795625479912555,6.278525083992183,16.036612715975615
0.1,3,100,30,Empirical_copula,Gaussian,cqr,raw,0.5,1000.0,1,4.834253509057357,4.553352009820902,13.94095752869916
0.1,3,100,30,Empirical_copula,Gaussian,cqr,raw,0.5,1000.0,2,4.373280142252331,6.362288638421322,17.097857419094986
0.1,3,100,30,Empirical_copula,Gaussian,cqr,raw,0.5,1000.0,3,3.4795625479912555,4.238846853239199,11.957256254469655
0.1,3,100,31,CQHR,Gaussian,cqr,native,0.5,1000.0,1,4.619590682211289,12.437389314375888,29.494369310963368
0.1,3,100,31,CQHR,Gaussian,cqr,native,0.5,1000.0,2,4.530784349453804,20.5618211057489,45.65442656095165
0.1,3,100,31,CQHR,Gaussian,cqr,native,0.5,1000.0,3,3.4043765894505738,14.907225567757383,33.21882772496536
0.1,3,100,31,TSCP_R,Gaussian,cqr,shifted,0.5,1000.0,1,4.619590682211289,5.119343278022825,14.858277238256926
0.1,3,100,31,TSCP_R,Gaussian,cqr,shifted,0.5,1000.0,2,4.530784349453804,5.568928610824628,15.66864157110305
0.1,3,100,31,TSCP_R,Gaussian,cqr,shifted,0.5,1000.0,3,3.4043765894505738,3.8001483791013015,11.004673347653183
0.1,3,100,31,TSCP_GWC,Gaussian,cqr,shifted,0.5,1000.0,1,4.619590682211289,5.119343278022825,14.858277238256926
0.1,3,100,31,TSCP_GWC,Gaussian,cqr,shifted,0.5,1000.0,2,4.530784349453804,5.568928610824628,15.66864157110305
0.1,3,100,31,TSCP_GWC,Gaussian,cqr,shifted,0.5,1000.0,3,3.4043765894505738,3.8001483791013015,11.004673347653183
0.1,3,100,31,Unscaled,Gaussian,cqr,raw,0.5,1000.0,1,4.619590682211289,5.069049711416896,14.757690105045087
0.1,3,100,31,Unscaled,Gaussian,cqr,raw,0.5,1000.0,2,4.530784349453804,5.069049711416896,14.668883772287602
0.1,3,100,31,Unscaled,Gaussian,cqr,raw,0.5,1000.0,3,3.4043765894505738,5.069049711416896,13.542476012284373
0.1,3,100,31,Empirical_copula,Gaussian,cqr,raw,0.5,1000.0,1,4.619590682211289,5.556418036996458,15.732426756204203
0.1,3,100,31,Empirical_copula,Gaussian,cqr,raw,0.5,1000.0,2,4.530784349453804,5.434915806549634,15.400615962553077
0.1,3,100,31,Empirical_copula,Gaussian,cqr,raw,0.5,1000.0,3,3.4043765894505738,3.423038739824765,10.25045406910009
0.1,3,100,32,CQHR,Gaussian,cqr,native,0.5,1000.0,1,4.703400991327949,13.632513769650364,31.968428530628763
0.1,3,100,32,CQHR,Gaussian,cqr,native,0.5,1000.0,2,4.4103867499137985,17.113724086714058,38.63783492334193
0.1,3,100,32,CQHR,Gaussian,cqr,native,0.5,1000.0,3,3.493606647256899,13.913441002897095,31.32048865305109
0.1,3,100,32,TSCP_R,Gaussian,cqr,shifted,0.5,1000.0,1,4.703400991327949,5.808905399821697,16.321211790971336
0.1,3,100,32,TSCP_R,Gaussian,cqr,shifted,0.5,1000.0,2,4.4103867499137985,5.804665918888077,16.019718587689947
0.1,3,100,32,TSCP_R,Gaussian,cqr,shifted,0.5,1000.0,3,3.493606647256899,3.4772017340799266,10.448010115416752
0.1,3,100,32,TSCP_GWC,Gaussian,cqr,shifted,0.5,1000.0,1,4.703400991327949,5.808905399821697,16.321211790971336
0.1,3,100,32,TSCP_GWC,Gaussian,cqr,shifted,0.5,1000.0,2,4.4103867499137985,5.804665918888077,16.019718587689947
0.1,3,100,32,TSCP_GWC,Gaussian,cqr,shifted,0.5,1000.0,3,3.493606647256899,3.4772017340799266,10.448010115416752
0.1,3,100,32,Unscaled,Gaussian,cqr,raw,0.5,1000.0,1,4.703400991327949,5.404960322066996,15.513321635461953
0.1,3,100,32,Unscaled,Gaussian,cqr,raw,0.5,1000.0,2,4.4103867499137985,5.404960322066996,15.220307394047783
0.1,3,100,32,Unscaled,Gaussian,cqr,raw,0.5,1000.0,3,3.493606647256899,5.404960322066996,14.303527291390889
0.1,3,100,32,Empirical_copula,Gaussian,cqr,raw,0.5,1000.0,1,4.703400991327949,5.927537400636115,16.558475792600174
0.1,3,100,32,Empirical_copula,Gaussian,cqr,raw,0.5,1000.0,2,4.4103867499137985,5.236535717246653,14.883458184407091
0.1,3,100,32,Empirical_copula,Gaussian,cqr,raw,0.5,1000.0,3,3.493606647256899,3.246295720375116,9.986198088007132
0.1,3,100,33,CQHR,Gaussian,cqr,native,0.5,1000.0,1,4.8574267172643655,9.024900679658524,22.90722807658154
0.1,3,100,33,CQHR,Gaussian,cqr,native,0.5,1000.0,2,4.229621081295265,10.96430133839519,26.158223758085622
0.1,3,100,33,CQHR,Gaussian,cqr,native,0.5,1000.0,3,3.445510935694951,8.568301676600662,20.582114288896275
0.1,3,100,33,TSCP_R,Gaussian,cqr,shifted,0.5,1000.0,1,4.8574267172643655,6.433909690296446,17.725246097857266
0.1,3,100,33,TSCP_R,Gaussian,cqr,shifted,0.5,1000.0,2,4.229621081295265,6.29522841388723,16.82007790906973
0.1,3,100,33,TSCP_R,Gaussian,cqr,shifted,0.5,1000.0,3,3.445510935694951,4.463174165503119,12.371859266701193
0.1,3,100,33,TSCP_GWC,Gaussian,cqr,shifted,0.5,1000.0,1,4.8574267172643655,6.433909690296446,17.725246097857266
0.1,3,100,33,TSCP_GWC,Gaussian,cqr,shifted,0.5,1000.0,2,4.229621081295265,6.29522841388723,16.82007790906973
0.1,3,100,33,TSCP_GWC,Gaussian,cqr,shifted,0.5,1000.0,3,3.445510935694951,4.463174165503119,12.371859266701193
0.1,3,100,33,Unscaled,Gaussian,cqr,raw,0.5,1000.0,1,4.8574267172643655,5.758033051031898,16.373492819328163
0.1,3,100,33,Unscaled,Gaussian,cqr,raw,0.5,1000.0,2,4.229621081295265,5.758033051031898,15.745687183359063
0.1,3,100,33,Unscaled,Gaussian,cqr,raw,0.5,1000.0,3,3.445510935694951,5.758033051031898,14.961577037758753
0.1,3,100,33,Empirical_copula,Gaussian,cqr,raw,0.5,1000.0,1,4.8574267172643655,6.215682452644643,17.28879162255366
0.1,3,100,33,Empirical_copula,Gaussian,cqr,raw,0.5,1000.0,2,4.229621081295265,5.345439251075726,14.920499583446727
0.1,3,100,33,Empirical_copula,Gaussian,cqr,raw,0.5,1000.0,3,3.445510935694951,4.9775995204882335,13.400709976671415
0.1,3,100,34,CQHR,Gaussian,cqr,native,0.5,1000.0,1,4.797903964735558,14.96289888238541,34.72370172950651
0.1,3,100,34,CQHR,Gaussian,cqr,native,0.5,1000.0,2,4.229116769544561,17.915325443155073,40.059767655854685
0.1,3,100,34,CQHR,Gaussian,cqr,native,0.5,1000.0,3,3.256197359301271,12.525033713763442,28.306264786828148
0.1,3,100,34,TSCP_R,Gaussian,cqr,shifted,0.5,1000.0,1,4.797903964735558,6.217670106131209,17.23324417699797
0.1,3,100,34,TSCP_R,Gaussian,cqr,shifted,0.5,1000.0,2,4.229116769544561,6.303531240918687,16.836179251381928
0.1,3,100,34,TSCP_R,Gaussian,cqr,shifted,0.5,1000.0,3,3.256197359301271,4.148936598575233,11.55407055645174
0.1,3,100,34,TSCP_GWC,Gaussian,cqr,shifted,0.5,1000.0,1,4.797903964735558,6.217670106131209,17.23324417699797
0.1,3,100,34,TSCP_GWC,Gaussian,cqr,shifted,0.5,1000.0,2,4.229116769544561,6.303531240918687,16.836179251381928
0.1,3,100,34,TSCP_GWC,Gaussian,cqr,shifted,0.5,1000.0,3,3.256197359301271,4.148936598575233,11.55407055645174
0.1,3,100,34,Unscaled,Gaussian,cqr,raw,0.5,1000.0,1,4.797903964735558,5.573391919292046,15.944687803319637
0.1,3,100,34,Unscaled,Gaussian,cqr,raw,0.5,1000.0,2,4.229116769544561,5.573391919292046,15.37590060812865
0.1,3,100,34,Unscaled,Gaussian,cqr,raw,0.5,1000.0,3,3.256197359301271,5.573391919292046,14.402981197885357
0.1,3,100,34,Empirical_copula,Gaussian,cqr,raw,0.5,1000.0,1,4.797903964735558,5.93028209433292,16.658468153401405
0.1,3,100,34,Empirical_copula,Gaussian,cqr,raw,0.5,1000.0,2,4.229116769544561,5.086372474759145,14.40186171906285
0.1,3,100,34,Empirical_copula,Gaussian,cqr,raw,0.5,1000.0,3,3.256197359301271,4.0303012348967115,11.316799829094691
0.1,3,100,35,CQHR,Gaussian,cqr,native,0.5,1000.0,1,4.80566012186406,10.879878849068803,26.565417820001993
0.1,3,100,35,CQHR,Gaussian,cqr,native,0.5,1000.0,2,4.417445273415847,20.446837710688992,45.31112069479379
0.1,3,100,35,CQHR,Gaussian,cqr,native,0.5,1000.0,3,3.5805223668550714,12.526011472247346,28.63254531134979
0.1,3,100,35,TSCP_R,Gaussian,cqr,shifted,0.5,1000.0,1,4.80566012186406,5.633844397488247,16.073348916840555
0.1,3,100,35,TSCP_R,Gaussian,cqr,shifted,0.5,1000.0,2,4.417445273415847,6.018333596738785,16.454112466893413
0.1,3,100,35,TSCP_R,Gaussian,cqr,shifted,0.5,1000.0,3,3.5805223668550714,3.9520875358962257,11.484697438647515
0.1,3,100,35,TSCP_GWC,Gaussian,cqr,shifted,0.5,1000.0,1,4.80566012186406,5.633844397488247,16.073348916840555
0.1,3,100,35,TSCP_GWC,Gaussian,cqr,shifted,0.5,1000.0,2,4.417445273415847,6.018333596738785,16.454112466893413
0.1,3,100,35,TSCP_GWC,Gaussian,cqr,shifted,0.5,1000.0,3,3.5805223668550714,3.9520875358962257,11.484697438647515
0.1,3,100,35,Unscaled,Gaussian,cqr,raw,0.5,1000.0,1,4.80566012186406,5.2508318764475135,15.307323874759083
0.1,3,100,35,Unscaled,Gaussian,cqr,raw,0.5,1000.0,2,4.417445273415847,5.2508318764475135,14.919109026310878
0.1,3,100,35,Unscaled,Gaussian,cqr,raw,0.5,1000.0,3,3.5805223668550714,5.2508318764475135,14.082186119750103
0.1,3,100,35,Empirical_copula,Gaussian,cqr,raw,0.5,1000.0,1,4.80566012186406,4.698909333132004,14.203478788128074
0.1,3,100,35,Empirical_copula,Gaussian,cqr,raw,0.5,1000.0,2,4.417445273415847,5.2508318763918105,14.919109026199475
0.1,3,100,35,Empirical_copula,Gaussian,cqr,raw,0.5,1000.0,3,3.5805223668550714,4.7343126880788216,13.049147743012723
0.1,3,100,36,CQHR,Gaussian,cqr,native,0.5,1000.0,1,4.881849488630825,10.405451269209227,25.69275202704955
0.1,3,100,36,CQHR,Gaussian,cqr,native,0.5,1000.0,2,4.309386360707832,11.72639705635525,27.762180473418326
0.1,3,100,36,CQHR,Gaussian,cqr,native,0.5,1000.0,3,3.469953626407233,8.944955031372132,21.359863689151517
0.1,3,100,36,TSCP_R,Gaussian,cqr,shifted,0.5,1000.0,1,4.881849488630825,5.496207253968919,15.874263996568656
0.1,3,100,36,TSCP_R,Gaussian,cqr,shifted,0.5,1000.0,2,4.309386360707832,5.060427102230278,14.43024056516839
0.1,3,100,36,TSCP_R,Gaussian,cqr,shifted,0.5,1000.0,3,3.469953626407233,4.274923035327106,12.019799697061439
0.1,3,100,36,TSCP_GWC,Gaussian,cqr,shifted,0.5,1000.0,1,4.881849488630825,5.496207253968919,15.874263996568656
0.1,3,100,36,TSCP_GWC,Gaussian,cqr,shifted,0.5,1000.0,2,4.309386360707832,5.060427102230278,14.43024056516839
0.1,3,100,36,TSCP_GWC,Gaussian,cqr,shifted,0.5,1000.0,3,3.469953626407233,4.274923035327106,12.019799697061439
0.1,3,100,36,Unscaled,Gaussian,cqr,raw,0.5,1000.0,1,4.881849488630825,5.019596263630144,14.921042015891123
0.1,3,100,36,Unscaled,Gaussian,cqr,raw,0.5,1000.0,2,4.309386360707832,5.019596263630144,14.348578887968111
0.1,3,100,36,Unscaled,Gaussian,cqr,raw,0.5,1000.0,3,3.469953626407233,5.019596263630144,13.509146153667526
0.1,3,100,36,Empirical_copula,Gaussian,cqr,raw,0.5,1000.0,1,4.881849488630825,5.325145615251783,15.532140719134398
0.1,3,100,36,Empirical_copula,Gaussian,cqr,raw,0.5,1000.0,2,4.309386360707832,5.019596263606751,14.34857888792134
0.1,3,100,36,Empirical_copula,Gaussian,cqr,raw,0.5,1000.0,3,3.469953626407233,4.009825293549623,11.489604213506471
0.1,3,100,37,CQHR,Gaussian,cqr,native,0.5,1000.0,1,4.8010047270021055,12.434827445576708,29.670659618155145
0.1,3,100,37,CQHR,Gaussian,cqr,native,0.5,1000.0,2,4.356510088460284,20.69884089340226,45.754191875264745
0.1,3,100,37,CQHR,Gaussian,cqr,native,0.5,1000.0,3,3.4402653997810346,13.075625059605544,29.591515518992104
0.1,3,100,37,TSCP_R,Gaussian,cqr,shifted,0.5,1000.0,1,4.8010047270021055,5.427361516521614,15.655727760045325
0.1,3,100,37,TSCP_R,Gaussian,cqr,shifted,0.5,1000.0,2,4.356510088460284,4.736654174165778,13.829818436791841
0.1,3,100,37,TSCP_R,Gaussian,cqr,shifted,0.5,1000.0,3,3.4402653997810346,3.3877201018505048,10.215705603482043
0.1,3,100,37,TSCP_GWC,Gaussian,cqr,shifted,0.5,1000.0,1,4.8010047270021055,5.427361516521614,15.655727760045325
0.1,3,100,37,TSCP_GWC,Gaussian,cqr,shifted,0.5,1000.0,2,4.356510088460284,4.736654174165778,13.829818436791841
0.1,3,100,37,TSCP_GWC,Gaussian,cqr,shifted,0.5,1000.0,3,3.4402653997810346,3.3877201018505048,10.215705603482043
0.1,3,100,37,Unscaled,Gaussian,cqr,raw,0.5,1000.0,1,4.8010047270021055,5.2795999870358346,15.36020470107378
0.1,3,100,37,Unscaled,Gaussian,cqr,raw,0.5,1000.0,2,4.356510088460284,5.2795999870358346,14.915710062531952
0.1,3,100,37,Unscaled,Gaussian,cqr,raw,0.5,1000.0,3,3.4402653997810346,5.2795999870358346,13.999465373852706
0.1,3,100,37,Empirical_copula,Gaussian,cqr,raw,0.5,1000.0,1,4.8010047270021055,5.279599986992163,15.360204700986424
0.1,3,100,37,Empirical_copula,Gaussian,cqr,raw,0.5,1000.0,2,4.356510088460284,5.0535713406926135,14.463652769845503
0.1,3,100,37,Empirical_copula,Gaussian,cqr,raw,0.5,1000.0,3,3.4402653997810346,2.9442782189934604,9.328821837767954
0.1,3,100,38,CQHR,Gaussian,cqr,native,0.5,1000.0,1,4.58728543443375,15.332011283625326,35.25130800168446
0.1,3,100,38,CQHR,Gaussian,cqr,native,0.5,1000.0,2,4.553464934426013,26.001363723935846,56.55619238229773
0.1,3,100,38,CQHR,Gaussian,cqr,native,0.5,1000.0,3,3.467920184272387,19.108973703392028,41.68586759105639
0.1,3,100,38,TSCP_R,Gaussian,cqr,shifted,0.5,1000.0,1,4.58728543443375,6.113201092573945,16.81368761958163
0.1,3,100,38,TSCP_R,Gaussian,cqr,shifted,0.5,1000.0,2,4.553464934426013,5.915093075471191,16.38365108536838
0.1,3,100,38,TSCP_R,Gaussian,cqr,shifted,0.5,1000.0,3,3.467920184272387,3.8992114359627976,11.266343056197979
0.1,3,100,38,TSCP_GWC,Gaussian,cqr,shifted,0.5,1000.0,1,4.58728543443375,6.113201092573945,16.81368761958163
0.1,3,100,38,TSCP_GWC,Gaussian,cqr,shifted,0.5,1000.0,2,4.553464934426013,5.915093075471191,16.38365108536838
0.1,3,100,38,TSCP_GWC,Gaussian,cqr,shifted,0.5,1000.0,3,3.467920184272387,3.8992114359627976,11.266343056197979
0.1,3,100,38,Unscaled,Gaussian,cqr,raw,0.5,1000.0,1,4.58728543443375,5.132500880676204,14.852287195786154
0.1,3,100,38,Unscaled,Gaussian,cqr,raw,0.5,1000.0,2,4.553464934426013,5.132500880676204,14.818466695778422
0.1,3,100,38,Unscaled,Gaussian,cqr,raw,0.5,1000.0,3,3.467920184272387,5.132500880676204,13.732921945624799
0.1,3,100,38,Empirical_copula,Gaussian,cqr,raw,0.5,1000.0,1,4.58728543443375,5.368819179050677,15.324923792535095
0.1,3,100,38,Empirical_copula,Gaussian,cqr,raw,0.5,1000.0,2,4.553464934426013,5.742530553920389,16.038526042266785
0.1,3,100,38,Empirical_copula,Gaussian,cqr,raw,0.5,1000.0,3,3.467920184272387,4.222621011143293,11.91316220655897
0.1,3,100,39,CQHR,Gaussian,cqr,native,0.5,1000.0,1,4.701949390301498,9.12850209265219,22.958953575605733
0.1,3,100,39,CQHR,Gaussian,cqr,native,0.5,1000.0,2,4.319601531377048,12.482216789059317,29.28403510949572
0.1,3,100,39,CQHR,Gaussian,cqr,native,0.5,1000.0,3,3.474953314599821,8.410488165771634,20.29592964614311
0.1,3,100,39,TSCP_R,Gaussian,cqr,shifted,0.5,1000.0,1,4.701949390301498,5.7864291939486066,16.274807778198745
0.1,3,100,39,TSCP_R,Gaussian,cqr,shifted,0.5,1000.0,2,4.319601531377048,4.673487416313492,13.666576364004035
0.1,3,100,39,TSCP_R,Gaussian,cqr,shifted,0.5,1000.0,3,3.474953314599821,3.8731829096602723,11.221319133920385
0.1,3,100,39,TSCP_GWC,Gaussian,cqr,shifted,0.5,1000.0,1,4.701949390301498,5.7864291939486066,16.274807778198745
0.1,3,100,39,TSCP_GWC,Gaussian,cqr,shifted,0.5,1000.0,2,4.319601531377048,4.673487416313492,13.666576364004035
0.1,3,100,39,TSCP_GWC,Gaussian,cqr,shifted,0.5,1000.0,3,3.474953314599821,3.8731829096602723,11.221319133920385
0.1,3,100,39,Unscaled,Gaussian,cqr,raw,0.5,1000.0,1,4.701949390301498,5.256813095718618,15.21557558173874
0.1,3,100,39,Unscaled,Gaussian,cqr,raw,0.5,1000.0,2,4.319601531377048,5.256813095718618,14.83322772281428
0.1,3,100,39,Unscaled,Gaussian,cqr,raw,0.5,1000.0,3,3.474953314599821,5.256813095718618,13.988579506037077
0.1,3,100,39,Empirical_copula,Gaussian,cqr,raw,0.5,1000.0,1,4.701949390301498,5.29759248970085,15.2971343697032
0.1,3,100,39,Empirical_copula,Gaussian,cqr,raw,0.5,1000.0,2,4.319601531377048,4.339943709174133,12.999488949725302
0.1,3,100,39,Empirical_copula,Gaussian,cqr,raw,0.5,1000.0,3,3.474953314599821,3.7490220439568205,10.972997402513458
0.1,3,100,40,CQHR,Gaussian,cqr,native,0.5,1000.0,1,4.743705756972782,12.982165651776999,30.708037060526845
0.1,3,100,40,CQHR,Gaussian,cqr,native,0.5,1000.0,2,4.3144619745091095,17.171863421556683,38.65818881762251
0.1,3,100,40,CQHR,Gaussian,cqr,native,0.5,1000.0,3,3.479572788126134,13.21910775118156,29.917788290489238
0.1,3,100,40,TSCP_R,Gaussian,cqr,shifted,0.5,1000.0,1,4.743705756972782,5.542647654618577,15.829001066209958
0.1,3,100,40,TSCP_R,Gaussian,cqr,shifted,0.5,1000.0,2,4.3144619745091095,6.481920919501135,17.278303813511357
0.1,3,100,40,TSCP_R,Gaussian,cqr,shifted,0.5,1000.0,3,3.479572788126134,3.160044231092229,9.799661250310594
0.1,3,100,40,TSCP_GWC,Gaussian,cqr,shifted,0.5,1000.0,1,4.743705756972782,5.542647654618577,15.829001066209958
0.1,3,100,40,TSCP_GWC,Gaussian,cqr,shifted,0.5,1000.0,2,4.3144619745091095,6.481920919501135,17.278303813511357
0.1,3,100,40,TSCP_GWC,Gaussian,cqr,shifted,0.5,1000.0,3,3.479572788126134,3.160044231092229,9.799661250310594
0.1,3,100,40,Unscaled,Gaussian,cqr,raw,0.5,1000.0,1,4.743705756972782,5.220418463571068,15.184542684114916
0.1,3,100,40,Unscaled,Gaussian,cqr,raw,0.5,1000.0,2,4.3144619745091095,5.220418463571068,14.755298901651262
0.1,3,100,40,Unscaled,Gaussian,cqr,raw,0.5,1000.0,3,3.479572788126134,5.220418463571068,13.920409715268272
0.1,3,100,40,Empirical_copula,Gaussian,cqr,raw,0.5,1000.0,1,4.743705756972782,4.8461906982862555,14.436087153545294
0.1,3,100,40,Empirical_copula,Gaussian,cqr,raw,0.5,1000.0,2,4.3144619745091095,5.357118705168951,15.02869938484701
0.1,3,100,40,Empirical_copula,Gaussian,cqr,raw,0.5,1000.0,3,3.479572788126134,3.08210508734809,9.643782962822321
0.1,3,100,41,CQHR,Gaussian,cqr,native,0.5,1000.0,1,4.7237382659244105,15.661052379995605,36.04584302591585
0.1,3,100,41,CQHR,Gaussian,cqr,native,0.5,1000.0,2,4.239975046912981,21.9482607107908,48.13649646849456
0.1,3,100,41,CQHR,Gaussian,cqr,native,0.5,1000.0,3,3.275987861241913,15.223988953709506,33.72396576866097
0.1,3,100,41,TSCP_R,Gaussian,cqr,shifted,0.5,1000.0,1,4.7237382659244105,5.58886084151618,15.90145994895679
0.1,3,100,41,TSCP_R,Gaussian,cqr,shifted,0.5,1000.0,2,4.239975046912981,5.362183283014588,14.96434161294215
0.1,3,100,41,TSCP_R,Gaussian,cqr,shifted,0.5,1000.0,3,3.275987861241913,3.7005728875989234,10.677133636439757
0.1,3,100,41,TSCP_GWC,Gaussian,cqr,shifted,0.5,1000.0,1,4.7237382659244105,5.58886084151618,15.90145994895679
0.1,3,100,41,TSCP_GWC,Gaussian,cqr,shifted,0.5,1000.0,2,4.239975046912981,5.362183283014588,14.96434161294215
0.1,3,100,41,TSCP_GWC,Gaussian,cqr,shifted,0.5,1000.0,3,3.275987861241913,3.7005728875989234,10.677133636439757
0.1,3,100,41,Unscaled,Gaussian,cqr,raw,0.5,1000.0,1,4.7237382659244105,5.391359431528545,15.506457128981507
0.1,3,100,41,Unscaled,Gaussian,cqr,raw,0.5,1000.0,2,4.239975046912981,5.391359431528545,15.022693909970078
0.1,3,100,41,Unscaled,Gaussian,cqr,raw,0.5,1000.0,3,3.275987861241913,5.391359431528545,14.05870672429901
0.1,3,100,41,Empirical_copula,Gaussian,cqr,raw,0.5,1000.0,1,4.7237382659244105,5.427010239030065,15.577758743984557
0.1,3,100,41,Empirical_copula,Gaussian,cqr,raw,0.5,1000.0,2,4.239975046912981,4.461742528170017,13.163460103253023
0.1,3,100,41,Empirical_copula,Gaussian,cqr,raw,0.5,1000.0,3,3.275987861241913,3.3533251143759255,9.982638089993761
0.1,3,100,42,CQHR,Gaussian,cqr,native,0.5,1000.0,1,4.791690668826526,9.807888353070355,24.40746737496701
0.1,3,100,42,CQHR,Gaussian,cqr,native,0.5,1000.0,2,4.412850406721472,13.64942722270428,31.71170485212997
0.1,3,100,42,CQHR,Gaussian,cqr,native,0.5,1000.0,3,3.5055162439074223,9.859894230691278,23.225304705289975
0.1,3,100,42,TSCP_R,Gaussian,cqr,shifted,0.5,1000.0,1,4.791690668826526,5.600215969426017,15.992122607678544
0.1,3,100,42,TSCP_R,Gaussian,cqr,shifted,0.5,1000.0,2,4.412850406721472,5.1564793503997635,14.725809107520996
0.1,3,100,42,TSCP_R,Gaussian,cqr,shifted,0.5,1000.0,3,3.5055162439074223,2.9628463652845767,9.431208974476577
0.1,3,100,42,TSCP_GWC,Gaussian,cqr,shifted,0.5,1000.0,1,4.791690668826526,5.600215969426017,15.992122607678544
0.1,3,100,42,TSCP_GWC,Gaussian,cqr,shifted,0.5,1000.0,2,4.412850406721472,5.1564793503997635,14.725809107520996
0.1,3,100,42,TSCP_GWC,Gaussian,cqr,shifted,0.5,1000.0,3,3.5055162439074223,2.9628463652845767,9.431208974476577
0.1,3,100,42,Unscaled,Gaussian,cqr,raw,0.5,1000.0,1,4.791690668826526,4.993426527382543,14.77854372359161
0.1,3,100,42,Unscaled,Gaussian,cqr,raw,0.5,1000.0,2,4.412850406721472,4.993426527382543,14.399703461486537
0.1,3,100,42,Unscaled,Gaussian,cqr,raw,0.5,1000.0,3,3.5055162439074223,4.993426527382543,13.492369298672514
0.1,3,100,42,Empirical_copula,Gaussian,cqr,raw,0.5,1000.0,1,4.791690668826526,5.066291664865734,14.92427399855798
0.1,3,100,42,Empirical_copula,Gaussian,cqr,raw,0.5,1000.0,2,4.412850406721472,4.993426527367312,14.399703461456083
0.1,3,100,42,Empirical_copula,Gaussian,cqr,raw,0.5,1000.0,3,3.5055162439074223,2.901839608642458,9.309195461192347
0.1,3,100,43,CQHR,Gaussian,cqr,native,0.5,1000.0,1,4.780239056699858,8.494891326253606,21.770021709207118
0.1,3,100,43,CQHR,Gaussian,cqr,native,0.5,1000.0,2,4.42532692790206,10.164485123221652,24.754297174345343
0.1,3,100,43,CQHR,Gaussian,cqr,native,0.5,1000.0,3,3.6003219372361808,8.141562167163384,19.883446271562985
0.1,3,100,43,TSCP_R,Gaussian,cqr,shifted,0.5,1000.0,1,4.780239056699858,6.276458616207947,17.333156289115745
0.1,3,100,43,TSCP_R,Gaussian,cqr,shifted,0.5,1000.0,2,4.42532692790206,5.12197298667661,14.669272901255278
0.1,3,100,43,TSCP_R,Gaussian,cqr,shifted,0.5,1000.0,3,3.6003219372361808,3.2935306771530577,10.187383291542291
0.1,3,100,43,TSCP_GWC,Gaussian,cqr,shifted,0.5,1000.0,1,4.780239056699858,6.276458616207947,17.333156289115745
0.1,3,100,43,TSCP_GWC,Gaussian,cqr,shifted,0.5,1000.0,2,4.42532692790206,5.12197298667661,14.669272901255278
0.1,3,100,43,TSCP_GWC,Gaussian,cqr,shifted,0.5,1000.0,3,3.6003219372361808,3.2935306771530577,10.187383291542291
0.1,3,100,43,Unscaled,Gaussian,cqr,raw,0.5,1000.0,1,4.780239056699858,5.409494758888219,15.599228574476298
0.1,3,100,43,Unscaled,Gaussian,cqr,raw,0.5,1000.0,2,4.42532692790206,5.409494758888219,15.244316445678505
0.1,3,100,43,Unscaled,Gaussian,cqr,raw,0.5,1000.0,3,3.6003219372361808,5.409494758888219,14.419311455012622
0.1,3,100,43,Empirical_copula,Gaussian,cqr,raw,0.5,1000.0,1,4.780239056699858,6.599188508190629,17.97861607308111
0.1,3,100,43,Empirical_copula,Gaussian,cqr,raw,0.5,1000.0,2,4.42532692790206,4.971484809995189,14.368296547892436
0.1,3,100,43,Empirical_copula,Gaussian,cqr,raw,0.5,1000.0,3,3.6003219372361808,3.167493787650463,9.935309512537117
0.1,3,100,44,CQHR,Gaussian,cqr,native,0.5,1000.0,1,4.624259399373781,26.74579316936252,58.115845738098955
0.1,3,100,44,CQHR,Gaussian,cqr,native,0.5,1000.0,2,4.253878098458185,30.105119524931784,64.46411714832172
0.1,3,100,44,CQHR,Gaussian,cqr,native,0.5,1000.0,3,3.3849449269198133,23.189054668722225,49.7630542643642
0.1,3,100,44,TSCP_R,Gaussian,cqr,shifted,0.5,1000.0,1,4.624259399373781,5.091721170452274,14.807701740278343
0.1,3,100,44,TSCP_R,Gaussian,cqr,shifted,0.5,1000.0,2,4.253878098458185,5.514419445506974,15.282716989472116
0.1,3,100,44,TSCP_R,Gaussian,cqr,shifted,0.5,1000.0,3,3.3849449269198133,3.748214551603155,10.881374030126139
0.1,3,100,44,TSCP_GWC,Gaussian,cqr,shifted,0.5,1000.0,1,4.624259399373781,5.091721170452274,14.807701740278343
0.1,3,100,44,TSCP_GWC,Gaussian,cqr,shifted,0.5,1000.0,2,4.253878098458185,5.514419445506974,15.282716989472116
0.1,3,100,44,TSCP_GWC,Gaussian,cqr,shifted,0.5,1000.0,3,3.3849449269198133,3.748214551603155,10.881374030126139
0.1,3,100,44,Unscaled,Gaussian,cqr,raw,0.5,1000.0,1,4.624259399373781,4.781530394579682,14.187320188533143
0.1,3,100,44,Unscaled,Gaussian,cqr,raw,0.5,1000.0,2,4.253878098458185,4.781530394579682,13.816938887617559
0.1,3,100,44,Unscaled,Gaussian,cqr,raw,0.5,1000.0,3,3.3849449269198133,4.781530394579682,12.94800571607917
0.1,3,100,44,Empirical_copula,Gaussian,cqr,raw,0.5,1000.0,1,4.624259399373781,4.93755221377767,14.499363826929105
0.1,3,100,44,Empirical_copula,Gaussian,cqr,raw,0.5,1000.0,2,4.253878098458185,4.3530329828456615,12.959944064149525
0.1,3,100,44,Empirical_copula,Gaussian,cqr,raw,0.5,1000.0,3,3.3849449269198133,3.33380381544435,10.052552557808493
0.1,3,100,45,CQHR,Gaussian,cqr,native,0.5,1000.0,1,4.987787550085849,12.523855881886432,30.035499313858562
0.1,3,100,45,CQHR,Gaussian,cqr,native,0.5,1000.0,2,4.807293037393603,15.509662844199868,35.826618725793296
0.1,3,100,45,CQHR,Gaussian,cqr,native,0.5,1000.0,3,3.677781772201809,11.014732061145166,25.707245894492115
0.1,3,100,45,TSCP_R,Gaussian,cqr,shifted,0.5,1000.0,1,4.987787550085849,3.9522997747939144,12.892387099673682
0.1,3,100,45,TSCP_R,Gaussian,cqr,shifted,0.5,1000.0,2,4.807293037393603,4.288933365602247,13.385159768598099
0.1,3,100,45,TSCP_R,Gaussian,cqr,shifted,0.5,1000.0,3,3.677781772201809,2.4359261779891312,8.549634128180067
0.1,3,100,45,TSCP_GWC,Gaussian,cqr,shifted,0.5,1000.0,1,4.987787550085849,3.9522997747939144,12.892387099673682
0.1,3,100,45,TSCP_GWC,Gaussian,cqr,shifted,0.5,1000.0,2,4.807293037393603,4.288933365602247,13.385159768598099
0.1,3,100,45,TSCP_GWC,Gaussian,cqr,shifted,0.5,1000.0,3,3.677781772201809,2.4359261779891312,8.549634128180067
0.1,3,100,45,Unscaled,Gaussian,cqr,raw,0.5,1000.0,1,4.987787550085849,3.8990376477704145,12.785862845626676
0.1,3,100,45,Unscaled,Gaussian,cqr,raw,0.5,1000.0,2,4.807293037393603,3.8990376477704145,12.605368332934436
0.1,3,100,45,Unscaled,Gaussian,cqr,raw,0.5,1000.0,3,3.677781772201809,3.8990376477704145,11.475857067742645
0.1,3,100,45,Empirical_copula,Gaussian,cqr,raw,0.5,1000.0,1,4.987787550085849,3.9054205812939307,12.798628712673715
0.1,3,100,45,Empirical_copula,Gaussian,cqr,raw,0.5,1000.0,2,4.807293037393603,3.927576943297286,12.662446923988165
0.1,3,100,45,Empirical_copula,Gaussian,cqr,raw,0.5,1000.0,3,3.677781772201809,2.154756855434707,7.987295483071219
0.1,3,100,46,CQHR,Gaussian,cqr,native,0.5,1000.0,1,4.692088253179951,9.752018012869483,24.196124278918944
0.1,3,100,46,CQHR,Gaussian,cqr,native,0.5,1000.0,2,4.334560716945013,13.409291343577753,31.153143404100575
0.1,3,100,46,CQHR,Gaussian,cqr,native,0.5,1000.0,3,3.35890395501031,9.349295205286285,22.057494365582844
0.1,3,100,46,TSCP_R,Gaussian,cqr,shifted,0.5,1000.0,1,4.692088253179951,6.348367681143031,17.388823615466013
0.1,3,100,46,TSCP_R,Gaussian,cqr,shifted,0.5,1000.0,2,4.334560716945013,4.26948217981078,12.873525076566574
0.1,3,100,46,TSCP_R,Gaussian,cqr,shifted,0.5,1000.0,3,3.35890395501031,3.66484545569665,10.688594866403596
0.1,3,100,46,TSCP_GWC,Gaussian,cqr,shifted,0.5,1000.0,1,4.692088253179951,6.348367681143031,17.388823615466013
0.1,3,100,46,TSCP_GWC,Gaussian,cqr,shifted,0.5,1000.0,2,4.334560716945013,4.26948217981078,12.873525076566574
0.1,3,100,46,TSCP_GWC,Gaussian,cqr,shifted,0.5,1000.0,3,3.35890395501031,3.66484545569665,10.688594866403596
0.1,3,100,46,Unscaled,Gaussian,cqr,raw,0.5,1000.0,1,4.692088253179951,5.472149553687766,15.636387360555478
0.1,3,100,46,Unscaled,Gaussian,cqr,raw,0.5,1000.0,2,4.334560716945013,5.472149553687766,15.278859824320556
0.1,3,100,46,Unscaled,Gaussian,cqr,raw,0.5,1000.0,3,3.35890395501031,5.472149553687766,14.303203062385837
0.1,3,100,46,Empirical_copula,Gaussian,cqr,raw,0.5,1000.0,1,4.692088253179951,6.366480052139086,17.425048357458117
0.1,3,100,46,Empirical_copula,Gaussian,cqr,raw,0.5,1000.0,2,4.334560716945013,4.092551232130276,12.51966318120557
0.1,3,100,46,Empirical_copula,Gaussian,cqr,raw,0.5,1000.0,3,3.35890395501031,2.7875306830632303,8.933965321136768
0.1,3,100,47,CQHR,Gaussian,cqr,native,0.5,1000.0,1,4.663088981005799,6.921652129175565,18.506393239357077
0.1,3,100,47,CQHR,Gaussian,cqr,native,0.5,1000.0,2,4.53860504048165,9.905259403966559,24.349123848414774
0.1,3,100,47,CQHR,Gaussian,cqr,native,0.5,1000.0,3,3.5114579333439457,6.661913657376685,16.835285248097325
0.1,3,100,47,TSCP_R,Gaussian,cqr,shifted,0.5,1000.0,1,4.663088981005799,6.82799654389305,18.319082068791882
0.1,3,100,47,TSCP_R,Gaussian,cqr,shifted,0.5,1000.0,2,4.53860504048165,5.328065340902754,15.19473572228716
0.1,3,100,47,TSCP_R,Gaussian,cqr,shifted,0.5,1000.0,3,3.5114579333439457,3.2110746403492385,9.933607214042421
0.1,3,100,47,TSCP_GWC,Gaussian,cqr,shifted,0.5,1000.0,1,4.663088981005799,6.82799654389305,18.319082068791882
0.1,3,100,47,TSCP_GWC,Gaussian,cqr,shifted,0.5,1000.0,2,4.53860504048165,5.328065340902754,15.19473572228716
0.1,3,100,47,TSCP_GWC,Gaussian,cqr,shifted,0.5,1000.0,3,3.5114579333439457,3.2110746403492385,9.933607214042421
0.1,3,100,47,Unscaled,Gaussian,cqr,raw,0.5,1000.0,1,4.663088981005799,4.728993585606106,14.121076152218015
0.1,3,100,47,Unscaled,Gaussian,cqr,raw,0.5,1000.0,2,4.53860504048165,4.728993585606106,13.996592211693857
0.1,3,100,47,Unscaled,Gaussian,cqr,raw,0.5,1000.0,3,3.5114579333439457,4.728993585606106,12.969445104556161
0.1,3,100,47,Empirical_copula,Gaussian,cqr,raw,0.5,1000.0,1,4.663088981005799,6.8422037548497165,18.34749649070523
0.1,3,100,47,Empirical_copula,Gaussian,cqr,raw,0.5,1000.0,2,4.53860504048165,4.657331340329993,13.853267721141638
0.1,3,100,47,Empirical_copula,Gaussian,cqr,raw,0.5,1000.0,3,3.5114579333439457,3.0481988242938076,9.607855581931565
0.1,3,100,48,CQHR,Gaussian,cqr,native,0.5,1000.0,1,4.928886851881313,11.256980531414285,27.44284791471008
0.1,3,100,48,CQHR,Gaussian,cqr,native,0.5,1000.0,2,4.576224066666455,14.579838206029107,33.7359004787247
0.1,3,100,48,CQHR,Gaussian,cqr,native,0.5,1000.0,3,3.5680896847918673,10.97597071383682,25.520031112465507
0.1,3,100,48,TSCP_R,Gaussian,cqr,shifted,0.5,1000.0,1,4.928886851881313,6.171262876710671,17.27141260530265
0.1,3,100,48,TSCP_R,Gaussian,cqr,shifted,0.5,1000.0,2,4.576224066666455,6.048640515017951,16.67350509670235
0.1,3,100,48,TSCP_R,Gaussian,cqr,shifted,0.5,1000.0,3,3.5680896847918673,3.9441225857484596,11.456334856288796
0.1,3,100,48,TSCP_GWC,Gaussian,cqr,shifted,0.5,1000.0,1,4.928886851881313,6.171262876710671,17.27141260530265
0.1,3,100,48,TSCP_GWC,Gaussian,cqr,shifted,0.5,1000.0,2,4.576224066666455,6.048640515017951,16.67350509670235
0.1,3,100,48,TSCP_GWC,Gaussian,cqr,shifted,0.5,1000.0,3,3.5680896847918673,3.9441225857484596,11.456334856288796
0.1,3,100,48,Unscaled,Gaussian,cqr,raw,0.5,1000.0,1,4.928886851881313,5.749083527625458,16.42705390713223
0.1,3,100,48,Unscaled,Gaussian,cqr,raw,0.5,1000.0,2,4.576224066666455,5.749083527625458,16.074391121917365
0.1,3,100,48,Unscaled,Gaussian,cqr,raw,0.5,1000.0,3,3.5680896847918673,5.749083527625458,15.066256740042796
0.1,3,100,48,Empirical_copula,Gaussian,cqr,raw,0.5,1000.0,1,4.928886851881313,6.451755116784685,17.832397085450694
0.1,3,100,48,Empirical_copula,Gaussian,cqr,raw,0.5,1000.0,2,4.576224066666455,5.853815612823052,16.283855292312563
0.1,3,100,48,Empirical_copula,Gaussian,cqr,raw,0.5,1000.0,3,3.5680896847918673,2.6020770918720366,8.772243868535936
0.1,3,100,49,CQHR,Gaussian,cqr,native,0.5,1000.0,1,4.6857836721811115,14.221149233037929,33.128082138256886
0.1,3,100,49,CQHR,Gaussian,cqr,native,0.5,1000.0,2,4.390052370489834,29.571690033541316,63.533432437572486
0.1,3,100,49,CQHR,Gaussian,cqr,native,0.5,1000.0,3,3.332958646874584,18.16603755647745,39.66503375982952
0.1,3,100,49,TSCP_R,Gaussian,cqr,shifted,0.5,1000.0,1,4.6857836721811115,4.768172684594788,14.22212904137069
0.1,3,100,49,TSCP_R,Gaussian,cqr,shifted,0.5,1000.0,2,4.390052370489834,5.121470973391183,14.632994317272214
0.1,3,100,49,TSCP_R,Gaussian,cqr,shifted,0.5,1000.0,3,3.332958646874584,2.9925338513423867,9.31802634955936
0.1,3,100,49,TSCP_GWC,Gaussian,cqr,shifted,0.5,1000.0,1,4.6857836721811115,4.768172684594788,14.22212904137069
0.1,3,100,49,TSCP_GWC,Gaussian,cqr,shifted,0.5,1000.0,2,4.390052370489834,5.121470973391183,14.632994317272214
0.1,3,100,49,TSCP_GWC,Gaussian,cqr,shifted,0.5,1000.0,3,3.332958646874584,2.9925338513423867,9.31802634955936
0.1,3,100,49,Unscaled,Gaussian,cqr,raw,0.5,1000.0,1,4.6857836721811115,4.699701087567347,14.08518584731581
0.1,3,100,49,Unscaled,Gaussian,cqr,raw,0.5,1000.0,2,4.390052370489834,4.699701087567347,13.78945454562455
0.1,3,100,49,Unscaled,Gaussian,cqr,raw,0.5,1000.0,3,3.332958646874584,4.699701087567347,12.732360822009285
0.1,3,100,49,Empirical_copula,Gaussian,cqr,raw,0.5,1000.0,1,4.6857836721811115,4.629556157217822,13.944895986616773
0.1,3,100,49,Empirical_copula,Gaussian,cqr,raw,0.5,1000.0,2,4.390052370489834,5.145214577831098,14.68048152615204
0.1,3,100,49,Empirical_copula,Gaussian,cqr,raw,0.5,1000.0,3,3.332958646874584,2.8127882502118737,8.95853514729833
0.1,3,100,50,CQHR,Gaussian,cqr,native,0.5,1000.0,1,4.845453650334079,12.685516535990185,30.216486722314162
0.1,3,100,50,CQHR,Gaussian,cqr,native,0.5,1000.0,2,4.55714407533797,15.983534852013985,36.52421377936596
0.1,3,100,50,CQHR,Gaussian,cqr,native,0.5,1000.0,3,3.592862635755429,12.294298925793742,28.181460487342896
0.1,3,100,50,TSCP_R,Gaussian,cqr,shifted,0.5,1000.0,1,4.845453650334079,7.652742661013349,20.15093897236078
0.1,3,100,50,TSCP_R,Gaussian,cqr,shifted,0.5,1000.0,2,4.55714407533797,5.448367576896317,15.453879229130616
0.1,3,100,50,TSCP_R,Gaussian,cqr,shifted,0.5,1000.0,3,3.592862635755429,3.580257107842158,10.753376851439755
0.1,3,100,50,TSCP_GWC,Gaussian,cqr,shifted,0.5,1000.0,1,4.845453650334079,7.652742661013349,20.15093897236078
0.1,3,100,50,TSCP_GWC,Gaussian,cqr,shifted,0.5,1000.0,2,4.55714407533797,5.448367576896317,15.453879229130616
0.1,3,100,50,TSCP_GWC,Gaussian,cqr,shifted,0.5,1000.0,3,3.592862635755429,3.580257107842158,10.753376851439755
0.1,3,100,50,Unscaled,Gaussian,cqr,raw,0.5,1000.0,1,4.845453650334079,5.8701150147158,16.58568367976569
0.1,3,100,50,Unscaled,Gaussian,cqr,raw,0.5,1000.0,2,4.55714407533797,5.8701150147158,16.297374104769585
0.1,3,100,50,Unscaled,Gaussian,cqr,raw,0.5,1000.0,3,3.592862635755429,5.8701150147158,15.333092665187042
0.1,3,100,50,Empirical_copula,Gaussian,cqr,raw,0.5,1000.0,1,4.845453650334079,7.655037983195648,20.15552961672537
0.1,3,100,50,Empirical_copula,Gaussian,cqr,raw,0.5,1000.0,2,4.55714407533797,4.960976169595444,14.479096414528865
0.1,3,100,50,Empirical_copula,Gaussian,cqr,raw,0.5,1000.0,3,3.592862635755429,3.4633438134002503,10.51955026255594
0.1,3,100,51,CQHR,Gaussian,cqr,native,0.5,1000.0,1,4.816311861014451,9.26248287973795,23.341277620490434
0.1,3,100,51,CQHR,Gaussian,cqr,native,0.5,1000.0,2,4.53765422935726,11.805721663387617,28.149097556132485
0.1,3,100,51,CQHR,Gaussian,cqr,native,0.5,1000.0,3,3.632686873752175,9.130472986565708,21.89363284688359
0.1,3,100,51,TSCP_R,Gaussian,cqr,shifted,0.5,1000.0,1,4.816311861014451,5.093859416402893,15.004030693820226
0.1,3,100,51,TSCP_R,Gaussian,cqr,shifted,0.5,1000.0,2,4.53765422935726,5.778816599372135,16.095287428101553
0.1,3,100,51,TSCP_R,Gaussian,cqr,shifted,0.5,1000.0,3,3.632686873752175,3.3522952584570476,10.337277390666275
0.1,3,100,51,TSCP_GWC,Gaussian,cqr,shifted,0.5,1000.0,1,4.816311861014451,5.093859416402893,15.004030693820226
0.1,3,100,51,TSCP_GWC,Gaussian,cqr,shifted,0.5,1000.0,2,4.53765422935726,5.778816599372135,16.095287428101553
0.1,3,100,51,TSCP_GWC,Gaussian,cqr,shifted,0.5,1000.0,3,3.632686873752175,3.3522952584570476,10.337277390666275
0.1,3,100,51,Unscaled,Gaussian,cqr,raw,0.5,1000.0,1,4.816311861014451,4.931338503922089,14.678988868858617
0.1,3,100,51,Unscaled,Gaussian,cqr,raw,0.5,1000.0,2,4.53765422935726,4.931338503922089,14.400331237201451
0.1,3,100,51,Unscaled,Gaussian,cqr,raw,0.5,1000.0,3,3.632686873752175,4.931338503922089,13.495363881596365
0.1,3,100,51,Empirical_copula,Gaussian,cqr,raw,0.5,1000.0,1,4.816311861014451,4.9313385038577024,14.67898886872986
0.1,3,100,51,Empirical_copula,Gaussian,cqr,raw,0.5,1000.0,2,4.53765422935726,5.264125105860376,15.06590444107803
0.1,3,100,51,Empirical_copula,Gaussian,cqr,raw,0.5,1000.0,3,3.632686873752175,3.2159664700997865,10.064619813951749
0.1,3,100,52,CQHR,Gaussian,cqr,native,0.5,1000.0,1,4.729111172076098,15.570464340311606,35.87003985269961
0.1,3,100,52,CQHR,Gaussian,cqr,native,0.5,1000.0,2,4.55846184729771,22.860086307713605,50.27863446272487
0.1,3,100,52,CQHR,Gaussian,cqr,native,0.5,1000.0,3,3.5131673004283956,16.85866040964103,37.23048811971045
0.1,3,100,52,TSCP_R,Gaussian,cqr,shifted,0.5,1000.0,1,4.729111172076098,7.145202930948585,19.01951703397327
0.1,3,100,52,TSCP_R,Gaussian,cqr,shifted,0.5,1000.0,2,4.55846184729771,6.618899220016601,17.79626028733088
0.1,3,100,52,TSCP_R,Gaussian,cqr,shifted,0.5,1000.0,3,3.5131673004283956,4.505034645471142,12.523236591370669
0.1,3,100,52,TSCP_GWC,Gaussian,cqr,shifted,0.5,1000.0,1,4.729111172076098,7.145202930948585,19.01951703397327
0.1,3,100,52,TSCP_GWC,Gaussian,cqr,shifted,0.5,1000.0,2,4.55846184729771,6.618899220016601,17.79626028733088
0.1,3,100,52,TSCP_GWC,Gaussian,cqr,shifted,0.5,1000.0,3,3.5131673004283956,4.505034645471142,12.523236591370669
0.1,3,100,52,Unscaled,Gaussian,cqr,raw,0.5,1000.0,1,4.729111172076098,5.08585069327342,14.900812558622947
0.1,3,100,52,Unscaled,Gaussian,cqr,raw,0.5,1000.0,2,4.55846184729771,5.08585069327342,14.73016323384452
0.1,3,100,52,Unscaled,Gaussian,cqr,raw,0.5,1000.0,3,3.5131673004283956,5.08585069327342,13.684868686975223
0.1,3,100,52,Empirical_copula,Gaussian,cqr,raw,0.5,1000.0,1,4.729111172076098,4.397719856683757,13.524550885443599
0.1,3,100,52,Empirical_copula,Gaussian,cqr,raw,0.5,1000.0,2,4.55846184729771,5.782059026468884,16.12257990023546
0.1,3,100,52,Empirical_copula,Gaussian,cqr,raw,0.5,1000.0,3,3.5131673004283956,3.4532154571042604,10.419598214636919
0.1,3,100,53,CQHR,Gaussian,cqr,native,0.5,1000.0,1,4.640584968204652,10.46761305787982,25.575811083964222
0.1,3,100,53,CQHR,Gaussian,cqr,native,0.5,1000.0,2,4.15651945335757,14.08210560332288,32.32073066000339
0.1,3,100,53,CQHR,Gaussian,cqr,native,0.5,1000.0,3,3.260193799614072,9.518075332667811,22.296344464949666
0.1,3,100,53,TSCP_R,Gaussian,cqr,shifted,0.5,1000.0,1,4.640584968204652,6.559727722863727,17.760040413932103
0.1,3,100,53,TSCP_R,Gaussian,cqr,shifted,0.5,1000.0,2,4.15651945335757,6.067551594469364,16.2916226422963
0.1,3,100,53,TSCP_R,Gaussian,cqr,shifted,0.5,1000.0,3,3.260193799614072,4.420720912485535,12.10163562458513
0.1,3,100,53,TSCP_GWC,Gaussian,cqr,shifted,0.5,1000.0,1,4.640584968204652,6.559727722863727,17.760040413932103
0.1,3,100,53,TSCP_GWC,Gaussian,cqr,shifted,0.5,1000.0,2,4.15651945335757,6.067551594469364,16.2916226422963
0.1,3,100,53,TSCP_GWC,Gaussian,cqr,shifted,0.5,1000.0,3,3.260193799614072,4.420720912485535,12.10163562458513
0.1,3,100,53,Unscaled,Gaussian,cqr,raw,0.5,1000.0,1,4.640584968204652,6.1365226916535285,16.9136303515117
0.1,3,100,53,Unscaled,Gaussian,cqr,raw,0.5,1000.0,2,4.15651945335757,6.1365226916535285,16.42956483666463
0.1,3,100,53,Unscaled,Gaussian,cqr,raw,0.5,1000.0,3,3.260193799614072,6.1365226916535285,15.53323918292113
0.1,3,100,53,Empirical_copula,Gaussian,cqr,raw,0.5,1000.0,1,4.640584968204652,6.588941706797515,17.818468381799708
0.1,3,100,53,Empirical_copula,Gaussian,cqr,raw,0.5,1000.0,2,4.15651945335757,5.9072743305537045,15.971068114464966
0.1,3,100,53,Empirical_copula,Gaussian,cqr,raw,0.5,1000.0,3,3.260193799614072,3.3440704886329264,9.948334776879927
0.1,3,100,54,CQHR,Gaussian,cqr,native,0.5,1000.0,1,4.624222578138676,9.86475063782805,24.35372385379453
0.1,3,100,54,CQHR,Gaussian,cqr,native,0.5,1000.0,2,4.361636696215385,16.340535108094347,37.04270691240404
0.1,3,100,54,CQHR,Gaussian,cqr,native,0.5,1000.0,3,3.4676985345142053,14.175410309623267,31.81851915376078
0.1,3,100,54,TSCP_R,Gaussian,cqr,shifted,0.5,1000.0,1,4.624222578138676,5.511719917984465,15.647662414107607
0.1,3,100,54,TSCP_R,Gaussian,cqr,shifted,0.5,1000.0,2,4.361636696215385,5.753519770601429,15.86867623741825
0.1,3,100,54,TSCP_R,Gaussian,cqr,shifted,0.5,1000.0,3,3.4676985345142053,4.285848762232263,12.039396058978726
0.1,3,100,54,TSCP_GWC,Gaussian,cqr,shifted,0.5,1000.0,1,4.624222578138676,5.511719917984465,15.647662414107607
0.1,3,100,54,TSCP_GWC,Gaussian,cqr,shifted,0.5,1000.0,2,4.361636696215385,5.753519770601429,15.86867623741825
0.1,3,100,54,TSCP_GWC,Gaussian,cqr,shifted,0.5,1000.0,3,3.4676985345142053,4.285848762232263,12.039396058978726
0.1,3,100,54,Unscaled,Gaussian,cqr,raw,0.5,1000.0,1,4.624222578138676,4.854330636616304,14.332883851371285
0.1,3,100,54,Unscaled,Gaussian,cqr,raw,0.5,1000.0,2,4.361636696215385,4.854330636616304,14.070297969448008
0.1,3,100,54,Unscaled,Gaussian,cqr,raw,0.5,1000.0,3,3.4676985345142053,4.854330636616304,13.176359807746806
0.1,3,100,54,Empirical_copula,Gaussian,cqr,raw,0.5,1000.0,1,4.624222578138676,4.7263080516865905,14.076838681511862
0.1,3,100,54,Empirical_copula,Gaussian,cqr,raw,0.5,1000.0,2,4.361636696215385,6.445624020969937,17.252884738155274
0.1,3,100,54,Empirical_copula,Gaussian,cqr,raw,0.5,1000.0,3,3.4676985345142053,4.181902752718656,11.831504039951522
0.1,3,100,55,CQHR,Gaussian,cqr,native,0.5,1000.0,1,4.626475882741019,13.645374313235891,31.91722450921261
0.1,3,100,55,CQHR,Gaussian,cqr,native,0.5,1000.0,2,4.538302336115797,17.611606150497963,39.76151463711166
0.1,3,100,55,CQHR,Gaussian,cqr,native,0.5,1000.0,3,3.4068680092284813,12.084924476899767,27.576716963027998
0.1,3,100,55,TSCP_R,Gaussian,cqr,shifted,0.5,1000.0,1,4.626475882741019,5.3184961832870385,15.263468249315084
0.1,3,100,55,TSCP_R,Gaussian,cqr,shifted,0.5,1000.0,2,4.538302336115797,6.372596562792069,17.28349546169994
0.1,3,100,55,TSCP_R,Gaussian,cqr,shifted,0.5,1000.0,3,3.4068680092284813,4.624444586628329,12.655757182485127
0.1,3,100,55,TSCP_GWC,Gaussian,cqr,shifted,0.5,1000.0,1,4.626475882741019,5.3184961832870385,15.263468249315084
0.1,3,100,55,TSCP_GWC,Gaussian,cqr,shifted,0.5,1000.0,2,4.538302336115797,6.372596562792069,17.28349546169994
0.1,3,100,55,TSCP_GWC,Gaussian,cqr,shifted,0.5,1000.0,3,3.4068680092284813,4.624444586628329,12.655757182485127
0.1,3,100,55,Unscaled,Gaussian,cqr,raw,0.5,1000.0,1,4.626475882741019,4.601578356123183,13.829632594987386
0.1,3,100,55,Unscaled,Gaussian,cqr,raw,0.5,1000.0,2,4.538302336115797,4.601578356123183,13.741459048362167
0.1,3,100,55,Unscaled,Gaussian,cqr,raw,0.5,1000.0,3,3.4068680092284813,4.601578356123183,12.610024721474861
0.1,3,100,55,Empirical_copula,Gaussian,cqr,raw,0.5,1000.0,1,4.626475882741019,4.084496179688465,12.79546824211796
0.1,3,100,55,Empirical_copula,Gaussian,cqr,raw,0.5,1000.0,2,4.538302336115797,4.6015783561064865,13.741459048328771
0.1,3,100,55,Empirical_copula,Gaussian,cqr,raw,0.5,1000.0,3,3.4068680092284813,4.593281530194979,12.593431069618426
0.1,3,100,56,CQHR,Gaussian,cqr,native,0.5,1000.0,1,4.865896568887718,9.3635916748059,23.593079918499306
0.1,3,100,56,CQHR,Gaussian,cqr,native,0.5,1000.0,2,4.367835185969529,12.236895182764396,28.84162555149832
0.1,3,100,56,CQHR,Gaussian,cqr,native,0.5,1000.0,3,3.449684527887818,8.821223373989314,21.09213127586647
0.1,3,100,56,TSCP_R,Gaussian,cqr,shifted,0.5,1000.0,1,4.865896568887718,5.603470231534288,16.072837031956283
0.1,3,100,56,TSCP_R,Gaussian,cqr,shifted,0.5,1000.0,2,4.367835185969529,5.435125564918053,15.23808631580564
0.1,3,100,56,TSCP_R,Gaussian,cqr,shifted,0.5,1000.0,3,3.449684527887818,3.8744346448008855,11.198553817489582
0.1,3,100,56,TSCP_GWC,Gaussian,cqr,shifted,0.5,1000.0,1,4.865896568887718,5.603470231534288,16.072837031956283
0.1,3,100,56,TSCP_GWC,Gaussian,cqr,shifted,0.5,1000.0,2,4.367835185969529,5.435125564918053,15.23808631580564
0.1,3,100,56,TSCP_GWC,Gaussian,cqr,shifted,0.5,1000.0,3,3.449684527887818,3.8744346448008855,11.198553817489582
0.1,3,100,56,Unscaled,Gaussian,cqr,raw,0.5,1000.0,1,4.865896568887718,4.85010563580095,14.566107840489597
0.1,3,100,56,Unscaled,Gaussian,cqr,raw,0.5,1000.0,2,4.367835185969529,4.85010563580095,14.068046457571432
0.1,3,100,56,Unscaled,Gaussian,cqr,raw,0.5,1000.0,3,3.449684527887818,4.85010563580095,13.149895799489707
0.1,3,100,56,Empirical_copula,Gaussian,cqr,raw,0.5,1000.0,1,4.865896568887718,5.593029571532419,16.051955711952544
0.1,3,100,56,Empirical_copula,Gaussian,cqr,raw,0.5,1000.0,2,4.367835185969529,5.284917357477525,14.937669900924602
0.1,3,100,56,Empirical_copula,Gaussian,cqr,raw,0.5,1000.0,3,3.449684527887818,3.3694521814889384,10.188588890865688
0.1,3,100,57,CQHR,Gaussian,cqr,native,0.5,1000.0,1,4.812888998616729,12.649153622878424,30.11119624437327
0.1,3,100,57,CQHR,Gaussian,cqr,native,0.5,1000.0,2,4.453055908738883,17.620171940920443,39.693399790579754
0.1,3,100,57,CQHR,Gaussian,cqr,native,0.5,1000.0,3,3.5910749518530776,13.469596121952078,30.5302671957572
0.1,3,100,57,TSCP_R,Gaussian,cqr,shifted,0.5,1000.0,1,4.812888998616729,6.115131561036833,17.043152120690397
0.1,3,100,57,TSCP_R,Gaussian,cqr,shifted,0.5,1000.0,2,4.453055908738883,4.99263807197201,14.438332052682902
0.1,3,100,57,TSCP_R,Gaussian,cqr,shifted,0.5,1000.0,3,3.5910749518530776,4.364080504633762,12.319235961120599
0.1,3,100,57,TSCP_GWC,Gaussian,cqr,shifted,0.5,1000.0,1,4.812888998616729,6.115131561036833,17.043152120690397
0.1,3,100,57,TSCP_GWC,Gaussian,cqr,shifted,0.5,1000.0,2,4.453055908738883,4.99263807197201,14.438332052682902
0.1,3,100,57,TSCP_GWC,Gaussian,cqr,shifted,0.5,1000.0,3,3.5910749518530776,4.364080504633762,12.319235961120599
0.1,3,100,57,Unscaled,Gaussian,cqr,raw,0.5,1000.0,1,4.812888998616729,5.383118356011962,15.57912571064065
0.1,3,100,57,Unscaled,Gaussian,cqr,raw,0.5,1000.0,2,4.453055908738883,5.383118356011962,15.219292620762804
0.1,3,100,57,Unscaled,Gaussian,cqr,raw,0.5,1000.0,3,3.5910749518530776,5.383118356011962,14.357311663876995
0.1,3,100,57,Empirical_copula,Gaussian,cqr,raw,0.5,1000.0,1,4.812888998616729,6.271597627342995,17.35608425330272
0.1,3,100,57,Empirical_copula,Gaussian,cqr,raw,0.5,1000.0,2,4.453055908738883,5.383118355914892,15.219292620568648
0.1,3,100,57,Empirical_copula,Gaussian,cqr,raw,0.5,1000.0,3,3.5910749518530776,3.6886360457498877,10.968347043352868
0.1,3,100,58,CQHR,Gaussian,cqr,native,0.5,1000.0,1,4.841534537412664,19.37293132355493,43.58739718452268
0.1,3,100,58,CQHR,Gaussian,cqr,native,0.5,1000.0,2,4.385674897541657,22.00485183521354,48.3953785679688
0.1,3,100,58,CQHR,Gaussian,cqr,native,0.5,1000.0,3,3.4273659054784154,15.916531076382674,35.26042805824374
0.1,3,100,58,TSCP_R,Gaussian,cqr,shifted,0.5,1000.0,1,4.841534537412664,5.790690722336649,16.422915982085968
0.1,3,100,58,TSCP_R,Gaussian,cqr,shifted,0.5,1000.0,2,4.385674897541657,3.9926805049914265,12.371035907524508
0.1,3,100,58,TSCP_R,Gaussian,cqr,shifted,0.5,1000.0,3,3.4273659054784154,3.1416744103063365,9.710714726091085
0.1,3,100,58,TSCP_GWC,Gaussian,cqr,shifted,0.5,1000.0,1,4.841534537412664,5.790690722336649,16.422915982085968
0.1,3,100,58,TSCP_GWC,Gaussian,cqr,shifted,0.5,1000.0,2,4.385674897541657,3.9926805049914265,12.371035907524508
0.1,3,100,58,TSCP_GWC,Gaussian,cqr,shifted,0.5,1000.0,3,3.4273659054784154,3.1416744103063365,9.710714726091085
0.1,3,100,58,Unscaled,Gaussian,cqr,raw,0.5,1000.0,1,4.841534537412664,4.982416089473795,14.806366716360262
0.1,3,100,58,Unscaled,Gaussian,cqr,raw,0.5,1000.0,2,4.385674897541657,4.982416089473795,14.350507076489242
0.1,3,100,58,Unscaled,Gaussian,cqr,raw,0.5,1000.0,3,3.4273659054784154,4.982416089473795,13.392198084426004
0.1,3,100,58,Empirical_copula,Gaussian,cqr,raw,0.5,1000.0,1,4.841534537412664,5.766295562350399,16.37412566211347
0.1,3,100,58,Empirical_copula,Gaussian,cqr,raw,0.5,1000.0,2,4.385674897541657,3.881230164748704,12.148135227039074
0.1,3,100,58,Empirical_copula,Gaussian,cqr,raw,0.5,1000.0,3,3.4273659054784154,2.878529216478144,9.184424338434702
0.1,3,100,59,CQHR,Gaussian,cqr,native,0.5,1000.0,1,4.830430131447706,13.467854044186645,31.7661382198213
0.1,3,100,59,CQHR,Gaussian,cqr,native,0.5,1000.0,2,4.349587524135725,18.143887004393665,40.63736153292306
0.1,3,100,59,CQHR,Gaussian,cqr,native,0.5,1000.0,3,3.4592070882196078,12.57200563470624,28.603218357632088
0.1,3,100,59,TSCP_R,Gaussian,cqr,shifted,0.5,1000.0,1,4.830430131447706,5.119884368578482,15.070198868604693
0.1,3,100,59,TSCP_R,Gaussian,cqr,shifted,0.5,1000.0,2,4.349587524135725,4.958033020988637,14.265653566112993
0.1,3,100,59,TSCP_R,Gaussian,cqr,shifted,0.5,1000.0,3,3.4592070882196078,4.317526255911503,12.094259600042609
0.1,3,100,59,TSCP_GWC,Gaussian,cqr,shifted,0.5,1000.0,1,4.830430131447706,5.119884368578482,15.070198868604693
0.1,3,100,59,TSCP_GWC,Gaussian,cqr,shifted,0.5,1000.0,2,4.349587524135725,4.958033020988637,14.265653566112993
0.1,3,100,59,TSCP_GWC,Gaussian,cqr,shifted,0.5,1000.0,3,3.4592070882196078,4.317526255911503,12.094259600042609
0.1,3,100,59,Unscaled,Gaussian,cqr,raw,0.5,1000.0,1,4.830430131447706,4.626485307395099,14.083400746237915
0.1,3,100,59,Unscaled,Gaussian,cqr,raw,0.5,1000.0,2,4.349587524135725,4.626485307395099,13.602558138925916
0.1,3,100,59,Unscaled,Gaussian,cqr,raw,0.5,1000.0,3,3.4592070882196078,4.626485307395099,12.712177703009813
0.1,3,100,59,Empirical_copula,Gaussian,cqr,raw,0.5,1000.0,1,4.830430131447706,5.479682120250483,15.789794371948695
0.1,3,100,59,Empirical_copula,Gaussian,cqr,raw,0.5,1000.0,2,4.349587524135725,4.408909521587744,13.167406567311229
0.1,3,100,59,Empirical_copula,Gaussian,cqr,raw,0.5,1000.0,3,3.4592070882196078,4.626485307331933,12.712177702883485
0.1,3,100,60,CQHR,Gaussian,cqr,native,0.5,1000.0,1,4.549217434481614,19.365290484438408,43.27979840335808
0.1,3,100,60,CQHR,Gaussian,cqr,native,0.5,1000.0,2,4.4435899694599215,35.268393265612474,74.98037650068481
0.1,3,100,60,CQHR,Gaussian,cqr,native,0.5,1000.0,3,3.348762616225984,23.458170350771695,50.26510331776941
0.1,3,100,60,TSCP_R,Gaussian,cqr,shifted,0.5,1000.0,1,4.549217434481614,5.684447333796925,15.918112102075447
0.1,3,100,60,TSCP_R,Gaussian,cqr,shifted,0.5,1000.0,2,4.4435899694599215,6.011660753379601,16.466911476219114
0.1,3,100,60,TSCP_R,Gaussian,cqr,shifted,0.5,1000.0,3,3.348762616225984,4.169416051239523,11.687594718705027
0.1,3,100,60,TSCP_GWC,Gaussian,cqr,shifted,0.5,1000.0,1,4.549217434481614,5.684447333796925,15.918112102075447
0.1,3,100,60,TSCP_GWC,Gaussian,cqr,shifted,0.5,1000.0,2,4.4435899694599215,6.011660753379601,16.466911476219114
0.1,3,100,60,TSCP_GWC,Gaussian,cqr,shifted,0.5,1000.0,3,3.348762616225984,4.169416051239523,11.687594718705027
0.1,3,100,60,Unscaled,Gaussian,cqr,raw,0.5,1000.0,1,4.549217434481614,5.165698241877244,14.880613918236104
0.1,3,100,60,Unscaled,Gaussian,cqr,raw,0.5,1000.0,2,4.4435899694599215,5.165698241877244,14.774986453214396
0.1,3,100,60,Unscaled,Gaussian,cqr,raw,0.5,1000.0,3,3.348762616225984,5.165698241877244,13.680159099980477
0.1,3,100,60,Empirical_copula,Gaussian,cqr,raw,0.5,1000.0,1,4.549217434481614,5.509599410812751,15.568416256107112
0.1,3,100,60,Empirical_copula,Gaussian,cqr,raw,0.5,1000.0,2,4.4435899694599215,5.158151113247956,14.759892195955826
0.1,3,100,60,Empirical_copula,Gaussian,cqr,raw,0.5,1000.0,3,3.348762616225984,2.9848962297878536,9.31855507580169
0.1,3,100,61,CQHR,Gaussian,cqr,native,0.5,1000.0,1,4.84522977929176,12.385386926242,29.61600363177545
0.1,3,100,61,CQHR,Gaussian,cqr,native,0.5,1000.0,2,4.598229322795044,15.010104049053089,34.61843742090124
0.1,3,100,61,CQHR,Gaussian,cqr,native,0.5,1000.0,3,3.571780948390501,10.394283579190082,24.36034810677065
0.1,3,100,61,TSCP_R,Gaussian,cqr,shifted,0.5,1000.0,1,4.84522977929176,5.009802368831288,14.864834516954296
0.1,3,100,61,TSCP_R,Gaussian,cqr,shifted,0.5,1000.0,2,4.598229322795044,5.073160688475809,14.74455069974665
0.1,3,100,61,TSCP_R,Gaussian,cqr,shifted,0.5,1000.0,3,3.571780948390501,3.8252626367885796,11.222306221967676
0.1,3,100,61,TSCP_GWC,Gaussian,cqr,shifted,0.5,1000.0,1,4.84522977929176,5.009802368831288,14.864834516954296
0.1,3,100,61,TSCP_GWC,Gaussian,cqr,shifted,0.5,1000.0,2,4.598229322795044,5.073160688475809,14.74455069974665
0.1,3,100,61,TSCP_GWC,Gaussian,cqr,shifted,0.5,1000.0,3,3.571780948390501,3.8252626367885796,11.222306221967676
0.1,3,100,61,Unscaled,Gaussian,cqr,raw,0.5,1000.0,1,4.84522977929176,4.873191724951462,14.591613229194696
0.1,3,100,61,Unscaled,Gaussian,cqr,raw,0.5,1000.0,2,4.598229322795044,4.873191724951462,14.344612772697971
0.1,3,100,61,Unscaled,Gaussian,cqr,raw,0.5,1000.0,3,3.571780948390501,4.873191724951462,13.318164398293412
0.1,3,100,61,Empirical_copula,Gaussian,cqr,raw,0.5,1000.0,1,4.84522977929176,4.564854571063215,13.974938921418186
0.1,3,100,61,Empirical_copula,Gaussian,cqr,raw,0.5,1000.0,2,4.598229322795044,5.433294235972083,15.464817794739213
0.1,3,100,61,Empirical_copula,Gaussian,cqr,raw,0.5,1000.0,3,3.571780948390501,2.8583774822632506,9.288535912917006
0.1,3,100,62,CQHR,Gaussian,cqr,native,0.5,1000.0,1,4.403040573122467,9.0830635736214,22.56916772036539
0.1,3,100,62,CQHR,Gaussian,cqr,native,0.5,1000.0,2,4.239523695550637,14.925621644124442,34.09076698379951
0.1,3,100,62,CQHR,Gaussian,cqr,native,0.5,1000.0,3,3.2449244593196136,10.305590529422135,23.85610551816385
0.1,3,100,62,TSCP_R,Gaussian,cqr,shifted,0.5,1000.0,1,4.403040573122467,5.804166909532569,16.01137439218762
0.1,3,100,62,TSCP_R,Gaussian,cqr,shifted,0.5,1000.0,2,4.239523695550637,5.3720549261503265,14.983633547851301
0.1,3,100,62,TSCP_R,Gaussian,cqr,shifted,0.5,1000.0,3,3.2449244593196136,4.099753439031588,11.444431337382785
0.1,3,100,62,TSCP_GWC,Gaussian,cqr,shifted,0.5,1000.0,1,4.403040573122467,5.804166909532569,16.01137439218762
0.1,3,100,62,TSCP_GWC,Gaussian,cqr,shifted,0.5,1000.0,2,4.239523695550637,5.3720549261503265,14.983633547851301
0.1,3,100,62,TSCP_GWC,Gaussian,cqr,shifted,0.5,1000.0,3,3.2449244593196136,4.099753439031588,11.444431337382785
0.1,3,100,62,Unscaled,Gaussian,cqr,raw,0.5,1000.0,1,4.403040573122467,5.071006663548411,14.545053900219306
0.1,3,100,62,Unscaled,Gaussian,cqr,raw,0.5,1000.0,2,4.239523695550637,5.071006663548411,14.381537022647475
0.1,3,100,62,Unscaled,Gaussian,cqr,raw,0.5,1000.0,3,3.2449244593196136,5.071006663548411,13.386937786416421
0.1,3,100,62,Empirical_copula,Gaussian,cqr,raw,0.5,1000.0,1,4.403040573122467,5.310046490677104,15.023133554476681
0.1,3,100,62,Empirical_copula,Gaussian,cqr,raw,0.5,1000.0,2,4.239523695550637,5.743416995345729,15.726357686242096
0.1,3,100,62,Empirical_copula,Gaussian,cqr,raw,0.5,1000.0,3,3.2449244593196136,3.9616802536629603,11.168284966645516
0.1,3,100,63,CQHR,Gaussian,cqr,native,0.5,1000.0,1,4.871611596915931,16.421988244158655,37.715588085233264
0.1,3,100,63,CQHR,Gaussian,cqr,native,0.5,1000.0,2,4.525751772424276,22.886333492036606,50.29841875649747
0.1,3,100,63,CQHR,Gaussian,cqr,native,0.5,1000.0,3,3.6284284556756394,18.70046583931707,41.02936013430976
0.1,3,100,63,TSCP_R,Gaussian,cqr,shifted,0.5,1000.0,1,4.871611596915931,5.108568860430864,15.08874931777765
0.1,3,100,63,TSCP_R,Gaussian,cqr,shifted,0.5,1000.0,2,4.525751772424276,5.254762097856201,15.035275968136679
0.1,3,100,63,TSCP_R,Gaussian,cqr,shifted,0.5,1000.0,3,3.6284284556756394,3.0534781467090397,9.73538474909372
0.1,3,100,63,TSCP_GWC,Gaussian,cqr,shifted,0.5,1000.0,1,4.871611596915931,5.108568860430864,15.08874931777765
0.1,3,100,63,TSCP_GWC,Gaussian,cqr,shifted,0.5,1000.0,2,4.525751772424276,5.254762097856201,15.035275968136679
0.1,3,100,63,TSCP_GWC,Gaussian,cqr,shifted,0.5,1000.0,3,3.6284284556756394,3.0534781467090397,9.73538474909372
0.1,3,100,63,Unscaled,Gaussian,cqr,raw,0.5,1000.0,1,4.871611596915931,4.659031574536921,14.189674745989754
0.1,3,100,63,Unscaled,Gaussian,cqr,raw,0.5,1000.0,2,4.525751772424276,4.659031574536921,13.843814921498128
0.1,3,100,63,Unscaled,Gaussian,cqr,raw,0.5,1000.0,3,3.6284284556756394,4.659031574536921,12.946491604749497
0.1,3,100,63,Empirical_copula,Gaussian,cqr,raw,0.5,1000.0,1,4.871611596915931,4.675318502265273,14.222248601446472
0.1,3,100,63,Empirical_copula,Gaussian,cqr,raw,0.5,1000.0,2,4.525751772424276,5.356008062844751,15.23776789811378
0.1,3,100,63,Empirical_copula,Gaussian,cqr,raw,0.5,1000.0,3,3.6284284556756394,2.9809857607167185,9.590399977109078
0.1,3,100,64,CQHR,Gaussian,cqr,native,0.5,1000.0,1,4.732288440791571,11.270335692652282,27.27295982609633
0.1,3,100,64,CQHR,Gaussian,cqr,native,0.5,1000.0,2,4.5539079357677945,16.76763292474129,38.08917378525044
0.1,3,100,64,CQHR,Gaussian,cqr,native,0.5,1000.0,3,3.5525120834235047,13.149303219287477,29.85111852199852
0.1,3,100,64,TSCP_R,Gaussian,cqr,shifted,0.5,1000.0,1,4.732288440791571,6.608330515896569,17.9489494725847
0.1,3,100,64,TSCP_R,Gaussian,cqr,shifted,0.5,1000.0,2,4.5539079357677945,5.815560304231781,16.185028544231354
0.1,3,100,64,TSCP_R,Gaussian,cqr,shifted,0.5,1000.0,3,3.5525120834235047,4.17653931021573,11.905590703854969
0.1,3,100,64,TSCP_GWC,Gaussian,cqr,shifted,0.5,1000.0,1,4.732288440791571,6.608330515896569,17.9489494725847
0.1,3,100,64,TSCP_GWC,Gaussian,cqr,shifted,0.5,1000.0,2,4.5539079357677945,5.815560304231781,16.185028544231354
0.1,3,100,64,TSCP_GWC,Gaussian,cqr,shifted,0.5,1000.0,3,3.5525120834235047,4.17653931021573,11.905590703854969
0.1,3,100,64,Unscaled,Gaussian,cqr,raw,0.5,1000.0,1,4.732288440791571,5.807414880951332,16.34711820269423
0.1,3,100,64,Unscaled,Gaussian,cqr,raw,0.5,1000.0,2,4.5539079357677945,5.807414880951332,16.168737697670462
0.1,3,100,64,Unscaled,Gaussian,cqr,raw,0.5,1000.0,3,3.5525120834235047,5.807414880951332,15.167341845326176
0.1,3,100,64,Empirical_copula,Gaussian,cqr,raw,0.5,1000.0,1,4.732288440791571,6.957714960818006,18.647718362427575
0.1,3,100,64,Empirical_copula,Gaussian,cqr,raw,0.5,1000.0,2,4.5539079357677945,5.621526242191614,15.796960420151027
0.1,3,100,64,Empirical_copula,Gaussian,cqr,raw,0.5,1000.0,3,3.5525120834235047,4.350194371066557,12.252900825556619
0.1,3,100,65,CQHR,Gaussian,cqr,native,0.5,1000.0,1,4.770097166919349,12.526006037601094,29.822109242121332
0.1,3,100,65,CQHR,Gaussian,cqr,native,0.5,1000.0,2,4.262077499826013,25.22363837169286,54.709354243211735
0.1,3,100,65,CQHR,Gaussian,cqr,native,0.5,1000.0,3,3.5891787664135895,11.998764156580812,27.586707079575252
0.1,3,100,65,TSCP_R,Gaussian,cqr,shifted,0.5,1000.0,1,4.770097166919349,5.483816363090909,15.737729893101159
0.1,3,100,65,TSCP_R,Gaussian,cqr,shifted,0.5,1000.0,2,4.262077499826013,6.348921598417519,16.959920696661058
0.1,3,100,65,TSCP_R,Gaussian,cqr,shifted,0.5,1000.0,3,3.5891787664135895,3.511600813015093,10.612380392443773
0.1,3,100,65,TSCP_GWC,Gaussian,cqr,shifted,0.5,1000.0,1,4.770097166919349,5.483816363090909,15.737729893101159
0.1,3,100,65,TSCP_GWC,Gaussian,cqr,shifted,0.5,1000.0,2,4.262077499826013,6.348921598417519,16.959920696661058
0.1,3,100,65,TSCP_GWC,Gaussian,cqr,shifted,0.5,1000.0,3,3.5891787664135895,3.511600813015093,10.612380392443773
0.1,3,100,65,Unscaled,Gaussian,cqr,raw,0.5,1000.0,1,4.770097166919349,5.447906345663498,15.665909858246348
0.1,3,100,65,Unscaled,Gaussian,cqr,raw,0.5,1000.0,2,4.262077499826013,5.447906345663498,15.157890191153006
0.1,3,100,65,Unscaled,Gaussian,cqr,raw,0.5,1000.0,3,3.5891787664135895,5.447906345663498,14.48499145774058
0.1,3,100,65,Empirical_copula,Gaussian,cqr,raw,0.5,1000.0,1,4.770097166919349,5.308189298825543,15.386475764570424
0.1,3,100,65,Empirical_copula,Gaussian,cqr,raw,0.5,1000.0,2,4.262077499826013,6.485915622875606,17.233908745577217
0.1,3,100,65,Empirical_copula,Gaussian,cqr,raw,0.5,1000.0,3,3.5891787664135895,2.9398532161025157,9.468885198618628
0.1,3,100,66,CQHR,Gaussian,cqr,native,0.5,1000.0,1,4.793393266568257,10.940889339867399,26.675171946302758
0.1,3,100,66,CQHR,Gaussian,cqr,native,0.5,1000.0,2,4.437924918707024,15.417350622892979,35.27262616449297
0.1,3,100,66,CQHR,Gaussian,cqr,native,0.5,1000.0,3,3.593310642268632,10.901056670330624,25.3954239829299
0.1,3,100,66,TSCP_R,Gaussian,cqr,shifted,0.5,1000.0,1,4.793393266568257,6.562602478549252,17.918598223666752
0.1,3,100,66,TSCP_R,Gaussian,cqr,shifted,0.5,1000.0,2,4.437924918707024,5.653839913121715,15.745604744950464
0.1,3,100,66,TSCP_R,Gaussian,cqr,shifted,0.5,1000.0,3,3.593310642268632,3.2103268755124645,10.013964393293572
0.1,3,100,66,TSCP_GWC,Gaussian,cqr,shifted,0.5,1000.0,1,4.793393266568257,6.562602478549252,17.918598223666752
0.1,3,100,66,TSCP_GWC,Gaussian,cqr,shifted,0.5,1000.0,2,4.437924918707024,5.653839913121715,15.745604744950464
0.1,3,100,66,TSCP_GWC,Gaussian,cqr,shifted,0.5,1000.0,3,3.593310642268632,3.2103268755124645,10.013964393293572
0.1,3,100,66,Unscaled,Gaussian,cqr,raw,0.5,1000.0,1,4.793393266568257,5.4783105186193195,15.750014303806893
0.1,3,100,66,Unscaled,Gaussian,cqr,raw,0.5,1000.0,2,4.437924918707024,5.4783105186193195,15.39454595594565
0.1,3,100,66,Unscaled,Gaussian,cqr,raw,0.5,1000.0,3,3.593310642268632,5.4783105186193195,14.549931679507257
0.1,3,100,66,Empirical_copula,Gaussian,cqr,raw,0.5,1000.0,1,4.793393266568257,5.191437086509188,15.17626743958662
0.1,3,100,66,Empirical_copula,Gaussian,cqr,raw,0.5,1000.0,2,4.437924918707024,5.527228400521129,15.492381719749291
0.1,3,100,66,Empirical_copula,Gaussian,cqr,raw,0.5,1000.0,3,3.593310642268632,2.2718645708860694,8.137039784040768
0.1,3,100,67,CQHR,Gaussian,cqr,native,0.5,1000.0,1,4.725359029543186,8.424408183444921,21.574175396432928
0.1,3,100,67,CQHR,Gaussian,cqr,native,0.5,1000.0,2,4.363352278430023,12.588190576038377,29.539733430506736
0.1,3,100,67,CQHR,Gaussian,cqr,native,0.5,1000.0,3,3.466310884809442,10.098647177025896,23.663605238861265
0.1,3,100,67,TSCP_R,Gaussian,cqr,shifted,0.5,1000.0,1,4.725359029543186,6.173679036739372,17.072717103021937
0.1,3,100,67,TSCP_R,Gaussian,cqr,shifted,0.5,1000.0,2,4.363352278430023,5.753641641617833,15.870635561665692
0.1,3,100,67,TSCP_R,Gaussian,cqr,shifted,0.5,1000.0,3,3.466310884809442,3.6130121861593807,10.69233525712821
0.1,3,100,67,TSCP_GWC,Gaussian,cqr,shifted,0.5,1000.0,1,4.725359029543186,6.173679036739372,17.072717103021937
0.1,3,100,67,TSCP_GWC,Gaussian,cqr,shifted,0.5,1000.0,2,4.363352278430023,5.753641641617833,15.870635561665692
0.1,3,100,67,TSCP_GWC,Gaussian,cqr,shifted,0.5,1000.0,3,3.466310884809442,3.6130121861593807,10.69233525712821
0.1,3,100,67,Unscaled,Gaussian,cqr,raw,0.5,1000.0,1,4.725359029543186,5.5861302192764155,15.897619468096021
0.1,3,100,67,Unscaled,Gaussian,cqr,raw,0.5,1000.0,2,4.363352278430023,5.5861302192764155,15.53561271698285
0.1,3,100,67,Unscaled,Gaussian,cqr,raw,0.5,1000.0,3,3.466310884809442,5.5861302192764155,14.638571323362278
0.1,3,100,67,Empirical_copula,Gaussian,cqr,raw,0.5,1000.0,1,4.725359029543186,5.9978643202323205,16.72108767000782
0.1,3,100,67,Empirical_copula,Gaussian,cqr,raw,0.5,1000.0,2,4.363352278430023,5.818213982508514,15.999780243447045
0.1,3,100,67,Empirical_copula,Gaussian,cqr,raw,0.5,1000.0,3,3.466310884809442,2.9577307228325296,9.381772330474512
0.1,3,100,68,CQHR,Gaussian,cqr,native,0.5,1000.0,1,4.723900753635678,10.469160797501674,25.662222348638938
0.1,3,100,68,CQHR,Gaussian,cqr,native,0.5,1000.0,2,4.403837649132319,15.235555412467038,34.87494847406641
0.1,3,100,68,CQHR,Gaussian,cqr,native,0.5,1000.0,3,3.6920133320316957,10.882241437908373,25.45649620784842
0.1,3,100,68,TSCP_R,Gaussian,cqr,shifted,0.5,1000.0,1,4.723900753635678,5.079101272701223,14.882103299038127
0.1,3,100,68,TSCP_R,Gaussian,cqr,shifted,0.5,1000.0,2,4.403837649132319,4.701486175672585,13.806810000477487
0.1,3,100,68,TSCP_R,Gaussian,cqr,shifted,0.5,1000.0,3,3.6920133320316957,3.731646844691568,11.155307021414826
0.1,3,100,68,TSCP_GWC,Gaussian,cqr,shifted,0.5,1000.0,1,4.723900753635678,5.079101272701223,14.882103299038127
0.1,3,100,68,TSCP_GWC,Gaussian,cqr,shifted,0.5,1000.0,2,4.403837649132319,4.701486175672585,13.806810000477487
0.1,3,100,68,TSCP_GWC,Gaussian,cqr,shifted,0.5,1000.0,3,3.6920133320316957,3.731646844691568,11.155307021414826
0.1,3,100,68,Unscaled,Gaussian,cqr,raw,0.5,1000.0,1,4.723900753635678,4.591319115096366,13.906538983828398
0.1,3,100,68,Unscaled,Gaussian,cqr,raw,0.5,1000.0,2,4.403837649132319,4.591319115096366,13.586475879325054
0.1,3,100,68,Unscaled,Gaussian,cqr,raw,0.5,1000.0,3,3.6920133320316957,4.591319115096366,12.874651562224432
0.1,3,100,68,Empirical_copula,Gaussian,cqr,raw,0.5,1000.0,1,4.723900753635678,4.591319115083373,13.906538983802436
0.1,3,100,68,Empirical_copula,Gaussian,cqr,raw,0.5,1000.0,2,4.403837649132319,4.888059964739494,14.179957578611292
0.1,3,100,68,Empirical_copula,Gaussian,cqr,raw,0.5,1000.0,3,3.6920133320316957,3.0831267323245974,9.858266796680882
0.1,3,100,69,CQHR,Gaussian,cqr,native,0.5,1000.0,1,4.946116248607774,10.393533071068024,25.733182390743675
0.1,3,100,69,CQHR,Gaussian,cqr,native,0.5,1000.0,2,4.589802290512212,12.65672104932059,29.903244389153357
0.1,3,100,69,CQHR,Gaussian,cqr,native,0.5,1000.0,3,3.45199751007614,8.843881536090572,21.139760582257303
0.1,3,100,69,TSCP_R,Gaussian,cqr,shifted,0.5,1000.0,1,4.946116248607774,4.108934406514436,13.163985061636636
0.1,3,100,69,TSCP_R,Gaussian,cqr,shifted,0.5,1000.0,2,4.589802290512212,5.605873648110219,15.801549586732648
0.1,3,100,69,TSCP_R,Gaussian,cqr,shifted,0.5,1000.0,3,3.45199751007614,3.573552599661525,10.599102709399178
0.1,3,100,69,TSCP_GWC,Gaussian,cqr,shifted,0.5,1000.0,1,4.946116248607774,4.108934406514436,13.163985061636636
0.1,3,100,69,TSCP_GWC,Gaussian,cqr,shifted,0.5,1000.0,2,4.589802290512212,5.605873648110219,15.801549586732648
0.1,3,100,69,TSCP_GWC,Gaussian,cqr,shifted,0.5,1000.0,3,3.45199751007614,3.573552599661525,10.599102709399178
0.1,3,100,69,Unscaled,Gaussian,cqr,raw,0.5,1000.0,1,4.946116248607774,4.55001992697717,14.046156102562108
0.1,3,100,69,Unscaled,Gaussian,cqr,raw,0.5,1000.0,2,4.589802290512212,4.55001992697717,13.689842144466553
0.1,3,100,69,Unscaled,Gaussian,cqr,raw,0.5,1000.0,3,3.45199751007614,4.55001992697717,12.552037364030493
0.1,3,100,69,Empirical_copula,Gaussian,cqr,raw,0.5,1000.0,1,4.946116248607774,3.998325125986881,12.942766500581525
0.1,3,100,69,Empirical_copula,Gaussian,cqr,raw,0.5,1000.0,2,4.589802290512212,5.090716468211344,14.77123522693491
0.1,3,100,69,Empirical_copula,Gaussian,cqr,raw,0.5,1000.0,3,3.45199751007614,3.2042315758597653,9.860460661795656
0.1,3,100,70,CQHR,Gaussian,cqr,native,0.5,1000.0,1,4.60129308127597,13.940903157997827,32.483099397271324
0.1,3,100,70,CQHR,Gaussian,cqr,native,0.5,1000.0,2,4.4757360067938725,18.879559708161874,42.23485542311762
0.1,3,100,70,CQHR,Gaussian,cqr,native,0.5,1000.0,3,3.4920099288755817,13.833052272853125,31.15811447458181
0.1,3,100,70,TSCP_R,Gaussian,cqr,shifted,0.5,1000.0,1,4.60129308127597,6.1184874715208935,16.838268024317756
0.1,3,100,70,TSCP_R,Gaussian,cqr,shifted,0.5,1000.0,2,4.4757360067938725,6.265434225168633,17.006604457131132
0.1,3,100,70,TSCP_R,Gaussian,cqr,shifted,0.5,1000.0,3,3.4920099288755817,3.5262663184621488,10.544542565799887
0.1,3,100,70,TSCP_GWC,Gaussian,cqr,shifted,0.5,1000.0,1,4.60129308127597,6.1184874715208935,16.838268024317756
0.1,3,100,70,TSCP_GWC,Gaussian,cqr,shifted,0.5,1000.0,2,4.4757360067938725,6.265434225168633,17.006604457131132
0.1,3,100,70,TSCP_GWC,Gaussian,cqr,shifted,0.5,1000.0,3,3.4920099288755817,3.5262663184621488,10.544542565799887
0.1,3,100,70,Unscaled,Gaussian,cqr,raw,0.5,1000.0,1,4.60129308127597,4.852555408089353,14.306403897454677
0.1,3,100,70,Unscaled,Gaussian,cqr,raw,0.5,1000.0,2,4.4757360067938725,4.852555408089353,14.180846822972558
0.1,3,100,70,Unscaled,Gaussian,cqr,raw,0.5,1000.0,3,3.4920099288755817,4.852555408089353,13.197120745054292
0.1,3,100,70,Empirical_copula,Gaussian,cqr,raw,0.5,1000.0,1,4.60129308127597,4.900723778387436,14.402740638050828
0.1,3,100,70,Empirical_copula,Gaussian,cqr,raw,0.5,1000.0,2,4.4757360067938725,5.896247114737495,16.26823023626886
0.1,3,100,70,Empirical_copula,Gaussian,cqr,raw,0.5,1000.0,3,3.4920099288755817,3.7155589535738693,10.923127836023324
0.1,3,100,71,CQHR,Gaussian,cqr,native,0.5,1000.0,1,4.721326465692013,16.7725592070463,38.266444879784906
0.1,3,100,71,CQHR,Gaussian,cqr,native,0.5,1000.0,2,4.341368782067207,20.02817890643201,44.39772659493123
0.1,3,100,71,CQHR,Gaussian,cqr,native,0.5,1000.0,3,3.5250180242329354,15.054477742028084,33.63397350828906
0.1,3,100,71,TSCP_R,Gaussian,cqr,shifted,0.5,1000.0,1,4.721326465692013,4.858473432725418,14.438273331142831
0.1,3,100,71,TSCP_R,Gaussian,cqr,shifted,0.5,1000.0,2,4.341368782067207,4.879302881523927,14.09997454511505
0.1,3,100,71,TSCP_R,Gaussian,cqr,shifted,0.5,1000.0,3,3.5250180242329354,2.404640534779446,8.334299093791827
0.1,3,100,71,TSCP_GWC,Gaussian,cqr,shifted,0.5,1000.0,1,4.721326465692013,4.858473432725418,14.438273331142831
0.1,3,100,71,TSCP_GWC,Gaussian,cqr,shifted,0.5,1000.0,2,4.341368782067207,4.879302881523927,14.09997454511505
0.1,3,100,71,TSCP_GWC,Gaussian,cqr,shifted,0.5,1000.0,3,3.5250180242329354,2.404640534779446,8.334299093791827
0.1,3,100,71,Unscaled,Gaussian,cqr,raw,0.5,1000.0,1,4.721326465692013,4.577882620146994,13.877091705986
0.1,3,100,71,Unscaled,Gaussian,cqr,raw,0.5,1000.0,2,4.341368782067207,4.577882620146994,13.497134022361212
0.1,3,100,71,Unscaled,Gaussian,cqr,raw,0.5,1000.0,3,3.5250180242329354,4.577882620146994,12.68078326452693
0.1,3,100,71,Empirical_copula,Gaussian,cqr,raw,0.5,1000.0,1,4.721326465692013,4.639920156226671,14.00116677814536
0.1,3,100,71,Empirical_copula,Gaussian,cqr,raw,0.5,1000.0,2,4.341368782067207,5.394584408239009,15.130537598545216
0.1,3,100,71,Empirical_copula,Gaussian,cqr,raw,0.5,1000.0,3,3.5250180242329354,2.161633814515305,7.848285653263539
0.1,3,100,72,CQHR,Gaussian,cqr,native,0.5,1000.0,1,4.697591678042173,11.162276528191812,27.022144734425932
0.1,3,100,72,CQHR,Gaussian,cqr,native,0.5,1000.0,2,4.4510050101219845,26.527546025088615,57.506097060299155
0.1,3,100,72,CQHR,Gaussian,cqr,native,0.5,1000.0,3,3.5844870063369325,18.97704842449802,41.53858385533302
0.1,3,100,72,TSCP_R,Gaussian,cqr,shifted,0.5,1000.0,1,4.697591678042173,5.793707336582088,16.28500635120634
0.1,3,100,72,TSCP_R,Gaussian,cqr,shifted,0.5,1000.0,2,4.4510050101219845,5.845416017828597,16.14183704577918
0.1,3,100,72,TSCP_R,Gaussian,cqr,shifted,0.5,1000.0,3,3.5844870063369325,4.912534212579544,13.409555431496033
0.1,3,100,72,TSCP_GWC,Gaussian,cqr,shifted,0.5,1000.0,1,4.697591678042173,5.793707336582088,16.28500635120634
0.1,3,100,72,TSCP_GWC,Gaussian,cqr,shifted,0.5,1000.0,2,4.4510050101219845,5.845416017828597,16.14183704577918
0.1,3,100,72,TSCP_GWC,Gaussian,cqr,shifted,0.5,1000.0,3,3.5844870063369325,4.912534212579544,13.409555431496033
0.1,3,100,72,Unscaled,Gaussian,cqr,raw,0.5,1000.0,1,4.697591678042173,5.085430304373673,14.86845228678953
0.1,3,100,72,Unscaled,Gaussian,cqr,raw,0.5,1000.0,2,4.4510050101219845,5.085430304373673,14.621865618869318
0.1,3,100,72,Unscaled,Gaussian,cqr,raw,0.5,1000.0,3,3.5844870063369325,5.085430304373673,13.755347615084277
0.1,3,100,72,Empirical_copula,Gaussian,cqr,raw,0.5,1000.0,1,4.697591678042173,5.137329236085726,14.97225015021363
0.1,3,100,72,Empirical_copula,Gaussian,cqr,raw,0.5,1000.0,2,4.4510050101219845,4.483749966191494,13.418504942504976
0.1,3,100,72,Empirical_copula,Gaussian,cqr,raw,0.5,1000.0,3,3.5844870063369325,4.7676189952873,13.119724996911543
0.1,3,100,73,CQHR,Gaussian,cqr,native,0.5,1000.0,1,4.646021621166397,16.23142737699236,37.10887637515118
0.1,3,100,73,CQHR,Gaussian,cqr,native,0.5,1000.0,2,4.2908140829216075,26.18356328437409,56.65794065166984
0.1,3,100,73,CQHR,Gaussian,cqr,native,0.5,1000.0,3,3.2274735155581844,17.20003107975085,37.62753567505991
0.1,3,100,73,TSCP_R,Gaussian,cqr,shifted,0.5,1000.0,1,4.646021621166397,5.68661556118434,16.019252743535084
0.1,3,100,73,TSCP_R,Gaussian,cqr,shifted,0.5,1000.0,2,4.2908140829216075,5.02127060316127,14.333355289244137
0.1,3,100,73,TSCP_R,Gaussian,cqr,shifted,0.5,1000.0,3,3.2274735155581844,2.9840278351066445,9.195529185771475
0.1,3,100,73,TSCP_GWC,Gaussian,cqr,shifted,0.5,1000.0,1,4.646021621166397,5.68661556118434,16.019252743535084
0.1,3,100,73,TSCP_GWC,Gaussian,cqr,shifted,0.5,1000.0,2,4.2908140829216075,5.02127060316127,14.333355289244137
0.1,3,100,73,TSCP_GWC,Gaussian,cqr,shifted,0.5,1000.0,3,3.2274735155581844,2.9840278351066445,9.195529185771475
0.1,3,100,73,Unscaled,Gaussian,cqr,raw,0.5,1000.0,1,4.646021621166397,5.291273561536058,15.228568744238514
0.1,3,100,73,Unscaled,Gaussian,cqr,raw,0.5,1000.0,2,4.2908140829216075,5.291273561536058,14.873361205993724
0.1,3,100,73,Unscaled,Gaussian,cqr,raw,0.5,1000.0,3,3.2274735155581844,5.291273561536058,13.8100206386303
0.1,3,100,73,Empirical_copula,Gaussian,cqr,raw,0.5,1000.0,1,4.646021621166397,5.472929798358262,15.59188121788291
0.1,3,100,73,Empirical_copula,Gaussian,cqr,raw,0.5,1000.0,2,4.2908140829216075,5.444838887677275,15.180491858276161
0.1,3,100,73,Empirical_copula,Gaussian,cqr,raw,0.5,1000.0,3,3.2274735155581844,2.7162586034758487,8.659990722509885
0.1,3,100,74,CQHR,Gaussian,cqr,native,0.5,1000.0,1,4.870362104560569,17.93610175081613,40.742565606192265
0.1,3,100,74,CQHR,Gaussian,cqr,native,0.5,1000.0,2,4.416776074871418,23.434157126005708,51.28509032688286
0.1,3,100,74,CQHR,Gaussian,cqr,native,0.5,1000.0,3,3.468196185308353,16.248646945344884,35.96549007599809
0.1,3,100,74,TSCP_R,Gaussian,cqr,shifted,0.5,1000.0,1,4.870362104560569,4.458065770567032,13.786493645694636
0.1,3,100,74,TSCP_R,Gaussian,cqr,shifted,0.5,1000.0,2,4.416776074871418,4.509372709591048,13.43552149405352
0.1,3,100,74,TSCP_R,Gaussian,cqr,shifted,0.5,1000.0,3,3.468196185308353,3.434322764128069,10.336841713564494
0.1,3,100,74,TSCP_GWC,Gaussian,cqr,shifted,0.5,1000.0,1,4.870362104560569,4.458065770567032,13.786493645694636
0.1,3,100,74,TSCP_GWC,Gaussian,cqr,shifted,0.5,1000.0,2,4.416776074871418,4.509372709591048,13.43552149405352
0.1,3,100,74,TSCP_GWC,Gaussian,cqr,shifted,0.5,1000.0,3,3.468196185308353,3.434322764128069,10.336841713564494
0.1,3,100,74,Unscaled,Gaussian,cqr,raw,0.5,1000.0,1,4.870362104560569,4.330948746490068,13.532259597540708
0.1,3,100,74,Unscaled,Gaussian,cqr,raw,0.5,1000.0,2,4.416776074871418,4.330948746490068,13.07867356785156
0.1,3,100,74,Unscaled,Gaussian,cqr,raw,0.5,1000.0,3,3.468196185308353,4.330948746490068,12.130093678288471
0.1,3,100,74,Empirical_copula,Gaussian,cqr,raw,0.5,1000.0,1,4.870362104560569,4.330948746480651,13.532259597521886
0.1,3,100,74,Empirical_copula,Gaussian,cqr,raw,0.5,1000.0,2,4.416776074871418,4.555865851281165,13.528507777433752
0.1,3,100,74,Empirical_copula,Gaussian,cqr,raw,0.5,1000.0,3,3.468196185308353,2.841553639482865,9.151303464274081
0.1,3,100,75,CQHR,Gaussian,cqr,native,0.5,1000.0,1,4.599535071563394,7.671122972977482,19.941781017518263
0.1,3,100,75,CQHR,Gaussian,cqr,native,0.5,1000.0,2,4.668100467994178,11.730722172426425,28.12954481284705
0.1,3,100,75,CQHR,Gaussian,cqr,native,0.5,1000.0,3,3.4779717975005564,8.247294272192976,19.97256034188653
0.1,3,100,75,TSCP_R,Gaussian,cqr,shifted,0.5,1000.0,1,4.599535071563394,4.866271119231897,14.332077310027186
0.1,3,100,75,TSCP_R,Gaussian,cqr,shifted,0.5,1000.0,2,4.668100467994178,4.461158328607667,13.590417125209521
0.1,3,100,75,TSCP_R,Gaussian,cqr,shifted,0.5,1000.0,3,3.4779717975005564,2.7003954950489515,8.878762787598465
0.1,3,100,75,TSCP_GWC,Gaussian,cqr,shifted,0.5,1000.0,1,4.599535071563394,4.866271119231897,14.332077310027186
0.1,3,100,75,TSCP_GWC,Gaussian,cqr,shifted,0.5,1000.0,2,4.668100467994178,4.461158328607667,13.590417125209521
0.1,3,100,75,TSCP_GWC,Gaussian,cqr,shifted,0.5,1000.0,3,3.4779717975005564,2.7003954950489515,8.878762787598465
0.1,3,100,75,Unscaled,Gaussian,cqr,raw,0.5,1000.0,1,4.599535071563394,4.403169296171336,13.405873663906071
0.1,3,100,75,Unscaled,Gaussian,cqr,raw,0.5,1000.0,2,4.668100467994178,4.403169296171336,13.474439060336845
0.1,3,100,75,Unscaled,Gaussian,cqr,raw,0.5,1000.0,3,3.4779717975005564,4.403169296171336,12.284310389843242
0.1,3,100,75,Empirical_copula,Gaussian,cqr,raw,0.5,1000.0,1,4.599535071563394,5.215624120940781,15.030783313444957
0.1,3,100,75,Empirical_copula,Gaussian,cqr,raw,0.5,1000.0,2,4.668100467994178,4.1603012263142,12.988702920622565
0.1,3,100,75,Empirical_copula,Gaussian,cqr,raw,0.5,1000.0,3,3.4779717975005564,2.286914058318949,8.051799914138455
0.1,3,100,76,CQHR,Gaussian,cqr,native,0.5,1000.0,1,4.493935645229996,10.955030302453173,26.403996250136103
0.1,3,100,76,CQHR,Gaussian,cqr,native,0.5,1000.0,2,4.239585100438927,15.305037409820624,34.84965992008018
0.1,3,100,76,CQHR,Gaussian,cqr,native,0.5,1000.0,3,3.269072422695772,11.223742481774,25.716557386243792
0.1,3,100,76,TSCP_R,Gaussian,cqr,shifted,0.5,1000.0,1,4.493935645229996,6.176483968873413,16.846903582976843
0.1,3,100,76,TSCP_R,Gaussian,cqr,shifted,0.5,1000.0,2,4.239585100438927,5.291444713158739,14.822474526756414
0.1,3,100,76,TSCP_R,Gaussian,cqr,shifted,0.5,1000.0,3,3.269072422695772,3.546370832847856,10.361814088391482
0.1,3,100,76,TSCP_GWC,Gaussian,cqr,shifted,0.5,1000.0,1,4.493935645229996,6.176483968873413,16.846903582976843
0.1,3,100,76,TSCP_GWC,Gaussian,cqr,shifted,0.5,1000.0,2,4.239585100438927,5.291444713158739,14.822474526756414
0.1,3,100,76,TSCP_GWC,Gaussian,cqr,shifted,0.5,1000.0,3,3.269072422695772,3.546370832847856,10.361814088391482
0.1,3,100,76,Unscaled,Gaussian,cqr,raw,0.5,1000.0,1,4.493935645229996,4.771491411019441,14.036918467268869
0.1,3,100,76,Unscaled,Gaussian,cqr,raw,0.5,1000.0,2,4.239585100438927,4.771491411019441,13.78256792247783
0.1,3,100,76,Unscaled,Gaussian,cqr,raw,0.5,1000.0,3,3.269072422695772,4.771491411019441,12.812055244734655
0.1,3,100,76,Empirical_copula,Gaussian,cqr,raw,0.5,1000.0,1,4.493935645229996,6.178682268053797,16.851300181337585
0.1,3,100,76,Empirical_copula,Gaussian,cqr,raw,0.5,1000.0,2,4.239585100438927,4.050467870899842,12.340520842238591
0.1,3,100,76,Empirical_copula,Gaussian,cqr,raw,0.5,1000.0,3,3.269072422695772,3.5435992107362324,10.356270844168234
0.1,3,100,77,CQHR,Gaussian,cqr,native,0.5,1000.0,1,4.706924745604525,9.544756391554904,23.796437528714094
0.1,3,100,77,CQHR,Gaussian,cqr,native,0.5,1000.0,2,4.731455824398854,12.677898835332451,30.087253495063766
0.1,3,100,77,CQHR,Gaussian,cqr,native,0.5,1000.0,3,3.5118833705181447,8.837244026747458,21.186371424013092
0.1,3,100,77,TSCP_R,Gaussian,cqr,shifted,0.5,1000.0,1,4.706924745604525,6.51085667047289,17.72863808655032
0.1,3,100,77,TSCP_R,Gaussian,cqr,shifted,0.5,1000.0,2,4.731455824398854,6.0137317245263375,16.758919273451536
0.1,3,100,77,TSCP_R,Gaussian,cqr,shifted,0.5,1000.0,3,3.5118833705181447,4.190447049255795,11.892777469029737
0.1,3,100,77,TSCP_GWC,Gaussian,cqr,shifted,0.5,1000.0,1,4.706924745604525,6.51085667047289,17.72863808655032
0.1,3,100,77,TSCP_GWC,Gaussian,cqr,shifted,0.5,1000.0,2,4.731455824398854,6.0137317245263375,16.758919273451536
0.1,3,100,77,TSCP_GWC,Gaussian,cqr,shifted,0.5,1000.0,3,3.5118833705181447,4.190447049255795,11.892777469029737
0.1,3,100,77,Unscaled,Gaussian,cqr,raw,0.5,1000.0,1,4.706924745604525,5.7424565732256605,16.191837892055855
0.1,3,100,77,Unscaled,Gaussian,cqr,raw,0.5,1000.0,2,4.731455824398854,5.7424565732256605,16.21636897085017
0.1,3,100,77,Unscaled,Gaussian,cqr,raw,0.5,1000.0,3,3.5118833705181447,5.7424565732256605,14.996796516969455
0.1,3,100,77,Empirical_copula,Gaussian,cqr,raw,0.5,1000.0,1,4.706924745604525,5.55475568156859,15.816436108741728
0.1,3,100,77,Empirical_copula,Gaussian,cqr,raw,0.5,1000.0,2,4.731455824398854,5.8770885361610254,16.48563289672091
0.1,3,100,77,Empirical_copula,Gaussian,cqr,raw,0.5,1000.0,3,3.5118833705181447,2.784712891528798,9.081309153575743
0.1,3,100,78,CQHR,Gaussian,cqr,native,0.5,1000.0,1,4.827688614249774,11.250144778754734,27.327978171759458
0.1,3,100,78,CQHR,Gaussian,cqr,native,0.5,1000.0,2,4.639254859959771,27.065302429319914,58.7698597185996
0.1,3,100,78,CQHR,Gaussian,cqr,native,0.5,1000.0,3,3.5157061214009104,15.623334018067647,34.76237415753628
0.1,3,100,78,TSCP_R,Gaussian,cqr,shifted,0.5,1000.0,1,4.827688614249774,5.358137318366744,15.543963250983257
0.1,3,100,78,TSCP_R,Gaussian,cqr,shifted,0.5,1000.0,2,4.639254859959771,5.323531374346999,15.286317608653759
0.1,3,100,78,TSCP_R,Gaussian,cqr,shifted,0.5,1000.0,3,3.5157061214009104,3.207657601040637,9.931021323482186
0.1,3,100,78,TSCP_GWC,Gaussian,cqr,shifted,0.5,1000.0,1,4.827688614249774,5.358137318366744,15.543963250983257
0.1,3,100,78,TSCP_GWC,Gaussian,cqr,shifted,0.5,1000.0,2,4.639254859959771,5.323531374346999,15.286317608653759
0.1,3,100,78,TSCP_GWC,Gaussian,cqr,shifted,0.5,1000.0,3,3.5157061214009104,3.207657601040637,9.931021323482186
0.1,3,100,78,Unscaled,Gaussian,cqr,raw,0.5,1000.0,1,4.827688614249774,4.949899736677108,14.727488087603996
0.1,3,100,78,Unscaled,Gaussian,cqr,raw,0.5,1000.0,2,4.639254859959771,4.949899736677108,14.539054333313992
0.1,3,100,78,Unscaled,Gaussian,cqr,raw,0.5,1000.0,3,3.5157061214009104,4.949899736677108,13.415505594755121
0.1,3,100,78,Empirical_copula,Gaussian,cqr,raw,0.5,1000.0,1,4.827688614249774,4.679497738785308,14.18668409182038
0.1,3,100,78,Empirical_copula,Gaussian,cqr,raw,0.5,1000.0,2,4.639254859959771,5.738044076359319,16.115343012678405
0.1,3,100,78,Empirical_copula,Gaussian,cqr,raw,0.5,1000.0,3,3.5157061214009104,3.0690268334284356,9.653759788257773
0.1,3,100,79,CQHR,Gaussian,cqr,native,0.5,1000.0,1,4.491114027028179,15.467111631342805,35.42533728971374
0.1,3,100,79,CQHR,Gaussian,cqr,native,0.5,1000.0,2,4.183984162109596,21.335978628666403,46.855941419442374
0.1,3,100,79,CQHR,Gaussian,cqr,native,0.5,1000.0,3,3.2611879236359234,14.770896396874578,32.802980717385076
0.1,3,100,79,TSCP_R,Gaussian,cqr,shifted,0.5,1000.0,1,4.491114027028179,6.6762911152635525,17.843696257555294
0.1,3,100,79,TSCP_R,Gaussian,cqr,shifted,0.5,1000.0,2,4.183984162109596,6.0414213943170125,16.266826950743617
0.1,3,100,79,TSCP_R,Gaussian,cqr,shifted,0.5,1000.0,3,3.2611879236359234,3.8075297831940134,10.876247490023951
0.1,3,100,79,TSCP_GWC,Gaussian,cqr,shifted,0.5,1000.0,1,4.491114027028179,6.6762911152635525,17.843696257555294
0.1,3,100,79,TSCP_GWC,Gaussian,cqr,shifted,0.5,1000.0,2,4.183984162109596,6.0414213943170125,16.266826950743617
0.1,3,100,79,TSCP_GWC,Gaussian,cqr,shifted,0.5,1000.0,3,3.2611879236359234,3.8075297831940134,10.876247490023951
0.1,3,100,79,Unscaled,Gaussian,cqr,raw,0.5,1000.0,1,4.491114027028179,5.869022676498773,16.229159380025727
0.1,3,100,79,Unscaled,Gaussian,cqr,raw,0.5,1000.0,2,4.183984162109596,5.869022676498773,15.922029515107136
0.1,3,100,79,Unscaled,Gaussian,cqr,raw,0.5,1000.0,3,3.2611879236359234,5.869022676498773,14.999233276633474
0.1,3,100,79,Empirical_copula,Gaussian,cqr,raw,0.5,1000.0,1,4.491114027028179,6.985619926613204,18.46235388025458
0.1,3,100,79,Empirical_copula,Gaussian,cqr,raw,0.5,1000.0,2,4.183984162109596,6.173084077754775,16.530152317619137
0.1,3,100,79,Empirical_copula,Gaussian,cqr,raw,0.5,1000.0,3,3.2611879236359234,2.494294580678085,8.24977708499209
0.1,3,100,80,CQHR,Gaussian,cqr,native,0.5,1000.0,1,4.885678408113357,11.977847466644773,28.84137334140316
0.1,3,100,80,CQHR,Gaussian,cqr,native,0.5,1000.0,2,4.292828215892808,13.513092605193124,31.319013426279035
0.1,3,100,80,CQHR,Gaussian,cqr,native,0.5,1000.0,3,3.355108838688718,10.131294363421432,23.61769756553164
0.1,3,100,80,TSCP_R,Gaussian,cqr,shifted,0.5,1000.0,1,4.885678408113357,6.510335343240172,17.90634909459371
0.1,3,100,80,TSCP_R,Gaussian,cqr,shifted,0.5,1000.0,2,4.292828215892808,5.181906110491582,14.656640436875968
0.1,3,100,80,TSCP_R,Gaussian,cqr,shifted,0.5,1000.0,3,3.355108838688718,3.113321500095026,9.581751838878768
0.1,3,100,80,TSCP_GWC,Gaussian,cqr,shifted,0.5,1000.0,1,4.885678408113357,6.510335343240172,17.90634909459371
0.1,3,100,80,TSCP_GWC,Gaussian,cqr,shifted,0.5,1000.0,2,4.292828215892808,5.181906110491582,14.656640436875968
0.1,3,100,80,TSCP_GWC,Gaussian,cqr,shifted,0.5,1000.0,3,3.355108838688718,3.113321500095026,9.581751838878768
0.1,3,100,80,Unscaled,Gaussian,cqr,raw,0.5,1000.0,1,4.885678408113357,4.930361590906355,14.746401589926087
0.1,3,100,80,Unscaled,Gaussian,cqr,raw,0.5,1000.0,2,4.292828215892808,4.930361590906355,14.153551397705511
0.1,3,100,80,Unscaled,Gaussian,cqr,raw,0.5,1000.0,3,3.355108838688718,4.930361590906355,13.21583202050143
0.1,3,100,80,Empirical_copula,Gaussian,cqr,raw,0.5,1000.0,1,4.885678408113357,6.272967248326749,17.431612904766844
0.1,3,100,80,Empirical_copula,Gaussian,cqr,raw,0.5,1000.0,2,4.292828215892808,5.0557187228881855,14.404265661669172
0.1,3,100,80,Empirical_copula,Gaussian,cqr,raw,0.5,1000.0,3,3.355108838688718,3.3018198173926763,9.95874847347407
0.1,3,100,81,CQHR,Gaussian,cqr,native,0.5,1000.0,1,4.710854590815603,13.328922605945138,31.368699802706143
0.1,3,100,81,CQHR,Gaussian,cqr,native,0.5,1000.0,2,4.390250720986938,19.546491197732735,43.48323311645234
0.1,3,100,81,CQHR,Gaussian,cqr,native,0.5,1000.0,3,3.3225016305210793,13.699724184571378,30.721949999663842
0.1,3,100,81,TSCP_R,Gaussian,cqr,shifted,0.5,1000.0,1,4.710854590815603,4.755328803919156,14.221512198653924
0.1,3,100,81,TSCP_R,Gaussian,cqr,shifted,0.5,1000.0,2,4.390250720986938,4.656366787981028,13.702984296948983
0.1,3,100,81,TSCP_R,Gaussian,cqr,shifted,0.5,1000.0,3,3.3225016305210793,3.379950347370709,10.082402325262503
0.1,3,100,81,TSCP_GWC,Gaussian,cqr,shifted,0.5,1000.0,1,4.710854590815603,4.755328803919156,14.221512198653924
0.1,3,100,81,TSCP_GWC,Gaussian,cqr,shifted,0.5,1000.0,2,4.390250720986938,4.656366787981028,13.702984296948983
0.1,3,100,81,TSCP_GWC,Gaussian,cqr,shifted,0.5,1000.0,3,3.3225016305210793,3.379950347370709,10.082402325262503
0.1,3,100,81,Unscaled,Gaussian,cqr,raw,0.5,1000.0,1,4.710854590815603,4.409050636197687,13.528955863210994
0.1,3,100,81,Unscaled,Gaussian,cqr,raw,0.5,1000.0,2,4.390250720986938,4.409050636197687,13.208351993382314
0.1,3,100,81,Unscaled,Gaussian,cqr,raw,0.5,1000.0,3,3.3225016305210793,4.409050636197687,12.140602902916452
0.1,3,100,81,Empirical_copula,Gaussian,cqr,raw,0.5,1000.0,1,4.710854590815603,5.72414677172311,16.15914813426184
0.1,3,100,81,Empirical_copula,Gaussian,cqr,raw,0.5,1000.0,2,4.390250720986938,4.666809517043514,13.723869755073965
0.1,3,100,81,Empirical_copula,Gaussian,cqr,raw,0.5,1000.0,3,3.3225016305210793,2.9760300557097743,9.274561741940627
0.1,3,100,82,CQHR,Gaussian,cqr,native,0.5,1000.0,1,4.771578205731625,15.79016692059913,36.35191204692986
0.1,3,100,82,CQHR,Gaussian,cqr,native,0.5,1000.0,2,4.364127266705996,18.9300137794972,42.224154825700396
0.1,3,100,82,CQHR,Gaussian,cqr,native,0.5,1000.0,3,3.473295516110926,14.137276512001105,31.74784854011315
0.1,3,100,82,TSCP_R,Gaussian,cqr,shifted,0.5,1000.0,1,4.771578205731625,5.591308316728828,15.95419483918928
0.1,3,100,82,TSCP_R,Gaussian,cqr,shifted,0.5,1000.0,2,4.364127266705996,4.569993383809219,13.504114034324429
0.1,3,100,82,TSCP_R,Gaussian,cqr,shifted,0.5,1000.0,3,3.473295516110926,4.3818179592443585,12.236931434599626
0.1,3,100,82,TSCP_GWC,Gaussian,cqr,shifted,0.5,1000.0,1,4.771578205731625,5.591308316728828,15.95419483918928
0.1,3,100,82,TSCP_GWC,Gaussian,cqr,shifted,0.5,1000.0,2,4.364127266705996,4.569993383809219,13.504114034324429
0.1,3,100,82,TSCP_GWC,Gaussian,cqr,shifted,0.5,1000.0,3,3.473295516110926,4.3818179592443585,12.236931434599626
0.1,3,100,82,Unscaled,Gaussian,cqr,raw,0.5,1000.0,1,4.771578205731625,5.350757727218632,15.47309366016889
0.1,3,100,82,Unscaled,Gaussian,cqr,raw,0.5,1000.0,2,4.364127266705996,5.350757727218632,15.065642721143256
0.1,3,100,82,Unscaled,Gaussian,cqr,raw,0.5,1000.0,3,3.473295516110926,5.350757727218632,14.174810970548194
0.1,3,100,82,Empirical_copula,Gaussian,cqr,raw,0.5,1000.0,1,4.771578205731625,5.682551817087479,16.136681839906547
0.1,3,100,82,Empirical_copula,Gaussian,cqr,raw,0.5,1000.0,2,4.364127266705996,5.452130623780073,15.268388514266128
0.1,3,100,82,Empirical_copula,Gaussian,cqr,raw,0.5,1000.0,3,3.473295516110926,3.528610370293764,10.530516256698457
0.1,3,100,83,CQHR,Gaussian,cqr,native,0.5,1000.0,1,4.79092015703959,23.027707725018047,50.846335607076206
0.1,3,100,83,CQHR,Gaussian,cqr,native,0.5,1000.0,2,4.153422202869162,27.88148555006597,59.91639330300106
0.1,3,100,83,CQHR,Gaussian,cqr,native,0.5,1000.0,3,3.3629579027847174,20.560925638623726,44.48480918003215
0.1,3,100,83,TSCP_R,Gaussian,cqr,shifted,0.5,1000.0,1,4.79092015703959,6.1900761035625465,17.17107236416469
0.1,3,100,83,TSCP_R,Gaussian,cqr,shifted,0.5,1000.0,2,4.153422202869162,4.920780406305198,13.994983015479574
0.1,3,100,83,TSCP_R,Gaussian,cqr,shifted,0.5,1000.0,3,3.3629579027847174,3.1319858609880384,9.626929624760788
0.1,3,100,83,TSCP_GWC,Gaussian,cqr,shifted,0.5,1000.0,1,4.79092015703959,6.1900761035625465,17.17107236416469
0.1,3,100,83,TSCP_GWC,Gaussian,cqr,shifted,0.5,1000.0,2,4.153422202869162,4.920780406305198,13.994983015479574
0.1,3,100,83,TSCP_GWC,Gaussian,cqr,shifted,0.5,1000.0,3,3.3629579027847174,3.1319858609880384,9.626929624760788
0.1,3,100,83,Unscaled,Gaussian,cqr,raw,0.5,1000.0,1,4.79092015703959,5.788888383114688,16.368696923268956
0.1,3,100,83,Unscaled,Gaussian,cqr,raw,0.5,1000.0,2,4.153422202869162,5.788888383114688,15.731198969098541
0.1,3,100,83,Unscaled,Gaussian,cqr,raw,0.5,1000.0,3,3.3629579027847174,5.788888383114688,14.940734669014097
0.1,3,100,83,Empirical_copula,Gaussian,cqr,raw,0.5,1000.0,1,4.79092015703959,6.601346325395751,17.993612807831084
0.1,3,100,83,Empirical_copula,Gaussian,cqr,raw,0.5,1000.0,2,4.153422202869162,5.641948080569907,15.437318364008986
0.1,3,100,83,Empirical_copula,Gaussian,cqr,raw,0.5,1000.0,3,3.3629579027847174,2.468258591385535,8.29947508555579
0.1,3,100,84,CQHR,Gaussian,cqr,native,0.5,1000.0,1,4.712524414990745,6.905922138743756,18.524368692478127
0.1,3,100,84,CQHR,Gaussian,cqr,native,0.5,1000.0,2,4.60197808757796,9.406504372303997,23.41498683218595
0.1,3,100,84,CQHR,Gaussian,cqr,native,0.5,1000.0,3,3.624230954503981,7.3722191649584605,18.36866928442091
0.1,3,100,84,TSCP_R,Gaussian,cqr,shifted,0.5,1000.0,1,4.712524414990745,4.612149297943574,13.936823010877887
0.1,3,100,84,TSCP_R,Gaussian,cqr,shifted,0.5,1000.0,2,4.60197808757796,5.136613185827855,14.87520445923367
0.1,3,100,84,TSCP_R,Gaussian,cqr,shifted,0.5,1000.0,3,3.624230954503981,3.2711270813314286,10.16648511716684
0.1,3,100,84,TSCP_GWC,Gaussian,cqr,shifted,0.5,1000.0,1,4.712524414990745,4.612149297943574,13.936823010877887
0.1,3,100,84,TSCP_GWC,Gaussian,cqr,shifted,0.5,1000.0,2,4.60197808757796,5.136613185827855,14.87520445923367
0.1,3,100,84,TSCP_GWC,Gaussian,cqr,shifted,0.5,1000.0,3,3.624230954503981,3.2711270813314286,10.16648511716684
0.1,3,100,84,Unscaled,Gaussian,cqr,raw,0.5,1000.0,1,4.712524414990745,4.586936093961044,13.886396602912837
0.1,3,100,84,Unscaled,Gaussian,cqr,raw,0.5,1000.0,2,4.60197808757796,4.586936093961044,13.775850275500064
0.1,3,100,84,Unscaled,Gaussian,cqr,raw,0.5,1000.0,3,3.624230954503981,4.586936093961044,12.79810314242607
0.1,3,100,84,Empirical_copula,Gaussian,cqr,raw,0.5,1000.0,1,4.712524414990745,4.110808351118072,12.93414111722689
0.1,3,100,84,Empirical_copula,Gaussian,cqr,raw,0.5,1000.0,2,4.60197808757796,5.266969676815055,15.135917441208072
0.1,3,100,84,Empirical_copula,Gaussian,cqr,raw,0.5,1000.0,3,3.624230954503981,3.166004007280751,9.956238969065492
0.1,3,100,85,CQHR,Gaussian,cqr,native,0.5,1000.0,1,4.758239759474637,12.201840497313048,29.161920754100606
0.1,3,100,85,CQHR,Gaussian,cqr,native,0.5,1000.0,2,4.197737155359671,14.894641222272464,33.98701959990454
0.1,3,100,85,CQHR,Gaussian,cqr,native,0.5,1000.0,3,3.381490181620605,11.362234088593652,26.105958358807932
0.1,3,100,85,TSCP_R,Gaussian,cqr,shifted,0.5,1000.0,1,4.758239759474637,6.739290616127278,18.2368209917292
0.1,3,100,85,TSCP_R,Gaussian,cqr,shifted,0.5,1000.0,2,4.197737155359671,5.318769169874827,14.835275495109341
0.1,3,100,85,TSCP_R,Gaussian,cqr,shifted,0.5,1000.0,3,3.381490181620605,4.121369570832371,11.624229323285338
0.1,3,100,85,TSCP_GWC,Gaussian,cqr,shifted,0.5,1000.0,1,4.758239759474637,6.739290616127278,18.2368209917292
0.1,3,100,85,TSCP_GWC,Gaussian,cqr,shifted,0.5,1000.0,2,4.197737155359671,5.318769169874827,14.835275495109341
0.1,3,100,85,TSCP_GWC,Gaussian,cqr,shifted,0.5,1000.0,3,3.381490181620605,4.121369570832371,11.624229323285338
0.1,3,100,85,Unscaled,Gaussian,cqr,raw,0.5,1000.0,1,4.758239759474637,5.317687701940394,15.393615163355419
0.1,3,100,85,Unscaled,Gaussian,cqr,raw,0.5,1000.0,2,4.197737155359671,5.317687701940394,14.833112559240462
0.1,3,100,85,Unscaled,Gaussian,cqr,raw,0.5,1000.0,3,3.381490181620605,5.317687701940394,14.016865585501385
0.1,3,100,85,Empirical_copula,Gaussian,cqr,raw,0.5,1000.0,1,4.758239759474637,6.483952801388774,17.726145362252186
0.1,3,100,85,Empirical_copula,Gaussian,cqr,raw,0.5,1000.0,2,4.197737155359671,5.08712028146415,14.371977718287978
0.1,3,100,85,Empirical_copula,Gaussian,cqr,raw,0.5,1000.0,3,3.381490181620605,3.407942968951655,10.197376119523911
0.1,3,100,86,CQHR,Gaussian,cqr,native,0.5,1000.0,1,4.837805593616852,14.220963459388345,33.27973251239374
0.1,3,100,86,CQHR,Gaussian,cqr,native,0.5,1000.0,2,4.182554182189958,19.506752011286917,43.19605820476381
0.1,3,100,86,CQHR,Gaussian,cqr,native,0.5,1000.0,3,3.3389737949526137,13.028791507240069,29.396556809432763
0.1,3,100,86,TSCP_R,Gaussian,cqr,shifted,0.5,1000.0,1,4.837805593616852,4.956249629140643,14.750304851898148
0.1,3,100,86,TSCP_R,Gaussian,cqr,shifted,0.5,1000.0,2,4.182554182189958,4.063392717926263,12.309339618042475
0.1,3,100,86,TSCP_R,Gaussian,cqr,shifted,0.5,1000.0,3,3.3389737949526137,2.7472802824629525,8.833534359878525
0.1,3,100,86,TSCP_GWC,Gaussian,cqr,shifted,0.5,1000.0,1,4.837805593616852,4.956249629140643,14.750304851898148
0.1,3,100,86,TSCP_GWC,Gaussian,cqr,shifted,0.5,1000.0,2,4.182554182189958,4.063392717926263,12.309339618042475
0.1,3,100,86,TSCP_GWC,Gaussian,cqr,shifted,0.5,1000.0,3,3.3389737949526137,2.7472802824629525,8.833534359878525
0.1,3,100,86,Unscaled,Gaussian,cqr,raw,0.5,1000.0,1,4.837805593616852,4.439391059974233,13.716587713565326
0.1,3,100,86,Unscaled,Gaussian,cqr,raw,0.5,1000.0,2,4.182554182189958,4.439391059974233,13.06133630213842
0.1,3,100,86,Unscaled,Gaussian,cqr,raw,0.5,1000.0,3,3.3389737949526137,4.439391059974233,12.217755914901065
0.1,3,100,86,Empirical_copula,Gaussian,cqr,raw,0.5,1000.0,1,4.837805593616852,5.203654910617699,15.245115414852238
0.1,3,100,86,Empirical_copula,Gaussian,cqr,raw,0.5,1000.0,2,4.182554182189958,3.9422470134692436,12.067048209128451
0.1,3,100,86,Empirical_copula,Gaussian,cqr,raw,0.5,1000.0,3,3.3389737949526137,2.384568017958483,8.10810983086957
0.1,3,100,87,CQHR,Gaussian,cqr,native,0.5,1000.0,1,4.846121693997618,14.09913419243933,33.044390078876546
0.1,3,100,87,CQHR,Gaussian,cqr,native,0.5,1000.0,2,4.277869033854288,19.11569215922285,42.509253352299964
0.1,3,100,87,CQHR,Gaussian,cqr,native,0.5,1000.0,3,3.3318361096302094,17.347388945591433,38.026614000813105
0.1,3,100,87,TSCP_R,Gaussian,cqr,shifted,0.5,1000.0,1,4.846121693997618,7.820223223478479,20.48656814095455
0.1,3,100,87,TSCP_R,Gaussian,cqr,shifted,0.5,1000.0,2,4.277869033854288,5.803130771457518,15.884130576769348
0.1,3,100,87,TSCP_R,Gaussian,cqr,shifted,0.5,1000.0,3,3.3318361096302094,4.606510939771283,12.544857989172774
0.1,3,100,87,TSCP_GWC,Gaussian,cqr,shifted,0.5,1000.0,1,4.846121693997618,7.820223223478479,20.48656814095455
0.1,3,100,87,TSCP_GWC,Gaussian,cqr,shifted,0.5,1000.0,2,4.277869033854288,5.803130771457518,15.884130576769348
0.1,3,100,87,TSCP_GWC,Gaussian,cqr,shifted,0.5,1000.0,3,3.3318361096302094,4.606510939771283,12.544857989172774
0.1,3,100,87,Unscaled,Gaussian,cqr,raw,0.5,1000.0,1,4.846121693997618,5.295620563986133,15.437362821969874
0.1,3,100,87,Unscaled,Gaussian,cqr,raw,0.5,1000.0,2,4.277869033854288,5.295620563986133,14.869110161826551
0.1,3,100,87,Unscaled,Gaussian,cqr,raw,0.5,1000.0,3,3.3318361096302094,5.295620563986133,13.923077237602486
0.1,3,100,87,Empirical_copula,Gaussian,cqr,raw,0.5,1000.0,1,4.846121693997618,7.846178065482388,20.538477824962367
0.1,3,100,87,Empirical_copula,Gaussian,cqr,raw,0.5,1000.0,2,4.277869033854288,5.295620563936028,14.869110161726352
0.1,3,100,87,Empirical_copula,Gaussian,cqr,raw,0.5,1000.0,3,3.3318361096302094,3.957250427277211,11.24633696418462
0.1,3,100,88,CQHR,Gaussian,cqr,native,0.5,1000.0,1,4.694874182042341,13.199319887738788,31.09351395751979
0.1,3,100,88,CQHR,Gaussian,cqr,native,0.5,1000.0,2,4.45304946620348,19.056493408990818,42.56603628418513
0.1,3,100,88,CQHR,Gaussian,cqr,native,0.5,1000.0,3,3.598030759462096,16.40752969962772,36.4130901587175
0.1,3,100,88,TSCP_R,Gaussian,cqr,shifted,0.5,1000.0,1,4.694874182042341,6.97573030523904,18.646334792520427
0.1,3,100,88,TSCP_R,Gaussian,cqr,shifted,0.5,1000.0,2,4.45304946620348,5.76643545547654,15.985920377156566
0.1,3,100,88,TSCP_R,Gaussian,cqr,shifted,0.5,1000.0,3,3.598030759462096,3.886527785499652,11.371086330461392
0.1,3,100,88,TSCP_GWC,Gaussian,cqr,shifted,0.5,1000.0,1,4.694874182042341,6.97573030523904,18.646334792520427
0.1,3,100,88,TSCP_GWC,Gaussian,cqr,shifted,0.5,1000.0,2,4.45304946620348,5.76643545547654,15.985920377156566
0.1,3,100,88,TSCP_GWC,Gaussian,cqr,shifted,0.5,1000.0,3,3.598030759462096,3.886527785499652,11.371086330461392
0.1,3,100,88,Unscaled,Gaussian,cqr,raw,0.5,1000.0,1,4.694874182042341,5.330590336020137,15.356054854082613
0.1,3,100,88,Unscaled,Gaussian,cqr,raw,0.5,1000.0,2,4.45304946620348,5.330590336020137,15.114230138243736
0.1,3,100,88,Unscaled,Gaussian,cqr,raw,0.5,1000.0,3,3.598030759462096,5.330590336020137,14.25921143150236
0.1,3,100,88,Empirical_copula,Gaussian,cqr,raw,0.5,1000.0,1,4.694874182042341,5.8655105949543085,16.42589537195097
0.1,3,100,88,Empirical_copula,Gaussian,cqr,raw,0.5,1000.0,2,4.45304946620348,4.675487384535449,13.80402423527437
0.1,3,100,88,Empirical_copula,Gaussian,cqr,raw,0.5,1000.0,3,3.598030759462096,3.8648002656444653,11.327631290751015
0.1,3,100,89,CQHR,Gaussian,cqr,native,0.5,1000.0,1,4.653771055078505,12.713556206312155,30.080883467702595
0.1,3,100,89,CQHR,Gaussian,cqr,native,0.5,1000.0,2,4.2304167780892215,16.000651235845186,36.23171924977955
0.1,3,100,89,CQHR,Gaussian,cqr,native,0.5,1000.0,3,3.280833839480099,11.232160778698079,25.74515539687626
0.1,3,100,89,TSCP_R,Gaussian,cqr,shifted,0.5,1000.0,1,4.653771055078505,6.186091155403346,17.02595336588521
0.1,3,100,89,TSCP_R,Gaussian,cqr,shifted,0.5,1000.0,2,4.2304167780892215,4.1191559631797645,12.468728704448749
0.1,3,100,89,TSCP_R,Gaussian,cqr,shifted,0.5,1000.0,3,3.280833839480099,2.8304664678352083,8.941766775150517
0.1,3,100,89,TSCP_GWC,Gaussian,cqr,shifted,0.5,1000.0,1,4.653771055078505,6.186091155403346,17.02595336588521
0.1,3,100,89,TSCP_GWC,Gaussian,cqr,shifted,0.5,1000.0,2,4.2304167780892215,4.1191559631797645,12.468728704448749
0.1,3,100,89,TSCP_GWC,Gaussian,cqr,shifted,0.5,1000.0,3,3.280833839480099,2.8304664678352083,8.941766775150517
0.1,3,100,89,Unscaled,Gaussian,cqr,raw,0.5,1000.0,1,4.653771055078505,5.116209707997871,14.886190471074245
0.1,3,100,89,Unscaled,Gaussian,cqr,raw,0.5,1000.0,2,4.2304167780892215,5.116209707997871,14.462836194084957
0.1,3,100,89,Unscaled,Gaussian,cqr,raw,0.5,1000.0,3,3.280833839480099,5.116209707997871,13.513253255475837
0.1,3,100,89,Empirical_copula,Gaussian,cqr,raw,0.5,1000.0,1,4.653771055078505,5.755901252755132,16.165573560588783
0.1,3,100,89,Empirical_copula,Gaussian,cqr,raw,0.5,1000.0,2,4.2304167780892215,4.40477296238994,13.0399627028691
0.1,3,100,89,Empirical_copula,Gaussian,cqr,raw,0.5,1000.0,3,3.280833839480099,2.280098830330122,7.8410315001403506
0.1,3,100,90,CQHR,Gaussian,cqr,native,0.5,1000.0,1,4.983468444282274,8.90232440352492,22.788117251332046
0.1,3,100,90,CQHR,Gaussian,cqr,native,0.5,1000.0,2,4.667376097825495,14.013550945053924,32.69447798793333
0.1,3,100,90,CQHR,Gaussian,cqr,native,0.5,1000.0,3,3.4881633853151652,15.113280720659846,33.71472482663488
0.1,3,100,90,TSCP_R,Gaussian,cqr,shifted,0.5,1000.0,1,4.983468444282274,4.256345126248448,13.496158696779153
0.1,3,100,90,TSCP_R,Gaussian,cqr,shifted,0.5,1000.0,2,4.667376097825495,4.225038499471907,13.117453096769303
0.1,3,100,90,TSCP_R,Gaussian,cqr,shifted,0.5,1000.0,3,3.4881633853151652,2.9891169268823887,9.466397239079935
0.1,3,100,90,TSCP_GWC,Gaussian,cqr,shifted,0.5,1000.0,1,4.983468444282274,4.256345126248448,13.496158696779153
0.1,3,100,90,TSCP_GWC,Gaussian,cqr,shifted,0.5,1000.0,2,4.667376097825495,4.225038499471907,13.117453096769303
0.1,3,100,90,TSCP_GWC,Gaussian,cqr,shifted,0.5,1000.0,3,3.4881633853151652,2.9891169268823887,9.466397239079935
0.1,3,100,90,Unscaled,Gaussian,cqr,raw,0.5,1000.0,1,4.983468444282274,4.082676927139112,13.148822298560509
0.1,3,100,90,Unscaled,Gaussian,cqr,raw,0.5,1000.0,2,4.667376097825495,4.082676927139112,12.832729952103726
0.1,3,100,90,Unscaled,Gaussian,cqr,raw,0.5,1000.0,3,3.4881633853151652,4.082676927139112,11.653517239593397
0.1,3,100,90,Empirical_copula,Gaussian,cqr,raw,0.5,1000.0,1,4.983468444282274,4.910148183073353,14.803764810428984
0.1,3,100,90,Empirical_copula,Gaussian,cqr,raw,0.5,1000.0,2,4.667376097825495,4.082676927123881,12.832729952073246
0.1,3,100,90,Empirical_copula,Gaussian,cqr,raw,0.5,1000.0,3,3.4881633853151652,2.8876359211901157,9.263435227695394
0.1,3,100,91,CQHR,Gaussian,cqr,native,0.5,1000.0,1,4.765267291189783,12.492881829299225,29.75103094978829
0.1,3,100,91,CQHR,Gaussian,cqr,native,0.5,1000.0,2,4.652082827367119,19.69681647251651,44.045715772400115
0.1,3,100,91,CQHR,Gaussian,cqr,native,0.5,1000.0,3,3.5036486048986446,12.455513770345762,28.414676145590196
0.1,3,100,91,TSCP_R,Gaussian,cqr,shifted,0.5,1000.0,1,4.765267291189783,5.406112525333356,15.577492341856484
0.1,3,100,91,TSCP_R,Gaussian,cqr,shifted,0.5,1000.0,2,4.652082827367119,4.419290419769595,13.490663666906306
0.1,3,100,91,TSCP_R,Gaussian,cqr,shifted,0.5,1000.0,3,3.5036486048986446,3.712403302752591,10.928455210403822
0.1,3,100,91,TSCP_GWC,Gaussian,cqr,shifted,0.5,1000.0,1,4.765267291189783,5.406112525333356,15.577492341856484
0.1,3,100,91,TSCP_GWC,Gaussian,cqr,shifted,0.5,1000.0,2,4.652082827367119,4.419290419769595,13.490663666906306
0.1,3,100,91,TSCP_GWC,Gaussian,cqr,shifted,0.5,1000.0,3,3.5036486048986446,3.712403302752591,10.928455210403822
0.1,3,100,91,Unscaled,Gaussian,cqr,raw,0.5,1000.0,1,4.765267291189783,4.420116110167551,13.605499511524869
0.1,3,100,91,Unscaled,Gaussian,cqr,raw,0.5,1000.0,2,4.652082827367119,4.420116110167551,13.492315047702217
0.1,3,100,91,Unscaled,Gaussian,cqr,raw,0.5,1000.0,3,3.5036486048986446,4.420116110167551,12.343880825233729
0.1,3,100,91,Empirical_copula,Gaussian,cqr,raw,0.5,1000.0,1,4.765267291189783,5.2494756870654165,15.264218665320607
0.1,3,100,91,Empirical_copula,Gaussian,cqr,raw,0.5,1000.0,2,4.652082827367119,3.661772988915783,11.975628805198667
0.1,3,100,91,Empirical_copula,Gaussian,cqr,raw,0.5,1000.0,3,3.5036486048986446,3.146135462312774,9.795919529524186
0.1,3,100,92,CQHR,Gaussian,cqr,native,0.5,1000.0,1,4.682146215004884,9.722636540546779,24.12741929609852
0.1,3,100,92,CQHR,Gaussian,cqr,native,0.5,1000.0,2,4.45497336739021,16.345708448431274,37.14639026425274
0.1,3,100,92,CQHR,Gaussian,cqr,native,0.5,1000.0,3,3.6790031140962407,9.801849129705396,23.28270137350704
0.1,3,100,92,TSCP_R,Gaussian,cqr,shifted,0.5,1000.0,1,4.682146215004884,5.632636227919306,15.947418670843502
0.1,3,100,92,TSCP_R,Gaussian,cqr,shifted,0.5,1000.0,2,4.45497336739021,4.929999016437364,14.314971400264948
0.1,3,100,92,TSCP_R,Gaussian,cqr,shifted,0.5,1000.0,3,3.6790031140962407,3.4729548479817822,10.624912810059811
0.1,3,100,92,TSCP_GWC,Gaussian,cqr,shifted,0.5,1000.0,1,4.682146215004884,5.632636227919306,15.947418670843502
0.1,3,100,92,TSCP_GWC,Gaussian,cqr,shifted,0.5,1000.0,2,4.45497336739021,4.929999016437364,14.314971400264948
0.1,3,100,92,TSCP_GWC,Gaussian,cqr,shifted,0.5,1000.0,3,3.6790031140962407,3.4729548479817822,10.624912810059811
0.1,3,100,92,Unscaled,Gaussian,cqr,raw,0.5,1000.0,1,4.682146215004884,4.790552887716688,14.263251990438269
0.1,3,100,92,Unscaled,Gaussian,cqr,raw,0.5,1000.0,2,4.45497336739021,4.790552887716688,14.03607914282358
0.1,3,100,92,Unscaled,Gaussian,cqr,raw,0.5,1000.0,3,3.6790031140962407,4.790552887716688,13.260108889529617
0.1,3,100,92,Empirical_copula,Gaussian,cqr,raw,0.5,1000.0,1,4.682146215004884,4.790552887653659,14.263251990312208
0.1,3,100,92,Empirical_copula,Gaussian,cqr,raw,0.5,1000.0,2,4.45497336739021,4.804978935363984,14.064931238118152
0.1,3,100,92,Empirical_copula,Gaussian,cqr,raw,0.5,1000.0,3,3.6790031140962407,3.0809056467060287,9.840814407508308
0.1,3,100,93,CQHR,Gaussian,cqr,native,0.5,1000.0,1,4.860713460131098,16.426765773537955,37.714245007206564
0.1,3,100,93,CQHR,Gaussian,cqr,native,0.5,1000.0,2,4.602324642207719,19.78124779970132,44.16482024161039
0.1,3,100,93,CQHR,Gaussian,cqr,native,0.5,1000.0,3,3.675871182876497,14.515772287533864,32.707415757944275
0.1,3,100,93,TSCP_R,Gaussian,cqr,shifted,0.5,1000.0,1,4.860713460131098,8.31825216162531,21.497217783381732
0.1,3,100,93,TSCP_R,Gaussian,cqr,shifted,0.5,1000.0,2,4.602324642207719,5.727168276429666,16.056661195067058
0.1,3,100,93,TSCP_R,Gaussian,cqr,shifted,0.5,1000.0,3,3.675871182876497,4.996456890220884,13.668784963318283
0.1,3,100,93,TSCP_GWC,Gaussian,cqr,shifted,0.5,1000.0,1,4.860713460131098,8.31825216162531,21.497217783381732
0.1,3,100,93,TSCP_GWC,Gaussian,cqr,shifted,0.5,1000.0,2,4.602324642207719,5.727168276429666,16.056661195067058
0.1,3,100,93,TSCP_GWC,Gaussian,cqr,shifted,0.5,1000.0,3,3.675871182876497,4.996456890220884,13.668784963318283
0.1,3,100,93,Unscaled,Gaussian,cqr,raw,0.5,1000.0,1,4.860713460131098,6.269268160669511,17.39924978147012
0.1,3,100,93,Unscaled,Gaussian,cqr,raw,0.5,1000.0,2,4.602324642207719,6.269268160669511,17.14086096354672
0.1,3,100,93,Unscaled,Gaussian,cqr,raw,0.5,1000.0,3,3.675871182876497,6.269268160669511,16.21440750421553
0.1,3,100,93,Empirical_copula,Gaussian,cqr,raw,0.5,1000.0,1,4.860713460131098,7.081084467028571,19.022882394188237
0.1,3,100,93,Empirical_copula,Gaussian,cqr,raw,0.5,1000.0,2,4.602324642207719,4.195179354470579,12.992683351148882
0.1,3,100,93,Empirical_copula,Gaussian,cqr,raw,0.5,1000.0,3,3.675871182876497,5.1008209657983485,13.877513114473206
0.1,3,100,94,CQHR,Gaussian,cqr,native,0.5,1000.0,1,4.709200463371793,23.822013444825227,52.353227353021936
0.1,3,100,94,CQHR,Gaussian,cqr,native,0.5,1000.0,2,4.393927088357105,55.501847485596166,115.39762205954928
0.1,3,100,94,CQHR,Gaussian,cqr,native,0.5,1000.0,3,3.3869018721501423,30.36299348683353,64.11288884581724
0.1,3,100,94,TSCP_R,Gaussian,cqr,shifted,0.5,1000.0,1,4.709200463371793,5.234145728533122,15.177491920438039
0.1,3,100,94,TSCP_R,Gaussian,cqr,shifted,0.5,1000.0,2,4.393927088357105,7.118345103913271,18.630617296183654
0.1,3,100,94,TSCP_R,Gaussian,cqr,shifted,0.5,1000.0,3,3.3869018721501423,3.0763780989066163,9.539658069963378
0.1,3,100,94,TSCP_GWC,Gaussian,cqr,shifted,0.5,1000.0,1,4.709200463371793,5.234145728533122,15.177491920438039
0.1,3,100,94,TSCP_GWC,Gaussian,cqr,shifted,0.5,1000.0,2,4.393927088357105,7.118345103913271,18.630617296183654
0.1,3,100,94,TSCP_GWC,Gaussian,cqr,shifted,0.5,1000.0,3,3.3869018721501423,3.0763780989066163,9.539658069963378
0.1,3,100,94,Unscaled,Gaussian,cqr,raw,0.5,1000.0,1,4.709200463371793,5.083806549334717,14.876813562041225
0.1,3,100,94,Unscaled,Gaussian,cqr,raw,0.5,1000.0,2,4.393927088357105,5.083806549334717,14.561540187026548
0.1,3,100,94,Unscaled,Gaussian,cqr,raw,0.5,1000.0,3,3.3869018721501423,5.083806549334717,13.554514970819572
0.1,3,100,94,Empirical_copula,Gaussian,cqr,raw,0.5,1000.0,1,4.709200463371793,5.083806549279014,14.876813561929827
0.1,3,100,94,Empirical_copula,Gaussian,cqr,raw,0.5,1000.0,2,4.393927088357105,6.41631488324173,17.226556854840574
0.1,3,100,94,Empirical_copula,Gaussian,cqr,raw,0.5,1000.0,3,3.3869018721501423,2.9702588241232792,9.327419520396703
0.1,3,100,95,CQHR,Gaussian,cqr,native,0.5,1000.0,1,4.6699092800209705,9.556533583211003,23.782976446443097
0.1,3,100,95,CQHR,Gaussian,cqr,native,0.5,1000.0,2,4.451991109196244,14.84213086738353,34.136252843963284
0.1,3,100,95,CQHR,Gaussian,cqr,native,0.5,1000.0,3,3.297553746668874,10.602380403316756,24.502314553302366
0.1,3,100,95,TSCP_R,Gaussian,cqr,shifted,0.5,1000.0,1,4.6699092800209705,5.4457781650792185,15.56146561017939
0.1,3,100,95,TSCP_R,Gaussian,cqr,shifted,0.5,1000.0,2,4.451991109196244,4.927918364372317,14.307827837940868
0.1,3,100,95,TSCP_R,Gaussian,cqr,shifted,0.5,1000.0,3,3.297553746668874,3.5325723874111645,10.36269852149121
0.1,3,100,95,TSCP_GWC,Gaussian,cqr,shifted,0.5,1000.0,1,4.6699092800209705,5.4457781650792185,15.56146561017939
0.1,3,100,95,TSCP_GWC,Gaussian,cqr,shifted,0.5,1000.0,2,4.451991109196244,4.927918364372317,14.307827837940868
0.1,3,100,95,TSCP_GWC,Gaussian,cqr,shifted,0.5,1000.0,3,3.297553746668874,3.5325723874111645,10.36269852149121
0.1,3,100,95,Unscaled,Gaussian,cqr,raw,0.5,1000.0,1,4.6699092800209705,4.604100224813165,13.878109729647303
0.1,3,100,95,Unscaled,Gaussian,cqr,raw,0.5,1000.0,2,4.451991109196244,4.604100224813165,13.660191558822568
0.1,3,100,95,Unscaled,Gaussian,cqr,raw,0.5,1000.0,3,3.297553746668874,4.604100224813165,12.505754196295186
0.1,3,100,95,Empirical_copula,Gaussian,cqr,raw,0.5,1000.0,1,4.6699092800209705,4.3959227440216875,13.461754768064333
0.1,3,100,95,Empirical_copula,Gaussian,cqr,raw,0.5,1000.0,2,4.451991109196244,4.443473199471509,13.338937508139281
0.1,3,100,95,Empirical_copula,Gaussian,cqr,raw,0.5,1000.0,3,3.297553746668874,3.43458241798697,10.166718582642803
0.1,3,100,96,CQHR,Gaussian,cqr,native,0.5,1000.0,1,4.6159608261755665,7.690906489446534,19.997773805068643
0.1,3,100,96,CQHR,Gaussian,cqr,native,0.5,1000.0,2,4.1185787664566496,10.446516283340623,25.011611333137925
0.1,3,100,96,CQHR,Gaussian,cqr,native,0.5,1000.0,3,3.3559852016815848,6.887296242477235,17.130577686636048
0.1,3,100,96,TSCP_R,Gaussian,cqr,shifted,0.5,1000.0,1,4.6159608261755665,5.1720171092167675,14.959995044609089
0.1,3,100,96,TSCP_R,Gaussian,cqr,shifted,0.5,1000.0,2,4.1185787664566496,4.106945739774687,12.332470246006025
0.1,3,100,96,TSCP_R,Gaussian,cqr,shifted,0.5,1000.0,3,3.3559852016815848,3.7671247574612607,10.890234716604102
0.1,3,100,96,TSCP_GWC,Gaussian,cqr,shifted,0.5,1000.0,1,4.6159608261755665,5.1720171092167675,14.959995044609089
0.1,3,100,96,TSCP_GWC,Gaussian,cqr,shifted,0.5,1000.0,2,4.1185787664566496,4.106945739774687,12.332470246006025
0.1,3,100,96,TSCP_GWC,Gaussian,cqr,shifted,0.5,1000.0,3,3.3559852016815848,3.7671247574612607,10.890234716604102
0.1,3,100,96,Unscaled,Gaussian,cqr,raw,0.5,1000.0,1,4.6159608261755665,4.764208898343475,14.144378622862508
0.1,3,100,96,Unscaled,Gaussian,cqr,raw,0.5,1000.0,2,4.1185787664566496,4.764208898343475,13.646996563143615
0.1,3,100,96,Unscaled,Gaussian,cqr,raw,0.5,1000.0,3,3.3559852016815848,4.764208898343475,12.884402998368527
0.1,3,100,96,Empirical_copula,Gaussian,cqr,raw,0.5,1000.0,1,4.6159608261755665,4.867807482269065,14.351575790713692
0.1,3,100,96,Empirical_copula,Gaussian,cqr,raw,0.5,1000.0,2,4.1185787664566496,4.7642088982734485,13.646996563003567
0.1,3,100,96,Empirical_copula,Gaussian,cqr,raw,0.5,1000.0,3,3.3559852016815848,3.52923515171997,10.414455505121525
0.1,3,100,97,CQHR,Gaussian,cqr,native,0.5,1000.0,1,4.804422186593276,9.702972923914178,24.210368034421766
0.1,3,100,97,CQHR,Gaussian,cqr,native,0.5,1000.0,2,4.723604728831701,13.298152883522786,31.319910495877274
0.1,3,100,97,CQHR,Gaussian,cqr,native,0.5,1000.0,3,3.4308067758965217,9.333428965010931,22.097664705918383
0.1,3,100,97,TSCP_R,Gaussian,cqr,shifted,0.5,1000.0,1,4.804422186593276,7.094087522011023,18.992597230615324
0.1,3,100,97,TSCP_R,Gaussian,cqr,shifted,0.5,1000.0,2,4.723604728831701,4.762988096399113,14.249580921629919
0.1,3,100,97,TSCP_R,Gaussian,cqr,shifted,0.5,1000.0,3,3.4308067758965217,3.5279675319382022,10.486741839772925
0.1,3,100,97,TSCP_GWC,Gaussian,cqr,shifted,0.5,1000.0,1,4.804422186593276,7.094087522011023,18.992597230615324
0.1,3,100,97,TSCP_GWC,Gaussian,cqr,shifted,0.5,1000.0,2,4.723604728831701,4.762988096399113,14.249580921629919
0.1,3,100,97,TSCP_GWC,Gaussian,cqr,shifted,0.5,1000.0,3,3.4308067758965217,3.5279675319382022,10.486741839772925
0.1,3,100,97,Unscaled,Gaussian,cqr,raw,0.5,1000.0,1,4.804422186593276,5.992314261113788,16.789050708820838
0.1,3,100,97,Unscaled,Gaussian,cqr,raw,0.5,1000.0,2,4.723604728831701,5.992314261113788,16.708233251059266
0.1,3,100,97,Unscaled,Gaussian,cqr,raw,0.5,1000.0,3,3.4308067758965217,5.992314261113788,15.415435298124084
0.1,3,100,97,Empirical_copula,Gaussian,cqr,raw,0.5,1000.0,1,4.804422186593276,6.895968364548068,18.5963589156894
0.1,3,100,97,Empirical_copula,Gaussian,cqr,raw,0.5,1000.0,2,4.723604728831701,4.646041244263751,14.0156872173592
0.1,3,100,97,Empirical_copula,Gaussian,cqr,raw,0.5,1000.0,3,3.4308067758965217,3.152519444817564,9.735845665531654
0.1,3,100,98,CQHR,Gaussian,cqr,native,0.5,1000.0,1,4.781729670976983,11.20746644255729,27.196662556091816
0.1,3,100,98,CQHR,Gaussian,cqr,native,0.5,1000.0,2,4.470902256406777,15.984777028048887,36.44045631250453
0.1,3,100,98,CQHR,Gaussian,cqr,native,0.5,1000.0,3,3.4012161368708016,10.541090572572857,24.483397282016494
0.1,3,100,98,TSCP_R,Gaussian,cqr,shifted,0.5,1000.0,1,4.781729670976983,6.211038685605331,17.203807042187627
0.1,3,100,98,TSCP_R,Gaussian,cqr,shifted,0.5,1000.0,2,4.470902256406777,4.744736208903987,13.960374674214751
0.1,3,100,98,TSCP_R,Gaussian,cqr,shifted,0.5,1000.0,3,3.4012161368708016,3.4609443451620336,10.323104827194872
0.1,3,100,98,TSCP_GWC,Gaussian,cqr,shifted,0.5,1000.0,1,4.781729670976983,6.211038685605331,17.203807042187627
0.1,3,100,98,TSCP_GWC,Gaussian,cqr,shifted,0.5,1000.0,2,4.470902256406777,4.744736208903987,13.960374674214751
0.1,3,100,98,TSCP_GWC,Gaussian,cqr,shifted,0.5,1000.0,3,3.4012161368708016,3.4609443451620336,10.323104827194872
0.1,3,100,98,Unscaled,Gaussian,cqr,raw,0.5,1000.0,1,4.781729670976983,5.240929488604892,15.263588648186776
0.1,3,100,98,Unscaled,Gaussian,cqr,raw,0.5,1000.0,2,4.470902256406777,5.240929488604892,14.952761233616565
0.1,3,100,98,Unscaled,Gaussian,cqr,raw,0.5,1000.0,3,3.4012161368708016,5.240929488604892,13.88307511408059
0.1,3,100,98,Empirical_copula,Gaussian,cqr,raw,0.5,1000.0,1,4.781729670976983,6.126084120800604,17.03389791257821
0.1,3,100,98,Empirical_copula,Gaussian,cqr,raw,0.5,1000.0,2,4.470902256406777,4.527052225581436,13.525006707569645
0.1,3,100,98,Empirical_copula,Gaussian,cqr,raw,0.5,1000.0,3,3.4012161368708016,2.935510792707346,9.27223772228548
0.1,3,100,99,CQHR,Gaussian,cqr,native,0.5,1000.0,1,4.952199341595688,10.147193937050345,25.24658721569624
0.1,3,100,99,CQHR,Gaussian,cqr,native,0.5,1000.0,2,4.515167657163647,12.956338935988503,30.427845529140626
0.1,3,100,99,CQHR,Gaussian,cqr,native,0.5,1000.0,3,3.6512444215121045,9.584029472221138,22.819303365954354
0.1,3,100,99,TSCP_R,Gaussian,cqr,shifted,0.5,1000.0,1,4.952199341595688,4.866025931758827,14.684251205113357
0.1,3,100,99,TSCP_R,Gaussian,cqr,shifted,0.5,1000.0,2,4.515167657163647,4.064103037180189,12.643373731524017
0.1,3,100,99,TSCP_R,Gaussian,cqr,shifted,0.5,1000.0,3,3.6512444215121045,3.248338189194101,10.1479207999003
0.1,3,100,99,TSCP_GWC,Gaussian,cqr,shifted,0.5,1000.0,1,4.952199341595688,4.866025931758827,14.684251205113357
0.1,3,100,99,TSCP_GWC,Gaussian,cqr,shifted,0.5,1000.0,2,4.515167657163647,4.064103037180189,12.643373731524017
0.1,3,100,99,TSCP_GWC,Gaussian,cqr,shifted,0.5,1000.0,3,3.6512444215121045,3.248338189194101,10.1479207999003
0.1,3,100,99,Unscaled,Gaussian,cqr,raw,0.5,1000.0,1,4.952199341595688,4.451551751635108,13.855302844865912
0.1,3,100,99,Unscaled,Gaussian,cqr,raw,0.5,1000.0,2,4.515167657163647,4.451551751635108,13.418271160433864
0.1,3,100,99,Unscaled,Gaussian,cqr,raw,0.5,1000.0,3,3.6512444215121045,4.451551751635108,12.554347924782327
0.1,3,100,99,Empirical_copula,Gaussian,cqr,raw,0.5,1000.0,1,4.952199341595688,4.530425312555575,14.013049966706827
0.1,3,100,99,Empirical_copula,Gaussian,cqr,raw,0.5,1000.0,2,4.515167657163647,3.981218106004768,12.477603869173192
0.1,3,100,99,Empirical_copula,Gaussian,cqr,raw,0.5,1000.0,3,3.6512444215121045,3.134971820094764,9.921188061701638
