alpha,n_dim,n_cal,trial,method,noise_type,score_type,score_transform,base_interval_alpha,shift_constant,test_coverage,coverage_volume,coverage_max_length,reference_adjustment,runtime
0.1,3,100,0,CQHR,Gaussian,cqr,native,0.5,300.0,0.895,327688.01597186597,37.251524657940266,10.365803634595775,0.0
0.1,3,100,0,TSCP_R,Gaussian,cqr,shifted,0.5,300.0,0.8516666666666667,2305.687646711646,15.122605021386399,,0.0
0.1,3,100,0,TSCP_GWC,Gaussian,cqr,shifted,0.5,300.0,0.8516666666666667,2305.687646711646,15.122605021386399,,0.0
0.1,3,100,0,Unscaled,Gaussian,cqr,raw,0.5,300.0,0.8766666666666667,2909.2055204360636,14.562847509054714,,0.0
0.1,3,100,0,Empirical_copula,Gaussian,cqr,raw,0.5,300.0,0.8466666666666667,2117.057048116672,14.71710611982909,,0.0009975433349609375
0.1,3,100,1,CQHR,Gaussian,cqr,native,0.5,300.0,0.9433333333333334,1053219.868535064,56.304374011588166,15.81810981794344,0.0009992122650146484
0.1,3,100,1,TSCP_R,Gaussian,cqr,shifted,0.5,300.0,0.93,3156.95289141662,17.226843437372654,,0.0010004043579101562
0.1,3,100,1,TSCP_GWC,Gaussian,cqr,shifted,0.5,300.0,0.93,3156.95289141662,17.226843437372654,,0.0
0.1,3,100,1,Unscaled,Gaussian,cqr,raw,0.5,300.0,0.9183333333333333,3551.2920495254393,15.488442614648177,,0.0
0.1,3,100,1,Empirical_copula,Gaussian,cqr,raw,0.5,300.0,0.9216666666666666,3321.8349502744077,16.74317277231942,,0.0009999275207519531
0.1,3,100,2,CQHR,Gaussian,cqr,native,0.5,300.0,0.8883333333333333,29274.21596527618,31.285845499764413,12.786342812248847,0.0
0.1,3,100,2,TSCP_R,Gaussian,cqr,shifted,0.5,300.0,0.935,3133.789537565831,16.109710263747942,,0.0010004043579101562
0.1,3,100,2,TSCP_GWC,Gaussian,cqr,shifted,0.5,300.0,0.935,3133.789537565831,16.109710263747942,,0.0
0.1,3,100,2,Unscaled,Gaussian,cqr,raw,0.5,300.0,0.905,2885.9412661006,14.725590379022169,,0.0
0.1,3,100,2,Empirical_copula,Gaussian,cqr,raw,0.5,300.0,0.925,2844.8229663291972,17.342296696698575,,0.00099945068359375
0.1,3,100,3,CQHR,Gaussian,cqr,native,0.5,300.0,0.8466666666666667,24106.9121527216,26.54915958533141,7.62424150523632,0.0
0.1,3,100,3,TSCP_R,Gaussian,cqr,shifted,0.5,300.0,0.885,2526.888153633407,16.622875030462197,,0.0009961128234863281
0.1,3,100,3,TSCP_GWC,Gaussian,cqr,shifted,0.5,300.0,0.885,2526.888153633407,16.622875030462197,,0.0009996891021728516
0.1,3,100,3,Unscaled,Gaussian,cqr,raw,0.5,300.0,0.905,3608.723127915155,15.475152577011055,,0.0
0.1,3,100,3,Empirical_copula,Gaussian,cqr,raw,0.5,300.0,0.8766666666666667,2467.3608388999965,16.27230926828885,,0.0010001659393310547
0.1,3,100,4,CQHR,Gaussian,cqr,native,0.5,300.0,0.955,271978.57906261407,63.283168855506375,24.63764815926394,0.0
0.1,3,100,4,TSCP_R,Gaussian,cqr,shifted,0.5,300.0,0.92,3486.8857473677035,17.30427574993695,,0.0010073184967041016
0.1,3,100,4,TSCP_GWC,Gaussian,cqr,shifted,0.5,300.0,0.92,3486.8857473677035,17.30427574993695,,0.0009996891021728516
0.1,3,100,4,Unscaled,Gaussian,cqr,raw,0.5,300.0,0.915,3768.303765016622,15.873521600490239,,0.0
0.1,3,100,4,Empirical_copula,Gaussian,cqr,raw,0.5,300.0,0.905,3308.4280923304036,18.576715870376617,,0.0
0.1,3,100,5,CQHR,Gaussian,cqr,native,0.5,300.0,0.925,394118.1291778131,52.0950803234469,15.796827663721299,0.0
0.1,3,100,5,TSCP_R,Gaussian,cqr,shifted,0.5,300.0,0.9233333333333333,2668.978388446342,15.149551271198124,,0.0010018348693847656
0.1,3,100,5,TSCP_GWC,Gaussian,cqr,shifted,0.5,300.0,0.9233333333333333,2668.978388446342,15.149551271198124,,0.0
0.1,3,100,5,Unscaled,Gaussian,cqr,raw,0.5,300.0,0.915,2740.306796047235,14.369462593502012,,0.0
0.1,3,100,5,Empirical_copula,Gaussian,cqr,raw,0.5,300.0,0.915,2741.6657296227795,14.413895556236794,,0.0010018348693847656
0.1,3,100,6,CQHR,Gaussian,cqr,native,0.5,300.0,0.9416666666666667,54416.260765461106,37.04678794005916,12.06068935174857,0.0
0.1,3,100,6,TSCP_R,Gaussian,cqr,shifted,0.5,300.0,0.9066666666666666,2548.0437949479146,15.47847894156898,,0.0009996891021728516
0.1,3,100,6,TSCP_GWC,Gaussian,cqr,shifted,0.5,300.0,0.9066666666666666,2548.0437949479146,15.47847894156898,,0.0
0.1,3,100,6,Unscaled,Gaussian,cqr,raw,0.5,300.0,0.8833333333333333,2669.8254726800437,14.123597492333031,,0.0
0.1,3,100,6,Empirical_copula,Gaussian,cqr,raw,0.5,300.0,0.88,2314.309762907716,14.207614398748717,,0.0010063648223876953
0.1,3,100,7,CQHR,Gaussian,cqr,native,0.5,300.0,0.8466666666666667,50276.77954545372,30.074055369742855,8.520504796993427,0.0
0.1,3,100,7,TSCP_R,Gaussian,cqr,shifted,0.5,300.0,0.8416666666666667,1962.878020030196,17.22729741869492,,0.0010001659393310547
0.1,3,100,7,TSCP_GWC,Gaussian,cqr,shifted,0.5,300.0,0.8416666666666667,1962.878020030196,17.22729741869492,,0.0
0.1,3,100,7,Unscaled,Gaussian,cqr,raw,0.5,300.0,0.9183333333333333,3396.596818120194,15.460815171925441,,0.0
0.1,3,100,7,Empirical_copula,Gaussian,cqr,raw,0.5,300.0,0.8366666666666667,2182.1388860739735,20.585278701277865,,0.0009996891021728516
0.1,3,100,8,CQHR,Gaussian,cqr,native,0.5,300.0,0.8666666666666667,321776.1242843237,37.3185856839611,8.775750274886063,0.0009992122650146484
0.1,3,100,8,TSCP_R,Gaussian,cqr,shifted,0.5,300.0,0.945,4680.730505983123,19.214648487515213,,0.0009999275207519531
0.1,3,100,8,TSCP_GWC,Gaussian,cqr,shifted,0.5,300.0,0.945,4680.730505983123,19.214648487515213,,0.0
0.1,3,100,8,Unscaled,Gaussian,cqr,raw,0.5,300.0,0.93,4343.356541635121,16.537526688700243,,0.0
0.1,3,100,8,Empirical_copula,Gaussian,cqr,raw,0.5,300.0,0.885,2817.0912947848083,18.258029152306563,,0.0009999275207519531
0.1,3,100,9,CQHR,Gaussian,cqr,native,0.5,300.0,0.9533333333333334,250499.14917637766,49.5862303251885,16.014486531115658,0.0
0.1,3,100,9,TSCP_R,Gaussian,cqr,shifted,0.5,300.0,0.925,3770.7668277073494,19.131008926153747,,0.0010001659393310547
0.1,3,100,9,TSCP_GWC,Gaussian,cqr,shifted,0.5,300.0,0.925,3770.7668277073494,19.131008926153747,,0.0
0.1,3,100,9,Unscaled,Gaussian,cqr,raw,0.5,300.0,0.925,4686.703399765314,16.962320156697082,,0.0
0.1,3,100,9,Empirical_copula,Gaussian,cqr,raw,0.5,300.0,0.8916666666666667,2980.152721337158,18.722056933559823,,0.0010013580322265625
0.1,3,100,10,CQHR,Gaussian,cqr,native,0.5,300.0,0.92,195355.60929118967,40.63118200505792,13.284188364811339,0.0
0.1,3,100,10,TSCP_R,Gaussian,cqr,shifted,0.5,300.0,0.8583333333333333,2670.803183518088,14.909443490750323,,0.000993490219116211
0.1,3,100,10,TSCP_GWC,Gaussian,cqr,shifted,0.5,300.0,0.8583333333333333,2670.803183518088,14.909443490750323,,0.0
0.1,3,100,10,Unscaled,Gaussian,cqr,raw,0.5,300.0,0.8666666666666667,2738.9026149144725,14.347727705448728,,0.0
0.1,3,100,10,Empirical_copula,Gaussian,cqr,raw,0.5,300.0,0.8516666666666667,2252.316868474216,14.068974187429058,,0.0010063648223876953
0.1,3,100,11,CQHR,Gaussian,cqr,native,0.5,300.0,0.8883333333333333,45321.11065799975,32.44559549444057,10.069722479240522,0.0
0.1,3,100,11,TSCP_R,Gaussian,cqr,shifted,0.5,300.0,0.85,1847.1071943182976,14.547391741756025,,0.0009963512420654297
0.1,3,100,11,TSCP_GWC,Gaussian,cqr,shifted,0.5,300.0,0.85,1847.1071943182976,14.547391741756025,,0.0
0.1,3,100,11,Unscaled,Gaussian,cqr,raw,0.5,300.0,0.8466666666666667,1894.6047161980143,12.631648394232842,,0.0
0.1,3,100,11,Empirical_copula,Gaussian,cqr,raw,0.5,300.0,0.8416666666666667,1661.063368081284,13.683082460659937,,0.0009946823120117188
0.1,3,100,12,CQHR,Gaussian,cqr,native,0.5,300.0,0.9583333333333334,94880889.46128516,142.62512475456944,22.30200417726445,0.0
0.1,3,100,12,TSCP_R,Gaussian,cqr,shifted,0.5,300.0,0.9266666666666666,2890.8844318436804,15.65227210197159,,0.001001119613647461
0.1,3,100,12,TSCP_GWC,Gaussian,cqr,shifted,0.5,300.0,0.9266666666666666,2890.8844318436804,15.65227210197159,,0.0
0.1,3,100,12,Unscaled,Gaussian,cqr,raw,0.5,300.0,0.8916666666666667,2732.3830206982666,14.477761937927038,,0.0
0.1,3,100,12,Empirical_copula,Gaussian,cqr,raw,0.5,300.0,0.9066666666666666,2639.6535305409793,15.431624361261605,,0.0009927749633789062
0.1,3,100,13,CQHR,Gaussian,cqr,native,0.5,300.0,0.915,564491.8646817057,41.59162325628421,12.496408183308366,0.0
0.1,3,100,13,TSCP_R,Gaussian,cqr,shifted,0.5,300.0,0.8716666666666667,2597.117778140588,14.822586688563636,,0.0010128021240234375
0.1,3,100,13,TSCP_GWC,Gaussian,cqr,shifted,0.5,300.0,0.8716666666666667,2597.117778140588,14.822586688563636,,0.0
0.1,3,100,13,Unscaled,Gaussian,cqr,raw,0.5,300.0,0.875,2820.058523405798,14.536983451459216,,0.0
0.1,3,100,13,Empirical_copula,Gaussian,cqr,raw,0.5,300.0,0.855,2316.9717855357767,14.523276143783402,,0.0009970664978027344
0.1,3,100,14,CQHR,Gaussian,cqr,native,0.5,300.0,0.94,712715.7866156225,61.80179263046543,18.004081443861075,0.0
0.1,3,100,14,TSCP_R,Gaussian,cqr,shifted,0.5,300.0,0.9066666666666666,2878.0237767333233,18.07179528547955,,0.0009980201721191406
0.1,3,100,14,TSCP_GWC,Gaussian,cqr,shifted,0.5,300.0,0.9066666666666666,2878.0237767333233,18.07179528547955,,0.0
0.1,3,100,14,Unscaled,Gaussian,cqr,raw,0.5,300.0,0.9,3271.3379862870293,15.077808458375767,,0.0
0.1,3,100,14,Empirical_copula,Gaussian,cqr,raw,0.5,300.0,0.8983333333333333,2662.3253018347095,16.494662065046565,,0.0010099411010742188
0.1,3,100,15,CQHR,Gaussian,cqr,native,0.5,300.0,0.9233333333333333,437213.163955155,49.29901457460539,14.877258732932132,0.0
0.1,3,100,15,TSCP_R,Gaussian,cqr,shifted,0.5,300.0,0.8983333333333333,2669.68837377916,16.110893655504782,,0.0009999275207519531
0.1,3,100,15,TSCP_GWC,Gaussian,cqr,shifted,0.5,300.0,0.8983333333333333,2669.68837377916,16.110893655504782,,0.0
0.1,3,100,15,Unscaled,Gaussian,cqr,raw,0.5,300.0,0.8766666666666667,2760.3343105077647,14.274842921586297,,0.0
0.1,3,100,15,Empirical_copula,Gaussian,cqr,raw,0.5,300.0,0.895,2655.389757391675,16.237143079039665,,0.0009996891021728516
0.1,3,100,16,CQHR,Gaussian,cqr,native,0.5,300.0,0.93,408541.06068608584,49.55584863228415,13.812996915558204,0.0
0.1,3,100,16,TSCP_R,Gaussian,cqr,shifted,0.5,300.0,0.9083333333333333,3104.747101156309,16.947651111792656,,0.0009996891021728516
0.1,3,100,16,TSCP_GWC,Gaussian,cqr,shifted,0.5,300.0,0.9083333333333333,3104.747101156309,16.947651111792656,,0.0009932518005371094
0.1,3,100,16,Unscaled,Gaussian,cqr,raw,0.5,300.0,0.9066666666666666,3940.1257067221177,15.951377123780778,,0.0
0.1,3,100,16,Empirical_copula,Gaussian,cqr,raw,0.5,300.0,0.8666666666666667,2553.7949571258864,16.38620978307783,,0.0010068416595458984
0.1,3,100,17,CQHR,Gaussian,cqr,native,0.5,300.0,0.9366666666666666,97239965.92362231,184.6449450274342,15.979122322888117,0.0
0.1,3,100,17,TSCP_R,Gaussian,cqr,shifted,0.5,300.0,0.875,2762.6641944667267,15.97223466711465,,0.0
0.1,3,100,17,TSCP_GWC,Gaussian,cqr,shifted,0.5,300.0,0.875,2762.6641944667267,15.97223466711465,,0.0
0.1,3,100,17,Unscaled,Gaussian,cqr,raw,0.5,300.0,0.8816666666666667,3233.9651332358585,15.10865496223148,,0.0
0.1,3,100,17,Empirical_copula,Gaussian,cqr,raw,0.5,300.0,0.855,2290.3275672729997,15.680896162200295,,0.0009925365447998047
0.1,3,100,18,CQHR,Gaussian,cqr,native,0.5,300.0,0.92,479597.7011579011,49.152766071153316,18.201477828023677,0.0
0.1,3,100,18,TSCP_R,Gaussian,cqr,shifted,0.5,300.0,0.8466666666666667,1893.4166043130285,14.261197140605328,,0.00099945068359375
0.1,3,100,18,TSCP_GWC,Gaussian,cqr,shifted,0.5,300.0,0.8466666666666667,1893.4166043130285,14.261197140605328,,0.0
0.1,3,100,18,Unscaled,Gaussian,cqr,raw,0.5,300.0,0.865,2324.4159020151433,13.632492515796061,,0.0
0.1,3,100,18,Empirical_copula,Gaussian,cqr,raw,0.5,300.0,0.8416666666666667,1859.9935583732115,14.326744507088833,,0.000997781753540039
0.1,3,100,19,CQHR,Gaussian,cqr,native,0.5,300.0,0.925,74220.8150031112,42.33500387110758,16.557900569956477,0.0
0.1,3,100,19,TSCP_R,Gaussian,cqr,shifted,0.5,300.0,0.875,2508.887179082071,15.658332651298263,,0.0020151138305664062
0.1,3,100,19,TSCP_GWC,Gaussian,cqr,shifted,0.5,300.0,0.875,2508.887179082071,15.658332651298263,,0.0
0.1,3,100,19,Unscaled,Gaussian,cqr,raw,0.5,300.0,0.8883333333333333,3276.285752816589,15.268148073423985,,0.0
0.1,3,100,19,Empirical_copula,Gaussian,cqr,raw,0.5,300.0,0.8683333333333333,2357.700057558568,15.614345403175646,,0.0009877681732177734
0.1,3,100,20,CQHR,Gaussian,cqr,native,0.5,300.0,0.8883333333333333,79669.66350690449,34.216716569387884,11.051250982884048,0.0
0.1,3,100,20,TSCP_R,Gaussian,cqr,shifted,0.5,300.0,0.88,2617.0628222657174,15.96971003181318,,0.0009989738464355469
0.1,3,100,20,TSCP_GWC,Gaussian,cqr,shifted,0.5,300.0,0.88,2617.0628222657174,15.96971003181318,,0.0
0.1,3,100,20,Unscaled,Gaussian,cqr,raw,0.5,300.0,0.8783333333333333,2830.1067313107988,14.386566028168158,,0.0
0.1,3,100,20,Empirical_copula,Gaussian,cqr,raw,0.5,300.0,0.8316666666666667,2297.9499227845495,17.709847025742143,,0.0
0.1,3,100,21,CQHR,Gaussian,cqr,native,0.5,300.0,0.8966666666666666,40065.96362050608,32.024426545313574,11.225386993169863,0.0
0.1,3,100,21,TSCP_R,Gaussian,cqr,shifted,0.5,300.0,0.8383333333333334,2051.8147677765496,15.063384801451205,,0.0009999275207519531
0.1,3,100,21,TSCP_GWC,Gaussian,cqr,shifted,0.5,300.0,0.8383333333333334,2051.8147677765496,15.063384801451205,,0.0
0.1,3,100,21,Unscaled,Gaussian,cqr,raw,0.5,300.0,0.815,2071.894147135259,12.928883425779505,,0.0
0.1,3,100,21,Empirical_copula,Gaussian,cqr,raw,0.5,300.0,0.8216666666666667,1811.3433799103718,15.50507526199365,,0.0009992122650146484
0.1,3,100,22,CQHR,Gaussian,cqr,native,0.5,300.0,0.855,58965.07289791749,28.47752735369384,9.565217493779368,0.0010416507720947266
0.1,3,100,22,TSCP_R,Gaussian,cqr,shifted,0.5,300.0,0.9333333333333333,3904.9208821125585,20.387969716456453,,0.0009875297546386719
0.1,3,100,22,TSCP_GWC,Gaussian,cqr,shifted,0.5,300.0,0.9333333333333333,3904.9208821125585,20.387969716456453,,0.0
0.1,3,100,22,Unscaled,Gaussian,cqr,raw,0.5,300.0,0.94,4618.43085696522,17.079296664516576,,0.0
0.1,3,100,22,Empirical_copula,Gaussian,cqr,raw,0.5,300.0,0.8933333333333333,2831.5163103624723,18.65214824642711,,0.001003265380859375
0.1,3,100,23,CQHR,Gaussian,cqr,native,0.5,300.0,0.915,41790.63502182353,34.365735037962835,13.219926291410973,0.0
0.1,3,100,23,TSCP_R,Gaussian,cqr,shifted,0.5,300.0,0.97,6072.554379743273,20.60077653903459,,0.00099945068359375
0.1,3,100,23,TSCP_GWC,Gaussian,cqr,shifted,0.5,300.0,0.97,6072.554379743273,20.60077653903459,,0.0
0.1,3,100,23,Unscaled,Gaussian,cqr,raw,0.5,300.0,0.9733333333333334,6435.677798467209,18.8847352299002,,0.0009999275207519531
0.1,3,100,23,Empirical_copula,Gaussian,cqr,raw,0.5,300.0,0.965,5556.23913127191,20.00239842480429,,0.0
0.1,3,100,24,CQHR,Gaussian,cqr,native,0.5,300.0,0.825,198428.01100583625,28.41408076917869,8.703064917860278,0.0
0.1,3,100,24,TSCP_R,Gaussian,cqr,shifted,0.5,300.0,0.915,3087.396616087548,17.152242043041106,,0.0010006427764892578
0.1,3,100,24,TSCP_GWC,Gaussian,cqr,shifted,0.5,300.0,0.915,3087.396616087548,17.152242043041106,,0.0
0.1,3,100,24,Unscaled,Gaussian,cqr,raw,0.5,300.0,0.925,3933.548350595173,16.298446691047822,,0.0
0.1,3,100,24,Empirical_copula,Gaussian,cqr,raw,0.5,300.0,0.8983333333333333,2769.8410459100824,16.60673572987975,,0.0010008811950683594
0.1,3,100,25,CQHR,Gaussian,cqr,native,0.5,300.0,0.9433333333333334,128358.71186213757,47.8267321318133,16.777745496193877,0.0
0.1,3,100,25,TSCP_R,Gaussian,cqr,shifted,0.5,300.0,0.8883333333333333,2869.729947108368,17.184587907184834,,0.0009963512420654297
0.1,3,100,25,TSCP_GWC,Gaussian,cqr,shifted,0.5,300.0,0.8883333333333333,2869.729947108368,17.184587907184834,,0.0
0.1,3,100,25,Unscaled,Gaussian,cqr,raw,0.5,300.0,0.875,2738.8173791617146,14.144702145966011,,0.0
0.1,3,100,25,Empirical_copula,Gaussian,cqr,raw,0.5,300.0,0.87,2439.703427890487,15.513387617694015,,0.00099945068359375
0.1,3,100,26,CQHR,Gaussian,cqr,native,0.5,300.0,0.9483333333333334,843950.2764710016,70.09692326581371,22.98143834324592,0.0
0.1,3,100,26,TSCP_R,Gaussian,cqr,shifted,0.5,300.0,0.8866666666666667,2420.548471135501,16.347925260817117,,0.0010058879852294922
0.1,3,100,26,TSCP_GWC,Gaussian,cqr,shifted,0.5,300.0,0.8866666666666667,2420.548471135501,16.347925260817117,,0.0009877681732177734
0.1,3,100,26,Unscaled,Gaussian,cqr,raw,0.5,300.0,0.8683333333333333,2732.2399250174044,14.221290166769414,,0.0
0.1,3,100,26,Empirical_copula,Gaussian,cqr,raw,0.5,300.0,0.8566666666666667,2066.626285049543,15.981737761872228,,0.0009996891021728516
0.1,3,100,27,CQHR,Gaussian,cqr,native,0.5,300.0,0.89,622816.8744766932,40.46865093099656,12.256594617965648,0.0
0.1,3,100,27,TSCP_R,Gaussian,cqr,shifted,0.5,300.0,0.8766666666666667,2323.444054761199,14.306511772957167,,0.0010111331939697266
0.1,3,100,27,TSCP_GWC,Gaussian,cqr,shifted,0.5,300.0,0.8766666666666667,2323.444054761199,14.306511772957167,,0.0
0.1,3,100,27,Unscaled,Gaussian,cqr,raw,0.5,300.0,0.8716666666666667,2471.3595385009744,13.867164942561597,,0.0
0.1,3,100,27,Empirical_copula,Gaussian,cqr,raw,0.5,300.0,0.8516666666666667,2006.470816942957,14.09221855475546,,0.000997304916381836
0.1,3,100,28,CQHR,Gaussian,cqr,native,0.5,300.0,0.93,152417.39150070955,44.863390529596494,14.453045385326051,0.0009999275207519531
0.1,3,100,28,TSCP_R,Gaussian,cqr,shifted,0.5,300.0,0.895,2696.395011134245,17.95716054715587,,0.0010437965393066406
0.1,3,100,28,TSCP_GWC,Gaussian,cqr,shifted,0.5,300.0,0.895,2696.395011134245,17.95716054715587,,0.0
0.1,3,100,28,Unscaled,Gaussian,cqr,raw,0.5,300.0,0.88,3041.729441499114,14.73857606765889,,0.0
0.1,3,100,28,Empirical_copula,Gaussian,cqr,raw,0.5,300.0,0.8566666666666667,2262.447990160084,16.489675021364693,,0.0009572505950927734
0.1,3,100,29,CQHR,Gaussian,cqr,native,0.5,300.0,0.9066666666666666,662035.6973641701,41.373108234760664,11.313506776284122,0.0
0.1,3,100,29,TSCP_R,Gaussian,cqr,shifted,0.5,300.0,0.9,2747.751174961029,17.10573061564686,,0.0010008811950683594
0.1,3,100,29,TSCP_GWC,Gaussian,cqr,shifted,0.5,300.0,0.9,2747.751174961029,17.10573061564686,,0.0
0.1,3,100,29,Unscaled,Gaussian,cqr,raw,0.5,300.0,0.9283333333333333,4355.9510148433965,16.72499771280998,,0.0
0.1,3,100,29,Empirical_copula,Gaussian,cqr,raw,0.5,300.0,0.82,1919.7513175127342,17.5062308258468,,0.0010004043579101562
0.1,3,100,30,CQHR,Gaussian,cqr,native,0.5,300.0,0.87,16845.506498223793,26.52097024879043,9.996217451309256,0.0
0.1,3,100,30,TSCP_R,Gaussian,cqr,shifted,0.5,300.0,0.9583333333333334,4462.881138240064,17.968063097230303,,0.0009999275207519531
0.1,3,100,30,TSCP_GWC,Gaussian,cqr,shifted,0.5,300.0,0.9583333333333334,4462.881138240064,17.968063097230303,,0.0
0.1,3,100,30,Unscaled,Gaussian,cqr,raw,0.5,300.0,0.9583333333333334,4888.180305996813,17.391303677041723,,0.0
0.1,3,100,30,Empirical_copula,Gaussian,cqr,raw,0.5,300.0,0.8866666666666667,2994.3149343736295,17.097857419094986,,0.0009996891021728516
0.1,3,100,31,CQHR,Gaussian,cqr,native,0.5,300.0,0.91,460449.7688779339,45.65442656095165,12.437389314376038,0.0
0.1,3,100,31,TSCP_R,Gaussian,cqr,shifted,0.5,300.0,0.875,2690.657275054953,15.66864157110305,,0.0009989738464355469
0.1,3,100,31,TSCP_GWC,Gaussian,cqr,shifted,0.5,300.0,0.875,2690.657275054953,15.66864157110305,,0.0
0.1,3,100,31,Unscaled,Gaussian,cqr,raw,0.5,300.0,0.8766666666666667,3063.036114058357,14.757690105045087,,0.0
0.1,3,100,31,Empirical_copula,Gaussian,cqr,raw,0.5,300.0,0.88,2613.9280980589288,15.732426756204203,,0.0010006427764892578
0.1,3,100,32,CQHR,Gaussian,cqr,native,0.5,300.0,0.9216666666666666,100523.17332270627,38.63783492334193,13.632513769650412,0.0
0.1,3,100,32,TSCP_R,Gaussian,cqr,shifted,0.5,300.0,0.885,2870.902522572736,16.321211790971336,,0.0009996891021728516
0.1,3,100,32,TSCP_GWC,Gaussian,cqr,shifted,0.5,300.0,0.885,2870.902522572736,16.321211790971336,,0.00099945068359375
0.1,3,100,32,Unscaled,Gaussian,cqr,raw,0.5,300.0,0.8966666666666666,3520.7668468878924,15.513321635461953,,0.0
0.1,3,100,32,Empirical_copula,Gaussian,cqr,raw,0.5,300.0,0.8766666666666667,2596.8491816040273,16.558475792600174,,0.0
0.1,3,100,33,CQHR,Gaussian,cqr,native,0.5,300.0,0.8533333333333334,37656.41664455889,26.158223758085622,9.024900679658582,0.0
0.1,3,100,33,TSCP_R,Gaussian,cqr,shifted,0.5,300.0,0.935,3844.265580833781,17.725246097857266,,0.000988006591796875
0.1,3,100,33,TSCP_GWC,Gaussian,cqr,shifted,0.5,300.0,0.935,3844.265580833781,17.725246097857266,,0.0
0.1,3,100,33,Unscaled,Gaussian,cqr,raw,0.5,300.0,0.92,4009.883019697043,16.373492819328163,,0.0
0.1,3,100,33,Empirical_copula,Gaussian,cqr,raw,0.5,300.0,0.9183333333333333,3607.457075752139,17.28879162255366,,0.0012123584747314453
0.1,3,100,34,CQHR,Gaussian,cqr,native,0.5,300.0,0.9216666666666666,75987.43982681222,40.059767655854685,14.962898882385476,0.0010008811950683594
0.1,3,100,34,TSCP_R,Gaussian,cqr,shifted,0.5,300.0,0.9466666666666667,3499.990117695357,17.233244176998067,,0.0009989738464355469
0.1,3,100,34,TSCP_GWC,Gaussian,cqr,shifted,0.5,300.0,0.9466666666666667,3499.990117695357,17.233244176998067,,0.0
0.1,3,100,34,Unscaled,Gaussian,cqr,raw,0.5,300.0,0.935,3675.062598559038,15.944687803319637,,0.0
0.1,3,100,34,Empirical_copula,Gaussian,cqr,raw,0.5,300.0,0.9316666666666666,2852.9195461468926,16.658468153401405,,0.0009999275207519531
0.1,3,100,35,CQHR,Gaussian,cqr,native,0.5,300.0,0.9033333333333333,650260.8521898215,45.31112069479379,10.879878849068962,0.0
0.1,3,100,35,TSCP_R,Gaussian,cqr,shifted,0.5,300.0,0.92,3194.0925330359078,16.454112466893303,,0.001003265380859375
0.1,3,100,35,TSCP_GWC,Gaussian,cqr,shifted,0.5,300.0,0.92,3194.0925330359078,16.454112466893303,,0.0
0.1,3,100,35,Unscaled,Gaussian,cqr,raw,0.5,300.0,0.91,3370.4167693898917,15.307323874759083,,0.0009965896606445312
0.1,3,100,35,Empirical_copula,Gaussian,cqr,raw,0.5,300.0,0.8816666666666667,2912.3626205158434,14.919109026199475,,0.001020193099975586
0.1,3,100,36,CQHR,Gaussian,cqr,native,0.5,300.0,0.9016666666666666,25064.593735789735,27.762180473418326,10.405451269209372,0.0
0.1,3,100,36,TSCP_R,Gaussian,cqr,shifted,0.5,300.0,0.905,2861.9269148154085,15.874263996568413,,0.0009944438934326172
0.1,3,100,36,TSCP_GWC,Gaussian,cqr,shifted,0.5,300.0,0.905,2861.9269148154085,15.874263996568413,,0.0
0.1,3,100,36,Unscaled,Gaussian,cqr,raw,0.5,300.0,0.9066666666666666,3000.0855077893502,14.921042015891123,,0.0
0.1,3,100,36,Empirical_copula,Gaussian,cqr,raw,0.5,300.0,0.8916666666666667,2666.9996191501837,15.532140719134398,,0.0010058879852294922
0.1,3,100,37,CQHR,Gaussian,cqr,native,0.5,300.0,0.9183333333333333,571897.6188261929,45.754191875264745,12.434827445576524,0.0
0.1,3,100,37,TSCP_R,Gaussian,cqr,shifted,0.5,300.0,0.88,2345.0205797590547,15.655727760045217,,0.0010061264038085938
0.1,3,100,37,TSCP_GWC,Gaussian,cqr,shifted,0.5,300.0,0.88,2345.0205797590547,15.655727760045217,,0.0
0.1,3,100,37,Unscaled,Gaussian,cqr,raw,0.5,300.0,0.92,3351.03963463676,15.36020470107378,,0.0
0.1,3,100,37,Empirical_copula,Gaussian,cqr,raw,0.5,300.0,0.8733333333333333,2204.139615093772,15.360204700986424,,0.0009970664978027344
0.1,3,100,38,CQHR,Gaussian,cqr,native,0.5,300.0,0.9333333333333333,854561.8284922512,56.55619238229773,15.332011283625361,0.0
0.1,3,100,38,TSCP_R,Gaussian,cqr,shifted,0.5,300.0,0.9166666666666666,3262.5042714044275,16.81368761958175,,0.0010001659393310547
0.1,3,100,38,TSCP_GWC,Gaussian,cqr,shifted,0.5,300.0,0.9166666666666666,3262.5042714044275,16.81368761958175,,0.0
0.1,3,100,38,Unscaled,Gaussian,cqr,raw,0.5,300.0,0.89,3171.9820398307365,14.852287195786154,,0.0
0.1,3,100,38,Empirical_copula,Gaussian,cqr,raw,0.5,300.0,0.8983333333333333,3079.7956789079617,16.038526042266785,,0.00099945068359375
0.1,3,100,39,CQHR,Gaussian,cqr,native,0.5,300.0,0.8866666666666667,32036.50931058218,29.28403510949572,9.128502092652125,0.0
0.1,3,100,39,TSCP_R,Gaussian,cqr,shifted,0.5,300.0,0.885,2646.678231000273,16.27480777819894,,0.0010073184967041016
0.1,3,100,39,TSCP_GWC,Gaussian,cqr,shifted,0.5,300.0,0.885,2646.678231000273,16.27480777819894,,0.0
0.1,3,100,39,Unscaled,Gaussian,cqr,raw,0.5,300.0,0.9033333333333333,3313.574242736996,15.21557558173874,,0.0
0.1,3,100,39,Empirical_copula,Gaussian,cqr,raw,0.5,300.0,0.8666666666666667,2325.8006866122464,15.2971343697032,,0.0010013580322265625
0.1,3,100,40,CQHR,Gaussian,cqr,native,0.5,300.0,0.9116666666666666,147491.77264699622,38.65818881762251,12.982165651777033,0.0
0.1,3,100,40,TSCP_R,Gaussian,cqr,shifted,0.5,300.0,0.8866666666666667,2839.90020531778,17.27830381351241,,0.0010082721710205078
0.1,3,100,40,TSCP_GWC,Gaussian,cqr,shifted,0.5,300.0,0.8866666666666667,2839.90020531778,17.27830381351241,,0.0
0.1,3,100,40,Unscaled,Gaussian,cqr,raw,0.5,300.0,0.9,3277.10227779034,15.184542684114916,,0.0
0.1,3,100,40,Empirical_copula,Gaussian,cqr,raw,0.5,300.0,0.8583333333333333,2238.1510996287134,15.02869938484701,,0.0009987354278564453
0.1,3,100,41,CQHR,Gaussian,cqr,native,0.5,300.0,0.9116666666666666,316724.5833061234,48.13649646849456,15.661052379995706,0.0
0.1,3,100,41,TSCP_R,Gaussian,cqr,shifted,0.5,300.0,0.9033333333333333,2685.9066942448294,15.90145994895679,,0.0010001659393310547
0.1,3,100,41,TSCP_GWC,Gaussian,cqr,shifted,0.5,300.0,0.9033333333333333,2685.9066942448294,15.90145994895679,,0.0
0.1,3,100,41,Unscaled,Gaussian,cqr,raw,0.5,300.0,0.9083333333333333,3426.442559723043,15.506457128981507,,0.0
0.1,3,100,41,Empirical_copula,Gaussian,cqr,raw,0.5,300.0,0.88,2184.0742505993276,15.577758743984557,,0.0019936561584472656
0.1,3,100,42,CQHR,Gaussian,cqr,native,0.5,300.0,0.8733333333333333,39064.06745724519,31.71170485212997,9.807888353070258,0.0
0.1,3,100,42,TSCP_R,Gaussian,cqr,shifted,0.5,300.0,0.8583333333333333,2341.38784973945,15.992122607677997,,0.001007080078125
0.1,3,100,42,TSCP_GWC,Gaussian,cqr,shifted,0.5,300.0,0.8583333333333333,2341.38784973945,15.992122607677997,,0.0
0.1,3,100,42,Unscaled,Gaussian,cqr,raw,0.5,300.0,0.8633333333333333,2992.894337852332,14.77854372359161,,0.0
0.1,3,100,42,Empirical_copula,Gaussian,cqr,raw,0.5,300.0,0.8316666666666667,2115.50096509569,14.92427399855798,,0.0009999275207519531
0.1,3,100,43,CQHR,Gaussian,cqr,native,0.5,300.0,0.8616666666666667,16199.319466948407,24.754297174345343,8.494891326253638,0.0
0.1,3,100,43,TSCP_R,Gaussian,cqr,shifted,0.5,300.0,0.905,2718.276159831915,17.333156289117454,,0.0010006427764892578
0.1,3,100,43,TSCP_GWC,Gaussian,cqr,shifted,0.5,300.0,0.905,2718.276159831915,17.333156289117454,,0.0009999275207519531
0.1,3,100,43,Unscaled,Gaussian,cqr,raw,0.5,300.0,0.925,3560.6269883767445,15.599228574476298,,0.0
0.1,3,100,43,Empirical_copula,Gaussian,cqr,raw,0.5,300.0,0.905,2695.568850746093,17.97861607308111,,0.0010004043579101562
0.1,3,100,44,CQHR,Gaussian,cqr,native,0.5,300.0,0.9483333333333334,267657.29537157767,64.46411714832172,26.745793169362592,0.0
0.1,3,100,44,TSCP_R,Gaussian,cqr,shifted,0.5,300.0,0.905,2571.129357149417,15.28271698947372,,0.001001119613647461
0.1,3,100,44,TSCP_GWC,Gaussian,cqr,shifted,0.5,300.0,0.905,2571.129357149417,15.28271698947372,,0.0
0.1,3,100,44,Unscaled,Gaussian,cqr,raw,0.5,300.0,0.9066666666666666,2644.8568800944504,14.187320188533143,,0.0
0.1,3,100,44,Empirical_copula,Gaussian,cqr,raw,0.5,300.0,0.8766666666666667,1990.256406141702,14.499363826929105,,0.0010077953338623047
0.1,3,100,45,CQHR,Gaussian,cqr,native,0.5,300.0,0.8983333333333333,55739.58885248743,35.826618725793296,12.523855881886359,0.0
0.1,3,100,45,TSCP_R,Gaussian,cqr,shifted,0.5,300.0,0.745,1642.1914402320888,13.385159768598882,,0.0009989738464355469
0.1,3,100,45,TSCP_GWC,Gaussian,cqr,shifted,0.5,300.0,0.745,1642.1914402320888,13.385159768598882,,0.0
0.1,3,100,45,Unscaled,Gaussian,cqr,raw,0.5,300.0,0.7716666666666666,2022.5375431148661,12.785862845626676,,0.0
0.1,3,100,45,Empirical_copula,Gaussian,cqr,raw,0.5,300.0,0.7166666666666667,1456.282170144096,12.798628712673715,,0.0009946823120117188
0.1,3,100,46,CQHR,Gaussian,cqr,native,0.5,300.0,0.89,91885.65843080157,31.153143404100575,9.752018012869483,0.0
0.1,3,100,46,TSCP_R,Gaussian,cqr,shifted,0.5,300.0,0.885,2543.488109858893,17.388823615466013,,0.0009999275207519531
0.1,3,100,46,TSCP_GWC,Gaussian,cqr,shifted,0.5,300.0,0.885,2543.488109858893,17.388823615466013,,0.0009944438934326172
0.1,3,100,46,Unscaled,Gaussian,cqr,raw,0.5,300.0,0.9,3576.857783131744,15.636387360555478,,0.0
0.1,3,100,46,Empirical_copula,Gaussian,cqr,raw,0.5,300.0,0.8583333333333333,2094.2667955594206,17.425048357458117,,0.0010077953338623047
0.1,3,100,47,CQHR,Gaussian,cqr,native,0.5,300.0,0.8533333333333334,19663.878278692486,24.349123848414774,6.921652129175641,0.0
0.1,3,100,47,TSCP_R,Gaussian,cqr,shifted,0.5,300.0,0.93,2906.931152580027,18.319082068791882,,0.001001596450805664
0.1,3,100,47,TSCP_GWC,Gaussian,cqr,shifted,0.5,300.0,0.93,2906.931152580027,18.319082068791882,,0.0
0.1,3,100,47,Unscaled,Gaussian,cqr,raw,0.5,300.0,0.89,2691.0368352699784,14.121076152218015,,0.0
0.1,3,100,47,Empirical_copula,Gaussian,cqr,raw,0.5,300.0,0.925,2580.096863950226,18.34749649070523,,0.0009982585906982422
0.1,3,100,48,CQHR,Gaussian,cqr,native,0.5,300.0,0.8916666666666667,104932.81294698085,33.7359004787247,11.256980531414392,0.0
0.1,3,100,48,TSCP_R,Gaussian,cqr,shifted,0.5,300.0,0.9016666666666666,3494.3522784183665,17.271412605301304,,0.0009930133819580078
0.1,3,100,48,TSCP_GWC,Gaussian,cqr,shifted,0.5,300.0,0.9016666666666666,3494.3522784183665,17.271412605301304,,0.0
0.1,3,100,48,Unscaled,Gaussian,cqr,raw,0.5,300.0,0.9016666666666666,4177.462651602783,16.42705390713223,,0.0
0.1,3,100,48,Empirical_copula,Gaussian,cqr,raw,0.5,300.0,0.8616666666666667,2736.3664768680437,17.832397085450694,,0.0010073184967041016
0.1,3,100,49,CQHR,Gaussian,cqr,native,0.5,300.0,0.9233333333333333,3022981.5671493006,63.533432437572486,14.221149233037874,0.0
0.1,3,100,49,TSCP_R,Gaussian,cqr,shifted,0.5,300.0,0.85,2082.1845560211705,14.6329943172723,,0.0010063648223876953
0.1,3,100,49,TSCP_GWC,Gaussian,cqr,shifted,0.5,300.0,0.85,2082.1845560211705,14.6329943172723,,0.0009615421295166016
0.1,3,100,49,Unscaled,Gaussian,cqr,raw,0.5,300.0,0.8716666666666667,2620.890580367622,14.08518584731581,,0.0
0.1,3,100,49,Empirical_copula,Gaussian,cqr,raw,0.5,300.0,0.835,1974.9808434699958,14.68048152615204,,0.001074075698852539
0.1,3,100,50,CQHR,Gaussian,cqr,native,0.5,300.0,0.9133333333333333,72735.38511421303,36.52421377936596,12.685516535990043,0.0
0.1,3,100,50,TSCP_R,Gaussian,cqr,shifted,0.5,300.0,0.9316666666666666,3527.9996917475505,20.150938972361352,,0.0009992122650146484
0.1,3,100,50,TSCP_GWC,Gaussian,cqr,shifted,0.5,300.0,0.9316666666666666,3527.9996917475505,20.150938972361352,,0.0
0.1,3,100,50,Unscaled,Gaussian,cqr,raw,0.5,300.0,0.9333333333333333,4322.165160315765,16.58568367976569,,0.0
0.1,3,100,50,Empirical_copula,Gaussian,cqr,raw,0.5,300.0,0.9166666666666666,3245.449651424045,20.15552961672537,,0.0010020732879638672
0.1,3,100,51,CQHR,Gaussian,cqr,native,0.5,300.0,0.8683333333333333,31549.68099654024,28.149097556132485,9.262482879737984,0.0
0.1,3,100,51,TSCP_R,Gaussian,cqr,shifted,0.5,300.0,0.8666666666666667,2663.5443214334546,16.095287428100963,,0.0009951591491699219
0.1,3,100,51,TSCP_GWC,Gaussian,cqr,shifted,0.5,300.0,0.8666666666666667,2663.5443214334546,16.095287428100963,,0.0
0.1,3,100,51,Unscaled,Gaussian,cqr,raw,0.5,300.0,0.8733333333333333,3020.823241630414,14.678988868858617,,0.0
0.1,3,100,51,Empirical_copula,Gaussian,cqr,raw,0.5,300.0,0.8566666666666667,2387.329708975191,15.06590444107803,,0.0009996891021728516
0.1,3,100,52,CQHR,Gaussian,cqr,native,0.5,300.0,0.9283333333333333,168568.7222439768,50.27863446272487,15.57046434031175,0.0
0.1,3,100,52,TSCP_R,Gaussian,cqr,shifted,0.5,300.0,0.9366666666666666,4420.439895427166,19.019517033972004,,0.0009987354278564453
0.1,3,100,52,TSCP_GWC,Gaussian,cqr,shifted,0.5,300.0,0.9366666666666666,4420.439895427166,19.019517033972004,,0.0
0.1,3,100,52,Unscaled,Gaussian,cqr,raw,0.5,300.0,0.88,3158.7268963338024,14.900812558622947,,0.0
0.1,3,100,52,Empirical_copula,Gaussian,cqr,raw,0.5,300.0,0.8516666666666667,2416.7870309073496,16.12257990023546,,0.0010159015655517578
0.1,3,100,53,CQHR,Gaussian,cqr,native,0.5,300.0,0.8883333333333333,41485.31904041473,32.32073066000339,10.46761305787979,0.0
0.1,3,100,53,TSCP_R,Gaussian,cqr,shifted,0.5,300.0,0.93,3629.027273319983,17.76004041393349,,0.0010008811950683594
0.1,3,100,53,TSCP_GWC,Gaussian,cqr,shifted,0.5,300.0,0.93,3629.027273319983,17.76004041393349,,0.0
0.1,3,100,53,Unscaled,Gaussian,cqr,raw,0.5,300.0,0.93,4446.948672450433,16.9136303515117,,0.0
0.1,3,100,53,Empirical_copula,Gaussian,cqr,raw,0.5,300.0,0.9083333333333333,2954.5326383415936,17.818468381799708,,0.0010004043579101562
0.1,3,100,54,CQHR,Gaussian,cqr,native,0.5,300.0,0.8883333333333333,669061.3333335737,37.04270691240404,9.864750637827925,0.0
0.1,3,100,54,TSCP_R,Gaussian,cqr,shifted,0.5,300.0,0.9233333333333333,3125.0932991579693,15.868676237418356,,0.0
0.1,3,100,54,TSCP_GWC,Gaussian,cqr,shifted,0.5,300.0,0.9233333333333333,3125.0932991579693,15.868676237418356,,0.0
0.1,3,100,54,Unscaled,Gaussian,cqr,raw,0.5,300.0,0.89,2785.598271071329,14.332883851371285,,0.0
0.1,3,100,54,Empirical_copula,Gaussian,cqr,raw,0.5,300.0,0.91,3005.883300649349,17.252884738155274,,0.0010020732879638672
0.1,3,100,55,CQHR,Gaussian,cqr,native,0.5,300.0,0.9166666666666666,68374.14830859195,39.76151463711166,13.645374313235807,0.0
0.1,3,100,55,TSCP_R,Gaussian,cqr,shifted,0.5,300.0,0.915,3502.136841811027,17.28349546170038,,0.0010089874267578125
0.1,3,100,55,TSCP_GWC,Gaussian,cqr,shifted,0.5,300.0,0.915,3502.136841811027,17.28349546170038,,0.0009975433349609375
0.1,3,100,55,Unscaled,Gaussian,cqr,raw,0.5,300.0,0.8566666666666667,2542.3941872337505,13.829632594987386,,0.0
0.1,3,100,55,Empirical_copula,Gaussian,cqr,raw,0.5,300.0,0.845,2354.9710130773547,13.741459048328771,,0.0
0.1,3,100,56,CQHR,Gaussian,cqr,native,0.5,300.0,0.8566666666666667,51528.146606443996,28.84162555149832,9.363591674805791,0.0
0.1,3,100,56,TSCP_R,Gaussian,cqr,shifted,0.5,300.0,0.9066666666666666,2915.878657921516,16.072837031955142,,0.001001596450805664
0.1,3,100,56,TSCP_GWC,Gaussian,cqr,shifted,0.5,300.0,0.9066666666666666,2915.878657921516,16.072837031955142,,0.0
0.1,3,100,56,Unscaled,Gaussian,cqr,raw,0.5,300.0,0.87,2861.6586404825653,14.566107840489597,,0.0
0.1,3,100,56,Empirical_copula,Gaussian,cqr,raw,0.5,300.0,0.8966666666666666,2612.2305407086324,16.051955711952544,,0.0010001659393310547
0.1,3,100,57,CQHR,Gaussian,cqr,native,0.5,300.0,0.9266666666666666,168792.1006784759,39.693399790579754,12.649153622878286,0.0
0.1,3,100,57,TSCP_R,Gaussian,cqr,shifted,0.5,300.0,0.925,3170.654241251527,17.043152120689587,,0.0010001659393310547
0.1,3,100,57,TSCP_GWC,Gaussian,cqr,shifted,0.5,300.0,0.925,3170.654241251527,17.043152120689587,,0.0
0.1,3,100,57,Unscaled,Gaussian,cqr,raw,0.5,300.0,0.9166666666666666,3543.84496966823,15.57912571064065,,0.0
0.1,3,100,57,Empirical_copula,Gaussian,cqr,raw,0.5,300.0,0.9183333333333333,3037.001239441689,17.35608425330272,,0.0
0.1,3,100,58,CQHR,Gaussian,cqr,native,0.5,300.0,0.9316666666666666,118836.04291092545,48.3953785679688,19.372931323555008,0.0009999275207519531
0.1,3,100,58,TSCP_R,Gaussian,cqr,shifted,0.5,300.0,0.8683333333333333,2128.6317183370134,16.422915982086998,,0.0009999275207519531
0.1,3,100,58,TSCP_GWC,Gaussian,cqr,shifted,0.5,300.0,0.8683333333333333,2128.6317183370134,16.422915982086998,,0.0
0.1,3,100,58,Unscaled,Gaussian,cqr,raw,0.5,300.0,0.9066666666666666,3011.212954827254,14.806366716360262,,0.0
0.1,3,100,58,Empirical_copula,Gaussian,cqr,raw,0.5,300.0,0.8516666666666667,1980.0559183023947,16.37412566211347,,0.0010001659393310547
0.1,3,100,59,CQHR,Gaussian,cqr,native,0.5,300.0,0.92,78380.02448381427,40.63736153292306,13.467854044186808,0.0
0.1,3,100,59,TSCP_R,Gaussian,cqr,shifted,0.5,300.0,0.905,2764.2953287650453,15.070198868605473,,0.0010008811950683594
0.1,3,100,59,TSCP_GWC,Gaussian,cqr,shifted,0.5,300.0,0.905,2764.2953287650453,15.070198868605473,,0.0
0.1,3,100,59,Unscaled,Gaussian,cqr,raw,0.5,300.0,0.8916666666666667,2594.011180693633,14.083400746237915,,0.0
0.1,3,100,59,Empirical_copula,Gaussian,cqr,raw,0.5,300.0,0.905,2809.393890961862,15.789794371948695,,0.0010077953338623047
0.1,3,100,60,CQHR,Gaussian,cqr,native,0.5,300.0,0.9433333333333334,7747993.328014614,74.98037650068481,19.36529048443825,0.0
0.1,3,100,60,TSCP_R,Gaussian,cqr,shifted,0.5,300.0,0.9083333333333333,3217.662254944288,16.466911476219916,,0.0009953975677490234
0.1,3,100,60,TSCP_GWC,Gaussian,cqr,shifted,0.5,300.0,0.9083333333333333,3217.662254944288,16.466911476219916,,0.0
0.1,3,100,60,Unscaled,Gaussian,cqr,raw,0.5,300.0,0.8983333333333333,3157.6802466214617,14.880613918236104,,0.00099945068359375
0.1,3,100,60,Empirical_copula,Gaussian,cqr,raw,0.5,300.0,0.8733333333333333,2282.9204310557147,15.568416256107112,,0.0
0.1,3,100,61,CQHR,Gaussian,cqr,native,0.5,300.0,0.9083333333333333,35683.192036627384,34.61843742090124,12.385386926241837,0.0
0.1,3,100,61,TSCP_R,Gaussian,cqr,shifted,0.5,300.0,0.87,2633.325627038812,14.864834516954192,,0.0010094642639160156
0.1,3,100,61,TSCP_GWC,Gaussian,cqr,shifted,0.5,300.0,0.87,2633.325627038812,14.864834516954192,,0.0
0.1,3,100,61,Unscaled,Gaussian,cqr,raw,0.5,300.0,0.8833333333333333,2964.2421114657377,14.591613229194696,,0.0
0.1,3,100,61,Empirical_copula,Gaussian,cqr,raw,0.5,300.0,0.8466666666666667,2173.9138829338303,15.464817794739213,,0.0009968280792236328
0.1,3,100,62,CQHR,Gaussian,cqr,native,0.5,300.0,0.9016666666666666,63557.39651447007,34.09076698379951,9.083063573621466,0.0
0.1,3,100,62,TSCP_R,Gaussian,cqr,shifted,0.5,300.0,0.9116666666666666,2843.595819337968,16.01137439218762,,0.0020012855529785156
0.1,3,100,62,TSCP_GWC,Gaussian,cqr,shifted,0.5,300.0,0.9116666666666666,2843.595819337968,16.01137439218762,,0.0
0.1,3,100,62,Unscaled,Gaussian,cqr,raw,0.5,300.0,0.8983333333333333,2894.874330568685,14.545053900219306,,0.0
0.1,3,100,62,Empirical_copula,Gaussian,cqr,raw,0.5,300.0,0.8983333333333333,2734.5558780282645,15.726357686242096,,0.0
0.1,3,100,63,CQHR,Gaussian,cqr,native,0.5,300.0,0.925,1109152.1245796229,50.29841875649747,16.42198824415867,0.0
0.1,3,100,63,TSCP_R,Gaussian,cqr,shifted,0.5,300.0,0.8733333333333333,2378.0090508005787,15.088749317778092,,0.0009942054748535156
0.1,3,100,63,TSCP_GWC,Gaussian,cqr,shifted,0.5,300.0,0.8733333333333333,2378.0090508005787,15.088749317778092,,0.0010132789611816406
0.1,3,100,63,Unscaled,Gaussian,cqr,raw,0.5,300.0,0.8566666666666667,2711.476711579023,14.189674745989754,,0.0
0.1,3,100,63,Empirical_copula,Gaussian,cqr,raw,0.5,300.0,0.8616666666666667,2243.3920610650607,15.23776789811378,,0.0009877681732177734
0.1,3,100,64,CQHR,Gaussian,cqr,native,0.5,300.0,0.8983333333333333,300167.66415107687,38.08917378525044,11.270335692652381,0.0
0.1,3,100,64,TSCP_R,Gaussian,cqr,shifted,0.5,300.0,0.9266666666666666,3621.5403856457956,17.948949472586182,,0.0009982585906982422
0.1,3,100,64,TSCP_GWC,Gaussian,cqr,shifted,0.5,300.0,0.9266666666666666,3621.5403856457956,17.948949472586182,,0.0009999275207519531
0.1,3,100,64,Unscaled,Gaussian,cqr,raw,0.5,300.0,0.9216666666666666,4171.542854697824,16.34711820269423,,0.0
0.1,3,100,64,Empirical_copula,Gaussian,cqr,raw,0.5,300.0,0.9283333333333333,3775.4519698264153,18.647718362427575,,0.0010058879852294922
0.1,3,100,65,CQHR,Gaussian,cqr,native,0.5,300.0,0.8983333333333333,489627.26308268664,54.709354243211735,12.526006037600991,0.0009992122650146484
0.1,3,100,65,TSCP_R,Gaussian,cqr,shifted,0.5,300.0,0.9066666666666666,2973.826262297046,16.959920696660365,,0.001001119613647461
0.1,3,100,65,TSCP_GWC,Gaussian,cqr,shifted,0.5,300.0,0.9066666666666666,2973.826262297046,16.959920696660365,,0.0
0.1,3,100,65,Unscaled,Gaussian,cqr,raw,0.5,300.0,0.9116666666666666,3583.862148420336,15.665909858246348,,0.0
0.1,3,100,65,Empirical_copula,Gaussian,cqr,raw,0.5,300.0,0.8766666666666667,2649.0241348599593,17.233908745577217,,0.0009999275207519531
0.1,3,100,66,CQHR,Gaussian,cqr,native,0.5,300.0,0.9033333333333333,55532.846196170125,35.27262616449297,10.940889339867255,0.0
0.1,3,100,66,TSCP_R,Gaussian,cqr,shifted,0.5,300.0,0.8933333333333333,2973.931797108731,17.91859822366754,,0.0009996891021728516
0.1,3,100,66,TSCP_GWC,Gaussian,cqr,shifted,0.5,300.0,0.8933333333333333,2973.931797108731,17.91859822366754,,0.0
0.1,3,100,66,Unscaled,Gaussian,cqr,raw,0.5,300.0,0.9033333333333333,3675.346168939662,15.750014303806893,,0.0
0.1,3,100,66,Empirical_copula,Gaussian,cqr,raw,0.5,300.0,0.8233333333333334,2045.590386595157,15.492381719749291,,0.0
0.1,3,100,67,CQHR,Gaussian,cqr,native,0.5,300.0,0.8583333333333333,123841.11832890307,29.539733430506736,8.424408183444868,0.0
0.1,3,100,67,TSCP_R,Gaussian,cqr,shifted,0.5,300.0,0.9216666666666666,3059.989727563917,17.072717103021937,,0.0
0.1,3,100,67,TSCP_GWC,Gaussian,cqr,shifted,0.5,300.0,0.9216666666666666,3059.989727563917,17.072717103021937,,0.0
0.1,3,100,67,Unscaled,Gaussian,cqr,raw,0.5,300.0,0.92,3783.46678270773,15.897619468096021,,0.0
0.1,3,100,67,Empirical_copula,Gaussian,cqr,raw,0.5,300.0,0.9133333333333333,2667.6755641348273,16.72108767000782,,0.0009996891021728516
0.1,3,100,68,CQHR,Gaussian,cqr,native,0.5,300.0,0.9066666666666666,70452.41842817949,34.87494847406641,10.469160797501635,0.0
0.1,3,100,68,TSCP_R,Gaussian,cqr,shifted,0.5,300.0,0.8716666666666667,2427.8072007134683,14.882103299038127,,0.0010123252868652344
0.1,3,100,68,TSCP_GWC,Gaussian,cqr,shifted,0.5,300.0,0.8716666666666667,2427.8072007134683,14.882103299038127,,0.0
0.1,3,100,68,Unscaled,Gaussian,cqr,raw,0.5,300.0,0.8633333333333333,2567.3717934952583,13.906538983828398,,0.0
0.1,3,100,68,Empirical_copula,Gaussian,cqr,raw,0.5,300.0,0.8483333333333334,2073.2741695956643,14.179957578611292,,0.0
0.1,3,100,69,CQHR,Gaussian,cqr,native,0.5,300.0,0.8933333333333333,31054.414392473995,29.903244389153357,10.393533071067955,0.0
0.1,3,100,69,TSCP_R,Gaussian,cqr,shifted,0.5,300.0,0.8466666666666667,2341.9631809947546,15.801549586732532,,0.001001596450805664
0.1,3,100,69,TSCP_GWC,Gaussian,cqr,shifted,0.5,300.0,0.8466666666666667,2341.9631809947546,15.801549586732532,,0.0
0.1,3,100,69,Unscaled,Gaussian,cqr,raw,0.5,300.0,0.8666666666666667,2552.881702008104,14.046156102562108,,0.0
0.1,3,100,69,Empirical_copula,Gaussian,cqr,raw,0.5,300.0,0.8233333333333334,2016.4991101276983,14.77123522693491,,0.0009989738464355469
0.1,3,100,70,CQHR,Gaussian,cqr,native,0.5,300.0,0.9133333333333333,92871.21539492173,42.23485542311762,13.940903157997688,0.0
0.1,3,100,70,TSCP_R,Gaussian,cqr,shifted,0.5,300.0,0.915,3168.693414745635,17.006604457130575,,0.0009996891021728516
0.1,3,100,70,TSCP_GWC,Gaussian,cqr,shifted,0.5,300.0,0.915,3168.693414745635,17.006604457130575,,0.0
0.1,3,100,70,Unscaled,Gaussian,cqr,raw,0.5,300.0,0.88,2811.061210921815,14.306403897454677,,0.0
0.1,3,100,70,Empirical_copula,Gaussian,cqr,raw,0.5,300.0,0.8816666666666667,2695.076193819245,16.26823023626886,,0.0010001659393310547
0.1,3,100,71,CQHR,Gaussian,cqr,native,0.5,300.0,0.9483333333333334,110385.93939403827,44.39772659493123,16.772559207046452,0.0
0.1,3,100,71,TSCP_R,Gaussian,cqr,shifted,0.5,300.0,0.8516666666666667,1825.2144003817334,14.438273331146041,,0.0010035037994384766
0.1,3,100,71,TSCP_GWC,Gaussian,cqr,shifted,0.5,300.0,0.8516666666666667,1825.2144003817334,14.438273331146041,,0.0
0.1,3,100,71,Unscaled,Gaussian,cqr,raw,0.5,300.0,0.8766666666666667,2508.5029383466635,13.877091705986,,0.0
0.1,3,100,71,Empirical_copula,Gaussian,cqr,raw,0.5,300.0,0.8366666666666667,1790.6220746212628,15.130537598545216,,0.0
0.1,3,100,72,CQHR,Gaussian,cqr,native,0.5,300.0,0.9083333333333333,4633422.694322746,57.506097060299155,11.162276528191885,0.0
0.1,3,100,72,TSCP_R,Gaussian,cqr,shifted,0.5,300.0,0.9266666666666666,3671.3670467828215,16.28500635120646,,0.0010018348693847656
0.1,3,100,72,TSCP_GWC,Gaussian,cqr,shifted,0.5,300.0,0.9266666666666666,3671.3670467828215,16.28500635120646,,0.0
0.1,3,100,72,Unscaled,Gaussian,cqr,raw,0.5,300.0,0.9016666666666666,3127.399163484394,14.86845228678953,,0.0
0.1,3,100,72,Empirical_copula,Gaussian,cqr,raw,0.5,300.0,0.89,2768.077519416516,14.97225015021363,,0.0010001659393310547
0.1,3,100,73,CQHR,Gaussian,cqr,native,0.5,300.0,0.935,1029471.0049584311,56.65794065166984,16.231427376992407,0.0
0.1,3,100,73,TSCP_R,Gaussian,cqr,shifted,0.5,300.0,0.875,2229.224402400063,16.019252743535084,,0.0009996891021728516
0.1,3,100,73,TSCP_GWC,Gaussian,cqr,shifted,0.5,300.0,0.875,2229.224402400063,16.019252743535084,,0.0
0.1,3,100,73,Unscaled,Gaussian,cqr,raw,0.5,300.0,0.9183333333333333,3252.2223217317805,15.228568744238514,,0.0
0.1,3,100,73,Empirical_copula,Gaussian,cqr,raw,0.5,300.0,0.8733333333333333,2166.8407391917194,15.59188121788291,,0.0009984970092773438
0.1,3,100,74,CQHR,Gaussian,cqr,native,0.5,300.0,0.9216666666666666,181686.8346533309,51.28509032688286,17.93610175081585,0.0
0.1,3,100,74,TSCP_R,Gaussian,cqr,shifted,0.5,300.0,0.8316666666666667,2039.3595175356174,13.786493645694518,,0.0009932518005371094
0.1,3,100,74,TSCP_GWC,Gaussian,cqr,shifted,0.5,300.0,0.8316666666666667,2039.3595175356174,13.786493645694518,,0.0
0.1,3,100,74,Unscaled,Gaussian,cqr,raw,0.5,300.0,0.8316666666666667,2272.776432194153,13.532259597540708,,0.0
0.1,3,100,74,Empirical_copula,Gaussian,cqr,raw,0.5,300.0,0.8066666666666666,1796.8931890634929,13.532259597521886,,0.0010116100311279297
0.1,3,100,75,CQHR,Gaussian,cqr,native,0.5,300.0,0.8533333333333334,20453.641402814224,28.12954481284705,7.671122972977444,0.0
0.1,3,100,75,TSCP_R,Gaussian,cqr,shifted,0.5,300.0,0.82,1840.1968890749108,14.332077310027303,,0.0010023117065429688
0.1,3,100,75,TSCP_GWC,Gaussian,cqr,shifted,0.5,300.0,0.82,1840.1968890749108,14.332077310027303,,0.0
0.1,3,100,75,Unscaled,Gaussian,cqr,raw,0.5,300.0,0.8466666666666667,2331.4678041897987,13.474439060336845,,0.0
0.1,3,100,75,Empirical_copula,Gaussian,cqr,raw,0.5,300.0,0.8083333333333333,1683.053233011926,15.030783313444957,,0.0009996891021728516
0.1,3,100,76,CQHR,Gaussian,cqr,native,0.5,300.0,0.9033333333333333,56946.31402573886,34.84965992008018,10.955030302453046,0.0
0.1,3,100,76,TSCP_R,Gaussian,cqr,shifted,0.5,300.0,0.9183333333333333,2713.8440702973517,16.846903582976722,,0.0009930133819580078
0.1,3,100,76,TSCP_GWC,Gaussian,cqr,shifted,0.5,300.0,0.9183333333333333,2713.8440702973517,16.846903582976722,,0.0
0.1,3,100,76,Unscaled,Gaussian,cqr,raw,0.5,300.0,0.8883333333333333,2599.4168806513276,14.036918467268869,,0.0
0.1,3,100,76,Empirical_copula,Gaussian,cqr,raw,0.5,300.0,0.8916666666666667,2273.562093424769,16.851300181337585,,0.0
0.1,3,100,77,CQHR,Gaussian,cqr,native,0.5,300.0,0.9083333333333333,38905.897326479295,30.087253495063766,9.544756391554778,0.0
0.1,3,100,77,TSCP_R,Gaussian,cqr,shifted,0.5,300.0,0.9266666666666666,3708.1813462036994,17.728638086550195,,0.0009996891021728516
0.1,3,100,77,TSCP_GWC,Gaussian,cqr,shifted,0.5,300.0,0.9266666666666666,3708.1813462036994,17.728638086550195,,0.0009999275207519531
0.1,3,100,77,Unscaled,Gaussian,cqr,raw,0.5,300.0,0.9166666666666666,4110.733996645231,16.21636897085017,,0.0
0.1,3,100,77,Empirical_copula,Gaussian,cqr,raw,0.5,300.0,0.8616666666666667,2525.3441906205157,16.48563289672091,,0.0009999275207519531
0.1,3,100,78,CQHR,Gaussian,cqr,native,0.5,300.0,0.905,2864208.615862355,58.7698597185996,11.25014477875484,0.0
0.1,3,100,78,TSCP_R,Gaussian,cqr,shifted,0.5,300.0,0.8866666666666667,2540.936036905331,15.543963250984737,,0.0010004043579101562
0.1,3,100,78,TSCP_GWC,Gaussian,cqr,shifted,0.5,300.0,0.8866666666666667,2540.936036905331,15.543963250984737,,0.0
0.1,3,100,78,Unscaled,Gaussian,cqr,raw,0.5,300.0,0.89,3059.686362268229,14.727488087603996,,0.0
0.1,3,100,78,Empirical_copula,Gaussian,cqr,raw,0.5,300.0,0.8633333333333333,2382.785577847874,16.115343012678405,,0.0009996891021728516
0.1,3,100,79,CQHR,Gaussian,cqr,native,0.5,300.0,0.9283333333333333,177209.72191073748,46.855941419442374,15.467111631342771,0.0
0.1,3,100,79,TSCP_R,Gaussian,cqr,shifted,0.5,300.0,0.94,3315.358695943255,17.843696257554846,,0.0010020732879638672
0.1,3,100,79,TSCP_GWC,Gaussian,cqr,shifted,0.5,300.0,0.94,3315.358695943255,17.843696257554846,,0.0
0.1,3,100,79,Unscaled,Gaussian,cqr,raw,0.5,300.0,0.9316666666666666,4037.868010418127,16.229159380025727,,0.0
0.1,3,100,79,Empirical_copula,Gaussian,cqr,raw,0.5,300.0,0.9083333333333333,2672.3436667781643,18.46235388025458,,0.0010018348693847656
0.1,3,100,80,CQHR,Gaussian,cqr,native,0.5,300.0,0.92,32997.962009745665,31.319013426279035,11.977847466644896,0.0
0.1,3,100,80,TSCP_R,Gaussian,cqr,shifted,0.5,300.0,0.9033333333333333,2650.946506904185,17.906349094593594,,0.0009946823120117188
0.1,3,100,80,TSCP_GWC,Gaussian,cqr,shifted,0.5,300.0,0.9033333333333333,2650.946506904185,17.906349094593594,,0.0010006427764892578
0.1,3,100,80,Unscaled,Gaussian,cqr,raw,0.5,300.0,0.9083333333333333,2890.6933464981726,14.746401589926087,,0.0
0.1,3,100,80,Empirical_copula,Gaussian,cqr,raw,0.5,300.0,0.9066666666666666,2635.277911083616,17.431612904766844,,0.0009992122650146484
0.1,3,100,81,CQHR,Gaussian,cqr,native,0.5,300.0,0.9116666666666666,153970.52956000963,43.48323311645234,13.328922605945278,0.0
0.1,3,100,81,TSCP_R,Gaussian,cqr,shifted,0.5,300.0,0.8633333333333333,2083.184432490755,14.221512198654136,,0.0
0.1,3,100,81,TSCP_GWC,Gaussian,cqr,shifted,0.5,300.0,0.8633333333333333,2083.184432490755,14.221512198654136,,0.0
0.1,3,100,81,Unscaled,Gaussian,cqr,raw,0.5,300.0,0.855,2288.1706844427194,13.528955863210994,,0.0
0.1,3,100,81,Empirical_copula,Gaussian,cqr,raw,0.5,300.0,0.8766666666666667,2181.19250547364,16.15914813426184,,0.0009987354278564453
0.1,3,100,82,CQHR,Gaussian,cqr,native,0.5,300.0,0.93,97522.31261725015,42.224154825700396,15.790166920599123,0.0
0.1,3,100,82,TSCP_R,Gaussian,cqr,shifted,0.5,300.0,0.8933333333333333,2772.3731345268834,15.954194839189038,,0.000993490219116211
0.1,3,100,82,TSCP_GWC,Gaussian,cqr,shifted,0.5,300.0,0.8933333333333333,2772.3731345268834,15.954194839189038,,0.001008749008178711
0.1,3,100,82,Unscaled,Gaussian,cqr,raw,0.5,300.0,0.9183333333333333,3444.8846362690483,15.47309366016889,,0.0
0.1,3,100,82,Empirical_copula,Gaussian,cqr,raw,0.5,300.0,0.9066666666666666,2732.178750251298,16.136681839906547,,0.0
0.1,3,100,83,CQHR,Gaussian,cqr,native,0.5,300.0,0.9566666666666667,456248.1276573379,59.91639330300106,23.027707725018306,0.0
0.1,3,100,83,TSCP_R,Gaussian,cqr,shifted,0.5,300.0,0.8833333333333333,2426.8957858604704,17.17107236416424,,0.0010001659393310547
0.1,3,100,83,TSCP_GWC,Gaussian,cqr,shifted,0.5,300.0,0.8833333333333333,2426.8957858604704,17.17107236416424,,0.0
0.1,3,100,83,Unscaled,Gaussian,cqr,raw,0.5,300.0,0.9333333333333333,3971.794366493249,16.368696923268956,,0.0
0.1,3,100,83,Empirical_copula,Gaussian,cqr,raw,0.5,300.0,0.8866666666666667,2422.3476503414113,17.993612807831084,,0.0010085105895996094
0.1,3,100,84,CQHR,Gaussian,cqr,native,0.5,300.0,0.81,30898.527857710018,23.41498683218595,6.90592213874369,0.0
0.1,3,100,84,TSCP_R,Gaussian,cqr,shifted,0.5,300.0,0.8533333333333334,2242.070940758851,14.87520445923367,,0.0
0.1,3,100,84,TSCP_GWC,Gaussian,cqr,shifted,0.5,300.0,0.8533333333333334,2242.070940758851,14.87520445923367,,0.0
0.1,3,100,84,Unscaled,Gaussian,cqr,raw,0.5,300.0,0.85,2585.344859613064,13.886396602912837,,0.0
0.1,3,100,84,Empirical_copula,Gaussian,cqr,raw,0.5,300.0,0.8283333333333334,2079.2871275343737,15.135917441208072,,0.0010004043579101562
0.1,3,100,85,CQHR,Gaussian,cqr,native,0.5,300.0,0.92,56642.19400338774,33.98701959990454,12.201840497312977,0.0
0.1,3,100,85,TSCP_R,Gaussian,cqr,shifted,0.5,300.0,0.9266666666666666,3310.6314266230747,18.236820991726223,,0.0010433197021484375
0.1,3,100,85,TSCP_GWC,Gaussian,cqr,shifted,0.5,300.0,0.9266666666666666,3310.6314266230747,18.236820991726223,,0.0
0.1,3,100,85,Unscaled,Gaussian,cqr,raw,0.5,300.0,0.9166666666666666,3359.8614981320375,15.393615163355419,,0.0
0.1,3,100,85,Empirical_copula,Gaussian,cqr,raw,0.5,300.0,0.8983333333333333,2756.0649144158774,17.726145362252186,,0.0009596347808837891
0.1,3,100,86,CQHR,Gaussian,cqr,native,0.5,300.0,0.925,216563.49616016648,43.19605820476381,14.22096345938844,0.0
0.1,3,100,86,TSCP_R,Gaussian,cqr,shifted,0.5,300.0,0.8333333333333334,1713.970183191962,14.750304851898699,,0.0009999275207519531
0.1,3,100,86,TSCP_GWC,Gaussian,cqr,shifted,0.5,300.0,0.8333333333333334,1713.970183191962,14.750304851898699,,0.0
0.1,3,100,86,Unscaled,Gaussian,cqr,raw,0.5,300.0,0.8566666666666667,2303.6842306254493,13.716587713565326,,0.0
0.1,3,100,86,Empirical_copula,Gaussian,cqr,raw,0.5,300.0,0.83,1601.5142584724135,15.245115414852238,,0.0010001659393310547
0.1,3,100,87,CQHR,Gaussian,cqr,native,0.5,300.0,0.9183333333333333,1098451.535964429,42.509253352299964,14.099134192439461,0.0
0.1,3,100,87,TSCP_R,Gaussian,cqr,shifted,0.5,300.0,0.9633333333333334,4239.178254590056,20.486568140954443,,0.0
0.1,3,100,87,TSCP_GWC,Gaussian,cqr,shifted,0.5,300.0,0.9633333333333334,4239.178254590056,20.486568140954443,,0.0
0.1,3,100,87,Unscaled,Gaussian,cqr,raw,0.5,300.0,0.915,3333.353532048634,15.437362821969874,,0.0
0.1,3,100,87,Empirical_copula,Gaussian,cqr,raw,0.5,300.0,0.9416666666666667,3586.059461161693,20.538477824962367,,0.0009999275207519531
0.1,3,100,88,CQHR,Gaussian,cqr,native,0.5,300.0,0.9233333333333333,788764.1772009671,42.56603628418513,13.19931988773872,0.0009925365447998047
0.1,3,100,88,TSCP_R,Gaussian,cqr,shifted,0.5,300.0,0.935,3565.3124247894925,18.646334792519394,,0.0010018348693847656
0.1,3,100,88,TSCP_GWC,Gaussian,cqr,shifted,0.5,300.0,0.935,3565.3124247894925,18.646334792519394,,0.0
0.1,3,100,88,Unscaled,Gaussian,cqr,raw,0.5,300.0,0.9133333333333333,3474.1828797917333,15.356054854082613,,0.0
0.1,3,100,88,Empirical_copula,Gaussian,cqr,raw,0.5,300.0,0.8966666666666666,2726.5817335508973,16.42589537195097,,0.0009987354278564453
0.1,3,100,89,CQHR,Gaussian,cqr,native,0.5,300.0,0.925,59763.7454082017,36.23171924977955,12.713556206312044,0.0
0.1,3,100,89,TSCP_R,Gaussian,cqr,shifted,0.5,300.0,0.8633333333333333,2023.7447713593594,17.025953365883936,,0.00099945068359375
0.1,3,100,89,TSCP_GWC,Gaussian,cqr,shifted,0.5,300.0,0.8633333333333333,2023.7447713593594,17.025953365883936,,0.0
0.1,3,100,89,Unscaled,Gaussian,cqr,raw,0.5,300.0,0.9,3041.044142465061,14.886190471074245,,0.0009932518005371094
0.1,3,100,89,Empirical_copula,Gaussian,cqr,raw,0.5,300.0,0.8416666666666667,1774.2574559676912,16.165573560588783,,0.0
0.1,3,100,90,CQHR,Gaussian,cqr,native,0.5,300.0,0.8616666666666667,485156.7863347834,33.71472482663488,8.902324403524888,0.0
0.1,3,100,90,TSCP_R,Gaussian,cqr,shifted,0.5,300.0,0.7933333333333333,1823.7483034999354,13.496158696777691,,0.0009999275207519531
0.1,3,100,90,TSCP_GWC,Gaussian,cqr,shifted,0.5,300.0,0.7933333333333333,1823.7483034999354,13.496158696777691,,0.0
0.1,3,100,90,Unscaled,Gaussian,cqr,raw,0.5,300.0,0.8183333333333334,2118.2759822435182,13.148822298560509,,0.0
0.1,3,100,90,Empirical_copula,Gaussian,cqr,raw,0.5,300.0,0.8133333333333334,1912.34116276201,14.803764810428984,,0.0010001659393310547
0.1,3,100,91,CQHR,Gaussian,cqr,native,0.5,300.0,0.935,123561.01588683775,44.045715772400115,12.492881829299261,0.0
0.1,3,100,91,TSCP_R,Gaussian,cqr,shifted,0.5,300.0,0.87,2464.3176741550083,15.577492341856365,,0.0009999275207519531
0.1,3,100,91,TSCP_GWC,Gaussian,cqr,shifted,0.5,300.0,0.87,2464.3176741550083,15.577492341856365,,0.0
0.1,3,100,91,Unscaled,Gaussian,cqr,raw,0.5,300.0,0.8516666666666667,2429.122026925631,13.605499511524869,,0.0
0.1,3,100,91,Empirical_copula,Gaussian,cqr,raw,0.5,300.0,0.8283333333333334,1947.7346531660714,15.264218665320607,,0.0
0.1,3,100,92,CQHR,Gaussian,cqr,native,0.5,300.0,0.8633333333333333,51495.64491278153,37.14639026425274,9.722636540546809,0.0
0.1,3,100,92,TSCP_R,Gaussian,cqr,shifted,0.5,300.0,0.8716666666666667,2579.6794051089178,15.94741867084259,,0.0009930133819580078
0.1,3,100,92,TSCP_GWC,Gaussian,cqr,shifted,0.5,300.0,0.8716666666666667,2579.6794051089178,15.94741867084259,,0.001001596450805664
0.1,3,100,92,Unscaled,Gaussian,cqr,raw,0.5,300.0,0.8466666666666667,2803.982945633626,14.263251990438269,,0.0
0.1,3,100,92,Empirical_copula,Gaussian,cqr,raw,0.5,300.0,0.8216666666666667,2117.196532705501,14.263251990312208,,0.0010082721710205078
0.1,3,100,93,CQHR,Gaussian,cqr,native,0.5,300.0,0.94,85913.76560854125,44.16482024161039,16.426765773537745,0.0
0.1,3,100,93,TSCP_R,Gaussian,cqr,shifted,0.5,300.0,0.955,4903.890876998354,21.497217783382734,,0.0010001659393310547
0.1,3,100,93,TSCP_GWC,Gaussian,cqr,shifted,0.5,300.0,0.955,4903.890876998354,21.497217783382734,,0.0
0.1,3,100,93,Unscaled,Gaussian,cqr,raw,0.5,300.0,0.9583333333333334,5009.975778257642,17.39924978147012,,0.0
0.1,3,100,93,Empirical_copula,Gaussian,cqr,raw,0.5,300.0,0.9166666666666666,3595.8615485779446,19.022882394188237,,0.0009927749633789062
0.1,3,100,94,CQHR,Gaussian,cqr,native,0.5,300.0,0.96,26987818.7603425,115.39762205954928,23.82201344482506,0.0
0.1,3,100,94,TSCP_R,Gaussian,cqr,shifted,0.5,300.0,0.8783333333333333,2849.366188552306,18.630617296184223,,0.0009984970092773438
0.1,3,100,94,TSCP_GWC,Gaussian,cqr,shifted,0.5,300.0,0.8783333333333333,2849.366188552306,18.630617296184223,,0.0009999275207519531
0.1,3,100,94,Unscaled,Gaussian,cqr,raw,0.5,300.0,0.8866666666666667,3085.171493487743,14.876813562041225,,0.0
0.1,3,100,94,Empirical_copula,Gaussian,cqr,raw,0.5,300.0,0.8666666666666667,2536.3134710684735,17.226556854840574,,0.0009999275207519531
0.1,3,100,95,CQHR,Gaussian,cqr,native,0.5,300.0,0.855,91385.57342701238,34.136252843963284,9.556533583211078,0.0
0.1,3,100,95,TSCP_R,Gaussian,cqr,shifted,0.5,300.0,0.8833333333333333,2438.022985264243,15.56146561017986,,0.0009932518005371094
0.1,3,100,95,TSCP_GWC,Gaussian,cqr,shifted,0.5,300.0,0.8833333333333333,2438.022985264243,15.56146561017986,,0.0
0.1,3,100,95,Unscaled,Gaussian,cqr,raw,0.5,300.0,0.8583333333333333,2497.308278169508,13.878109729647303,,0.0
0.1,3,100,95,Empirical_copula,Gaussian,cqr,raw,0.5,300.0,0.8266666666666667,1944.449684067245,13.461754768064333,,0.0
0.1,3,100,96,CQHR,Gaussian,cqr,native,0.5,300.0,0.8216666666666667,15377.06699303951,25.011611333137925,7.690906489446533,0.0
0.1,3,100,96,TSCP_R,Gaussian,cqr,shifted,0.5,300.0,0.865,2138.0737470346776,14.959995044609665,,0.0
0.1,3,100,96,TSCP_GWC,Gaussian,cqr,shifted,0.5,300.0,0.865,2138.0737470346776,14.959995044609665,,0.0
0.1,3,100,96,Unscaled,Gaussian,cqr,raw,0.5,300.0,0.87,2621.2618030179797,14.144378622862508,,0.0
0.1,3,100,96,Empirical_copula,Gaussian,cqr,raw,0.5,300.0,0.86,2168.7820977150936,14.351575790713692,,0.00099945068359375
0.1,3,100,97,CQHR,Gaussian,cqr,native,0.5,300.0,0.9,32109.45317283844,31.319910495877274,9.702972923914237,0.0
0.1,3,100,97,TSCP_R,Gaussian,cqr,shifted,0.5,300.0,0.9033333333333333,3002.188917853697,18.992597230615527,,0.0010020732879638672
0.1,3,100,97,TSCP_GWC,Gaussian,cqr,shifted,0.5,300.0,0.9033333333333333,3002.188917853697,18.992597230615527,,0.0009980201721191406
0.1,3,100,97,Unscaled,Gaussian,cqr,raw,0.5,300.0,0.9366666666666666,4496.234402974615,16.789050708820838,,0.0
0.1,3,100,97,Empirical_copula,Gaussian,cqr,raw,0.5,300.0,0.8866666666666667,2697.1440799402594,18.5963589156894,,0.0010004043579101562
0.1,3,100,98,CQHR,Gaussian,cqr,native,0.5,300.0,0.875,69733.63372631375,36.44045631250453,11.207466442557399,0.0
0.1,3,100,98,TSCP_R,Gaussian,cqr,shifted,0.5,300.0,0.8983333333333333,2619.138507767809,17.203807042188114,,0.001012563705444336
0.1,3,100,98,TSCP_GWC,Gaussian,cqr,shifted,0.5,300.0,0.8983333333333333,2619.138507767809,17.203807042188114,,0.0
0.1,3,100,98,Unscaled,Gaussian,cqr,raw,0.5,300.0,0.9066666666666666,3309.9917096160893,15.263588648186776,,0.0
0.1,3,100,98,Empirical_copula,Gaussian,cqr,raw,0.5,300.0,0.885,2271.912541688578,17.03389791257821,,0.0009922981262207031
0.1,3,100,99,CQHR,Gaussian,cqr,native,0.5,300.0,0.9083333333333333,40705.638057983044,30.427845529140626,10.147193937050295,0.0
0.1,3,100,99,TSCP_R,Gaussian,cqr,shifted,0.5,300.0,0.8583333333333333,2038.6965246216394,14.684251205113105,,0.0009999275207519531
0.1,3,100,99,TSCP_GWC,Gaussian,cqr,shifted,0.5,300.0,0.8583333333333333,2038.6965246216394,14.684251205113105,,0.0009996891021728516
0.1,3,100,99,Unscaled,Gaussian,cqr,raw,0.5,300.0,0.8766666666666667,2494.3989315991803,13.855302844865912,,0.0
0.1,3,100,99,Empirical_copula,Gaussian,cqr,raw,0.5,300.0,0.8383333333333334,1884.911693357098,14.013049966706827,,0.0010025501251220703
0.1,3,100,0,CQHR,Gaussian,cqr,native,0.5,100.0,0.895,327688.01597186597,37.251524657940266,10.365803634595775,0.0
0.1,3,100,0,TSCP_R,Gaussian,cqr,shifted,0.5,100.0,0.8516666666666667,2305.6876467117363,15.122605021386352,,0.0009310245513916016
0.1,3,100,0,TSCP_GWC,Gaussian,cqr,shifted,0.5,100.0,0.8516666666666667,2305.6876467117363,15.122605021386352,,0.0
0.1,3,100,0,Unscaled,Gaussian,cqr,raw,0.5,100.0,0.8766666666666667,2909.2055204360636,14.562847509054714,,0.0009942054748535156
0.1,3,100,0,Empirical_copula,Gaussian,cqr,raw,0.5,100.0,0.8466666666666667,2117.057048116672,14.71710611982909,,0.0
0.1,3,100,1,CQHR,Gaussian,cqr,native,0.5,100.0,0.9433333333333334,1053219.868535064,56.304374011588166,15.81810981794344,0.0
0.1,3,100,1,TSCP_R,Gaussian,cqr,shifted,0.5,100.0,0.93,3156.9528914165026,17.2268434373726,,0.0009999275207519531
0.1,3,100,1,TSCP_GWC,Gaussian,cqr,shifted,0.5,100.0,0.93,3156.9528914165026,17.2268434373726,,0.0
0.1,3,100,1,Unscaled,Gaussian,cqr,raw,0.5,100.0,0.9183333333333333,3551.2920495254393,15.488442614648177,,0.0
0.1,3,100,1,Empirical_copula,Gaussian,cqr,raw,0.5,100.0,0.9216666666666666,3321.8349502744077,16.74317277231942,,0.0009999275207519531
0.1,3,100,2,CQHR,Gaussian,cqr,native,0.5,100.0,0.8883333333333333,29274.21596527618,31.285845499764413,12.786342812248847,0.0
0.1,3,100,2,TSCP_R,Gaussian,cqr,shifted,0.5,100.0,0.935,3133.7895375657636,16.10971026374779,,0.0010001659393310547
0.1,3,100,2,TSCP_GWC,Gaussian,cqr,shifted,0.5,100.0,0.935,3133.7895375657636,16.10971026374779,,0.0
0.1,3,100,2,Unscaled,Gaussian,cqr,raw,0.5,100.0,0.905,2885.9412661006,14.725590379022169,,0.0
0.1,3,100,2,Empirical_copula,Gaussian,cqr,raw,0.5,100.0,0.925,2844.8229663291972,17.342296696698575,,0.0009925365447998047
0.1,3,100,3,CQHR,Gaussian,cqr,native,0.5,100.0,0.8466666666666667,24106.9121527216,26.54915958533141,7.62424150523632,0.0
0.1,3,100,3,TSCP_R,Gaussian,cqr,shifted,0.5,100.0,0.885,2526.88815363334,16.622875030462147,,0.001001596450805664
0.1,3,100,3,TSCP_GWC,Gaussian,cqr,shifted,0.5,100.0,0.885,2526.88815363334,16.622875030462147,,0.0
0.1,3,100,3,Unscaled,Gaussian,cqr,raw,0.5,100.0,0.905,3608.723127915155,15.475152577011055,,0.0
0.1,3,100,3,Empirical_copula,Gaussian,cqr,raw,0.5,100.0,0.8766666666666667,2467.3608388999965,16.27230926828885,,0.0010004043579101562
0.1,3,100,4,CQHR,Gaussian,cqr,native,0.5,100.0,0.955,271978.57906261407,63.283168855506375,24.63764815926394,0.0
0.1,3,100,4,TSCP_R,Gaussian,cqr,shifted,0.5,100.0,0.92,3486.885747367822,17.304275749937332,,0.0009942054748535156
0.1,3,100,4,TSCP_GWC,Gaussian,cqr,shifted,0.5,100.0,0.92,3486.885747367822,17.304275749937332,,0.0
0.1,3,100,4,Unscaled,Gaussian,cqr,raw,0.5,100.0,0.915,3768.303765016622,15.873521600490239,,0.0
0.1,3,100,4,Empirical_copula,Gaussian,cqr,raw,0.5,100.0,0.905,3308.4280923304036,18.576715870376617,,0.0009992122650146484
0.1,3,100,5,CQHR,Gaussian,cqr,native,0.5,100.0,0.925,394118.1291778131,52.0950803234469,15.796827663721299,0.0
0.1,3,100,5,TSCP_R,Gaussian,cqr,shifted,0.5,100.0,0.9233333333333333,2668.9783884463827,15.149551271198,,0.0010001659393310547
0.1,3,100,5,TSCP_GWC,Gaussian,cqr,shifted,0.5,100.0,0.9233333333333333,2668.9783884463827,15.149551271198,,0.0
0.1,3,100,5,Unscaled,Gaussian,cqr,raw,0.5,100.0,0.915,2740.306796047235,14.369462593502012,,0.0
0.1,3,100,5,Empirical_copula,Gaussian,cqr,raw,0.5,100.0,0.915,2741.6657296227795,14.413895556236794,,0.0009999275207519531
0.1,3,100,6,CQHR,Gaussian,cqr,native,0.5,100.0,0.9416666666666667,54416.260765461106,37.04678794005916,12.06068935174857,0.0
0.1,3,100,6,TSCP_R,Gaussian,cqr,shifted,0.5,100.0,0.9066666666666666,2548.0437949479656,15.47847894156922,,0.0009951591491699219
0.1,3,100,6,TSCP_GWC,Gaussian,cqr,shifted,0.5,100.0,0.9066666666666666,2548.0437949479656,15.47847894156922,,0.0
0.1,3,100,6,Unscaled,Gaussian,cqr,raw,0.5,100.0,0.8833333333333333,2669.8254726800437,14.123597492333031,,0.0010008811950683594
0.1,3,100,6,Empirical_copula,Gaussian,cqr,raw,0.5,100.0,0.88,2314.309762907716,14.207614398748717,,0.0
0.1,3,100,7,CQHR,Gaussian,cqr,native,0.5,100.0,0.8466666666666667,50276.77954545372,30.074055369742855,8.520504796993427,0.0
0.1,3,100,7,TSCP_R,Gaussian,cqr,shifted,0.5,100.0,0.8416666666666667,1962.8780200301414,17.22729741869475,,0.0009877681732177734
0.1,3,100,7,TSCP_GWC,Gaussian,cqr,shifted,0.5,100.0,0.8416666666666667,1962.8780200301414,17.22729741869475,,0.0
0.1,3,100,7,Unscaled,Gaussian,cqr,raw,0.5,100.0,0.9183333333333333,3396.596818120194,15.460815171925441,,0.0
0.1,3,100,7,Empirical_copula,Gaussian,cqr,raw,0.5,100.0,0.8366666666666667,2182.1388860739735,20.585278701277865,,0.0009961128234863281
0.1,3,100,8,CQHR,Gaussian,cqr,native,0.5,100.0,0.8666666666666667,321776.1242843237,37.3185856839611,8.775750274886063,0.0
0.1,3,100,8,TSCP_R,Gaussian,cqr,shifted,0.5,100.0,0.945,4680.730505983071,19.214648487515312,,0.00099945068359375
0.1,3,100,8,TSCP_GWC,Gaussian,cqr,shifted,0.5,100.0,0.945,4680.730505983071,19.214648487515312,,0.0
0.1,3,100,8,Unscaled,Gaussian,cqr,raw,0.5,100.0,0.93,4343.356541635121,16.537526688700243,,0.0
0.1,3,100,8,Empirical_copula,Gaussian,cqr,raw,0.5,100.0,0.885,2817.0912947848083,18.258029152306563,,0.0009996891021728516
0.1,3,100,9,CQHR,Gaussian,cqr,native,0.5,100.0,0.9533333333333334,250499.14917637766,49.5862303251885,16.014486531115658,0.0
0.1,3,100,9,TSCP_R,Gaussian,cqr,shifted,0.5,100.0,0.925,3770.7668277074404,19.1310089261537,,0.0010001659393310547
0.1,3,100,9,TSCP_GWC,Gaussian,cqr,shifted,0.5,100.0,0.925,3770.7668277074404,19.1310089261537,,0.0
0.1,3,100,9,Unscaled,Gaussian,cqr,raw,0.5,100.0,0.925,4686.703399765314,16.962320156697082,,0.0
0.1,3,100,9,Empirical_copula,Gaussian,cqr,raw,0.5,100.0,0.8916666666666667,2980.152721337158,18.722056933559823,,0.0010075569152832031
0.1,3,100,10,CQHR,Gaussian,cqr,native,0.5,100.0,0.92,195355.60929118967,40.63118200505792,13.284188364811339,0.0
0.1,3,100,10,TSCP_R,Gaussian,cqr,shifted,0.5,100.0,0.8583333333333333,2670.8031835179872,14.909443490750137,,0.0009951591491699219
0.1,3,100,10,TSCP_GWC,Gaussian,cqr,shifted,0.5,100.0,0.8583333333333333,2670.8031835179872,14.909443490750137,,0.0
0.1,3,100,10,Unscaled,Gaussian,cqr,raw,0.5,100.0,0.8666666666666667,2738.9026149144725,14.347727705448728,,0.0
0.1,3,100,10,Empirical_copula,Gaussian,cqr,raw,0.5,100.0,0.8516666666666667,2252.316868474216,14.068974187429058,,0.0009996891021728516
0.1,3,100,11,CQHR,Gaussian,cqr,native,0.5,100.0,0.8883333333333333,45321.11065799975,32.44559549444057,10.069722479240522,0.0
0.1,3,100,11,TSCP_R,Gaussian,cqr,shifted,0.5,100.0,0.85,1847.1071943181566,14.547391741755213,,0.0010004043579101562
0.1,3,100,11,TSCP_GWC,Gaussian,cqr,shifted,0.5,100.0,0.85,1847.1071943181566,14.547391741755213,,0.0
0.1,3,100,11,Unscaled,Gaussian,cqr,raw,0.5,100.0,0.8466666666666667,1894.6047161980143,12.631648394232842,,0.00099945068359375
0.1,3,100,11,Empirical_copula,Gaussian,cqr,raw,0.5,100.0,0.8416666666666667,1661.063368081284,13.683082460659937,,0.0
0.1,3,100,12,CQHR,Gaussian,cqr,native,0.5,100.0,0.9583333333333334,94880889.46128516,142.62512475456944,22.30200417726445,0.0
0.1,3,100,12,TSCP_R,Gaussian,cqr,shifted,0.5,100.0,0.9266666666666666,2890.8844318438246,15.652272101972084,,0.0010075569152832031
0.1,3,100,12,TSCP_GWC,Gaussian,cqr,shifted,0.5,100.0,0.9266666666666666,2890.8844318438246,15.652272101972084,,0.0
0.1,3,100,12,Unscaled,Gaussian,cqr,raw,0.5,100.0,0.8916666666666667,2732.3830206982666,14.477761937927038,,0.0
0.1,3,100,12,Empirical_copula,Gaussian,cqr,raw,0.5,100.0,0.9066666666666666,2639.6535305409793,15.431624361261605,,0.0009992122650146484
0.1,3,100,13,CQHR,Gaussian,cqr,native,0.5,100.0,0.915,564491.8646817057,41.59162325628421,12.496408183308366,0.0
0.1,3,100,13,TSCP_R,Gaussian,cqr,shifted,0.5,100.0,0.8716666666666667,2597.1177781406354,14.822586688563717,,0.00099945068359375
0.1,3,100,13,TSCP_GWC,Gaussian,cqr,shifted,0.5,100.0,0.8716666666666667,2597.1177781406354,14.822586688563717,,0.0
0.1,3,100,13,Unscaled,Gaussian,cqr,raw,0.5,100.0,0.875,2820.058523405798,14.536983451459216,,0.0
0.1,3,100,13,Empirical_copula,Gaussian,cqr,raw,0.5,100.0,0.855,2316.9717855357767,14.523276143783402,,0.0
0.1,3,100,14,CQHR,Gaussian,cqr,native,0.5,100.0,0.94,712715.7866156225,61.80179263046543,18.004081443861075,0.0010013580322265625
0.1,3,100,14,TSCP_R,Gaussian,cqr,shifted,0.5,100.0,0.9066666666666666,2878.0237767334766,18.07179528548029,,0.0009987354278564453
0.1,3,100,14,TSCP_GWC,Gaussian,cqr,shifted,0.5,100.0,0.9066666666666666,2878.0237767334766,18.07179528548029,,0.0
0.1,3,100,14,Unscaled,Gaussian,cqr,raw,0.5,100.0,0.9,3271.3379862870293,15.077808458375767,,0.0
0.1,3,100,14,Empirical_copula,Gaussian,cqr,raw,0.5,100.0,0.8983333333333333,2662.3253018347095,16.494662065046565,,0.0010020732879638672
0.1,3,100,15,CQHR,Gaussian,cqr,native,0.5,100.0,0.9233333333333333,437213.163955155,49.29901457460539,14.877258732932132,0.0
0.1,3,100,15,TSCP_R,Gaussian,cqr,shifted,0.5,100.0,0.8983333333333333,2669.688373779218,16.110893655505098,,0.0009968280792236328
0.1,3,100,15,TSCP_GWC,Gaussian,cqr,shifted,0.5,100.0,0.8983333333333333,2669.688373779218,16.110893655505098,,0.0
0.1,3,100,15,Unscaled,Gaussian,cqr,raw,0.5,100.0,0.8766666666666667,2760.3343105077647,14.274842921586297,,0.0
0.1,3,100,15,Empirical_copula,Gaussian,cqr,raw,0.5,100.0,0.895,2655.389757391675,16.237143079039665,,0.0010004043579101562
0.1,3,100,16,CQHR,Gaussian,cqr,native,0.5,100.0,0.93,408541.06068608584,49.55584863228415,13.812996915558204,0.0
0.1,3,100,16,TSCP_R,Gaussian,cqr,shifted,0.5,100.0,0.9083333333333333,3104.7471011562866,16.947651111792606,,0.0009965896606445312
0.1,3,100,16,TSCP_GWC,Gaussian,cqr,shifted,0.5,100.0,0.9083333333333333,3104.7471011562866,16.947651111792606,,0.0
0.1,3,100,16,Unscaled,Gaussian,cqr,raw,0.5,100.0,0.9066666666666666,3940.1257067221177,15.951377123780778,,0.0
0.1,3,100,16,Empirical_copula,Gaussian,cqr,raw,0.5,100.0,0.8666666666666667,2553.7949571258864,16.38620978307783,,0.00099945068359375
0.1,3,100,17,CQHR,Gaussian,cqr,native,0.5,100.0,0.9366666666666666,97239965.92362231,184.6449450274342,15.979122322888117,0.0
0.1,3,100,17,TSCP_R,Gaussian,cqr,shifted,0.5,100.0,0.875,2762.6641944666753,15.972234667114547,,0.0009996891021728516
0.1,3,100,17,TSCP_GWC,Gaussian,cqr,shifted,0.5,100.0,0.875,2762.6641944666753,15.972234667114547,,0.0
0.1,3,100,17,Unscaled,Gaussian,cqr,raw,0.5,100.0,0.8816666666666667,3233.9651332358585,15.10865496223148,,0.0
0.1,3,100,17,Empirical_copula,Gaussian,cqr,raw,0.5,100.0,0.855,2290.3275672729997,15.680896162200295,,0.0010004043579101562
0.1,3,100,18,CQHR,Gaussian,cqr,native,0.5,100.0,0.92,479597.7011579011,49.152766071153316,18.201477828023677,0.0
0.1,3,100,18,TSCP_R,Gaussian,cqr,shifted,0.5,100.0,0.8466666666666667,1893.4166043130158,14.261197140605036,,0.0010013580322265625
0.1,3,100,18,TSCP_GWC,Gaussian,cqr,shifted,0.5,100.0,0.8466666666666667,1893.4166043130158,14.261197140605036,,0.0009996891021728516
0.1,3,100,18,Unscaled,Gaussian,cqr,raw,0.5,100.0,0.865,2324.4159020151433,13.632492515796061,,0.0
0.1,3,100,18,Empirical_copula,Gaussian,cqr,raw,0.5,100.0,0.8416666666666667,1859.9935583732115,14.326744507088833,,0.0
0.1,3,100,19,CQHR,Gaussian,cqr,native,0.5,100.0,0.925,74220.8150031112,42.33500387110758,16.557900569956477,0.0
0.1,3,100,19,TSCP_R,Gaussian,cqr,shifted,0.5,100.0,0.875,2508.8871790820695,15.658332651298391,,0.0010037422180175781
0.1,3,100,19,TSCP_GWC,Gaussian,cqr,shifted,0.5,100.0,0.875,2508.8871790820695,15.658332651298391,,0.0
0.1,3,100,19,Unscaled,Gaussian,cqr,raw,0.5,100.0,0.8883333333333333,3276.285752816589,15.268148073423985,,0.0
0.1,3,100,19,Empirical_copula,Gaussian,cqr,raw,0.5,100.0,0.8683333333333333,2357.700057558568,15.614345403175646,,0.0009989738464355469
0.1,3,100,20,CQHR,Gaussian,cqr,native,0.5,100.0,0.8883333333333333,79669.66350690449,34.216716569387884,11.051250982884048,0.0
0.1,3,100,20,TSCP_R,Gaussian,cqr,shifted,0.5,100.0,0.88,2617.062822265672,15.96971003181322,,0.0010075569152832031
0.1,3,100,20,TSCP_GWC,Gaussian,cqr,shifted,0.5,100.0,0.88,2617.062822265672,15.96971003181322,,0.0
0.1,3,100,20,Unscaled,Gaussian,cqr,raw,0.5,100.0,0.8783333333333333,2830.1067313107988,14.386566028168158,,0.0
0.1,3,100,20,Empirical_copula,Gaussian,cqr,raw,0.5,100.0,0.8316666666666667,2297.9499227845495,17.709847025742143,,0.0009996891021728516
0.1,3,100,21,CQHR,Gaussian,cqr,native,0.5,100.0,0.8966666666666666,40065.96362050608,32.024426545313574,11.225386993169863,0.0
0.1,3,100,21,TSCP_R,Gaussian,cqr,shifted,0.5,100.0,0.8383333333333334,2051.814767776568,15.06338480145144,,0.0009970664978027344
0.1,3,100,21,TSCP_GWC,Gaussian,cqr,shifted,0.5,100.0,0.8383333333333334,2051.814767776568,15.06338480145144,,0.0
0.1,3,100,21,Unscaled,Gaussian,cqr,raw,0.5,100.0,0.815,2071.894147135259,12.928883425779505,,0.0
0.1,3,100,21,Empirical_copula,Gaussian,cqr,raw,0.5,100.0,0.8216666666666667,1811.3433799103718,15.50507526199365,,0.0010008811950683594
0.1,3,100,22,CQHR,Gaussian,cqr,native,0.5,100.0,0.855,58965.07289791749,28.47752735369384,9.565217493779368,0.0
0.1,3,100,22,TSCP_R,Gaussian,cqr,shifted,0.5,100.0,0.9333333333333333,3904.9208821126927,20.38796971645688,,0.0010151863098144531
0.1,3,100,22,TSCP_GWC,Gaussian,cqr,shifted,0.5,100.0,0.9333333333333333,3904.9208821126927,20.38796971645688,,0.0
0.1,3,100,22,Unscaled,Gaussian,cqr,raw,0.5,100.0,0.94,4618.43085696522,17.079296664516576,,0.0
0.1,3,100,22,Empirical_copula,Gaussian,cqr,raw,0.5,100.0,0.8933333333333333,2831.5163103624723,18.65214824642711,,0.0009992122650146484
0.1,3,100,23,CQHR,Gaussian,cqr,native,0.5,100.0,0.915,41790.63502182353,34.365735037962835,13.219926291410973,0.0
0.1,3,100,23,TSCP_R,Gaussian,cqr,shifted,0.5,100.0,0.97,6072.554379743139,20.600776539034523,,0.0009999275207519531
0.1,3,100,23,TSCP_GWC,Gaussian,cqr,shifted,0.5,100.0,0.97,6072.554379743139,20.600776539034523,,0.0
0.1,3,100,23,Unscaled,Gaussian,cqr,raw,0.5,100.0,0.9733333333333334,6435.677798467209,18.8847352299002,,0.0
0.1,3,100,23,Empirical_copula,Gaussian,cqr,raw,0.5,100.0,0.965,5556.23913127191,20.00239842480429,,0.0009999275207519531
0.1,3,100,24,CQHR,Gaussian,cqr,native,0.5,100.0,0.825,198428.01100583625,28.41408076917869,8.703064917860278,0.00099945068359375
0.1,3,100,24,TSCP_R,Gaussian,cqr,shifted,0.5,100.0,0.915,3087.396616087674,17.15224204304126,,0.0009961128234863281
0.1,3,100,24,TSCP_GWC,Gaussian,cqr,shifted,0.5,100.0,0.915,3087.396616087674,17.15224204304126,,0.0
0.1,3,100,24,Unscaled,Gaussian,cqr,raw,0.5,100.0,0.925,3933.548350595173,16.298446691047822,,0.0
0.1,3,100,24,Empirical_copula,Gaussian,cqr,raw,0.5,100.0,0.8983333333333333,2769.8410459100824,16.60673572987975,,0.0009987354278564453
0.1,3,100,25,CQHR,Gaussian,cqr,native,0.5,100.0,0.9433333333333334,128358.71186213757,47.8267321318133,16.777745496193877,0.0
0.1,3,100,25,TSCP_R,Gaussian,cqr,shifted,0.5,100.0,0.8883333333333333,2869.729947108401,17.184587907184994,,0.0010061264038085938
0.1,3,100,25,TSCP_GWC,Gaussian,cqr,shifted,0.5,100.0,0.8883333333333333,2869.729947108401,17.184587907184994,,0.0
0.1,3,100,25,Unscaled,Gaussian,cqr,raw,0.5,100.0,0.875,2738.8173791617146,14.144702145966011,,0.0
0.1,3,100,25,Empirical_copula,Gaussian,cqr,raw,0.5,100.0,0.87,2439.703427890487,15.513387617694015,,0.0009992122650146484
0.1,3,100,26,CQHR,Gaussian,cqr,native,0.5,100.0,0.9483333333333334,843950.2764710016,70.09692326581371,22.98143834324592,0.0
0.1,3,100,26,TSCP_R,Gaussian,cqr,shifted,0.5,100.0,0.8866666666666667,2420.548471135566,16.347925260817142,,0.0009951591491699219
0.1,3,100,26,TSCP_GWC,Gaussian,cqr,shifted,0.5,100.0,0.8866666666666667,2420.548471135566,16.347925260817142,,0.0
0.1,3,100,26,Unscaled,Gaussian,cqr,raw,0.5,100.0,0.8683333333333333,2732.2399250174044,14.221290166769414,,0.0
0.1,3,100,26,Empirical_copula,Gaussian,cqr,raw,0.5,100.0,0.8566666666666667,2066.626285049543,15.981737761872228,,0.0
0.1,3,100,27,CQHR,Gaussian,cqr,native,0.5,100.0,0.89,622816.8744766932,40.46865093099656,12.256594617965648,0.0
0.1,3,100,27,TSCP_R,Gaussian,cqr,shifted,0.5,100.0,0.8766666666666667,2323.444054761252,14.306511772957222,,0.0
0.1,3,100,27,TSCP_GWC,Gaussian,cqr,shifted,0.5,100.0,0.8766666666666667,2323.444054761252,14.306511772957222,,0.0
0.1,3,100,27,Unscaled,Gaussian,cqr,raw,0.5,100.0,0.8716666666666667,2471.3595385009744,13.867164942561597,,0.0
0.1,3,100,27,Empirical_copula,Gaussian,cqr,raw,0.5,100.0,0.8516666666666667,2006.470816942957,14.09221855475546,,0.0010001659393310547
0.1,3,100,28,CQHR,Gaussian,cqr,native,0.5,100.0,0.93,152417.39150070955,44.863390529596494,14.453045385326051,0.00099945068359375
0.1,3,100,28,TSCP_R,Gaussian,cqr,shifted,0.5,100.0,0.895,2696.3950111341546,17.95716054715541,,0.0010013580322265625
0.1,3,100,28,TSCP_GWC,Gaussian,cqr,shifted,0.5,100.0,0.895,2696.3950111341546,17.95716054715541,,0.0
0.1,3,100,28,Unscaled,Gaussian,cqr,raw,0.5,100.0,0.88,3041.729441499114,14.73857606765889,,0.0
0.1,3,100,28,Empirical_copula,Gaussian,cqr,raw,0.5,100.0,0.8566666666666667,2262.447990160084,16.489675021364693,,0.0010001659393310547
0.1,3,100,29,CQHR,Gaussian,cqr,native,0.5,100.0,0.9066666666666666,662035.6973641701,41.373108234760664,11.313506776284122,0.0
0.1,3,100,29,TSCP_R,Gaussian,cqr,shifted,0.5,100.0,0.9,2747.751174961006,17.105730615646813,,0.0009999275207519531
0.1,3,100,29,TSCP_GWC,Gaussian,cqr,shifted,0.5,100.0,0.9,2747.751174961006,17.105730615646813,,0.0
0.1,3,100,29,Unscaled,Gaussian,cqr,raw,0.5,100.0,0.9283333333333333,4355.9510148433965,16.72499771280998,,0.0
0.1,3,100,29,Empirical_copula,Gaussian,cqr,raw,0.5,100.0,0.82,1919.7513175127342,17.5062308258468,,0.0009996891021728516
0.1,3,100,30,CQHR,Gaussian,cqr,native,0.5,100.0,0.87,16845.506498223793,26.52097024879043,9.996217451309256,0.0
0.1,3,100,30,TSCP_R,Gaussian,cqr,shifted,0.5,100.0,0.9583333333333334,4462.881138240011,17.968063097230274,,0.000993490219116211
0.1,3,100,30,TSCP_GWC,Gaussian,cqr,shifted,0.5,100.0,0.9583333333333334,4462.881138240011,17.968063097230274,,0.0010058879852294922
0.1,3,100,30,Unscaled,Gaussian,cqr,raw,0.5,100.0,0.9583333333333334,4888.180305996813,17.391303677041723,,0.0
0.1,3,100,30,Empirical_copula,Gaussian,cqr,raw,0.5,100.0,0.8866666666666667,2994.3149343736295,17.097857419094986,,0.00099945068359375
0.1,3,100,31,CQHR,Gaussian,cqr,native,0.5,100.0,0.91,460449.7688779339,45.65442656095165,12.437389314376038,0.0
0.1,3,100,31,TSCP_R,Gaussian,cqr,shifted,0.5,100.0,0.875,2690.6572750549767,15.66864157110305,,0.0010018348693847656
0.1,3,100,31,TSCP_GWC,Gaussian,cqr,shifted,0.5,100.0,0.875,2690.6572750549767,15.66864157110305,,0.0010030269622802734
0.1,3,100,31,Unscaled,Gaussian,cqr,raw,0.5,100.0,0.8766666666666667,3063.036114058357,14.757690105045087,,0.0
0.1,3,100,31,Empirical_copula,Gaussian,cqr,raw,0.5,100.0,0.88,2613.9280980589288,15.732426756204203,,0.0
0.1,3,100,32,CQHR,Gaussian,cqr,native,0.5,100.0,0.9216666666666666,100523.17332270627,38.63783492334193,13.632513769650412,0.0
0.1,3,100,32,TSCP_R,Gaussian,cqr,shifted,0.5,100.0,0.885,2870.9025225727305,16.321211790971315,,0.0009999275207519531
0.1,3,100,32,TSCP_GWC,Gaussian,cqr,shifted,0.5,100.0,0.885,2870.9025225727305,16.321211790971315,,0.0
0.1,3,100,32,Unscaled,Gaussian,cqr,raw,0.5,100.0,0.8966666666666666,3520.7668468878924,15.513321635461953,,0.0
0.1,3,100,32,Empirical_copula,Gaussian,cqr,raw,0.5,100.0,0.8766666666666667,2596.8491816040273,16.558475792600174,,0.0009996891021728516
0.1,3,100,33,CQHR,Gaussian,cqr,native,0.5,100.0,0.8533333333333334,37656.41664455889,26.158223758085622,9.024900679658582,0.0
0.1,3,100,33,TSCP_R,Gaussian,cqr,shifted,0.5,100.0,0.935,3844.265580833846,17.725246097857315,,0.0010001659393310547
0.1,3,100,33,TSCP_GWC,Gaussian,cqr,shifted,0.5,100.0,0.935,3844.265580833846,17.725246097857315,,0.0
0.1,3,100,33,Unscaled,Gaussian,cqr,raw,0.5,100.0,0.92,4009.883019697043,16.373492819328163,,0.0
0.1,3,100,33,Empirical_copula,Gaussian,cqr,raw,0.5,100.0,0.9183333333333333,3607.457075752139,17.28879162255366,,0.0
0.1,3,100,34,CQHR,Gaussian,cqr,native,0.5,100.0,0.9216666666666666,75987.43982681222,40.059767655854685,14.962898882385476,0.0
0.1,3,100,34,TSCP_R,Gaussian,cqr,shifted,0.5,100.0,0.9466666666666667,3499.990117695413,17.23324417699822,,0.0010013580322265625
0.1,3,100,34,TSCP_GWC,Gaussian,cqr,shifted,0.5,100.0,0.9466666666666667,3499.990117695413,17.23324417699822,,0.0
0.1,3,100,34,Unscaled,Gaussian,cqr,raw,0.5,100.0,0.935,3675.062598559038,15.944687803319637,,0.0
0.1,3,100,34,Empirical_copula,Gaussian,cqr,raw,0.5,100.0,0.9316666666666666,2852.9195461468926,16.658468153401405,,0.0010001659393310547
0.1,3,100,35,CQHR,Gaussian,cqr,native,0.5,100.0,0.9033333333333333,650260.8521898215,45.31112069479379,10.879878849068962,0.0
0.1,3,100,35,TSCP_R,Gaussian,cqr,shifted,0.5,100.0,0.92,3194.0925330357636,16.45411246689333,,0.001001119613647461
0.1,3,100,35,TSCP_GWC,Gaussian,cqr,shifted,0.5,100.0,0.92,3194.0925330357636,16.45411246689333,,0.0
0.1,3,100,35,Unscaled,Gaussian,cqr,raw,0.5,100.0,0.91,3370.4167693898917,15.307323874759083,,0.0
0.1,3,100,35,Empirical_copula,Gaussian,cqr,raw,0.5,100.0,0.8816666666666667,2912.3626205158434,14.919109026199475,,0.00099945068359375
0.1,3,100,36,CQHR,Gaussian,cqr,native,0.5,100.0,0.9016666666666666,25064.593735789735,27.762180473418326,10.405451269209372,0.0
0.1,3,100,36,TSCP_R,Gaussian,cqr,shifted,0.5,100.0,0.905,2861.92691481558,15.874263996568503,,0.002004861831665039
0.1,3,100,36,TSCP_GWC,Gaussian,cqr,shifted,0.5,100.0,0.905,2861.92691481558,15.874263996568503,,0.0
0.1,3,100,36,Unscaled,Gaussian,cqr,raw,0.5,100.0,0.9066666666666666,3000.0855077893502,14.921042015891123,,0.0
0.1,3,100,36,Empirical_copula,Gaussian,cqr,raw,0.5,100.0,0.8916666666666667,2666.9996191501837,15.532140719134398,,0.0009951591491699219
0.1,3,100,37,CQHR,Gaussian,cqr,native,0.5,100.0,0.9183333333333333,571897.6188261929,45.754191875264745,12.434827445576524,0.0
0.1,3,100,37,TSCP_R,Gaussian,cqr,shifted,0.5,100.0,0.88,2345.0205797589792,15.655727760045247,,0.0009922981262207031
0.1,3,100,37,TSCP_GWC,Gaussian,cqr,shifted,0.5,100.0,0.88,2345.0205797589792,15.655727760045247,,0.0
0.1,3,100,37,Unscaled,Gaussian,cqr,raw,0.5,100.0,0.92,3351.03963463676,15.36020470107378,,0.0
0.1,3,100,37,Empirical_copula,Gaussian,cqr,raw,0.5,100.0,0.8733333333333333,2204.139615093772,15.360204700986424,,0.0010488033294677734
0.1,3,100,38,CQHR,Gaussian,cqr,native,0.5,100.0,0.9333333333333333,854561.8284922512,56.55619238229773,15.332011283625361,0.0
0.1,3,100,38,TSCP_R,Gaussian,cqr,shifted,0.5,100.0,0.9166666666666666,3262.5042714043693,16.813687619581714,,0.0010013580322265625
0.1,3,100,38,TSCP_GWC,Gaussian,cqr,shifted,0.5,100.0,0.9166666666666666,3262.5042714043693,16.813687619581714,,0.0010001659393310547
0.1,3,100,38,Unscaled,Gaussian,cqr,raw,0.5,100.0,0.89,3171.9820398307365,14.852287195786154,,0.0
0.1,3,100,38,Empirical_copula,Gaussian,cqr,raw,0.5,100.0,0.8983333333333333,3079.7956789079617,16.038526042266785,,0.0009996891021728516
0.1,3,100,39,CQHR,Gaussian,cqr,native,0.5,100.0,0.8866666666666667,32036.50931058218,29.28403510949572,9.128502092652125,0.0
0.1,3,100,39,TSCP_R,Gaussian,cqr,shifted,0.5,100.0,0.885,2646.678231000107,16.274807778198888,,0.0009293556213378906
0.1,3,100,39,TSCP_GWC,Gaussian,cqr,shifted,0.5,100.0,0.885,2646.678231000107,16.274807778198888,,0.0
0.1,3,100,39,Unscaled,Gaussian,cqr,raw,0.5,100.0,0.9033333333333333,3313.574242736996,15.21557558173874,,0.0
0.1,3,100,39,Empirical_copula,Gaussian,cqr,raw,0.5,100.0,0.8666666666666667,2325.8006866122464,15.2971343697032,,0.0
0.1,3,100,40,CQHR,Gaussian,cqr,native,0.5,100.0,0.9116666666666666,147491.77264699622,38.65818881762251,12.982165651777033,0.0
0.1,3,100,40,TSCP_R,Gaussian,cqr,shifted,0.5,100.0,0.8866666666666667,2839.9002053175736,17.278303813511755,,0.0010001659393310547
0.1,3,100,40,TSCP_GWC,Gaussian,cqr,shifted,0.5,100.0,0.8866666666666667,2839.9002053175736,17.278303813511755,,0.001001119613647461
0.1,3,100,40,Unscaled,Gaussian,cqr,raw,0.5,100.0,0.9,3277.10227779034,15.184542684114916,,0.0
0.1,3,100,40,Empirical_copula,Gaussian,cqr,raw,0.5,100.0,0.8583333333333333,2238.1510996287134,15.02869938484701,,0.0009987354278564453
0.1,3,100,41,CQHR,Gaussian,cqr,native,0.5,100.0,0.9116666666666666,316724.5833061234,48.13649646849456,15.661052379995706,0.0
0.1,3,100,41,TSCP_R,Gaussian,cqr,shifted,0.5,100.0,0.9033333333333333,2685.9066942449476,15.901459948956841,,0.0010159015655517578
0.1,3,100,41,TSCP_GWC,Gaussian,cqr,shifted,0.5,100.0,0.9033333333333333,2685.9066942449476,15.901459948956841,,0.0
0.1,3,100,41,Unscaled,Gaussian,cqr,raw,0.5,100.0,0.9083333333333333,3426.442559723043,15.506457128981507,,0.0
0.1,3,100,41,Empirical_copula,Gaussian,cqr,raw,0.5,100.0,0.88,2184.0742505993276,15.577758743984557,,0.0009987354278564453
0.1,3,100,42,CQHR,Gaussian,cqr,native,0.5,100.0,0.8733333333333333,39064.06745724519,31.71170485212997,9.807888353070258,0.0
0.1,3,100,42,TSCP_R,Gaussian,cqr,shifted,0.5,100.0,0.8583333333333333,2341.3878497395203,15.992122607678162,,0.0009958744049072266
0.1,3,100,42,TSCP_GWC,Gaussian,cqr,shifted,0.5,100.0,0.8583333333333333,2341.3878497395203,15.992122607678162,,0.0009999275207519531
0.1,3,100,42,Unscaled,Gaussian,cqr,raw,0.5,100.0,0.8633333333333333,2992.894337852332,14.77854372359161,,0.0
0.1,3,100,42,Empirical_copula,Gaussian,cqr,raw,0.5,100.0,0.8316666666666667,2115.50096509569,14.92427399855798,,0.0009996891021728516
0.1,3,100,43,CQHR,Gaussian,cqr,native,0.5,100.0,0.8616666666666667,16199.319466948407,24.754297174345343,8.494891326253638,0.0
0.1,3,100,43,TSCP_R,Gaussian,cqr,shifted,0.5,100.0,0.905,2718.276159831755,17.33315628911685,,0.0
0.1,3,100,43,TSCP_GWC,Gaussian,cqr,shifted,0.5,100.0,0.905,2718.276159831755,17.33315628911685,,0.0
0.1,3,100,43,Unscaled,Gaussian,cqr,raw,0.5,100.0,0.925,3560.6269883767445,15.599228574476298,,0.0
0.1,3,100,43,Empirical_copula,Gaussian,cqr,raw,0.5,100.0,0.905,2695.568850746093,17.97861607308111,,0.0009932518005371094
0.1,3,100,44,CQHR,Gaussian,cqr,native,0.5,100.0,0.9483333333333334,267657.29537157767,64.46411714832172,26.745793169362592,0.0
0.1,3,100,44,TSCP_R,Gaussian,cqr,shifted,0.5,100.0,0.905,2571.1293571494016,15.282716989473483,,0.0009999275207519531
0.1,3,100,44,TSCP_GWC,Gaussian,cqr,shifted,0.5,100.0,0.905,2571.1293571494016,15.282716989473483,,0.0
0.1,3,100,44,Unscaled,Gaussian,cqr,raw,0.5,100.0,0.9066666666666666,2644.8568800944504,14.187320188533143,,0.0
0.1,3,100,44,Empirical_copula,Gaussian,cqr,raw,0.5,100.0,0.8766666666666667,1990.256406141702,14.499363826929105,,0.0
0.1,3,100,45,CQHR,Gaussian,cqr,native,0.5,100.0,0.8983333333333333,55739.58885248743,35.826618725793296,12.523855881886359,0.0
0.1,3,100,45,TSCP_R,Gaussian,cqr,shifted,0.5,100.0,0.745,1642.1914402320463,13.385159768598646,,0.0009999275207519531
0.1,3,100,45,TSCP_GWC,Gaussian,cqr,shifted,0.5,100.0,0.745,1642.1914402320463,13.385159768598646,,0.0
0.1,3,100,45,Unscaled,Gaussian,cqr,raw,0.5,100.0,0.7716666666666666,2022.5375431148661,12.785862845626676,,0.0
0.1,3,100,45,Empirical_copula,Gaussian,cqr,raw,0.5,100.0,0.7166666666666667,1456.282170144096,12.798628712673715,,0.0009999275207519531
0.1,3,100,46,CQHR,Gaussian,cqr,native,0.5,100.0,0.89,91885.65843080157,31.153143404100575,9.752018012869483,0.0
0.1,3,100,46,TSCP_R,Gaussian,cqr,shifted,0.5,100.0,0.885,2543.488109858846,17.388823615466073,,0.001001596450805664
0.1,3,100,46,TSCP_GWC,Gaussian,cqr,shifted,0.5,100.0,0.885,2543.488109858846,17.388823615466073,,0.0
0.1,3,100,46,Unscaled,Gaussian,cqr,raw,0.5,100.0,0.9,3576.857783131744,15.636387360555478,,0.0
0.1,3,100,46,Empirical_copula,Gaussian,cqr,raw,0.5,100.0,0.8583333333333333,2094.2667955594206,17.425048357458117,,0.0009999275207519531
0.1,3,100,47,CQHR,Gaussian,cqr,native,0.5,100.0,0.8533333333333334,19663.878278692486,24.349123848414774,6.921652129175641,0.0
0.1,3,100,47,TSCP_R,Gaussian,cqr,shifted,0.5,100.0,0.93,2906.9311525800995,18.319082068792127,,0.0010001659393310547
0.1,3,100,47,TSCP_GWC,Gaussian,cqr,shifted,0.5,100.0,0.93,2906.9311525800995,18.319082068792127,,0.0
0.1,3,100,47,Unscaled,Gaussian,cqr,raw,0.5,100.0,0.89,2691.0368352699784,14.121076152218015,,0.0
0.1,3,100,47,Empirical_copula,Gaussian,cqr,raw,0.5,100.0,0.925,2580.096863950226,18.34749649070523,,0.0010020732879638672
0.1,3,100,48,CQHR,Gaussian,cqr,native,0.5,100.0,0.8916666666666667,104932.81294698085,33.7359004787247,11.256980531414392,0.0009937286376953125
0.1,3,100,48,TSCP_R,Gaussian,cqr,shifted,0.5,100.0,0.9016666666666666,3494.3522784184024,17.271412605301467,,0.0010066032409667969
0.1,3,100,48,TSCP_GWC,Gaussian,cqr,shifted,0.5,100.0,0.9016666666666666,3494.3522784184024,17.271412605301467,,0.0
0.1,3,100,48,Unscaled,Gaussian,cqr,raw,0.5,100.0,0.9016666666666666,4177.462651602783,16.42705390713223,,0.0
0.1,3,100,48,Empirical_copula,Gaussian,cqr,raw,0.5,100.0,0.8616666666666667,2736.3664768680437,17.832397085450694,,0.0009996891021728516
0.1,3,100,49,CQHR,Gaussian,cqr,native,0.5,100.0,0.9233333333333333,3022981.5671493006,63.533432437572486,14.221149233037874,0.0
0.1,3,100,49,TSCP_R,Gaussian,cqr,shifted,0.5,100.0,0.85,2082.1845560211245,14.632994317272262,,0.0009992122650146484
0.1,3,100,49,TSCP_GWC,Gaussian,cqr,shifted,0.5,100.0,0.85,2082.1845560211245,14.632994317272262,,0.0
0.1,3,100,49,Unscaled,Gaussian,cqr,raw,0.5,100.0,0.8716666666666667,2620.890580367622,14.08518584731581,,0.0009996891021728516
0.1,3,100,49,Empirical_copula,Gaussian,cqr,raw,0.5,100.0,0.835,1974.9808434699958,14.68048152615204,,0.0
0.1,3,100,50,CQHR,Gaussian,cqr,native,0.5,100.0,0.9133333333333333,72735.38511421303,36.52421377936596,12.685516535990043,0.0010004043579101562
0.1,3,100,50,TSCP_R,Gaussian,cqr,shifted,0.5,100.0,0.9316666666666666,3527.999691747711,20.15093897236166,,0.00099945068359375
0.1,3,100,50,TSCP_GWC,Gaussian,cqr,shifted,0.5,100.0,0.9316666666666666,3527.999691747711,20.15093897236166,,0.0
0.1,3,100,50,Unscaled,Gaussian,cqr,raw,0.5,100.0,0.9333333333333333,4322.165160315765,16.58568367976569,,0.0
0.1,3,100,50,Empirical_copula,Gaussian,cqr,raw,0.5,100.0,0.9166666666666666,3245.449651424045,20.15552961672537,,0.0010004043579101562
0.1,3,100,51,CQHR,Gaussian,cqr,native,0.5,100.0,0.8683333333333333,31549.68099654024,28.149097556132485,9.262482879737984,0.0
0.1,3,100,51,TSCP_R,Gaussian,cqr,shifted,0.5,100.0,0.8666666666666667,2663.5443214334414,16.095287428100814,,0.001009225845336914
0.1,3,100,51,TSCP_GWC,Gaussian,cqr,shifted,0.5,100.0,0.8666666666666667,2663.5443214334414,16.095287428100814,,0.0
0.1,3,100,51,Unscaled,Gaussian,cqr,raw,0.5,100.0,0.8733333333333333,3020.823241630414,14.678988868858617,,0.0
0.1,3,100,51,Empirical_copula,Gaussian,cqr,raw,0.5,100.0,0.8566666666666667,2387.329708975191,15.06590444107803,,0.0009970664978027344
0.1,3,100,52,CQHR,Gaussian,cqr,native,0.5,100.0,0.9283333333333333,168568.7222439768,50.27863446272487,15.57046434031175,0.0
0.1,3,100,52,TSCP_R,Gaussian,cqr,shifted,0.5,100.0,0.9366666666666666,4420.439895427084,19.019517033971912,,0.0010080337524414062
0.1,3,100,52,TSCP_GWC,Gaussian,cqr,shifted,0.5,100.0,0.9366666666666666,4420.439895427084,19.019517033971912,,0.0
0.1,3,100,52,Unscaled,Gaussian,cqr,raw,0.5,100.0,0.88,3158.7268963338024,14.900812558622947,,0.0009982585906982422
0.1,3,100,52,Empirical_copula,Gaussian,cqr,raw,0.5,100.0,0.8516666666666667,2416.7870309073496,16.12257990023546,,0.0
0.1,3,100,53,CQHR,Gaussian,cqr,native,0.5,100.0,0.8883333333333333,41485.31904041473,32.32073066000339,10.46761305787979,0.0
0.1,3,100,53,TSCP_R,Gaussian,cqr,shifted,0.5,100.0,0.93,3629.0272733200018,17.76004041393372,,0.0009980201721191406
0.1,3,100,53,TSCP_GWC,Gaussian,cqr,shifted,0.5,100.0,0.93,3629.0272733200018,17.76004041393372,,0.0
0.1,3,100,53,Unscaled,Gaussian,cqr,raw,0.5,100.0,0.93,4446.948672450433,16.9136303515117,,0.0
0.1,3,100,53,Empirical_copula,Gaussian,cqr,raw,0.5,100.0,0.9083333333333333,2954.5326383415936,17.818468381799708,,0.00099945068359375
0.1,3,100,54,CQHR,Gaussian,cqr,native,0.5,100.0,0.8883333333333333,669061.3333335737,37.04270691240404,9.864750637827925,0.0
0.1,3,100,54,TSCP_R,Gaussian,cqr,shifted,0.5,100.0,0.9233333333333333,3125.093299157968,15.868676237418356,,0.0010013580322265625
0.1,3,100,54,TSCP_GWC,Gaussian,cqr,shifted,0.5,100.0,0.9233333333333333,3125.093299157968,15.868676237418356,,0.0
0.1,3,100,54,Unscaled,Gaussian,cqr,raw,0.5,100.0,0.89,2785.598271071329,14.332883851371285,,0.0
0.1,3,100,54,Empirical_copula,Gaussian,cqr,raw,0.5,100.0,0.91,3005.883300649349,17.252884738155274,,0.0009987354278564453
0.1,3,100,55,CQHR,Gaussian,cqr,native,0.5,100.0,0.9166666666666666,68374.14830859195,39.76151463711166,13.645374313235807,0.0009984970092773438
0.1,3,100,55,TSCP_R,Gaussian,cqr,shifted,0.5,100.0,0.915,3502.1368418109882,17.283495461700163,,0.001007080078125
0.1,3,100,55,TSCP_GWC,Gaussian,cqr,shifted,0.5,100.0,0.915,3502.1368418109882,17.283495461700163,,0.0
0.1,3,100,55,Unscaled,Gaussian,cqr,raw,0.5,100.0,0.8566666666666667,2542.3941872337505,13.829632594987386,,0.0
0.1,3,100,55,Empirical_copula,Gaussian,cqr,raw,0.5,100.0,0.845,2354.9710130773547,13.741459048328771,,0.0009999275207519531
0.1,3,100,56,CQHR,Gaussian,cqr,native,0.5,100.0,0.8566666666666667,51528.146606443996,28.84162555149832,9.363591674805791,0.0
0.1,3,100,56,TSCP_R,Gaussian,cqr,shifted,0.5,100.0,0.9066666666666666,2915.8786579214498,16.072837031955086,,0.0010001659393310547
0.1,3,100,56,TSCP_GWC,Gaussian,cqr,shifted,0.5,100.0,0.9066666666666666,2915.8786579214498,16.072837031955086,,0.0
0.1,3,100,56,Unscaled,Gaussian,cqr,raw,0.5,100.0,0.87,2861.6586404825653,14.566107840489597,,0.0
0.1,3,100,56,Empirical_copula,Gaussian,cqr,raw,0.5,100.0,0.8966666666666666,2612.2305407086324,16.051955711952544,,0.0
0.1,3,100,57,CQHR,Gaussian,cqr,native,0.5,100.0,0.9266666666666666,168792.1006784759,39.693399790579754,12.649153622878286,0.0
0.1,3,100,57,TSCP_R,Gaussian,cqr,shifted,0.5,100.0,0.925,3170.654241251757,17.043152120689996,,0.0010006427764892578
0.1,3,100,57,TSCP_GWC,Gaussian,cqr,shifted,0.5,100.0,0.925,3170.654241251757,17.043152120689996,,0.0
0.1,3,100,57,Unscaled,Gaussian,cqr,raw,0.5,100.0,0.9166666666666666,3543.84496966823,15.57912571064065,,0.0
0.1,3,100,57,Empirical_copula,Gaussian,cqr,raw,0.5,100.0,0.9183333333333333,3037.001239441689,17.35608425330272,,0.0
0.1,3,100,58,CQHR,Gaussian,cqr,native,0.5,100.0,0.9316666666666666,118836.04291092545,48.3953785679688,19.372931323555008,0.0
0.1,3,100,58,TSCP_R,Gaussian,cqr,shifted,0.5,100.0,0.8683333333333333,2128.6317183369374,16.422915982086906,,0.001001119613647461
0.1,3,100,58,TSCP_GWC,Gaussian,cqr,shifted,0.5,100.0,0.8683333333333333,2128.6317183369374,16.422915982086906,,0.0
0.1,3,100,58,Unscaled,Gaussian,cqr,raw,0.5,100.0,0.9066666666666666,3011.212954827254,14.806366716360262,,0.0
0.1,3,100,58,Empirical_copula,Gaussian,cqr,raw,0.5,100.0,0.8516666666666667,1980.0559183023947,16.37412566211347,,0.0009999275207519531
0.1,3,100,59,CQHR,Gaussian,cqr,native,0.5,100.0,0.92,78380.02448381427,40.63736153292306,13.467854044186808,0.0
0.1,3,100,59,TSCP_R,Gaussian,cqr,shifted,0.5,100.0,0.905,2764.295328765165,15.07019886860566,,0.0009999275207519531
0.1,3,100,59,TSCP_GWC,Gaussian,cqr,shifted,0.5,100.0,0.905,2764.295328765165,15.07019886860566,,0.0
0.1,3,100,59,Unscaled,Gaussian,cqr,raw,0.5,100.0,0.8916666666666667,2594.011180693633,14.083400746237915,,0.0
0.1,3,100,59,Empirical_copula,Gaussian,cqr,raw,0.5,100.0,0.905,2809.393890961862,15.789794371948695,,0.0
0.1,3,100,60,CQHR,Gaussian,cqr,native,0.5,100.0,0.9433333333333334,7747993.328014614,74.98037650068481,19.36529048443825,0.0
0.1,3,100,60,TSCP_R,Gaussian,cqr,shifted,0.5,100.0,0.9083333333333333,3217.662254944233,16.46691147621994,,0.0009996891021728516
0.1,3,100,60,TSCP_GWC,Gaussian,cqr,shifted,0.5,100.0,0.9083333333333333,3217.662254944233,16.46691147621994,,0.0
0.1,3,100,60,Unscaled,Gaussian,cqr,raw,0.5,100.0,0.8983333333333333,3157.6802466214617,14.880613918236104,,0.0
0.1,3,100,60,Empirical_copula,Gaussian,cqr,raw,0.5,100.0,0.8733333333333333,2282.9204310557147,15.568416256107112,,0.0010001659393310547
0.1,3,100,61,CQHR,Gaussian,cqr,native,0.5,100.0,0.9083333333333333,35683.192036627384,34.61843742090124,12.385386926241837,0.0
0.1,3,100,61,TSCP_R,Gaussian,cqr,shifted,0.5,100.0,0.87,2633.325627038776,14.864834516954192,,0.000995635986328125
0.1,3,100,61,TSCP_GWC,Gaussian,cqr,shifted,0.5,100.0,0.87,2633.325627038776,14.864834516954192,,0.0
0.1,3,100,61,Unscaled,Gaussian,cqr,raw,0.5,100.0,0.8833333333333333,2964.2421114657377,14.591613229194696,,0.0010061264038085938
0.1,3,100,61,Empirical_copula,Gaussian,cqr,raw,0.5,100.0,0.8466666666666667,2173.9138829338303,15.464817794739213,,0.0
0.1,3,100,62,CQHR,Gaussian,cqr,native,0.5,100.0,0.9016666666666666,63557.39651447007,34.09076698379951,9.083063573621466,0.0
0.1,3,100,62,TSCP_R,Gaussian,cqr,shifted,0.5,100.0,0.9116666666666666,2843.5958193378465,16.01137439218735,,0.0010004043579101562
0.1,3,100,62,TSCP_GWC,Gaussian,cqr,shifted,0.5,100.0,0.9116666666666666,2843.5958193378465,16.01137439218735,,0.0012211799621582031
0.1,3,100,62,Unscaled,Gaussian,cqr,raw,0.5,100.0,0.8983333333333333,2894.874330568685,14.545053900219306,,0.0
0.1,3,100,62,Empirical_copula,Gaussian,cqr,raw,0.5,100.0,0.8983333333333333,2734.5558780282645,15.726357686242096,,0.0010395050048828125
0.1,3,100,63,CQHR,Gaussian,cqr,native,0.5,100.0,0.925,1109152.1245796229,50.29841875649747,16.42198824415867,0.0
0.1,3,100,63,TSCP_R,Gaussian,cqr,shifted,0.5,100.0,0.8733333333333333,2378.009050800659,15.08874931777858,,0.0009996891021728516
0.1,3,100,63,TSCP_GWC,Gaussian,cqr,shifted,0.5,100.0,0.8733333333333333,2378.009050800659,15.08874931777858,,0.0
0.1,3,100,63,Unscaled,Gaussian,cqr,raw,0.5,100.0,0.8566666666666667,2711.476711579023,14.189674745989754,,0.0
0.1,3,100,63,Empirical_copula,Gaussian,cqr,raw,0.5,100.0,0.8616666666666667,2243.3920610650607,15.23776789811378,,0.000997781753540039
0.1,3,100,64,CQHR,Gaussian,cqr,native,0.5,100.0,0.8983333333333333,300167.66415107687,38.08917378525044,11.270335692652381,0.0
0.1,3,100,64,TSCP_R,Gaussian,cqr,shifted,0.5,100.0,0.9266666666666666,3621.5403856458393,17.948949472586133,,0.0009980201721191406
0.1,3,100,64,TSCP_GWC,Gaussian,cqr,shifted,0.5,100.0,0.9266666666666666,3621.5403856458393,17.948949472586133,,0.001005411148071289
0.1,3,100,64,Unscaled,Gaussian,cqr,raw,0.5,100.0,0.9216666666666666,4171.542854697824,16.34711820269423,,0.0
0.1,3,100,64,Empirical_copula,Gaussian,cqr,raw,0.5,100.0,0.9283333333333333,3775.4519698264153,18.647718362427575,,0.0009996891021728516
0.1,3,100,65,CQHR,Gaussian,cqr,native,0.5,100.0,0.8983333333333333,489627.26308268664,54.709354243211735,12.526006037600991,0.0
0.1,3,100,65,TSCP_R,Gaussian,cqr,shifted,0.5,100.0,0.9066666666666666,2973.8262622970483,16.95992069666039,,0.0009996891021728516
0.1,3,100,65,TSCP_GWC,Gaussian,cqr,shifted,0.5,100.0,0.9066666666666666,2973.8262622970483,16.95992069666039,,0.0009999275207519531
0.1,3,100,65,Unscaled,Gaussian,cqr,raw,0.5,100.0,0.9116666666666666,3583.862148420336,15.665909858246348,,0.0
0.1,3,100,65,Empirical_copula,Gaussian,cqr,raw,0.5,100.0,0.8766666666666667,2649.0241348599593,17.233908745577217,,0.0
0.1,3,100,66,CQHR,Gaussian,cqr,native,0.5,100.0,0.9033333333333333,55532.846196170125,35.27262616449297,10.940889339867255,0.0
0.1,3,100,66,TSCP_R,Gaussian,cqr,shifted,0.5,100.0,0.8933333333333333,2973.931797108745,17.918598223667747,,0.0009970664978027344
0.1,3,100,66,TSCP_GWC,Gaussian,cqr,shifted,0.5,100.0,0.8933333333333333,2973.931797108745,17.918598223667747,,0.0
0.1,3,100,66,Unscaled,Gaussian,cqr,raw,0.5,100.0,0.9033333333333333,3675.346168939662,15.750014303806893,,0.0
0.1,3,100,66,Empirical_copula,Gaussian,cqr,raw,0.5,100.0,0.8233333333333334,2045.590386595157,15.492381719749291,,0.0010006427764892578
0.1,3,100,67,CQHR,Gaussian,cqr,native,0.5,100.0,0.8583333333333333,123841.11832890307,29.539733430506736,8.424408183444868,0.0
0.1,3,100,67,TSCP_R,Gaussian,cqr,shifted,0.5,100.0,0.9216666666666666,3059.989727563819,17.072717103021937,,0.0010008811950683594
0.1,3,100,67,TSCP_GWC,Gaussian,cqr,shifted,0.5,100.0,0.9216666666666666,3059.989727563819,17.072717103021937,,0.0
0.1,3,100,67,Unscaled,Gaussian,cqr,raw,0.5,100.0,0.92,3783.46678270773,15.897619468096021,,0.0
0.1,3,100,67,Empirical_copula,Gaussian,cqr,raw,0.5,100.0,0.9133333333333333,2667.6755641348273,16.72108767000782,,0.0
0.1,3,100,68,CQHR,Gaussian,cqr,native,0.5,100.0,0.9066666666666666,70452.41842817949,34.87494847406641,10.469160797501635,0.0
0.1,3,100,68,TSCP_R,Gaussian,cqr,shifted,0.5,100.0,0.8716666666666667,2427.8072007134747,14.882103299038071,,0.00099945068359375
0.1,3,100,68,TSCP_GWC,Gaussian,cqr,shifted,0.5,100.0,0.8716666666666667,2427.8072007134747,14.882103299038071,,0.0
0.1,3,100,68,Unscaled,Gaussian,cqr,raw,0.5,100.0,0.8633333333333333,2567.3717934952583,13.906538983828398,,0.0
0.1,3,100,68,Empirical_copula,Gaussian,cqr,raw,0.5,100.0,0.8483333333333334,2073.2741695956643,14.179957578611292,,0.0010004043579101562
0.1,3,100,69,CQHR,Gaussian,cqr,native,0.5,100.0,0.8933333333333333,31054.414392473995,29.903244389153357,10.393533071067955,0.0
0.1,3,100,69,TSCP_R,Gaussian,cqr,shifted,0.5,100.0,0.8466666666666667,2341.9631809946645,15.80154958673209,,0.0019974708557128906
0.1,3,100,69,TSCP_GWC,Gaussian,cqr,shifted,0.5,100.0,0.8466666666666667,2341.9631809946645,15.80154958673209,,0.0010306835174560547
0.1,3,100,69,Unscaled,Gaussian,cqr,raw,0.5,100.0,0.8666666666666667,2552.881702008104,14.046156102562108,,0.0
0.1,3,100,69,Empirical_copula,Gaussian,cqr,raw,0.5,100.0,0.8233333333333334,2016.4991101276983,14.77123522693491,,0.0010132789611816406
0.1,3,100,70,CQHR,Gaussian,cqr,native,0.5,100.0,0.9133333333333333,92871.21539492173,42.23485542311762,13.940903157997688,0.0010001659393310547
0.1,3,100,70,TSCP_R,Gaussian,cqr,shifted,0.5,100.0,0.915,3168.6934147457173,17.006604457130575,,0.0010097026824951172
0.1,3,100,70,TSCP_GWC,Gaussian,cqr,shifted,0.5,100.0,0.915,3168.6934147457173,17.006604457130575,,0.0
0.1,3,100,70,Unscaled,Gaussian,cqr,raw,0.5,100.0,0.88,2811.061210921815,14.306403897454677,,0.0
0.1,3,100,70,Empirical_copula,Gaussian,cqr,raw,0.5,100.0,0.8816666666666667,2695.076193819245,16.26823023626886,,0.0009970664978027344
0.1,3,100,71,CQHR,Gaussian,cqr,native,0.5,100.0,0.9483333333333334,110385.93939403827,44.39772659493123,16.772559207046452,0.0
0.1,3,100,71,TSCP_R,Gaussian,cqr,shifted,0.5,100.0,0.8516666666666667,1825.2144003817184,14.438273331145822,,0.0010020732879638672
0.1,3,100,71,TSCP_GWC,Gaussian,cqr,shifted,0.5,100.0,0.8516666666666667,1825.2144003817184,14.438273331145822,,0.0
0.1,3,100,71,Unscaled,Gaussian,cqr,raw,0.5,100.0,0.8766666666666667,2508.5029383466635,13.877091705986,,0.0
0.1,3,100,71,Empirical_copula,Gaussian,cqr,raw,0.5,100.0,0.8366666666666667,1790.6220746212628,15.130537598545216,,0.0010006427764892578
0.1,3,100,72,CQHR,Gaussian,cqr,native,0.5,100.0,0.9083333333333333,4633422.694322746,57.506097060299155,11.162276528191885,0.0
0.1,3,100,72,TSCP_R,Gaussian,cqr,shifted,0.5,100.0,0.9266666666666666,3671.3670467828433,16.285006351206373,,0.0009992122650146484
0.1,3,100,72,TSCP_GWC,Gaussian,cqr,shifted,0.5,100.0,0.9266666666666666,3671.3670467828433,16.285006351206373,,0.0
0.1,3,100,72,Unscaled,Gaussian,cqr,raw,0.5,100.0,0.9016666666666666,3127.399163484394,14.86845228678953,,0.0
0.1,3,100,72,Empirical_copula,Gaussian,cqr,raw,0.5,100.0,0.89,2768.077519416516,14.97225015021363,,0.0
0.1,3,100,73,CQHR,Gaussian,cqr,native,0.5,100.0,0.935,1029471.0049584311,56.65794065166984,16.231427376992407,0.0
0.1,3,100,73,TSCP_R,Gaussian,cqr,shifted,0.5,100.0,0.875,2229.224402400137,16.019252743535112,,0.001001596450805664
0.1,3,100,73,TSCP_GWC,Gaussian,cqr,shifted,0.5,100.0,0.875,2229.224402400137,16.019252743535112,,0.0
0.1,3,100,73,Unscaled,Gaussian,cqr,raw,0.5,100.0,0.9183333333333333,3252.2223217317805,15.228568744238514,,0.0
0.1,3,100,73,Empirical_copula,Gaussian,cqr,raw,0.5,100.0,0.8733333333333333,2166.8407391917194,15.59188121788291,,0.0010025501251220703
0.1,3,100,74,CQHR,Gaussian,cqr,native,0.5,100.0,0.9216666666666666,181686.8346533309,51.28509032688286,17.93610175081585,0.0
0.1,3,100,74,TSCP_R,Gaussian,cqr,shifted,0.5,100.0,0.8316666666666667,2039.3595175358637,13.7864936456946,,0.0009922981262207031
0.1,3,100,74,TSCP_GWC,Gaussian,cqr,shifted,0.5,100.0,0.8316666666666667,2039.3595175358637,13.7864936456946,,0.0
0.1,3,100,74,Unscaled,Gaussian,cqr,raw,0.5,100.0,0.8316666666666667,2272.776432194153,13.532259597540708,,0.0
0.1,3,100,74,Empirical_copula,Gaussian,cqr,raw,0.5,100.0,0.8066666666666666,1796.8931890634929,13.532259597521886,,0.0009992122650146484
0.1,3,100,75,CQHR,Gaussian,cqr,native,0.5,100.0,0.8533333333333334,20453.641402814224,28.12954481284705,7.671122972977444,0.0
0.1,3,100,75,TSCP_R,Gaussian,cqr,shifted,0.5,100.0,0.82,1840.196889074858,14.33207731002713,,0.0009341239929199219
0.1,3,100,75,TSCP_GWC,Gaussian,cqr,shifted,0.5,100.0,0.82,1840.196889074858,14.33207731002713,,0.0
0.1,3,100,75,Unscaled,Gaussian,cqr,raw,0.5,100.0,0.8466666666666667,2331.4678041897987,13.474439060336845,,0.0
0.1,3,100,75,Empirical_copula,Gaussian,cqr,raw,0.5,100.0,0.8083333333333333,1683.053233011926,15.030783313444957,,0.0
0.1,3,100,76,CQHR,Gaussian,cqr,native,0.5,100.0,0.9033333333333333,56946.31402573886,34.84965992008018,10.955030302453046,0.0009992122650146484
0.1,3,100,76,TSCP_R,Gaussian,cqr,shifted,0.5,100.0,0.9183333333333333,2713.844070297363,16.846903582976786,,0.0009992122650146484
0.1,3,100,76,TSCP_GWC,Gaussian,cqr,shifted,0.5,100.0,0.9183333333333333,2713.844070297363,16.846903582976786,,0.0
0.1,3,100,76,Unscaled,Gaussian,cqr,raw,0.5,100.0,0.8883333333333333,2599.4168806513276,14.036918467268869,,0.0
0.1,3,100,76,Empirical_copula,Gaussian,cqr,raw,0.5,100.0,0.8916666666666667,2273.562093424769,16.851300181337585,,0.0010008811950683594
0.1,3,100,77,CQHR,Gaussian,cqr,native,0.5,100.0,0.9083333333333333,38905.897326479295,30.087253495063766,9.544756391554778,0.00099945068359375
0.1,3,100,77,TSCP_R,Gaussian,cqr,shifted,0.5,100.0,0.9266666666666666,3708.1813462036926,17.728638086550166,,0.0009999275207519531
0.1,3,100,77,TSCP_GWC,Gaussian,cqr,shifted,0.5,100.0,0.9266666666666666,3708.1813462036926,17.728638086550166,,0.0
0.1,3,100,77,Unscaled,Gaussian,cqr,raw,0.5,100.0,0.9166666666666666,4110.733996645231,16.21636897085017,,0.0
0.1,3,100,77,Empirical_copula,Gaussian,cqr,raw,0.5,100.0,0.8616666666666667,2525.3441906205157,16.48563289672091,,0.0009999275207519531
0.1,3,100,78,CQHR,Gaussian,cqr,native,0.5,100.0,0.905,2864208.615862355,58.7698597185996,11.25014477875484,0.0
0.1,3,100,78,TSCP_R,Gaussian,cqr,shifted,0.5,100.0,0.8866666666666667,2540.936036905331,15.543963250984737,,0.000989675521850586
0.1,3,100,78,TSCP_GWC,Gaussian,cqr,shifted,0.5,100.0,0.8866666666666667,2540.936036905331,15.543963250984737,,0.0010068416595458984
0.1,3,100,78,Unscaled,Gaussian,cqr,raw,0.5,100.0,0.89,3059.686362268229,14.727488087603996,,0.0
0.1,3,100,78,Empirical_copula,Gaussian,cqr,raw,0.5,100.0,0.8633333333333333,2382.785577847874,16.115343012678405,,0.00099945068359375
0.1,3,100,79,CQHR,Gaussian,cqr,native,0.5,100.0,0.9283333333333333,177209.72191073748,46.855941419442374,15.467111631342771,0.0
0.1,3,100,79,TSCP_R,Gaussian,cqr,shifted,0.5,100.0,0.94,3315.358695943223,17.843696257554726,,0.001007080078125
0.1,3,100,79,TSCP_GWC,Gaussian,cqr,shifted,0.5,100.0,0.94,3315.358695943223,17.843696257554726,,0.0
0.1,3,100,79,Unscaled,Gaussian,cqr,raw,0.5,100.0,0.9316666666666666,4037.868010418127,16.229159380025727,,0.0
0.1,3,100,79,Empirical_copula,Gaussian,cqr,raw,0.5,100.0,0.9083333333333333,2672.3436667781643,18.46235388025458,,0.0010001659393310547
0.1,3,100,80,CQHR,Gaussian,cqr,native,0.5,100.0,0.92,32997.962009745665,31.319013426279035,11.977847466644896,0.0
0.1,3,100,80,TSCP_R,Gaussian,cqr,shifted,0.5,100.0,0.9033333333333333,2650.9465069042835,17.90634909459356,,0.0009965896606445312
0.1,3,100,80,TSCP_GWC,Gaussian,cqr,shifted,0.5,100.0,0.9033333333333333,2650.9465069042835,17.90634909459356,,0.0009999275207519531
0.1,3,100,80,Unscaled,Gaussian,cqr,raw,0.5,100.0,0.9083333333333333,2890.6933464981726,14.746401589926087,,0.0
0.1,3,100,80,Empirical_copula,Gaussian,cqr,raw,0.5,100.0,0.9066666666666666,2635.277911083616,17.431612904766844,,0.0009996891021728516
0.1,3,100,81,CQHR,Gaussian,cqr,native,0.5,100.0,0.9116666666666666,153970.52956000963,43.48323311645234,13.328922605945278,0.0
0.1,3,100,81,TSCP_R,Gaussian,cqr,shifted,0.5,100.0,0.8633333333333333,2083.184432490687,14.221512198653924,,0.0022399425506591797
0.1,3,100,81,TSCP_GWC,Gaussian,cqr,shifted,0.5,100.0,0.8633333333333333,2083.184432490687,14.221512198653924,,0.0
0.1,3,100,81,Unscaled,Gaussian,cqr,raw,0.5,100.0,0.855,2288.1706844427194,13.528955863210994,,0.0
0.1,3,100,81,Empirical_copula,Gaussian,cqr,raw,0.5,100.0,0.8766666666666667,2181.19250547364,16.15914813426184,,0.0010058879852294922
0.1,3,100,82,CQHR,Gaussian,cqr,native,0.5,100.0,0.93,97522.31261725015,42.224154825700396,15.790166920599123,0.0
0.1,3,100,82,TSCP_R,Gaussian,cqr,shifted,0.5,100.0,0.8933333333333333,2772.37313452701,15.954194839189068,,0.001993417739868164
0.1,3,100,82,TSCP_GWC,Gaussian,cqr,shifted,0.5,100.0,0.8933333333333333,2772.37313452701,15.954194839189068,,0.0
0.1,3,100,82,Unscaled,Gaussian,cqr,raw,0.5,100.0,0.9183333333333333,3444.8846362690483,15.47309366016889,,0.0
0.1,3,100,82,Empirical_copula,Gaussian,cqr,raw,0.5,100.0,0.9066666666666666,2732.178750251298,16.136681839906547,,0.0010097026824951172
0.1,3,100,83,CQHR,Gaussian,cqr,native,0.5,100.0,0.9566666666666667,456248.1276573379,59.91639330300106,23.027707725018306,0.0
0.1,3,100,83,TSCP_R,Gaussian,cqr,shifted,0.5,100.0,0.8833333333333333,2426.895785860409,17.171072364164115,,0.0010001659393310547
0.1,3,100,83,TSCP_GWC,Gaussian,cqr,shifted,0.5,100.0,0.8833333333333333,2426.895785860409,17.171072364164115,,0.0
0.1,3,100,83,Unscaled,Gaussian,cqr,raw,0.5,100.0,0.9333333333333333,3971.794366493249,16.368696923268956,,0.0
0.1,3,100,83,Empirical_copula,Gaussian,cqr,raw,0.5,100.0,0.8866666666666667,2422.3476503414113,17.993612807831084,,0.00099945068359375
0.1,3,100,84,CQHR,Gaussian,cqr,native,0.5,100.0,0.81,30898.527857710018,23.41498683218595,6.90592213874369,0.0
0.1,3,100,84,TSCP_R,Gaussian,cqr,shifted,0.5,100.0,0.8533333333333334,2242.070940758844,14.875204459233519,,0.0009987354278564453
0.1,3,100,84,TSCP_GWC,Gaussian,cqr,shifted,0.5,100.0,0.8533333333333334,2242.070940758844,14.875204459233519,,0.0
0.1,3,100,84,Unscaled,Gaussian,cqr,raw,0.5,100.0,0.85,2585.344859613064,13.886396602912837,,0.0
0.1,3,100,84,Empirical_copula,Gaussian,cqr,raw,0.5,100.0,0.8283333333333334,2079.2871275343737,15.135917441208072,,0.0010068416595458984
0.1,3,100,85,CQHR,Gaussian,cqr,native,0.5,100.0,0.92,56642.19400338774,33.98701959990454,12.201840497312977,0.0
0.1,3,100,85,TSCP_R,Gaussian,cqr,shifted,0.5,100.0,0.9266666666666666,3310.6314266230956,18.236820991726574,,0.0010068416595458984
0.1,3,100,85,TSCP_GWC,Gaussian,cqr,shifted,0.5,100.0,0.9266666666666666,3310.6314266230956,18.236820991726574,,0.0
0.1,3,100,85,Unscaled,Gaussian,cqr,raw,0.5,100.0,0.9166666666666666,3359.8614981320375,15.393615163355419,,0.0
0.1,3,100,85,Empirical_copula,Gaussian,cqr,raw,0.5,100.0,0.8983333333333333,2756.0649144158774,17.726145362252186,,0.0009999275207519531
0.1,3,100,86,CQHR,Gaussian,cqr,native,0.5,100.0,0.925,216563.49616016648,43.19605820476381,14.22096345938844,0.0
0.1,3,100,86,TSCP_R,Gaussian,cqr,shifted,0.5,100.0,0.8333333333333334,1713.9701831920863,14.75030485189903,,0.0010001659393310547
0.1,3,100,86,TSCP_GWC,Gaussian,cqr,shifted,0.5,100.0,0.8333333333333334,1713.9701831920863,14.75030485189903,,0.0
0.1,3,100,86,Unscaled,Gaussian,cqr,raw,0.5,100.0,0.8566666666666667,2303.6842306254493,13.716587713565326,,0.0
0.1,3,100,86,Empirical_copula,Gaussian,cqr,raw,0.5,100.0,0.83,1601.5142584724135,15.245115414852238,,0.000995635986328125
0.1,3,100,87,CQHR,Gaussian,cqr,native,0.5,100.0,0.9183333333333333,1098451.535964429,42.509253352299964,14.099134192439461,0.0
0.1,3,100,87,TSCP_R,Gaussian,cqr,shifted,0.5,100.0,0.9633333333333334,4239.178254590027,20.486568140954496,,0.0009953975677490234
0.1,3,100,87,TSCP_GWC,Gaussian,cqr,shifted,0.5,100.0,0.9633333333333334,4239.178254590027,20.486568140954496,,0.00099945068359375
0.1,3,100,87,Unscaled,Gaussian,cqr,raw,0.5,100.0,0.915,3333.353532048634,15.437362821969874,,0.0
0.1,3,100,87,Empirical_copula,Gaussian,cqr,raw,0.5,100.0,0.9416666666666667,3586.059461161693,20.538477824962367,,0.0
0.1,3,100,88,CQHR,Gaussian,cqr,native,0.5,100.0,0.9233333333333333,788764.1772009671,42.56603628418513,13.19931988773872,0.0
0.1,3,100,88,TSCP_R,Gaussian,cqr,shifted,0.5,100.0,0.935,3565.3124247894025,18.646334792519365,,0.0009925365447998047
0.1,3,100,88,TSCP_GWC,Gaussian,cqr,shifted,0.5,100.0,0.935,3565.3124247894025,18.646334792519365,,0.0010080337524414062
0.1,3,100,88,Unscaled,Gaussian,cqr,raw,0.5,100.0,0.9133333333333333,3474.1828797917333,15.356054854082613,,0.0
0.1,3,100,88,Empirical_copula,Gaussian,cqr,raw,0.5,100.0,0.8966666666666666,2726.5817335508973,16.42589537195097,,0.0009989738464355469
0.1,3,100,89,CQHR,Gaussian,cqr,native,0.5,100.0,0.925,59763.7454082017,36.23171924977955,12.713556206312044,0.0
0.1,3,100,89,TSCP_R,Gaussian,cqr,shifted,0.5,100.0,0.8633333333333333,2023.7447713592571,17.025953365883648,,0.0009927749633789062
0.1,3,100,89,TSCP_GWC,Gaussian,cqr,shifted,0.5,100.0,0.8633333333333333,2023.7447713592571,17.025953365883648,,0.0010066032409667969
0.1,3,100,89,Unscaled,Gaussian,cqr,raw,0.5,100.0,0.9,3041.044142465061,14.886190471074245,,0.0
0.1,3,100,89,Empirical_copula,Gaussian,cqr,raw,0.5,100.0,0.8416666666666667,1774.2574559676912,16.165573560588783,,0.0009932518005371094
0.1,3,100,90,CQHR,Gaussian,cqr,native,0.5,100.0,0.8616666666666667,485156.7863347834,33.71472482663488,8.902324403524888,0.0
0.1,3,100,90,TSCP_R,Gaussian,cqr,shifted,0.5,100.0,0.7933333333333333,1823.7483034999887,13.496158696778043,,0.0010001659393310547
0.1,3,100,90,TSCP_GWC,Gaussian,cqr,shifted,0.5,100.0,0.7933333333333333,1823.7483034999887,13.496158696778043,,0.0009930133819580078
0.1,3,100,90,Unscaled,Gaussian,cqr,raw,0.5,100.0,0.8183333333333334,2118.2759822435182,13.148822298560509,,0.0
0.1,3,100,90,Empirical_copula,Gaussian,cqr,raw,0.5,100.0,0.8133333333333334,1912.34116276201,14.803764810428984,,0.0
0.1,3,100,91,CQHR,Gaussian,cqr,native,0.5,100.0,0.935,123561.01588683775,44.045715772400115,12.492881829299261,0.0
0.1,3,100,91,TSCP_R,Gaussian,cqr,shifted,0.5,100.0,0.87,2464.3176741550665,15.57749234185645,,0.0009996891021728516
0.1,3,100,91,TSCP_GWC,Gaussian,cqr,shifted,0.5,100.0,0.87,2464.3176741550665,15.57749234185645,,0.0
0.1,3,100,91,Unscaled,Gaussian,cqr,raw,0.5,100.0,0.8516666666666667,2429.122026925631,13.605499511524869,,0.0
0.1,3,100,91,Empirical_copula,Gaussian,cqr,raw,0.5,100.0,0.8283333333333334,1947.7346531660714,15.264218665320607,,0.0
0.1,3,100,92,CQHR,Gaussian,cqr,native,0.5,100.0,0.8633333333333333,51495.64491278153,37.14639026425274,9.722636540546809,0.0
0.1,3,100,92,TSCP_R,Gaussian,cqr,shifted,0.5,100.0,0.8716666666666667,2579.679405108895,15.947418670842444,,0.00098419189453125
0.1,3,100,92,TSCP_GWC,Gaussian,cqr,shifted,0.5,100.0,0.8716666666666667,2579.679405108895,15.947418670842444,,0.0
0.1,3,100,92,Unscaled,Gaussian,cqr,raw,0.5,100.0,0.8466666666666667,2803.982945633626,14.263251990438269,,0.0
0.1,3,100,92,Empirical_copula,Gaussian,cqr,raw,0.5,100.0,0.8216666666666667,2117.196532705501,14.263251990312208,,0.0
0.1,3,100,93,CQHR,Gaussian,cqr,native,0.5,100.0,0.94,85913.76560854125,44.16482024161039,16.426765773537745,0.0010006427764892578
0.1,3,100,93,TSCP_R,Gaussian,cqr,shifted,0.5,100.0,0.955,4903.8908769982645,21.49721778338255,,0.00099945068359375
0.1,3,100,93,TSCP_GWC,Gaussian,cqr,shifted,0.5,100.0,0.955,4903.8908769982645,21.49721778338255,,0.0
0.1,3,100,93,Unscaled,Gaussian,cqr,raw,0.5,100.0,0.9583333333333334,5009.975778257642,17.39924978147012,,0.0
0.1,3,100,93,Empirical_copula,Gaussian,cqr,raw,0.5,100.0,0.9166666666666666,3595.8615485779446,19.022882394188237,,0.0010046958923339844
0.1,3,100,94,CQHR,Gaussian,cqr,native,0.5,100.0,0.96,26987818.7603425,115.39762205954928,23.82201344482506,0.0
0.1,3,100,94,TSCP_R,Gaussian,cqr,shifted,0.5,100.0,0.8783333333333333,2849.3661885522893,18.630617296184102,,0.0009999275207519531
0.1,3,100,94,TSCP_GWC,Gaussian,cqr,shifted,0.5,100.0,0.8783333333333333,2849.3661885522893,18.630617296184102,,0.0
0.1,3,100,94,Unscaled,Gaussian,cqr,raw,0.5,100.0,0.8866666666666667,3085.171493487743,14.876813562041225,,0.0
0.1,3,100,94,Empirical_copula,Gaussian,cqr,raw,0.5,100.0,0.8666666666666667,2536.3134710684735,17.226556854840574,,0.0010044574737548828
0.1,3,100,95,CQHR,Gaussian,cqr,native,0.5,100.0,0.855,91385.57342701238,34.136252843963284,9.556533583211078,0.0
0.1,3,100,95,TSCP_R,Gaussian,cqr,shifted,0.5,100.0,0.8833333333333333,2438.0229852642296,15.561465610179845,,0.0010004043579101562
0.1,3,100,95,TSCP_GWC,Gaussian,cqr,shifted,0.5,100.0,0.8833333333333333,2438.0229852642296,15.561465610179845,,0.0
0.1,3,100,95,Unscaled,Gaussian,cqr,raw,0.5,100.0,0.8583333333333333,2497.308278169508,13.878109729647303,,0.0
0.1,3,100,95,Empirical_copula,Gaussian,cqr,raw,0.5,100.0,0.8266666666666667,1944.449684067245,13.461754768064333,,0.0010104179382324219
0.1,3,100,96,CQHR,Gaussian,cqr,native,0.5,100.0,0.8216666666666667,15377.06699303951,25.011611333137925,7.690906489446533,0.0
0.1,3,100,96,TSCP_R,Gaussian,cqr,shifted,0.5,100.0,0.865,2138.073747034677,14.959995044609613,,0.0009968280792236328
0.1,3,100,96,TSCP_GWC,Gaussian,cqr,shifted,0.5,100.0,0.865,2138.073747034677,14.959995044609613,,0.0
0.1,3,100,96,Unscaled,Gaussian,cqr,raw,0.5,100.0,0.87,2621.2618030179797,14.144378622862508,,0.0
0.1,3,100,96,Empirical_copula,Gaussian,cqr,raw,0.5,100.0,0.86,2168.7820977150936,14.351575790713692,,0.00099945068359375
0.1,3,100,97,CQHR,Gaussian,cqr,native,0.5,100.0,0.9,32109.45317283844,31.319910495877274,9.702972923914237,0.0
0.1,3,100,97,TSCP_R,Gaussian,cqr,shifted,0.5,100.0,0.9033333333333333,3002.1889178535243,18.992597230615427,,0.0010066032409667969
0.1,3,100,97,TSCP_GWC,Gaussian,cqr,shifted,0.5,100.0,0.9033333333333333,3002.1889178535243,18.992597230615427,,0.0
0.1,3,100,97,Unscaled,Gaussian,cqr,raw,0.5,100.0,0.9366666666666666,4496.234402974615,16.789050708820838,,0.0
0.1,3,100,97,Empirical_copula,Gaussian,cqr,raw,0.5,100.0,0.8866666666666667,2697.1440799402594,18.5963589156894,,0.0009996891021728516
0.1,3,100,98,CQHR,Gaussian,cqr,native,0.5,100.0,0.875,69733.63372631375,36.44045631250453,11.207466442557399,0.0
0.1,3,100,98,TSCP_R,Gaussian,cqr,shifted,0.5,100.0,0.8983333333333333,2619.138507767897,17.203807042188256,,0.0009999275207519531
0.1,3,100,98,TSCP_GWC,Gaussian,cqr,shifted,0.5,100.0,0.8983333333333333,2619.138507767897,17.203807042188256,,0.0
0.1,3,100,98,Unscaled,Gaussian,cqr,raw,0.5,100.0,0.9066666666666666,3309.9917096160893,15.263588648186776,,0.0
0.1,3,100,98,Empirical_copula,Gaussian,cqr,raw,0.5,100.0,0.885,2271.912541688578,17.03389791257821,,0.0010006427764892578
0.1,3,100,99,CQHR,Gaussian,cqr,native,0.5,100.0,0.9083333333333333,40705.638057983044,30.427845529140626,10.147193937050295,0.0
0.1,3,100,99,TSCP_R,Gaussian,cqr,shifted,0.5,100.0,0.8583333333333333,2038.696524621629,14.684251205113414,,0.0009932518005371094
0.1,3,100,99,TSCP_GWC,Gaussian,cqr,shifted,0.5,100.0,0.8583333333333333,2038.696524621629,14.684251205113414,,0.0009989738464355469
0.1,3,100,99,Unscaled,Gaussian,cqr,raw,0.5,100.0,0.8766666666666667,2494.3989315991803,13.855302844865912,,0.0
0.1,3,100,99,Empirical_copula,Gaussian,cqr,raw,0.5,100.0,0.8383333333333334,1884.911693357098,14.013049966706827,,0.0009992122650146484
0.1,3,100,0,CQHR,Gaussian,cqr,native,0.5,1000.0,0.895,327688.01597186597,37.251524657940266,10.365803634595775,0.0
0.1,3,100,0,TSCP_R,Gaussian,cqr,shifted,0.5,1000.0,0.8516666666666667,2305.6876467116954,15.122605021386288,,0.0010004043579101562
0.1,3,100,0,TSCP_GWC,Gaussian,cqr,shifted,0.5,1000.0,0.8516666666666667,2305.6876467116954,15.122605021386288,,0.0
0.1,3,100,0,Unscaled,Gaussian,cqr,raw,0.5,1000.0,0.8766666666666667,2909.2055204360636,14.562847509054714,,0.0
0.1,3,100,0,Empirical_copula,Gaussian,cqr,raw,0.5,1000.0,0.8466666666666667,2117.057048116672,14.71710611982909,,0.0009999275207519531
0.1,3,100,1,CQHR,Gaussian,cqr,native,0.5,1000.0,0.9433333333333334,1053219.868535064,56.304374011588166,15.81810981794344,0.0
0.1,3,100,1,TSCP_R,Gaussian,cqr,shifted,0.5,1000.0,0.93,3156.952891416049,17.226843437372434,,0.0009958744049072266
0.1,3,100,1,TSCP_GWC,Gaussian,cqr,shifted,0.5,1000.0,0.93,3156.952891416049,17.226843437372434,,0.0009996891021728516
0.1,3,100,1,Unscaled,Gaussian,cqr,raw,0.5,1000.0,0.9183333333333333,3551.2920495254393,15.488442614648177,,0.0
0.1,3,100,1,Empirical_copula,Gaussian,cqr,raw,0.5,1000.0,0.9216666666666666,3321.8349502744077,16.74317277231942,,0.0009989738464355469
0.1,3,100,2,CQHR,Gaussian,cqr,native,0.5,1000.0,0.8883333333333333,29274.21596527618,31.285845499764413,12.786342812248847,0.0
0.1,3,100,2,TSCP_R,Gaussian,cqr,shifted,0.5,1000.0,0.935,3133.789537566142,16.10971026374851,,0.0
0.1,3,100,2,TSCP_GWC,Gaussian,cqr,shifted,0.5,1000.0,0.935,3133.789537566142,16.10971026374851,,0.0
0.1,3,100,2,Unscaled,Gaussian,cqr,raw,0.5,1000.0,0.905,2885.9412661006,14.725590379022169,,0.0
0.1,3,100,2,Empirical_copula,Gaussian,cqr,raw,0.5,1000.0,0.925,2844.8229663291972,17.342296696698575,,0.001004934310913086
0.1,3,100,3,CQHR,Gaussian,cqr,native,0.5,1000.0,0.8466666666666667,24106.9121527216,26.54915958533141,7.62424150523632,0.0
0.1,3,100,3,TSCP_R,Gaussian,cqr,shifted,0.5,1000.0,0.885,2526.888153633657,16.622875030462197,,0.0
0.1,3,100,3,TSCP_GWC,Gaussian,cqr,shifted,0.5,1000.0,0.885,2526.888153633657,16.622875030462197,,0.0
0.1,3,100,3,Unscaled,Gaussian,cqr,raw,0.5,1000.0,0.905,3608.723127915155,15.475152577011055,,0.0
0.1,3,100,3,Empirical_copula,Gaussian,cqr,raw,0.5,1000.0,0.8766666666666667,2467.3608388999965,16.27230926828885,,0.0010027885437011719
0.1,3,100,4,CQHR,Gaussian,cqr,native,0.5,1000.0,0.955,271978.57906261407,63.283168855506375,24.63764815926394,0.0
0.1,3,100,4,TSCP_R,Gaussian,cqr,shifted,0.5,1000.0,0.92,3486.8857473676567,17.3042757499372,,0.0010023117065429688
0.1,3,100,4,TSCP_GWC,Gaussian,cqr,shifted,0.5,1000.0,0.92,3486.8857473676567,17.3042757499372,,0.0
0.1,3,100,4,Unscaled,Gaussian,cqr,raw,0.5,1000.0,0.915,3768.303765016622,15.873521600490239,,0.0
0.1,3,100,4,Empirical_copula,Gaussian,cqr,raw,0.5,1000.0,0.905,3308.4280923304036,18.576715870376617,,0.001001119613647461
0.1,3,100,5,CQHR,Gaussian,cqr,native,0.5,1000.0,0.925,394118.1291778131,52.0950803234469,15.796827663721299,0.0
0.1,3,100,5,TSCP_R,Gaussian,cqr,shifted,0.5,1000.0,0.9233333333333333,2668.9783884467747,15.14955127119893,,0.0009996891021728516
0.1,3,100,5,TSCP_GWC,Gaussian,cqr,shifted,0.5,1000.0,0.9233333333333333,2668.9783884467747,15.14955127119893,,0.0
0.1,3,100,5,Unscaled,Gaussian,cqr,raw,0.5,1000.0,0.915,2740.306796047235,14.369462593502012,,0.0
0.1,3,100,5,Empirical_copula,Gaussian,cqr,raw,0.5,1000.0,0.915,2741.6657296227795,14.413895556236794,,0.0010004043579101562
0.1,3,100,6,CQHR,Gaussian,cqr,native,0.5,1000.0,0.9416666666666667,54416.260765461106,37.04678794005916,12.06068935174857,0.0
0.1,3,100,6,TSCP_R,Gaussian,cqr,shifted,0.5,1000.0,0.9066666666666666,2548.0437949476145,15.478478941567625,,0.0009992122650146484
0.1,3,100,6,TSCP_GWC,Gaussian,cqr,shifted,0.5,1000.0,0.9066666666666666,2548.0437949476145,15.478478941567625,,0.0
0.1,3,100,6,Unscaled,Gaussian,cqr,raw,0.5,1000.0,0.8833333333333333,2669.8254726800437,14.123597492333031,,0.0
0.1,3,100,6,Empirical_copula,Gaussian,cqr,raw,0.5,1000.0,0.88,2314.309762907716,14.207614398748717,,0.0009999275207519531
0.1,3,100,7,CQHR,Gaussian,cqr,native,0.5,1000.0,0.8466666666666667,50276.77954545372,30.074055369742855,8.520504796993427,0.0
0.1,3,100,7,TSCP_R,Gaussian,cqr,shifted,0.5,1000.0,0.8416666666666667,1962.8780200304018,17.227297418695848,,0.0010027885437011719
0.1,3,100,7,TSCP_GWC,Gaussian,cqr,shifted,0.5,1000.0,0.8416666666666667,1962.8780200304018,17.227297418695848,,0.0
0.1,3,100,7,Unscaled,Gaussian,cqr,raw,0.5,1000.0,0.9183333333333333,3396.596818120194,15.460815171925441,,0.0
0.1,3,100,7,Empirical_copula,Gaussian,cqr,raw,0.5,1000.0,0.8366666666666667,2182.1388860739735,20.585278701277865,,0.0010690689086914062
0.1,3,100,8,CQHR,Gaussian,cqr,native,0.5,1000.0,0.8666666666666667,321776.1242843237,37.3185856839611,8.775750274886063,0.0
0.1,3,100,8,TSCP_R,Gaussian,cqr,shifted,0.5,1000.0,0.945,4680.730505983479,19.214648487515664,,0.0009996891021728516
0.1,3,100,8,TSCP_GWC,Gaussian,cqr,shifted,0.5,1000.0,0.945,4680.730505983479,19.214648487515664,,0.0
0.1,3,100,8,Unscaled,Gaussian,cqr,raw,0.5,1000.0,0.93,4343.356541635121,16.537526688700243,,0.0
0.1,3,100,8,Empirical_copula,Gaussian,cqr,raw,0.5,1000.0,0.885,2817.0912947848083,18.258029152306563,,0.0009996891021728516
0.1,3,100,9,CQHR,Gaussian,cqr,native,0.5,1000.0,0.9533333333333334,250499.14917637766,49.5862303251885,16.014486531115658,0.0
0.1,3,100,9,TSCP_R,Gaussian,cqr,shifted,0.5,1000.0,0.925,3770.766827707528,19.131008926153747,,0.0009984970092773438
0.1,3,100,9,TSCP_GWC,Gaussian,cqr,shifted,0.5,1000.0,0.925,3770.766827707528,19.131008926153747,,0.00099945068359375
0.1,3,100,9,Unscaled,Gaussian,cqr,raw,0.5,1000.0,0.925,4686.703399765314,16.962320156697082,,0.0
0.1,3,100,9,Empirical_copula,Gaussian,cqr,raw,0.5,1000.0,0.8916666666666667,2980.152721337158,18.722056933559823,,0.0010001659393310547
0.1,3,100,10,CQHR,Gaussian,cqr,native,0.5,1000.0,0.92,195355.60929118967,40.63118200505792,13.284188364811339,0.0
0.1,3,100,10,TSCP_R,Gaussian,cqr,shifted,0.5,1000.0,0.8583333333333333,2670.8031835183297,14.909443490751464,,0.0009999275207519531
0.1,3,100,10,TSCP_GWC,Gaussian,cqr,shifted,0.5,1000.0,0.8583333333333333,2670.8031835183297,14.909443490751464,,0.0
0.1,3,100,10,Unscaled,Gaussian,cqr,raw,0.5,1000.0,0.8666666666666667,2738.9026149144725,14.347727705448728,,0.0
0.1,3,100,10,Empirical_copula,Gaussian,cqr,raw,0.5,1000.0,0.8516666666666667,2252.316868474216,14.068974187429058,,0.0009949207305908203
0.1,3,100,11,CQHR,Gaussian,cqr,native,0.5,1000.0,0.8883333333333333,45321.11065799975,32.44559549444057,10.069722479240522,0.0
0.1,3,100,11,TSCP_R,Gaussian,cqr,shifted,0.5,1000.0,0.85,1847.1071943179525,14.547391741753755,,0.0009999275207519531
0.1,3,100,11,TSCP_GWC,Gaussian,cqr,shifted,0.5,1000.0,0.85,1847.1071943179525,14.547391741753755,,0.0
0.1,3,100,11,Unscaled,Gaussian,cqr,raw,0.5,1000.0,0.8466666666666667,1894.6047161980143,12.631648394232842,,0.0
0.1,3,100,11,Empirical_copula,Gaussian,cqr,raw,0.5,1000.0,0.8416666666666667,1661.063368081284,13.683082460659937,,0.0009996891021728516
0.1,3,100,12,CQHR,Gaussian,cqr,native,0.5,1000.0,0.9583333333333334,94880889.46128516,142.62512475456944,22.30200417726445,0.0
0.1,3,100,12,TSCP_R,Gaussian,cqr,shifted,0.5,1000.0,0.9266666666666666,2890.8844318442334,15.652272101972601,,0.0010743141174316406
0.1,3,100,12,TSCP_GWC,Gaussian,cqr,shifted,0.5,1000.0,0.9266666666666666,2890.8844318442334,15.652272101972601,,0.0
0.1,3,100,12,Unscaled,Gaussian,cqr,raw,0.5,1000.0,0.8916666666666667,2732.3830206982666,14.477761937927038,,0.0
0.1,3,100,12,Empirical_copula,Gaussian,cqr,raw,0.5,1000.0,0.9066666666666666,2639.6535305409793,15.431624361261605,,0.0010018348693847656
0.1,3,100,13,CQHR,Gaussian,cqr,native,0.5,1000.0,0.915,564491.8646817057,41.59162325628421,12.496408183308366,0.0
0.1,3,100,13,TSCP_R,Gaussian,cqr,shifted,0.5,1000.0,0.8716666666666667,2597.1177781413317,14.822586688563872,,0.0
0.1,3,100,13,TSCP_GWC,Gaussian,cqr,shifted,0.5,1000.0,0.8716666666666667,2597.1177781413317,14.822586688563872,,0.0
0.1,3,100,13,Unscaled,Gaussian,cqr,raw,0.5,1000.0,0.875,2820.058523405798,14.536983451459216,,0.0
0.1,3,100,13,Empirical_copula,Gaussian,cqr,raw,0.5,1000.0,0.855,2316.9717855357767,14.523276143783402,,0.0010025501251220703
0.1,3,100,14,CQHR,Gaussian,cqr,native,0.5,1000.0,0.94,712715.7866156225,61.80179263046543,18.004081443861075,0.0009987354278564453
0.1,3,100,14,TSCP_R,Gaussian,cqr,shifted,0.5,1000.0,0.9066666666666666,2878.023776733807,18.07179528548107,,0.0009944438934326172
0.1,3,100,14,TSCP_GWC,Gaussian,cqr,shifted,0.5,1000.0,0.9066666666666666,2878.023776733807,18.07179528548107,,0.0
0.1,3,100,14,Unscaled,Gaussian,cqr,raw,0.5,1000.0,0.9,3271.3379862870293,15.077808458375767,,0.0
0.1,3,100,14,Empirical_copula,Gaussian,cqr,raw,0.5,1000.0,0.8983333333333333,2662.3253018347095,16.494662065046565,,0.0010085105895996094
0.1,3,100,15,CQHR,Gaussian,cqr,native,0.5,1000.0,0.9233333333333333,437213.163955155,49.29901457460539,14.877258732932132,0.0
0.1,3,100,15,TSCP_R,Gaussian,cqr,shifted,0.5,1000.0,0.8983333333333333,2669.688373779287,16.110893655505425,,0.000997781753540039
0.1,3,100,15,TSCP_GWC,Gaussian,cqr,shifted,0.5,1000.0,0.8983333333333333,2669.688373779287,16.110893655505425,,0.0
0.1,3,100,15,Unscaled,Gaussian,cqr,raw,0.5,1000.0,0.8766666666666667,2760.3343105077647,14.274842921586297,,0.0
0.1,3,100,15,Empirical_copula,Gaussian,cqr,raw,0.5,1000.0,0.895,2655.389757391675,16.237143079039665,,0.0009992122650146484
0.1,3,100,16,CQHR,Gaussian,cqr,native,0.5,1000.0,0.93,408541.06068608584,49.55584863228415,13.812996915558204,0.0
0.1,3,100,16,TSCP_R,Gaussian,cqr,shifted,0.5,1000.0,0.9083333333333333,3104.747101156725,16.947651111792656,,0.001001119613647461
0.1,3,100,16,TSCP_GWC,Gaussian,cqr,shifted,0.5,1000.0,0.9083333333333333,3104.747101156725,16.947651111792656,,0.0
0.1,3,100,16,Unscaled,Gaussian,cqr,raw,0.5,1000.0,0.9066666666666666,3940.1257067221177,15.951377123780778,,0.0
0.1,3,100,16,Empirical_copula,Gaussian,cqr,raw,0.5,1000.0,0.8666666666666667,2553.7949571258864,16.38620978307783,,0.0
0.1,3,100,17,CQHR,Gaussian,cqr,native,0.5,1000.0,0.9366666666666666,97239965.92362231,184.6449450274342,15.979122322888117,0.0009984970092773438
0.1,3,100,17,TSCP_R,Gaussian,cqr,shifted,0.5,1000.0,0.875,2762.6641944661774,15.972234667113483,,0.0010001659393310547
0.1,3,100,17,TSCP_GWC,Gaussian,cqr,shifted,0.5,1000.0,0.875,2762.6641944661774,15.972234667113483,,0.0
0.1,3,100,17,Unscaled,Gaussian,cqr,raw,0.5,1000.0,0.8816666666666667,3233.9651332358585,15.10865496223148,,0.0
0.1,3,100,17,Empirical_copula,Gaussian,cqr,raw,0.5,1000.0,0.855,2290.3275672729997,15.680896162200295,,0.00099945068359375
0.1,3,100,18,CQHR,Gaussian,cqr,native,0.5,1000.0,0.92,479597.7011579011,49.152766071153316,18.201477828023677,0.0
0.1,3,100,18,TSCP_R,Gaussian,cqr,shifted,0.5,1000.0,0.8466666666666667,1893.4166043133362,14.261197140605328,,0.0010066032409667969
0.1,3,100,18,TSCP_GWC,Gaussian,cqr,shifted,0.5,1000.0,0.8466666666666667,1893.4166043133362,14.261197140605328,,0.0
0.1,3,100,18,Unscaled,Gaussian,cqr,raw,0.5,1000.0,0.865,2324.4159020151433,13.632492515796061,,0.0
0.1,3,100,18,Empirical_copula,Gaussian,cqr,raw,0.5,1000.0,0.8416666666666667,1859.9935583732115,14.326744507088833,,0.0
0.1,3,100,19,CQHR,Gaussian,cqr,native,0.5,1000.0,0.925,74220.8150031112,42.33500387110758,16.557900569956477,0.0
0.1,3,100,19,TSCP_R,Gaussian,cqr,shifted,0.5,1000.0,0.875,2508.8871790819735,15.658332651298828,,0.0010008811950683594
0.1,3,100,19,TSCP_GWC,Gaussian,cqr,shifted,0.5,1000.0,0.875,2508.8871790819735,15.658332651298828,,0.0009987354278564453
0.1,3,100,19,Unscaled,Gaussian,cqr,raw,0.5,1000.0,0.8883333333333333,3276.285752816589,15.268148073423985,,0.0
0.1,3,100,19,Empirical_copula,Gaussian,cqr,raw,0.5,1000.0,0.8683333333333333,2357.700057558568,15.614345403175646,,0.0010089874267578125
0.1,3,100,20,CQHR,Gaussian,cqr,native,0.5,1000.0,0.8883333333333333,79669.66350690449,34.216716569387884,11.051250982884048,0.0
0.1,3,100,20,TSCP_R,Gaussian,cqr,shifted,0.5,1000.0,0.88,2617.062822265385,15.96971003181234,,0.0009932518005371094
0.1,3,100,20,TSCP_GWC,Gaussian,cqr,shifted,0.5,1000.0,0.88,2617.062822265385,15.96971003181234,,0.0
0.1,3,100,20,Unscaled,Gaussian,cqr,raw,0.5,1000.0,0.8783333333333333,2830.1067313107988,14.386566028168158,,0.0
0.1,3,100,20,Empirical_copula,Gaussian,cqr,raw,0.5,1000.0,0.8316666666666667,2297.9499227845495,17.709847025742143,,0.0010111331939697266
0.1,3,100,21,CQHR,Gaussian,cqr,native,0.5,1000.0,0.8966666666666666,40065.96362050608,32.024426545313574,11.225386993169863,0.0
0.1,3,100,21,TSCP_R,Gaussian,cqr,shifted,0.5,1000.0,0.8383333333333334,2051.814767776617,15.063384801451535,,0.001994609832763672
0.1,3,100,21,TSCP_GWC,Gaussian,cqr,shifted,0.5,1000.0,0.8383333333333334,2051.814767776617,15.063384801451535,,0.0
0.1,3,100,21,Unscaled,Gaussian,cqr,raw,0.5,1000.0,0.815,2071.894147135259,12.928883425779505,,0.0
0.1,3,100,21,Empirical_copula,Gaussian,cqr,raw,0.5,1000.0,0.8216666666666667,1811.3433799103718,15.50507526199365,,0.0010001659393310547
0.1,3,100,22,CQHR,Gaussian,cqr,native,0.5,1000.0,0.855,58965.07289791749,28.47752735369384,9.565217493779368,0.0
0.1,3,100,22,TSCP_R,Gaussian,cqr,shifted,0.5,1000.0,0.9333333333333333,3904.920882112039,20.387969716455657,,0.0
0.1,3,100,22,TSCP_GWC,Gaussian,cqr,shifted,0.5,1000.0,0.9333333333333333,3904.920882112039,20.387969716455657,,0.0010001659393310547
0.1,3,100,22,Unscaled,Gaussian,cqr,raw,0.5,1000.0,0.94,4618.43085696522,17.079296664516576,,0.0
0.1,3,100,22,Empirical_copula,Gaussian,cqr,raw,0.5,1000.0,0.8933333333333333,2831.5163103624723,18.65214824642711,,0.0010001659393310547
0.1,3,100,23,CQHR,Gaussian,cqr,native,0.5,1000.0,0.915,41790.63502182353,34.365735037962835,13.219926291410973,0.0
0.1,3,100,23,TSCP_R,Gaussian,cqr,shifted,0.5,1000.0,0.97,6072.554379743039,20.60077653903459,,0.0009999275207519531
0.1,3,100,23,TSCP_GWC,Gaussian,cqr,shifted,0.5,1000.0,0.97,6072.554379743039,20.60077653903459,,0.0
0.1,3,100,23,Unscaled,Gaussian,cqr,raw,0.5,1000.0,0.9733333333333334,6435.677798467209,18.8847352299002,,0.0
0.1,3,100,23,Empirical_copula,Gaussian,cqr,raw,0.5,1000.0,0.965,5556.23913127191,20.00239842480429,,0.0009999275207519531
0.1,3,100,24,CQHR,Gaussian,cqr,native,0.5,1000.0,0.825,198428.01100583625,28.41408076917869,8.703064917860278,0.0
0.1,3,100,24,TSCP_R,Gaussian,cqr,shifted,0.5,1000.0,0.915,3087.396616087575,17.152242043041586,,0.001005411148071289
0.1,3,100,24,TSCP_GWC,Gaussian,cqr,shifted,0.5,1000.0,0.915,3087.396616087575,17.152242043041586,,0.0
0.1,3,100,24,Unscaled,Gaussian,cqr,raw,0.5,1000.0,0.925,3933.548350595173,16.298446691047822,,0.0
0.1,3,100,24,Empirical_copula,Gaussian,cqr,raw,0.5,1000.0,0.8983333333333333,2769.8410459100824,16.60673572987975,,0.0
0.1,3,100,25,CQHR,Gaussian,cqr,native,0.5,1000.0,0.9433333333333334,128358.71186213757,47.8267321318133,16.777745496193877,0.0
0.1,3,100,25,TSCP_R,Gaussian,cqr,shifted,0.5,1000.0,0.8883333333333333,2869.7299471081624,17.184587907183953,,0.0009996891021728516
0.1,3,100,25,TSCP_GWC,Gaussian,cqr,shifted,0.5,1000.0,0.8883333333333333,2869.7299471081624,17.184587907183953,,0.0
0.1,3,100,25,Unscaled,Gaussian,cqr,raw,0.5,1000.0,0.875,2738.8173791617146,14.144702145966011,,0.0
0.1,3,100,25,Empirical_copula,Gaussian,cqr,raw,0.5,1000.0,0.87,2439.703427890487,15.513387617694015,,0.0010068416595458984
0.1,3,100,26,CQHR,Gaussian,cqr,native,0.5,1000.0,0.9483333333333334,843950.2764710016,70.09692326581371,22.98143834324592,0.0
0.1,3,100,26,TSCP_R,Gaussian,cqr,shifted,0.5,1000.0,0.8866666666666667,2420.5484711353843,16.347925260817117,,0.0010068416595458984
0.1,3,100,26,TSCP_GWC,Gaussian,cqr,shifted,0.5,1000.0,0.8866666666666667,2420.5484711353843,16.347925260817117,,0.0
0.1,3,100,26,Unscaled,Gaussian,cqr,raw,0.5,1000.0,0.8683333333333333,2732.2399250174044,14.221290166769414,,0.0
0.1,3,100,26,Empirical_copula,Gaussian,cqr,raw,0.5,1000.0,0.8566666666666667,2066.626285049543,15.981737761872228,,0.0009992122650146484
0.1,3,100,27,CQHR,Gaussian,cqr,native,0.5,1000.0,0.89,622816.8744766932,40.46865093099656,12.256594617965648,0.0
0.1,3,100,27,TSCP_R,Gaussian,cqr,shifted,0.5,1000.0,0.8766666666666667,2323.4440547613917,14.306511772957291,,0.0010013580322265625
0.1,3,100,27,TSCP_GWC,Gaussian,cqr,shifted,0.5,1000.0,0.8766666666666667,2323.4440547613917,14.306511772957291,,0.0
0.1,3,100,27,Unscaled,Gaussian,cqr,raw,0.5,1000.0,0.8716666666666667,2471.3595385009744,13.867164942561597,,0.0
0.1,3,100,27,Empirical_copula,Gaussian,cqr,raw,0.5,1000.0,0.8516666666666667,2006.470816942957,14.09221855475546,,0.0010001659393310547
0.1,3,100,28,CQHR,Gaussian,cqr,native,0.5,1000.0,0.93,152417.39150070955,44.863390529596494,14.453045385326051,0.0
0.1,3,100,28,TSCP_R,Gaussian,cqr,shifted,0.5,1000.0,0.895,2696.395011134137,17.95716054715679,,0.0009999275207519531
0.1,3,100,28,TSCP_GWC,Gaussian,cqr,shifted,0.5,1000.0,0.895,2696.395011134137,17.95716054715679,,0.0
0.1,3,100,28,Unscaled,Gaussian,cqr,raw,0.5,1000.0,0.88,3041.729441499114,14.73857606765889,,0.0
0.1,3,100,28,Empirical_copula,Gaussian,cqr,raw,0.5,1000.0,0.8566666666666667,2262.447990160084,16.489675021364693,,0.0010080337524414062
0.1,3,100,29,CQHR,Gaussian,cqr,native,0.5,1000.0,0.9066666666666666,662035.6973641701,41.373108234760664,11.313506776284122,0.0
0.1,3,100,29,TSCP_R,Gaussian,cqr,shifted,0.5,1000.0,0.9,2747.7511749612063,17.105730615646973,,0.000997781753540039
0.1,3,100,29,TSCP_GWC,Gaussian,cqr,shifted,0.5,1000.0,0.9,2747.7511749612063,17.105730615646973,,0.0
0.1,3,100,29,Unscaled,Gaussian,cqr,raw,0.5,1000.0,0.9283333333333333,4355.9510148433965,16.72499771280998,,0.0
0.1,3,100,29,Empirical_copula,Gaussian,cqr,raw,0.5,1000.0,0.82,1919.7513175127342,17.5062308258468,,0.0009996891021728516
0.1,3,100,30,CQHR,Gaussian,cqr,native,0.5,1000.0,0.87,16845.506498223793,26.52097024879043,9.996217451309256,0.0
0.1,3,100,30,TSCP_R,Gaussian,cqr,shifted,0.5,1000.0,0.9583333333333334,4462.881138239881,17.968063097229866,,0.000993490219116211
0.1,3,100,30,TSCP_GWC,Gaussian,cqr,shifted,0.5,1000.0,0.9583333333333334,4462.881138239881,17.968063097229866,,0.0
0.1,3,100,30,Unscaled,Gaussian,cqr,raw,0.5,1000.0,0.9583333333333334,4888.180305996813,17.391303677041723,,0.0
0.1,3,100,30,Empirical_copula,Gaussian,cqr,raw,0.5,1000.0,0.8866666666666667,2994.3149343736295,17.097857419094986,,0.0010068416595458984
0.1,3,100,31,CQHR,Gaussian,cqr,native,0.5,1000.0,0.91,460449.7688779339,45.65442656095165,12.437389314376038,0.0
0.1,3,100,31,TSCP_R,Gaussian,cqr,shifted,0.5,1000.0,0.875,2690.6572750553682,15.66864157110305,,0.0010082721710205078
0.1,3,100,31,TSCP_GWC,Gaussian,cqr,shifted,0.5,1000.0,0.875,2690.6572750553682,15.66864157110305,,0.0
0.1,3,100,31,Unscaled,Gaussian,cqr,raw,0.5,1000.0,0.8766666666666667,3063.036114058357,14.757690105045087,,0.0
0.1,3,100,31,Empirical_copula,Gaussian,cqr,raw,0.5,1000.0,0.88,2613.9280980589288,15.732426756204203,,0.0009944438934326172
0.1,3,100,32,CQHR,Gaussian,cqr,native,0.5,1000.0,0.9216666666666666,100523.17332270627,38.63783492334193,13.632513769650412,0.0
0.1,3,100,32,TSCP_R,Gaussian,cqr,shifted,0.5,1000.0,0.885,2870.902522572754,16.321211790971336,,0.0009999275207519531
0.1,3,100,32,TSCP_GWC,Gaussian,cqr,shifted,0.5,1000.0,0.885,2870.902522572754,16.321211790971336,,0.0010001659393310547
0.1,3,100,32,Unscaled,Gaussian,cqr,raw,0.5,1000.0,0.8966666666666666,3520.7668468878924,15.513321635461953,,0.0
0.1,3,100,32,Empirical_copula,Gaussian,cqr,raw,0.5,1000.0,0.8766666666666667,2596.8491816040273,16.558475792600174,,0.0009932518005371094
0.1,3,100,33,CQHR,Gaussian,cqr,native,0.5,1000.0,0.8533333333333334,37656.41664455889,26.158223758085622,9.024900679658582,0.0
0.1,3,100,33,TSCP_R,Gaussian,cqr,shifted,0.5,1000.0,0.935,3844.2655808338304,17.725246097857266,,0.0010018348693847656
0.1,3,100,33,TSCP_GWC,Gaussian,cqr,shifted,0.5,1000.0,0.935,3844.2655808338304,17.725246097857266,,0.0
0.1,3,100,33,Unscaled,Gaussian,cqr,raw,0.5,1000.0,0.92,4009.883019697043,16.373492819328163,,0.0
0.1,3,100,33,Empirical_copula,Gaussian,cqr,raw,0.5,1000.0,0.9183333333333333,3607.457075752139,17.28879162255366,,0.0010025501251220703
0.1,3,100,34,CQHR,Gaussian,cqr,native,0.5,1000.0,0.9216666666666666,75987.43982681222,40.059767655854685,14.962898882385476,0.0010006427764892578
0.1,3,100,34,TSCP_R,Gaussian,cqr,shifted,0.5,1000.0,0.9466666666666667,3499.99011769539,17.23324417699797,,0.00099945068359375
0.1,3,100,34,TSCP_GWC,Gaussian,cqr,shifted,0.5,1000.0,0.9466666666666667,3499.99011769539,17.23324417699797,,0.0
0.1,3,100,34,Unscaled,Gaussian,cqr,raw,0.5,1000.0,0.935,3675.062598559038,15.944687803319637,,0.0
0.1,3,100,34,Empirical_copula,Gaussian,cqr,raw,0.5,1000.0,0.9316666666666666,2852.9195461468926,16.658468153401405,,0.0010106563568115234
0.1,3,100,35,CQHR,Gaussian,cqr,native,0.5,1000.0,0.9033333333333333,650260.8521898215,45.31112069479379,10.879878849068962,0.0
0.1,3,100,35,TSCP_R,Gaussian,cqr,shifted,0.5,1000.0,0.92,3194.092533036053,16.454112466893413,,0.0009996891021728516
0.1,3,100,35,TSCP_GWC,Gaussian,cqr,shifted,0.5,1000.0,0.92,3194.092533036053,16.454112466893413,,0.0
0.1,3,100,35,Unscaled,Gaussian,cqr,raw,0.5,1000.0,0.91,3370.4167693898917,15.307323874759083,,0.0
0.1,3,100,35,Empirical_copula,Gaussian,cqr,raw,0.5,1000.0,0.8816666666666667,2912.3626205158434,14.919109026199475,,0.0010001659393310547
0.1,3,100,36,CQHR,Gaussian,cqr,native,0.5,1000.0,0.9016666666666666,25064.593735789735,27.762180473418326,10.405451269209372,0.0009925365447998047
0.1,3,100,36,TSCP_R,Gaussian,cqr,shifted,0.5,1000.0,0.905,2861.92691481558,15.874263996568656,,0.0010008811950683594
0.1,3,100,36,TSCP_GWC,Gaussian,cqr,shifted,0.5,1000.0,0.905,2861.92691481558,15.874263996568656,,0.0
0.1,3,100,36,Unscaled,Gaussian,cqr,raw,0.5,1000.0,0.9066666666666666,3000.0855077893502,14.921042015891123,,0.0
0.1,3,100,36,Empirical_copula,Gaussian,cqr,raw,0.5,1000.0,0.8916666666666667,2666.9996191501837,15.532140719134398,,0.0010001659393310547
0.1,3,100,37,CQHR,Gaussian,cqr,native,0.5,1000.0,0.9183333333333333,571897.6188261929,45.754191875264745,12.434827445576524,0.0
0.1,3,100,37,TSCP_R,Gaussian,cqr,shifted,0.5,1000.0,0.88,2345.020579758972,15.655727760045325,,0.00099945068359375
0.1,3,100,37,TSCP_GWC,Gaussian,cqr,shifted,0.5,1000.0,0.88,2345.020579758972,15.655727760045325,,0.0
0.1,3,100,37,Unscaled,Gaussian,cqr,raw,0.5,1000.0,0.92,3351.03963463676,15.36020470107378,,0.0
0.1,3,100,37,Empirical_copula,Gaussian,cqr,raw,0.5,1000.0,0.8733333333333333,2204.139615093772,15.360204700986424,,0.0
0.1,3,100,38,CQHR,Gaussian,cqr,native,0.5,1000.0,0.9333333333333333,854561.8284922512,56.55619238229773,15.332011283625361,0.0
0.1,3,100,38,TSCP_R,Gaussian,cqr,shifted,0.5,1000.0,0.9166666666666666,3262.5042714042265,16.81368761958163,,0.001001596450805664
0.1,3,100,38,TSCP_GWC,Gaussian,cqr,shifted,0.5,1000.0,0.9166666666666666,3262.5042714042265,16.81368761958163,,0.0
0.1,3,100,38,Unscaled,Gaussian,cqr,raw,0.5,1000.0,0.89,3171.9820398307365,14.852287195786154,,0.0009996891021728516
0.1,3,100,38,Empirical_copula,Gaussian,cqr,raw,0.5,1000.0,0.8983333333333333,3079.7956789079617,16.038526042266785,,0.0
0.1,3,100,39,CQHR,Gaussian,cqr,native,0.5,1000.0,0.8866666666666667,32036.50931058218,29.28403510949572,9.128502092652125,0.0
0.1,3,100,39,TSCP_R,Gaussian,cqr,shifted,0.5,1000.0,0.885,2646.6782309992823,16.274807778198745,,0.0009989738464355469
0.1,3,100,39,TSCP_GWC,Gaussian,cqr,shifted,0.5,1000.0,0.885,2646.6782309992823,16.274807778198745,,0.0
0.1,3,100,39,Unscaled,Gaussian,cqr,raw,0.5,1000.0,0.9033333333333333,3313.574242736996,15.21557558173874,,0.0
0.1,3,100,39,Empirical_copula,Gaussian,cqr,raw,0.5,1000.0,0.8666666666666667,2325.8006866122464,15.2971343697032,,0.0010004043579101562
0.1,3,100,40,CQHR,Gaussian,cqr,native,0.5,1000.0,0.9116666666666666,147491.77264699622,38.65818881762251,12.982165651777033,0.0
0.1,3,100,40,TSCP_R,Gaussian,cqr,shifted,0.5,1000.0,0.8866666666666667,2839.900205317468,17.278303813511357,,0.0009996891021728516
0.1,3,100,40,TSCP_GWC,Gaussian,cqr,shifted,0.5,1000.0,0.8866666666666667,2839.900205317468,17.278303813511357,,0.0
0.1,3,100,40,Unscaled,Gaussian,cqr,raw,0.5,1000.0,0.9,3277.10227779034,15.184542684114916,,0.0
0.1,3,100,40,Empirical_copula,Gaussian,cqr,raw,0.5,1000.0,0.8583333333333333,2238.1510996287134,15.02869938484701,,0.0009996891021728516
0.1,3,100,41,CQHR,Gaussian,cqr,native,0.5,1000.0,0.9116666666666666,316724.5833061234,48.13649646849456,15.661052379995706,0.0
0.1,3,100,41,TSCP_R,Gaussian,cqr,shifted,0.5,1000.0,0.9033333333333333,2685.906694244838,15.90145994895679,,0.0
0.1,3,100,41,TSCP_GWC,Gaussian,cqr,shifted,0.5,1000.0,0.9033333333333333,2685.906694244838,15.90145994895679,,0.0
0.1,3,100,41,Unscaled,Gaussian,cqr,raw,0.5,1000.0,0.9083333333333333,3426.442559723043,15.506457128981507,,0.0
0.1,3,100,41,Empirical_copula,Gaussian,cqr,raw,0.5,1000.0,0.88,2184.0742505993276,15.577758743984557,,0.000993967056274414
0.1,3,100,42,CQHR,Gaussian,cqr,native,0.5,1000.0,0.8733333333333333,39064.06745724519,31.71170485212997,9.807888353070258,0.0
0.1,3,100,42,TSCP_R,Gaussian,cqr,shifted,0.5,1000.0,0.8583333333333333,2341.3878497394617,15.992122607678544,,0.0010001659393310547
0.1,3,100,42,TSCP_GWC,Gaussian,cqr,shifted,0.5,1000.0,0.8583333333333333,2341.3878497394617,15.992122607678544,,0.0
0.1,3,100,42,Unscaled,Gaussian,cqr,raw,0.5,1000.0,0.8633333333333333,2992.894337852332,14.77854372359161,,0.0
0.1,3,100,42,Empirical_copula,Gaussian,cqr,raw,0.5,1000.0,0.8316666666666667,2115.50096509569,14.92427399855798,,0.0009996891021728516
0.1,3,100,43,CQHR,Gaussian,cqr,native,0.5,1000.0,0.8616666666666667,16199.319466948407,24.754297174345343,8.494891326253638,0.0009999275207519531
0.1,3,100,43,TSCP_R,Gaussian,cqr,shifted,0.5,1000.0,0.905,2718.2761598313423,17.333156289115745,,0.0010004043579101562
0.1,3,100,43,TSCP_GWC,Gaussian,cqr,shifted,0.5,1000.0,0.905,2718.2761598313423,17.333156289115745,,0.0
0.1,3,100,43,Unscaled,Gaussian,cqr,raw,0.5,1000.0,0.925,3560.6269883767445,15.599228574476298,,0.0
0.1,3,100,43,Empirical_copula,Gaussian,cqr,raw,0.5,1000.0,0.905,2695.568850746093,17.97861607308111,,0.0010006427764892578
0.1,3,100,44,CQHR,Gaussian,cqr,native,0.5,1000.0,0.9483333333333334,267657.29537157767,64.46411714832172,26.745793169362592,0.0
0.1,3,100,44,TSCP_R,Gaussian,cqr,shifted,0.5,1000.0,0.905,2571.129357148697,15.282716989472116,,0.0010464191436767578
0.1,3,100,44,TSCP_GWC,Gaussian,cqr,shifted,0.5,1000.0,0.905,2571.129357148697,15.282716989472116,,0.0010173320770263672
0.1,3,100,44,Unscaled,Gaussian,cqr,raw,0.5,1000.0,0.9066666666666666,2644.8568800944504,14.187320188533143,,0.0
0.1,3,100,44,Empirical_copula,Gaussian,cqr,raw,0.5,1000.0,0.8766666666666667,1990.256406141702,14.499363826929105,,0.0
0.1,3,100,45,CQHR,Gaussian,cqr,native,0.5,1000.0,0.8983333333333333,55739.58885248743,35.826618725793296,12.523855881886359,0.0
0.1,3,100,45,TSCP_R,Gaussian,cqr,shifted,0.5,1000.0,0.745,1642.1914402319783,13.385159768598099,,0.0019948482513427734
0.1,3,100,45,TSCP_GWC,Gaussian,cqr,shifted,0.5,1000.0,0.745,1642.1914402319783,13.385159768598099,,0.0
0.1,3,100,45,Unscaled,Gaussian,cqr,raw,0.5,1000.0,0.7716666666666666,2022.5375431148661,12.785862845626676,,0.0
0.1,3,100,45,Empirical_copula,Gaussian,cqr,raw,0.5,1000.0,0.7166666666666667,1456.282170144096,12.798628712673715,,0.0010004043579101562
0.1,3,100,46,CQHR,Gaussian,cqr,native,0.5,1000.0,0.89,91885.65843080157,31.153143404100575,9.752018012869483,0.0
0.1,3,100,46,TSCP_R,Gaussian,cqr,shifted,0.5,1000.0,0.885,2543.4881098586443,17.388823615466013,,0.0010001659393310547
0.1,3,100,46,TSCP_GWC,Gaussian,cqr,shifted,0.5,1000.0,0.885,2543.4881098586443,17.388823615466013,,0.0
0.1,3,100,46,Unscaled,Gaussian,cqr,raw,0.5,1000.0,0.9,3576.857783131744,15.636387360555478,,0.0009961128234863281
0.1,3,100,46,Empirical_copula,Gaussian,cqr,raw,0.5,1000.0,0.8583333333333333,2094.2667955594206,17.425048357458117,,0.0009980201721191406
0.1,3,100,47,CQHR,Gaussian,cqr,native,0.5,1000.0,0.8533333333333334,19663.878278692486,24.349123848414774,6.921652129175641,0.0
0.1,3,100,47,TSCP_R,Gaussian,cqr,shifted,0.5,1000.0,0.93,2906.9311525799117,18.319082068791882,,0.0010001659393310547
0.1,3,100,47,TSCP_GWC,Gaussian,cqr,shifted,0.5,1000.0,0.93,2906.9311525799117,18.319082068791882,,0.0
0.1,3,100,47,Unscaled,Gaussian,cqr,raw,0.5,1000.0,0.89,2691.0368352699784,14.121076152218015,,0.0
0.1,3,100,47,Empirical_copula,Gaussian,cqr,raw,0.5,1000.0,0.925,2580.096863950226,18.34749649070523,,0.0009930133819580078
0.1,3,100,48,CQHR,Gaussian,cqr,native,0.5,1000.0,0.8916666666666667,104932.81294698085,33.7359004787247,11.256980531414392,0.0
0.1,3,100,48,TSCP_R,Gaussian,cqr,shifted,0.5,1000.0,0.9016666666666666,3494.352278418568,17.27141260530265,,0.0009999275207519531
0.1,3,100,48,TSCP_GWC,Gaussian,cqr,shifted,0.5,1000.0,0.9016666666666666,3494.352278418568,17.27141260530265,,0.0
0.1,3,100,48,Unscaled,Gaussian,cqr,raw,0.5,1000.0,0.9016666666666666,4177.462651602783,16.42705390713223,,0.0
0.1,3,100,48,Empirical_copula,Gaussian,cqr,raw,0.5,1000.0,0.8616666666666667,2736.3664768680437,17.832397085450694,,0.0009996891021728516
0.1,3,100,49,CQHR,Gaussian,cqr,native,0.5,1000.0,0.9233333333333333,3022981.5671493006,63.533432437572486,14.221149233037874,0.0
0.1,3,100,49,TSCP_R,Gaussian,cqr,shifted,0.5,1000.0,0.85,2082.184556021139,14.632994317272214,,0.00099945068359375
0.1,3,100,49,TSCP_GWC,Gaussian,cqr,shifted,0.5,1000.0,0.85,2082.184556021139,14.632994317272214,,0.0
0.1,3,100,49,Unscaled,Gaussian,cqr,raw,0.5,1000.0,0.8716666666666667,2620.890580367622,14.08518584731581,,0.0
0.1,3,100,49,Empirical_copula,Gaussian,cqr,raw,0.5,1000.0,0.835,1974.9808434699958,14.68048152615204,,0.00099945068359375
0.1,3,100,50,CQHR,Gaussian,cqr,native,0.5,1000.0,0.9133333333333333,72735.38511421303,36.52421377936596,12.685516535990043,0.0
0.1,3,100,50,TSCP_R,Gaussian,cqr,shifted,0.5,1000.0,0.9316666666666666,3527.999691747267,20.15093897236078,,0.0010001659393310547
0.1,3,100,50,TSCP_GWC,Gaussian,cqr,shifted,0.5,1000.0,0.9316666666666666,3527.999691747267,20.15093897236078,,0.0
0.1,3,100,50,Unscaled,Gaussian,cqr,raw,0.5,1000.0,0.9333333333333333,4322.165160315765,16.58568367976569,,0.0
0.1,3,100,50,Empirical_copula,Gaussian,cqr,raw,0.5,1000.0,0.9166666666666666,3245.449651424045,20.15552961672537,,0.002006053924560547
0.1,3,100,51,CQHR,Gaussian,cqr,native,0.5,1000.0,0.8683333333333333,31549.68099654024,28.149097556132485,9.262482879737984,0.0
0.1,3,100,51,TSCP_R,Gaussian,cqr,shifted,0.5,1000.0,0.8666666666666667,2663.5443214335446,16.095287428101553,,0.0009949207305908203
0.1,3,100,51,TSCP_GWC,Gaussian,cqr,shifted,0.5,1000.0,0.8666666666666667,2663.5443214335446,16.095287428101553,,0.0
0.1,3,100,51,Unscaled,Gaussian,cqr,raw,0.5,1000.0,0.8733333333333333,3020.823241630414,14.678988868858617,,0.001005411148071289
0.1,3,100,51,Empirical_copula,Gaussian,cqr,raw,0.5,1000.0,0.8566666666666667,2387.329708975191,15.06590444107803,,0.0
0.1,3,100,52,CQHR,Gaussian,cqr,native,0.5,1000.0,0.9283333333333333,168568.7222439768,50.27863446272487,15.57046434031175,0.0
0.1,3,100,52,TSCP_R,Gaussian,cqr,shifted,0.5,1000.0,0.9366666666666666,4420.439895427615,19.01951703397327,,0.0010004043579101562
0.1,3,100,52,TSCP_GWC,Gaussian,cqr,shifted,0.5,1000.0,0.9366666666666666,4420.439895427615,19.01951703397327,,0.0
0.1,3,100,52,Unscaled,Gaussian,cqr,raw,0.5,1000.0,0.88,3158.7268963338024,14.900812558622947,,0.0
0.1,3,100,52,Empirical_copula,Gaussian,cqr,raw,0.5,1000.0,0.8516666666666667,2416.7870309073496,16.12257990023546,,0.0
0.1,3,100,53,CQHR,Gaussian,cqr,native,0.5,1000.0,0.8883333333333333,41485.31904041473,32.32073066000339,10.46761305787979,0.0
0.1,3,100,53,TSCP_R,Gaussian,cqr,shifted,0.5,1000.0,0.93,3629.0272733196102,17.760040413932103,,0.0010018348693847656
0.1,3,100,53,TSCP_GWC,Gaussian,cqr,shifted,0.5,1000.0,0.93,3629.0272733196102,17.760040413932103,,0.0010004043579101562
0.1,3,100,53,Unscaled,Gaussian,cqr,raw,0.5,1000.0,0.93,4446.948672450433,16.9136303515117,,0.0
0.1,3,100,53,Empirical_copula,Gaussian,cqr,raw,0.5,1000.0,0.9083333333333333,2954.5326383415936,17.818468381799708,,0.0009992122650146484
0.1,3,100,54,CQHR,Gaussian,cqr,native,0.5,1000.0,0.8883333333333333,669061.3333335737,37.04270691240404,9.864750637827925,0.0
0.1,3,100,54,TSCP_R,Gaussian,cqr,shifted,0.5,1000.0,0.9233333333333333,3125.0932991577793,15.86867623741825,,0.0010006427764892578
0.1,3,100,54,TSCP_GWC,Gaussian,cqr,shifted,0.5,1000.0,0.9233333333333333,3125.0932991577793,15.86867623741825,,0.0
0.1,3,100,54,Unscaled,Gaussian,cqr,raw,0.5,1000.0,0.89,2785.598271071329,14.332883851371285,,0.0
0.1,3,100,54,Empirical_copula,Gaussian,cqr,raw,0.5,1000.0,0.91,3005.883300649349,17.252884738155274,,0.0009999275207519531
0.1,3,100,55,CQHR,Gaussian,cqr,native,0.5,1000.0,0.9166666666666666,68374.14830859195,39.76151463711166,13.645374313235807,0.0
0.1,3,100,55,TSCP_R,Gaussian,cqr,shifted,0.5,1000.0,0.915,3502.136841811065,17.28349546169994,,0.0009980201721191406
0.1,3,100,55,TSCP_GWC,Gaussian,cqr,shifted,0.5,1000.0,0.915,3502.136841811065,17.28349546169994,,0.0
0.1,3,100,55,Unscaled,Gaussian,cqr,raw,0.5,1000.0,0.8566666666666667,2542.3941872337505,13.829632594987386,,0.0
0.1,3,100,55,Empirical_copula,Gaussian,cqr,raw,0.5,1000.0,0.845,2354.9710130773547,13.741459048328771,,0.0009999275207519531
0.1,3,100,56,CQHR,Gaussian,cqr,native,0.5,1000.0,0.8566666666666667,51528.146606443996,28.84162555149832,9.363591674805791,0.0
0.1,3,100,56,TSCP_R,Gaussian,cqr,shifted,0.5,1000.0,0.9066666666666666,2915.87865792199,16.072837031956283,,0.0009894371032714844
0.1,3,100,56,TSCP_GWC,Gaussian,cqr,shifted,0.5,1000.0,0.9066666666666666,2915.87865792199,16.072837031956283,,0.0
0.1,3,100,56,Unscaled,Gaussian,cqr,raw,0.5,1000.0,0.87,2861.6586404825653,14.566107840489597,,0.0
0.1,3,100,56,Empirical_copula,Gaussian,cqr,raw,0.5,1000.0,0.8966666666666666,2612.2305407086324,16.051955711952544,,0.0009987354278564453
0.1,3,100,57,CQHR,Gaussian,cqr,native,0.5,1000.0,0.9266666666666666,168792.1006784759,39.693399790579754,12.649153622878286,0.0
0.1,3,100,57,TSCP_R,Gaussian,cqr,shifted,0.5,1000.0,0.925,3170.654241251869,17.043152120690397,,0.0009999275207519531
0.1,3,100,57,TSCP_GWC,Gaussian,cqr,shifted,0.5,1000.0,0.925,3170.654241251869,17.043152120690397,,0.0010004043579101562
0.1,3,100,57,Unscaled,Gaussian,cqr,raw,0.5,1000.0,0.9166666666666666,3543.84496966823,15.57912571064065,,0.0
0.1,3,100,57,Empirical_copula,Gaussian,cqr,raw,0.5,1000.0,0.9183333333333333,3037.001239441689,17.35608425330272,,0.0009927749633789062
0.1,3,100,58,CQHR,Gaussian,cqr,native,0.5,1000.0,0.9316666666666666,118836.04291092545,48.3953785679688,19.372931323555008,0.0
0.1,3,100,58,TSCP_R,Gaussian,cqr,shifted,0.5,1000.0,0.8683333333333333,2128.6317183368255,16.422915982085968,,0.0010058879852294922
0.1,3,100,58,TSCP_GWC,Gaussian,cqr,shifted,0.5,1000.0,0.8683333333333333,2128.6317183368255,16.422915982085968,,0.0
0.1,3,100,58,Unscaled,Gaussian,cqr,raw,0.5,1000.0,0.9066666666666666,3011.212954827254,14.806366716360262,,0.0
0.1,3,100,58,Empirical_copula,Gaussian,cqr,raw,0.5,1000.0,0.8516666666666667,1980.0559183023947,16.37412566211347,,0.0
0.1,3,100,59,CQHR,Gaussian,cqr,native,0.5,1000.0,0.92,78380.02448381427,40.63736153292306,13.467854044186808,0.0
0.1,3,100,59,TSCP_R,Gaussian,cqr,shifted,0.5,1000.0,0.905,2764.2953287649284,15.070198868604693,,0.001001596450805664
0.1,3,100,59,TSCP_GWC,Gaussian,cqr,shifted,0.5,1000.0,0.905,2764.2953287649284,15.070198868604693,,0.0
0.1,3,100,59,Unscaled,Gaussian,cqr,raw,0.5,1000.0,0.8916666666666667,2594.011180693633,14.083400746237915,,0.0
0.1,3,100,59,Empirical_copula,Gaussian,cqr,raw,0.5,1000.0,0.905,2809.393890961862,15.789794371948695,,0.0
0.1,3,100,60,CQHR,Gaussian,cqr,native,0.5,1000.0,0.9433333333333334,7747993.328014614,74.98037650068481,19.36529048443825,0.0
0.1,3,100,60,TSCP_R,Gaussian,cqr,shifted,0.5,1000.0,0.9083333333333333,3217.6622549438443,16.466911476219114,,0.0010001659393310547
0.1,3,100,60,TSCP_GWC,Gaussian,cqr,shifted,0.5,1000.0,0.9083333333333333,3217.6622549438443,16.466911476219114,,0.00099945068359375
0.1,3,100,60,Unscaled,Gaussian,cqr,raw,0.5,1000.0,0.8983333333333333,3157.6802466214617,14.880613918236104,,0.0
0.1,3,100,60,Empirical_copula,Gaussian,cqr,raw,0.5,1000.0,0.8733333333333333,2282.9204310557147,15.568416256107112,,0.0010001659393310547
0.1,3,100,61,CQHR,Gaussian,cqr,native,0.5,1000.0,0.9083333333333333,35683.192036627384,34.61843742090124,12.385386926241837,0.0
0.1,3,100,61,TSCP_R,Gaussian,cqr,shifted,0.5,1000.0,0.87,2633.3256270388365,14.864834516954296,,0.0009989738464355469
0.1,3,100,61,TSCP_GWC,Gaussian,cqr,shifted,0.5,1000.0,0.87,2633.3256270388365,14.864834516954296,,0.0
0.1,3,100,61,Unscaled,Gaussian,cqr,raw,0.5,1000.0,0.8833333333333333,2964.2421114657377,14.591613229194696,,0.0
0.1,3,100,61,Empirical_copula,Gaussian,cqr,raw,0.5,1000.0,0.8466666666666667,2173.9138829338303,15.464817794739213,,0.0010113716125488281
0.1,3,100,62,CQHR,Gaussian,cqr,native,0.5,1000.0,0.9016666666666666,63557.39651447007,34.09076698379951,9.083063573621466,0.0
0.1,3,100,62,TSCP_R,Gaussian,cqr,shifted,0.5,1000.0,0.9116666666666666,2843.5958193380457,16.01137439218762,,0.0009999275207519531
0.1,3,100,62,TSCP_GWC,Gaussian,cqr,shifted,0.5,1000.0,0.9116666666666666,2843.5958193380457,16.01137439218762,,0.0
0.1,3,100,62,Unscaled,Gaussian,cqr,raw,0.5,1000.0,0.8983333333333333,2894.874330568685,14.545053900219306,,0.0
0.1,3,100,62,Empirical_copula,Gaussian,cqr,raw,0.5,1000.0,0.8983333333333333,2734.5558780282645,15.726357686242096,,0.0
0.1,3,100,63,CQHR,Gaussian,cqr,native,0.5,1000.0,0.925,1109152.1245796229,50.29841875649747,16.42198824415867,0.0
0.1,3,100,63,TSCP_R,Gaussian,cqr,shifted,0.5,1000.0,0.8733333333333333,2378.0090508003395,15.08874931777765,,0.0009999275207519531
0.1,3,100,63,TSCP_GWC,Gaussian,cqr,shifted,0.5,1000.0,0.8733333333333333,2378.0090508003395,15.08874931777765,,0.000993490219116211
0.1,3,100,63,Unscaled,Gaussian,cqr,raw,0.5,1000.0,0.8566666666666667,2711.476711579023,14.189674745989754,,0.0
0.1,3,100,63,Empirical_copula,Gaussian,cqr,raw,0.5,1000.0,0.8616666666666667,2243.3920610650607,15.23776789811378,,0.0
0.1,3,100,64,CQHR,Gaussian,cqr,native,0.5,1000.0,0.8983333333333333,300167.66415107687,38.08917378525044,11.270335692652381,0.0009970664978027344
0.1,3,100,64,TSCP_R,Gaussian,cqr,shifted,0.5,1000.0,0.9266666666666666,3621.5403856455705,17.9489494725847,,0.0009996891021728516
0.1,3,100,64,TSCP_GWC,Gaussian,cqr,shifted,0.5,1000.0,0.9266666666666666,3621.5403856455705,17.9489494725847,,0.0
0.1,3,100,64,Unscaled,Gaussian,cqr,raw,0.5,1000.0,0.9216666666666666,4171.542854697824,16.34711820269423,,0.0
0.1,3,100,64,Empirical_copula,Gaussian,cqr,raw,0.5,1000.0,0.9283333333333333,3775.4519698264153,18.647718362427575,,0.0010247230529785156
0.1,3,100,65,CQHR,Gaussian,cqr,native,0.5,1000.0,0.8983333333333333,489627.26308268664,54.709354243211735,12.526006037600991,0.0
0.1,3,100,65,TSCP_R,Gaussian,cqr,shifted,0.5,1000.0,0.9066666666666666,2973.826262297121,16.959920696661058,,0.0010073184967041016
0.1,3,100,65,TSCP_GWC,Gaussian,cqr,shifted,0.5,1000.0,0.9066666666666666,2973.826262297121,16.959920696661058,,0.0009992122650146484
0.1,3,100,65,Unscaled,Gaussian,cqr,raw,0.5,1000.0,0.9116666666666666,3583.862148420336,15.665909858246348,,0.0
0.1,3,100,65,Empirical_copula,Gaussian,cqr,raw,0.5,1000.0,0.8766666666666667,2649.0241348599593,17.233908745577217,,0.0009942054748535156
0.1,3,100,66,CQHR,Gaussian,cqr,native,0.5,1000.0,0.9033333333333333,55532.846196170125,35.27262616449297,10.940889339867255,0.0
0.1,3,100,66,TSCP_R,Gaussian,cqr,shifted,0.5,1000.0,0.8933333333333333,2973.931797108464,17.918598223666752,,0.0010073184967041016
0.1,3,100,66,TSCP_GWC,Gaussian,cqr,shifted,0.5,1000.0,0.8933333333333333,2973.931797108464,17.918598223666752,,0.0
0.1,3,100,66,Unscaled,Gaussian,cqr,raw,0.5,1000.0,0.9033333333333333,3675.346168939662,15.750014303806893,,0.0009999275207519531
0.1,3,100,66,Empirical_copula,Gaussian,cqr,raw,0.5,1000.0,0.8233333333333334,2045.590386595157,15.492381719749291,,0.0
0.1,3,100,67,CQHR,Gaussian,cqr,native,0.5,1000.0,0.8583333333333333,123841.11832890307,29.539733430506736,8.424408183444868,0.0
0.1,3,100,67,TSCP_R,Gaussian,cqr,shifted,0.5,1000.0,0.9216666666666666,3059.989727563124,17.072717103021937,,0.0009489059448242188
0.1,3,100,67,TSCP_GWC,Gaussian,cqr,shifted,0.5,1000.0,0.9216666666666666,3059.989727563124,17.072717103021937,,0.0
0.1,3,100,67,Unscaled,Gaussian,cqr,raw,0.5,1000.0,0.92,3783.46678270773,15.897619468096021,,0.0
0.1,3,100,67,Empirical_copula,Gaussian,cqr,raw,0.5,1000.0,0.9133333333333333,2667.6755641348273,16.72108767000782,,0.0009980201721191406
0.1,3,100,68,CQHR,Gaussian,cqr,native,0.5,1000.0,0.9066666666666666,70452.41842817949,34.87494847406641,10.469160797501635,0.0
0.1,3,100,68,TSCP_R,Gaussian,cqr,shifted,0.5,1000.0,0.8716666666666667,2427.8072007134842,14.882103299038127,,0.0010001659393310547
0.1,3,100,68,TSCP_GWC,Gaussian,cqr,shifted,0.5,1000.0,0.8716666666666667,2427.8072007134842,14.882103299038127,,0.0009932518005371094
0.1,3,100,68,Unscaled,Gaussian,cqr,raw,0.5,1000.0,0.8633333333333333,2567.3717934952583,13.906538983828398,,0.0
0.1,3,100,68,Empirical_copula,Gaussian,cqr,raw,0.5,1000.0,0.8483333333333334,2073.2741695956643,14.179957578611292,,0.0
0.1,3,100,69,CQHR,Gaussian,cqr,native,0.5,1000.0,0.8933333333333333,31054.414392473995,29.903244389153357,10.393533071067955,0.0
0.1,3,100,69,TSCP_R,Gaussian,cqr,shifted,0.5,1000.0,0.8466666666666667,2341.9631809949424,15.801549586732648,,0.0009999275207519531
0.1,3,100,69,TSCP_GWC,Gaussian,cqr,shifted,0.5,1000.0,0.8466666666666667,2341.9631809949424,15.801549586732648,,0.0
0.1,3,100,69,Unscaled,Gaussian,cqr,raw,0.5,1000.0,0.8666666666666667,2552.881702008104,14.046156102562108,,0.0
0.1,3,100,69,Empirical_copula,Gaussian,cqr,raw,0.5,1000.0,0.8233333333333334,2016.4991101276983,14.77123522693491,,0.0010001659393310547
0.1,3,100,70,CQHR,Gaussian,cqr,native,0.5,1000.0,0.9133333333333333,92871.21539492173,42.23485542311762,13.940903157997688,0.0
0.1,3,100,70,TSCP_R,Gaussian,cqr,shifted,0.5,1000.0,0.915,3168.693414746023,17.006604457131132,,0.0010075569152832031
0.1,3,100,70,TSCP_GWC,Gaussian,cqr,shifted,0.5,1000.0,0.915,3168.693414746023,17.006604457131132,,0.0
0.1,3,100,70,Unscaled,Gaussian,cqr,raw,0.5,1000.0,0.88,2811.061210921815,14.306403897454677,,0.0
0.1,3,100,70,Empirical_copula,Gaussian,cqr,raw,0.5,1000.0,0.8816666666666667,2695.076193819245,16.26823023626886,,0.0009963512420654297
0.1,3,100,71,CQHR,Gaussian,cqr,native,0.5,1000.0,0.9483333333333334,110385.93939403827,44.39772659493123,16.772559207046452,0.0009999275207519531
0.1,3,100,71,TSCP_R,Gaussian,cqr,shifted,0.5,1000.0,0.8516666666666667,1825.2144003809437,14.438273331142831,,0.0010004043579101562
0.1,3,100,71,TSCP_GWC,Gaussian,cqr,shifted,0.5,1000.0,0.8516666666666667,1825.2144003809437,14.438273331142831,,0.0
0.1,3,100,71,Unscaled,Gaussian,cqr,raw,0.5,1000.0,0.8766666666666667,2508.5029383466635,13.877091705986,,0.0
0.1,3,100,71,Empirical_copula,Gaussian,cqr,raw,0.5,1000.0,0.8366666666666667,1790.6220746212628,15.130537598545216,,0.0009925365447998047
0.1,3,100,72,CQHR,Gaussian,cqr,native,0.5,1000.0,0.9083333333333333,4633422.694322746,57.506097060299155,11.162276528191885,0.0
0.1,3,100,72,TSCP_R,Gaussian,cqr,shifted,0.5,1000.0,0.9266666666666666,3671.367046783028,16.28500635120634,,0.0010001659393310547
0.1,3,100,72,TSCP_GWC,Gaussian,cqr,shifted,0.5,1000.0,0.9266666666666666,3671.367046783028,16.28500635120634,,0.0
0.1,3,100,72,Unscaled,Gaussian,cqr,raw,0.5,1000.0,0.9016666666666666,3127.399163484394,14.86845228678953,,0.0
0.1,3,100,72,Empirical_copula,Gaussian,cqr,raw,0.5,1000.0,0.89,2768.077519416516,14.97225015021363,,0.0009937286376953125
0.1,3,100,73,CQHR,Gaussian,cqr,native,0.5,1000.0,0.935,1029471.0049584311,56.65794065166984,16.231427376992407,0.0
0.1,3,100,73,TSCP_R,Gaussian,cqr,shifted,0.5,1000.0,0.875,2229.224402400314,16.019252743535084,,0.0010001659393310547
0.1,3,100,73,TSCP_GWC,Gaussian,cqr,shifted,0.5,1000.0,0.875,2229.224402400314,16.019252743535084,,0.0009999275207519531
0.1,3,100,73,Unscaled,Gaussian,cqr,raw,0.5,1000.0,0.9183333333333333,3252.2223217317805,15.228568744238514,,0.0
0.1,3,100,73,Empirical_copula,Gaussian,cqr,raw,0.5,1000.0,0.8733333333333333,2166.8407391917194,15.59188121788291,,0.0
0.1,3,100,74,CQHR,Gaussian,cqr,native,0.5,1000.0,0.9216666666666666,181686.8346533309,51.28509032688286,17.93610175081585,0.0
0.1,3,100,74,TSCP_R,Gaussian,cqr,shifted,0.5,1000.0,0.8316666666666667,2039.359517536019,13.786493645694636,,0.0010020732879638672
0.1,3,100,74,TSCP_GWC,Gaussian,cqr,shifted,0.5,1000.0,0.8316666666666667,2039.359517536019,13.786493645694636,,0.0
0.1,3,100,74,Unscaled,Gaussian,cqr,raw,0.5,1000.0,0.8316666666666667,2272.776432194153,13.532259597540708,,0.0
0.1,3,100,74,Empirical_copula,Gaussian,cqr,raw,0.5,1000.0,0.8066666666666666,1796.8931890634929,13.532259597521886,,0.0009999275207519531
0.1,3,100,75,CQHR,Gaussian,cqr,native,0.5,1000.0,0.8533333333333334,20453.641402814224,28.12954481284705,7.671122972977444,0.0
0.1,3,100,75,TSCP_R,Gaussian,cqr,shifted,0.5,1000.0,0.82,1840.1968890748228,14.332077310027186,,0.0010020732879638672
0.1,3,100,75,TSCP_GWC,Gaussian,cqr,shifted,0.5,1000.0,0.82,1840.1968890748228,14.332077310027186,,0.0009989738464355469
0.1,3,100,75,Unscaled,Gaussian,cqr,raw,0.5,1000.0,0.8466666666666667,2331.4678041897987,13.474439060336845,,0.0
0.1,3,100,75,Empirical_copula,Gaussian,cqr,raw,0.5,1000.0,0.8083333333333333,1683.053233011926,15.030783313444957,,0.001001119613647461
0.1,3,100,76,CQHR,Gaussian,cqr,native,0.5,1000.0,0.9033333333333333,56946.31402573886,34.84965992008018,10.955030302453046,0.0
0.1,3,100,76,TSCP_R,Gaussian,cqr,shifted,0.5,1000.0,0.9183333333333333,2713.8440702972944,16.846903582976843,,0.0009996891021728516
0.1,3,100,76,TSCP_GWC,Gaussian,cqr,shifted,0.5,1000.0,0.9183333333333333,2713.8440702972944,16.846903582976843,,0.0
0.1,3,100,76,Unscaled,Gaussian,cqr,raw,0.5,1000.0,0.8883333333333333,2599.4168806513276,14.036918467268869,,0.0
0.1,3,100,76,Empirical_copula,Gaussian,cqr,raw,0.5,1000.0,0.8916666666666667,2273.562093424769,16.851300181337585,,0.0
0.1,3,100,77,CQHR,Gaussian,cqr,native,0.5,1000.0,0.9083333333333333,38905.897326479295,30.087253495063766,9.544756391554778,0.0
0.1,3,100,77,TSCP_R,Gaussian,cqr,shifted,0.5,1000.0,0.9266666666666666,3708.18134620435,17.72863808655032,,0.0010042190551757812
0.1,3,100,77,TSCP_GWC,Gaussian,cqr,shifted,0.5,1000.0,0.9266666666666666,3708.18134620435,17.72863808655032,,0.0
0.1,3,100,77,Unscaled,Gaussian,cqr,raw,0.5,1000.0,0.9166666666666666,4110.733996645231,16.21636897085017,,0.0
0.1,3,100,77,Empirical_copula,Gaussian,cqr,raw,0.5,1000.0,0.8616666666666667,2525.3441906205157,16.48563289672091,,0.000997304916381836
0.1,3,100,78,CQHR,Gaussian,cqr,native,0.5,1000.0,0.905,2864208.615862355,58.7698597185996,11.25014477875484,0.0
0.1,3,100,78,TSCP_R,Gaussian,cqr,shifted,0.5,1000.0,0.8866666666666667,2540.9360369050805,15.543963250983257,,0.0009999275207519531
0.1,3,100,78,TSCP_GWC,Gaussian,cqr,shifted,0.5,1000.0,0.8866666666666667,2540.9360369050805,15.543963250983257,,0.0
0.1,3,100,78,Unscaled,Gaussian,cqr,raw,0.5,1000.0,0.89,3059.686362268229,14.727488087603996,,0.0
0.1,3,100,78,Empirical_copula,Gaussian,cqr,raw,0.5,1000.0,0.8633333333333333,2382.785577847874,16.115343012678405,,0.0009999275207519531
0.1,3,100,79,CQHR,Gaussian,cqr,native,0.5,1000.0,0.9283333333333333,177209.72191073748,46.855941419442374,15.467111631342771,0.0
0.1,3,100,79,TSCP_R,Gaussian,cqr,shifted,0.5,1000.0,0.94,3315.3586959434706,17.843696257555294,,0.00099945068359375
0.1,3,100,79,TSCP_GWC,Gaussian,cqr,shifted,0.5,1000.0,0.94,3315.3586959434706,17.843696257555294,,0.0
0.1,3,100,79,Unscaled,Gaussian,cqr,raw,0.5,1000.0,0.9316666666666666,4037.868010418127,16.229159380025727,,0.0
0.1,3,100,79,Empirical_copula,Gaussian,cqr,raw,0.5,1000.0,0.9083333333333333,2672.3436667781643,18.46235388025458,,0.0009992122650146484
0.1,3,100,80,CQHR,Gaussian,cqr,native,0.5,1000.0,0.92,32997.962009745665,31.319013426279035,11.977847466644896,0.0
0.1,3,100,80,TSCP_R,Gaussian,cqr,shifted,0.5,1000.0,0.9033333333333333,2650.946506904362,17.90634909459371,,0.0010001659393310547
0.1,3,100,80,TSCP_GWC,Gaussian,cqr,shifted,0.5,1000.0,0.9033333333333333,2650.946506904362,17.90634909459371,,0.0
0.1,3,100,80,Unscaled,Gaussian,cqr,raw,0.5,1000.0,0.9083333333333333,2890.6933464981726,14.746401589926087,,0.0
0.1,3,100,80,Empirical_copula,Gaussian,cqr,raw,0.5,1000.0,0.9066666666666666,2635.277911083616,17.431612904766844,,0.0009996891021728516
0.1,3,100,81,CQHR,Gaussian,cqr,native,0.5,1000.0,0.9116666666666666,153970.52956000963,43.48323311645234,13.328922605945278,0.0
0.1,3,100,81,TSCP_R,Gaussian,cqr,shifted,0.5,1000.0,0.8633333333333333,2083.184432490756,14.221512198653924,,0.0009970664978027344
0.1,3,100,81,TSCP_GWC,Gaussian,cqr,shifted,0.5,1000.0,0.8633333333333333,2083.184432490756,14.221512198653924,,0.0
0.1,3,100,81,Unscaled,Gaussian,cqr,raw,0.5,1000.0,0.855,2288.1706844427194,13.528955863210994,,0.0009996891021728516
0.1,3,100,81,Empirical_copula,Gaussian,cqr,raw,0.5,1000.0,0.8766666666666667,2181.19250547364,16.15914813426184,,0.001001596450805664
0.1,3,100,82,CQHR,Gaussian,cqr,native,0.5,1000.0,0.93,97522.31261725015,42.224154825700396,15.790166920599123,0.0
0.1,3,100,82,TSCP_R,Gaussian,cqr,shifted,0.5,1000.0,0.8933333333333333,2772.3731345273645,15.95419483918928,,0.0010001659393310547
0.1,3,100,82,TSCP_GWC,Gaussian,cqr,shifted,0.5,1000.0,0.8933333333333333,2772.3731345273645,15.95419483918928,,0.0
0.1,3,100,82,Unscaled,Gaussian,cqr,raw,0.5,1000.0,0.9183333333333333,3444.8846362690483,15.47309366016889,,0.0
0.1,3,100,82,Empirical_copula,Gaussian,cqr,raw,0.5,1000.0,0.9066666666666666,2732.178750251298,16.136681839906547,,0.0009927749633789062
0.1,3,100,83,CQHR,Gaussian,cqr,native,0.5,1000.0,0.9566666666666667,456248.1276573379,59.91639330300106,23.027707725018306,0.0
0.1,3,100,83,TSCP_R,Gaussian,cqr,shifted,0.5,1000.0,0.8833333333333333,2426.8957858606245,17.17107236416469,,0.0
0.1,3,100,83,TSCP_GWC,Gaussian,cqr,shifted,0.5,1000.0,0.8833333333333333,2426.8957858606245,17.17107236416469,,0.0
0.1,3,100,83,Unscaled,Gaussian,cqr,raw,0.5,1000.0,0.9333333333333333,3971.794366493249,16.368696923268956,,0.0
0.1,3,100,83,Empirical_copula,Gaussian,cqr,raw,0.5,1000.0,0.8866666666666667,2422.3476503414113,17.993612807831084,,0.0010001659393310547
0.1,3,100,84,CQHR,Gaussian,cqr,native,0.5,1000.0,0.81,30898.527857710018,23.41498683218595,6.90592213874369,0.0
0.1,3,100,84,TSCP_R,Gaussian,cqr,shifted,0.5,1000.0,0.8533333333333334,2242.070940758722,14.87520445923367,,0.0010006427764892578
0.1,3,100,84,TSCP_GWC,Gaussian,cqr,shifted,0.5,1000.0,0.8533333333333334,2242.070940758722,14.87520445923367,,0.0
0.1,3,100,84,Unscaled,Gaussian,cqr,raw,0.5,1000.0,0.85,2585.344859613064,13.886396602912837,,0.0
0.1,3,100,84,Empirical_copula,Gaussian,cqr,raw,0.5,1000.0,0.8283333333333334,2079.2871275343737,15.135917441208072,,0.0
0.1,3,100,85,CQHR,Gaussian,cqr,native,0.5,1000.0,0.92,56642.19400338774,33.98701959990454,12.201840497312977,0.0
0.1,3,100,85,TSCP_R,Gaussian,cqr,shifted,0.5,1000.0,0.9266666666666666,3310.631426623965,18.2368209917292,,0.00099945068359375
0.1,3,100,85,TSCP_GWC,Gaussian,cqr,shifted,0.5,1000.0,0.9266666666666666,3310.631426623965,18.2368209917292,,0.0
0.1,3,100,85,Unscaled,Gaussian,cqr,raw,0.5,1000.0,0.9166666666666666,3359.8614981320375,15.393615163355419,,0.0
0.1,3,100,85,Empirical_copula,Gaussian,cqr,raw,0.5,1000.0,0.8983333333333333,2756.0649144158774,17.726145362252186,,0.0009999275207519531
0.1,3,100,86,CQHR,Gaussian,cqr,native,0.5,1000.0,0.925,216563.49616016648,43.19605820476381,14.22096345938844,0.0
0.1,3,100,86,TSCP_R,Gaussian,cqr,shifted,0.5,1000.0,0.8333333333333334,1713.9701831921216,14.750304851898148,,0.0010006427764892578
0.1,3,100,86,TSCP_GWC,Gaussian,cqr,shifted,0.5,1000.0,0.8333333333333334,1713.9701831921216,14.750304851898148,,0.0
0.1,3,100,86,Unscaled,Gaussian,cqr,raw,0.5,1000.0,0.8566666666666667,2303.6842306254493,13.716587713565326,,0.0
0.1,3,100,86,Empirical_copula,Gaussian,cqr,raw,0.5,1000.0,0.83,1601.5142584724135,15.245115414852238,,0.0009996891021728516
0.1,3,100,87,CQHR,Gaussian,cqr,native,0.5,1000.0,0.9183333333333333,1098451.535964429,42.509253352299964,14.099134192439461,0.0
0.1,3,100,87,TSCP_R,Gaussian,cqr,shifted,0.5,1000.0,0.9633333333333334,4239.178254590027,20.48656814095455,,0.001001119613647461
0.1,3,100,87,TSCP_GWC,Gaussian,cqr,shifted,0.5,1000.0,0.9633333333333334,4239.178254590027,20.48656814095455,,0.0010001659393310547
0.1,3,100,87,Unscaled,Gaussian,cqr,raw,0.5,1000.0,0.915,3333.353532048634,15.437362821969874,,0.0
0.1,3,100,87,Empirical_copula,Gaussian,cqr,raw,0.5,1000.0,0.9416666666666667,3586.059461161693,20.538477824962367,,0.0
0.1,3,100,88,CQHR,Gaussian,cqr,native,0.5,1000.0,0.9233333333333333,788764.1772009671,42.56603628418513,13.19931988773872,0.0
0.1,3,100,88,TSCP_R,Gaussian,cqr,shifted,0.5,1000.0,0.935,3565.312424789806,18.646334792520427,,0.0009930133819580078
0.1,3,100,88,TSCP_GWC,Gaussian,cqr,shifted,0.5,1000.0,0.935,3565.312424789806,18.646334792520427,,0.0
0.1,3,100,88,Unscaled,Gaussian,cqr,raw,0.5,1000.0,0.9133333333333333,3474.1828797917333,15.356054854082613,,0.0
0.1,3,100,88,Empirical_copula,Gaussian,cqr,raw,0.5,1000.0,0.8966666666666666,2726.5817335508973,16.42589537195097,,0.0009992122650146484
0.1,3,100,89,CQHR,Gaussian,cqr,native,0.5,1000.0,0.925,59763.7454082017,36.23171924977955,12.713556206312044,0.0
0.1,3,100,89,TSCP_R,Gaussian,cqr,shifted,0.5,1000.0,0.8633333333333333,2023.744771359746,17.02595336588521,,0.000993490219116211
0.1,3,100,89,TSCP_GWC,Gaussian,cqr,shifted,0.5,1000.0,0.8633333333333333,2023.744771359746,17.02595336588521,,0.0
0.1,3,100,89,Unscaled,Gaussian,cqr,raw,0.5,1000.0,0.9,3041.044142465061,14.886190471074245,,0.0
0.1,3,100,89,Empirical_copula,Gaussian,cqr,raw,0.5,1000.0,0.8416666666666667,1774.2574559676912,16.165573560588783,,0.0010085105895996094
0.1,3,100,90,CQHR,Gaussian,cqr,native,0.5,1000.0,0.8616666666666667,485156.7863347834,33.71472482663488,8.902324403524888,0.0010027885437011719
0.1,3,100,90,TSCP_R,Gaussian,cqr,shifted,0.5,1000.0,0.7933333333333333,1823.7483035002583,13.496158696779153,,0.0009975433349609375
0.1,3,100,90,TSCP_GWC,Gaussian,cqr,shifted,0.5,1000.0,0.7933333333333333,1823.7483035002583,13.496158696779153,,0.0
0.1,3,100,90,Unscaled,Gaussian,cqr,raw,0.5,1000.0,0.8183333333333334,2118.2759822435182,13.148822298560509,,0.0
0.1,3,100,90,Empirical_copula,Gaussian,cqr,raw,0.5,1000.0,0.8133333333333334,1912.34116276201,14.803764810428984,,0.0010004043579101562
0.1,3,100,91,CQHR,Gaussian,cqr,native,0.5,1000.0,0.935,123561.01588683775,44.045715772400115,12.492881829299261,0.0
0.1,3,100,91,TSCP_R,Gaussian,cqr,shifted,0.5,1000.0,0.87,2464.317674155158,15.577492341856484,,0.000997304916381836
0.1,3,100,91,TSCP_GWC,Gaussian,cqr,shifted,0.5,1000.0,0.87,2464.317674155158,15.577492341856484,,0.0
0.1,3,100,91,Unscaled,Gaussian,cqr,raw,0.5,1000.0,0.8516666666666667,2429.122026925631,13.605499511524869,,0.0
0.1,3,100,91,Empirical_copula,Gaussian,cqr,raw,0.5,1000.0,0.8283333333333334,1947.7346531660714,15.264218665320607,,0.0
0.1,3,100,92,CQHR,Gaussian,cqr,native,0.5,1000.0,0.8633333333333333,51495.64491278153,37.14639026425274,9.722636540546809,0.0
0.1,3,100,92,TSCP_R,Gaussian,cqr,shifted,0.5,1000.0,0.8716666666666667,2579.679405109126,15.947418670843502,,0.0010094642639160156
0.1,3,100,92,TSCP_GWC,Gaussian,cqr,shifted,0.5,1000.0,0.8716666666666667,2579.679405109126,15.947418670843502,,0.0009968280792236328
0.1,3,100,92,Unscaled,Gaussian,cqr,raw,0.5,1000.0,0.8466666666666667,2803.982945633626,14.263251990438269,,0.0
0.1,3,100,92,Empirical_copula,Gaussian,cqr,raw,0.5,1000.0,0.8216666666666667,2117.196532705501,14.263251990312208,,0.0010044574737548828
0.1,3,100,93,CQHR,Gaussian,cqr,native,0.5,1000.0,0.94,85913.76560854125,44.16482024161039,16.426765773537745,0.0
0.1,3,100,93,TSCP_R,Gaussian,cqr,shifted,0.5,1000.0,0.955,4903.890876998196,21.497217783381732,,0.0010020732879638672
0.1,3,100,93,TSCP_GWC,Gaussian,cqr,shifted,0.5,1000.0,0.955,4903.890876998196,21.497217783381732,,0.0
0.1,3,100,93,Unscaled,Gaussian,cqr,raw,0.5,1000.0,0.9583333333333334,5009.975778257642,17.39924978147012,,0.0
0.1,3,100,93,Empirical_copula,Gaussian,cqr,raw,0.5,1000.0,0.9166666666666666,3595.8615485779446,19.022882394188237,,0.0009980201721191406
0.1,3,100,94,CQHR,Gaussian,cqr,native,0.5,1000.0,0.96,26987818.7603425,115.39762205954928,23.82201344482506,0.0
0.1,3,100,94,TSCP_R,Gaussian,cqr,shifted,0.5,1000.0,0.8783333333333333,2849.366188551909,18.630617296183654,,0.0009996891021728516
0.1,3,100,94,TSCP_GWC,Gaussian,cqr,shifted,0.5,1000.0,0.8783333333333333,2849.366188551909,18.630617296183654,,0.0
0.1,3,100,94,Unscaled,Gaussian,cqr,raw,0.5,1000.0,0.8866666666666667,3085.171493487743,14.876813562041225,,0.0
0.1,3,100,94,Empirical_copula,Gaussian,cqr,raw,0.5,1000.0,0.8666666666666667,2536.3134710684735,17.226556854840574,,0.0009999275207519531
0.1,3,100,95,CQHR,Gaussian,cqr,native,0.5,1000.0,0.855,91385.57342701238,34.136252843963284,9.556533583211078,0.0009944438934326172
0.1,3,100,95,TSCP_R,Gaussian,cqr,shifted,0.5,1000.0,0.8833333333333333,2438.022985264234,15.56146561017939,,0.00099945068359375
0.1,3,100,95,TSCP_GWC,Gaussian,cqr,shifted,0.5,1000.0,0.8833333333333333,2438.022985264234,15.56146561017939,,0.0
0.1,3,100,95,Unscaled,Gaussian,cqr,raw,0.5,1000.0,0.8583333333333333,2497.308278169508,13.878109729647303,,0.0
0.1,3,100,95,Empirical_copula,Gaussian,cqr,raw,0.5,1000.0,0.8266666666666667,1944.449684067245,13.461754768064333,,0.0010161399841308594
0.1,3,100,96,CQHR,Gaussian,cqr,native,0.5,1000.0,0.8216666666666667,15377.06699303951,25.011611333137925,7.690906489446533,0.0
0.1,3,100,96,TSCP_R,Gaussian,cqr,shifted,0.5,1000.0,0.865,2138.073747034632,14.959995044609089,,0.001001596450805664
0.1,3,100,96,TSCP_GWC,Gaussian,cqr,shifted,0.5,1000.0,0.865,2138.073747034632,14.959995044609089,,0.0
0.1,3,100,96,Unscaled,Gaussian,cqr,raw,0.5,1000.0,0.87,2621.2618030179797,14.144378622862508,,0.0
0.1,3,100,96,Empirical_copula,Gaussian,cqr,raw,0.5,1000.0,0.86,2168.7820977150936,14.351575790713692,,0.0010001659393310547
0.1,3,100,97,CQHR,Gaussian,cqr,native,0.5,1000.0,0.9,32109.45317283844,31.319910495877274,9.702972923914237,0.0
0.1,3,100,97,TSCP_R,Gaussian,cqr,shifted,0.5,1000.0,0.9033333333333333,3002.1889178534607,18.992597230615324,,0.0009999275207519531
0.1,3,100,97,TSCP_GWC,Gaussian,cqr,shifted,0.5,1000.0,0.9033333333333333,3002.1889178534607,18.992597230615324,,0.0
0.1,3,100,97,Unscaled,Gaussian,cqr,raw,0.5,1000.0,0.9366666666666666,4496.234402974615,16.789050708820838,,0.0
0.1,3,100,97,Empirical_copula,Gaussian,cqr,raw,0.5,1000.0,0.8866666666666667,2697.1440799402594,18.5963589156894,,0.0
0.1,3,100,98,CQHR,Gaussian,cqr,native,0.5,1000.0,0.875,69733.63372631375,36.44045631250453,11.207466442557399,0.0010004043579101562
0.1,3,100,98,TSCP_R,Gaussian,cqr,shifted,0.5,1000.0,0.8983333333333333,2619.138507767955,17.203807042187627,,0.0009987354278564453
0.1,3,100,98,TSCP_GWC,Gaussian,cqr,shifted,0.5,1000.0,0.8983333333333333,2619.138507767955,17.203807042187627,,0.0
0.1,3,100,98,Unscaled,Gaussian,cqr,raw,0.5,1000.0,0.9066666666666666,3309.9917096160893,15.263588648186776,,0.0
0.1,3,100,98,Empirical_copula,Gaussian,cqr,raw,0.5,1000.0,0.885,2271.912541688578,17.03389791257821,,0.0009996891021728516
0.1,3,100,99,CQHR,Gaussian,cqr,native,0.5,1000.0,0.9083333333333333,40705.638057983044,30.427845529140626,10.147193937050295,0.0
0.1,3,100,99,TSCP_R,Gaussian,cqr,shifted,0.5,1000.0,0.8583333333333333,2038.696524621837,14.684251205113357,,0.0009999275207519531
0.1,3,100,99,TSCP_GWC,Gaussian,cqr,shifted,0.5,1000.0,0.8583333333333333,2038.696524621837,14.684251205113357,,0.0010004043579101562
0.1,3,100,99,Unscaled,Gaussian,cqr,raw,0.5,1000.0,0.8766666666666667,2494.3989315991803,13.855302844865912,,0.0
0.1,3,100,99,Empirical_copula,Gaussian,cqr,raw,0.5,1000.0,0.8383333333333334,1884.911693357098,14.013049966706827,,0.0009999275207519531
