,alpha,n_dim,n_cals,n_trials,noise_type,test_coverage_avg,test_coverage_1std,coverage_vol_avg,coverage_vol_1std,coverage_max_length_median,runtime_avg
0,0.1,2,30,30,Laplace,0.8575208333333333,0.08312305276001163,17.78387810880107,9.701216023908234,5.532655661924929,0.0005043347676595052
1,0.1,3,30,30,Laplace,0.8372916666666667,0.0601122184540819,173.8466402819097,71.17661552267927,8.759244724915892,0.0003682216008504232
2,0.1,4,30,30,Laplace,0.8588124999999998,0.08125387092901036,5893.382649353062,4663.707820381355,13.947887469099136,0.0006021499633789062
3,0.1,5,30,30,Laplace,0.8719999999999999,0.04616207859271504,159429.04104909717,157666.4224084933,22.619214960079617,0.0005689541498819987
4,0.1,10,30,30,Laplace,0.7001041666666666,0.08199198396566847,3608612581339.897,4939026970434.679,41.759159359986405,0.0004688262939453125
5,0.1,20,30,30,Laplace,0.5259791666666667,0.07365307835975234,2.1879393701089456e+30,3.1732399795387396e+30,96.98131411297317,0.0008721987406412761
6,0.1,30,30,30,Laplace,0.3674583333333334,0.06631359450438465,3.311765382148996e+50,1.1925312994295314e+51,154.59862984718902,0.0013755400975545248
