,alpha,n_dim,n_cals,n_trials,noise_type,test_coverage_avg,test_coverage_1std,coverage_vol_avg,coverage_vol_1std,coverage_max_length_median,runtime_avg
0,0.1,2,30,30,Laplace,0.9221666666666667,0.09091588769328203,37.40849237329757,25.898614209278918,7.283619024610909,0.0003018935521443685
1,0.1,3,30,30,Laplace,0.9458125000000002,0.05847333748060469,1336.0696273732576,1577.165632254128,16.136336259547424,0.00036821365356445315
2,0.1,4,30,30,Laplace,0.9459166666666666,0.05539234407036043,62372.74462666955,153498.29605193628,22.59853915843276,0.0004015445709228516
3,0.1,10,30,30,Laplace,0.9467708333333333,0.060456926488935116,8.786198850162683e+16,2.8094634780518195e+17,85.41491366283375,0.00040233929951985676
4,0.1,20,30,30,Laplace,0.9565416666666667,0.05851492159142465,7.246924546737283e+40,3.797640947828432e+41,234.51959232526377,0.00023292700449625652
5,0.1,50,30,30,Laplace,0.9427708333333334,0.04897100746929219,2.1743200506247034e+126,1.1839710992340965e+127,771.2657342647726,0.000600433349609375
