,alpha,n_dim,n_cals,n_trials,noise_type,test_coverage_avg,test_coverage_1std,coverage_vol_avg,coverage_vol_1std,coverage_max_length_median,runtime_avg
0,0.1,2,30,30,Laplace,0.8929791666666667,0.07491782195643039,23.04321060673163,12.513964157891285,6.491363757533053,0.0006525913874308268
1,0.1,3,30,30,Laplace,0.9191874999999999,0.04402198400153081,382.8400541923135,207.92829649005446,10.805012766192517,0.0007688363393147786
2,0.1,4,30,30,Laplace,0.9229791666666665,0.054236889438884175,11899.384155222086,13575.12022953037,16.771855161445558,0.0009655237197875976
3,0.1,5,30,30,Laplace,0.9291250000000001,0.04075050242973528,400566.64035230613,538735.23696395,23.577893903030517,0.0011718988418579102
4,0.1,10,30,30,Laplace,0.892625,0.0677490615789443,158669693829330.2,287652220080818.94,56.277167052367275,0.0021642049153645835
5,0.1,20,30,30,Laplace,0.914,0.0604024309427452,1.3396156444960934e+36,5.810801761732625e+36,138.64627850718057,0.00472412109375
6,0.1,30,30,30,Laplace,0.8891458333333334,0.07122721265469732,2.354527697897025e+59,9.31470364265448e+59,233.02437722281155,0.007845401763916016
