,alpha,n_dim,n_cals,n_trials,noise_type,test_coverage_avg,test_coverage_1std,coverage_vol_avg,coverage_vol_1std,coverage_max_length_median,runtime_avg
0,0.1,2,30,10,Laplace,0.920125,0.08394556354500748,28.95144760763632,15.160672054983316,6.516876923137836,0.0007042407989501954
1,0.1,3,30,10,Laplace,0.9360625,0.0667174611181777,1181.279704803858,1422.6314158685725,16.840793160362374,0.0005025863647460938
2,0.1,4,30,10,Laplace,0.9670000000000002,0.033130633692836135,122367.68895811355,262031.1951581553,25.342195579303915,0.0003012180328369141
3,0.1,10,30,10,Laplace,0.9282499999999999,0.10629198516873752,7.16660106867593e+16,1.9211373508909056e+17,77.52910265261508,0.0003997802734375
4,0.1,20,30,10,Laplace,0.9323750000000001,0.0990925843732909,2.374936352172819e+40,4.952952341581183e+40,272.26857832114206,0.0007993698120117188
5,0.1,50,30,10,Laplace,0.9333125000000001,0.06313706567856953,1.4366960423125336e+123,4.292329201840884e+123,770.8209009312077,0.0003005027770996094
