,alpha,n_dim,n_cals,n_trials,noise_type,test_coverage_avg,test_coverage_1std,coverage_vol_avg,coverage_vol_1std,coverage_max_length_median,runtime_avg
0,0.1,2,30,30,Laplace,0.8986874999999998,0.06577115293340734,29.38206551599574,16.77984789606148,5.006718294400079,3.353754679361979e-05
1,0.1,3,30,30,Laplace,0.9032499999999999,0.050265566297142364,583.5569946047,399.60702713637596,7.684812964240345,6.73373540242513e-05
2,0.1,4,30,30,Laplace,0.8949166666666666,0.05586258669229364,16726.934971074767,11050.212246551717,10.91976178263242,0.00010120073954264322
3,0.1,5,30,30,Laplace,0.9085833333333333,0.05426525621066573,1195174.051464584,1241257.4066716558,14.259784650922278,6.664594014485678e-05
4,0.1,10,30,30,Laplace,0.9058333333333334,0.047885890916329145,5350571219140469.0,8466253964398495.0,33.23965033978095,3.360112508138021e-05
5,0.1,20,30,30,Laplace,0.8921249999999998,0.05853698543479246,1.0254253442722994e+39,2.7750411017292285e+39,74.34966166477128,6.720225016276042e-05
6,0.1,30,30,30,Laplace,0.9016874999999999,0.043882849405921194,6.686867242954761e+65,3.632346012382397e+66,121.87157230197023,4.912217458089193e-05
