alpha,n_dim,n_cal,trial,method,noise_type,score_type,score_transform,base_interval_alpha,shift_constant,coordinate,coordinate_base_length,coordinate_adjustment,coordinate_length,redraw_train_test,n_train,n_test
0.1,3,30,0,CQHR,Gaussian,cqr,native,0.5,0.0,1,9.980095895407837,16.51291663567716,43.00592916676229,True,2400,600
0.1,3,30,0,CQHR,Gaussian,cqr,native,0.5,0.0,2,10.836300540600384,33.72023325599978,78.27676705259984,True,2400,600
0.1,3,30,0,CQHR,Gaussian,cqr,native,0.5,0.0,3,5.920481560946957,18.07417058279678,42.068822726540496,True,2400,600
0.1,3,30,0,TSCP_R,Gaussian,cqr,capped,0.5,0.0,1,9.980095895407837,15.024722967908573,40.02954183122499,True,2400,600
0.1,3,30,0,TSCP_R,Gaussian,cqr,capped,0.5,0.0,2,10.836300540600384,11.755581860887963,34.34746426237623,True,2400,600
0.1,3,30,0,TSCP_R,Gaussian,cqr,capped,0.5,0.0,3,5.920481560946957,9.40351570782229,24.727512976591566,True,2400,600
0.1,3,30,0,Unscaled,Gaussian,cqr,raw,0.5,0.0,1,9.980095895407837,9.29103255374071,28.562161002889262,True,2400,600
0.1,3,30,0,Unscaled,Gaussian,cqr,raw,0.5,0.0,2,10.836300540600384,9.29103255374071,29.41836564808178,True,2400,600
0.1,3,30,0,Unscaled,Gaussian,cqr,raw,0.5,0.0,3,5.920481560946957,9.29103255374071,24.502546668428348,True,2400,600
0.1,3,30,0,Empirical_copula,Gaussian,cqr,raw,0.5,0.0,1,9.980095895407837,7.186343250830419,24.35278239706869,True,2400,600
0.1,3,30,0,Empirical_copula,Gaussian,cqr,raw,0.5,0.0,2,10.836300540600384,8.652969612066517,28.142239764733414,True,2400,600
0.1,3,30,0,Empirical_copula,Gaussian,cqr,raw,0.5,0.0,3,5.920481560946957,6.986777090145799,19.894035741238547,True,2400,600
0.1,3,30,1,CQHR,Gaussian,cqr,native,0.5,0.0,1,9.881320570760305,33.455558581124954,76.79243773301053,True,2400,600
0.1,3,30,1,CQHR,Gaussian,cqr,native,0.5,0.0,2,10.351023792814123,62.82594317869288,136.00291015019997,True,2400,600
0.1,3,30,1,CQHR,Gaussian,cqr,native,0.5,0.0,3,5.946370713941786,35.57579635039675,77.0979634147353,True,2400,600
0.1,3,30,1,TSCP_R,Gaussian,cqr,capped,0.5,0.0,1,9.881320570760305,11.418837999397056,32.718996569554434,True,2400,600
0.1,3,30,1,TSCP_R,Gaussian,cqr,capped,0.5,0.0,2,10.351023792814123,19.153371482807422,48.65776675842895,True,2400,600
0.1,3,30,1,TSCP_R,Gaussian,cqr,capped,0.5,0.0,3,5.946370713941786,12.122183784047133,30.190738282036055,True,2400,600
0.1,3,30,1,Unscaled,Gaussian,cqr,raw,0.5,0.0,1,9.881320570760305,11.879017974341336,33.63935651944298,True,2400,600
0.1,3,30,1,Unscaled,Gaussian,cqr,raw,0.5,0.0,2,10.351023792814123,11.879017974341336,34.109059741496786,True,2400,600
0.1,3,30,1,Unscaled,Gaussian,cqr,raw,0.5,0.0,3,5.946370713941786,11.879017974341336,29.704406662624447,True,2400,600
0.1,3,30,1,Empirical_copula,Gaussian,cqr,raw,0.5,0.0,1,9.881320570760305,9.879559114378406,29.64043879951715,True,2400,600
0.1,3,30,1,Empirical_copula,Gaussian,cqr,raw,0.5,0.0,2,10.351023792814123,12.89575814842722,36.14254008966857,True,2400,600
0.1,3,30,1,Empirical_copula,Gaussian,cqr,raw,0.5,0.0,3,5.946370713941786,10.76206427406234,27.47049926206646,True,2400,600
0.1,3,30,2,CQHR,Gaussian,cqr,native,0.5,0.0,1,9.957102484593957,20.445568291289838,50.84823906717338,True,2400,600
0.1,3,30,2,CQHR,Gaussian,cqr,native,0.5,0.0,2,10.33004668154521,38.146502244173845,86.62305116989289,True,2400,600
0.1,3,30,2,CQHR,Gaussian,cqr,native,0.5,0.0,3,5.915388669326415,21.599010646451266,49.113409962228964,True,2400,600
0.1,3,30,2,TSCP_R,Gaussian,cqr,capped,0.5,0.0,1,9.957102484593957,13.611617517166884,37.18033751892768,True,2400,600
0.1,3,30,2,TSCP_R,Gaussian,cqr,capped,0.5,0.0,2,10.33004668154521,13.508972788084039,37.347992257713315,True,2400,600
0.1,3,30,2,TSCP_R,Gaussian,cqr,capped,0.5,0.0,3,5.915388669326415,8.990427792233364,23.896244253793167,True,2400,600
0.1,3,30,2,Unscaled,Gaussian,cqr,raw,0.5,0.0,1,9.957102484593957,9.98254478692624,29.922192058446434,True,2400,600
0.1,3,30,2,Unscaled,Gaussian,cqr,raw,0.5,0.0,2,10.33004668154521,9.98254478692624,30.29513625539769,True,2400,600
0.1,3,30,2,Unscaled,Gaussian,cqr,raw,0.5,0.0,3,5.915388669326415,9.98254478692624,25.88047824317892,True,2400,600
0.1,3,30,2,Empirical_copula,Gaussian,cqr,raw,0.5,0.0,1,9.957102484593957,9.982544786856504,29.922192058306937,True,2400,600
0.1,3,30,2,Empirical_copula,Gaussian,cqr,raw,0.5,0.0,2,10.33004668154521,9.547433030385278,29.424912742315744,True,2400,600
0.1,3,30,2,Empirical_copula,Gaussian,cqr,raw,0.5,0.0,3,5.915388669326415,5.684427094990081,17.284242859306556,True,2400,600
0.1,3,30,3,CQHR,Gaussian,cqr,native,0.5,0.0,1,10.450974080776348,19.949697872780224,50.350369826336646,True,2400,600
0.1,3,30,3,CQHR,Gaussian,cqr,native,0.5,0.0,2,10.593951904169986,33.21941823221482,77.03278836859958,True,2400,600
0.1,3,30,3,CQHR,Gaussian,cqr,native,0.5,0.0,3,5.745312830823632,16.9263104230797,39.597933676983054,True,2400,600
0.1,3,30,3,TSCP_R,Gaussian,cqr,capped,0.5,0.0,1,10.450974080776348,11.12518289189172,32.70133986455975,True,2400,600
0.1,3,30,3,TSCP_R,Gaussian,cqr,capped,0.5,0.0,2,10.593951904169986,11.304655196410792,33.20326229699156,True,2400,600
0.1,3,30,3,TSCP_R,Gaussian,cqr,capped,0.5,0.0,3,5.745312830823632,8.030951845219704,21.807216521263044,True,2400,600
0.1,3,30,3,Unscaled,Gaussian,cqr,raw,0.5,0.0,1,10.450974080776348,11.001427866273767,32.45382981332384,True,2400,600
0.1,3,30,3,Unscaled,Gaussian,cqr,raw,0.5,0.0,2,10.593951904169986,11.001427866273767,32.596807636717536,True,2400,600
0.1,3,30,3,Unscaled,Gaussian,cqr,raw,0.5,0.0,3,5.745312830823632,11.001427866273767,27.748168563371152,True,2400,600
0.1,3,30,3,Empirical_copula,Gaussian,cqr,raw,0.5,0.0,1,10.450974080776348,8.87632400854411,28.203622097864535,True,2400,600
0.1,3,30,3,Empirical_copula,Gaussian,cqr,raw,0.5,0.0,2,10.593951904169986,11.001427866229879,32.59680763662978,True,2400,600
0.1,3,30,3,Empirical_copula,Gaussian,cqr,raw,0.5,0.0,3,5.745312830823632,7.106485854067703,19.95828453895903,True,2400,600
0.1,3,30,4,CQHR,Gaussian,cqr,native,0.5,0.0,1,9.953865399393093,25.270923796137108,60.495712991667034,True,2400,600
0.1,3,30,4,CQHR,Gaussian,cqr,native,0.5,0.0,2,10.509023580517459,42.048386967659084,94.60579751583568,True,2400,600
0.1,3,30,4,CQHR,Gaussian,cqr,native,0.5,0.0,3,5.7002646788900675,25.958019134946664,57.61630294878348,True,2400,600
0.1,3,30,4,TSCP_R,Gaussian,cqr,capped,0.5,0.0,1,9.953865399393093,13.098484438587203,36.150834276567494,True,2400,600
0.1,3,30,4,TSCP_R,Gaussian,cqr,capped,0.5,0.0,2,10.509023580517459,14.765200394600207,40.039424369717864,True,2400,600
0.1,3,30,4,TSCP_R,Gaussian,cqr,capped,0.5,0.0,3,5.7002646788900675,7.8282990854891095,21.356862849868296,True,2400,600
0.1,3,30,4,Unscaled,Gaussian,cqr,raw,0.5,0.0,1,9.953865399393093,13.400774595193077,36.75541458977926,True,2400,600
0.1,3,30,4,Unscaled,Gaussian,cqr,raw,0.5,0.0,2,10.509023580517459,13.400774595193077,37.310572770903576,True,2400,600
0.1,3,30,4,Unscaled,Gaussian,cqr,raw,0.5,0.0,3,5.7002646788900675,13.400774595193077,32.501813869276205,True,2400,600
0.1,3,30,4,Empirical_copula,Gaussian,cqr,raw,0.5,0.0,1,9.953865399393093,11.25772097549019,32.46930735037349,True,2400,600
0.1,3,30,4,Empirical_copula,Gaussian,cqr,raw,0.5,0.0,2,10.509023580517459,13.400774595110802,37.31057277073907,True,2400,600
0.1,3,30,4,Empirical_copula,Gaussian,cqr,raw,0.5,0.0,3,5.7002646788900675,7.085279011833748,19.870822702557575,True,2400,600
0.1,3,30,5,CQHR,Gaussian,cqr,native,0.5,0.0,1,9.887878745662498,20.650759913284364,51.18939857223177,True,2400,600
0.1,3,30,5,CQHR,Gaussian,cqr,native,0.5,0.0,2,10.646546618692966,37.26924875246119,85.18504412361526,True,2400,600
0.1,3,30,5,CQHR,Gaussian,cqr,native,0.5,0.0,3,6.100198454791715,20.615693217427303,47.331584889646365,True,2400,600
0.1,3,30,5,TSCP_R,Gaussian,cqr,capped,0.5,0.0,1,9.887878745662498,17.002401711822333,43.89268216930712,True,2400,600
0.1,3,30,5,TSCP_R,Gaussian,cqr,capped,0.5,0.0,2,10.646546618692966,19.035848063168515,48.71824274502999,True,2400,600
0.1,3,30,5,TSCP_R,Gaussian,cqr,capped,0.5,0.0,3,6.100198454791715,8.93838006384631,23.97695858248433,True,2400,600
0.1,3,30,5,Unscaled,Gaussian,cqr,raw,0.5,0.0,1,9.887878745662498,14.190938353728814,38.26975545312009,True,2400,600
0.1,3,30,5,Unscaled,Gaussian,cqr,raw,0.5,0.0,2,10.646546618692966,14.190938353728814,39.02842332615059,True,2400,600
0.1,3,30,5,Unscaled,Gaussian,cqr,raw,0.5,0.0,3,6.100198454791715,14.190938353728814,34.48207516224934,True,2400,600
0.1,3,30,5,Empirical_copula,Gaussian,cqr,raw,0.5,0.0,1,9.887878745662498,14.190938353636138,38.269755452934724,True,2400,600
0.1,3,30,5,Empirical_copula,Gaussian,cqr,raw,0.5,0.0,2,10.646546618692966,19.685012687872412,50.016571994437754,True,2400,600
0.1,3,30,5,Empirical_copula,Gaussian,cqr,raw,0.5,0.0,3,6.100198454791715,7.72131916004,21.54283677487173,True,2400,600
0.1,3,30,6,CQHR,Gaussian,cqr,native,0.5,0.0,1,10.536064355940786,29.06647315406605,68.66901066407328,True,2400,600
0.1,3,30,6,CQHR,Gaussian,cqr,native,0.5,0.0,2,10.989859592355737,47.93991173689299,106.86968306614172,True,2400,600
0.1,3,30,6,CQHR,Gaussian,cqr,native,0.5,0.0,3,6.046966790768178,24.492704780088605,55.03237635094534,True,2400,600
0.1,3,30,6,TSCP_R,Gaussian,cqr,capped,0.5,0.0,1,10.536064355940786,17.86007171822213,46.256207792385084,True,2400,600
0.1,3,30,6,TSCP_R,Gaussian,cqr,capped,0.5,0.0,2,10.989859592355737,14.714672643405875,40.41920487916756,True,2400,600
0.1,3,30,6,TSCP_R,Gaussian,cqr,capped,0.5,0.0,3,6.046966790768178,7.035786480432883,20.118539751633936,True,2400,600
0.1,3,30,6,Unscaled,Gaussian,cqr,raw,0.5,0.0,1,10.536064355940786,10.764249839371598,32.06456403468401,True,2400,600
0.1,3,30,6,Unscaled,Gaussian,cqr,raw,0.5,0.0,2,10.989859592355737,10.764249839371598,32.51835927109893,True,2400,600
0.1,3,30,6,Unscaled,Gaussian,cqr,raw,0.5,0.0,3,6.046966790768178,10.764249839371598,27.575466469511387,True,2400,600
0.1,3,30,6,Empirical_copula,Gaussian,cqr,raw,0.5,0.0,1,10.536064355940786,10.627350609170458,31.790765574281703,True,2400,600
0.1,3,30,6,Empirical_copula,Gaussian,cqr,raw,0.5,0.0,2,10.989859592355737,10.764249839294202,32.51835927094415,True,2400,600
0.1,3,30,6,Empirical_copula,Gaussian,cqr,raw,0.5,0.0,3,6.046966790768178,6.244125271517312,18.535217333802798,True,2400,600
0.1,3,30,7,CQHR,Gaussian,cqr,native,0.5,0.0,1,9.957005620743956,21.19497434042988,52.34695430160413,True,2400,600
0.1,3,30,7,CQHR,Gaussian,cqr,native,0.5,0.0,2,10.684632358331756,30.684676405910018,72.05398517015176,True,2400,600
0.1,3,30,7,CQHR,Gaussian,cqr,native,0.5,0.0,3,5.763058141808562,17.853316417116947,41.469690976042436,True,2400,600
0.1,3,30,7,TSCP_R,Gaussian,cqr,capped,0.5,0.0,1,9.957005620743956,11.4145649952365,32.78613561121699,True,2400,600
0.1,3,30,7,TSCP_R,Gaussian,cqr,capped,0.5,0.0,2,10.684632358331756,16.83824331334006,44.3611189850119,True,2400,600
0.1,3,30,7,TSCP_R,Gaussian,cqr,capped,0.5,0.0,3,5.763058141808562,6.998710975457502,19.76048009272356,True,2400,600
0.1,3,30,7,Unscaled,Gaussian,cqr,raw,0.5,0.0,1,9.957005620743956,15.251580411035501,40.46016644281499,True,2400,600
0.1,3,30,7,Unscaled,Gaussian,cqr,raw,0.5,0.0,2,10.684632358331756,15.251580411035501,41.18779318040274,True,2400,600
0.1,3,30,7,Unscaled,Gaussian,cqr,raw,0.5,0.0,3,5.763058141808562,15.251580411035501,36.26621896387955,True,2400,600
0.1,3,30,7,Empirical_copula,Gaussian,cqr,raw,0.5,0.0,1,9.957005620743956,10.14779614882561,30.252597918395203,True,2400,600
0.1,3,30,7,Empirical_copula,Gaussian,cqr,raw,0.5,0.0,2,10.684632358331756,15.643582320814353,41.97179699996045,True,2400,600
0.1,3,30,7,Empirical_copula,Gaussian,cqr,raw,0.5,0.0,3,5.763058141808562,5.27079143231864,16.30464100644582,True,2400,600
0.1,3,30,8,CQHR,Gaussian,cqr,native,0.5,0.0,1,10.443401984606245,15.307712527098234,41.05882703880272,True,2400,600
0.1,3,30,8,CQHR,Gaussian,cqr,native,0.5,0.0,2,10.716705513678631,23.040214843701904,56.79713520108242,True,2400,600
0.1,3,30,8,CQHR,Gaussian,cqr,native,0.5,0.0,3,6.020595916399349,12.196806045735219,30.414208007869764,True,2400,600
0.1,3,30,8,TSCP_R,Gaussian,cqr,capped,0.5,0.0,1,10.443401984606245,15.11990069927606,40.683203383158435,True,2400,600
0.1,3,30,8,TSCP_R,Gaussian,cqr,capped,0.5,0.0,2,10.716705513678631,18.960661201452446,48.638027916583546,True,2400,600
0.1,3,30,8,TSCP_R,Gaussian,cqr,capped,0.5,0.0,3,6.020595916399349,9.595936073222955,25.212468062845254,True,2400,600
0.1,3,30,8,Unscaled,Gaussian,cqr,raw,0.5,0.0,1,10.443401984606245,14.405596379441642,39.25459474348953,True,2400,600
0.1,3,30,8,Unscaled,Gaussian,cqr,raw,0.5,0.0,2,10.716705513678631,14.405596379441642,39.527898272561885,True,2400,600
0.1,3,30,8,Unscaled,Gaussian,cqr,raw,0.5,0.0,3,6.020595916399349,14.405596379441642,34.83178867528264,True,2400,600
0.1,3,30,8,Empirical_copula,Gaussian,cqr,raw,0.5,0.0,1,10.443401984606245,13.872073955596118,38.187549895798504,True,2400,600
0.1,3,30,8,Empirical_copula,Gaussian,cqr,raw,0.5,0.0,2,10.716705513678631,14.405596379422178,39.52789827252298,True,2400,600
0.1,3,30,8,Empirical_copula,Gaussian,cqr,raw,0.5,0.0,3,6.020595916399349,7.312351240486306,20.64529839737195,True,2400,600
0.1,3,30,9,CQHR,Gaussian,cqr,native,0.5,0.0,1,10.639223269438425,14.902517815682744,40.44425890080408,True,2400,600
0.1,3,30,9,CQHR,Gaussian,cqr,native,0.5,0.0,2,10.677413338633253,38.99934311493662,88.67609956850657,True,2400,600
0.1,3,30,9,CQHR,Gaussian,cqr,native,0.5,0.0,3,5.904235150430833,19.42348760147669,44.751210353384174,True,2400,600
0.1,3,30,9,TSCP_R,Gaussian,cqr,capped,0.5,0.0,1,10.639223269438425,16.84488667180095,44.32899661304031,True,2400,600
0.1,3,30,9,TSCP_R,Gaussian,cqr,capped,0.5,0.0,2,10.677413338633253,17.62062566849791,45.91866467562907,True,2400,600
0.1,3,30,9,TSCP_R,Gaussian,cqr,capped,0.5,0.0,3,5.904235150430833,7.739702258568059,21.38363966756693,True,2400,600
0.1,3,30,9,Unscaled,Gaussian,cqr,raw,0.5,0.0,1,10.639223269438425,14.90251781576143,40.4442589009613,True,2400,600
0.1,3,30,9,Unscaled,Gaussian,cqr,raw,0.5,0.0,2,10.677413338633253,14.90251781576143,40.482448970156085,True,2400,600
0.1,3,30,9,Unscaled,Gaussian,cqr,raw,0.5,0.0,3,5.904235150430833,14.90251781576143,35.70927078195372,True,2400,600
0.1,3,30,9,Empirical_copula,Gaussian,cqr,raw,0.5,0.0,1,10.639223269438425,14.902517815682824,40.44425890080408,True,2400,600
0.1,3,30,9,Empirical_copula,Gaussian,cqr,raw,0.5,0.0,2,10.677413338633253,13.10098322830806,36.87937979524934,True,2400,600
0.1,3,30,9,Empirical_copula,Gaussian,cqr,raw,0.5,0.0,3,5.904235150430833,6.118303762610147,18.14084267565113,True,2400,600
0.1,3,30,10,CQHR,Gaussian,cqr,native,0.5,0.0,1,10.100651812414263,14.967072602840615,40.03479701809529,True,2400,600
0.1,3,30,10,CQHR,Gaussian,cqr,native,0.5,0.0,2,10.745385792916226,23.62702359588245,57.999432984681164,True,2400,600
0.1,3,30,10,CQHR,Gaussian,cqr,native,0.5,0.0,3,5.982879450747907,12.163240591199244,30.30936063314642,True,2400,600
0.1,3,30,10,TSCP_R,Gaussian,cqr,capped,0.5,0.0,1,10.100651812414263,9.204857749420514,28.510367311255305,True,2400,600
0.1,3,30,10,TSCP_R,Gaussian,cqr,capped,0.5,0.0,2,10.745385792916226,12.174509233389974,35.09440425969617,True,2400,600
0.1,3,30,10,TSCP_R,Gaussian,cqr,capped,0.5,0.0,3,5.982879450747907,5.6290181177921905,17.240915686332283,True,2400,600
0.1,3,30,10,Unscaled,Gaussian,cqr,raw,0.5,0.0,1,10.100651812414263,10.307353515744005,30.715358843902298,True,2400,600
0.1,3,30,10,Unscaled,Gaussian,cqr,raw,0.5,0.0,2,10.745385792916226,10.307353515744005,31.360092824404266,True,2400,600
0.1,3,30,10,Unscaled,Gaussian,cqr,raw,0.5,0.0,3,5.982879450747907,10.307353515744005,26.597586482235915,True,2400,600
0.1,3,30,10,Empirical_copula,Gaussian,cqr,raw,0.5,0.0,1,10.100651812414263,6.589664846543046,23.279981505500345,True,2400,600
0.1,3,30,10,Empirical_copula,Gaussian,cqr,raw,0.5,0.0,2,10.745385792916226,10.460901250320049,31.667188293556308,True,2400,600
0.1,3,30,10,Empirical_copula,Gaussian,cqr,raw,0.5,0.0,3,5.982879450747907,3.3950775367688166,12.77303452428554,True,2400,600
0.1,3,30,11,CQHR,Gaussian,cqr,native,0.5,0.0,1,9.934359258459468,22.827738497631827,55.589836253723405,True,2400,600
0.1,3,30,11,CQHR,Gaussian,cqr,native,0.5,0.0,2,10.367294441716757,47.12464868698166,104.61659181568004,True,2400,600
0.1,3,30,11,CQHR,Gaussian,cqr,native,0.5,0.0,3,5.89947308153145,22.70391240428573,51.30729789010289,True,2400,600
0.1,3,30,11,TSCP_R,Gaussian,cqr,capped,0.5,0.0,1,9.934359258459468,14.282968546735736,38.50029635193091,True,2400,600
0.1,3,30,11,TSCP_R,Gaussian,cqr,capped,0.5,0.0,2,10.367294441716757,13.110291409596705,36.58787726091017,True,2400,600
0.1,3,30,11,TSCP_R,Gaussian,cqr,capped,0.5,0.0,3,5.89947308153145,7.171367906354807,20.24220889424106,True,2400,600
0.1,3,30,11,Unscaled,Gaussian,cqr,raw,0.5,0.0,1,9.934359258459468,12.460845788012007,34.856050834483476,True,2400,600
0.1,3,30,11,Unscaled,Gaussian,cqr,raw,0.5,0.0,2,10.367294441716757,12.460845788012007,35.28898601774073,True,2400,600
0.1,3,30,11,Unscaled,Gaussian,cqr,raw,0.5,0.0,3,5.89947308153145,12.460845788012007,30.821164657555485,True,2400,600
0.1,3,30,11,Empirical_copula,Gaussian,cqr,raw,0.5,0.0,1,9.934359258459468,11.787692934901251,33.509745128261955,True,2400,600
0.1,3,30,11,Empirical_copula,Gaussian,cqr,raw,0.5,0.0,2,10.367294441716757,12.460845787974927,35.28898601766657,True,2400,600
0.1,3,30,11,Empirical_copula,Gaussian,cqr,raw,0.5,0.0,3,5.89947308153145,6.23064475562388,18.360762592779217,True,2400,600
0.1,3,30,12,CQHR,Gaussian,cqr,native,0.5,0.0,1,10.315135290826754,18.94577723221547,48.20668975525806,True,2400,600
0.1,3,30,12,CQHR,Gaussian,cqr,native,0.5,0.0,2,10.867649720305211,46.47068871321937,103.80902714674397,True,2400,600
0.1,3,30,12,CQHR,Gaussian,cqr,native,0.5,0.0,3,5.94293756144622,18.71790466244822,43.37874688634274,True,2400,600
0.1,3,30,12,TSCP_R,Gaussian,cqr,capped,0.5,0.0,1,10.315135290826754,15.143477391175285,40.60209007317731,True,2400,600
0.1,3,30,12,TSCP_R,Gaussian,cqr,capped,0.5,0.0,2,10.867649720305211,13.884437191116092,38.636524102537386,True,2400,600
0.1,3,30,12,TSCP_R,Gaussian,cqr,capped,0.5,0.0,3,5.94293756144622,8.021930406804458,21.986798375055177,True,2400,600
0.1,3,30,12,Unscaled,Gaussian,cqr,raw,0.5,0.0,1,10.315135290826754,11.147847811410589,32.61083091364793,True,2400,600
0.1,3,30,12,Unscaled,Gaussian,cqr,raw,0.5,0.0,2,10.867649720305211,11.147847811410589,33.16334534312641,True,2400,600
0.1,3,30,12,Unscaled,Gaussian,cqr,raw,0.5,0.0,3,5.94293756144622,11.147847811410589,28.238633184267417,True,2400,600
0.1,3,30,12,Empirical_copula,Gaussian,cqr,raw,0.5,0.0,1,10.315135290826754,11.147847811387866,32.61083091360249,True,2400,600
0.1,3,30,12,Empirical_copula,Gaussian,cqr,raw,0.5,0.0,2,10.867649720305211,10.75844149750294,32.38453271531107,True,2400,600
0.1,3,30,12,Empirical_copula,Gaussian,cqr,raw,0.5,0.0,3,5.94293756144622,7.2938543455827,20.530646252611614,True,2400,600
0.1,3,30,13,CQHR,Gaussian,cqr,native,0.5,0.0,1,9.809583182109314,16.75406594846321,43.317715079035786,True,2400,600
0.1,3,30,13,CQHR,Gaussian,cqr,native,0.5,0.0,2,10.520677331526352,30.56324663319546,71.64717059791722,True,2400,600
0.1,3,30,13,CQHR,Gaussian,cqr,native,0.5,0.0,3,5.8813372996613085,15.184489479194811,36.25031625805095,True,2400,600
0.1,3,30,13,TSCP_R,Gaussian,cqr,capped,0.5,0.0,1,9.809583182109314,8.525602446625605,26.860788075360514,True,2400,600
0.1,3,30,13,TSCP_R,Gaussian,cqr,capped,0.5,0.0,2,10.520677331526352,11.876228524226002,34.27313437997835,True,2400,600
0.1,3,30,13,TSCP_R,Gaussian,cqr,capped,0.5,0.0,3,5.8813372996613085,5.948135256504107,17.777607812669515,True,2400,600
0.1,3,30,13,Unscaled,Gaussian,cqr,raw,0.5,0.0,1,9.809583182109314,9.23911707880049,28.287817339710262,True,2400,600
0.1,3,30,13,Unscaled,Gaussian,cqr,raw,0.5,0.0,2,10.520677331526352,9.23911707880049,28.99891148912733,True,2400,600
0.1,3,30,13,Unscaled,Gaussian,cqr,raw,0.5,0.0,3,5.8813372996613085,9.23911707880049,24.359571457262284,True,2400,600
0.1,3,30,13,Empirical_copula,Gaussian,cqr,raw,0.5,0.0,1,9.809583182109314,6.991447485819048,23.79247815374743,True,2400,600
0.1,3,30,13,Empirical_copula,Gaussian,cqr,raw,0.5,0.0,2,10.520677331526352,10.785178250250699,32.091033832027726,True,2400,600
0.1,3,30,13,Empirical_copula,Gaussian,cqr,raw,0.5,0.0,3,5.8813372996613085,5.426999824508545,16.735336948678412,True,2400,600
0.1,3,30,14,CQHR,Gaussian,cqr,native,0.5,0.0,1,10.28080296806084,59.279449571910384,128.8397021118816,True,2400,600
0.1,3,30,14,CQHR,Gaussian,cqr,native,0.5,0.0,2,10.688134343707071,125.15652464369325,261.0011836310932,True,2400,600
0.1,3,30,14,CQHR,Gaussian,cqr,native,0.5,0.0,3,5.782491298597311,58.941976757052146,123.66644481270136,True,2400,600
0.1,3,30,14,TSCP_R,Gaussian,cqr,capped,0.5,0.0,1,10.28080296806084,17.342781098069775,44.966365164200404,True,2400,600
0.1,3,30,14,TSCP_R,Gaussian,cqr,capped,0.5,0.0,2,10.688134343707071,16.107244561672672,42.90262346705243,True,2400,600
0.1,3,30,14,TSCP_R,Gaussian,cqr,capped,0.5,0.0,3,5.782491298597311,11.559391046290783,28.90127339117891,True,2400,600
0.1,3,30,14,Unscaled,Gaussian,cqr,raw,0.5,0.0,1,10.28080296806084,14.410858262261204,39.10251949258326,True,2400,600
0.1,3,30,14,Unscaled,Gaussian,cqr,raw,0.5,0.0,2,10.688134343707071,14.410858262261204,39.50985086822944,True,2400,600
0.1,3,30,14,Unscaled,Gaussian,cqr,raw,0.5,0.0,3,5.782491298597311,14.410858262261204,34.60420782311966,True,2400,600
0.1,3,30,14,Empirical_copula,Gaussian,cqr,raw,0.5,0.0,1,10.28080296806084,15.160511326447711,40.60182562095631,True,2400,600
0.1,3,30,14,Empirical_copula,Gaussian,cqr,raw,0.5,0.0,2,10.688134343707071,13.602639414496242,37.893413172699546,True,2400,600
0.1,3,30,14,Empirical_copula,Gaussian,cqr,raw,0.5,0.0,3,5.782491298597311,7.960614606649411,21.70372051189612,True,2400,600
0.1,3,30,15,CQHR,Gaussian,cqr,native,0.5,0.0,1,10.207188021843308,11.913482113133862,34.034152248111326,True,2400,600
0.1,3,30,15,CQHR,Gaussian,cqr,native,0.5,0.0,2,10.783904528852434,19.319640299675704,49.423185128203905,True,2400,600
0.1,3,30,15,CQHR,Gaussian,cqr,native,0.5,0.0,3,5.7523660184037775,10.204195526376209,26.160757071156183,True,2400,600
0.1,3,30,15,TSCP_R,Gaussian,cqr,capped,0.5,0.0,1,10.207188021843308,18.738703207484054,47.68459443681143,True,2400,600
0.1,3,30,15,TSCP_R,Gaussian,cqr,capped,0.5,0.0,2,10.783904528852434,16.63330830250452,44.05052113386145,True,2400,600
0.1,3,30,15,TSCP_R,Gaussian,cqr,capped,0.5,0.0,3,5.7523660184037775,9.719242963408007,25.190851945219798,True,2400,600
0.1,3,30,15,Unscaled,Gaussian,cqr,raw,0.5,0.0,1,10.207188021843308,11.913482113209826,34.034152248263055,True,2400,600
0.1,3,30,15,Unscaled,Gaussian,cqr,raw,0.5,0.0,2,10.783904528852434,11.913482113209826,34.610868755272044,True,2400,600
0.1,3,30,15,Unscaled,Gaussian,cqr,raw,0.5,0.0,3,5.7523660184037775,11.913482113209826,29.579330244823442,True,2400,600
0.1,3,30,15,Empirical_copula,Gaussian,cqr,raw,0.5,0.0,1,10.207188021843308,11.913482113134016,34.034152248111326,True,2400,600
0.1,3,30,15,Empirical_copula,Gaussian,cqr,raw,0.5,0.0,2,10.783904528852434,7.639147991586995,26.06220051202644,True,2400,600
0.1,3,30,15,Empirical_copula,Gaussian,cqr,raw,0.5,0.0,3,5.7523660184037775,6.2911263876449866,18.334618793693753,True,2400,600
0.1,3,30,16,CQHR,Gaussian,cqr,native,0.5,0.0,1,10.250731111172616,19.000724894167472,48.252180899507856,True,2400,600
0.1,3,30,16,CQHR,Gaussian,cqr,native,0.5,0.0,2,10.794657172675562,38.42457759174207,87.6438123561597,True,2400,600
0.1,3,30,16,CQHR,Gaussian,cqr,native,0.5,0.0,3,5.985263142463854,18.032136243766043,42.04953562999587,True,2400,600
0.1,3,30,16,TSCP_R,Gaussian,cqr,capped,0.5,0.0,1,10.250731111172616,15.147259637745616,40.54525038666387,True,2400,600
0.1,3,30,16,TSCP_R,Gaussian,cqr,capped,0.5,0.0,2,10.794657172675562,11.185855619043584,33.16636841076276,True,2400,600
0.1,3,30,16,TSCP_R,Gaussian,cqr,capped,0.5,0.0,3,5.985263142463854,11.357153696330721,28.699570535125257,True,2400,600
0.1,3,30,16,Unscaled,Gaussian,cqr,raw,0.5,0.0,1,10.250731111172616,11.934391449759321,34.11951401069119,True,2400,600
0.1,3,30,16,Unscaled,Gaussian,cqr,raw,0.5,0.0,2,10.794657172675562,11.934391449759321,34.663440072194284,True,2400,600
0.1,3,30,16,Unscaled,Gaussian,cqr,raw,0.5,0.0,3,5.985263142463854,11.934391449759321,29.854046041982475,True,2400,600
0.1,3,30,16,Empirical_copula,Gaussian,cqr,raw,0.5,0.0,1,10.250731111172616,12.607415634303525,35.465562379779655,True,2400,600
0.1,3,30,16,Empirical_copula,Gaussian,cqr,raw,0.5,0.0,2,10.794657172675562,8.602198285248539,27.999053743172627,True,2400,600
0.1,3,30,16,Empirical_copula,Gaussian,cqr,raw,0.5,0.0,3,5.985263142463854,5.761124784945363,17.507512712354565,True,2400,600
0.1,3,30,17,CQHR,Gaussian,cqr,native,0.5,0.0,1,10.382857071514213,16.966072039033648,44.315001149581676,True,2400,600
0.1,3,30,17,CQHR,Gaussian,cqr,native,0.5,0.0,2,10.62973601422461,39.465015845739664,89.55976770570389,True,2400,600
0.1,3,30,17,CQHR,Gaussian,cqr,native,0.5,0.0,3,5.90121161529829,18.83934843819832,43.57990849169491,True,2400,600
0.1,3,30,17,TSCP_R,Gaussian,cqr,capped,0.5,0.0,1,10.382857071514213,13.860337077471927,38.103531226458045,True,2400,600
0.1,3,30,17,TSCP_R,Gaussian,cqr,capped,0.5,0.0,2,10.62973601422461,19.248909454921932,49.12755492406849,True,2400,600
0.1,3,30,17,TSCP_R,Gaussian,cqr,capped,0.5,0.0,3,5.90121161529829,6.84205201579376,19.585315646885817,True,2400,600
0.1,3,30,17,Unscaled,Gaussian,cqr,raw,0.5,0.0,1,10.382857071514213,13.75941482035622,37.90168671222664,True,2400,600
0.1,3,30,17,Unscaled,Gaussian,cqr,raw,0.5,0.0,2,10.62973601422461,13.75941482035622,38.14856565493706,True,2400,600
0.1,3,30,17,Unscaled,Gaussian,cqr,raw,0.5,0.0,3,5.90121161529829,13.75941482035622,33.420041256010734,True,2400,600
0.1,3,30,17,Empirical_copula,Gaussian,cqr,raw,0.5,0.0,1,10.382857071514213,9.850188074303595,30.0832332201214,True,2400,600
0.1,3,30,17,Empirical_copula,Gaussian,cqr,raw,0.5,0.0,2,10.62973601422461,14.364437014405759,39.35861004303613,True,2400,600
0.1,3,30,17,Empirical_copula,Gaussian,cqr,raw,0.5,0.0,3,5.90121161529829,5.4689343266055275,16.839080268509342,True,2400,600
0.1,3,30,18,CQHR,Gaussian,cqr,native,0.5,0.0,1,9.678141184005527,20.22355009500826,50.125241374022075,True,2400,600
0.1,3,30,18,CQHR,Gaussian,cqr,native,0.5,0.0,2,10.342995430000526,45.34738088838895,101.03775720677841,True,2400,600
0.1,3,30,18,CQHR,Gaussian,cqr,native,0.5,0.0,3,5.728629323128421,21.270454843253912,48.26953900963621,True,2400,600
0.1,3,30,18,TSCP_R,Gaussian,cqr,capped,0.5,0.0,1,9.678141184005527,11.639621486685808,32.95738415737718,True,2400,600
0.1,3,30,18,TSCP_R,Gaussian,cqr,capped,0.5,0.0,2,10.342995430000526,11.631665381877351,33.60632619375522,True,2400,600
0.1,3,30,18,TSCP_R,Gaussian,cqr,capped,0.5,0.0,3,5.728629323128421,5.190952609937451,16.11053454300331,True,2400,600
0.1,3,30,18,Unscaled,Gaussian,cqr,raw,0.5,0.0,1,9.678141184005527,9.19244569266934,28.06303256934421,True,2400,600
0.1,3,30,18,Unscaled,Gaussian,cqr,raw,0.5,0.0,2,10.342995430000526,9.19244569266934,28.7278868153392,True,2400,600
0.1,3,30,18,Unscaled,Gaussian,cqr,raw,0.5,0.0,3,5.728629323128421,9.19244569266934,24.113520708467085,True,2400,600
0.1,3,30,18,Empirical_copula,Gaussian,cqr,raw,0.5,0.0,1,9.678141184005527,9.192445692625451,28.063032569256443,True,2400,600
0.1,3,30,18,Empirical_copula,Gaussian,cqr,raw,0.5,0.0,2,10.342995430000526,8.809420622566977,27.961836675134496,True,2400,600
0.1,3,30,18,Empirical_copula,Gaussian,cqr,raw,0.5,0.0,3,5.728629323128421,4.561854202407186,14.852337727942786,True,2400,600
0.1,3,30,19,CQHR,Gaussian,cqr,native,0.5,0.0,1,10.034513398998483,10.080012708771454,30.194538816541577,True,2400,600
0.1,3,30,19,CQHR,Gaussian,cqr,native,0.5,0.0,2,10.746354188622774,18.428255055130474,47.60286429888379,True,2400,600
0.1,3,30,19,CQHR,Gaussian,cqr,native,0.5,0.0,3,6.508578301370094,11.724553473573733,29.957685248517517,True,2400,600
0.1,3,30,19,TSCP_R,Gaussian,cqr,capped,0.5,0.0,1,10.034513398998483,10.076137275912691,30.18678795082384,True,2400,600
0.1,3,30,19,TSCP_R,Gaussian,cqr,capped,0.5,0.0,2,10.746354188622774,12.640164100219991,36.02668238906272,True,2400,600
0.1,3,30,19,TSCP_R,Gaussian,cqr,capped,0.5,0.0,3,6.508578301370094,8.197387090147258,22.903352481664616,True,2400,600
0.1,3,30,19,Unscaled,Gaussian,cqr,raw,0.5,0.0,1,10.034513398998483,9.343910407233324,28.72233421346513,True,2400,600
0.1,3,30,19,Unscaled,Gaussian,cqr,raw,0.5,0.0,2,10.746354188622774,9.343910407233324,29.434175003089432,True,2400,600
0.1,3,30,19,Unscaled,Gaussian,cqr,raw,0.5,0.0,3,6.508578301370094,9.343910407233324,25.19639911583673,True,2400,600
0.1,3,30,19,Empirical_copula,Gaussian,cqr,raw,0.5,0.0,1,10.034513398998483,7.884027737407232,25.802568873812927,True,2400,600
0.1,3,30,19,Empirical_copula,Gaussian,cqr,raw,0.5,0.0,2,10.746354188622774,9.343910407188982,29.434175003000735,True,2400,600
0.1,3,30,19,Empirical_copula,Gaussian,cqr,raw,0.5,0.0,3,6.508578301370094,8.05623534878334,22.621048998936793,True,2400,600
0.1,3,30,20,CQHR,Gaussian,cqr,native,0.5,0.0,1,9.781453416209319,18.72974608929676,47.240945594802454,True,2400,600
0.1,3,30,20,CQHR,Gaussian,cqr,native,0.5,0.0,2,10.881402792809158,62.951728969166965,136.78486073114297,True,2400,600
0.1,3,30,20,CQHR,Gaussian,cqr,native,0.5,0.0,3,5.802246210560585,25.560486602443063,56.92321941544668,True,2400,600
0.1,3,30,20,TSCP_R,Gaussian,cqr,capped,0.5,0.0,1,9.781453416209319,16.373760989656866,42.52897539552311,True,2400,600
0.1,3,30,20,TSCP_R,Gaussian,cqr,capped,0.5,0.0,2,10.881402792809158,19.122849244474388,49.127101281757994,True,2400,600
0.1,3,30,20,TSCP_R,Gaussian,cqr,capped,0.5,0.0,3,5.802246210560585,11.30078112429037,28.40380845914132,True,2400,600
0.1,3,30,20,Unscaled,Gaussian,cqr,raw,0.5,0.0,1,9.781453416209319,11.155613556740462,32.092680529690256,True,2400,600
0.1,3,30,20,Unscaled,Gaussian,cqr,raw,0.5,0.0,2,10.881402792809158,11.155613556740462,33.19262990629008,True,2400,600
0.1,3,30,20,Unscaled,Gaussian,cqr,raw,0.5,0.0,3,5.802246210560585,11.155613556740462,28.11347332404151,True,2400,600
0.1,3,30,20,Empirical_copula,Gaussian,cqr,raw,0.5,0.0,1,9.781453416209319,10.207264414991592,30.19598224619256,True,2400,600
0.1,3,30,20,Empirical_copula,Gaussian,cqr,raw,0.5,0.0,2,10.881402792809158,9.159426256752685,29.20025530631451,True,2400,600
0.1,3,30,20,Empirical_copula,Gaussian,cqr,raw,0.5,0.0,3,5.802246210560585,10.002697897216052,25.8076420049927,True,2400,600
0.1,3,30,21,CQHR,Gaussian,cqr,native,0.5,0.0,1,10.277650190795235,20.622542108534503,51.52273440786398,True,2400,600
0.1,3,30,21,CQHR,Gaussian,cqr,native,0.5,0.0,2,10.746033291944007,60.40874318938299,131.56351967071012,True,2400,600
0.1,3,30,21,CQHR,Gaussian,cqr,native,0.5,0.0,3,5.821202939550277,41.775733553653204,89.37267004685667,True,2400,600
0.1,3,30,21,TSCP_R,Gaussian,cqr,capped,0.5,0.0,1,10.277650190795235,11.243581850638797,32.764813892072816,True,2400,600
0.1,3,30,21,TSCP_R,Gaussian,cqr,capped,0.5,0.0,2,10.746033291944007,11.402544284083872,33.55112186011177,True,2400,600
0.1,3,30,21,TSCP_R,Gaussian,cqr,capped,0.5,0.0,3,5.821202939550277,6.244946649494658,18.311096238539598,True,2400,600
0.1,3,30,21,Unscaled,Gaussian,cqr,raw,0.5,0.0,1,10.277650190795235,9.946493027374313,30.170636245543864,True,2400,600
0.1,3,30,21,Unscaled,Gaussian,cqr,raw,0.5,0.0,2,10.746033291944007,9.946493027374313,30.639019346692645,True,2400,600
0.1,3,30,21,Unscaled,Gaussian,cqr,raw,0.5,0.0,3,5.821202939550277,9.946493027374313,25.714188994298855,True,2400,600
0.1,3,30,21,Empirical_copula,Gaussian,cqr,raw,0.5,0.0,1,10.277650190795235,9.946493027296917,30.17063624538906,True,2400,600
0.1,3,30,21,Empirical_copula,Gaussian,cqr,raw,0.5,0.0,2,10.746033291944007,9.650887668369645,30.04780862868333,True,2400,600
0.1,3,30,21,Empirical_copula,Gaussian,cqr,raw,0.5,0.0,3,5.821202939550277,4.407569221304108,14.636341382158486,True,2400,600
0.1,3,30,22,CQHR,Gaussian,cqr,native,0.5,0.0,1,9.746289909408421,20.525543088019425,50.79737608544786,True,2400,600
0.1,3,30,22,CQHR,Gaussian,cqr,native,0.5,0.0,2,9.882277680693283,29.864101709147757,69.61048109898888,True,2400,600
0.1,3,30,22,CQHR,Gaussian,cqr,native,0.5,0.0,3,5.540638565412058,17.020368225526237,39.58137501646452,True,2400,600
0.1,3,30,22,TSCP_R,Gaussian,cqr,capped,0.5,0.0,1,9.746289909408421,7.893607792575566,25.53350549455954,True,2400,600
0.1,3,30,22,TSCP_R,Gaussian,cqr,capped,0.5,0.0,2,9.882277680693283,13.224835792851593,36.33194926639649,True,2400,600
0.1,3,30,22,TSCP_R,Gaussian,cqr,capped,0.5,0.0,3,5.540638565412058,5.1524020591518385,15.845442683715746,True,2400,600
0.1,3,30,22,Unscaled,Gaussian,cqr,raw,0.5,0.0,1,9.746289909408421,8.879326314679844,27.504942538768095,True,2400,600
0.1,3,30,22,Unscaled,Gaussian,cqr,raw,0.5,0.0,2,9.882277680693283,8.879326314679844,27.640930310052955,True,2400,600
0.1,3,30,22,Unscaled,Gaussian,cqr,raw,0.5,0.0,3,5.540638565412058,8.879326314679844,23.29929119477175,True,2400,600
0.1,3,30,22,Empirical_copula,Gaussian,cqr,raw,0.5,0.0,1,9.746289909408421,7.769536697980801,25.28536330537003,True,2400,600
0.1,3,30,22,Empirical_copula,Gaussian,cqr,raw,0.5,0.0,2,9.882277680693283,10.30908487886959,30.500447438432428,True,2400,600
0.1,3,30,22,Empirical_copula,Gaussian,cqr,raw,0.5,0.0,3,5.540638565412058,3.847050722348472,13.234740010109013,True,2400,600
0.1,3,30,23,CQHR,Gaussian,cqr,native,0.5,0.0,1,10.030919990147106,13.479327065302597,36.98957412075212,True,2400,600
0.1,3,30,23,CQHR,Gaussian,cqr,native,0.5,0.0,2,10.835009722340926,38.46465599944793,87.76432172123681,True,2400,600
0.1,3,30,23,CQHR,Gaussian,cqr,native,0.5,0.0,3,5.983275704433424,24.573142956868413,55.1295616181703,True,2400,600
0.1,3,30,23,TSCP_R,Gaussian,cqr,capped,0.5,0.0,1,10.030919990147106,15.517785171573301,41.066490333293686,True,2400,600
0.1,3,30,23,TSCP_R,Gaussian,cqr,capped,0.5,0.0,2,10.835009722340926,15.013962971483592,40.86293566530811,True,2400,600
0.1,3,30,23,TSCP_R,Gaussian,cqr,capped,0.5,0.0,3,5.983275704433424,8.450063996507751,22.88340369744892,True,2400,600
0.1,3,30,23,Unscaled,Gaussian,cqr,raw,0.5,0.0,1,10.030919990147106,11.499614196903842,33.03014838395477,True,2400,600
0.1,3,30,23,Unscaled,Gaussian,cqr,raw,0.5,0.0,2,10.835009722340926,11.499614196903842,33.83423811614858,True,2400,600
0.1,3,30,23,Unscaled,Gaussian,cqr,raw,0.5,0.0,3,5.983275704433424,11.499614196903842,28.982504098241098,True,2400,600
0.1,3,30,23,Empirical_copula,Gaussian,cqr,raw,0.5,0.0,1,10.030919990147106,11.135286931565254,32.30149385327763,True,2400,600
0.1,3,30,23,Empirical_copula,Gaussian,cqr,raw,0.5,0.0,2,10.835009722340926,11.593589691166656,34.022189104674226,True,2400,600
0.1,3,30,23,Empirical_copula,Gaussian,cqr,raw,0.5,0.0,3,5.983275704433424,8.309605360851622,22.60248642613668,True,2400,600
0.1,3,30,24,CQHR,Gaussian,cqr,native,0.5,0.0,1,9.634111300604427,16.7228854525985,43.079882205801724,True,2400,600
0.1,3,30,24,CQHR,Gaussian,cqr,native,0.5,0.0,2,10.886418459470597,38.75803847610873,88.4024954116882,True,2400,600
0.1,3,30,24,CQHR,Gaussian,cqr,native,0.5,0.0,3,5.694626820386276,19.840409760311374,45.37544634100906,True,2400,600
0.1,3,30,24,TSCP_R,Gaussian,cqr,capped,0.5,0.0,1,9.634111300604427,12.603159334328337,34.840429969261116,True,2400,600
0.1,3,30,24,TSCP_R,Gaussian,cqr,capped,0.5,0.0,2,10.886418459470597,20.55163679458309,51.989692048636826,True,2400,600
0.1,3,30,24,TSCP_R,Gaussian,cqr,capped,0.5,0.0,3,5.694626820386276,6.974346148523233,19.643319117432732,True,2400,600
0.1,3,30,24,Unscaled,Gaussian,cqr,raw,0.5,0.0,1,9.634111300604427,13.173980295352148,35.982071891308756,True,2400,600
0.1,3,30,24,Unscaled,Gaussian,cqr,raw,0.5,0.0,2,10.886418459470597,13.173980295352148,37.23437905017488,True,2400,600
0.1,3,30,24,Unscaled,Gaussian,cqr,raw,0.5,0.0,3,5.694626820386276,13.173980295352148,32.042587411090516,True,2400,600
0.1,3,30,24,Empirical_copula,Gaussian,cqr,raw,0.5,0.0,1,9.634111300604427,6.465961582928767,22.56603446646195,True,2400,600
0.1,3,30,24,Empirical_copula,Gaussian,cqr,raw,0.5,0.0,2,10.886418459470597,14.039159622976964,38.96473770542453,True,2400,600
0.1,3,30,24,Empirical_copula,Gaussian,cqr,raw,0.5,0.0,3,5.694626820386276,5.089015372720077,15.872657565826437,True,2400,600
0.1,3,30,25,CQHR,Gaussian,cqr,native,0.5,0.0,1,9.939985410269196,17.12035531320835,44.1806960366855,True,2400,600
0.1,3,30,25,CQHR,Gaussian,cqr,native,0.5,0.0,2,10.926819722272434,36.20739041951559,83.3416005613036,True,2400,600
0.1,3,30,25,CQHR,Gaussian,cqr,native,0.5,0.0,3,5.794940307737267,18.55263925359529,42.90021881492783,True,2400,600
0.1,3,30,25,TSCP_R,Gaussian,cqr,capped,0.5,0.0,1,9.939985410269196,12.497087232532236,34.93415987533368,True,2400,600
0.1,3,30,25,TSCP_R,Gaussian,cqr,capped,0.5,0.0,2,10.926819722272434,10.915923452039689,32.75866662635187,True,2400,600
0.1,3,30,25,TSCP_R,Gaussian,cqr,capped,0.5,0.0,3,5.794940307737267,8.839744702481234,23.474429712699738,True,2400,600
0.1,3,30,25,Unscaled,Gaussian,cqr,raw,0.5,0.0,1,9.939985410269196,9.719946237063638,29.37987788439648,True,2400,600
0.1,3,30,25,Unscaled,Gaussian,cqr,raw,0.5,0.0,2,10.926819722272434,9.719946237063638,30.366712196399742,True,2400,600
0.1,3,30,25,Unscaled,Gaussian,cqr,raw,0.5,0.0,3,5.794940307737267,9.719946237063638,25.234832781864537,True,2400,600
0.1,3,30,25,Empirical_copula,Gaussian,cqr,raw,0.5,0.0,1,9.939985410269196,9.329490107253328,28.598965624775847,True,2400,600
0.1,3,30,25,Empirical_copula,Gaussian,cqr,raw,0.5,0.0,2,10.926819722272434,10.756900672785886,32.440621067844205,True,2400,600
0.1,3,30,25,Empirical_copula,Gaussian,cqr,raw,0.5,0.0,3,5.794940307737267,7.2019951575850385,20.198930622907326,True,2400,600
0.1,3,30,26,CQHR,Gaussian,cqr,native,0.5,0.0,1,9.588305506854589,17.472011279816662,44.53232806648772,True,2400,600
0.1,3,30,26,CQHR,Gaussian,cqr,native,0.5,0.0,2,10.84523352102914,32.03097047807655,74.90717447718234,True,2400,600
0.1,3,30,26,CQHR,Gaussian,cqr,native,0.5,0.0,3,6.118660972305321,18.916253831179795,43.9511686346649,True,2400,600
0.1,3,30,26,TSCP_R,Gaussian,cqr,capped,0.5,0.0,1,9.588305506854589,16.25373447819009,42.09577446323476,True,2400,600
0.1,3,30,26,TSCP_R,Gaussian,cqr,capped,0.5,0.0,2,10.84523352102914,13.178066590523564,37.20136670207624,True,2400,600
0.1,3,30,26,TSCP_R,Gaussian,cqr,capped,0.5,0.0,3,6.118660972305321,7.1497022964293215,20.418065565163978,True,2400,600
0.1,3,30,26,Unscaled,Gaussian,cqr,raw,0.5,0.0,1,9.588305506854589,14.042407249893376,37.67312000664133,True,2400,600
0.1,3,30,26,Unscaled,Gaussian,cqr,raw,0.5,0.0,2,10.84523352102914,14.042407249893376,38.930048020815896,True,2400,600
0.1,3,30,26,Unscaled,Gaussian,cqr,raw,0.5,0.0,3,6.118660972305321,14.042407249893376,34.203475472092094,True,2400,600
0.1,3,30,26,Empirical_copula,Gaussian,cqr,raw,0.5,0.0,1,9.588305506854589,14.04240724982364,37.67312000650189,True,2400,600
0.1,3,30,26,Empirical_copula,Gaussian,cqr,raw,0.5,0.0,2,10.84523352102914,8.974474691493654,28.794182904016445,True,2400,600
0.1,3,30,26,Empirical_copula,Gaussian,cqr,raw,0.5,0.0,3,6.118660972305321,5.736615047173392,17.591891066652092,True,2400,600
0.1,3,30,27,CQHR,Gaussian,cqr,native,0.5,0.0,1,10.408196578688505,20.69588076358924,51.79995810586709,True,2400,600
0.1,3,30,27,CQHR,Gaussian,cqr,native,0.5,0.0,2,10.581494351446194,32.599071289727256,75.77963693090074,True,2400,600
0.1,3,30,27,CQHR,Gaussian,cqr,native,0.5,0.0,3,5.8877286052281725,18.797428155955018,43.48258491713826,True,2400,600
0.1,3,30,27,TSCP_R,Gaussian,cqr,capped,0.5,0.0,1,10.408196578688505,16.38989877374673,43.187994126181906,True,2400,600
0.1,3,30,27,TSCP_R,Gaussian,cqr,capped,0.5,0.0,2,10.581494351446194,19.12781827327973,48.83713089800562,True,2400,600
0.1,3,30,27,TSCP_R,Gaussian,cqr,capped,0.5,0.0,3,5.8877286052281725,7.183801120147409,20.25533084552299,True,2400,600
0.1,3,30,27,Unscaled,Gaussian,cqr,raw,0.5,0.0,1,10.408196578688505,15.393719875579121,41.195636329846714,True,2400,600
0.1,3,30,27,Unscaled,Gaussian,cqr,raw,0.5,0.0,2,10.581494351446194,15.393719875579121,41.368934102604435,True,2400,600
0.1,3,30,27,Unscaled,Gaussian,cqr,raw,0.5,0.0,3,5.8877286052281725,15.393719875579121,36.675168356386436,True,2400,600
0.1,3,30,27,Empirical_copula,Gaussian,cqr,raw,0.5,0.0,1,10.408196578688505,15.393719875500516,41.19563632968955,True,2400,600
0.1,3,30,27,Empirical_copula,Gaussian,cqr,raw,0.5,0.0,2,10.581494351446194,13.056071431910112,36.69363721526642,True,2400,600
0.1,3,30,27,Empirical_copula,Gaussian,cqr,raw,0.5,0.0,3,5.8877286052281725,5.669902846941369,17.227534299110925,True,2400,600
0.1,3,30,28,CQHR,Gaussian,cqr,native,0.5,0.0,1,10.166610728781915,23.246202645248157,56.65901601927803,True,2400,600
0.1,3,30,28,CQHR,Gaussian,cqr,native,0.5,0.0,2,10.753869651825662,55.26391283908984,121.2816953300054,True,2400,600
0.1,3,30,28,CQHR,Gaussian,cqr,native,0.5,0.0,3,5.811238034424119,24.042039346689428,53.89531672780296,True,2400,600
0.1,3,30,28,TSCP_R,Gaussian,cqr,capped,0.5,0.0,1,10.166610728781915,18.790499564355336,47.74760985749256,True,2400,600
0.1,3,30,28,TSCP_R,Gaussian,cqr,capped,0.5,0.0,2,10.753869651825662,11.208937863155487,33.171745378136634,True,2400,600
0.1,3,30,28,TSCP_R,Gaussian,cqr,capped,0.5,0.0,3,5.811238034424119,7.952180943247313,21.715599920918716,True,2400,600
0.1,3,30,28,Unscaled,Gaussian,cqr,raw,0.5,0.0,1,10.166610728781915,11.890971960757101,33.94855465029617,True,2400,600
0.1,3,30,28,Unscaled,Gaussian,cqr,raw,0.5,0.0,2,10.753869651825662,11.890971960757101,34.535813573339844,True,2400,600
0.1,3,30,28,Unscaled,Gaussian,cqr,raw,0.5,0.0,3,5.811238034424119,11.890971960757101,29.593181955938302,True,2400,600
0.1,3,30,28,Empirical_copula,Gaussian,cqr,raw,0.5,0.0,1,10.166610728781915,12.360726740046953,34.88806420887583,True,2400,600
0.1,3,30,28,Empirical_copula,Gaussian,cqr,raw,0.5,0.0,2,10.753869651825662,9.529267522190114,29.812404696205903,True,2400,600
0.1,3,30,28,Empirical_copula,Gaussian,cqr,raw,0.5,0.0,3,5.811238034424119,6.502046402793468,18.815330840011075,True,2400,600
0.1,3,30,29,CQHR,Gaussian,cqr,native,0.5,0.0,1,9.88686839645414,13.522696983588729,36.93226236363202,True,2400,600
0.1,3,30,29,CQHR,Gaussian,cqr,native,0.5,0.0,2,10.629414096596356,27.451324099144962,65.53206229488633,True,2400,600
0.1,3,30,29,CQHR,Gaussian,cqr,native,0.5,0.0,3,5.862996498118173,14.207917418200232,34.2788313345187,True,2400,600
0.1,3,30,29,TSCP_R,Gaussian,cqr,capped,0.5,0.0,1,9.88686839645414,19.61558620478821,49.118040806030564,True,2400,600
0.1,3,30,29,TSCP_R,Gaussian,cqr,capped,0.5,0.0,2,10.629414096596356,18.16677929413412,46.96297268486461,True,2400,600
0.1,3,30,29,TSCP_R,Gaussian,cqr,capped,0.5,0.0,3,5.862996498118173,8.061971809571848,21.986940117261852,True,2400,600
0.1,3,30,29,Unscaled,Gaussian,cqr,raw,0.5,0.0,1,9.88686839645414,13.439953737147787,36.76677587074973,True,2400,600
0.1,3,30,29,Unscaled,Gaussian,cqr,raw,0.5,0.0,2,10.629414096596356,13.439953737147787,37.50932157089196,True,2400,600
0.1,3,30,29,Unscaled,Gaussian,cqr,raw,0.5,0.0,3,5.862996498118173,13.439953737147787,32.74290397241376,True,2400,600
0.1,3,30,29,Empirical_copula,Gaussian,cqr,raw,0.5,0.0,1,9.88686839645414,13.439953737110708,36.76677587067555,True,2400,600
0.1,3,30,29,Empirical_copula,Gaussian,cqr,raw,0.5,0.0,2,10.629414096596356,10.288380707272765,31.206175511141883,True,2400,600
0.1,3,30,29,Empirical_copula,Gaussian,cqr,raw,0.5,0.0,3,5.862996498118173,7.938177606201988,21.739351710522143,True,2400,600
0.1,3,50,0,CQHR,Gaussian,cqr,native,0.5,0.0,1,10.722188057327815,17.582045833601978,45.8862797245314,True,2400,600
0.1,3,50,0,CQHR,Gaussian,cqr,native,0.5,0.0,2,10.553651280109499,31.959656005395125,74.47296329089991,True,2400,600
0.1,3,50,0,CQHR,Gaussian,cqr,native,0.5,0.0,3,5.895505689527056,16.91954639040551,39.73459847033809,True,2400,600
0.1,3,50,0,TSCP_R,Gaussian,cqr,capped,0.5,0.0,1,10.722188057327815,13.026508929203587,36.775205915735,True,2400,600
0.1,3,50,0,TSCP_R,Gaussian,cqr,capped,0.5,0.0,2,10.553651280109499,12.83279915211531,36.219249584340126,True,2400,600
0.1,3,50,0,TSCP_R,Gaussian,cqr,capped,0.5,0.0,3,5.895505689527056,10.682938479090875,27.261382647708825,True,2400,600
0.1,3,50,0,Unscaled,Gaussian,cqr,raw,0.5,0.0,1,10.722188057327815,12.120997046953468,34.964182151234716,True,2400,600
0.1,3,50,0,Unscaled,Gaussian,cqr,raw,0.5,0.0,2,10.553651280109499,12.120997046953468,34.79564537401645,True,2400,600
0.1,3,50,0,Unscaled,Gaussian,cqr,raw,0.5,0.0,3,5.895505689527056,12.120997046953468,30.13749978343396,True,2400,600
0.1,3,50,0,Empirical_copula,Gaussian,cqr,raw,0.5,0.0,1,10.722188057327815,12.35720124933416,35.43659055599612,True,2400,600
0.1,3,50,0,Empirical_copula,Gaussian,cqr,raw,0.5,0.0,2,10.553651280109499,10.116399162538478,30.786449605186476,True,2400,600
0.1,3,50,0,Empirical_copula,Gaussian,cqr,raw,0.5,0.0,3,5.895505689527056,8.48124098687866,22.85798766328439,True,2400,600
0.1,3,50,1,CQHR,Gaussian,cqr,native,0.5,0.0,1,10.1013471721751,22.78037857286485,55.66210431790531,True,2400,600
0.1,3,50,1,CQHR,Gaussian,cqr,native,0.5,0.0,2,10.358970287075365,42.02906400818033,94.41709830343602,True,2400,600
0.1,3,50,1,CQHR,Gaussian,cqr,native,0.5,0.0,3,5.926008029836357,19.136719481073268,44.199446991982896,True,2400,600
0.1,3,50,1,TSCP_R,Gaussian,cqr,capped,0.5,0.0,1,10.1013471721751,14.510867248931621,39.123081670038346,True,2400,600
0.1,3,50,1,TSCP_R,Gaussian,cqr,capped,0.5,0.0,2,10.358970287075365,12.377623091865473,35.114216470806284,True,2400,600
0.1,3,50,1,TSCP_R,Gaussian,cqr,capped,0.5,0.0,3,5.926008029836357,10.644049439801956,27.21410690944025,True,2400,600
0.1,3,50,1,Unscaled,Gaussian,cqr,raw,0.5,0.0,1,10.1013471721751,13.600433879661853,37.302214931498824,True,2400,600
0.1,3,50,1,Unscaled,Gaussian,cqr,raw,0.5,0.0,2,10.358970287075365,13.600433879661853,37.55983804639906,True,2400,600
0.1,3,50,1,Unscaled,Gaussian,cqr,raw,0.5,0.0,3,5.926008029836357,13.600433879661853,33.12687578916006,True,2400,600
0.1,3,50,1,Empirical_copula,Gaussian,cqr,raw,0.5,0.0,1,10.1013471721751,14.409211560419333,38.91977029301375,True,2400,600
0.1,3,50,1,Empirical_copula,Gaussian,cqr,raw,0.5,0.0,2,10.358970287075365,13.29150943901918,36.941989165113746,True,2400,600
0.1,3,50,1,Empirical_copula,Gaussian,cqr,raw,0.5,0.0,3,5.926008029836357,8.529822614301857,22.985653258440074,True,2400,600
0.1,3,50,2,CQHR,Gaussian,cqr,native,0.5,0.0,1,10.058895731624643,17.492414645369166,45.043725022362935,True,2400,600
0.1,3,50,2,CQHR,Gaussian,cqr,native,0.5,0.0,2,10.508580993856295,34.11143818360057,78.7314573610573,True,2400,600
0.1,3,50,2,CQHR,Gaussian,cqr,native,0.5,0.0,3,5.640198374088888,16.697277600729706,39.03475357554829,True,2400,600
0.1,3,50,2,TSCP_R,Gaussian,cqr,capped,0.5,0.0,1,10.058895731624643,10.365736442985671,30.79036861759597,True,2400,600
0.1,3,50,2,TSCP_R,Gaussian,cqr,capped,0.5,0.0,2,10.508580993856295,11.746770499856272,34.002121993568814,True,2400,600
0.1,3,50,2,TSCP_R,Gaussian,cqr,capped,0.5,0.0,3,5.640198374088888,6.249283942222955,18.138766258534805,True,2400,600
0.1,3,50,2,Unscaled,Gaussian,cqr,raw,0.5,0.0,1,10.058895731624643,10.178691644000013,30.416279019624664,True,2400,600
0.1,3,50,2,Unscaled,Gaussian,cqr,raw,0.5,0.0,2,10.508580993856295,10.178691644000013,30.865964281856318,True,2400,600
0.1,3,50,2,Unscaled,Gaussian,cqr,raw,0.5,0.0,3,5.640198374088888,10.178691644000013,25.997581662088933,True,2400,600
0.1,3,50,2,Empirical_copula,Gaussian,cqr,raw,0.5,0.0,1,10.058895731624643,8.867478196040004,27.793852123704678,True,2400,600
0.1,3,50,2,Empirical_copula,Gaussian,cqr,raw,0.5,0.0,2,10.508580993856295,11.648058577748401,33.80469814935311,True,2400,600
0.1,3,50,2,Empirical_copula,Gaussian,cqr,raw,0.5,0.0,3,5.640198374088888,6.1867220030744114,18.013642380237727,True,2400,600
0.1,3,50,3,CQHR,Gaussian,cqr,native,0.5,0.0,1,10.003516733810422,25.065149216461545,60.13381516673324,True,2400,600
0.1,3,50,3,CQHR,Gaussian,cqr,native,0.5,0.0,2,10.085982390745597,37.35464215559286,84.79526670193135,True,2400,600
0.1,3,50,3,CQHR,Gaussian,cqr,native,0.5,0.0,3,5.948401515184656,27.001527189257516,59.95145589369979,True,2400,600
0.1,3,50,3,TSCP_R,Gaussian,cqr,capped,0.5,0.0,1,10.003516733810422,11.726338378552882,33.456193490916206,True,2400,600
0.1,3,50,3,TSCP_R,Gaussian,cqr,capped,0.5,0.0,2,10.085982390745597,9.872981600722195,29.83194559218998,True,2400,600
0.1,3,50,3,TSCP_R,Gaussian,cqr,capped,0.5,0.0,3,5.948401515184656,6.76280216814773,19.474005851480108,True,2400,600
0.1,3,50,3,Unscaled,Gaussian,cqr,raw,0.5,0.0,1,10.003516733810422,10.599135903581027,31.201788540972423,True,2400,600
0.1,3,50,3,Unscaled,Gaussian,cqr,raw,0.5,0.0,2,10.085982390745597,10.599135903581027,31.28425419790765,True,2400,600
0.1,3,50,3,Unscaled,Gaussian,cqr,raw,0.5,0.0,3,5.948401515184656,10.599135903581027,27.146673322346697,True,2400,600
0.1,3,50,3,Empirical_copula,Gaussian,cqr,raw,0.5,0.0,1,10.003516733810422,10.599135903498752,31.20178854080792,True,2400,600
0.1,3,50,3,Empirical_copula,Gaussian,cqr,raw,0.5,0.0,2,10.085982390745597,9.3079017690131,28.70178592877178,True,2400,600
0.1,3,50,3,Empirical_copula,Gaussian,cqr,raw,0.5,0.0,3,5.948401515184656,6.3324253133858734,18.613252141956412,True,2400,600
0.1,3,50,4,CQHR,Gaussian,cqr,native,0.5,0.0,1,9.996929916138269,13.855484549123279,37.70789901438436,True,2400,600
0.1,3,50,4,CQHR,Gaussian,cqr,native,0.5,0.0,2,10.590589147859097,25.984824966914132,62.560239081687406,True,2400,600
0.1,3,50,4,CQHR,Gaussian,cqr,native,0.5,0.0,3,5.897107390468872,13.660814811910987,33.218737014290895,True,2400,600
0.1,3,50,4,TSCP_R,Gaussian,cqr,capped,0.5,0.0,1,9.996929916138269,12.002517719429889,34.00196535499808,True,2400,600
0.1,3,50,4,TSCP_R,Gaussian,cqr,capped,0.5,0.0,2,10.590589147859097,16.199715483786694,42.99002011543253,True,2400,600
0.1,3,50,4,TSCP_R,Gaussian,cqr,capped,0.5,0.0,3,5.897107390468872,6.614646017867711,19.126399426204287,True,2400,600
0.1,3,50,4,Unscaled,Gaussian,cqr,raw,0.5,0.0,1,9.996929916138269,11.087655994471545,32.17224190508138,True,2400,600
0.1,3,50,4,Unscaled,Gaussian,cqr,raw,0.5,0.0,2,10.590589147859097,11.087655994471545,32.76590113680219,True,2400,600
0.1,3,50,4,Unscaled,Gaussian,cqr,raw,0.5,0.0,3,5.897107390468872,11.087655994471545,28.072419379411954,True,2400,600
0.1,3,50,4,Empirical_copula,Gaussian,cqr,raw,0.5,0.0,1,9.996929916138269,11.907993024635552,33.812915965409346,True,2400,600
0.1,3,50,4,Empirical_copula,Gaussian,cqr,raw,0.5,0.0,2,10.590589147859097,13.421263543207097,37.433116234273264,True,2400,600
0.1,3,50,4,Empirical_copula,Gaussian,cqr,raw,0.5,0.0,3,5.897107390468872,6.564273903314103,19.025655197097098,True,2400,600
0.1,3,50,5,CQHR,Gaussian,cqr,native,0.5,0.0,1,10.423073687438842,17.19951613109514,44.82210594962898,True,2400,600
0.1,3,50,5,CQHR,Gaussian,cqr,native,0.5,0.0,2,10.92204368965605,31.73913479572394,74.40031328110393,True,2400,600
0.1,3,50,5,CQHR,Gaussian,cqr,native,0.5,0.0,3,6.09456341035552,17.463784622862192,41.02213265607984,True,2400,600
0.1,3,50,5,TSCP_R,Gaussian,cqr,capped,0.5,0.0,1,10.423073687438842,15.186697819909451,40.79646932725771,True,2400,600
0.1,3,50,5,TSCP_R,Gaussian,cqr,capped,0.5,0.0,2,10.92204368965605,10.380993383188937,31.68403045603394,True,2400,600
0.1,3,50,5,TSCP_R,Gaussian,cqr,capped,0.5,0.0,3,6.09456341035552,8.02249333247317,22.13955007530187,True,2400,600
0.1,3,50,5,Unscaled,Gaussian,cqr,raw,0.5,0.0,1,10.423073687438842,9.717762225076845,29.85859813759252,True,2400,600
0.1,3,50,5,Unscaled,Gaussian,cqr,raw,0.5,0.0,2,10.92204368965605,9.717762225076845,30.35756813980976,True,2400,600
0.1,3,50,5,Unscaled,Gaussian,cqr,raw,0.5,0.0,3,6.09456341035552,9.717762225076845,25.530087860509195,True,2400,600
0.1,3,50,5,Empirical_copula,Gaussian,cqr,raw,0.5,0.0,1,10.423073687438842,9.717762224979282,29.858598137397415,True,2400,600
0.1,3,50,5,Empirical_copula,Gaussian,cqr,raw,0.5,0.0,2,10.92204368965605,8.68471892585309,28.291481541362202,True,2400,600
0.1,3,50,5,Empirical_copula,Gaussian,cqr,raw,0.5,0.0,3,6.09456341035552,7.609292880674671,21.31314917170486,True,2400,600
0.1,3,50,6,CQHR,Gaussian,cqr,native,0.5,0.0,1,10.100401305111522,18.67829991390681,47.457001132925136,True,2400,600
0.1,3,50,6,CQHR,Gaussian,cqr,native,0.5,0.0,2,10.44101663704894,68.24827795116282,146.93757253937474,True,2400,600
0.1,3,50,6,CQHR,Gaussian,cqr,native,0.5,0.0,3,6.037282488778445,38.60124799407892,83.23977847693637,True,2400,600
0.1,3,50,6,TSCP_R,Gaussian,cqr,capped,0.5,0.0,1,10.100401305111522,13.445634242244749,36.991669789601,True,2400,600
0.1,3,50,6,TSCP_R,Gaussian,cqr,capped,0.5,0.0,2,10.44101663704894,11.139125618022389,32.71926787309373,True,2400,600
0.1,3,50,6,TSCP_R,Gaussian,cqr,capped,0.5,0.0,3,6.037282488778445,6.650817703376791,19.338917895532024,True,2400,600
0.1,3,50,6,Unscaled,Gaussian,cqr,raw,0.5,0.0,1,10.100401305111522,11.035957467613072,32.17231624033771,True,2400,600
0.1,3,50,6,Unscaled,Gaussian,cqr,raw,0.5,0.0,2,10.44101663704894,11.035957467613072,32.512931572275086,True,2400,600
0.1,3,50,6,Unscaled,Gaussian,cqr,raw,0.5,0.0,3,6.037282488778445,11.035957467613072,28.109197424004595,True,2400,600
0.1,3,50,6,Empirical_copula,Gaussian,cqr,raw,0.5,0.0,1,10.100401305111522,13.304411681238722,36.70922466758899,True,2400,600
0.1,3,50,6,Empirical_copula,Gaussian,cqr,raw,0.5,0.0,2,10.44101663704894,11.03595746758424,32.51293157221742,True,2400,600
0.1,3,50,6,Empirical_copula,Gaussian,cqr,raw,0.5,0.0,3,6.037282488778445,5.418910236612803,16.875102962004046,True,2400,600
0.1,3,50,7,CQHR,Gaussian,cqr,native,0.5,0.0,1,9.912845765183539,14.622200038237567,39.15724584165845,True,2400,600
0.1,3,50,7,CQHR,Gaussian,cqr,native,0.5,0.0,2,10.743685563807135,33.54838996547021,77.84046549474758,True,2400,600
0.1,3,50,7,CQHR,Gaussian,cqr,native,0.5,0.0,3,5.961834340807259,18.820234902224666,43.60230414525667,True,2400,600
0.1,3,50,7,TSCP_R,Gaussian,cqr,capped,0.5,0.0,1,9.912845765183539,12.631944320724383,35.176734406632306,True,2400,600
0.1,3,50,7,TSCP_R,Gaussian,cqr,capped,0.5,0.0,2,10.743685563807135,11.438055915032539,33.619797393872254,True,2400,600
0.1,3,50,7,TSCP_R,Gaussian,cqr,capped,0.5,0.0,3,5.961834340807259,7.913278704734648,21.78839175027652,True,2400,600
0.1,3,50,7,Unscaled,Gaussian,cqr,raw,0.5,0.0,1,9.912845765183539,9.685936037692846,29.284717840569247,True,2400,600
0.1,3,50,7,Unscaled,Gaussian,cqr,raw,0.5,0.0,2,10.743685563807135,9.685936037692846,30.115557639192843,True,2400,600
0.1,3,50,7,Unscaled,Gaussian,cqr,raw,0.5,0.0,3,5.961834340807259,9.685936037692846,25.33370641619295,True,2400,600
0.1,3,50,7,Empirical_copula,Gaussian,cqr,raw,0.5,0.0,1,9.912845765183539,11.170348702819929,32.25354317082341,True,2400,600
0.1,3,50,7,Empirical_copula,Gaussian,cqr,raw,0.5,0.0,2,10.743685563807135,11.338975363821017,33.42163629144914,True,2400,600
0.1,3,50,7,Empirical_copula,Gaussian,cqr,raw,0.5,0.0,3,5.961834340807259,9.539712863381617,25.041260067570516,True,2400,600
0.1,3,50,8,CQHR,Gaussian,cqr,native,0.5,0.0,1,9.88362974479281,15.16930212504771,40.222233994888185,True,2400,600
0.1,3,50,8,CQHR,Gaussian,cqr,native,0.5,0.0,2,10.593925203959206,36.36265643003645,83.31923806403213,True,2400,600
0.1,3,50,8,CQHR,Gaussian,cqr,native,0.5,0.0,3,5.889861260105326,17.31931878196654,40.52849882403846,True,2400,600
0.1,3,50,8,TSCP_R,Gaussian,cqr,capped,0.5,0.0,1,9.88362974479281,13.608223110262406,37.10007596531763,True,2400,600
0.1,3,50,8,TSCP_R,Gaussian,cqr,capped,0.5,0.0,2,10.593925203959206,9.207653633007554,29.00923246997433,True,2400,600
0.1,3,50,8,TSCP_R,Gaussian,cqr,capped,0.5,0.0,3,5.889861260105326,7.3220825798566525,20.534026419818645,True,2400,600
0.1,3,50,8,Unscaled,Gaussian,cqr,raw,0.5,0.0,1,9.88362974479281,11.04885945619904,31.98134865719086,True,2400,600
0.1,3,50,8,Unscaled,Gaussian,cqr,raw,0.5,0.0,2,10.593925203959206,11.04885945619904,32.69164411635734,True,2400,600
0.1,3,50,8,Unscaled,Gaussian,cqr,raw,0.5,0.0,3,5.889861260105326,11.04885945619904,27.98758017250342,True,2400,600
0.1,3,50,8,Empirical_copula,Gaussian,cqr,raw,0.5,0.0,1,9.88362974479281,13.289268567176233,36.462166879145265,True,2400,600
0.1,3,50,8,Empirical_copula,Gaussian,cqr,raw,0.5,0.0,2,10.593925203959206,7.920367690920848,26.434660585800888,True,2400,600
0.1,3,50,8,Empirical_copula,Gaussian,cqr,raw,0.5,0.0,3,5.889861260105326,7.5925932607961055,21.075047781697517,True,2400,600
0.1,3,50,9,CQHR,Gaussian,cqr,native,0.5,0.0,1,9.873774717516781,53.30387051504933,116.48151574761422,True,2400,600
0.1,3,50,9,CQHR,Gaussian,cqr,native,0.5,0.0,2,10.401270833519412,83.85722823762683,178.11572730877288,True,2400,600
0.1,3,50,9,CQHR,Gaussian,cqr,native,0.5,0.0,3,5.938786930605129,46.53834207394103,99.0154710784872,True,2400,600
0.1,3,50,9,TSCP_R,Gaussian,cqr,capped,0.5,0.0,1,9.873774717516781,13.289079508275021,36.45193373406681,True,2400,600
0.1,3,50,9,TSCP_R,Gaussian,cqr,capped,0.5,0.0,2,10.401270833519412,18.529749919392223,47.460770672303916,True,2400,600
0.1,3,50,9,TSCP_R,Gaussian,cqr,capped,0.5,0.0,3,5.938786930605129,8.20368530192478,22.3461575344547,True,2400,600
0.1,3,50,9,Unscaled,Gaussian,cqr,raw,0.5,0.0,1,9.873774717516781,13.603873191008843,37.0815210995345,True,2400,600
0.1,3,50,9,Unscaled,Gaussian,cqr,raw,0.5,0.0,2,10.401270833519412,13.603873191008843,37.60901721553708,True,2400,600
0.1,3,50,9,Unscaled,Gaussian,cqr,raw,0.5,0.0,3,5.938786930605129,13.603873191008843,33.146533312622815,True,2400,600
0.1,3,50,9,Empirical_copula,Gaussian,cqr,raw,0.5,0.0,1,9.873774717516781,14.446741803173829,38.76725832386442,True,2400,600
0.1,3,50,9,Empirical_copula,Gaussian,cqr,raw,0.5,0.0,2,10.401270833519412,19.136306397050774,48.673883627620924,True,2400,600
0.1,3,50,9,Empirical_copula,Gaussian,cqr,raw,0.5,0.0,3,5.938786930605129,7.473811187574161,20.886409305753464,True,2400,600
0.1,3,50,10,CQHR,Gaussian,cqr,native,0.5,0.0,1,10.336217748628819,36.51779790964301,83.3718135679144,True,2400,600
0.1,3,50,10,CQHR,Gaussian,cqr,native,0.5,0.0,2,10.858111270622054,69.73718903989808,150.33248935041794,True,2400,600
0.1,3,50,10,CQHR,Gaussian,cqr,native,0.5,0.0,3,6.091465930375488,33.207492752046306,72.50645143446808,True,2400,600
0.1,3,50,10,TSCP_R,Gaussian,cqr,capped,0.5,0.0,1,10.336217748628819,5.371352947062338,21.078923642753526,True,2400,600
0.1,3,50,10,TSCP_R,Gaussian,cqr,capped,0.5,0.0,2,10.858111270622054,14.552238617058562,39.9625885047391,True,2400,600
0.1,3,50,10,TSCP_R,Gaussian,cqr,capped,0.5,0.0,3,6.091465930375488,11.08688173433511,28.26522939904571,True,2400,600
0.1,3,50,10,Unscaled,Gaussian,cqr,raw,0.5,0.0,1,10.336217748628819,12.777044712863779,35.890307174356366,True,2400,600
0.1,3,50,10,Unscaled,Gaussian,cqr,raw,0.5,0.0,2,10.858111270622054,12.777044712863779,36.4122006963496,True,2400,600
0.1,3,50,10,Unscaled,Gaussian,cqr,raw,0.5,0.0,3,6.091465930375488,12.777044712863779,31.64555535610308,True,2400,600
0.1,3,50,10,Empirical_copula,Gaussian,cqr,raw,0.5,0.0,1,10.336217748628819,5.5173377952058225,21.370893339040457,True,2400,600
0.1,3,50,10,Empirical_copula,Gaussian,cqr,raw,0.5,0.0,2,10.858111270622054,13.874808559747354,38.60772839011681,True,2400,600
0.1,3,50,10,Empirical_copula,Gaussian,cqr,raw,0.5,0.0,3,6.091465930375488,8.044864215990673,22.181194362356823,True,2400,600
0.1,3,50,11,CQHR,Gaussian,cqr,native,0.5,0.0,1,10.2817703768981,18.488701480211592,47.25917333732111,True,2400,600
0.1,3,50,11,CQHR,Gaussian,cqr,native,0.5,0.0,2,10.683785538498334,445.8701916617022,902.4241688619014,True,2400,600
0.1,3,50,11,CQHR,Gaussian,cqr,native,0.5,0.0,3,5.793773153130231,188.00733137565783,381.80843590444607,True,2400,600
0.1,3,50,11,TSCP_R,Gaussian,cqr,capped,0.5,0.0,1,10.2817703768981,9.03652318166226,28.354816740222596,True,2400,600
0.1,3,50,11,TSCP_R,Gaussian,cqr,capped,0.5,0.0,2,10.683785538498334,16.23684092382196,43.157467386142265,True,2400,600
0.1,3,50,11,TSCP_R,Gaussian,cqr,capped,0.5,0.0,3,5.793773153130231,6.496013972388782,18.78580109790778,True,2400,600
0.1,3,50,11,Unscaled,Gaussian,cqr,raw,0.5,0.0,1,10.2817703768981,12.486881806199534,35.25553398929715,True,2400,600
0.1,3,50,11,Unscaled,Gaussian,cqr,raw,0.5,0.0,2,10.683785538498334,12.486881806199534,35.657549150897445,True,2400,600
0.1,3,50,11,Unscaled,Gaussian,cqr,raw,0.5,0.0,3,5.793773153130231,12.486881806199534,30.767536765529293,True,2400,600
0.1,3,50,11,Empirical_copula,Gaussian,cqr,raw,0.5,0.0,1,10.2817703768981,9.508837333992288,29.29944504488263,True,2400,600
0.1,3,50,11,Empirical_copula,Gaussian,cqr,raw,0.5,0.0,2,10.683785538498334,15.086744449995836,40.85727443849003,True,2400,600
0.1,3,50,11,Empirical_copula,Gaussian,cqr,raw,0.5,0.0,3,5.793773153130231,6.0976764982103475,17.989126149550927,True,2400,600
0.1,3,50,12,CQHR,Gaussian,cqr,native,0.5,0.0,1,10.097465592108483,26.556689130964628,63.21084385403836,True,2400,600
0.1,3,50,12,CQHR,Gaussian,cqr,native,0.5,0.0,2,10.639329891588096,40.84233529332464,92.3240004782374,True,2400,600
0.1,3,50,12,CQHR,Gaussian,cqr,native,0.5,0.0,3,5.99403921013304,22.51737546586926,51.02879014187162,True,2400,600
0.1,3,50,12,TSCP_R,Gaussian,cqr,capped,0.5,0.0,1,10.097465592108483,8.86567048805983,27.828806568228124,True,2400,600
0.1,3,50,12,TSCP_R,Gaussian,cqr,capped,0.5,0.0,2,10.639329891588096,10.351799897949846,31.342929687487782,True,2400,600
0.1,3,50,12,TSCP_R,Gaussian,cqr,capped,0.5,0.0,3,5.99403921013304,5.624968944289467,17.243977098711976,True,2400,600
0.1,3,50,12,Unscaled,Gaussian,cqr,raw,0.5,0.0,1,10.097465592108483,9.684590277960245,29.46664614802894,True,2400,600
0.1,3,50,12,Unscaled,Gaussian,cqr,raw,0.5,0.0,2,10.639329891588096,9.684590277960245,30.00851044750858,True,2400,600
0.1,3,50,12,Unscaled,Gaussian,cqr,raw,0.5,0.0,3,5.99403921013304,9.684590277960245,25.36321976605355,True,2400,600
0.1,3,50,12,Empirical_copula,Gaussian,cqr,raw,0.5,0.0,1,10.097465592108483,8.63840492830979,27.37427544872804,True,2400,600
0.1,3,50,12,Empirical_copula,Gaussian,cqr,raw,0.5,0.0,2,10.639329891588096,10.233688442277064,31.106706776142218,True,2400,600
0.1,3,50,12,Empirical_copula,Gaussian,cqr,raw,0.5,0.0,3,5.99403921013304,5.116011830002769,16.22606287013859,True,2400,600
0.1,3,50,13,CQHR,Gaussian,cqr,native,0.5,0.0,1,9.891921554289846,15.829788436185485,41.55149842666092,True,2400,600
0.1,3,50,13,CQHR,Gaussian,cqr,native,0.5,0.0,2,10.59558896366368,28.665254793788687,67.92609855124101,True,2400,600
0.1,3,50,13,CQHR,Gaussian,cqr,native,0.5,0.0,3,5.621987783529338,15.44849994027737,36.51898766408405,True,2400,600
0.1,3,50,13,TSCP_R,Gaussian,cqr,capped,0.5,0.0,1,9.891921554289846,12.941336534490507,35.77459462327088,True,2400,600
0.1,3,50,13,TSCP_R,Gaussian,cqr,capped,0.5,0.0,2,10.59558896366368,8.535860616129561,27.667310195922788,True,2400,600
0.1,3,50,13,TSCP_R,Gaussian,cqr,capped,0.5,0.0,3,5.621987783529338,7.325189441283681,20.272366666096723,True,2400,600
0.1,3,50,13,Unscaled,Gaussian,cqr,raw,0.5,0.0,1,9.891921554289846,9.612654628717426,29.117230811724713,True,2400,600
0.1,3,50,13,Unscaled,Gaussian,cqr,raw,0.5,0.0,2,10.59558896366368,9.612654628717426,29.82089822109849,True,2400,600
0.1,3,50,13,Unscaled,Gaussian,cqr,raw,0.5,0.0,3,5.621987783529338,9.612654628717426,24.847297040964186,True,2400,600
0.1,3,50,13,Empirical_copula,Gaussian,cqr,raw,0.5,0.0,1,9.891921554289846,11.314930004765948,32.52178156382173,True,2400,600
0.1,3,50,13,Empirical_copula,Gaussian,cqr,raw,0.5,0.0,2,10.59558896366368,8.243354073996857,27.08229711165737,True,2400,600
0.1,3,50,13,Empirical_copula,Gaussian,cqr,raw,0.5,0.0,3,5.621987783529338,7.101595289699485,19.825178362928295,True,2400,600
0.1,3,50,14,CQHR,Gaussian,cqr,native,0.5,0.0,1,10.088285151432864,22.101134878756582,54.29055490894641,True,2400,600
0.1,3,50,14,CQHR,Gaussian,cqr,native,0.5,0.0,2,10.819784363643537,33.77998399742991,78.37975235850341,True,2400,600
0.1,3,50,14,CQHR,Gaussian,cqr,native,0.5,0.0,3,5.988022420368961,17.494998441396778,40.97801930316252,True,2400,600
0.1,3,50,14,TSCP_R,Gaussian,cqr,capped,0.5,0.0,1,10.088285151432864,14.953243560971883,39.99477227337667,True,2400,600
0.1,3,50,14,TSCP_R,Gaussian,cqr,capped,0.5,0.0,2,10.819784363643537,15.172069250454484,41.16392286455255,True,2400,600
0.1,3,50,14,TSCP_R,Gaussian,cqr,capped,0.5,0.0,3,5.988022420368961,9.361504114385466,24.71103064913988,True,2400,600
0.1,3,50,14,Unscaled,Gaussian,cqr,raw,0.5,0.0,1,10.088285151432864,12.159856263285796,34.40799767800449,True,2400,600
0.1,3,50,14,Unscaled,Gaussian,cqr,raw,0.5,0.0,2,10.819784363643537,12.159856263285796,35.13949689021521,True,2400,600
0.1,3,50,14,Unscaled,Gaussian,cqr,raw,0.5,0.0,3,5.988022420368961,12.159856263285796,30.30773494694052,True,2400,600
0.1,3,50,14,Empirical_copula,Gaussian,cqr,raw,0.5,0.0,1,10.088285151432864,10.685329051541714,31.458943254516303,True,2400,600
0.1,3,50,14,Empirical_copula,Gaussian,cqr,raw,0.5,0.0,2,10.819784363643537,12.15985626322141,35.13949689008631,True,2400,600
0.1,3,50,14,Empirical_copula,Gaussian,cqr,raw,0.5,0.0,3,5.988022420368961,7.308746696372001,20.605515813112962,True,2400,600
0.1,3,50,15,CQHR,Gaussian,cqr,native,0.5,0.0,1,10.595836510271898,18.08527619447636,46.76638889922418,True,2400,600
0.1,3,50,15,CQHR,Gaussian,cqr,native,0.5,0.0,2,10.71600637711071,121.72906749939199,254.1741413758949,True,2400,600
0.1,3,50,15,CQHR,Gaussian,cqr,native,0.5,0.0,3,5.903547943065873,39.17174605165501,84.24704004637589,True,2400,600
0.1,3,50,15,TSCP_R,Gaussian,cqr,capped,0.5,0.0,1,10.595836510271898,11.54186936116561,33.67957523260307,True,2400,600
0.1,3,50,15,TSCP_R,Gaussian,cqr,capped,0.5,0.0,2,10.71600637711071,17.27867663537923,45.273359647869206,True,2400,600
0.1,3,50,15,TSCP_R,Gaussian,cqr,capped,0.5,0.0,3,5.903547943065873,6.608456706419907,19.120461355905704,True,2400,600
0.1,3,50,15,Unscaled,Gaussian,cqr,raw,0.5,0.0,1,10.595836510271898,14.623249557237443,39.84233562474675,True,2400,600
0.1,3,50,15,Unscaled,Gaussian,cqr,raw,0.5,0.0,2,10.71600637711071,14.623249557237443,39.962505491585596,True,2400,600
0.1,3,50,15,Unscaled,Gaussian,cqr,raw,0.5,0.0,3,5.903547943065873,14.623249557237443,35.15004705754079,True,2400,600
0.1,3,50,15,Empirical_copula,Gaussian,cqr,raw,0.5,0.0,1,10.595836510271898,11.447953175283445,33.491742860838755,True,2400,600
0.1,3,50,15,Empirical_copula,Gaussian,cqr,raw,0.5,0.0,2,10.71600637711071,16.761871509298576,44.23974939570788,True,2400,600
0.1,3,50,15,Empirical_copula,Gaussian,cqr,raw,0.5,0.0,3,5.903547943065873,6.008285014209331,17.920117971484537,True,2400,600
0.1,3,50,16,CQHR,Gaussian,cqr,native,0.5,0.0,1,10.058788680683577,34.851960896369995,79.76271047342395,True,2400,600
0.1,3,50,16,CQHR,Gaussian,cqr,native,0.5,0.0,2,10.64538812420513,58.15297344967386,126.95133502355287,True,2400,600
0.1,3,50,16,CQHR,Gaussian,cqr,native,0.5,0.0,3,5.926570032650371,31.77817333314782,69.48291669894601,True,2400,600
0.1,3,50,16,TSCP_R,Gaussian,cqr,capped,0.5,0.0,1,10.058788680683577,13.591955095304337,37.24269887129226,True,2400,600
0.1,3,50,16,TSCP_R,Gaussian,cqr,capped,0.5,0.0,2,10.64538812420513,14.118885220616855,38.88315856543885,True,2400,600
0.1,3,50,16,TSCP_R,Gaussian,cqr,capped,0.5,0.0,3,5.926570032650371,7.531819972035008,20.990209976720372,True,2400,600
0.1,3,50,16,Unscaled,Gaussian,cqr,raw,0.5,0.0,1,10.058788680683577,12.884309351575173,35.827407383833915,True,2400,600
0.1,3,50,16,Unscaled,Gaussian,cqr,raw,0.5,0.0,2,10.64538812420513,12.884309351575173,36.414006827355465,True,2400,600
0.1,3,50,16,Unscaled,Gaussian,cqr,raw,0.5,0.0,3,5.926570032650371,12.884309351575173,31.69518873580068,True,2400,600
0.1,3,50,16,Empirical_copula,Gaussian,cqr,raw,0.5,0.0,1,10.058788680683577,13.17985605707618,36.418500794835964,True,2400,600
0.1,3,50,16,Empirical_copula,Gaussian,cqr,raw,0.5,0.0,2,10.64538812420513,16.36903572782963,43.38345957986444,True,2400,600
0.1,3,50,16,Empirical_copula,Gaussian,cqr,raw,0.5,0.0,3,5.926570032650371,5.783962328772068,17.494494690194507,True,2400,600
0.1,3,50,17,CQHR,Gaussian,cqr,native,0.5,0.0,1,9.816783407672418,17.916738933211107,45.65026127409461,True,2400,600
0.1,3,50,17,CQHR,Gaussian,cqr,native,0.5,0.0,2,10.691893158130664,40.784231439083925,92.2603560362986,True,2400,600
0.1,3,50,17,CQHR,Gaussian,cqr,native,0.5,0.0,3,6.377233419103749,21.86700656220959,50.111246543522924,True,2400,600
0.1,3,50,17,TSCP_R,Gaussian,cqr,capped,0.5,0.0,1,9.816783407672418,17.276032441625205,44.36884829092279,True,2400,600
0.1,3,50,17,TSCP_R,Gaussian,cqr,capped,0.5,0.0,2,10.691893158130664,12.262588583366695,35.217070324864046,True,2400,600
0.1,3,50,17,TSCP_R,Gaussian,cqr,capped,0.5,0.0,3,6.377233419103749,9.23953869708262,24.856310813269,True,2400,600
0.1,3,50,17,Unscaled,Gaussian,cqr,raw,0.5,0.0,1,9.816783407672418,11.514460047588878,32.84570350285014,True,2400,600
0.1,3,50,17,Unscaled,Gaussian,cqr,raw,0.5,0.0,2,10.691893158130664,11.514460047588878,33.72081325330839,True,2400,600
0.1,3,50,17,Unscaled,Gaussian,cqr,raw,0.5,0.0,3,6.377233419103749,11.514460047588878,29.406153514281492,True,2400,600
0.1,3,50,17,Empirical_copula,Gaussian,cqr,raw,0.5,0.0,1,9.816783407672418,11.514460047545164,32.84570350276273,True,2400,600
0.1,3,50,17,Empirical_copula,Gaussian,cqr,raw,0.5,0.0,2,10.691893158130664,10.259075626424735,31.210044410980142,True,2400,600
0.1,3,50,17,Empirical_copula,Gaussian,cqr,raw,0.5,0.0,3,6.377233419103749,9.181387166715835,24.74000775253542,True,2400,600
0.1,3,50,18,CQHR,Gaussian,cqr,native,0.5,0.0,1,10.078071132018552,23.965690804274836,58.009452740568804,True,2400,600
0.1,3,50,18,CQHR,Gaussian,cqr,native,0.5,0.0,2,10.366324943742912,35.62984306863495,81.62601108101272,True,2400,600
0.1,3,50,18,CQHR,Gaussian,cqr,native,0.5,0.0,3,5.981118062670426,20.183528332030907,46.34817472673221,True,2400,600
0.1,3,50,18,TSCP_R,Gaussian,cqr,capped,0.5,0.0,1,10.078071132018552,11.126272844124749,32.330616820268006,True,2400,600
0.1,3,50,18,TSCP_R,Gaussian,cqr,capped,0.5,0.0,2,10.366324943742912,10.562798423923653,31.491921791590247,True,2400,600
0.1,3,50,18,TSCP_R,Gaussian,cqr,capped,0.5,0.0,3,5.981118062670426,7.426249204263931,20.83361647119828,True,2400,600
0.1,3,50,18,Unscaled,Gaussian,cqr,raw,0.5,0.0,1,10.078071132018552,10.444422824448814,30.96691678091617,True,2400,600
0.1,3,50,18,Unscaled,Gaussian,cqr,raw,0.5,0.0,2,10.366324943742912,10.444422824448814,31.25517059264053,True,2400,600
0.1,3,50,18,Unscaled,Gaussian,cqr,raw,0.5,0.0,3,5.981118062670426,10.444422824448814,26.86996371156805,True,2400,600
0.1,3,50,18,Empirical_copula,Gaussian,cqr,raw,0.5,0.0,1,10.078071132018552,8.713142933373625,27.50435699876579,True,2400,600
0.1,3,50,18,Empirical_copula,Gaussian,cqr,raw,0.5,0.0,2,10.366324943742912,10.444422824365589,31.255170592474084,True,2400,600
0.1,3,50,18,Empirical_copula,Gaussian,cqr,raw,0.5,0.0,3,5.981118062670426,5.899924043756606,17.780966150183637,True,2400,600
0.1,3,50,19,CQHR,Gaussian,cqr,native,0.5,0.0,1,10.479397116478937,21.477855586646797,53.435108289772145,True,2400,600
0.1,3,50,19,CQHR,Gaussian,cqr,native,0.5,0.0,2,10.415683886679934,29.262300381257592,68.94028464919518,True,2400,600
0.1,3,50,19,CQHR,Gaussian,cqr,native,0.5,0.0,3,5.923801672308502,16.021036404982695,37.96587448227387,True,2400,600
0.1,3,50,19,TSCP_R,Gaussian,cqr,capped,0.5,0.0,1,10.479397116478937,15.287440927124067,41.054278970727076,True,2400,600
0.1,3,50,19,TSCP_R,Gaussian,cqr,capped,0.5,0.0,2,10.415683886679934,16.958264705554242,44.33221329778842,True,2400,600
0.1,3,50,19,TSCP_R,Gaussian,cqr,capped,0.5,0.0,3,5.923801672308502,8.344730524561767,22.613262721432033,True,2400,600
0.1,3,50,19,Unscaled,Gaussian,cqr,raw,0.5,0.0,1,10.479397116478937,13.97311701284829,38.42563114217554,True,2400,600
0.1,3,50,19,Unscaled,Gaussian,cqr,raw,0.5,0.0,2,10.415683886679934,13.97311701284829,38.36191791237649,True,2400,600
0.1,3,50,19,Unscaled,Gaussian,cqr,raw,0.5,0.0,3,5.923801672308502,13.97311701284829,33.8700356980051,True,2400,600
0.1,3,50,19,Empirical_copula,Gaussian,cqr,raw,0.5,0.0,1,10.479397116478937,8.634686257121036,27.748769630720993,True,2400,600
0.1,3,50,19,Empirical_copula,Gaussian,cqr,raw,0.5,0.0,2,10.415683886679934,13.973117012778264,38.36191791223644,True,2400,600
0.1,3,50,19,Empirical_copula,Gaussian,cqr,raw,0.5,0.0,3,5.923801672308502,6.330052512677192,18.583906697662886,True,2400,600
0.1,3,50,20,CQHR,Gaussian,cqr,native,0.5,0.0,1,10.293820232718257,12.433208787295419,35.160237807309265,True,2400,600
0.1,3,50,20,CQHR,Gaussian,cqr,native,0.5,0.0,2,10.696926437260753,280.33243933977417,571.3618051168097,True,2400,600
0.1,3,50,20,CQHR,Gaussian,cqr,native,0.5,0.0,3,6.164576664122552,162.92519053662437,332.01495773737105,True,2400,600
0.1,3,50,20,TSCP_R,Gaussian,cqr,capped,0.5,0.0,1,10.293820232718257,12.660363323813336,35.61454688034492,True,2400,600
0.1,3,50,20,TSCP_R,Gaussian,cqr,capped,0.5,0.0,2,10.696926437260753,16.961247566353038,44.61942156996676,True,2400,600
0.1,3,50,20,TSCP_R,Gaussian,cqr,capped,0.5,0.0,3,6.164576664122552,5.756956870964502,17.678490406051548,True,2400,600
0.1,3,50,20,Unscaled,Gaussian,cqr,raw,0.5,0.0,1,10.293820232718257,11.133226967254979,32.560274167228194,True,2400,600
0.1,3,50,20,Unscaled,Gaussian,cqr,raw,0.5,0.0,2,10.696926437260753,11.133226967254979,32.96338037177073,True,2400,600
0.1,3,50,20,Unscaled,Gaussian,cqr,raw,0.5,0.0,3,6.164576664122552,11.133226967254979,28.431030598632514,True,2400,600
0.1,3,50,20,Empirical_copula,Gaussian,cqr,raw,0.5,0.0,1,10.293820232718257,9.715711503732432,29.725243240183136,True,2400,600
0.1,3,50,20,Empirical_copula,Gaussian,cqr,raw,0.5,0.0,2,10.696926437260753,16.48943702514955,43.67580048755985,True,2400,600
0.1,3,50,20,Empirical_copula,Gaussian,cqr,raw,0.5,0.0,3,6.164576664122552,4.872155574413245,15.908887812949041,True,2400,600
0.1,3,50,21,CQHR,Gaussian,cqr,native,0.5,0.0,1,9.881167842329202,19.322374709692063,48.52591726171315,True,2400,600
0.1,3,50,21,CQHR,Gaussian,cqr,native,0.5,0.0,2,10.106272422477401,30.906531060789717,71.91933454405685,True,2400,600
0.1,3,50,21,CQHR,Gaussian,cqr,native,0.5,0.0,3,5.558377097338174,16.007568318005497,37.57351373334921,True,2400,600
0.1,3,50,21,TSCP_R,Gaussian,cqr,capped,0.5,0.0,1,9.881167842329202,10.655914572611456,31.1929969875521,True,2400,600
0.1,3,50,21,TSCP_R,Gaussian,cqr,capped,0.5,0.0,2,10.106272422477401,12.109024563649909,34.324321549777245,True,2400,600
0.1,3,50,21,TSCP_R,Gaussian,cqr,capped,0.5,0.0,3,5.558377097338174,7.420845940542931,20.400068978424034,True,2400,600
0.1,3,50,21,Unscaled,Gaussian,cqr,raw,0.5,0.0,1,9.881167842329202,10.811654496719704,31.504476835768575,True,2400,600
0.1,3,50,21,Unscaled,Gaussian,cqr,raw,0.5,0.0,2,10.106272422477401,10.811654496719704,31.729581415916826,True,2400,600
0.1,3,50,21,Unscaled,Gaussian,cqr,raw,0.5,0.0,3,5.558377097338174,10.811654496719704,27.18168609077759,True,2400,600
0.1,3,50,21,Empirical_copula,Gaussian,cqr,raw,0.5,0.0,1,9.881167842329202,7.429922670420414,24.741013183170022,True,2400,600
0.1,3,50,21,Empirical_copula,Gaussian,cqr,raw,0.5,0.0,2,10.106272422477401,10.81165449667599,31.729581415829397,True,2400,600
0.1,3,50,21,Empirical_copula,Gaussian,cqr,raw,0.5,0.0,3,5.558377097338174,5.996567854703919,17.551512806746004,True,2400,600
0.1,3,50,22,CQHR,Gaussian,cqr,native,0.5,0.0,1,10.242786318843944,19.436393767518283,49.11557385388016,True,2400,600
0.1,3,50,22,CQHR,Gaussian,cqr,native,0.5,0.0,2,10.472867768458851,211.71814736320223,433.9091624948634,True,2400,600
0.1,3,50,22,CQHR,Gaussian,cqr,native,0.5,0.0,3,5.9785024750644356,63.985865684664276,133.95023384439276,True,2400,600
0.1,3,50,22,TSCP_R,Gaussian,cqr,capped,0.5,0.0,1,10.242786318843944,11.12730938165871,32.49740508216137,True,2400,600
0.1,3,50,22,TSCP_R,Gaussian,cqr,capped,0.5,0.0,2,10.472867768458851,13.309182465555887,37.091232699570604,True,2400,600
0.1,3,50,22,TSCP_R,Gaussian,cqr,capped,0.5,0.0,3,5.9785024750644356,6.7843653228967495,19.54723312085793,True,2400,600
0.1,3,50,22,Unscaled,Gaussian,cqr,raw,0.5,0.0,1,10.242786318843944,10.646829302777146,31.53644492439824,True,2400,600
0.1,3,50,22,Unscaled,Gaussian,cqr,raw,0.5,0.0,2,10.472867768458851,10.646829302777146,31.76652637401315,True,2400,600
0.1,3,50,22,Unscaled,Gaussian,cqr,raw,0.5,0.0,3,5.9785024750644356,10.646829302777146,27.272161080618737,True,2400,600
0.1,3,50,22,Empirical_copula,Gaussian,cqr,raw,0.5,0.0,1,10.242786318843944,10.188310015297091,30.619406349438147,True,2400,600
0.1,3,50,22,Empirical_copula,Gaussian,cqr,raw,0.5,0.0,2,10.472867768458851,13.215937441248284,36.90474265095541,True,2400,600
0.1,3,50,22,Empirical_copula,Gaussian,cqr,raw,0.5,0.0,3,5.9785024750644356,6.6019959870226455,19.182494449109722,True,2400,600
0.1,3,50,23,CQHR,Gaussian,cqr,native,0.5,0.0,1,10.081844862798373,20.66321607625878,51.40827701531607,True,2400,600
0.1,3,50,23,CQHR,Gaussian,cqr,native,0.5,0.0,2,10.757703786933465,71.68237511723433,154.1224540214021,True,2400,600
0.1,3,50,23,CQHR,Gaussian,cqr,native,0.5,0.0,3,6.052510197596071,45.81342099060036,97.67935217879669,True,2400,600
0.1,3,50,23,TSCP_R,Gaussian,cqr,capped,0.5,0.0,1,10.081844862798373,13.253906588942195,36.58965804068281,True,2400,600
0.1,3,50,23,TSCP_R,Gaussian,cqr,capped,0.5,0.0,2,10.757703786933465,11.706795452322242,34.17129469157794,True,2400,600
0.1,3,50,23,TSCP_R,Gaussian,cqr,capped,0.5,0.0,3,6.052510197596071,10.37508421197635,26.80267862154876,True,2400,600
0.1,3,50,23,Unscaled,Gaussian,cqr,raw,0.5,0.0,1,10.081844862798373,11.016184422126715,32.114213707051825,True,2400,600
0.1,3,50,23,Unscaled,Gaussian,cqr,raw,0.5,0.0,2,10.757703786933465,11.016184422126715,32.7900726311869,True,2400,600
0.1,3,50,23,Unscaled,Gaussian,cqr,raw,0.5,0.0,3,6.052510197596071,11.016184422126715,28.08487904184948,True,2400,600
0.1,3,50,23,Empirical_copula,Gaussian,cqr,raw,0.5,0.0,1,10.081844862798373,10.490197880485592,31.06224062376955,True,2400,600
0.1,3,50,23,Empirical_copula,Gaussian,cqr,raw,0.5,0.0,2,10.757703786933465,10.596370475385912,31.950444737705286,True,2400,600
0.1,3,50,23,Empirical_copula,Gaussian,cqr,raw,0.5,0.0,3,6.052510197596071,8.540999561806728,23.13450932120951,True,2400,600
0.1,3,50,24,CQHR,Gaussian,cqr,native,0.5,0.0,1,9.484129855320823,63.43800835568551,136.36014656669175,True,2400,600
0.1,3,50,24,CQHR,Gaussian,cqr,native,0.5,0.0,2,10.849768760281714,542.7407745521209,1096.3313178645244,True,2400,600
0.1,3,50,24,CQHR,Gaussian,cqr,native,0.5,0.0,3,5.599505722312612,318.7007159922563,643.000937706825,True,2400,600
0.1,3,50,24,TSCP_R,Gaussian,cqr,capped,0.5,0.0,1,9.484129855320823,16.105220284044698,41.69457042341022,True,2400,600
0.1,3,50,24,TSCP_R,Gaussian,cqr,capped,0.5,0.0,2,10.849768760281714,14.232948238872323,39.31566523802634,True,2400,600
0.1,3,50,24,TSCP_R,Gaussian,cqr,capped,0.5,0.0,3,5.599505722312612,8.19490630620523,21.98931833472306,True,2400,600
0.1,3,50,24,Unscaled,Gaussian,cqr,raw,0.5,0.0,1,9.484129855320823,14.110471281675675,37.70507241867211,True,2400,600
0.1,3,50,24,Unscaled,Gaussian,cqr,raw,0.5,0.0,2,10.849768760281714,14.110471281675675,39.07071132363304,True,2400,600
0.1,3,50,24,Unscaled,Gaussian,cqr,raw,0.5,0.0,3,5.599505722312612,14.110471281675675,33.82044828566397,True,2400,600
0.1,3,50,24,Empirical_copula,Gaussian,cqr,raw,0.5,0.0,1,9.484129855320823,15.969645861719581,41.42342157875992,True,2400,600
0.1,3,50,24,Empirical_copula,Gaussian,cqr,raw,0.5,0.0,2,10.849768760281714,12.497347676115702,35.844464112513144,True,2400,600
0.1,3,50,24,Empirical_copula,Gaussian,cqr,raw,0.5,0.0,3,5.599505722312612,8.068064681598791,21.735635085510182,True,2400,600
0.1,3,50,25,CQHR,Gaussian,cqr,native,0.5,0.0,1,10.449373979714395,16.458667223784346,43.366708427282916,True,2400,600
0.1,3,50,25,CQHR,Gaussian,cqr,native,0.5,0.0,2,11.217334754239635,34.70794578857613,80.63322633139202,True,2400,600
0.1,3,50,25,CQHR,Gaussian,cqr,native,0.5,0.0,3,6.274935333220566,16.631625245831607,39.53818582488375,True,2400,600
0.1,3,50,25,TSCP_R,Gaussian,cqr,capped,0.5,0.0,1,10.449373979714395,11.667075894949715,33.78352576961385,True,2400,600
0.1,3,50,25,TSCP_R,Gaussian,cqr,capped,0.5,0.0,2,11.217334754239635,15.902153243297102,43.02164124083382,True,2400,600
0.1,3,50,25,TSCP_R,Gaussian,cqr,capped,0.5,0.0,3,6.274935333220566,8.794262661471599,23.86346065616376,True,2400,600
0.1,3,50,25,Unscaled,Gaussian,cqr,raw,0.5,0.0,1,10.449373979714395,11.574703853243504,33.59878168620142,True,2400,600
0.1,3,50,25,Unscaled,Gaussian,cqr,raw,0.5,0.0,2,11.217334754239635,11.574703853243504,34.36674246072662,True,2400,600
0.1,3,50,25,Unscaled,Gaussian,cqr,raw,0.5,0.0,3,6.274935333220566,11.574703853243504,29.424343039707576,True,2400,600
0.1,3,50,25,Empirical_copula,Gaussian,cqr,raw,0.5,0.0,1,10.449373979714395,11.574703853173478,33.59878168606133,True,2400,600
0.1,3,50,25,Empirical_copula,Gaussian,cqr,raw,0.5,0.0,2,11.217334754239635,15.956995267009308,43.131325288258246,True,2400,600
0.1,3,50,25,Empirical_copula,Gaussian,cqr,raw,0.5,0.0,3,6.274935333220566,7.4497733005098965,21.174481934240358,True,2400,600
0.1,3,50,26,CQHR,Gaussian,cqr,native,0.5,0.0,1,10.02751479700755,17.167460965319382,44.36243672764625,True,2400,600
0.1,3,50,26,CQHR,Gaussian,cqr,native,0.5,0.0,2,10.699501682583577,27.30476861078696,65.30903890415733,True,2400,600
0.1,3,50,26,CQHR,Gaussian,cqr,native,0.5,0.0,3,5.904050927576561,14.930368010045585,35.76478694766772,True,2400,600
0.1,3,50,26,TSCP_R,Gaussian,cqr,capped,0.5,0.0,1,10.02751479700755,14.425619359017235,38.87875351504202,True,2400,600
0.1,3,50,26,TSCP_R,Gaussian,cqr,capped,0.5,0.0,2,10.699501682583577,13.336417339602745,37.3723363617891,True,2400,600
0.1,3,50,26,TSCP_R,Gaussian,cqr,capped,0.5,0.0,3,5.904050927576561,5.8474584717851465,17.59896787114683,True,2400,600
0.1,3,50,26,Unscaled,Gaussian,cqr,raw,0.5,0.0,1,10.02751479700755,11.886841670434322,33.80119813787618,True,2400,600
0.1,3,50,26,Unscaled,Gaussian,cqr,raw,0.5,0.0,2,10.699501682583577,11.886841670434322,34.47318502345222,True,2400,600
0.1,3,50,26,Unscaled,Gaussian,cqr,raw,0.5,0.0,3,5.904050927576561,11.886841670434322,29.677734268445207,True,2400,600
0.1,3,50,26,Empirical_copula,Gaussian,cqr,raw,0.5,0.0,1,10.02751479700755,11.01647129825751,32.060457393522505,True,2400,600
0.1,3,50,26,Empirical_copula,Gaussian,cqr,raw,0.5,0.0,2,10.699501682583577,13.204597696277997,37.10869707513955,True,2400,600
0.1,3,50,26,Empirical_copula,Gaussian,cqr,raw,0.5,0.0,3,5.904050927576561,5.1092482691017596,16.122547465780062,True,2400,600
0.1,3,50,27,CQHR,Gaussian,cqr,native,0.5,0.0,1,10.457914984727548,20.8587489544061,52.17541289353955,True,2400,600
0.1,3,50,27,CQHR,Gaussian,cqr,native,0.5,0.0,2,10.4845180206076,34.24269317302979,78.96990436666738,True,2400,600
0.1,3,50,27,CQHR,Gaussian,cqr,native,0.5,0.0,3,5.7704534979675195,20.580894197465863,46.932241892899185,True,2400,600
0.1,3,50,27,TSCP_R,Gaussian,cqr,capped,0.5,0.0,1,10.457914984727548,12.923813387102829,36.30554175893324,True,2400,600
0.1,3,50,27,TSCP_R,Gaussian,cqr,capped,0.5,0.0,2,10.4845180206076,14.980515909080811,40.44554983876929,True,2400,600
0.1,3,50,27,TSCP_R,Gaussian,cqr,capped,0.5,0.0,3,5.7704534979675195,6.7367586801610635,19.243970858289643,True,2400,600
0.1,3,50,27,Unscaled,Gaussian,cqr,raw,0.5,0.0,1,10.457914984727548,12.58483787657564,35.62759073787884,True,2400,600
0.1,3,50,27,Unscaled,Gaussian,cqr,raw,0.5,0.0,2,10.4845180206076,12.58483787657564,35.65419377375888,True,2400,600
0.1,3,50,27,Unscaled,Gaussian,cqr,raw,0.5,0.0,3,5.7704534979675195,12.58483787657564,30.940129251118815,True,2400,600
0.1,3,50,27,Empirical_copula,Gaussian,cqr,raw,0.5,0.0,1,10.457914984727548,10.417254042121641,31.292423068970802,True,2400,600
0.1,3,50,27,Empirical_copula,Gaussian,cqr,raw,0.5,0.0,2,10.4845180206076,13.49371615009872,37.47195032080501,True,2400,600
0.1,3,50,27,Empirical_copula,Gaussian,cqr,raw,0.5,0.0,3,5.7704534979675195,6.402044855626455,18.57454320922042,True,2400,600
0.1,3,50,28,CQHR,Gaussian,cqr,native,0.5,0.0,1,10.420058072538916,18.724364703168085,47.8687874788746,True,2400,600
0.1,3,50,28,CQHR,Gaussian,cqr,native,0.5,0.0,2,11.399842598045481,97.9694585202682,207.33875963858202,True,2400,600
0.1,3,50,28,CQHR,Gaussian,cqr,native,0.5,0.0,3,6.1398658715918035,20.565555924087366,47.27097771976653,True,2400,600
0.1,3,50,28,TSCP_R,Gaussian,cqr,capped,0.5,0.0,1,10.420058072538916,13.143529925350839,36.70711792324055,True,2400,600
0.1,3,50,28,TSCP_R,Gaussian,cqr,capped,0.5,0.0,2,11.399842598045481,14.279678790318211,39.959200178681904,True,2400,600
0.1,3,50,28,TSCP_R,Gaussian,cqr,capped,0.5,0.0,3,6.1398658715918035,7.305508498044693,20.75088286768119,True,2400,600
0.1,3,50,28,Unscaled,Gaussian,cqr,raw,0.5,0.0,1,10.420058072538916,12.359415454976547,35.13888898249198,True,2400,600
0.1,3,50,28,Unscaled,Gaussian,cqr,raw,0.5,0.0,2,11.399842598045481,12.359415454976547,36.11867350799857,True,2400,600
0.1,3,50,28,Unscaled,Gaussian,cqr,raw,0.5,0.0,3,6.1398658715918035,12.359415454976547,30.858696781544914,True,2400,600
0.1,3,50,28,Empirical_copula,Gaussian,cqr,raw,0.5,0.0,1,10.420058072538916,12.359415454953824,35.138888982446566,True,2400,600
0.1,3,50,28,Empirical_copula,Gaussian,cqr,raw,0.5,0.0,2,11.399842598045481,11.80393886899622,35.00772033603794,True,2400,600
0.1,3,50,28,Empirical_copula,Gaussian,cqr,raw,0.5,0.0,3,6.1398658715918035,6.90410288969052,19.948071650972825,True,2400,600
0.1,3,50,29,CQHR,Gaussian,cqr,native,0.5,0.0,1,9.850445396496525,17.98340720660053,45.8172598096975,True,2400,600
0.1,3,50,29,CQHR,Gaussian,cqr,native,0.5,0.0,2,10.320615403576864,37.07516910560735,84.4709536147916,True,2400,600
0.1,3,50,29,CQHR,Gaussian,cqr,native,0.5,0.0,3,5.906566390873493,26.397813656661967,58.702193704197455,True,2400,600
0.1,3,50,29,TSCP_R,Gaussian,cqr,capped,0.5,0.0,1,9.850445396496525,13.249575647987369,36.34959669247125,True,2400,600
0.1,3,50,29,TSCP_R,Gaussian,cqr,capped,0.5,0.0,2,10.320615403576864,12.670004572351168,35.66062454827922,True,2400,600
0.1,3,50,29,TSCP_R,Gaussian,cqr,capped,0.5,0.0,3,5.906566390873493,5.9778338486607865,17.862234088195066,True,2400,600
0.1,3,50,29,Unscaled,Gaussian,cqr,raw,0.5,0.0,1,9.850445396496525,11.557333722024541,32.96511284054559,True,2400,600
0.1,3,50,29,Unscaled,Gaussian,cqr,raw,0.5,0.0,2,10.320615403576864,11.557333722024541,33.435282847625935,True,2400,600
0.1,3,50,29,Unscaled,Gaussian,cqr,raw,0.5,0.0,3,5.906566390873493,11.557333722024541,29.02123383492255,True,2400,600
0.1,3,50,29,Empirical_copula,Gaussian,cqr,raw,0.5,0.0,1,9.850445396496525,11.50489837622155,32.86024214893966,True,2400,600
0.1,3,50,29,Empirical_copula,Gaussian,cqr,raw,0.5,0.0,2,10.320615403576864,11.557333721987462,33.43528284755178,True,2400,600
0.1,3,50,29,Empirical_copula,Gaussian,cqr,raw,0.5,0.0,3,5.906566390873493,5.3251055050749905,16.556777401023446,True,2400,600
0.1,3,100,0,CQHR,Gaussian,cqr,native,0.5,0.0,1,10.14640665586093,15.942187581148403,42.03078181815775,True,2400,600
0.1,3,100,0,CQHR,Gaussian,cqr,native,0.5,0.0,2,10.494385346736651,32.62843228853414,75.751249923805,True,2400,600
0.1,3,100,0,CQHR,Gaussian,cqr,native,0.5,0.0,3,5.781018222452313,15.814135493418084,37.40928920928849,True,2400,600
0.1,3,100,0,TSCP_R,Gaussian,cqr,capped,0.5,0.0,1,10.14640665586093,13.045393670749984,36.237193997360876,True,2400,600
0.1,3,100,0,TSCP_R,Gaussian,cqr,capped,0.5,0.0,2,10.494385346736651,10.268293213476625,31.030971773689885,True,2400,600
0.1,3,100,0,TSCP_R,Gaussian,cqr,capped,0.5,0.0,3,5.781018222452313,7.766599846994616,21.31421791644156,True,2400,600
0.1,3,100,0,Unscaled,Gaussian,cqr,raw,0.5,0.0,1,10.14640665586093,10.549800266489186,31.24600718883929,True,2400,600
0.1,3,100,0,Unscaled,Gaussian,cqr,raw,0.5,0.0,2,10.494385346736651,10.549800266489186,31.59398587971504,True,2400,600
0.1,3,100,0,Unscaled,Gaussian,cqr,raw,0.5,0.0,3,5.781018222452313,10.549800266489186,26.880618755430675,True,2400,600
0.1,3,100,0,Empirical_copula,Gaussian,cqr,raw,0.5,0.0,1,10.14640665586093,12.631277203493823,35.40896106284853,True,2400,600
0.1,3,100,0,Empirical_copula,Gaussian,cqr,raw,0.5,0.0,2,10.494385346736651,10.015201343260177,30.524788033257014,True,2400,600
0.1,3,100,0,Empirical_copula,Gaussian,cqr,raw,0.5,0.0,3,5.781018222452313,7.337221941990364,20.455462106433057,True,2400,600
0.1,3,100,1,CQHR,Gaussian,cqr,native,0.5,0.0,1,10.236430648168458,14.705769718981186,39.64797008613096,True,2400,600
0.1,3,100,1,CQHR,Gaussian,cqr,native,0.5,0.0,2,10.685744362417692,24.604499107493222,59.89474257740419,True,2400,600
0.1,3,100,1,CQHR,Gaussian,cqr,native,0.5,0.0,3,5.780656523009942,12.669579587716633,31.11981569844322,True,2400,600
0.1,3,100,1,TSCP_R,Gaussian,cqr,capped,0.5,0.0,1,10.236430648168458,11.546986458708876,33.33040356558622,True,2400,600
0.1,3,100,1,TSCP_R,Gaussian,cqr,capped,0.5,0.0,2,10.685744362417692,11.341358985549382,33.36846233351649,True,2400,600
0.1,3,100,1,TSCP_R,Gaussian,cqr,capped,0.5,0.0,3,5.780656523009942,6.266220097032929,18.313096717075815,True,2400,600
0.1,3,100,1,Unscaled,Gaussian,cqr,raw,0.5,0.0,1,10.236430648168458,11.163522963983844,32.563476576136125,True,2400,600
0.1,3,100,1,Unscaled,Gaussian,cqr,raw,0.5,0.0,2,10.685744362417692,11.163522963983844,33.012790290385375,True,2400,600
0.1,3,100,1,Unscaled,Gaussian,cqr,raw,0.5,0.0,3,5.780656523009942,11.163522963983844,28.10770245097763,True,2400,600
0.1,3,100,1,Empirical_copula,Gaussian,cqr,raw,0.5,0.0,1,10.236430648168458,10.977293494920945,32.191017638010365,True,2400,600
0.1,3,100,1,Empirical_copula,Gaussian,cqr,raw,0.5,0.0,2,10.685744362417692,11.270837861018933,33.22742008445558,True,2400,600
0.1,3,100,1,Empirical_copula,Gaussian,cqr,raw,0.5,0.0,3,5.780656523009942,5.364964690902262,16.510585904814448,True,2400,600
0.1,3,100,2,CQHR,Gaussian,cqr,native,0.5,0.0,1,9.865025703890662,17.308726342791353,44.48247838947315,True,2400,600
0.1,3,100,2,CQHR,Gaussian,cqr,native,0.5,0.0,2,10.578586958687278,34.70814323906655,79.99487343682046,True,2400,600
0.1,3,100,2,CQHR,Gaussian,cqr,native,0.5,0.0,3,5.816975876807386,19.67672238665754,45.17042065012245,True,2400,600
0.1,3,100,2,TSCP_R,Gaussian,cqr,capped,0.5,0.0,1,9.865025703890662,13.307803506904616,36.48063271769988,True,2400,600
0.1,3,100,2,TSCP_R,Gaussian,cqr,capped,0.5,0.0,2,10.578586958687278,13.692505019958979,37.963596998605254,True,2400,600
0.1,3,100,2,TSCP_R,Gaussian,cqr,capped,0.5,0.0,3,5.816975876807386,8.029384992108318,21.87574586102402,True,2400,600
0.1,3,100,2,Unscaled,Gaussian,cqr,raw,0.5,0.0,1,9.865025703890662,12.240974749876104,34.34697520364287,True,2400,600
0.1,3,100,2,Unscaled,Gaussian,cqr,raw,0.5,0.0,2,10.578586958687278,12.240974749876104,35.060536458439465,True,2400,600
0.1,3,100,2,Unscaled,Gaussian,cqr,raw,0.5,0.0,3,5.816975876807386,12.240974749876104,30.298925376559602,True,2400,600
0.1,3,100,2,Empirical_copula,Gaussian,cqr,raw,0.5,0.0,1,9.865025703890662,12.50718203938193,34.879389782654506,True,2400,600
0.1,3,100,2,Empirical_copula,Gaussian,cqr,raw,0.5,0.0,2,10.578586958687278,13.116258123588366,36.81110320586401,True,2400,600
0.1,3,100,2,Empirical_copula,Gaussian,cqr,raw,0.5,0.0,3,5.816975876807386,9.005642209539332,23.82826029588604,True,2400,600
0.1,3,100,3,CQHR,Gaussian,cqr,native,0.5,0.0,1,10.10753224977452,19.14199140598915,48.39151506175269,True,2400,600
0.1,3,100,3,CQHR,Gaussian,cqr,native,0.5,0.0,2,10.635897940049047,30.62869504530411,71.89328803065725,True,2400,600
0.1,3,100,3,CQHR,Gaussian,cqr,native,0.5,0.0,3,6.046131485288227,14.807761186245864,35.66165385777999,True,2400,600
0.1,3,100,3,TSCP_R,Gaussian,cqr,capped,0.5,0.0,1,10.10753224977452,13.162943766343467,36.43341978246146,True,2400,600
0.1,3,100,3,TSCP_R,Gaussian,cqr,capped,0.5,0.0,2,10.635897940049047,9.201117159883246,29.038132259815516,True,2400,600
0.1,3,100,3,TSCP_R,Gaussian,cqr,capped,0.5,0.0,3,6.046131485288227,6.512228955162015,19.07058939561224,True,2400,600
0.1,3,100,3,Unscaled,Gaussian,cqr,raw,0.5,0.0,1,10.10753224977452,10.183421252571623,30.47437475491779,True,2400,600
0.1,3,100,3,Unscaled,Gaussian,cqr,raw,0.5,0.0,2,10.635897940049047,10.183421252571623,31.002740445192273,True,2400,600
0.1,3,100,3,Unscaled,Gaussian,cqr,raw,0.5,0.0,3,6.046131485288227,10.183421252571623,26.41297399043146,True,2400,600
0.1,3,100,3,Empirical_copula,Gaussian,cqr,raw,0.5,0.0,1,10.10753224977452,16.485835669931177,43.079203589636876,True,2400,600
0.1,3,100,3,Empirical_copula,Gaussian,cqr,raw,0.5,0.0,2,10.635897940049047,8.852745420363286,28.341388780775603,True,2400,600
0.1,3,100,3,Empirical_copula,Gaussian,cqr,raw,0.5,0.0,3,6.046131485288227,6.308651420426187,18.66343432614058,True,2400,600
0.1,3,100,4,CQHR,Gaussian,cqr,native,0.5,0.0,1,10.220763607221546,19.572348392205328,49.365460391632475,True,2400,600
0.1,3,100,4,CQHR,Gaussian,cqr,native,0.5,0.0,2,10.840268356096162,148.97033934018344,308.78094703646275,True,2400,600
0.1,3,100,4,CQHR,Gaussian,cqr,native,0.5,0.0,3,6.114960863788111,26.7829780519076,59.68091696760334,True,2400,600
0.1,3,100,4,TSCP_R,Gaussian,cqr,capped,0.5,0.0,1,10.220763607221546,11.479484069343446,33.17973174590843,True,2400,600
0.1,3,100,4,TSCP_R,Gaussian,cqr,capped,0.5,0.0,2,10.840268356096162,11.220688516009682,33.28164538811556,True,2400,600
0.1,3,100,4,TSCP_R,Gaussian,cqr,capped,0.5,0.0,3,6.114960863788111,7.910141870948924,21.935244605685938,True,2400,600
0.1,3,100,4,Unscaled,Gaussian,cqr,raw,0.5,0.0,1,10.220763607221546,9.61159429256808,29.443952192357713,True,2400,600
0.1,3,100,4,Unscaled,Gaussian,cqr,raw,0.5,0.0,2,10.840268356096162,9.61159429256808,30.063456941232314,True,2400,600
0.1,3,100,4,Unscaled,Gaussian,cqr,raw,0.5,0.0,3,6.114960863788111,9.61159429256808,25.33814944892426,True,2400,600
0.1,3,100,4,Empirical_copula,Gaussian,cqr,raw,0.5,0.0,1,10.220763607221546,12.131190718251524,34.48314504372458,True,2400,600
0.1,3,100,4,Empirical_copula,Gaussian,cqr,raw,0.5,0.0,2,10.840268356096162,11.171853700239382,33.183975756574895,True,2400,600
0.1,3,100,4,Empirical_copula,Gaussian,cqr,raw,0.5,0.0,3,6.114960863788111,7.626455958800779,21.367872781389668,True,2400,600
0.1,3,100,5,CQHR,Gaussian,cqr,native,0.5,0.0,1,10.485908233910578,14.550800058656662,39.58750835122359,True,2400,600
0.1,3,100,5,CQHR,Gaussian,cqr,native,0.5,0.0,2,10.886019848267443,28.823496053068855,68.53301195440517,True,2400,600
0.1,3,100,5,CQHR,Gaussian,cqr,native,0.5,0.0,3,6.199628552600616,13.846657298253835,33.8929431491083,True,2400,600
0.1,3,100,5,TSCP_R,Gaussian,cqr,capped,0.5,0.0,1,10.485908233910578,14.02915987647926,38.54422798686905,True,2400,600
0.1,3,100,5,TSCP_R,Gaussian,cqr,capped,0.5,0.0,2,10.886019848267443,13.802143797830277,38.490307443928046,True,2400,600
0.1,3,100,5,TSCP_R,Gaussian,cqr,capped,0.5,0.0,3,6.199628552600616,6.182329702827249,18.564287958255125,True,2400,600
0.1,3,100,5,Unscaled,Gaussian,cqr,raw,0.5,0.0,1,10.485908233910578,12.553151732951765,35.592211699814115,True,2400,600
0.1,3,100,5,Unscaled,Gaussian,cqr,raw,0.5,0.0,2,10.886019848267443,12.553151732951765,35.992323314171024,True,2400,600
0.1,3,100,5,Unscaled,Gaussian,cqr,raw,0.5,0.0,3,6.199628552600616,12.553151732951765,31.305932018504137,True,2400,600
0.1,3,100,5,Empirical_copula,Gaussian,cqr,raw,0.5,0.0,1,10.485908233910578,12.553151732862453,35.592211699635484,True,2400,600
0.1,3,100,5,Empirical_copula,Gaussian,cqr,raw,0.5,0.0,2,10.886019848267443,14.267166201744313,39.42035225175612,True,2400,600
0.1,3,100,5,Empirical_copula,Gaussian,cqr,raw,0.5,0.0,3,6.199628552600616,5.245832749202023,16.691294051004665,True,2400,600
0.1,3,100,6,CQHR,Gaussian,cqr,native,0.5,0.0,1,9.942179401007843,14.116761215405855,38.175701831819524,True,2400,600
0.1,3,100,6,CQHR,Gaussian,cqr,native,0.5,0.0,2,11.146535677052839,28.378340406748084,67.903216490549,True,2400,600
0.1,3,100,6,CQHR,Gaussian,cqr,native,0.5,0.0,3,5.842222472242946,15.77885308563316,37.399928643509305,True,2400,600
0.1,3,100,6,TSCP_R,Gaussian,cqr,capped,0.5,0.0,1,9.942179401007843,13.448629011219216,36.83943742344629,True,2400,600
0.1,3,100,6,TSCP_R,Gaussian,cqr,capped,0.5,0.0,2,11.146535677052839,14.432262743738761,40.01106116453036,True,2400,600
0.1,3,100,6,TSCP_R,Gaussian,cqr,capped,0.5,0.0,3,5.842222472242946,8.20298575482867,22.24819398190031,True,2400,600
0.1,3,100,6,Unscaled,Gaussian,cqr,raw,0.5,0.0,1,9.942179401007843,13.158511403020984,36.2592022070498,True,2400,600
0.1,3,100,6,Unscaled,Gaussian,cqr,raw,0.5,0.0,2,11.146535677052839,13.158511403020984,37.46355848309485,True,2400,600
0.1,3,100,6,Unscaled,Gaussian,cqr,raw,0.5,0.0,3,5.842222472242946,13.158511403020984,32.15924527828494,True,2400,600
0.1,3,100,6,Empirical_copula,Gaussian,cqr,raw,0.5,0.0,1,9.942179401007843,13.560373759208,37.06292691942381,True,2400,600
0.1,3,100,6,Empirical_copula,Gaussian,cqr,raw,0.5,0.0,2,11.146535677052839,13.413867559401808,37.97427079585641,True,2400,600
0.1,3,100,6,Empirical_copula,Gaussian,cqr,raw,0.5,0.0,3,5.842222472242946,7.1752836646306335,20.1927898015042,True,2400,600
0.1,3,100,7,CQHR,Gaussian,cqr,native,0.5,0.0,1,9.90619198608311,18.700391788066586,47.30697556221651,True,2400,600
0.1,3,100,7,CQHR,Gaussian,cqr,native,0.5,0.0,2,10.072521401973079,33.1998635950263,76.47224859202574,True,2400,600
0.1,3,100,7,CQHR,Gaussian,cqr,native,0.5,0.0,3,5.7751591037664936,17.241426198291006,40.25801150034841,True,2400,600
0.1,3,100,7,TSCP_R,Gaussian,cqr,capped,0.5,0.0,1,9.90619198608311,11.637720913234208,33.18163381255152,True,2400,600
0.1,3,100,7,TSCP_R,Gaussian,cqr,capped,0.5,0.0,2,10.072521401973079,13.728936667326318,37.53039473662575,True,2400,600
0.1,3,100,7,TSCP_R,Gaussian,cqr,capped,0.5,0.0,3,5.7751591037664936,7.532229544149027,20.83961819206453,True,2400,600
0.1,3,100,7,Unscaled,Gaussian,cqr,raw,0.5,0.0,1,9.90619198608311,10.327115772440644,30.5604235309644,True,2400,600
0.1,3,100,7,Unscaled,Gaussian,cqr,raw,0.5,0.0,2,10.072521401973079,10.327115772440644,30.72675294685437,True,2400,600
0.1,3,100,7,Unscaled,Gaussian,cqr,raw,0.5,0.0,3,5.7751591037664936,10.327115772440644,26.42939064864779,True,2400,600
0.1,3,100,7,Empirical_copula,Gaussian,cqr,raw,0.5,0.0,1,9.90619198608311,9.939969351721583,29.78613068952626,True,2400,600
0.1,3,100,7,Empirical_copula,Gaussian,cqr,raw,0.5,0.0,2,10.072521401973079,12.882975869965414,35.838473141903926,True,2400,600
0.1,3,100,7,Empirical_copula,Gaussian,cqr,raw,0.5,0.0,3,5.7751591037664936,7.976267263105871,21.72769362997825,True,2400,600
0.1,3,100,8,CQHR,Gaussian,cqr,native,0.5,0.0,1,9.996952489703427,18.003757220960367,46.00446693162446,True,2400,600
0.1,3,100,8,CQHR,Gaussian,cqr,native,0.5,0.0,2,10.614752682145012,29.312130263029584,69.23901320820413,True,2400,600
0.1,3,100,8,CQHR,Gaussian,cqr,native,0.5,0.0,3,6.00751604295336,16.93970803306433,39.886932109081975,True,2400,600
0.1,3,100,8,TSCP_R,Gaussian,cqr,capped,0.5,0.0,1,9.996952489703427,14.261144714102207,38.51924191790782,True,2400,600
0.1,3,100,8,TSCP_R,Gaussian,cqr,capped,0.5,0.0,2,10.614752682145012,14.073296443815055,38.7613455697751,True,2400,600
0.1,3,100,8,TSCP_R,Gaussian,cqr,capped,0.5,0.0,3,6.00751604295336,6.546929361141604,19.10137476523657,True,2400,600
0.1,3,100,8,Unscaled,Gaussian,cqr,raw,0.5,0.0,1,9.996952489703427,12.9648631073388,35.92667870438106,True,2400,600
0.1,3,100,8,Unscaled,Gaussian,cqr,raw,0.5,0.0,2,10.614752682145012,12.9648631073388,36.54447889682264,True,2400,600
0.1,3,100,8,Unscaled,Gaussian,cqr,raw,0.5,0.0,3,6.00751604295336,12.9648631073388,31.937242257630956,True,2400,600
0.1,3,100,8,Empirical_copula,Gaussian,cqr,raw,0.5,0.0,1,9.996952489703427,12.869763237818322,35.736478965340055,True,2400,600
0.1,3,100,8,Empirical_copula,Gaussian,cqr,raw,0.5,0.0,2,10.614752682145012,13.948509197357588,38.511771076860185,True,2400,600
0.1,3,100,8,Empirical_copula,Gaussian,cqr,raw,0.5,0.0,3,6.00751604295336,6.6943379953145055,19.396192033582366,True,2400,600
0.1,3,100,9,CQHR,Gaussian,cqr,native,0.5,0.0,1,10.497144847912466,18.971005519844798,48.43915588760223,True,2400,600
0.1,3,100,9,CQHR,Gaussian,cqr,native,0.5,0.0,2,10.873880667394614,156.7755554901646,324.4249916477242,True,2400,600
0.1,3,100,9,CQHR,Gaussian,cqr,native,0.5,0.0,3,6.246259939708381,67.37129503846008,140.98885001662862,True,2400,600
0.1,3,100,9,TSCP_R,Gaussian,cqr,capped,0.5,0.0,1,10.497144847912466,15.869875007539001,42.23689486299043,True,2400,600
0.1,3,100,9,TSCP_R,Gaussian,cqr,capped,0.5,0.0,2,10.873880667394614,16.227698752141634,43.32927817167789,True,2400,600
0.1,3,100,9,TSCP_R,Gaussian,cqr,capped,0.5,0.0,3,6.246259939708381,7.1335825666902375,20.513425073088847,True,2400,600
0.1,3,100,9,Unscaled,Gaussian,cqr,raw,0.5,0.0,1,10.497144847912466,14.976346373147965,40.44983759420835,True,2400,600
0.1,3,100,9,Unscaled,Gaussian,cqr,raw,0.5,0.0,2,10.873880667394614,14.976346373147965,40.82657341369054,True,2400,600
0.1,3,100,9,Unscaled,Gaussian,cqr,raw,0.5,0.0,3,6.246259939708381,14.976346373147965,36.19895268600431,True,2400,600
0.1,3,100,9,Empirical_copula,Gaussian,cqr,raw,0.5,0.0,1,10.497144847912466,17.325362481807105,45.14786981152668,True,2400,600
0.1,3,100,9,Empirical_copula,Gaussian,cqr,raw,0.5,0.0,2,10.873880667394614,14.97634637307823,40.826573413551046,True,2400,600
0.1,3,100,9,Empirical_copula,Gaussian,cqr,raw,0.5,0.0,3,6.246259939708381,5.261887827363087,16.770035594434564,True,2400,600
0.1,3,100,10,CQHR,Gaussian,cqr,native,0.5,0.0,1,10.046585598734728,23.683735724189322,57.41405704711341,True,2400,600
0.1,3,100,10,CQHR,Gaussian,cqr,native,0.5,0.0,2,10.214660981465785,44.45305470116049,99.12077038378675,True,2400,600
0.1,3,100,10,CQHR,Gaussian,cqr,native,0.5,0.0,3,5.933191980001338,22.346506664558394,50.62620530911815,True,2400,600
0.1,3,100,10,TSCP_R,Gaussian,cqr,capped,0.5,0.0,1,10.046585598734728,11.10151634075704,32.249618280248825,True,2400,600
0.1,3,100,10,TSCP_R,Gaussian,cqr,capped,0.5,0.0,2,10.214660981465785,14.115315403696993,38.44529178885979,True,2400,600
0.1,3,100,10,TSCP_R,Gaussian,cqr,capped,0.5,0.0,3,5.933191980001338,7.765476231215288,21.464144442431905,True,2400,600
0.1,3,100,10,Unscaled,Gaussian,cqr,raw,0.5,0.0,1,10.046585598734728,12.091026252525282,34.2286381037853,True,2400,600
0.1,3,100,10,Unscaled,Gaussian,cqr,raw,0.5,0.0,2,10.214660981465785,12.091026252525282,34.39671348651636,True,2400,600
0.1,3,100,10,Unscaled,Gaussian,cqr,raw,0.5,0.0,3,5.933191980001338,12.091026252525282,30.115244485051875,True,2400,600
0.1,3,100,10,Empirical_copula,Gaussian,cqr,raw,0.5,0.0,1,10.046585598734728,11.392896384884928,32.83237836850462,True,2400,600
0.1,3,100,10,Empirical_copula,Gaussian,cqr,raw,0.5,0.0,2,10.214660981465785,14.047931157694816,38.31052329685545,True,2400,600
0.1,3,100,10,Empirical_copula,Gaussian,cqr,raw,0.5,0.0,3,5.933191980001338,6.8098658579343265,19.55292369586998,True,2400,600
0.1,3,100,11,CQHR,Gaussian,cqr,native,0.5,0.0,1,10.638642685503724,18.16651748336352,46.97167765223127,True,2400,600
0.1,3,100,11,CQHR,Gaussian,cqr,native,0.5,0.0,2,10.691449350183893,226.7630314027208,464.21751215562534,True,2400,600
0.1,3,100,11,CQHR,Gaussian,cqr,native,0.5,0.0,3,6.122789819440972,60.44239574477306,127.00758130898721,True,2400,600
0.1,3,100,11,TSCP_R,Gaussian,cqr,capped,0.5,0.0,1,10.638642685503724,12.523542620201454,35.6857279259066,True,2400,600
0.1,3,100,11,TSCP_R,Gaussian,cqr,capped,0.5,0.0,2,10.691449350183893,15.870218931257096,42.43188721269809,True,2400,600
0.1,3,100,11,TSCP_R,Gaussian,cqr,capped,0.5,0.0,3,6.122789819440972,8.41172729054302,22.94624440052701,True,2400,600
0.1,3,100,11,Unscaled,Gaussian,cqr,raw,0.5,0.0,1,10.638642685503724,12.472660329354964,35.58396334421365,True,2400,600
0.1,3,100,11,Unscaled,Gaussian,cqr,raw,0.5,0.0,2,10.691449350183893,12.472660329354964,35.63677000889381,True,2400,600
0.1,3,100,11,Unscaled,Gaussian,cqr,raw,0.5,0.0,3,6.122789819440972,12.472660329354964,31.068110478150913,True,2400,600
0.1,3,100,11,Empirical_copula,Gaussian,cqr,raw,0.5,0.0,1,10.638642685503724,12.472660329324569,35.58396334415285,True,2400,600
0.1,3,100,11,Empirical_copula,Gaussian,cqr,raw,0.5,0.0,2,10.691449350183893,13.71598991295135,38.1234291760866,True,2400,600
0.1,3,100,11,Empirical_copula,Gaussian,cqr,raw,0.5,0.0,3,6.122789819440972,7.547664314210849,21.21811844786268,True,2400,600
0.1,3,100,12,CQHR,Gaussian,cqr,native,0.5,0.0,1,9.822322807835473,15.216118002574351,40.25455881298461,True,2400,600
0.1,3,100,12,CQHR,Gaussian,cqr,native,0.5,0.0,2,10.973467265592634,25.13546828033372,61.244403826260104,True,2400,600
0.1,3,100,12,CQHR,Gaussian,cqr,native,0.5,0.0,3,5.803253133395011,12.444647109489999,30.692547352374948,True,2400,600
0.1,3,100,12,TSCP_R,Gaussian,cqr,capped,0.5,0.0,1,9.822322807835473,11.997225648586292,33.81677410500805,True,2400,600
0.1,3,100,12,TSCP_R,Gaussian,cqr,capped,0.5,0.0,2,10.973467265592634,13.931480965332305,38.83642919625726,True,2400,600
0.1,3,100,12,TSCP_R,Gaussian,cqr,capped,0.5,0.0,3,5.803253133395011,7.27588329064351,20.35501971468203,True,2400,600
0.1,3,100,12,Unscaled,Gaussian,cqr,raw,0.5,0.0,1,9.822322807835473,11.71343838882069,33.24919958547681,True,2400,600
0.1,3,100,12,Unscaled,Gaussian,cqr,raw,0.5,0.0,2,10.973467265592634,11.71343838882069,34.400344043234014,True,2400,600
0.1,3,100,12,Unscaled,Gaussian,cqr,raw,0.5,0.0,3,5.803253133395011,11.71343838882069,29.230129911036382,True,2400,600
0.1,3,100,12,Empirical_copula,Gaussian,cqr,raw,0.5,0.0,1,9.822322807835473,11.713438388757218,33.249199585349935,True,2400,600
0.1,3,100,12,Empirical_copula,Gaussian,cqr,raw,0.5,0.0,2,10.973467265592634,12.96938095823042,36.912229182053466,True,2400,600
0.1,3,100,12,Empirical_copula,Gaussian,cqr,raw,0.5,0.0,3,5.803253133395011,7.325661318870997,20.454575771136987,True,2400,600
0.1,3,100,13,CQHR,Gaussian,cqr,native,0.5,0.0,1,9.8490001137485,13.826676434364526,37.5023529824778,True,2400,600
0.1,3,100,13,CQHR,Gaussian,cqr,native,0.5,0.0,2,10.768465412043147,22.868094859494878,56.50465513103291,True,2400,600
0.1,3,100,13,CQHR,Gaussian,cqr,native,0.5,0.0,3,6.022034037928886,14.008433217257794,34.03890047244451,True,2400,600
0.1,3,100,13,TSCP_R,Gaussian,cqr,capped,0.5,0.0,1,9.8490001137485,11.039244308353299,31.927488730455043,True,2400,600
0.1,3,100,13,TSCP_R,Gaussian,cqr,capped,0.5,0.0,2,10.768465412043147,10.701152904783738,32.170771221610615,True,2400,600
0.1,3,100,13,TSCP_R,Gaussian,cqr,capped,0.5,0.0,3,6.022034037928886,5.767220001566982,17.556474041062863,True,2400,600
0.1,3,100,13,Unscaled,Gaussian,cqr,raw,0.5,0.0,1,9.8490001137485,9.78742367276779,29.423847459284048,True,2400,600
0.1,3,100,13,Unscaled,Gaussian,cqr,raw,0.5,0.0,2,10.768465412043147,9.78742367276779,30.343312757578733,True,2400,600
0.1,3,100,13,Unscaled,Gaussian,cqr,raw,0.5,0.0,3,6.022034037928886,9.78742367276779,25.59688138346448,True,2400,600
0.1,3,100,13,Empirical_copula,Gaussian,cqr,raw,0.5,0.0,1,9.8490001137485,10.745401578837825,31.339803271424188,True,2400,600
0.1,3,100,13,Empirical_copula,Gaussian,cqr,raw,0.5,0.0,2,10.768465412043147,9.920656529596336,30.609778471235824,True,2400,600
0.1,3,100,13,Empirical_copula,Gaussian,cqr,raw,0.5,0.0,3,6.022034037928886,5.940042768529175,17.90211957498724,True,2400,600
0.1,3,100,14,CQHR,Gaussian,cqr,native,0.5,0.0,1,10.733087668791597,16.69270965953379,44.11850698785945,True,2400,600
0.1,3,100,14,CQHR,Gaussian,cqr,native,0.5,0.0,2,11.177167865568405,25.35551251595668,61.88819289748167,True,2400,600
0.1,3,100,14,CQHR,Gaussian,cqr,native,0.5,0.0,3,6.212284679671845,13.705139634539437,33.62256394875071,True,2400,600
0.1,3,100,14,TSCP_R,Gaussian,cqr,capped,0.5,0.0,1,10.733087668791597,11.400174515162856,33.53343669911734,True,2400,600
0.1,3,100,14,TSCP_R,Gaussian,cqr,capped,0.5,0.0,2,11.177167865568405,12.49428220253694,36.16573227064228,True,2400,600
0.1,3,100,14,TSCP_R,Gaussian,cqr,capped,0.5,0.0,3,6.212284679671845,6.910156021378337,20.032596722428508,True,2400,600
0.1,3,100,14,Unscaled,Gaussian,cqr,raw,0.5,0.0,1,10.733087668791597,11.352870231085273,33.43882813096215,True,2400,600
0.1,3,100,14,Unscaled,Gaussian,cqr,raw,0.5,0.0,2,11.177167865568405,11.352870231085273,33.88290832773892,True,2400,600
0.1,3,100,14,Unscaled,Gaussian,cqr,raw,0.5,0.0,3,6.212284679671845,11.352870231085273,28.918025141842392,True,2400,600
0.1,3,100,14,Empirical_copula,Gaussian,cqr,raw,0.5,0.0,1,10.733087668791597,11.59755736694898,33.928202402689564,True,2400,600
0.1,3,100,14,Empirical_copula,Gaussian,cqr,raw,0.5,0.0,2,11.177167865568405,10.879161288514716,32.935490442597825,True,2400,600
0.1,3,100,14,Empirical_copula,Gaussian,cqr,raw,0.5,0.0,3,6.212284679671845,5.380532530586882,16.973349740845585,True,2400,600
0.1,3,100,15,CQHR,Gaussian,cqr,native,0.5,0.0,1,10.30948477435958,22.724853846659137,55.75919246767756,True,2400,600
0.1,3,100,15,CQHR,Gaussian,cqr,native,0.5,0.0,2,11.187709967312642,42.00923478075762,95.20617952882792,True,2400,600
0.1,3,100,15,CQHR,Gaussian,cqr,native,0.5,0.0,3,5.930759402597885,23.283524995866642,52.49780939433115,True,2400,600
0.1,3,100,15,TSCP_R,Gaussian,cqr,capped,0.5,0.0,1,10.30948477435958,10.502999025035109,31.315482824429772,True,2400,600
0.1,3,100,15,TSCP_R,Gaussian,cqr,capped,0.5,0.0,2,11.187709967312642,12.119779933783997,35.42726983488065,True,2400,600
0.1,3,100,15,TSCP_R,Gaussian,cqr,capped,0.5,0.0,3,5.930759402597885,8.14135464744996,22.2134686974978,True,2400,600
0.1,3,100,15,Unscaled,Gaussian,cqr,raw,0.5,0.0,1,10.30948477435958,9.82970581627473,29.96889640690904,True,2400,600
0.1,3,100,15,Unscaled,Gaussian,cqr,raw,0.5,0.0,2,11.187709967312642,9.82970581627473,30.847121599862117,True,2400,600
0.1,3,100,15,Unscaled,Gaussian,cqr,raw,0.5,0.0,3,5.930759402597885,9.82970581627473,25.590171035147343,True,2400,600
0.1,3,100,15,Empirical_copula,Gaussian,cqr,raw,0.5,0.0,1,10.30948477435958,9.651480997022091,29.612446768403746,True,2400,600
0.1,3,100,15,Empirical_copula,Gaussian,cqr,raw,0.5,0.0,2,11.187709967312642,11.336174658645746,33.860059284604155,True,2400,600
0.1,3,100,15,Empirical_copula,Gaussian,cqr,raw,0.5,0.0,3,5.930759402597885,8.649155183971224,23.229069770540335,True,2400,600
0.1,3,100,16,CQHR,Gaussian,cqr,native,0.5,0.0,1,9.982490322255353,16.613752972159254,43.20999626657362,True,2400,600
0.1,3,100,16,CQHR,Gaussian,cqr,native,0.5,0.0,2,11.311225561513293,30.120300496066697,71.55182655364672,True,2400,600
0.1,3,100,16,CQHR,Gaussian,cqr,native,0.5,0.0,3,6.008719117958928,14.50148064707808,35.01168041211512,True,2400,600
0.1,3,100,16,TSCP_R,Gaussian,cqr,capped,0.5,0.0,1,9.982490322255353,10.366605422877067,30.715701168009502,True,2400,600
0.1,3,100,16,TSCP_R,Gaussian,cqr,capped,0.5,0.0,2,11.311225561513293,9.33159560598736,29.974416773488024,True,2400,600
0.1,3,100,16,TSCP_R,Gaussian,cqr,capped,0.5,0.0,3,6.008719117958928,5.264406465481766,16.53753204892247,True,2400,600
0.1,3,100,16,Unscaled,Gaussian,cqr,raw,0.5,0.0,1,9.982490322255353,9.23549373435783,28.453477790971004,True,2400,600
0.1,3,100,16,Unscaled,Gaussian,cqr,raw,0.5,0.0,2,11.311225561513293,9.23549373435783,29.78221303022897,True,2400,600
0.1,3,100,16,Unscaled,Gaussian,cqr,raw,0.5,0.0,3,6.008719117958928,9.23549373435783,24.479706586674574,True,2400,600
0.1,3,100,16,Empirical_copula,Gaussian,cqr,raw,0.5,0.0,1,9.982490322255353,9.281736741703057,28.545963805661486,True,2400,600
0.1,3,100,16,Empirical_copula,Gaussian,cqr,raw,0.5,0.0,2,11.311225561513293,9.12199052397272,29.555206609458757,True,2400,600
0.1,3,100,16,Empirical_copula,Gaussian,cqr,raw,0.5,0.0,3,6.008719117958928,4.832020350970917,15.672759819900785,True,2400,600
0.1,3,100,17,CQHR,Gaussian,cqr,native,0.5,0.0,1,10.420682881276347,23.299919665218116,57.020522211712695,True,2400,600
0.1,3,100,17,CQHR,Gaussian,cqr,native,0.5,0.0,2,10.329285768480643,33.52603516157073,77.38135609162207,True,2400,600
0.1,3,100,17,CQHR,Gaussian,cqr,native,0.5,0.0,3,5.9653139065374985,19.2983177577625,44.56194942206248,True,2400,600
0.1,3,100,17,TSCP_R,Gaussian,cqr,capped,0.5,0.0,1,10.420682881276347,14.097538673200374,38.6157602276771,True,2400,600
0.1,3,100,17,TSCP_R,Gaussian,cqr,capped,0.5,0.0,2,10.329285768480643,14.076891092382775,38.48306795324616,True,2400,600
0.1,3,100,17,TSCP_R,Gaussian,cqr,capped,0.5,0.0,3,5.9653139065374985,7.888425079013482,21.742164064564463,True,2400,600
0.1,3,100,17,Unscaled,Gaussian,cqr,raw,0.5,0.0,1,10.420682881276347,11.945558466998646,34.31179981527364,True,2400,600
0.1,3,100,17,Unscaled,Gaussian,cqr,raw,0.5,0.0,2,10.329285768480643,11.945558466998646,34.22040270247794,True,2400,600
0.1,3,100,17,Unscaled,Gaussian,cqr,raw,0.5,0.0,3,5.9653139065374985,11.945558466998646,29.856430840534813,True,2400,600
0.1,3,100,17,Empirical_copula,Gaussian,cqr,raw,0.5,0.0,1,10.420682881276347,12.248390084560443,34.917463050397245,True,2400,600
0.1,3,100,17,Empirical_copula,Gaussian,cqr,raw,0.5,0.0,2,10.329285768480643,12.622076319464135,35.57343840740894,True,2400,600
0.1,3,100,17,Empirical_copula,Gaussian,cqr,raw,0.5,0.0,3,5.9653139065374985,6.7720864152391655,19.509486737015827,True,2400,600
0.1,3,100,18,CQHR,Gaussian,cqr,native,0.5,0.0,1,10.254713295402713,17.619697058227803,45.49410741185865,True,2400,600
0.1,3,100,18,CQHR,Gaussian,cqr,native,0.5,0.0,2,10.784948377093372,53.660277937252886,118.10550425159897,True,2400,600
0.1,3,100,18,CQHR,Gaussian,cqr,native,0.5,0.0,3,5.614441478495766,31.331070609812304,68.27658269812045,True,2400,600
0.1,3,100,18,TSCP_R,Gaussian,cqr,capped,0.5,0.0,1,10.254713295402713,14.396972921043515,39.04865913748973,True,2400,600
0.1,3,100,18,TSCP_R,Gaussian,cqr,capped,0.5,0.0,2,10.784948377093372,12.108921709204871,35.00279179550309,True,2400,600
0.1,3,100,18,TSCP_R,Gaussian,cqr,capped,0.5,0.0,3,5.614441478495766,7.603162240025007,20.82076595854579,True,2400,600
0.1,3,100,18,Unscaled,Gaussian,cqr,raw,0.5,0.0,1,10.254713295402713,10.599620503984072,31.45395430337086,True,2400,600
0.1,3,100,18,Unscaled,Gaussian,cqr,raw,0.5,0.0,2,10.784948377093372,10.599620503984072,31.984189385061534,True,2400,600
0.1,3,100,18,Unscaled,Gaussian,cqr,raw,0.5,0.0,3,5.614441478495766,10.599620503984072,26.813682486463875,True,2400,600
0.1,3,100,18,Empirical_copula,Gaussian,cqr,raw,0.5,0.0,1,10.254713295402713,16.131915935359107,42.518545166120965,True,2400,600
0.1,3,100,18,Empirical_copula,Gaussian,cqr,raw,0.5,0.0,2,10.784948377093372,10.599620503961349,31.98418938501606,True,2400,600
0.1,3,100,18,Empirical_copula,Gaussian,cqr,raw,0.5,0.0,3,5.614441478495766,7.577832762791818,20.7701070040794,True,2400,600
0.1,3,100,19,CQHR,Gaussian,cqr,native,0.5,0.0,1,9.979840195987203,20.08386318812332,50.14756657223351,True,2400,600
0.1,3,100,19,CQHR,Gaussian,cqr,native,0.5,0.0,2,10.280434835317738,45.47868604309007,101.2378069214979,True,2400,600
0.1,3,100,19,CQHR,Gaussian,cqr,native,0.5,0.0,3,5.69927364323323,22.850998113420914,51.4012698700751,True,2400,600
0.1,3,100,19,TSCP_R,Gaussian,cqr,capped,0.5,0.0,1,9.979840195987203,15.860262511709397,41.700365219406024,True,2400,600
0.1,3,100,19,TSCP_R,Gaussian,cqr,capped,0.5,0.0,2,10.280434835317738,14.651419066134961,39.58327296758767,True,2400,600
0.1,3,100,19,TSCP_R,Gaussian,cqr,capped,0.5,0.0,3,5.69927364323323,8.60265945491631,22.904592553065864,True,2400,600
0.1,3,100,19,Unscaled,Gaussian,cqr,raw,0.5,0.0,1,9.979840195987203,12.657915277437322,35.29567075086182,True,2400,600
0.1,3,100,19,Unscaled,Gaussian,cqr,raw,0.5,0.0,2,10.280434835317738,12.657915277437322,35.59626539019236,True,2400,600
0.1,3,100,19,Unscaled,Gaussian,cqr,raw,0.5,0.0,3,5.69927364323323,12.657915277437322,31.015104198107885,True,2400,600
0.1,3,100,19,Empirical_copula,Gaussian,cqr,raw,0.5,0.0,1,9.979840195987203,16.219592302193554,42.41902480037425,True,2400,600
0.1,3,100,19,Empirical_copula,Gaussian,cqr,raw,0.5,0.0,2,10.280434835317738,13.080576296587385,36.441587428492525,True,2400,600
0.1,3,100,19,Empirical_copula,Gaussian,cqr,raw,0.5,0.0,3,5.69927364323323,8.408090123363525,22.515453889960305,True,2400,600
0.1,3,100,20,CQHR,Gaussian,cqr,native,0.5,0.0,1,10.07963917776877,17.331650327054547,44.74293983187821,True,2400,600
0.1,3,100,20,CQHR,Gaussian,cqr,native,0.5,0.0,2,10.50618501434406,36.8501367112934,84.20645843693083,True,2400,600
0.1,3,100,20,CQHR,Gaussian,cqr,native,0.5,0.0,3,6.0208198686978545,24.83315064422249,55.687121157142826,True,2400,600
0.1,3,100,20,TSCP_R,Gaussian,cqr,capped,0.5,0.0,1,10.07963917776877,16.137323994482696,42.35428716673411,True,2400,600
0.1,3,100,20,TSCP_R,Gaussian,cqr,capped,0.5,0.0,2,10.50618501434406,14.224818627232901,38.95582226880987,True,2400,600
0.1,3,100,20,TSCP_R,Gaussian,cqr,capped,0.5,0.0,3,6.0208198686978545,9.340421266152827,24.701662401003478,True,2400,600
0.1,3,100,20,Unscaled,Gaussian,cqr,raw,0.5,0.0,1,10.07963917776877,12.06920651742297,34.21805221261467,True,2400,600
0.1,3,100,20,Unscaled,Gaussian,cqr,raw,0.5,0.0,2,10.50618501434406,12.06920651742297,34.64459804918997,True,2400,600
0.1,3,100,20,Unscaled,Gaussian,cqr,raw,0.5,0.0,3,6.0208198686978545,12.06920651742297,30.159232903543792,True,2400,600
0.1,3,100,20,Empirical_copula,Gaussian,cqr,raw,0.5,0.0,1,10.07963917776877,14.477144685544461,39.03392854885771,True,2400,600
0.1,3,100,20,Empirical_copula,Gaussian,cqr,raw,0.5,0.0,2,10.50618501434406,12.55686052971005,35.61990607376419,True,2400,600
0.1,3,100,20,Empirical_copula,Gaussian,cqr,raw,0.5,0.0,3,6.0208198686978545,9.722955544784977,25.466730958267803,True,2400,600
0.1,3,100,21,CQHR,Gaussian,cqr,native,0.5,0.0,1,10.77622016922056,19.2390031428257,49.25422645487169,True,2400,600
0.1,3,100,21,CQHR,Gaussian,cqr,native,0.5,0.0,2,10.78079973333022,31.853090624959066,74.48698098324837,True,2400,600
0.1,3,100,21,CQHR,Gaussian,cqr,native,0.5,0.0,3,5.892404765118503,15.853822327381279,37.60004941988105,True,2400,600
0.1,3,100,21,TSCP_R,Gaussian,cqr,capped,0.5,0.0,1,10.77622016922056,15.852949795645191,42.48211976051095,True,2400,600
0.1,3,100,21,TSCP_R,Gaussian,cqr,capped,0.5,0.0,2,10.78079973333022,12.277451499772559,35.335702732875326,True,2400,600
0.1,3,100,21,TSCP_R,Gaussian,cqr,capped,0.5,0.0,3,5.892404765118503,9.488810814039544,24.87002639319762,True,2400,600
0.1,3,100,21,Unscaled,Gaussian,cqr,raw,0.5,0.0,1,10.77622016922056,12.22248764264313,35.221195454506834,True,2400,600
0.1,3,100,21,Unscaled,Gaussian,cqr,raw,0.5,0.0,2,10.78079973333022,12.22248764264313,35.2257750186165,True,2400,600
0.1,3,100,21,Unscaled,Gaussian,cqr,raw,0.5,0.0,3,5.892404765118503,12.22248764264313,30.337380050404754,True,2400,600
0.1,3,100,21,Empirical_copula,Gaussian,cqr,raw,0.5,0.0,1,10.77622016922056,14.143220490725298,39.06266115067117,True,2400,600
0.1,3,100,21,Empirical_copula,Gaussian,cqr,raw,0.5,0.0,2,10.78079973333022,11.671206733151866,34.12321319963393,True,2400,600
0.1,3,100,21,Empirical_copula,Gaussian,cqr,raw,0.5,0.0,3,5.892404765118503,8.085630090660619,22.06366494643971,True,2400,600
0.1,3,100,22,CQHR,Gaussian,cqr,native,0.5,0.0,1,10.924242903652141,16.86273059085285,44.649704085357925,True,2400,600
0.1,3,100,22,CQHR,Gaussian,cqr,native,0.5,0.0,2,11.382490604145714,171.99761544999933,355.3777215041446,True,2400,600
0.1,3,100,22,CQHR,Gaussian,cqr,native,0.5,0.0,3,5.962942203168918,74.64962880733447,155.26219981783746,True,2400,600
0.1,3,100,22,TSCP_R,Gaussian,cqr,capped,0.5,0.0,1,10.924242903652141,14.277576987674587,39.479396879001314,True,2400,600
0.1,3,100,22,TSCP_R,Gaussian,cqr,capped,0.5,0.0,2,11.382490604145714,13.147263501629253,37.67701760740418,True,2400,600
0.1,3,100,22,TSCP_R,Gaussian,cqr,capped,0.5,0.0,3,5.962942203168918,8.627017338677591,23.21697688052409,True,2400,600
0.1,3,100,22,Unscaled,Gaussian,cqr,raw,0.5,0.0,1,10.924242903652141,13.46419446147748,37.85263182660709,True,2400,600
0.1,3,100,22,Unscaled,Gaussian,cqr,raw,0.5,0.0,2,11.382490604145714,13.46419446147748,38.31087952710062,True,2400,600
0.1,3,100,22,Unscaled,Gaussian,cqr,raw,0.5,0.0,3,5.962942203168918,13.46419446147748,32.891331126123866,True,2400,600
0.1,3,100,22,Empirical_copula,Gaussian,cqr,raw,0.5,0.0,1,10.924242903652141,13.760154705446938,38.444552314546044,True,2400,600
0.1,3,100,22,Empirical_copula,Gaussian,cqr,raw,0.5,0.0,2,11.382490604145714,13.627443901659028,38.637378407463814,True,2400,600
0.1,3,100,22,Empirical_copula,Gaussian,cqr,raw,0.5,0.0,3,5.962942203168918,7.821750583843123,21.606443370855157,True,2400,600
0.1,3,100,23,CQHR,Gaussian,cqr,native,0.5,0.0,1,10.54082595959942,16.724489210366126,43.989804380331265,True,2400,600
0.1,3,100,23,CQHR,Gaussian,cqr,native,0.5,0.0,2,10.883751772306532,38.99004935107184,88.86385047445003,True,2400,600
0.1,3,100,23,CQHR,Gaussian,cqr,native,0.5,0.0,3,5.91601726023458,13.727499776152314,33.371016812539196,True,2400,600
0.1,3,100,23,TSCP_R,Gaussian,cqr,capped,0.5,0.0,1,10.54082595959942,10.297956636657368,31.136739232914138,True,2400,600
0.1,3,100,23,TSCP_R,Gaussian,cqr,capped,0.5,0.0,2,10.883751772306532,13.285380996234785,37.4545137647761,True,2400,600
0.1,3,100,23,TSCP_R,Gaussian,cqr,capped,0.5,0.0,3,5.91601726023458,5.83593424073513,17.58788574170483,True,2400,600
0.1,3,100,23,Unscaled,Gaussian,cqr,raw,0.5,0.0,1,10.54082595959942,10.30271113352909,31.146248226657548,True,2400,600
0.1,3,100,23,Unscaled,Gaussian,cqr,raw,0.5,0.0,2,10.883751772306532,10.30271113352909,31.489174039364716,True,2400,600
0.1,3,100,23,Unscaled,Gaussian,cqr,raw,0.5,0.0,3,5.91601726023458,10.30271113352909,26.52143952729274,True,2400,600
0.1,3,100,23,Empirical_copula,Gaussian,cqr,raw,0.5,0.0,1,10.54082595959942,8.364577673579262,27.269981306757956,True,2400,600
0.1,3,100,23,Empirical_copula,Gaussian,cqr,raw,0.5,0.0,2,10.883751772306532,13.271190700165548,37.42613317263766,True,2400,600
0.1,3,100,23,Empirical_copula,Gaussian,cqr,raw,0.5,0.0,3,5.91601726023458,6.117789706253628,18.151596672741835,True,2400,600
0.1,3,100,24,CQHR,Gaussian,cqr,native,0.5,0.0,1,10.117559269433817,16.30592474706535,42.72940876356442,True,2400,600
0.1,3,100,24,CQHR,Gaussian,cqr,native,0.5,0.0,2,10.809012252213448,24.05932539532085,58.927663042855094,True,2400,600
0.1,3,100,24,CQHR,Gaussian,cqr,native,0.5,0.0,3,5.995043652499124,12.977475819938446,31.949995292376023,True,2400,600
0.1,3,100,24,TSCP_R,Gaussian,cqr,capped,0.5,0.0,1,10.117559269433817,17.983143788814193,46.083846847062176,True,2400,600
0.1,3,100,24,TSCP_R,Gaussian,cqr,capped,0.5,0.0,2,10.809012252213448,14.458103071338432,39.72521839489034,True,2400,600
0.1,3,100,24,TSCP_R,Gaussian,cqr,capped,0.5,0.0,3,5.995043652499124,7.453772788687996,20.9025892298751,True,2400,600
0.1,3,100,24,Unscaled,Gaussian,cqr,raw,0.5,0.0,1,10.117559269433817,12.29386845148279,34.7052961723994,True,2400,600
0.1,3,100,24,Unscaled,Gaussian,cqr,raw,0.5,0.0,2,10.809012252213448,12.29386845148279,35.39674915517903,True,2400,600
0.1,3,100,24,Unscaled,Gaussian,cqr,raw,0.5,0.0,3,5.995043652499124,12.29386845148279,30.58278055546472,True,2400,600
0.1,3,100,24,Empirical_copula,Gaussian,cqr,raw,0.5,0.0,1,10.117559269433817,13.29741405627557,36.71238738198497,True,2400,600
0.1,3,100,24,Empirical_copula,Gaussian,cqr,raw,0.5,0.0,2,10.809012252213448,14.58264422663322,39.97430070547986,True,2400,600
0.1,3,100,24,Empirical_copula,Gaussian,cqr,raw,0.5,0.0,3,5.995043652499124,6.502554702908181,19.000153058315497,True,2400,600
0.1,3,100,25,CQHR,Gaussian,cqr,native,0.5,0.0,1,10.014255826143918,21.011221789755066,52.036699405654474,True,2400,600
0.1,3,100,25,CQHR,Gaussian,cqr,native,0.5,0.0,2,10.582637627629746,36.23656921669811,83.05577606102592,True,2400,600
0.1,3,100,25,CQHR,Gaussian,cqr,native,0.5,0.0,3,5.821400741791744,16.933425015332524,39.688250772456776,True,2400,600
0.1,3,100,25,TSCP_R,Gaussian,cqr,capped,0.5,0.0,1,10.014255826143918,10.005723780005994,30.025703386155936,True,2400,600
0.1,3,100,25,TSCP_R,Gaussian,cqr,capped,0.5,0.0,2,10.582637627629746,12.181058760639115,34.94475514890799,True,2400,600
0.1,3,100,25,TSCP_R,Gaussian,cqr,capped,0.5,0.0,3,5.821400741791744,5.938310629142322,17.69802200007639,True,2400,600
0.1,3,100,25,Unscaled,Gaussian,cqr,raw,0.5,0.0,1,10.014255826143918,9.822807285582808,29.659870397309557,True,2400,600
0.1,3,100,25,Unscaled,Gaussian,cqr,raw,0.5,0.0,2,10.582637627629746,9.822807285582808,30.228252198795367,True,2400,600
0.1,3,100,25,Unscaled,Gaussian,cqr,raw,0.5,0.0,3,5.821400741791744,9.822807285582808,25.46701531295738,True,2400,600
0.1,3,100,25,Empirical_copula,Gaussian,cqr,raw,0.5,0.0,1,10.014255826143918,9.747382320568448,29.50902046728082,True,2400,600
0.1,3,100,25,Empirical_copula,Gaussian,cqr,raw,0.5,0.0,2,10.582637627629746,12.436310427086603,35.45525848180294,True,2400,600
0.1,3,100,25,Empirical_copula,Gaussian,cqr,raw,0.5,0.0,3,5.821400741791744,6.104535372699548,18.030471487190837,True,2400,600
0.1,3,100,26,CQHR,Gaussian,cqr,native,0.5,0.0,1,10.30937631256145,17.41035290944567,45.13008213145243,True,2400,600
0.1,3,100,26,CQHR,Gaussian,cqr,native,0.5,0.0,2,10.678345433177899,121.40243571881025,253.483216870798,True,2400,600
0.1,3,100,26,CQHR,Gaussian,cqr,native,0.5,0.0,3,5.904397597845025,246.15362578797954,498.2116491738055,True,2400,600
0.1,3,100,26,TSCP_R,Gaussian,cqr,capped,0.5,0.0,1,10.30937631256145,12.926627451455532,36.162631215472565,True,2400,600
0.1,3,100,26,TSCP_R,Gaussian,cqr,capped,0.5,0.0,2,10.678345433177899,12.762485725023986,36.20331688322588,True,2400,600
0.1,3,100,26,TSCP_R,Gaussian,cqr,capped,0.5,0.0,3,5.904397597845025,7.520581257118709,20.94556011208244,True,2400,600
0.1,3,100,26,Unscaled,Gaussian,cqr,raw,0.5,0.0,1,10.30937631256145,9.974486032647336,30.258348377856098,True,2400,600
0.1,3,100,26,Unscaled,Gaussian,cqr,raw,0.5,0.0,2,10.678345433177899,9.974486032647336,30.62731749847258,True,2400,600
0.1,3,100,26,Unscaled,Gaussian,cqr,raw,0.5,0.0,3,5.904397597845025,9.974486032647336,25.853369663139723,True,2400,600
0.1,3,100,26,Empirical_copula,Gaussian,cqr,raw,0.5,0.0,1,10.30937631256145,10.102620799595174,30.514617911751806,True,2400,600
0.1,3,100,26,Empirical_copula,Gaussian,cqr,raw,0.5,0.0,2,10.678345433177899,9.974486032616941,30.62731749841178,True,2400,600
0.1,3,100,26,Empirical_copula,Gaussian,cqr,raw,0.5,0.0,3,5.904397597845025,7.486441057783907,20.87727971341285,True,2400,600
0.1,3,100,27,CQHR,Gaussian,cqr,native,0.5,0.0,1,10.154252026878941,16.977928558801207,44.11010914448159,True,2400,600
0.1,3,100,27,CQHR,Gaussian,cqr,native,0.5,0.0,2,10.996163340357144,29.79388808809266,70.58393951654242,True,2400,600
0.1,3,100,27,CQHR,Gaussian,cqr,native,0.5,0.0,3,6.234781353963549,17.23385986831788,40.702501090599334,True,2400,600
0.1,3,100,27,TSCP_R,Gaussian,cqr,capped,0.5,0.0,1,10.154252026878941,11.342542046780508,32.83933612043995,True,2400,600
0.1,3,100,27,TSCP_R,Gaussian,cqr,capped,0.5,0.0,2,10.996163340357144,13.390681828363691,37.77752699708457,True,2400,600
0.1,3,100,27,TSCP_R,Gaussian,cqr,capped,0.5,0.0,3,6.234781353963549,6.86924377304152,19.973268900046612,True,2400,600
0.1,3,100,27,Unscaled,Gaussian,cqr,raw,0.5,0.0,1,10.154252026878941,10.954549320013165,32.06335066690531,True,2400,600
0.1,3,100,27,Unscaled,Gaussian,cqr,raw,0.5,0.0,2,10.996163340357144,10.954549320013165,32.905261980383465,True,2400,600
0.1,3,100,27,Unscaled,Gaussian,cqr,raw,0.5,0.0,3,6.234781353963549,10.954549320013165,28.1438799939899,True,2400,600
0.1,3,100,27,Empirical_copula,Gaussian,cqr,raw,0.5,0.0,1,10.154252026878941,10.954549319957462,32.06335066679387,True,2400,600
0.1,3,100,27,Empirical_copula,Gaussian,cqr,raw,0.5,0.0,2,10.996163340357144,13.076605639019508,37.149374618396166,True,2400,600
0.1,3,100,27,Empirical_copula,Gaussian,cqr,raw,0.5,0.0,3,6.234781353963549,6.450261753214974,19.135304860393493,True,2400,600
0.1,3,100,28,CQHR,Gaussian,cqr,native,0.5,0.0,1,10.153061887467548,20.997063959228395,52.1471898059243,True,2400,600
0.1,3,100,28,CQHR,Gaussian,cqr,native,0.5,0.0,2,10.59248601940638,32.71105650579724,76.01459903100097,True,2400,600
0.1,3,100,28,CQHR,Gaussian,cqr,native,0.5,0.0,3,5.930411727514002,20.524391535725336,46.97919479896475,True,2400,600
0.1,3,100,28,TSCP_R,Gaussian,cqr,capped,0.5,0.0,1,10.153061887467548,11.971488743369921,34.096039374207415,True,2400,600
0.1,3,100,28,TSCP_R,Gaussian,cqr,capped,0.5,0.0,2,10.59248601940638,14.730629339087454,40.05374469758127,True,2400,600
0.1,3,100,28,TSCP_R,Gaussian,cqr,capped,0.5,0.0,3,5.930411727514002,8.280819523679172,22.492050774872357,True,2400,600
0.1,3,100,28,Unscaled,Gaussian,cqr,raw,0.5,0.0,1,10.153061887467548,13.113669010923678,36.380399909314896,True,2400,600
0.1,3,100,28,Unscaled,Gaussian,cqr,raw,0.5,0.0,2,10.59248601940638,13.113669010923678,36.81982404125373,True,2400,600
0.1,3,100,28,Unscaled,Gaussian,cqr,raw,0.5,0.0,3,5.930411727514002,13.113669010923678,32.15774974936136,True,2400,600
0.1,3,100,28,Empirical_copula,Gaussian,cqr,raw,0.5,0.0,1,10.153061887467548,11.753362436375312,33.659786760218175,True,2400,600
0.1,3,100,28,Empirical_copula,Gaussian,cqr,raw,0.5,0.0,2,10.59248601940638,13.32435254848429,37.24119111637496,True,2400,600
0.1,3,100,28,Empirical_copula,Gaussian,cqr,raw,0.5,0.0,3,5.930411727514002,8.471211409324432,22.872834546162895,True,2400,600
0.1,3,100,29,CQHR,Gaussian,cqr,native,0.5,0.0,1,10.183308397971768,17.59135608412712,45.366020566225714,True,2400,600
0.1,3,100,29,CQHR,Gaussian,cqr,native,0.5,0.0,2,10.529346543994924,25.43607334944335,61.4014932428817,True,2400,600
0.1,3,100,29,CQHR,Gaussian,cqr,native,0.5,0.0,3,5.850939616192656,16.03552296385452,37.9219855439017,True,2400,600
0.1,3,100,29,TSCP_R,Gaussian,cqr,capped,0.5,0.0,1,10.183308397971768,13.413595640052428,37.01049967807661,True,2400,600
0.1,3,100,29,TSCP_R,Gaussian,cqr,capped,0.5,0.0,2,10.529346543994924,15.116839943471323,40.763026430937614,True,2400,600
0.1,3,100,29,TSCP_R,Gaussian,cqr,capped,0.5,0.0,3,5.850939616192656,8.86599327655943,23.58292616931154,True,2400,600
0.1,3,100,29,Unscaled,Gaussian,cqr,raw,0.5,0.0,1,10.183308397971768,12.56772777095309,35.318763939877975,True,2400,600
0.1,3,100,29,Unscaled,Gaussian,cqr,raw,0.5,0.0,2,10.529346543994924,12.56772777095309,35.664802085901094,True,2400,600
0.1,3,100,29,Unscaled,Gaussian,cqr,raw,0.5,0.0,3,5.850939616192656,12.56772777095309,30.986395158098833,True,2400,600
0.1,3,100,29,Empirical_copula,Gaussian,cqr,raw,0.5,0.0,1,10.183308397971768,13.363357660990602,36.91002371995299,True,2400,600
0.1,3,100,29,Empirical_copula,Gaussian,cqr,raw,0.5,0.0,2,10.529346543994924,12.567727770922694,35.66480208584033,True,2400,600
0.1,3,100,29,Empirical_copula,Gaussian,cqr,raw,0.5,0.0,3,5.850939616192656,9.047076719047173,23.945093054287028,True,2400,600
0.1,3,200,0,CQHR,Gaussian,cqr,native,0.5,0.0,1,10.416475599928742,20.527529627761428,51.47153485545187,True,2400,600
0.1,3,200,0,CQHR,Gaussian,cqr,native,0.5,0.0,2,10.69968852086172,35.69946833102283,82.09862518290748,True,2400,600
0.1,3,200,0,CQHR,Gaussian,cqr,native,0.5,0.0,3,5.861424255407737,24.419778650331708,54.70098155607111,True,2400,600
0.1,3,200,0,TSCP_R,Gaussian,cqr,capped,0.5,0.0,1,10.416475599928742,14.2762923876675,38.969060375263695,True,2400,600
0.1,3,200,0,TSCP_R,Gaussian,cqr,capped,0.5,0.0,2,10.69968852086172,14.632761537509438,39.96521159588058,True,2400,600
0.1,3,200,0,TSCP_R,Gaussian,cqr,capped,0.5,0.0,3,5.861424255407737,7.278263479000186,20.4179512134081,True,2400,600
0.1,3,200,0,Unscaled,Gaussian,cqr,raw,0.5,0.0,1,10.416475599928742,12.950891095533802,36.31825779099631,True,2400,600
0.1,3,200,0,Unscaled,Gaussian,cqr,raw,0.5,0.0,2,10.69968852086172,12.950891095533802,36.60147071192927,True,2400,600
0.1,3,200,0,Unscaled,Gaussian,cqr,raw,0.5,0.0,3,5.861424255407737,12.950891095533802,31.763206446475365,True,2400,600
0.1,3,200,0,Empirical_copula,Gaussian,cqr,raw,0.5,0.0,1,10.416475599928742,13.874345111865821,38.16516582366038,True,2400,600
0.1,3,200,0,Empirical_copula,Gaussian,cqr,raw,0.5,0.0,2,10.69968852086172,14.1011708876785,38.90203029621873,True,2400,600
0.1,3,200,0,Empirical_copula,Gaussian,cqr,raw,0.5,0.0,3,5.861424255407737,6.916261746743948,19.69394774889563,True,2400,600
0.1,3,200,1,CQHR,Gaussian,cqr,native,0.5,0.0,1,9.852099721607765,17.995359667226953,45.84281905606156,True,2400,600
0.1,3,200,1,CQHR,Gaussian,cqr,native,0.5,0.0,2,10.474510214039205,44.723578239316566,99.92166669267239,True,2400,600
0.1,3,200,1,CQHR,Gaussian,cqr,native,0.5,0.0,3,5.807222558200414,16.61255115750123,39.03232487320292,True,2400,600
0.1,3,200,1,TSCP_R,Gaussian,cqr,capped,0.5,0.0,1,9.852099721607765,11.484999654677491,32.822099030962754,True,2400,600
0.1,3,200,1,TSCP_R,Gaussian,cqr,capped,0.5,0.0,2,10.474510214039205,12.621214669318848,35.716939552676905,True,2400,600
0.1,3,200,1,TSCP_R,Gaussian,cqr,capped,0.5,0.0,3,5.807222558200414,7.006087873366568,19.819398304933515,True,2400,600
0.1,3,200,1,Unscaled,Gaussian,cqr,raw,0.5,0.0,1,9.852099721607765,11.504095626156847,32.86029097392145,True,2400,600
0.1,3,200,1,Unscaled,Gaussian,cqr,raw,0.5,0.0,2,10.474510214039205,11.504095626156847,33.48270146635289,True,2400,600
0.1,3,200,1,Unscaled,Gaussian,cqr,raw,0.5,0.0,3,5.807222558200414,11.504095626156847,28.815413810514098,True,2400,600
0.1,3,200,1,Empirical_copula,Gaussian,cqr,raw,0.5,0.0,1,9.852099721607765,10.678085984047819,31.208271689703416,True,2400,600
0.1,3,200,1,Empirical_copula,Gaussian,cqr,raw,0.5,0.0,2,10.474510214039205,12.740475880171754,35.95546197438271,True,2400,600
0.1,3,200,1,Empirical_copula,Gaussian,cqr,raw,0.5,0.0,3,5.807222558200414,7.178961489772389,20.165145537745193,True,2400,600
0.1,3,200,2,CQHR,Gaussian,cqr,native,0.5,0.0,1,10.759067164082312,18.926141560882286,48.611350285847216,True,2400,600
0.1,3,200,2,CQHR,Gaussian,cqr,native,0.5,0.0,2,10.574625895111492,67.9393158766115,146.45325764833453,True,2400,600
0.1,3,200,2,CQHR,Gaussian,cqr,native,0.5,0.0,3,6.329852465205665,20.653211162123903,47.6362747894535,True,2400,600
0.1,3,200,2,TSCP_R,Gaussian,cqr,capped,0.5,0.0,1,10.759067164082312,14.598065415893725,39.95519799586976,True,2400,600
0.1,3,200,2,TSCP_R,Gaussian,cqr,capped,0.5,0.0,2,10.574625895111492,13.084445058106507,36.74351601132451,True,2400,600
0.1,3,200,2,TSCP_R,Gaussian,cqr,capped,0.5,0.0,3,6.329852465205665,8.357453216229901,23.044758897665456,True,2400,600
0.1,3,200,2,Unscaled,Gaussian,cqr,raw,0.5,0.0,1,10.759067164082312,12.37369190174722,35.506450967576725,True,2400,600
0.1,3,200,2,Unscaled,Gaussian,cqr,raw,0.5,0.0,2,10.574625895111492,12.37369190174722,35.322009698605946,True,2400,600
0.1,3,200,2,Unscaled,Gaussian,cqr,raw,0.5,0.0,3,6.329852465205665,12.37369190174722,31.077236268700094,True,2400,600
0.1,3,200,2,Empirical_copula,Gaussian,cqr,raw,0.5,0.0,1,10.759067164082312,13.71659671095188,38.19226058598602,True,2400,600
0.1,3,200,2,Empirical_copula,Gaussian,cqr,raw,0.5,0.0,2,10.574625895111492,12.373691901675532,35.32200969846259,True,2400,600
0.1,3,200,2,Empirical_copula,Gaussian,cqr,raw,0.5,0.0,3,6.329852465205665,8.339354866191691,23.00856219758902,True,2400,600
0.1,3,200,3,CQHR,Gaussian,cqr,native,0.5,0.0,1,10.142881409398075,16.92908975689043,44.00106092317883,True,2400,600
0.1,3,200,3,CQHR,Gaussian,cqr,native,0.5,0.0,2,10.366258007471789,31.581433170367188,73.52912434820614,True,2400,600
0.1,3,200,3,CQHR,Gaussian,cqr,native,0.5,0.0,3,5.854650082184088,19.33660318511893,44.52785645242199,True,2400,600
0.1,3,200,3,TSCP_R,Gaussian,cqr,capped,0.5,0.0,1,10.142881409398075,11.890437066884125,33.923755543166294,True,2400,600
0.1,3,200,3,TSCP_R,Gaussian,cqr,capped,0.5,0.0,2,10.366258007471789,13.481418569794956,37.329095147061736,True,2400,600
0.1,3,200,3,TSCP_R,Gaussian,cqr,capped,0.5,0.0,3,5.854650082184088,5.83698086253007,17.528611807244225,True,2400,600
0.1,3,200,3,Unscaled,Gaussian,cqr,raw,0.5,0.0,1,10.142881409398075,11.676193387804771,33.49526818500765,True,2400,600
0.1,3,200,3,Unscaled,Gaussian,cqr,raw,0.5,0.0,2,10.366258007471789,11.676193387804771,33.71864478308134,True,2400,600
0.1,3,200,3,Unscaled,Gaussian,cqr,raw,0.5,0.0,3,5.854650082184088,11.676193387804771,29.20703685779364,True,2400,600
0.1,3,200,3,Empirical_copula,Gaussian,cqr,raw,0.5,0.0,1,10.142881409398075,11.974187981464723,34.09125737232754,True,2400,600
0.1,3,200,3,Empirical_copula,Gaussian,cqr,raw,0.5,0.0,2,10.366258007471789,12.671878588492895,35.710015184457596,True,2400,600
0.1,3,200,3,Empirical_copula,Gaussian,cqr,raw,0.5,0.0,3,5.854650082184088,5.821993186300006,17.49863645478408,True,2400,600
0.1,3,200,4,CQHR,Gaussian,cqr,native,0.5,0.0,1,9.827425383622765,18.667256432533332,47.16193824868984,True,2400,600
0.1,3,200,4,CQHR,Gaussian,cqr,native,0.5,0.0,2,10.57513082885689,31.172835792851473,72.92080241455986,True,2400,600
0.1,3,200,4,CQHR,Gaussian,cqr,native,0.5,0.0,3,5.447374664934059,16.81410346649408,39.07558159792222,True,2400,600
0.1,3,200,4,TSCP_R,Gaussian,cqr,capped,0.5,0.0,1,9.827425383622765,13.602553622032747,37.03253262768825,True,2400,600
0.1,3,200,4,TSCP_R,Gaussian,cqr,capped,0.5,0.0,2,10.57513082885689,12.597844979111844,35.770820787080616,True,2400,600
0.1,3,200,4,TSCP_R,Gaussian,cqr,capped,0.5,0.0,3,5.447374664934059,7.5901317971765705,20.627638259287206,True,2400,600
0.1,3,200,4,Unscaled,Gaussian,cqr,raw,0.5,0.0,1,9.827425383622765,11.99143009275533,33.81028556913341,True,2400,600
0.1,3,200,4,Unscaled,Gaussian,cqr,raw,0.5,0.0,2,10.57513082885689,11.99143009275533,34.55799101436757,True,2400,600
0.1,3,200,4,Unscaled,Gaussian,cqr,raw,0.5,0.0,3,5.447374664934059,11.99143009275533,29.430234850444684,True,2400,600
0.1,3,200,4,Empirical_copula,Gaussian,cqr,raw,0.5,0.0,1,9.827425383622765,13.531082708756806,36.88959080113637,True,2400,600
0.1,3,200,4,Empirical_copula,Gaussian,cqr,raw,0.5,0.0,2,10.57513082885689,12.532281625319964,35.63969407949685,True,2400,600
0.1,3,200,4,Empirical_copula,Gaussian,cqr,raw,0.5,0.0,3,5.447374664934059,7.3600262169958555,20.167427098925767,True,2400,600
0.1,3,200,5,CQHR,Gaussian,cqr,native,0.5,0.0,1,10.019153180984377,15.647440520842796,41.314034222670124,True,2400,600
0.1,3,200,5,CQHR,Gaussian,cqr,native,0.5,0.0,2,10.851444112244943,30.113524606250625,71.07849332474626,True,2400,600
0.1,3,200,5,CQHR,Gaussian,cqr,native,0.5,0.0,3,5.890251199433254,19.81151289873329,45.513276996899926,True,2400,600
0.1,3,200,5,TSCP_R,Gaussian,cqr,capped,0.5,0.0,1,10.019153180984377,10.80235625743574,31.623865695855837,True,2400,600
0.1,3,200,5,TSCP_R,Gaussian,cqr,capped,0.5,0.0,2,10.851444112244943,12.611701016559426,36.0748461453638,True,2400,600
0.1,3,200,5,TSCP_R,Gaussian,cqr,capped,0.5,0.0,3,5.890251199433254,5.903817552842732,17.697886305118736,True,2400,600
0.1,3,200,5,Unscaled,Gaussian,cqr,raw,0.5,0.0,1,10.019153180984377,10.225502323625623,30.47015782823561,True,2400,600
0.1,3,200,5,Unscaled,Gaussian,cqr,raw,0.5,0.0,2,10.851444112244943,10.225502323625623,31.302448759496148,True,2400,600
0.1,3,200,5,Unscaled,Gaussian,cqr,raw,0.5,0.0,3,5.890251199433254,10.225502323625623,26.34125584668453,True,2400,600
0.1,3,200,5,Empirical_copula,Gaussian,cqr,raw,0.5,0.0,1,10.019153180984377,9.965104685877062,29.9493625527385,True,2400,600
0.1,3,200,5,Empirical_copula,Gaussian,cqr,raw,0.5,0.0,2,10.851444112244943,13.729407752341626,38.31025961692821,True,2400,600
0.1,3,200,5,Empirical_copula,Gaussian,cqr,raw,0.5,0.0,3,5.890251199433254,5.488513014820379,16.867277229074006,True,2400,600
0.1,3,200,6,CQHR,Gaussian,cqr,native,0.5,0.0,1,10.381862041833433,25.03549500573545,60.45285205330461,True,2400,600
0.1,3,200,6,CQHR,Gaussian,cqr,native,0.5,0.0,2,10.667733184568311,35.54519233053456,81.75811784563754,True,2400,600
0.1,3,200,6,CQHR,Gaussian,cqr,native,0.5,0.0,3,5.745044460394385,20.036613165782665,45.81827079195972,True,2400,600
0.1,3,200,6,TSCP_R,Gaussian,cqr,capped,0.5,0.0,1,10.381862041833433,11.514538282350546,33.41093860653451,True,2400,600
0.1,3,200,6,TSCP_R,Gaussian,cqr,capped,0.5,0.0,2,10.667733184568311,13.846235558301501,38.36020430117133,True,2400,600
0.1,3,200,6,TSCP_R,Gaussian,cqr,capped,0.5,0.0,3,5.745044460394385,6.809443080437344,19.363930621269095,True,2400,600
0.1,3,200,6,Unscaled,Gaussian,cqr,raw,0.5,0.0,1,10.381862041833433,11.948870358717992,34.27960275926937,True,2400,600
0.1,3,200,6,Unscaled,Gaussian,cqr,raw,0.5,0.0,2,10.667733184568311,11.948870358717992,34.56547390200428,True,2400,600
0.1,3,200,6,Unscaled,Gaussian,cqr,raw,0.5,0.0,3,5.745044460394385,11.948870358717992,29.642785177830397,True,2400,600
0.1,3,200,6,Empirical_copula,Gaussian,cqr,raw,0.5,0.0,1,10.381862041833433,11.33592474488265,33.0537115315987,True,2400,600
0.1,3,200,6,Empirical_copula,Gaussian,cqr,raw,0.5,0.0,2,10.667733184568311,14.033880944504652,38.73549507357759,True,2400,600
0.1,3,200,6,Empirical_copula,Gaussian,cqr,raw,0.5,0.0,3,5.745044460394385,6.095488827902834,17.936022116200053,True,2400,600
0.1,3,200,7,CQHR,Gaussian,cqr,native,0.5,0.0,1,9.710501403560748,18.960727835490772,47.63195707454275,True,2400,600
0.1,3,200,7,CQHR,Gaussian,cqr,native,0.5,0.0,2,10.199024644650395,34.30454904756774,78.80812273978584,True,2400,600
0.1,3,200,7,CQHR,Gaussian,cqr,native,0.5,0.0,3,5.852318142244622,19.430333454030237,44.71298505030514,True,2400,600
0.1,3,200,7,TSCP_R,Gaussian,cqr,capped,0.5,0.0,1,9.710501403560748,15.48547411629975,40.68144963616019,True,2400,600
0.1,3,200,7,TSCP_R,Gaussian,cqr,capped,0.5,0.0,2,10.199024644650395,12.457814013857726,35.11465267236584,True,2400,600
0.1,3,200,7,TSCP_R,Gaussian,cqr,capped,0.5,0.0,3,5.852318142244622,8.0832874777311,22.018893097706812,True,2400,600
0.1,3,200,7,Unscaled,Gaussian,cqr,raw,0.5,0.0,1,9.710501403560748,12.429787784733938,34.570076973028634,True,2400,600
0.1,3,200,7,Unscaled,Gaussian,cqr,raw,0.5,0.0,2,10.199024644650395,12.429787784733938,35.058600214118336,True,2400,600
0.1,3,200,7,Unscaled,Gaussian,cqr,raw,0.5,0.0,3,5.852318142244622,12.429787784733938,30.7118937117125,True,2400,600
0.1,3,200,7,Empirical_copula,Gaussian,cqr,raw,0.5,0.0,1,9.710501403560748,14.582831834284477,38.87616507212964,True,2400,600
0.1,3,200,7,Empirical_copula,Gaussian,cqr,raw,0.5,0.0,2,10.199024644650395,12.314492077440203,34.8280087995308,True,2400,600
0.1,3,200,7,Empirical_copula,Gaussian,cqr,raw,0.5,0.0,3,5.852318142244622,7.748118236336947,21.348554614918505,True,2400,600
0.1,3,200,8,CQHR,Gaussian,cqr,native,0.5,0.0,1,10.443502679650123,18.152960318858515,46.749423317366904,True,2400,600
0.1,3,200,8,CQHR,Gaussian,cqr,native,0.5,0.0,2,10.4168621956143,35.035930036985,80.48872226958427,True,2400,600
0.1,3,200,8,CQHR,Gaussian,cqr,native,0.5,0.0,3,6.142937716403494,23.08748619861908,52.31791011364167,True,2400,600
0.1,3,200,8,TSCP_R,Gaussian,cqr,capped,0.5,0.0,1,10.443502679650123,14.134895077379245,38.71329283440861,True,2400,600
0.1,3,200,8,TSCP_R,Gaussian,cqr,capped,0.5,0.0,2,10.4168621956143,14.295020973083885,39.006904141782066,True,2400,600
0.1,3,200,8,TSCP_R,Gaussian,cqr,capped,0.5,0.0,3,6.142937716403494,6.965824404226933,20.07458652485737,True,2400,600
0.1,3,200,8,Unscaled,Gaussian,cqr,raw,0.5,0.0,1,10.443502679650123,12.1394869344913,34.72247654863273,True,2400,600
0.1,3,200,8,Unscaled,Gaussian,cqr,raw,0.5,0.0,2,10.4168621956143,12.1394869344913,34.69583606459684,True,2400,600
0.1,3,200,8,Unscaled,Gaussian,cqr,raw,0.5,0.0,3,6.142937716403494,12.1394869344913,30.421911585386102,True,2400,600
0.1,3,200,8,Empirical_copula,Gaussian,cqr,raw,0.5,0.0,1,10.443502679650123,14.459890270593135,39.363283220836394,True,2400,600
0.1,3,200,8,Empirical_copula,Gaussian,cqr,raw,0.5,0.0,2,10.4168621956143,12.319833173647323,35.05652854290895,True,2400,600
0.1,3,200,8,Empirical_copula,Gaussian,cqr,raw,0.5,0.0,3,6.142937716403494,6.304628589809077,18.75219489602165,True,2400,600
0.1,3,200,9,CQHR,Gaussian,cqr,native,0.5,0.0,1,10.237702679942897,18.923514377316025,48.08473143457445,True,2400,600
0.1,3,200,9,CQHR,Gaussian,cqr,native,0.5,0.0,2,10.60050298397831,31.58429972485291,73.76910243368414,True,2400,600
0.1,3,200,9,CQHR,Gaussian,cqr,native,0.5,0.0,3,5.876164583456955,16.77633404054235,39.42883266454165,True,2400,600
0.1,3,200,9,TSCP_R,Gaussian,cqr,capped,0.5,0.0,1,10.237702679942897,12.789216217209004,35.81613511436089,True,2400,600
0.1,3,200,9,TSCP_R,Gaussian,cqr,capped,0.5,0.0,2,10.60050298397831,11.552342018348014,33.705187020674366,True,2400,600
0.1,3,200,9,TSCP_R,Gaussian,cqr,capped,0.5,0.0,3,5.876164583456955,5.89807207603635,17.67230873552965,True,2400,600
0.1,3,200,9,Unscaled,Gaussian,cqr,raw,0.5,0.0,1,10.237702679942897,11.523015257992235,33.28373319592736,True,2400,600
0.1,3,200,9,Unscaled,Gaussian,cqr,raw,0.5,0.0,2,10.60050298397831,11.523015257992235,33.646533499962786,True,2400,600
0.1,3,200,9,Unscaled,Gaussian,cqr,raw,0.5,0.0,3,5.876164583456955,11.523015257992235,28.92219509944141,True,2400,600
0.1,3,200,9,Empirical_copula,Gaussian,cqr,raw,0.5,0.0,1,10.237702679942897,12.047905813688379,34.33351430731965,True,2400,600
0.1,3,200,9,Empirical_copula,Gaussian,cqr,raw,0.5,0.0,2,10.60050298397831,11.523015257956782,33.64653349989187,True,2400,600
0.1,3,200,9,Empirical_copula,Gaussian,cqr,raw,0.5,0.0,3,5.876164583456955,5.457252878400572,16.790670340258107,True,2400,600
0.1,3,200,10,CQHR,Gaussian,cqr,native,0.5,0.0,1,9.848604521623383,18.588939624781634,47.026483771186605,True,2400,600
0.1,3,200,10,CQHR,Gaussian,cqr,native,0.5,0.0,2,10.626970856400597,32.22885685029362,75.08468455698788,True,2400,600
0.1,3,200,10,CQHR,Gaussian,cqr,native,0.5,0.0,3,5.764856145170821,16.494406939393247,38.75367002395737,True,2400,600
0.1,3,200,10,TSCP_R,Gaussian,cqr,capped,0.5,0.0,1,9.848604521623383,12.74755051868799,35.343705558999346,True,2400,600
0.1,3,200,10,TSCP_R,Gaussian,cqr,capped,0.5,0.0,2,10.626970856400597,15.261243045115359,41.14945694663131,True,2400,600
0.1,3,200,10,TSCP_R,Gaussian,cqr,capped,0.5,0.0,3,5.764856145170821,7.474943663438484,20.714743472047793,True,2400,600
0.1,3,200,10,Unscaled,Gaussian,cqr,raw,0.5,0.0,1,9.848604521623383,11.737625652597666,33.32385582681874,True,2400,600
0.1,3,200,10,Unscaled,Gaussian,cqr,raw,0.5,0.0,2,10.626970856400597,11.737625652597666,34.102222161595904,True,2400,600
0.1,3,200,10,Unscaled,Gaussian,cqr,raw,0.5,0.0,3,5.764856145170821,11.737625652597666,29.240107450366136,True,2400,600
0.1,3,200,10,Empirical_copula,Gaussian,cqr,raw,0.5,0.0,1,9.848604521623383,12.723145027577221,35.29489457677781,True,2400,600
0.1,3,200,10,Empirical_copula,Gaussian,cqr,raw,0.5,0.0,2,10.626970856400597,15.421426371830023,41.469823600060636,True,2400,600
0.1,3,200,10,Empirical_copula,Gaussian,cqr,raw,0.5,0.0,3,5.764856145170821,6.872659124499581,19.51017439416999,True,2400,600
0.1,3,200,11,CQHR,Gaussian,cqr,native,0.5,0.0,1,10.157842539850465,16.59905446203191,43.35595146391404,True,2400,600
0.1,3,200,11,CQHR,Gaussian,cqr,native,0.5,0.0,2,10.297280529563261,36.89651897770118,84.09031848496552,True,2400,600
0.1,3,200,11,CQHR,Gaussian,cqr,native,0.5,0.0,3,5.958500568785483,21.81810083033803,49.59470222946156,True,2400,600
0.1,3,200,11,TSCP_R,Gaussian,cqr,capped,0.5,0.0,1,10.157842539850465,12.582184486191883,35.322211512234254,True,2400,600
0.1,3,200,11,TSCP_R,Gaussian,cqr,capped,0.5,0.0,2,10.297280529563261,12.118851294898793,34.534983119360895,True,2400,600
0.1,3,200,11,TSCP_R,Gaussian,cqr,capped,0.5,0.0,3,5.958500568785483,6.1309278211340725,18.220356211053634,True,2400,600
0.1,3,200,11,Unscaled,Gaussian,cqr,raw,0.5,0.0,1,10.157842539850465,10.729899814237966,31.61764216832641,True,2400,600
0.1,3,200,11,Unscaled,Gaussian,cqr,raw,0.5,0.0,2,10.297280529563261,10.729899814237966,31.75708015803915,True,2400,600
0.1,3,200,11,Unscaled,Gaussian,cqr,raw,0.5,0.0,3,5.958500568785483,10.729899814237966,27.418300197261402,True,2400,600
0.1,3,200,11,Empirical_copula,Gaussian,cqr,raw,0.5,0.0,1,10.157842539850465,12.741487052562551,35.640816644975565,True,2400,600
0.1,3,200,11,Empirical_copula,Gaussian,cqr,raw,0.5,0.0,2,10.297280529563261,11.565366694722684,33.4280139190086,True,2400,600
0.1,3,200,11,Empirical_copula,Gaussian,cqr,raw,0.5,0.0,3,5.958500568785483,5.6085508855388895,17.175602339863257,True,2400,600
0.1,3,200,12,CQHR,Gaussian,cqr,native,0.5,0.0,1,10.107245418674976,17.695248434766444,45.49774228820821,True,2400,600
0.1,3,200,12,CQHR,Gaussian,cqr,native,0.5,0.0,2,10.354032096304135,30.20539932143265,70.7648307391695,True,2400,600
0.1,3,200,12,CQHR,Gaussian,cqr,native,0.5,0.0,3,6.049437303737041,17.050013815377806,40.14946493449265,True,2400,600
0.1,3,200,12,TSCP_R,Gaussian,cqr,capped,0.5,0.0,1,10.107245418674976,11.045219248822592,32.1976839163202,True,2400,600
0.1,3,200,12,TSCP_R,Gaussian,cqr,capped,0.5,0.0,2,10.354032096304135,12.937252148386854,36.22853639307782,True,2400,600
0.1,3,200,12,TSCP_R,Gaussian,cqr,capped,0.5,0.0,3,6.049437303737041,6.238440599668414,18.526318503073888,True,2400,600
0.1,3,200,12,Unscaled,Gaussian,cqr,raw,0.5,0.0,1,10.107245418674976,10.348860926530154,30.804967271735258,True,2400,600
0.1,3,200,12,Unscaled,Gaussian,cqr,raw,0.5,0.0,2,10.354032096304135,10.348860926530154,31.051753949364464,True,2400,600
0.1,3,200,12,Unscaled,Gaussian,cqr,raw,0.5,0.0,3,6.049437303737041,10.348860926530154,26.747159156797355,True,2400,600
0.1,3,200,12,Empirical_copula,Gaussian,cqr,raw,0.5,0.0,1,10.107245418674976,10.324370993317075,30.755987405309092,True,2400,600
0.1,3,200,12,Empirical_copula,Gaussian,cqr,raw,0.5,0.0,2,10.354032096304135,14.192930493378366,38.73989308306085,True,2400,600
0.1,3,200,12,Empirical_copula,Gaussian,cqr,raw,0.5,0.0,3,6.049437303737041,6.373932152364839,18.797301608466736,True,2400,600
0.1,3,200,13,CQHR,Gaussian,cqr,native,0.5,0.0,1,10.566958159112238,16.257216795103275,43.0813917493189,True,2400,600
0.1,3,200,13,CQHR,Gaussian,cqr,native,0.5,0.0,2,10.866519850859394,33.03637909379617,76.93927803845173,True,2400,600
0.1,3,200,13,CQHR,Gaussian,cqr,native,0.5,0.0,3,6.097955342342991,17.15309015607873,40.404135654500486,True,2400,600
0.1,3,200,13,TSCP_R,Gaussian,cqr,capped,0.5,0.0,1,10.566958159112238,12.146484653662046,34.859927466436304,True,2400,600
0.1,3,200,13,TSCP_R,Gaussian,cqr,capped,0.5,0.0,2,10.866519850859394,12.105967138389348,35.0784541276381,True,2400,600
0.1,3,200,13,TSCP_R,Gaussian,cqr,capped,0.5,0.0,3,6.097955342342991,6.597372272560138,19.29269988746326,True,2400,600
0.1,3,200,13,Unscaled,Gaussian,cqr,raw,0.5,0.0,1,10.566958159112238,10.72120023600358,32.00935863111938,True,2400,600
0.1,3,200,13,Unscaled,Gaussian,cqr,raw,0.5,0.0,2,10.866519850859394,10.72120023600358,32.308920322866534,True,2400,600
0.1,3,200,13,Unscaled,Gaussian,cqr,raw,0.5,0.0,3,6.097955342342991,10.72120023600358,27.540355814350164,True,2400,600
0.1,3,200,13,Empirical_copula,Gaussian,cqr,raw,0.5,0.0,1,10.566958159112238,11.641032395624038,33.84902295036031,True,2400,600
0.1,3,200,13,Empirical_copula,Gaussian,cqr,raw,0.5,0.0,2,10.866519850859394,12.021194138250006,34.90890812735938,True,2400,600
0.1,3,200,13,Empirical_copula,Gaussian,cqr,raw,0.5,0.0,3,6.097955342342991,6.682044784026489,19.462044910395974,True,2400,600
0.1,3,200,14,CQHR,Gaussian,cqr,native,0.5,0.0,1,9.794156752659061,14.663480571921081,39.121117896500834,True,2400,600
0.1,3,200,14,CQHR,Gaussian,cqr,native,0.5,0.0,2,10.883307184914267,24.10534156015022,59.09399030521468,True,2400,600
0.1,3,200,14,CQHR,Gaussian,cqr,native,0.5,0.0,3,5.841975883152281,11.943472118593048,29.72892012033839,True,2400,600
0.1,3,200,14,TSCP_R,Gaussian,cqr,capped,0.5,0.0,1,9.794156752659061,11.648497140172246,33.09115103300355,True,2400,600
0.1,3,200,14,TSCP_R,Gaussian,cqr,capped,0.5,0.0,2,10.883307184914267,12.665307724438243,36.21392263379074,True,2400,600
0.1,3,200,14,TSCP_R,Gaussian,cqr,capped,0.5,0.0,3,5.841975883152281,7.018724057980427,19.879423999113122,True,2400,600
0.1,3,200,14,Unscaled,Gaussian,cqr,raw,0.5,0.0,1,9.794156752659061,10.237083379296351,30.26832351125174,True,2400,600
0.1,3,200,14,Unscaled,Gaussian,cqr,raw,0.5,0.0,2,10.883307184914267,10.237083379296351,31.357473943506967,True,2400,600
0.1,3,200,14,Unscaled,Gaussian,cqr,raw,0.5,0.0,3,5.841975883152281,10.237083379296351,26.316142641745,True,2400,600
0.1,3,200,14,Empirical_copula,Gaussian,cqr,raw,0.5,0.0,1,9.794156752659061,10.297352743521072,30.388862239701176,True,2400,600
0.1,3,200,14,Empirical_copula,Gaussian,cqr,raw,0.5,0.0,2,10.883307184914267,11.843302048089178,34.56991128109264,True,2400,600
0.1,3,200,14,Empirical_copula,Gaussian,cqr,raw,0.5,0.0,3,5.841975883152281,6.8010091870742,19.443994257300666,True,2400,600
0.1,3,200,15,CQHR,Gaussian,cqr,native,0.5,0.0,1,10.441504614471407,19.090743818840554,48.62299225215238,True,2400,600
0.1,3,200,15,CQHR,Gaussian,cqr,native,0.5,0.0,2,11.342781602339715,34.996462852296624,81.33570730693302,True,2400,600
0.1,3,200,15,CQHR,Gaussian,cqr,native,0.5,0.0,3,6.087182379946308,20.214020986970592,46.51522435388751,True,2400,600
0.1,3,200,15,TSCP_R,Gaussian,cqr,capped,0.5,0.0,1,10.441504614471407,14.573089513932914,39.587683642337176,True,2400,600
0.1,3,200,15,TSCP_R,Gaussian,cqr,capped,0.5,0.0,2,11.342781602339715,10.734245875488826,32.81127335331739,True,2400,600
0.1,3,200,15,TSCP_R,Gaussian,cqr,capped,0.5,0.0,3,6.087182379946308,6.89280022591433,19.872782831774966,True,2400,600
0.1,3,200,15,Unscaled,Gaussian,cqr,raw,0.5,0.0,1,10.441504614471407,11.780613506341423,34.00273162715425,True,2400,600
0.1,3,200,15,Unscaled,Gaussian,cqr,raw,0.5,0.0,2,11.342781602339715,11.780613506341423,34.90400861502257,True,2400,600
0.1,3,200,15,Unscaled,Gaussian,cqr,raw,0.5,0.0,3,6.087182379946308,11.780613506341423,29.648409392629127,True,2400,600
0.1,3,200,15,Empirical_copula,Gaussian,cqr,raw,0.5,0.0,1,10.441504614471407,13.724932556191416,37.891369726854194,True,2400,600
0.1,3,200,15,Empirical_copula,Gaussian,cqr,raw,0.5,0.0,2,11.342781602339715,10.283014814948702,31.90881123223714,True,2400,600
0.1,3,200,15,Empirical_copula,Gaussian,cqr,raw,0.5,0.0,3,6.087182379946308,6.9857567935065745,20.058695966959455,True,2400,600
0.1,3,200,16,CQHR,Gaussian,cqr,native,0.5,0.0,1,10.004138874706106,23.351783482953984,56.70770584061355,True,2400,600
0.1,3,200,16,CQHR,Gaussian,cqr,native,0.5,0.0,2,10.179639176470724,57.16350676354025,124.50665270355111,True,2400,600
0.1,3,200,16,CQHR,Gaussian,cqr,native,0.5,0.0,3,5.7282965858348165,28.62710088753835,62.98249836091147,True,2400,600
0.1,3,200,16,TSCP_R,Gaussian,cqr,capped,0.5,0.0,1,10.004138874706106,11.0613686710759,32.12687621685792,True,2400,600
0.1,3,200,16,TSCP_R,Gaussian,cqr,capped,0.5,0.0,2,10.179639176470724,12.796387881469132,35.772414939409,True,2400,600
0.1,3,200,16,TSCP_R,Gaussian,cqr,capped,0.5,0.0,3,5.7282965858348165,7.395731087077424,20.519758759989656,True,2400,600
0.1,3,200,16,Unscaled,Gaussian,cqr,raw,0.5,0.0,1,10.004138874706106,11.092068188162962,32.18827525103202,True,2400,600
0.1,3,200,16,Unscaled,Gaussian,cqr,raw,0.5,0.0,2,10.179639176470724,11.092068188162962,32.36377555279665,True,2400,600
0.1,3,200,16,Unscaled,Gaussian,cqr,raw,0.5,0.0,3,5.7282965858348165,11.092068188162962,27.91243296216074,True,2400,600
0.1,3,200,16,Empirical_copula,Gaussian,cqr,raw,0.5,0.0,1,10.004138874706106,10.847855121882873,31.699849118471825,True,2400,600
0.1,3,200,16,Empirical_copula,Gaussian,cqr,raw,0.5,0.0,2,10.179639176470724,12.766168675280873,35.7119765270325,True,2400,600
0.1,3,200,16,Empirical_copula,Gaussian,cqr,raw,0.5,0.0,3,5.7282965858348165,7.972794691296269,21.67388596842734,True,2400,600
0.1,3,200,17,CQHR,Gaussian,cqr,native,0.5,0.0,1,10.07277402874444,16.899748236491913,43.8722705017279,True,2400,600
0.1,3,200,17,CQHR,Gaussian,cqr,native,0.5,0.0,2,10.579330369528444,27.606810383670453,65.79295113686942,True,2400,600
0.1,3,200,17,CQHR,Gaussian,cqr,native,0.5,0.0,3,5.9054522627391215,14.036723307377121,33.978898877493364,True,2400,600
0.1,3,200,17,TSCP_R,Gaussian,cqr,capped,0.5,0.0,1,10.07277402874444,11.497133480687628,33.067040990119665,True,2400,600
0.1,3,200,17,TSCP_R,Gaussian,cqr,capped,0.5,0.0,2,10.579330369528444,12.326862389641107,35.233055148810664,True,2400,600
0.1,3,200,17,TSCP_R,Gaussian,cqr,capped,0.5,0.0,3,5.9054522627391215,7.027729818795066,19.960911900329275,True,2400,600
0.1,3,200,17,Unscaled,Gaussian,cqr,raw,0.5,0.0,1,10.07277402874444,11.129012383036228,32.33079879481689,True,2400,600
0.1,3,200,17,Unscaled,Gaussian,cqr,raw,0.5,0.0,2,10.579330369528444,11.129012383036228,32.83735513560088,True,2400,600
0.1,3,200,17,Unscaled,Gaussian,cqr,raw,0.5,0.0,3,5.9054522627391215,11.129012383036228,28.163477028811588,True,2400,600
0.1,3,200,17,Empirical_copula,Gaussian,cqr,raw,0.5,0.0,1,10.07277402874444,12.20685215355336,34.48647833585111,True,2400,600
0.1,3,200,17,Empirical_copula,Gaussian,cqr,raw,0.5,0.0,2,10.579330369528444,10.736534443010541,32.05239925554956,True,2400,600
0.1,3,200,17,Empirical_copula,Gaussian,cqr,raw,0.5,0.0,3,5.9054522627391215,6.698564149032151,19.302580560803445,True,2400,600
0.1,3,200,18,CQHR,Gaussian,cqr,native,0.5,0.0,1,10.121631433227842,14.34654890298294,38.81472923919351,True,2400,600
0.1,3,200,18,CQHR,Gaussian,cqr,native,0.5,0.0,2,10.74808582431304,25.70163315609039,62.15135213649384,True,2400,600
0.1,3,200,18,CQHR,Gaussian,cqr,native,0.5,0.0,3,5.69527093490278,12.179615155719873,30.05450124634249,True,2400,600
0.1,3,200,18,TSCP_R,Gaussian,cqr,capped,0.5,0.0,1,10.121631433227842,10.623235146090872,31.3681017254096,True,2400,600
0.1,3,200,18,TSCP_R,Gaussian,cqr,capped,0.5,0.0,2,10.74808582431304,11.85380391231999,34.45569364895302,True,2400,600
0.1,3,200,18,TSCP_R,Gaussian,cqr,capped,0.5,0.0,3,5.69527093490278,7.281223770623459,20.25771847614972,True,2400,600
0.1,3,200,18,Unscaled,Gaussian,cqr,raw,0.5,0.0,1,10.121631433227842,10.600790875135223,31.323213183498297,True,2400,600
0.1,3,200,18,Unscaled,Gaussian,cqr,raw,0.5,0.0,2,10.74808582431304,10.600790875135223,31.949667574583515,True,2400,600
0.1,3,200,18,Unscaled,Gaussian,cqr,raw,0.5,0.0,3,5.69527093490278,10.600790875135223,26.896852685173243,True,2400,600
0.1,3,200,18,Empirical_copula,Gaussian,cqr,raw,0.5,0.0,1,10.121631433227842,10.602417259297814,31.32646595182348,True,2400,600
0.1,3,200,18,Empirical_copula,Gaussian,cqr,raw,0.5,0.0,2,10.74808582431304,11.494747301107925,33.73758042652893,True,2400,600
0.1,3,200,18,Empirical_copula,Gaussian,cqr,raw,0.5,0.0,3,5.69527093490278,7.248532601546383,20.19233613799555,True,2400,600
0.1,3,200,19,CQHR,Gaussian,cqr,native,0.5,0.0,1,10.007700311053787,18.88951046128192,47.78672123361739,True,2400,600
0.1,3,200,19,CQHR,Gaussian,cqr,native,0.5,0.0,2,10.221041718515655,36.3153173665042,82.85167645152414,True,2400,600
0.1,3,200,19,CQHR,Gaussian,cqr,native,0.5,0.0,3,5.648684970308209,19.128905667636378,43.90649630558088,True,2400,600
0.1,3,200,19,TSCP_R,Gaussian,cqr,capped,0.5,0.0,1,10.007700311053787,12.637627196099844,35.282954703253495,True,2400,600
0.1,3,200,19,TSCP_R,Gaussian,cqr,capped,0.5,0.0,2,10.221041718515655,13.686435229732696,37.59391217798105,True,2400,600
0.1,3,200,19,TSCP_R,Gaussian,cqr,capped,0.5,0.0,3,5.648684970308209,6.772145447430536,19.192975865169284,True,2400,600
0.1,3,200,19,Unscaled,Gaussian,cqr,raw,0.5,0.0,1,10.007700311053787,12.816575377862524,35.64085106677879,True,2400,600
0.1,3,200,19,Unscaled,Gaussian,cqr,raw,0.5,0.0,2,10.221041718515655,12.816575377862524,35.85419247424073,True,2400,600
0.1,3,200,19,Unscaled,Gaussian,cqr,raw,0.5,0.0,3,5.648684970308209,12.816575377862524,31.281835726033236,True,2400,600
0.1,3,200,19,Empirical_copula,Gaussian,cqr,raw,0.5,0.0,1,10.007700311053787,12.98799143748574,35.98368318602526,True,2400,600
0.1,3,200,19,Empirical_copula,Gaussian,cqr,raw,0.5,0.0,2,10.221041718515655,13.652719666461842,37.526481051439305,True,2400,600
0.1,3,200,19,Empirical_copula,Gaussian,cqr,raw,0.5,0.0,3,5.648684970308209,6.041430293215804,17.731545556739796,True,2400,600
0.1,3,200,20,CQHR,Gaussian,cqr,native,0.5,0.0,1,10.12469322755727,16.725271776957754,43.57523678147304,True,2400,600
0.1,3,200,20,CQHR,Gaussian,cqr,native,0.5,0.0,2,11.171910624121102,34.522618534107366,80.21714769233587,True,2400,600
0.1,3,200,20,CQHR,Gaussian,cqr,native,0.5,0.0,3,6.0490451615265375,18.296000695250672,42.641046552027866,True,2400,600
0.1,3,200,20,TSCP_R,Gaussian,cqr,capped,0.5,0.0,1,10.12469322755727,11.853132324268895,33.83095787609506,True,2400,600
0.1,3,200,20,TSCP_R,Gaussian,cqr,capped,0.5,0.0,2,11.171910624121102,12.866703706267414,36.905318036655956,True,2400,600
0.1,3,200,20,TSCP_R,Gaussian,cqr,capped,0.5,0.0,3,6.0490451615265375,6.8264150125171525,19.70187518656082,True,2400,600
0.1,3,200,20,Unscaled,Gaussian,cqr,raw,0.5,0.0,1,10.12469322755727,11.260425039456745,32.64554330647078,True,2400,600
0.1,3,200,20,Unscaled,Gaussian,cqr,raw,0.5,0.0,2,11.171910624121102,11.260425039456745,33.69276070303458,True,2400,600
0.1,3,200,20,Unscaled,Gaussian,cqr,raw,0.5,0.0,3,6.0490451615265375,11.260425039456745,28.56989524044003,True,2400,600
0.1,3,200,20,Empirical_copula,Gaussian,cqr,raw,0.5,0.0,1,10.12469322755727,12.275894313931822,34.67648185542091,True,2400,600
0.1,3,200,20,Empirical_copula,Gaussian,cqr,raw,0.5,0.0,2,11.171910624121102,11.887696312112567,34.94730324834624,True,2400,600
0.1,3,200,20,Empirical_copula,Gaussian,cqr,raw,0.5,0.0,3,6.0490451615265375,7.182475704995403,20.413996571517323,True,2400,600
0.1,3,200,21,CQHR,Gaussian,cqr,native,0.5,0.0,1,9.834350736667458,17.468395725824116,44.77114218831618,True,2400,600
0.1,3,200,21,CQHR,Gaussian,cqr,native,0.5,0.0,2,10.575725591784337,35.15374556199109,80.88321671576651,True,2400,600
0.1,3,200,21,CQHR,Gaussian,cqr,native,0.5,0.0,3,5.750605681257928,20.18076726311164,46.11214020748125,True,2400,600
0.1,3,200,21,TSCP_R,Gaussian,cqr,capped,0.5,0.0,1,9.834350736667458,12.297017094339303,34.42838492534602,True,2400,600
0.1,3,200,21,TSCP_R,Gaussian,cqr,capped,0.5,0.0,2,10.575725591784337,14.101913038532407,38.77955166884917,True,2400,600
0.1,3,200,21,TSCP_R,Gaussian,cqr,capped,0.5,0.0,3,5.750605681257928,7.485380293998387,20.721366269254677,True,2400,600
0.1,3,200,21,Unscaled,Gaussian,cqr,raw,0.5,0.0,1,9.834350736667458,12.218766146926507,34.27188303052048,True,2400,600
0.1,3,200,21,Unscaled,Gaussian,cqr,raw,0.5,0.0,2,10.575725591784337,12.218766146926507,35.01325788563735,True,2400,600
0.1,3,200,21,Unscaled,Gaussian,cqr,raw,0.5,0.0,3,5.750605681257928,12.218766146926507,30.188137975110937,True,2400,600
0.1,3,200,21,Empirical_copula,Gaussian,cqr,raw,0.5,0.0,1,9.834350736667458,12.255681047149677,34.34571283096683,True,2400,600
0.1,3,200,21,Empirical_copula,Gaussian,cqr,raw,0.5,0.0,2,10.575725591784337,13.842459150507231,38.26064389279881,True,2400,600
0.1,3,200,21,Empirical_copula,Gaussian,cqr,raw,0.5,0.0,3,5.750605681257928,7.30374686284319,20.35809940694429,True,2400,600
0.1,3,200,22,CQHR,Gaussian,cqr,native,0.5,0.0,1,9.867831456389297,19.503447392171946,48.874726240733345,True,2400,600
0.1,3,200,22,CQHR,Gaussian,cqr,native,0.5,0.0,2,10.81694046962528,33.30572562455223,77.42839171872976,True,2400,600
0.1,3,200,22,CQHR,Gaussian,cqr,native,0.5,0.0,3,6.211405990442852,18.180256610513194,42.571919211469314,True,2400,600
0.1,3,200,22,TSCP_R,Gaussian,cqr,capped,0.5,0.0,1,9.867831456389297,11.832157720862426,33.53214689811413,True,2400,600
0.1,3,200,22,TSCP_R,Gaussian,cqr,capped,0.5,0.0,2,10.81694046962528,11.368568479593034,33.554077428811354,True,2400,600
0.1,3,200,22,TSCP_R,Gaussian,cqr,capped,0.5,0.0,3,6.211405990442852,6.553333596118288,19.318073182679452,True,2400,600
0.1,3,200,22,Unscaled,Gaussian,cqr,raw,0.5,0.0,1,9.867831456389297,10.185345176197366,30.23852180878406,True,2400,600
0.1,3,200,22,Unscaled,Gaussian,cqr,raw,0.5,0.0,2,10.81694046962528,10.185345176197366,31.18763082202002,True,2400,600
0.1,3,200,22,Unscaled,Gaussian,cqr,raw,0.5,0.0,3,6.211405990442852,10.185345176197366,26.58209634283759,True,2400,600
0.1,3,200,22,Empirical_copula,Gaussian,cqr,raw,0.5,0.0,1,9.867831456389297,11.631575005614518,33.13098146761831,True,2400,600
0.1,3,200,22,Empirical_copula,Gaussian,cqr,raw,0.5,0.0,2,10.81694046962528,10.711014072189709,32.238968614004705,True,2400,600
0.1,3,200,22,Empirical_copula,Gaussian,cqr,raw,0.5,0.0,3,6.211405990442852,6.558257275357194,19.327920541157244,True,2400,600
0.1,3,200,23,CQHR,Gaussian,cqr,native,0.5,0.0,1,9.960917764159671,17.766509416012255,45.49393659618398,True,2400,600
0.1,3,200,23,CQHR,Gaussian,cqr,native,0.5,0.0,2,10.57442534608129,39.382373495132526,89.33917233634642,True,2400,600
0.1,3,200,23,CQHR,Gaussian,cqr,native,0.5,0.0,3,5.696803872652919,17.560740072535356,40.818284017723684,True,2400,600
0.1,3,200,23,TSCP_R,Gaussian,cqr,capped,0.5,0.0,1,9.960917764159671,13.483047771089264,36.92701330633821,True,2400,600
0.1,3,200,23,TSCP_R,Gaussian,cqr,capped,0.5,0.0,2,10.57442534608129,12.34821686563917,35.270859077359624,True,2400,600
0.1,3,200,23,TSCP_R,Gaussian,cqr,capped,0.5,0.0,3,5.696803872652919,6.482608750756863,18.66202137416665,True,2400,600
0.1,3,200,23,Unscaled,Gaussian,cqr,raw,0.5,0.0,1,9.960917764159671,12.315476938977794,34.5918716421152,True,2400,600
0.1,3,200,23,Unscaled,Gaussian,cqr,raw,0.5,0.0,2,10.57442534608129,12.315476938977794,35.20537922403692,True,2400,600
0.1,3,200,23,Unscaled,Gaussian,cqr,raw,0.5,0.0,3,5.696803872652919,12.315476938977794,30.32775775060851,True,2400,600
0.1,3,200,23,Empirical_copula,Gaussian,cqr,raw,0.5,0.0,1,9.960917764159671,12.89325918409291,35.7474361323455,True,2400,600
0.1,3,200,23,Empirical_copula,Gaussian,cqr,raw,0.5,0.0,2,10.57442534608129,12.583464867758146,35.74135508159754,True,2400,600
0.1,3,200,23,Empirical_copula,Gaussian,cqr,raw,0.5,0.0,3,5.696803872652919,6.005033611283597,17.706871095220123,True,2400,600
0.1,3,200,24,CQHR,Gaussian,cqr,native,0.5,0.0,1,9.833354801943232,18.889441305073596,47.612237412090614,True,2400,600
0.1,3,200,24,CQHR,Gaussian,cqr,native,0.5,0.0,2,10.216326758080827,36.62111264106442,83.45855204020977,True,2400,600
0.1,3,200,24,CQHR,Gaussian,cqr,native,0.5,0.0,3,5.664578419505137,40.309163221305035,86.28290486211516,True,2400,600
0.1,3,200,24,TSCP_R,Gaussian,cqr,capped,0.5,0.0,1,9.833354801943232,12.95857533376031,35.75050546946381,True,2400,600
0.1,3,200,24,TSCP_R,Gaussian,cqr,capped,0.5,0.0,2,10.216326758080827,12.029014460325136,34.27435567873111,True,2400,600
0.1,3,200,24,TSCP_R,Gaussian,cqr,capped,0.5,0.0,3,5.664578419505137,6.542698695551659,18.749975810608465,True,2400,600
0.1,3,200,24,Unscaled,Gaussian,cqr,raw,0.5,0.0,1,9.833354801943232,10.952542739445203,31.738440280833615,True,2400,600
0.1,3,200,24,Unscaled,Gaussian,cqr,raw,0.5,0.0,2,10.216326758080827,10.952542739445203,32.12141223697123,True,2400,600
0.1,3,200,24,Unscaled,Gaussian,cqr,raw,0.5,0.0,3,5.664578419505137,10.952542739445203,27.569663898395543,True,2400,600
0.1,3,200,24,Empirical_copula,Gaussian,cqr,raw,0.5,0.0,1,9.833354801943232,12.695954264173757,35.22526333029072,True,2400,600
0.1,3,200,24,Empirical_copula,Gaussian,cqr,raw,0.5,0.0,2,10.216326758080827,12.127589718980644,34.47150619604214,True,2400,600
0.1,3,200,24,Empirical_copula,Gaussian,cqr,raw,0.5,0.0,3,5.664578419505137,6.057499887346964,17.779578194199072,True,2400,600
0.1,3,200,25,CQHR,Gaussian,cqr,native,0.5,0.0,1,9.906085090646307,19.4502740054633,48.806633101573404,True,2400,600
0.1,3,200,25,CQHR,Gaussian,cqr,native,0.5,0.0,2,10.697275533474249,34.305176111790864,79.307627757056,True,2400,600
0.1,3,200,25,CQHR,Gaussian,cqr,native,0.5,0.0,3,5.647136005434358,18.55062559825268,42.748387201939764,True,2400,600
0.1,3,200,25,TSCP_R,Gaussian,cqr,capped,0.5,0.0,1,9.906085090646307,12.91489882383791,35.73588273832215,True,2400,600
0.1,3,200,25,TSCP_R,Gaussian,cqr,capped,0.5,0.0,2,10.697275533474249,14.049118109433692,38.79551175234166,True,2400,600
0.1,3,200,25,TSCP_R,Gaussian,cqr,capped,0.5,0.0,3,5.647136005434358,7.930657683534718,21.5084513725038,True,2400,600
0.1,3,200,25,Unscaled,Gaussian,cqr,raw,0.5,0.0,1,9.906085090646307,12.621969621746159,35.15002433413866,True,2400,600
0.1,3,200,25,Unscaled,Gaussian,cqr,raw,0.5,0.0,2,10.697275533474249,12.621969621746159,35.941214776966554,True,2400,600
0.1,3,200,25,Unscaled,Gaussian,cqr,raw,0.5,0.0,3,5.647136005434358,12.621969621746159,30.891075248926683,True,2400,600
0.1,3,200,25,Empirical_copula,Gaussian,cqr,raw,0.5,0.0,1,9.906085090646307,13.431047760324269,36.76818061129489,True,2400,600
0.1,3,200,25,Empirical_copula,Gaussian,cqr,raw,0.5,0.0,2,10.697275533474249,13.961005552842785,38.61928663915981,True,2400,600
0.1,3,200,25,Empirical_copula,Gaussian,cqr,raw,0.5,0.0,3,5.647136005434358,7.2727417823743785,20.192619570183098,True,2400,600
0.1,3,200,26,CQHR,Gaussian,cqr,native,0.5,0.0,1,10.814471555261864,15.615822382720577,42.04611632070292,True,2400,600
0.1,3,200,26,CQHR,Gaussian,cqr,native,0.5,0.0,2,11.020003339630827,28.762354287852734,68.54471191533638,True,2400,600
0.1,3,200,26,CQHR,Gaussian,cqr,native,0.5,0.0,3,6.019740541607939,14.729082097320333,35.4779047362486,True,2400,600
0.1,3,200,26,TSCP_R,Gaussian,cqr,capped,0.5,0.0,1,10.814471555261864,10.752843616866867,32.32015878899563,True,2400,600
0.1,3,200,26,TSCP_R,Gaussian,cqr,capped,0.5,0.0,2,11.020003339630827,13.682447111970207,38.384897563571236,True,2400,600
0.1,3,200,26,TSCP_R,Gaussian,cqr,capped,0.5,0.0,3,6.019740541607939,6.435433952544523,18.890608446696987,True,2400,600
0.1,3,200,26,Unscaled,Gaussian,cqr,raw,0.5,0.0,1,10.814471555261864,11.317554368682657,33.44958029262722,True,2400,600
0.1,3,200,26,Unscaled,Gaussian,cqr,raw,0.5,0.0,2,11.020003339630827,11.317554368682657,33.65511207699611,True,2400,600
0.1,3,200,26,Unscaled,Gaussian,cqr,raw,0.5,0.0,3,6.019740541607939,11.317554368682657,28.654849278973234,True,2400,600
0.1,3,200,26,Empirical_copula,Gaussian,cqr,raw,0.5,0.0,1,10.814471555261864,11.59170017159392,33.99787189844973,True,2400,600
0.1,3,200,26,Empirical_copula,Gaussian,cqr,raw,0.5,0.0,2,11.020003339630827,13.985382518315063,38.990768376260995,True,2400,600
0.1,3,200,26,Empirical_copula,Gaussian,cqr,raw,0.5,0.0,3,6.019740541607939,5.986408344619591,17.9925572308471,True,2400,600
0.1,3,200,27,CQHR,Gaussian,cqr,native,0.5,0.0,1,10.209662935428808,22.512186905070404,55.234036745569284,True,2400,600
0.1,3,200,27,CQHR,Gaussian,cqr,native,0.5,0.0,2,10.883780767718406,107.27507048550879,225.4339217387359,True,2400,600
0.1,3,200,27,CQHR,Gaussian,cqr,native,0.5,0.0,3,5.90817708062729,43.0315160603251,91.97120920127753,True,2400,600
0.1,3,200,27,TSCP_R,Gaussian,cqr,capped,0.5,0.0,1,10.209662935428808,12.723768852216715,35.65720063986228,True,2400,600
0.1,3,200,27,TSCP_R,Gaussian,cqr,capped,0.5,0.0,2,10.883780767718406,12.095144832555595,35.07407043282959,True,2400,600
0.1,3,200,27,TSCP_R,Gaussian,cqr,capped,0.5,0.0,3,5.90817708062729,7.346752753742176,20.601682588111643,True,2400,600
0.1,3,200,27,Unscaled,Gaussian,cqr,raw,0.5,0.0,1,10.209662935428808,12.012554929194703,34.23477279381822,True,2400,600
0.1,3,200,27,Unscaled,Gaussian,cqr,raw,0.5,0.0,2,10.883780767718406,12.012554929194703,34.90889062610779,True,2400,600
0.1,3,200,27,Unscaled,Gaussian,cqr,raw,0.5,0.0,3,5.90817708062729,12.012554929194703,29.93328693901668,True,2400,600
0.1,3,200,27,Empirical_copula,Gaussian,cqr,raw,0.5,0.0,1,10.209662935428808,12.738013156659727,35.68568924874822,True,2400,600
0.1,3,200,27,Empirical_copula,Gaussian,cqr,raw,0.5,0.0,2,10.883780767718406,12.076321161134619,35.03642308998765,True,2400,600
0.1,3,200,27,Empirical_copula,Gaussian,cqr,raw,0.5,0.0,3,5.90817708062729,6.9724800831538865,19.853137246935052,True,2400,600
0.1,3,200,28,CQHR,Gaussian,cqr,native,0.5,0.0,1,10.679031974566596,21.757635010810326,54.194301996187704,True,2400,600
0.1,3,200,28,CQHR,Gaussian,cqr,native,0.5,0.0,2,10.790961069814017,31.389140486090326,73.56924204199474,True,2400,600
0.1,3,200,28,CQHR,Gaussian,cqr,native,0.5,0.0,3,6.099665342470454,18.593273972128713,43.28621328672794,True,2400,600
0.1,3,200,28,TSCP_R,Gaussian,cqr,capped,0.5,0.0,1,10.679031974566596,12.59168933591093,35.86241064638848,True,2400,600
0.1,3,200,28,TSCP_R,Gaussian,cqr,capped,0.5,0.0,2,10.790961069814017,12.137439299765642,35.065839669345294,True,2400,600
0.1,3,200,28,TSCP_R,Gaussian,cqr,capped,0.5,0.0,3,6.099665342470454,7.580419658216917,21.26050465890428,True,2400,600
0.1,3,200,28,Unscaled,Gaussian,cqr,raw,0.5,0.0,1,10.679031974566596,10.884266950864774,32.44756587629613,True,2400,600
0.1,3,200,28,Unscaled,Gaussian,cqr,raw,0.5,0.0,2,10.790961069814017,10.884266950864774,32.55949497154361,True,2400,600
0.1,3,200,28,Unscaled,Gaussian,cqr,raw,0.5,0.0,3,6.099665342470454,10.884266950864774,27.86819924420001,True,2400,600
0.1,3,200,28,Empirical_copula,Gaussian,cqr,raw,0.5,0.0,1,10.679031974566596,11.726305297618666,34.13164256980396,True,2400,600
0.1,3,200,28,Empirical_copula,Gaussian,cqr,raw,0.5,0.0,2,10.790961069814017,10.557735290484548,31.906431650783112,True,2400,600
0.1,3,200,28,Empirical_copula,Gaussian,cqr,raw,0.5,0.0,3,6.099665342470454,7.565827949382864,21.231321241236184,True,2400,600
0.1,3,200,29,CQHR,Gaussian,cqr,native,0.5,0.0,1,10.241113964734256,20.529106640462977,51.29932724566057,True,2400,600
0.1,3,200,29,CQHR,Gaussian,cqr,native,0.5,0.0,2,9.912425401217646,36.07785672671991,82.06813885465739,True,2400,600
0.1,3,200,29,CQHR,Gaussian,cqr,native,0.5,0.0,3,6.167275909332375,20.587303015626638,47.34188194058565,True,2400,600
0.1,3,200,29,TSCP_R,Gaussian,cqr,capped,0.5,0.0,1,10.241113964734256,12.682499301347583,35.60611256742939,True,2400,600
0.1,3,200,29,TSCP_R,Gaussian,cqr,capped,0.5,0.0,2,9.912425401217646,13.299004046301853,36.510433493821395,True,2400,600
0.1,3,200,29,TSCP_R,Gaussian,cqr,capped,0.5,0.0,3,6.167275909332375,7.483088301032771,21.133452511397888,True,2400,600
0.1,3,200,29,Unscaled,Gaussian,cqr,raw,0.5,0.0,1,10.241113964734256,11.305896190955174,32.852906346644616,True,2400,600
0.1,3,200,29,Unscaled,Gaussian,cqr,raw,0.5,0.0,2,9.912425401217646,11.305896190955174,32.52421778312798,True,2400,600
0.1,3,200,29,Unscaled,Gaussian,cqr,raw,0.5,0.0,3,6.167275909332375,11.305896190955174,28.77906829124273,True,2400,600
0.1,3,200,29,Empirical_copula,Gaussian,cqr,raw,0.5,0.0,1,10.241113964734256,10.846775127474096,31.93466421968246,True,2400,600
0.1,3,200,29,Empirical_copula,Gaussian,cqr,raw,0.5,0.0,2,9.912425401217646,13.773689556366577,37.459804513950814,True,2400,600
0.1,3,200,29,Empirical_copula,Gaussian,cqr,raw,0.5,0.0,3,6.167275909332375,7.662729124558869,21.492734158450098,True,2400,600
