alpha,n_dim,n_cal,trial,method,noise_type,score_type,test_coverage,coverage_volume,coverage_max_length,runtime,correlation,correlation_structure
0.05,10,100,0,TSCP_R,Gaussian,absolute_residual,0.92125,44275386686.0691,25.771316680460366,0.0039997100830078125,0.6,equicorrelated
0.05,10,100,0,Point_CHR,Gaussian,absolute_residual,0.979375,314480221495.3324,30.765621673390577,0.0,0.6,equicorrelated
0.05,10,100,0,Unscaled,Gaussian,absolute_residual,0.953125,21576205078807.516,21.547530600223183,0.0,0.6,equicorrelated
0.05,10,100,0,Empirical_copula,Gaussian,absolute_residual,0.90375,45958826610.51513,30.101365768306568,0.0009996891021728516,0.6,equicorrelated
0.1,10,100,0,TSCP_R,Gaussian,absolute_residual,0.8925,25152510974.421844,24.377677276110397,0.003994941711425781,0.6,equicorrelated
0.1,10,100,0,Point_CHR,Gaussian,absolute_residual,0.90625,32750647749.3966,25.65724326067909,0.0010104179382324219,0.6,equicorrelated
0.1,10,100,0,Unscaled,Gaussian,absolute_residual,0.921875,8078086122076.43,19.531286376904877,0.0,0.6,equicorrelated
0.1,10,100,0,Empirical_copula,Gaussian,absolute_residual,0.854375,16727970058.46038,24.975328045068796,0.0009875297546386719,0.6,equicorrelated
0.2,10,100,0,TSCP_R,Gaussian,absolute_residual,0.845625,10836282498.3511,22.418891425053275,0.0030069351196289062,0.6,equicorrelated
0.2,10,100,0,Point_CHR,Gaussian,absolute_residual,0.855,21077085908.083572,21.720650655073108,0.0010008811950683594,0.6,equicorrelated
0.2,10,100,0,Unscaled,Gaussian,absolute_residual,0.8425,1602000531232.6414,16.613696235743323,0.0,0.6,equicorrelated
0.2,10,100,0,Empirical_copula,Gaussian,absolute_residual,0.824375,9693940965.336956,21.547530600126432,0.0009925365447998047,0.6,equicorrelated
0.05,10,100,1,TSCP_R,Gaussian,absolute_residual,0.965625,115403147848.58113,28.0850045134067,0.004000425338745117,0.6,equicorrelated
0.05,10,100,1,Point_CHR,Gaussian,absolute_residual,0.97375,244516589577.38394,28.22611536430249,0.0010097026824951172,0.6,equicorrelated
0.05,10,100,1,Unscaled,Gaussian,absolute_residual,0.944375,14362771983120.518,20.688253379199097,0.0,0.6,equicorrelated
0.05,10,100,1,Empirical_copula,Gaussian,absolute_residual,0.95125,87077147045.7532,27.59368297616663,0.0009975433349609375,0.6,equicorrelated
0.1,10,100,1,TSCP_R,Gaussian,absolute_residual,0.905,23206415062.179455,23.763658270679763,0.003992557525634766,0.6,equicorrelated
0.1,10,100,1,Point_CHR,Gaussian,absolute_residual,0.8575,13861916627.169582,23.136840387437104,0.0,0.6,equicorrelated
0.1,10,100,1,Unscaled,Gaussian,absolute_residual,0.90125,4589129742930.605,18.457506652126717,0.0,0.6,equicorrelated
0.1,10,100,1,Empirical_copula,Gaussian,absolute_residual,0.9,23516203373.004272,26.562842677434624,0.0010151863098144531,0.6,equicorrelated
0.2,10,100,1,TSCP_R,Gaussian,absolute_residual,0.7925,4678442814.0142975,19.943960575849346,0.0019998550415039062,0.6,equicorrelated
0.2,10,100,1,Point_CHR,Gaussian,absolute_residual,0.77,4340695063.780449,19.78315905650367,0.0,0.6,equicorrelated
0.2,10,100,1,Unscaled,Gaussian,absolute_residual,0.79125,643522538640.4642,15.165487527776804,0.0,0.6,equicorrelated
0.2,10,100,1,Empirical_copula,Gaussian,absolute_residual,0.76125,3475220678.53388,19.03183303431282,0.0009918212890625,0.6,equicorrelated
0.05,10,100,2,TSCP_R,Gaussian,absolute_residual,0.95875,92522735754.70981,30.386721246118952,0.003998756408691406,0.6,equicorrelated
0.05,10,100,2,Point_CHR,Gaussian,absolute_residual,0.93,188588580243.02496,33.59142821881797,0.0010013580322265625,0.6,equicorrelated
0.05,10,100,2,Unscaled,Gaussian,absolute_residual,0.975625,40463083661897.79,22.945942327753272,0.0,0.6,equicorrelated
0.05,10,100,2,Empirical_copula,Gaussian,absolute_residual,0.895625,34618967309.29191,29.151389310201537,0.0010008811950683594,0.6,equicorrelated
0.1,10,100,2,TSCP_R,Gaussian,absolute_residual,0.8775,17306175666.632763,25.625801504469944,0.004005908966064453,0.6,equicorrelated
0.1,10,100,2,Point_CHR,Gaussian,absolute_residual,0.909375,41426603513.40983,26.60000486063904,0.0,0.6,equicorrelated
0.1,10,100,2,Unscaled,Gaussian,absolute_residual,0.92125,7437067573722.603,19.37047063777994,0.0,0.6,equicorrelated
0.1,10,100,2,Empirical_copula,Gaussian,absolute_residual,0.86125,18390036108.791718,26.361719324327005,0.0009965896606445312,0.6,equicorrelated
0.2,10,100,2,TSCP_R,Gaussian,absolute_residual,0.805625,6366770627.475823,22.999452811058415,0.0029931068420410156,0.6,equicorrelated
0.2,10,100,2,Point_CHR,Gaussian,absolute_residual,0.785,6783988231.269131,21.977262113290664,0.0,0.6,equicorrelated
0.2,10,100,2,Unscaled,Gaussian,absolute_residual,0.808125,884263622654.4055,15.655183983361585,0.0,0.6,equicorrelated
0.2,10,100,2,Empirical_copula,Gaussian,absolute_residual,0.76125,4595824461.71446,22.569430499243694,0.0009965896606445312,0.6,equicorrelated
0.05,10,100,3,TSCP_R,Gaussian,absolute_residual,0.951875,56065228939.10221,25.80856804397871,0.0040128231048583984,0.6,equicorrelated
0.05,10,100,3,Point_CHR,Gaussian,absolute_residual,0.926875,46752746499.52193,25.83226238014412,0.0009930133819580078,0.6,equicorrelated
0.05,10,100,3,Unscaled,Gaussian,absolute_residual,0.95125,18146577000941.48,21.177733145710796,0.0,0.6,equicorrelated
0.05,10,100,3,Empirical_copula,Gaussian,absolute_residual,0.929375,43444149093.95411,25.808016231664457,0.0010063648223876953,0.6,equicorrelated
0.1,10,100,3,TSCP_R,Gaussian,absolute_residual,0.90875,22023819737.947727,23.46917722969836,0.004002571105957031,0.6,equicorrelated
0.1,10,100,3,Point_CHR,Gaussian,absolute_residual,0.880625,20456692985.135246,23.083210590088772,0.000990152359008789,0.6,equicorrelated
0.1,10,100,3,Unscaled,Gaussian,absolute_residual,0.914375,6206440608741.974,19.023230070867626,0.0,0.6,equicorrelated
0.1,10,100,3,Empirical_copula,Gaussian,absolute_residual,0.886875,19260954827.222054,22.709553935474982,0.0010066032409667969,0.6,equicorrelated
0.2,10,100,3,TSCP_R,Gaussian,absolute_residual,0.829375,6947873369.110078,20.919610018733913,0.0030291080474853516,0.6,equicorrelated
0.2,10,100,3,Point_CHR,Gaussian,absolute_residual,0.8125,7978159470.302188,20.471982676607087,0.0,0.6,equicorrelated
0.2,10,100,3,Unscaled,Gaussian,absolute_residual,0.86125,1921312596273.4023,16.91842003426117,0.0,0.6,equicorrelated
0.2,10,100,3,Empirical_copula,Gaussian,absolute_residual,0.806875,5717894467.718684,21.2007710970544,0.0010097026824951172,0.6,equicorrelated
0.05,10,100,4,TSCP_R,Gaussian,absolute_residual,0.965625,142843514145.59207,30.085366627139386,0.004271745681762695,0.6,equicorrelated
0.05,10,100,4,Point_CHR,Gaussian,absolute_residual,0.949375,76685910051.03308,26.71241886343964,0.0,0.6,equicorrelated
0.05,10,100,4,Unscaled,Gaussian,absolute_residual,0.956875,30780786841572.926,22.32687658394913,0.0,0.6,equicorrelated
0.05,10,100,4,Empirical_copula,Gaussian,absolute_residual,0.948125,78646323301.28421,26.263854427169566,0.0020051002502441406,0.6,equicorrelated
0.1,10,100,4,TSCP_R,Gaussian,absolute_residual,0.9075,29186508742.00904,25.603311000053296,0.00298309326171875,0.6,equicorrelated
0.1,10,100,4,Point_CHR,Gaussian,absolute_residual,0.928125,55002223587.21891,24.062306618406602,0.0010051727294921875,0.6,equicorrelated
0.1,10,100,4,Unscaled,Gaussian,absolute_residual,0.92,9681682258831.766,19.888181859693944,0.0,0.6,equicorrelated
0.1,10,100,4,Empirical_copula,Gaussian,absolute_residual,0.8875,24131115265.855694,25.202605039199106,0.0010061264038085938,0.6,equicorrelated
0.2,10,100,4,TSCP_R,Gaussian,absolute_residual,0.835625,9191420615.718687,22.76912507705932,0.0029926300048828125,0.6,equicorrelated
0.2,10,100,4,Point_CHR,Gaussian,absolute_residual,0.844375,14171854554.545706,19.790422783505665,0.0,0.6,equicorrelated
0.2,10,100,4,Unscaled,Gaussian,absolute_residual,0.855,2482419943201.2285,17.357514037769437,0.0,0.6,equicorrelated
0.2,10,100,4,Empirical_copula,Gaussian,absolute_residual,0.83125,9482367569.812536,22.326876583948394,0.0,0.6,equicorrelated
0.05,10,100,5,TSCP_R,Gaussian,absolute_residual,0.88375,20772652158.556847,28.35472484688234,0.003998279571533203,0.6,equicorrelated
0.05,10,100,5,Point_CHR,Gaussian,absolute_residual,0.885,30881476710.361526,32.158692628161866,0.0010066032409667969,0.6,equicorrelated
0.05,10,100,5,Unscaled,Gaussian,absolute_residual,0.974375,62470484288722.22,23.9644511685508,0.0,0.6,equicorrelated
0.05,10,100,5,Empirical_copula,Gaussian,absolute_residual,0.84375,12798255764.486336,28.627284978757256,0.0009949207305908203,0.6,equicorrelated
0.1,10,100,5,TSCP_R,Gaussian,absolute_residual,0.848125,12401541966.333452,26.758891677651256,0.0040073394775390625,0.6,equicorrelated
0.1,10,100,5,Point_CHR,Gaussian,absolute_residual,0.78125,6314950036.38411,26.385449630789978,0.0,0.6,equicorrelated
0.1,10,100,5,Unscaled,Gaussian,absolute_residual,0.949375,16141405560937.92,20.93120036146305,0.0,0.6,equicorrelated
0.1,10,100,5,Empirical_copula,Gaussian,absolute_residual,0.84375,12798255764.486336,28.627284978757256,0.0009906291961669922,0.6,equicorrelated
0.2,10,100,5,TSCP_R,Gaussian,absolute_residual,0.763125,4081681140.5478735,23.863897994200514,0.002992868423461914,0.6,equicorrelated
0.2,10,100,5,Point_CHR,Gaussian,absolute_residual,0.7675,3803145676.2672915,19.85575202657527,0.0,0.6,equicorrelated
0.2,10,100,5,Unscaled,Gaussian,absolute_residual,0.835,1257909645526.1746,16.216791937790532,0.0,0.6,equicorrelated
0.2,10,100,5,Empirical_copula,Gaussian,absolute_residual,0.718125,3636093191.214761,26.07796102987982,0.0010075569152832031,0.6,equicorrelated
0.05,10,100,6,TSCP_R,Gaussian,absolute_residual,0.959375,120913077603.30367,29.062020451552065,0.004004240036010742,0.6,equicorrelated
0.05,10,100,6,Point_CHR,Gaussian,absolute_residual,0.968125,240791507913.61942,28.221690446364423,0.0,0.6,equicorrelated
0.05,10,100,6,Unscaled,Gaussian,absolute_residual,0.956875,33865968025219.664,22.541164552193536,0.0,0.6,equicorrelated
0.05,10,100,6,Empirical_copula,Gaussian,absolute_residual,0.940625,77957504542.36087,28.240999383460764,0.0010094642639160156,0.6,equicorrelated
0.1,10,100,6,TSCP_R,Gaussian,absolute_residual,0.92125,46033818846.17452,26.570250376924072,0.003991365432739258,0.6,equicorrelated
0.1,10,100,6,Point_CHR,Gaussian,absolute_residual,0.92375,73168122402.75046,27.596495969560188,0.0,0.6,equicorrelated
0.1,10,100,6,Unscaled,Gaussian,absolute_residual,0.90875,7589439215749.095,19.409795901389007,0.0,0.6,equicorrelated
0.1,10,100,6,Empirical_copula,Gaussian,absolute_residual,0.876875,22113764676.4706,23.880660887882932,0.0009999275207519531,0.6,equicorrelated
0.2,10,100,6,TSCP_R,Gaussian,absolute_residual,0.8325,9705512544.120306,22.671211566042913,0.003998517990112305,0.6,equicorrelated
0.2,10,100,6,Point_CHR,Gaussian,absolute_residual,0.798125,7341943912.454147,22.825065333537403,0.0,0.6,equicorrelated
0.2,10,100,6,Unscaled,Gaussian,absolute_residual,0.843125,1822660493789.1826,16.829475378974703,0.0,0.6,equicorrelated
0.2,10,100,6,Empirical_copula,Gaussian,absolute_residual,0.83875,10410792707.935175,22.541164552108196,0.0010073184967041016,0.6,equicorrelated
0.05,10,100,7,TSCP_R,Gaussian,absolute_residual,0.935625,56955179107.18522,25.34294987930507,0.0039980411529541016,0.6,equicorrelated
0.05,10,100,7,Point_CHR,Gaussian,absolute_residual,0.9675,390680077120.18274,40.03163902500698,0.0,0.6,equicorrelated
0.05,10,100,7,Unscaled,Gaussian,absolute_residual,0.96,29307233642804.08,22.217617346886794,0.0,0.6,equicorrelated
0.05,10,100,7,Empirical_copula,Gaussian,absolute_residual,0.914375,37512503528.81661,28.36228824685972,0.0010073184967041016,0.6,equicorrelated
0.1,10,100,7,TSCP_R,Gaussian,absolute_residual,0.91625,32450224272.695267,23.984390598623612,0.004449129104614258,0.6,equicorrelated
0.1,10,100,7,Point_CHR,Gaussian,absolute_residual,0.918125,37204086651.161064,23.33228371230849,0.0009937286376953125,0.6,equicorrelated
0.1,10,100,7,Unscaled,Gaussian,absolute_residual,0.9025,4862197450657.146,18.56450009899693,0.0,0.6,equicorrelated
0.1,10,100,7,Empirical_copula,Gaussian,absolute_residual,0.8675,15813896684.048456,22.43325504793136,0.0010068416595458984,0.6,equicorrelated
0.2,10,100,7,TSCP_R,Gaussian,absolute_residual,0.83875,9040794746.085203,21.03419482339497,0.003994464874267578,0.6,equicorrelated
0.2,10,100,7,Point_CHR,Gaussian,absolute_residual,0.855625,15158907354.597042,19.2971042976781,0.0,0.6,equicorrelated
0.2,10,100,7,Unscaled,Gaussian,absolute_residual,0.756875,410429400831.1596,14.498525821407672,0.0,0.6,equicorrelated
0.2,10,100,7,Empirical_copula,Gaussian,absolute_residual,0.759375,3906954834.4607353,20.301850356257372,0.001001119613647461,0.6,equicorrelated
0.05,10,100,8,TSCP_R,Gaussian,absolute_residual,0.955,127114083565.99364,26.790621397405513,0.0039980411529541016,0.6,equicorrelated
0.05,10,100,8,Point_CHR,Gaussian,absolute_residual,0.959375,323935383094.264,28.234836141371467,0.0,0.6,equicorrelated
0.05,10,100,8,Unscaled,Gaussian,absolute_residual,0.87875,4211729419893.322,18.299787482184378,0.0,0.6,equicorrelated
0.05,10,100,8,Empirical_copula,Gaussian,absolute_residual,0.925625,72148761060.12369,34.988678425988375,0.0009942054748535156,0.6,equicorrelated
0.1,10,100,8,TSCP_R,Gaussian,absolute_residual,0.909375,35129155043.49347,23.34667311789872,0.003999948501586914,0.6,equicorrelated
0.1,10,100,8,Point_CHR,Gaussian,absolute_residual,0.905,48917583464.09422,25.52103776009433,0.0,0.6,equicorrelated
0.1,10,100,8,Unscaled,Gaussian,absolute_residual,0.8475,2281750081684.489,17.211820470101294,0.0,0.6,equicorrelated
0.1,10,100,8,Empirical_copula,Gaussian,absolute_residual,0.854375,18158602354.09401,20.57812105909707,0.0010061264038085938,0.6,equicorrelated
0.2,10,100,8,TSCP_R,Gaussian,absolute_residual,0.851875,12431866937.906462,21.11067116982906,0.0029973983764648438,0.6,equicorrelated
0.2,10,100,8,Point_CHR,Gaussian,absolute_residual,0.82,11142410979.193853,21.364777816323162,0.0,0.6,equicorrelated
0.2,10,100,8,Unscaled,Gaussian,absolute_residual,0.773125,580505344301.7686,15.009997580335863,0.001008749008178711,0.6,equicorrelated
0.2,10,100,8,Empirical_copula,Gaussian,absolute_residual,0.80375,8568678335.459536,18.063546241948277,0.0009996891021728516,0.6,equicorrelated
0.05,10,100,9,TSCP_R,Gaussian,absolute_residual,0.97625,274470743511.27957,30.231772638269405,0.0040280818939208984,0.6,equicorrelated
0.05,10,100,9,Point_CHR,Gaussian,absolute_residual,0.98875,1071953371542.893,41.04447609388867,0.0,0.6,equicorrelated
0.05,10,100,9,Unscaled,Gaussian,absolute_residual,0.9825,94869471640754.88,24.986915503622132,0.0,0.6,equicorrelated
0.05,10,100,9,Empirical_copula,Gaussian,absolute_residual,0.913125,44397465103.911705,28.329153142450124,0.0010042190551757812,0.6,equicorrelated
0.1,10,100,9,TSCP_R,Gaussian,absolute_residual,0.91,25125079670.71331,23.637438062360953,0.003006458282470703,0.6,equicorrelated
0.1,10,100,9,Point_CHR,Gaussian,absolute_residual,0.949375,173792821194.5142,32.51434638467729,0.0,0.6,equicorrelated
0.1,10,100,9,Unscaled,Gaussian,absolute_residual,0.9475,15363772338694.562,20.828106338573413,0.0009996891021728516,0.6,equicorrelated
0.1,10,100,9,Empirical_copula,Gaussian,absolute_residual,0.87875,20598568534.113865,25.933124819011766,0.0010497570037841797,0.6,equicorrelated
0.2,10,100,9,TSCP_R,Gaussian,absolute_residual,0.83875,8881503420.127882,21.279409677018627,0.0029451847076416016,0.6,equicorrelated
0.2,10,100,9,Point_CHR,Gaussian,absolute_residual,0.8975,34580678316.41925,23.359981802885663,0.0010008811950683594,0.6,equicorrelated
0.2,10,100,9,Unscaled,Gaussian,absolute_residual,0.780625,612081425896.6602,15.089710926146385,0.0,0.6,equicorrelated
0.2,10,100,9,Empirical_copula,Gaussian,absolute_residual,0.775625,5065210512.58838,22.89731809098787,0.0009999275207519531,0.6,equicorrelated
0.05,10,100,10,TSCP_R,Gaussian,absolute_residual,0.94375,96750670879.56456,29.383141999585423,0.00500035285949707,0.6,equicorrelated
0.05,10,100,10,Point_CHR,Gaussian,absolute_residual,0.955,160237378611.3295,33.88824691225993,0.0,0.6,equicorrelated
0.05,10,100,10,Unscaled,Gaussian,absolute_residual,0.948125,19667815156460.055,21.34890535058249,0.0,0.6,equicorrelated
0.05,10,100,10,Empirical_copula,Gaussian,absolute_residual,0.89875,65481278370.59154,28.770825328155894,0.0009999275207519531,0.6,equicorrelated
0.1,10,100,10,TSCP_R,Gaussian,absolute_residual,0.87125,19047071114.788746,25.056885609527907,0.003005504608154297,0.6,equicorrelated
0.1,10,100,10,Point_CHR,Gaussian,absolute_residual,0.8975,30698300869.426502,21.4844736543368,0.0009930133819580078,0.6,equicorrelated
0.1,10,100,10,Unscaled,Gaussian,absolute_residual,0.895625,4857414687513.895,18.562673169201947,0.0,0.6,equicorrelated
0.1,10,100,10,Empirical_copula,Gaussian,absolute_residual,0.8375,16121467762.912725,28.172658520480784,0.001001596450805664,0.6,equicorrelated
0.2,10,100,10,TSCP_R,Gaussian,absolute_residual,0.744375,3412565378.4423833,21.00174262929228,0.0030107498168945312,0.6,equicorrelated
0.2,10,100,10,Point_CHR,Gaussian,absolute_residual,0.824375,9187263517.32379,21.13072049099517,0.0009872913360595703,0.6,equicorrelated
0.2,10,100,10,Unscaled,Gaussian,absolute_residual,0.7625,461393507892.153,14.669224257096987,0.0,0.6,equicorrelated
0.2,10,100,10,Empirical_copula,Gaussian,absolute_residual,0.715625,2531134512.719591,21.348905350504417,0.0010077953338623047,0.6,equicorrelated
0.05,10,100,11,TSCP_R,Gaussian,absolute_residual,0.965625,170427512733.44376,25.767988382846458,0.003992557525634766,0.6,equicorrelated
0.05,10,100,11,Point_CHR,Gaussian,absolute_residual,0.981875,545686281038.4357,31.962331572503913,0.0,0.6,equicorrelated
0.05,10,100,11,Unscaled,Gaussian,absolute_residual,0.935625,12930295409943.094,20.472026954967465,0.0,0.6,equicorrelated
0.05,10,100,11,Empirical_copula,Gaussian,absolute_residual,0.87625,26007030101.916668,21.051738806291908,0.002008199691772461,0.6,equicorrelated
0.1,10,100,11,TSCP_R,Gaussian,absolute_residual,0.88875,23733346519.200054,20.649878542619224,0.0029964447021484375,0.6,equicorrelated
0.1,10,100,11,Point_CHR,Gaussian,absolute_residual,0.91,38008309497.23636,22.6686627428134,0.0,0.6,equicorrelated
0.1,10,100,11,Unscaled,Gaussian,absolute_residual,0.854375,1728891755940.9036,16.740822063075314,0.0,0.6,equicorrelated
0.1,10,100,11,Empirical_copula,Gaussian,absolute_residual,0.8275,11087371436.483282,20.607867272070415,0.0010008811950683594,0.6,equicorrelated
0.2,10,100,11,TSCP_R,Gaussian,absolute_residual,0.759375,3752682069.886832,17.65522765647057,0.0029993057250976562,0.6,equicorrelated
0.2,10,100,11,Point_CHR,Gaussian,absolute_residual,0.705625,2126532013.280298,18.000199177901294,0.0,0.6,equicorrelated
0.2,10,100,11,Unscaled,Gaussian,absolute_residual,0.7775,463401477500.8917,14.675595788022777,0.0,0.6,equicorrelated
0.2,10,100,11,Empirical_copula,Gaussian,absolute_residual,0.73375,2774666564.069637,17.77329817573877,0.0010056495666503906,0.6,equicorrelated
0.05,10,100,12,TSCP_R,Gaussian,absolute_residual,0.9675,123852092725.46124,29.18669990782564,0.0039980411529541016,0.6,equicorrelated
0.05,10,100,12,Point_CHR,Gaussian,absolute_residual,0.97375,294626493826.99115,31.03495789791637,0.0010013580322265625,0.6,equicorrelated
0.05,10,100,12,Unscaled,Gaussian,absolute_residual,0.96,28404661983933.754,22.148226824101837,0.0,0.6,equicorrelated
0.05,10,100,12,Empirical_copula,Gaussian,absolute_residual,0.91625,97168498760.6003,29.155895994029578,0.0010061264038085938,0.6,equicorrelated
0.1,10,100,12,TSCP_R,Gaussian,absolute_residual,0.888125,22422699739.11022,25.00658171035102,0.00400233268737793,0.6,equicorrelated
0.1,10,100,12,Point_CHR,Gaussian,absolute_residual,0.901875,26175834678.136276,23.31686180347941,0.0,0.6,equicorrelated
0.1,10,100,12,Unscaled,Gaussian,absolute_residual,0.87125,3054829561322.432,17.721427341732173,0.0,0.6,equicorrelated
0.1,10,100,12,Empirical_copula,Gaussian,absolute_residual,0.859375,20004828127.071377,24.978321450731787,0.0009906291961669922,0.6,equicorrelated
0.2,10,100,12,TSCP_R,Gaussian,absolute_residual,0.791875,6290729486.534187,22.111479249851076,0.0030002593994140625,0.6,equicorrelated
0.2,10,100,12,Point_CHR,Gaussian,absolute_residual,0.7875,5918784622.914594,20.614589036230285,0.0009992122650146484,0.6,equicorrelated
0.2,10,100,12,Unscaled,Gaussian,absolute_residual,0.795625,922863920084.2119,15.722216296383442,0.0,0.6,equicorrelated
0.2,10,100,12,Empirical_copula,Gaussian,absolute_residual,0.775625,5213211377.873556,22.14822682403745,0.0010006427764892578,0.6,equicorrelated
0.05,10,100,13,TSCP_R,Gaussian,absolute_residual,0.98,213291201707.56946,28.241314681745784,0.003998517990112305,0.6,equicorrelated
0.05,10,100,13,Point_CHR,Gaussian,absolute_residual,0.994375,1261147570591.8276,34.06842893713026,0.0010023117065429688,0.6,equicorrelated
0.05,10,100,13,Unscaled,Gaussian,absolute_residual,0.966875,38553645716242.78,22.835290728405887,0.0,0.6,equicorrelated
0.05,10,100,13,Empirical_copula,Gaussian,absolute_residual,0.94625,62359669929.63811,26.053547067061082,0.0009984970092773438,0.6,equicorrelated
0.1,10,100,13,TSCP_R,Gaussian,absolute_residual,0.939375,62653913780.954025,24.947282482303137,0.003000020980834961,0.6,equicorrelated
0.1,10,100,13,Point_CHR,Gaussian,absolute_residual,0.92625,59396475054.457214,28.8883611148463,0.0,0.6,equicorrelated
0.1,10,100,13,Unscaled,Gaussian,absolute_residual,0.93875,12353392534556.898,20.378800799634117,0.0009999275207519531,0.6,equicorrelated
0.1,10,100,13,Empirical_copula,Gaussian,absolute_residual,0.914375,32173604825.937492,25.156261759211404,0.0010018348693847656,0.6,equicorrelated
0.2,10,100,13,TSCP_R,Gaussian,absolute_residual,0.8725,16803278775.034197,21.909103594191905,0.0029993057250976562,0.6,equicorrelated
0.2,10,100,13,Point_CHR,Gaussian,absolute_residual,0.883125,22616796508.596176,24.830572432447674,0.0010020732879638672,0.6,equicorrelated
0.2,10,100,13,Unscaled,Gaussian,absolute_residual,0.856875,1787871337094.2388,16.797073639254993,0.0,0.6,equicorrelated
0.2,10,100,13,Empirical_copula,Gaussian,absolute_residual,0.845,10400071192.97825,21.32228326716756,0.0009984970092773438,0.6,equicorrelated
0.05,10,100,14,TSCP_R,Gaussian,absolute_residual,0.928125,44465338220.309616,27.1965854049055,0.003999948501586914,0.6,equicorrelated
0.05,10,100,14,Point_CHR,Gaussian,absolute_residual,0.930625,72312622992.68127,29.985364616563928,0.0,0.6,equicorrelated
0.05,10,100,14,Unscaled,Gaussian,absolute_residual,0.9525,21645781137619.35,21.55446889732344,0.0,0.6,equicorrelated
0.05,10,100,14,Empirical_copula,Gaussian,absolute_residual,0.899375,66520423955.26616,26.120725658971406,0.0010006427764892578,0.6,equicorrelated
0.1,10,100,14,TSCP_R,Gaussian,absolute_residual,0.886875,20094985407.772327,25.241255245501982,0.003997802734375,0.6,equicorrelated
0.1,10,100,14,Point_CHR,Gaussian,absolute_residual,0.89,22004316516.64843,25.982340253423835,0.0,0.6,equicorrelated
0.1,10,100,14,Unscaled,Gaussian,absolute_residual,0.9025,4795065973450.848,18.538707772909653,0.0,0.6,equicorrelated
0.1,10,100,14,Empirical_copula,Gaussian,absolute_residual,0.856875,16068769342.152412,22.407042810914902,0.0010058879852294922,0.6,equicorrelated
0.2,10,100,14,TSCP_R,Gaussian,absolute_residual,0.76625,4122954338.124614,21.477408199271665,0.0019996166229248047,0.6,equicorrelated
0.2,10,100,14,Point_CHR,Gaussian,absolute_residual,0.786875,6331935381.807483,24.364365073115202,0.0009996891021728516,0.6,equicorrelated
0.2,10,100,14,Unscaled,Gaussian,absolute_residual,0.8225,1089395921309.385,15.985218409010145,0.0,0.6,equicorrelated
0.2,10,100,14,Empirical_copula,Gaussian,absolute_residual,0.693125,1906887418.3931057,20.092294159642115,0.0010077953338623047,0.6,equicorrelated
0.05,10,100,15,TSCP_R,Gaussian,absolute_residual,0.968125,151667945635.07056,29.897192836164027,0.00400853157043457,0.6,equicorrelated
0.05,10,100,15,Point_CHR,Gaussian,absolute_residual,0.9925,974862359570.7776,40.121967374032906,0.0,0.6,equicorrelated
0.05,10,100,15,Unscaled,Gaussian,absolute_residual,0.978125,62366389793789.0,23.960454977456376,0.0,0.6,equicorrelated
0.05,10,100,15,Empirical_copula,Gaussian,absolute_residual,0.953125,199732398688.89856,29.85002351240994,0.0010118484497070312,0.6,equicorrelated
0.1,10,100,15,TSCP_R,Gaussian,absolute_residual,0.863125,13907139506.276014,24.4759942689781,0.002988100051879883,0.6,equicorrelated
0.1,10,100,15,Point_CHR,Gaussian,absolute_residual,0.895625,28089865179.957653,27.074668515281566,0.00099945068359375,0.6,equicorrelated
0.1,10,100,15,Unscaled,Gaussian,absolute_residual,0.913125,6815911719451.282,19.20226220636549,0.0,0.6,equicorrelated
0.1,10,100,15,Empirical_copula,Gaussian,absolute_residual,0.824375,12213093587.03035,27.763698129119533,0.0009999275207519531,0.6,equicorrelated
0.2,10,100,15,TSCP_R,Gaussian,absolute_residual,0.75375,3659568080.805228,21.43763349137135,0.003009319305419922,0.6,equicorrelated
0.2,10,100,15,Point_CHR,Gaussian,absolute_residual,0.803125,11160246300.514305,26.752511954459443,0.0,0.6,equicorrelated
0.2,10,100,15,Unscaled,Gaussian,absolute_residual,0.815625,1090025212298.2451,15.98614155731644,0.0,0.6,equicorrelated
0.2,10,100,15,Empirical_copula,Gaussian,absolute_residual,0.699375,2192555583.604161,19.26688864521146,0.0009908676147460938,0.6,equicorrelated
0.05,10,100,16,TSCP_R,Gaussian,absolute_residual,0.91,35417947159.489044,25.911075707320343,0.004998445510864258,0.6,equicorrelated
0.05,10,100,16,Point_CHR,Gaussian,absolute_residual,0.939375,109850087579.10715,29.715872868642098,0.0,0.6,equicorrelated
0.05,10,100,16,Unscaled,Gaussian,absolute_residual,0.91375,7777200172009.261,19.45728891795665,0.0,0.6,equicorrelated
0.05,10,100,16,Empirical_copula,Gaussian,absolute_residual,0.865,24492428592.191216,29.094505787525996,0.0010018348693847656,0.6,equicorrelated
0.1,10,100,16,TSCP_R,Gaussian,absolute_residual,0.853125,15081593030.73316,23.578601726624463,0.0029993057250976562,0.6,equicorrelated
0.1,10,100,16,Point_CHR,Gaussian,absolute_residual,0.884375,32562153988.219334,27.361765576930814,0.0010018348693847656,0.6,equicorrelated
0.1,10,100,16,Unscaled,Gaussian,absolute_residual,0.833125,1426331369735.2195,16.421848581897887,0.0,0.6,equicorrelated
0.1,10,100,16,Empirical_copula,Gaussian,absolute_residual,0.78125,6263670512.079236,19.689146150203925,0.0009999275207519531,0.6,equicorrelated
0.2,10,100,16,TSCP_R,Gaussian,absolute_residual,0.71375,2671051501.324701,19.725643484404365,0.00299835205078125,0.6,equicorrelated
0.2,10,100,16,Point_CHR,Gaussian,absolute_residual,0.696875,2865304994.6259027,21.467087262670315,0.0,0.6,equicorrelated
0.2,10,100,16,Unscaled,Gaussian,absolute_residual,0.700625,249931426213.2739,13.796918114740315,0.0,0.6,equicorrelated
0.2,10,100,16,Empirical_copula,Gaussian,absolute_residual,0.69625,2227708364.539498,19.652682730723186,0.0010025501251220703,0.6,equicorrelated
0.05,10,100,17,TSCP_R,Gaussian,absolute_residual,0.974375,231287679317.57822,31.964165886910415,0.002999544143676758,0.6,equicorrelated
0.05,10,100,17,Point_CHR,Gaussian,absolute_residual,0.96625,283114521039.3352,35.215884278332894,0.0010073184967041016,0.6,equicorrelated
0.05,10,100,17,Unscaled,Gaussian,absolute_residual,0.96375,41800864837826.85,23.020700076947914,0.0,0.6,equicorrelated
0.05,10,100,17,Empirical_copula,Gaussian,absolute_residual,0.886875,35860602726.38496,33.53959736899408,0.0009927749633789062,0.6,equicorrelated
0.1,10,100,17,TSCP_R,Gaussian,absolute_residual,0.833125,10909918212.408655,24.574418753811777,0.0030002593994140625,0.6,equicorrelated
0.1,10,100,17,Point_CHR,Gaussian,absolute_residual,0.848125,12492841573.851425,22.83450215985531,0.0010004043579101562,0.6,equicorrelated
0.1,10,100,17,Unscaled,Gaussian,absolute_residual,0.883125,3231150178600.447,17.82114953719722,0.0,0.6,equicorrelated
0.1,10,100,17,Empirical_copula,Gaussian,absolute_residual,0.78625,6804138429.422085,25.54120905919847,0.0010008811950683594,0.6,equicorrelated
0.2,10,100,17,TSCP_R,Gaussian,absolute_residual,0.72875,2890528162.7750382,21.4101216433343,0.002998828887939453,0.6,equicorrelated
0.2,10,100,17,Point_CHR,Gaussian,absolute_residual,0.7475,3382233804.7158647,19.95904948958893,0.0010008811950683594,0.6,equicorrelated
0.2,10,100,17,Unscaled,Gaussian,absolute_residual,0.683125,187646173257.82516,13.407072911684839,0.0,0.6,equicorrelated
0.2,10,100,17,Empirical_copula,Gaussian,absolute_residual,0.70875,2586648369.835583,21.937797561712436,0.0010006427764892578,0.6,equicorrelated
0.05,10,100,18,TSCP_R,Gaussian,absolute_residual,0.93,48301652393.94794,25.127405640118624,0.004006385803222656,0.6,equicorrelated
0.05,10,100,18,Point_CHR,Gaussian,absolute_residual,0.971875,215189745573.5648,28.830475405453164,0.0009996891021728516,0.6,equicorrelated
0.05,10,100,18,Unscaled,Gaussian,absolute_residual,0.94875,15011864852677.387,20.779900542649944,0.0,0.6,equicorrelated
0.05,10,100,18,Empirical_copula,Gaussian,absolute_residual,0.920625,48902418360.80216,31.404121436991694,0.0009932518005371094,0.6,equicorrelated
0.1,10,100,18,TSCP_R,Gaussian,absolute_residual,0.853125,11555667796.010351,21.742726350756108,0.003007173538208008,0.6,equicorrelated
0.1,10,100,18,Point_CHR,Gaussian,absolute_residual,0.889375,22138916923.680817,23.4211248598128,0.00099945068359375,0.6,equicorrelated
0.1,10,100,18,Unscaled,Gaussian,absolute_residual,0.869375,2229275533681.4126,17.171821879556347,0.0,0.6,equicorrelated
0.1,10,100,18,Empirical_copula,Gaussian,absolute_residual,0.8375,10283486768.163773,21.33305651364975,0.0010001659393310547,0.6,equicorrelated
0.2,10,100,18,TSCP_R,Gaussian,absolute_residual,0.689375,1774415632.2272606,17.986947088911144,0.0030007362365722656,0.6,equicorrelated
0.2,10,100,18,Point_CHR,Gaussian,absolute_residual,0.75375,4184153296.3227572,20.34269445566239,0.0,0.6,equicorrelated
0.2,10,100,18,Unscaled,Gaussian,absolute_residual,0.8,707022633423.1995,15.308876928626162,0.0,0.6,equicorrelated
0.2,10,100,18,Empirical_copula,Gaussian,absolute_residual,0.666875,1601744774.897669,17.760238692216674,0.0009963512420654297,0.6,equicorrelated
0.05,10,100,19,TSCP_R,Gaussian,absolute_residual,0.95125,96278672835.01512,27.776266892350364,0.0030069351196289062,0.6,equicorrelated
0.05,10,100,19,Point_CHR,Gaussian,absolute_residual,0.981875,778102191754.7858,39.13722690125277,0.0010001659393310547,0.6,equicorrelated
0.05,10,100,19,Unscaled,Gaussian,absolute_residual,0.935625,14930690163262.97,20.768636648234974,0.0,0.6,equicorrelated
0.05,10,100,19,Empirical_copula,Gaussian,absolute_residual,0.93125,65374674468.15911,25.023745542510927,0.0010001659393310547,0.6,equicorrelated
0.1,10,100,19,TSCP_R,Gaussian,absolute_residual,0.92125,43287152859.30456,25.072426520346134,0.004000425338745117,0.6,equicorrelated
0.1,10,100,19,Point_CHR,Gaussian,absolute_residual,0.92625,56249502546.96588,25.477264402626076,0.0,0.6,equicorrelated
0.1,10,100,19,Unscaled,Gaussian,absolute_residual,0.900625,5680874906971.988,18.855650626784275,0.0,0.6,equicorrelated
0.1,10,100,19,Empirical_copula,Gaussian,absolute_residual,0.861875,17501778342.008312,21.155616636211974,0.0009999275207519531,0.6,equicorrelated
0.2,10,100,19,TSCP_R,Gaussian,absolute_residual,0.799375,7080395075.014398,21.428362228512093,0.0029993057250976562,0.6,equicorrelated
0.2,10,100,19,Point_CHR,Gaussian,absolute_residual,0.803125,8734563359.583757,22.790838292267512,0.001001119613647461,0.6,equicorrelated
0.2,10,100,19,Unscaled,Gaussian,absolute_residual,0.81125,976714594704.093,15.81163453801551,0.0,0.6,equicorrelated
0.2,10,100,19,Empirical_copula,Gaussian,absolute_residual,0.78125,5953954548.607208,19.13773959077028,0.000993967056274414,0.6,equicorrelated
0.05,10,100,20,TSCP_R,Gaussian,absolute_residual,0.96625,160432350228.70767,30.47808912520543,0.0040073394775390625,0.6,equicorrelated
0.05,10,100,20,Point_CHR,Gaussian,absolute_residual,0.968125,275365646902.42456,28.829300455968127,0.00099945068359375,0.6,equicorrelated
0.05,10,100,20,Unscaled,Gaussian,absolute_residual,0.96,27162762676343.83,22.049431366688736,0.0,0.6,equicorrelated
0.05,10,100,20,Empirical_copula,Gaussian,absolute_residual,0.860625,26856562926.346424,25.459374104315057,0.0009999275207519531,0.6,equicorrelated
0.1,10,100,20,TSCP_R,Gaussian,absolute_residual,0.898125,25572384869.26354,25.299443971029433,0.003996372222900391,0.6,equicorrelated
0.1,10,100,20,Point_CHR,Gaussian,absolute_residual,0.91,45516817118.64744,28.44145618400867,0.0009989738464355469,0.6,equicorrelated
0.1,10,100,20,Unscaled,Gaussian,absolute_residual,0.91125,6881378372177.912,19.22062669211543,0.0,0.6,equicorrelated
0.1,10,100,20,Empirical_copula,Gaussian,absolute_residual,0.81625,13018408723.553658,22.00510097016759,0.0009996891021728516,0.6,equicorrelated
0.2,10,100,20,TSCP_R,Gaussian,absolute_residual,0.77,5322252056.152587,21.575939402918383,0.0029985904693603516,0.6,equicorrelated
0.2,10,100,20,Point_CHR,Gaussian,absolute_residual,0.78,6194417360.318898,22.63819430613013,0.0,0.6,equicorrelated
0.2,10,100,20,Unscaled,Gaussian,absolute_residual,0.795,763559985135.8186,15.42710076056721,0.0,0.6,equicorrelated
0.2,10,100,20,Empirical_copula,Gaussian,absolute_residual,0.7125,3175390861.996281,19.268364960768643,0.002000093460083008,0.6,equicorrelated
0.05,10,100,21,TSCP_R,Gaussian,absolute_residual,0.953125,93572742498.4602,24.27964199074187,0.0040209293365478516,0.6,equicorrelated
0.05,10,100,21,Point_CHR,Gaussian,absolute_residual,0.941875,101270152376.90651,23.88703207229156,0.0010123252868652344,0.6,equicorrelated
0.05,10,100,21,Unscaled,Gaussian,absolute_residual,0.92875,9057901835464.621,19.756170291309882,0.0,0.6,equicorrelated
0.05,10,100,21,Empirical_copula,Gaussian,absolute_residual,0.93375,52471081088.86535,27.513836735280208,0.0009946823120117188,0.6,equicorrelated
0.1,10,100,21,TSCP_R,Gaussian,absolute_residual,0.91,26756595119.391773,21.32617230522858,0.0029993057250976562,0.6,equicorrelated
0.1,10,100,21,Point_CHR,Gaussian,absolute_residual,0.931875,67854462275.89905,23.910882518544284,0.0,0.6,equicorrelated
0.1,10,100,21,Unscaled,Gaussian,absolute_residual,0.875625,2574031094116.6714,17.420530605363066,0.0,0.6,equicorrelated
0.1,10,100,21,Empirical_copula,Gaussian,absolute_residual,0.8875,19866139527.495647,25.82730801847128,0.0010023117065429688,0.6,equicorrelated
0.2,10,100,21,TSCP_R,Gaussian,absolute_residual,0.815625,6525060718.39369,18.3621755752963,0.003002643585205078,0.6,equicorrelated
0.2,10,100,21,Point_CHR,Gaussian,absolute_residual,0.86125,22222666489.021828,24.97791005183649,0.0,0.6,equicorrelated
0.2,10,100,21,Unscaled,Gaussian,absolute_residual,0.779375,528145617474.5454,14.868781109337688,0.0,0.6,equicorrelated
0.2,10,100,21,Empirical_copula,Gaussian,absolute_residual,0.8125,6285117937.718498,19.062936833830193,0.0009996891021728516,0.6,equicorrelated
0.05,10,100,22,TSCP_R,Gaussian,absolute_residual,0.905,32857306555.753544,27.052393584719944,0.004000186920166016,0.6,equicorrelated
0.05,10,100,22,Point_CHR,Gaussian,absolute_residual,0.9475,108748160498.39359,30.42201522006868,0.0,0.6,equicorrelated
0.05,10,100,22,Unscaled,Gaussian,absolute_residual,0.966875,38986590695741.14,22.860805351308287,0.0,0.6,equicorrelated
0.05,10,100,22,Empirical_copula,Gaussian,absolute_residual,0.903125,34744448575.631226,25.349300533804215,0.0009989738464355469,0.6,equicorrelated
0.1,10,100,22,TSCP_R,Gaussian,absolute_residual,0.851875,14275959059.103428,24.852866468145486,0.002999544143676758,0.6,equicorrelated
0.1,10,100,22,Point_CHR,Gaussian,absolute_residual,0.86125,19849752700.726433,27.190839753739382,0.0,0.6,equicorrelated
0.1,10,100,22,Unscaled,Gaussian,absolute_residual,0.903125,5523241307174.829,18.80266471068079,0.0,0.6,equicorrelated
0.1,10,100,22,Empirical_copula,Gaussian,absolute_residual,0.81125,9418173114.386446,23.716459298516643,0.0010025501251220703,0.6,equicorrelated
0.2,10,100,22,TSCP_R,Gaussian,absolute_residual,0.745,3956958361.688562,21.806210133605155,0.0029993057250976562,0.6,equicorrelated
0.2,10,100,22,Point_CHR,Gaussian,absolute_residual,0.795,9384615398.198387,25.8256043377545,0.0,0.6,equicorrelated
0.2,10,100,22,Unscaled,Gaussian,absolute_residual,0.845625,1746571248559.2595,16.75786280868555,0.0,0.6,equicorrelated
0.2,10,100,22,Empirical_copula,Gaussian,absolute_residual,0.703125,2818127248.987916,22.249265639119407,0.0009992122650146484,0.6,equicorrelated
0.05,10,100,23,TSCP_R,Gaussian,absolute_residual,0.95625,75033292155.83334,27.116774101397795,0.004006147384643555,0.6,equicorrelated
0.05,10,100,23,Point_CHR,Gaussian,absolute_residual,0.9875,424042274000.2289,36.5189951345764,0.0,0.6,equicorrelated
0.05,10,100,23,Unscaled,Gaussian,absolute_residual,0.975,40007979728178.336,22.920002578237554,0.0,0.6,equicorrelated
0.05,10,100,23,Empirical_copula,Gaussian,absolute_residual,0.87375,23976654970.625885,23.59308400044572,0.000993967056274414,0.6,equicorrelated
0.1,10,100,23,TSCP_R,Gaussian,absolute_residual,0.89,15738226872.764624,22.794703869227334,0.004006624221801758,0.6,equicorrelated
0.1,10,100,23,Point_CHR,Gaussian,absolute_residual,0.93,40083805638.35307,25.627005946582425,0.0,0.6,equicorrelated
0.1,10,100,23,Unscaled,Gaussian,absolute_residual,0.9275,9847954290023.898,19.922076452855798,0.0,0.6,equicorrelated
0.1,10,100,23,Empirical_copula,Gaussian,absolute_residual,0.824375,7680086269.743674,23.03220006361116,0.0010027885437011719,0.6,equicorrelated
0.2,10,100,23,TSCP_R,Gaussian,absolute_residual,0.755,3475866972.134445,19.820904103832234,0.002001047134399414,0.6,equicorrelated
0.2,10,100,23,Point_CHR,Gaussian,absolute_residual,0.823125,12663069103.910627,25.201275869061508,0.0009987354278564453,0.6,equicorrelated
0.2,10,100,23,Unscaled,Gaussian,absolute_residual,0.785625,750675067774.4366,15.400868022067115,0.0,0.6,equicorrelated
0.2,10,100,23,Empirical_copula,Gaussian,absolute_residual,0.74625,3126674452.9335566,22.43525282830407,0.0010001659393310547,0.6,equicorrelated
0.05,10,100,24,TSCP_R,Gaussian,absolute_residual,0.96875,158778044665.25162,32.898241744554156,0.004004955291748047,0.6,equicorrelated
0.05,10,100,24,Point_CHR,Gaussian,absolute_residual,0.979375,406396468194.4578,29.210319221107863,0.0,0.6,equicorrelated
0.05,10,100,24,Unscaled,Gaussian,absolute_residual,0.981875,73626213587313.47,24.361456315282993,0.0,0.6,equicorrelated
0.05,10,100,24,Empirical_copula,Gaussian,absolute_residual,0.9525,96717696488.75081,33.448714359303416,0.001993894577026367,0.6,equicorrelated
0.1,10,100,24,TSCP_R,Gaussian,absolute_residual,0.915625,34502750644.42603,27.953314296169836,0.0030066967010498047,0.6,equicorrelated
0.1,10,100,24,Point_CHR,Gaussian,absolute_residual,0.95125,77113663575.75298,26.762612559843255,0.0,0.6,equicorrelated
0.1,10,100,24,Unscaled,Gaussian,absolute_residual,0.938125,10362267825585.613,20.023753084763673,0.0,0.6,equicorrelated
0.1,10,100,24,Empirical_copula,Gaussian,absolute_residual,0.89625,30778148447.636326,27.385591994489914,0.0010004043579101562,0.6,equicorrelated
0.2,10,100,24,TSCP_R,Gaussian,absolute_residual,0.82125,7167859544.597361,23.76625426315462,0.0030035972595214844,0.6,equicorrelated
0.2,10,100,24,Point_CHR,Gaussian,absolute_residual,0.8625,16752401652.544127,20.679314509658006,0.0,0.6,equicorrelated
0.2,10,100,24,Unscaled,Gaussian,absolute_residual,0.853125,1718976338347.9656,16.731196116413596,0.0,0.6,equicorrelated
0.2,10,100,24,Empirical_copula,Gaussian,absolute_residual,0.776875,4882081467.687438,24.361456315199767,0.00099945068359375,0.6,equicorrelated
0.05,10,100,25,TSCP_R,Gaussian,absolute_residual,0.954375,103841791438.1899,26.510072517575843,0.004008054733276367,0.6,equicorrelated
0.05,10,100,25,Point_CHR,Gaussian,absolute_residual,0.981875,481771319788.81525,30.986318302594263,0.0,0.6,equicorrelated
0.05,10,100,25,Unscaled,Gaussian,absolute_residual,0.91625,6719565016934.571,19.174944519542777,0.0,0.6,equicorrelated
0.05,10,100,25,Empirical_copula,Gaussian,absolute_residual,0.915,56264124059.16957,25.963887629382025,0.0009999275207519531,0.6,equicorrelated
0.1,10,100,25,TSCP_R,Gaussian,absolute_residual,0.926875,43106042449.87487,24.31373819936629,0.004002809524536133,0.6,equicorrelated
0.1,10,100,25,Point_CHR,Gaussian,absolute_residual,0.94375,92969866568.8237,28.15084678731577,0.0,0.6,equicorrelated
0.1,10,100,25,Unscaled,Gaussian,absolute_residual,0.88125,2795689839656.173,17.565030118636805,0.0,0.6,equicorrelated
0.1,10,100,25,Empirical_copula,Gaussian,absolute_residual,0.863125,19821822870.03371,23.458954084864594,0.000997304916381836,0.6,equicorrelated
0.2,10,100,25,TSCP_R,Gaussian,absolute_residual,0.86875,14838324718.636255,21.814465208754598,0.002999544143676758,0.6,equicorrelated
0.2,10,100,25,Point_CHR,Gaussian,absolute_residual,0.9,30865625308.692078,26.157533454707725,0.0,0.6,equicorrelated
0.2,10,100,25,Unscaled,Gaussian,absolute_residual,0.815,876518662002.3667,15.641417801188505,0.0,0.6,equicorrelated
0.2,10,100,25,Empirical_copula,Gaussian,absolute_residual,0.845625,13997479701.61848,23.401336147948534,0.0010030269622802734,0.6,equicorrelated
0.05,10,100,26,TSCP_R,Gaussian,absolute_residual,0.96625,144639601037.2349,25.49039175502023,0.005010128021240234,0.6,equicorrelated
0.05,10,100,26,Point_CHR,Gaussian,absolute_residual,0.9775,298232949229.8846,31.17714300869634,0.0,0.6,equicorrelated
0.05,10,100,26,Unscaled,Gaussian,absolute_residual,0.929375,12624325668631.447,20.42306026821415,0.0,0.6,equicorrelated
0.05,10,100,26,Empirical_copula,Gaussian,absolute_residual,0.94125,105584454234.57751,29.182901359049207,0.0009996891021728516,0.6,equicorrelated
0.1,10,100,26,TSCP_R,Gaussian,absolute_residual,0.9025,30959221727.012905,21.878536597543963,0.003994464874267578,0.6,equicorrelated
0.1,10,100,26,Point_CHR,Gaussian,absolute_residual,0.909375,60465990488.96,24.000502894663484,0.0010066032409667969,0.6,equicorrelated
0.1,10,100,26,Unscaled,Gaussian,absolute_residual,0.880625,3771849012193.896,18.099035419869292,0.0,0.6,equicorrelated
0.1,10,100,26,Empirical_copula,Gaussian,absolute_residual,0.868125,21015368963.238678,21.94112317236722,0.0009989738464355469,0.6,equicorrelated
0.2,10,100,26,TSCP_R,Gaussian,absolute_residual,0.828125,10732816870.114176,19.614075535024767,0.0030057430267333984,0.6,equicorrelated
0.2,10,100,26,Point_CHR,Gaussian,absolute_residual,0.78875,7934696691.084442,20.772062130762485,0.0,0.6,equicorrelated
0.2,10,100,26,Unscaled,Gaussian,absolute_residual,0.776875,631701336883.0549,15.137396251537186,0.0,0.6,equicorrelated
0.2,10,100,26,Empirical_copula,Gaussian,absolute_residual,0.764375,4752399333.995437,17.718609134773697,0.0010113716125488281,0.6,equicorrelated
0.05,10,100,27,TSCP_R,Gaussian,absolute_residual,0.923125,47611206586.96471,27.763213288672247,0.0030107498168945312,0.6,equicorrelated
0.05,10,100,27,Point_CHR,Gaussian,absolute_residual,0.89625,61524718477.50314,26.71426084022208,0.0,0.6,equicorrelated
0.05,10,100,27,Unscaled,Gaussian,absolute_residual,0.94625,15054842728643.023,20.785842026359912,0.0,0.6,equicorrelated
0.05,10,100,27,Empirical_copula,Gaussian,absolute_residual,0.89875,26621201058.561787,26.71426084022208,0.00099945068359375,0.6,equicorrelated
0.1,10,100,27,TSCP_R,Gaussian,absolute_residual,0.86875,18536279085.22406,24.935783824703222,0.004994869232177734,0.6,equicorrelated
0.1,10,100,27,Point_CHR,Gaussian,absolute_residual,0.879375,24882146878.91065,24.997753702831396,0.0,0.6,equicorrelated
0.1,10,100,27,Unscaled,Gaussian,absolute_residual,0.93,9900603319315.58,19.93270163542346,0.0,0.6,equicorrelated
0.1,10,100,27,Empirical_copula,Gaussian,absolute_residual,0.8475,13093711972.27069,24.548241771579114,0.001001119613647461,0.6,equicorrelated
0.2,10,100,27,TSCP_R,Gaussian,absolute_residual,0.770625,4829682912.386079,21.99469380504311,0.002997875213623047,0.6,equicorrelated
0.2,10,100,27,Point_CHR,Gaussian,absolute_residual,0.79375,10388472549.752005,22.752685259154234,0.0010006427764892578,0.6,equicorrelated
0.2,10,100,27,Unscaled,Gaussian,absolute_residual,0.83875,1599583855063.265,16.611188296170663,0.0,0.6,equicorrelated
0.2,10,100,27,Empirical_copula,Gaussian,absolute_residual,0.7525,3809766598.424673,20.78584202634468,0.0010192394256591797,0.6,equicorrelated
0.05,10,100,28,TSCP_R,Gaussian,absolute_residual,0.975,159816390804.57693,29.86038250877449,0.00400996208190918,0.6,equicorrelated
0.05,10,100,28,Point_CHR,Gaussian,absolute_residual,0.995,1107527845831.5332,32.682246708438356,0.001001596450805664,0.6,equicorrelated
0.05,10,100,28,Unscaled,Gaussian,absolute_residual,0.9475,15853424779454.926,20.893553506617305,0.0,0.6,equicorrelated
0.05,10,100,28,Empirical_copula,Gaussian,absolute_residual,0.953125,155799167616.48914,34.85398550572651,0.000995635986328125,0.6,equicorrelated
0.1,10,100,28,TSCP_R,Gaussian,absolute_residual,0.934375,45464692955.96267,26.58835216733257,0.0040073394775390625,0.6,equicorrelated
0.1,10,100,28,Point_CHR,Gaussian,absolute_residual,0.98375,295417733135.6047,29.581520031538112,0.0,0.6,equicorrelated
0.1,10,100,28,Unscaled,Gaussian,absolute_residual,0.893125,3929051867478.6216,18.173089950425204,0.0,0.6,equicorrelated
0.1,10,100,28,Empirical_copula,Gaussian,absolute_residual,0.915,38183655604.77059,23.385956979642103,0.0009951591491699219,0.6,equicorrelated
0.2,10,100,28,TSCP_R,Gaussian,absolute_residual,0.84125,9569969853.662868,22.63943188545528,0.002997159957885742,0.6,equicorrelated
0.2,10,100,28,Point_CHR,Gaussian,absolute_residual,0.825625,8808734496.709225,19.86646806173947,0.0,0.6,equicorrelated
0.2,10,100,28,Unscaled,Gaussian,absolute_residual,0.834375,1289701418331.8982,16.257318634361315,0.0009996891021728516,0.6,equicorrelated
0.2,10,100,28,Empirical_copula,Gaussian,absolute_residual,0.815625,6602954277.841787,19.86646806173947,0.001001119613647461,0.6,equicorrelated
0.05,10,100,29,TSCP_R,Gaussian,absolute_residual,0.9775,201871960964.31586,30.629662010240462,0.004020214080810547,0.6,equicorrelated
0.05,10,100,29,Point_CHR,Gaussian,absolute_residual,0.98125,372679942879.5425,39.366288332643265,0.0,0.6,equicorrelated
0.05,10,100,29,Unscaled,Gaussian,absolute_residual,0.983125,138152887315871.3,25.943943901066515,0.0,0.6,equicorrelated
0.05,10,100,29,Empirical_copula,Gaussian,absolute_residual,0.94125,79694537405.50728,29.062007349993564,0.0010063648223876953,0.6,equicorrelated
0.1,10,100,29,TSCP_R,Gaussian,absolute_residual,0.93,50589533591.14668,26.517214144883667,0.003999471664428711,0.6,equicorrelated
0.1,10,100,29,Point_CHR,Gaussian,absolute_residual,0.951875,88255001331.19081,28.036346091122127,0.0,0.6,equicorrelated
0.1,10,100,29,Unscaled,Gaussian,absolute_residual,0.91375,6904316686794.983,19.227024085295955,0.0,0.6,equicorrelated
0.1,10,100,29,Empirical_copula,Gaussian,absolute_residual,0.871875,20760331175.33017,28.006693137974644,0.000993490219116211,0.6,equicorrelated
0.2,10,100,29,TSCP_R,Gaussian,absolute_residual,0.8175,7919258008.928732,22.387176927109426,0.003006458282470703,0.6,equicorrelated
0.2,10,100,29,Point_CHR,Gaussian,absolute_residual,0.82875,9583051496.631504,24.4504763559393,0.0009999275207519531,0.6,equicorrelated
0.2,10,100,29,Unscaled,Gaussian,absolute_residual,0.823125,1117862314170.7402,16.02650530105538,0.0,0.6,equicorrelated
0.2,10,100,29,Empirical_copula,Gaussian,absolute_residual,0.785625,5948300166.219612,21.058431718761224,0.0009930133819580078,0.6,equicorrelated
0.05,10,100,30,TSCP_R,Gaussian,absolute_residual,0.965,129501572975.70462,30.873966772952166,0.0029990673065185547,0.6,equicorrelated
0.05,10,100,30,Point_CHR,Gaussian,absolute_residual,0.974375,394167637854.53534,42.59028608404884,0.0009942054748535156,0.6,equicorrelated
0.05,10,100,30,Unscaled,Gaussian,absolute_residual,0.951875,24981249587201.117,21.865600845845552,0.0,0.6,equicorrelated
0.05,10,100,30,Empirical_copula,Gaussian,absolute_residual,0.94625,70694643589.49028,30.00799350328192,0.0009996891021728516,0.6,equicorrelated
0.1,10,100,30,TSCP_R,Gaussian,absolute_residual,0.910625,32469382567.906067,26.79692844606877,0.004005908966064453,0.6,equicorrelated
0.1,10,100,30,Point_CHR,Gaussian,absolute_residual,0.9325,57986774761.87634,24.099611977135893,0.0,0.6,equicorrelated
0.1,10,100,30,Unscaled,Gaussian,absolute_residual,0.894375,4443444546497.191,18.398057695864026,0.0,0.6,equicorrelated
0.1,10,100,30,Empirical_copula,Gaussian,absolute_residual,0.881875,23907178762.65729,29.85795189325049,0.0010001659393310547,0.6,equicorrelated
0.2,10,100,30,TSCP_R,Gaussian,absolute_residual,0.781875,4760290498.550678,21.81703340005391,0.0030002593994140625,0.6,equicorrelated
0.2,10,100,30,Point_CHR,Gaussian,absolute_residual,0.746875,3586860071.3727784,19.914215085551355,0.0009996891021728516,0.6,equicorrelated
0.2,10,100,30,Unscaled,Gaussian,absolute_residual,0.76,465777732807.6624,14.68310391086425,0.0,0.6,equicorrelated
0.2,10,100,30,Empirical_copula,Gaussian,absolute_residual,0.76875,5322775972.217982,26.997378601487014,0.0010001659393310547,0.6,equicorrelated
0.05,10,100,31,TSCP_R,Gaussian,absolute_residual,0.9625,121865592312.4195,27.077009963228008,0.004006624221801758,0.6,equicorrelated
0.05,10,100,31,Point_CHR,Gaussian,absolute_residual,0.960625,204252156107.16113,30.658920985503862,0.0,0.6,equicorrelated
0.05,10,100,31,Unscaled,Gaussian,absolute_residual,0.9225,9810223381096.475,19.914430426527908,0.0009927749633789062,0.6,equicorrelated
0.05,10,100,31,Empirical_copula,Gaussian,absolute_residual,0.926875,54826420722.162766,27.01610665900997,0.0010004043579101562,0.6,equicorrelated
0.1,10,100,31,TSCP_R,Gaussian,absolute_residual,0.840625,9499620088.957685,21.849279099070515,0.0030069351196289062,0.6,equicorrelated
0.1,10,100,31,Point_CHR,Gaussian,absolute_residual,0.89125,28544392920.44074,26.796947861554326,0.0009996891021728516,0.6,equicorrelated
0.1,10,100,31,Unscaled,Gaussian,absolute_residual,0.844375,2006164801837.289,16.991693307284507,0.0,0.6,equicorrelated
0.1,10,100,31,Empirical_copula,Gaussian,absolute_residual,0.77375,4810039246.700517,22.292725149443026,0.0010004043579101562,0.6,equicorrelated
0.2,10,100,31,TSCP_R,Gaussian,absolute_residual,0.748125,3284471867.543776,19.666160718788554,0.002995014190673828,0.6,equicorrelated
0.2,10,100,31,Point_CHR,Gaussian,absolute_residual,0.8,5635529134.207542,20.33223415214399,0.00099945068359375,0.6,equicorrelated
0.2,10,100,31,Unscaled,Gaussian,absolute_residual,0.781875,636443329987.4343,15.14872123887764,0.0,0.6,equicorrelated
0.2,10,100,31,Empirical_copula,Gaussian,absolute_residual,0.690625,2066009264.7657309,19.91443042644743,0.0010006427764892578,0.6,equicorrelated
0.05,10,100,32,TSCP_R,Gaussian,absolute_residual,0.944375,65211843189.25789,25.268112472818352,0.004006385803222656,0.6,equicorrelated
0.05,10,100,32,Point_CHR,Gaussian,absolute_residual,0.929375,44954285867.84229,25.634837373650115,0.0,0.6,equicorrelated
0.05,10,100,32,Unscaled,Gaussian,absolute_residual,0.924375,8846339920233.727,19.70953427677694,0.0,0.6,equicorrelated
0.05,10,100,32,Empirical_copula,Gaussian,absolute_residual,0.909375,49164240861.815155,25.264054678535757,0.001993894577026367,0.6,equicorrelated
0.1,10,100,32,TSCP_R,Gaussian,absolute_residual,0.83,9052605566.392122,20.75242699475531,0.0030059814453125,0.6,equicorrelated
0.1,10,100,32,Point_CHR,Gaussian,absolute_residual,0.815625,9521776276.419104,21.766599652222087,0.0,0.6,equicorrelated
0.1,10,100,32,Unscaled,Gaussian,absolute_residual,0.88625,3549019097483.486,17.989157891695758,0.0009996891021728516,0.6,equicorrelated
0.1,10,100,32,Empirical_copula,Gaussian,absolute_residual,0.780625,5110360162.567633,19.709534276679378,0.0009999275207519531,0.6,equicorrelated
0.2,10,100,32,TSCP_R,Gaussian,absolute_residual,0.760625,3709200484.4814944,19.018809005057005,0.0030028820037841797,0.6,equicorrelated
0.2,10,100,32,Point_CHR,Gaussian,absolute_residual,0.71375,2942956159.3657885,18.66404724924334,0.0,0.6,equicorrelated
0.2,10,100,32,Unscaled,Gaussian,absolute_residual,0.784375,599991575221.3497,15.059637400300648,0.0,0.6,equicorrelated
0.2,10,100,32,Empirical_copula,Gaussian,absolute_residual,0.705625,2519145016.5403748,17.93492137443215,0.0009970664978027344,0.6,equicorrelated
0.05,10,100,33,TSCP_R,Gaussian,absolute_residual,0.963125,123085098352.35689,29.272934216158305,0.004025459289550781,0.6,equicorrelated
0.05,10,100,33,Point_CHR,Gaussian,absolute_residual,0.953125,101823878881.56209,29.822193203172887,0.0,0.6,equicorrelated
0.05,10,100,33,Unscaled,Gaussian,absolute_residual,0.944375,17246450416426.896,21.070263770891845,0.0,0.6,equicorrelated
0.05,10,100,33,Empirical_copula,Gaussian,absolute_residual,0.94875,105482954932.0782,28.17640515368771,0.0009932518005371094,0.6,equicorrelated
0.1,10,100,33,TSCP_R,Gaussian,absolute_residual,0.8875,21976724339.4236,24.731249483775336,0.004000425338745117,0.6,equicorrelated
0.1,10,100,33,Point_CHR,Gaussian,absolute_residual,0.850625,14918581148.05429,24.448196328534706,0.001001596450805664,0.6,equicorrelated
0.1,10,100,33,Unscaled,Gaussian,absolute_residual,0.92,7108819900547.308,19.283228661433057,0.0,0.6,equicorrelated
0.1,10,100,33,Empirical_copula,Gaussian,absolute_residual,0.849375,14819092963.894318,23.86999457928546,0.0009999275207519531,0.6,equicorrelated
0.2,10,100,33,TSCP_R,Gaussian,absolute_residual,0.809375,7579468992.641571,22.288447178188235,0.003000020980834961,0.6,equicorrelated
0.2,10,100,33,Point_CHR,Gaussian,absolute_residual,0.789375,6310215303.167546,24.80605360425281,0.0,0.6,equicorrelated
0.2,10,100,33,Unscaled,Gaussian,absolute_residual,0.836875,1683845325005.9592,16.696683681842853,0.0,0.6,equicorrelated
0.2,10,100,33,Empirical_copula,Gaussian,absolute_residual,0.75125,3310996638.934236,19.504171527499615,0.0010013580322265625,0.6,equicorrelated
0.05,10,100,34,TSCP_R,Gaussian,absolute_residual,0.959375,98186851318.18968,25.423508314004714,0.004026174545288086,0.6,equicorrelated
0.05,10,100,34,Point_CHR,Gaussian,absolute_residual,0.955625,196896033240.06888,25.361487924569232,0.0,0.6,equicorrelated
0.05,10,100,34,Unscaled,Gaussian,absolute_residual,0.91375,7121644762643.494,19.28670468432133,0.0,0.6,equicorrelated
0.05,10,100,34,Empirical_copula,Gaussian,absolute_residual,0.923125,57561668245.83641,24.46063790255411,0.0010385513305664062,0.6,equicorrelated
0.1,10,100,34,TSCP_R,Gaussian,absolute_residual,0.93375,49011736600.5958,23.209353764756603,0.003961086273193359,0.6,equicorrelated
0.1,10,100,34,Point_CHR,Gaussian,absolute_residual,0.9525,148247019403.2711,28.671012898721315,0.0010001659393310547,0.6,equicorrelated
0.1,10,100,34,Unscaled,Gaussian,absolute_residual,0.855625,2218125102380.7524,17.163213452338358,0.0,0.6,equicorrelated
0.1,10,100,34,Empirical_copula,Gaussian,absolute_residual,0.83375,10688080070.75887,23.609937260727044,0.0009999275207519531,0.6,equicorrelated
0.2,10,100,34,TSCP_R,Gaussian,absolute_residual,0.773125,3816968010.742689,18.758715453372744,0.0029952526092529297,0.6,equicorrelated
0.2,10,100,34,Point_CHR,Gaussian,absolute_residual,0.76875,5205352809.381168,19.256337001297453,0.0010001659393310547,0.6,equicorrelated
0.2,10,100,34,Unscaled,Gaussian,absolute_residual,0.783125,592923805348.877,15.041802730742788,0.0,0.6,equicorrelated
0.2,10,100,34,Empirical_copula,Gaussian,absolute_residual,0.746875,3299915802.702288,20.251797742941683,0.0010001659393310547,0.6,equicorrelated
0.05,10,100,35,TSCP_R,Gaussian,absolute_residual,0.961875,96821790671.76714,25.649653259851153,0.004007101058959961,0.6,equicorrelated
0.05,10,100,35,Point_CHR,Gaussian,absolute_residual,0.96125,173260864093.22284,29.09962010447269,0.0,0.6,equicorrelated
0.05,10,100,35,Unscaled,Gaussian,absolute_residual,0.968125,30401297521316.79,22.299196367953588,0.0,0.6,equicorrelated
0.05,10,100,35,Empirical_copula,Gaussian,absolute_residual,0.95375,87281698233.41579,25.079238812604302,0.0009927749633789062,0.6,equicorrelated
0.1,10,100,35,TSCP_R,Gaussian,absolute_residual,0.9325,42740560856.28967,23.49195056625041,0.0029990673065185547,0.6,equicorrelated
0.1,10,100,35,Point_CHR,Gaussian,absolute_residual,0.889375,26859291445.612354,24.845805821996677,0.0010020732879638672,0.6,equicorrelated
0.1,10,100,35,Unscaled,Gaussian,absolute_residual,0.924375,7745769075265.345,19.449411031418826,0.0,0.6,equicorrelated
0.1,10,100,35,Empirical_copula,Gaussian,absolute_residual,0.90375,28250877783.978413,22.377766157368367,0.0009999275207519531,0.6,equicorrelated
0.2,10,100,35,TSCP_R,Gaussian,absolute_residual,0.855625,10324441760.67406,20.60597566567433,0.002997875213623047,0.6,equicorrelated
0.2,10,100,35,Point_CHR,Gaussian,absolute_residual,0.824375,8142199029.1983595,21.971874771707515,0.0010006427764892578,0.6,equicorrelated
0.2,10,100,35,Unscaled,Gaussian,absolute_residual,0.86,1791135035904.9973,16.800137372489477,0.0,0.6,equicorrelated
0.2,10,100,35,Empirical_copula,Gaussian,absolute_residual,0.805,7573013237.771359,20.616535238649696,0.0010018348693847656,0.6,equicorrelated
0.05,10,100,36,TSCP_R,Gaussian,absolute_residual,0.9725,210765455499.49664,28.95478146904408,0.0030059814453125,0.6,equicorrelated
0.05,10,100,36,Point_CHR,Gaussian,absolute_residual,0.98875,1000491654047.4913,37.044579316748326,0.0010001659393310547,0.6,equicorrelated
0.05,10,100,36,Unscaled,Gaussian,absolute_residual,0.966875,41765930496497.74,23.01877543829379,0.0,0.6,equicorrelated
0.05,10,100,36,Empirical_copula,Gaussian,absolute_residual,0.915,58507308854.4298,26.83584689467408,0.0009949207305908203,0.6,equicorrelated
0.1,10,100,36,TSCP_R,Gaussian,absolute_residual,0.89875,34169101522.09203,24.262512999513717,0.003999233245849609,0.6,equicorrelated
0.1,10,100,36,Point_CHR,Gaussian,absolute_residual,0.88625,23724248189.527718,24.64792281380137,0.0,0.6,equicorrelated
0.1,10,100,36,Unscaled,Gaussian,absolute_residual,0.94125,13984127033004.979,20.633055009585703,0.0,0.6,equicorrelated
0.1,10,100,36,Empirical_copula,Gaussian,absolute_residual,0.858125,21442793137.405407,23.13222570530448,0.002000093460083008,0.6,equicorrelated
0.2,10,100,36,TSCP_R,Gaussian,absolute_residual,0.808125,8915164339.031471,21.07232694464769,0.003007173538208008,0.6,equicorrelated
0.2,10,100,36,Point_CHR,Gaussian,absolute_residual,0.75875,5178337443.550671,19.498381176402816,0.0009922981262207031,0.6,equicorrelated
0.2,10,100,36,Unscaled,Gaussian,absolute_residual,0.828125,1561062343382.015,16.570744640028643,0.0,0.6,equicorrelated
0.2,10,100,36,Empirical_copula,Gaussian,absolute_residual,0.774375,7264426226.287634,21.33038999453126,0.00099945068359375,0.6,equicorrelated
0.05,10,100,37,TSCP_R,Gaussian,absolute_residual,0.8975,22194124394.802628,25.847806363862727,0.0029897689819335938,0.6,equicorrelated
0.05,10,100,37,Point_CHR,Gaussian,absolute_residual,0.985,815922850722.5094,30.499828371381458,0.0010001659393310547,0.6,equicorrelated
0.05,10,100,37,Unscaled,Gaussian,absolute_residual,0.925625,8476960694518.538,19.625648530887563,0.0,0.6,equicorrelated
0.05,10,100,37,Empirical_copula,Gaussian,absolute_residual,0.77875,6803895321.70898,27.930491376466364,0.0010004043579101562,0.6,equicorrelated
0.1,10,100,37,TSCP_R,Gaussian,absolute_residual,0.835625,9122124533.973087,23.678161388656157,0.0029952526092529297,0.6,equicorrelated
0.1,10,100,37,Point_CHR,Gaussian,absolute_residual,0.844375,12887145615.066528,23.74219820116476,0.0,0.6,equicorrelated
0.1,10,100,37,Unscaled,Gaussian,absolute_residual,0.8625,1870779196842.7314,16.873386447838563,0.0,0.6,equicorrelated
0.1,10,100,37,Empirical_copula,Gaussian,absolute_residual,0.77875,6803895321.70898,27.930491376466364,0.0010004043579101562,0.6,equicorrelated
0.2,10,100,37,TSCP_R,Gaussian,absolute_residual,0.736875,2708997282.2035294,20.913917762781963,0.004000186920166016,0.6,equicorrelated
0.2,10,100,37,Point_CHR,Gaussian,absolute_residual,0.69125,2425421621.5488424,20.13600378980703,0.0010004043579101562,0.6,equicorrelated
0.2,10,100,37,Unscaled,Gaussian,absolute_residual,0.78125,546969370161.2486,14.920944009304424,0.0,0.6,equicorrelated
0.2,10,100,37,Empirical_copula,Gaussian,absolute_residual,0.679375,1867447074.3477952,19.489887467098306,0.001001119613647461,0.6,equicorrelated
0.05,10,100,38,TSCP_R,Gaussian,absolute_residual,0.98,229021232726.39554,28.89972329365791,0.0039997100830078125,0.6,equicorrelated
0.05,10,100,38,Point_CHR,Gaussian,absolute_residual,0.97625,298021990245.1072,32.879270988636705,0.0010128021240234375,0.6,equicorrelated
0.05,10,100,38,Unscaled,Gaussian,absolute_residual,0.968125,22340619320610.375,21.62267998578668,0.0,0.6,equicorrelated
0.05,10,100,38,Empirical_copula,Gaussian,absolute_residual,0.9725,185614356034.32382,28.75663866010001,0.0009872913360595703,0.6,equicorrelated
0.1,10,100,38,TSCP_R,Gaussian,absolute_residual,0.93,29966071559.054226,23.759959333604804,0.003007650375366211,0.6,equicorrelated
0.1,10,100,38,Point_CHR,Gaussian,absolute_residual,0.90875,23175586396.196323,23.826799856632405,0.0009930133819580078,0.6,equicorrelated
0.1,10,100,38,Unscaled,Gaussian,absolute_residual,0.8975,3311055011261.315,17.86473751916301,0.0,0.6,equicorrelated
0.1,10,100,38,Empirical_copula,Gaussian,absolute_residual,0.86,11338238332.270382,21.622679985705275,0.0010008811950683594,0.6,equicorrelated
0.2,10,100,38,TSCP_R,Gaussian,absolute_residual,0.8,4564551032.360204,19.79695738652368,0.0030057430267333984,0.6,equicorrelated
0.2,10,100,38,Point_CHR,Gaussian,absolute_residual,0.75,2823906442.2653728,18.145490921753684,0.0,0.6,equicorrelated
0.2,10,100,38,Unscaled,Gaussian,absolute_residual,0.761875,366878324651.3929,14.336799293338363,0.0,0.6,equicorrelated
0.2,10,100,38,Empirical_copula,Gaussian,absolute_residual,0.770625,3538140653.703232,18.572128832490883,0.0009930133819580078,0.6,equicorrelated
0.05,10,100,39,TSCP_R,Gaussian,absolute_residual,0.965,114685813882.848,28.1886423153033,0.003997802734375,0.6,equicorrelated
0.05,10,100,39,Point_CHR,Gaussian,absolute_residual,0.97875,415299337884.3319,30.309194564335677,0.0,0.6,equicorrelated
0.05,10,100,39,Unscaled,Gaussian,absolute_residual,0.960625,22788638316356.383,21.665655714817852,0.0,0.6,equicorrelated
0.05,10,100,39,Empirical_copula,Gaussian,absolute_residual,0.953125,78795982045.04224,26.735520606223353,0.0009915828704833984,0.6,equicorrelated
0.1,10,100,39,TSCP_R,Gaussian,absolute_residual,0.925,38578692629.67781,25.22151525928657,0.0039980411529541016,0.6,equicorrelated
0.1,10,100,39,Point_CHR,Gaussian,absolute_residual,0.935625,86329342262.04532,27.785290968555458,0.0,0.6,equicorrelated
0.1,10,100,39,Unscaled,Gaussian,absolute_residual,0.915,5902708603675.622,18.928017744064217,0.0,0.6,equicorrelated
0.1,10,100,39,Empirical_copula,Gaussian,absolute_residual,0.89,21348486682.654194,23.94408724365163,0.001992464065551758,0.6,equicorrelated
0.2,10,100,39,TSCP_R,Gaussian,absolute_residual,0.79375,5572955303.793225,20.687257342711817,0.0029997825622558594,0.6,equicorrelated
0.2,10,100,39,Point_CHR,Gaussian,absolute_residual,0.80875,14029548898.35934,21.585848850649683,0.0,0.6,equicorrelated
0.2,10,100,39,Unscaled,Gaussian,absolute_residual,0.82,1109505953344.55,16.014484508642536,0.0,0.6,equicorrelated
0.2,10,100,39,Empirical_copula,Gaussian,absolute_residual,0.75375,3537958201.206253,20.008654579510125,0.0010020732879638672,0.6,equicorrelated
0.05,10,100,40,TSCP_R,Gaussian,absolute_residual,0.95,70347851383.89369,25.621155627028884,0.005001068115234375,0.6,equicorrelated
0.05,10,100,40,Point_CHR,Gaussian,absolute_residual,0.959375,205596928782.80783,27.26902800489289,0.0,0.6,equicorrelated
0.05,10,100,40,Unscaled,Gaussian,absolute_residual,0.9225,9714173405875.336,19.894846156605865,0.0,0.6,equicorrelated
0.05,10,100,40,Empirical_copula,Gaussian,absolute_residual,0.86125,21703610902.088913,23.40672472655203,0.002007007598876953,0.6,equicorrelated
0.1,10,100,40,TSCP_R,Gaussian,absolute_residual,0.874375,20880344049.244194,22.617874208801645,0.0029914379119873047,0.6,equicorrelated
0.1,10,100,40,Point_CHR,Gaussian,absolute_residual,0.874375,26130513898.054073,24.979837350455263,0.0010020732879638672,0.6,equicorrelated
0.1,10,100,40,Unscaled,Gaussian,absolute_residual,0.855,2459124428150.431,17.341156209882676,0.0,0.6,equicorrelated
0.1,10,100,40,Empirical_copula,Gaussian,absolute_residual,0.773125,7822170585.066302,19.894846156530058,0.001008749008178711,0.6,equicorrelated
0.2,10,100,40,TSCP_R,Gaussian,absolute_residual,0.7825,6359074473.484155,19.963315570333506,0.0029900074005126953,0.6,equicorrelated
0.2,10,100,40,Point_CHR,Gaussian,absolute_residual,0.816875,10174339328.579952,21.755358481949997,0.0010061264038085938,0.6,equicorrelated
0.2,10,100,40,Unscaled,Gaussian,absolute_residual,0.77125,569899377022.6819,14.982345856563365,0.0,0.6,equicorrelated
0.2,10,100,40,Empirical_copula,Gaussian,absolute_residual,0.7275,4354230699.690188,18.683190937624182,0.000993490219116211,0.6,equicorrelated
0.05,10,100,41,TSCP_R,Gaussian,absolute_residual,0.94625,91068808316.27878,26.889879674974253,0.00500035285949707,0.6,equicorrelated
0.05,10,100,41,Point_CHR,Gaussian,absolute_residual,0.976875,267600860013.5073,32.86196905710962,0.0,0.6,equicorrelated
0.05,10,100,41,Unscaled,Gaussian,absolute_residual,0.953125,26793163997985.43,22.019243809325,0.0,0.6,equicorrelated
0.05,10,100,41,Empirical_copula,Gaussian,absolute_residual,0.919375,65721041249.499954,26.723125275220816,0.0010063648223876953,0.6,equicorrelated
0.1,10,100,41,TSCP_R,Gaussian,absolute_residual,0.899375,31366022339.09055,24.27907454028837,0.0029921531677246094,0.6,equicorrelated
0.1,10,100,41,Point_CHR,Gaussian,absolute_residual,0.93625,112250092699.97052,30.310653146098232,0.0,0.6,equicorrelated
0.1,10,100,41,Unscaled,Gaussian,absolute_residual,0.8925,5703334496013.407,18.863092061828773,0.0,0.6,equicorrelated
0.1,10,100,41,Empirical_copula,Gaussian,absolute_residual,0.85875,22204799314.05873,23.227933196612163,0.0010113716125488281,0.6,equicorrelated
0.2,10,100,41,TSCP_R,Gaussian,absolute_residual,0.75625,4538773423.252296,19.869777257145998,0.0030012130737304688,0.6,equicorrelated
0.2,10,100,41,Point_CHR,Gaussian,absolute_residual,0.76875,5886449662.160592,22.354883199061042,0.0,0.6,equicorrelated
0.2,10,100,41,Unscaled,Gaussian,absolute_residual,0.834375,1832583918327.3857,16.838615768420524,0.0,0.6,equicorrelated
0.2,10,100,41,Empirical_copula,Gaussian,absolute_residual,0.771875,6603514868.408736,20.791847631345732,0.001990795135498047,0.6,equicorrelated
0.05,10,100,42,TSCP_R,Gaussian,absolute_residual,0.9525,71096101391.53986,25.18386847055544,0.00400543212890625,0.6,equicorrelated
0.05,10,100,42,Point_CHR,Gaussian,absolute_residual,0.905625,29895701634.312737,23.562216929402023,0.0,0.6,equicorrelated
0.05,10,100,42,Unscaled,Gaussian,absolute_residual,0.90875,5916009829691.859,18.932278684649017,0.0,0.6,equicorrelated
0.05,10,100,42,Empirical_copula,Gaussian,absolute_residual,0.93,55827554110.2473,27.457628961509823,0.0009963512420654297,0.6,equicorrelated
0.1,10,100,42,TSCP_R,Gaussian,absolute_residual,0.863125,10401700289.79822,20.95454076740541,0.00399327278137207,0.6,equicorrelated
0.1,10,100,42,Point_CHR,Gaussian,absolute_residual,0.815625,7164946387.904216,20.78216615064773,0.001010894775390625,0.6,equicorrelated
0.1,10,100,42,Unscaled,Gaussian,absolute_residual,0.87,2545369943771.7847,17.401035425067132,0.0,0.6,equicorrelated
0.1,10,100,42,Empirical_copula,Gaussian,absolute_residual,0.82375,9103893797.481285,26.497081282150624,0.000997781753540039,0.6,equicorrelated
0.2,10,100,42,TSCP_R,Gaussian,absolute_residual,0.74875,2592929017.722677,18.313858213795392,0.0029904842376708984,0.6,equicorrelated
0.2,10,100,42,Point_CHR,Gaussian,absolute_residual,0.780625,5110933591.307118,19.357113212683885,0.0,0.6,equicorrelated
0.2,10,100,42,Unscaled,Gaussian,absolute_residual,0.7725,422044858432.1036,14.539044351930174,0.0010066032409667969,0.6,equicorrelated
0.2,10,100,42,Empirical_copula,Gaussian,absolute_residual,0.71375,1844503088.7660258,18.914123962936,0.0009944438934326172,0.6,equicorrelated
0.05,10,100,43,TSCP_R,Gaussian,absolute_residual,0.96125,119428599957.87758,27.77255005771144,0.0042002201080322266,0.6,equicorrelated
0.05,10,100,43,Point_CHR,Gaussian,absolute_residual,0.9625,198116277063.31802,28.181260379037393,0.0,0.6,equicorrelated
0.05,10,100,43,Unscaled,Gaussian,absolute_residual,0.95875,25189665774710.81,21.883774981149845,0.0,0.6,equicorrelated
0.05,10,100,43,Empirical_copula,Gaussian,absolute_residual,0.9375,63775376267.27569,26.730537107056318,0.0010001659393310547,0.6,equicorrelated
0.1,10,100,43,TSCP_R,Gaussian,absolute_residual,0.92625,42289226044.36624,24.958480736091325,0.00399327278137207,0.6,equicorrelated
0.1,10,100,43,Point_CHR,Gaussian,absolute_residual,0.93375,60767429541.4505,26.733141981262605,0.0010063648223876953,0.6,equicorrelated
0.1,10,100,43,Unscaled,Gaussian,absolute_residual,0.92875,7707997115415.357,19.439905719971012,0.0,0.6,equicorrelated
0.1,10,100,43,Empirical_copula,Gaussian,absolute_residual,0.8975,25656354989.406994,24.781881408274643,0.0010008811950683594,0.6,equicorrelated
0.2,10,100,43,TSCP_R,Gaussian,absolute_residual,0.86375,13162841093.800026,21.954607439199176,0.0029993057250976562,0.6,equicorrelated
0.2,10,100,43,Point_CHR,Gaussian,absolute_residual,0.87375,19758476366.424015,23.41063646462401,0.000993490219116211,0.6,equicorrelated
0.2,10,100,43,Unscaled,Gaussian,absolute_residual,0.81875,960418140832.746,15.785052674389796,0.0,0.6,equicorrelated
0.2,10,100,43,Empirical_copula,Gaussian,absolute_residual,0.843125,11417097819.227676,21.883774981066576,0.001001596450805664,0.6,equicorrelated
0.05,10,100,44,TSCP_R,Gaussian,absolute_residual,0.943125,53802570308.124725,25.423146537096073,0.0039997100830078125,0.6,equicorrelated
0.05,10,100,44,Point_CHR,Gaussian,absolute_residual,0.950625,87570446103.1261,25.664137931601665,0.001007080078125,0.6,equicorrelated
0.05,10,100,44,Unscaled,Gaussian,absolute_residual,0.92875,10200621553362.97,19.99229555519599,0.0,0.6,equicorrelated
0.05,10,100,44,Empirical_copula,Gaussian,absolute_residual,0.933125,47559498890.86792,27.482823103052894,0.0009999275207519531,0.6,equicorrelated
0.1,10,100,44,TSCP_R,Gaussian,absolute_residual,0.92625,36664511752.417,24.673425054936967,0.004002809524536133,0.6,equicorrelated
0.1,10,100,44,Point_CHR,Gaussian,absolute_residual,0.92375,39311244847.069405,23.07390862518467,0.0009906291961669922,0.6,equicorrelated
0.1,10,100,44,Unscaled,Gaussian,absolute_residual,0.865,2515257343897.103,17.380338981939744,0.0,0.6,equicorrelated
0.1,10,100,44,Empirical_copula,Gaussian,absolute_residual,0.88625,17350521288.244583,24.825451466349623,0.0010066032409667969,0.6,equicorrelated
0.2,10,100,44,TSCP_R,Gaussian,absolute_residual,0.803125,4981085737.491636,19.985409576923683,0.002993345260620117,0.6,equicorrelated
0.2,10,100,44,Point_CHR,Gaussian,absolute_residual,0.778125,4033892015.890757,19.443620013786322,0.0010023117065429688,0.6,equicorrelated
0.2,10,100,44,Unscaled,Gaussian,absolute_residual,0.775,601490509230.5262,15.063395463961808,0.0,0.6,equicorrelated
0.2,10,100,44,Empirical_copula,Gaussian,absolute_residual,0.79875,5607793651.598373,19.992295555123754,0.0009982585906982422,0.6,equicorrelated
0.05,10,100,45,TSCP_R,Gaussian,absolute_residual,0.948125,68575601483.50942,28.54983053810698,0.003998756408691406,0.6,equicorrelated
0.05,10,100,45,Point_CHR,Gaussian,absolute_residual,0.99,2875026168640.095,44.57478764836,0.0010066032409667969,0.6,equicorrelated
0.05,10,100,45,Unscaled,Gaussian,absolute_residual,0.959375,21106405976957.805,21.500146974073832,0.0,0.6,equicorrelated
0.05,10,100,45,Empirical_copula,Gaussian,absolute_residual,0.9425,104359673457.83752,30.168600445352254,0.000993967056274414,0.6,equicorrelated
0.1,10,100,45,TSCP_R,Gaussian,absolute_residual,0.91125,32072381749.68269,26.507742267783932,0.004008769989013672,0.6,equicorrelated
0.1,10,100,45,Point_CHR,Gaussian,absolute_residual,0.901875,33562818852.76755,27.048936486044518,0.0,0.6,equicorrelated
0.1,10,100,45,Unscaled,Gaussian,absolute_residual,0.89625,5203022605248.558,18.690700193238545,0.0009903907775878906,0.6,equicorrelated
0.1,10,100,45,Empirical_copula,Gaussian,absolute_residual,0.88,22448618673.21234,26.497997077863577,0.0009996891021728516,0.6,equicorrelated
0.2,10,100,45,TSCP_R,Gaussian,absolute_residual,0.81875,7623607832.663566,22.889545467666267,0.003000020980834961,0.6,equicorrelated
0.2,10,100,45,Point_CHR,Gaussian,absolute_residual,0.81125,8137595609.00766,21.500146974036785,0.0,0.6,equicorrelated
0.2,10,100,45,Unscaled,Gaussian,absolute_residual,0.83,1357145744300.7175,16.340398698475777,0.0,0.6,equicorrelated
0.2,10,100,45,Empirical_copula,Gaussian,absolute_residual,0.800625,6540154466.339247,21.500146974036785,0.002001047134399414,0.6,equicorrelated
0.05,10,100,46,TSCP_R,Gaussian,absolute_residual,0.968125,194274693342.47284,31.583627974267795,0.004041433334350586,0.6,equicorrelated
0.05,10,100,46,Point_CHR,Gaussian,absolute_residual,0.986875,662904812370.1378,33.03000539168664,0.0,0.6,equicorrelated
0.05,10,100,46,Unscaled,Gaussian,absolute_residual,0.969375,50107698142378.336,23.441772413843367,0.0,0.6,equicorrelated
0.05,10,100,46,Empirical_copula,Gaussian,absolute_residual,0.9675,206117394202.5375,30.1230235462259,0.0010004043579101562,0.6,equicorrelated
0.1,10,100,46,TSCP_R,Gaussian,absolute_residual,0.928125,45037698506.07109,27.382302260506606,0.003999471664428711,0.6,equicorrelated
0.1,10,100,46,Point_CHR,Gaussian,absolute_residual,0.95875,146335265891.16403,30.74042798218871,0.0010001659393310547,0.6,equicorrelated
0.1,10,100,46,Unscaled,Gaussian,absolute_residual,0.94,14947976908811.248,20.771039988041796,0.0,0.6,equicorrelated
0.1,10,100,46,Empirical_copula,Gaussian,absolute_residual,0.881875,25628898508.8661,27.18979137746937,0.0010027885437011719,0.6,equicorrelated
0.2,10,100,46,TSCP_R,Gaussian,absolute_residual,0.85375,13222304875.703243,24.14577234259867,0.0029909610748291016,0.6,equicorrelated
0.2,10,100,46,Point_CHR,Gaussian,absolute_residual,0.880625,21421000140.892017,28.800599852110217,0.0010089874267578125,0.6,equicorrelated
0.2,10,100,46,Unscaled,Gaussian,absolute_residual,0.85875,2601586599107.2715,17.439090389001812,0.0,0.6,equicorrelated
0.2,10,100,46,Empirical_copula,Gaussian,absolute_residual,0.809375,7940819745.550959,20.77103998795857,0.0009970664978027344,0.6,equicorrelated
0.05,10,100,47,TSCP_R,Gaussian,absolute_residual,0.974375,178545694324.92758,31.54883380510503,0.0039975643157958984,0.6,equicorrelated
0.05,10,100,47,Point_CHR,Gaussian,absolute_residual,0.98875,875794365470.6967,40.30019367841223,0.0,0.6,equicorrelated
0.05,10,100,47,Unscaled,Gaussian,absolute_residual,0.955,25131697036593.43,21.878733665946235,0.0,0.6,equicorrelated
0.05,10,100,47,Empirical_copula,Gaussian,absolute_residual,0.96,143424022297.00333,29.945451885981456,0.0020151138305664062,0.6,equicorrelated
0.1,10,100,47,TSCP_R,Gaussian,absolute_residual,0.94,51206361841.95121,27.79955123311636,0.0029921531677246094,0.6,equicorrelated
0.1,10,100,47,Point_CHR,Gaussian,absolute_residual,0.8675,17249672244.6424,23.441118833994537,0.0009999275207519531,0.6,equicorrelated
0.1,10,100,47,Unscaled,Gaussian,absolute_residual,0.8975,4942989125894.567,18.595119150783496,0.0,0.6,equicorrelated
0.1,10,100,47,Empirical_copula,Gaussian,absolute_residual,0.856875,12848650367.713268,22.49499970655141,0.00099945068359375,0.6,equicorrelated
0.2,10,100,47,TSCP_R,Gaussian,absolute_residual,0.8,5983792237.569719,22.365983398139598,0.003000497817993164,0.6,equicorrelated
0.2,10,100,47,Point_CHR,Gaussian,absolute_residual,0.815625,8406837414.880952,24.819171308274143,0.0,0.6,equicorrelated
0.2,10,100,47,Unscaled,Gaussian,absolute_residual,0.811875,1161689323071.7893,16.088257168640308,0.0009992122650146484,0.6,equicorrelated
0.2,10,100,47,Empirical_copula,Gaussian,absolute_residual,0.813125,6742134551.62132,21.996401493791574,0.0009999275207519531,0.6,equicorrelated
0.05,10,100,48,TSCP_R,Gaussian,absolute_residual,0.97625,216492263641.3879,35.33053501439829,0.003987789154052734,0.6,equicorrelated
0.05,10,100,48,Point_CHR,Gaussian,absolute_residual,0.98875,806854280698.4679,34.01742277029868,0.001007080078125,0.6,equicorrelated
0.05,10,100,48,Unscaled,Gaussian,absolute_residual,0.971875,44160837028613.18,23.147480645849548,0.0,0.6,equicorrelated
0.05,10,100,48,Empirical_copula,Gaussian,absolute_residual,0.959375,237652164767.16345,42.492462571413924,0.0009949207305908203,0.6,equicorrelated
0.1,10,100,48,TSCP_R,Gaussian,absolute_residual,0.9575,96749677402.29945,32.51178618499837,0.003998756408691406,0.6,equicorrelated
0.1,10,100,48,Point_CHR,Gaussian,absolute_residual,0.963125,119085116190.60071,27.424386659213702,0.0010001659393310547,0.6,equicorrelated
0.1,10,100,48,Unscaled,Gaussian,absolute_residual,0.955,19953291047558.35,21.379692460490425,0.0,0.6,equicorrelated
0.1,10,100,48,Empirical_copula,Gaussian,absolute_residual,0.930625,46365017184.01455,31.488577452088148,0.0009989738464355469,0.6,equicorrelated
0.2,10,100,48,TSCP_R,Gaussian,absolute_residual,0.848125,11210300510.921894,26.264142717287452,0.0030014514923095703,0.6,equicorrelated
0.2,10,100,48,Point_CHR,Gaussian,absolute_residual,0.8625,15910566974.866549,25.20071460704964,0.0009987354278564453,0.6,equicorrelated
0.2,10,100,48,Unscaled,Gaussian,absolute_residual,0.895,3901162260549.439,18.160148746373206,0.0,0.6,equicorrelated
0.2,10,100,48,Empirical_copula,Gaussian,absolute_residual,0.821875,7336098756.494789,22.643863365200893,0.0010020732879638672,0.6,equicorrelated
0.05,10,100,49,TSCP_R,Gaussian,absolute_residual,0.9125,34633750827.24091,26.72829351671823,0.004010200500488281,0.6,equicorrelated
0.05,10,100,49,Point_CHR,Gaussian,absolute_residual,0.95625,224705656739.19843,36.495988415114255,0.0,0.6,equicorrelated
0.05,10,100,49,Unscaled,Gaussian,absolute_residual,0.924375,10625613259200.193,20.074068439750334,0.0,0.6,equicorrelated
0.05,10,100,49,Empirical_copula,Gaussian,absolute_residual,0.90375,39258473216.02035,26.23406698327992,0.001989603042602539,0.6,equicorrelated
0.1,10,100,49,TSCP_R,Gaussian,absolute_residual,0.880625,20497689160.757027,25.158870249294587,0.0029990673065185547,0.6,equicorrelated
0.1,10,100,49,Point_CHR,Gaussian,absolute_residual,0.879375,24695415933.791397,24.616311439079915,0.0010075569152832031,0.6,equicorrelated
0.1,10,100,49,Unscaled,Gaussian,absolute_residual,0.910625,6946530419328.032,19.238747474899796,0.0,0.6,equicorrelated
0.1,10,100,49,Empirical_copula,Gaussian,absolute_residual,0.854375,12965072133.13133,24.82392730760787,0.0009927749633789062,0.6,equicorrelated
0.2,10,100,49,TSCP_R,Gaussian,absolute_residual,0.785625,5182086860.68182,22.131552650697692,0.0030012130737304688,0.6,equicorrelated
0.2,10,100,49,Point_CHR,Gaussian,absolute_residual,0.7675,5334571637.282375,21.818991284263927,0.0010027885437011719,0.6,equicorrelated
0.2,10,100,49,Unscaled,Gaussian,absolute_residual,0.753125,385442346361.3749,14.407742653152038,0.0,0.6,equicorrelated
0.2,10,100,49,Empirical_copula,Gaussian,absolute_residual,0.70125,2261870891.0983644,19.91713814412951,0.0009989738464355469,0.6,equicorrelated
0.05,10,100,50,TSCP_R,Gaussian,absolute_residual,0.95,88645782146.92955,27.62991842264988,0.004008769989013672,0.6,equicorrelated
0.05,10,100,50,Point_CHR,Gaussian,absolute_residual,0.93125,65848782480.86257,26.668689059249242,0.0,0.6,equicorrelated
0.05,10,100,50,Unscaled,Gaussian,absolute_residual,0.94875,19746397440727.203,21.357419956803007,0.0,0.6,equicorrelated
0.05,10,100,50,Empirical_copula,Gaussian,absolute_residual,0.91875,67094702188.85922,29.20500727114571,0.0020210742950439453,0.6,equicorrelated
0.1,10,100,50,TSCP_R,Gaussian,absolute_residual,0.921875,41583645950.55692,25.709864589514464,0.003003358840942383,0.6,equicorrelated
0.1,10,100,50,Point_CHR,Gaussian,absolute_residual,0.87125,18393855688.526432,22.48115233411884,0.0010089874267578125,0.6,equicorrelated
0.1,10,100,50,Unscaled,Gaussian,absolute_residual,0.90125,5366622028255.895,18.748654280799155,0.0,0.6,equicorrelated
0.1,10,100,50,Empirical_copula,Gaussian,absolute_residual,0.88375,22731788474.34498,23.30319818549503,0.0009913444519042969,0.6,equicorrelated
0.2,10,100,50,TSCP_R,Gaussian,absolute_residual,0.785,5737807427.447222,20.924122497305532,0.003007650375366211,0.6,equicorrelated
0.2,10,100,50,Point_CHR,Gaussian,absolute_residual,0.818125,10148967559.12675,22.24423402754805,0.0009918212890625,0.6,equicorrelated
0.2,10,100,50,Unscaled,Gaussian,absolute_residual,0.82875,1294709240907.3894,16.26362023712965,0.0,0.6,equicorrelated
0.2,10,100,50,Empirical_copula,Gaussian,absolute_residual,0.78125,5553892939.084914,22.73583018883147,0.0010073184967041016,0.6,equicorrelated
0.05,10,100,51,TSCP_R,Gaussian,absolute_residual,0.98,198871806249.58295,30.61931992166513,0.003999948501586914,0.6,equicorrelated
0.05,10,100,51,Point_CHR,Gaussian,absolute_residual,0.933125,122937629025.18631,35.03476190454763,0.0,0.6,equicorrelated
0.05,10,100,51,Unscaled,Gaussian,absolute_residual,0.946875,17226972875050.184,21.067882958356986,0.0,0.6,equicorrelated
0.05,10,100,51,Empirical_copula,Gaussian,absolute_residual,0.95625,165463895115.71027,30.585691127303114,0.00099945068359375,0.6,equicorrelated
0.1,10,100,51,TSCP_R,Gaussian,absolute_residual,0.96125,102150213920.60057,29.09545741968494,0.003999948501586914,0.6,equicorrelated
0.1,10,100,51,Point_CHR,Gaussian,absolute_residual,0.93125,48115668167.64622,28.22319878291164,0.0,0.6,equicorrelated
0.1,10,100,51,Unscaled,Gaussian,absolute_residual,0.925625,8674443521410.545,19.67089691010672,0.0,0.6,equicorrelated
0.1,10,100,51,Empirical_copula,Gaussian,absolute_residual,0.89125,28041965414.667866,28.03901057064975,0.001001119613647461,0.6,equicorrelated
0.2,10,100,51,TSCP_R,Gaussian,absolute_residual,0.829375,7437491043.672365,22.503752088759143,0.00299835205078125,0.6,equicorrelated
0.2,10,100,51,Point_CHR,Gaussian,absolute_residual,0.791875,5042774629.466725,20.711968478887805,0.0,0.6,equicorrelated
0.2,10,100,51,Unscaled,Gaussian,absolute_residual,0.86625,1891206432078.587,16.891720768244188,0.0,0.6,equicorrelated
0.2,10,100,51,Empirical_copula,Gaussian,absolute_residual,0.81625,6594019348.078619,21.067882958290003,0.0010001659393310547,0.6,equicorrelated
0.05,10,100,52,TSCP_R,Gaussian,absolute_residual,0.9475,80020119004.92642,28.315647234933753,0.0039997100830078125,0.6,equicorrelated
0.05,10,100,52,Point_CHR,Gaussian,absolute_residual,0.961875,140859826687.5337,32.881503123650624,0.001001596450805664,0.6,equicorrelated
0.05,10,100,52,Unscaled,Gaussian,absolute_residual,0.963125,32021732052762.812,22.41529619107921,0.0,0.6,equicorrelated
0.05,10,100,52,Empirical_copula,Gaussian,absolute_residual,0.93875,81319885276.68668,28.614390449128482,0.0010080337524414062,0.6,equicorrelated
0.1,10,100,52,TSCP_R,Gaussian,absolute_residual,0.905625,30212410195.975502,25.556985437313823,0.003990650177001953,0.6,equicorrelated
0.1,10,100,52,Point_CHR,Gaussian,absolute_residual,0.911875,34415130341.00325,27.15072494790265,0.0,0.6,equicorrelated
0.1,10,100,52,Unscaled,Gaussian,absolute_residual,0.9025,5134898558585.123,18.666082751746345,0.0,0.6,equicorrelated
0.1,10,100,52,Empirical_copula,Gaussian,absolute_residual,0.89875,25541716094.01796,26.311209685952498,0.0010008811950683594,0.6,equicorrelated
0.2,10,100,52,TSCP_R,Gaussian,absolute_residual,0.840625,10652541718.983658,23.057688177574388,0.002999544143676758,0.6,equicorrelated
0.2,10,100,52,Point_CHR,Gaussian,absolute_residual,0.835625,12188116294.276249,26.45228354720208,0.0,0.6,equicorrelated
0.2,10,100,52,Unscaled,Gaussian,absolute_residual,0.80125,842943965710.859,15.58044546695373,0.0009992122650146484,0.6,equicorrelated
0.2,10,100,52,Empirical_copula,Gaussian,absolute_residual,0.8025,6204187306.698853,22.4152961909899,0.0009999275207519531,0.6,equicorrelated
0.05,10,100,53,TSCP_R,Gaussian,absolute_residual,0.966875,138252425330.93912,26.806381343558822,0.005000591278076172,0.6,equicorrelated
0.05,10,100,53,Point_CHR,Gaussian,absolute_residual,0.98125,334233213023.69586,33.06696720631509,0.0009996891021728516,0.6,equicorrelated
0.05,10,100,53,Unscaled,Gaussian,absolute_residual,0.95125,24584806517503.56,21.830650633639877,0.0,0.6,equicorrelated
0.05,10,100,53,Empirical_copula,Gaussian,absolute_residual,0.890625,32745856079.769943,25.361426072717748,0.0010063648223876953,0.6,equicorrelated
0.1,10,100,53,TSCP_R,Gaussian,absolute_residual,0.92,45049321722.640625,23.986977249002198,0.0050051212310791016,0.6,equicorrelated
0.1,10,100,53,Point_CHR,Gaussian,absolute_residual,0.908125,62237315242.98807,23.992701021599807,0.0,0.6,equicorrelated
0.1,10,100,53,Unscaled,Gaussian,absolute_residual,0.91625,7207509609676.216,19.309833230566053,0.0009891986846923828,0.6,equicorrelated
0.1,10,100,53,Empirical_copula,Gaussian,absolute_residual,0.856875,16462555604.822979,23.30058402310145,0.001007080078125,0.6,equicorrelated
0.2,10,100,53,TSCP_R,Gaussian,absolute_residual,0.82,9359363638.638243,20.47454650712579,0.002992391586303711,0.6,equicorrelated
0.2,10,100,53,Point_CHR,Gaussian,absolute_residual,0.788125,7157220440.817358,21.68587326551564,0.001001596450805664,0.6,equicorrelated
0.2,10,100,53,Unscaled,Gaussian,absolute_residual,0.808125,1055146863187.5239,15.93423768988703,0.0,0.6,equicorrelated
0.2,10,100,53,Empirical_copula,Gaussian,absolute_residual,0.75375,5287662642.022629,19.512942713287817,0.0010008811950683594,0.6,equicorrelated
0.05,10,100,54,TSCP_R,Gaussian,absolute_residual,0.925,50993867846.50801,27.57712825459381,0.004000425338745117,0.6,equicorrelated
0.05,10,100,54,Point_CHR,Gaussian,absolute_residual,0.89375,30788834395.18412,24.156473335473027,0.0009992122650146484,0.6,equicorrelated
0.05,10,100,54,Unscaled,Gaussian,absolute_residual,0.93875,13982486824286.81,20.632812990166126,0.0,0.6,equicorrelated
0.05,10,100,54,Empirical_copula,Gaussian,absolute_residual,0.919375,52852631924.14255,26.356784217717102,0.0010073184967041016,0.6,equicorrelated
0.1,10,100,54,TSCP_R,Gaussian,absolute_residual,0.88375,18565222298.936543,24.985350989476856,0.003992557525634766,0.6,equicorrelated
0.1,10,100,54,Point_CHR,Gaussian,absolute_residual,0.87125,22532552412.472973,24.960809929404622,0.0,0.6,equicorrelated
0.1,10,100,54,Unscaled,Gaussian,absolute_residual,0.893125,4400978330221.946,18.3803985022753,0.0,0.6,equicorrelated
0.1,10,100,54,Empirical_copula,Gaussian,absolute_residual,0.8675,18695409914.559116,22.6536104310094,0.0010073184967041016,0.6,equicorrelated
0.2,10,100,54,TSCP_R,Gaussian,absolute_residual,0.796875,5851591463.470989,22.268778539641943,0.0029997825622558594,0.6,equicorrelated
0.2,10,100,54,Point_CHR,Gaussian,absolute_residual,0.7425,5905940957.435486,21.57046221132898,0.0,0.6,equicorrelated
0.2,10,100,54,Unscaled,Gaussian,absolute_residual,0.845,1597088030709.5444,16.608594637424563,0.0,0.6,equicorrelated
0.2,10,100,54,Empirical_copula,Gaussian,absolute_residual,0.77875,5185049456.882102,20.822185139326958,0.0012819766998291016,0.6,equicorrelated
0.05,10,100,55,TSCP_R,Gaussian,absolute_residual,0.968125,121447750329.17226,27.705918966893776,0.004000425338745117,0.6,equicorrelated
0.05,10,100,55,Point_CHR,Gaussian,absolute_residual,0.995,1680399129611.1738,33.44276362497029,0.0,0.6,equicorrelated
0.05,10,100,55,Unscaled,Gaussian,absolute_residual,0.951875,15993592638917.994,20.91195342709663,0.0,0.6,equicorrelated
0.05,10,100,55,Empirical_copula,Gaussian,absolute_residual,0.9275,70422389391.65764,23.58759993368232,0.0009992122650146484,0.6,equicorrelated
0.1,10,100,55,TSCP_R,Gaussian,absolute_residual,0.925,39720645578.59992,24.702942604587506,0.0030002593994140625,0.6,equicorrelated
0.1,10,100,55,Point_CHR,Gaussian,absolute_residual,0.93,64216115828.91716,25.643414877245505,0.0010042190551757812,0.6,equicorrelated
0.1,10,100,55,Unscaled,Gaussian,absolute_residual,0.92125,6177817413017.983,19.014438574825473,0.0,0.6,equicorrelated
0.1,10,100,55,Empirical_copula,Gaussian,absolute_residual,0.899375,32193604366.639328,23.119917548317215,0.0009961128234863281,0.6,equicorrelated
0.2,10,100,55,TSCP_R,Gaussian,absolute_residual,0.8575,12248360233.380249,21.993053466447748,0.0029990673065185547,0.6,equicorrelated
0.2,10,100,55,Point_CHR,Gaussian,absolute_residual,0.87,16784988841.08605,23.191030800265814,0.0,0.6,equicorrelated
0.2,10,100,55,Unscaled,Gaussian,absolute_residual,0.844375,1784774358678.0112,16.794161753620585,0.0,0.6,equicorrelated
0.2,10,100,55,Empirical_copula,Gaussian,absolute_residual,0.835625,8132661148.248213,20.152910949013883,0.000993490219116211,0.6,equicorrelated
0.05,10,100,56,TSCP_R,Gaussian,absolute_residual,0.991875,576786249392.0397,34.34552487858668,0.005007505416870117,0.6,equicorrelated
0.05,10,100,56,Point_CHR,Gaussian,absolute_residual,0.990625,358404380732.6181,30.42088066497458,0.0,0.6,equicorrelated
0.05,10,100,56,Unscaled,Gaussian,absolute_residual,0.97375,54526653158097.8,23.640730065170878,0.0,0.6,equicorrelated
0.05,10,100,56,Empirical_copula,Gaussian,absolute_residual,0.976875,216820239338.39297,34.33751911719123,0.0009996891021728516,0.6,equicorrelated
0.1,10,100,56,TSCP_R,Gaussian,absolute_residual,0.9325,47716320189.061226,26.674468982285234,0.002992868423461914,0.6,equicorrelated
0.1,10,100,56,Point_CHR,Gaussian,absolute_residual,0.89125,26040415749.26014,25.21678100702191,0.0010027885437011719,0.6,equicorrelated
0.1,10,100,56,Unscaled,Gaussian,absolute_residual,0.95125,18439679911808.133,21.211693240204355,0.0,0.6,equicorrelated
0.1,10,100,56,Empirical_copula,Gaussian,absolute_residual,0.918125,48475289922.656815,25.21678100702191,0.0009989738464355469,0.6,equicorrelated
0.2,10,100,56,TSCP_R,Gaussian,absolute_residual,0.83625,9014766849.894133,22.140548022308334,0.002998828887939453,0.6,equicorrelated
0.2,10,100,56,Point_CHR,Gaussian,absolute_residual,0.770625,6449047632.517953,20.696762330421848,0.0,0.6,equicorrelated
0.2,10,100,56,Unscaled,Gaussian,absolute_residual,0.78625,699882875646.3887,15.293346793849812,0.0,0.6,equicorrelated
0.2,10,100,56,Empirical_copula,Gaussian,absolute_residual,0.775625,5184469073.749215,23.164262255329078,0.0009989738464355469,0.6,equicorrelated
0.05,10,100,57,TSCP_R,Gaussian,absolute_residual,0.9575,58833839534.61396,27.510792703369162,0.004015684127807617,0.6,equicorrelated
0.05,10,100,57,Point_CHR,Gaussian,absolute_residual,0.92125,51876126103.69741,28.9093994984271,0.0,0.6,equicorrelated
0.05,10,100,57,Unscaled,Gaussian,absolute_residual,0.974375,45492389258070.55,23.216346379320502,0.0,0.6,equicorrelated
0.05,10,100,57,Empirical_copula,Gaussian,absolute_residual,0.91,28237818553.98138,26.26199535343534,0.0009963512420654297,0.6,equicorrelated
0.1,10,100,57,TSCP_R,Gaussian,absolute_residual,0.92375,32112374845.5604,25.745336643033507,0.0039937496185302734,0.6,equicorrelated
0.1,10,100,57,Point_CHR,Gaussian,absolute_residual,0.895,24605487946.644627,26.516209781885927,0.0,0.6,equicorrelated
0.1,10,100,57,Unscaled,Gaussian,absolute_residual,0.934375,7880158866825.69,19.482895329270907,0.0,0.6,equicorrelated
0.1,10,100,57,Empirical_copula,Gaussian,absolute_residual,0.85375,15263793505.988003,25.623889803139317,0.0019998550415039062,0.6,equicorrelated
0.2,10,100,57,TSCP_R,Gaussian,absolute_residual,0.86875,12655823419.061481,23.266890435974677,0.005000591278076172,0.6,equicorrelated
0.2,10,100,57,Point_CHR,Gaussian,absolute_residual,0.859375,12781566884.141056,23.327743275859007,0.001005411148071289,0.6,equicorrelated
0.2,10,100,57,Unscaled,Gaussian,absolute_residual,0.853125,1561958286265.768,16.57169544175778,0.0,0.6,equicorrelated
0.2,10,100,57,Empirical_copula,Gaussian,absolute_residual,0.811875,7872214926.112338,25.393891419260292,0.002004861831665039,0.6,equicorrelated
0.05,10,100,58,TSCP_R,Gaussian,absolute_residual,0.936875,51129896889.15774,24.7935732658156,0.005000114440917969,0.6,equicorrelated
0.05,10,100,58,Point_CHR,Gaussian,absolute_residual,0.95625,168402715425.89532,29.150373621272355,0.0009996891021728516,0.6,equicorrelated
0.05,10,100,58,Unscaled,Gaussian,absolute_residual,0.924375,7597149501754.948,19.411766886337087,0.0,0.6,equicorrelated
0.05,10,100,58,Empirical_copula,Gaussian,absolute_residual,0.82875,12169972734.627087,19.481440255908694,0.0019981861114501953,0.6,equicorrelated
0.1,10,100,58,TSCP_R,Gaussian,absolute_residual,0.848125,11766612513.10247,21.329883112101513,0.002998828887939453,0.6,equicorrelated
0.1,10,100,58,Point_CHR,Gaussian,absolute_residual,0.9025,34706123144.752686,26.161182413432883,0.0,0.6,equicorrelated
0.1,10,100,58,Unscaled,Gaussian,absolute_residual,0.821875,1096732462992.0347,15.995951175550168,0.0,0.6,equicorrelated
0.1,10,100,58,Empirical_copula,Gaussian,absolute_residual,0.82875,12169972734.627087,19.481440255908694,0.0010008811950683594,0.6,equicorrelated
0.2,10,100,58,TSCP_R,Gaussian,absolute_residual,0.75875,3440293780.7669706,18.77594116003713,0.004998207092285156,0.6,equicorrelated
0.2,10,100,58,Point_CHR,Gaussian,absolute_residual,0.79125,6666816697.424809,18.298928564967717,0.0,0.6,equicorrelated
0.2,10,100,58,Unscaled,Gaussian,absolute_residual,0.75375,388870039301.99896,14.42050430070129,0.0,0.6,equicorrelated
0.2,10,100,58,Empirical_copula,Gaussian,absolute_residual,0.720625,2697061740.7569118,18.001949593354222,0.0020008087158203125,0.6,equicorrelated
0.05,10,100,59,TSCP_R,Gaussian,absolute_residual,0.965,133381269602.33055,30.32302037947222,0.0060007572174072266,0.6,equicorrelated
0.05,10,100,59,Point_CHR,Gaussian,absolute_residual,0.9725,194105498571.93222,29.93015639310852,0.000997781753540039,0.6,equicorrelated
0.05,10,100,59,Unscaled,Gaussian,absolute_residual,0.978125,43276143358239.375,23.100684837650565,0.0,0.6,equicorrelated
0.05,10,100,59,Empirical_copula,Gaussian,absolute_residual,0.9475,83761991636.45819,29.93015639310852,0.0010001659393310547,0.6,equicorrelated
0.1,10,100,59,TSCP_R,Gaussian,absolute_residual,0.929375,43489808324.08409,27.13186330054331,0.004000663757324219,0.6,equicorrelated
0.1,10,100,59,Point_CHR,Gaussian,absolute_residual,0.948125,74206490563.1162,28.098233876967825,0.0,0.6,equicorrelated
0.1,10,100,59,Unscaled,Gaussian,absolute_residual,0.920625,7365226962285.817,19.351677305426023,0.0,0.6,equicorrelated
0.1,10,100,59,Empirical_copula,Gaussian,absolute_residual,0.891875,24988688127.16141,25.885125587696884,0.001001119613647461,0.6,equicorrelated
0.2,10,100,59,TSCP_R,Gaussian,absolute_residual,0.855,11280729660.057133,23.730536766289255,0.003998517990112305,0.6,equicorrelated
0.2,10,100,59,Point_CHR,Gaussian,absolute_residual,0.815,11024564458.972122,26.549257968121907,0.0009992122650146484,0.6,equicorrelated
0.2,10,100,59,Unscaled,Gaussian,absolute_residual,0.850625,1940218366894.524,16.934994547315156,0.0,0.6,equicorrelated
0.2,10,100,59,Empirical_copula,Gaussian,absolute_residual,0.829375,7792973071.111885,22.27525962435523,0.0009999275207519531,0.6,equicorrelated
0.05,10,100,60,TSCP_R,Gaussian,absolute_residual,0.9625,111640014248.3344,27.76891815092832,0.005000591278076172,0.6,equicorrelated
0.05,10,100,60,Point_CHR,Gaussian,absolute_residual,0.9525,92139592568.50668,29.102696916241854,0.0,0.6,equicorrelated
0.05,10,100,60,Unscaled,Gaussian,absolute_residual,0.960625,32406572669092.793,22.442090544415375,0.0,0.6,equicorrelated
0.05,10,100,60,Empirical_copula,Gaussian,absolute_residual,0.954375,102166112813.60562,26.390538184409348,0.001997709274291992,0.6,equicorrelated
0.1,10,100,60,TSCP_R,Gaussian,absolute_residual,0.9075,26251301494.4365,23.322179734935304,0.003002166748046875,0.6,equicorrelated
0.1,10,100,60,Point_CHR,Gaussian,absolute_residual,0.814375,8847671884.705778,24.16632262270872,0.0,0.6,equicorrelated
0.1,10,100,60,Unscaled,Gaussian,absolute_residual,0.924375,9892536256369.016,19.931076912739954,0.0010018348693847656,0.6,equicorrelated
0.1,10,100,60,Empirical_copula,Gaussian,absolute_residual,0.854375,12680226753.148907,23.282842791640952,0.0009999275207519531,0.6,equicorrelated
0.2,10,100,60,TSCP_R,Gaussian,absolute_residual,0.7875,5646283904.297738,20.20095058670495,0.0052487850189208984,0.6,equicorrelated
0.2,10,100,60,Point_CHR,Gaussian,absolute_residual,0.778125,7166868836.741524,20.801399938397378,0.0,0.6,equicorrelated
0.2,10,100,60,Unscaled,Gaussian,absolute_residual,0.783125,748913429146.2385,15.397250017578934,0.0,0.6,equicorrelated
0.2,10,100,60,Empirical_copula,Gaussian,absolute_residual,0.719375,2892698554.4354415,20.004385893572994,0.0010020732879638672,0.6,equicorrelated
0.05,10,100,61,TSCP_R,Gaussian,absolute_residual,0.97625,184490388053.80762,33.87964479734448,0.004012346267700195,0.6,equicorrelated
0.05,10,100,61,Point_CHR,Gaussian,absolute_residual,0.98125,362728000462.4502,34.00890836271177,0.0009887218475341797,0.6,equicorrelated
0.05,10,100,61,Unscaled,Gaussian,absolute_residual,0.9775,70052441949455.71,24.240542100174046,0.0,0.6,equicorrelated
0.05,10,100,61,Empirical_copula,Gaussian,absolute_residual,0.926875,77662399936.95445,30.808356449259698,0.0009982585906982422,0.6,equicorrelated
0.1,10,100,61,TSCP_R,Gaussian,absolute_residual,0.91,25805051129.666656,27.465118364118958,0.004007816314697266,0.6,equicorrelated
0.1,10,100,61,Point_CHR,Gaussian,absolute_residual,0.911875,36741907163.70529,27.54002986665447,0.0,0.6,equicorrelated
0.1,10,100,61,Unscaled,Gaussian,absolute_residual,0.951875,16904461030443.21,21.028104803289573,0.0,0.6,equicorrelated
0.1,10,100,61,Empirical_copula,Gaussian,absolute_residual,0.855625,13134086678.809925,25.606581206503638,0.002003192901611328,0.6,equicorrelated
0.2,10,100,61,TSCP_R,Gaussian,absolute_residual,0.8,5246408798.555043,23.301133877228153,0.0019898414611816406,0.6,equicorrelated
0.2,10,100,61,Point_CHR,Gaussian,absolute_residual,0.78,5258433025.30243,22.372858148886642,0.0010120868682861328,0.6,equicorrelated
0.2,10,100,61,Unscaled,Gaussian,absolute_residual,0.819375,999636003137.7914,15.84835493394558,0.0,0.6,equicorrelated
0.2,10,100,61,Empirical_copula,Gaussian,absolute_residual,0.7725,3883783806.088022,22.172869003111412,0.0010004043579101562,0.6,equicorrelated
0.05,10,100,62,TSCP_R,Gaussian,absolute_residual,0.970625,152995822590.71753,26.864103992443262,0.004008054733276367,0.6,equicorrelated
0.05,10,100,62,Point_CHR,Gaussian,absolute_residual,0.989375,633607880470.1237,32.044285588155276,0.0010018348693847656,0.6,equicorrelated
0.05,10,100,62,Unscaled,Gaussian,absolute_residual,0.951875,23648959646999.992,21.746091147652603,0.0,0.6,equicorrelated
0.05,10,100,62,Empirical_copula,Gaussian,absolute_residual,0.958125,156862640788.48108,24.08732989356434,0.0009965896606445312,0.6,equicorrelated
0.1,10,100,62,TSCP_R,Gaussian,absolute_residual,0.939375,64150582944.84391,24.66562599496236,0.0030069351196289062,0.6,equicorrelated
0.1,10,100,62,Point_CHR,Gaussian,absolute_residual,0.880625,20984192806.868652,22.817624623293263,0.0,0.6,equicorrelated
0.1,10,100,62,Unscaled,Gaussian,absolute_residual,0.91,6455394835407.002,19.098193139913104,0.0,0.6,equicorrelated
0.1,10,100,62,Empirical_copula,Gaussian,absolute_residual,0.924375,53455283903.108185,23.528811601175818,0.0009920597076416016,0.6,equicorrelated
0.2,10,100,62,TSCP_R,Gaussian,absolute_residual,0.85,11770100690.511477,20.812300362110616,0.003005504608154297,0.6,equicorrelated
0.2,10,100,62,Point_CHR,Gaussian,absolute_residual,0.78625,6542925042.397507,20.219177524858345,0.0009930133819580078,0.6,equicorrelated
0.2,10,100,62,Unscaled,Gaussian,absolute_residual,0.8775,2893009061625.458,17.62523756402935,0.0,0.6,equicorrelated
0.2,10,100,62,Empirical_copula,Gaussian,absolute_residual,0.853125,12251735212.170082,19.62659593237989,0.0010023117065429688,0.6,equicorrelated
0.05,10,100,63,TSCP_R,Gaussian,absolute_residual,0.941875,61767997317.48983,25.105703229497443,0.004021406173706055,0.6,equicorrelated
0.05,10,100,63,Point_CHR,Gaussian,absolute_residual,0.9475,199928021956.41745,27.352119960897653,0.0,0.6,equicorrelated
0.05,10,100,63,Unscaled,Gaussian,absolute_residual,0.940625,15238066704172.871,20.81100181210906,0.0,0.6,equicorrelated
0.05,10,100,63,Empirical_copula,Gaussian,absolute_residual,0.909375,51047113307.529396,29.209893881671398,0.001987934112548828,0.6,equicorrelated
0.1,10,100,63,TSCP_R,Gaussian,absolute_residual,0.911875,32632871461.63021,23.281661515423632,0.0029914379119873047,0.6,equicorrelated
0.1,10,100,63,Point_CHR,Gaussian,absolute_residual,0.91125,35256478753.14005,23.78623347776073,0.0009987354278564453,0.6,equicorrelated
0.1,10,100,63,Unscaled,Gaussian,absolute_residual,0.86625,2494387170876.271,17.365863635204708,0.0,0.6,equicorrelated
0.1,10,100,63,Empirical_copula,Gaussian,absolute_residual,0.88125,23370861894.95126,24.163064633140944,0.001004934310913086,0.6,equicorrelated
0.2,10,100,63,TSCP_R,Gaussian,absolute_residual,0.796875,5039942900.756748,19.38199728558626,0.0030059814453125,0.6,equicorrelated
0.2,10,100,63,Point_CHR,Gaussian,absolute_residual,0.845,11583973792.07664,23.446658604769997,0.0010037422180175781,0.6,equicorrelated
0.2,10,100,63,Unscaled,Gaussian,absolute_residual,0.77,517076276044.4156,14.837319928865945,0.0,0.6,equicorrelated
0.2,10,100,63,Empirical_copula,Gaussian,absolute_residual,0.784375,4950050948.251644,20.436855441352428,0.000986337661743164,0.6,equicorrelated
0.05,10,100,64,TSCP_R,Gaussian,absolute_residual,0.98625,264302165720.967,30.204214576149845,0.005001068115234375,0.6,equicorrelated
0.05,10,100,64,Point_CHR,Gaussian,absolute_residual,0.995625,1519362957572.8262,32.03297434135179,0.0,0.6,equicorrelated
0.05,10,100,64,Unscaled,Gaussian,absolute_residual,0.949375,15580690637140.025,20.857327980335732,0.0,0.6,equicorrelated
0.05,10,100,64,Empirical_copula,Gaussian,absolute_residual,0.965625,216404299288.2047,33.71476617720931,0.0010082721710205078,0.6,equicorrelated
0.1,10,100,64,TSCP_R,Gaussian,absolute_residual,0.951875,68475400891.128494,26.397254978651315,0.003993511199951172,0.6,equicorrelated
0.1,10,100,64,Point_CHR,Gaussian,absolute_residual,0.93875,58579859344.28546,25.497580504229326,0.0010004043579101562,0.6,equicorrelated
0.1,10,100,64,Unscaled,Gaussian,absolute_residual,0.92,6148648496481.3955,19.005441667106986,0.0,0.6,equicorrelated
0.1,10,100,64,Empirical_copula,Gaussian,absolute_residual,0.92625,43733344994.497086,26.61163032103744,0.00099945068359375,0.6,equicorrelated
0.2,10,100,64,TSCP_R,Gaussian,absolute_residual,0.84,8044210197.664856,21.30927074130996,0.0029993057250976562,0.6,equicorrelated
0.2,10,100,64,Point_CHR,Gaussian,absolute_residual,0.859375,12941310245.088388,24.6992879731946,0.0010018348693847656,0.6,equicorrelated
0.2,10,100,64,Unscaled,Gaussian,absolute_residual,0.835,1004429339521.498,15.855938001448786,0.0,0.6,equicorrelated
0.2,10,100,64,Empirical_copula,Gaussian,absolute_residual,0.806875,5154709702.832954,19.884932759421325,0.0009996891021728516,0.6,equicorrelated
0.05,10,100,65,TSCP_R,Gaussian,absolute_residual,0.956875,122925257650.74469,28.82604319791586,0.003998517990112305,0.6,equicorrelated
0.05,10,100,65,Point_CHR,Gaussian,absolute_residual,0.904375,54040576411.529755,28.424526353135846,0.0,0.6,equicorrelated
0.05,10,100,65,Unscaled,Gaussian,absolute_residual,0.98125,70394312578459.16,24.25234609426466,0.0,0.6,equicorrelated
0.05,10,100,65,Empirical_copula,Gaussian,absolute_residual,0.893125,57933341828.3967,30.046865834500544,0.0009894371032714844,0.6,equicorrelated
0.1,10,100,65,TSCP_R,Gaussian,absolute_residual,0.9075,30987096664.75037,24.875564035258634,0.003992319107055664,0.6,equicorrelated
0.1,10,100,65,Point_CHR,Gaussian,absolute_residual,0.840625,10349178495.690422,21.810118720463638,0.0,0.6,equicorrelated
0.1,10,100,65,Unscaled,Gaussian,absolute_residual,0.9225,8192346384407.628,19.558738069642146,0.0,0.6,equicorrelated
0.1,10,100,65,Empirical_copula,Gaussian,absolute_residual,0.876875,29262725342.133053,26.072343876136948,0.0019986629486083984,0.6,equicorrelated
0.2,10,100,65,TSCP_R,Gaussian,absolute_residual,0.80875,6538014085.281906,21.266338107731947,0.0020003318786621094,0.6,equicorrelated
0.2,10,100,65,Point_CHR,Gaussian,absolute_residual,0.718125,2379567466.95458,18.95226446141362,0.0,0.6,equicorrelated
0.2,10,100,65,Unscaled,Gaussian,absolute_residual,0.834375,1452121198365.856,16.451302441951523,0.0,0.6,equicorrelated
0.2,10,100,65,Empirical_copula,Gaussian,absolute_residual,0.750625,3363365589.500657,20.16062319879635,0.0009913444519042969,0.6,equicorrelated
0.05,10,100,66,TSCP_R,Gaussian,absolute_residual,0.93875,57327639135.739006,27.88783815342363,0.0039997100830078125,0.6,equicorrelated
0.05,10,100,66,Point_CHR,Gaussian,absolute_residual,0.8975,36056792346.07576,26.148762474071294,0.0009872913360595703,0.6,equicorrelated
0.05,10,100,66,Unscaled,Gaussian,absolute_residual,0.960625,36479477516147.6,22.709358218526237,0.0,0.6,equicorrelated
0.05,10,100,66,Empirical_copula,Gaussian,absolute_residual,0.900625,37628908279.89518,26.99264629862673,0.0009987354278564453,0.6,equicorrelated
0.1,10,100,66,TSCP_R,Gaussian,absolute_residual,0.9,25827389015.743122,25.83398688348418,0.004000663757324219,0.6,equicorrelated
0.1,10,100,66,Point_CHR,Gaussian,absolute_residual,0.876875,18694842038.29105,25.390341055652854,0.0,0.6,equicorrelated
0.1,10,100,66,Unscaled,Gaussian,absolute_residual,0.913125,6070193955186.524,18.981051030941508,0.0009999275207519531,0.6,equicorrelated
0.1,10,100,66,Empirical_copula,Gaussian,absolute_residual,0.851875,16003419773.13017,23.555783300047857,0.0009996891021728516,0.6,equicorrelated
0.2,10,100,66,TSCP_R,Gaussian,absolute_residual,0.80625,6332242668.658822,22.34478319967002,0.0031023025512695312,0.6,equicorrelated
0.2,10,100,66,Point_CHR,Gaussian,absolute_residual,0.818125,8686662777.107174,21.929414977410488,0.000989675521850586,0.6,equicorrelated
0.2,10,100,66,Unscaled,Gaussian,absolute_residual,0.83375,1246729711726.8997,16.20232095544903,0.0,0.6,equicorrelated
0.2,10,100,66,Empirical_copula,Gaussian,absolute_residual,0.798125,6537678774.395704,22.697896193170283,0.0009992122650146484,0.6,equicorrelated
0.05,10,100,67,TSCP_R,Gaussian,absolute_residual,0.964375,143897669016.018,28.431121326835704,0.004997968673706055,0.6,equicorrelated
0.05,10,100,67,Point_CHR,Gaussian,absolute_residual,0.974375,370271412917.7325,35.241492501118444,0.0,0.6,equicorrelated
0.05,10,100,67,Unscaled,Gaussian,absolute_residual,0.98,89422638010859.45,24.839608566907298,0.0,0.6,equicorrelated
0.05,10,100,67,Empirical_copula,Gaussian,absolute_residual,0.924375,76181504644.4163,28.402648817271203,0.0010113716125488281,0.6,equicorrelated
0.1,10,100,67,TSCP_R,Gaussian,absolute_residual,0.935,60186492444.63131,26.38476435775155,0.003011465072631836,0.6,equicorrelated
0.1,10,100,67,Point_CHR,Gaussian,absolute_residual,0.941875,119298001171.93402,29.66227883508912,0.0,0.6,equicorrelated
0.1,10,100,67,Unscaled,Gaussian,absolute_residual,0.9175,7748142549322.717,19.45000692200031,0.0,0.6,equicorrelated
0.1,10,100,67,Empirical_copula,Gaussian,absolute_residual,0.895625,30742957689.32583,27.24357086137611,0.001007080078125,0.6,equicorrelated
0.2,10,100,67,TSCP_R,Gaussian,absolute_residual,0.87375,19213275015.95756,23.16945077377947,0.004001140594482422,0.6,equicorrelated
0.2,10,100,67,Point_CHR,Gaussian,absolute_residual,0.876875,26228418275.927254,23.262008120294194,0.0,0.6,equicorrelated
0.2,10,100,67,Unscaled,Gaussian,absolute_residual,0.82875,1215323699888.7476,16.161035963491646,0.0,0.6,equicorrelated
0.2,10,100,67,Empirical_copula,Gaussian,absolute_residual,0.811875,9106174908.343145,25.377224452262574,0.0009922981262207031,0.6,equicorrelated
0.05,10,100,68,TSCP_R,Gaussian,absolute_residual,0.9025,27741955363.33949,26.912402080947885,0.005000591278076172,0.6,equicorrelated
0.05,10,100,68,Point_CHR,Gaussian,absolute_residual,0.894375,21826991784.078865,26.985464996280406,0.0,0.6,equicorrelated
0.05,10,100,68,Unscaled,Gaussian,absolute_residual,0.955625,21837608785338.695,21.57349498754011,0.0,0.6,equicorrelated
0.05,10,100,68,Empirical_copula,Gaussian,absolute_residual,0.88125,21322389966.434204,25.096462307763815,0.0010075569152832031,0.6,equicorrelated
0.1,10,100,68,TSCP_R,Gaussian,absolute_residual,0.88125,19876127704.318825,26.04839249945383,0.004004716873168945,0.6,equicorrelated
0.1,10,100,68,Point_CHR,Gaussian,absolute_residual,0.81375,7312211790.03869,24.559756205962074,0.0009891986846923828,0.6,equicorrelated
0.1,10,100,68,Unscaled,Gaussian,absolute_residual,0.90125,5027497915749.717,18.62666869104401,0.0,0.6,equicorrelated
0.1,10,100,68,Empirical_copula,Gaussian,absolute_residual,0.81125,6885883431.532231,23.32645687945651,0.0009982585906982422,0.6,equicorrelated
0.2,10,100,68,TSCP_R,Gaussian,absolute_residual,0.780625,4893285229.177192,22.647814866536777,0.0030002593994140625,0.6,equicorrelated
0.2,10,100,68,Point_CHR,Gaussian,absolute_residual,0.728125,2468168738.965405,18.636561619293143,0.001001119613647461,0.6,equicorrelated
0.2,10,100,68,Unscaled,Gaussian,absolute_residual,0.785625,569765351743.9302,14.98199347407329,0.0,0.6,equicorrelated
0.2,10,100,68,Empirical_copula,Gaussian,absolute_residual,0.755625,3389282328.537977,22.066892996143736,0.0009996891021728516,0.6,equicorrelated
0.05,10,100,69,TSCP_R,Gaussian,absolute_residual,0.943125,59416375443.52398,29.12106430846165,0.00400853157043457,0.6,equicorrelated
0.05,10,100,69,Point_CHR,Gaussian,absolute_residual,0.9875,511593828188.24396,37.32710232432244,0.0009903907775878906,0.6,equicorrelated
0.05,10,100,69,Unscaled,Gaussian,absolute_residual,0.970625,41234926188253.625,22.989340997496797,0.0,0.6,equicorrelated
0.05,10,100,69,Empirical_copula,Gaussian,absolute_residual,0.949375,112936890762.2545,37.32710232432244,0.0010097026824951172,0.6,equicorrelated
0.1,10,100,69,TSCP_R,Gaussian,absolute_residual,0.910625,30922308347.060284,27.270049761884817,0.003990888595581055,0.6,equicorrelated
0.1,10,100,69,Point_CHR,Gaussian,absolute_residual,0.909375,41845921034.456825,26.79864836227244,0.0,0.6,equicorrelated
0.1,10,100,69,Unscaled,Gaussian,absolute_residual,0.9425,13123837593044.896,20.502465262357575,0.0,0.6,equicorrelated
0.1,10,100,69,Empirical_copula,Gaussian,absolute_residual,0.885,23087636966.858074,25.535322610642577,0.002012968063354492,0.6,equicorrelated
0.2,10,100,69,TSCP_R,Gaussian,absolute_residual,0.7975,5966770095.916015,23.151739260357985,0.0029861927032470703,0.6,equicorrelated
0.2,10,100,69,Point_CHR,Gaussian,absolute_residual,0.86,16430706274.81897,25.365059319790234,0.0,0.6,equicorrelated
0.2,10,100,69,Unscaled,Gaussian,absolute_residual,0.850625,1719366962028.1826,16.731576280644383,0.0,0.6,equicorrelated
0.2,10,100,69,Empirical_copula,Gaussian,absolute_residual,0.758125,4365842589.2970495,21.800044726750528,0.0009996891021728516,0.6,equicorrelated
0.05,10,100,70,TSCP_R,Gaussian,absolute_residual,0.888125,19016277764.51692,23.32167324865475,0.003998994827270508,0.6,equicorrelated
0.05,10,100,70,Point_CHR,Gaussian,absolute_residual,0.87875,21865394542.22624,26.726585567174123,0.0,0.6,equicorrelated
0.05,10,100,70,Unscaled,Gaussian,absolute_residual,0.918125,7950220893106.237,19.500148539491644,0.0,0.6,equicorrelated
0.05,10,100,70,Empirical_copula,Gaussian,absolute_residual,0.814375,8044437053.567435,22.984192469313875,0.0020008087158203125,0.6,equicorrelated
0.1,10,100,70,TSCP_R,Gaussian,absolute_residual,0.828125,8926046948.158176,21.88099030299614,0.0029990673065185547,0.6,equicorrelated
0.1,10,100,70,Point_CHR,Gaussian,absolute_residual,0.861875,21230266522.53579,25.388113372423028,0.0010018348693847656,0.6,equicorrelated
0.1,10,100,70,Unscaled,Gaussian,absolute_residual,0.869375,2900703031436.816,17.629919403011044,0.0,0.6,equicorrelated
0.1,10,100,70,Empirical_copula,Gaussian,absolute_residual,0.814375,8044437053.567435,22.984192469313875,0.0009999275207519531,0.6,equicorrelated
0.2,10,100,70,TSCP_R,Gaussian,absolute_residual,0.7575,3640413142.6024446,19.90495459360729,0.002997875213623047,0.6,equicorrelated
0.2,10,100,70,Point_CHR,Gaussian,absolute_residual,0.788125,7434528810.574363,20.364084649283946,0.0010004043579101562,0.6,equicorrelated
0.2,10,100,70,Unscaled,Gaussian,absolute_residual,0.774375,637175151089.8901,15.150462229966811,0.0,0.6,equicorrelated
0.2,10,100,70,Empirical_copula,Gaussian,absolute_residual,0.724375,3080868083.3382273,19.19174930414793,0.001001119613647461,0.6,equicorrelated
0.05,10,100,71,TSCP_R,Gaussian,absolute_residual,0.960625,73076340594.04326,25.79670541589418,0.005007266998291016,0.6,equicorrelated
0.05,10,100,71,Point_CHR,Gaussian,absolute_residual,0.94875,65399835509.35368,27.16755083589695,0.0,0.6,equicorrelated
0.05,10,100,71,Unscaled,Gaussian,absolute_residual,0.96875,38486810895900.664,22.831329016315237,0.0,0.6,equicorrelated
0.05,10,100,71,Empirical_copula,Gaussian,absolute_residual,0.900625,23543333109.06326,23.45435038301286,0.0009996891021728516,0.6,equicorrelated
0.1,10,100,71,TSCP_R,Gaussian,absolute_residual,0.925625,27628963158.135727,23.283072737356303,0.003996133804321289,0.6,equicorrelated
0.1,10,100,71,Point_CHR,Gaussian,absolute_residual,0.839375,7872480159.861998,21.825092126082097,0.0009996891021728516,0.6,equicorrelated
0.1,10,100,71,Unscaled,Gaussian,absolute_residual,0.925,8983044870175.729,19.739782215940032,0.0,0.6,equicorrelated
0.1,10,100,71,Empirical_copula,Gaussian,absolute_residual,0.900625,23543333109.06326,23.45435038301286,0.0010001659393310547,0.6,equicorrelated
0.2,10,100,71,TSCP_R,Gaussian,absolute_residual,0.8,4776606214.797818,19.531129304804274,0.003010988235473633,0.6,equicorrelated
0.2,10,100,71,Point_CHR,Gaussian,absolute_residual,0.6275,890596970.0462447,17.974526407796905,0.0,0.6,equicorrelated
0.2,10,100,71,Unscaled,Gaussian,absolute_residual,0.7675,422483095957.6425,14.54055333360444,0.0,0.6,equicorrelated
0.2,10,100,71,Empirical_copula,Gaussian,absolute_residual,0.7925,4681179415.588563,19.739782215875646,0.0010004043579101562,0.6,equicorrelated
0.05,10,100,72,TSCP_R,Gaussian,absolute_residual,0.956875,92583779552.292,31.039233093557257,0.004002809524536133,0.6,equicorrelated
0.05,10,100,72,Point_CHR,Gaussian,absolute_residual,0.98125,369473340700.63306,30.79617133551808,0.0009992122650146484,0.6,equicorrelated
0.05,10,100,72,Unscaled,Gaussian,absolute_residual,0.94625,18967396783829.066,21.2716301320577,0.0,0.6,equicorrelated
0.05,10,100,72,Empirical_copula,Gaussian,absolute_residual,0.890625,31214111961.905956,27.997804182653212,0.0010004043579101562,0.6,equicorrelated
0.1,10,100,72,TSCP_R,Gaussian,absolute_residual,0.894375,23660244796.083755,26.944802598603115,0.004002809524536133,0.6,equicorrelated
0.1,10,100,72,Point_CHR,Gaussian,absolute_residual,0.86625,16191953518.338646,25.503587140332314,0.0,0.6,equicorrelated
0.1,10,100,72,Unscaled,Gaussian,absolute_residual,0.90875,7358661465191.093,19.349951569389223,0.0,0.6,equicorrelated
0.1,10,100,72,Empirical_copula,Gaussian,absolute_residual,0.8375,13310655384.081974,24.403171386636316,0.001001119613647461,0.6,equicorrelated
0.2,10,100,72,TSCP_R,Gaussian,absolute_residual,0.72,2558043448.583485,21.451979676181313,0.0029981136322021484,0.6,equicorrelated
0.2,10,100,72,Point_CHR,Gaussian,absolute_residual,0.77125,5652994180.564349,24.49300656414411,0.0,0.6,equicorrelated
0.2,10,100,72,Unscaled,Gaussian,absolute_residual,0.8075,1074052801433.7472,15.962560754294573,0.0,0.6,equicorrelated
0.2,10,100,72,Empirical_copula,Gaussian,absolute_residual,0.698125,2226906755.071336,20.318464870022446,0.001992940902709961,0.6,equicorrelated
0.05,10,100,73,TSCP_R,Gaussian,absolute_residual,0.893125,19964337986.584995,23.39525192886604,0.0040132999420166016,0.6,equicorrelated
0.05,10,100,73,Point_CHR,Gaussian,absolute_residual,0.894375,24844548288.595257,25.130826068967544,0.0009930133819580078,0.6,equicorrelated
0.05,10,100,73,Unscaled,Gaussian,absolute_residual,0.940625,14033488425876.549,20.640326555204446,0.0,0.6,equicorrelated
0.05,10,100,73,Empirical_copula,Gaussian,absolute_residual,0.876875,21923837258.899982,27.009837494465884,0.00099945068359375,0.6,equicorrelated
0.1,10,100,73,TSCP_R,Gaussian,absolute_residual,0.8375,9700110798.72068,21.768234577278513,0.0040056705474853516,0.6,equicorrelated
0.1,10,100,73,Point_CHR,Gaussian,absolute_residual,0.81125,8217932205.866311,21.858222169882154,0.0,0.6,equicorrelated
0.1,10,100,73,Unscaled,Gaussian,absolute_residual,0.890625,3719004590882.4937,18.073516979731778,0.0,0.6,equicorrelated
0.1,10,100,73,Empirical_copula,Gaussian,absolute_residual,0.784375,6293420123.196504,24.50987626991406,0.0009968280792236328,0.6,equicorrelated
0.2,10,100,73,TSCP_R,Gaussian,absolute_residual,0.79875,5900591562.597159,20.69996763914288,0.0029976367950439453,0.6,equicorrelated
0.2,10,100,73,Point_CHR,Gaussian,absolute_residual,0.815,7074612746.544745,20.673899799828064,0.0,0.6,equicorrelated
0.2,10,100,73,Unscaled,Gaussian,absolute_residual,0.826875,1109193073336.769,16.01403284382889,0.0,0.6,equicorrelated
0.2,10,100,73,Empirical_copula,Gaussian,absolute_residual,0.760625,4367543868.783595,20.640326555148743,0.0010004043579101562,0.6,equicorrelated
0.05,10,100,74,TSCP_R,Gaussian,absolute_residual,0.98,218564931250.69913,29.240589507412757,0.0050048828125,0.6,equicorrelated
0.05,10,100,74,Point_CHR,Gaussian,absolute_residual,0.983125,349209698071.0097,35.339714970649645,0.0,0.6,equicorrelated
0.05,10,100,74,Unscaled,Gaussian,absolute_residual,0.96125,25518620695325.863,21.912186702753772,0.0,0.6,equicorrelated
0.05,10,100,74,Empirical_copula,Gaussian,absolute_residual,0.965625,146346640822.32654,26.208622523840642,0.0010001659393310547,0.6,equicorrelated
0.1,10,100,74,TSCP_R,Gaussian,absolute_residual,0.913125,31850934812.8712,24.07855163939356,0.0039937496185302734,0.6,equicorrelated
0.1,10,100,74,Point_CHR,Gaussian,absolute_residual,0.929375,43192087062.17224,26.968666195081326,0.0,0.6,equicorrelated
0.1,10,100,74,Unscaled,Gaussian,absolute_residual,0.881875,3623192156624.6553,18.026405523007977,0.0,0.6,equicorrelated
0.1,10,100,74,Empirical_copula,Gaussian,absolute_residual,0.925625,41489144211.22444,25.828644993125394,0.000997781753540039,0.6,equicorrelated
0.2,10,100,74,TSCP_R,Gaussian,absolute_residual,0.878125,15233034322.241945,22.267399285777465,0.0030090808868408203,0.6,equicorrelated
0.2,10,100,74,Point_CHR,Gaussian,absolute_residual,0.875625,27231709556.95255,25.21765099824362,0.0,0.6,equicorrelated
0.2,10,100,74,Unscaled,Gaussian,absolute_residual,0.83,1330811624693.3997,16.308411401559233,0.0,0.6,equicorrelated
0.2,10,100,74,Empirical_copula,Gaussian,absolute_residual,0.8175,7960753348.526698,20.492897969501556,0.000993490219116211,0.6,equicorrelated
0.05,10,100,75,TSCP_R,Gaussian,absolute_residual,0.958125,99771505168.27806,26.000604138088438,0.003998756408691406,0.6,equicorrelated
0.05,10,100,75,Point_CHR,Gaussian,absolute_residual,0.980625,620305942201.6123,28.61016458000241,0.001009225845336914,0.6,equicorrelated
0.05,10,100,75,Unscaled,Gaussian,absolute_residual,0.915,9135689880927.424,19.77307141258648,0.0,0.6,equicorrelated
0.05,10,100,75,Empirical_copula,Gaussian,absolute_residual,0.924375,55760365084.1211,24.436077009499286,0.0009908676147460938,0.6,equicorrelated
0.1,10,100,75,TSCP_R,Gaussian,absolute_residual,0.916875,35703665739.3111,23.46757497299521,0.005013465881347656,0.6,equicorrelated
0.1,10,100,75,Point_CHR,Gaussian,absolute_residual,0.93875,96371867347.43643,23.43686189946803,0.0,0.6,equicorrelated
0.1,10,100,75,Unscaled,Gaussian,absolute_residual,0.88125,3520160163103.22,17.974476160974934,0.0,0.6,equicorrelated
0.1,10,100,75,Empirical_copula,Gaussian,absolute_residual,0.8625,19962328096.638176,21.8417701079109,0.001219034194946289,0.6,equicorrelated
0.2,10,100,75,TSCP_R,Gaussian,absolute_residual,0.816875,7397508892.493756,20.073805334900626,0.004004001617431641,0.6,equicorrelated
0.2,10,100,75,Point_CHR,Gaussian,absolute_residual,0.819375,8486147853.174205,19.578688381700562,0.0,0.6,equicorrelated
0.2,10,100,75,Unscaled,Gaussian,absolute_residual,0.79625,660536724428.0029,15.205114568617507,0.0,0.6,equicorrelated
0.2,10,100,75,Empirical_copula,Gaussian,absolute_residual,0.803125,6893707072.082651,19.656121915623828,0.001001596450805664,0.6,equicorrelated
0.05,10,100,76,TSCP_R,Gaussian,absolute_residual,0.970625,186044351548.342,31.310430304476547,0.003011465072631836,0.6,equicorrelated
0.05,10,100,76,Point_CHR,Gaussian,absolute_residual,0.999375,3986117551243.085,43.490836299463396,0.0009889602661132812,0.6,equicorrelated
0.05,10,100,76,Unscaled,Gaussian,absolute_residual,0.946875,19542155083935.766,21.33522589820093,0.0,0.6,equicorrelated
0.05,10,100,76,Empirical_copula,Gaussian,absolute_residual,0.93,51271534856.70417,30.0647383339001,0.0009987354278564453,0.6,equicorrelated
0.1,10,100,76,TSCP_R,Gaussian,absolute_residual,0.9275,37982740907.08516,26.609644962557255,0.004000663757324219,0.6,equicorrelated
0.1,10,100,76,Point_CHR,Gaussian,absolute_residual,0.91125,39408569268.87774,24.772895649920137,0.0,0.6,equicorrelated
0.1,10,100,76,Unscaled,Gaussian,absolute_residual,0.91,7024119263865.419,19.2601288265207,0.0,0.6,equicorrelated
0.1,10,100,76,Empirical_copula,Gaussian,absolute_residual,0.93,51271534856.70417,30.0647383339001,0.0010104179382324219,0.6,equicorrelated
0.2,10,100,76,TSCP_R,Gaussian,absolute_residual,0.8025,6344908047.345667,22.133055379882904,0.0029904842376708984,0.6,equicorrelated
0.2,10,100,76,Point_CHR,Gaussian,absolute_residual,0.8575,17172496199.179771,21.209364835092902,0.0010073184967041016,0.6,equicorrelated
0.2,10,100,76,Unscaled,Gaussian,absolute_residual,0.79875,727144598114.851,15.351898070186088,0.0,0.6,equicorrelated
0.2,10,100,76,Empirical_copula,Gaussian,absolute_residual,0.795625,6476383972.119136,21.699991899719627,0.0010020732879638672,0.6,equicorrelated
0.05,10,100,77,TSCP_R,Gaussian,absolute_residual,0.965,120737382683.18599,29.846583648054946,0.0040051937103271484,0.6,equicorrelated
0.05,10,100,77,Point_CHR,Gaussian,absolute_residual,0.99,574434705308.9825,33.20398354276009,0.0,0.6,equicorrelated
0.05,10,100,77,Unscaled,Gaussian,absolute_residual,0.953125,18404705651483.594,21.20766661266597,0.0,0.6,equicorrelated
0.05,10,100,77,Empirical_copula,Gaussian,absolute_residual,0.943125,82821002610.98877,35.84158950648041,0.0010025501251220703,0.6,equicorrelated
0.1,10,100,77,TSCP_R,Gaussian,absolute_residual,0.915,34531861917.84582,26.300869439359943,0.004000425338745117,0.6,equicorrelated
0.1,10,100,77,Point_CHR,Gaussian,absolute_residual,0.9425,71200307448.62839,30.66434062606156,0.0,0.6,equicorrelated
0.1,10,100,77,Unscaled,Gaussian,absolute_residual,0.94125,12675118981282.324,20.431262539767953,0.0,0.6,equicorrelated
0.1,10,100,77,Empirical_copula,Gaussian,absolute_residual,0.90625,28452766984.589447,25.76900031494162,0.0010080337524414062,0.6,equicorrelated
0.2,10,100,77,TSCP_R,Gaussian,absolute_residual,0.858125,11069209582.89538,23.441492266533228,0.002993345260620117,0.6,equicorrelated
0.2,10,100,77,Point_CHR,Gaussian,absolute_residual,0.85625,14718571710.139454,26.947019880162735,0.0,0.6,equicorrelated
0.2,10,100,77,Unscaled,Gaussian,absolute_residual,0.88125,2093471822196.3835,17.064230623159915,0.0,0.6,equicorrelated
0.2,10,100,77,Empirical_copula,Gaussian,absolute_residual,0.833125,8694475213.64415,20.899009993034475,0.0010073184967041016,0.6,equicorrelated
0.05,10,100,78,TSCP_R,Gaussian,absolute_residual,0.9425,58350178182.002625,25.878707843847423,0.003997325897216797,0.6,equicorrelated
0.05,10,100,78,Point_CHR,Gaussian,absolute_residual,0.905,28623330957.13183,24.77319626914731,0.0010018348693847656,0.6,equicorrelated
0.05,10,100,78,Unscaled,Gaussian,absolute_residual,0.951875,14978238060969.299,20.775241116582794,0.0,0.6,equicorrelated
0.05,10,100,78,Empirical_copula,Gaussian,absolute_residual,0.93625,86229483962.70009,25.840328966164503,0.0009996891021728516,0.6,equicorrelated
0.1,10,100,78,TSCP_R,Gaussian,absolute_residual,0.911875,30137497385.266167,25.07890491693611,0.0040073394775390625,0.6,equicorrelated
0.1,10,100,78,Point_CHR,Gaussian,absolute_residual,0.891875,22364047998.565647,23.9505298990739,0.000997781753540039,0.6,equicorrelated
0.1,10,100,78,Unscaled,Gaussian,absolute_residual,0.9325,8923348398963.465,19.726624826634108,0.0,0.6,equicorrelated
0.1,10,100,78,Empirical_copula,Gaussian,absolute_residual,0.87,13762341284.87921,22.39714950761654,0.0010004043579101562,0.6,equicorrelated
0.2,10,100,78,TSCP_R,Gaussian,absolute_residual,0.83375,7631377959.550187,21.80639482567421,0.00399327278137207,0.6,equicorrelated
0.2,10,100,78,Point_CHR,Gaussian,absolute_residual,0.806875,6855662060.8361225,19.79099795438377,0.0,0.6,equicorrelated
0.2,10,100,78,Unscaled,Gaussian,absolute_residual,0.886875,2757327553998.7227,17.540777354238426,0.0,0.6,equicorrelated
0.2,10,100,78,Empirical_copula,Gaussian,absolute_residual,0.815,6032429586.076073,20.101538594067975,0.0010058879852294922,0.6,equicorrelated
0.05,10,100,79,TSCP_R,Gaussian,absolute_residual,0.963125,152249110092.87833,31.884923928986833,0.004004001617431641,0.6,equicorrelated
0.05,10,100,79,Point_CHR,Gaussian,absolute_residual,0.96625,302436394261.93945,37.42856084492188,0.0009965896606445312,0.6,equicorrelated
0.05,10,100,79,Unscaled,Gaussian,absolute_residual,0.93375,13632854715673.807,20.580630743867523,0.0,0.6,equicorrelated
0.05,10,100,79,Empirical_copula,Gaussian,absolute_residual,0.91125,69988379313.53835,32.47398310766607,0.0009925365447998047,0.6,equicorrelated
0.1,10,100,79,TSCP_R,Gaussian,absolute_residual,0.89375,28976701806.414825,26.81059299841177,0.0030062198638916016,0.6,equicorrelated
0.1,10,100,79,Point_CHR,Gaussian,absolute_residual,0.913125,54530845741.115166,29.832562912896556,0.00099945068359375,0.6,equicorrelated
0.1,10,100,79,Unscaled,Gaussian,absolute_residual,0.90375,5006085429881.675,18.61872020908489,0.0,0.6,equicorrelated
0.1,10,100,79,Empirical_copula,Gaussian,absolute_residual,0.8825,30976015082.72713,27.733424254909757,0.001003265380859375,0.6,equicorrelated
0.2,10,100,79,TSCP_R,Gaussian,absolute_residual,0.826875,10243932219.592594,24.145499712659113,0.002997159957885742,0.6,equicorrelated
0.2,10,100,79,Point_CHR,Gaussian,absolute_residual,0.810625,11714527412.20324,27.11055700001686,0.0,0.6,equicorrelated
0.2,10,100,79,Unscaled,Gaussian,absolute_residual,0.86125,2370442242502.0015,17.27758100409972,0.0,0.6,equicorrelated
0.2,10,100,79,Empirical_copula,Gaussian,absolute_residual,0.74375,3678236904.4929,20.580630743801038,0.0010099411010742188,0.6,equicorrelated
0.05,10,100,80,TSCP_R,Gaussian,absolute_residual,0.93625,68434399620.74032,27.283904608116167,0.004004001617431641,0.6,equicorrelated
0.05,10,100,80,Point_CHR,Gaussian,absolute_residual,0.955625,174974914254.48447,31.779649317792703,0.0,0.6,equicorrelated
0.05,10,100,80,Unscaled,Gaussian,absolute_residual,0.938125,11499824534621.617,20.233411837501635,0.0,0.6,equicorrelated
0.05,10,100,80,Empirical_copula,Gaussian,absolute_residual,0.909375,43691651106.13496,27.924335185786177,0.0010492801666259766,0.6,equicorrelated
0.1,10,100,80,TSCP_R,Gaussian,absolute_residual,0.88625,26275702376.113438,24.633762638121308,0.004004240036010742,0.6,equicorrelated
0.1,10,100,80,Point_CHR,Gaussian,absolute_residual,0.923125,51533978765.109406,26.51036488942968,0.0,0.6,equicorrelated
0.1,10,100,80,Unscaled,Gaussian,absolute_residual,0.884375,3454655085243.6343,17.940744832681567,0.0,0.6,equicorrelated
0.1,10,100,80,Empirical_copula,Gaussian,absolute_residual,0.858125,17492662109.299953,24.01497987207452,0.0010066032409667969,0.6,equicorrelated
0.2,10,100,80,TSCP_R,Gaussian,absolute_residual,0.79375,5926989230.709479,21.22452043975603,0.004001617431640625,0.6,equicorrelated
0.2,10,100,80,Point_CHR,Gaussian,absolute_residual,0.7925,6358118102.153345,24.400422201076587,0.0,0.6,equicorrelated
0.2,10,100,80,Unscaled,Gaussian,absolute_residual,0.7925,688235286988.353,15.26770266544661,0.0,0.6,equicorrelated
0.2,10,100,80,Empirical_copula,Gaussian,absolute_residual,0.80875,7035910053.271991,22.48131936975978,0.00099945068359375,0.6,equicorrelated
0.05,10,100,81,TSCP_R,Gaussian,absolute_residual,0.9825,223961456668.96167,30.52358188574594,0.004005908966064453,0.6,equicorrelated
0.05,10,100,81,Point_CHR,Gaussian,absolute_residual,0.9925,1066462283762.1116,33.59541171367018,0.0,0.6,equicorrelated
0.05,10,100,81,Unscaled,Gaussian,absolute_residual,0.94875,18248660958531.332,21.18961667282392,0.0,0.6,equicorrelated
0.05,10,100,81,Empirical_copula,Gaussian,absolute_residual,0.945625,95946054457.16583,25.921912802975836,0.0020017623901367188,0.6,equicorrelated
0.1,10,100,81,TSCP_R,Gaussian,absolute_residual,0.92,35581429292.2664,25.131122228036975,0.0029931068420410156,0.6,equicorrelated
0.1,10,100,81,Point_CHR,Gaussian,absolute_residual,0.863125,17913872601.01057,23.611188376573576,0.0,0.6,equicorrelated
0.1,10,100,81,Unscaled,Gaussian,absolute_residual,0.939375,13195877782767.701,20.51369189990549,0.0,0.6,equicorrelated
0.1,10,100,81,Empirical_copula,Gaussian,absolute_residual,0.899375,26760399789.667328,22.64482572989311,0.0009882450103759766,0.6,equicorrelated
0.2,10,100,81,TSCP_R,Gaussian,absolute_residual,0.808125,7148273814.277802,21.33853096958139,0.004008769989013672,0.6,equicorrelated
0.2,10,100,81,Point_CHR,Gaussian,absolute_residual,0.779375,5244956439.0622835,20.654770668890887,0.0,0.6,equicorrelated
0.2,10,100,81,Unscaled,Gaussian,absolute_residual,0.819375,1111865621474.9004,16.017887171915838,0.0,0.6,equicorrelated
0.2,10,100,81,Empirical_copula,Gaussian,absolute_residual,0.80875,7656073951.108415,21.04086691290277,0.0010004043579101562,0.6,equicorrelated
0.05,10,100,82,TSCP_R,Gaussian,absolute_residual,0.96375,128602648730.57864,29.453223241979735,0.0040094852447509766,0.6,equicorrelated
0.05,10,100,82,Point_CHR,Gaussian,absolute_residual,0.975,286206220112.01953,30.6296171044794,0.000989675521850586,0.6,equicorrelated
0.05,10,100,82,Unscaled,Gaussian,absolute_residual,0.94125,15709008330284.01,20.874442092528604,0.0,0.6,equicorrelated
0.05,10,100,82,Empirical_copula,Gaussian,absolute_residual,0.944375,83698650517.0884,29.736746877707272,0.0010008811950683594,0.6,equicorrelated
0.1,10,100,82,TSCP_R,Gaussian,absolute_residual,0.94375,63139916053.1971,27.492274519846244,0.004010200500488281,0.6,equicorrelated
0.1,10,100,82,Point_CHR,Gaussian,absolute_residual,0.9475,111139743485.18355,33.09900278113271,0.0009982585906982422,0.6,equicorrelated
0.1,10,100,82,Unscaled,Gaussian,absolute_residual,0.921875,8367224471918.978,19.600093450595505,0.0,0.6,equicorrelated
0.1,10,100,82,Empirical_copula,Gaussian,absolute_residual,0.845625,18461262383.259186,23.480491624714233,0.0009913444519042969,0.6,equicorrelated
0.2,10,100,82,TSCP_R,Gaussian,absolute_residual,0.7975,5871188901.814382,21.73530409835015,0.004000186920166016,0.6,equicorrelated
0.2,10,100,82,Point_CHR,Gaussian,absolute_residual,0.835,12608729923.419542,23.971952878836934,0.0,0.6,equicorrelated
0.2,10,100,82,Unscaled,Gaussian,absolute_residual,0.8275,1129749055083.8809,16.043466016057938,0.0,0.6,equicorrelated
0.2,10,100,82,Empirical_copula,Gaussian,absolute_residual,0.784375,5286515523.218514,20.20470453913473,0.0009992122650146484,0.6,equicorrelated
0.05,10,100,83,TSCP_R,Gaussian,absolute_residual,0.96875,142909966622.05743,29.3428429436912,0.003999948501586914,0.6,equicorrelated
0.05,10,100,83,Point_CHR,Gaussian,absolute_residual,0.97875,444564583379.6195,30.864000897516327,0.0,0.6,equicorrelated
0.05,10,100,83,Unscaled,Gaussian,absolute_residual,0.97,39749038789453.055,22.90512483706137,0.0,0.6,equicorrelated
0.05,10,100,83,Empirical_copula,Gaussian,absolute_residual,0.92,58283010399.03609,29.280518920484774,0.0009925365447998047,0.6,equicorrelated
0.1,10,100,83,TSCP_R,Gaussian,absolute_residual,0.859375,13311061820.1545,24.084346604481873,0.0030066967010498047,0.6,equicorrelated
0.1,10,100,83,Point_CHR,Gaussian,absolute_residual,0.94875,94064986803.85918,29.81355843686474,0.0010004043579101562,0.6,equicorrelated
0.1,10,100,83,Unscaled,Gaussian,absolute_residual,0.868125,2773081761487.953,17.550773740147182,0.0,0.6,equicorrelated
0.1,10,100,83,Empirical_copula,Gaussian,absolute_residual,0.85875,18163512331.209324,28.176311357579483,0.0009918212890625,0.6,equicorrelated
0.2,10,100,83,TSCP_R,Gaussian,absolute_residual,0.761875,3849418724.154274,21.396523001239615,0.004000186920166016,0.6,equicorrelated
0.2,10,100,83,Point_CHR,Gaussian,absolute_residual,0.815625,8983726950.357618,22.51601151752865,0.0,0.6,equicorrelated
0.2,10,100,83,Unscaled,Gaussian,absolute_residual,0.785625,673182696225.5798,15.233976959600938,0.0,0.6,equicorrelated
0.2,10,100,83,Empirical_copula,Gaussian,absolute_residual,0.700625,2139856616.9064264,21.16150791452367,0.0009996891021728516,0.6,equicorrelated
0.05,10,100,84,TSCP_R,Gaussian,absolute_residual,0.97625,218987956479.4391,30.724733366985653,0.0039997100830078125,0.6,equicorrelated
0.05,10,100,84,Point_CHR,Gaussian,absolute_residual,0.97375,407798871016.8421,31.03703590467348,0.001008749008178711,0.6,equicorrelated
0.05,10,100,84,Unscaled,Gaussian,absolute_residual,0.93375,13954392018768.637,20.628663516091972,0.0,0.6,equicorrelated
0.05,10,100,84,Empirical_copula,Gaussian,absolute_residual,0.940625,99347940738.1971,24.86032015115436,0.0010025501251220703,0.6,equicorrelated
0.1,10,100,84,TSCP_R,Gaussian,absolute_residual,0.9325,63854939614.67341,27.128363200864996,0.003994941711425781,0.6,equicorrelated
0.1,10,100,84,Point_CHR,Gaussian,absolute_residual,0.945,106701380345.40562,29.911613416601522,0.0,0.6,equicorrelated
0.1,10,100,84,Unscaled,Gaussian,absolute_residual,0.90125,6346546486116.593,19.065743525358187,0.0,0.6,equicorrelated
0.1,10,100,84,Empirical_copula,Gaussian,absolute_residual,0.89125,32621575007.854042,20.870827884357574,0.0010128021240234375,0.6,equicorrelated
0.2,10,100,84,TSCP_R,Gaussian,absolute_residual,0.7875,5862213355.807014,21.41606769105249,0.0029952526092529297,0.6,equicorrelated
0.2,10,100,84,Point_CHR,Gaussian,absolute_residual,0.764375,5353078537.216616,23.567668173951596,0.0,0.6,equicorrelated
0.2,10,100,84,Unscaled,Gaussian,absolute_residual,0.811875,1215857501310.5972,16.1617456574895,0.0,0.6,equicorrelated
0.2,10,100,84,Empirical_copula,Gaussian,absolute_residual,0.79375,7123456358.433034,19.394496802035356,0.0009984970092773438,0.6,equicorrelated
0.05,10,100,85,TSCP_R,Gaussian,absolute_residual,0.956875,111587541148.3304,26.964101554362692,0.002999544143676758,0.6,equicorrelated
0.05,10,100,85,Point_CHR,Gaussian,absolute_residual,0.991875,1771656745679.1086,33.683925606120965,0.0009925365447998047,0.6,equicorrelated
0.05,10,100,85,Unscaled,Gaussian,absolute_residual,0.925,8047765413806.949,19.52394299044891,0.0,0.6,equicorrelated
0.05,10,100,85,Empirical_copula,Gaussian,absolute_residual,0.925,55202438275.09617,26.897914204639644,0.0010073184967041016,0.6,equicorrelated
0.1,10,100,85,TSCP_R,Gaussian,absolute_residual,0.924375,35997917030.18633,24.179222091426748,0.0029993057250976562,0.6,equicorrelated
0.1,10,100,85,Point_CHR,Gaussian,absolute_residual,0.964375,139158639946.79233,26.72025857056533,0.0010008811950683594,0.6,equicorrelated
0.1,10,100,85,Unscaled,Gaussian,absolute_residual,0.8975,4150237230363.704,18.272892202876573,0.0,0.6,equicorrelated
0.1,10,100,85,Empirical_copula,Gaussian,absolute_residual,0.840625,13478365315.876474,22.040914771121997,0.0009922981262207031,0.6,equicorrelated
0.2,10,100,85,TSCP_R,Gaussian,absolute_residual,0.863125,13540800412.933025,22.065720349158703,0.0030074119567871094,0.6,equicorrelated
0.2,10,100,85,Point_CHR,Gaussian,absolute_residual,0.87375,12740735830.455122,22.822909535230703,0.0009989738464355469,0.6,equicorrelated
0.2,10,100,85,Unscaled,Gaussian,absolute_residual,0.844375,1418609807425.3826,16.412936747121773,0.0,0.6,equicorrelated
0.2,10,100,85,Empirical_copula,Gaussian,absolute_residual,0.79125,6516648274.991764,19.48846013849493,0.0009999275207519531,0.6,equicorrelated
0.05,10,100,86,TSCP_R,Gaussian,absolute_residual,0.96,95173842233.00212,28.287230290012957,0.004007101058959961,0.6,equicorrelated
0.05,10,100,86,Point_CHR,Gaussian,absolute_residual,0.96625,189873259902.56326,24.79180035278861,0.0,0.6,equicorrelated
0.05,10,100,86,Unscaled,Gaussian,absolute_residual,0.925625,8545393338187.016,19.641434623903617,0.0,0.6,equicorrelated
0.05,10,100,86,Empirical_copula,Gaussian,absolute_residual,0.940625,82977653879.172,30.871539699038653,0.0019927024841308594,0.6,equicorrelated
0.1,10,100,86,TSCP_R,Gaussian,absolute_residual,0.913125,28691931468.685143,24.235055449920086,0.0030074119567871094,0.6,equicorrelated
0.1,10,100,86,Point_CHR,Gaussian,absolute_residual,0.91125,29602339191.249065,23.39652951822859,0.0,0.6,equicorrelated
0.1,10,100,86,Unscaled,Gaussian,absolute_residual,0.871875,2491784771215.528,17.364050999635023,0.0,0.6,equicorrelated
0.1,10,100,86,Empirical_copula,Gaussian,absolute_residual,0.829375,9390417331.343199,22.616806170226294,0.000993490219116211,0.6,equicorrelated
0.2,10,100,86,TSCP_R,Gaussian,absolute_residual,0.7675,4094054664.932189,20.52474127179365,0.0030069351196289062,0.6,equicorrelated
0.2,10,100,86,Point_CHR,Gaussian,absolute_residual,0.805,6445768036.955356,17.842391142028973,0.0,0.6,equicorrelated
0.2,10,100,86,Unscaled,Gaussian,absolute_residual,0.793125,684570881881.7606,15.259554064354067,0.0,0.6,equicorrelated
0.2,10,100,86,Empirical_copula,Gaussian,absolute_residual,0.779375,4893537538.875576,19.66713477060709,0.00099945068359375,0.6,equicorrelated
0.05,10,100,87,TSCP_R,Gaussian,absolute_residual,0.9775,208305150945.9291,29.52714150082404,0.004006624221801758,0.6,equicorrelated
0.05,10,100,87,Point_CHR,Gaussian,absolute_residual,0.9875,690464085514.4039,34.23355045604363,0.0,0.6,equicorrelated
0.05,10,100,87,Unscaled,Gaussian,absolute_residual,0.975625,50158794419506.6,23.44416174334838,0.0,0.6,equicorrelated
0.05,10,100,87,Empirical_copula,Gaussian,absolute_residual,0.955625,112409450538.51338,27.779923920663148,0.00099945068359375,0.6,equicorrelated
0.1,10,100,87,TSCP_R,Gaussian,absolute_residual,0.945,60059605069.49784,26.102598941630987,0.004000425338745117,0.6,equicorrelated
0.1,10,100,87,Point_CHR,Gaussian,absolute_residual,0.968125,161272508308.98953,25.77336214363187,0.0,0.6,equicorrelated
0.1,10,100,87,Unscaled,Gaussian,absolute_residual,0.91625,6330892372438.639,19.06103562463821,0.0010004043579101562,0.6,equicorrelated
0.1,10,100,87,Empirical_copula,Gaussian,absolute_residual,0.91625,40094208189.23413,27.119629023288667,0.0009996891021728516,0.6,equicorrelated
0.2,10,100,87,TSCP_R,Gaussian,absolute_residual,0.86,12647786513.14012,22.28002332604915,0.0029926300048828125,0.6,equicorrelated
0.2,10,100,87,Point_CHR,Gaussian,absolute_residual,0.884375,21317128730.809895,22.619010924034864,0.0,0.6,equicorrelated
0.2,10,100,87,Unscaled,Gaussian,absolute_residual,0.85,1523612597849.0242,16.530555783751694,0.0,0.6,equicorrelated
0.2,10,100,87,Empirical_copula,Gaussian,absolute_residual,0.815625,6452423005.004129,20.94721665705209,0.001007080078125,0.6,equicorrelated
0.05,10,100,88,TSCP_R,Gaussian,absolute_residual,0.97375,139366878850.74643,29.34315920848287,0.0040051937103271484,0.6,equicorrelated
0.05,10,100,88,Point_CHR,Gaussian,absolute_residual,0.9925,719193117423.5502,37.99431995209102,0.0,0.6,equicorrelated
0.05,10,100,88,Unscaled,Gaussian,absolute_residual,0.96,38122965318963.66,22.80965241881831,0.0,0.6,equicorrelated
0.05,10,100,88,Empirical_copula,Gaussian,absolute_residual,0.944375,97203400284.81754,27.384558297472662,0.0010001659393310547,0.6,equicorrelated
0.1,10,100,88,TSCP_R,Gaussian,absolute_residual,0.915625,32093516049.267147,25.12329078888754,0.0029997825622558594,0.6,equicorrelated
0.1,10,100,88,Point_CHR,Gaussian,absolute_residual,0.95125,82799073047.23996,30.00053636707031,0.0010001659393310547,0.6,equicorrelated
0.1,10,100,88,Unscaled,Gaussian,absolute_residual,0.92,10115814591695.938,19.975611643508454,0.0,0.6,equicorrelated
0.1,10,100,88,Empirical_copula,Gaussian,absolute_residual,0.91125,36348984581.72098,24.728690068992677,0.0010001659393310547,0.6,equicorrelated
0.2,10,100,88,TSCP_R,Gaussian,absolute_residual,0.80375,6236683517.922441,21.18254059037707,0.0030069351196289062,0.6,equicorrelated
0.2,10,100,88,Point_CHR,Gaussian,absolute_residual,0.79125,5547437073.939932,22.790181888942488,0.0,0.6,equicorrelated
0.2,10,100,88,Unscaled,Gaussian,absolute_residual,0.831875,1365951274764.0818,16.35096996472004,0.0009958744049072266,0.6,equicorrelated
0.2,10,100,88,Empirical_copula,Gaussian,absolute_residual,0.784375,5170510092.614032,22.265840797581,0.000997304916381836,0.6,equicorrelated
0.05,10,100,89,TSCP_R,Gaussian,absolute_residual,0.929375,47442415352.12265,27.006256963872424,0.004006862640380859,0.6,equicorrelated
0.05,10,100,89,Point_CHR,Gaussian,absolute_residual,0.93375,104509707968.15929,29.86089259900526,0.0010001659393310547,0.6,equicorrelated
0.05,10,100,89,Unscaled,Gaussian,absolute_residual,0.940625,13374911963246.219,20.54135523590363,0.0,0.6,equicorrelated
0.05,10,100,89,Empirical_copula,Gaussian,absolute_residual,0.8825,39079586793.702095,25.923046702841837,0.0009999275207519531,0.6,equicorrelated
0.1,10,100,89,TSCP_R,Gaussian,absolute_residual,0.8625,15581118138.352745,23.92859949914659,0.004002809524536133,0.6,equicorrelated
0.1,10,100,89,Point_CHR,Gaussian,absolute_residual,0.876875,22162358914.969128,27.667276245873712,0.0,0.6,equicorrelated
0.1,10,100,89,Unscaled,Gaussian,absolute_residual,0.878125,3194724183023.9673,17.800956418553252,0.0,0.6,equicorrelated
0.1,10,100,89,Empirical_copula,Gaussian,absolute_residual,0.83,11959255251.840672,23.42809744799193,0.0009975433349609375,0.6,equicorrelated
0.2,10,100,89,TSCP_R,Gaussian,absolute_residual,0.770625,4361267675.0260935,21.310312194212337,0.0030012130737304688,0.6,equicorrelated
0.2,10,100,89,Point_CHR,Gaussian,absolute_residual,0.828125,10642954651.691267,25.80517192899466,0.0009989738464355469,0.6,equicorrelated
0.2,10,100,89,Unscaled,Gaussian,absolute_residual,0.789375,686248702805.3666,15.263289923702764,0.0,0.6,equicorrelated
0.2,10,100,89,Empirical_copula,Gaussian,absolute_residual,0.733125,3221997567.862775,19.568684397100004,0.0009925365447998047,0.6,equicorrelated
0.05,10,100,90,TSCP_R,Gaussian,absolute_residual,0.9175,32419731879.396305,25.68182152926894,0.003999233245849609,0.6,equicorrelated
0.05,10,100,90,Point_CHR,Gaussian,absolute_residual,0.904375,30346032733.28893,25.158251984072287,0.0010020732879638672,0.6,equicorrelated
0.05,10,100,90,Unscaled,Gaussian,absolute_residual,0.95625,24106192207824.133,21.78777398616912,0.0,0.6,equicorrelated
0.05,10,100,90,Empirical_copula,Gaussian,absolute_residual,0.918125,41386226384.07953,30.705925529564787,0.0009996891021728516,0.6,equicorrelated
0.1,10,100,90,TSCP_R,Gaussian,absolute_residual,0.885,17103692386.7691,24.080563532434315,0.004015684127807617,0.6,equicorrelated
0.1,10,100,90,Point_CHR,Gaussian,absolute_residual,0.865625,12302577887.383652,20.899503876227044,0.0,0.6,equicorrelated
0.1,10,100,90,Unscaled,Gaussian,absolute_residual,0.920625,7309503590192.369,19.336986248267994,0.0,0.6,equicorrelated
0.1,10,100,90,Empirical_copula,Gaussian,absolute_residual,0.845,11614994594.720343,22.299091213999255,0.00099945068359375,0.6,equicorrelated
0.2,10,100,90,TSCP_R,Gaussian,absolute_residual,0.80375,5522178633.340994,21.369003524072966,0.002999544143676758,0.6,equicorrelated
0.2,10,100,90,Point_CHR,Gaussian,absolute_residual,0.84875,16775028283.838234,19.9600806311642,0.0,0.6,equicorrelated
0.2,10,100,90,Unscaled,Gaussian,absolute_residual,0.84375,1238927806321.9846,16.192153044478104,0.0,0.6,equicorrelated
0.2,10,100,90,Empirical_copula,Gaussian,absolute_residual,0.76875,3615335736.416727,20.899503876227044,0.0009951591491699219,0.6,equicorrelated
0.05,10,100,91,TSCP_R,Gaussian,absolute_residual,0.97875,212746054988.4507,31.938155032824767,0.003999233245849609,0.6,equicorrelated
0.05,10,100,91,Point_CHR,Gaussian,absolute_residual,0.97625,287616070675.6322,29.726245397089848,0.0010063648223876953,0.6,equicorrelated
0.05,10,100,91,Unscaled,Gaussian,absolute_residual,0.974375,48577463645227.195,23.36918052843663,0.0,0.6,equicorrelated
0.05,10,100,91,Empirical_copula,Gaussian,absolute_residual,0.946875,109259354797.62611,29.726245397089848,0.0009999275207519531,0.6,equicorrelated
0.1,10,100,91,TSCP_R,Gaussian,absolute_residual,0.94,54635716573.81657,28.0152558699666,0.0039937496185302734,0.6,equicorrelated
0.1,10,100,91,Point_CHR,Gaussian,absolute_residual,0.880625,26008737440.462334,24.659004248732916,0.0,0.6,equicorrelated
0.1,10,100,91,Unscaled,Gaussian,absolute_residual,0.955625,18636102949599.85,21.234180761961007,0.0,0.6,equicorrelated
0.1,10,100,91,Empirical_copula,Gaussian,absolute_residual,0.9025,30121328438.95796,28.365914315483366,0.0010061264038085938,0.6,equicorrelated
0.2,10,100,91,TSCP_R,Gaussian,absolute_residual,0.80375,6648947979.496364,22.05200308733046,0.0029997825622558594,0.6,equicorrelated
0.2,10,100,91,Point_CHR,Gaussian,absolute_residual,0.8075,8529983696.162683,23.4538275386171,0.0009996891021728516,0.6,equicorrelated
0.2,10,100,91,Unscaled,Gaussian,absolute_residual,0.821875,1139466316346.4758,16.057212290181987,0.0,0.6,equicorrelated
0.2,10,100,91,Empirical_copula,Gaussian,absolute_residual,0.731875,3514117317.3877997,21.698713495114344,0.001009225845336914,0.6,equicorrelated
0.05,10,100,92,TSCP_R,Gaussian,absolute_residual,0.940625,61858947342.661896,26.939231494684634,0.004006862640380859,0.6,equicorrelated
0.05,10,100,92,Point_CHR,Gaussian,absolute_residual,0.965625,137506155093.8985,27.592603704622643,0.0,0.6,equicorrelated
0.05,10,100,92,Unscaled,Gaussian,absolute_residual,0.951875,18147374666779.633,21.177826234452105,0.0,0.6,equicorrelated
0.05,10,100,92,Empirical_copula,Gaussian,absolute_residual,0.940625,92664175359.67569,31.503616144744733,0.0009996891021728516,0.6,equicorrelated
0.1,10,100,92,TSCP_R,Gaussian,absolute_residual,0.898125,19881387121.720116,23.88603030545822,0.003994941711425781,0.6,equicorrelated
0.1,10,100,92,Point_CHR,Gaussian,absolute_residual,0.891875,24631063700.303875,22.377652818013598,0.0,0.6,equicorrelated
0.1,10,100,92,Unscaled,Gaussian,absolute_residual,0.91875,8373269082167.235,19.60150893107064,0.0,0.6,equicorrelated
0.1,10,100,92,Empirical_copula,Gaussian,absolute_residual,0.8875,22889494831.155815,25.41947049854073,0.001007080078125,0.6,equicorrelated
0.2,10,100,92,TSCP_R,Gaussian,absolute_residual,0.8325,6964112688.671908,21.55142753133228,0.0030007362365722656,0.6,equicorrelated
0.2,10,100,92,Point_CHR,Gaussian,absolute_residual,0.8425,9574719853.21896,21.64098095926122,0.0009980201721191406,0.6,equicorrelated
0.2,10,100,92,Unscaled,Gaussian,absolute_residual,0.815625,1135650708159.4412,16.05182726485795,0.0,0.6,equicorrelated
0.2,10,100,92,Empirical_copula,Gaussian,absolute_residual,0.7925,4751201599.196112,20.79919604594421,0.00099945068359375,0.6,equicorrelated
0.05,10,100,93,TSCP_R,Gaussian,absolute_residual,0.93625,61957684776.85355,26.429047668509256,0.003999471664428711,0.6,equicorrelated
0.05,10,100,93,Point_CHR,Gaussian,absolute_residual,0.99,1348709309763.3328,44.412811156332225,0.0010006427764892578,0.6,equicorrelated
0.05,10,100,93,Unscaled,Gaussian,absolute_residual,0.973125,57188480021742.805,23.753677475815326,0.0,0.6,equicorrelated
0.05,10,100,93,Empirical_copula,Gaussian,absolute_residual,0.863125,22866705200.481228,25.096673883511997,0.0009996891021728516,0.6,equicorrelated
0.1,10,100,93,TSCP_R,Gaussian,absolute_residual,0.85625,15263263606.281103,23.170839954096365,0.0033121109008789062,0.6,equicorrelated
0.1,10,100,93,Point_CHR,Gaussian,absolute_residual,0.84375,15125368367.340443,22.395367677536978,0.0,0.6,equicorrelated
0.1,10,100,93,Unscaled,Gaussian,absolute_residual,0.85875,2538733831405.932,17.39649341625916,0.0,0.6,equicorrelated
0.1,10,100,93,Empirical_copula,Gaussian,absolute_residual,0.8175,11796009739.74277,22.311697584117898,0.00099945068359375,0.6,equicorrelated
0.2,10,100,93,TSCP_R,Gaussian,absolute_residual,0.724375,2822871336.2373395,19.659766649248823,0.0029985904693603516,0.6,equicorrelated
0.2,10,100,93,Point_CHR,Gaussian,absolute_residual,0.748125,4222707170.1804028,19.81538759521392,0.0,0.6,equicorrelated
0.2,10,100,93,Unscaled,Gaussian,absolute_residual,0.76625,509570954545.33386,14.81564170006553,0.0,0.6,equicorrelated
0.2,10,100,93,Empirical_copula,Gaussian,absolute_residual,0.71375,2514400316.692292,17.504273224314744,0.0010027885437011719,0.6,equicorrelated
0.05,10,100,94,TSCP_R,Gaussian,absolute_residual,0.950625,79504946849.165,27.038332344971867,0.003987312316894531,0.6,equicorrelated
0.05,10,100,94,Point_CHR,Gaussian,absolute_residual,0.960625,154689420979.27625,29.24987374149407,0.0,0.6,equicorrelated
0.05,10,100,94,Unscaled,Gaussian,absolute_residual,0.925,9703769047989.166,19.892714292951734,0.0010080337524414062,0.6,equicorrelated
0.05,10,100,94,Empirical_copula,Gaussian,absolute_residual,0.915625,47716763943.847046,27.3694186127813,0.0009987354278564453,0.6,equicorrelated
0.1,10,100,94,TSCP_R,Gaussian,absolute_residual,0.91625,36175919867.56212,24.957212689885147,0.002998828887939453,0.6,equicorrelated
0.1,10,100,94,Point_CHR,Gaussian,absolute_residual,0.898125,35013130831.69459,25.01449892862286,0.0009999275207519531,0.6,equicorrelated
0.1,10,100,94,Unscaled,Gaussian,absolute_residual,0.906875,5248466266142.449,18.706961007919755,0.0,0.6,equicorrelated
0.1,10,100,94,Empirical_copula,Gaussian,absolute_residual,0.84,11191391363.854126,23.906458203002142,0.0020008087158203125,0.6,equicorrelated
0.2,10,100,94,TSCP_R,Gaussian,absolute_residual,0.791875,5770028333.347224,20.729013942677476,0.0029993057250976562,0.6,equicorrelated
0.2,10,100,94,Point_CHR,Gaussian,absolute_residual,0.85875,15092895841.518549,22.262359556107164,0.0,0.6,equicorrelated
0.2,10,100,94,Unscaled,Gaussian,absolute_residual,0.8025,737349729831.1018,15.373308860406004,0.0,0.6,equicorrelated
0.2,10,100,94,Empirical_copula,Gaussian,absolute_residual,0.78125,4863027460.401313,20.370641736207993,0.0010001659393310547,0.6,equicorrelated
0.05,10,100,95,TSCP_R,Gaussian,absolute_residual,0.9675,129297759866.14401,28.81989481242798,0.004007816314697266,0.6,equicorrelated
0.05,10,100,95,Point_CHR,Gaussian,absolute_residual,0.965625,204264331171.72763,29.445772157815686,0.0,0.6,equicorrelated
0.05,10,100,95,Unscaled,Gaussian,absolute_residual,0.94875,17115534052504.545,21.05421461062446,0.0,0.6,equicorrelated
0.05,10,100,95,Empirical_copula,Gaussian,absolute_residual,0.935,64205604381.95633,29.377619264673083,0.00099945068359375,0.6,equicorrelated
0.1,10,100,95,TSCP_R,Gaussian,absolute_residual,0.91875,35251586140.13681,25.46897505050112,0.003999471664428711,0.6,equicorrelated
0.1,10,100,95,Point_CHR,Gaussian,absolute_residual,0.92125,33682442698.4221,24.495434727717843,0.0,0.6,equicorrelated
0.1,10,100,95,Unscaled,Gaussian,absolute_residual,0.91125,5176295561027.686,18.681076831599817,0.0,0.6,equicorrelated
0.1,10,100,95,Empirical_copula,Gaussian,absolute_residual,0.868125,21888067326.713593,27.663338839451978,0.0010104179382324219,0.6,equicorrelated
0.2,10,100,95,TSCP_R,Gaussian,absolute_residual,0.80875,6779735896.995373,21.499932416383874,0.0029954910278320312,0.6,equicorrelated
0.2,10,100,95,Point_CHR,Gaussian,absolute_residual,0.825,10356463123.380644,21.05421461058382,0.0,0.6,equicorrelated
0.2,10,100,95,Unscaled,Gaussian,absolute_residual,0.8475,1671368323031.9875,16.684270280705285,0.0,0.6,equicorrelated
0.2,10,100,95,Empirical_copula,Gaussian,absolute_residual,0.793125,6638127082.654929,20.89428341024286,0.001001596450805664,0.6,equicorrelated
0.05,10,100,96,TSCP_R,Gaussian,absolute_residual,0.956875,120030379460.57289,26.986282444401887,0.0040018558502197266,0.6,equicorrelated
0.05,10,100,96,Point_CHR,Gaussian,absolute_residual,0.94875,127195934188.54178,34.33322580217091,0.0009999275207519531,0.6,equicorrelated
0.05,10,100,96,Unscaled,Gaussian,absolute_residual,0.954375,24878668226579.03,21.856605464636832,0.0,0.6,equicorrelated
0.05,10,100,96,Empirical_copula,Gaussian,absolute_residual,0.94125,67110092456.63172,27.333959691194842,0.0009999275207519531,0.6,equicorrelated
0.1,10,100,96,TSCP_R,Gaussian,absolute_residual,0.935,58202009431.3894,25.377219002086672,0.003997325897216797,0.6,equicorrelated
0.1,10,100,96,Point_CHR,Gaussian,absolute_residual,0.924375,55288426993.692856,23.092431197981796,0.0010187625885009766,0.6,equicorrelated
0.1,10,100,96,Unscaled,Gaussian,absolute_residual,0.908125,6228812396563.5,19.030076102874762,0.0,0.6,equicorrelated
0.1,10,100,96,Empirical_copula,Gaussian,absolute_residual,0.87875,22598712703.53413,26.951363520835407,0.0009930133819580078,0.6,equicorrelated
0.2,10,100,96,TSCP_R,Gaussian,absolute_residual,0.839375,10715661000.208965,21.346128786773875,0.0029952526092529297,0.6,equicorrelated
0.2,10,100,96,Point_CHR,Gaussian,absolute_residual,0.821875,9016876998.429577,21.643231177733618,0.0,0.6,equicorrelated
0.2,10,100,96,Unscaled,Gaussian,absolute_residual,0.821875,1180581722575.3362,16.114231760646607,0.0,0.6,equicorrelated
0.2,10,100,96,Empirical_copula,Gaussian,absolute_residual,0.806875,6533117762.48358,20.012348057498293,0.0010001659393310547,0.6,equicorrelated
0.05,10,100,97,TSCP_R,Gaussian,absolute_residual,0.940625,71356444332.86752,25.805375803640956,0.00400090217590332,0.6,equicorrelated
0.05,10,100,97,Point_CHR,Gaussian,absolute_residual,0.946875,99434795206.51813,27.82293082601182,0.0,0.6,equicorrelated
0.05,10,100,97,Unscaled,Gaussian,absolute_residual,0.91125,7316227775743.578,19.338764367495717,0.0,0.6,equicorrelated
0.05,10,100,97,Empirical_copula,Gaussian,absolute_residual,0.898125,55358842415.37433,23.46185549754162,0.0010120868682861328,0.6,equicorrelated
0.1,10,100,97,TSCP_R,Gaussian,absolute_residual,0.884375,21530219318.945263,23.02443927829306,0.0029921531677246094,0.6,equicorrelated
0.1,10,100,97,Point_CHR,Gaussian,absolute_residual,0.865,21601603590.429737,24.51075215362536,0.0,0.6,equicorrelated
0.1,10,100,97,Unscaled,Gaussian,absolute_residual,0.886875,3865063667081.663,18.14327424563156,0.0,0.6,equicorrelated
0.1,10,100,97,Empirical_copula,Gaussian,absolute_residual,0.8375,19078699095.917522,21.605862200032995,0.0009961128234863281,0.6,equicorrelated
0.2,10,100,97,TSCP_R,Gaussian,absolute_residual,0.786875,5833916610.105368,20.149141206115374,0.0029976367950439453,0.6,equicorrelated
0.2,10,100,97,Point_CHR,Gaussian,absolute_residual,0.770625,4532307146.194589,19.00842054787167,0.0010006427764892578,0.6,equicorrelated
0.2,10,100,97,Unscaled,Gaussian,absolute_residual,0.791875,732982504586.7118,15.364179092248307,0.0,0.6,equicorrelated
0.2,10,100,97,Empirical_copula,Gaussian,absolute_residual,0.76625,5523632409.786461,20.77702666506668,0.0010018348693847656,0.6,equicorrelated
0.05,10,100,98,TSCP_R,Gaussian,absolute_residual,0.97125,134947202941.14122,27.315270209547386,0.004000186920166016,0.6,equicorrelated
0.05,10,100,98,Point_CHR,Gaussian,absolute_residual,0.966875,154664905139.85672,25.972058395209007,0.0,0.6,equicorrelated
0.05,10,100,98,Unscaled,Gaussian,absolute_residual,0.94875,12725497904223.83,20.439368725004517,0.0,0.6,equicorrelated
0.05,10,100,98,Empirical_copula,Gaussian,absolute_residual,0.944375,74405274471.77664,23.92388537184732,0.001009225845336914,0.6,equicorrelated
0.1,10,100,98,TSCP_R,Gaussian,absolute_residual,0.944375,62664910254.25716,25.291244473707078,0.003996372222900391,0.6,equicorrelated
0.1,10,100,98,Point_CHR,Gaussian,absolute_residual,0.9275,49145909891.870605,26.171070629748357,0.0,0.6,equicorrelated
0.1,10,100,98,Unscaled,Gaussian,absolute_residual,0.92,5978497760413.724,18.952181510113526,0.0,0.6,equicorrelated
0.1,10,100,98,Empirical_copula,Gaussian,absolute_residual,0.908125,29520092758.58748,23.32001104014334,0.0009946823120117188,0.6,equicorrelated
0.2,10,100,98,TSCP_R,Gaussian,absolute_residual,0.830625,7225016248.616292,20.420752057534585,0.003009796142578125,0.6,equicorrelated
0.2,10,100,98,Point_CHR,Gaussian,absolute_residual,0.82875,7454323122.187556,21.5595263192932,0.0009894371032714844,0.6,equicorrelated
0.2,10,100,98,Unscaled,Gaussian,absolute_residual,0.843125,1364321356082.3809,16.349017839987866,0.0,0.6,equicorrelated
0.2,10,100,98,Empirical_copula,Gaussian,absolute_residual,0.815,7405539165.240302,19.77862142582552,0.0010075569152832031,0.6,equicorrelated
0.05,10,100,99,TSCP_R,Gaussian,absolute_residual,0.970625,126122140339.14326,30.000010805189145,0.004000663757324219,0.6,equicorrelated
0.05,10,100,99,Point_CHR,Gaussian,absolute_residual,0.97125,248930270050.3159,37.975773832355635,0.0010004043579101562,0.6,equicorrelated
0.05,10,100,99,Unscaled,Gaussian,absolute_residual,0.981875,72773697210673.72,24.333100169997333,0.0,0.6,equicorrelated
0.05,10,100,99,Empirical_copula,Gaussian,absolute_residual,0.955625,94125116774.7747,31.045543832730402,0.0009984970092773438,0.6,equicorrelated
0.1,10,100,99,TSCP_R,Gaussian,absolute_residual,0.95875,88583500384.6427,28.89339847721227,0.00400090217590332,0.6,equicorrelated
0.1,10,100,99,Point_CHR,Gaussian,absolute_residual,0.9525,98316401243.49635,29.50024881906648,0.0010008811950683594,0.6,equicorrelated
0.1,10,100,99,Unscaled,Gaussian,absolute_residual,0.956875,25501422625204.83,21.910709500421085,0.0,0.6,equicorrelated
0.1,10,100,99,Empirical_copula,Gaussian,absolute_residual,0.928125,48459198972.350105,30.13883144864389,0.0010004043579101562,0.6,equicorrelated
0.2,10,100,99,TSCP_R,Gaussian,absolute_residual,0.92875,40683995823.1306,26.635680338372442,0.003998517990112305,0.6,equicorrelated
0.2,10,100,99,Point_CHR,Gaussian,absolute_residual,0.883125,19106960917.822735,24.461436722312413,0.0,0.6,equicorrelated
0.2,10,100,99,Unscaled,Gaussian,absolute_residual,0.8925,4599719209705.172,18.46176132575289,0.0,0.6,equicorrelated
0.2,10,100,99,Empirical_copula,Gaussian,absolute_residual,0.89875,23488345064.268745,24.461436722312413,0.0009191036224365234,0.6,equicorrelated
0.05,10,100,100,TSCP_R,Gaussian,absolute_residual,0.95375,62587776940.272514,26.37402451282191,0.00570225715637207,0.6,equicorrelated
0.05,10,100,100,Point_CHR,Gaussian,absolute_residual,0.946875,50471230097.465454,25.295835566544834,0.0,0.6,equicorrelated
0.05,10,100,100,Unscaled,Gaussian,absolute_residual,0.9575,20655256565182.543,21.453742288385403,0.0010182857513427734,0.6,equicorrelated
0.05,10,100,100,Empirical_copula,Gaussian,absolute_residual,0.933125,37514901554.17462,25.732053362630715,0.000985860824584961,0.6,equicorrelated
0.1,10,100,100,TSCP_R,Gaussian,absolute_residual,0.909375,26820057765.216743,24.632480006176202,0.0040018558502197266,0.6,equicorrelated
0.1,10,100,100,Point_CHR,Gaussian,absolute_residual,0.876875,17156885863.414574,21.824681533592585,0.0,0.6,equicorrelated
0.1,10,100,100,Unscaled,Gaussian,absolute_residual,0.920625,8039193031762.511,19.52186232620834,0.0,0.6,equicorrelated
0.1,10,100,100,Empirical_copula,Gaussian,absolute_residual,0.86625,14058161894.426155,25.278730617975356,0.001998424530029297,0.6,equicorrelated
0.2,10,100,100,TSCP_R,Gaussian,absolute_residual,0.80875,6315239194.083001,21.4266211813932,0.0030007362365722656,0.6,equicorrelated
0.2,10,100,100,Point_CHR,Gaussian,absolute_residual,0.79125,5981241611.892073,21.471764080681485,0.0010166168212890625,0.6,equicorrelated
0.2,10,100,100,Unscaled,Gaussian,absolute_residual,0.77625,490020979911.99384,14.75779480164863,0.0,0.6,equicorrelated
0.2,10,100,100,Empirical_copula,Gaussian,absolute_residual,0.748125,3449876923.877332,20.3680456850849,0.0009837150573730469,0.6,equicorrelated
0.05,10,100,101,TSCP_R,Gaussian,absolute_residual,0.960625,114936078535.34134,31.948312997778086,0.003994464874267578,0.6,equicorrelated
0.05,10,100,101,Point_CHR,Gaussian,absolute_residual,0.966875,211672844329.4499,32.352070939251625,0.0009968280792236328,0.6,equicorrelated
0.05,10,100,101,Unscaled,Gaussian,absolute_residual,0.959375,31317248183948.797,22.365487009973403,0.0,0.6,equicorrelated
0.05,10,100,101,Empirical_copula,Gaussian,absolute_residual,0.9275,69854088528.0202,25.23344998816498,0.0009932518005371094,0.6,equicorrelated
0.1,10,100,101,TSCP_R,Gaussian,absolute_residual,0.915,31596468110.556583,28.04922461325181,0.00426483154296875,0.6,equicorrelated
0.1,10,100,101,Point_CHR,Gaussian,absolute_residual,0.84375,13055920558.774044,30.419176256503754,0.0010042190551757812,0.6,equicorrelated
0.1,10,100,101,Unscaled,Gaussian,absolute_residual,0.930625,11334972378856.857,20.204218036735163,0.0,0.6,equicorrelated
0.1,10,100,101,Empirical_copula,Gaussian,absolute_residual,0.85875,13418270581.363585,24.667160339825873,0.0010068416595458984,0.6,equicorrelated
0.2,10,100,101,TSCP_R,Gaussian,absolute_residual,0.81,6847887802.477687,24.01846481591633,0.0029942989349365234,0.6,equicorrelated
0.2,10,100,101,Point_CHR,Gaussian,absolute_residual,0.715,2907646162.0081263,27.10254494685214,0.00099945068359375,0.6,equicorrelated
0.2,10,100,101,Unscaled,Gaussian,absolute_residual,0.845,1669166744170.4016,16.68207127242358,0.0,0.6,equicorrelated
0.2,10,100,101,Empirical_copula,Gaussian,absolute_residual,0.808125,6786966897.858507,22.624550716277092,0.0010013580322265625,0.6,equicorrelated
0.05,10,100,102,TSCP_R,Gaussian,absolute_residual,0.964375,86694043840.87999,28.59437105372938,0.003945112228393555,0.6,equicorrelated
0.05,10,100,102,Point_CHR,Gaussian,absolute_residual,0.965,127342088922.74669,31.148810535558695,0.0010020732879638672,0.6,equicorrelated
0.05,10,100,102,Unscaled,Gaussian,absolute_residual,0.954375,22638683902112.004,21.651356829735462,0.0,0.6,equicorrelated
0.05,10,100,102,Empirical_copula,Gaussian,absolute_residual,0.906875,23830451669.187447,28.27801451752581,0.0009980201721191406,0.6,equicorrelated
0.1,10,100,102,TSCP_R,Gaussian,absolute_residual,0.905,20702912342.79418,25.14087907548196,0.0030040740966796875,0.6,equicorrelated
0.1,10,100,102,Point_CHR,Gaussian,absolute_residual,0.90125,23046170476.219467,23.854017549992868,0.0009961128234863281,0.6,equicorrelated
0.1,10,100,102,Unscaled,Gaussian,absolute_residual,0.86,1804352496106.389,16.81249384967871,0.0,0.6,equicorrelated
0.1,10,100,102,Empirical_copula,Gaussian,absolute_residual,0.865625,11534186290.618078,23.48420881108374,0.00099945068359375,0.6,equicorrelated
0.2,10,100,102,TSCP_R,Gaussian,absolute_residual,0.816875,5914050187.959654,22.01872872960804,0.0029926300048828125,0.6,equicorrelated
0.2,10,100,102,Point_CHR,Gaussian,absolute_residual,0.7775,5306024572.605689,22.71449753306428,0.0,0.6,equicorrelated
0.2,10,100,102,Unscaled,Gaussian,absolute_residual,0.776875,506887164020.0529,14.807820094085015,0.0,0.6,equicorrelated
0.2,10,100,102,Empirical_copula,Gaussian,absolute_residual,0.7675,3542668972.4939275,21.651356829720232,0.001001596450805664,0.6,equicorrelated
0.05,10,100,103,TSCP_R,Gaussian,absolute_residual,0.940625,102209621442.17458,28.14301052178051,0.003999471664428711,0.6,equicorrelated
0.05,10,100,103,Point_CHR,Gaussian,absolute_residual,0.94375,404250327981.1793,37.92178583808773,0.0010013580322265625,0.6,equicorrelated
0.05,10,100,103,Unscaled,Gaussian,absolute_residual,0.978125,85450331320435.12,24.726996940262726,0.0,0.6,equicorrelated
0.05,10,100,103,Empirical_copula,Gaussian,absolute_residual,0.926875,107467262669.9019,29.695735548232367,0.0010008811950683594,0.6,equicorrelated
0.1,10,100,103,TSCP_R,Gaussian,absolute_residual,0.916875,51320960586.81118,26.35726097450067,0.00400853157043457,0.6,equicorrelated
0.1,10,100,103,Point_CHR,Gaussian,absolute_residual,0.924375,60682057408.786545,29.17091750052301,0.0,0.6,equicorrelated
0.1,10,100,103,Unscaled,Gaussian,absolute_residual,0.936875,11934637244903.479,20.30864379447629,0.0,0.6,equicorrelated
0.1,10,100,103,Empirical_copula,Gaussian,absolute_residual,0.8775,40412661894.79903,28.226374441663317,0.0009989738464355469,0.6,equicorrelated
0.2,10,100,103,TSCP_R,Gaussian,absolute_residual,0.79625,7023529460.729179,21.52282774512766,0.002000093460083008,0.6,equicorrelated
0.2,10,100,103,Point_CHR,Gaussian,absolute_residual,0.726875,3191124849.067901,17.794699139135602,0.0,0.6,equicorrelated
0.2,10,100,103,Unscaled,Gaussian,absolute_residual,0.815,1078641858548.631,15.969367927972938,0.0,0.6,equicorrelated
0.2,10,100,103,Empirical_copula,Gaussian,absolute_residual,0.766875,5813206243.532128,21.755137924383604,0.0020041465759277344,0.6,equicorrelated
0.05,10,100,104,TSCP_R,Gaussian,absolute_residual,0.928125,44670794278.64898,25.134463206760685,0.005000591278076172,0.6,equicorrelated
0.05,10,100,104,Point_CHR,Gaussian,absolute_residual,0.9175,53482706342.19474,22.569887183045466,0.0,0.6,equicorrelated
0.05,10,100,104,Unscaled,Gaussian,absolute_residual,0.90625,5468488352358.797,18.783941591826622,0.0,0.6,equicorrelated
0.05,10,100,104,Empirical_copula,Gaussian,absolute_residual,0.849375,16424172494.396894,19.813190794996704,0.0010025501251220703,0.6,equicorrelated
0.1,10,100,104,TSCP_R,Gaussian,absolute_residual,0.865,13942600419.354965,22.330542886024176,0.005007028579711914,0.6,equicorrelated
0.1,10,100,104,Point_CHR,Gaussian,absolute_residual,0.7825,5531557752.643397,19.414616971798623,0.0,0.6,equicorrelated
0.1,10,100,104,Unscaled,Gaussian,absolute_residual,0.83625,1486824125813.1975,16.490201403812097,0.0,0.6,equicorrelated
0.1,10,100,104,Empirical_copula,Gaussian,absolute_residual,0.849375,16424172494.396894,19.813190794996704,0.0009915828704833984,0.6,equicorrelated
0.2,10,100,104,TSCP_R,Gaussian,absolute_residual,0.709375,1921665020.6173594,18.344422751566015,0.004001140594482422,0.6,equicorrelated
0.2,10,100,104,Point_CHR,Gaussian,absolute_residual,0.70625,2562902282.334868,19.099795828394942,0.0,0.6,equicorrelated
0.2,10,100,104,Unscaled,Gaussian,absolute_residual,0.76125,461801892298.9748,14.670522129215449,0.0,0.6,equicorrelated
0.2,10,100,104,Empirical_copula,Gaussian,absolute_residual,0.664375,1355146071.133734,18.614702442037586,0.00099945068359375,0.6,equicorrelated
0.05,10,100,105,TSCP_R,Gaussian,absolute_residual,0.9725,138248091832.12305,27.967814603850453,0.004999876022338867,0.6,equicorrelated
0.05,10,100,105,Point_CHR,Gaussian,absolute_residual,0.9875,401625485831.9796,33.46917502451474,0.0,0.6,equicorrelated
0.05,10,100,105,Unscaled,Gaussian,absolute_residual,0.96875,38252205203381.66,22.817373301223164,0.0,0.6,equicorrelated
0.05,10,100,105,Empirical_copula,Gaussian,absolute_residual,0.95625,92871339638.97308,31.075890121953435,0.0027451515197753906,0.6,equicorrelated
0.1,10,100,105,TSCP_R,Gaussian,absolute_residual,0.93375,48844952956.99892,25.17435239516377,0.004000186920166016,0.6,equicorrelated
0.1,10,100,105,Point_CHR,Gaussian,absolute_residual,0.95375,79915322954.3961,27.688011985441264,0.0,0.6,equicorrelated
0.1,10,100,105,Unscaled,Gaussian,absolute_residual,0.9325,11510701637615.592,20.23532479961993,0.0,0.6,equicorrelated
0.1,10,100,105,Empirical_copula,Gaussian,absolute_residual,0.909375,31712751379.670982,24.76878356195993,0.0009942054748535156,0.6,equicorrelated
0.2,10,100,105,TSCP_R,Gaussian,absolute_residual,0.848125,10807529016.325039,21.609739865840602,0.0020003318786621094,0.6,equicorrelated
0.2,10,100,105,Point_CHR,Gaussian,absolute_residual,0.811875,8551747604.952786,19.59811124982292,0.0,0.6,equicorrelated
0.2,10,100,105,Unscaled,Gaussian,absolute_residual,0.814375,978162013181.867,15.813976143688635,0.0,0.6,equicorrelated
0.2,10,100,105,Empirical_copula,Gaussian,absolute_residual,0.8175,7908607090.41294,21.663664194223678,0.0010020732879638672,0.6,equicorrelated
0.05,10,100,106,TSCP_R,Gaussian,absolute_residual,0.91375,28020297423.962677,22.630401473435928,0.0030062198638916016,0.6,equicorrelated
0.05,10,100,106,Point_CHR,Gaussian,absolute_residual,0.86375,22979947859.54929,25.350761913803638,0.000993967056274414,0.6,equicorrelated
0.05,10,100,106,Unscaled,Gaussian,absolute_residual,0.905,5222624192767.958,18.697729718122975,0.0,0.6,equicorrelated
0.05,10,100,106,Empirical_copula,Gaussian,absolute_residual,0.845,15734317346.794533,24.227156206957474,0.0010004043579101562,0.6,equicorrelated
0.1,10,100,106,TSCP_R,Gaussian,absolute_residual,0.818125,7730951776.814304,19.87747326185856,0.0030059814453125,0.6,equicorrelated
0.1,10,100,106,Point_CHR,Gaussian,absolute_residual,0.819375,9692446492.809158,22.995281958839232,0.0010025501251220703,0.6,equicorrelated
0.1,10,100,106,Unscaled,Gaussian,absolute_residual,0.858125,2057701676994.842,17.034847152402588,0.0,0.6,equicorrelated
0.1,10,100,106,Empirical_copula,Gaussian,absolute_residual,0.8025,6907373945.613638,18.984086144012775,0.0009975433349609375,0.6,equicorrelated
0.2,10,100,106,TSCP_R,Gaussian,absolute_residual,0.761875,3720500920.298104,18.375061115081973,0.003000497817993164,0.6,equicorrelated
0.2,10,100,106,Point_CHR,Gaussian,absolute_residual,0.691875,1897672100.9062166,19.893955141797687,0.00099945068359375,0.6,equicorrelated
0.2,10,100,106,Unscaled,Gaussian,absolute_residual,0.735,296581248145.1624,14.035063078773952,0.0,0.6,equicorrelated
0.2,10,100,106,Empirical_copula,Gaussian,absolute_residual,0.715,2109802882.450851,17.758504142936935,0.0010051727294921875,0.6,equicorrelated
0.05,10,100,107,TSCP_R,Gaussian,absolute_residual,0.975625,229821276879.8929,30.473321503638978,0.003998994827270508,0.6,equicorrelated
0.05,10,100,107,Point_CHR,Gaussian,absolute_residual,0.988125,484868752396.6191,31.619959711863643,0.0,0.6,equicorrelated
0.05,10,100,107,Unscaled,Gaussian,absolute_residual,0.966875,41071818619429.445,22.980231179228248,0.0,0.6,equicorrelated
0.05,10,100,107,Empirical_copula,Gaussian,absolute_residual,0.94125,131728956806.86116,34.23822424255558,0.0010018348693847656,0.6,equicorrelated
0.1,10,100,107,TSCP_R,Gaussian,absolute_residual,0.933125,57983434351.25299,26.54378774526896,0.003003835678100586,0.6,equicorrelated
0.1,10,100,107,Point_CHR,Gaussian,absolute_residual,0.934375,70529226289.04906,31.273523373815685,0.0009996891021728516,0.6,equicorrelated
0.1,10,100,107,Unscaled,Gaussian,absolute_residual,0.94875,18757156063860.3,21.247933534939616,0.0,0.6,equicorrelated
0.1,10,100,107,Empirical_copula,Gaussian,absolute_residual,0.919375,48153671827.994736,24.3008636319104,0.00099945068359375,0.6,equicorrelated
0.2,10,100,107,TSCP_R,Gaussian,absolute_residual,0.84375,10405402435.01251,22.184965136311682,0.0030095577239990234,0.6,equicorrelated
0.2,10,100,107,Point_CHR,Gaussian,absolute_residual,0.83625,11050035884.507612,24.08908925838601,0.0009982585906982422,0.6,equicorrelated
0.2,10,100,107,Unscaled,Gaussian,absolute_residual,0.83375,1446608539841.876,16.445046372206754,0.0,0.6,equicorrelated
0.2,10,100,107,Empirical_copula,Gaussian,absolute_residual,0.808125,6872277687.534838,22.913161066284953,0.0010025501251220703,0.6,equicorrelated
0.05,10,100,108,TSCP_R,Gaussian,absolute_residual,0.973125,146497122936.47934,30.468651541472866,0.0040013790130615234,0.6,equicorrelated
0.05,10,100,108,Point_CHR,Gaussian,absolute_residual,0.973125,338778316755.26105,35.758019843202874,0.0009913444519042969,0.6,equicorrelated
0.05,10,100,108,Unscaled,Gaussian,absolute_residual,0.96,33195049154205.207,22.496105062385922,0.0,0.6,equicorrelated
0.05,10,100,108,Empirical_copula,Gaussian,absolute_residual,0.939375,79616478349.87756,26.860855616410475,0.0010004043579101562,0.6,equicorrelated
0.1,10,100,108,TSCP_R,Gaussian,absolute_residual,0.938125,56271828877.321884,26.88642961745797,0.003992557525634766,0.6,equicorrelated
0.1,10,100,108,Point_CHR,Gaussian,absolute_residual,0.944375,88280363410.02214,29.430636542737503,0.0,0.6,equicorrelated
0.1,10,100,108,Unscaled,Gaussian,absolute_residual,0.88125,3877766302729.835,18.149228281140765,0.0,0.6,equicorrelated
0.1,10,100,108,Empirical_copula,Gaussian,absolute_residual,0.90125,31486182434.20144,25.65564214447105,0.0019948482513427734,0.6,equicorrelated
0.2,10,100,108,TSCP_R,Gaussian,absolute_residual,0.818125,7216345178.498649,22.422697035731147,0.0029990673065185547,0.6,equicorrelated
0.2,10,100,108,Point_CHR,Gaussian,absolute_residual,0.885625,27636378551.155468,29.063586155520078,0.0,0.6,equicorrelated
0.2,10,100,108,Unscaled,Gaussian,absolute_residual,0.810625,1291653569508.7705,16.259777742087262,0.0,0.6,equicorrelated
0.2,10,100,108,Empirical_copula,Gaussian,absolute_residual,0.810625,7476085475.561224,24.167551657771018,0.0009999275207519531,0.6,equicorrelated
0.05,10,100,109,TSCP_R,Gaussian,absolute_residual,0.93875,89551300610.72247,30.39524383110767,0.004065513610839844,0.6,equicorrelated
0.05,10,100,109,Point_CHR,Gaussian,absolute_residual,0.95625,183953544536.73965,33.40789274087049,0.0009355545043945312,0.6,equicorrelated
0.05,10,100,109,Unscaled,Gaussian,absolute_residual,0.93375,10964213891230.557,20.137138167920867,0.0,0.6,equicorrelated
0.05,10,100,109,Empirical_copula,Gaussian,absolute_residual,0.918125,65275399068.62557,34.289350251951305,0.00099945068359375,0.6,equicorrelated
0.1,10,100,109,TSCP_R,Gaussian,absolute_residual,0.9025,33199310556.490997,27.54143397240408,0.0030062198638916016,0.6,equicorrelated
0.1,10,100,109,Point_CHR,Gaussian,absolute_residual,0.943125,150553722965.9958,35.54753363426702,0.0009996891021728516,0.6,equicorrelated
0.1,10,100,109,Unscaled,Gaussian,absolute_residual,0.90625,6017215909285.648,18.964419762044557,0.0,0.6,equicorrelated
0.1,10,100,109,Empirical_copula,Gaussian,absolute_residual,0.86,19206532314.891186,22.723335494849334,0.0009932518005371094,0.6,equicorrelated
0.2,10,100,109,TSCP_R,Gaussian,absolute_residual,0.769375,5782101470.562207,22.924997434807715,0.003007173538208008,0.6,equicorrelated
0.2,10,100,109,Point_CHR,Gaussian,absolute_residual,0.805625,9420610664.219303,26.688814321411805,0.0009930133819580078,0.6,equicorrelated
0.2,10,100,109,Unscaled,Gaussian,absolute_residual,0.815625,979423116812.1638,15.816013792012884,0.0,0.6,equicorrelated
0.2,10,100,109,Empirical_copula,Gaussian,absolute_residual,0.6875,2626125089.92454,19.67626270525995,0.0010066032409667969,0.6,equicorrelated
0.05,10,100,110,TSCP_R,Gaussian,absolute_residual,0.941875,81051161711.87338,29.89447522744977,0.004006147384643555,0.6,equicorrelated
0.05,10,100,110,Point_CHR,Gaussian,absolute_residual,0.96,238029343893.0236,27.44425469776374,0.0,0.6,equicorrelated
0.05,10,100,110,Unscaled,Gaussian,absolute_residual,0.935625,13410932748240.982,20.546880659537603,0.0,0.6,equicorrelated
0.05,10,100,110,Empirical_copula,Gaussian,absolute_residual,0.911875,61517792562.782616,37.22749604569082,0.0009958744049072266,0.6,equicorrelated
0.1,10,100,110,TSCP_R,Gaussian,absolute_residual,0.901875,28041016648.767952,26.903655042689977,0.004004478454589844,0.6,equicorrelated
0.1,10,100,110,Point_CHR,Gaussian,absolute_residual,0.8375,15677986430.310947,22.90157167862815,0.0,0.6,equicorrelated
0.1,10,100,110,Unscaled,Gaussian,absolute_residual,0.90375,5648897625764.073,18.84500992071758,0.0010004043579101562,0.6,equicorrelated
0.1,10,100,110,Empirical_copula,Gaussian,absolute_residual,0.843125,13812470621.47745,23.72476984853456,0.0009932518005371094,0.6,equicorrelated
0.2,10,100,110,TSCP_R,Gaussian,absolute_residual,0.80375,5888353197.863899,22.932451643683482,0.002999544143676758,0.6,equicorrelated
0.2,10,100,110,Point_CHR,Gaussian,absolute_residual,0.790625,7101035678.222704,19.933388953626448,0.0,0.6,equicorrelated
0.2,10,100,110,Unscaled,Gaussian,absolute_residual,0.811875,879669098528.9025,15.647030662056451,0.0,0.6,equicorrelated
0.2,10,100,110,Empirical_copula,Gaussian,absolute_residual,0.761875,4330046246.875143,22.450879280034734,0.001008749008178711,0.6,equicorrelated
0.05,10,100,111,TSCP_R,Gaussian,absolute_residual,0.965625,213374488783.30908,29.180320690023525,0.003996372222900391,0.6,equicorrelated
0.05,10,100,111,Point_CHR,Gaussian,absolute_residual,0.959375,200248281463.08554,31.70603229260973,0.0,0.6,equicorrelated
0.05,10,100,111,Unscaled,Gaussian,absolute_residual,0.95625,39963164642342.38,22.917433890645416,0.0,0.6,equicorrelated
0.05,10,100,111,Empirical_copula,Gaussian,absolute_residual,0.943125,133019323155.25159,36.98369332113634,0.0009949207305908203,0.6,equicorrelated
0.1,10,100,111,TSCP_R,Gaussian,absolute_residual,0.938125,64122847155.294266,25.811668940345516,0.004004955291748047,0.6,equicorrelated
0.1,10,100,111,Point_CHR,Gaussian,absolute_residual,0.95125,119153740007.33293,31.455050450738398,0.0,0.6,equicorrelated
0.1,10,100,111,Unscaled,Gaussian,absolute_residual,0.9075,8633180690404.602,19.661519713765333,0.0,0.6,equicorrelated
0.1,10,100,111,Empirical_copula,Gaussian,absolute_residual,0.893125,33234310785.903313,23.553365012392653,0.0010001659393310547,0.6,equicorrelated
0.2,10,100,111,TSCP_R,Gaussian,absolute_residual,0.8225,8540932502.352098,20.815122849779225,0.003000974655151367,0.6,equicorrelated
0.2,10,100,111,Point_CHR,Gaussian,absolute_residual,0.795,7076016916.718312,21.799311988787974,0.0,0.6,equicorrelated
0.2,10,100,111,Unscaled,Gaussian,absolute_residual,0.864375,3135828444614.5503,17.76786433444269,0.0,0.6,equicorrelated
0.2,10,100,111,Empirical_copula,Gaussian,absolute_residual,0.781875,5611021405.379519,19.637835993467494,0.001999378204345703,0.6,equicorrelated
0.05,10,100,112,TSCP_R,Gaussian,absolute_residual,0.94,50144838601.33149,23.130067316023315,0.0029993057250976562,0.6,equicorrelated
0.05,10,100,112,Point_CHR,Gaussian,absolute_residual,0.986875,724341312274.4031,32.78534942978993,0.0010020732879638672,0.6,equicorrelated
0.05,10,100,112,Unscaled,Gaussian,absolute_residual,0.953125,18723436453726.64,21.244110715041778,0.0,0.6,equicorrelated
0.05,10,100,112,Empirical_copula,Gaussian,absolute_residual,0.926875,34431697791.705826,23.846305137694454,0.0010004043579101562,0.6,equicorrelated
0.1,10,100,112,TSCP_R,Gaussian,absolute_residual,0.915,28419263536.625435,21.97483351498729,0.003997325897216797,0.6,equicorrelated
0.1,10,100,112,Point_CHR,Gaussian,absolute_residual,0.93625,60053815432.8447,25.838562996840988,0.0,0.6,equicorrelated
0.1,10,100,112,Unscaled,Gaussian,absolute_residual,0.88375,3725668819270.1787,18.07675303464092,0.0,0.6,equicorrelated
0.1,10,100,112,Empirical_copula,Gaussian,absolute_residual,0.89375,19257601878.77284,22.00963358740689,0.0010030269622802734,0.6,equicorrelated
0.2,10,100,112,TSCP_R,Gaussian,absolute_residual,0.80625,6284576682.089999,18.912876227864853,0.004094839096069336,0.6,equicorrelated
0.2,10,100,112,Point_CHR,Gaussian,absolute_residual,0.824375,9375123657.937727,21.98297685076126,0.0,0.6,equicorrelated
0.2,10,100,112,Unscaled,Gaussian,absolute_residual,0.76875,443050640047.9986,14.609835864078057,0.0,0.6,equicorrelated
0.2,10,100,112,Empirical_copula,Gaussian,absolute_residual,0.79125,5336608818.167684,20.050675976966666,0.0009174346923828125,0.6,equicorrelated
0.05,10,100,113,TSCP_R,Gaussian,absolute_residual,0.980625,278241642018.3982,27.361456055773008,0.0039980411529541016,0.6,equicorrelated
0.05,10,100,113,Point_CHR,Gaussian,absolute_residual,0.971875,220977538007.50464,28.97497832442156,0.0,0.6,equicorrelated
0.05,10,100,113,Unscaled,Gaussian,absolute_residual,0.975,59430738649433.484,23.845207873571805,0.0,0.6,equicorrelated
0.05,10,100,113,Empirical_copula,Gaussian,absolute_residual,0.96625,159034358417.5831,26.86638827303262,0.0010006427764892578,0.6,equicorrelated
0.1,10,100,113,TSCP_R,Gaussian,absolute_residual,0.96125,119938081445.76573,25.246450130445744,0.0039980411529541016,0.6,equicorrelated
0.1,10,100,113,Point_CHR,Gaussian,absolute_residual,0.973125,355309875198.03766,31.166517041505525,0.0,0.6,equicorrelated
0.1,10,100,113,Unscaled,Gaussian,absolute_residual,0.924375,11079426229674.79,20.158198944828516,0.0,0.6,equicorrelated
0.1,10,100,113,Empirical_copula,Gaussian,absolute_residual,0.923125,50416128217.00039,23.91212815947657,0.0010001659393310547,0.6,equicorrelated
0.2,10,100,113,TSCP_R,Gaussian,absolute_residual,0.891875,23410997291.996014,21.323638303038734,0.003009319305419922,0.6,equicorrelated
0.2,10,100,113,Point_CHR,Gaussian,absolute_residual,0.90375,43110981846.72303,24.426239838967522,0.0,0.6,equicorrelated
0.2,10,100,113,Unscaled,Gaussian,absolute_residual,0.874375,2783005678555.9146,17.557044473769576,0.0,0.6,equicorrelated
0.2,10,100,113,Empirical_copula,Gaussian,absolute_residual,0.8575,14134741940.6421,21.14419703845539,0.0010013580322265625,0.6,equicorrelated
0.05,10,100,114,TSCP_R,Gaussian,absolute_residual,0.93625,56645234270.03668,23.77385093498049,0.004273414611816406,0.6,equicorrelated
0.05,10,100,114,Point_CHR,Gaussian,absolute_residual,0.861875,14015379260.965853,22.1744250712317,0.001001596450805664,0.6,equicorrelated
0.05,10,100,114,Unscaled,Gaussian,absolute_residual,0.9425,17325096168503.596,21.07985238804675,0.0,0.6,equicorrelated
0.05,10,100,114,Empirical_copula,Gaussian,absolute_residual,0.9275,52152439317.09403,24.229031627324723,0.00099945068359375,0.6,equicorrelated
0.1,10,100,114,TSCP_R,Gaussian,absolute_residual,0.92,41460226283.83363,22.97515986009538,0.003999233245849609,0.6,equicorrelated
0.1,10,100,114,Point_CHR,Gaussian,absolute_residual,0.83,10164739204.347141,20.153571268233428,0.0010004043579101562,0.6,equicorrelated
0.1,10,100,114,Unscaled,Gaussian,absolute_residual,0.919375,8531417939339.271,19.638220036865718,0.0,0.6,equicorrelated
0.1,10,100,114,Empirical_copula,Gaussian,absolute_residual,0.87625,18079810155.175312,22.961508865534658,0.0010025501251220703,0.6,equicorrelated
0.2,10,100,114,TSCP_R,Gaussian,absolute_residual,0.824375,9512530872.118826,19.989702239567855,0.0040128231048583984,0.6,equicorrelated
0.2,10,100,114,Point_CHR,Gaussian,absolute_residual,0.75875,7510312819.414221,20.69009150418158,0.0,0.6,equicorrelated
0.2,10,100,114,Unscaled,Gaussian,absolute_residual,0.83125,1504415710840.1833,16.50960892801468,0.0,0.6,equicorrelated
0.2,10,100,114,Empirical_copula,Gaussian,absolute_residual,0.79125,6369476649.757525,21.079852388034947,0.001081228256225586,0.6,equicorrelated
0.05,10,100,115,TSCP_R,Gaussian,absolute_residual,0.965625,132235243332.23145,27.03923288838485,0.0039997100830078125,0.6,equicorrelated
0.05,10,100,115,Point_CHR,Gaussian,absolute_residual,0.94,95800484947.73567,26.94595179847495,0.0009987354278564453,0.6,equicorrelated
0.05,10,100,115,Unscaled,Gaussian,absolute_residual,0.919375,8516904300736.361,19.634876624768843,0.0,0.6,equicorrelated
0.05,10,100,115,Empirical_copula,Gaussian,absolute_residual,0.903125,43009975500.31107,23.40914876004261,0.0010075569152832031,0.6,equicorrelated
0.1,10,100,115,TSCP_R,Gaussian,absolute_residual,0.92125,31486312382.06395,23.430983213879287,0.003992557525634766,0.6,equicorrelated
0.1,10,100,115,Point_CHR,Gaussian,absolute_residual,0.929375,54062076390.295944,28.438967851293587,0.0,0.6,equicorrelated
0.1,10,100,115,Unscaled,Gaussian,absolute_residual,0.895,4956477117424.209,18.600187002618632,0.0,0.6,equicorrelated
0.1,10,100,115,Empirical_copula,Gaussian,absolute_residual,0.876875,22232043709.43622,20.753774098782166,0.0019996166229248047,0.6,equicorrelated
0.2,10,100,115,TSCP_R,Gaussian,absolute_residual,0.816875,6529720395.7730255,20.04533532922649,0.0030074119567871094,0.6,equicorrelated
0.2,10,100,115,Point_CHR,Gaussian,absolute_residual,0.82625,8509710828.002729,24.61711617419521,0.0,0.6,equicorrelated
0.2,10,100,115,Unscaled,Gaussian,absolute_residual,0.7925,694081749855.4551,15.2806230521245,0.0,0.6,equicorrelated
0.2,10,100,115,Empirical_copula,Gaussian,absolute_residual,0.788125,4897732174.64001,18.87490435030491,0.000993490219116211,0.6,equicorrelated
0.05,10,100,116,TSCP_R,Gaussian,absolute_residual,0.975,147431105803.2812,26.682111666168353,0.0040018558502197266,0.6,equicorrelated
0.05,10,100,116,Point_CHR,Gaussian,absolute_residual,0.9775,270218672409.8175,26.402760276521246,0.0009984970092773438,0.6,equicorrelated
0.05,10,100,116,Unscaled,Gaussian,absolute_residual,0.9175,6986750724540.288,19.249857763213303,0.0,0.6,equicorrelated
0.05,10,100,116,Empirical_copula,Gaussian,absolute_residual,0.946875,73726638470.50845,26.402760276521246,0.0010020732879638672,0.6,equicorrelated
0.1,10,100,116,TSCP_R,Gaussian,absolute_residual,0.933125,42207102118.623116,24.3455701089593,0.0039980411529541016,0.6,equicorrelated
0.1,10,100,116,Point_CHR,Gaussian,absolute_residual,0.911875,34205275779.780983,22.280277549258336,0.0010001659393310547,0.6,equicorrelated
0.1,10,100,116,Unscaled,Gaussian,absolute_residual,0.901875,4493414506007.501,18.418643765888813,0.0,0.6,equicorrelated
0.1,10,100,116,Empirical_copula,Gaussian,absolute_residual,0.868125,15866180836.01244,19.249857763189908,0.001001119613647461,0.6,equicorrelated
0.2,10,100,116,TSCP_R,Gaussian,absolute_residual,0.810625,5537868095.659453,19.824925391327962,0.0029981136322021484,0.6,equicorrelated
0.2,10,100,116,Point_CHR,Gaussian,absolute_residual,0.801875,6200109265.890384,18.661274246844226,0.0,0.6,equicorrelated
0.2,10,100,116,Unscaled,Gaussian,absolute_residual,0.81125,735800697315.665,15.370076161318945,0.0,0.6,equicorrelated
0.2,10,100,116,Empirical_copula,Gaussian,absolute_residual,0.810625,5675457164.275732,18.688157225291363,0.0019996166229248047,0.6,equicorrelated
0.05,10,100,117,TSCP_R,Gaussian,absolute_residual,0.94875,102830082347.43616,27.763868287073514,0.0040361881256103516,0.6,equicorrelated
0.05,10,100,117,Point_CHR,Gaussian,absolute_residual,0.974375,512637741463.8231,31.296671018871955,0.0010101795196533203,0.6,equicorrelated
0.05,10,100,117,Unscaled,Gaussian,absolute_residual,0.97875,71206295060034.98,24.280176473240893,0.0,0.6,equicorrelated
0.05,10,100,117,Empirical_copula,Gaussian,absolute_residual,0.965,179645682504.91678,26.77370977309452,0.0009970664978027344,0.6,equicorrelated
0.1,10,100,117,TSCP_R,Gaussian,absolute_residual,0.93125,60701090858.66564,25.913023576922626,0.003998756408691406,0.6,equicorrelated
0.1,10,100,117,Point_CHR,Gaussian,absolute_residual,0.934375,64967028865.17149,25.88843616874336,0.0,0.6,equicorrelated
0.1,10,100,117,Unscaled,Gaussian,absolute_residual,0.921875,8328443146908.781,19.59098998204892,0.0009942054748535156,0.6,equicorrelated
0.1,10,100,117,Empirical_copula,Gaussian,absolute_residual,0.906875,46562774022.41279,25.88843616874336,0.001008749008178711,0.6,equicorrelated
0.2,10,100,117,TSCP_R,Gaussian,absolute_residual,0.82875,9194247478.405355,22.097385321111645,0.0030460357666015625,0.6,equicorrelated
0.2,10,100,117,Point_CHR,Gaussian,absolute_residual,0.793125,6136577615.682302,23.875534546551936,0.0,0.6,equicorrelated
0.2,10,100,117,Unscaled,Gaussian,absolute_residual,0.846875,1541461566137.0242,16.54981982603345,0.0,0.6,equicorrelated
0.2,10,100,117,Empirical_copula,Gaussian,absolute_residual,0.786875,5597698626.5315695,19.590989981978893,0.0009922981262207031,0.6,equicorrelated
0.05,10,100,118,TSCP_R,Gaussian,absolute_residual,0.929375,37021042756.37386,23.26668669426038,0.0040209293365478516,0.6,equicorrelated
0.05,10,100,118,Point_CHR,Gaussian,absolute_residual,0.8875,31980368635.38731,26.91414101445315,0.0010104179382324219,0.6,equicorrelated
0.05,10,100,118,Unscaled,Gaussian,absolute_residual,0.9,5030419574175.4,18.627750870252033,0.0,0.6,equicorrelated
0.05,10,100,118,Empirical_copula,Gaussian,absolute_residual,0.81875,10867860723.675364,22.95648973715836,0.0009965896606445312,0.6,equicorrelated
0.1,10,100,118,TSCP_R,Gaussian,absolute_residual,0.8825,17215932972.250607,22.057304285349474,0.00399470329284668,0.6,equicorrelated
0.1,10,100,118,Point_CHR,Gaussian,absolute_residual,0.838125,12351220367.924353,25.55282612218716,0.0,0.6,equicorrelated
0.1,10,100,118,Unscaled,Gaussian,absolute_residual,0.850625,1925693891196.775,16.922274099112766,0.0,0.6,equicorrelated
0.1,10,100,118,Empirical_copula,Gaussian,absolute_residual,0.81875,10867860723.675364,22.95648973715836,0.0010066032409667969,0.6,equicorrelated
0.2,10,100,118,TSCP_R,Gaussian,absolute_residual,0.746875,3262463451.4772496,18.687313146929363,0.003000497817993164,0.6,equicorrelated
0.2,10,100,118,Point_CHR,Gaussian,absolute_residual,0.72875,2606337194.57543,17.815301449302385,0.0,0.6,equicorrelated
0.2,10,100,118,Unscaled,Gaussian,absolute_residual,0.72875,297774586258.166,14.040700092979137,0.0,0.6,equicorrelated
0.2,10,100,118,Empirical_copula,Gaussian,absolute_residual,0.73875,3488536442.900846,19.150133995376724,0.0009920597076416016,0.6,equicorrelated
0.05,10,100,119,TSCP_R,Gaussian,absolute_residual,0.94375,68445048130.31478,29.286967301012233,0.0039997100830078125,0.6,equicorrelated
0.05,10,100,119,Point_CHR,Gaussian,absolute_residual,0.96,183316884084.03845,30.391079116585686,0.0,0.6,equicorrelated
0.05,10,100,119,Unscaled,Gaussian,absolute_residual,0.949375,18210053243789.38,21.185129425396756,0.0,0.6,equicorrelated
0.05,10,100,119,Empirical_copula,Gaussian,absolute_residual,0.90875,35198798654.28181,26.291377277326127,0.0009965896606445312,0.6,equicorrelated
0.1,10,100,119,TSCP_R,Gaussian,absolute_residual,0.87,17723970280.006077,25.318799129633845,0.002999544143676758,0.6,equicorrelated
0.1,10,100,119,Point_CHR,Gaussian,absolute_residual,0.85875,14527409419.698082,24.462767646448334,0.000993967056274414,0.6,equicorrelated
0.1,10,100,119,Unscaled,Gaussian,absolute_residual,0.906875,5147845433835.372,18.670783792700306,0.0,0.6,equicorrelated
0.1,10,100,119,Empirical_copula,Gaussian,absolute_residual,0.83625,10721329613.352068,24.462767646448334,0.0010085105895996094,0.6,equicorrelated
0.2,10,100,119,TSCP_R,Gaussian,absolute_residual,0.80375,5897896474.812892,22.680942089206773,0.002997875213623047,0.6,equicorrelated
0.2,10,100,119,Point_CHR,Gaussian,absolute_residual,0.7925,5125016439.648185,20.148696838155544,0.0,0.6,equicorrelated
0.2,10,100,119,Unscaled,Gaussian,absolute_residual,0.773125,503337532165.5267,14.797417643671238,0.0,0.6,equicorrelated
0.2,10,100,119,Empirical_copula,Gaussian,absolute_residual,0.77125,4522373155.204121,23.364465894352747,0.0009996891021728516,0.6,equicorrelated
0.05,10,100,120,TSCP_R,Gaussian,absolute_residual,0.885,21697687678.015766,26.55849956378465,0.003998756408691406,0.6,equicorrelated
0.05,10,100,120,Point_CHR,Gaussian,absolute_residual,0.828125,17553753223.741905,24.14953010676676,0.0,0.6,equicorrelated
0.05,10,100,120,Unscaled,Gaussian,absolute_residual,0.96,24891122659985.62,21.8576993750192,0.0,0.6,equicorrelated
0.05,10,100,120,Empirical_copula,Gaussian,absolute_residual,0.85375,64295920798.643486,29.965511407077894,0.0010066032409667969,0.6,equicorrelated
0.1,10,100,120,TSCP_R,Gaussian,absolute_residual,0.835625,9875007834.447098,24.491228650076398,0.003998994827270508,0.6,equicorrelated
0.1,10,100,120,Point_CHR,Gaussian,absolute_residual,0.815,7256915759.362982,19.96054938314797,0.0,0.6,equicorrelated
0.1,10,100,120,Unscaled,Gaussian,absolute_residual,0.911875,5729199413814.557,18.871629164093378,0.0,0.6,equicorrelated
0.1,10,100,120,Empirical_copula,Gaussian,absolute_residual,0.823125,13328201968.757782,24.14953010676676,0.0019943714141845703,0.6,equicorrelated
0.2,10,100,120,TSCP_R,Gaussian,absolute_residual,0.761875,3992782448.6600156,22.322273909405077,0.0030062198638916016,0.6,equicorrelated
0.2,10,100,120,Point_CHR,Gaussian,absolute_residual,0.700625,2077828672.8051622,18.59335850482879,0.0,0.6,equicorrelated
0.2,10,100,120,Unscaled,Gaussian,absolute_residual,0.760625,431705220569.997,14.57198548778488,0.0,0.6,equicorrelated
0.2,10,100,120,Empirical_copula,Gaussian,absolute_residual,0.73875,3514208002.7759304,22.835583280378096,0.00099945068359375,0.6,equicorrelated
0.05,10,100,121,TSCP_R,Gaussian,absolute_residual,0.934375,56795271574.09837,24.88777831004294,0.00400543212890625,0.6,equicorrelated
0.05,10,100,121,Point_CHR,Gaussian,absolute_residual,0.963125,278019310984.06177,31.567590600753416,0.0,0.6,equicorrelated
0.05,10,100,121,Unscaled,Gaussian,absolute_residual,0.96625,39568363234348.53,22.894692168669447,0.0,0.6,equicorrelated
0.05,10,100,121,Empirical_copula,Gaussian,absolute_residual,0.91375,69731019146.89432,24.748696629882417,0.0010001659393310547,0.6,equicorrelated
0.1,10,100,121,TSCP_R,Gaussian,absolute_residual,0.88,18166558840.438393,22.27955270070521,0.0029993057250976562,0.6,equicorrelated
0.1,10,100,121,Point_CHR,Gaussian,absolute_residual,0.91,36205143973.950386,25.30388760375289,0.0010001659393310547,0.6,equicorrelated
0.1,10,100,121,Unscaled,Gaussian,absolute_residual,0.9,3988870592752.6885,18.200570226714426,0.0,0.6,equicorrelated
0.1,10,100,121,Empirical_copula,Gaussian,absolute_residual,0.823125,9252913163.588373,22.894692168656455,0.0010004043579101562,0.6,equicorrelated
0.2,10,100,121,TSCP_R,Gaussian,absolute_residual,0.768125,3776129585.446486,19.023669473517337,0.0030057430267333984,0.6,equicorrelated
0.2,10,100,121,Point_CHR,Gaussian,absolute_residual,0.760625,6672459880.535127,22.59999815501221,0.0,0.6,equicorrelated
0.2,10,100,121,Unscaled,Gaussian,absolute_residual,0.808125,789542017247.9208,15.478808407358626,0.0009996891021728516,0.6,equicorrelated
0.2,10,100,121,Empirical_copula,Gaussian,absolute_residual,0.7,2187914881.6789346,19.18195076902545,0.0009996891021728516,0.6,equicorrelated
0.05,10,100,122,TSCP_R,Gaussian,absolute_residual,0.9575,96142763599.1626,27.631416187267654,0.004009246826171875,0.6,equicorrelated
0.05,10,100,122,Point_CHR,Gaussian,absolute_residual,0.983125,441569857070.16266,36.08787741304738,0.0,0.6,equicorrelated
0.05,10,100,122,Unscaled,Gaussian,absolute_residual,0.943125,15750803570935.719,20.879989288836665,0.0,0.6,equicorrelated
0.05,10,100,122,Empirical_copula,Gaussian,absolute_residual,0.896875,43796328195.390434,23.138331306041746,0.001989603042602539,0.6,equicorrelated
0.1,10,100,122,TSCP_R,Gaussian,absolute_residual,0.879375,18144867638.12318,23.367786331647302,0.003000020980834961,0.6,equicorrelated
0.1,10,100,122,Point_CHR,Gaussian,absolute_residual,0.8975,37991884311.81964,31.610467674645264,0.0010020732879638672,0.6,equicorrelated
0.1,10,100,122,Unscaled,Gaussian,absolute_residual,0.869375,2417867681678.029,17.311840934206575,0.0,0.6,equicorrelated
0.1,10,100,122,Empirical_copula,Gaussian,absolute_residual,0.835625,11647963144.572264,22.15345761648289,0.0009999275207519531,0.6,equicorrelated
0.2,10,100,122,TSCP_R,Gaussian,absolute_residual,0.76125,3641631047.6656303,19.889307113893214,0.003997802734375,0.6,equicorrelated
0.2,10,100,122,Point_CHR,Gaussian,absolute_residual,0.73125,3501019657.967268,24.208536235811973,0.0,0.6,equicorrelated
0.2,10,100,122,Unscaled,Gaussian,absolute_residual,0.813125,868004227004.8737,15.626157019697885,0.0,0.6,equicorrelated
0.2,10,100,122,Empirical_copula,Gaussian,absolute_residual,0.6925,2055583890.9977727,20.001620008540982,0.0010025501251220703,0.6,equicorrelated
0.05,10,100,123,TSCP_R,Gaussian,absolute_residual,0.97875,279446433947.73517,28.810704123853096,0.004006147384643555,0.6,equicorrelated
0.05,10,100,123,Point_CHR,Gaussian,absolute_residual,0.988125,712708061208.9127,31.47295128980561,0.0,0.6,equicorrelated
0.05,10,100,123,Unscaled,Gaussian,absolute_residual,0.943125,18867120811964.28,21.260357499148263,0.0009937286376953125,0.6,equicorrelated
0.05,10,100,123,Empirical_copula,Gaussian,absolute_residual,0.958125,171592929406.0068,27.208500666549444,0.001001596450805664,0.6,equicorrelated
0.1,10,100,123,TSCP_R,Gaussian,absolute_residual,0.9275,50569368530.85942,24.134361168819908,0.002997875213623047,0.6,equicorrelated
0.1,10,100,123,Point_CHR,Gaussian,absolute_residual,0.938125,71944185293.18962,28.776956581825754,0.0010013580322265625,0.6,equicorrelated
0.1,10,100,123,Unscaled,Gaussian,absolute_residual,0.91875,7995369139705.931,19.51119421656542,0.0,0.6,equicorrelated
0.1,10,100,123,Empirical_copula,Gaussian,absolute_residual,0.901875,30195784727.68793,24.085859619997017,0.0010006427764892578,0.6,equicorrelated
0.2,10,100,123,TSCP_R,Gaussian,absolute_residual,0.836875,9139461570.963152,20.280393538424853,0.003009796142578125,0.6,equicorrelated
0.2,10,100,123,Point_CHR,Gaussian,absolute_residual,0.83375,11918930777.071167,23.14403368524339,0.000995635986328125,0.6,equicorrelated
0.2,10,100,123,Unscaled,Gaussian,absolute_residual,0.785,678478415711.6412,15.245918843137146,0.0,0.6,equicorrelated
0.2,10,100,123,Empirical_copula,Gaussian,absolute_residual,0.809375,6827775327.815013,20.571386548993818,0.0009996891021728516,0.6,equicorrelated
0.05,10,100,124,TSCP_R,Gaussian,absolute_residual,0.97,135274974489.24141,33.436988149019385,0.004007101058959961,0.6,equicorrelated
0.05,10,100,124,Point_CHR,Gaussian,absolute_residual,0.95625,139575145267.95288,37.195730474355685,0.0,0.6,equicorrelated
0.05,10,100,124,Unscaled,Gaussian,absolute_residual,0.991875,210852929083519.28,27.064372600849577,0.0,0.6,equicorrelated
0.05,10,100,124,Empirical_copula,Gaussian,absolute_residual,0.921875,50468066241.677765,32.51197691813384,0.000993967056274414,0.6,equicorrelated
0.1,10,100,124,TSCP_R,Gaussian,absolute_residual,0.92875,49629776299.40111,30.7667054623468,0.003004789352416992,0.6,equicorrelated
0.1,10,100,124,Point_CHR,Gaussian,absolute_residual,0.871875,25404172728.29616,30.936652154002914,0.0,0.6,equicorrelated
0.1,10,100,124,Unscaled,Gaussian,absolute_residual,0.966875,32883791183289.99,22.474921741109195,0.0,0.6,equicorrelated
0.1,10,100,124,Empirical_copula,Gaussian,absolute_residual,0.899375,31491795420.47311,32.026415137556384,0.0010001659393310547,0.6,equicorrelated
0.2,10,100,124,TSCP_R,Gaussian,absolute_residual,0.818125,7605020205.441144,25.317567575736156,0.0029938220977783203,0.6,equicorrelated
0.2,10,100,124,Point_CHR,Gaussian,absolute_residual,0.794375,6008452218.651139,25.158864788167566,0.0010066032409667969,0.6,equicorrelated
0.2,10,100,124,Unscaled,Gaussian,absolute_residual,0.8825,3231071269233.6978,17.821106014890873,0.0,0.6,equicorrelated
0.2,10,100,124,Empirical_copula,Gaussian,absolute_residual,0.771875,4788490587.1330185,23.65271318201811,0.00099945068359375,0.6,equicorrelated
0.05,10,100,125,TSCP_R,Gaussian,absolute_residual,0.963125,136321933904.49236,29.451554815231145,0.003994941711425781,0.6,equicorrelated
0.05,10,100,125,Point_CHR,Gaussian,absolute_residual,0.98625,680061659001.3549,35.89376673890294,0.0,0.6,equicorrelated
0.05,10,100,125,Unscaled,Gaussian,absolute_residual,0.974375,60963785905444.92,23.906015289251517,0.0,0.6,equicorrelated
0.05,10,100,125,Empirical_copula,Gaussian,absolute_residual,0.959375,185139367845.29153,34.266975831058176,0.002007722854614258,0.6,equicorrelated
0.1,10,100,125,TSCP_R,Gaussian,absolute_residual,0.934375,58591988951.453514,27.098401215231874,0.0029921531677246094,0.6,equicorrelated
0.1,10,100,125,Point_CHR,Gaussian,absolute_residual,0.916875,57183522995.86644,25.86293019530102,0.0009932518005371094,0.6,equicorrelated
0.1,10,100,125,Unscaled,Gaussian,absolute_residual,0.925,12945343622854.672,20.47440823236378,0.0,0.6,equicorrelated
0.1,10,100,125,Empirical_copula,Gaussian,absolute_residual,0.89,24711773874.50799,23.90601528920648,0.001007080078125,0.6,equicorrelated
0.2,10,100,125,TSCP_R,Gaussian,absolute_residual,0.80375,8446985743.573405,22.32588750690443,0.0030040740966796875,0.6,equicorrelated
0.2,10,100,125,Point_CHR,Gaussian,absolute_residual,0.78125,7410501403.515225,22.359743646219478,0.0,0.6,equicorrelated
0.2,10,100,125,Unscaled,Gaussian,absolute_residual,0.818125,1470433279653.894,16.47193168103674,0.0009961128234863281,0.6,equicorrelated
0.2,10,100,125,Empirical_copula,Gaussian,absolute_residual,0.756875,4681109348.61032,20.80486650311658,0.00099945068359375,0.6,equicorrelated
0.05,10,100,126,TSCP_R,Gaussian,absolute_residual,0.94125,61743433840.44083,26.306871699682947,0.002997159957885742,0.6,equicorrelated
0.05,10,100,126,Point_CHR,Gaussian,absolute_residual,0.896875,28241663457.121243,25.342934576502827,0.0,0.6,equicorrelated
0.05,10,100,126,Unscaled,Gaussian,absolute_residual,0.95,23637787136557.96,21.74506357561121,0.0,0.6,equicorrelated
0.05,10,100,126,Empirical_copula,Gaussian,absolute_residual,0.889375,22379503435.042934,22.00563358044402,0.0009982585906982422,0.6,equicorrelated
0.1,10,100,126,TSCP_R,Gaussian,absolute_residual,0.87,13332573250.209892,22.63266978036699,0.003002643585205078,0.6,equicorrelated
0.1,10,100,126,Point_CHR,Gaussian,absolute_residual,0.828125,8717348197.688719,26.978467607679683,0.0009992122650146484,0.6,equicorrelated
0.1,10,100,126,Unscaled,Gaussian,absolute_residual,0.905,5822196121774.41,18.90204022591692,0.0,0.6,equicorrelated
0.1,10,100,126,Empirical_copula,Gaussian,absolute_residual,0.8375,9205302871.381256,21.769242311430855,0.0010001659393310547,0.6,equicorrelated
0.2,10,100,126,TSCP_R,Gaussian,absolute_residual,0.79,4268980020.6231027,20.078265349532188,0.002994060516357422,0.6,equicorrelated
0.2,10,100,126,Point_CHR,Gaussian,absolute_residual,0.789375,5888047040.411095,20.696528359662643,0.0,0.6,equicorrelated
0.2,10,100,126,Unscaled,Gaussian,absolute_residual,0.818125,879297447691.8193,15.64636946593825,0.0,0.6,equicorrelated
0.2,10,100,126,Empirical_copula,Gaussian,absolute_residual,0.8,5255602910.278073,21.74506357560894,0.0009968280792236328,0.6,equicorrelated
0.05,10,100,127,TSCP_R,Gaussian,absolute_residual,0.9625,91085762122.46832,25.68036133757504,0.003973484039306641,0.6,equicorrelated
0.05,10,100,127,Point_CHR,Gaussian,absolute_residual,0.976875,286374810277.829,30.81248342638268,0.0,0.6,equicorrelated
0.05,10,100,127,Unscaled,Gaussian,absolute_residual,0.9775,58047076525962.77,23.78910127442076,0.0,0.6,equicorrelated
0.05,10,100,127,Empirical_copula,Gaussian,absolute_residual,0.931875,65799031675.84776,27.12789430965521,0.0010027885437011719,0.6,equicorrelated
0.1,10,100,127,TSCP_R,Gaussian,absolute_residual,0.924375,35326631211.97029,23.689124894604877,0.0050084590911865234,0.6,equicorrelated
0.1,10,100,127,Point_CHR,Gaussian,absolute_residual,0.91375,41712414153.63615,26.73687598767879,0.0,0.6,equicorrelated
0.1,10,100,127,Unscaled,Gaussian,absolute_residual,0.931875,8721247253705.022,19.681484835381422,0.0,0.6,equicorrelated
0.1,10,100,127,Empirical_copula,Gaussian,absolute_residual,0.88,18485632155.64073,25.113607639166,0.0009965896606445312,0.6,equicorrelated
0.2,10,100,127,TSCP_R,Gaussian,absolute_residual,0.81625,6683735902.253768,19.99630562082112,0.002992391586303711,0.6,equicorrelated
0.2,10,100,127,Point_CHR,Gaussian,absolute_residual,0.835,14843998514.534128,20.959279601475235,0.0010006427764892578,0.6,equicorrelated
0.2,10,100,127,Unscaled,Gaussian,absolute_residual,0.849375,1641617554546.1711,16.654331263492356,0.0,0.6,equicorrelated
0.2,10,100,127,Empirical_copula,Gaussian,absolute_residual,0.789375,5053614809.260519,22.651021392822646,0.001001119613647461,0.6,equicorrelated
0.05,10,100,128,TSCP_R,Gaussian,absolute_residual,0.961875,111526491120.30652,29.5637408042651,0.004000186920166016,0.6,equicorrelated
0.05,10,100,128,Point_CHR,Gaussian,absolute_residual,0.98375,570643775972.1616,31.920552459533702,0.001001596450805664,0.6,equicorrelated
0.05,10,100,128,Unscaled,Gaussian,absolute_residual,0.96625,30177903638207.363,22.282756104658237,0.0,0.6,equicorrelated
0.05,10,100,128,Empirical_copula,Gaussian,absolute_residual,0.9375,56658334683.86344,26.585783807508427,0.0010030269622802734,0.6,equicorrelated
0.1,10,100,128,TSCP_R,Gaussian,absolute_residual,0.93375,52783775812.67955,27.45219276336018,0.0029959678649902344,0.6,equicorrelated
0.1,10,100,128,Point_CHR,Gaussian,absolute_residual,0.93625,68736976279.87418,27.7698076025231,0.0,0.6,equicorrelated
0.1,10,100,128,Unscaled,Gaussian,absolute_residual,0.94375,14807282040418.758,20.75140635542297,0.0,0.6,equicorrelated
0.1,10,100,128,Empirical_copula,Gaussian,absolute_residual,0.89125,25246222239.68903,26.331453099526843,0.00099945068359375,0.6,equicorrelated
0.2,10,100,128,TSCP_R,Gaussian,absolute_residual,0.8175,7232222298.718022,22.473031211938405,0.0029997825622558594,0.6,equicorrelated
0.2,10,100,128,Point_CHR,Gaussian,absolute_residual,0.799375,6315419216.044122,23.108278850531583,0.0,0.6,equicorrelated
0.2,10,100,128,Unscaled,Gaussian,absolute_residual,0.8475,1575259941902.1072,16.58575412561038,0.0,0.6,equicorrelated
0.2,10,100,128,Empirical_copula,Gaussian,absolute_residual,0.818125,7866156257.180851,22.037802984399192,0.0010013580322265625,0.6,equicorrelated
0.05,10,100,129,TSCP_R,Gaussian,absolute_residual,0.90125,24185222303.981842,23.813992803968922,0.004000425338745117,0.6,equicorrelated
0.05,10,100,129,Point_CHR,Gaussian,absolute_residual,0.93,47991095315.89175,25.752325575110838,0.0,0.6,equicorrelated
0.05,10,100,129,Unscaled,Gaussian,absolute_residual,0.89125,4519082813131.12,18.429138334553663,0.0,0.6,equicorrelated
0.05,10,100,129,Empirical_copula,Gaussian,absolute_residual,0.8325,9742901829.734833,25.752325575110838,0.0010020732879638672,0.6,equicorrelated
0.1,10,100,129,TSCP_R,Gaussian,absolute_residual,0.8325,8204596183.780283,21.38796487965697,0.004998207092285156,0.6,equicorrelated
0.1,10,100,129,Point_CHR,Gaussian,absolute_residual,0.84,9430452497.628847,21.014622477088704,0.0,0.6,equicorrelated
0.1,10,100,129,Unscaled,Gaussian,absolute_residual,0.873125,3065330405449.5957,17.727509603061655,0.0,0.6,equicorrelated
0.1,10,100,129,Empirical_copula,Gaussian,absolute_residual,0.771875,4076049166.6658783,20.596398668346488,0.0010018348693847656,0.6,equicorrelated
0.2,10,100,129,TSCP_R,Gaussian,absolute_residual,0.77375,3925186690.8541408,19.936687221153015,0.003997087478637695,0.6,equicorrelated
0.2,10,100,129,Point_CHR,Gaussian,absolute_residual,0.7475,4117933826.4751153,19.04247866531097,0.0,0.6,equicorrelated
0.2,10,100,129,Unscaled,Gaussian,absolute_residual,0.72125,268294865093.94244,13.895085904125551,0.0,0.6,equicorrelated
0.2,10,100,129,Empirical_copula,Gaussian,absolute_residual,0.7025,2089460190.06112,18.81095913360624,0.0009999275207519531,0.6,equicorrelated
0.05,10,100,130,TSCP_R,Gaussian,absolute_residual,0.955,79937696063.50284,26.135839188835227,0.004999876022338867,0.6,equicorrelated
0.05,10,100,130,Point_CHR,Gaussian,absolute_residual,0.929375,72188774139.80261,28.40265548873803,0.0,0.6,equicorrelated
0.05,10,100,130,Unscaled,Gaussian,absolute_residual,0.923125,9641381029339.277,19.8798876033917,0.0,0.6,equicorrelated
0.05,10,100,130,Empirical_copula,Gaussian,absolute_residual,0.94625,89822183032.41594,28.90718003147552,0.001003265380859375,0.6,equicorrelated
0.1,10,100,130,TSCP_R,Gaussian,absolute_residual,0.914375,35215737394.98308,24.11433569780224,0.00499725341796875,0.6,equicorrelated
0.1,10,100,130,Point_CHR,Gaussian,absolute_residual,0.895,35559035222.95681,29.20135537894855,0.0,0.6,equicorrelated
0.1,10,100,130,Unscaled,Gaussian,absolute_residual,0.85,1974777039133.047,16.96491964371831,0.0,0.6,equicorrelated
0.1,10,100,130,Empirical_copula,Gaussian,absolute_residual,0.841875,13031980334.059626,21.82329980096533,0.0010094642639160156,0.6,equicorrelated
0.2,10,100,130,TSCP_R,Gaussian,absolute_residual,0.798125,5743540880.220456,20.102005714810584,0.0029969215393066406,0.6,equicorrelated
0.2,10,100,130,Point_CHR,Gaussian,absolute_residual,0.719375,2683842096.796675,18.624615808144455,0.0009942054748535156,0.6,equicorrelated
0.2,10,100,130,Unscaled,Gaussian,absolute_residual,0.788125,668586309209.8698,15.22354333858308,0.0,0.6,equicorrelated
0.2,10,100,130,Empirical_copula,Gaussian,absolute_residual,0.739375,3464374567.0289307,19.632857239339494,0.0010089874267578125,0.6,equicorrelated
0.05,10,100,131,TSCP_R,Gaussian,absolute_residual,0.94375,65449551854.273575,25.065693074549863,0.004011869430541992,0.6,equicorrelated
0.05,10,100,131,Point_CHR,Gaussian,absolute_residual,0.985625,514377075996.0105,30.026882913335356,0.0,0.6,equicorrelated
0.05,10,100,131,Unscaled,Gaussian,absolute_residual,0.9375,13408767360952.037,20.546548876595192,0.0,0.6,equicorrelated
0.05,10,100,131,Empirical_copula,Gaussian,absolute_residual,0.925,54442810282.76091,23.19117440143664,0.0010120868682861328,0.6,equicorrelated
0.1,10,100,131,TSCP_R,Gaussian,absolute_residual,0.9125,33160592647.007656,23.46735266038023,0.003987312316894531,0.6,equicorrelated
0.1,10,100,131,Point_CHR,Gaussian,absolute_residual,0.890625,25128689978.32556,22.140058553853688,0.0010001659393310547,0.6,equicorrelated
0.1,10,100,131,Unscaled,Gaussian,absolute_residual,0.90375,5652953518496.844,18.846362550196048,0.0,0.6,equicorrelated
0.1,10,100,131,Empirical_copula,Gaussian,absolute_residual,0.87375,18697218953.725304,23.001138165488893,0.0010063648223876953,0.6,equicorrelated
0.2,10,100,131,TSCP_R,Gaussian,absolute_residual,0.844375,10955954834.235338,21.110723249337404,0.003000020980834961,0.6,equicorrelated
0.2,10,100,131,Point_CHR,Gaussian,absolute_residual,0.856875,17457181294.773643,25.633724945940372,0.0009932518005371094,0.6,equicorrelated
0.2,10,100,131,Unscaled,Gaussian,absolute_residual,0.76875,595058947736.6813,15.047210586711865,0.0,0.6,equicorrelated
0.2,10,100,131,Empirical_copula,Gaussian,absolute_residual,0.833125,8808986492.307785,19.69917547344669,0.0009999275207519531,0.6,equicorrelated
0.05,10,100,132,TSCP_R,Gaussian,absolute_residual,0.943125,71455145044.63889,26.64159657541868,0.004000186920166016,0.6,equicorrelated
0.05,10,100,132,Point_CHR,Gaussian,absolute_residual,0.95375,105197104530.32411,30.359780443204325,0.0010018348693847656,0.6,equicorrelated
0.05,10,100,132,Unscaled,Gaussian,absolute_residual,0.969375,63473820203378.01,24.00266499533179,0.0,0.6,equicorrelated
0.05,10,100,132,Empirical_copula,Gaussian,absolute_residual,0.935,57852233616.855095,28.01214678913107,0.0009999275207519531,0.6,equicorrelated
0.1,10,100,132,TSCP_R,Gaussian,absolute_residual,0.92125,36725898764.57946,24.674815938899847,0.0040090084075927734,0.6,equicorrelated
0.1,10,100,132,Point_CHR,Gaussian,absolute_residual,0.884375,18805033490.045044,26.34278453065842,0.0,0.6,equicorrelated
0.1,10,100,132,Unscaled,Gaussian,absolute_residual,0.895625,5704670418448.423,18.86353385552159,0.0,0.6,equicorrelated
0.1,10,100,132,Empirical_copula,Gaussian,absolute_residual,0.880625,19797920257.736217,24.382723977817395,0.0009894371032714844,0.6,equicorrelated
0.2,10,100,132,TSCP_R,Gaussian,absolute_residual,0.855,12255211470.265669,22.15264852466103,0.003006458282470703,0.6,equicorrelated
0.2,10,100,132,Point_CHR,Gaussian,absolute_residual,0.7625,3815846267.141574,18.734799940379556,0.000993967056274414,0.6,equicorrelated
0.2,10,100,132,Unscaled,Gaussian,absolute_residual,0.848125,1937633155505.6787,16.93273671828489,0.0,0.6,equicorrelated
0.2,10,100,132,Empirical_copula,Gaussian,absolute_residual,0.80375,5776843142.139575,19.71671089835268,0.001016378402709961,0.6,equicorrelated
0.05,10,100,133,TSCP_R,Gaussian,absolute_residual,0.94875,73060850969.42783,28.736568006824463,0.004007577896118164,0.6,equicorrelated
0.05,10,100,133,Point_CHR,Gaussian,absolute_residual,0.94375,108883818725.21379,34.301253275621065,0.0,0.6,equicorrelated
0.05,10,100,133,Unscaled,Gaussian,absolute_residual,0.93875,14699459744331.984,20.736246044992267,0.0,0.6,equicorrelated
0.05,10,100,133,Empirical_copula,Gaussian,absolute_residual,0.915,65347248261.87745,30.952793118702466,0.0019998550415039062,0.6,equicorrelated
0.1,10,100,133,TSCP_R,Gaussian,absolute_residual,0.8675,16483007898.68204,24.82079940594487,0.002994537353515625,0.6,equicorrelated
0.1,10,100,133,Point_CHR,Gaussian,absolute_residual,0.816875,8735580802.474907,22.274262201284138,0.0010082721710205078,0.6,equicorrelated
0.1,10,100,133,Unscaled,Gaussian,absolute_residual,0.820625,1210797571901.6655,16.155007133985556,0.0,0.6,equicorrelated
0.1,10,100,133,Empirical_copula,Gaussian,absolute_residual,0.8225,11004304622.238071,25.85970173046251,0.0009975433349609375,0.6,equicorrelated
0.2,10,100,133,TSCP_R,Gaussian,absolute_residual,0.71875,2447570957.949399,20.344207623064673,0.0029993057250976562,0.6,equicorrelated
0.2,10,100,133,Point_CHR,Gaussian,absolute_residual,0.681875,1985445198.1714325,18.69013332989028,0.0,0.6,equicorrelated
0.2,10,100,133,Unscaled,Gaussian,absolute_residual,0.74,328364250305.09216,14.178673008847767,0.0,0.6,equicorrelated
0.2,10,100,133,Empirical_copula,Gaussian,absolute_residual,0.688125,2116727241.896174,20.83773529096057,0.0009980201721191406,0.6,equicorrelated
0.05,10,100,134,TSCP_R,Gaussian,absolute_residual,0.949375,60741413668.88203,27.088355765484046,0.004000663757324219,0.6,equicorrelated
0.05,10,100,134,Point_CHR,Gaussian,absolute_residual,0.96375,164099317780.2343,32.27452451024399,0.0009999275207519531,0.6,equicorrelated
0.05,10,100,134,Unscaled,Gaussian,absolute_residual,0.9625,35790958323258.92,22.666127776594106,0.0,0.6,equicorrelated
0.05,10,100,134,Empirical_copula,Gaussian,absolute_residual,0.9325,49256485665.17689,25.5393001722175,0.0010101795196533203,0.6,equicorrelated
0.1,10,100,134,TSCP_R,Gaussian,absolute_residual,0.913125,26142471511.85597,24.866193511052778,0.003991127014160156,0.6,equicorrelated
0.1,10,100,134,Point_CHR,Gaussian,absolute_residual,0.9375,69041051097.73082,29.12660868163635,0.0,0.6,equicorrelated
0.1,10,100,134,Unscaled,Gaussian,absolute_residual,0.884375,3491923645845.6055,17.960005854018878,0.0,0.6,equicorrelated
0.1,10,100,134,Empirical_copula,Gaussian,absolute_residual,0.869375,12872272801.957949,23.15976376885968,0.0010068416595458984,0.6,equicorrelated
0.2,10,100,134,TSCP_R,Gaussian,absolute_residual,0.779375,3881818608.4916935,20.45836292564781,0.0029993057250976562,0.6,equicorrelated
0.2,10,100,134,Point_CHR,Gaussian,absolute_residual,0.868125,16103324200.785261,26.143311455249155,0.0,0.6,equicorrelated
0.2,10,100,134,Unscaled,Gaussian,absolute_residual,0.839375,1447637679400.0164,16.446215923723596,0.0,0.6,equicorrelated
0.2,10,100,134,Empirical_copula,Gaussian,absolute_residual,0.779375,3905454226.771465,22.666127776515715,0.0009999275207519531,0.6,equicorrelated
0.05,10,100,135,TSCP_R,Gaussian,absolute_residual,0.965,134766231214.37181,26.59466246375693,0.0040018558502197266,0.6,equicorrelated
0.05,10,100,135,Point_CHR,Gaussian,absolute_residual,0.975625,392849369482.21643,33.80388767170595,0.0,0.6,equicorrelated
0.05,10,100,135,Unscaled,Gaussian,absolute_residual,0.94625,21290799128619.55,21.51885683758887,0.0,0.6,equicorrelated
0.05,10,100,135,Empirical_copula,Gaussian,absolute_residual,0.954375,151923667572.2151,24.924007825655544,0.00099945068359375,0.6,equicorrelated
0.1,10,100,135,TSCP_R,Gaussian,absolute_residual,0.888125,20735859812.723015,22.1977775920201,0.002997875213623047,0.6,equicorrelated
0.1,10,100,135,Point_CHR,Gaussian,absolute_residual,0.9275,58084682512.30313,27.172115037055846,0.001026153564453125,0.6,equicorrelated
0.1,10,100,135,Unscaled,Gaussian,absolute_residual,0.889375,3453924263784.5723,17.940365265711183,0.0,0.6,equicorrelated
0.1,10,100,135,Empirical_copula,Gaussian,absolute_residual,0.85375,14246423600.663935,21.565035996753522,0.0009765625,0.6,equicorrelated
0.2,10,100,135,TSCP_R,Gaussian,absolute_residual,0.8,4712004083.321773,19.339667851310395,0.002997159957885742,0.6,equicorrelated
0.2,10,100,135,Point_CHR,Gaussian,absolute_residual,0.78125,5528771678.619187,23.876178815134246,0.0,0.6,equicorrelated
0.2,10,100,135,Unscaled,Gaussian,absolute_residual,0.795,629911488397.782,15.133101777040338,0.0,0.6,equicorrelated
0.2,10,100,135,Empirical_copula,Gaussian,absolute_residual,0.796875,5346839837.292232,18.145555031941505,0.0010027885437011719,0.6,equicorrelated
0.05,10,100,136,TSCP_R,Gaussian,absolute_residual,0.966875,112795413039.02364,27.4079618605729,0.004009246826171875,0.6,equicorrelated
0.05,10,100,136,Point_CHR,Gaussian,absolute_residual,0.9775,366074412022.0048,31.81461513036322,0.0009944438934326172,0.6,equicorrelated
0.05,10,100,136,Unscaled,Gaussian,absolute_residual,0.954375,19832242180399.324,21.366686686386153,0.0,0.6,equicorrelated
0.05,10,100,136,Empirical_copula,Gaussian,absolute_residual,0.958125,104308210927.98395,26.23322904199297,0.0009989738464355469,0.6,equicorrelated
0.1,10,100,136,TSCP_R,Gaussian,absolute_residual,0.90875,26373136290.185707,23.81877942256616,0.004063129425048828,0.6,equicorrelated
0.1,10,100,136,Point_CHR,Gaussian,absolute_residual,0.883125,16716611585.277172,22.098505577944863,0.0,0.6,equicorrelated
0.1,10,100,136,Unscaled,Gaussian,absolute_residual,0.905625,4876390872663.054,18.569912225857863,0.0,0.6,equicorrelated
0.1,10,100,136,Empirical_copula,Gaussian,absolute_residual,0.889375,25939212632.4573,23.97716616681449,0.0019481182098388672,0.6,equicorrelated
0.2,10,100,136,TSCP_R,Gaussian,absolute_residual,0.826875,7101429814.512411,20.855951271260842,0.0019931793212890625,0.6,equicorrelated
0.2,10,100,136,Point_CHR,Gaussian,absolute_residual,0.815625,6662855218.264854,19.290039768480398,0.0009999275207519531,0.6,equicorrelated
0.2,10,100,136,Unscaled,Gaussian,absolute_residual,0.789375,667616077320.3096,15.22133270080513,0.0,0.6,equicorrelated
0.2,10,100,136,Empirical_copula,Gaussian,absolute_residual,0.809375,6333495413.015231,21.07405521288591,0.0009999275207519531,0.6,equicorrelated
0.05,10,100,137,TSCP_R,Gaussian,absolute_residual,0.96625,135824180479.85077,30.830528817227915,0.003999233245849609,0.6,equicorrelated
0.05,10,100,137,Point_CHR,Gaussian,absolute_residual,0.948125,118189125828.38765,26.420857537439705,0.0,0.6,equicorrelated
0.05,10,100,137,Unscaled,Gaussian,absolute_residual,0.958125,27142909257306.188,22.047819230788452,0.0,0.6,equicorrelated
0.05,10,100,137,Empirical_copula,Gaussian,absolute_residual,0.936875,120340496034.6387,39.40578210857333,0.0010035037994384766,0.6,equicorrelated
0.1,10,100,137,TSCP_R,Gaussian,absolute_residual,0.88875,21616192658.133854,25.231684202928925,0.0029959678649902344,0.6,equicorrelated
0.1,10,100,137,Point_CHR,Gaussian,absolute_residual,0.8975,27372297676.171585,23.80572274351791,0.0009999275207519531,0.6,equicorrelated
0.1,10,100,137,Unscaled,Gaussian,absolute_residual,0.89125,4189642078431.8345,18.29016790183208,0.0,0.6,equicorrelated
0.1,10,100,137,Empirical_copula,Gaussian,absolute_residual,0.8425,10787550148.66178,24.04583209254641,0.0009944438934326172,0.6,equicorrelated
0.2,10,100,137,TSCP_R,Gaussian,absolute_residual,0.8175,6204933370.524892,22.25487396111021,0.0030057430267333984,0.6,equicorrelated
0.2,10,100,137,Point_CHR,Gaussian,absolute_residual,0.804375,6112246944.571486,20.649166407311196,0.0,0.6,equicorrelated
0.2,10,100,137,Unscaled,Gaussian,absolute_residual,0.801875,786291961906.0703,15.472424907338628,0.0,0.6,equicorrelated
0.2,10,100,137,Empirical_copula,Gaussian,absolute_residual,0.755625,3518531332.772703,20.6518480944847,0.0010001659393310547,0.6,equicorrelated
0.05,10,100,138,TSCP_R,Gaussian,absolute_residual,0.979375,272815843039.75696,33.535593633177136,0.004006624221801758,0.6,equicorrelated
0.05,10,100,138,Point_CHR,Gaussian,absolute_residual,0.984375,713211956864.8871,39.036217599980525,0.0009951591491699219,0.6,equicorrelated
0.05,10,100,138,Unscaled,Gaussian,absolute_residual,0.96375,36357601852168.84,22.701759732543746,0.0,0.6,equicorrelated
0.05,10,100,138,Empirical_copula,Gaussian,absolute_residual,0.953125,117859345186.66364,29.280131832818533,0.0009984970092773438,0.6,equicorrelated
0.1,10,100,138,TSCP_R,Gaussian,absolute_residual,0.921875,40190094979.499435,27.56802649484154,0.003998279571533203,0.6,equicorrelated
0.1,10,100,138,Point_CHR,Gaussian,absolute_residual,0.905625,40397010897.283745,29.010748822332033,0.0,0.6,equicorrelated
0.1,10,100,138,Unscaled,Gaussian,absolute_residual,0.915625,7255502941243.17,19.322652886542855,0.0,0.6,equicorrelated
0.1,10,100,138,Empirical_copula,Gaussian,absolute_residual,0.871875,22707379548.702614,23.91096875365689,0.0009987354278564453,0.6,equicorrelated
0.2,10,100,138,TSCP_R,Gaussian,absolute_residual,0.816875,8073037025.937211,23.381827348367032,0.0029993057250976562,0.6,equicorrelated
0.2,10,100,138,Point_CHR,Gaussian,absolute_residual,0.77125,5246148443.966281,23.053055696465172,0.0,0.6,equicorrelated
0.2,10,100,138,Unscaled,Gaussian,absolute_residual,0.833125,1650000058047.5024,16.662815897289573,0.0,0.6,equicorrelated
0.2,10,100,138,Empirical_copula,Gaussian,absolute_residual,0.805,6276520178.68616,20.782837362616895,0.00099945068359375,0.6,equicorrelated
0.05,10,100,139,TSCP_R,Gaussian,absolute_residual,0.980625,314286166159.29535,29.72364551854327,0.004004478454589844,0.6,equicorrelated
0.05,10,100,139,Point_CHR,Gaussian,absolute_residual,0.99875,5137213218884.366,39.26625338769326,0.0010094642639160156,0.6,equicorrelated
0.05,10,100,139,Unscaled,Gaussian,absolute_residual,0.97125,50759778621685.03,23.472101360492605,0.0,0.6,equicorrelated
0.05,10,100,139,Empirical_copula,Gaussian,absolute_residual,0.93875,137757574136.06454,27.570647912747205,0.0009887218475341797,0.6,equicorrelated
0.1,10,100,139,TSCP_R,Gaussian,absolute_residual,0.961875,108394376957.85057,27.036879253328298,0.0039975643157958984,0.6,equicorrelated
0.1,10,100,139,Point_CHR,Gaussian,absolute_residual,0.970625,174103425674.56555,31.686147070547463,0.0,0.6,equicorrelated
0.1,10,100,139,Unscaled,Gaussian,absolute_residual,0.898125,5101254737003.785,18.653816537349623,0.0,0.6,equicorrelated
0.1,10,100,139,Empirical_copula,Gaussian,absolute_residual,0.9,46041448260.56704,25.507086796906844,0.0009181499481201172,0.6,equicorrelated
0.2,10,100,139,TSCP_R,Gaussian,absolute_residual,0.813125,8276140342.911659,20.497891223936342,0.002989053726196289,0.6,equicorrelated
0.2,10,100,139,Point_CHR,Gaussian,absolute_residual,0.780625,6176124559.442037,21.70895871284318,0.0009999275207519531,0.6,equicorrelated
0.2,10,100,139,Unscaled,Gaussian,absolute_residual,0.7975,830966831642.969,15.55816485246499,0.0,0.6,equicorrelated
0.2,10,100,139,Empirical_copula,Gaussian,absolute_residual,0.796875,9460622870.364737,20.36257502471932,0.0009996891021728516,0.6,equicorrelated
0.05,10,100,140,TSCP_R,Gaussian,absolute_residual,0.966875,177181829978.66965,29.574098677972817,0.0030069351196289062,0.6,equicorrelated
0.05,10,100,140,Point_CHR,Gaussian,absolute_residual,0.981875,863282314246.0763,39.2565940612031,0.0010020732879638672,0.6,equicorrelated
0.05,10,100,140,Unscaled,Gaussian,absolute_residual,0.941875,18882654686321.785,21.262107280844855,0.0,0.6,equicorrelated
0.05,10,100,140,Empirical_copula,Gaussian,absolute_residual,0.93125,72432528435.88779,25.660165224649447,0.0009930133819580078,0.6,equicorrelated
0.1,10,100,140,TSCP_R,Gaussian,absolute_residual,0.8825,20942759092.326927,23.96095608678844,0.0030062198638916016,0.6,equicorrelated
0.1,10,100,140,Point_CHR,Gaussian,absolute_residual,0.905,37573572274.86393,25.82546236469058,0.0009987354278564453,0.6,equicorrelated
0.1,10,100,140,Unscaled,Gaussian,absolute_residual,0.8675,2738971232660.1743,17.529064823918336,0.0,0.6,equicorrelated
0.1,10,100,140,Empirical_copula,Gaussian,absolute_residual,0.840625,16130777127.15509,24.150149321107165,0.0009999275207519531,0.6,equicorrelated
0.2,10,100,140,TSCP_R,Gaussian,absolute_residual,0.75,3257347070.5683274,19.854377147380735,0.002994060516357422,0.6,equicorrelated
0.2,10,100,140,Point_CHR,Gaussian,absolute_residual,0.8425,11286295889.059397,25.252191398425467,0.0,0.6,equicorrelated
0.2,10,100,140,Unscaled,Gaussian,absolute_residual,0.745625,317438281541.54297,14.13077332861127,0.0,0.6,equicorrelated
0.2,10,100,140,Empirical_copula,Gaussian,absolute_residual,0.7125,2249733758.2872276,19.33440490310616,0.001001596450805664,0.6,equicorrelated
0.05,10,100,141,TSCP_R,Gaussian,absolute_residual,0.97875,216558400541.02277,29.01269140620537,0.004026651382446289,0.6,equicorrelated
0.05,10,100,141,Point_CHR,Gaussian,absolute_residual,0.991875,1198260186918.8809,41.63952329933671,0.0,0.6,equicorrelated
0.05,10,100,141,Unscaled,Gaussian,absolute_residual,0.96375,30254170086772.664,22.288381071531028,0.0,0.6,equicorrelated
0.05,10,100,141,Empirical_copula,Gaussian,absolute_residual,0.89875,31389020181.69593,28.961018149983254,0.0010116100311279297,0.6,equicorrelated
0.1,10,100,141,TSCP_R,Gaussian,absolute_residual,0.925,35042670189.33676,25.264201280375715,0.0029883384704589844,0.6,equicorrelated
0.1,10,100,141,Point_CHR,Gaussian,absolute_residual,0.894375,29201142450.45721,22.934825531939687,0.0,0.6,equicorrelated
0.1,10,100,141,Unscaled,Gaussian,absolute_residual,0.879375,2542074174459.8105,17.398781008501903,0.0,0.6,equicorrelated
0.1,10,100,141,Empirical_copula,Gaussian,absolute_residual,0.89875,31389020181.69593,28.961018149983254,0.001001596450805664,0.6,equicorrelated
0.2,10,100,141,TSCP_R,Gaussian,absolute_residual,0.805625,5353283764.029223,20.551712522214473,0.004004716873168945,0.6,equicorrelated
0.2,10,100,141,Point_CHR,Gaussian,absolute_residual,0.846875,10722988884.164528,21.49265345209275,0.0,0.6,equicorrelated
0.2,10,100,141,Unscaled,Gaussian,absolute_residual,0.775625,504346053913.41943,14.800379886261863,0.0,0.6,equicorrelated
0.2,10,100,141,Empirical_copula,Gaussian,absolute_residual,0.760625,3335617114.4067254,20.434293656131665,0.0009996891021728516,0.6,equicorrelated
0.05,10,100,142,TSCP_R,Gaussian,absolute_residual,0.945625,72108040384.02754,27.69009121744022,0.004025459289550781,0.6,equicorrelated
0.05,10,100,142,Point_CHR,Gaussian,absolute_residual,0.891875,27475997548.416023,22.681396694160654,0.0,0.6,equicorrelated
0.05,10,100,142,Unscaled,Gaussian,absolute_residual,0.949375,18993315368477.203,21.274535073749945,0.0,0.6,equicorrelated
0.05,10,100,142,Empirical_copula,Gaussian,absolute_residual,0.909375,50208635533.30456,28.024243129514268,0.0009944438934326172,0.6,equicorrelated
0.1,10,100,142,TSCP_R,Gaussian,absolute_residual,0.86375,15990700110.188967,23.83968694479866,0.002996206283569336,0.6,equicorrelated
0.1,10,100,142,Point_CHR,Gaussian,absolute_residual,0.775625,5687319490.22749,20.754376082078416,0.0,0.6,equicorrelated
0.1,10,100,142,Unscaled,Gaussian,absolute_residual,0.90125,5114367513955.774,18.658605964051244,0.0,0.6,equicorrelated
0.1,10,100,142,Empirical_copula,Gaussian,absolute_residual,0.809375,11128434851.971878,24.436129399152787,0.0019998550415039062,0.6,equicorrelated
0.2,10,100,142,TSCP_R,Gaussian,absolute_residual,0.73125,3277452010.811978,20.386068613578608,0.0030007362365722656,0.6,equicorrelated
0.2,10,100,142,Point_CHR,Gaussian,absolute_residual,0.67625,1932980323.1948526,18.733320064982877,0.0,0.6,equicorrelated
0.2,10,100,142,Unscaled,Gaussian,absolute_residual,0.776875,687472788375.3466,15.26601030668472,0.0,0.6,equicorrelated
0.2,10,100,142,Empirical_copula,Gaussian,absolute_residual,0.7075,2496480623.030841,18.658605964037267,0.0019996166229248047,0.6,equicorrelated
0.05,10,100,143,TSCP_R,Gaussian,absolute_residual,0.92,39999144314.68678,24.551012935640344,0.004025936126708984,0.6,equicorrelated
0.05,10,100,143,Point_CHR,Gaussian,absolute_residual,0.939375,90468782446.57945,26.94235222599341,0.0,0.6,equicorrelated
0.05,10,100,143,Unscaled,Gaussian,absolute_residual,0.910625,8358526324433.151,19.598054969269867,0.0,0.6,equicorrelated
0.05,10,100,143,Empirical_copula,Gaussian,absolute_residual,0.92125,43317416160.67499,23.126112480255944,0.0009930133819580078,0.6,equicorrelated
0.1,10,100,143,TSCP_R,Gaussian,absolute_residual,0.901875,26974649547.018635,23.558594152232416,0.004007101058959961,0.6,equicorrelated
0.1,10,100,143,Point_CHR,Gaussian,absolute_residual,0.843125,12780343408.922022,22.675317905396753,0.0009999275207519531,0.6,equicorrelated
0.1,10,100,143,Unscaled,Gaussian,absolute_residual,0.858125,2455818105117.4033,17.33882325825104,0.0,0.6,equicorrelated
0.1,10,100,143,Empirical_copula,Gaussian,absolute_residual,0.836875,12489490091.842398,22.613549528730637,0.0009999275207519531,0.6,equicorrelated
0.2,10,100,143,TSCP_R,Gaussian,absolute_residual,0.783125,4971924226.97616,19.997768297022642,0.003002166748046875,0.6,equicorrelated
0.2,10,100,143,Point_CHR,Gaussian,absolute_residual,0.7275,3166556524.299841,19.88482132298603,0.0,0.6,equicorrelated
0.2,10,100,143,Unscaled,Gaussian,absolute_residual,0.791875,842284496670.8186,15.579226116568647,0.0,0.6,equicorrelated
0.2,10,100,143,Empirical_copula,Gaussian,absolute_residual,0.694375,2029395063.8995485,18.918085293815615,0.0009996891021728516,0.6,equicorrelated
0.05,10,100,144,TSCP_R,Gaussian,absolute_residual,0.949375,91269822537.8176,29.04599584901976,0.006006479263305664,0.6,equicorrelated
0.05,10,100,144,Point_CHR,Gaussian,absolute_residual,0.928125,68338705342.146645,25.888254892367463,0.0,0.6,equicorrelated
0.05,10,100,144,Unscaled,Gaussian,absolute_residual,0.943125,23843093698164.88,21.763876887250234,0.0,0.6,equicorrelated
0.05,10,100,144,Empirical_copula,Gaussian,absolute_residual,0.881875,26464546185.82614,23.326550385954743,0.0009937286376953125,0.6,equicorrelated
0.1,10,100,144,TSCP_R,Gaussian,absolute_residual,0.871875,20074879901.260212,24.8542744020532,0.004005908966064453,0.6,equicorrelated
0.1,10,100,144,Point_CHR,Gaussian,absolute_residual,0.805625,8180068074.589027,23.15903162204344,0.0,0.6,equicorrelated
0.1,10,100,144,Unscaled,Gaussian,absolute_residual,0.915625,10170630700442.432,19.98640982801662,0.0,0.6,equicorrelated
0.1,10,100,144,Empirical_copula,Gaussian,absolute_residual,0.818125,11740079116.859188,22.763402253454608,0.0010001659393310547,0.6,equicorrelated
0.2,10,100,144,TSCP_R,Gaussian,absolute_residual,0.79,6136288314.147672,22.0239590785987,0.003002643585205078,0.6,equicorrelated
0.2,10,100,144,Point_CHR,Gaussian,absolute_residual,0.77,5572264871.020835,22.274447454792906,0.000997304916381836,0.6,equicorrelated
0.2,10,100,144,Unscaled,Gaussian,absolute_residual,0.866875,3115306472516.299,17.756202028297707,0.0,0.6,equicorrelated
0.2,10,100,144,Empirical_copula,Gaussian,absolute_residual,0.736875,3168979649.2639394,21.414132698132946,0.0009999275207519531,0.6,equicorrelated
0.05,10,100,145,TSCP_R,Gaussian,absolute_residual,0.96625,117828259836.93431,30.294640305950058,0.0030059814453125,0.6,equicorrelated
0.05,10,100,145,Point_CHR,Gaussian,absolute_residual,0.98125,728756129426.1348,36.91367825212356,0.0,0.6,equicorrelated
0.05,10,100,145,Unscaled,Gaussian,absolute_residual,0.97375,59002659200478.78,23.82797624909241,0.0,0.6,equicorrelated
0.05,10,100,145,Empirical_copula,Gaussian,absolute_residual,0.941875,88121837167.84776,35.42995406994314,0.00099945068359375,0.6,equicorrelated
0.1,10,100,145,TSCP_R,Gaussian,absolute_residual,0.916875,33793332762.25512,26.5323834512088,0.0029990673065185547,0.6,equicorrelated
0.1,10,100,145,Point_CHR,Gaussian,absolute_residual,0.946875,94406936378.83475,29.470137597974244,0.0,0.6,equicorrelated
0.1,10,100,145,Unscaled,Gaussian,absolute_residual,0.916875,6994690615024.273,19.252044239631843,0.0,0.6,equicorrelated
0.1,10,100,145,Empirical_copula,Gaussian,absolute_residual,0.91375,35803683459.23825,30.642112416624684,0.0009992122650146484,0.6,equicorrelated
0.2,10,100,145,TSCP_R,Gaussian,absolute_residual,0.86625,14181426629.993053,24.319849982063506,0.0029990673065185547,0.6,equicorrelated
0.2,10,100,145,Point_CHR,Gaussian,absolute_residual,0.889375,21923565283.295815,21.811830045162793,0.0,0.6,equicorrelated
0.2,10,100,145,Unscaled,Gaussian,absolute_residual,0.8425,1513707170811.7314,16.519777240947555,0.0010008811950683594,0.6,equicorrelated
0.2,10,100,145,Empirical_copula,Gaussian,absolute_residual,0.843125,11191437079.239803,23.165224891736944,0.0010006427764892578,0.6,equicorrelated
0.05,10,100,146,TSCP_R,Gaussian,absolute_residual,0.963125,114056298549.56949,27.014783660023685,0.004026889801025391,0.6,equicorrelated
0.05,10,100,146,Point_CHR,Gaussian,absolute_residual,0.965625,250599592619.83182,28.615374104618894,0.0,0.6,equicorrelated
0.05,10,100,146,Unscaled,Gaussian,absolute_residual,0.9675,37672451243185.08,22.782552930935704,0.0009987354278564453,0.6,equicorrelated
0.05,10,100,146,Empirical_copula,Gaussian,absolute_residual,0.95,94154382031.77835,25.831483348785753,0.0009965896606445312,0.6,equicorrelated
0.1,10,100,146,TSCP_R,Gaussian,absolute_residual,0.924375,38770154791.02588,24.298237017127292,0.0040035247802734375,0.6,equicorrelated
0.1,10,100,146,Point_CHR,Gaussian,absolute_residual,0.9475,89569489988.22346,26.440035722284428,0.0,0.6,equicorrelated
0.1,10,100,146,Unscaled,Gaussian,absolute_residual,0.91,4883603293195.9375,18.572656980337324,0.0,0.6,equicorrelated
0.1,10,100,146,Empirical_copula,Gaussian,absolute_residual,0.873125,19954666610.186436,24.977951044659363,0.00099945068359375,0.6,equicorrelated
0.2,10,100,146,TSCP_R,Gaussian,absolute_residual,0.849375,10005765334.084604,21.202929851774762,0.0029938220977783203,0.6,equicorrelated
0.2,10,100,146,Point_CHR,Gaussian,absolute_residual,0.903125,30815556042.715363,24.283645197411595,0.0010066032409667969,0.6,equicorrelated
0.2,10,100,146,Unscaled,Gaussian,absolute_residual,0.799375,703441109183.9766,15.301104263540207,0.0,0.6,equicorrelated
0.2,10,100,146,Empirical_copula,Gaussian,absolute_residual,0.825625,8075215917.239758,21.150586188718247,0.0010001659393310547,0.6,equicorrelated
0.05,10,100,147,TSCP_R,Gaussian,absolute_residual,0.93625,50657220026.50107,24.534147934521386,0.003913402557373047,0.6,equicorrelated
0.05,10,100,147,Point_CHR,Gaussian,absolute_residual,0.93125,58031512410.356445,24.9442115231544,0.0009999275207519531,0.6,equicorrelated
0.05,10,100,147,Unscaled,Gaussian,absolute_residual,0.924375,9916293709683.008,19.935858302167524,0.0,0.6,equicorrelated
0.05,10,100,147,Empirical_copula,Gaussian,absolute_residual,0.9025,26684523013.712406,23.47978806308403,0.00099945068359375,0.6,equicorrelated
0.1,10,100,147,TSCP_R,Gaussian,absolute_residual,0.898125,22958300634.984497,22.73623041128701,0.004000663757324219,0.6,equicorrelated
0.1,10,100,147,Point_CHR,Gaussian,absolute_residual,0.835625,10975753818.16526,21.882969908373482,0.0,0.6,equicorrelated
0.1,10,100,147,Unscaled,Gaussian,absolute_residual,0.88125,3655286404376.388,18.042310024351053,0.0,0.6,equicorrelated
0.1,10,100,147,Empirical_copula,Gaussian,absolute_residual,0.849375,13415531158.451256,20.690048812694563,0.0009996891021728516,0.6,equicorrelated
0.2,10,100,147,TSCP_R,Gaussian,absolute_residual,0.8175,7077956744.378598,20.180806388254624,0.002994060516357422,0.6,equicorrelated
0.2,10,100,147,Point_CHR,Gaussian,absolute_residual,0.645625,1291336767.0753543,18.964122969597305,0.0,0.6,equicorrelated
0.2,10,100,147,Unscaled,Gaussian,absolute_residual,0.778125,480660325072.8085,14.729358327983258,0.0,0.6,equicorrelated
0.2,10,100,147,Empirical_copula,Gaussian,absolute_residual,0.77,4389986071.207967,19.020044319037666,0.0010066032409667969,0.6,equicorrelated
0.05,10,100,148,TSCP_R,Gaussian,absolute_residual,0.97625,196064601004.72092,32.14112649777381,0.003006458282470703,0.6,equicorrelated
0.05,10,100,148,Point_CHR,Gaussian,absolute_residual,0.961875,211237762645.75705,31.352786815205448,0.0,0.6,equicorrelated
0.05,10,100,148,Unscaled,Gaussian,absolute_residual,0.98,88565721808435.81,24.81570207900721,0.0,0.6,equicorrelated
0.05,10,100,148,Empirical_copula,Gaussian,absolute_residual,0.96625,179443679909.95392,32.11350499096187,0.000993967056274414,0.6,equicorrelated
0.1,10,100,148,TSCP_R,Gaussian,absolute_residual,0.920625,41315652473.842316,28.052686192086984,0.0030062198638916016,0.6,equicorrelated
0.1,10,100,148,Point_CHR,Gaussian,absolute_residual,0.868125,21961284245.309235,23.9529573973916,0.0010001659393310547,0.6,equicorrelated
0.1,10,100,148,Unscaled,Gaussian,absolute_residual,0.953125,21389832843905.9,21.528845399764638,0.0,0.6,equicorrelated
0.1,10,100,148,Empirical_copula,Gaussian,absolute_residual,0.926875,51889430964.02105,30.276090871090986,0.001003265380859375,0.6,equicorrelated
0.2,10,100,148,TSCP_R,Gaussian,absolute_residual,0.855625,14272594791.81603,25.33555228305805,0.003989458084106445,0.6,equicorrelated
0.2,10,100,148,Point_CHR,Gaussian,absolute_residual,0.78625,9708924048.750937,22.42619639460218,0.0,0.6,equicorrelated
0.2,10,100,148,Unscaled,Gaussian,absolute_residual,0.865,2484090592303.73,17.358681831197476,0.0,0.6,equicorrelated
0.2,10,100,148,Empirical_copula,Gaussian,absolute_residual,0.808125,7190312336.316888,23.11850486195786,0.0009996891021728516,0.6,equicorrelated
0.05,10,100,149,TSCP_R,Gaussian,absolute_residual,0.964375,111709537563.51968,27.931985305886613,0.004006624221801758,0.6,equicorrelated
0.05,10,100,149,Point_CHR,Gaussian,absolute_residual,0.968125,141947692591.27045,27.728502281251806,0.0,0.6,equicorrelated
0.05,10,100,149,Unscaled,Gaussian,absolute_residual,0.915625,6948640041871.2705,19.239331665097524,0.0,0.6,equicorrelated
0.05,10,100,149,Empirical_copula,Gaussian,absolute_residual,0.93375,73067629627.46413,22.274535844975514,0.0010051727294921875,0.6,equicorrelated
0.1,10,100,149,TSCP_R,Gaussian,absolute_residual,0.92375,42211144416.14708,25.546479369657245,0.003994464874267578,0.6,equicorrelated
0.1,10,100,149,Point_CHR,Gaussian,absolute_residual,0.945,77655918653.5569,24.99326454270159,0.0,0.6,equicorrelated
0.1,10,100,149,Unscaled,Gaussian,absolute_residual,0.88,2926261438224.455,17.64539206444272,0.0,0.6,equicorrelated
0.1,10,100,149,Empirical_copula,Gaussian,absolute_residual,0.89375,22706363932.134075,22.272809399400515,0.0009996891021728516,0.6,equicorrelated
0.2,10,100,149,TSCP_R,Gaussian,absolute_residual,0.806875,6089597217.73826,21.098102455485154,0.0030035972595214844,0.6,equicorrelated
0.2,10,100,149,Point_CHR,Gaussian,absolute_residual,0.833125,12101366984.402283,21.777036477384996,0.0,0.6,equicorrelated
0.2,10,100,149,Unscaled,Gaussian,absolute_residual,0.776875,589960573787.5105,15.034268389320955,0.0,0.6,equicorrelated
0.2,10,100,149,Empirical_copula,Gaussian,absolute_residual,0.773125,4091194242.265565,18.719530566908322,0.0009970664978027344,0.6,equicorrelated
0.05,10,100,150,TSCP_R,Gaussian,absolute_residual,0.951875,85550332484.8457,26.955554827269978,0.0029964447021484375,0.6,equicorrelated
0.05,10,100,150,Point_CHR,Gaussian,absolute_residual,0.984375,744151485365.2268,30.34933215309932,0.0,0.6,equicorrelated
0.05,10,100,150,Unscaled,Gaussian,absolute_residual,0.96,29063309183310.766,22.199055971671992,0.0,0.6,equicorrelated
0.05,10,100,150,Empirical_copula,Gaussian,absolute_residual,0.93125,75546857612.96686,28.360791684638464,0.0019998550415039062,0.6,equicorrelated
0.1,10,100,150,TSCP_R,Gaussian,absolute_residual,0.913125,34998229432.985985,24.724888784598065,0.002999544143676758,0.6,equicorrelated
0.1,10,100,150,Point_CHR,Gaussian,absolute_residual,0.943125,108943831576.31717,24.402734830261707,0.0010018348693847656,0.6,equicorrelated
0.1,10,100,150,Unscaled,Gaussian,absolute_residual,0.879375,4745872016338.676,18.519599999656602,0.0,0.6,equicorrelated
0.1,10,100,150,Empirical_copula,Gaussian,absolute_residual,0.854375,20264594119.050697,23.281767910655624,0.0010006427764892578,0.6,equicorrelated
0.2,10,100,150,TSCP_R,Gaussian,absolute_residual,0.805625,7544497019.315443,21.28837933746466,0.0030100345611572266,0.6,equicorrelated
0.2,10,100,150,Point_CHR,Gaussian,absolute_residual,0.879375,20843243849.269512,22.4668655671148,0.0009944438934326172,0.6,equicorrelated
0.2,10,100,150,Unscaled,Gaussian,absolute_residual,0.7625,675288603295.1073,15.238735885733087,0.0,0.6,equicorrelated
0.2,10,100,150,Empirical_copula,Gaussian,absolute_residual,0.77125,5590847787.010778,22.199055971589715,0.0009999275207519531,0.6,equicorrelated
0.05,10,100,151,TSCP_R,Gaussian,absolute_residual,0.97,179139912144.60574,32.18975567102133,0.004006385803222656,0.6,equicorrelated
0.05,10,100,151,Point_CHR,Gaussian,absolute_residual,0.974375,469482131529.27454,40.68159589339122,0.0,0.6,equicorrelated
0.05,10,100,151,Unscaled,Gaussian,absolute_residual,0.97125,49922842233928.45,23.43310995066385,0.0,0.6,equicorrelated
0.05,10,100,151,Empirical_copula,Gaussian,absolute_residual,0.945,101680409936.87924,30.545069454558828,0.0010089874267578125,0.6,equicorrelated
0.1,10,100,151,TSCP_R,Gaussian,absolute_residual,0.885,20898545192.46142,25.897164423857056,0.002994060516357422,0.6,equicorrelated
0.1,10,100,151,Point_CHR,Gaussian,absolute_residual,0.878125,20793023811.23711,25.885492023834956,0.000997781753540039,0.6,equicorrelated
0.1,10,100,151,Unscaled,Gaussian,absolute_residual,0.8925,4328776679234.816,18.35001899391792,0.0,0.6,equicorrelated
0.1,10,100,151,Empirical_copula,Gaussian,absolute_residual,0.816875,10756103403.234179,27.008690539771408,0.00099945068359375,0.6,equicorrelated
0.2,10,100,151,TSCP_R,Gaussian,absolute_residual,0.711875,2163480093.8302646,20.40507953812613,0.0030028820037841797,0.6,equicorrelated
0.2,10,100,151,Point_CHR,Gaussian,absolute_residual,0.645625,1268606703.1579924,19.801178259140286,0.0,0.6,equicorrelated
0.2,10,100,151,Unscaled,Gaussian,absolute_residual,0.7225,288506521988.49866,13.99637479568731,0.0,0.6,equicorrelated
0.2,10,100,151,Empirical_copula,Gaussian,absolute_residual,0.699375,2232185341.711541,21.9961126097722,0.000997304916381836,0.6,equicorrelated
0.05,10,100,152,TSCP_R,Gaussian,absolute_residual,0.949375,78871275760.0024,29.122199694549337,0.004009723663330078,0.6,equicorrelated
0.05,10,100,152,Point_CHR,Gaussian,absolute_residual,0.91875,48992775112.74621,26.32035754021644,0.0,0.6,equicorrelated
0.05,10,100,152,Unscaled,Gaussian,absolute_residual,0.9575,33922125068536.688,22.544899574841363,0.0,0.6,equicorrelated
0.05,10,100,152,Empirical_copula,Gaussian,absolute_residual,0.8925,34725918887.23805,29.357359592580234,0.0009925365447998047,0.6,equicorrelated
0.1,10,100,152,TSCP_R,Gaussian,absolute_residual,0.851875,11827554795.993757,23.887672263791423,0.0030059814453125,0.6,equicorrelated
0.1,10,100,152,Point_CHR,Gaussian,absolute_residual,0.850625,16973569650.160553,29.319862884963342,0.0,0.6,equicorrelated
0.1,10,100,152,Unscaled,Gaussian,absolute_residual,0.889375,5223258126611.963,18.697956662966128,0.0,0.6,equicorrelated
0.1,10,100,152,Empirical_copula,Gaussian,absolute_residual,0.830625,10646529422.900139,23.272365121191527,0.0009999275207519531,0.6,equicorrelated
0.2,10,100,152,TSCP_R,Gaussian,absolute_residual,0.72375,2783255997.7658086,20.547911952996657,0.0029942989349365234,0.6,equicorrelated
0.2,10,100,152,Point_CHR,Gaussian,absolute_residual,0.736875,3727484052.884569,21.375080298640455,0.0,0.6,equicorrelated
0.2,10,100,152,Unscaled,Gaussian,absolute_residual,0.771875,661567966648.9187,15.207486753289377,0.0,0.6,equicorrelated
0.2,10,100,152,Empirical_copula,Gaussian,absolute_residual,0.724375,3125774066.5430465,21.514449775381856,0.0010061264038085938,0.6,equicorrelated
0.05,10,100,153,TSCP_R,Gaussian,absolute_residual,0.969375,124442417760.48463,28.59777190157905,0.004007816314697266,0.6,equicorrelated
0.05,10,100,153,Point_CHR,Gaussian,absolute_residual,0.9725,168786987254.9244,34.01717495508738,0.0,0.6,equicorrelated
0.05,10,100,153,Unscaled,Gaussian,absolute_residual,0.935,9763228822001.84,19.90487005868849,0.0,0.6,equicorrelated
0.05,10,100,153,Empirical_copula,Gaussian,absolute_residual,0.93375,80492183353.60028,27.39604426904188,0.002000570297241211,0.6,equicorrelated
0.1,10,100,153,TSCP_R,Gaussian,absolute_residual,0.88375,16110061679.039137,23.091938349031885,0.0030069351196289062,0.6,equicorrelated
0.1,10,100,153,Point_CHR,Gaussian,absolute_residual,0.8775,17258327925.952534,22.72011643955662,0.0009989738464355469,0.6,equicorrelated
0.1,10,100,153,Unscaled,Gaussian,absolute_residual,0.905625,5228848881300.273,18.699957049883384,0.0,0.6,equicorrelated
0.1,10,100,153,Empirical_copula,Gaussian,absolute_residual,0.913125,34078309205.734123,23.551236268851756,0.0009999275207519531,0.6,equicorrelated
0.2,10,100,153,TSCP_R,Gaussian,absolute_residual,0.788125,4381045190.63553,20.113063594177262,0.0030078887939453125,0.6,equicorrelated
0.2,10,100,153,Point_CHR,Gaussian,absolute_residual,0.771875,3849868248.220697,17.912176173407637,0.0,0.6,equicorrelated
0.2,10,100,153,Unscaled,Gaussian,absolute_residual,0.760625,482179651179.2083,14.734007542685218,0.0,0.6,equicorrelated
0.2,10,100,153,Empirical_copula,Gaussian,absolute_residual,0.72375,2108943392.8698506,19.904870058643876,0.0009989738464355469,0.6,equicorrelated
0.05,10,100,154,TSCP_R,Gaussian,absolute_residual,0.9675,123912685926.1547,29.584411569948898,0.004019021987915039,0.6,equicorrelated
0.05,10,100,154,Point_CHR,Gaussian,absolute_residual,0.986875,568179816274.5619,34.96447076211226,0.0,0.6,equicorrelated
0.05,10,100,154,Unscaled,Gaussian,absolute_residual,0.985,111378109843655.66,25.391010456900784,0.0,0.6,equicorrelated
0.05,10,100,154,Empirical_copula,Gaussian,absolute_residual,0.96,120370798011.7513,32.950096059435076,0.0009996891021728516,0.6,equicorrelated
0.1,10,100,154,TSCP_R,Gaussian,absolute_residual,0.9525,74508853431.61255,28.149979136863003,0.00400543212890625,0.6,equicorrelated
0.1,10,100,154,Point_CHR,Gaussian,absolute_residual,0.85625,12405339589.606812,23.456249010355627,0.0,0.6,equicorrelated
0.1,10,100,154,Unscaled,Gaussian,absolute_residual,0.940625,13579611042503.445,20.572578732620613,0.0,0.6,equicorrelated
0.1,10,100,154,Empirical_copula,Gaussian,absolute_residual,0.93375,58380869460.0439,30.212693893756786,0.0010027885437011719,0.6,equicorrelated
0.2,10,100,154,TSCP_R,Gaussian,absolute_residual,0.81,5085723210.285588,21.245989621916436,0.0029964447021484375,0.6,equicorrelated
0.2,10,100,154,Point_CHR,Gaussian,absolute_residual,0.7625,3158471624.5247645,18.871971226199037,0.0,0.6,equicorrelated
0.2,10,100,154,Unscaled,Gaussian,absolute_residual,0.86375,2198082545044.369,17.14764167649979,0.0009937286376953125,0.6,equicorrelated
0.2,10,100,154,Empirical_copula,Gaussian,absolute_residual,0.7875,4586266104.219588,21.774054919501303,0.0010001659393310547,0.6,equicorrelated
0.05,10,100,155,TSCP_R,Gaussian,absolute_residual,0.92,42016921462.63359,26.218417655839144,0.00402069091796875,0.6,equicorrelated
0.05,10,100,155,Point_CHR,Gaussian,absolute_residual,0.861875,29402223070.62905,25.267599476801106,0.0,0.6,equicorrelated
0.05,10,100,155,Unscaled,Gaussian,absolute_residual,0.945625,14127445138648.842,20.65410416385507,0.0,0.6,equicorrelated
0.05,10,100,155,Empirical_copula,Gaussian,absolute_residual,0.896875,30043087510.1591,27.00355820695863,0.0020198822021484375,0.6,equicorrelated
0.1,10,100,155,TSCP_R,Gaussian,absolute_residual,0.8975,24059332700.463245,24.56461461930148,0.0049779415130615234,0.6,equicorrelated
0.1,10,100,155,Point_CHR,Gaussian,absolute_residual,0.811875,7888417371.437738,20.034875270203624,0.0,0.6,equicorrelated
0.1,10,100,155,Unscaled,Gaussian,absolute_residual,0.839375,1389502609458.8318,16.378945456561166,0.0,0.6,equicorrelated
0.1,10,100,155,Empirical_copula,Gaussian,absolute_residual,0.810625,10776322969.051283,24.43051289119316,0.0010025501251220703,0.6,equicorrelated
0.2,10,100,155,TSCP_R,Gaussian,absolute_residual,0.735625,2630398872.070915,19.6924149169907,0.004014015197753906,0.6,equicorrelated
0.2,10,100,155,Point_CHR,Gaussian,absolute_residual,0.67,1555563358.0166402,16.559076368634067,0.0,0.6,equicorrelated
0.2,10,100,155,Unscaled,Gaussian,absolute_residual,0.725625,245679183233.22894,13.77326285912085,0.0,0.6,equicorrelated
0.2,10,100,155,Empirical_copula,Gaussian,absolute_residual,0.73375,3210442397.394412,21.261051688883676,0.0009958744049072266,0.6,equicorrelated
0.05,10,100,156,TSCP_R,Gaussian,absolute_residual,0.930625,40249850275.61015,23.121147329192098,0.004025459289550781,0.6,equicorrelated
0.05,10,100,156,Point_CHR,Gaussian,absolute_residual,0.9225,48886212097.02337,24.931441405838207,0.0,0.6,equicorrelated
0.05,10,100,156,Unscaled,Gaussian,absolute_residual,0.92625,7769908544873.407,19.455463901420448,0.0,0.6,equicorrelated
0.05,10,100,156,Empirical_copula,Gaussian,absolute_residual,0.894375,21617742151.96335,22.58568347878782,0.0010001659393310547,0.6,equicorrelated
0.1,10,100,156,TSCP_R,Gaussian,absolute_residual,0.908125,22153464764.029194,21.849311130377973,0.0030024051666259766,0.6,equicorrelated
0.1,10,100,156,Point_CHR,Gaussian,absolute_residual,0.87,16621420729.144636,22.503215767556377,0.0,0.6,equicorrelated
0.1,10,100,156,Unscaled,Gaussian,absolute_residual,0.890625,3307582639467.555,17.862863122488925,0.0,0.6,equicorrelated
0.1,10,100,156,Empirical_copula,Gaussian,absolute_residual,0.831875,8727599902.083733,22.057071950496844,0.0009996891021728516,0.6,equicorrelated
0.2,10,100,156,TSCP_R,Gaussian,absolute_residual,0.78375,4487038293.4222355,18.436089739248697,0.007997512817382812,0.6,equicorrelated
0.2,10,100,156,Point_CHR,Gaussian,absolute_residual,0.793125,8242684263.124734,19.623665007212423,0.0010116100311279297,0.6,equicorrelated
0.2,10,100,156,Unscaled,Gaussian,absolute_residual,0.7475,319671321027.82367,14.14068238234638,0.0,0.6,equicorrelated
0.2,10,100,156,Empirical_copula,Gaussian,absolute_residual,0.791875,5604487834.747954,21.69943150067256,0.0009915828704833984,0.6,equicorrelated
0.05,10,100,157,TSCP_R,Gaussian,absolute_residual,0.95625,96763946136.8537,25.867991084174005,0.003992319107055664,0.6,equicorrelated
0.05,10,100,157,Point_CHR,Gaussian,absolute_residual,0.983125,506798563548.5953,29.41490077599634,0.0,0.6,equicorrelated
0.05,10,100,157,Unscaled,Gaussian,absolute_residual,0.921875,7665391891211.639,19.42913367527355,0.0,0.6,equicorrelated
0.05,10,100,157,Empirical_copula,Gaussian,absolute_residual,0.86875,15066640466.448404,25.60340040902416,0.0009980201721191406,0.6,equicorrelated
0.1,10,100,157,TSCP_R,Gaussian,absolute_residual,0.856875,13300002617.656149,21.761381538306214,0.0039942264556884766,0.6,equicorrelated
0.1,10,100,157,Point_CHR,Gaussian,absolute_residual,0.879375,21166285656.252926,22.6458492709812,0.0,0.6,equicorrelated
0.1,10,100,157,Unscaled,Gaussian,absolute_residual,0.8825,3006015179786.0537,17.692903831316823,0.0,0.6,equicorrelated
0.1,10,100,157,Empirical_copula,Gaussian,absolute_residual,0.86875,15066640466.448404,25.60340040902416,0.0010097026824951172,0.6,equicorrelated
0.2,10,100,157,TSCP_R,Gaussian,absolute_residual,0.788125,4968841706.1566515,19.703178400759192,0.002995729446411133,0.6,equicorrelated
0.2,10,100,157,Point_CHR,Gaussian,absolute_residual,0.789375,6339836400.040429,21.581141099467967,0.0009996891021728516,0.6,equicorrelated
0.2,10,100,157,Unscaled,Gaussian,absolute_residual,0.771875,545004077503.40546,14.915574139473105,0.0,0.6,equicorrelated
0.2,10,100,157,Empirical_copula,Gaussian,absolute_residual,0.78375,4309785709.760059,19.021810689930888,0.001001119613647461,0.6,equicorrelated
0.05,10,100,158,TSCP_R,Gaussian,absolute_residual,0.9225,59323906163.68709,27.123204277211165,0.003001689910888672,0.6,equicorrelated
0.05,10,100,158,Point_CHR,Gaussian,absolute_residual,0.95,128709428008.64085,29.720910313001035,0.0010089874267578125,0.6,equicorrelated
0.05,10,100,158,Unscaled,Gaussian,absolute_residual,0.90375,7320929687442.074,19.34000685035841,0.0,0.6,equicorrelated
0.05,10,100,158,Empirical_copula,Gaussian,absolute_residual,0.84,16637877978.26078,22.64938729047156,0.0009965896606445312,0.6,equicorrelated
0.1,10,100,158,TSCP_R,Gaussian,absolute_residual,0.854375,18127326365.315617,24.26173124432669,0.002999544143676758,0.6,equicorrelated
0.1,10,100,158,Point_CHR,Gaussian,absolute_residual,0.81125,12145541043.079094,23.75203374982845,0.0009999275207519531,0.6,equicorrelated
0.1,10,100,158,Unscaled,Gaussian,absolute_residual,0.81375,1528219236814.5435,16.535547006084194,0.0,0.6,equicorrelated
0.1,10,100,158,Empirical_copula,Gaussian,absolute_residual,0.84,16637877978.26078,22.64938729047156,0.0010013580322265625,0.6,equicorrelated
0.2,10,100,158,TSCP_R,Gaussian,absolute_residual,0.69625,2877789123.6827874,19.935256633739357,0.0029985904693603516,0.6,equicorrelated
0.2,10,100,158,Point_CHR,Gaussian,absolute_residual,0.6725,2574733689.621349,21.149483046286463,0.0,0.6,equicorrelated
0.2,10,100,158,Unscaled,Gaussian,absolute_residual,0.716875,392683329328.5956,14.43458314496317,0.0,0.6,equicorrelated
0.2,10,100,158,Empirical_copula,Gaussian,absolute_residual,0.690625,3050252492.882417,19.34000685032583,0.0010001659393310547,0.6,equicorrelated
0.05,10,100,159,TSCP_R,Gaussian,absolute_residual,0.944375,85895007340.52472,27.282540364406266,0.004006862640380859,0.6,equicorrelated
0.05,10,100,159,Point_CHR,Gaussian,absolute_residual,0.938125,135672007026.59254,26.788633257284893,0.0010001659393310547,0.6,equicorrelated
0.05,10,100,159,Unscaled,Gaussian,absolute_residual,0.9125,8602520290268.762,19.654525818083766,0.0,0.6,equicorrelated
0.05,10,100,159,Empirical_copula,Gaussian,absolute_residual,0.92125,44828694230.65966,25.159029496148776,0.0010077953338623047,0.6,equicorrelated
0.1,10,100,159,TSCP_R,Gaussian,absolute_residual,0.885,22925849481.878525,23.892152462857368,0.002992868423461914,0.6,equicorrelated
0.1,10,100,159,Point_CHR,Gaussian,absolute_residual,0.88125,44039741018.75629,24.844780289754798,0.00099945068359375,0.6,equicorrelated
0.1,10,100,159,Unscaled,Gaussian,absolute_residual,0.87125,3137562401044.877,17.76884656417211,0.0,0.6,equicorrelated
0.1,10,100,159,Empirical_copula,Gaussian,absolute_residual,0.83875,12757763426.661396,20.651014737678047,0.0010001659393310547,0.6,equicorrelated
0.2,10,100,159,TSCP_R,Gaussian,absolute_residual,0.820625,8940373289.929907,21.80944405869941,0.003002643585205078,0.6,equicorrelated
0.2,10,100,159,Point_CHR,Gaussian,absolute_residual,0.7725,7600197464.767194,21.506399827918877,0.000997304916381836,0.6,equicorrelated
0.2,10,100,159,Unscaled,Gaussian,absolute_residual,0.786875,768331807279.3899,15.43671482802144,0.0,0.6,equicorrelated
0.2,10,100,159,Empirical_copula,Gaussian,absolute_residual,0.81,7610667708.272885,19.84255556440135,0.0009999275207519531,0.6,equicorrelated
0.05,10,100,160,TSCP_R,Gaussian,absolute_residual,0.9525,60259692088.88669,25.948101756960476,0.004006385803222656,0.6,equicorrelated
0.05,10,100,160,Point_CHR,Gaussian,absolute_residual,0.965625,114720654933.53041,29.85911731141713,0.0,0.6,equicorrelated
0.05,10,100,160,Unscaled,Gaussian,absolute_residual,0.941875,14448315937410.207,20.70054229919973,0.0,0.6,equicorrelated
0.05,10,100,160,Empirical_copula,Gaussian,absolute_residual,0.948125,77221106615.50679,26.176476668869764,0.0009999275207519531,0.6,equicorrelated
0.1,10,100,160,TSCP_R,Gaussian,absolute_residual,0.90125,20746057662.054916,23.2461259739944,0.0030002593994140625,0.6,equicorrelated
0.1,10,100,160,Point_CHR,Gaussian,absolute_residual,0.911875,30257078103.19238,26.177758218280033,0.0010001659393310547,0.6,equicorrelated
0.1,10,100,160,Unscaled,Gaussian,absolute_residual,0.88625,2951434918231.6753,17.66051325866369,0.0,0.6,equicorrelated
0.1,10,100,160,Empirical_copula,Gaussian,absolute_residual,0.8825,17809406599.151775,22.737863457332253,0.0009999275207519531,0.6,equicorrelated
0.2,10,100,160,TSCP_R,Gaussian,absolute_residual,0.82375,6597269725.454469,20.620104114353232,0.003003835678100586,0.6,equicorrelated
0.2,10,100,160,Point_CHR,Gaussian,absolute_residual,0.815625,7228618774.378324,22.889801906838628,0.0,0.6,equicorrelated
0.2,10,100,160,Unscaled,Gaussian,absolute_residual,0.81625,859708219504.4971,15.611157592645224,0.0,0.6,equicorrelated
0.2,10,100,160,Empirical_copula,Gaussian,absolute_residual,0.7875,4553847213.91131,20.700542299129992,0.0009980201721191406,0.6,equicorrelated
0.05,10,100,161,TSCP_R,Gaussian,absolute_residual,0.9625,108849129066.02086,29.211561929333257,0.004001140594482422,0.6,equicorrelated
0.05,10,100,161,Point_CHR,Gaussian,absolute_residual,0.94,87914639865.7909,32.811041651594046,0.0010020732879638672,0.6,equicorrelated
0.05,10,100,161,Unscaled,Gaussian,absolute_residual,0.95125,15254713745592.17,20.81327422251286,0.0,0.6,equicorrelated
0.05,10,100,161,Empirical_copula,Gaussian,absolute_residual,0.909375,53782044921.83149,31.359292945679897,0.0009999275207519531,0.6,equicorrelated
0.1,10,100,161,TSCP_R,Gaussian,absolute_residual,0.90625,31780848645.079754,25.533624834277155,0.004004716873168945,0.6,equicorrelated
0.1,10,100,161,Point_CHR,Gaussian,absolute_residual,0.911875,35205767503.15592,27.842765489528766,0.0,0.6,equicorrelated
0.1,10,100,161,Unscaled,Gaussian,absolute_residual,0.868125,2362729615671.7915,17.27195120888867,0.0,0.6,equicorrelated
0.1,10,100,161,Empirical_copula,Gaussian,absolute_residual,0.82625,12421559884.59946,25.529107638339212,0.0009999275207519531,0.6,equicorrelated
0.2,10,100,161,TSCP_R,Gaussian,absolute_residual,0.78,4421502049.307737,20.930131725511252,0.0029926300048828125,0.6,equicorrelated
0.2,10,100,161,Point_CHR,Gaussian,absolute_residual,0.783125,5506217381.656302,22.123631550027444,0.0,0.6,equicorrelated
0.2,10,100,161,Unscaled,Gaussian,absolute_residual,0.799375,665843775695.7101,15.217287101183096,0.0,0.6,equicorrelated
0.2,10,100,161,Empirical_copula,Gaussian,absolute_residual,0.738125,2848171394.1671453,18.724878200818495,0.001008749008178711,0.6,equicorrelated
0.05,10,100,162,TSCP_R,Gaussian,absolute_residual,0.921875,33358403176.201454,26.305667114730653,0.003999233245849609,0.6,equicorrelated
0.05,10,100,162,Point_CHR,Gaussian,absolute_residual,0.9325,51850865645.41769,27.639585595828034,0.0010013580322265625,0.6,equicorrelated
0.05,10,100,162,Unscaled,Gaussian,absolute_residual,0.96375,36271814149458.25,22.696397434981417,0.0,0.6,equicorrelated
0.05,10,100,162,Empirical_copula,Gaussian,absolute_residual,0.91125,58529667333.997116,28.406144791303763,0.0010008811950683594,0.6,equicorrelated
0.1,10,100,162,TSCP_R,Gaussian,absolute_residual,0.8775,12827909990.815899,23.9034532940177,0.0029985904693603516,0.6,equicorrelated
0.1,10,100,162,Point_CHR,Gaussian,absolute_residual,0.84375,13123264924.114183,25.135122662573064,0.0,0.6,equicorrelated
0.1,10,100,162,Unscaled,Gaussian,absolute_residual,0.9225,6168170557309.224,19.011467322122378,0.0,0.6,equicorrelated
0.1,10,100,162,Empirical_copula,Gaussian,absolute_residual,0.806875,6455121104.110272,22.734047362442944,0.0010018348693847656,0.6,equicorrelated
0.2,10,100,162,TSCP_R,Gaussian,absolute_residual,0.820625,6849651768.161273,22.396588960316077,0.003998279571533203,0.6,equicorrelated
0.2,10,100,162,Point_CHR,Gaussian,absolute_residual,0.7475,3724044914.8768706,20.914101218134817,0.0,0.6,equicorrelated
0.2,10,100,162,Unscaled,Gaussian,absolute_residual,0.84625,1238555692236.9436,16.191666644648176,0.0,0.6,equicorrelated
0.2,10,100,162,Empirical_copula,Gaussian,absolute_residual,0.77125,4507172126.173018,22.527770863882502,0.0010013580322265625,0.6,equicorrelated
0.05,10,100,163,TSCP_R,Gaussian,absolute_residual,0.89625,23657231760.002853,24.530586603542638,0.0039997100830078125,0.6,equicorrelated
0.05,10,100,163,Point_CHR,Gaussian,absolute_residual,0.925,53902174480.01249,28.447431761167365,0.0,0.6,equicorrelated
0.05,10,100,163,Unscaled,Gaussian,absolute_residual,0.96875,38176599640097.664,22.812859426422566,0.0,0.6,equicorrelated
0.05,10,100,163,Empirical_copula,Gaussian,absolute_residual,0.865625,30680319952.331696,31.332891780042857,0.0009989738464355469,0.6,equicorrelated
0.1,10,100,163,TSCP_R,Gaussian,absolute_residual,0.86875,14687825433.12686,23.39765041356146,0.005417823791503906,0.6,equicorrelated
0.1,10,100,163,Point_CHR,Gaussian,absolute_residual,0.848125,11616435243.885323,20.096343045232963,0.0,0.6,equicorrelated
0.1,10,100,163,Unscaled,Gaussian,absolute_residual,0.875625,2902559801453.8843,17.631047587454482,0.0,0.6,equicorrelated
0.1,10,100,163,Empirical_copula,Gaussian,absolute_residual,0.83125,9572625461.375607,23.774057923102127,0.0010175704956054688,0.6,equicorrelated
0.2,10,100,163,TSCP_R,Gaussian,absolute_residual,0.758125,3579063857.5967965,20.342023787856448,0.0029926300048828125,0.6,equicorrelated
0.2,10,100,163,Point_CHR,Gaussian,absolute_residual,0.78625,5916348989.867047,20.801269198628944,0.0009946823120117188,0.6,equicorrelated
0.2,10,100,163,Unscaled,Gaussian,absolute_residual,0.75125,411848793155.5583,14.503532075878443,0.0,0.6,equicorrelated
0.2,10,100,163,Empirical_copula,Gaussian,absolute_residual,0.72875,2784880161.623366,19.60421057076979,0.0010001659393310547,0.6,equicorrelated
0.05,10,100,164,TSCP_R,Gaussian,absolute_residual,0.94625,66919736181.91358,28.39403012022193,0.00400543212890625,0.6,equicorrelated
0.05,10,100,164,Point_CHR,Gaussian,absolute_residual,0.933125,75716568109.36624,26.479485826026842,0.0,0.6,equicorrelated
0.05,10,100,164,Unscaled,Gaussian,absolute_residual,0.9375,14044256736823.02,20.641909801924083,0.0,0.6,equicorrelated
0.05,10,100,164,Empirical_copula,Gaussian,absolute_residual,0.940625,83230501152.6443,26.479485826026842,0.0019986629486083984,0.6,equicorrelated
0.1,10,100,164,TSCP_R,Gaussian,absolute_residual,0.88,18382979580.257473,24.903257113125278,0.0029947757720947266,0.6,equicorrelated
0.1,10,100,164,Point_CHR,Gaussian,absolute_residual,0.915,40910484965.24019,25.37736422156869,0.0010061264038085938,0.6,equicorrelated
0.1,10,100,164,Unscaled,Gaussian,absolute_residual,0.911875,6655719406011.597,19.1566471718846,0.0,0.6,equicorrelated
0.1,10,100,164,Empirical_copula,Gaussian,absolute_residual,0.813125,7893648041.542754,22.182410766663367,0.00099945068359375,0.6,equicorrelated
0.2,10,100,164,TSCP_R,Gaussian,absolute_residual,0.76875,3812592107.282307,21.26045750818907,0.0029997825622558594,0.6,equicorrelated
0.2,10,100,164,Point_CHR,Gaussian,absolute_residual,0.791875,5493059143.146859,22.752751169044245,0.0,0.6,equicorrelated
0.2,10,100,164,Unscaled,Gaussian,absolute_residual,0.8425,1490656848840.0747,16.494447311438982,0.0,0.6,equicorrelated
0.2,10,100,164,Empirical_copula,Gaussian,absolute_residual,0.735625,3317418656.3781524,20.64190980183477,0.0009946823120117188,0.6,equicorrelated
0.05,10,100,165,TSCP_R,Gaussian,absolute_residual,0.950625,68255947969.68924,24.378427551112097,0.004019498825073242,0.6,equicorrelated
0.05,10,100,165,Point_CHR,Gaussian,absolute_residual,0.9725,208437526647.53198,27.432760343918382,0.0,0.6,equicorrelated
0.05,10,100,165,Unscaled,Gaussian,absolute_residual,0.94,14612191408625.732,20.723902254787298,0.0,0.6,equicorrelated
0.05,10,100,165,Empirical_copula,Gaussian,absolute_residual,0.916875,48731198699.53074,24.092842193234794,0.0009982585906982422,0.6,equicorrelated
0.1,10,100,165,TSCP_R,Gaussian,absolute_residual,0.91875,32919396143.818653,22.79262948755957,0.004008769989013672,0.6,equicorrelated
0.1,10,100,165,Point_CHR,Gaussian,absolute_residual,0.888125,23866143345.25935,21.811062488582323,0.0,0.6,equicorrelated
0.1,10,100,165,Unscaled,Gaussian,absolute_residual,0.895,4832755041399.576,18.553227855382833,0.0,0.6,equicorrelated
0.1,10,100,165,Empirical_copula,Gaussian,absolute_residual,0.878125,19109660563.004665,22.18750218296139,0.000997781753540039,0.6,equicorrelated
0.2,10,100,165,TSCP_R,Gaussian,absolute_residual,0.813125,6719398402.15032,19.223162757780656,0.003002643585205078,0.6,equicorrelated
0.2,10,100,165,Point_CHR,Gaussian,absolute_residual,0.80875,8002773318.608984,20.72390225471727,0.0,0.6,equicorrelated
0.2,10,100,165,Unscaled,Gaussian,absolute_residual,0.796875,818511395258.3813,15.53468577259205,0.0,0.6,equicorrelated
0.2,10,100,165,Empirical_copula,Gaussian,absolute_residual,0.780625,5373900727.362824,18.553227855319804,0.001007080078125,0.6,equicorrelated
0.05,10,100,166,TSCP_R,Gaussian,absolute_residual,0.931875,53689760939.681725,25.508128990350485,0.003998994827270508,0.6,equicorrelated
0.05,10,100,166,Point_CHR,Gaussian,absolute_residual,0.939375,121156041031.28624,31.551963837879807,0.0010008811950683594,0.6,equicorrelated
0.05,10,100,166,Unscaled,Gaussian,absolute_residual,0.924375,9262956382215.963,19.800445505736892,0.0,0.6,equicorrelated
0.05,10,100,166,Empirical_copula,Gaussian,absolute_residual,0.938125,101998057577.31876,32.31724520343297,0.0010004043579101562,0.6,equicorrelated
0.1,10,100,166,TSCP_R,Gaussian,absolute_residual,0.850625,13425842481.402082,22.2106414669478,0.004005908966064453,0.6,equicorrelated
0.1,10,100,166,Point_CHR,Gaussian,absolute_residual,0.810625,8449330675.346775,19.63493756671404,0.0,0.6,equicorrelated
0.1,10,100,166,Unscaled,Gaussian,absolute_residual,0.873125,3196051035172.1973,17.801695600489296,0.0,0.6,equicorrelated
0.1,10,100,166,Empirical_copula,Gaussian,absolute_residual,0.810625,8691828346.43502,22.477458516387117,0.00099945068359375,0.6,equicorrelated
0.2,10,100,166,TSCP_R,Gaussian,absolute_residual,0.696875,2116454811.1844018,18.428236986448326,0.0029993057250976562,0.6,equicorrelated
0.2,10,100,166,Point_CHR,Gaussian,absolute_residual,0.615625,997869262.857301,15.632594416291534,0.0010001659393310547,0.6,equicorrelated
0.2,10,100,166,Unscaled,Gaussian,absolute_residual,0.71,238810957205.60587,13.734265068583396,0.0,0.6,equicorrelated
0.2,10,100,166,Empirical_copula,Gaussian,absolute_residual,0.624375,1172922996.7060442,18.70336297516052,0.000993967056274414,0.6,equicorrelated
0.05,10,100,167,TSCP_R,Gaussian,absolute_residual,0.978125,166813458749.43646,29.724976134501834,0.00400543212890625,0.6,equicorrelated
0.05,10,100,167,Point_CHR,Gaussian,absolute_residual,0.935,69354444418.43048,29.771183225525164,0.0009992122650146484,0.6,equicorrelated
0.05,10,100,167,Unscaled,Gaussian,absolute_residual,0.978125,66755506763909.93,24.123966111242396,0.0,0.6,equicorrelated
0.05,10,100,167,Empirical_copula,Gaussian,absolute_residual,0.95625,112906468011.66164,27.707904081560436,0.0010001659393310547,0.6,equicorrelated
0.1,10,100,167,TSCP_R,Gaussian,absolute_residual,0.941875,57457050394.63391,26.71299151764706,0.003995180130004883,0.6,equicorrelated
0.1,10,100,167,Point_CHR,Gaussian,absolute_residual,0.925,50524384697.479454,28.444146160770543,0.0,0.6,equicorrelated
0.1,10,100,167,Unscaled,Gaussian,absolute_residual,0.943125,17602802942733.58,21.113400345002844,0.0,0.6,equicorrelated
0.1,10,100,167,Empirical_copula,Gaussian,absolute_residual,0.914375,39796128897.4408,27.677447851366132,0.0010008811950683594,0.6,equicorrelated
0.2,10,100,167,TSCP_R,Gaussian,absolute_residual,0.849375,12391026364.398455,22.88492008905967,0.0029976367950439453,0.6,equicorrelated
0.2,10,100,167,Point_CHR,Gaussian,absolute_residual,0.854375,14726822887.913973,21.66240361620794,0.0009996891021728516,0.6,equicorrelated
0.2,10,100,167,Unscaled,Gaussian,absolute_residual,0.8075,888943495273.8573,15.663449659236743,0.0,0.6,equicorrelated
0.2,10,100,167,Empirical_copula,Gaussian,absolute_residual,0.82,9799043793.155394,24.103128254336273,0.0010013580322265625,0.6,equicorrelated
0.05,10,100,168,TSCP_R,Gaussian,absolute_residual,0.963125,143220359286.80524,25.740567433871497,0.004002094268798828,0.6,equicorrelated
0.05,10,100,168,Point_CHR,Gaussian,absolute_residual,0.984375,518325371903.1393,34.349763805439466,0.00099945068359375,0.6,equicorrelated
0.05,10,100,168,Unscaled,Gaussian,absolute_residual,0.9275,11756528203082.805,20.278130283897124,0.0,0.6,equicorrelated
0.05,10,100,168,Empirical_copula,Gaussian,absolute_residual,0.931875,72902436280.28027,26.271739615790995,0.001001119613647461,0.6,equicorrelated
0.1,10,100,168,TSCP_R,Gaussian,absolute_residual,0.91375,35486381951.35832,22.426550312767585,0.003998517990112305,0.6,equicorrelated
0.1,10,100,168,Point_CHR,Gaussian,absolute_residual,0.94,108187668212.6288,29.218505872379488,0.001001119613647461,0.6,equicorrelated
0.1,10,100,168,Unscaled,Gaussian,absolute_residual,0.86875,3160879486405.729,17.782007693023555,0.0,0.6,equicorrelated
0.1,10,100,168,Empirical_copula,Gaussian,absolute_residual,0.839375,16632539022.477173,21.486535876193585,0.0010004043579101562,0.6,equicorrelated
0.2,10,100,168,TSCP_R,Gaussian,absolute_residual,0.7975,6615142568.901764,19.01112783082996,0.003010988235473633,0.6,equicorrelated
0.2,10,100,168,Point_CHR,Gaussian,absolute_residual,0.82125,8300788394.807858,22.19721896436845,0.0009872913360595703,0.6,equicorrelated
0.2,10,100,168,Unscaled,Gaussian,absolute_residual,0.77375,614355055853.0623,15.095306783686173,0.0,0.6,equicorrelated
0.2,10,100,168,Empirical_copula,Gaussian,absolute_residual,0.780625,5430886799.827367,18.719818530219584,0.0010113716125488281,0.6,equicorrelated
0.05,10,100,169,TSCP_R,Gaussian,absolute_residual,0.974375,201539946748.41675,31.39346061430181,0.004007101058959961,0.6,equicorrelated
0.05,10,100,169,Point_CHR,Gaussian,absolute_residual,0.973125,303622453388.041,37.56424276037589,0.00099945068359375,0.6,equicorrelated
0.05,10,100,169,Unscaled,Gaussian,absolute_residual,0.945625,23344428506920.523,21.717924781540653,0.0,0.6,equicorrelated
0.05,10,100,169,Empirical_copula,Gaussian,absolute_residual,0.945625,91433499001.8641,27.775645699669695,0.0010004043579101562,0.6,equicorrelated
0.1,10,100,169,TSCP_R,Gaussian,absolute_residual,0.88625,24139938587.659546,25.45997452977177,0.0040035247802734375,0.6,equicorrelated
0.1,10,100,169,Point_CHR,Gaussian,absolute_residual,0.886875,26384795514.039593,23.81660388550711,0.0,0.6,equicorrelated
0.1,10,100,169,Unscaled,Gaussian,absolute_residual,0.888125,4320994501198.0283,18.346717396612195,0.0,0.6,equicorrelated
0.1,10,100,169,Empirical_copula,Gaussian,absolute_residual,0.860625,16786370463.16773,25.355563941660307,0.0009965896606445312,0.6,equicorrelated
0.2,10,100,169,TSCP_R,Gaussian,absolute_residual,0.77625,4381146335.34892,21.550705616880464,0.003000020980834961,0.6,equicorrelated
0.2,10,100,169,Point_CHR,Gaussian,absolute_residual,0.776875,5700360290.589444,22.83067490269038,0.0,0.6,equicorrelated
0.2,10,100,169,Unscaled,Gaussian,absolute_residual,0.774375,560023727599.6886,14.956178604635905,0.0,0.6,equicorrelated
0.2,10,100,169,Empirical_copula,Gaussian,absolute_residual,0.76875,4435793203.02447,21.717924781463257,0.0009958744049072266,0.6,equicorrelated
0.05,10,100,170,TSCP_R,Gaussian,absolute_residual,0.92875,60050064143.85146,26.934053152614915,0.00400996208190918,0.6,equicorrelated
0.05,10,100,170,Point_CHR,Gaussian,absolute_residual,0.91125,69912550542.26845,28.529346928191465,0.0009958744049072266,0.6,equicorrelated
0.05,10,100,170,Unscaled,Gaussian,absolute_residual,0.975625,56489800869843.79,23.724496506863876,0.0,0.6,equicorrelated
0.05,10,100,170,Empirical_copula,Gaussian,absolute_residual,0.87375,24208969552.554676,24.4851459836997,0.0009992122650146484,0.6,equicorrelated
0.1,10,100,170,TSCP_R,Gaussian,absolute_residual,0.891875,24244653310.484352,24.559910345740384,0.0030002593994140625,0.6,equicorrelated
0.1,10,100,170,Point_CHR,Gaussian,absolute_residual,0.86375,17432661549.860184,23.819424530980548,0.0,0.6,equicorrelated
0.1,10,100,170,Unscaled,Gaussian,absolute_residual,0.925625,8477563619968.705,19.625788114220484,0.0,0.6,equicorrelated
0.1,10,100,170,Empirical_copula,Gaussian,absolute_residual,0.83625,12612830036.073126,23.7244965067894,0.0009975433349609375,0.6,equicorrelated
0.2,10,100,170,TSCP_R,Gaussian,absolute_residual,0.77875,4931983451.57029,20.925544299815456,0.002998828887939453,0.6,equicorrelated
0.2,10,100,170,Point_CHR,Gaussian,absolute_residual,0.83625,9137208822.04963,21.024733376450058,0.0,0.6,equicorrelated
0.2,10,100,170,Unscaled,Gaussian,absolute_residual,0.83125,1141055409221.3284,16.059450215265393,0.0,0.6,equicorrelated
0.2,10,100,170,Empirical_copula,Gaussian,absolute_residual,0.739375,3196660439.214742,21.081789618406255,0.0009932518005371094,0.6,equicorrelated
0.05,10,100,171,TSCP_R,Gaussian,absolute_residual,0.950625,67091507651.87023,25.650847210176224,0.00402069091796875,0.6,equicorrelated
0.05,10,100,171,Point_CHR,Gaussian,absolute_residual,0.965625,169674164716.79852,26.664516453179694,0.0010004043579101562,0.6,equicorrelated
0.05,10,100,171,Unscaled,Gaussian,absolute_residual,0.895,3398331195270.2896,17.91127781914718,0.0,0.6,equicorrelated
0.05,10,100,171,Empirical_copula,Gaussian,absolute_residual,0.901875,55578926334.777,24.473979075637423,0.0009999275207519531,0.6,equicorrelated
0.1,10,100,171,TSCP_R,Gaussian,absolute_residual,0.884375,17752417104.116352,22.605815694884072,0.003999948501586914,0.6,equicorrelated
0.1,10,100,171,Point_CHR,Gaussian,absolute_residual,0.879375,20252134981.41761,25.991959837717303,0.0,0.6,equicorrelated
0.1,10,100,171,Unscaled,Gaussian,absolute_residual,0.856875,1609181373882.3728,16.621128217043832,0.0,0.6,equicorrelated
0.1,10,100,171,Empirical_copula,Gaussian,absolute_residual,0.84125,11221500931.438305,23.618690240288526,0.0012056827545166016,0.6,equicorrelated
0.2,10,100,171,TSCP_R,Gaussian,absolute_residual,0.775625,4488044609.180331,19.76785241393671,0.003019094467163086,0.6,equicorrelated
0.2,10,100,171,Point_CHR,Gaussian,absolute_residual,0.81125,9298133647.007956,23.48933901133767,0.0,0.6,equicorrelated
0.2,10,100,171,Unscaled,Gaussian,absolute_residual,0.814375,771614001504.6552,15.443296510717989,0.0,0.6,equicorrelated
0.2,10,100,171,Empirical_copula,Gaussian,absolute_residual,0.735,2755319726.3203526,17.727666585670597,0.0010001659393310547,0.6,equicorrelated
0.05,10,100,172,TSCP_R,Gaussian,absolute_residual,0.9525,87381417288.60957,27.562089631885623,0.0030014514923095703,0.6,equicorrelated
0.05,10,100,172,Point_CHR,Gaussian,absolute_residual,0.9775,356795874823.5142,30.10531979646681,0.0010066032409667969,0.6,equicorrelated
0.05,10,100,172,Unscaled,Gaussian,absolute_residual,0.96375,34179032549738.9,22.561915926961834,0.0,0.6,equicorrelated
0.05,10,100,172,Empirical_copula,Gaussian,absolute_residual,0.92125,56873002692.33663,28.02719273026242,0.0009992122650146484,0.6,equicorrelated
0.1,10,100,172,TSCP_R,Gaussian,absolute_residual,0.9125,32129989601.21478,24.89944953286041,0.003004312515258789,0.6,equicorrelated
0.1,10,100,172,Point_CHR,Gaussian,absolute_residual,0.905,35124416813.15183,27.079497624917312,0.000990152359008789,0.6,equicorrelated
0.1,10,100,172,Unscaled,Gaussian,absolute_residual,0.91625,7603621470609.982,19.413419930221217,0.0,0.6,equicorrelated
0.1,10,100,172,Empirical_copula,Gaussian,absolute_residual,0.860625,18821538995.77126,23.32045273081267,0.0010101795196533203,0.6,equicorrelated
0.2,10,100,172,TSCP_R,Gaussian,absolute_residual,0.826875,8056405131.763452,21.64372859426403,0.0029952526092529297,0.6,equicorrelated
0.2,10,100,172,Point_CHR,Gaussian,absolute_residual,0.805625,7635223881.534833,21.096063261483824,0.0,0.6,equicorrelated
0.2,10,100,172,Unscaled,Gaussian,absolute_residual,0.82,1259852674512.4448,16.21929512362529,0.0009999275207519531,0.6,equicorrelated
0.2,10,100,172,Empirical_copula,Gaussian,absolute_residual,0.805625,7856732565.939264,22.53467145188111,0.0009999275207519531,0.6,equicorrelated
0.05,10,100,173,TSCP_R,Gaussian,absolute_residual,0.94875,63915007388.89259,27.01868276446552,0.0040018558502197266,0.6,equicorrelated
0.05,10,100,173,Point_CHR,Gaussian,absolute_residual,0.956875,129106444654.44887,25.5164849755649,0.0,0.6,equicorrelated
0.05,10,100,173,Unscaled,Gaussian,absolute_residual,0.945,13109318375961.887,20.500195895304625,0.0,0.6,equicorrelated
0.05,10,100,173,Empirical_copula,Gaussian,absolute_residual,0.938125,65291277438.977646,27.141166685688447,0.0009968280792236328,0.6,equicorrelated
0.1,10,100,173,TSCP_R,Gaussian,absolute_residual,0.878125,17865730871.456364,23.750380208084007,0.003999233245849609,0.6,equicorrelated
0.1,10,100,173,Point_CHR,Gaussian,absolute_residual,0.906875,29008236327.00112,21.469962998645165,0.0,0.6,equicorrelated
0.1,10,100,173,Unscaled,Gaussian,absolute_residual,0.89625,3379643069917.123,17.901403577493465,0.0,0.6,equicorrelated
0.1,10,100,173,Empirical_copula,Gaussian,absolute_residual,0.871875,15966911569.881893,21.52165145646671,0.0019943714141845703,0.6,equicorrelated
0.2,10,100,173,TSCP_R,Gaussian,absolute_residual,0.79875,5036461948.60051,20.94729992127807,0.0019996166229248047,0.6,equicorrelated
0.2,10,100,173,Point_CHR,Gaussian,absolute_residual,0.7925,5556526399.700018,21.434806569819802,0.0010013580322265625,0.6,equicorrelated
0.2,10,100,173,Unscaled,Gaussian,absolute_residual,0.800625,605859849571.355,15.074302192594176,0.0,0.6,equicorrelated
0.2,10,100,173,Empirical_copula,Gaussian,absolute_residual,0.73875,2520656648.367708,18.36061627225896,0.0010004043579101562,0.6,equicorrelated
0.05,10,100,174,TSCP_R,Gaussian,absolute_residual,0.9025,28775725469.625072,24.380181287875956,0.004015207290649414,0.6,equicorrelated
0.05,10,100,174,Point_CHR,Gaussian,absolute_residual,0.963125,182883489670.51505,28.37464300851915,0.0,0.6,equicorrelated
0.05,10,100,174,Unscaled,Gaussian,absolute_residual,0.839375,2343858538496.82,17.258106300098827,0.0,0.6,equicorrelated
0.05,10,100,174,Empirical_copula,Gaussian,absolute_residual,0.86,22360550601.376194,23.852828056589395,0.0009961128234863281,0.6,equicorrelated
0.1,10,100,174,TSCP_R,Gaussian,absolute_residual,0.8725,18665555694.682278,23.359726038607256,0.0029997825622558594,0.6,equicorrelated
0.1,10,100,174,Point_CHR,Gaussian,absolute_residual,0.85625,17587408848.14689,22.264803919760524,0.0010008811950683594,0.6,equicorrelated
0.1,10,100,174,Unscaled,Gaussian,absolute_residual,0.815625,1549035701148.9873,16.55793383072225,0.0,0.6,equicorrelated
0.1,10,100,174,Empirical_copula,Gaussian,absolute_residual,0.7975,8614656583.29519,22.264803919760524,0.0009932518005371094,0.6,equicorrelated
0.2,10,100,174,TSCP_R,Gaussian,absolute_residual,0.691875,2176097487.669227,18.707689002831916,0.0030062198638916016,0.6,equicorrelated
0.2,10,100,174,Point_CHR,Gaussian,absolute_residual,0.73625,3677448355.396059,20.820910862213545,0.0010044574737548828,0.6,equicorrelated
0.2,10,100,174,Unscaled,Gaussian,absolute_residual,0.695,274514484174.91345,13.926966354440477,0.0,0.6,equicorrelated
0.2,10,100,174,Empirical_copula,Gaussian,absolute_residual,0.70125,2587556981.2055373,18.10476754751688,0.0009958744049072266,0.6,equicorrelated
0.05,10,100,175,TSCP_R,Gaussian,absolute_residual,0.9575,112200816823.9099,29.720777835060943,0.004021406173706055,0.6,equicorrelated
0.05,10,100,175,Point_CHR,Gaussian,absolute_residual,0.960625,163927146129.16638,34.35689578648912,0.0009865760803222656,0.6,equicorrelated
0.05,10,100,175,Unscaled,Gaussian,absolute_residual,0.9425,17062998120636.55,21.047743100100956,0.0,0.6,equicorrelated
0.05,10,100,175,Empirical_copula,Gaussian,absolute_residual,0.894375,52097159563.12425,26.72373988485991,0.0009944438934326172,0.6,equicorrelated
0.1,10,100,175,TSCP_R,Gaussian,absolute_residual,0.89375,21763255100.81678,25.14811493456916,0.004997968673706055,0.6,equicorrelated
0.1,10,100,175,Point_CHR,Gaussian,absolute_residual,0.8925,25982125180.423996,25.72982261773931,0.0,0.6,equicorrelated
0.1,10,100,175,Unscaled,Gaussian,absolute_residual,0.899375,4510274888683.506,18.425543246579963,0.0,0.6,equicorrelated
0.1,10,100,175,Empirical_copula,Gaussian,absolute_residual,0.83875,13036872441.739103,24.733371203999024,0.0009999275207519531,0.6,equicorrelated
0.2,10,100,175,TSCP_R,Gaussian,absolute_residual,0.78375,4610805995.085617,21.426201112027194,0.0030062198638916016,0.6,equicorrelated
0.2,10,100,175,Point_CHR,Gaussian,absolute_residual,0.79875,5407755530.030328,23.76094601798121,0.0009996891021728516,0.6,equicorrelated
0.2,10,100,175,Unscaled,Gaussian,absolute_residual,0.85,1365829925030.5364,16.35082469854456,0.0,0.6,equicorrelated
0.2,10,100,175,Empirical_copula,Gaussian,absolute_residual,0.755,3029900182.662097,21.04774310002356,0.0010001659393310547,0.6,equicorrelated
0.05,10,100,176,TSCP_R,Gaussian,absolute_residual,0.929375,43386846652.903114,26.43362862517424,0.003007173538208008,0.6,equicorrelated
0.05,10,100,176,Point_CHR,Gaussian,absolute_residual,0.925,62619941553.64693,29.074565125825035,0.0010828971862792969,0.6,equicorrelated
0.05,10,100,176,Unscaled,Gaussian,absolute_residual,0.969375,43644668475339.42,23.120281626686026,0.0,0.6,equicorrelated
0.05,10,100,176,Empirical_copula,Gaussian,absolute_residual,0.879375,22505558951.959568,23.81753362252669,0.001007080078125,0.6,equicorrelated
0.1,10,100,176,TSCP_R,Gaussian,absolute_residual,0.874375,15618342069.038187,23.63330647685229,0.003997325897216797,0.6,equicorrelated
0.1,10,100,176,Point_CHR,Gaussian,absolute_residual,0.884375,21495455768.929577,28.83815145987731,0.0,0.6,equicorrelated
0.1,10,100,176,Unscaled,Gaussian,absolute_residual,0.933125,9865780382243.594,19.925679676592893,0.0,0.6,equicorrelated
0.1,10,100,176,Empirical_copula,Gaussian,absolute_residual,0.831875,11016272519.204437,23.677386038465475,0.002000093460083008,0.6,equicorrelated
0.2,10,100,176,TSCP_R,Gaussian,absolute_residual,0.76875,3724172066.655659,20.73226670294178,0.0029997825622558594,0.6,equicorrelated
0.2,10,100,176,Point_CHR,Gaussian,absolute_residual,0.819375,7069236329.824458,22.175788404493602,0.0,0.6,equicorrelated
0.2,10,100,176,Unscaled,Gaussian,absolute_residual,0.791875,612096580178.4242,15.089748285748186,0.0,0.6,equicorrelated
0.2,10,100,176,Empirical_copula,Gaussian,absolute_residual,0.74375,3119311085.0827427,22.501928593660068,0.0010027885437011719,0.6,equicorrelated
0.05,10,100,177,TSCP_R,Gaussian,absolute_residual,0.958125,120869067618.70122,27.871179685403202,0.004021406173706055,0.6,equicorrelated
0.05,10,100,177,Point_CHR,Gaussian,absolute_residual,0.968125,199698190862.79276,30.10820913827257,0.0,0.6,equicorrelated
0.05,10,100,177,Unscaled,Gaussian,absolute_residual,0.95125,25635929731667.33,21.922238952481727,0.0,0.6,equicorrelated
0.05,10,100,177,Empirical_copula,Gaussian,absolute_residual,0.9575,198898466391.63876,28.255893712554066,0.0010085105895996094,0.6,equicorrelated
0.1,10,100,177,TSCP_R,Gaussian,absolute_residual,0.9125,39456003440.433235,24.835070752029043,0.0029993057250976562,0.6,equicorrelated
0.1,10,100,177,Point_CHR,Gaussian,absolute_residual,0.808125,7466312575.302233,22.236984867054527,0.0,0.6,equicorrelated
0.1,10,100,177,Unscaled,Gaussian,absolute_residual,0.909375,9105142789893.72,19.766449903049825,0.0,0.6,equicorrelated
0.1,10,100,177,Empirical_copula,Gaussian,absolute_residual,0.8375,11037870858.575607,23.055913124231264,0.002006053924560547,0.6,equicorrelated
0.2,10,100,177,TSCP_R,Gaussian,absolute_residual,0.825,8149069719.523539,21.08167350494275,0.001994609832763672,0.6,equicorrelated
0.2,10,100,177,Point_CHR,Gaussian,absolute_residual,0.75875,3958210993.8712177,19.64147620171562,0.0,0.6,equicorrelated
0.2,10,100,177,Unscaled,Gaussian,absolute_residual,0.8025,1004779998597.66,15.856491465496585,0.0,0.6,equicorrelated
0.2,10,100,177,Empirical_copula,Gaussian,absolute_residual,0.805,7351708303.396572,22.329662768953916,0.0010027885437011719,0.6,equicorrelated
0.05,10,100,178,TSCP_R,Gaussian,absolute_residual,0.93,56386893563.44916,28.485623223984092,0.004006624221801758,0.6,equicorrelated
0.05,10,100,178,Point_CHR,Gaussian,absolute_residual,0.955625,98728119597.18484,27.25199527775662,0.0,0.6,equicorrelated
0.05,10,100,178,Unscaled,Gaussian,absolute_residual,0.94125,14170662881096.55,20.660413849194867,0.0,0.6,equicorrelated
0.05,10,100,178,Empirical_copula,Gaussian,absolute_residual,0.91125,43355085587.34293,27.25199527775662,0.0010004043579101562,0.6,equicorrelated
0.1,10,100,178,TSCP_R,Gaussian,absolute_residual,0.88875,25561920187.74892,26.320896189672894,0.0029990673065185547,0.6,equicorrelated
0.1,10,100,178,Point_CHR,Gaussian,absolute_residual,0.916875,44064705235.84152,30.311589021929855,0.001001596450805664,0.6,equicorrelated
0.1,10,100,178,Unscaled,Gaussian,absolute_residual,0.923125,9350047646306.088,19.818983787382198,0.0,0.6,equicorrelated
0.1,10,100,178,Empirical_copula,Gaussian,absolute_residual,0.87125,22751270910.577023,26.831829362353382,0.0010154247283935547,0.6,equicorrelated
0.2,10,100,178,TSCP_R,Gaussian,absolute_residual,0.77375,5315207362.478398,22.502211138251468,0.0029833316802978516,0.6,equicorrelated
0.2,10,100,178,Point_CHR,Gaussian,absolute_residual,0.73125,3416256757.1043463,20.278548393504288,0.0010006427764892578,0.6,equicorrelated
0.2,10,100,178,Unscaled,Gaussian,absolute_residual,0.844375,1606099831723.1692,16.617942566320007,0.0,0.6,equicorrelated
0.2,10,100,178,Empirical_copula,Gaussian,absolute_residual,0.753125,3930536367.2286186,20.487211272175976,0.001001596450805664,0.6,equicorrelated
0.05,10,100,179,TSCP_R,Gaussian,absolute_residual,0.96,99770108943.73459,26.539891921602695,0.004006862640380859,0.6,equicorrelated
0.05,10,100,179,Point_CHR,Gaussian,absolute_residual,0.97375,303172347853.6945,32.23166447732151,0.0,0.6,equicorrelated
0.05,10,100,179,Unscaled,Gaussian,absolute_residual,0.965,35514727036056.91,22.648573215394794,0.0,0.6,equicorrelated
0.05,10,100,179,Empirical_copula,Gaussian,absolute_residual,0.936875,88132250302.39076,26.25851159451422,0.0020194053649902344,0.6,equicorrelated
0.1,10,100,179,TSCP_R,Gaussian,absolute_residual,0.91375,33033389297.286278,23.830326686765275,0.003014087677001953,0.6,equicorrelated
0.1,10,100,179,Point_CHR,Gaussian,absolute_residual,0.910625,29398617812.25011,25.63270879419176,0.0,0.6,equicorrelated
0.1,10,100,179,Unscaled,Gaussian,absolute_residual,0.928125,8888711068838.836,19.718954229917404,0.0,0.6,equicorrelated
0.1,10,100,179,Empirical_copula,Gaussian,absolute_residual,0.901875,36484050266.832405,25.63405547996168,0.0009996891021728516,0.6,equicorrelated
0.2,10,100,179,TSCP_R,Gaussian,absolute_residual,0.84125,9925167597.130764,21.105577200377112,0.002995014190673828,0.6,equicorrelated
0.2,10,100,179,Point_CHR,Gaussian,absolute_residual,0.84875,13778131553.523777,22.648573215328604,0.0,0.6,equicorrelated
0.2,10,100,179,Unscaled,Gaussian,absolute_residual,0.875,2688873031188.9707,17.496735618164987,0.0,0.6,equicorrelated
0.2,10,100,179,Empirical_copula,Gaussian,absolute_residual,0.82125,8103146922.160699,21.524510052047134,0.0010020732879638672,0.6,equicorrelated
0.05,10,100,180,TSCP_R,Gaussian,absolute_residual,0.969375,138073465588.29855,27.962256356953695,0.003994464874267578,0.6,equicorrelated
0.05,10,100,180,Point_CHR,Gaussian,absolute_residual,0.9725,237720239958.61633,30.25429164628074,0.0,0.6,equicorrelated
0.05,10,100,180,Unscaled,Gaussian,absolute_residual,0.958125,23857979820847.28,21.765235304739335,0.0,0.6,equicorrelated
0.05,10,100,180,Empirical_copula,Gaussian,absolute_residual,0.934375,60105662821.70984,27.498502978201376,0.0010001659393310547,0.6,equicorrelated
0.1,10,100,180,TSCP_R,Gaussian,absolute_residual,0.893125,23127259072.77792,23.786100403200635,0.002999544143676758,0.6,equicorrelated
0.1,10,100,180,Point_CHR,Gaussian,absolute_residual,0.9,32458105821.517704,26.077982028474878,0.001001596450805664,0.6,equicorrelated
0.1,10,100,180,Unscaled,Gaussian,absolute_residual,0.890625,4373251232725.816,18.36878549901122,0.0,0.6,equicorrelated
0.1,10,100,180,Empirical_copula,Gaussian,absolute_residual,0.883125,19026679059.87435,26.234642328024766,0.0010004043579101562,0.6,equicorrelated
0.2,10,100,180,TSCP_R,Gaussian,absolute_residual,0.81,6366024554.105591,20.87134330197895,0.0039980411529541016,0.6,equicorrelated
0.2,10,100,180,Point_CHR,Gaussian,absolute_residual,0.819375,8625179424.052473,19.994744562110732,0.0,0.6,equicorrelated
0.2,10,100,180,Unscaled,Gaussian,absolute_residual,0.771875,524920453161.60547,14.85967631910378,0.0,0.6,equicorrelated
0.2,10,100,180,Empirical_copula,Gaussian,absolute_residual,0.78875,5119286017.48891,21.543335127949028,0.0010020732879638672,0.6,equicorrelated
0.05,10,100,181,TSCP_R,Gaussian,absolute_residual,0.919375,29209074697.082016,25.04513266366876,0.004006624221801758,0.6,equicorrelated
0.05,10,100,181,Point_CHR,Gaussian,absolute_residual,0.895,26112734601.58191,25.274010702114563,0.0,0.6,equicorrelated
0.05,10,100,181,Unscaled,Gaussian,absolute_residual,0.918125,4901616280240.168,18.579496091052064,0.0,0.6,equicorrelated
0.05,10,100,181,Empirical_copula,Gaussian,absolute_residual,0.833125,11376688752.277752,24.956845659959086,0.0019943714141845703,0.6,equicorrelated
0.1,10,100,181,TSCP_R,Gaussian,absolute_residual,0.83,7919531050.636702,22.24291468095126,0.003998994827270508,0.6,equicorrelated
0.1,10,100,181,Point_CHR,Gaussian,absolute_residual,0.899375,36657993376.06063,27.85677642772093,0.0010159015655517578,0.6,equicorrelated
0.1,10,100,181,Unscaled,Gaussian,absolute_residual,0.886875,2602959381320.0063,17.44001038107053,0.0,0.6,equicorrelated
0.1,10,100,181,Empirical_copula,Gaussian,absolute_residual,0.771875,3742867993.654968,22.228171227429456,0.0019850730895996094,0.6,equicorrelated
0.2,10,100,181,TSCP_R,Gaussian,absolute_residual,0.72125,2162328084.3332453,19.5539174982531,0.0029990673065185547,0.6,equicorrelated
0.2,10,100,181,Point_CHR,Gaussian,absolute_residual,0.785625,4717935944.764629,19.515482799722356,0.0,0.6,equicorrelated
0.2,10,100,181,Unscaled,Gaussian,absolute_residual,0.775625,475626926300.006,14.713860806943586,0.0,0.6,equicorrelated
0.2,10,100,181,Empirical_copula,Gaussian,absolute_residual,0.7225,1875958352.626891,18.737684269699294,0.00099945068359375,0.6,equicorrelated
0.05,10,100,182,TSCP_R,Gaussian,absolute_residual,0.961875,120819175280.39471,27.05327524333612,0.0041790008544921875,0.6,equicorrelated
0.05,10,100,182,Point_CHR,Gaussian,absolute_residual,0.97125,414392957932.07166,37.615903089523975,0.0,0.6,equicorrelated
0.05,10,100,182,Unscaled,Gaussian,absolute_residual,0.984375,124758518632820.58,25.680709665422082,0.0,0.6,equicorrelated
0.05,10,100,182,Empirical_copula,Gaussian,absolute_residual,0.919375,47238324601.966156,26.245500364830733,0.0010137557983398438,0.6,equicorrelated
0.1,10,100,182,TSCP_R,Gaussian,absolute_residual,0.91,29046395939.434494,23.862820725733485,0.003996610641479492,0.6,equicorrelated
0.1,10,100,182,Point_CHR,Gaussian,absolute_residual,0.916875,43126352716.8783,24.515080165318484,0.0,0.6,equicorrelated
0.1,10,100,182,Unscaled,Gaussian,absolute_residual,0.861875,2513740433785.6475,17.37929051786454,0.0,0.6,equicorrelated
0.1,10,100,182,Empirical_copula,Gaussian,absolute_residual,0.875625,19540032479.675194,26.043735639998417,0.0009996891021728516,0.6,equicorrelated
0.2,10,100,182,TSCP_R,Gaussian,absolute_residual,0.786875,4125714797.7659063,19.572870682809032,0.0030002593994140625,0.6,equicorrelated
0.2,10,100,182,Point_CHR,Gaussian,absolute_residual,0.796875,5924450668.303051,19.202481932542753,0.0010004043579101562,0.6,equicorrelated
0.2,10,100,182,Unscaled,Gaussian,absolute_residual,0.786875,618044485148.334,15.104347668209686,0.0,0.6,equicorrelated
0.2,10,100,182,Empirical_copula,Gaussian,absolute_residual,0.80125,5231418826.888352,23.039599690856242,0.0009996891021728516,0.6,equicorrelated
0.05,10,100,183,TSCP_R,Gaussian,absolute_residual,0.9775,280204511941.9413,31.993454411569004,0.0030066967010498047,0.6,equicorrelated
0.05,10,100,183,Point_CHR,Gaussian,absolute_residual,0.976875,584550296106.819,36.00340091624057,0.0009999275207519531,0.6,equicorrelated
0.05,10,100,183,Unscaled,Gaussian,absolute_residual,0.9775,58183315308566.08,23.794678782251122,0.0,0.6,equicorrelated
0.05,10,100,183,Empirical_copula,Gaussian,absolute_residual,0.93375,78862810884.52121,27.984573746191653,0.0009949207305908203,0.6,equicorrelated
0.1,10,100,183,TSCP_R,Gaussian,absolute_residual,0.9375,50984854367.674,26.84566139537976,0.003998517990112305,0.6,equicorrelated
0.1,10,100,183,Point_CHR,Gaussian,absolute_residual,0.941875,69781929827.14319,29.00185322195781,0.0,0.6,equicorrelated
0.1,10,100,183,Unscaled,Gaussian,absolute_residual,0.959375,23163516818252.76,21.70103511564924,0.0,0.6,equicorrelated
0.1,10,100,183,Empirical_copula,Gaussian,absolute_residual,0.889375,27184271450.533436,25.46517062257975,0.0010030269622802734,0.6,equicorrelated
0.2,10,100,183,TSCP_R,Gaussian,absolute_residual,0.855,12760328857.453806,23.24257828851318,0.0040149688720703125,0.6,equicorrelated
0.2,10,100,183,Point_CHR,Gaussian,absolute_residual,0.89875,28409768063.867393,25.314395180645022,0.000990152359008789,0.6,equicorrelated
0.2,10,100,183,Unscaled,Gaussian,absolute_residual,0.884375,3029283283161.921,17.706551577706417,0.0,0.6,equicorrelated
0.2,10,100,183,Empirical_copula,Gaussian,absolute_residual,0.821875,9100717498.56769,22.048174899962376,0.0009987354278564453,0.6,equicorrelated
0.05,10,100,184,TSCP_R,Gaussian,absolute_residual,0.9725,146884134662.23828,28.36446061192091,0.003996372222900391,0.6,equicorrelated
0.05,10,100,184,Point_CHR,Gaussian,absolute_residual,0.986875,495340810579.4631,40.17162447374541,0.0,0.6,equicorrelated
0.05,10,100,184,Unscaled,Gaussian,absolute_residual,0.960625,28428416466982.016,22.150078357449754,0.0,0.6,equicorrelated
0.05,10,100,184,Empirical_copula,Gaussian,absolute_residual,0.936875,92827021442.08398,28.77030203284838,0.0020034313201904297,0.6,equicorrelated
0.1,10,100,184,TSCP_R,Gaussian,absolute_residual,0.93875,46877260808.624275,25.63528725978763,0.003000020980834961,0.6,equicorrelated
0.1,10,100,184,Point_CHR,Gaussian,absolute_residual,0.958125,90385226285.97397,27.285919450529303,0.0,0.6,equicorrelated
0.1,10,100,184,Unscaled,Gaussian,absolute_residual,0.923125,7628015539089.699,19.419639203336743,0.0,0.6,equicorrelated
0.1,10,100,184,Empirical_copula,Gaussian,absolute_residual,0.91875,51450608090.293365,28.288622420696747,0.0009996891021728516,0.6,equicorrelated
0.2,10,100,184,TSCP_R,Gaussian,absolute_residual,0.8475,9287992310.81422,21.740263689875828,0.0029935836791992188,0.6,equicorrelated
0.2,10,100,184,Point_CHR,Gaussian,absolute_residual,0.819375,6825224335.866954,19.184583575130645,0.0,0.6,equicorrelated
0.2,10,100,184,Unscaled,Gaussian,absolute_residual,0.83375,1339406670510.5583,16.318913700696932,0.0010023117065429688,0.6,equicorrelated
0.2,10,100,184,Empirical_copula,Gaussian,absolute_residual,0.806875,5428418181.667881,21.71892680057737,0.0009992122650146484,0.6,equicorrelated
0.05,10,100,185,TSCP_R,Gaussian,absolute_residual,0.943125,71901460009.2165,29.216430045249584,0.003006458282470703,0.6,equicorrelated
0.05,10,100,185,Point_CHR,Gaussian,absolute_residual,0.98875,1073111416125.1357,40.722784137131306,0.0,0.6,equicorrelated
0.05,10,100,185,Unscaled,Gaussian,absolute_residual,0.976875,75426467890715.72,24.420377720620543,0.0,0.6,equicorrelated
0.05,10,100,185,Empirical_copula,Gaussian,absolute_residual,0.93375,97274702595.63287,30.038514651666496,0.0009925365447998047,0.6,equicorrelated
0.1,10,100,185,TSCP_R,Gaussian,absolute_residual,0.909375,29890222008.38641,26.760637890267457,0.003999233245849609,0.6,equicorrelated
0.1,10,100,185,Point_CHR,Gaussian,absolute_residual,0.904375,53822254842.51608,29.645275809533935,0.0,0.6,equicorrelated
0.1,10,100,185,Unscaled,Gaussian,absolute_residual,0.939375,9277649255641.584,19.803584006844854,0.0,0.6,equicorrelated
0.1,10,100,185,Empirical_copula,Gaussian,absolute_residual,0.896875,31266555864.96196,25.622743844660167,0.0009982585906982422,0.6,equicorrelated
0.2,10,100,185,TSCP_R,Gaussian,absolute_residual,0.8425,10171511248.515305,24.21769862298876,0.0030059814453125,0.6,equicorrelated
0.2,10,100,185,Point_CHR,Gaussian,absolute_residual,0.845,14182091785.80913,25.59003299144641,0.00099945068359375,0.6,equicorrelated
0.2,10,100,185,Unscaled,Gaussian,absolute_residual,0.87125,2330652259587.6396,17.248357618222858,0.0,0.6,equicorrelated
0.2,10,100,185,Empirical_copula,Gaussian,absolute_residual,0.819375,8653606791.3351,24.42037772059782,0.0010006427764892578,0.6,equicorrelated
0.05,10,100,186,TSCP_R,Gaussian,absolute_residual,0.9725,186852130844.75406,29.191328127067635,0.003999471664428711,0.6,equicorrelated
0.05,10,100,186,Point_CHR,Gaussian,absolute_residual,0.986875,885718358409.3269,37.13831382202893,0.0010128021240234375,0.6,equicorrelated
0.05,10,100,186,Unscaled,Gaussian,absolute_residual,0.97125,41713598513926.26,23.01588959834074,0.0,0.6,equicorrelated
0.05,10,100,186,Empirical_copula,Gaussian,absolute_residual,0.965625,136756691666.0332,32.94233445184854,0.0011942386627197266,0.6,equicorrelated
0.1,10,100,186,TSCP_R,Gaussian,absolute_residual,0.924375,38853764160.90347,24.887963805665535,0.0040035247802734375,0.6,equicorrelated
0.1,10,100,186,Point_CHR,Gaussian,absolute_residual,0.958125,88335292773.8126,27.692512301758157,0.0,0.6,equicorrelated
0.1,10,100,186,Unscaled,Gaussian,absolute_residual,0.884375,3360227049991.6143,17.89109255207492,0.0,0.6,equicorrelated
0.1,10,100,186,Empirical_copula,Gaussian,absolute_residual,0.916875,40437628277.81444,25.41618354082585,0.0010030269622802734,0.6,equicorrelated
0.2,10,100,186,TSCP_R,Gaussian,absolute_residual,0.775625,4706501500.329302,20.15571208920654,0.004014253616333008,0.6,equicorrelated
0.2,10,100,186,Point_CHR,Gaussian,absolute_residual,0.805,8248802165.211778,20.607517426774788,0.0009913444519042969,0.6,equicorrelated
0.2,10,100,186,Unscaled,Gaussian,absolute_residual,0.805625,882449975908.7269,15.651970098671406,0.0,0.6,equicorrelated
0.2,10,100,186,Empirical_copula,Gaussian,absolute_residual,0.7875,5809475773.681823,19.686015379283447,0.0009984970092773438,0.6,equicorrelated
0.05,10,100,187,TSCP_R,Gaussian,absolute_residual,0.943125,53624678125.78918,27.69290871480033,0.0030059814453125,0.6,equicorrelated
0.05,10,100,187,Point_CHR,Gaussian,absolute_residual,0.969375,360256489587.33716,44.273646390563364,0.0,0.6,equicorrelated
0.05,10,100,187,Unscaled,Gaussian,absolute_residual,0.96875,43407914594277.54,23.107709130208526,0.0,0.6,equicorrelated
0.05,10,100,187,Empirical_copula,Gaussian,absolute_residual,0.886875,23486638071.686577,26.285820718126473,0.000993490219116211,0.6,equicorrelated
0.1,10,100,187,TSCP_R,Gaussian,absolute_residual,0.914375,22678769249.51826,25.4404937843449,0.004282474517822266,0.6,equicorrelated
0.1,10,100,187,Point_CHR,Gaussian,absolute_residual,0.945,76814290819.15353,35.160127381351714,0.0,0.6,equicorrelated
0.1,10,100,187,Unscaled,Gaussian,absolute_residual,0.881875,3448030583919.095,17.93730161869402,0.0,0.6,equicorrelated
0.1,10,100,187,Empirical_copula,Gaussian,absolute_residual,0.886875,23486638071.686577,26.285820718126473,0.0010151863098144531,0.6,equicorrelated
0.2,10,100,187,TSCP_R,Gaussian,absolute_residual,0.783125,4016713509.228438,21.34425915203741,0.0030014514923095703,0.6,equicorrelated
0.2,10,100,187,Point_CHR,Gaussian,absolute_residual,0.82375,7214138873.599137,24.269407092978962,0.0009982585906982422,0.6,equicorrelated
0.2,10,100,187,Unscaled,Gaussian,absolute_residual,0.820625,913871798956.8506,15.706829432692178,0.0,0.6,equicorrelated
0.2,10,100,187,Empirical_copula,Gaussian,absolute_residual,0.764375,4417671050.966718,22.257149524122504,0.0009992122650146484,0.6,equicorrelated
0.05,10,100,188,TSCP_R,Gaussian,absolute_residual,0.959375,145824715120.34933,29.10853753485452,0.0029959678649902344,0.6,equicorrelated
0.05,10,100,188,Point_CHR,Gaussian,absolute_residual,0.9675,290728448733.1945,28.4628912644302,0.0010051727294921875,0.6,equicorrelated
0.05,10,100,188,Unscaled,Gaussian,absolute_residual,0.935625,15147716870095.691,20.798629466201238,0.0,0.6,equicorrelated
0.05,10,100,188,Empirical_copula,Gaussian,absolute_residual,0.909375,123176602628.95976,33.53308277538638,0.0009951591491699219,0.6,equicorrelated
0.1,10,100,188,TSCP_R,Gaussian,absolute_residual,0.8825,26845263454.880283,24.135210261630082,0.00399327278137207,0.6,equicorrelated
0.1,10,100,188,Point_CHR,Gaussian,absolute_residual,0.911875,41166902474.974014,27.112430307319663,0.0010020732879638672,0.6,equicorrelated
0.1,10,100,188,Unscaled,Gaussian,absolute_residual,0.8675,3437918598407.359,17.932034219054234,0.0,0.6,equicorrelated
0.1,10,100,188,Empirical_copula,Gaussian,absolute_residual,0.854375,21203296985.434006,25.213761485687904,0.0009984970092773438,0.6,equicorrelated
0.2,10,100,188,TSCP_R,Gaussian,absolute_residual,0.7275,3236347523.8831444,19.883575228385304,0.0029993057250976562,0.6,equicorrelated
0.2,10,100,188,Point_CHR,Gaussian,absolute_residual,0.779375,7521844299.967199,21.266041984395287,0.0010116100311279297,0.6,equicorrelated
0.2,10,100,188,Unscaled,Gaussian,absolute_residual,0.783125,811140325164.721,15.520639058272703,0.0,0.6,equicorrelated
0.2,10,100,188,Empirical_copula,Gaussian,absolute_residual,0.7325,3651696619.4771557,19.69253205653959,0.000995635986328125,0.6,equicorrelated
0.05,10,100,189,TSCP_R,Gaussian,absolute_residual,0.9025,25286940657.524414,23.774379300987682,0.0030257701873779297,0.6,equicorrelated
0.05,10,100,189,Point_CHR,Gaussian,absolute_residual,0.988125,587023323336.5844,33.9863557813662,0.0,0.6,equicorrelated
0.05,10,100,189,Unscaled,Gaussian,absolute_residual,0.940625,12037539298007.814,20.32608661033505,0.0,0.6,equicorrelated
0.05,10,100,189,Empirical_copula,Gaussian,absolute_residual,0.856875,14829910040.75018,22.734600364211605,0.0010004043579101562,0.6,equicorrelated
0.1,10,100,189,TSCP_R,Gaussian,absolute_residual,0.839375,10249321015.280752,21.732248796550753,0.003993034362792969,0.6,equicorrelated
0.1,10,100,189,Point_CHR,Gaussian,absolute_residual,0.905,27860377354.858223,21.778808592085404,0.0,0.6,equicorrelated
0.1,10,100,189,Unscaled,Gaussian,absolute_residual,0.834375,1427640793914.6694,16.423355544999986,0.0,0.6,equicorrelated
0.1,10,100,189,Empirical_copula,Gaussian,absolute_residual,0.79875,6661748547.993933,21.778808592085404,0.0010025501251220703,0.6,equicorrelated
0.2,10,100,189,TSCP_R,Gaussian,absolute_residual,0.735,2469631271.3625536,18.881863627320627,0.0040073394775390625,0.6,equicorrelated
0.2,10,100,189,Point_CHR,Gaussian,absolute_residual,0.80625,7100491290.895434,21.55776844418535,0.0,0.6,equicorrelated
0.2,10,100,189,Unscaled,Gaussian,absolute_residual,0.775625,508904066525.2813,14.81370159780732,0.0,0.6,equicorrelated
0.2,10,100,189,Empirical_copula,Gaussian,absolute_residual,0.740625,2826354135.6116962,19.837149843262935,0.0010030269622802734,0.6,equicorrelated
0.05,10,100,190,TSCP_R,Gaussian,absolute_residual,0.978125,254963964151.67355,30.26662293704249,0.004004716873168945,0.6,equicorrelated
0.05,10,100,190,Point_CHR,Gaussian,absolute_residual,0.9875,819247633064.5037,32.00580854396792,0.0009999275207519531,0.6,equicorrelated
0.05,10,100,190,Unscaled,Gaussian,absolute_residual,0.9425,13121513919725.99,20.50210222199358,0.0,0.6,equicorrelated
0.05,10,100,190,Empirical_copula,Gaussian,absolute_residual,0.955625,124936714110.65384,26.392294104914264,0.0009996891021728516,0.6,equicorrelated
0.1,10,100,190,TSCP_R,Gaussian,absolute_residual,0.9475,70530370774.69331,26.722834830959222,0.003993511199951172,0.6,equicorrelated
0.1,10,100,190,Point_CHR,Gaussian,absolute_residual,0.95875,143561186681.3187,31.9939816319973,0.0,0.6,equicorrelated
0.1,10,100,190,Unscaled,Gaussian,absolute_residual,0.91125,5821255279402.276,18.90173475469383,0.0,0.6,equicorrelated
0.1,10,100,190,Empirical_copula,Gaussian,absolute_residual,0.895625,32681094448.0515,24.150201419435145,0.00200653076171875,0.6,equicorrelated
0.2,10,100,190,TSCP_R,Gaussian,absolute_residual,0.78125,4289661444.425602,20.127814358838915,0.0030028820037841797,0.6,equicorrelated
0.2,10,100,190,Point_CHR,Gaussian,absolute_residual,0.840625,10002219798.192322,21.120774435705954,0.0,0.6,equicorrelated
0.2,10,100,190,Unscaled,Gaussian,absolute_residual,0.818125,998308282260.4055,15.846248689373525,0.0,0.6,equicorrelated
0.2,10,100,190,Empirical_copula,Gaussian,absolute_residual,0.795,7679168987.753988,20.502102221930414,0.0009975433349609375,0.6,equicorrelated
0.05,10,100,191,TSCP_R,Gaussian,absolute_residual,0.96,87746085853.56194,26.474810655595718,0.004016876220703125,0.6,equicorrelated
0.05,10,100,191,Point_CHR,Gaussian,absolute_residual,0.96625,169291846836.51376,28.326294519554896,0.0,0.6,equicorrelated
0.05,10,100,191,Unscaled,Gaussian,absolute_residual,0.950625,16777477834829.375,21.012255227876057,0.0,0.6,equicorrelated
0.05,10,100,191,Empirical_copula,Gaussian,absolute_residual,0.93625,54268843153.526375,25.741083154054984,0.0009932518005371094,0.6,equicorrelated
0.1,10,100,191,TSCP_R,Gaussian,absolute_residual,0.940625,47600088675.43551,24.996821156721616,0.0029985904693603516,0.6,equicorrelated
0.1,10,100,191,Point_CHR,Gaussian,absolute_residual,0.940625,54423226647.92759,24.39080923992833,0.0,0.6,equicorrelated
0.1,10,100,191,Unscaled,Gaussian,absolute_residual,0.895625,4314661975329.919,18.344026864294083,0.0,0.6,equicorrelated
0.1,10,100,191,Empirical_copula,Gaussian,absolute_residual,0.884375,22225549070.364143,25.397744346273477,0.0010020732879638672,0.6,equicorrelated
0.2,10,100,191,TSCP_R,Gaussian,absolute_residual,0.829375,7675991080.815023,20.760672594752613,0.003997325897216797,0.6,equicorrelated
0.2,10,100,191,Point_CHR,Gaussian,absolute_residual,0.8725,15636419657.84073,24.30455292740364,0.0,0.6,equicorrelated
0.2,10,100,191,Unscaled,Gaussian,absolute_residual,0.828125,989030103076.8109,15.831459382839153,0.0,0.6,equicorrelated
0.2,10,100,191,Empirical_copula,Gaussian,absolute_residual,0.795,5462563977.052988,19.87674867154673,0.0010025501251220703,0.6,equicorrelated
0.05,10,100,192,TSCP_R,Gaussian,absolute_residual,0.933125,49567658831.645424,26.26760607415084,0.004026651382446289,0.6,equicorrelated
0.05,10,100,192,Point_CHR,Gaussian,absolute_residual,0.9975,1578099394277.2466,36.27629809428761,0.0,0.6,equicorrelated
0.05,10,100,192,Unscaled,Gaussian,absolute_residual,0.949375,14990423432336.338,20.776930643730157,0.0,0.6,equicorrelated
0.05,10,100,192,Empirical_copula,Gaussian,absolute_residual,0.89375,20373593989.64868,23.63483615964711,0.0009932518005371094,0.6,equicorrelated
0.1,10,100,192,TSCP_R,Gaussian,absolute_residual,0.910625,27276430477.354805,24.81384905092274,0.003000020980834961,0.6,equicorrelated
0.1,10,100,192,Point_CHR,Gaussian,absolute_residual,0.913125,39069136226.5958,27.38273809521912,0.0010013580322265625,0.6,equicorrelated
0.1,10,100,192,Unscaled,Gaussian,absolute_residual,0.898125,4182197416055.8135,18.286915282067433,0.0,0.6,equicorrelated
0.1,10,100,192,Empirical_copula,Gaussian,absolute_residual,0.89375,20373593989.64868,23.63483615964711,0.001001119613647461,0.6,equicorrelated
0.2,10,100,192,TSCP_R,Gaussian,absolute_residual,0.83625,8374506964.956629,21.971047999095106,0.004010200500488281,0.6,equicorrelated
0.2,10,100,192,Point_CHR,Gaussian,absolute_residual,0.86875,14002413447.755314,23.448778519332503,0.0,0.6,equicorrelated
0.2,10,100,192,Unscaled,Gaussian,absolute_residual,0.838125,1183902980609.9187,16.11875934969222,0.0,0.6,equicorrelated
0.2,10,100,192,Empirical_copula,Gaussian,absolute_residual,0.816875,6617314259.1349125,20.00989582639612,0.0009944438934326172,0.6,equicorrelated
0.05,10,100,193,TSCP_R,Gaussian,absolute_residual,0.90125,27429248924.643528,23.229648221368098,0.004006624221801758,0.6,equicorrelated
0.05,10,100,193,Point_CHR,Gaussian,absolute_residual,0.97,250934355212.51913,27.229176072785314,0.0,0.6,equicorrelated
0.05,10,100,193,Unscaled,Gaussian,absolute_residual,0.874375,2935273347434.19,17.650818740338657,0.0,0.6,equicorrelated
0.05,10,100,193,Empirical_copula,Gaussian,absolute_residual,0.826875,12584794870.261942,22.186811580504823,0.0009996891021728516,0.6,equicorrelated
0.1,10,100,193,TSCP_R,Gaussian,absolute_residual,0.84625,10591601115.544535,21.1835488806679,0.00400996208190918,0.6,equicorrelated
0.1,10,100,193,Point_CHR,Gaussian,absolute_residual,0.7975,6635808900.499732,21.539380071210477,0.0009911060333251953,0.6,equicorrelated
0.1,10,100,193,Unscaled,Gaussian,absolute_residual,0.839375,1538216877164.8638,16.546332878840214,0.0,0.6,equicorrelated
0.1,10,100,193,Empirical_copula,Gaussian,absolute_residual,0.785625,5966141090.188241,17.97840055947824,0.0009989738464355469,0.6,equicorrelated
0.2,10,100,193,TSCP_R,Gaussian,absolute_residual,0.75125,3367332756.019727,18.993211308312002,0.0030035972595214844,0.6,equicorrelated
0.2,10,100,193,Point_CHR,Gaussian,absolute_residual,0.77625,5952414832.202698,23.57928769658021,0.0,0.6,equicorrelated
0.2,10,100,193,Unscaled,Gaussian,absolute_residual,0.7175,282672299417.06415,13.967810204220301,0.0,0.6,equicorrelated
0.2,10,100,193,Empirical_copula,Gaussian,absolute_residual,0.715,2750054563.865743,17.357373521516557,0.0009965896606445312,0.6,equicorrelated
0.05,10,100,194,TSCP_R,Gaussian,absolute_residual,0.981875,326598623233.2693,30.38358411817641,0.0030062198638916016,0.6,equicorrelated
0.05,10,100,194,Point_CHR,Gaussian,absolute_residual,0.99125,924371486069.4318,32.015260928935874,0.0010030269622802734,0.6,equicorrelated
0.05,10,100,194,Unscaled,Gaussian,absolute_residual,0.97875,69451439310180.24,24.219664623315634,0.0,0.6,equicorrelated
0.05,10,100,194,Empirical_copula,Gaussian,absolute_residual,0.955625,253887228809.36252,32.015260928935874,0.0009970664978027344,0.6,equicorrelated
0.1,10,100,194,TSCP_R,Gaussian,absolute_residual,0.93625,53621782780.845406,25.449508443309934,0.003999471664428711,0.6,equicorrelated
0.1,10,100,194,Point_CHR,Gaussian,absolute_residual,0.939375,67675721020.48591,25.509591017151514,0.0009996891021728516,0.6,equicorrelated
0.1,10,100,194,Unscaled,Gaussian,absolute_residual,0.9225,9327388953730.154,19.814175654280266,0.0,0.6,equicorrelated
0.1,10,100,194,Empirical_copula,Gaussian,absolute_residual,0.9275,66648223274.017006,29.199990488887494,0.0010004043579101562,0.6,equicorrelated
0.2,10,100,194,TSCP_R,Gaussian,absolute_residual,0.859375,14136386854.397785,22.23441345647512,0.002992868423461914,0.6,equicorrelated
0.2,10,100,194,Point_CHR,Gaussian,absolute_residual,0.844375,12260576676.513378,20.6355516248708,0.0,0.6,equicorrelated
0.2,10,100,194,Unscaled,Gaussian,absolute_residual,0.80375,888939159778.7394,15.663442019948203,0.0,0.6,equicorrelated
0.2,10,100,194,Empirical_copula,Gaussian,absolute_residual,0.829375,8173445297.178054,20.417328526400908,0.000997781753540039,0.6,equicorrelated
0.05,10,100,195,TSCP_R,Gaussian,absolute_residual,0.966875,133526568514.68994,28.868434093477582,0.003005504608154297,0.6,equicorrelated
0.05,10,100,195,Point_CHR,Gaussian,absolute_residual,0.956875,114824307036.7824,29.236181928289227,0.0010001659393310547,0.6,equicorrelated
0.05,10,100,195,Unscaled,Gaussian,absolute_residual,0.95875,25619915730433.43,21.920869150455157,0.0,0.6,equicorrelated
0.05,10,100,195,Empirical_copula,Gaussian,absolute_residual,0.95625,147585088593.6138,30.110914176535218,0.0009999275207519531,0.6,equicorrelated
0.1,10,100,195,TSCP_R,Gaussian,absolute_residual,0.87875,17242503043.810833,23.405613442355204,0.0030002593994140625,0.6,equicorrelated
0.1,10,100,195,Point_CHR,Gaussian,absolute_residual,0.84875,14149548401.038193,23.05478149810628,0.0010004043579101562,0.6,equicorrelated
0.1,10,100,195,Unscaled,Gaussian,absolute_residual,0.88875,3410461437409.582,17.91766095021796,0.0,0.6,equicorrelated
0.1,10,100,195,Empirical_copula,Gaussian,absolute_residual,0.858125,17578983152.580505,26.737168917105585,0.00099945068359375,0.6,equicorrelated
0.2,10,100,195,TSCP_R,Gaussian,absolute_residual,0.7725,3879144831.461027,20.028911037305587,0.002992868423461914,0.6,equicorrelated
0.2,10,100,195,Point_CHR,Gaussian,absolute_residual,0.745,3461531573.546875,21.34945871385622,0.0010025501251220703,0.6,equicorrelated
0.2,10,100,195,Unscaled,Gaussian,absolute_residual,0.79625,830559716638.1921,15.557402444269183,0.0,0.6,equicorrelated
0.2,10,100,195,Empirical_copula,Gaussian,absolute_residual,0.719375,2554069340.0650344,20.571397703760464,0.0009987354278564453,0.6,equicorrelated
0.05,10,100,196,TSCP_R,Gaussian,absolute_residual,0.97375,218923202503.55453,29.1282693884146,0.00400090217590332,0.6,equicorrelated
0.05,10,100,196,Point_CHR,Gaussian,absolute_residual,0.9475,127952227652.01453,24.937738176875833,0.0010104179382324219,0.6,equicorrelated
0.05,10,100,196,Unscaled,Gaussian,absolute_residual,0.96,28252867558881.023,22.13636225867584,0.0,0.6,equicorrelated
0.05,10,100,196,Empirical_copula,Gaussian,absolute_residual,0.936875,112960243529.2607,28.92200778588162,0.0009958744049072266,0.6,equicorrelated
0.1,10,100,196,TSCP_R,Gaussian,absolute_residual,0.924375,46873658505.16855,24.674515581171875,0.0042722225189208984,0.6,equicorrelated
0.1,10,100,196,Point_CHR,Gaussian,absolute_residual,0.890625,25603696579.605724,21.629379233349248,0.0,0.6,equicorrelated
0.1,10,100,196,Unscaled,Gaussian,absolute_residual,0.905,5568730855377.13,18.818093534060253,0.0,0.6,equicorrelated
0.1,10,100,196,Empirical_copula,Gaussian,absolute_residual,0.9025,33496006108.79557,23.653111166389056,0.000997304916381836,0.6,equicorrelated
0.2,10,100,196,TSCP_R,Gaussian,absolute_residual,0.8125,7913942729.1736765,20.61930419879732,0.003016233444213867,0.6,equicorrelated
0.2,10,100,196,Point_CHR,Gaussian,absolute_residual,0.799375,7175789394.729596,21.19207458806771,0.0,0.6,equicorrelated
0.2,10,100,196,Unscaled,Gaussian,absolute_residual,0.8275,1334912375356.9094,16.313429705818464,0.0,0.6,equicorrelated
0.2,10,100,196,Empirical_copula,Gaussian,absolute_residual,0.794375,6932343645.677848,19.85063068928286,0.0019834041595458984,0.6,equicorrelated
0.05,10,100,197,TSCP_R,Gaussian,absolute_residual,0.979375,207065346141.79022,26.496228765411097,0.004008054733276367,0.6,equicorrelated
0.05,10,100,197,Point_CHR,Gaussian,absolute_residual,0.99625,3014361261181.5503,40.29107511116629,0.0010051727294921875,0.6,equicorrelated
0.05,10,100,197,Unscaled,Gaussian,absolute_residual,0.9525,21272440879269.19,21.51700062774509,0.0,0.6,equicorrelated
0.05,10,100,197,Empirical_copula,Gaussian,absolute_residual,0.969375,197988026612.85883,32.75482915685483,0.0009884834289550781,0.6,equicorrelated
0.1,10,100,197,TSCP_R,Gaussian,absolute_residual,0.909375,27267462381.49041,22.66150042907214,0.003998517990112305,0.6,equicorrelated
0.1,10,100,197,Point_CHR,Gaussian,absolute_residual,0.941875,85409398569.51956,24.752745078892723,0.0010025501251220703,0.6,equicorrelated
0.1,10,100,197,Unscaled,Gaussian,absolute_residual,0.865625,2368713909673.167,17.27632085052716,0.0,0.6,equicorrelated
0.1,10,100,197,Empirical_copula,Gaussian,absolute_residual,0.896875,22031378532.3776,26.44554876691599,0.00099945068359375,0.6,equicorrelated
0.2,10,100,197,TSCP_R,Gaussian,absolute_residual,0.7975,6181923384.856361,19.54157594897553,0.0030150413513183594,0.6,equicorrelated
0.2,10,100,197,Point_CHR,Gaussian,absolute_residual,0.839375,12426388336.440628,20.73935024508888,0.0009922981262207031,0.6,equicorrelated
0.2,10,100,197,Unscaled,Gaussian,absolute_residual,0.79375,647447605021.8771,15.174712192018013,0.0,0.6,equicorrelated
0.2,10,100,197,Empirical_copula,Gaussian,absolute_residual,0.7625,4476301297.583618,17.926943582607883,0.0009903907775878906,0.6,equicorrelated
0.05,10,100,198,TSCP_R,Gaussian,absolute_residual,0.944375,82003519745.00974,29.07626174110178,0.0039997100830078125,0.6,equicorrelated
0.05,10,100,198,Point_CHR,Gaussian,absolute_residual,0.944375,156327582433.27487,29.915184072932618,0.0,0.6,equicorrelated
0.05,10,100,198,Unscaled,Gaussian,absolute_residual,0.963125,30825736073955.688,22.33013484077273,0.0,0.6,equicorrelated
0.05,10,100,198,Empirical_copula,Gaussian,absolute_residual,0.901875,50374856029.20241,25.685249296485118,0.000997781753540039,0.6,equicorrelated
0.1,10,100,198,TSCP_R,Gaussian,absolute_residual,0.908125,36443741794.66691,26.729502017578746,0.004006862640380859,0.6,equicorrelated
0.1,10,100,198,Point_CHR,Gaussian,absolute_residual,0.92,46287687982.52342,26.162257837448895,0.0,0.6,equicorrelated
0.1,10,100,198,Unscaled,Gaussian,absolute_residual,0.925625,7839531359742.001,19.472827208594143,0.0,0.6,equicorrelated
0.1,10,100,198,Empirical_copula,Gaussian,absolute_residual,0.8675,21063531315.958347,25.266117324011095,0.0009944438934326172,0.6,equicorrelated
0.2,10,100,198,TSCP_R,Gaussian,absolute_residual,0.8275,9896773335.990551,23.560103468058358,0.0030066967010498047,0.6,equicorrelated
0.2,10,100,198,Point_CHR,Gaussian,absolute_residual,0.73125,2934627695.7646146,21.51585404161055,0.0009987354278564453,0.6,equicorrelated
0.2,10,100,198,Unscaled,Gaussian,absolute_residual,0.83875,1365909702476.772,16.35092020038778,0.0,0.6,equicorrelated
0.2,10,100,198,Empirical_copula,Gaussian,absolute_residual,0.764375,4745665392.330761,20.450642068779064,0.0010001659393310547,0.6,equicorrelated
0.05,10,100,199,TSCP_R,Gaussian,absolute_residual,0.9675,127297660912.04987,28.680383419159785,0.0030074119567871094,0.6,equicorrelated
0.05,10,100,199,Point_CHR,Gaussian,absolute_residual,0.989375,874596884395.28,39.97100317707833,0.0009932518005371094,0.6,equicorrelated
0.05,10,100,199,Unscaled,Gaussian,absolute_residual,0.95125,22946749862011.195,21.68064099705785,0.0,0.6,equicorrelated
0.05,10,100,199,Empirical_copula,Gaussian,absolute_residual,0.94375,100235360379.53694,26.397629079286837,0.0010004043579101562,0.6,equicorrelated
0.1,10,100,199,TSCP_R,Gaussian,absolute_residual,0.94125,53633609441.862206,26.33799254462236,0.0040056705474853516,0.6,equicorrelated
0.1,10,100,199,Point_CHR,Gaussian,absolute_residual,0.960625,126247935986.74414,30.633954185290136,0.0,0.6,equicorrelated
0.1,10,100,199,Unscaled,Gaussian,absolute_residual,0.923125,9160455672394.775,19.778425134249378,0.0,0.6,equicorrelated
0.1,10,100,199,Empirical_copula,Gaussian,absolute_residual,0.909375,32066141929.56347,25.976858510828464,0.0020084381103515625,0.6,equicorrelated
0.2,10,100,199,TSCP_R,Gaussian,absolute_residual,0.82,6971529909.505609,21.375592302593724,0.0019922256469726562,0.6,equicorrelated
0.2,10,100,199,Point_CHR,Gaussian,absolute_residual,0.82,7935457822.285767,23.352716915377897,0.0,0.6,equicorrelated
0.2,10,100,199,Unscaled,Gaussian,absolute_residual,0.781875,591552838211.5432,15.038321118864628,0.0,0.6,equicorrelated
0.2,10,100,199,Empirical_copula,Gaussian,absolute_residual,0.779375,4410189821.702876,20.387408014110875,0.0009970664978027344,0.6,equicorrelated
