alpha,n_dim,n_cal,trial,method,noise_type,score_type,test_coverage,coverage_volume,coverage_max_length,runtime,noise_ratio
0.1,10,100,0,TSCP_R,Gaussian,absolute_residual,0.95125,28697.370206174146,2.91739479387359,0.004174232482910156,1
0.1,10,100,0,Point_CHR,Gaussian,absolute_residual,0.896875,16812.038715144277,3.1534973789705303,0.0,1
0.1,10,100,0,Unscaled,Gaussian,absolute_residual,0.931875,20327.959111301174,2.6965555904303695,0.0,1
0.1,10,100,0,Empirical_copula,Gaussian,absolute_residual,0.844375,8956.581884000547,3.1944745425109304,0.0019927024841308594,1
0.1,10,100,1,TSCP_R,Gaussian,absolute_residual,0.944375,33822.770816787815,3.0184405837201904,0.003999948501586914,1
0.1,10,100,1,Point_CHR,Gaussian,absolute_residual,0.916875,25276.175280024367,3.3982081421782087,0.0,1
0.1,10,100,1,Unscaled,Gaussian,absolute_residual,0.92875,21447.17001588899,2.71104670456027,0.0,1
0.1,10,100,1,Empirical_copula,Gaussian,absolute_residual,0.8525,9734.847595912188,2.8037446803755,0.002010822296142578,1
0.1,10,100,2,TSCP_R,Gaussian,absolute_residual,0.906875,17661.520608616433,2.8530651781979386,0.005001544952392578,1
0.1,10,100,2,Point_CHR,Gaussian,absolute_residual,0.91375,31225.230760347287,3.30042355841523,0.0,1
0.1,10,100,2,Unscaled,Gaussian,absolute_residual,0.92125,18062.009540234278,2.6648735527010765,0.0,1
0.1,10,100,2,Empirical_copula,Gaussian,absolute_residual,0.81125,6079.158015612872,2.7532079446602253,0.001998424530029297,1
0.1,10,100,3,TSCP_R,Gaussian,absolute_residual,0.88,11766.564097039769,2.9367075694909905,0.002999544143676758,1
0.1,10,100,3,Point_CHR,Gaussian,absolute_residual,0.8425,8487.999331939209,2.9900729469418015,0.0010073184967041016,1
0.1,10,100,3,Unscaled,Gaussian,absolute_residual,0.879375,9283.335121225657,2.4932762655997425,0.0,1
0.1,10,100,3,Empirical_copula,Gaussian,absolute_residual,0.776875,4642.698322051524,2.9207307047134208,0.0009922981262207031,1
0.1,10,100,4,TSCP_R,Gaussian,absolute_residual,0.9175,19965.91218781483,3.127352300404245,0.004006147384643555,1
0.1,10,100,4,Point_CHR,Gaussian,absolute_residual,0.88125,16047.886560006884,3.2865360948991764,0.0,1
0.1,10,100,4,Unscaled,Gaussian,absolute_residual,0.9475,28596.158563856297,2.790170673287979,0.0,1
0.1,10,100,4,Empirical_copula,Gaussian,absolute_residual,0.84,8363.450230792107,2.8898550327181987,0.0020008087158203125,1
0.1,10,100,5,TSCP_R,Gaussian,absolute_residual,0.8825,13921.527913432425,3.0043903161129295,0.003998279571533203,1
0.1,10,100,5,Point_CHR,Gaussian,absolute_residual,0.901875,17083.970289602694,3.3715408252672394,0.0,1
0.1,10,100,5,Unscaled,Gaussian,absolute_residual,0.908125,14781.596323753987,2.6119937521543712,0.0,1
0.1,10,100,5,Empirical_copula,Gaussian,absolute_residual,0.785,7285.612906561226,3.5367620701957243,0.002000093460083008,1
0.1,10,100,6,TSCP_R,Gaussian,absolute_residual,0.888125,12028.060186834036,2.723953360213491,0.004004478454589844,1
0.1,10,100,6,Point_CHR,Gaussian,absolute_residual,0.95875,51868.19923715209,3.2636628118636617,0.0,1
0.1,10,100,6,Unscaled,Gaussian,absolute_residual,0.90625,13486.651955297091,2.5881557931943227,0.0,1
0.1,10,100,6,Empirical_copula,Gaussian,absolute_residual,0.820625,6888.885938495993,2.856429041642011,0.0009996891021728516,1
0.1,10,100,7,TSCP_R,Gaussian,absolute_residual,0.92375,20628.405832522647,3.0399793880774637,0.0030066967010498047,1
0.1,10,100,7,Point_CHR,Gaussian,absolute_residual,0.93125,27222.485472129054,3.1898022848903755,0.0009996891021728516,1
0.1,10,100,7,Unscaled,Gaussian,absolute_residual,0.915625,15535.910271334558,2.6250263694509126,0.0,1
0.1,10,100,7,Empirical_copula,Gaussian,absolute_residual,0.865,9487.745463189225,2.790268979660958,0.0009999275207519531,1
0.1,10,100,8,TSCP_R,Gaussian,absolute_residual,0.879375,9476.120273473614,2.7808195297086318,0.004012346267700195,1
0.1,10,100,8,Point_CHR,Gaussian,absolute_residual,0.91,17224.404401205466,3.025378899575361,0.0,1
0.1,10,100,8,Unscaled,Gaussian,absolute_residual,0.841875,6237.695131005962,2.3960860707936287,0.0,1
0.1,10,100,8,Empirical_copula,Gaussian,absolute_residual,0.7675,3652.0664149443032,2.846401692688726,0.000997304916381836,1
0.1,10,100,9,TSCP_R,Gaussian,absolute_residual,0.82125,5722.771794888326,2.6171289054067137,0.0030088424682617188,1
0.1,10,100,9,Point_CHR,Gaussian,absolute_residual,0.9175,22968.482710622764,3.744496309826164,0.000997781753540039,1
0.1,10,100,9,Unscaled,Gaussian,absolute_residual,0.82875,5675.994820260046,2.3735817769377863,0.0,1
0.1,10,100,9,Empirical_copula,Gaussian,absolute_residual,0.7325,3024.4199856577593,2.6330228616645917,0.0010039806365966797,1
0.1,10,100,10,TSCP_R,Gaussian,absolute_residual,0.91625,22029.685015256335,3.0936789348440232,0.003005504608154297,1
0.1,10,100,10,Point_CHR,Gaussian,absolute_residual,0.906875,36953.90269863139,3.5365292728304265,0.0010001659393310547,1
0.1,10,100,10,Unscaled,Gaussian,absolute_residual,0.920625,18066.583056052008,2.664941022784032,0.0,1
0.1,10,100,10,Empirical_copula,Gaussian,absolute_residual,0.80625,5341.061040283223,2.895580517762405,0.0009999275207519531,1
0.1,10,100,11,TSCP_R,Gaussian,absolute_residual,0.9275,20512.85068317698,2.9762876161765934,0.0040073394775390625,1
0.1,10,100,11,Point_CHR,Gaussian,absolute_residual,0.929375,26453.13655575376,3.360534937408548,0.0009980201721191406,1
0.1,10,100,11,Unscaled,Gaussian,absolute_residual,0.933125,19428.760352326008,2.6843831813774557,0.0,1
0.1,10,100,11,Empirical_copula,Gaussian,absolute_residual,0.8425,7120.82240125844,2.850302917752586,0.0009953975677490234,1
0.1,10,100,12,TSCP_R,Gaussian,absolute_residual,0.948125,42842.49396678747,3.347913649677736,0.004000663757324219,1
0.1,10,100,12,Point_CHR,Gaussian,absolute_residual,0.95375,82200.278587524,3.717772561145114,0.0,1
0.1,10,100,12,Unscaled,Gaussian,absolute_residual,0.91125,16702.953491294793,2.644108834208169,0.0,1
0.1,10,100,12,Empirical_copula,Gaussian,absolute_residual,0.859375,10376.330109495033,2.881815349664753,0.00099945068359375,1
0.1,10,100,13,TSCP_R,Gaussian,absolute_residual,0.83375,6270.522894889272,2.728852581496487,0.0040073394775390625,1
0.1,10,100,13,Point_CHR,Gaussian,absolute_residual,0.891875,22532.950474393023,3.307508423777679,0.0,1
0.1,10,100,13,Unscaled,Gaussian,absolute_residual,0.7975,3916.534065306146,2.28712652588766,0.0,1
0.1,10,100,13,Empirical_copula,Gaussian,absolute_residual,0.72875,2698.87546368836,2.439767814485748,0.0009996891021728516,1
0.1,10,100,14,TSCP_R,Gaussian,absolute_residual,0.893125,12620.138106383758,2.8812973438704534,0.003006458282470703,1
0.1,10,100,14,Point_CHR,Gaussian,absolute_residual,0.939375,28421.111917856168,3.0366958913014033,0.0010004043579101562,1
0.1,10,100,14,Unscaled,Gaussian,absolute_residual,0.8975,13313.479061521513,2.5848131589901193,0.0,1
0.1,10,100,14,Empirical_copula,Gaussian,absolute_residual,0.805,5943.653836705147,2.705515755551602,0.0009932518005371094,1
0.1,10,100,15,TSCP_R,Gaussian,absolute_residual,0.88625,13315.642773037232,2.858868296145734,0.003999948501586914,1
0.1,10,100,15,Point_CHR,Gaussian,absolute_residual,0.95,66042.52057205835,3.7561423965250746,0.0009999275207519531,1
0.1,10,100,15,Unscaled,Gaussian,absolute_residual,0.878125,10753.031365948475,2.5301897454619007,0.0,1
0.1,10,100,15,Empirical_copula,Gaussian,absolute_residual,0.79125,4843.5216342628055,2.7236977477662707,0.0010089874267578125,1
0.1,10,100,16,TSCP_R,Gaussian,absolute_residual,0.90125,13320.666072442684,2.866738070178554,0.004007577896118164,1
0.1,10,100,16,Point_CHR,Gaussian,absolute_residual,0.821875,6578.916457961034,3.1068748987858354,0.0,1
0.1,10,100,16,Unscaled,Gaussian,absolute_residual,0.90375,13329.679267130821,2.5851275140342036,0.0,1
0.1,10,100,16,Empirical_copula,Gaussian,absolute_residual,0.803125,5724.347852845934,2.866181691416876,0.0020008087158203125,1
0.1,10,100,17,TSCP_R,Gaussian,absolute_residual,0.9625,47991.59934831493,3.2645260968965513,0.004195451736450195,1
0.1,10,100,17,Point_CHR,Gaussian,absolute_residual,0.989375,220744.97214476918,4.169825464570729,0.0,1
0.1,10,100,17,Unscaled,Gaussian,absolute_residual,0.96625,43620.40678622563,2.910509164625082,0.0012860298156738281,1
0.1,10,100,17,Empirical_copula,Gaussian,absolute_residual,0.834375,11079.3761422105,3.262815571520431,0.001004934310913086,1
0.1,10,100,18,TSCP_R,Gaussian,absolute_residual,0.916875,16711.729916336477,3.0313101161755713,0.005008697509765625,1
0.1,10,100,18,Point_CHR,Gaussian,absolute_residual,0.90125,13945.175982801762,3.2585216842571416,0.0,1
0.1,10,100,18,Unscaled,Gaussian,absolute_residual,0.928125,16806.073543905575,2.645736726467512,0.0,1
0.1,10,100,18,Empirical_copula,Gaussian,absolute_residual,0.82125,5593.566360953648,2.6711409546942635,0.0009911060333251953,1
0.1,10,100,19,TSCP_R,Gaussian,absolute_residual,0.9125,19502.380029993554,3.142725016270716,0.0040056705474853516,1
0.1,10,100,19,Point_CHR,Gaussian,absolute_residual,0.93125,33344.52085504427,3.4431781103830286,0.0,1
0.1,10,100,19,Unscaled,Gaussian,absolute_residual,0.934375,21417.617054967483,2.7106729061493477,0.0,1
0.1,10,100,19,Empirical_copula,Gaussian,absolute_residual,0.838125,7898.125309711086,2.8785469767912346,0.00099945068359375,1
0.1,10,100,20,TSCP_R,Gaussian,absolute_residual,0.910625,17301.599018942277,3.225746666605683,0.004000186920166016,1
0.1,10,100,20,Point_CHR,Gaussian,absolute_residual,0.87,17711.33686914841,3.9773801611950432,0.0,1
0.1,10,100,20,Unscaled,Gaussian,absolute_residual,0.914375,15906.795844053564,2.63122671985132,0.0,1
0.1,10,100,20,Empirical_copula,Gaussian,absolute_residual,0.849375,7570.09877308256,2.799636891025643,0.0010089874267578125,1
0.1,10,100,21,TSCP_R,Gaussian,absolute_residual,0.9225,17958.753249169677,2.9042509200358086,0.005002498626708984,1
0.1,10,100,21,Point_CHR,Gaussian,absolute_residual,0.91125,20337.57852548143,3.189007731992522,0.0,1
0.1,10,100,21,Unscaled,Gaussian,absolute_residual,0.869375,8904.585755627639,2.482912255112308,0.0,1
0.1,10,100,21,Empirical_copula,Gaussian,absolute_residual,0.84625,9040.521869214588,3.2325254498908267,0.0010008811950683594,1
0.1,10,100,22,TSCP_R,Gaussian,absolute_residual,0.89625,13306.927255499333,2.791276556515863,0.0030095577239990234,1
0.1,10,100,22,Point_CHR,Gaussian,absolute_residual,0.89125,16147.90645177234,3.23105744887039,0.0009906291961669922,1
0.1,10,100,22,Unscaled,Gaussian,absolute_residual,0.879375,11135.630233115982,2.539051326443474,0.0,1
0.1,10,100,22,Empirical_copula,Gaussian,absolute_residual,0.815,5955.895177288076,2.6196215264665206,0.0010008811950683594,1
0.1,10,100,23,TSCP_R,Gaussian,absolute_residual,0.916875,17161.407116535935,3.093569868590302,0.00400543212890625,1
0.1,10,100,23,Point_CHR,Gaussian,absolute_residual,0.881875,10670.253126779486,2.8959182256422267,0.0010006427764892578,1
0.1,10,100,23,Unscaled,Gaussian,absolute_residual,0.9075,13244.55148194428,2.583471801376412,0.0,1
0.1,10,100,23,Empirical_copula,Gaussian,absolute_residual,0.84375,7885.1758341508785,3.0958793730369933,0.0009992122650146484,1
0.1,10,100,24,TSCP_R,Gaussian,absolute_residual,0.870625,11103.320022154427,2.9319907503299154,0.0040073394775390625,1
0.1,10,100,24,Point_CHR,Gaussian,absolute_residual,0.8725,10164.231768688158,2.754103062381528,0.0,1
0.1,10,100,24,Unscaled,Gaussian,absolute_residual,0.8925,11252.368432203813,2.5417006170859837,0.0,1
0.1,10,100,24,Empirical_copula,Gaussian,absolute_residual,0.8075,6930.487835668177,2.8648434620381913,0.0009996891021728516,1
0.1,10,100,25,TSCP_R,Gaussian,absolute_residual,0.9425,27471.204089599076,3.219731862442753,0.004001140594482422,1
0.1,10,100,25,Point_CHR,Gaussian,absolute_residual,0.924375,28062.31613584679,3.4778633732178683,0.0,1
0.1,10,100,25,Unscaled,Gaussian,absolute_residual,0.90375,12263.043004715482,2.5636564454903903,0.0,1
0.1,10,100,25,Empirical_copula,Gaussian,absolute_residual,0.860625,8308.876433161027,2.7934802710185522,0.0010075569152832031,1
0.1,10,100,26,TSCP_R,Gaussian,absolute_residual,0.900625,17757.810418549234,3.191850120125746,0.004000425338745117,1
0.1,10,100,26,Point_CHR,Gaussian,absolute_residual,0.913125,19962.695311238436,2.9794239787496535,0.0,1
0.1,10,100,26,Unscaled,Gaussian,absolute_residual,0.90625,16391.56281294123,2.6391376125521746,0.0,1
0.1,10,100,26,Empirical_copula,Gaussian,absolute_residual,0.81,6294.370198847167,2.804001362752889,0.0010104179382324219,1
0.1,10,100,27,TSCP_R,Gaussian,absolute_residual,0.893125,13871.040839236015,2.861842182927396,0.0040013790130615234,1
0.1,10,100,27,Point_CHR,Gaussian,absolute_residual,0.9125,25919.79789013981,3.321555267960523,0.0010008811950683594,1
0.1,10,100,27,Unscaled,Gaussian,absolute_residual,0.898125,13395.51636048503,2.586401514516953,0.0,1
0.1,10,100,27,Empirical_copula,Gaussian,absolute_residual,0.794375,5941.561141550525,2.979989338175953,0.0009987354278564453,1
0.1,10,100,28,TSCP_R,Gaussian,absolute_residual,0.92125,22526.97480158719,2.9817606984150604,0.004008769989013672,1
0.1,10,100,28,Point_CHR,Gaussian,absolute_residual,0.9625,108317.62610173583,4.329027328979432,0.001001119613647461,1
0.1,10,100,28,Unscaled,Gaussian,absolute_residual,0.89625,12753.61302408071,2.5737320073067775,0.0,1
0.1,10,100,28,Empirical_copula,Gaussian,absolute_residual,0.8375,8378.957070882785,2.9814671905656844,0.0009970664978027344,1
0.1,10,100,29,TSCP_R,Gaussian,absolute_residual,0.899375,14004.668259303116,2.943410987442017,0.0040056705474853516,1
0.1,10,100,29,Point_CHR,Gaussian,absolute_residual,0.91375,20958.768102455164,3.040291501899014,0.0010025501251220703,1
0.1,10,100,29,Unscaled,Gaussian,absolute_residual,0.886875,11000.408558173283,2.535951138596164,0.0,1
0.1,10,100,29,Empirical_copula,Gaussian,absolute_residual,0.846875,7625.18042851767,2.661172843235466,0.000997304916381836,1
0.1,10,100,30,TSCP_R,Gaussian,absolute_residual,0.915625,19811.138764113413,2.9652376138252663,0.0030059814453125,1
0.1,10,100,30,Point_CHR,Gaussian,absolute_residual,0.895,20552.39722950872,3.1818847103221186,0.0009999275207519531,1
0.1,10,100,30,Unscaled,Gaussian,absolute_residual,0.91,13370.958890284603,2.585926968142531,0.0,1
0.1,10,100,30,Empirical_copula,Gaussian,absolute_residual,0.810625,8249.985567800184,3.069030342410761,0.0009937286376953125,1
0.1,10,100,31,TSCP_R,Gaussian,absolute_residual,0.831875,6417.529024771048,2.6504545107282587,0.0040013790130615234,1
0.1,10,100,31,Point_CHR,Gaussian,absolute_residual,0.796875,5968.341212036579,2.930489673106167,0.0,1
0.1,10,100,31,Unscaled,Gaussian,absolute_residual,0.805,4600.434498321859,2.324234188328648,0.0,1
0.1,10,100,31,Empirical_copula,Gaussian,absolute_residual,0.734375,2889.875926495248,2.6173493339405347,0.0010063648223876953,1
0.1,10,100,32,TSCP_R,Gaussian,absolute_residual,0.87125,8913.643809654415,2.7507448698743096,0.004003047943115234,1
0.1,10,100,32,Point_CHR,Gaussian,absolute_residual,0.889375,16174.250880236277,3.216154384050437,0.0009999275207519531,1
0.1,10,100,32,Unscaled,Gaussian,absolute_residual,0.876875,8104.466192798536,2.4596450650959714,0.0,1
0.1,10,100,32,Empirical_copula,Gaussian,absolute_residual,0.788125,4371.832613975558,2.6690334418925197,0.000997781753540039,1
0.1,10,100,33,TSCP_R,Gaussian,absolute_residual,0.9375,31973.429118819506,3.276361314434297,0.004006147384643555,1
0.1,10,100,33,Point_CHR,Gaussian,absolute_residual,0.939375,32343.176077635377,3.240144979363665,0.0,1
0.1,10,100,33,Unscaled,Gaussian,absolute_residual,0.94875,29039.992552548418,2.794471276937378,0.0,1
0.1,10,100,33,Empirical_copula,Gaussian,absolute_residual,0.84125,9616.840677248738,3.2756520186472864,0.0019936561584472656,1
0.1,10,100,34,TSCP_R,Gaussian,absolute_residual,0.933125,33266.62701689961,3.084703211526577,0.004000425338745117,1
0.1,10,100,34,Point_CHR,Gaussian,absolute_residual,0.941875,33655.56199145436,3.8478885699070977,0.0,1
0.1,10,100,34,Unscaled,Gaussian,absolute_residual,0.930625,18330.257767379055,2.668805089808818,0.0,1
0.1,10,100,34,Empirical_copula,Gaussian,absolute_residual,0.825625,8134.518364645462,3.0832046529528694,0.0010099411010742188,1
0.1,10,100,35,TSCP_R,Gaussian,absolute_residual,0.914375,19696.456301971364,3.104534236174455,0.003009319305419922,1
0.1,10,100,35,Point_CHR,Gaussian,absolute_residual,0.944375,45207.56905462113,3.512593479487049,0.000997781753540039,1
0.1,10,100,35,Unscaled,Gaussian,absolute_residual,0.923125,18080.343111240363,2.6651439232082157,0.0,1
0.1,10,100,35,Empirical_copula,Gaussian,absolute_residual,0.8675,10395.259441836663,3.1832955315243225,0.0009996891021728516,1
0.1,10,100,36,TSCP_R,Gaussian,absolute_residual,0.909375,17187.909738216164,3.2158688223320118,0.003998279571533203,1
0.1,10,100,36,Point_CHR,Gaussian,absolute_residual,0.90125,24097.602391931472,3.894916405107963,0.0,1
0.1,10,100,36,Unscaled,Gaussian,absolute_residual,0.928125,16011.097473566031,2.6329469581579623,0.0,1
0.1,10,100,36,Empirical_copula,Gaussian,absolute_residual,0.8375,9440.074688712786,3.26832346180841,0.00099945068359375,1
0.1,10,100,37,TSCP_R,Gaussian,absolute_residual,0.9025,13543.554588639083,2.7605820436798063,0.003999233245849609,1
0.1,10,100,37,Point_CHR,Gaussian,absolute_residual,0.9025,15681.173077106034,3.3150518092579944,0.001001596450805664,1
0.1,10,100,37,Unscaled,Gaussian,absolute_residual,0.89625,11818.061865751959,2.554198384715901,0.0,1
0.1,10,100,37,Empirical_copula,Gaussian,absolute_residual,0.845625,8465.892329126971,3.1054061914299247,0.0010066032409667969,1
0.1,10,100,38,TSCP_R,Gaussian,absolute_residual,0.88375,9969.11856261775,2.86333028016647,0.004006147384643555,1
0.1,10,100,38,Point_CHR,Gaussian,absolute_residual,0.90875,16876.77657405798,2.889123351991631,0.0009996891021728516,1
0.1,10,100,38,Unscaled,Gaussian,absolute_residual,0.8475,6478.851808493627,2.4051922989867505,0.0,1
0.1,10,100,38,Empirical_copula,Gaussian,absolute_residual,0.77625,3804.7233486610403,2.591206356560569,0.0009999275207519531,1
0.1,10,100,39,TSCP_R,Gaussian,absolute_residual,0.89625,13309.013575809828,2.9058578466682,0.0030062198638916016,1
0.1,10,100,39,Point_CHR,Gaussian,absolute_residual,0.88,12511.252730225171,2.9749144918540633,0.000993490219116211,1
0.1,10,100,39,Unscaled,Gaussian,absolute_residual,0.873125,9181.775062864346,2.4905350892947653,0.0,1
0.1,10,100,39,Empirical_copula,Gaussian,absolute_residual,0.783125,5179.580076531933,3.092217761300752,0.0010077953338623047,1
0.1,10,100,40,TSCP_R,Gaussian,absolute_residual,0.915625,19327.358061408126,3.1027854277471727,0.004006147384643555,1
0.1,10,100,40,Point_CHR,Gaussian,absolute_residual,0.931875,35154.880952172505,3.660426993300592,0.0,1
0.1,10,100,40,Unscaled,Gaussian,absolute_residual,0.914375,15529.833228024367,2.624923670559534,0.0,1
0.1,10,100,40,Empirical_copula,Gaussian,absolute_residual,0.8275,6900.536908767429,2.7520856118938006,0.0020020008087158203,1
0.1,10,100,41,TSCP_R,Gaussian,absolute_residual,0.87125,9014.50894845989,2.6598388639178254,0.004004240036010742,1
0.1,10,100,41,Point_CHR,Gaussian,absolute_residual,0.835625,6800.782765058402,2.6262831215542395,0.0,1
0.1,10,100,41,Unscaled,Gaussian,absolute_residual,0.819375,5437.981996729073,2.363435619617463,0.0,1
0.1,10,100,41,Empirical_copula,Gaussian,absolute_residual,0.765625,3796.0907425914374,2.547124550594342,0.0010006427764892578,1
0.1,10,100,42,TSCP_R,Gaussian,absolute_residual,0.88375,10342.835935103612,2.721602173468671,0.004004716873168945,1
0.1,10,100,42,Point_CHR,Gaussian,absolute_residual,0.8575,9320.418751123767,2.9251849772432705,0.0,1
0.1,10,100,42,Unscaled,Gaussian,absolute_residual,0.89125,9811.044778360787,2.5070992431860657,0.0,1
0.1,10,100,42,Empirical_copula,Gaussian,absolute_residual,0.84625,6750.5250936616085,2.6392994041970237,0.0009999275207519531,1
0.1,10,100,43,TSCP_R,Gaussian,absolute_residual,0.886875,14776.136465311709,2.95497056986677,0.004004716873168945,1
0.1,10,100,43,Point_CHR,Gaussian,absolute_residual,0.845,9884.063414142363,2.995808285902341,0.0,1
0.1,10,100,43,Unscaled,Gaussian,absolute_residual,0.8975,12630.804983026612,2.5712428851690503,0.0,1
0.1,10,100,43,Empirical_copula,Gaussian,absolute_residual,0.836875,8332.483376881713,3.0591211614735627,0.0009996891021728516,1
0.1,10,100,44,TSCP_R,Gaussian,absolute_residual,0.865,10112.395133399541,2.984882307658169,0.003991842269897461,1
0.1,10,100,44,Point_CHR,Gaussian,absolute_residual,0.90625,28154.98506154207,3.2767973291356007,0.0,1
0.1,10,100,44,Unscaled,Gaussian,absolute_residual,0.879375,10602.450095550133,2.526624038273364,0.0,1
0.1,10,100,44,Empirical_copula,Gaussian,absolute_residual,0.784375,4451.396947923887,2.937403842653758,0.0009999275207519531,1
0.1,10,100,45,TSCP_R,Gaussian,absolute_residual,0.918125,15223.93591366642,2.9374344660417444,0.002997875213623047,1
0.1,10,100,45,Point_CHR,Gaussian,absolute_residual,0.9475,34944.11735063993,3.3481794718823332,0.00099945068359375,1
0.1,10,100,45,Unscaled,Gaussian,absolute_residual,0.896875,10612.569340224569,2.5268650821096093,0.0,1
0.1,10,100,45,Empirical_copula,Gaussian,absolute_residual,0.848125,6623.368057427237,2.628231133044359,0.001001119613647461,1
0.1,10,100,46,TSCP_R,Gaussian,absolute_residual,0.940625,31147.759590017955,3.0803478326209874,0.003999233245849609,1
0.1,10,100,46,Point_CHR,Gaussian,absolute_residual,0.94125,28206.313833522832,3.2160292458872575,0.0009961128234863281,1
0.1,10,100,46,Unscaled,Gaussian,absolute_residual,0.93125,23146.276346498227,2.7317950477283057,0.0,1
0.1,10,100,46,Empirical_copula,Gaussian,absolute_residual,0.868125,10303.248952446904,3.0594833261502705,0.0010061264038085938,1
0.1,10,100,47,TSCP_R,Gaussian,absolute_residual,0.8475,7464.6986850365665,2.6732501256556014,0.004008769989013672,1
0.1,10,100,47,Point_CHR,Gaussian,absolute_residual,0.9175,27739.807035512214,3.138303950946814,0.0,1
0.1,10,100,47,Unscaled,Gaussian,absolute_residual,0.86125,7680.817835822133,2.446474799232647,0.0,1
0.1,10,100,47,Empirical_copula,Gaussian,absolute_residual,0.789375,4061.5230032418376,2.5437850984265644,0.0009984970092773438,1
0.1,10,100,48,TSCP_R,Gaussian,absolute_residual,0.92,18082.39589981524,2.878051936089495,0.003987789154052734,1
0.1,10,100,48,Point_CHR,Gaussian,absolute_residual,0.904375,20160.07433055333,3.179944421886936,0.0010075569152832031,1
0.1,10,100,48,Unscaled,Gaussian,absolute_residual,0.911875,14144.052436754884,2.6005031595861197,0.0,1
0.1,10,100,48,Empirical_copula,Gaussian,absolute_residual,0.78875,5327.230395123373,2.6610078787196265,0.0009992122650146484,1
0.1,10,100,49,TSCP_R,Gaussian,absolute_residual,0.943125,28867.992270459123,2.9450672204275605,0.003997325897216797,1
0.1,10,100,49,Point_CHR,Gaussian,absolute_residual,0.93875,31211.98991827443,3.2320709343242404,0.0,1
0.1,10,100,49,Unscaled,Gaussian,absolute_residual,0.935625,21920.32467939783,2.7169690939004236,0.0,1
0.1,10,100,49,Empirical_copula,Gaussian,absolute_residual,0.8625,9965.891321925375,2.7169690938373954,0.0010001659393310547,1
0.1,10,100,50,TSCP_R,Gaussian,absolute_residual,0.9125,13650.490874264116,2.897885626447496,0.002997159957885742,1
0.1,10,100,50,Point_CHR,Gaussian,absolute_residual,0.948125,28457.569120707623,3.064609088098451,0.0010004043579101562,1
0.1,10,100,50,Unscaled,Gaussian,absolute_residual,0.893125,9139.951547780123,2.4893983040890095,0.0,1
0.1,10,100,50,Empirical_copula,Gaussian,absolute_residual,0.824375,5370.885413252275,2.9420985372522828,0.0009999275207519531,1
0.1,10,100,51,TSCP_R,Gaussian,absolute_residual,0.8875,11616.464748604381,2.8298439122694083,0.0039997100830078125,1
0.1,10,100,51,Point_CHR,Gaussian,absolute_residual,0.870625,9353.734256001304,2.8487430775219,0.0,1
0.1,10,100,51,Unscaled,Gaussian,absolute_residual,0.845625,6727.849526688432,2.414279945943315,0.0,1
0.1,10,100,51,Empirical_copula,Gaussian,absolute_residual,0.779375,3663.0770581597394,2.4558766960819085,0.0010271072387695312,1
0.1,10,100,52,TSCP_R,Gaussian,absolute_residual,0.891875,13324.211567577315,3.024572791483978,0.0030090808868408203,1
0.1,10,100,52,Point_CHR,Gaussian,absolute_residual,0.885,20055.530666787778,3.306612260081441,0.0010008811950683594,1
0.1,10,100,52,Unscaled,Gaussian,absolute_residual,0.89125,11016.923880153568,2.5363316133817126,0.0,1
0.1,10,100,52,Empirical_copula,Gaussian,absolute_residual,0.8225,5834.187986195093,2.7927412186397182,0.00099945068359375,1
0.1,10,100,53,TSCP_R,Gaussian,absolute_residual,0.92125,17681.417283648596,2.909598929647017,0.003999233245849609,1
0.1,10,100,53,Point_CHR,Gaussian,absolute_residual,0.905625,18626.564210061857,3.390033757909,0.0,1
0.1,10,100,53,Unscaled,Gaussian,absolute_residual,0.894375,11552.8228845627,2.5484071301976114,0.0,1
0.1,10,100,53,Empirical_copula,Gaussian,absolute_residual,0.87,8894.829953762879,2.647471462071941,0.0009992122650146484,1
0.1,10,100,54,TSCP_R,Gaussian,absolute_residual,0.96375,43772.63663014133,3.186398847757175,0.003007650375366211,1
0.1,10,100,54,Point_CHR,Gaussian,absolute_residual,0.963125,62410.72790062869,3.9328006685559673,0.0009996891021728516,1
0.1,10,100,54,Unscaled,Gaussian,absolute_residual,0.961875,36570.828845518976,2.859653940117211,0.0,1
0.1,10,100,54,Empirical_copula,Gaussian,absolute_residual,0.881875,12545.541035009313,3.245650826480997,0.00099945068359375,1
0.1,10,100,55,TSCP_R,Gaussian,absolute_residual,0.848125,9298.88405907011,2.7972022378140426,0.0040090084075927734,1
0.1,10,100,55,Point_CHR,Gaussian,absolute_residual,0.863125,13163.850776993106,3.149349203396424,0.0,1
0.1,10,100,55,Unscaled,Gaussian,absolute_residual,0.868125,9370.533392305539,2.4956083569316037,0.0009982585906982422,1
0.1,10,100,55,Empirical_copula,Gaussian,absolute_residual,0.765,3760.942200306476,2.6526240854441063,0.0009961128234863281,1
0.1,10,100,56,TSCP_R,Gaussian,absolute_residual,0.90125,15127.335093649277,2.9395645943990174,0.0041162967681884766,1
0.1,10,100,56,Point_CHR,Gaussian,absolute_residual,0.93875,46399.5187434186,3.5523360100672745,0.0,1
0.1,10,100,56,Unscaled,Gaussian,absolute_residual,0.874375,8988.384783656942,2.485239030654709,0.0,1
0.1,10,100,56,Empirical_copula,Gaussian,absolute_residual,0.84875,8186.467094310252,3.1095048894067903,0.0010027885437011719,1
0.1,10,100,57,TSCP_R,Gaussian,absolute_residual,0.894375,13751.33036374496,2.9431533866916424,0.003992557525634766,1
0.1,10,100,57,Point_CHR,Gaussian,absolute_residual,0.93875,29612.58882346724,3.367377454273444,0.0009999275207519531,1
0.1,10,100,57,Unscaled,Gaussian,absolute_residual,0.911875,14410.121351817224,2.6053541368977373,0.0,1
0.1,10,100,57,Empirical_copula,Gaussian,absolute_residual,0.79625,5831.300993048633,3.0342593075925386,0.0010004043579101562,1
0.1,10,100,58,TSCP_R,Gaussian,absolute_residual,0.84125,8419.307514076516,2.7611324860913578,0.003998279571533203,1
0.1,10,100,58,Point_CHR,Gaussian,absolute_residual,0.88125,19258.742068108764,3.2382666298736966,0.0,1
0.1,10,100,58,Unscaled,Gaussian,absolute_residual,0.856875,9361.028487819383,2.4953551018357185,0.0,1
0.1,10,100,58,Empirical_copula,Gaussian,absolute_residual,0.794375,5489.648592484539,2.678296192272054,0.0009992122650146484,1
0.1,10,100,59,TSCP_R,Gaussian,absolute_residual,0.90625,16496.55416605787,3.1918552644726237,0.003995180130004883,1
0.1,10,100,59,Point_CHR,Gaussian,absolute_residual,0.89125,19091.681198294442,3.6696175643021958,0.0,1
0.1,10,100,59,Unscaled,Gaussian,absolute_residual,0.9225,16206.199658831445,2.636137860236194,0.0,1
0.1,10,100,59,Empirical_copula,Gaussian,absolute_residual,0.815,6450.427257380768,3.060502707930431,0.0009999275207519531,1
0.1,10,100,60,TSCP_R,Gaussian,absolute_residual,0.9125,15782.68652049499,2.937051236206381,0.0030066967010498047,1
0.1,10,100,60,Point_CHR,Gaussian,absolute_residual,0.905,21765.584158733367,3.2685103299665155,0.0009999275207519531,1
0.1,10,100,60,Unscaled,Gaussian,absolute_residual,0.916875,14748.377766734198,2.611406166537255,0.0,1
0.1,10,100,60,Empirical_copula,Gaussian,absolute_residual,0.8675,8372.162728712665,2.730061688866204,0.0010004043579101562,1
0.1,10,100,61,TSCP_R,Gaussian,absolute_residual,0.893125,13362.725807757799,2.973577564768679,0.0040073394775390625,1
0.1,10,100,61,Point_CHR,Gaussian,absolute_residual,0.91625,19850.30984333472,2.977518481497338,0.0,1
0.1,10,100,61,Unscaled,Gaussian,absolute_residual,0.89,12828.257360690302,2.5752344082508074,0.0,1
0.1,10,100,61,Empirical_copula,Gaussian,absolute_residual,0.81375,6294.829610495882,2.779132650936398,0.0009999275207519531,1
0.1,10,100,62,TSCP_R,Gaussian,absolute_residual,0.94375,27347.494189513553,2.9606176632706953,0.0030024051666259766,1
0.1,10,100,62,Point_CHR,Gaussian,absolute_residual,0.923125,17468.943364810075,3.085442738137087,0.0010013580322265625,1
0.1,10,100,62,Unscaled,Gaussian,absolute_residual,0.935,21448.667490048207,2.711065632907609,0.0,1
0.1,10,100,62,Empirical_copula,Gaussian,absolute_residual,0.879375,11710.482723940417,3.0923849967588595,0.0009987354278564453,1
0.1,10,100,63,TSCP_R,Gaussian,absolute_residual,0.880625,9832.663798762202,2.775068181345463,0.0029969215393066406,1
0.1,10,100,63,Point_CHR,Gaussian,absolute_residual,0.904375,17307.791572029153,3.143048419686787,0.0009899139404296875,1
0.1,10,100,63,Unscaled,Gaussian,absolute_residual,0.886875,10565.470311374234,2.5257414028128857,0.0,1
0.1,10,100,63,Empirical_copula,Gaussian,absolute_residual,0.811875,4436.966418313052,2.8205098802608095,0.0010006427764892578,1
0.1,10,100,64,TSCP_R,Gaussian,absolute_residual,0.915,17867.001388518605,2.8861422029503765,0.002998828887939453,1
0.1,10,100,64,Point_CHR,Gaussian,absolute_residual,0.87375,13965.275457448954,2.9636219339377545,0.0009999275207519531,1
0.1,10,100,64,Unscaled,Gaussian,absolute_residual,0.899375,11762.350359933973,2.5529917485713787,0.0,1
0.1,10,100,64,Empirical_copula,Gaussian,absolute_residual,0.82875,7090.9202779819525,2.8809414926844177,0.0009992122650146484,1
0.1,10,100,65,TSCP_R,Gaussian,absolute_residual,0.886875,12821.262984119814,2.8737770569181835,0.004007577896118164,1
0.1,10,100,65,Point_CHR,Gaussian,absolute_residual,0.9325,33253.57672177171,3.280788621364736,0.0009999275207519531,1
0.1,10,100,65,Unscaled,Gaussian,absolute_residual,0.8525,6777.631822359946,2.416060456434512,0.0,1
0.1,10,100,65,Empirical_copula,Gaussian,absolute_residual,0.820625,6307.504161736872,3.1428621670198176,0.0010001659393310547,1
0.1,10,100,66,TSCP_R,Gaussian,absolute_residual,0.85375,7204.653870157601,2.824343011933751,0.003997325897216797,1
0.1,10,100,66,Point_CHR,Gaussian,absolute_residual,0.88,11940.505106749226,2.9883711499886845,0.0010001659393310547,1
0.1,10,100,66,Unscaled,Gaussian,absolute_residual,0.81875,4813.570830015218,2.334784151548684,0.0,1
0.1,10,100,66,Empirical_copula,Gaussian,absolute_residual,0.78125,3605.353023910774,2.691838350321877,0.0010001659393310547,1
0.1,10,100,67,TSCP_R,Gaussian,absolute_residual,0.964375,59926.06176223569,3.5030995229697623,0.004019260406494141,1
0.1,10,100,67,Point_CHR,Gaussian,absolute_residual,0.961875,59894.44010134512,3.728438165054511,0.0,1
0.1,10,100,67,Unscaled,Gaussian,absolute_residual,0.94,25981.261951479308,2.763541712609519,0.0,1
0.1,10,100,67,Empirical_copula,Gaussian,absolute_residual,0.9,14750.086594344086,2.8969734790457053,0.0010004043579101562,1
0.1,10,100,68,TSCP_R,Gaussian,absolute_residual,0.868125,8607.107379215073,2.8379340222287803,0.003999948501586914,1
0.1,10,100,68,Point_CHR,Gaussian,absolute_residual,0.825625,5793.810492246031,2.8431567284853685,0.0,1
0.1,10,100,68,Unscaled,Gaussian,absolute_residual,0.910625,12638.724523382669,2.571404057150137,0.0,1
0.1,10,100,68,Empirical_copula,Gaussian,absolute_residual,0.79,4867.785698981167,2.9869162399247333,0.0009996891021728516,1
0.1,10,100,69,TSCP_R,Gaussian,absolute_residual,0.926875,25289.16013873031,3.097666526771842,0.0040051937103271484,1
0.1,10,100,69,Point_CHR,Gaussian,absolute_residual,0.9025,16474.14674656891,3.0890283124222737,0.0,1
0.1,10,100,69,Unscaled,Gaussian,absolute_residual,0.918125,15922.650257074296,2.631488858479042,0.0,1
0.1,10,100,69,Empirical_copula,Gaussian,absolute_residual,0.86,9718.616603624361,2.9690999483304203,0.0009996891021728516,1
0.1,10,100,70,TSCP_R,Gaussian,absolute_residual,0.909375,19403.86751965839,3.1195126715947854,0.002996206283569336,1
0.1,10,100,70,Point_CHR,Gaussian,absolute_residual,0.858125,10929.223852945923,3.3880895584285593,0.0,1
0.1,10,100,70,Unscaled,Gaussian,absolute_residual,0.90625,13079.840649016993,2.580240842064212,0.0,1
0.1,10,100,70,Empirical_copula,Gaussian,absolute_residual,0.813125,7517.82872691015,3.1787138761709297,0.0010352134704589844,1
0.1,10,100,71,TSCP_R,Gaussian,absolute_residual,0.954375,34116.4964786288,3.106180366187604,0.003000020980834961,1
0.1,10,100,71,Point_CHR,Gaussian,absolute_residual,0.9175,16721.506845416392,2.8855288836548545,0.0009996891021728516,1
0.1,10,100,71,Unscaled,Gaussian,absolute_residual,0.949375,27778.752534965377,2.782090632119869,0.0,1
0.1,10,100,71,Empirical_copula,Gaussian,absolute_residual,0.90875,15361.30338062829,2.920675353360353,0.0009992122650146484,1
0.1,10,100,72,TSCP_R,Gaussian,absolute_residual,0.889375,13030.879678457946,2.8451222354936063,0.0039865970611572266,1
0.1,10,100,72,Point_CHR,Gaussian,absolute_residual,0.84,12034.469237627995,3.318540700011195,0.0,1
0.1,10,100,72,Unscaled,Gaussian,absolute_residual,0.875,8711.008544412687,2.477461099213479,0.0,1
0.1,10,100,72,Empirical_copula,Gaussian,absolute_residual,0.813125,5772.372488892494,2.839459672986589,0.0019991397857666016,1
0.1,10,100,73,TSCP_R,Gaussian,absolute_residual,0.87625,9666.530899295194,2.8291600787320577,0.003986835479736328,1
0.1,10,100,73,Point_CHR,Gaussian,absolute_residual,0.918125,19243.362612207882,3.382125323080579,0.001001596450805664,1
0.1,10,100,73,Unscaled,Gaussian,absolute_residual,0.869375,7730.539782414621,2.4480539354667123,0.0,1
0.1,10,100,73,Empirical_copula,Gaussian,absolute_residual,0.7875,4423.877621867653,2.8497199919139393,0.0009999275207519531,1
0.1,10,100,74,TSCP_R,Gaussian,absolute_residual,0.911875,16471.956730433292,2.8474427905234867,0.003005504608154297,1
0.1,10,100,74,Point_CHR,Gaussian,absolute_residual,0.8925,12732.406683959302,2.9465676025472956,0.0010006427764892578,1
0.1,10,100,74,Unscaled,Gaussian,absolute_residual,0.894375,10914.364256470826,2.5339605214383067,0.0,1
0.1,10,100,74,Empirical_copula,Gaussian,absolute_residual,0.84125,7078.584950520227,2.729184396467023,0.0009996891021728516,1
0.1,10,100,75,TSCP_R,Gaussian,absolute_residual,0.9475,34868.69358327556,3.057183920197285,0.004007101058959961,1
0.1,10,100,75,Point_CHR,Gaussian,absolute_residual,0.973125,116428.15991752261,4.136628704566012,0.0,1
0.1,10,100,75,Unscaled,Gaussian,absolute_residual,0.93625,23485.713687807074,2.7357749977361254,0.0,1
0.1,10,100,75,Empirical_copula,Gaussian,absolute_residual,0.844375,10475.095012164815,3.0807899887434864,0.00099945068359375,1
0.1,10,100,76,TSCP_R,Gaussian,absolute_residual,0.95625,36886.98924611914,3.1171802754014566,0.003997802734375,1
0.1,10,100,76,Point_CHR,Gaussian,absolute_residual,0.9475,44738.43712845029,3.3522725766672252,0.0,1
0.1,10,100,76,Unscaled,Gaussian,absolute_residual,0.94375,26309.860037244118,2.7670171682415687,0.0010004043579101562,1
0.1,10,100,76,Empirical_copula,Gaussian,absolute_residual,0.85875,9756.918096396124,3.046141783166624,0.0009996891021728516,1
0.1,10,100,77,TSCP_R,Gaussian,absolute_residual,0.835,6456.3877948094205,2.751364010754449,0.004006624221801758,1
0.1,10,100,77,Point_CHR,Gaussian,absolute_residual,0.81,7006.510098533572,3.265011488726135,0.0,1
0.1,10,100,77,Unscaled,Gaussian,absolute_residual,0.8325,5490.999031506265,2.3657297792732153,0.0,1
0.1,10,100,77,Empirical_copula,Gaussian,absolute_residual,0.769375,3608.88948205796,2.9130751925783613,0.0010328292846679688,1
0.1,10,100,78,TSCP_R,Gaussian,absolute_residual,0.906875,15073.831396269392,2.931046340037729,0.004002094268798828,1
0.1,10,100,78,Point_CHR,Gaussian,absolute_residual,0.904375,17818.74791507735,3.4406543241294694,0.0,1
0.1,10,100,78,Unscaled,Gaussian,absolute_residual,0.908125,13542.937836392213,2.5892339240918507,0.0,1
0.1,10,100,78,Empirical_copula,Gaussian,absolute_residual,0.835625,6647.582801228595,2.8467765649810217,0.0009999275207519531,1
0.1,10,100,79,TSCP_R,Gaussian,absolute_residual,0.90875,17720.542882696303,2.837386185480392,0.00400233268737793,1
0.1,10,100,79,Point_CHR,Gaussian,absolute_residual,0.931875,30473.775587181957,3.280424799029295,0.0,1
0.1,10,100,79,Unscaled,Gaussian,absolute_residual,0.913125,16752.332068275533,2.644889468398598,0.0,1
0.1,10,100,79,Empirical_copula,Gaussian,absolute_residual,0.79625,6664.002835558925,3.039558775207732,0.0019865036010742188,1
0.1,10,100,80,TSCP_R,Gaussian,absolute_residual,0.909375,19327.466215643748,3.130239127717929,0.00299835205078125,1
0.1,10,100,80,Point_CHR,Gaussian,absolute_residual,0.880625,14409.041759584625,3.100693126068933,0.0010001659393310547,1
0.1,10,100,80,Unscaled,Gaussian,absolute_residual,0.906875,13294.57908916207,2.584445981232981,0.0,1
0.1,10,100,80,Empirical_copula,Gaussian,absolute_residual,0.800625,6320.982611949498,3.3044304196336487,0.0010001659393310547,1
0.1,10,100,81,TSCP_R,Gaussian,absolute_residual,0.941875,29346.222995016356,3.078262306673549,0.004003047943115234,1
0.1,10,100,81,Point_CHR,Gaussian,absolute_residual,0.8525,9347.099227892097,2.952696296041717,0.0010004043579101562,1
0.1,10,100,81,Unscaled,Gaussian,absolute_residual,0.940625,22634.26991033657,2.7256911812409608,0.0,1
0.1,10,100,81,Empirical_copula,Gaussian,absolute_residual,0.8475,9259.493878575448,2.9797751035109563,0.0010006427764892578,1
0.1,10,100,82,TSCP_R,Gaussian,absolute_residual,0.854375,8548.462725132347,2.7968537488907788,0.003000020980834961,1
0.1,10,100,82,Point_CHR,Gaussian,absolute_residual,0.884375,17524.87934790647,3.4689974488267117,0.0010001659393310547,1
0.1,10,100,82,Unscaled,Gaussian,absolute_residual,0.864375,7686.189369441875,2.4466458381520533,0.0,1
0.1,10,100,82,Empirical_copula,Gaussian,absolute_residual,0.755,3415.371459588438,2.5967388436849976,0.0009992122650146484,1
0.1,10,100,83,TSCP_R,Gaussian,absolute_residual,0.8875,15270.15040097591,2.930422582801396,0.004005908966064453,1
0.1,10,100,83,Point_CHR,Gaussian,absolute_residual,0.88625,16886.66909178321,3.4388816576360552,0.0,1
0.1,10,100,83,Unscaled,Gaussian,absolute_residual,0.891875,14148.85832437104,2.6005915063698586,0.0,1
0.1,10,100,83,Empirical_copula,Gaussian,absolute_residual,0.82,7177.950399363541,2.7004167277054796,0.0009999275207519531,1
0.1,10,100,84,TSCP_R,Gaussian,absolute_residual,0.933125,26735.078261831444,3.0257154983319907,0.00399470329284668,1
0.1,10,100,84,Point_CHR,Gaussian,absolute_residual,0.82875,12573.753974040495,3.1642755703870704,0.0,1
0.1,10,100,84,Unscaled,Gaussian,absolute_residual,0.92875,22131.093772456294,2.71957028853116,0.0,1
0.1,10,100,84,Empirical_copula,Gaussian,absolute_residual,0.793125,7352.56340763494,3.2752599000858496,0.001008749008178711,1
0.1,10,100,85,TSCP_R,Gaussian,absolute_residual,0.86625,8637.84525667315,2.67417522428876,0.004000186920166016,1
0.1,10,100,85,Point_CHR,Gaussian,absolute_residual,0.83375,7591.627492463639,2.8250148240000765,0.0,1
0.1,10,100,85,Unscaled,Gaussian,absolute_residual,0.83875,6239.44039011189,2.396153102999023,0.0,1
0.1,10,100,85,Empirical_copula,Gaussian,absolute_residual,0.78125,3672.9187108156348,2.4985276619370684,0.0009984970092773438,1
0.1,10,100,86,TSCP_R,Gaussian,absolute_residual,0.8875,13366.880758198417,3.18312425352233,0.0030133724212646484,1
0.1,10,100,86,Point_CHR,Gaussian,absolute_residual,0.91375,30261.624156290418,3.5164712760473082,0.0010027885437011719,1
0.1,10,100,86,Unscaled,Gaussian,absolute_residual,0.9025,13038.190577055022,2.5794180375345808,0.0,1
0.1,10,100,86,Empirical_copula,Gaussian,absolute_residual,0.8075,6296.0247161800135,3.060499731979263,0.0009992122650146484,1
0.1,10,100,87,TSCP_R,Gaussian,absolute_residual,0.906875,15157.303029721257,2.8494602044456245,0.004009723663330078,1
0.1,10,100,87,Point_CHR,Gaussian,absolute_residual,0.899375,17535.741434917396,3.1248045134659495,0.0010001659393310547,1
0.1,10,100,87,Unscaled,Gaussian,absolute_residual,0.9075,14408.050069982219,2.6053166856393513,0.0,1
0.1,10,100,87,Empirical_copula,Gaussian,absolute_residual,0.83875,7166.158175244404,2.6827218585291184,0.0010077953338623047,1
0.1,10,100,88,TSCP_R,Gaussian,absolute_residual,0.965625,44998.23964385699,3.219315233577932,0.0040013790130615234,1
0.1,10,100,88,Point_CHR,Gaussian,absolute_residual,0.965,54647.05652462798,3.3286802686769077,0.0010004043579101562,1
0.1,10,100,88,Unscaled,Gaussian,absolute_residual,0.954375,31071.59393594169,2.8134315493921616,0.0,1
0.1,10,100,88,Empirical_copula,Gaussian,absolute_residual,0.87125,10855.28424887195,2.8134315493459736,0.0010001659393310547,1
0.1,10,100,89,TSCP_R,Gaussian,absolute_residual,0.930625,21018.601542830835,2.9418074029305914,0.0040056705474853516,1
0.1,10,100,89,Point_CHR,Gaussian,absolute_residual,0.946875,34946.51888628256,3.363003997706307,0.0,1
0.1,10,100,89,Unscaled,Gaussian,absolute_residual,0.9075,15484.585069959006,2.6241578608146043,0.0,1
0.1,10,100,89,Empirical_copula,Gaussian,absolute_residual,0.85,8454.017223819572,2.90180569045389,0.002000570297241211,1
0.1,10,100,90,TSCP_R,Gaussian,absolute_residual,0.895625,13459.330856854716,3.092374546660568,0.0029942989349365234,1
0.1,10,100,90,Point_CHR,Gaussian,absolute_residual,0.869375,12569.967926630326,3.0920268421742603,0.0,1
0.1,10,100,90,Unscaled,Gaussian,absolute_residual,0.910625,14490.776512094933,2.606808724618251,0.0,1
0.1,10,100,90,Empirical_copula,Gaussian,absolute_residual,0.81375,6082.113392452971,3.0920268421742603,0.0010006427764892578,1
0.1,10,100,91,TSCP_R,Gaussian,absolute_residual,0.91625,18619.63801426872,2.9237628924783006,0.004000663757324219,1
0.1,10,100,91,Point_CHR,Gaussian,absolute_residual,0.88,10492.098183038275,2.9240006763806945,0.0010004043579101562,1
0.1,10,100,91,Unscaled,Gaussian,absolute_residual,0.915,16149.447259139502,2.6352132546182743,0.0,1
0.1,10,100,91,Empirical_copula,Gaussian,absolute_residual,0.84125,7431.9260978064485,2.825612935036031,0.0010006427764892578,1
0.1,10,100,92,TSCP_R,Gaussian,absolute_residual,0.9225,22776.172720466053,3.1367315202423276,0.0030062198638916016,1
0.1,10,100,92,Point_CHR,Gaussian,absolute_residual,0.921875,20981.038877335468,3.08180471519491,0.0010004043579101562,1
0.1,10,100,92,Unscaled,Gaussian,absolute_residual,0.92375,17778.022203781926,2.6606536523571007,0.0,1
0.1,10,100,92,Empirical_copula,Gaussian,absolute_residual,0.845,9331.297732350182,2.88388470834791,0.0009996891021728516,1
0.1,10,100,93,TSCP_R,Gaussian,absolute_residual,0.948125,32703.315202806076,3.2282433224729914,0.004003763198852539,1
0.1,10,100,93,Point_CHR,Gaussian,absolute_residual,0.9825,98674.33627343734,3.5887659244917125,0.0010101795196533203,1
0.1,10,100,93,Unscaled,Gaussian,absolute_residual,0.96,38363.02714634787,2.87336823878353,0.0,1
0.1,10,100,93,Empirical_copula,Gaussian,absolute_residual,0.87625,10596.561471726767,3.048119326265545,0.0009968280792236328,1
0.1,10,100,94,TSCP_R,Gaussian,absolute_residual,0.856875,8492.888238099644,2.870737072904363,0.004008293151855469,1
0.1,10,100,94,Point_CHR,Gaussian,absolute_residual,0.9075,17719.5717007394,3.346111481786579,0.0,1
0.1,10,100,94,Unscaled,Gaussian,absolute_residual,0.864375,7921.118527454948,2.4540231266451,0.0,1
0.1,10,100,94,Empirical_copula,Gaussian,absolute_residual,0.75125,3878.7706969624282,2.777092342161012,0.0009984970092773438,1
0.1,10,100,95,TSCP_R,Gaussian,absolute_residual,0.93375,21358.411290597192,2.8941254287680604,0.003953218460083008,1
0.1,10,100,95,Point_CHR,Gaussian,absolute_residual,0.8825,11025.62955300208,2.869801436695323,0.0,1
0.1,10,100,95,Unscaled,Gaussian,absolute_residual,0.886875,8867.689229577683,2.4818815266107523,0.0,1
0.1,10,100,95,Empirical_copula,Gaussian,absolute_residual,0.833125,6312.746972326772,2.8906069537914423,0.0010001659393310547,1
0.1,10,100,96,TSCP_R,Gaussian,absolute_residual,0.86625,11085.889331304807,3.0443742180914715,0.003002643585205078,1
0.1,10,100,96,Point_CHR,Gaussian,absolute_residual,0.878125,17034.32087089334,3.480259166852951,0.0009996891021728516,1
0.1,10,100,96,Unscaled,Gaussian,absolute_residual,0.905625,14450.499888806047,2.606083263107446,0.0,1
0.1,10,100,96,Empirical_copula,Gaussian,absolute_residual,0.7975,4774.433730176633,2.692447715747951,0.0009992122650146484,1
0.1,10,100,97,TSCP_R,Gaussian,absolute_residual,0.95125,29788.35164906414,3.061159665320581,0.004000186920166016,1
0.1,10,100,97,Point_CHR,Gaussian,absolute_residual,0.896875,17711.455869432662,3.0926522805651704,0.0,1
0.1,10,100,97,Unscaled,Gaussian,absolute_residual,0.92625,18788.35749594468,2.6754009781423553,0.001007080078125,1
0.1,10,100,97,Empirical_copula,Gaussian,absolute_residual,0.81125,6957.940405020998,2.9491079617608804,0.0009999275207519531,1
0.1,10,100,98,TSCP_R,Gaussian,absolute_residual,0.858125,9479.718327977087,2.9919603958670717,0.004007101058959961,1
0.1,10,100,98,Point_CHR,Gaussian,absolute_residual,0.83,7742.1328557496945,3.037051222990862,0.0,1
0.1,10,100,98,Unscaled,Gaussian,absolute_residual,0.86125,8372.10776427885,2.46764954298052,0.0,1
0.1,10,100,98,Empirical_copula,Gaussian,absolute_residual,0.775625,4752.440937884885,2.8678196866858805,0.0010004043579101562,1
0.1,10,100,99,TSCP_R,Gaussian,absolute_residual,0.9025,14848.657292425582,2.752684100751716,0.0030066967010498047,1
0.1,10,100,99,Point_CHR,Gaussian,absolute_residual,0.893125,12620.505484262358,2.81284171141168,0.0009999275207519531,1
0.1,10,100,99,Unscaled,Gaussian,absolute_residual,0.9025,13328.08048248127,2.585096505896666,0.0,1
0.1,10,100,99,Empirical_copula,Gaussian,absolute_residual,0.805625,6897.240560055878,3.3870214728692787,0.000993967056274414,1
0.1,10,100,100,TSCP_R,Gaussian,absolute_residual,0.92625,20208.980087352982,2.8247201183297213,0.003009319305419922,1
0.1,10,100,100,Point_CHR,Gaussian,absolute_residual,0.9275,23670.382250672596,3.161898991210413,0.0,1
0.1,10,100,100,Unscaled,Gaussian,absolute_residual,0.903125,13954.60781920211,2.5969988873216674,0.0,1
0.1,10,100,100,Empirical_copula,Gaussian,absolute_residual,0.838125,7240.090428048214,2.694751325768173,0.0009996891021728516,1
0.1,10,100,101,TSCP_R,Gaussian,absolute_residual,0.92,22285.567529184416,3.191381717324327,0.004006862640380859,1
0.1,10,100,101,Point_CHR,Gaussian,absolute_residual,0.9525,49558.23540215427,3.5074314415066867,0.00099945068359375,1
0.1,10,100,101,Unscaled,Gaussian,absolute_residual,0.929375,22385.347819501163,2.7226786427978573,0.0,1
0.1,10,100,101,Empirical_copula,Gaussian,absolute_residual,0.835625,8295.05424184866,2.9652464010081125,0.0010001659393310547,1
0.1,10,100,102,TSCP_R,Gaussian,absolute_residual,0.943125,32952.19201899754,3.2493662536226493,0.0039997100830078125,1
0.1,10,100,102,Point_CHR,Gaussian,absolute_residual,0.935625,30528.331958264145,3.2734176579834413,0.0,1
0.1,10,100,102,Unscaled,Gaussian,absolute_residual,0.949375,31141.024373663957,2.8140595881151134,0.0,1
0.1,10,100,102,Empirical_copula,Gaussian,absolute_residual,0.86125,12400.877988771688,3.036456830448465,0.0010006427764892578,1
0.1,10,100,103,TSCP_R,Gaussian,absolute_residual,0.893125,14843.417110991028,2.9985734779651683,0.00601506233215332,1
0.1,10,100,103,Point_CHR,Gaussian,absolute_residual,0.87625,11534.608931639827,2.901668357423482,0.0,1
0.1,10,100,103,Unscaled,Gaussian,absolute_residual,0.89125,12118.789020834853,2.5606246532065664,0.0010046958923339844,1
0.1,10,100,103,Empirical_copula,Gaussian,absolute_residual,0.818125,7150.3468301772755,2.7885180175922883,0.0019960403442382812,1
0.1,10,100,104,TSCP_R,Gaussian,absolute_residual,0.896875,13948.309401762654,2.9249105646865017,0.005991697311401367,1
0.1,10,100,104,Point_CHR,Gaussian,absolute_residual,0.889375,14202.444833315803,2.9205406466059034,0.0010013580322265625,1
0.1,10,100,104,Unscaled,Gaussian,absolute_residual,0.92,14647.046609457348,2.6096063853471563,0.0,1
0.1,10,100,104,Empirical_copula,Gaussian,absolute_residual,0.816875,5710.0929946347305,2.8118234584468773,0.0019991397857666016,1
0.1,10,100,105,TSCP_R,Gaussian,absolute_residual,0.879375,10391.840218599087,2.9703117331524935,0.0050048828125,1
0.1,10,100,105,Point_CHR,Gaussian,absolute_residual,0.828125,6528.287202824878,2.85581732582539,0.0,1
0.1,10,100,105,Unscaled,Gaussian,absolute_residual,0.889375,10571.142046796398,2.5258769564341694,0.0,1
0.1,10,100,105,Empirical_copula,Gaussian,absolute_residual,0.83,8685.217922897495,4.017606308136414,0.0009999275207519531,1
0.1,10,100,106,TSCP_R,Gaussian,absolute_residual,0.868125,8577.793647131275,2.7811219987660367,0.0040073394775390625,1
0.1,10,100,106,Point_CHR,Gaussian,absolute_residual,0.871875,13139.543112016789,3.029061235542238,0.0,1
0.1,10,100,106,Unscaled,Gaussian,absolute_residual,0.863125,7380.336179226748,2.436731146193994,0.0010025501251220703,1
0.1,10,100,106,Empirical_copula,Gaussian,absolute_residual,0.73625,3179.4692743132196,2.738066621181491,0.0009908676147460938,1
0.1,10,100,107,TSCP_R,Gaussian,absolute_residual,0.926875,27979.523752985304,3.293739623441233,0.004008769989013672,1
0.1,10,100,107,Point_CHR,Gaussian,absolute_residual,0.9575,84654.4243560496,4.159747572025036,0.0,1
0.1,10,100,107,Unscaled,Gaussian,absolute_residual,0.93375,25755.348783592748,2.7611292936973304,0.0,1
0.1,10,100,107,Empirical_copula,Gaussian,absolute_residual,0.838125,8513.358972545919,2.9082989061824307,0.0010035037994384766,1
0.1,10,100,108,TSCP_R,Gaussian,absolute_residual,0.898125,17648.54798202822,3.0753315634970986,0.005001068115234375,1
0.1,10,100,108,Point_CHR,Gaussian,absolute_residual,0.8625,12281.312630260038,3.4130744255748184,0.0,1
0.1,10,100,108,Unscaled,Gaussian,absolute_residual,0.870625,9637.160008862189,2.502619977039701,0.0,1
0.1,10,100,108,Empirical_copula,Gaussian,absolute_residual,0.738125,4812.964239500066,2.930319187676587,0.0010001659393310547,1
0.1,10,100,109,TSCP_R,Gaussian,absolute_residual,0.83375,6831.520428861409,2.790856390743571,0.0050008296966552734,1
0.1,10,100,109,Point_CHR,Gaussian,absolute_residual,0.899375,29633.763944841106,3.538407921935878,0.0,1
0.1,10,100,109,Unscaled,Gaussian,absolute_residual,0.829375,5692.351851015728,2.3742649081753595,0.0,1
0.1,10,100,109,Empirical_copula,Gaussian,absolute_residual,0.753125,3647.27445547227,2.7640079225418397,0.0009996891021728516,1
0.1,10,100,110,TSCP_R,Gaussian,absolute_residual,0.928125,22597.124618268528,3.0750330668739823,0.004006147384643555,1
0.1,10,100,110,Point_CHR,Gaussian,absolute_residual,0.9325,38746.90947883445,3.6809652384762037,0.000993967056274414,1
0.1,10,100,110,Unscaled,Gaussian,absolute_residual,0.920625,20157.942639182205,2.694291745141148,0.0,1
0.1,10,100,110,Empirical_copula,Gaussian,absolute_residual,0.8625,9995.456196594678,3.2582737108879307,0.0009992122650146484,1
0.1,10,100,111,TSCP_R,Gaussian,absolute_residual,0.918125,18875.033612489136,2.9215468815200065,0.004007577896118164,1
0.1,10,100,111,Point_CHR,Gaussian,absolute_residual,0.930625,29029.737201641383,3.8974619958430115,0.000997781753540039,1
0.1,10,100,111,Unscaled,Gaussian,absolute_residual,0.915,13344.30559266182,2.585411033680296,0.0,1
0.1,10,100,111,Empirical_copula,Gaussian,absolute_residual,0.834375,6174.359509577721,3.033956200641125,0.0009999275207519531,1
0.1,10,100,112,TSCP_R,Gaussian,absolute_residual,0.939375,22779.855754606462,3.0087542182436984,0.0030050277709960938,1
0.1,10,100,112,Point_CHR,Gaussian,absolute_residual,0.908125,32642.981840498796,3.615758520378432,0.0009999275207519531,1
0.1,10,100,112,Unscaled,Gaussian,absolute_residual,0.935625,20179.984026295635,2.6945862034003913,0.0,1
0.1,10,100,112,Empirical_copula,Gaussian,absolute_residual,0.838125,7566.150379755971,2.9833347250690805,0.0009999275207519531,1
0.1,10,100,113,TSCP_R,Gaussian,absolute_residual,0.91875,17585.63451091186,2.9455052400517854,0.003005504608154297,1
0.1,10,100,113,Point_CHR,Gaussian,absolute_residual,0.96375,90264.08738686364,3.89624350553346,0.0010001659393310547,1
0.1,10,100,113,Unscaled,Gaussian,absolute_residual,0.905625,13432.549923479768,2.587115669212182,0.0,1
0.1,10,100,113,Empirical_copula,Gaussian,absolute_residual,0.855,11676.065249159941,3.7301536744189914,0.0009944438934326172,1
0.1,10,100,114,TSCP_R,Gaussian,absolute_residual,0.90125,14444.136790337632,2.9560735649256626,0.003003358840942383,1
0.1,10,100,114,Point_CHR,Gaussian,absolute_residual,0.90375,19770.63637553933,3.4023243813325483,0.0010063648223876953,1
0.1,10,100,114,Unscaled,Gaussian,absolute_residual,0.889375,11025.414422181459,2.536527016069545,0.0,1
0.1,10,100,114,Empirical_copula,Gaussian,absolute_residual,0.805625,5440.1772714816725,2.8286812855353887,0.0009975433349609375,1
0.1,10,100,115,TSCP_R,Gaussian,absolute_residual,0.90125,14960.80735739727,2.8952280090131746,0.004007816314697266,1
0.1,10,100,115,Point_CHR,Gaussian,absolute_residual,0.968125,128576.43136222055,3.940470782672711,0.0010001659393310547,1
0.1,10,100,115,Unscaled,Gaussian,absolute_residual,0.8825,9388.181224745693,2.4960779651714753,0.0,1
0.1,10,100,115,Empirical_copula,Gaussian,absolute_residual,0.818125,6138.450139845838,2.7508026498028806,0.0009996891021728516,1
0.1,10,100,116,TSCP_R,Gaussian,absolute_residual,0.94125,27317.93460117323,2.919589133303571,0.004011392593383789,1
0.1,10,100,116,Point_CHR,Gaussian,absolute_residual,0.949375,38889.17488816961,3.3189837225754326,0.0,1
0.1,10,100,116,Unscaled,Gaussian,absolute_residual,0.9125,16956.615384734814,2.648097168581315,0.0,1
0.1,10,100,116,Empirical_copula,Gaussian,absolute_residual,0.885625,12308.881793061108,2.9465159291680543,0.0019893646240234375,1
0.1,10,100,117,TSCP_R,Gaussian,absolute_residual,0.94125,28905.07153808219,3.097311713399759,0.003992319107055664,1
0.1,10,100,117,Point_CHR,Gaussian,absolute_residual,0.93,27185.236557929296,3.2531561050066555,0.0,1
0.1,10,100,117,Unscaled,Gaussian,absolute_residual,0.916875,16788.346523773416,2.645457522018095,0.0,1
0.1,10,100,117,Empirical_copula,Gaussian,absolute_residual,0.84625,9106.460839851883,2.8632296698884714,0.0009996891021728516,1
0.1,10,100,118,TSCP_R,Gaussian,absolute_residual,0.874375,8588.369471457683,2.662998447400688,0.004007101058959961,1
0.1,10,100,118,Point_CHR,Gaussian,absolute_residual,0.935,24967.6987784296,3.3506398290423682,0.0,1
0.1,10,100,118,Unscaled,Gaussian,absolute_residual,0.84875,6204.708234919918,2.394815919456896,0.0,1
0.1,10,100,118,Empirical_copula,Gaussian,absolute_residual,0.8075,5281.818405663123,2.9147189477045075,0.0009996891021728516,1
0.1,10,100,119,TSCP_R,Gaussian,absolute_residual,0.901875,14879.618400733852,2.9761254317802504,0.004006385803222656,1
0.1,10,100,119,Point_CHR,Gaussian,absolute_residual,0.934375,32874.26689050078,3.2562349941388007,0.0,1
0.1,10,100,119,Unscaled,Gaussian,absolute_residual,0.905625,12325.316966700353,2.5649553513649144,0.0,1
0.1,10,100,119,Empirical_copula,Gaussian,absolute_residual,0.81875,6288.064468686957,2.746698371861047,0.0010001659393310547,1
0.1,10,100,120,TSCP_R,Gaussian,absolute_residual,0.89125,12161.178744036559,2.673968864300779,0.004000663757324219,1
0.1,10,100,120,Point_CHR,Gaussian,absolute_residual,0.924375,25183.096086955542,3.1919641735102067,0.0,1
0.1,10,100,120,Unscaled,Gaussian,absolute_residual,0.8725,9622.819222014878,2.5022473195857593,0.0,1
0.1,10,100,120,Empirical_copula,Gaussian,absolute_residual,0.81625,5598.5520348699665,2.620188885971814,0.0010018348693847656,1
0.1,10,100,121,TSCP_R,Gaussian,absolute_residual,0.926875,25625.27113761792,3.1029383462246085,0.0040111541748046875,1
0.1,10,100,121,Point_CHR,Gaussian,absolute_residual,0.9175,27354.094945597633,3.5811840015522334,0.0009965896606445312,1
0.1,10,100,121,Unscaled,Gaussian,absolute_residual,0.92625,22051.968924387,2.7185963982166332,0.0,1
0.1,10,100,121,Empirical_copula,Gaussian,absolute_residual,0.853125,10598.702451676492,2.9718901328653136,0.0019996166229248047,1
0.1,10,100,122,TSCP_R,Gaussian,absolute_residual,0.939375,27877.616361069977,3.210487894939999,0.002997159957885742,1
0.1,10,100,122,Point_CHR,Gaussian,absolute_residual,0.960625,65922.01662596947,3.6433452235895474,0.0010001659393310547,1
0.1,10,100,122,Unscaled,Gaussian,absolute_residual,0.943125,22168.577468093732,2.7200305546795525,0.0,1
0.1,10,100,122,Empirical_copula,Gaussian,absolute_residual,0.906875,13892.267704911972,2.8160805872494787,0.0009932518005371094,1
0.1,10,100,123,TSCP_R,Gaussian,absolute_residual,0.828125,6189.271490868497,2.799996165264173,0.004000186920166016,1
0.1,10,100,123,Point_CHR,Gaussian,absolute_residual,0.801875,5490.843393806138,2.708956814143825,0.0010080337524414062,1
0.1,10,100,123,Unscaled,Gaussian,absolute_residual,0.864375,7408.314324328773,2.4376533155075295,0.0,1
0.1,10,100,123,Empirical_copula,Gaussian,absolute_residual,0.750625,3175.4327047061524,2.5626280779679202,0.0009984970092773438,1
0.1,10,100,124,TSCP_R,Gaussian,absolute_residual,0.855,9291.635734398924,2.805646792492355,0.003009796142578125,1
0.1,10,100,124,Point_CHR,Gaussian,absolute_residual,0.815,10005.364795783913,3.18432700578172,0.0,1
0.1,10,100,124,Unscaled,Gaussian,absolute_residual,0.8775,10389.877312943256,2.521512015099862,0.0,1
0.1,10,100,124,Empirical_copula,Gaussian,absolute_residual,0.813125,5696.526047377477,2.7015519999206834,0.00099945068359375,1
0.1,10,100,125,TSCP_R,Gaussian,absolute_residual,0.9225,18730.68042947301,3.0541450987694847,0.0030062198638916016,1
0.1,10,100,125,Point_CHR,Gaussian,absolute_residual,0.82875,6930.348046839625,2.8421908544159145,0.0010001659393310547,1
0.1,10,100,125,Unscaled,Gaussian,absolute_residual,0.921875,16465.24172676804,2.640321493527393,0.0,1
0.1,10,100,125,Empirical_copula,Gaussian,absolute_residual,0.7775,4906.125989130352,3.1056339518414084,0.0010001659393310547,1
0.1,10,100,126,TSCP_R,Gaussian,absolute_residual,0.9,13652.393668465911,2.90451229245269,0.004006862640380859,1
0.1,10,100,126,Point_CHR,Gaussian,absolute_residual,0.918125,18961.49098035966,3.0166622975559823,0.0,1
0.1,10,100,126,Unscaled,Gaussian,absolute_residual,0.896875,11752.75371793561,2.5527833790972094,0.0,1
0.1,10,100,126,Empirical_copula,Gaussian,absolute_residual,0.82875,6817.4332806828725,3.15837417289733,0.0009989738464355469,1
0.1,10,100,127,TSCP_R,Gaussian,absolute_residual,0.864375,10299.93485014233,3.1088284918066917,0.004011392593383789,1
0.1,10,100,127,Point_CHR,Gaussian,absolute_residual,0.93875,26553.257535003846,3.2553360054260714,0.000995635986328125,1
0.1,10,100,127,Unscaled,Gaussian,absolute_residual,0.874375,9782.272855563373,2.506363037837698,0.0,1
0.1,10,100,127,Empirical_copula,Gaussian,absolute_residual,0.79,4704.8678885376985,2.924087821854478,0.0009996891021728516,1
0.1,10,100,128,TSCP_R,Gaussian,absolute_residual,0.923125,22597.46414137286,2.991974887690447,0.004221200942993164,1
0.1,10,100,128,Point_CHR,Gaussian,absolute_residual,0.899375,19866.616233961482,3.3439776316021756,0.00099945068359375,1
0.1,10,100,128,Unscaled,Gaussian,absolute_residual,0.9275,22190.60516186195,2.7203007083517043,0.0,1
0.1,10,100,128,Empirical_copula,Gaussian,absolute_residual,0.815625,7217.102857868908,2.8807184382455198,0.0009999275207519531,1
0.1,10,100,129,TSCP_R,Gaussian,absolute_residual,0.894375,12146.779326459795,2.8643369419901106,0.004000425338745117,1
0.1,10,100,129,Point_CHR,Gaussian,absolute_residual,0.92125,18182.128589986485,3.3942217057109163,0.0,1
0.1,10,100,129,Unscaled,Gaussian,absolute_residual,0.895625,9172.76471911413,2.4902905778249993,0.0,1
0.1,10,100,129,Empirical_copula,Gaussian,absolute_residual,0.80875,4845.974450413747,3.0886111574513126,0.0010066032409667969,1
0.1,10,100,130,TSCP_R,Gaussian,absolute_residual,0.92875,19688.713797906854,3.002481013888934,0.005004167556762695,1
0.1,10,100,130,Point_CHR,Gaussian,absolute_residual,0.914375,19982.151687322388,3.0369002091634982,0.0,1
0.1,10,100,130,Unscaled,Gaussian,absolute_residual,0.9375,20374.12656732475,2.697167388499206,0.0,1
0.1,10,100,130,Empirical_copula,Gaussian,absolute_residual,0.8,6175.817501432888,2.9604445772501613,0.0009925365447998047,1
0.1,10,100,131,TSCP_R,Gaussian,absolute_residual,0.913125,19751.017969531553,3.1508474908662465,0.003999233245849609,1
0.1,10,100,131,Point_CHR,Gaussian,absolute_residual,0.915,23977.305725696246,3.25725652397988,0.0,1
0.1,10,100,131,Unscaled,Gaussian,absolute_residual,0.921875,20563.5524068551,2.6996646152153376,0.0010073184967041016,1
0.1,10,100,131,Empirical_copula,Gaussian,absolute_residual,0.834375,8513.115648925082,2.863863492226204,0.0009949207305908203,1
0.1,10,100,132,TSCP_R,Gaussian,absolute_residual,0.871875,13975.075422321102,2.8562016453843797,0.0040018558502197266,1
0.1,10,100,132,Point_CHR,Gaussian,absolute_residual,0.863125,13310.153635284427,3.10318215776611,0.0,1
0.1,10,100,132,Unscaled,Gaussian,absolute_residual,0.89875,15606.134049417931,2.6262104995212776,0.0,1
0.1,10,100,132,Empirical_copula,Gaussian,absolute_residual,0.76875,4546.98581738291,2.6303185364229336,0.0010001659393310547,1
0.1,10,100,133,TSCP_R,Gaussian,absolute_residual,0.940625,37706.47667160043,3.4248564817400893,0.004485607147216797,1
0.1,10,100,133,Point_CHR,Gaussian,absolute_residual,0.94,44484.65047937123,3.491065735390093,0.0009987354278564453,1
0.1,10,100,133,Unscaled,Gaussian,absolute_residual,0.951875,33489.645685800446,2.834595251630651,0.0,1
0.1,10,100,133,Empirical_copula,Gaussian,absolute_residual,0.8825,12498.258656439757,3.0152617642521733,0.0010004043579101562,1
0.1,10,100,134,TSCP_R,Gaussian,absolute_residual,0.93875,26645.85255427632,3.0524568854098146,0.004007577896118164,1
0.1,10,100,134,Point_CHR,Gaussian,absolute_residual,0.9525,34587.076902553315,3.230300952522026,0.0,1
0.1,10,100,134,Unscaled,Gaussian,absolute_residual,0.92,18419.83573914787,2.670106446510053,0.0,1
0.1,10,100,134,Empirical_copula,Gaussian,absolute_residual,0.863125,10605.664372532845,3.3615721639031406,0.000997304916381836,1
0.1,10,100,135,TSCP_R,Gaussian,absolute_residual,0.8575,7118.1594307178475,2.6641484262023747,0.004006385803222656,1
0.1,10,100,135,Point_CHR,Gaussian,absolute_residual,0.91,18070.623081161248,3.2339195580749336,0.0,1
0.1,10,100,135,Unscaled,Gaussian,absolute_residual,0.864375,6820.221457315979,2.4175743969523484,0.0,1
0.1,10,100,135,Empirical_copula,Gaussian,absolute_residual,0.814375,4677.20212709451,2.6739728989213463,0.0009925365447998047,1
0.1,10,100,136,TSCP_R,Gaussian,absolute_residual,0.888125,11138.679987121834,2.7724539900210545,0.0029997825622558594,1
0.1,10,100,136,Point_CHR,Gaussian,absolute_residual,0.9225,23323.393927118796,3.4019897204002683,0.0010001659393310547,1
0.1,10,100,136,Unscaled,Gaussian,absolute_residual,0.878125,8214.830402008394,2.4629741864069885,0.0,1
0.1,10,100,136,Empirical_copula,Gaussian,absolute_residual,0.80875,4526.359121475359,2.6837931135486155,0.0010089874267578125,1
0.1,10,100,137,TSCP_R,Gaussian,absolute_residual,0.90875,17284.175459566042,2.8615414218740036,0.004007577896118164,1
0.1,10,100,137,Point_CHR,Gaussian,absolute_residual,0.90625,20964.360637870137,3.213089543497958,0.0,1
0.1,10,100,137,Unscaled,Gaussian,absolute_residual,0.89125,11509.850822640052,2.5474576302840264,0.0,1
0.1,10,100,137,Empirical_copula,Gaussian,absolute_residual,0.82,5827.8110446406345,2.791436464067653,0.0009996891021728516,1
0.1,10,100,138,TSCP_R,Gaussian,absolute_residual,0.89,10857.473305919451,2.6794319276201364,0.0040073394775390625,1
0.1,10,100,138,Point_CHR,Gaussian,absolute_residual,0.89875,17045.506765601844,3.029409150124037,0.0010001659393310547,1
0.1,10,100,138,Unscaled,Gaussian,absolute_residual,0.898125,11796.97171806712,2.553742203913313,0.0,1
0.1,10,100,138,Empirical_copula,Gaussian,absolute_residual,0.761875,3492.7622153787947,2.657967873179328,0.0010004043579101562,1
0.1,10,100,139,TSCP_R,Gaussian,absolute_residual,0.900625,17264.01339528677,2.902550246232386,0.004002571105957031,1
0.1,10,100,139,Point_CHR,Gaussian,absolute_residual,0.915,26515.908400771306,3.2065694893959975,0.0,1
0.1,10,100,139,Unscaled,Gaussian,absolute_residual,0.905,16448.014835779373,2.6400451176299145,0.0,1
0.1,10,100,139,Empirical_copula,Gaussian,absolute_residual,0.83625,7952.057391930291,2.748069252573451,0.001001119613647461,1
0.1,10,100,140,TSCP_R,Gaussian,absolute_residual,0.856875,9650.909051273158,3.049971350778373,0.003007650375366211,1
0.1,10,100,140,Point_CHR,Gaussian,absolute_residual,0.8275,10005.117459998422,3.3059205678527888,0.0009999275207519531,1
0.1,10,100,140,Unscaled,Gaussian,absolute_residual,0.896875,13912.400849207352,2.5962123304343407,0.0,1
0.1,10,100,140,Empirical_copula,Gaussian,absolute_residual,0.815625,6060.677063434427,2.8153292261570613,0.0009996891021728516,1
0.1,10,100,141,TSCP_R,Gaussian,absolute_residual,0.9,14313.020525649787,2.936445154165236,0.003005504608154297,1
0.1,10,100,141,Point_CHR,Gaussian,absolute_residual,0.926875,31658.17154090349,3.456741147786781,0.001001119613647461,1
0.1,10,100,141,Unscaled,Gaussian,absolute_residual,0.910625,16139.16036548764,2.635045348364115,0.0,1
0.1,10,100,141,Empirical_copula,Gaussian,absolute_residual,0.81125,6574.037781544731,3.19311855087793,0.00099945068359375,1
0.1,10,100,142,TSCP_R,Gaussian,absolute_residual,0.858125,10148.910882525217,2.880631921701192,0.003007173538208008,1
0.1,10,100,142,Point_CHR,Gaussian,absolute_residual,0.876875,12492.096074127516,2.8326604135319,0.000993967056274414,1
0.1,10,100,142,Unscaled,Gaussian,absolute_residual,0.83875,7087.389570240663,2.426881832137985,0.0,1
0.1,10,100,142,Empirical_copula,Gaussian,absolute_residual,0.755625,4063.5447506957935,2.808741389746455,0.0010094642639160156,1
0.1,10,100,143,TSCP_R,Gaussian,absolute_residual,0.91625,23873.043092245953,3.1276560395220905,0.004010200500488281,1
0.1,10,100,143,Point_CHR,Gaussian,absolute_residual,0.9475,35693.77358647134,3.305000974828464,0.0,1
0.1,10,100,143,Unscaled,Gaussian,absolute_residual,0.925625,20048.584936901723,2.6928264997023788,0.0009975433349609375,1
0.1,10,100,143,Empirical_copula,Gaussian,absolute_residual,0.865,9070.877268570071,2.8409956320392933,0.00099945068359375,1
0.1,10,100,144,TSCP_R,Gaussian,absolute_residual,0.854375,7741.364170893141,2.7503060402181037,0.004000425338745117,1
0.1,10,100,144,Point_CHR,Gaussian,absolute_residual,0.92625,23189.801662138947,3.1342175788772364,0.0,1
0.1,10,100,144,Unscaled,Gaussian,absolute_residual,0.8275,5419.772946231922,2.3626430295737455,0.0,1
0.1,10,100,144,Empirical_copula,Gaussian,absolute_residual,0.73625,3149.471248855223,2.899858580922345,0.0010106563568115234,1
0.1,10,100,145,TSCP_R,Gaussian,absolute_residual,0.87125,10479.670560886583,2.7582377948918566,0.0030028820037841797,1
0.1,10,100,145,Point_CHR,Gaussian,absolute_residual,0.796875,5218.173483512619,2.7909441211516226,0.0,1
0.1,10,100,145,Unscaled,Gaussian,absolute_residual,0.8775,9769.032173147978,2.506023585154793,0.0,1
0.1,10,100,145,Empirical_copula,Gaussian,absolute_residual,0.81,5448.020383766408,2.612767199194124,0.0010018348693847656,1
0.1,10,100,146,TSCP_R,Gaussian,absolute_residual,0.9325,26002.288304657577,3.202447544910513,0.005007743835449219,1
0.1,10,100,146,Point_CHR,Gaussian,absolute_residual,0.838125,11679.960330334725,3.1566688136567547,0.0,1
0.1,10,100,146,Unscaled,Gaussian,absolute_residual,0.940625,28896.765069164318,2.7930899536114335,0.0,1
0.1,10,100,146,Empirical_copula,Gaussian,absolute_residual,0.8675,10467.24126255056,2.9411926182994064,0.001001119613647461,1
0.1,10,100,147,TSCP_R,Gaussian,absolute_residual,0.9425,22539.79231534695,3.156672949202636,0.0030062198638916016,1
0.1,10,100,147,Point_CHR,Gaussian,absolute_residual,0.90625,19306.779501241064,3.4406997307399583,0.0010004043579101562,1
0.1,10,100,147,Unscaled,Gaussian,absolute_residual,0.94875,27495.614239972452,2.7792418616556867,0.0,1
0.1,10,100,147,Empirical_copula,Gaussian,absolute_residual,0.8175,7282.1398372597605,2.9711483579728135,0.00099945068359375,1
0.1,10,100,148,TSCP_R,Gaussian,absolute_residual,0.945625,35917.8289066968,3.2018050355792043,0.0030050277709960938,1
0.1,10,100,148,Point_CHR,Gaussian,absolute_residual,0.9025,38971.98803762915,3.566693506661607,0.0010037422180175781,1
0.1,10,100,148,Unscaled,Gaussian,absolute_residual,0.944375,32237.00422681622,2.8238099723706047,0.0,1
0.1,10,100,148,Empirical_copula,Gaussian,absolute_residual,0.870625,12096.195147199498,2.9683210840116594,0.0009996891021728516,1
0.1,10,100,149,TSCP_R,Gaussian,absolute_residual,0.886875,10537.195207237894,2.8515102212527577,0.004051923751831055,1
0.1,10,100,149,Point_CHR,Gaussian,absolute_residual,0.875625,9740.564746453303,2.900407817148853,0.0,1
0.1,10,100,149,Unscaled,Gaussian,absolute_residual,0.875625,7925.493344437508,2.4541586281491945,0.0,1
0.1,10,100,149,Empirical_copula,Gaussian,absolute_residual,0.78375,3418.153092231313,2.623903466298055,0.0019631385803222656,1
0.1,10,100,150,TSCP_R,Gaussian,absolute_residual,0.866875,9615.226702271037,2.7292954609761924,0.004005908966064453,1
0.1,10,100,150,Point_CHR,Gaussian,absolute_residual,0.91,21362.390875926652,3.1548329577879866,0.00099945068359375,1
0.1,10,100,150,Unscaled,Gaussian,absolute_residual,0.87875,9613.942047525026,2.5020163881694653,0.0,1
0.1,10,100,150,Empirical_copula,Gaussian,absolute_residual,0.79,4451.182904485511,2.5137179161591128,0.0009999275207519531,1
0.1,10,100,151,TSCP_R,Gaussian,absolute_residual,0.939375,21778.29755065878,3.0409839474128706,0.0030002593994140625,1
0.1,10,100,151,Point_CHR,Gaussian,absolute_residual,0.971875,68138.86395246536,3.525723156319903,0.0,1
0.1,10,100,151,Unscaled,Gaussian,absolute_residual,0.9325,20312.715530923848,2.696353312183601,0.0,1
0.1,10,100,151,Empirical_copula,Gaussian,absolute_residual,0.870625,9358.120529108484,3.165096289708158,0.0010037422180175781,1
0.1,10,100,152,TSCP_R,Gaussian,absolute_residual,0.83625,7379.546177352636,2.805551701717945,0.002999544143676758,1
0.1,10,100,152,Point_CHR,Gaussian,absolute_residual,0.800625,5144.719671889011,2.8924231886644813,0.0,1
0.1,10,100,152,Unscaled,Gaussian,absolute_residual,0.89375,11299.602792610902,2.542765543306278,0.0,1
0.1,10,100,152,Empirical_copula,Gaussian,absolute_residual,0.740625,3389.7261923476644,2.8028162998577777,0.0009992122650146484,1
0.1,10,100,153,TSCP_R,Gaussian,absolute_residual,0.863125,10845.626111875848,2.911600360658885,0.004012107849121094,1
0.1,10,100,153,Point_CHR,Gaussian,absolute_residual,0.94875,41703.868701147905,3.317162307702857,0.0010004043579101562,1
0.1,10,100,153,Unscaled,Gaussian,absolute_residual,0.8725,9906.687860289316,2.5095326358486862,0.0,1
0.1,10,100,153,Empirical_copula,Gaussian,absolute_residual,0.79875,5349.99897586345,2.7430941685669588,0.0009996891021728516,1
0.1,10,100,154,TSCP_R,Gaussian,absolute_residual,0.959375,37642.03179859756,3.127021059700642,0.004006385803222656,1
0.1,10,100,154,Point_CHR,Gaussian,absolute_residual,0.980625,147377.7759643283,3.924161644026803,0.0,1
0.1,10,100,154,Unscaled,Gaussian,absolute_residual,0.95,27521.864384917324,2.779507082781977,0.0,1
0.1,10,100,154,Empirical_copula,Gaussian,absolute_residual,0.885,11721.85924080564,2.886454435772716,0.001001119613647461,1
0.1,10,100,155,TSCP_R,Gaussian,absolute_residual,0.943125,32045.94395938534,3.0038193240267193,0.003984689712524414,1
0.1,10,100,155,Point_CHR,Gaussian,absolute_residual,0.92625,34063.46096643746,3.452942196886446,0.0,1
0.1,10,100,155,Unscaled,Gaussian,absolute_residual,0.93625,25951.33400279426,2.763223213693382,0.0,1
0.1,10,100,155,Empirical_copula,Gaussian,absolute_residual,0.848125,10180.948279985123,2.95306103528366,0.0009996891021728516,1
0.1,10,100,156,TSCP_R,Gaussian,absolute_residual,0.929375,31272.836721651744,3.2409061673601243,0.004048585891723633,1
0.1,10,100,156,Point_CHR,Gaussian,absolute_residual,0.9125,32931.31649097341,3.3283229302618293,0.0,1
0.1,10,100,156,Unscaled,Gaussian,absolute_residual,0.931875,24497.876104337167,2.747342745897805,0.0,1
0.1,10,100,156,Empirical_copula,Gaussian,absolute_residual,0.846875,12412.523749113732,3.089141299403394,0.0009834766387939453,1
0.1,10,100,157,TSCP_R,Gaussian,absolute_residual,0.924375,21866.670446649823,2.8894264398083638,0.003982067108154297,1
0.1,10,100,157,Point_CHR,Gaussian,absolute_residual,0.925,34584.64397471356,3.4670971638024746,0.0,1
0.1,10,100,157,Unscaled,Gaussian,absolute_residual,0.90625,15237.307431933887,2.6199368478112515,0.0,1
0.1,10,100,157,Empirical_copula,Gaussian,absolute_residual,0.849375,9772.862841408272,2.97909172939947,0.0010001659393310547,1
0.1,10,100,158,TSCP_R,Gaussian,absolute_residual,0.908125,18338.631524217923,2.8664691374747964,0.003999948501586914,1
0.1,10,100,158,Point_CHR,Gaussian,absolute_residual,0.95375,49159.18095833795,3.3221164160419034,0.0,1
0.1,10,100,158,Unscaled,Gaussian,absolute_residual,0.90375,14946.115982603365,2.614886451163755,0.0,1
0.1,10,100,158,Empirical_copula,Gaussian,absolute_residual,0.824375,8035.176735660384,3.0263610522746873,0.0010006427764892578,1
0.1,10,100,159,TSCP_R,Gaussian,absolute_residual,0.92,17443.581448054865,3.014102555952546,0.003000020980834961,1
0.1,10,100,159,Point_CHR,Gaussian,absolute_residual,0.885,14427.286839827219,3.220296725620229,0.000997781753540039,1
0.1,10,100,159,Unscaled,Gaussian,absolute_residual,0.91625,13695.195244982304,2.5921302651033638,0.0,1
0.1,10,100,159,Empirical_copula,Gaussian,absolute_residual,0.85625,8405.255222873513,2.6946389207622143,0.0009996891021728516,1
0.1,10,100,160,TSCP_R,Gaussian,absolute_residual,0.869375,10989.737905297194,2.7655771184854236,0.002997875213623047,1
0.1,10,100,160,Point_CHR,Gaussian,absolute_residual,0.886875,19396.013070850866,3.3193274028626125,0.0,1
0.1,10,100,160,Unscaled,Gaussian,absolute_residual,0.904375,15028.201961085844,2.6163190431753227,0.0,1
0.1,10,100,160,Empirical_copula,Gaussian,absolute_residual,0.801875,6354.034442644268,2.7595195933164085,0.0010018348693847656,1
0.1,10,100,161,TSCP_R,Gaussian,absolute_residual,0.8575,9028.061955710975,2.714662010240753,0.0030059814453125,1
0.1,10,100,161,Point_CHR,Gaussian,absolute_residual,0.803125,6561.3266675793075,2.9268526550476412,0.0,1
0.1,10,100,161,Unscaled,Gaussian,absolute_residual,0.856875,7586.226437637657,2.4434450692553114,0.0,1
0.1,10,100,161,Empirical_copula,Gaussian,absolute_residual,0.7975,4669.715301373202,2.5514410726017456,0.0009944438934326172,1
0.1,10,100,162,TSCP_R,Gaussian,absolute_residual,0.930625,26569.17138387452,3.197502925972935,0.004002094268798828,1
0.1,10,100,162,Point_CHR,Gaussian,absolute_residual,0.89375,17469.07625039197,3.180577548027636,0.0010006427764892578,1
0.1,10,100,162,Unscaled,Gaussian,absolute_residual,0.933125,19910.433514911434,2.6909651391552463,0.0,1
0.1,10,100,162,Empirical_copula,Gaussian,absolute_residual,0.850625,10796.578494258567,3.1268251697388827,0.00099945068359375,1
0.1,10,100,163,TSCP_R,Gaussian,absolute_residual,0.89375,11708.110170257523,2.8811121712868637,0.00400853157043457,1
0.1,10,100,163,Point_CHR,Gaussian,absolute_residual,0.90375,14981.097555388493,3.0736679740399806,0.0009987354278564453,1
0.1,10,100,163,Unscaled,Gaussian,absolute_residual,0.895,10332.531427540222,2.520116823045338,0.0,1
0.1,10,100,163,Empirical_copula,Gaussian,absolute_residual,0.7775,4085.3472952422576,2.7533293375113423,0.0010001659393310547,1
0.1,10,100,164,TSCP_R,Gaussian,absolute_residual,0.87375,9338.812919024134,2.605057980877279,0.004006385803222656,1
0.1,10,100,164,Point_CHR,Gaussian,absolute_residual,0.916875,28586.781351777798,3.236022628999313,0.0,1
0.1,10,100,164,Unscaled,Gaussian,absolute_residual,0.86625,8325.467508993654,2.46627137926454,0.0,1
0.1,10,100,164,Empirical_copula,Gaussian,absolute_residual,0.794375,5471.928587408558,2.8923389307153977,0.0009932518005371094,1
0.1,10,100,165,TSCP_R,Gaussian,absolute_residual,0.881875,12878.699108489553,3.1166386425204333,0.004000425338745117,1
0.1,10,100,165,Point_CHR,Gaussian,absolute_residual,0.878125,14726.224108958071,3.367218102047933,0.0,1
0.1,10,100,165,Unscaled,Gaussian,absolute_residual,0.889375,10200.341195052051,2.516873973863323,0.0,1
0.1,10,100,165,Empirical_copula,Gaussian,absolute_residual,0.82875,7103.04208718268,3.115846008226967,0.0010066032409667969,1
0.1,10,100,166,TSCP_R,Gaussian,absolute_residual,0.8325,6774.578038428782,2.6398825167144158,0.004009246826171875,1
0.1,10,100,166,Point_CHR,Gaussian,absolute_residual,0.869375,12397.650336936578,3.13698558757178,0.0010020732879638672,1
0.1,10,100,166,Unscaled,Gaussian,absolute_residual,0.874375,9664.709595020728,2.5033344781171243,0.0,1
0.1,10,100,166,Empirical_copula,Gaussian,absolute_residual,0.755,3568.0690661074127,2.5595125668497616,0.0009999275207519531,1
0.1,10,100,167,TSCP_R,Gaussian,absolute_residual,0.798125,4941.296786079541,2.524073505919154,0.0030045509338378906,1
0.1,10,100,167,Point_CHR,Gaussian,absolute_residual,0.85,11395.42873612741,2.985961764823605,0.000993490219116211,1
0.1,10,100,167,Unscaled,Gaussian,absolute_residual,0.748125,3255.4980937403507,2.245234694505566,0.0,1
0.1,10,100,167,Empirical_copula,Gaussian,absolute_residual,0.689375,1989.820155305494,2.3457807079638044,0.0009992122650146484,1
0.1,10,100,168,TSCP_R,Gaussian,absolute_residual,0.914375,17761.335428301485,3.0734089236226056,0.003999948501586914,1
0.1,10,100,168,Point_CHR,Gaussian,absolute_residual,0.90625,22292.110802056613,3.5064727795808075,0.0010066032409667969,1
0.1,10,100,168,Unscaled,Gaussian,absolute_residual,0.92125,17890.081934080867,2.6623259969384776,0.0,1
0.1,10,100,168,Empirical_copula,Gaussian,absolute_residual,0.865,9824.32502968216,3.049717993389642,0.00099945068359375,1
0.1,10,100,169,TSCP_R,Gaussian,absolute_residual,0.921875,18336.544456391945,2.8550909879014217,0.004006862640380859,1
0.1,10,100,169,Point_CHR,Gaussian,absolute_residual,0.94,54459.708730561186,3.584601293004476,0.0009999275207519531,1
0.1,10,100,169,Unscaled,Gaussian,absolute_residual,0.924375,18245.799609345187,2.667572859006784,0.0,1
0.1,10,100,169,Empirical_copula,Gaussian,absolute_residual,0.795625,5235.935434834191,2.738790569339372,0.0009999275207519531,1
0.1,10,100,170,TSCP_R,Gaussian,absolute_residual,0.938125,25984.130800356474,3.04804465153885,0.004000186920166016,1
0.1,10,100,170,Point_CHR,Gaussian,absolute_residual,0.88,17230.2022676503,4.222187194521918,0.0,1
0.1,10,100,170,Unscaled,Gaussian,absolute_residual,0.9625,38297.34174165655,2.872875879475476,0.0,1
0.1,10,100,170,Empirical_copula,Gaussian,absolute_residual,0.83625,8967.008792839722,3.079616462207726,0.0009999275207519531,1
0.1,10,100,171,TSCP_R,Gaussian,absolute_residual,0.939375,31980.284003618068,3.254312160050455,0.0040094852447509766,1
0.1,10,100,171,Point_CHR,Gaussian,absolute_residual,0.889375,19853.662454928577,3.188760691731556,0.0009968280792236328,1
0.1,10,100,171,Unscaled,Gaussian,absolute_residual,0.93,21723.225105157406,2.7145161526520196,0.0,1
0.1,10,100,171,Empirical_copula,Gaussian,absolute_residual,0.8275,8448.190939058064,3.100698787942437,0.0010030269622802734,1
0.1,10,100,172,TSCP_R,Gaussian,absolute_residual,0.93125,24373.54067478097,3.187948410100371,0.004006147384643555,1
0.1,10,100,172,Point_CHR,Gaussian,absolute_residual,0.890625,14234.895433682954,2.8724422878761544,0.0,1
0.1,10,100,172,Unscaled,Gaussian,absolute_residual,0.9125,14176.554554984807,2.601100121361529,0.0,1
0.1,10,100,172,Empirical_copula,Gaussian,absolute_residual,0.846875,7777.131400299817,3.0512763172526682,0.0010001659393310547,1
0.1,10,100,173,TSCP_R,Gaussian,absolute_residual,0.84625,7694.841482416977,2.6245639033178048,0.004007577896118164,1
0.1,10,100,173,Point_CHR,Gaussian,absolute_residual,0.859375,12914.733641866007,3.083970538363623,0.0,1
0.1,10,100,173,Unscaled,Gaussian,absolute_residual,0.828125,5794.03673468639,2.3784724451259356,0.0,1
0.1,10,100,173,Empirical_copula,Gaussian,absolute_residual,0.744375,3116.0534143414548,2.4717530969763857,0.002001047134399414,1
0.1,10,100,174,TSCP_R,Gaussian,absolute_residual,0.938125,27161.226593647873,2.8768733505261994,0.003010988235473633,1
0.1,10,100,174,Point_CHR,Gaussian,absolute_residual,0.941875,52877.26448733541,3.5728362543143737,0.0009968280792236328,1
0.1,10,100,174,Unscaled,Gaussian,absolute_residual,0.92375,20074.292804836947,2.6931715959524336,0.0,1
0.1,10,100,174,Empirical_copula,Gaussian,absolute_residual,0.88125,13206.941706561374,2.920867326097551,0.0009992122650146484,1
0.1,10,100,175,TSCP_R,Gaussian,absolute_residual,0.9375,22943.322066530694,3.2063688210458734,0.0039920806884765625,1
0.1,10,100,175,Point_CHR,Gaussian,absolute_residual,0.935,24507.92580063272,3.314967152443879,0.0,1
0.1,10,100,175,Unscaled,Gaussian,absolute_residual,0.926875,15019.166676387527,2.616161701761537,0.0,1
0.1,10,100,175,Empirical_copula,Gaussian,absolute_residual,0.853125,7388.866726615695,2.7923888474162126,0.0010004043579101562,1
0.1,10,100,176,TSCP_R,Gaussian,absolute_residual,0.945625,31138.60888568439,2.996114329351123,0.003004789352416992,1
0.1,10,100,176,Point_CHR,Gaussian,absolute_residual,0.916875,20797.78327480446,3.1529321904194147,0.0009970664978027344,1
0.1,10,100,176,Unscaled,Gaussian,absolute_residual,0.9525,37944.44091958745,2.87021755138826,0.0,1
0.1,10,100,176,Empirical_copula,Gaussian,absolute_residual,0.88625,14725.365412730553,3.2170896621118796,0.0010099411010742188,1
0.1,10,100,177,TSCP_R,Gaussian,absolute_residual,0.9175,17663.516638211855,2.950777581673183,0.004006624221801758,1
0.1,10,100,177,Point_CHR,Gaussian,absolute_residual,0.890625,19779.441729030274,3.4472803527035247,0.0,1
0.1,10,100,177,Unscaled,Gaussian,absolute_residual,0.915625,15670.96385223161,2.627299425662944,0.0,1
0.1,10,100,177,Empirical_copula,Gaussian,absolute_residual,0.82625,5800.338389917516,2.8111620864010156,0.0009999275207519531,1
0.1,10,100,178,TSCP_R,Gaussian,absolute_residual,0.84875,9299.068025811719,2.889586277060435,0.004007101058959961,1
0.1,10,100,178,Point_CHR,Gaussian,absolute_residual,0.861875,12193.598521862426,3.094662405639044,0.00099945068359375,1
0.1,10,100,178,Unscaled,Gaussian,absolute_residual,0.85125,7687.765966816329,2.4466960193174256,0.0,1
0.1,10,100,178,Empirical_copula,Gaussian,absolute_residual,0.77,4681.076090127965,2.839250902925077,0.0010004043579101562,1
0.1,10,100,179,TSCP_R,Gaussian,absolute_residual,0.83,5972.4560198807985,2.6924284047219116,0.0030074119567871094,1
0.1,10,100,179,Point_CHR,Gaussian,absolute_residual,0.82625,6772.091375190267,2.7108988507490963,0.0009927749633789062,1
0.1,10,100,179,Unscaled,Gaussian,absolute_residual,0.855625,7186.333713590686,2.430248804028931,0.0,1
0.1,10,100,179,Empirical_copula,Gaussian,absolute_residual,0.754375,3513.3785388897372,2.743970798264389,0.001008749008178711,1
0.1,10,100,180,TSCP_R,Gaussian,absolute_residual,0.87,10380.632020218154,2.763849847022054,0.004008293151855469,1
0.1,10,100,180,Point_CHR,Gaussian,absolute_residual,0.81875,6866.250036195965,2.8196528186505336,0.0,1
0.1,10,100,180,Unscaled,Gaussian,absolute_residual,0.884375,9118.357514604248,2.488809533056349,0.0,1
0.1,10,100,180,Empirical_copula,Gaussian,absolute_residual,0.769375,3941.4372792919717,2.7921599207432815,0.0009996891021728516,1
0.1,10,100,181,TSCP_R,Gaussian,absolute_residual,0.93375,21713.887753139617,2.889209601202477,0.002998828887939453,1
0.1,10,100,181,Point_CHR,Gaussian,absolute_residual,0.88625,17060.63525537309,3.438157146255747,0.0,1
0.1,10,100,181,Unscaled,Gaussian,absolute_residual,0.9025,12983.30130564153,2.5783300697396814,0.0,1
0.1,10,100,181,Empirical_copula,Gaussian,absolute_residual,0.85,8234.592259199713,2.8163680667927204,0.0010001659393310547,1
0.1,10,100,182,TSCP_R,Gaussian,absolute_residual,0.898125,14131.20543251802,3.0311442201112566,0.003006458282470703,1
0.1,10,100,182,Point_CHR,Gaussian,absolute_residual,0.935,34745.51823977078,3.2483324135635403,0.0,1
0.1,10,100,182,Unscaled,Gaussian,absolute_residual,0.898125,13864.911224036898,2.595324755756706,0.0,1
0.1,10,100,182,Empirical_copula,Gaussian,absolute_residual,0.81625,6363.993216313242,2.8301536858774146,0.0009932518005371094,1
0.1,10,100,183,TSCP_R,Gaussian,absolute_residual,0.9225,20908.12087743744,3.0415927614665437,0.0030012130737304688,1
0.1,10,100,183,Point_CHR,Gaussian,absolute_residual,0.92,23597.015929907477,3.2858172776378582,0.0010085105895996094,1
0.1,10,100,183,Unscaled,Gaussian,absolute_residual,0.925625,18758.445230113193,2.6749747317447063,0.0,1
0.1,10,100,183,Empirical_copula,Gaussian,absolute_residual,0.86375,11683.049727785006,2.85373832426394,0.0009975433349609375,1
0.1,10,100,184,TSCP_R,Gaussian,absolute_residual,0.831875,6062.544203696224,2.770779685853784,0.003010272979736328,1
0.1,10,100,184,Point_CHR,Gaussian,absolute_residual,0.848125,7697.066885938291,2.9425618592498726,0.0,1
0.1,10,100,184,Unscaled,Gaussian,absolute_residual,0.8175,4576.104739977167,2.323002063729955,0.0,1
0.1,10,100,184,Empirical_copula,Gaussian,absolute_residual,0.728125,2743.4616161728036,2.528177517764469,0.0010001659393310547,1
0.1,10,100,185,TSCP_R,Gaussian,absolute_residual,0.894375,15973.83063246503,3.0506853350474903,0.004005908966064453,1
0.1,10,100,185,Point_CHR,Gaussian,absolute_residual,0.8975,18890.581814678568,3.047179929081769,0.0,1
0.1,10,100,185,Unscaled,Gaussian,absolute_residual,0.903125,14634.3991231147,2.6093809624774296,0.0009996891021728516,1
0.1,10,100,185,Empirical_copula,Gaussian,absolute_residual,0.803125,8402.245934001046,3.151319250982013,0.0009999275207519531,1
0.1,10,100,186,TSCP_R,Gaussian,absolute_residual,0.918125,20658.51665475149,3.120032387384314,0.004017829895019531,1
0.1,10,100,186,Point_CHR,Gaussian,absolute_residual,0.92875,31939.915093944313,3.7584008115999747,0.0,1
0.1,10,100,186,Unscaled,Gaussian,absolute_residual,0.9325,20896.481022147054,2.7040039126430973,0.0,1
0.1,10,100,186,Empirical_copula,Gaussian,absolute_residual,0.831875,7564.205364126058,3.1185416306543767,0.0009908676147460938,1
0.1,10,100,187,TSCP_R,Gaussian,absolute_residual,0.96625,49354.07627732049,3.5123057899270145,0.0040035247802734375,1
0.1,10,100,187,Point_CHR,Gaussian,absolute_residual,0.900625,15508.767658159331,2.9518366788258676,0.0,1
0.1,10,100,187,Unscaled,Gaussian,absolute_residual,0.949375,29445.30041037273,2.7983472072627893,0.0010013580322265625,1
0.1,10,100,187,Empirical_copula,Gaussian,absolute_residual,0.86625,14246.231557679645,3.464963038358732,0.0009992122650146484,1
0.1,10,100,188,TSCP_R,Gaussian,absolute_residual,0.946875,22183.325065667555,2.850949567351188,0.004000663757324219,1
0.1,10,100,188,Point_CHR,Gaussian,absolute_residual,0.95,50927.0713425071,3.9132097217131783,0.0,1
0.1,10,100,188,Unscaled,Gaussian,absolute_residual,0.918125,14175.495150599698,2.6010806828616113,0.0,1
0.1,10,100,188,Empirical_copula,Gaussian,absolute_residual,0.823125,6041.091827806888,2.743536244465357,0.001001596450805664,1
0.1,10,100,189,TSCP_R,Gaussian,absolute_residual,0.9,15610.185035240778,2.7856885515457015,0.004010915756225586,1
0.1,10,100,189,Point_CHR,Gaussian,absolute_residual,0.876875,17307.45148359509,3.2104783811783597,0.0,1
0.1,10,100,189,Unscaled,Gaussian,absolute_residual,0.9075,13856.033825522334,2.5951585349077,0.0,1
0.1,10,100,189,Empirical_copula,Gaussian,absolute_residual,0.85125,8251.466434418955,2.9732991261220683,0.00099945068359375,1
0.1,10,100,190,TSCP_R,Gaussian,absolute_residual,0.905,16656.986500641135,2.883134674850449,0.004005908966064453,1
0.1,10,100,190,Point_CHR,Gaussian,absolute_residual,0.91125,20442.59264046879,3.2771993269565876,0.0,1
0.1,10,100,190,Unscaled,Gaussian,absolute_residual,0.913125,17361.944967722833,2.654360082028624,0.0,1
0.1,10,100,190,Empirical_copula,Gaussian,absolute_residual,0.83125,8500.43003903404,3.19244970714296,0.0019996166229248047,1
0.1,10,100,191,TSCP_R,Gaussian,absolute_residual,0.894375,13402.164649641552,3.0091091501801306,0.004027128219604492,1
0.1,10,100,191,Point_CHR,Gaussian,absolute_residual,0.8625,12687.924354883908,3.0359387130987465,0.0,1
0.1,10,100,191,Unscaled,Gaussian,absolute_residual,0.9,13235.314476378382,2.5832915685006235,0.0,1
0.1,10,100,191,Empirical_copula,Gaussian,absolute_residual,0.81625,7181.767088022502,3.319731193872359,0.000993490219116211,1
0.1,10,100,192,TSCP_R,Gaussian,absolute_residual,0.940625,29558.340578769417,3.1126936057780337,0.004009246826171875,1
0.1,10,100,192,Point_CHR,Gaussian,absolute_residual,0.83125,9512.519033461875,2.8877067457632903,0.0,1
0.1,10,100,192,Unscaled,Gaussian,absolute_residual,0.939375,22744.64653735807,2.7270174640404323,0.0,1
0.1,10,100,192,Empirical_copula,Gaussian,absolute_residual,0.815,8139.536411309281,2.9685337211635137,0.0009996891021728516,1
0.1,10,100,193,TSCP_R,Gaussian,absolute_residual,0.844375,8077.283656607034,2.6859305656783143,0.003000497817993164,1
0.1,10,100,193,Point_CHR,Gaussian,absolute_residual,0.8075,6731.459312632959,2.985351315416393,0.000997781753540039,1
0.1,10,100,193,Unscaled,Gaussian,absolute_residual,0.8375,5796.330118014545,2.378566572553084,0.0,1
0.1,10,100,193,Empirical_copula,Gaussian,absolute_residual,0.77125,3602.491529519717,2.6857613864877115,0.0010020732879638672,1
0.1,10,100,194,TSCP_R,Gaussian,absolute_residual,0.916875,15806.068019435139,2.867601059129191,0.0040051937103271484,1
0.1,10,100,194,Point_CHR,Gaussian,absolute_residual,0.939375,27260.805786650762,3.143527718386867,0.0,1
0.1,10,100,194,Unscaled,Gaussian,absolute_residual,0.9075,12257.094323107725,2.5635320578814054,0.0,1
0.1,10,100,194,Empirical_copula,Gaussian,absolute_residual,0.84,7711.139805532406,3.123659858975074,0.0010008811950683594,1
0.1,10,100,195,TSCP_R,Gaussian,absolute_residual,0.873125,8809.066552928985,2.8227481597530915,0.003009319305419922,1
0.1,10,100,195,Point_CHR,Gaussian,absolute_residual,0.82625,6269.3244947588055,2.8201168030508934,0.0,1
0.1,10,100,195,Unscaled,Gaussian,absolute_residual,0.856875,6458.747978208561,2.4044449253692917,0.0,1
0.1,10,100,195,Empirical_copula,Gaussian,absolute_residual,0.800625,4268.96069702281,3.057161247381045,0.000993967056274414,1
0.1,10,100,196,TSCP_R,Gaussian,absolute_residual,0.945625,36012.30210590865,3.1342510557994467,0.0030090808868408203,1
0.1,10,100,196,Point_CHR,Gaussian,absolute_residual,0.91125,27559.86134372546,3.5289313256931276,0.0009992122650146484,1
0.1,10,100,196,Unscaled,Gaussian,absolute_residual,0.94,23092.968617073697,2.731165240436129,0.0,1
0.1,10,100,196,Empirical_copula,Gaussian,absolute_residual,0.866875,11127.836429240804,2.959193897259417,0.0009987354278564453,1
0.1,10,100,197,TSCP_R,Gaussian,absolute_residual,0.894375,11978.945937834165,2.8603570086413836,0.004369974136352539,1
0.1,10,100,197,Point_CHR,Gaussian,absolute_residual,0.873125,11695.276856220178,3.0827117751897797,0.0,1
0.1,10,100,197,Unscaled,Gaussian,absolute_residual,0.879375,9921.52728369487,2.5099082905528167,0.0,1
0.1,10,100,197,Empirical_copula,Gaussian,absolute_residual,0.83,6193.3146884567495,2.635456655209758,0.0009999275207519531,1
0.1,10,100,198,TSCP_R,Gaussian,absolute_residual,0.880625,9554.634451711237,2.759935771580043,0.003006458282470703,1
0.1,10,100,198,Point_CHR,Gaussian,absolute_residual,0.916875,16676.943019083334,3.0542905813828565,0.0,1
0.1,10,100,198,Unscaled,Gaussian,absolute_residual,0.884375,8716.156696708054,2.4776074767111647,0.0,1
0.1,10,100,198,Empirical_copula,Gaussian,absolute_residual,0.80875,4941.759222314965,2.8796808322410588,0.0009999275207519531,1
0.1,10,100,199,TSCP_R,Gaussian,absolute_residual,0.91,18443.035898389047,2.8046873367814467,0.0029954910278320312,1
0.1,10,100,199,Point_CHR,Gaussian,absolute_residual,0.926875,30200.1547923942,3.2005389280173935,0.000993490219116211,1
0.1,10,100,199,Unscaled,Gaussian,absolute_residual,0.89625,13359.573043123075,2.5857066828373316,0.0,1
0.1,10,100,199,Empirical_copula,Gaussian,absolute_residual,0.79,6964.884683167799,2.976496052617213,0.0010082721710205078,1
0.1,10,100,0,TSCP_R,Gaussian,absolute_residual,0.95125,918315.8465974941,5.834789587747208,0.004005908966064453,2
0.1,10,100,0,Point_CHR,Gaussian,absolute_residual,0.896875,537985.2388846474,5.8394869569062084,0.0009999275207519531,2
0.1,10,100,0,Unscaled,Gaussian,absolute_residual,0.903125,1593021.3490015892,4.1708268396965575,0.0,2
0.1,10,100,0,Empirical_copula,Gaussian,absolute_residual,0.844375,286610.6202880204,5.682219941547398,0.0009996891021728516,2
0.1,10,100,1,TSCP_R,Gaussian,absolute_residual,0.944375,1082328.666137199,6.030700833661356,0.004009723663330078,2
0.1,10,100,1,Point_CHR,Gaussian,absolute_residual,0.916875,808837.6089607904,5.9317663360345865,0.0,2
0.1,10,100,1,Unscaled,Gaussian,absolute_residual,0.961875,5537677.195860978,4.7242488237544915,0.0,2
0.1,10,100,1,Empirical_copula,Gaussian,absolute_residual,0.8525,311515.12306919723,5.046060784069253,0.001995086669921875,2
0.1,10,100,2,TSCP_R,Gaussian,absolute_residual,0.906875,565168.6594757246,5.268942434286049,0.004002094268798828,2
0.1,10,100,2,Point_CHR,Gaussian,absolute_residual,0.91375,999207.3843310918,6.1471527977689275,0.0,2
0.1,10,100,2,Unscaled,Gaussian,absolute_residual,0.888125,1177006.891501007,4.046484680720556,0.0,2
0.1,10,100,2,Empirical_copula,Gaussian,absolute_residual,0.81125,194533.05649961406,4.420363639537706,0.0019986629486083984,2
0.1,10,100,3,TSCP_R,Gaussian,absolute_residual,0.88,376530.05110526155,4.734606835815093,0.0030066967010498047,2
0.1,10,100,3,Point_CHR,Gaussian,absolute_residual,0.8425,271615.9786220747,4.656717851346808,0.0,2
0.1,10,100,3,Unscaled,Gaussian,absolute_residual,0.819375,433304.5459525617,3.661671034105755,0.0,2
0.1,10,100,3,Empirical_copula,Gaussian,absolute_residual,0.776875,148566.3463056468,4.135494894238123,0.0009999275207519531,2
0.1,10,100,4,TSCP_R,Gaussian,absolute_residual,0.9175,638909.190010077,5.36180788356651,0.0030066967010498047,2
0.1,10,100,4,Point_CHR,Gaussian,absolute_residual,0.88125,513532.3699201916,5.634726583563484,0.0009999275207519531,2
0.1,10,100,4,Unscaled,Gaussian,absolute_residual,0.8925,1072243.5709977928,4.008938049382491,0.0,2
0.1,10,100,4,Empirical_copula,Gaussian,absolute_residual,0.84,267630.4073853434,5.1666969387046535,0.0010263919830322266,2
0.1,10,100,5,TSCP_R,Gaussian,absolute_residual,0.8825,445488.89322978596,5.61713955105377,0.004001617431640625,2
0.1,10,100,5,Point_CHR,Gaussian,absolute_residual,0.901875,546687.0492673328,6.74308165053449,0.0,2
0.1,10,100,5,Unscaled,Gaussian,absolute_residual,0.94375,3208623.4357235064,4.473339657804547,0.0010077953338623047,2
0.1,10,100,5,Empirical_copula,Gaussian,absolute_residual,0.785,233139.6130099538,5.52536763441145,0.0009975433349609375,2
0.1,10,100,6,TSCP_R,Gaussian,absolute_residual,0.888125,384897.92597866344,5.412264797968163,0.004000663757324219,2
0.1,10,100,6,Point_CHR,Gaussian,absolute_residual,0.95875,1659782.37558877,6.46527475244366,0.0,2
0.1,10,100,6,Unscaled,Gaussian,absolute_residual,0.9575,4426852.055406197,4.619654548496903,0.0010025501251220703,2
0.1,10,100,6,Empirical_copula,Gaussian,absolute_residual,0.820625,220444.35003187484,5.289390834198738,0.0010111331939697266,2
0.1,10,100,7,TSCP_R,Gaussian,absolute_residual,0.92375,660108.9866407127,5.291526473995614,0.0029959678649902344,2
0.1,10,100,7,Point_CHR,Gaussian,absolute_residual,0.93125,871119.5351082018,5.891291768854085,0.0009999275207519531,2
0.1,10,100,7,Unscaled,Gaussian,absolute_residual,0.91,1532769.5927210029,4.15477670183842,0.0,2
0.1,10,100,7,Empirical_copula,Gaussian,absolute_residual,0.865,303607.85482205637,4.73191181605787,0.0009937286376953125,2
0.1,10,100,8,TSCP_R,Gaussian,absolute_residual,0.879375,303235.8487511431,4.864265134865943,0.004000425338745117,2
0.1,10,100,8,Point_CHR,Gaussian,absolute_residual,0.91,551180.9408385342,6.050757799150638,0.0,2
0.1,10,100,8,Unscaled,Gaussian,absolute_residual,0.8275,532642.2188741268,3.7380366805276686,0.0,2
0.1,10,100,8,Empirical_copula,Gaussian,absolute_residual,0.7675,116866.12527821439,4.462433166221906,0.0009946823120117188,2
0.1,10,100,9,TSCP_R,Gaussian,absolute_residual,0.82125,183128.69743643003,5.036923024105868,0.0030074119567871094,2
0.1,10,100,9,Point_CHR,Gaussian,absolute_residual,0.9175,734991.4467398074,6.065754068229944,0.0009996891021728516,2
0.1,10,100,9,Unscaled,Gaussian,absolute_residual,0.889375,1064941.860357582,4.006199660804899,0.0,2
0.1,10,100,9,Empirical_copula,Gaussian,absolute_residual,0.7325,96781.43954104692,4.875698568979118,0.0010001659393310547,2
0.1,10,100,10,TSCP_R,Gaussian,absolute_residual,0.91625,704949.9204880927,5.946738718106209,0.0030069351196289062,2
0.1,10,100,10,Point_CHR,Gaussian,absolute_residual,0.906875,1182524.8863562127,6.720891110936886,0.0,2
0.1,10,100,10,Unscaled,Gaussian,absolute_residual,0.900625,1373137.480339819,4.109333628213981,0.0,2
0.1,10,100,10,Empirical_copula,Gaussian,absolute_residual,0.80625,170913.95328905515,5.791161035524753,0.0010058879852294922,2
0.1,10,100,11,TSCP_R,Gaussian,absolute_residual,0.9275,656411.2218617293,5.7014796163060195,0.00400090217590332,2
0.1,10,100,11,Point_CHR,Gaussian,absolute_residual,0.929375,846500.3697842078,6.428176735085116,0.0,2
0.1,10,100,11,Unscaled,Gaussian,absolute_residual,0.911875,1428205.8340462123,4.125523642219366,0.0,2
0.1,10,100,11,Empirical_copula,Gaussian,absolute_residual,0.8425,227866.3168402672,5.7006058355052005,0.0010035037994384766,2
0.1,10,100,12,TSCP_R,Gaussian,absolute_residual,0.948125,1370959.8069370717,5.426691719459175,0.0030069351196289062,2
0.1,10,100,12,Point_CHR,Gaussian,absolute_residual,0.95375,2630408.9148004223,5.896142273632233,0.0,2
0.1,10,100,12,Unscaled,Gaussian,absolute_residual,0.90875,1603371.6641745449,4.173528854431326,0.0,2
0.1,10,100,12,Empirical_copula,Gaussian,absolute_residual,0.859375,332042.56350384007,5.288217668398337,0.0009996891021728516,2
0.1,10,100,13,TSCP_R,Gaussian,absolute_residual,0.83375,200656.73263645842,4.789273458777457,0.004006147384643555,2
0.1,10,100,13,Point_CHR,Gaussian,absolute_residual,0.891875,721054.4151806547,5.827193603616492,0.0,2
0.1,10,100,13,Unscaled,Gaussian,absolute_residual,0.870625,863358.9370666558,3.9230075043639605,0.0009975433349609375,2
0.1,10,100,13,Empirical_copula,Gaussian,absolute_residual,0.72875,86364.01483802583,4.36705904892181,0.000997304916381836,2
0.1,10,100,14,TSCP_R,Gaussian,absolute_residual,0.893125,403844.41940427857,5.323207819081021,0.0030095577239990234,2
0.1,10,100,14,Point_CHR,Gaussian,absolute_residual,0.939375,909475.5813714172,6.073391782602842,0.0,2
0.1,10,100,14,Unscaled,Gaussian,absolute_residual,0.92125,2052656.7476868269,4.277909897688807,0.0,2
0.1,10,100,14,Empirical_copula,Gaussian,absolute_residual,0.805,190196.92277456768,5.408132245052233,0.0009999275207519531,2
0.1,10,100,15,TSCP_R,Gaussian,absolute_residual,0.88625,426100.5687371578,5.71773659229143,0.0030066967010498047,2
0.1,10,100,15,Point_CHR,Gaussian,absolute_residual,0.95,2113360.6583058583,6.785169447350661,0.0,2
0.1,10,100,15,Unscaled,Gaussian,absolute_residual,0.92,1686386.9692511917,4.194649946531559,0.0,2
0.1,10,100,15,Empirical_copula,Gaussian,absolute_residual,0.79125,154992.69229641356,4.661772105005668,0.0009996891021728516,2
0.1,10,100,16,TSCP_R,Gaussian,absolute_residual,0.90125,426261.31431816705,5.078256803844676,0.0030066967010498047,2
0.1,10,100,16,Point_CHR,Gaussian,absolute_residual,0.821875,210525.3266547622,4.468459163919618,0.0009918212890625,2
0.1,10,100,16,Unscaled,Gaussian,absolute_residual,0.866875,715544.2085884701,3.8500258644095777,0.0,2
0.1,10,100,16,Empirical_copula,Gaussian,absolute_residual,0.803125,183179.13129107063,4.561941108072431,0.0010156631469726562,2
0.1,10,100,17,TSCP_R,Gaussian,absolute_residual,0.9625,1535731.1791460852,6.169470800037145,0.00400543212890625,2
0.1,10,100,17,Point_CHR,Gaussian,absolute_residual,0.989375,7063839.108632361,8.117314493401036,0.0,2
0.1,10,100,17,Unscaled,Gaussian,absolute_residual,0.97,6124530.1337705,4.772075186430981,0.0,2
0.1,10,100,17,Empirical_copula,Gaussian,absolute_residual,0.834375,354540.03655072366,5.935796999517603,0.0009996891021728516,2
0.1,10,100,18,TSCP_R,Gaussian,absolute_residual,0.916875,534775.3573227575,5.686185743000889,0.0030052661895751953,2
0.1,10,100,18,Point_CHR,Gaussian,absolute_residual,0.90125,446245.6314496247,5.73065539352924,0.0010004043579101562,2
0.1,10,100,18,Unscaled,Gaussian,absolute_residual,0.931875,1934314.002768773,4.252582009478047,0.0,2
0.1,10,100,18,Empirical_copula,Gaussian,absolute_residual,0.82125,178994.12355051478,5.081564994648522,0.0009999275207519531,2
0.1,10,100,19,TSCP_R,Gaussian,absolute_residual,0.9125,624076.1609598174,5.294404931700547,0.00400996208190918,2
0.1,10,100,19,Point_CHR,Gaussian,absolute_residual,0.93125,1067024.6673615116,5.970341480957855,0.0009930133819580078,2
0.1,10,100,19,Unscaled,Gaussian,absolute_residual,0.875,1059652.1188189313,4.0042052534634385,0.0,2
0.1,10,100,19,Empirical_copula,Gaussian,absolute_residual,0.838125,252740.00991074817,4.475137871960019,0.0010094642639160156,2
0.1,10,100,20,TSCP_R,Gaussian,absolute_residual,0.910625,553651.16860609,6.451493333211273,0.004997730255126953,2
0.1,10,100,20,Point_CHR,Gaussian,absolute_residual,0.87,566762.7798128139,7.954760322390218,0.0,2
0.1,10,100,20,Unscaled,Gaussian,absolute_residual,0.925,1846785.6277144,4.2329354776908135,0.0,2
0.1,10,100,20,Empirical_copula,Gaussian,absolute_residual,0.849375,242243.16073864067,5.599273782051257,0.0010023117065429688,2
0.1,10,100,21,TSCP_R,Gaussian,absolute_residual,0.9225,574680.1039734253,5.2073305733090045,0.00299835205078125,2
0.1,10,100,21,Point_CHR,Gaussian,absolute_residual,0.91125,650802.5128154123,4.962681392395949,0.0010020732879638672,2
0.1,10,100,21,Unscaled,Gaussian,absolute_residual,0.886875,1053116.6831410322,4.001728767063289,0.0,2
0.1,10,100,21,Empirical_copula,Gaussian,absolute_residual,0.84625,289296.6998148686,5.542125982676651,0.0010004043579101562,2
0.1,10,100,22,TSCP_R,Gaussian,absolute_residual,0.89625,425821.67217597185,5.309128125916923,0.003999948501586914,2
0.1,10,100,22,Point_CHR,Gaussian,absolute_residual,0.89125,516733.00645669963,5.4574113157181925,0.0,2
0.1,10,100,22,Unscaled,Gaussian,absolute_residual,0.94625,4166647.1280718483,4.5917546257614,0.0,2
0.1,10,100,22,Empirical_copula,Gaussian,absolute_residual,0.815,190588.64567320864,5.137766011942194,0.0010068416595458984,2
0.1,10,100,23,TSCP_R,Gaussian,absolute_residual,0.916875,549165.0277291576,5.355958443173585,0.003268718719482422,2
0.1,10,100,23,Point_CHR,Gaussian,absolute_residual,0.881875,341448.1000568783,5.325271458590773,0.0,2
0.1,10,100,23,Unscaled,Gaussian,absolute_residual,0.91625,1671207.8826579805,4.190858982158296,0.0,2
0.1,10,100,23,Empirical_copula,Gaussian,absolute_residual,0.84375,252325.62669283862,4.543157664840823,0.0009999275207519531,2
0.1,10,100,24,TSCP_R,Gaussian,absolute_residual,0.870625,355306.24070894154,5.0268628570023735,0.004018545150756836,2
0.1,10,100,24,Point_CHR,Gaussian,absolute_residual,0.8725,325255.4165980167,4.772717745620596,0.0,2
0.1,10,100,24,Unscaled,Gaussian,absolute_residual,0.805,424780.8994966289,3.654403498718317,0.0,2
0.1,10,100,24,Empirical_copula,Gaussian,absolute_residual,0.8075,221775.610741378,4.721876556767555,0.0009996891021728516,2
0.1,10,100,25,TSCP_R,Gaussian,absolute_residual,0.9425,879078.53086717,5.718749488811958,0.004000425338745117,2
0.1,10,100,25,Point_CHR,Gaussian,absolute_residual,0.924375,897994.1163471035,5.802796188170524,0.0,2
0.1,10,100,25,Unscaled,Gaussian,absolute_residual,0.918125,1892662.246039735,4.243334925717272,0.0,2
0.1,10,100,25,Empirical_copula,Gaussian,absolute_residual,0.860625,265884.04586115375,5.476530744260511,0.0010077953338623047,2
0.1,10,100,26,TSCP_R,Gaussian,absolute_residual,0.900625,568249.9333935586,5.339341644408146,0.003007650375366211,2
0.1,10,100,26,Point_CHR,Gaussian,absolute_residual,0.913125,638806.249959749,5.740199451363781,0.0009989738464355469,2
0.1,10,100,26,Unscaled,Gaussian,absolute_residual,0.898125,1316987.9900979039,4.092212536082946,0.0,2
0.1,10,100,26,Empirical_copula,Gaussian,absolute_residual,0.81,201419.84636310965,5.608002725505772,0.0009999275207519531,2
0.1,10,100,27,TSCP_R,Gaussian,absolute_residual,0.893125,443873.3068555473,5.31655442061936,0.003987789154052734,2
0.1,10,100,27,Point_CHR,Gaussian,absolute_residual,0.9125,829433.5324845149,6.150688056138615,0.0,2
0.1,10,100,27,Unscaled,Gaussian,absolute_residual,0.89125,1203048.4359027836,4.055349710602196,0.0,2
0.1,10,100,27,Empirical_copula,Gaussian,absolute_residual,0.794375,190129.9565296174,5.037297844025957,0.0009999275207519531,2
0.1,10,100,28,TSCP_R,Gaussian,absolute_residual,0.92125,720863.1936507967,5.569517141551153,0.0040130615234375,2
0.1,10,100,28,Point_CHR,Gaussian,absolute_residual,0.9625,3466164.035256354,6.339868331516579,0.0,2
0.1,10,100,28,Unscaled,Gaussian,absolute_residual,0.94625,3038255.178850579,4.449000193995559,0.0,2
0.1,10,100,28,Empirical_copula,Gaussian,absolute_residual,0.8375,268126.6262682531,5.111689618372573,0.0009951591491699219,2
0.1,10,100,29,TSCP_R,Gaussian,absolute_residual,0.899375,448149.38429769437,5.073177221562576,0.002994060516357422,2
0.1,10,100,29,Point_CHR,Gaussian,absolute_residual,0.91375,670680.579278392,5.002536550111449,0.0,2
0.1,10,100,29,Unscaled,Gaussian,absolute_residual,0.869375,792712.6073002031,3.8896594246554077,0.0,2
0.1,10,100,29,Empirical_copula,Gaussian,absolute_residual,0.846875,244005.77371256813,5.071902277158959,0.0009982585906982422,2
0.1,10,100,30,TSCP_R,Gaussian,absolute_residual,0.915625,633956.4404516274,5.878939603790961,0.004006862640380859,2
0.1,10,100,30,Point_CHR,Gaussian,absolute_residual,0.895,657676.7113444203,6.226168563683271,0.0,2
0.1,10,100,30,Unscaled,Gaussian,absolute_residual,0.92875,1964282.1846259255,4.25912501485264,0.0,2
0.1,10,100,30,Empirical_copula,Gaussian,absolute_residual,0.810625,263999.53816959955,5.65789585063235,0.0010013580322265625,2
0.1,10,100,31,TSCP_R,Gaussian,absolute_residual,0.831875,205360.9287926714,4.890424737342697,0.004007101058959961,2
0.1,10,100,31,Point_CHR,Gaussian,absolute_residual,0.796875,190986.91878517118,4.897221475512875,0.0,2
0.1,10,100,31,Unscaled,Gaussian,absolute_residual,0.87375,992062.3525839675,3.977900326651362,0.0,2
0.1,10,100,31,Empirical_copula,Gaussian,absolute_residual,0.734375,92476.02964784791,4.846675123035048,0.0009932518005371094,2
0.1,10,100,32,TSCP_R,Gaussian,absolute_residual,0.87125,285236.6019089235,5.07013200822005,0.004001140594482422,2
0.1,10,100,32,Point_CHR,Gaussian,absolute_residual,0.889375,517576.02816755057,5.4947834771353365,0.001001119613647461,2
0.1,10,100,32,Unscaled,Gaussian,absolute_residual,0.880625,970391.2555938889,3.969124186962341,0.0,2
0.1,10,100,32,Empirical_copula,Gaussian,absolute_residual,0.788125,139898.6436472149,4.483350901564496,0.0009999275207519531,2
0.1,10,100,33,TSCP_R,Gaussian,absolute_residual,0.9375,1023149.7318023046,5.6833597764755694,0.00299835205078125,2
0.1,10,100,33,Point_CHR,Gaussian,absolute_residual,0.939375,1034981.6344842532,5.489777782928021,0.0,2
0.1,10,100,33,Unscaled,Gaussian,absolute_residual,0.96875,6866367.180917572,4.826948912715463,0.0,2
0.1,10,100,33,Empirical_copula,Gaussian,absolute_residual,0.84125,307738.90167195594,5.616065965811812,0.001001119613647461,2
0.1,10,100,34,TSCP_R,Gaussian,absolute_residual,0.933125,1064532.0645407762,5.656667458718419,0.00400543212890625,2
0.1,10,100,34,Point_CHR,Gaussian,absolute_residual,0.941875,1076977.9837264542,5.833870244841439,0.0,2
0.1,10,100,34,Unscaled,Gaussian,absolute_residual,0.93375,1978850.8891603712,4.262273432446691,0.0,2
0.1,10,100,34,Empirical_copula,Gaussian,absolute_residual,0.825625,260304.58766865736,5.337610179464621,0.000993490219116211,2
0.1,10,100,35,TSCP_R,Gaussian,absolute_residual,0.914375,630286.6016630876,6.209068472348897,0.0030028820037841797,2
0.1,10,100,35,Point_CHR,Gaussian,absolute_residual,0.944375,1446642.2097479342,7.025186958974075,0.0009968280792236328,2
0.1,10,100,35,Unscaled,Gaussian,absolute_residual,0.93875,2523125.140373292,4.367107464977835,0.0,2
0.1,10,100,35,Empirical_copula,Gaussian,absolute_residual,0.8675,332648.30213878554,6.366591063048675,0.0010099411010742188,2
0.1,10,100,36,TSCP_R,Gaussian,absolute_residual,0.909375,550013.1116229357,6.431737644664057,0.004003047943115234,2
0.1,10,100,36,Point_CHR,Gaussian,absolute_residual,0.90125,771123.276541779,7.789832810215898,0.0,2
0.1,10,100,36,Unscaled,Gaussian,absolute_residual,0.970625,6683630.83271722,4.813946344452845,0.0,2
0.1,10,100,36,Empirical_copula,Gaussian,absolute_residual,0.8375,302082.39003881277,6.030276753830592,0.0009999275207519531,2
0.1,10,100,37,TSCP_R,Gaussian,absolute_residual,0.9025,433393.7468364633,5.5097708716779055,0.00400090217590332,2
0.1,10,100,37,Point_CHR,Gaussian,absolute_residual,0.9025,501797.5384673992,5.43460496773454,0.001001119613647461,2
0.1,10,100,37,Unscaled,Gaussian,absolute_residual,0.9125,1494858.3779188613,4.144384158424349,0.0,2
0.1,10,100,37,Empirical_copula,Gaussian,absolute_residual,0.845625,270908.5545320629,6.21081238285988,0.0010006427764892578,2
0.1,10,100,38,TSCP_R,Gaussian,absolute_residual,0.88375,319011.79400377,4.909145307187419,0.0039920806884765625,2
0.1,10,100,38,Point_CHR,Gaussian,absolute_residual,0.90875,540056.8503698256,5.750714190411467,0.0,2
0.1,10,100,38,Unscaled,Gaussian,absolute_residual,0.870625,835689.9046200464,3.910249917902777,0.0010023117065429688,2
0.1,10,100,38,Empirical_copula,Gaussian,absolute_residual,0.77625,121751.14715715518,4.442592114984363,0.0009989738464355469,2
0.1,10,100,39,TSCP_R,Gaussian,absolute_residual,0.89625,425888.4344258782,4.988668325715794,0.0030059814453125,2
0.1,10,100,39,Point_CHR,Gaussian,absolute_residual,0.88,400360.0873671756,5.167876936230071,0.0010006427764892578,2
0.1,10,100,39,Unscaled,Gaussian,absolute_residual,0.855625,729409.2206604325,3.857421749923706,0.0,2
0.1,10,100,39,Empirical_copula,Gaussian,absolute_residual,0.783125,165746.56244902068,4.2699924387486226,0.0009927749633789062,2
0.1,10,100,40,TSCP_R,Gaussian,absolute_residual,0.915625,618475.4579650618,5.745581130409241,0.003000020980834961,2
0.1,10,100,40,Point_CHR,Gaussian,absolute_residual,0.931875,1124956.1904694312,6.778193578541652,0.0,2
0.1,10,100,40,Unscaled,Gaussian,absolute_residual,0.910625,1783119.212670175,4.218111329154304,0.0,2
0.1,10,100,40,Empirical_copula,Gaussian,absolute_residual,0.8275,220817.18108056855,5.096172948204366,0.0010075569152832031,2
0.1,10,100,41,TSCP_R,Gaussian,absolute_residual,0.87125,288464.2863506998,4.7401139795642395,0.0030074119567871094,2
0.1,10,100,41,Point_CHR,Gaussian,absolute_residual,0.835625,217625.04848183205,4.806843346491699,0.0009996891021728516,2
0.1,10,100,41,Unscaled,Gaussian,absolute_residual,0.8725,1036436.4887976131,3.995344840159642,0.0,2
0.1,10,100,41,Empirical_copula,Gaussian,absolute_residual,0.765625,121474.90376292156,4.651748268337734,0.0009992122650146484,2
0.1,10,100,42,TSCP_R,Gaussian,absolute_residual,0.88375,330970.7499233145,5.242174602304811,0.004006147384643555,2
0.1,10,100,42,Point_CHR,Gaussian,absolute_residual,0.8575,298253.4000359615,5.850369954486518,0.0,2
0.1,10,100,42,Unscaled,Gaussian,absolute_residual,0.9275,2068056.7811710874,4.281108610198481,0.0,2
0.1,10,100,42,Empirical_copula,Gaussian,absolute_residual,0.84625,216016.80299717485,4.865297383922448,0.0009999275207519531,2
0.1,10,100,43,TSCP_R,Gaussian,absolute_residual,0.886875,472836.36688997154,5.324760442614138,0.004000186920166016,2
0.1,10,100,43,Point_CHR,Gaussian,absolute_residual,0.845,316290.0292525542,5.245258439669469,0.0,2
0.1,10,100,43,Unscaled,Gaussian,absolute_residual,0.91375,1762693.9514595342,4.2132544817441016,0.0,2
0.1,10,100,43,Empirical_copula,Gaussian,absolute_residual,0.836875,266639.46806021855,4.7123148195937965,0.0010082721710205078,2
0.1,10,100,44,TSCP_R,Gaussian,absolute_residual,0.865,323596.64426881884,4.738205315177909,0.00400853157043457,2
0.1,10,100,44,Point_CHR,Gaussian,absolute_residual,0.90625,900959.5219693737,5.618029586861032,0.0009987354278564453,2
0.1,10,100,44,Unscaled,Gaussian,absolute_residual,0.91625,1847798.737843253,4.233167630868962,0.0,2
0.1,10,100,44,Empirical_copula,Gaussian,absolute_residual,0.784375,142444.70233356598,4.6953662143012735,0.0009999275207519531,2
0.1,10,100,45,TSCP_R,Gaussian,absolute_residual,0.918125,487165.94923731836,5.594221531641304,0.004006862640380859,2
0.1,10,100,45,Point_CHR,Gaussian,absolute_residual,0.9475,1118211.7552204882,6.696358943764631,0.0,2
0.1,10,100,45,Unscaled,Gaussian,absolute_residual,0.91,1329859.152424405,4.096194448610601,0.0,2
0.1,10,100,45,Empirical_copula,Gaussian,absolute_residual,0.848125,211947.77783767114,4.834020826961634,0.0009999275207519531,2
0.1,10,100,46,TSCP_R,Gaussian,absolute_residual,0.940625,996728.3068805698,5.849966839011732,0.004006385803222656,2
0.1,10,100,46,Point_CHR,Gaussian,absolute_residual,0.94125,902602.0426727239,5.649894498030756,0.0,2
0.1,10,100,46,Unscaled,Gaussian,absolute_residual,0.94375,2351515.0989086186,4.336454332512084,0.0,2
0.1,10,100,46,Empirical_copula,Gaussian,absolute_residual,0.868125,329703.9664782996,5.245447343963267,0.0010004043579101562,2
0.1,10,100,47,TSCP_R,Gaussian,absolute_residual,0.8475,238870.35792116186,4.998871025576088,0.0030069351196289062,2
0.1,10,100,47,Point_CHR,Gaussian,absolute_residual,0.9175,887673.825136308,5.179223812105889,0.001001596450805664,2
0.1,10,100,47,Unscaled,Gaussian,absolute_residual,0.909375,1387234.7294434782,4.113533090800961,0.0,2
0.1,10,100,47,Empirical_copula,Gaussian,absolute_residual,0.789375,129968.73610373875,4.634108777356644,0.0010001659393310547,2
0.1,10,100,48,TSCP_R,Gaussian,absolute_residual,0.92,578636.6687941022,5.112654924264619,0.005001544952392578,2
0.1,10,100,48,Point_CHR,Gaussian,absolute_residual,0.904375,645122.3785777355,5.611026644180322,0.0,2
0.1,10,100,48,Unscaled,Gaussian,absolute_residual,0.8475,552524.5884172419,3.7517609691451117,0.0,2
0.1,10,100,48,Empirical_copula,Gaussian,absolute_residual,0.78875,170471.37264395185,5.106549987581243,0.001001596450805664,2
0.1,10,100,49,TSCP_R,Gaussian,absolute_residual,0.943125,923775.7526547076,5.890134440855192,0.004013776779174805,2
0.1,10,100,49,Point_CHR,Gaussian,absolute_residual,0.93875,998783.677384868,5.7739442919790935,0.0009999275207519531,2
0.1,10,100,49,Unscaled,Gaussian,absolute_residual,0.949375,3566755.776962007,4.520925364115264,0.0,2
0.1,10,100,49,Empirical_copula,Gaussian,absolute_residual,0.8625,318908.5223016092,5.348533957410849,0.00099945068359375,2
0.1,10,100,50,TSCP_R,Gaussian,absolute_residual,0.9125,436815.7079764688,4.904450528355967,0.003998994827270508,2
0.1,10,100,50,Point_CHR,Gaussian,absolute_residual,0.948125,910642.2118626763,5.24702881883807,0.0,2
0.1,10,100,50,Unscaled,Gaussian,absolute_residual,0.928125,1723817.1727709665,4.203868478302402,0.0,2
0.1,10,100,50,Empirical_copula,Gaussian,absolute_residual,0.824375,171868.3332240697,4.7051205007573085,0.0010085105895996094,2
0.1,10,100,51,TSCP_R,Gaussian,absolute_residual,0.8875,371726.87195534963,4.990384672869835,0.004009246826171875,2
0.1,10,100,51,Point_CHR,Gaussian,absolute_residual,0.870625,299319.4961920245,5.3622006999330285,0.0,2
0.1,10,100,51,Unscaled,Gaussian,absolute_residual,0.89,1097565.3526583503,4.018306305852914,0.0,2
0.1,10,100,51,Empirical_copula,Gaussian,absolute_residual,0.779375,117218.46586111076,4.659523644468688,0.000997781753540039,2
0.1,10,100,52,TSCP_R,Gaussian,absolute_residual,0.891875,426374.7701624454,4.970951858152505,0.0040013790130615234,2
0.1,10,100,52,Point_CHR,Gaussian,absolute_residual,0.885,641776.9813371463,5.381385955044953,0.0,2
0.1,10,100,52,Unscaled,Gaussian,absolute_residual,0.88875,1119249.6996048773,4.026175471211208,0.0,2
0.1,10,100,52,Empirical_copula,Gaussian,absolute_residual,0.8225,186694.01555824603,4.764241053240408,0.0010004043579101562,2
0.1,10,100,53,TSCP_R,Gaussian,absolute_residual,0.92125,565805.3530767589,5.0238818642539504,0.002997875213623047,2
0.1,10,100,53,Point_CHR,Gaussian,absolute_residual,0.905625,596050.0547219835,5.533470824643586,0.0010008811950683594,2
0.1,10,100,53,Unscaled,Gaussian,absolute_residual,0.90875,1613464.6001512064,4.176148603366288,0.0,2
0.1,10,100,53,Empirical_copula,Gaussian,absolute_residual,0.87,284634.5585204119,5.023345479311558,0.00099945068359375,2
0.1,10,100,54,TSCP_R,Gaussian,absolute_residual,0.96375,1400724.3721645933,6.3727976955143895,0.0030007362365722656,2
0.1,10,100,54,Point_CHR,Gaussian,absolute_residual,0.963125,1997143.2928200571,5.933036039609334,0.0010101795196533203,2
0.1,10,100,54,Unscaled,Gaussian,absolute_residual,0.91625,1496673.9377292322,4.144887234047098,0.0,2
0.1,10,100,54,Empirical_copula,Gaussian,absolute_residual,0.881875,401457.3131202903,6.491301652961916,0.0009961128234863281,2
0.1,10,100,55,TSCP_R,Gaussian,absolute_residual,0.848125,297564.2898902488,4.7123166759512785,0.003010272979736328,2
0.1,10,100,55,Point_CHR,Gaussian,absolute_residual,0.863125,421243.2248638692,4.932159112960371,0.0,2
0.1,10,100,55,Unscaled,Gaussian,absolute_residual,0.83125,578750.1140162065,3.7691993622069995,0.0,2
0.1,10,100,55,Empirical_copula,Gaussian,absolute_residual,0.765,120350.15040980675,4.4454225341628755,0.00099945068359375,2
0.1,10,100,56,TSCP_R,Gaussian,absolute_residual,0.90125,484074.72299679695,5.0655801541470105,0.003006458282470703,2
0.1,10,100,56,Point_CHR,Gaussian,absolute_residual,0.93875,1484784.5997890218,6.146405684733761,0.0009999275207519531,2
0.1,10,100,56,Unscaled,Gaussian,absolute_residual,0.89875,1503984.144268981,4.1469072859020075,0.0,2
0.1,10,100,56,Empirical_copula,Gaussian,absolute_residual,0.84875,261966.94701791587,4.873524194783872,0.0009996891021728516,2
0.1,10,100,57,TSCP_R,Gaussian,absolute_residual,0.894375,440042.571639867,5.298012126909553,0.004000186920166016,2
0.1,10,100,57,Point_CHR,Gaussian,absolute_residual,0.93875,947602.8423512082,5.091836669647463,0.0,2
0.1,10,100,57,Unscaled,Gaussian,absolute_residual,0.934375,1931088.7504861,4.251872406389563,0.0,2
0.1,10,100,57,Empirical_copula,Gaussian,absolute_residual,0.79625,186601.63177756296,4.827078138545637,0.0010085105895996094,2
0.1,10,100,58,TSCP_R,Gaussian,absolute_residual,0.84125,269417.84045044426,5.112925492293897,0.00400090217590332,2
0.1,10,100,58,Point_CHR,Gaussian,absolute_residual,0.88125,616279.7461794463,5.755575908251312,0.0,2
0.1,10,100,58,Unscaled,Gaussian,absolute_residual,0.93375,2484727.9985839454,4.360415606549678,0.0,2
0.1,10,100,58,Empirical_copula,Gaussian,absolute_residual,0.794375,175668.75495950738,4.95566445162717,0.0020170211791992188,2
0.1,10,100,59,TSCP_R,Gaussian,absolute_residual,0.90625,527889.7333138665,5.077874764491085,0.0030062198638916016,2
0.1,10,100,59,Point_CHR,Gaussian,absolute_residual,0.89125,610933.7983454064,6.29095076579245,0.0010006427764892578,2
0.1,10,100,59,Unscaled,Gaussian,absolute_residual,0.891875,1249695.1815315217,4.070806033504012,0.0,2
0.1,10,100,59,Empirical_copula,Gaussian,absolute_residual,0.815,206413.67223618575,4.546672086204784,0.0009927749633789062,2
0.1,10,100,60,TSCP_R,Gaussian,absolute_residual,0.9125,505045.9686557864,5.239926882606166,0.0040035247802734375,2
0.1,10,100,60,Point_CHR,Gaussian,absolute_residual,0.905,696498.693079478,6.264012479027431,0.0,2
0.1,10,100,60,Unscaled,Gaussian,absolute_residual,0.874375,867726.6793862589,3.924987654407712,0.0,2
0.1,10,100,60,Empirical_copula,Gaussian,absolute_residual,0.8675,267909.2073187995,4.881771328913784,0.0009970664978027344,2
0.1,10,100,61,TSCP_R,Gaussian,absolute_residual,0.893125,427607.22584824916,4.799728581007696,0.004010677337646484,2
0.1,10,100,61,Point_CHR,Gaussian,absolute_residual,0.91625,635209.9149866755,5.186178421142829,0.0009968280792236328,2
0.1,10,100,61,Unscaled,Gaussian,absolute_residual,0.880625,977223.4032947058,3.9719098785624882,0.0,2
0.1,10,100,61,Empirical_copula,Gaussian,absolute_residual,0.81375,201434.54753586446,4.581581470091486,0.0009996891021728516,2
0.1,10,100,62,TSCP_R,Gaussian,absolute_residual,0.94375,875119.8140644969,5.365707836842047,0.0030057430267333984,2
0.1,10,100,62,Point_CHR,Gaussian,absolute_residual,0.923125,559006.1876739361,5.1833264695762775,0.0,2
0.1,10,100,62,Unscaled,Gaussian,absolute_residual,0.913125,1604581.4811415323,4.173843659321342,0.0,2
0.1,10,100,62,Empirical_copula,Gaussian,absolute_residual,0.879375,374735.44716609636,5.726322138311382,0.0009996891021728516,2
0.1,10,100,63,TSCP_R,Gaussian,absolute_residual,0.880625,314645.24156037765,5.550136362690891,0.0030012130737304688,2
0.1,10,100,63,Point_CHR,Gaussian,absolute_residual,0.904375,553849.3303048657,6.286096839373489,0.0010006427764892578,2
0.1,10,100,63,Unscaled,Gaussian,absolute_residual,0.913125,1746342.0819834014,4.209329586674127,0.0,2
0.1,10,100,63,Empirical_copula,Gaussian,absolute_residual,0.811875,141982.92538602118,4.982554768402485,0.0009930133819580078,2
0.1,10,100,64,TSCP_R,Gaussian,absolute_residual,0.915,571744.0444326117,5.331455384361202,0.004023551940917969,2
0.1,10,100,64,Point_CHR,Gaussian,absolute_residual,0.87375,446888.8146383351,5.4356348677655735,0.0,2
0.1,10,100,64,Unscaled,Gaussian,absolute_residual,0.876875,1019725.9216091232,3.9888558862623436,0.00099945068359375,2
0.1,10,100,64,Empirical_copula,Gaussian,absolute_residual,0.82875,226909.44889542175,5.130481052018331,0.0009980201721191406,2
0.1,10,100,65,TSCP_R,Gaussian,absolute_residual,0.886875,410280.4154918343,5.207512430801343,0.0040051937103271484,2
0.1,10,100,65,Point_CHR,Gaussian,absolute_residual,0.9325,1064114.4550967012,6.561577242729502,0.0,2
0.1,10,100,65,Unscaled,Gaussian,absolute_residual,0.91625,1482833.7578184328,4.141038292265231,0.0,2
0.1,10,100,65,Empirical_copula,Gaussian,absolute_residual,0.820625,201840.13317557602,5.388399363228601,0.002000570297241211,2
0.1,10,100,66,TSCP_R,Gaussian,absolute_residual,0.85375,230548.92384504294,4.832923099488252,0.002999544143676758,2
0.1,10,100,66,Point_CHR,Gaussian,absolute_residual,0.88,382096.16341598827,5.976742299977395,0.001007080078125,2
0.1,10,100,66,Unscaled,Gaussian,absolute_residual,0.890625,926251.2518142965,3.950689342233295,0.0,2
0.1,10,100,66,Empirical_copula,Gaussian,absolute_residual,0.78125,115371.29676514509,4.627573427784498,0.0010063648223876953,2
0.1,10,100,67,TSCP_R,Gaussian,absolute_residual,0.964375,1917633.9763915192,5.8665305827165195,0.004009246826171875,2
0.1,10,100,67,Point_CHR,Gaussian,absolute_residual,0.961875,1916622.0832430553,5.5817141849678436,0.0,2
0.1,10,100,67,Unscaled,Gaussian,absolute_residual,0.913125,1421119.7191426996,4.123472158445557,0.0,2
0.1,10,100,67,Empirical_copula,Gaussian,absolute_residual,0.9,472002.7710190122,5.019792257582352,0.0020003318786621094,2
0.1,10,100,68,TSCP_R,Gaussian,absolute_residual,0.868125,275427.4361348877,5.082213027857897,0.004033088684082031,2
0.1,10,100,68,Point_CHR,Gaussian,absolute_residual,0.825625,185401.93575188867,5.023049379103464,0.0009999275207519531,2
0.1,10,100,68,Unscaled,Gaussian,absolute_residual,0.911875,1295163.3828484912,4.085379974305263,0.0,2
0.1,10,100,68,Empirical_copula,Gaussian,absolute_residual,0.79,155769.14236739412,4.358092133596877,0.0009999275207519531,2
0.1,10,100,69,TSCP_R,Gaussian,absolute_residual,0.926875,809253.1244393437,5.358865896722544,0.004000663757324219,2
0.1,10,100,69,Point_CHR,Gaussian,absolute_residual,0.9025,527172.695890195,5.452292483273316,0.0,2
0.1,10,100,69,Unscaled,Gaussian,absolute_residual,0.90125,1156702.53564321,4.039449366816951,0.0009999275207519531,2
0.1,10,100,69,Empirical_copula,Gaussian,absolute_residual,0.86,310995.73131598317,4.67660400654125,0.0010099411010742188,2
0.1,10,100,70,TSCP_R,Gaussian,absolute_residual,0.909375,620923.760629039,4.868323951425872,0.004000186920166016,2
0.1,10,100,70,Point_CHR,Gaussian,absolute_residual,0.858125,349735.16329427046,4.281789634883813,0.0010075569152832031,2
0.1,10,100,70,Unscaled,Gaussian,absolute_residual,0.848125,737721.4061019479,3.861795201153529,0.0,2
0.1,10,100,70,Empirical_copula,Gaussian,absolute_residual,0.813125,240570.51926112588,4.151784128549146,0.0009996891021728516,2
0.1,10,100,71,TSCP_R,Gaussian,absolute_residual,0.954375,1091727.8873160568,5.394947026180232,0.004005908966064453,2
0.1,10,100,71,Point_CHR,Gaussian,absolute_residual,0.9175,535088.2190533712,5.311772523276283,0.0009937286376953125,2
0.1,10,100,71,Unscaled,Gaussian,absolute_residual,0.950625,2998091.7493405663,4.443083671876825,0.0,2
0.1,10,100,71,Empirical_copula,Gaussian,absolute_residual,0.90875,491561.7081801085,4.822610897881535,0.0010001659393310547,2
0.1,10,100,72,TSCP_R,Gaussian,absolute_residual,0.889375,416988.149710657,5.268453462419656,0.003998517990112305,2
0.1,10,100,72,Point_CHR,Gaussian,absolute_residual,0.84,385103.01560409646,6.145105831673058,0.0,2
0.1,10,100,72,Unscaled,Gaussian,absolute_residual,0.890625,1341474.9505139638,4.099758328041905,0.0,2
0.1,10,100,72,Empirical_copula,Gaussian,absolute_residual,0.813125,184715.91964455767,5.257967815555614,0.0019979476928710938,2
0.1,10,100,73,TSCP_R,Gaussian,absolute_residual,0.87625,309328.9887774842,5.238895547821547,0.004007816314697266,2
0.1,10,100,73,Point_CHR,Gaussian,absolute_residual,0.918125,615787.6035908276,5.338100405103536,0.0009982585906982422,2
0.1,10,100,73,Unscaled,Gaussian,absolute_residual,0.883125,942237.3918712501,3.9574554397646464,0.0,2
0.1,10,100,73,Empirical_copula,Gaussian,absolute_residual,0.7875,141564.0838997631,5.2769673552252705,0.0009927749633789062,2
0.1,10,100,74,TSCP_R,Gaussian,absolute_residual,0.911875,527102.6153738593,5.440183641709834,0.003008127212524414,2
0.1,10,100,74,Point_CHR,Gaussian,absolute_residual,0.8925,407437.01388668007,5.163875880186664,0.0,2
0.1,10,100,74,Unscaled,Gaussian,absolute_residual,0.8825,1061988.8709045586,4.005087388512123,0.0,2
0.1,10,100,74,Empirical_copula,Gaussian,absolute_residual,0.84125,226514.71841664633,5.067921042848629,0.0010004043579101562,2
0.1,10,100,75,TSCP_R,Gaussian,absolute_residual,0.9475,1115798.1946648746,6.028305355413121,0.004000425338745117,2
0.1,10,100,75,Point_CHR,Gaussian,absolute_residual,0.973125,3725701.1173606194,7.492045107831014,0.0010004043579101562,2
0.1,10,100,75,Unscaled,Gaussian,absolute_residual,0.896875,1393083.6442429153,4.115264173285763,0.0,2
0.1,10,100,75,Empirical_copula,Gaussian,absolute_residual,0.844375,335203.04038927756,5.29376725379863,0.0010013580322265625,2
0.1,10,100,76,TSCP_R,Gaussian,absolute_residual,0.95625,1180383.6558758728,5.668789642548356,0.0029976367950439453,2
0.1,10,100,76,Point_CHR,Gaussian,absolute_residual,0.9475,1431629.9881107882,5.9634178251632495,0.0,2
0.1,10,100,76,Unscaled,Gaussian,absolute_residual,0.915625,1745523.4474529247,4.209132223871966,0.0,2
0.1,10,100,76,Empirical_copula,Gaussian,absolute_residual,0.85875,312221.37908469466,5.432849021571018,0.0010013580322265625,2
0.1,10,100,77,TSCP_R,Gaussian,absolute_residual,0.835,206604.4094339122,4.759078197689563,0.004998445510864258,2
0.1,10,100,77,Point_CHR,Gaussian,absolute_residual,0.81,224208.32315304966,4.419120324177665,0.0,2
0.1,10,100,77,Unscaled,Gaussian,absolute_residual,0.855,682444.7388825794,3.8318345504599978,0.0,2
0.1,10,100,77,Empirical_copula,Gaussian,absolute_residual,0.769375,115484.46342585405,4.608978825039877,0.0010073184967041016,2
0.1,10,100,78,TSCP_R,Gaussian,absolute_residual,0.906875,482362.60468061786,5.35843634105801,0.003999233245849609,2
0.1,10,100,78,Point_CHR,Gaussian,absolute_residual,0.904375,570199.9332824624,5.898960432874846,0.0,2
0.1,10,100,78,Unscaled,Gaussian,absolute_residual,0.934375,2497105.653196045,4.3625828905272765,0.0,2
0.1,10,100,78,Empirical_copula,Gaussian,absolute_residual,0.835625,212722.64963931544,5.278330264618539,0.001001596450805664,2
0.1,10,100,79,TSCP_R,Gaussian,absolute_residual,0.90875,567057.372246261,5.6747723709607465,0.00299835205078125,2
0.1,10,100,79,Point_CHR,Gaussian,absolute_residual,0.931875,975160.8187898988,5.631007428179263,0.0010004043579101562,2
0.1,10,100,79,Unscaled,Gaussian,absolute_residual,0.91125,1513200.1057537382,4.149441405766056,0.0,2
0.1,10,100,79,Empirical_copula,Gaussian,absolute_residual,0.79625,213248.0907378888,6.079117550415443,0.0019996166229248047,2
0.1,10,100,80,TSCP_R,Gaussian,absolute_residual,0.909375,618478.9189005583,5.33957002507655,0.0040130615234375,2
0.1,10,100,80,Point_CHR,Gaussian,absolute_residual,0.880625,461089.33630680625,5.789607291517286,0.0009942054748535156,2
0.1,10,100,80,Unscaled,Gaussian,absolute_residual,0.89875,1406043.1295585425,4.1190765612666205,0.0,2
0.1,10,100,80,Empirical_copula,Gaussian,absolute_residual,0.800625,202271.4435823798,5.240818996920548,0.0009927749633789062,2
0.1,10,100,81,TSCP_R,Gaussian,absolute_residual,0.941875,939079.1358405353,5.464194903854785,0.004000663757324219,2
0.1,10,100,81,Point_CHR,Gaussian,absolute_residual,0.8525,299107.17529252055,5.467653667138713,0.0,2
0.1,10,100,81,Unscaled,Gaussian,absolute_residual,0.905,1361371.9249167137,4.1057989470779095,0.0,2
0.1,10,100,81,Empirical_copula,Gaussian,absolute_residual,0.8475,296303.8041144088,5.082429616753407,0.0009984970092773438,2
0.1,10,100,82,TSCP_R,Gaussian,absolute_residual,0.854375,273550.8072042299,5.179072320127747,0.003999233245849609,2
0.1,10,100,82,Point_CHR,Gaussian,absolute_residual,0.884375,560796.1391330152,6.423714029715529,0.0,2
0.1,10,100,82,Unscaled,Gaussian,absolute_residual,0.925625,1747307.7165749727,4.209562282390217,0.0,2
0.1,10,100,82,Empirical_copula,Gaussian,absolute_residual,0.755,109291.88670682932,4.808509659564164,0.0020003318786621094,2
0.1,10,100,83,TSCP_R,Gaussian,absolute_residual,0.8875,488644.81283122173,5.140744201036195,0.0030059814453125,2
0.1,10,100,83,Point_CHR,Gaussian,absolute_residual,0.88625,540373.41093708,6.135965172919468,0.0010006427764892578,2
0.1,10,100,83,Unscaled,Gaussian,absolute_residual,0.920625,2502194.841329645,4.363471185721638,0.0,2
0.1,10,100,83,Empirical_copula,Gaussian,absolute_residual,0.82,229694.41277963648,5.027490119175546,0.0009942054748535156,2
0.1,10,100,84,TSCP_R,Gaussian,absolute_residual,0.933125,855522.5043786182,5.628872432798333,0.004007816314697266,2
0.1,10,100,84,Point_CHR,Gaussian,absolute_residual,0.82875,402360.1271692835,5.425112385606556,0.0,2
0.1,10,100,84,Unscaled,Gaussian,absolute_residual,0.8925,1294225.7976569615,4.085084132083352,0.0,2
0.1,10,100,84,Empirical_copula,Gaussian,absolute_residual,0.793125,235282.02904431178,4.645901883357613,0.0009989738464355469,2
0.1,10,100,85,TSCP_R,Gaussian,absolute_residual,0.86625,276411.04821353115,4.951902432788298,0.004007577896118164,2
0.1,10,100,85,Point_CHR,Gaussian,absolute_residual,0.83375,242932.07975884722,4.791342701716726,0.0,2
0.1,10,100,85,Unscaled,Gaussian,absolute_residual,0.874375,849113.4619956258,3.91648594763855,0.0,2
0.1,10,100,85,Empirical_copula,Gaussian,absolute_residual,0.78125,117533.39874609809,4.2712511358214815,0.0010001659393310547,2
0.1,10,100,86,TSCP_R,Gaussian,absolute_residual,0.8875,427740.1842623704,5.894348504809393,0.0039904117584228516,2
0.1,10,100,86,Point_CHR,Gaussian,absolute_residual,0.91375,968371.9730012681,7.032942552094569,0.0,2
0.1,10,100,86,Unscaled,Gaussian,absolute_residual,0.941875,3415806.0743247103,4.501417765910426,0.0,2
0.1,10,100,86,Empirical_copula,Gaussian,absolute_residual,0.8075,201472.7909177628,5.667278617603281,0.0010023117065429688,2
0.1,10,100,87,TSCP_R,Gaussian,absolute_residual,0.906875,485033.69695110875,5.196039867707213,0.004009246826171875,2
0.1,10,100,87,Point_CHR,Gaussian,absolute_residual,0.899375,561143.7259173008,5.5988033384584694,0.0,2
0.1,10,100,87,Unscaled,Gaussian,absolute_residual,0.919375,1861603.7979784377,4.236319683388932,0.0,2
0.1,10,100,87,Empirical_copula,Gaussian,absolute_residual,0.83875,229317.0616078185,5.0413213844811695,0.0009984970092773438,2
0.1,10,100,88,TSCP_R,Gaussian,absolute_residual,0.965625,1439943.6686033881,5.580518849688103,0.004006862640380859,2
0.1,10,100,88,Point_CHR,Gaussian,absolute_residual,0.965,1748705.8087880411,5.967275286425786,0.0,2
0.1,10,100,88,Unscaled,Gaussian,absolute_residual,0.90375,1448855.1693683506,4.131449964776339,0.0,2
0.1,10,100,88,Empirical_copula,Gaussian,absolute_residual,0.87125,347369.09596391383,4.722250217477799,0.0010004043579101562,2
0.1,10,100,89,TSCP_R,Gaussian,absolute_residual,0.930625,672595.2493706298,5.135082438096077,0.004006624221801758,2
0.1,10,100,89,Point_CHR,Gaussian,absolute_residual,0.946875,1118288.604361009,5.554576394451676,0.0,2
0.1,10,100,89,Unscaled,Gaussian,absolute_residual,0.898125,1268968.3701074766,4.077041007879645,0.0010039806365966797,2
0.1,10,100,89,Empirical_copula,Gaussian,absolute_residual,0.85,270528.551162224,4.401289459143904,0.0009963512420654297,2
0.1,10,100,90,TSCP_R,Gaussian,absolute_residual,0.895625,430698.5874193472,5.038411985888507,0.004000663757324219,2
0.1,10,100,90,Point_CHR,Gaussian,absolute_residual,0.869375,402238.9736521742,5.6275424281267625,0.0,2
0.1,10,100,90,Unscaled,Gaussian,absolute_residual,0.895625,1399425.320861499,4.117133721235168,0.0,2
0.1,10,100,90,Empirical_copula,Gaussian,absolute_residual,0.81375,194627.62855849304,5.1544093454031525,0.0010006427764892578,2
0.1,10,100,91,TSCP_R,Gaussian,absolute_residual,0.91625,595828.4164566105,5.3819075036949915,0.00400996208190918,2
0.1,10,100,91,Point_CHR,Gaussian,absolute_residual,0.88,335747.1418572182,4.601008544047476,0.0009965896606445312,2
0.1,10,100,91,Unscaled,Gaussian,absolute_residual,0.92125,2042399.6656109677,4.275767413116774,0.0,2
0.1,10,100,91,Empirical_copula,Gaussian,absolute_residual,0.84125,237821.63512980822,4.683641793722373,0.00099945068359375,2
0.1,10,100,92,TSCP_R,Gaussian,absolute_residual,0.9225,728837.5270548926,5.496204824228215,0.003006458282470703,2
0.1,10,100,92,Point_CHR,Gaussian,absolute_residual,0.921875,671393.244074618,5.189786479263827,0.0,2
0.1,10,100,92,Unscaled,Gaussian,absolute_residual,0.943125,2635002.9200686533,4.386095768559687,0.0,2
0.1,10,100,92,Empirical_copula,Gaussian,absolute_residual,0.845,298601.5274352083,4.992386087088448,0.0009999275207519531,2
0.1,10,100,93,TSCP_R,Gaussian,absolute_residual,0.948125,1046506.0864898743,5.375542206103295,0.004006147384643555,2
0.1,10,100,93,Point_CHR,Gaussian,absolute_residual,0.9825,3157578.7607500176,5.703663783087951,0.0010001659393310547,2
0.1,10,100,93,Unscaled,Gaussian,absolute_residual,0.9175,1535175.8186904506,4.155428481218449,0.0,2
0.1,10,100,93,Empirical_copula,Gaussian,absolute_residual,0.87625,339089.9670952424,4.667515170360581,0.0009953975677490234,2
0.1,10,100,94,TSCP_R,Gaussian,absolute_residual,0.856875,271772.423619203,5.177569369761163,0.002990245819091797,2
0.1,10,100,94,Point_CHR,Gaussian,absolute_residual,0.9075,567026.2944236594,6.196160010960714,0.0010008811950683594,2
0.1,10,100,94,Unscaled,Gaussian,absolute_residual,0.91,1715103.3531446848,4.201738591947122,0.0,2
0.1,10,100,94,Empirical_copula,Gaussian,absolute_residual,0.75125,124120.66230279757,4.867414582540357,0.0010073184967041016,2
0.1,10,100,95,TSCP_R,Gaussian,absolute_residual,0.93375,683469.1612991197,5.299353035002824,0.0030066967010498047,2
0.1,10,100,95,Point_CHR,Gaussian,absolute_residual,0.8825,352820.14569605526,5.660305905170649,0.0,2
0.1,10,100,95,Unscaled,Gaussian,absolute_residual,0.900625,1219602.3100158304,4.060895593490812,0.0,2
0.1,10,100,95,Empirical_copula,Gaussian,absolute_residual,0.833125,202007.903114456,5.168431573696141,0.0009996891021728516,2
0.1,10,100,96,TSCP_R,Gaussian,absolute_residual,0.86625,354748.4586017678,4.85740185270207,0.0030059814453125,2
0.1,10,100,96,Point_CHR,Gaussian,absolute_residual,0.878125,545098.2678685478,5.6009254836638185,0.0010051727294921875,2
0.1,10,100,96,Unscaled,Gaussian,absolute_residual,0.914375,1659536.8556890422,4.187923020545263,0.0,2
0.1,10,100,96,Empirical_copula,Gaussian,absolute_residual,0.7975,152781.87936564884,4.510514250509533,0.0009951591491699219,2
0.1,10,100,97,TSCP_R,Gaussian,absolute_residual,0.95125,953227.2527700496,5.29133713004542,0.0030066967010498047,2
0.1,10,100,97,Point_CHR,Gaussian,absolute_residual,0.896875,566766.587821883,5.411148836773593,0.0,2
0.1,10,100,97,Unscaled,Gaussian,absolute_residual,0.928125,1877666.035412427,4.239960738027376,0.0,2
0.1,10,100,97,Empirical_copula,Gaussian,absolute_residual,0.81125,222654.0929606745,4.586942780316318,0.0009996891021728516,2
0.1,10,100,98,TSCP_R,Gaussian,absolute_residual,0.858125,303350.98649528885,4.505634560516736,0.00400090217590332,2
0.1,10,100,98,Point_CHR,Gaussian,absolute_residual,0.83,247748.25138399858,5.206987773050938,0.0,2
0.1,10,100,98,Unscaled,Gaussian,absolute_residual,0.8225,450056.0803408614,3.6755866320565747,0.0,2
0.1,10,100,98,Empirical_copula,Gaussian,absolute_residual,0.775625,152078.11001231824,4.717282933394387,0.0009982585906982422,2
0.1,10,100,99,TSCP_R,Gaussian,absolute_residual,0.9025,475157.0333576433,5.424322533990679,0.0030057430267333984,2
0.1,10,100,99,Point_CHR,Gaussian,absolute_residual,0.893125,403856.1754964101,5.295607369547229,0.0,2
0.1,10,100,99,Unscaled,Gaussian,absolute_residual,0.871875,908183.4807596292,3.942914500732052,0.0,2
0.1,10,100,99,Empirical_copula,Gaussian,absolute_residual,0.805625,220711.69792179173,5.283716377172807,0.0009999275207519531,2
0.1,10,100,100,TSCP_R,Gaussian,absolute_residual,0.92625,646687.3627953066,5.649440236659463,0.004007101058959961,2
0.1,10,100,100,Point_CHR,Gaussian,absolute_residual,0.9275,757452.2320215178,5.376796319136583,0.0,2
0.1,10,100,100,Unscaled,Gaussian,absolute_residual,0.895,976863.6456826364,3.9717636313906204,0.0,2
0.1,10,100,100,Empirical_copula,Gaussian,absolute_residual,0.838125,231682.89369754444,5.389502651536342,0.0009927749633789062,2
0.1,10,100,101,TSCP_R,Gaussian,absolute_residual,0.92,713138.1609338998,6.021939764512479,0.0050220489501953125,2
0.1,10,100,101,Point_CHR,Gaussian,absolute_residual,0.9525,1585863.53286892,6.050452795272131,0.0,2
0.1,10,100,101,Unscaled,Gaussian,absolute_residual,0.894375,1464036.4854918963,4.13575868091819,0.0,2
0.1,10,100,101,Empirical_copula,Gaussian,absolute_residual,0.835625,265441.7357391623,5.445357285400579,0.0009872913360595703,2
0.1,10,100,102,TSCP_R,Gaussian,absolute_residual,0.943125,1054470.1446079225,5.499427767622071,0.004006147384643555,2
0.1,10,100,102,Point_CHR,Gaussian,absolute_residual,0.935625,976906.6226645847,5.204170544593754,0.0,2
0.1,10,100,102,Unscaled,Gaussian,absolute_residual,0.896875,956514.8419557227,3.9634115561716006,0.0,2
0.1,10,100,102,Empirical_copula,Gaussian,absolute_residual,0.86125,396828.09564069513,5.6281191760909275,0.0009999275207519531,2
0.1,10,100,103,TSCP_R,Gaussian,absolute_residual,0.893125,474989.34755172365,5.749352275392771,0.00400090217590332,2
0.1,10,100,103,Point_CHR,Gaussian,absolute_residual,0.87625,369107.4858124565,5.444554816975702,0.0,2
0.1,10,100,103,Unscaled,Gaussian,absolute_residual,0.93125,2801711.4283354734,4.413085485031237,0.0,2
0.1,10,100,103,Empirical_copula,Gaussian,absolute_residual,0.818125,228811.09856567282,5.429829790937778,0.0010061264038085938,2
0.1,10,100,104,TSCP_R,Gaussian,absolute_residual,0.896875,446345.90085642814,5.3144671421428225,0.004007101058959961,2
0.1,10,100,104,Point_CHR,Gaussian,absolute_residual,0.889375,454478.23466613103,5.662015810899597,0.0,2
0.1,10,100,104,Unscaled,Gaussian,absolute_residual,0.900625,1233837.3481866058,4.065610704869611,0.0,2
0.1,10,100,104,Empirical_copula,Gaussian,absolute_residual,0.816875,182722.9758283114,5.218098539135139,0.0009989738464355469,2
0.1,10,100,105,TSCP_R,Gaussian,absolute_residual,0.879375,332538.8869951584,5.201534800035599,0.004007101058959961,2
0.1,10,100,105,Point_CHR,Gaussian,absolute_residual,0.828125,208905.19049039684,4.969705190039704,0.0,2
0.1,10,100,105,Unscaled,Gaussian,absolute_residual,0.88875,1248763.508777235,4.070502444908729,0.0009996891021728516,2
0.1,10,100,105,Empirical_copula,Gaussian,absolute_residual,0.83,277926.97353271523,5.061866757811483,0.000993490219116211,2
0.1,10,100,106,TSCP_R,Gaussian,absolute_residual,0.868125,274489.3967082019,5.376076102278301,0.004000186920166016,2
0.1,10,100,106,Point_CHR,Gaussian,absolute_residual,0.871875,420465.3795844886,5.310539113107712,0.0,2
0.1,10,100,106,Unscaled,Gaussian,absolute_residual,0.85,712774.8150613736,3.84853317505454,0.0,2
0.1,10,100,106,Empirical_copula,Gaussian,absolute_residual,0.73625,101743.01677802266,5.476133242363001,0.0020084381103515625,2
0.1,10,100,107,TSCP_R,Gaussian,absolute_residual,0.926875,895344.7600955174,5.228485743159946,0.0040073394775390625,2
0.1,10,100,107,Point_CHR,Gaussian,absolute_residual,0.9575,2708941.5793934274,6.6031876717546885,0.0,2
0.1,10,100,107,Unscaled,Gaussian,absolute_residual,0.9075,1464917.4363832616,4.136007473496661,0.0,2
0.1,10,100,107,Empirical_copula,Gaussian,absolute_residual,0.838125,272427.4871214619,5.1129195807564045,0.0009925365447998047,2
0.1,10,100,108,TSCP_R,Gaussian,absolute_residual,0.898125,564753.5354249103,6.150663126994202,0.0040056705474853516,2
0.1,10,100,108,Point_CHR,Gaussian,absolute_residual,0.8625,393002.00416833675,5.534672596926649,0.0,2
0.1,10,100,108,Unscaled,Gaussian,absolute_residual,0.8975,1659672.0704364453,4.187957141401955,0.0010001659393310547,2
0.1,10,100,108,Empirical_copula,Gaussian,absolute_residual,0.738125,154014.8556639984,5.589153843016783,0.0009999275207519531,2
0.1,10,100,109,TSCP_R,Gaussian,absolute_residual,0.83375,218608.65372355815,4.51858661926452,0.004006862640380859,2
0.1,10,100,109,Point_CHR,Gaussian,absolute_residual,0.899375,948280.4462349162,5.640657709882909,0.0,2
0.1,10,100,109,Unscaled,Gaussian,absolute_residual,0.8525,765701.9098068797,3.876198177585738,0.0,2
0.1,10,100,109,Empirical_copula,Gaussian,absolute_residual,0.753125,116712.78257511399,4.38364512931816,0.0009944438934326172,2
0.1,10,100,110,TSCP_R,Gaussian,absolute_residual,0.928125,723107.9877845619,5.160866879807167,0.004008769989013672,2
0.1,10,100,110,Point_CHR,Gaussian,absolute_residual,0.9325,1239901.1033226792,5.843168091815448,0.0,2
0.1,10,100,110,Unscaled,Gaussian,absolute_residual,0.8975,1219511.4462524757,4.06086533767508,0.0,2
0.1,10,100,110,Empirical_copula,Gaussian,absolute_residual,0.8625,319854.59829102125,4.827712215123671,0.0009989738464355469,2
0.1,10,100,111,TSCP_R,Gaussian,absolute_residual,0.918125,604001.07559968,5.45853576691581,0.004006862640380859,2
0.1,10,100,111,Point_CHR,Gaussian,absolute_residual,0.930625,928951.5904525662,5.952102147275081,0.0,2
0.1,10,100,111,Unscaled,Gaussian,absolute_residual,0.940625,2348638.2109552585,4.335923510200929,0.0,2
0.1,10,100,111,Empirical_copula,Gaussian,absolute_residual,0.834375,197579.50430649213,4.836755242623525,0.0009999275207519531,2
0.1,10,100,112,TSCP_R,Gaussian,absolute_residual,0.939375,728955.3841474579,6.017508436487397,0.002996206283569336,2
0.1,10,100,112,Point_CHR,Gaussian,absolute_residual,0.908125,1044575.4188960087,7.231517040756863,0.0009992122650146484,2
0.1,10,100,112,Unscaled,Gaussian,absolute_residual,0.880625,923599.3264083326,3.949556770887454,0.0,2
0.1,10,100,112,Empirical_copula,Gaussian,absolute_residual,0.838125,242116.8121521959,5.524388360460041,0.0009930133819580078,2
0.1,10,100,113,TSCP_R,Gaussian,absolute_residual,0.91875,562740.3043491635,5.253833120388174,0.00400996208190918,2
0.1,10,100,113,Point_CHR,Gaussian,absolute_residual,0.96375,2888450.7963799564,6.480084042330736,0.0009987354278564453,2
0.1,10,100,113,Unscaled,Gaussian,absolute_residual,0.91875,1887923.0407249383,4.242271200197144,0.0,2
0.1,10,100,113,Empirical_copula,Gaussian,absolute_residual,0.855,373634.0879731121,5.170955091875101,0.0010085105895996094,2
0.1,10,100,114,TSCP_R,Gaussian,absolute_residual,0.90125,462212.3772908006,5.270849499713227,0.003019094467163086,2
0.1,10,100,114,Point_CHR,Gaussian,absolute_residual,0.90375,632660.3640174347,5.654295712148187,0.0,2
0.1,10,100,114,Unscaled,Gaussian,absolute_residual,0.905,1162721.9201830297,4.041546556484737,0.0,2
0.1,10,100,114,Empirical_copula,Gaussian,absolute_residual,0.805625,174085.67268741407,4.5126206286960375,0.0010001659393310547,2
0.1,10,100,115,TSCP_R,Gaussian,absolute_residual,0.90125,478745.83543673164,5.417836501755205,0.004006624221801758,2
0.1,10,100,115,Point_CHR,Gaussian,absolute_residual,0.968125,4114445.8035911103,6.717774542499855,0.0,2
0.1,10,100,115,Unscaled,Gaussian,absolute_residual,0.924375,2111644.8795669535,4.29004737736,0.0,2
0.1,10,100,115,Empirical_copula,Gaussian,absolute_residual,0.818125,196430.40447507202,5.415930892723033,0.0009999275207519531,2
0.1,10,100,116,TSCP_R,Gaussian,absolute_residual,0.94125,874173.9072375442,5.339356698932379,0.005009174346923828,2
0.1,10,100,116,Point_CHR,Gaussian,absolute_residual,0.949375,1244453.5964213354,5.749927049601288,0.0,2
0.1,10,100,116,Unscaled,Gaussian,absolute_residual,0.895,1152877.947916781,4.038111748609752,0.0,2
0.1,10,100,116,Empirical_copula,Gaussian,absolute_residual,0.885625,393884.2173779558,5.051766101320069,0.0019979476928710938,2
0.1,10,100,117,TSCP_R,Gaussian,absolute_residual,0.94125,924962.2892185759,6.194623426799492,0.0040073394775390625,2
0.1,10,100,117,Point_CHR,Gaussian,absolute_residual,0.93,869927.5698538164,5.300051927639619,0.0,2
0.1,10,100,117,Unscaled,Gaussian,absolute_residual,0.953125,4154335.330756951,4.590396025860858,0.0,2
0.1,10,100,117,Empirical_copula,Gaussian,absolute_residual,0.84625,291406.7468752676,5.726459339776961,0.0009999275207519531,2
0.1,10,100,118,TSCP_R,Gaussian,absolute_residual,0.874375,274827.82308665215,4.8737898653295355,0.0039882659912109375,2
0.1,10,100,118,Point_CHR,Gaussian,absolute_residual,0.935,798966.3609097824,5.925997413613869,0.0,2
0.1,10,100,118,Unscaled,Gaussian,absolute_residual,0.894375,984002.6426521325,3.9746567261076056,0.0,2
0.1,10,100,118,Empirical_copula,Gaussian,absolute_residual,0.8075,169018.18898122007,4.5504905198692995,0.0010001659393310547,2
0.1,10,100,119,TSCP_R,Gaussian,absolute_residual,0.901875,476147.7888234745,5.341101390172779,0.0040242671966552734,2
0.1,10,100,119,Point_CHR,Gaussian,absolute_residual,0.934375,1051976.5404961172,6.158459765509049,0.0,2
0.1,10,100,119,Unscaled,Gaussian,absolute_residual,0.90125,1314719.975812378,4.091507260338199,0.0,2
0.1,10,100,119,Empirical_copula,Gaussian,absolute_residual,0.81875,201218.0629979951,4.9155695024421355,0.0010006427764892578,2
0.1,10,100,120,TSCP_R,Gaussian,absolute_residual,0.89125,389157.7198091083,5.098099805428303,0.0030069351196289062,2
0.1,10,100,120,Point_CHR,Gaussian,absolute_residual,0.924375,805859.0747824595,5.9653940254697515,0.0009996891021728516,2
0.1,10,100,120,Unscaled,Gaussian,absolute_residual,0.9175,1855050.7570617872,4.234826086903977,0.0,2
0.1,10,100,120,Empirical_copula,Gaussian,absolute_residual,0.81625,179153.66511584268,4.608588554379203,0.0009999275207519531,2
0.1,10,100,121,TSCP_R,Gaussian,absolute_residual,0.926875,820008.6764037538,5.480502485510182,0.004006862640380859,2
0.1,10,100,121,Point_CHR,Gaussian,absolute_residual,0.9175,875331.0382591428,5.610506037951615,0.000993490219116211,2
0.1,10,100,121,Unscaled,Gaussian,absolute_residual,0.93375,2712887.7649235064,4.398890817188927,0.0,2
0.1,10,100,121,Empirical_copula,Gaussian,absolute_residual,0.853125,339158.47845365934,5.06328425537844,0.0010035037994384766,2
0.1,10,100,122,TSCP_R,Gaussian,absolute_residual,0.939375,892083.7235543228,5.530410704575291,0.0030002593994140625,2
0.1,10,100,122,Point_CHR,Gaussian,absolute_residual,0.960625,2109504.5320311184,5.7579237609341645,0.0010068416595458984,2
0.1,10,100,122,Unscaled,Gaussian,absolute_residual,0.935,2698030.61676329,4.396475804044942,0.0,2
0.1,10,100,122,Empirical_copula,Gaussian,absolute_residual,0.906875,444552.56655716256,5.002897385201127,0.0010001659393310547,2
0.1,10,100,123,TSCP_R,Gaussian,absolute_residual,0.828125,198056.68770779195,5.011081768804001,0.0040073394775390625,2
0.1,10,100,123,Point_CHR,Gaussian,absolute_residual,0.801875,175706.9886017418,4.873417488367771,0.0,2
0.1,10,100,123,Unscaled,Gaussian,absolute_residual,0.9,1246592.419750569,4.069794196721554,0.0,2
0.1,10,100,123,Empirical_copula,Gaussian,absolute_residual,0.750625,101613.84655059439,4.976543376143421,0.0009965896606445312,2
0.1,10,100,124,TSCP_R,Gaussian,absolute_residual,0.855,297332.34350075875,5.195613322399698,0.004009246826171875,2
0.1,10,100,124,Point_CHR,Gaussian,absolute_residual,0.815,320171.67346509884,5.204595374019522,0.0,2
0.1,10,100,124,Unscaled,Gaussian,absolute_residual,0.9175,1960568.2351429667,4.25831903849935,0.0,2
0.1,10,100,124,Empirical_copula,Gaussian,absolute_residual,0.813125,182288.8335160811,4.934461395152443,0.0009989738464355469,2
0.1,10,100,125,TSCP_R,Gaussian,absolute_residual,0.9225,599381.7737431378,4.943378822642641,0.004007816314697266,2
0.1,10,100,125,Point_CHR,Gaussian,absolute_residual,0.82875,221771.13749887372,4.1067405154098156,0.0,2
0.1,10,100,125,Unscaled,Gaussian,absolute_residual,0.884375,1094068.991987875,4.01702441145486,0.0,2
0.1,10,100,125,Empirical_copula,Gaussian,absolute_residual,0.7775,156996.03165217437,4.4355777075553515,0.0019919872283935547,2
0.1,10,100,126,TSCP_R,Gaussian,absolute_residual,0.9,436876.5973908928,5.266261712743153,0.004009246826171875,2
0.1,10,100,126,Point_CHR,Gaussian,absolute_residual,0.918125,606767.7113714936,5.586102673635066,0.0009984970092773438,2
0.1,10,100,126,Unscaled,Gaussian,absolute_residual,0.91125,1611674.2542536797,4.1756849745683144,0.0,2
0.1,10,100,126,Empirical_copula,Gaussian,absolute_residual,0.82875,218157.86498184793,4.91143866979213,0.000997781753540039,2
0.1,10,100,127,TSCP_R,Gaussian,absolute_residual,0.864375,329597.9152045249,5.320803768723065,0.004113197326660156,2
0.1,10,100,127,Point_CHR,Gaussian,absolute_residual,0.93875,849704.2411200643,6.510672010852168,0.0010230541229248047,2
0.1,10,100,127,Unscaled,Gaussian,absolute_residual,0.88375,1030707.6893742005,3.993130940813697,0.0,2
0.1,10,100,127,Empirical_copula,Gaussian,absolute_residual,0.79,150555.7724332077,4.445881405157824,0.0009968280792236328,2
0.1,10,100,128,TSCP_R,Gaussian,absolute_residual,0.923125,723118.8525239115,5.950138224680807,0.003475189208984375,2
0.1,10,100,128,Point_CHR,Gaussian,absolute_residual,0.899375,635731.719486777,6.1922086551096,0.0,2
0.1,10,100,128,Unscaled,Gaussian,absolute_residual,0.936875,2202832.2626519194,4.308222681761531,0.0,2
0.1,10,100,128,Empirical_copula,Gaussian,absolute_residual,0.815625,230947.29145180236,5.562767828870699,0.0010104179382324219,2
0.1,10,100,129,TSCP_R,Gaussian,absolute_residual,0.894375,388696.93844671606,5.150814045770352,0.004466533660888672,2
0.1,10,100,129,Point_CHR,Gaussian,absolute_residual,0.92125,581828.1148795404,5.115074018095104,0.0,2
0.1,10,100,129,Unscaled,Gaussian,absolute_residual,0.904375,1169636.5009613025,4.043943612466914,0.0,2
0.1,10,100,129,Empirical_copula,Gaussian,absolute_residual,0.80875,155071.18241323825,4.975585133849158,0.0019981861114501953,2
0.1,10,100,130,TSCP_R,Gaussian,absolute_residual,0.92875,630038.8415330098,6.004962027777901,0.003006458282470703,2
0.1,10,100,130,Point_CHR,Gaussian,absolute_residual,0.914375,639428.8539942233,5.452997873914873,0.0009999275207519531,2
0.1,10,100,130,Unscaled,Gaussian,absolute_residual,0.908125,1569888.2665633534,4.164730221199843,0.0,2
0.1,10,100,130,Empirical_copula,Gaussian,absolute_residual,0.8,197626.16004585483,5.250746785163546,0.0010018348693847656,2
0.1,10,100,131,TSCP_R,Gaussian,absolute_residual,0.913125,632032.57502503,5.30354907261174,0.004015207290649414,2
0.1,10,100,131,Point_CHR,Gaussian,absolute_residual,0.915,767273.7832222854,5.411141198079475,0.0,2
0.1,10,100,131,Unscaled,Gaussian,absolute_residual,0.87375,875805.148948555,3.928626568932392,0.0,2
0.1,10,100,131,Empirical_copula,Gaussian,absolute_residual,0.834375,272419.7007655963,5.132621405737722,0.0010006427764892578,2
0.1,10,100,132,TSCP_R,Gaussian,absolute_residual,0.871875,447202.4135142551,4.916121290263903,0.004029512405395508,2
0.1,10,100,132,Point_CHR,Gaussian,absolute_residual,0.863125,425924.9163290905,5.036287914170433,0.0,2
0.1,10,100,132,Unscaled,Gaussian,absolute_residual,0.903125,1585484.3907697364,4.168849309606016,0.0,2
0.1,10,100,132,Empirical_copula,Gaussian,absolute_residual,0.76875,145503.54615625038,4.347870118093452,0.0009922981262207031,2
0.1,10,100,133,TSCP_R,Gaussian,absolute_residual,0.940625,1206607.2534912236,5.1524617899813565,0.0040013790130615234,2
0.1,10,100,133,Point_CHR,Gaussian,absolute_residual,0.94,1423508.8153399196,5.326724378032257,0.0,2
0.1,10,100,133,Unscaled,Gaussian,absolute_residual,0.92375,1780541.9657632704,4.217501263855529,0.0,2
0.1,10,100,133,Empirical_copula,Gaussian,absolute_residual,0.8825,399944.2770060696,5.139802273340322,0.00099945068359375,2
0.1,10,100,134,TSCP_R,Gaussian,absolute_residual,0.93875,852667.2817367323,6.10491377081955,0.0029969215393066406,2
0.1,10,100,134,Point_CHR,Gaussian,absolute_residual,0.9525,1106786.460881832,6.4606019050441015,0.001008749008178711,2
0.1,10,100,134,Unscaled,Gaussian,absolute_residual,0.934375,2984003.897287169,4.440991465856927,0.0,2
0.1,10,100,134,Empirical_copula,Gaussian,absolute_residual,0.863125,339381.2599210474,6.723144327806292,0.0009915828704833984,2
0.1,10,100,135,TSCP_R,Gaussian,absolute_residual,0.8575,227781.10178295773,4.642639830315524,0.0030012130737304688,2
0.1,10,100,135,Point_CHR,Gaussian,absolute_residual,0.91,578259.9385971961,5.7838781997916255,0.0009992122650146484,2
0.1,10,100,135,Unscaled,Gaussian,absolute_residual,0.8575,585582.0178028533,3.773625284704617,0.0,2
0.1,10,100,135,Empirical_copula,Gaussian,absolute_residual,0.814375,149670.46806702024,4.6533842316372915,0.0010023117065429688,2
0.1,10,100,136,TSCP_R,Gaussian,absolute_residual,0.888125,356437.7595878589,5.165949419033036,0.004006862640380859,2
0.1,10,100,136,Point_CHR,Gaussian,absolute_residual,0.9225,746348.6056679606,6.224541838287986,0.0,2
0.1,10,100,136,Unscaled,Gaussian,absolute_residual,0.91125,1354920.183460835,4.103848986528477,0.0,2
0.1,10,100,136,Empirical_copula,Gaussian,absolute_residual,0.80875,144843.49188721465,5.02902649127515,0.000993490219116211,2
0.1,10,100,137,TSCP_R,Gaussian,absolute_residual,0.90875,553093.6147061301,5.005232762923512,0.004000425338745117,2
0.1,10,100,137,Point_CHR,Gaussian,absolute_residual,0.90625,670859.5404119783,5.067188424327362,0.0010020732879638672,2
0.1,10,100,137,Unscaled,Gaussian,absolute_residual,0.9075,1458698.8742191643,4.134248378887453,0.0,2
0.1,10,100,137,Empirical_copula,Gaussian,absolute_residual,0.82,186489.95342850097,4.964608025137487,0.0012958049774169922,2
0.1,10,100,138,TSCP_R,Gaussian,absolute_residual,0.89,347439.1457894371,5.206295664703432,0.0042798519134521484,2
0.1,10,100,138,Point_CHR,Gaussian,absolute_residual,0.89875,545456.2164993407,5.903355740716476,0.0,2
0.1,10,100,138,Unscaled,Gaussian,absolute_residual,0.93,2632505.2660429105,4.385679843960751,0.0,2
0.1,10,100,138,Empirical_copula,Gaussian,absolute_residual,0.761875,111768.39089212018,5.315935746358611,0.0020079612731933594,2
0.1,10,100,139,TSCP_R,Gaussian,absolute_residual,0.900625,552448.4286491703,5.52562895746256,0.00400090217590332,2
0.1,10,100,139,Point_CHR,Gaussian,absolute_residual,0.915,848509.0688246068,5.937763206847427,0.0010061264038085938,2
0.1,10,100,139,Unscaled,Gaussian,absolute_residual,0.929375,2820568.9439468994,4.416046847821493,0.0,2
0.1,10,100,139,Empirical_copula,Gaussian,absolute_residual,0.83625,254465.83654176779,5.129504549024929,0.000993490219116211,2
0.1,10,100,140,TSCP_R,Gaussian,absolute_residual,0.856875,308829.08964073705,6.099942701556736,0.003999948501586914,2
0.1,10,100,140,Point_CHR,Gaussian,absolute_residual,0.8275,320163.75871994015,6.103994947421471,0.0010013580322265625,2
0.1,10,100,140,Unscaled,Gaussian,absolute_residual,0.93375,2409137.601931791,4.34696517190495,0.0,2
0.1,10,100,140,Empirical_copula,Gaussian,absolute_residual,0.815625,193941.6660299033,5.192424660732202,0.0010089874267578125,2
0.1,10,100,141,TSCP_R,Gaussian,absolute_residual,0.9,458016.6568208283,5.212756320918088,0.0039942264556884766,2
0.1,10,100,141,Point_CHR,Gaussian,absolute_residual,0.926875,1013061.489308866,6.4010184313175,0.0,2
0.1,10,100,141,Unscaled,Gaussian,absolute_residual,0.925,2046388.5695776984,4.276601757867915,0.0,2
0.1,10,100,141,Empirical_copula,Gaussian,absolute_residual,0.81125,210369.20900942548,4.86948456601934,0.0010004043579101562,2
0.1,10,100,142,TSCP_R,Gaussian,absolute_residual,0.858125,324765.1482408247,4.938808763385695,0.0040073394775390625,2
0.1,10,100,142,Point_CHR,Gaussian,absolute_residual,0.876875,399747.07437218365,4.685475531900804,0.0,2
0.1,10,100,142,Unscaled,Gaussian,absolute_residual,0.885,1298135.0838112847,4.0863163820795725,0.0,2
0.1,10,100,142,Empirical_copula,Gaussian,absolute_residual,0.755625,130033.43202226747,4.499864073029065,0.0009927749633789062,2
0.1,10,100,143,TSCP_R,Gaussian,absolute_residual,0.91625,763937.378951861,5.791635271452233,0.0060083866119384766,2
0.1,10,100,143,Point_CHR,Gaussian,absolute_residual,0.9475,1142200.7547670365,5.848385130979951,0.0,2
0.1,10,100,143,Unscaled,Gaussian,absolute_residual,0.8825,941532.7281096859,3.9571593769676805,0.0009980201721191406,2
0.1,10,100,143,Empirical_copula,Gaussian,absolute_residual,0.865,290268.0725942511,4.840898148612096,0.0009992122650146484,2
0.1,10,100,144,TSCP_R,Gaussian,absolute_residual,0.854375,247723.65346858167,4.743477019155476,0.0040056705474853516,2
0.1,10,100,144,Point_CHR,Gaussian,absolute_residual,0.92625,742073.6531884422,5.488337918240368,0.0,2
0.1,10,100,144,Unscaled,Gaussian,absolute_residual,0.858125,768525.5270544414,3.877625205507739,0.0009942054748535156,2
0.1,10,100,144,Empirical_copula,Gaussian,absolute_residual,0.73625,100783.07996336804,4.198485876204401,0.0009992122650146484,2
0.1,10,100,145,TSCP_R,Gaussian,absolute_residual,0.87125,335349.4579483588,5.144486029640628,0.004006385803222656,2
0.1,10,100,145,Point_CHR,Gaussian,absolute_residual,0.796875,166981.5514724034,5.286929108117414,0.0,2
0.1,10,100,145,Unscaled,Gaussian,absolute_residual,0.87,1015940.0897453069,3.9873725047109203,0.0,2
0.1,10,100,145,Empirical_copula,Gaussian,absolute_residual,0.81,174336.6522805221,5.006757443191454,0.0010020732879638672,2
0.1,10,100,146,TSCP_R,Gaussian,absolute_residual,0.9325,832073.2257489841,5.520617908317959,0.0029997825622558594,2
0.1,10,100,146,Point_CHR,Gaussian,absolute_residual,0.838125,373758.7305708082,5.588387899934901,0.001007080078125,2
0.1,10,100,146,Unscaled,Gaussian,absolute_residual,0.9625,5024372.161668294,4.678516657273801,0.0,2
0.1,10,100,146,Empirical_copula,Gaussian,absolute_residual,0.8675,334951.72040162125,5.04263934889809,0.0010564327239990234,2
0.1,10,100,147,TSCP_R,Gaussian,absolute_residual,0.9425,721273.3540911635,5.647128659070283,0.004002094268798828,2
0.1,10,100,147,Point_CHR,Gaussian,absolute_residual,0.90625,617816.9440398104,5.056915071831973,0.0,2
0.1,10,100,147,Unscaled,Gaussian,absolute_residual,0.929375,1888024.3805844616,4.242293971293954,0.0,2
0.1,10,100,147,Empirical_copula,Gaussian,absolute_residual,0.8175,233028.47479231385,4.886285823079045,0.0009984970092773438,2
0.1,10,100,148,TSCP_R,Gaussian,absolute_residual,0.945625,1149370.5250143087,5.306409701786126,0.004011392593383789,2
0.1,10,100,148,Point_CHR,Gaussian,absolute_residual,0.9025,1247103.6172039448,5.392018097364646,0.0009953975677490234,2
0.1,10,100,148,Unscaled,Gaussian,absolute_residual,0.92375,2117285.441751913,4.2911919467610184,0.0,2
0.1,10,100,148,Empirical_copula,Gaussian,absolute_residual,0.870625,387078.24471038964,4.841388214924123,0.0010004043579101562,2
0.1,10,100,149,TSCP_R,Gaussian,absolute_residual,0.886875,337190.2466316086,5.017128051536963,0.0030059814453125,2
0.1,10,100,149,Point_CHR,Gaussian,absolute_residual,0.875625,311698.07188646466,5.2168091289484355,0.0,2
0.1,10,100,149,Unscaled,Gaussian,absolute_residual,0.906875,1468808.6958750447,4.137104809919297,0.0,2
0.1,10,100,149,Empirical_copula,Gaussian,absolute_residual,0.78375,109380.89895140112,4.55452866334082,0.000993490219116211,2
0.1,10,100,150,TSCP_R,Gaussian,absolute_residual,0.866875,307687.2544726656,4.905273359218587,0.0030066967010498047,2
0.1,10,100,150,Point_CHR,Gaussian,absolute_residual,0.91,683596.5080295951,5.4835692911597835,0.0,2
0.1,10,100,150,Unscaled,Gaussian,absolute_residual,0.845,561262.3293275194,3.757652279143133,0.0,2
0.1,10,100,150,Empirical_copula,Gaussian,absolute_residual,0.79,142437.8529435339,4.619681395443507,0.00099945068359375,2
0.1,10,100,151,TSCP_R,Gaussian,absolute_residual,0.939375,696905.5216210815,6.08196789482573,0.0030002593994140625,2
0.1,10,100,151,Point_CHR,Gaussian,absolute_residual,0.971875,2180443.646478826,6.749433697755317,0.0010068416595458984,2
0.1,10,100,151,Unscaled,Gaussian,absolute_residual,0.90875,1737347.9502734288,4.207156627789755,0.0,2
0.1,10,100,151,Empirical_copula,Gaussian,absolute_residual,0.870625,299459.85693146515,6.330192579416368,0.0010006427764892578,2
0.1,10,100,152,TSCP_R,Gaussian,absolute_residual,0.83625,236145.4776752858,5.313682138381681,0.004006862640380859,2
0.1,10,100,152,Point_CHR,Gaussian,absolute_residual,0.800625,164631.0295004658,5.178098353001008,0.0010027885437011719,2
0.1,10,100,152,Unscaled,Gaussian,absolute_residual,0.911875,1494745.8393329415,4.1443529568777,0.0,2
0.1,10,100,152,Empirical_copula,Gaussian,absolute_residual,0.740625,108471.2381551252,5.178098353001008,0.0009975433349609375,2
0.1,10,100,153,TSCP_R,Gaussian,absolute_residual,0.863125,347060.0355800494,5.8232007213177965,0.0030095577239990234,2
0.1,10,100,153,Point_CHR,Gaussian,absolute_residual,0.94875,1334523.798436692,5.871352452663848,0.000997781753540039,2
0.1,10,100,153,Unscaled,Gaussian,absolute_residual,0.909375,1661225.8014799887,4.188349039267689,0.0,2
0.1,10,100,153,Empirical_copula,Gaussian,absolute_residual,0.79875,171199.96722762947,5.371396642791005,0.002002239227294922,2
0.1,10,100,154,TSCP_R,Gaussian,absolute_residual,0.959375,1204545.0175551297,6.254042119401289,0.0030007362365722656,2
0.1,10,100,154,Point_CHR,Gaussian,absolute_residual,0.980625,4716088.830859034,7.0264485069179035,0.0,2
0.1,10,100,154,Unscaled,Gaussian,absolute_residual,0.941875,2829533.808310671,4.417448435656929,0.0,2
0.1,10,100,154,Empirical_copula,Gaussian,absolute_residual,0.885,375099.49570577714,5.454613915787112,0.0009975433349609375,2
0.1,10,100,155,TSCP_R,Gaussian,absolute_residual,0.943125,1025470.206700311,5.562320704792453,0.003999948501586914,2
0.1,10,100,155,Point_CHR,Gaussian,absolute_residual,0.92625,1090030.750925988,5.9923247778792215,0.0010018348693847656,2
0.1,10,100,155,Unscaled,Gaussian,absolute_residual,0.9425,3248142.8492427035,4.478819001768393,0.0,2
0.1,10,100,155,Empirical_copula,Gaussian,absolute_residual,0.848125,325790.34495951654,5.062987606989552,0.00099945068359375,2
0.1,10,100,156,TSCP_R,Gaussian,absolute_residual,0.929375,1000730.7750929482,5.199074731290641,0.004000186920166016,2
0.1,10,100,156,Point_CHR,Gaussian,absolute_residual,0.9125,1053802.127711133,6.1632200709107305,0.0,2
0.1,10,100,156,Unscaled,Gaussian,absolute_residual,0.875625,1032220.2570498901,3.993716547766477,0.0,2
0.1,10,100,156,Empirical_copula,Gaussian,absolute_residual,0.846875,397200.75997164054,5.179640448712508,0.0010006427764892578,2
0.1,10,100,157,TSCP_R,Gaussian,absolute_residual,0.924375,699733.4542927779,5.445673601922342,0.004012107849121094,2
0.1,10,100,157,Point_CHR,Gaussian,absolute_residual,0.925,1106708.6071908763,5.503673685095988,0.0009932518005371094,2
0.1,10,100,157,Unscaled,Gaussian,absolute_residual,0.916875,2176319.6685851007,4.303009141355633,0.0,2
0.1,10,100,157,Empirical_copula,Gaussian,absolute_residual,0.849375,312731.61092506675,5.160336653289399,0.0010039806365966797,2
0.1,10,100,158,TSCP_R,Gaussian,absolute_residual,0.908125,586836.2087748911,5.235574144635526,0.003998994827270508,2
0.1,10,100,158,Point_CHR,Gaussian,absolute_residual,0.95375,1573093.790666876,5.816756625810655,0.0010020732879638672,2
0.1,10,100,158,Unscaled,Gaussian,absolute_residual,0.895625,1320142.4683530321,4.093191656840709,0.0,2
0.1,10,100,158,Empirical_copula,Gaussian,absolute_residual,0.824375,257125.65554113023,6.052722104549311,0.0009999275207519531,2
0.1,10,100,159,TSCP_R,Gaussian,absolute_residual,0.92,558194.6063377503,5.581362673593883,0.003999233245849609,2
0.1,10,100,159,Point_CHR,Gaussian,absolute_residual,0.885,461673.17887446284,6.440593451240446,0.0010120868682861328,2
0.1,10,100,159,Unscaled,Gaussian,absolute_residual,0.948125,2747982.21613975,4.404548451995808,0.0,2
0.1,10,100,159,Empirical_copula,Gaussian,absolute_residual,0.85625,268968.1671319495,4.949732127669188,0.0009894371032714844,2
0.1,10,100,160,TSCP_R,Gaussian,absolute_residual,0.869375,351671.6129695028,5.531154236970834,0.004010438919067383,2
0.1,10,100,160,Point_CHR,Gaussian,absolute_residual,0.886875,620672.4182672474,6.146562608225517,0.000997304916381836,2
0.1,10,100,160,Unscaled,Gaussian,absolute_residual,0.953125,4064422.922318592,4.58036290934739,0.0,2
0.1,10,100,160,Empirical_copula,Gaussian,absolute_residual,0.801875,203329.10216462132,5.232638086224291,0.0009918212890625,2
0.1,10,100,161,TSCP_R,Gaussian,absolute_residual,0.8575,288897.98258276295,5.276769781947984,0.003000497817993164,2
0.1,10,100,161,Point_CHR,Gaussian,absolute_residual,0.803125,209962.4533625643,5.144281337426198,0.0,2
0.1,10,100,161,Unscaled,Gaussian,absolute_residual,0.905625,1480575.7759603602,4.140407284055282,0.0,2
0.1,10,100,161,Empirical_copula,Gaussian,absolute_residual,0.7975,149430.8896439433,4.724629538026257,0.0009999275207519531,2
0.1,10,100,162,TSCP_R,Gaussian,absolute_residual,0.930625,850213.4842839435,5.920974203245867,0.004006862640380859,2
0.1,10,100,162,Point_CHR,Gaussian,absolute_residual,0.89375,559010.4400125637,5.889632644375052,0.0,2
0.1,10,100,162,Unscaled,Gaussian,absolute_residual,0.9425,2930650.3709439076,4.432986421004991,0.0010104179382324219,2
0.1,10,100,162,Empirical_copula,Gaussian,absolute_residual,0.850625,345490.5118162835,5.126655620582557,0.0009906291961669922,2
0.1,10,100,163,TSCP_R,Gaussian,absolute_residual,0.89375,374659.5254482384,4.970339146946161,0.004018306732177734,2
0.1,10,100,163,Point_CHR,Gaussian,absolute_residual,0.90375,479395.1217724454,4.968467957054774,0.0010008811950683594,2
0.1,10,100,163,Unscaled,Gaussian,absolute_residual,0.943125,2543596.747751894,4.370637886813008,0.0,2
0.1,10,100,163,Empirical_copula,Gaussian,absolute_residual,0.7775,130731.11344775194,4.854823330047274,0.0009996891021728516,2
0.1,10,100,164,TSCP_R,Gaussian,absolute_residual,0.87375,298842.0134087966,5.120512500417826,0.004007101058959961,2
0.1,10,100,164,Point_CHR,Gaussian,absolute_residual,0.916875,914777.0032571068,5.866964904403735,0.0,2
0.1,10,100,164,Unscaled,Gaussian,absolute_residual,0.93875,3031049.570542687,4.447943929283943,0.0,2
0.1,10,100,164,Empirical_copula,Gaussian,absolute_residual,0.794375,175101.71479707753,4.65683823044176,0.0009992122650146484,2
0.1,10,100,165,TSCP_R,Gaussian,absolute_residual,0.881875,412118.37147165026,5.613766106402969,0.00397944450378418,2
0.1,10,100,165,Point_CHR,Gaussian,absolute_residual,0.878125,471239.17148664704,5.434551675655371,0.0,2
0.1,10,100,165,Unscaled,Gaussian,absolute_residual,0.93,2042745.9317229835,4.275839898460362,0.0,2
0.1,10,100,165,Empirical_copula,Gaussian,absolute_residual,0.82875,227297.34678984483,4.883108670225411,0.00099945068359375,2
0.1,10,100,166,TSCP_R,Gaussian,absolute_residual,0.8325,216786.49722973633,4.684376250057159,0.0040056705474853516,2
0.1,10,100,166,Point_CHR,Gaussian,absolute_residual,0.869375,396724.8107819896,5.148177800491825,0.0,2
0.1,10,100,166,Unscaled,Gaussian,absolute_residual,0.845,657631.8481325096,3.81766910804051,0.0,2
0.1,10,100,166,Empirical_copula,Gaussian,absolute_residual,0.755,114178.21011544226,4.238442073682364,0.0009970664978027344,2
0.1,10,100,167,TSCP_R,Gaussian,absolute_residual,0.798125,158121.49715454664,4.852168393073241,0.003997087478637695,2
0.1,10,100,167,Point_CHR,Gaussian,absolute_residual,0.85,364653.71955607267,5.529252979813871,0.0,2
0.1,10,100,167,Unscaled,Gaussian,absolute_residual,0.85125,825975.5206532486,3.9056805380069837,0.0,2
0.1,10,100,167,Empirical_copula,Gaussian,absolute_residual,0.689375,63674.244969776664,4.5382943682854,0.002000570297241211,2
0.1,10,100,168,TSCP_R,Gaussian,absolute_residual,0.914375,568362.7337056203,5.012080842735747,0.003020763397216797,2
0.1,10,100,168,Point_CHR,Gaussian,absolute_residual,0.90625,713347.5456658424,5.207799094064893,0.0009877681732177734,2
0.1,10,100,168,Unscaled,Gaussian,absolute_residual,0.910625,1703193.2101450374,4.198811632468259,0.0,2
0.1,10,100,168,Empirical_copula,Gaussian,absolute_residual,0.865,314378.4009498259,4.843273305242338,0.0009984970092773438,2
0.1,10,100,169,TSCP_R,Gaussian,absolute_residual,0.921875,586769.4226045217,5.710181975802778,0.004006385803222656,2
0.1,10,100,169,Point_CHR,Gaussian,absolute_residual,0.94,1742710.679377784,7.169202586008776,0.0,2
0.1,10,100,169,Unscaled,Gaussian,absolute_residual,0.910625,1814928.358529681,4.225576306032914,0.0,2
0.1,10,100,169,Empirical_copula,Gaussian,absolute_residual,0.795625,167549.93391469287,5.477581138678662,0.0009999275207519531,2
0.1,10,100,170,TSCP_R,Gaussian,absolute_residual,0.938125,831492.1856113735,5.5207768102155494,0.004006385803222656,2
0.1,10,100,170,Point_CHR,Gaussian,absolute_residual,0.88,551366.4725648218,5.63032276213252,0.0,2
0.1,10,100,170,Unscaled,Gaussian,absolute_residual,0.935625,2765731.240619475,4.4073850839700475,0.0,2
0.1,10,100,170,Empirical_copula,Gaussian,absolute_residual,0.83625,286944.2813708567,4.925511122258076,0.0009987354278564453,2
0.1,10,100,171,TSCP_R,Gaussian,absolute_residual,0.939375,1023369.0881157558,5.265925123874271,0.003000497817993164,2
0.1,10,100,171,Point_CHR,Gaussian,absolute_residual,0.889375,635317.1985577196,4.795891873889325,0.0,2
0.1,10,100,171,Unscaled,Gaussian,absolute_residual,0.8725,946697.5880753148,3.9593247713397246,0.0,2
0.1,10,100,171,Empirical_copula,Gaussian,absolute_residual,0.8275,270342.1100498601,5.152802163073234,0.0010001659393310547,2
0.1,10,100,172,TSCP_R,Gaussian,absolute_residual,0.93125,779953.3015928883,5.3884861692306005,0.004008769989013672,2
0.1,10,100,172,Point_CHR,Gaussian,absolute_residual,0.890625,455516.6538778875,5.744884575752288,0.0,2
0.1,10,100,172,Unscaled,Gaussian,absolute_residual,0.856875,666744.6787158517,3.822926566204946,0.0,2
0.1,10,100,172,Empirical_copula,Gaussian,absolute_residual,0.846875,248868.2048095928,5.071949151782265,0.001998424530029297,2
0.1,10,100,173,TSCP_R,Gaussian,absolute_residual,0.84625,246234.92743738016,4.941294400575881,0.0029981136322021484,2
0.1,10,100,173,Point_CHR,Gaussian,absolute_residual,0.859375,413271.4765397156,6.045999185703147,0.0,2
0.1,10,100,173,Unscaled,Gaussian,absolute_residual,0.903125,1383018.585528254,4.112281174844904,0.0,2
0.1,10,100,173,Empirical_copula,Gaussian,absolute_residual,0.744375,99713.70925892562,4.3706226443507035,0.0009999275207519531,2
0.1,10,100,174,TSCP_R,Gaussian,absolute_residual,0.938125,869159.2509967061,5.615946060672586,0.004004001617431641,2
0.1,10,100,174,Point_CHR,Gaussian,absolute_residual,0.941875,1692072.4635949237,7.145672508628794,0.0,2
0.1,10,100,174,Unscaled,Gaussian,absolute_residual,0.926875,2419950.358574845,4.348912259280324,0.0,2
0.1,10,100,174,Empirical_copula,Gaussian,absolute_residual,0.88125,422622.1346099727,5.340908305729734,0.0009999275207519531,2
0.1,10,100,175,TSCP_R,Gaussian,absolute_residual,0.9375,734186.3061289865,5.260125095934475,0.004004955291748047,2
0.1,10,100,175,Point_CHR,Gaussian,absolute_residual,0.935,784253.6256202494,6.138488517021644,0.0,2
0.1,10,100,175,Unscaled,Gaussian,absolute_residual,0.929375,2073281.577423971,4.28218897371277,0.0,2
0.1,10,100,175,Empirical_copula,Gaussian,absolute_residual,0.853125,236443.7352517063,5.192571030298431,0.0010094642639160156,2
0.1,10,100,176,TSCP_R,Gaussian,absolute_residual,0.945625,996435.4843418952,5.806601006114772,0.004008293151855469,2
0.1,10,100,176,Point_CHR,Gaussian,absolute_residual,0.916875,665529.0647937077,5.950564166316571,0.0,2
0.1,10,100,176,Unscaled,Gaussian,absolute_residual,0.96375,6232706.3779646475,4.780437744713618,0.0,2
0.1,10,100,176,Empirical_copula,Gaussian,absolute_residual,0.88625,471211.6932073884,5.106811513912433,0.0009980201721191406,2
0.1,10,100,177,TSCP_R,Gaussian,absolute_residual,0.9175,565232.5324227848,4.878370272509994,0.004008293151855469,2
0.1,10,100,177,Point_CHR,Gaussian,absolute_residual,0.890625,632942.1353288771,5.037528779438015,0.0009982585906982422,2
0.1,10,100,177,Unscaled,Gaussian,absolute_residual,0.839375,544327.8539995365,3.7461577012579284,0.0,2
0.1,10,100,177,Empirical_copula,Gaussian,absolute_residual,0.82625,185610.82847735911,4.462441653206088,0.0009996891021728516,2
0.1,10,100,178,TSCP_R,Gaussian,absolute_residual,0.84875,297570.176825973,5.55862587809784,0.0030066967010498047,2
0.1,10,100,178,Point_CHR,Gaussian,absolute_residual,0.861875,390195.1526996314,6.008165302040375,0.0009999275207519531,2
0.1,10,100,178,Unscaled,Gaussian,absolute_residual,0.919375,2138542.4630713714,4.295480855844097,0.0,2
0.1,10,100,178,Empirical_copula,Gaussian,absolute_residual,0.77,149794.43488409545,5.67850180585022,0.0009932518005371094,2
0.1,10,100,179,TSCP_R,Gaussian,absolute_residual,0.83,191118.59263619498,5.384856809443865,0.004016876220703125,2
0.1,10,100,179,Point_CHR,Gaussian,absolute_residual,0.82625,216706.92400607807,5.298885742839501,0.0,2
0.1,10,100,179,Unscaled,Gaussian,absolute_residual,0.8875,1021049.9046119272,3.989373485570029,0.0,2
0.1,10,100,179,Empirical_copula,Gaussian,absolute_residual,0.754375,112428.11324447181,5.487941596528756,0.0009987354278564453,2
0.1,10,100,180,TSCP_R,Gaussian,absolute_residual,0.87,332180.2246469791,5.450682198371853,0.004012107849121094,2
0.1,10,100,180,Point_CHR,Gaussian,absolute_residual,0.81875,219720.00115827087,5.433626192880219,0.000997781753540039,2
0.1,10,100,180,Unscaled,Gaussian,absolute_residual,0.900625,1171425.625935242,4.044561765637509,0.0,2
0.1,10,100,180,Empirical_copula,Gaussian,absolute_residual,0.769375,126125.9929373428,4.483998172381529,0.001001596450805664,2
0.1,10,100,181,TSCP_R,Gaussian,absolute_residual,0.93375,694844.4081004385,5.162959090097013,0.002999544143676758,2
0.1,10,100,181,Point_CHR,Gaussian,absolute_residual,0.88625,545940.3281720261,5.053178147715958,0.0010013580322265625,2
0.1,10,100,181,Unscaled,Gaussian,absolute_residual,0.88875,1294544.7725902812,4.08518480191603,0.0,2
0.1,10,100,181,Empirical_copula,Gaussian,absolute_residual,0.85,263506.9522943886,5.082601653164847,0.0010004043579101562,2
0.1,10,100,182,TSCP_R,Gaussian,absolute_residual,0.898125,452198.573840572,5.506480539821207,0.0030090808868408203,2
0.1,10,100,182,Point_CHR,Gaussian,absolute_residual,0.935,1111856.5836726588,5.996251135935359,0.0,2
0.1,10,100,182,Unscaled,Gaussian,absolute_residual,0.91,1598480.5164712025,4.1722539521079645,0.0,2
0.1,10,100,182,Empirical_copula,Gaussian,absolute_residual,0.81625,203647.78292202178,5.660307371754798,0.0010097026824951172,2
0.1,10,100,183,TSCP_R,Gaussian,absolute_residual,0.9225,669059.868078006,5.229386814425892,0.0030088424682617188,2
0.1,10,100,183,Point_CHR,Gaussian,absolute_residual,0.92,755104.509756936,5.6727086262156305,0.0009987354278564453,2
0.1,10,100,183,Unscaled,Gaussian,absolute_residual,0.931875,2349217.000356213,4.336030351190698,0.0,2
0.1,10,100,183,Empirical_copula,Gaussian,absolute_residual,0.86375,373857.5912891168,5.202026530645933,0.0009996891021728516,2
0.1,10,100,184,TSCP_R,Gaussian,absolute_residual,0.831875,194001.41451828115,4.9750617506698855,0.003005504608154297,2
0.1,10,100,184,Point_CHR,Gaussian,absolute_residual,0.848125,246306.14035003906,4.754162252949718,0.0009999275207519531,2
0.1,10,100,184,Unscaled,Gaussian,absolute_residual,0.891875,1186386.480494047,4.049697825850509,0.0,2
0.1,10,100,184,Empirical_copula,Gaussian,absolute_residual,0.728125,87790.77171752787,4.513165412520134,0.0009999275207519531,2
0.1,10,100,185,TSCP_R,Gaussian,absolute_residual,0.894375,511162.5802388796,5.250776785037461,0.002997875213623047,2
0.1,10,100,185,Point_CHR,Gaussian,absolute_residual,0.8975,604498.6180697847,5.642613680252461,0.001001119613647461,2
0.1,10,100,185,Unscaled,Gaussian,absolute_residual,0.924375,1891286.0219096309,4.243026276265806,0.0,2
0.1,10,100,185,Empirical_copula,Gaussian,absolute_residual,0.803125,268871.8698880331,5.835453609656696,0.0010018348693847656,2
0.1,10,100,186,TSCP_R,Gaussian,absolute_residual,0.918125,661072.5329519876,6.109877603316582,0.0030088424682617188,2
0.1,10,100,186,Point_CHR,Gaussian,absolute_residual,0.92875,1022077.2830059195,5.680173171870704,0.0010082721710205078,2
0.1,10,100,186,Unscaled,Gaussian,absolute_residual,0.89375,1125721.9774370273,4.028497648626831,0.0,2
0.1,10,100,186,Empirical_copula,Gaussian,absolute_residual,0.831875,242054.57165202775,5.581070763878099,0.0009987354278564453,2
0.1,10,100,187,TSCP_R,Gaussian,absolute_residual,0.96625,1579330.4408742706,5.907488213868905,0.004007101058959961,2
0.1,10,100,187,Point_CHR,Gaussian,absolute_residual,0.900625,496280.5650610962,5.597565105145771,0.0,2
0.1,10,100,187,Unscaled,Gaussian,absolute_residual,0.899375,1397661.6431689633,4.116614549674063,0.0009996891021728516,2
0.1,10,100,187,Empirical_copula,Gaussian,absolute_residual,0.86625,455879.4098457547,5.173637738230898,0.0010013580322265625,2
0.1,10,100,188,TSCP_R,Gaussian,absolute_residual,0.946875,709866.4021014024,5.580849235985587,0.0030066967010498047,2
0.1,10,100,188,Point_CHR,Gaussian,absolute_residual,0.95,1629666.282960206,6.078265809976839,0.0,2
0.1,10,100,188,Unscaled,Gaussian,absolute_residual,0.885625,1149046.811614338,4.03676783011537,0.0,2
0.1,10,100,188,Empirical_copula,Gaussian,absolute_residual,0.823125,193314.93848982168,4.3877755054556085,0.0009937286376953125,2
0.1,10,100,189,TSCP_R,Gaussian,absolute_residual,0.9,499525.9211277051,5.122446246208505,0.004008769989013672,2
0.1,10,100,189,Point_CHR,Gaussian,absolute_residual,0.876875,553838.4474750902,5.178511102999339,0.0,2
0.1,10,100,189,Unscaled,Gaussian,absolute_residual,0.891875,1407685.29077521,4.119557388292187,0.0,2
0.1,10,100,189,Empirical_copula,Gaussian,absolute_residual,0.85125,264046.92590140476,4.870170980772075,0.0010073184967041016,2
0.1,10,100,190,TSCP_R,Gaussian,absolute_residual,0.905,533023.5680204744,5.256923145480044,0.0029997825622558594,2
0.1,10,100,190,Point_CHR,Gaussian,absolute_residual,0.91125,654162.9644950262,5.233691088014885,0.0,2
0.1,10,100,190,Unscaled,Gaussian,absolute_residual,0.883125,1104402.13986115,4.020802339520192,0.0,2
0.1,10,100,190,Empirical_copula,Gaussian,absolute_residual,0.83125,272013.7612490857,4.915209754404912,0.0009872913360595703,2
0.1,10,100,191,TSCP_R,Gaussian,absolute_residual,0.894375,428869.2687885355,5.023612069182213,0.004006385803222656,2
0.1,10,100,191,Point_CHR,Gaussian,absolute_residual,0.8625,406013.57935625006,5.205080388229144,0.0,2
0.1,10,100,191,Unscaled,Gaussian,absolute_residual,0.871875,970575.7464627998,3.969199641530277,0.0,2
0.1,10,100,191,Empirical_copula,Gaussian,absolute_residual,0.81625,229816.54681672217,4.615006197379829,0.0009932518005371094,2
0.1,10,100,192,TSCP_R,Gaussian,absolute_residual,0.940625,945866.898520562,5.854160522023245,0.004000186920166016,2
0.1,10,100,192,Point_CHR,Gaussian,absolute_residual,0.83125,304400.60907077556,5.325847665728897,0.0,2
0.1,10,100,192,Unscaled,Gaussian,absolute_residual,0.92375,2481453.1507933284,4.359840566797765,0.0,2
0.1,10,100,192,Empirical_copula,Gaussian,absolute_residual,0.815,260465.16516189853,5.088571745156949,0.0020062923431396484,2
0.1,10,100,193,TSCP_R,Gaussian,absolute_residual,0.844375,258473.07701142746,4.635690065562713,0.0040073394775390625,2
0.1,10,100,193,Point_CHR,Gaussian,absolute_residual,0.8075,215406.69800426989,4.6680018497167755,0.0009920597076416016,2
0.1,10,100,193,Unscaled,Gaussian,absolute_residual,0.856875,590200.6188391994,3.77659110625403,0.0,2
0.1,10,100,193,Empirical_copula,Gaussian,absolute_residual,0.77125,115279.72894463045,4.404509281908348,0.0010085105895996094,2
0.1,10,100,194,TSCP_R,Gaussian,absolute_residual,0.916875,505794.1766219319,5.592178012355729,0.003000497817993164,2
0.1,10,100,194,Point_CHR,Gaussian,absolute_residual,0.939375,872345.7851728178,5.596830457585758,0.0009913444519042969,2
0.1,10,100,194,Unscaled,Gaussian,absolute_residual,0.92375,2349857.7173081473,4.336148596003339,0.0,2
0.1,10,100,194,Empirical_copula,Gaussian,absolute_residual,0.84,246756.47377703662,5.175625726624302,0.0010001659393310547,2
0.1,10,100,195,TSCP_R,Gaussian,absolute_residual,0.873125,281890.1296937535,4.766361955007529,0.0034949779510498047,2
0.1,10,100,195,Point_CHR,Gaussian,absolute_residual,0.82625,200618.38383229132,4.480534441936228,0.0010001659393310547,2
0.1,10,100,195,Unscaled,Gaussian,absolute_residual,0.868125,816274.7256142236,3.9010690270838264,0.0,2
0.1,10,100,195,Empirical_copula,Gaussian,absolute_residual,0.800625,136606.74230473035,4.345480758655326,0.0010080337524414062,2
0.1,10,100,196,TSCP_R,Gaussian,absolute_residual,0.945625,1152393.6673891102,5.612319307499445,0.003999471664428711,2
0.1,10,100,196,Point_CHR,Gaussian,absolute_residual,0.91125,881915.5629993285,5.417204460342557,0.0,2
0.1,10,100,196,Unscaled,Gaussian,absolute_residual,0.94125,2481598.5477663763,4.359866111946886,0.0,2
0.1,10,100,196,Empirical_copula,Gaussian,absolute_residual,0.866875,356090.76573569665,5.073502325042304,0.00107574462890625,2
0.1,10,100,197,TSCP_R,Gaussian,absolute_residual,0.894375,383326.2700106945,5.3373620157491795,0.00400090217590332,2
0.1,10,100,197,Point_CHR,Gaussian,absolute_residual,0.873125,374248.8593990844,5.571364780582392,0.0010006427764892578,2
0.1,10,100,197,Unscaled,Gaussian,absolute_residual,0.916875,1635757.5307678708,4.181883142551089,0.0,2
0.1,10,100,197,Empirical_copula,Gaussian,absolute_residual,0.83,198186.07003060792,5.097958319538714,0.0010097026824951172,2
0.1,10,100,198,TSCP_R,Gaussian,absolute_residual,0.880625,305748.30245476216,5.004406162570833,0.003998994827270508,2
0.1,10,100,198,Point_CHR,Gaussian,absolute_residual,0.916875,533662.1766106709,5.203773264461416,0.0010020732879638672,2
0.1,10,100,198,Unscaled,Gaussian,absolute_residual,0.886875,958189.3246723283,3.9641048482627,0.0,2
0.1,10,100,198,Empirical_copula,Gaussian,absolute_residual,0.80875,158136.2951140749,4.412739138027521,0.0009984970092773438,2
0.1,10,100,199,TSCP_R,Gaussian,absolute_residual,0.91,590177.1487484707,5.609374673562963,0.004000663757324219,2
0.1,10,100,199,Point_CHR,Gaussian,absolute_residual,0.926875,966404.953356565,5.346318071409854,0.0,2
0.1,10,100,199,Unscaled,Gaussian,absolute_residual,0.928125,2639194.0219828775,4.386792899868155,0.0,2
0.1,10,100,199,Empirical_copula,Gaussian,absolute_residual,0.79,222876.30986137816,5.607879638586958,0.0010082721710205078,2
0.1,10,100,0,TSCP_R,Gaussian,absolute_residual,0.95125,89679281.89429563,14.586973969368081,0.004000663757324219,5
0.1,10,100,0,Point_CHR,Gaussian,absolute_residual,0.896875,52537620.98483331,14.582639864777903,0.0,5
0.1,10,100,0,Unscaled,Gaussian,absolute_residual,0.903125,4796263424.760845,9.291595666907961,0.0,5
0.1,10,100,0,Empirical_copula,Gaussian,absolute_residual,0.844375,27989318.38750186,14.205549853868499,0.0009968280792236328,5
0.1,10,100,1,TSCP_R,Gaussian,absolute_residual,0.944375,105696158.80246495,15.076752084153448,0.004001140594482422,5
0.1,10,100,1,Point_CHR,Gaussian,absolute_residual,0.916875,78988047.7500778,14.829415840086487,0.0010006427764892578,5
0.1,10,100,1,Unscaled,Gaussian,absolute_residual,0.9375,10682021995.649673,10.066195176047898,0.0,5
0.1,10,100,1,Empirical_copula,Gaussian,absolute_residual,0.8525,30421398.73722661,12.61515196017308,0.0010001659393310547,5
0.1,10,100,2,TSCP_R,Gaussian,absolute_residual,0.906875,55192251.90192627,13.17235608571513,0.003980875015258789,5
0.1,10,100,2,Point_CHR,Gaussian,absolute_residual,0.91375,97578846.12608196,15.367881994422323,0.0010242462158203125,5
0.1,10,100,2,Unscaled,Gaussian,absolute_residual,0.865,2627700231.7275643,8.748983186841164,0.0,5
0.1,10,100,2,Empirical_copula,Gaussian,absolute_residual,0.81125,18997368.79879054,11.050909098844242,0.0009753704071044922,5
0.1,10,100,3,TSCP_R,Gaussian,absolute_residual,0.88,36770512.803249195,11.836517089537754,0.004019975662231445,5
0.1,10,100,3,Point_CHR,Gaussian,absolute_residual,0.8425,26524997.912310082,11.526969821131836,0.0,5
0.1,10,100,3,Unscaled,Gaussian,absolute_residual,0.841875,1799066910.498188,8.423735689410494,0.0,5
0.1,10,100,3,Empirical_copula,Gaussian,absolute_residual,0.776875,14508432.256411172,9.337958535051683,0.0010001659393310547,5
0.1,10,100,4,TSCP_R,Gaussian,absolute_residual,0.9175,62393475.58691892,11.422757172883902,0.004006385803222656,5
0.1,10,100,4,Point_CHR,Gaussian,absolute_residual,0.88125,50149645.500018686,11.491632874689145,0.0010001659393310547,5
0.1,10,100,4,Unscaled,Gaussian,absolute_residual,0.87,2275357016.461816,8.623924683214359,0.0,5
0.1,10,100,4,Empirical_copula,Gaussian,absolute_residual,0.84,26135781.971225224,11.666415510274884,0.0009932518005371094,5
0.1,10,100,5,TSCP_R,Gaussian,absolute_residual,0.8825,43504774.729477264,14.042848877634638,0.003000974655151367,5
0.1,10,100,5,Point_CHR,Gaussian,absolute_residual,0.901875,53387407.15501262,16.857704126336206,0.0009992122650146484,5
0.1,10,100,5,Unscaled,Gaussian,absolute_residual,0.929375,10705779273.95599,10.068431703885041,0.0,5
0.1,10,100,5,Empirical_copula,Gaussian,absolute_residual,0.785,22767540.333003566,13.193900986183188,0.0010073184967041016,5
0.1,10,100,6,TSCP_R,Gaussian,absolute_residual,0.888125,37587688.08385479,13.530661994920386,0.003991127014160156,5
0.1,10,100,6,Point_CHR,Gaussian,absolute_residual,0.95875,162088122.61609614,16.16318688110913,0.0,5
0.1,10,100,6,Unscaled,Gaussian,absolute_residual,0.959375,23307143248.354965,10.883006900451326,0.0,5
0.1,10,100,6,Empirical_copula,Gaussian,absolute_residual,0.820625,21527768.557799943,12.44946850694413,0.0010025501251220703,5
0.1,10,100,7,TSCP_R,Gaussian,absolute_residual,0.92375,64463768.22662966,13.228816184988968,0.004010677337646484,5
0.1,10,100,7,Point_CHR,Gaussian,absolute_residual,0.93125,85070267.10041226,14.728229422135197,0.0,5
0.1,10,100,7,Unscaled,Gaussian,absolute_residual,0.906875,4478732949.025485,9.228168519932133,0.0,5
0.1,10,100,7,Empirical_copula,Gaussian,absolute_residual,0.865,29649204.572466526,11.82977954014466,0.0010004043579101562,5
0.1,10,100,8,TSCP_R,Gaussian,absolute_residual,0.879375,29612875.854604475,12.160662837164875,0.004006862640380859,5
0.1,10,100,8,Point_CHR,Gaussian,absolute_residual,0.91,53826263.75376104,15.126894497876393,0.0,5
0.1,10,100,8,Unscaled,Gaussian,absolute_residual,0.87,2663512701.045741,8.760834520310143,0.0,5
0.1,10,100,8,Empirical_copula,Gaussian,absolute_residual,0.7675,11412707.546700673,11.156082915554688,0.0009999275207519531,5
0.1,10,100,9,TSCP_R,Gaussian,absolute_residual,0.82125,17883661.85902586,12.59230756026463,0.003027200698852539,5
0.1,10,100,9,Point_CHR,Gaussian,absolute_residual,0.9175,71776508.4706859,15.164385170574917,0.00099945068359375,5
0.1,10,100,9,Unscaled,Gaussian,absolute_residual,0.92375,6069186975.5276165,9.512902634348649,0.0,5
0.1,10,100,9,Empirical_copula,Gaussian,absolute_residual,0.7325,9451312.455180144,11.08048171385215,0.0009996891021728516,5
0.1,10,100,10,TSCP_R,Gaussian,absolute_residual,0.91625,68842765.67265859,14.86684679526553,0.003990888595581055,5
0.1,10,100,10,Point_CHR,Gaussian,absolute_residual,0.906875,115480945.93323939,16.802227777342395,0.0,5
0.1,10,100,10,Unscaled,Gaussian,absolute_residual,0.906875,5603966179.245922,9.43733888866168,0.0,5
0.1,10,100,10,Empirical_copula,Gaussian,absolute_residual,0.80625,16690815.75088372,14.47790258881178,0.0020117759704589844,5
0.1,10,100,11,TSCP_R,Gaussian,absolute_residual,0.9275,64102658.384929076,14.253699040765037,0.004009246826171875,5
0.1,10,100,11,Point_CHR,Gaussian,absolute_residual,0.929375,82666051.73675272,16.070441837713048,0.0009987354278564453,5
0.1,10,100,11,Unscaled,Gaussian,absolute_residual,0.926875,6612923888.59642,9.594875689535039,0.0,5
0.1,10,100,11,Empirical_copula,Gaussian,absolute_residual,0.8425,22252570.003932387,14.251514588762992,0.0009999275207519531,5
0.1,10,100,12,TSCP_R,Gaussian,absolute_residual,0.948125,133882793.64619939,13.566729298647948,0.003982067108154297,5
0.1,10,100,12,Point_CHR,Gaussian,absolute_residual,0.95375,256875870.58597705,14.740355684080605,0.0,5
0.1,10,100,12,Unscaled,Gaussian,absolute_residual,0.893125,4167959009.0998254,9.162043384036876,0.0,5
0.1,10,100,12,Empirical_copula,Gaussian,absolute_residual,0.859375,32426031.59217228,13.220544170995813,0.0009999275207519531,5
0.1,10,100,13,TSCP_R,Gaussian,absolute_residual,0.83375,19595384.04652902,11.97318364694365,0.004006624221801758,5
0.1,10,100,13,Point_CHR,Gaussian,absolute_residual,0.891875,70415470.23248991,13.806654133141787,0.0,5
0.1,10,100,13,Unscaled,Gaussian,absolute_residual,0.88375,3057464521.757849,8.88251894874739,0.0,5
0.1,10,100,13,Empirical_copula,Gaussian,absolute_residual,0.72875,8433985.824025972,10.605849417633548,0.0019941329956054688,5
0.1,10,100,14,TSCP_R,Gaussian,absolute_residual,0.893125,39437931.58245087,13.308019547702646,0.004010915756225586,5
0.1,10,100,14,Point_CHR,Gaussian,absolute_residual,0.939375,88815974.74330553,15.183479456507152,0.0,5
0.1,10,100,14,Unscaled,Gaussian,absolute_residual,0.919375,6957945912.425548,9.643797996017453,0.0,5
0.1,10,100,14,Empirical_copula,Gaussian,absolute_residual,0.805,18573918.239703752,13.520330612630566,0.001989126205444336,5
0.1,10,100,15,TSCP_R,Gaussian,absolute_residual,0.88625,41611383.665739976,14.29434148072864,0.0030069351196289062,5
0.1,10,100,15,Point_CHR,Gaussian,absolute_residual,0.95,206382876.78768098,16.962923618376635,0.0,5
0.1,10,100,15,Unscaled,Gaussian,absolute_residual,0.93875,8745110500.616278,9.866804657484305,0.0,5
0.1,10,100,15,Empirical_copula,Gaussian,absolute_residual,0.79125,15136005.107071396,11.654430262514154,0.0010085105895996094,5
0.1,10,100,16,TSCP_R,Gaussian,absolute_residual,0.90125,41627081.47638249,12.200994059985684,0.004006624221801758,5
0.1,10,100,16,Point_CHR,Gaussian,absolute_residual,0.821875,20559113.93112753,10.58380785429626,0.0,5
0.1,10,100,16,Unscaled,Gaussian,absolute_residual,0.8775,2401858246.2150435,8.670711520641486,0.0,5
0.1,10,100,16,Empirical_copula,Gaussian,absolute_residual,0.803125,17888587.04014344,10.832387799143643,0.0009996891021728516,5
0.1,10,100,17,TSCP_R,Gaussian,absolute_residual,0.9625,149973747.96348464,15.42367700009286,0.0040056705474853516,5
0.1,10,100,17,Point_CHR,Gaussian,absolute_residual,0.989375,689828037.9523511,20.29328623350243,0.0,5
0.1,10,100,17,Unscaled,Gaussian,absolute_residual,0.934375,9188029362.480568,9.915673943265286,0.0,5
0.1,10,100,17,Empirical_copula,Gaussian,absolute_residual,0.834375,34623050.4444067,13.403045505195953,0.0020012855529785156,5
0.1,10,100,18,TSCP_R,Gaussian,absolute_residual,0.916875,52224155.98855036,14.215464357502213,0.005007505416870117,5
0.1,10,100,18,Point_CHR,Gaussian,absolute_residual,0.90125,43578674.94625378,14.326638483823082,0.0,5
0.1,10,100,18,Unscaled,Gaussian,absolute_residual,0.94875,12666390727.032713,10.23918260101835,0.0,5
0.1,10,100,18,Empirical_copula,Gaussian,absolute_residual,0.82125,17479894.877979897,12.70391248662127,0.0009927749633789062,5
0.1,10,100,19,TSCP_R,Gaussian,absolute_residual,0.9125,60944937.59373033,13.236012329251327,0.003999233245849609,5
0.1,10,100,19,Point_CHR,Gaussian,absolute_residual,0.93125,104201627.67201273,14.925853702394456,0.0,5
0.1,10,100,19,Unscaled,Gaussian,absolute_residual,0.885,3796076901.1238976,9.076815339850166,0.0,5
0.1,10,100,19,Empirical_copula,Gaussian,absolute_residual,0.838125,24681641.592846468,11.054428702431931,0.0020008087158203125,5
0.1,10,100,20,TSCP_R,Gaussian,absolute_residual,0.910625,54067496.9341881,16.128733333028165,0.004005908966064453,5
0.1,10,100,20,Point_CHR,Gaussian,absolute_residual,0.87,55347927.71609196,19.886900805975408,0.0,5
0.1,10,100,20,Unscaled,Gaussian,absolute_residual,0.954375,15894058247.494244,10.474263133890071,0.0,5
0.1,10,100,20,Empirical_copula,Gaussian,absolute_residual,0.849375,23656558.665882494,13.998184455128115,0.0009989738464355469,5
0.1,10,100,21,TSCP_R,Gaussian,absolute_residual,0.9225,56121103.90365504,13.018326433272541,0.003005504608154297,5
0.1,10,100,21,Point_CHR,Gaussian,absolute_residual,0.91125,63554932.8921306,12.339974647123404,0.0010013580322265625,5
0.1,10,100,21,Unscaled,Gaussian,absolute_residual,0.905625,4177408127.757244,9.164118381427373,0.0,5
0.1,10,100,21,Empirical_copula,Gaussian,absolute_residual,0.84625,28251630.841296185,11.443002164056338,0.00099945068359375,5
0.1,10,100,22,TSCP_R,Gaussian,absolute_residual,0.89625,41584147.67343522,13.272820314792328,0.0039980411529541016,5
0.1,10,100,22,Point_CHR,Gaussian,absolute_residual,0.89125,50462207.66178366,13.643528289295379,0.0,5
0.1,10,100,22,Unscaled,Gaussian,absolute_residual,0.9425,17374239539.6785,10.567945879020822,0.0,5
0.1,10,100,22,Empirical_copula,Gaussian,absolute_residual,0.815,18612172.429024316,12.84441502985542,0.0020096302032470703,5
0.1,10,100,23,TSCP_R,Gaussian,absolute_residual,0.916875,53629397.2391778,13.38989610793405,0.004004955291748047,5
0.1,10,100,23,Point_CHR,Gaussian,absolute_residual,0.881875,33344541.021179877,12.933702877131157,0.0009937286376953125,5
0.1,10,100,23,Unscaled,Gaussian,absolute_residual,0.915,5735660363.967596,9.459285699105271,0.0,5
0.1,10,100,23,Empirical_copula,Gaussian,absolute_residual,0.84375,24641174.481722474,11.011818595891501,0.0010066032409667969,5
0.1,10,100,24,TSCP_R,Gaussian,absolute_residual,0.870625,34697875.06923269,11.804771297563734,0.004002571105957031,5
0.1,10,100,24,Point_CHR,Gaussian,absolute_residual,0.8725,31763224.277151857,11.931794364051566,0.0,5
0.1,10,100,24,Unscaled,Gaussian,absolute_residual,0.861875,2406923235.2733192,8.672538249571025,0.0,5
0.1,10,100,24,Empirical_copula,Gaussian,absolute_residual,0.8075,21657774.486462712,10.660866765710406,0.0009980201721191406,5
0.1,10,100,25,TSCP_R,Gaussian,absolute_residual,0.9425,85847512.77999708,14.2968737220299,0.0039997100830078125,5
0.1,10,100,25,Point_CHR,Gaussian,absolute_residual,0.924375,87694737.92452256,14.506990470426295,0.0,5
0.1,10,100,25,Unscaled,Gaussian,absolute_residual,0.925,7210451505.567873,9.678236847465463,0.0,5
0.1,10,100,25,Empirical_copula,Gaussian,absolute_residual,0.860625,25965238.853628118,13.69132686065126,0.0009975433349609375,5
0.1,10,100,26,TSCP_R,Gaussian,absolute_residual,0.900625,55493157.55796309,13.348354111020361,0.004007101058959961,5
0.1,10,100,26,Point_CHR,Gaussian,absolute_residual,0.913125,62383422.847633496,14.350498628409518,0.0,5
0.1,10,100,26,Unscaled,Gaussian,absolute_residual,0.895,3869546880.1025996,9.09423162518368,0.0009999275207519531,5
0.1,10,100,26,Empirical_copula,Gaussian,absolute_residual,0.81,19669906.871397167,14.020006813764411,0.0010004043579101562,5
0.1,10,100,27,TSCP_R,Gaussian,absolute_residual,0.893125,43347002.62261102,13.291386051548363,0.0030057430267333984,5
0.1,10,100,27,Point_CHR,Gaussian,absolute_residual,0.9125,80999368.40670256,13.888270085953426,0.0010001659393310547,5
0.1,10,100,27,Unscaled,Gaussian,absolute_residual,0.910625,6463290977.899923,9.572940747795457,0.0,5
0.1,10,100,27,Empirical_copula,Gaussian,absolute_residual,0.794375,18567378.5673448,12.5932446100649,0.0010027885437011719,5
0.1,10,100,28,TSCP_R,Gaussian,absolute_residual,0.92125,70396796.25496075,13.923792853877858,0.004000425338745117,5
0.1,10,100,28,Point_CHR,Gaussian,absolute_residual,0.9625,338492581.568001,15.394942331755153,0.0,5
0.1,10,100,28,Unscaled,Gaussian,absolute_residual,0.936875,10431940916.318277,10.042376785211168,0.0,5
0.1,10,100,28,Empirical_copula,Gaussian,absolute_residual,0.8375,26184240.846509073,11.691340150021665,0.0010063648223876953,5
0.1,10,100,29,TSCP_R,Gaussian,absolute_residual,0.899375,43764588.310322635,12.682943053906431,0.0030069351196289062,5
0.1,10,100,29,Point_CHR,Gaussian,absolute_residual,0.91375,65496150.320157394,12.00776576591425,0.0009996891021728516,5
0.1,10,100,29,Unscaled,Gaussian,absolute_residual,0.88,2786857438.1374164,8.800583650183762,0.0,5
0.1,10,100,29,Empirical_copula,Gaussian,absolute_residual,0.846875,23828688.83911789,12.679755692897391,0.0009999275207519531,5
0.1,10,100,30,TSCP_R,Gaussian,absolute_residual,0.915625,61909808.63785024,14.697349009477275,0.0040111541748046875,5
0.1,10,100,30,Point_CHR,Gaussian,absolute_residual,0.895,64226241.34222574,15.565421409208074,0.0009965896606445312,5
0.1,10,100,30,Unscaled,Gaussian,absolute_residual,0.913125,5062383722.347229,9.341906281424162,0.0,5
0.1,10,100,30,Empirical_copula,Gaussian,absolute_residual,0.810625,25781204.8993749,14.144739626580861,0.0009984970092773438,5
0.1,10,100,31,TSCP_R,Gaussian,absolute_residual,0.831875,20054778.202409327,12.226061843356737,0.0030002593994140625,5
0.1,10,100,31,Point_CHR,Gaussian,absolute_residual,0.796875,18651066.287614316,12.243053688782195,0.0010080337524414062,5
0.1,10,100,31,Unscaled,Gaussian,absolute_residual,0.901875,5632243724.530683,9.442090179629096,0.0,5
0.1,10,100,31,Empirical_copula,Gaussian,absolute_residual,0.734375,9030862.270297552,10.943805394325217,0.0009984970092773438,5
0.1,10,100,32,TSCP_R,Gaussian,absolute_residual,0.87125,27855136.905168388,12.675330020550113,0.004008054733276367,5
0.1,10,100,32,Point_CHR,Gaussian,absolute_residual,0.889375,50544534.00073707,13.736958692838328,0.0,5
0.1,10,100,32,Unscaled,Gaussian,absolute_residual,0.8825,3343423540.0536766,8.962293032904142,0.0,5
0.1,10,100,32,Empirical_copula,Gaussian,absolute_residual,0.788125,13661976.918673132,11.208377253911252,0.0009987354278564453,5
0.1,10,100,33,TSCP_R,Gaussian,absolute_residual,0.9375,99916965.99632402,14.208399441189018,0.0030257701873779297,5
0.1,10,100,33,Point_CHR,Gaussian,absolute_residual,0.939375,101072425.24259987,13.724444457320036,0.0010001659393310547,5
0.1,10,100,33,Unscaled,Gaussian,absolute_residual,0.936875,11496786863.893236,10.140459807209135,0.0,5
0.1,10,100,33,Empirical_copula,Gaussian,absolute_residual,0.84125,30052627.116401825,12.553028822274463,0.0009996891021728516,5
0.1,10,100,34,TSCP_R,Gaussian,absolute_residual,0.933125,103958209.42780891,14.141668646796047,0.004007577896118164,5
0.1,10,100,34,Point_CHR,Gaussian,absolute_residual,0.941875,105173631.22328867,14.584675612103517,0.0,5
0.1,10,100,34,Unscaled,Gaussian,absolute_residual,0.915,3890886529.9463453,9.099234479333333,0.0,5
0.1,10,100,34,Empirical_copula,Gaussian,absolute_residual,0.825625,25420369.889517292,13.344025448661501,0.002000570297241211,5
0.1,10,100,35,TSCP_R,Gaussian,absolute_residual,0.914375,61551425.943661556,15.52267118087223,0.004009246826171875,5
0.1,10,100,35,Point_CHR,Gaussian,absolute_residual,0.944375,141273653.29569957,17.562967397435177,0.0,5
0.1,10,100,35,Unscaled,Gaussian,absolute_residual,0.958125,17493458456.23912,10.575175119400013,0.0,5
0.1,10,100,35,Empirical_copula,Gaussian,absolute_residual,0.8675,32485185.75574114,15.9164776576217,0.0009987354278564453,5
0.1,10,100,36,TSCP_R,Gaussian,absolute_residual,0.909375,53712217.93192561,16.0793441116601,0.003006458282470703,5
0.1,10,100,36,Point_CHR,Gaussian,absolute_residual,0.90125,75305007.47478174,19.474582025539775,0.0,5
0.1,10,100,36,Unscaled,Gaussian,absolute_residual,0.96125,22496211394.096523,10.844535092087751,0.0,5
0.1,10,100,36,Empirical_copula,Gaussian,absolute_residual,0.8375,29500233.40222733,15.075691884576555,0.0009999275207519531,5
0.1,10,100,37,TSCP_R,Gaussian,absolute_residual,0.9025,42323608.08949812,13.774427179194761,0.0030050277709960938,5
0.1,10,100,37,Point_CHR,Gaussian,absolute_residual,0.9025,49003665.865952626,13.58651241933633,0.0010023117065429688,5
0.1,10,100,37,Unscaled,Gaussian,absolute_residual,0.908125,4690541437.696254,9.270908562089707,0.0,5
0.1,10,100,37,Empirical_copula,Gaussian,absolute_residual,0.845625,26455913.528521787,15.527030957149725,0.0009925365447998047,5
0.1,10,100,38,TSCP_R,Gaussian,absolute_residual,0.88375,31153495.508180667,11.12226185702624,0.003010272979736328,5
0.1,10,100,38,Point_CHR,Gaussian,absolute_residual,0.90875,52739926.79393498,14.37678547602889,0.0,5
0.1,10,100,38,Unscaled,Gaussian,absolute_residual,0.8775,2879318298.6595993,8.829354775795604,0.0,5
0.1,10,100,38,Empirical_copula,Gaussian,absolute_residual,0.77625,11889760.464566132,10.14624534235955,0.0009970664978027344,5
0.1,10,100,39,TSCP_R,Gaussian,absolute_residual,0.89625,41590667.4244022,12.471670814289421,0.002999544143676758,5
0.1,10,100,39,Point_CHR,Gaussian,absolute_residual,0.88,39097664.78195083,12.919692340574983,0.001007080078125,5
0.1,10,100,39,Unscaled,Gaussian,absolute_residual,0.8725,2508187598.366553,8.70835252716358,0.0,5
0.1,10,100,39,Empirical_copula,Gaussian,absolute_residual,0.783125,16186187.739162125,10.448569965892844,0.0009953975677490234,5
0.1,10,100,40,TSCP_R,Gaussian,absolute_residual,0.915625,60397993.9419008,13.27250109924415,0.004006385803222656,5
0.1,10,100,40,Point_CHR,Gaussian,absolute_residual,0.931875,109859002.9755252,15.30517923433104,0.000993967056274414,5
0.1,10,100,40,Unscaled,Gaussian,absolute_residual,0.9125,6143627857.2725935,9.524506666091122,0.0,5
0.1,10,100,40,Empirical_copula,Gaussian,absolute_residual,0.8275,21564177.83989878,12.44849828376647,0.0010094642639160156,5
0.1,10,100,41,TSCP_R,Gaussian,absolute_residual,0.87125,28170340.46393482,11.68432854595095,0.0030090808868408203,5
0.1,10,100,41,Point_CHR,Gaussian,absolute_residual,0.835625,21252446.140803866,11.863618499938484,0.0009984970092773438,5
0.1,10,100,41,Unscaled,Gaussian,absolute_residual,0.8975,4849051408.490031,9.301771758574143,0.0,5
0.1,10,100,41,Empirical_copula,Gaussian,absolute_residual,0.765625,11862783.57059813,10.503660034922834,0.0009996891021728516,5
0.1,10,100,42,TSCP_R,Gaussian,absolute_residual,0.88375,32321362.297198713,13.10543650576204,0.004005908966064453,5
0.1,10,100,42,Point_CHR,Gaussian,absolute_residual,0.8575,29126308.597262513,14.625924886216367,0.0,5
0.1,10,100,42,Unscaled,Gaussian,absolute_residual,0.9375,11517329025.41481,10.142270223163981,0.0,5
0.1,10,100,42,Empirical_copula,Gaussian,absolute_residual,0.84625,21095390.91769275,12.163243459806136,0.0010008811950683594,5
0.1,10,100,43,TSCP_R,Gaussian,absolute_residual,0.886875,46175426.45409857,13.311901106535334,0.0039997100830078125,5
0.1,10,100,43,Point_CHR,Gaussian,absolute_residual,0.845,30887698.169194855,11.843807589632332,0.0,5
0.1,10,100,43,Unscaled,Gaussian,absolute_residual,0.9375,10795963468.065899,10.076881248569348,0.0,5
0.1,10,100,43,Empirical_copula,Gaussian,absolute_residual,0.836875,26039010.552755482,11.508597361888091,0.0009925365447998047,5
0.1,10,100,44,TSCP_R,Gaussian,absolute_residual,0.865,31601234.791879833,11.273907362826474,0.004019737243652344,5
0.1,10,100,44,Point_CHR,Gaussian,absolute_residual,0.90625,87984328.3173212,13.442102614004895,0.0009958744049072266,5
0.1,10,100,44,Unscaled,Gaussian,absolute_residual,0.89875,3712966961.3475027,9.056744342677314,0.0,5
0.1,10,100,44,Empirical_copula,Gaussian,absolute_residual,0.784375,13910615.46226257,11.100164912764239,0.00099945068359375,5
0.1,10,100,45,TSCP_R,Gaussian,absolute_residual,0.918125,47574799.730207205,13.98555382910326,0.003005504608154297,5
0.1,10,100,45,Point_CHR,Gaussian,absolute_residual,0.9475,109200366.72074693,16.740897359411548,0.0009999275207519531,5
0.1,10,100,45,Unscaled,Gaussian,absolute_residual,0.93625,9302864182.33602,9.927997703914748,0.0,5
0.1,10,100,45,Empirical_copula,Gaussian,absolute_residual,0.848125,20698025.17946027,12.085052067404071,0.0009996891021728516,5
0.1,10,100,46,TSCP_R,Gaussian,absolute_residual,0.940625,97336748.71880364,14.624917097529295,0.0039997100830078125,5
0.1,10,100,46,Point_CHR,Gaussian,absolute_residual,0.94125,88144730.72975469,14.124736245076864,0.0,5
0.1,10,100,46,Unscaled,Gaussian,absolute_residual,0.9575,15716229927.57607,10.462484735787031,0.0,5
0.1,10,100,46,Empirical_copula,Gaussian,absolute_residual,0.868125,32197652.97639657,11.46293724806452,0.001001119613647461,5
0.1,10,100,47,TSCP_R,Gaussian,absolute_residual,0.8475,23327183.39073857,12.497177563940186,0.0040073394775390625,5
0.1,10,100,47,Point_CHR,Gaussian,absolute_residual,0.9175,86686896.98597097,12.948059530264569,0.0,5
0.1,10,100,47,Unscaled,Gaussian,absolute_residual,0.93125,8110847141.752323,9.79279406387068,0.0,5
0.1,10,100,47,Empirical_copula,Gaussian,absolute_residual,0.789375,12692259.38513099,10.997987413971149,0.0019960403442382812,5
0.1,10,100,48,TSCP_R,Gaussian,absolute_residual,0.92,56507487.1869244,12.781637310661559,0.003999233245849609,5
0.1,10,100,48,Point_CHR,Gaussian,absolute_residual,0.904375,63000232.28298079,14.027566610451007,0.0,5
0.1,10,100,48,Unscaled,Gaussian,absolute_residual,0.864375,1920773621.8356316,8.479058239613202,0.0,5
0.1,10,100,48,Empirical_copula,Gaussian,absolute_residual,0.78875,16647594.984760862,12.766374968953121,0.0020132064819335938,5
0.1,10,100,49,TSCP_R,Gaussian,absolute_residual,0.943125,90212475.84519063,14.725336102137952,0.004010915756225586,5
0.1,10,100,49,Point_CHR,Gaussian,absolute_residual,0.93875,97537468.49461856,14.434860729947797,0.0009963512420654297,5
0.1,10,100,49,Unscaled,Gaussian,absolute_residual,0.933125,10963160070.400383,10.092379563938366,0.0,5
0.1,10,100,49,Empirical_copula,Gaussian,absolute_residual,0.8625,31143410.38101671,13.37133489352707,0.0010018348693847656,5
0.1,10,100,50,TSCP_R,Gaussian,absolute_residual,0.9125,42657783.98207922,12.261126320889964,0.003010272979736328,5
0.1,10,100,50,Point_CHR,Gaussian,absolute_residual,0.948125,88929903.50221922,13.11757204709529,0.0,5
0.1,10,100,50,Unscaled,Gaussian,absolute_residual,0.905,3315284985.619658,8.954721566760053,0.0,5
0.1,10,100,50,Empirical_copula,Gaussian,absolute_residual,0.824375,16784016.91641315,11.762801251893254,0.0009927749633789062,5
0.1,10,100,51,TSCP_R,Gaussian,absolute_residual,0.8875,36301452.3393893,12.475961682174558,0.0030012130737304688,5
0.1,10,100,51,Point_CHR,Gaussian,absolute_residual,0.870625,29230419.550001737,13.405501749832501,0.0009996891021728516,5
0.1,10,100,51,Unscaled,Gaussian,absolute_residual,0.870625,2616516311.933228,8.745252326018374,0.0,5
0.1,10,100,51,Empirical_copula,Gaussian,absolute_residual,0.779375,11447115.806749696,11.648809111171804,0.0010094642639160156,5
0.1,10,100,52,TSCP_R,Gaussian,absolute_residual,0.891875,41638161.14867586,12.427379645381283,0.0030012130737304688,5
0.1,10,100,52,Point_CHR,Gaussian,absolute_residual,0.885,62673533.333703294,12.974477992200896,0.0009992122650146484,5
0.1,10,100,52,Unscaled,Gaussian,absolute_residual,0.878125,3033448676.2035213,8.875517101483418,0.0,5
0.1,10,100,52,Empirical_copula,Gaussian,absolute_residual,0.8225,18231837.456859965,11.910602633101067,0.001001119613647461,5
0.1,10,100,53,TSCP_R,Gaussian,absolute_residual,0.92125,55254429.011401854,12.559704660634866,0.00400996208190918,5
0.1,10,100,53,Point_CHR,Gaussian,absolute_residual,0.905625,58208013.1564435,12.494591925970571,0.0,5
0.1,10,100,53,Unscaled,Gaussian,absolute_residual,0.896875,4565718044.849622,9.245936550900504,0.0,5
0.1,10,100,53,Empirical_copula,Gaussian,absolute_residual,0.87,27796343.60550937,12.558363698278889,0.0019996166229248047,5
0.1,10,100,54,TSCP_R,Gaussian,absolute_residual,0.96375,136789489.4692014,15.931994238786045,0.004002094268798828,5
0.1,10,100,54,Point_CHR,Gaussian,absolute_residual,0.963125,195033524.68945545,14.513292442536862,0.0,5
0.1,10,100,54,Unscaled,Gaussian,absolute_residual,0.92375,6637047732.793726,9.598370152708709,0.0,5
0.1,10,100,54,Empirical_copula,Gaussian,absolute_residual,0.881875,39204815.73440338,16.228254132404857,0.0009932518005371094,5
0.1,10,100,55,TSCP_R,Gaussian,absolute_residual,0.848125,29059012.684594844,10.826818501343464,0.004001617431640625,5
0.1,10,100,55,Point_CHR,Gaussian,absolute_residual,0.863125,41137033.67811315,11.414431626232155,0.001001119613647461,5
0.1,10,100,55,Unscaled,Gaussian,absolute_residual,0.845625,1821642122.113779,8.434246818627269,0.0,5
0.1,10,100,55,Empirical_copula,Gaussian,absolute_residual,0.765,11752944.37595791,10.024781175793727,0.0009996891021728516,5
0.1,10,100,56,TSCP_R,Gaussian,absolute_residual,0.90125,47272922.16765586,12.322924965649174,0.00400853157043457,5
0.1,10,100,56,Point_CHR,Gaussian,absolute_residual,0.93875,144998496.07312733,15.366014211834056,0.0,5
0.1,10,100,56,Unscaled,Gaussian,absolute_residual,0.881875,3398861791.915203,8.977043931473819,0.0,5
0.1,10,100,56,Empirical_copula,Gaussian,absolute_residual,0.84875,25582709.66971808,11.004430670164455,0.001990795135498047,5
0.1,10,100,57,TSCP_R,Gaussian,absolute_residual,0.894375,42972907.386702165,13.24503031727375,0.004006385803222656,5
0.1,10,100,57,Point_CHR,Gaussian,absolute_residual,0.93875,92539340.07336572,12.495919092039825,0.0,5
0.1,10,100,57,Unscaled,Gaussian,absolute_residual,0.915,4164678132.7558866,9.161321923377656,0.0,5
0.1,10,100,57,Empirical_copula,Gaussian,absolute_residual,0.79625,18222815.60327805,12.067695346364063,0.001009225845336914,5
0.1,10,100,58,TSCP_R,Gaussian,absolute_residual,0.84125,26310335.98148878,11.900200603829482,0.004010915756225586,5
0.1,10,100,58,Point_CHR,Gaussian,absolute_residual,0.88125,60183568.9628309,14.35904747336814,0.0,5
0.1,10,100,58,Unscaled,Gaussian,absolute_residual,0.933125,8212866066.204438,9.805042355291326,0.0,5
0.1,10,100,58,Empirical_copula,Gaussian,absolute_residual,0.794375,17155151.85151424,11.189903589869953,0.00099945068359375,5
0.1,10,100,59,TSCP_R,Gaussian,absolute_residual,0.90625,51551731.76893138,12.69468691122769,0.003998279571533203,5
0.1,10,100,59,Point_CHR,Gaussian,absolute_residual,0.89125,59661503.744670644,15.727376914481068,0.0009996891021728516,5
0.1,10,100,59,Unscaled,Gaussian,absolute_residual,0.89625,3762460687.842879,9.068745141009813,0.0,5
0.1,10,100,59,Empirical_copula,Gaussian,absolute_residual,0.815,20157585.179314863,11.366680215511963,0.0009999275207519531,5
0.1,10,100,60,TSCP_R,Gaussian,absolute_residual,0.9125,49320895.37654014,12.815456667809041,0.003999471664428711,5
0.1,10,100,60,Point_CHR,Gaussian,absolute_residual,0.905,68017450.49604289,15.660031197568514,0.0,5
0.1,10,100,60,Unscaled,Gaussian,absolute_residual,0.889375,3573650436.096259,9.022174172804485,0.0,5
0.1,10,100,60,Empirical_copula,Gaussian,absolute_residual,0.8675,26163008.52722533,12.204428322284388,0.001001119613647461,5
0.1,10,100,61,TSCP_R,Gaussian,absolute_residual,0.893125,41758518.14924333,11.625542728538901,0.004004240036010742,5
0.1,10,100,61,Point_CHR,Gaussian,absolute_residual,0.91625,62032218.26042419,12.965446052857217,0.0009996891021728516,5
0.1,10,100,61,Unscaled,Gaussian,absolute_residual,0.894375,2896853667.3725553,8.834717271236935,0.0,5
0.1,10,100,61,Empirical_copula,Gaussian,absolute_residual,0.81375,19671342.532799657,10.384171332889885,0.0010061264038085938,5
0.1,10,100,62,TSCP_R,Gaussian,absolute_residual,0.94375,85460919.34223379,13.414269592105086,0.003007173538208008,5
0.1,10,100,62,Point_CHR,Gaussian,absolute_residual,0.923125,54590448.01503133,12.958316173940664,0.0009942054748535156,5
0.1,10,100,62,Unscaled,Gaussian,absolute_residual,0.91125,5953205079.3013735,9.494565269624168,0.0,5
0.1,10,100,62,Empirical_copula,Gaussian,absolute_residual,0.879375,36595258.51231442,12.930050708175521,0.0009982585906982422,5
0.1,10,100,63,TSCP_R,Gaussian,absolute_residual,0.880625,30727074.37113199,13.87534090672729,0.0040950775146484375,5
0.1,10,100,63,Point_CHR,Gaussian,absolute_residual,0.904375,54086848.66258126,15.715242098433698,0.0,5
0.1,10,100,63,Unscaled,Gaussian,absolute_residual,0.93125,9955375608.640783,9.995528574442769,0.0,5
0.1,10,100,63,Empirical_copula,Gaussian,absolute_residual,0.811875,13865520.057228662,12.456386921006217,0.0020034313201904297,5
0.1,10,100,64,TSCP_R,Gaussian,absolute_residual,0.915,55834379.339119844,12.391799956881929,0.0029997825622558594,5
0.1,10,100,64,Point_CHR,Gaussian,absolute_residual,0.87375,43641485.8045261,13.589087169413947,0.0010068416595458984,5
0.1,10,100,64,Unscaled,Gaussian,absolute_residual,0.90375,4891377059.228096,9.309859229305788,0.0,5
0.1,10,100,64,Empirical_copula,Gaussian,absolute_residual,0.82875,22159125.8686937,12.826202630045827,0.000993967056274414,5
0.1,10,100,65,TSCP_R,Gaussian,absolute_residual,0.886875,40066446.825373314,13.018781077003313,0.004000425338745117,5
0.1,10,100,65,Point_CHR,Gaussian,absolute_residual,0.9325,103917427.2555392,16.403943106823753,0.0,5
0.1,10,100,65,Unscaled,Gaussian,absolute_residual,0.939375,8666794429.625528,9.857932714686363,0.0,5
0.1,10,100,65,Empirical_copula,Gaussian,absolute_residual,0.820625,19710950.505427253,11.76935820625683,0.0009996891021728516,5
0.1,10,100,66,TSCP_R,Gaussian,absolute_residual,0.85375,22514543.34424264,12.082307748720616,0.004006624221801758,5
0.1,10,100,66,Point_CHR,Gaussian,absolute_residual,0.88,37314078.45859536,14.941855749943569,0.0,5
0.1,10,100,66,Unscaled,Gaussian,absolute_residual,0.91375,4891501055.930112,9.30988282958559,0.0,5
0.1,10,100,66,Empirical_copula,Gaussian,absolute_residual,0.78125,11266728.199721247,11.568933569461244,0.0009927749633789062,5
0.1,10,100,67,TSCP_R,Gaussian,absolute_residual,0.964375,187268943.00699246,13.448713496664853,0.0039997100830078125,5
0.1,10,100,67,Point_CHR,Gaussian,absolute_residual,0.961875,187170125.3167116,12.603525562650137,0.0,5
0.1,10,100,67,Unscaled,Gaussian,absolute_residual,0.9075,4896380809.97963,9.3108111654158,0.0,5
0.1,10,100,67,Empirical_copula,Gaussian,absolute_residual,0.9,46094020.60732498,12.549480643955796,0.0010006427764892578,5
0.1,10,100,68,TSCP_R,Gaussian,absolute_residual,0.868125,26897210.560047448,11.643586851179622,0.004001140594482422,5
0.1,10,100,68,Point_CHR,Gaussian,absolute_residual,0.825625,18105657.788270444,11.342058936389163,0.0,5
0.1,10,100,68,Unscaled,Gaussian,absolute_residual,0.9125,4548654879.591259,9.242475301352277,0.0,5
0.1,10,100,68,Empirical_copula,Gaussian,absolute_residual,0.79,15211830.309315769,10.650920792347607,0.0010066032409667969,5
0.1,10,100,69,TSCP_R,Gaussian,absolute_residual,0.926875,79028625.43352742,13.397164741806307,0.004009723663330078,5
0.1,10,100,69,Point_CHR,Gaussian,absolute_residual,0.9025,51481708.58302654,13.630731208183263,0.0,5
0.1,10,100,69,Unscaled,Gaussian,absolute_residual,0.904375,3751443601.891975,9.066086162012903,0.0,5
0.1,10,100,69,Empirical_copula,Gaussian,absolute_residual,0.86,30370676.886326116,11.691510016353023,0.001009225845336914,5
0.1,10,100,70,TSCP_R,Gaussian,absolute_residual,0.909375,60637085.99893122,12.170809878564647,0.004017829895019531,5
0.1,10,100,70,Point_CHR,Gaussian,absolute_residual,0.858125,34153824.54045345,10.381058157098852,0.0,5
0.1,10,100,70,Unscaled,Gaussian,absolute_residual,0.865,2785787493.279131,8.800245715193432,0.0,5
0.1,10,100,70,Empirical_copula,Gaussian,absolute_residual,0.813125,23493214.771594945,10.379460321372934,0.0009908676147460938,5
0.1,10,100,71,TSCP_R,Gaussian,absolute_residual,0.954375,106614051.49570517,13.487367565450525,0.003999948501586914,5
0.1,10,100,71,Point_CHR,Gaussian,absolute_residual,0.9175,52254708.89192677,13.279431308190542,0.0,5
0.1,10,100,71,Unscaled,Gaussian,absolute_residual,0.919375,6704856441.165864,9.608131721740964,0.0,5
0.1,10,100,71,Empirical_copula,Gaussian,absolute_residual,0.90875,48004073.064463735,11.957981517957993,0.002000093460083008,5
0.1,10,100,72,TSCP_R,Gaussian,absolute_residual,0.889375,40721498.995180845,12.923837428737075,0.0030062198638916016,5
0.1,10,100,72,Point_CHR,Gaussian,absolute_residual,0.84,37607716.36758865,13.875665408175713,0.0009999275207519531,5
0.1,10,100,72,Unscaled,Gaussian,absolute_residual,0.901875,5964595643.872346,9.496380349961361,0.0,5
0.1,10,100,72,Empirical_copula,Gaussian,absolute_residual,0.813125,18038664.027788986,11.872505394385138,0.0009930133819580078,5
0.1,10,100,73,TSCP_R,Gaussian,absolute_residual,0.87625,30207909.060303975,12.560261815049817,0.003999948501586914,5
0.1,10,100,73,Point_CHR,Gaussian,absolute_residual,0.918125,60135508.163182385,13.131012150350053,0.0,5
0.1,10,100,73,Unscaled,Gaussian,absolute_residual,0.895,4256199581.321033,9.181258146153192,0.0,5
0.1,10,100,73,Empirical_copula,Gaussian,absolute_residual,0.7875,13824617.56833633,11.915406405789497,0.0009989738464355469,5
0.1,10,100,74,TSCP_R,Gaussian,absolute_residual,0.911875,51474864.782602146,13.600459104274556,0.005000114440917969,5
0.1,10,100,74,Point_CHR,Gaussian,absolute_residual,0.8925,39788770.88737011,11.777451734969997,0.0,5
0.1,10,100,74,Unscaled,Gaussian,absolute_residual,0.89,3632277287.7205014,9.036867185371829,0.0,5
0.1,10,100,74,Empirical_copula,Gaussian,absolute_residual,0.84125,22120577.970375184,12.669802607121486,0.0010023117065429688,5
0.1,10,100,75,TSCP_R,Gaussian,absolute_residual,0.9475,108964667.44774479,15.07076338853281,0.004005908966064453,5
0.1,10,100,75,Point_CHR,Gaussian,absolute_residual,0.973125,363837999.7422498,18.730112769577524,0.0,5
0.1,10,100,75,Unscaled,Gaussian,absolute_residual,0.906875,5937896217.183211,9.492120881067578,0.0,5
0.1,10,100,75,Empirical_copula,Gaussian,absolute_residual,0.844375,32734671.913016174,13.234418134496625,0.0009932518005371094,5
0.1,10,100,76,TSCP_R,Gaussian,absolute_residual,0.95625,115271841.39412956,14.171974106370945,0.003999471664428711,5
0.1,10,100,76,Point_CHR,Gaussian,absolute_residual,0.9475,139807616.02642265,13.46541340339886,0.0,5
0.1,10,100,76,Unscaled,Gaussian,absolute_residual,0.925625,6789806950.011788,9.620236366132008,0.0,5
0.1,10,100,76,Empirical_copula,Gaussian,absolute_residual,0.85875,30490369.05124033,13.58212255392768,0.0010023117065429688,5
0.1,10,100,77,TSCP_R,Gaussian,absolute_residual,0.835,20176211.858780477,11.897695494223905,0.004007101058959961,5
0.1,10,100,77,Point_CHR,Gaussian,absolute_residual,0.81,21895344.057915404,10.834732322711853,0.0,5
0.1,10,100,77,Unscaled,Gaussian,absolute_residual,0.868125,2688280151.8159065,8.768947148826348,0.0,5
0.1,10,100,77,Empirical_copula,Gaussian,absolute_residual,0.769375,11277779.631431144,11.522447062599689,0.0010075569152832031,5
0.1,10,100,78,TSCP_R,Gaussian,absolute_residual,0.906875,47105723.11334123,13.396090852645019,0.004005908966064453,5
0.1,10,100,78,Point_CHR,Gaussian,absolute_residual,0.904375,55683587.23461678,12.098135463621519,0.0,5
0.1,10,100,78,Unscaled,Gaussian,absolute_residual,0.905,4114005715.123961,9.150113666115281,0.0,5
0.1,10,100,78,Empirical_copula,Gaussian,absolute_residual,0.835625,20773696.25383964,13.195825661546317,0.001993894577026367,5
0.1,10,100,79,TSCP_R,Gaussian,absolute_residual,0.90875,55376696.50842427,14.186930927401901,0.003999948501586914,5
0.1,10,100,79,Point_CHR,Gaussian,absolute_residual,0.931875,95230548.70994893,14.077518570448014,0.0,5
0.1,10,100,79,Unscaled,Gaussian,absolute_residual,0.890625,3390062592.740029,8.974717182784214,0.0,5
0.1,10,100,79,Empirical_copula,Gaussian,absolute_residual,0.79625,20825008.861122318,15.197793876038586,0.0009999275207519531,5
0.1,10,100,80,TSCP_R,Gaussian,absolute_residual,0.909375,60398331.92388275,13.348925062691283,0.004004716873168945,5
0.1,10,100,80,Point_CHR,Gaussian,absolute_residual,0.880625,45028255.49870854,14.474018228793089,0.0,5
0.1,10,100,80,Unscaled,Gaussian,absolute_residual,0.905,5025520505.368385,9.335081307035544,0.0,5
0.1,10,100,80,Empirical_copula,Gaussian,absolute_residual,0.800625,19753070.66234187,13.102047492301383,0.0019960403442382812,5
0.1,10,100,81,TSCP_R,Gaussian,absolute_residual,0.941875,91706946.85942481,13.581092488486505,0.003999948501586914,5
0.1,10,100,81,Point_CHR,Gaussian,absolute_residual,0.8525,29209685.08716009,13.030523149111817,0.0,5
0.1,10,100,81,Unscaled,Gaussian,absolute_residual,0.874375,2486856158.4978857,8.700917816746744,0.0,5
0.1,10,100,81,Empirical_copula,Gaussian,absolute_residual,0.8475,28935918.370548468,11.677710790799276,0.0010023117065429688,5
0.1,10,100,82,TSCP_R,Gaussian,absolute_residual,0.854375,26713946.016037643,12.467349547448565,0.0040111541748046875,5
0.1,10,100,82,Point_CHR,Gaussian,absolute_residual,0.884375,54765247.96221039,14.504763464727752,0.0,5
0.1,10,100,82,Unscaled,Gaussian,absolute_residual,0.9425,8645160242.476019,9.85546919364495,0.0,5
0.1,10,100,82,Empirical_copula,Gaussian,absolute_residual,0.755,10673035.811213871,11.448893183168595,0.0009992122650146484,5
0.1,10,100,83,TSCP_R,Gaussian,absolute_residual,0.8875,47719220.003049254,12.851860502590526,0.003027677536010742,5
0.1,10,100,83,Point_CHR,Gaussian,absolute_residual,0.88625,52770840.91182207,15.339912932298649,0.0009992122650146484,5
0.1,10,100,83,Unscaled,Gaussian,absolute_residual,0.921875,11381798946.638685,10.130271639809672,0.0,5
0.1,10,100,83,Empirical_copula,Gaussian,absolute_residual,0.82,22431094.998011198,12.568725297938844,0.0009963512420654297,5
0.1,10,100,84,TSCP_R,Gaussian,absolute_residual,0.933125,83547119.56822436,14.072181081995836,0.0040056705474853516,5
0.1,10,100,84,Point_CHR,Gaussian,absolute_residual,0.82875,39292981.16887138,12.24863979976428,0.0009953975677490234,5
0.1,10,100,84,Unscaled,Gaussian,absolute_residual,0.881875,3777381464.7646117,9.072335128122845,0.0,5
0.1,10,100,84,Empirical_copula,Gaussian,absolute_residual,0.793125,22976760.64885855,11.61475470839402,0.0010077953338623047,5
0.1,10,100,85,TSCP_R,Gaussian,absolute_residual,0.86625,26993266.427104082,11.592152848199966,0.004006624221801758,5
0.1,10,100,85,Point_CHR,Gaussian,absolute_residual,0.83375,23723835.913951483,10.606036038627966,0.0,5
0.1,10,100,85,Unscaled,Gaussian,absolute_residual,0.866875,2339704673.1618524,8.648008429150515,0.0,5
0.1,10,100,85,Empirical_copula,Gaussian,absolute_residual,0.78125,11477870.971298626,10.625378942430583,0.0009932518005371094,5
0.1,10,100,86,TSCP_R,Gaussian,absolute_residual,0.8875,41771502.36936858,13.309454693255887,0.004006624221801758,5
0.1,10,100,86,Point_CHR,Gaussian,absolute_residual,0.91375,94567575.48840304,17.58235638023639,0.00099945068359375,5
0.1,10,100,86,Unscaled,Gaussian,absolute_residual,0.939375,12643335955.956636,10.237317384713222,0.0,5
0.1,10,100,86,Empirical_copula,Gaussian,absolute_residual,0.8075,19675077.23806266,12.796730280454963,0.0009965896606445312,5
0.1,10,100,87,TSCP_R,Gaussian,absolute_residual,0.906875,47366571.96788342,12.990099669268076,0.00299835205078125,5
0.1,10,100,87,Point_CHR,Gaussian,absolute_residual,0.899375,54799191.98411791,13.99700834614633,0.0,5
0.1,10,100,87,Unscaled,Gaussian,absolute_residual,0.894375,4607168864.088297,9.254296568788751,0.0,5
0.1,10,100,87,Empirical_copula,Gaussian,absolute_residual,0.83875,22394244.297638875,12.603303461202966,0.0010020732879638672,5
0.1,10,100,88,TSCP_R,Gaussian,absolute_residual,0.965625,140619498.88704994,13.951297124220265,0.0029990673065185547,5
0.1,10,100,88,Point_CHR,Gaussian,absolute_residual,0.965,170772051.63945025,14.112031575691793,0.0010004043579101562,5
0.1,10,100,88,Unscaled,Gaussian,absolute_residual,0.90875,5259125282.748329,9.37759239140441,0.0,5
0.1,10,100,88,Empirical_copula,Gaussian,absolute_residual,0.87125,33922763.27772598,11.701023980241171,0.001001596450805664,5
0.1,10,100,89,TSCP_R,Gaussian,absolute_residual,0.930625,65683129.8213515,12.83770609524019,0.003998756408691406,5
0.1,10,100,89,Point_CHR,Gaussian,absolute_residual,0.946875,109207871.51962304,13.886440986129077,0.0,5
0.1,10,100,89,Unscaled,Gaussian,absolute_residual,0.895,3822287087.2318783,9.083063080874265,0.0,5
0.1,10,100,89,Empirical_copula,Gaussian,absolute_residual,0.85,26418803.82443574,11.003223647859757,0.0009999275207519531,5
0.1,10,100,90,TSCP_R,Gaussian,absolute_residual,0.895625,42060408.92767055,12.306157334772536,0.00400090217590332,5
0.1,10,100,90,Point_CHR,Gaussian,absolute_residual,0.869375,39281149.77072018,12.70700585830918,0.0,5
0.1,10,100,90,Unscaled,Gaussian,absolute_residual,0.91125,6363782663.487704,9.55809920715469,0.0,5
0.1,10,100,90,Empirical_copula,Gaussian,absolute_residual,0.81375,19006604.351415552,11.638670091726581,0.0010061264038085938,5
0.1,10,100,91,TSCP_R,Gaussian,absolute_residual,0.91625,58186368.79459012,13.454768759237487,0.004383563995361328,5
0.1,10,100,91,Point_CHR,Gaussian,absolute_residual,0.88,32787806.821993142,11.502521360118656,0.0,5
0.1,10,100,91,Unscaled,Gaussian,absolute_residual,0.921875,7063864903.752397,9.658378891681064,0.0,5
0.1,10,100,91,Empirical_copula,Gaussian,absolute_residual,0.84125,23224769.055645507,11.709104484305968,0.0020003318786621094,5
0.1,10,100,92,TSCP_R,Gaussian,absolute_residual,0.9225,71175539.75145808,13.740512060570627,0.00299835205078125,5
0.1,10,100,92,Point_CHR,Gaussian,absolute_residual,0.921875,65565746.49166936,12.97446619815964,0.0,5
0.1,10,100,92,Unscaled,Gaussian,absolute_residual,0.943125,10794472457.334824,10.076742069959018,0.0,5
0.1,10,100,92,Empirical_copula,Gaussian,absolute_residual,0.845,29160305.413594652,12.480965217721145,0.0010008811950683594,5
0.1,10,100,93,TSCP_R,Gaussian,absolute_residual,0.948125,102197860.00877826,12.902867588644417,0.004011631011962891,5
0.1,10,100,93,Point_CHR,Gaussian,absolute_residual,0.9825,308357300.8544967,14.259159457719946,0.0,5
0.1,10,100,93,Unscaled,Gaussian,absolute_residual,0.910625,4781495187.87642,9.288730707707389,0.0,5
0.1,10,100,93,Empirical_copula,Gaussian,absolute_residual,0.87625,33114254.599144734,11.668787925901498,0.000997304916381836,5
0.1,10,100,94,TSCP_R,Gaussian,absolute_residual,0.856875,26540275.74406288,12.1369276958562,0.0030074119567871094,5
0.1,10,100,94,Point_CHR,Gaussian,absolute_residual,0.9075,55373661.56481051,15.050365072175703,0.0009961128234863281,5
0.1,10,100,94,Unscaled,Gaussian,absolute_residual,0.92125,8591297133.882164,9.849311523650847,0.0,5
0.1,10,100,94,Empirical_copula,Gaussian,absolute_residual,0.75125,12121158.428007748,12.168536456350918,0.002000093460083008,5
0.1,10,100,95,TSCP_R,Gaussian,absolute_residual,0.93375,66745035.28311751,13.24838258750704,0.003998279571533203,5
0.1,10,100,95,Point_CHR,Gaussian,absolute_residual,0.8825,34455092.35313082,14.150764762926611,0.0,5
0.1,10,100,95,Unscaled,Gaussian,absolute_residual,0.89125,3447916315.775701,8.989916783777124,0.0,5
0.1,10,100,95,Empirical_copula,Gaussian,absolute_residual,0.833125,19727334.28852113,11.670332320726398,0.0019981861114501953,5
0.1,10,100,96,TSCP_R,Gaussian,absolute_residual,0.86625,34643404.160330474,12.143504631755224,0.004000425338745117,5
0.1,10,100,96,Point_CHR,Gaussian,absolute_residual,0.878125,53232252.72153876,12.73951731443421,0.001001119613647461,5
0.1,10,100,96,Unscaled,Gaussian,absolute_residual,0.906875,5048156736.830082,9.339277568282569,0.0,5
0.1,10,100,96,Empirical_copula,Gaussian,absolute_residual,0.7975,14920105.40680189,11.276285626273824,0.0010008811950683594,5
0.1,10,100,97,TSCP_R,Gaussian,absolute_residual,0.95125,93088598.90332526,12.42944944817622,0.002995729446411133,5
0.1,10,100,97,Point_CHR,Gaussian,absolute_residual,0.896875,55348299.5919795,13.527872091933972,0.0,5
0.1,10,100,97,Unscaled,Gaussian,absolute_residual,0.92625,6469383134.19143,9.573842689688615,0.0,5
0.1,10,100,97,Empirical_copula,Gaussian,absolute_residual,0.81125,21743563.765690725,10.021750293473723,0.0010089874267578125,5
0.1,10,100,98,TSCP_R,Gaussian,absolute_residual,0.858125,29624119.774929617,10.978128256492198,0.003999471664428711,5
0.1,10,100,98,Point_CHR,Gaussian,absolute_residual,0.83,24194165.174217846,11.600870034325723,0.001007080078125,5
0.1,10,100,98,Unscaled,Gaussian,absolute_residual,0.79125,813106403.5828191,7.780629547873787,0.0,5
0.1,10,100,98,Empirical_copula,Gaussian,absolute_residual,0.775625,14851377.930890808,11.79320733348598,0.0009996891021728516,5
0.1,10,100,99,TSCP_R,Gaussian,absolute_residual,0.9025,46402054.038832605,13.560806334976716,0.004007101058959961,5
0.1,10,100,99,Point_CHR,Gaussian,absolute_residual,0.893125,39439079.63832249,13.239018423868098,0.0009996891021728516,5
0.1,10,100,99,Unscaled,Gaussian,absolute_residual,0.875625,2417126135.279232,8.676207527517615,0.0,5
0.1,10,100,99,Empirical_copula,Gaussian,absolute_residual,0.805625,21553876.75017493,13.209290942931982,0.0009942054748535156,5
0.1,10,100,100,TSCP_R,Gaussian,absolute_residual,0.92625,63153062.77298009,14.12360059164867,0.003988027572631836,5
0.1,10,100,100,Point_CHR,Gaussian,absolute_residual,0.9275,73969944.53335042,13.441990797841477,0.0,5
0.1,10,100,100,Unscaled,Gaussian,absolute_residual,0.903125,2900303771.77704,8.835768907835758,0.0,5
0.1,10,100,100,Empirical_copula,Gaussian,absolute_residual,0.838125,22625282.587650985,13.473756628840814,0.0010030269622802734,5
0.1,10,100,101,TSCP_R,Gaussian,absolute_residual,0.92,69642398.52869932,15.05484941128115,0.004006147384643555,5
0.1,10,100,101,Point_CHR,Gaussian,absolute_residual,0.9525,154869485.63172722,14.50390855156353,0.0,5
0.1,10,100,101,Unscaled,Gaussian,absolute_residual,0.92375,11077210688.19455,10.102829916592476,0.0,5
0.1,10,100,101,Empirical_copula,Gaussian,absolute_residual,0.835625,25922044.505777337,13.613393213501457,0.0019998550415039062,5
0.1,10,100,102,TSCP_R,Gaussian,absolute_residual,0.943125,102975600.0593663,13.748569419055165,0.004006862640380859,5
0.1,10,100,102,Point_CHR,Gaussian,absolute_residual,0.935625,95401037.36958717,13.010426361484345,0.0,5
0.1,10,100,102,Unscaled,Gaussian,absolute_residual,0.8875,2774869594.4428096,8.796790675536922,0.0,5
0.1,10,100,102,Empirical_copula,Gaussian,absolute_residual,0.86125,38752743.714911364,14.07029794022728,0.0009930133819580078,5
0.1,10,100,103,TSCP_R,Gaussian,absolute_residual,0.893125,46385678.47185144,14.37338068848204,0.00400996208190918,5
0.1,10,100,103,Point_CHR,Gaussian,absolute_residual,0.87625,36045652.91137315,13.611387042439263,0.0,5
0.1,10,100,103,Unscaled,Gaussian,absolute_residual,0.910625,5879167051.592139,9.482690586056094,0.0,5
0.1,10,100,103,Empirical_copula,Gaussian,absolute_residual,0.818125,22344833.844303794,13.574574477344457,0.0009992122650146484,5
0.1,10,100,104,TSCP_R,Gaussian,absolute_residual,0.896875,43588466.88051007,13.28616785535704,0.0030045509338378906,5
0.1,10,100,104,Point_CHR,Gaussian,absolute_residual,0.889375,44382640.10411217,14.155039527248952,0.0,5
0.1,10,100,104,Unscaled,Gaussian,absolute_residual,0.92375,7349147872.8154125,9.696694175556281,0.0,5
0.1,10,100,104,Empirical_copula,Gaussian,absolute_residual,0.816875,17844040.608233552,13.045246347837839,0.0009996891021728516,5
0.1,10,100,105,TSCP_R,Gaussian,absolute_residual,0.879375,32474500.68312067,13.003837000089,0.005005598068237305,5
0.1,10,100,105,Point_CHR,Gaussian,absolute_residual,0.828125,20400897.508827776,12.424262975099271,0.0,5
0.1,10,100,105,Unscaled,Gaussian,absolute_residual,0.8975,4256362199.9166617,9.181293224809808,0.0,5
0.1,10,100,105,Empirical_copula,Gaussian,absolute_residual,0.83,27141306.00905463,12.424262975099271,0.0009927749633789062,5
0.1,10,100,106,TSCP_R,Gaussian,absolute_residual,0.868125,26805605.14728303,13.440190255695711,0.004008054733276367,5
0.1,10,100,106,Point_CHR,Gaussian,absolute_residual,0.871875,41061072.225049876,13.276347782769376,0.0,5
0.1,10,100,106,Unscaled,Gaussian,absolute_residual,0.863125,2455821898.1461864,8.689998205330399,0.0,5
0.1,10,100,106,Empirical_copula,Gaussian,absolute_residual,0.73625,9935841.48222863,13.690333105907488,0.0009987354278564453,5
0.1,10,100,107,TSCP_R,Gaussian,absolute_residual,0.926875,87436011.72807755,12.705549114194199,0.0030069351196289062,5
0.1,10,100,107,Point_CHR,Gaussian,absolute_residual,0.9575,264545076.11264268,14.869517227991047,0.0009999275207519531,5
0.1,10,100,107,Unscaled,Gaussian,absolute_residual,0.868125,2321480436.8686066,8.641248665514233,0.0,5
0.1,10,100,107,Empirical_copula,Gaussian,absolute_residual,0.838125,26604246.789205827,11.73955386388058,0.0010001659393310547,5
0.1,10,100,108,TSCP_R,Gaussian,absolute_residual,0.898125,55151712.44383821,15.376657817485459,0.0040056705474853516,5
0.1,10,100,108,Point_CHR,Gaussian,absolute_residual,0.8625,38379101.969563715,13.836681492316579,0.0,5
0.1,10,100,108,Unscaled,Gaussian,absolute_residual,0.89125,4447514733.899473,9.221715922974152,0.0,5
0.1,10,100,108,Empirical_copula,Gaussian,absolute_residual,0.738125,15040513.248437637,13.972884607541909,0.0009999275207519531,5
0.1,10,100,109,TSCP_R,Gaussian,absolute_residual,0.83375,21348501.3401916,11.296466548161284,0.004008769989013672,5
0.1,10,100,109,Point_CHR,Gaussian,absolute_residual,0.899375,92605512.32762729,12.73662019960242,0.0,5
0.1,10,100,109,Unscaled,Gaussian,absolute_residual,0.853125,2058461394.7342002,8.53796308310358,0.0,5
0.1,10,100,109,Empirical_copula,Gaussian,absolute_residual,0.753125,11397732.673350938,10.959112823295403,0.0010001659393310547,5
0.1,10,100,110,TSCP_R,Gaussian,absolute_residual,0.928125,70616014.43208581,11.831259287306537,0.002997159957885742,5
0.1,10,100,110,Point_CHR,Gaussian,absolute_residual,0.9325,121084092.12135418,12.760854961580968,0.0009996891021728516,5
0.1,10,100,110,Unscaled,Gaussian,absolute_residual,0.8725,2662251189.1630783,8.760419494954075,0.0,5
0.1,10,100,110,Empirical_copula,Gaussian,absolute_residual,0.8625,31235800.614357293,11.358254440972726,0.0010008811950683594,5
0.1,10,100,111,TSCP_R,Gaussian,absolute_residual,0.918125,58984480.03903251,13.646339417289514,0.003027200698852539,5
0.1,10,100,111,Point_CHR,Gaussian,absolute_residual,0.930625,90717928.75511956,13.439862572453961,0.0,5
0.1,10,100,111,Unscaled,Gaussian,absolute_residual,0.92625,4906641565.503537,9.3127604824471,0.0,5
0.1,10,100,111,Empirical_copula,Gaussian,absolute_residual,0.834375,19294873.46743084,12.091888106558784,0.0009999275207519531,5
0.1,10,100,112,TSCP_R,Gaussian,absolute_residual,0.939375,71187049.23314777,15.043771091218497,0.0030069351196289062,5
0.1,10,100,112,Point_CHR,Gaussian,absolute_residual,0.908125,102009318.25157087,18.078792601892168,0.0,5
0.1,10,100,112,Unscaled,Gaussian,absolute_residual,0.938125,7504617660.338179,9.71701464110333,0.0,5
0.1,10,100,112,Empirical_copula,Gaussian,absolute_residual,0.838125,23644219.93673788,12.474083697545325,0.0010004043579101562,5
0.1,10,100,113,TSCP_R,Gaussian,absolute_residual,0.91875,54955107.846601255,13.134582800970517,0.003999948501586914,5
0.1,10,100,113,Point_CHR,Gaussian,absolute_residual,0.96375,282075273.08401084,16.200210105826958,0.0,5
0.1,10,100,113,Unscaled,Gaussian,absolute_residual,0.93625,9543992291.112265,9.953435534278112,0.0,5
0.1,10,100,113,Empirical_copula,Gaussian,absolute_residual,0.855,36487703.90362446,12.927387729687643,0.0010075569152832031,5
0.1,10,100,114,TSCP_R,Gaussian,absolute_residual,0.90125,45137927.469804354,13.17712374928304,0.002999544143676758,5
0.1,10,100,114,Point_CHR,Gaussian,absolute_residual,0.90375,61783238.67358753,14.135739280370721,0.0009996891021728516,5
0.1,10,100,114,Unscaled,Gaussian,absolute_residual,0.898125,3675936470.6215205,9.047670994416718,0.0,5
0.1,10,100,114,Empirical_copula,Gaussian,absolute_residual,0.805625,17000553.973380033,10.189509452397795,0.0010018348693847656,5
0.1,10,100,115,TSCP_R,Gaussian,absolute_residual,0.90125,46752522.99186773,13.544591254387916,0.004006862640380859,5
0.1,10,100,115,Point_CHR,Gaussian,absolute_residual,0.968125,401801348.0069444,15.168752889307218,0.0,5
0.1,10,100,115,Unscaled,Gaussian,absolute_residual,0.928125,8369462809.403543,9.82357936975045,0.0,5
0.1,10,100,115,Empirical_copula,Gaussian,absolute_residual,0.818125,19182656.687018704,13.539827231807484,0.000993967056274414,5
0.1,10,100,116,TSCP_R,Gaussian,absolute_residual,0.94125,85368545.62866631,13.348391747330965,0.004000663757324219,5
0.1,10,100,116,Point_CHR,Gaussian,absolute_residual,0.949375,121528671.52552693,14.374817624003374,0.001008749008178711,5
0.1,10,100,116,Unscaled,Gaussian,absolute_residual,0.929375,7712753527.8918295,9.743633621086023,0.0,5
0.1,10,100,116,Empirical_copula,Gaussian,absolute_residual,0.885625,38465255.60331656,12.014836329900469,0.0009965896606445312,5
0.1,10,100,117,TSCP_R,Gaussian,absolute_residual,0.94125,90328348.55650379,15.486558566998758,0.004007101058959961,5
0.1,10,100,117,Point_CHR,Gaussian,absolute_residual,0.93,84953864.24354824,12.285342208696733,0.0009996891021728516,5
0.1,10,100,117,Unscaled,Gaussian,absolute_residual,0.925625,9060120654.840715,9.901782856305235,0.0,5
0.1,10,100,117,Empirical_copula,Gaussian,absolute_residual,0.84625,28457690.12453728,14.316148349442381,0.0009999275207519531,5
0.1,10,100,118,TSCP_R,Gaussian,absolute_residual,0.874375,26838654.598306227,12.184474663323844,0.003999948501586914,5
0.1,10,100,118,Point_CHR,Gaussian,absolute_residual,0.935,78024058.68260321,14.814993534034787,0.0010020732879638672,5
0.1,10,100,118,Unscaled,Gaussian,absolute_residual,0.9175,5280535475.663863,9.381403085773098,0.0,5
0.1,10,100,118,Empirical_copula,Gaussian,absolute_residual,0.8075,16505682.517697548,10.726158037440738,0.0009984970092773438,5
0.1,10,100,119,TSCP_R,Gaussian,absolute_residual,0.901875,46498807.50229001,13.3527534754319,0.004002094268798828,5
0.1,10,100,119,Point_CHR,Gaussian,absolute_residual,0.934375,102732084.03282756,15.396149413772653,0.0,5
0.1,10,100,119,Unscaled,Gaussian,absolute_residual,0.94125,12157735217.2467,10.19730168651676,0.0,5
0.1,10,100,119,Empirical_copula,Gaussian,absolute_residual,0.81875,19650201.464648884,11.645334799929074,0.000993490219116211,5
0.1,10,100,120,TSCP_R,Gaussian,absolute_residual,0.89125,38003683.57510162,12.745249513570508,0.0039997100830078125,5
0.1,10,100,120,Point_CHR,Gaussian,absolute_residual,0.924375,78697175.27172159,14.913485063674361,0.0009999275207519531,5
0.1,10,100,120,Unscaled,Gaussian,absolute_residual,0.925625,7712806724.77507,9.743640341504735,0.0,5
0.1,10,100,120,Empirical_copula,Gaussian,absolute_residual,0.81625,17495475.10896891,10.920637016685891,0.0010023117065429688,5
0.1,10,100,121,TSCP_R,Gaussian,absolute_residual,0.926875,80078972.30505435,13.701256213775464,0.003005504608154297,5
0.1,10,100,121,Point_CHR,Gaussian,absolute_residual,0.9175,85481546.70499809,14.026265094879115,0.0009996891021728516,5
0.1,10,100,121,Unscaled,Gaussian,absolute_residual,0.915625,6023941405.41068,9.505786895569894,0.0,5
0.1,10,100,121,Empirical_copula,Gaussian,absolute_residual,0.853125,33120945.16148997,12.658210638446118,0.0009930133819580078,5
0.1,10,100,122,TSCP_R,Gaussian,absolute_residual,0.939375,87117551.12835017,13.826026761438191,0.00400090217590332,5
0.1,10,100,122,Point_CHR,Gaussian,absolute_residual,0.960625,206006301.9561568,14.39480940233535,0.0,5
0.1,10,100,122,Unscaled,Gaussian,absolute_residual,0.93375,9289045269.484081,9.926521965622445,0.0,5
0.1,10,100,122,Empirical_copula,Gaussian,absolute_residual,0.906875,43413336.57784832,12.507243463002794,0.00101470947265625,5
0.1,10,100,123,TSCP_R,Gaussian,absolute_residual,0.828125,19341473.40896411,12.527704422010016,0.0030062198638916016,5
0.1,10,100,123,Point_CHR,Gaussian,absolute_residual,0.801875,17158885.6056395,12.183543720919461,0.0009996891021728516,5
0.1,10,100,123,Unscaled,Gaussian,absolute_residual,0.89625,4816762836.956525,9.295559312828455,0.0,5
0.1,10,100,123,Empirical_copula,Gaussian,absolute_residual,0.750625,9923227.202206533,12.441358440358481,0.0009937286376953125,5
0.1,10,100,124,TSCP_R,Gaussian,absolute_residual,0.855,29036361.66999728,12.989033305999335,0.004001140594482422,5
0.1,10,100,124,Point_CHR,Gaussian,absolute_residual,0.815,31266764.986820236,11.609765220623345,0.0009992122650146484,5
0.1,10,100,124,Unscaled,Gaussian,absolute_residual,0.911875,6333591498.421139,9.553554927574933,0.0,5
0.1,10,100,124,Empirical_copula,Gaussian,absolute_residual,0.813125,17801643.898055095,11.54458041588849,0.0010023117065429688,5
0.1,10,100,125,TSCP_R,Gaussian,absolute_residual,0.9225,58533376.342102416,11.775661068700398,0.004000663757324219,5
0.1,10,100,125,Point_CHR,Gaussian,absolute_residual,0.82875,21657337.646373928,10.214654854529098,0.0,5
0.1,10,100,125,Unscaled,Gaussian,absolute_residual,0.858125,1964377234.0058281,8.498112757183074,0.0,5
0.1,10,100,125,Empirical_copula,Gaussian,absolute_residual,0.7775,15331643.716033075,9.798530302429572,0.0010061264038085938,5
0.1,10,100,126,TSCP_R,Gaussian,absolute_residual,0.9,42663730.21395562,13.165654281857915,0.0040051937103271484,5
0.1,10,100,126,Point_CHR,Gaussian,absolute_residual,0.918125,59254659.313619345,13.520783411153214,0.0009925365447998047,5
0.1,10,100,126,Unscaled,Gaussian,absolute_residual,0.9175,5974014975.709744,9.49787896042705,0.0,5
0.1,10,100,126,Empirical_copula,Gaussian,absolute_residual,0.82875,21304479.00213377,12.278596674480273,0.001012563705444336,5
0.1,10,100,127,TSCP_R,Gaussian,absolute_residual,0.864375,32187296.406690173,13.30200942180763,0.004009723663330078,5
0.1,10,100,127,Point_CHR,Gaussian,absolute_residual,0.93875,82978929.79688223,16.276680027130553,0.0,5
0.1,10,100,127,Unscaled,Gaussian,absolute_residual,0.934375,9371303545.814508,9.935277471104445,0.0,5
0.1,10,100,127,Empirical_copula,Gaussian,absolute_residual,0.79,14702712.151680732,11.114703512894582,0.0009999275207519531,5
0.1,10,100,128,TSCP_R,Gaussian,absolute_residual,0.923125,70617075.44178814,14.875345561702009,0.004026889801025391,5
0.1,10,100,128,Point_CHR,Gaussian,absolute_residual,0.899375,62083175.731126204,14.718467414554354,0.0,5
0.1,10,100,128,Unscaled,Gaussian,absolute_residual,0.93,8586795641.664435,9.848795337844257,0.0,5
0.1,10,100,128,Empirical_copula,Gaussian,absolute_residual,0.815625,22553446.43084,13.906919572176761,0.0019936561584472656,5
0.1,10,100,129,TSCP_R,Gaussian,absolute_residual,0.894375,37958685.39518778,12.877035114425908,0.004002094268798828,5
0.1,10,100,129,Point_CHR,Gaussian,absolute_residual,0.92125,56819151.84370268,12.438962834622899,0.0,5
0.1,10,100,129,Unscaled,Gaussian,absolute_residual,0.915625,5420238864.932955,9.405932170962895,0.0,5
0.1,10,100,129,Empirical_copula,Gaussian,absolute_residual,0.80875,15143670.157543262,12.438962834622899,0.0010104179382324219,5
0.1,10,100,130,TSCP_R,Gaussian,absolute_residual,0.92875,61527230.61845761,15.01240506944471,0.003000974655151367,5
0.1,10,100,130,Point_CHR,Gaussian,absolute_residual,0.914375,62444224.02287856,13.63249468478736,0.000997781753540039,5
0.1,10,100,130,Unscaled,Gaussian,absolute_residual,0.925625,6784237046.382318,9.619446894787966,0.0,5
0.1,10,100,130,Empirical_copula,Gaussian,absolute_residual,0.8,19299429.69197828,13.12686696290886,0.0010004043579101562,5
0.1,10,100,131,TSCP_R,Gaussian,absolute_residual,0.913125,61721931.15478782,13.258872681529345,0.004004716873168945,5
0.1,10,100,131,Point_CHR,Gaussian,absolute_residual,0.915,74929080.39279336,12.218371301915056,0.0,5
0.1,10,100,131,Unscaled,Gaussian,absolute_residual,0.890625,3497939422.1606474,9.00287516912022,0.0,5
0.1,10,100,131,Empirical_copula,Gaussian,absolute_residual,0.834375,26603486.402889982,12.831553514344293,0.0009996891021728516,5
0.1,10,100,132,TSCP_R,Gaussian,absolute_residual,0.871875,43672110.69475449,11.925264176021482,0.003000020980834961,5
0.1,10,100,132,Point_CHR,Gaussian,absolute_residual,0.863125,41594230.11025939,10.996008627914474,0.0010008811950683594,5
0.1,10,100,132,Unscaled,Gaussian,absolute_residual,0.889375,3674824314.6737757,9.047397219518054,0.0,5
0.1,10,100,132,Empirical_copula,Gaussian,absolute_residual,0.76875,14209330.679321133,10.561219896430421,0.0010123252868652344,5
0.1,10,100,133,TSCP_R,Gaussian,absolute_residual,0.940625,117832739.5987531,12.881154474953398,0.0029997825622558594,5
0.1,10,100,133,Point_CHR,Gaussian,absolute_residual,0.94,139014532.74803588,13.316810945080572,0.0,5
0.1,10,100,133,Unscaled,Gaussian,absolute_residual,0.91875,6860134424.647462,9.630154674278291,0.0,5
0.1,10,100,133,Empirical_copula,Gaussian,absolute_residual,0.8825,39057058.30137352,11.605687283929775,0.0009980201721191406,5
0.1,10,100,134,TSCP_R,Gaussian,absolute_residual,0.93875,83268289.23210388,15.262284427048922,0.004010200500488281,5
0.1,10,100,134,Point_CHR,Gaussian,absolute_residual,0.9525,108084615.32048492,16.151504762610106,0.0,5
0.1,10,100,134,Unscaled,Gaussian,absolute_residual,0.925625,11119731683.681652,10.106701307580522,0.0009970664978027344,5
0.1,10,100,134,Empirical_copula,Gaussian,absolute_residual,0.863125,33142701.164164755,16.807860819515767,0.0009999275207519531,5
0.1,10,100,135,TSCP_R,Gaussian,absolute_residual,0.8575,22244248.22099248,11.606599575788824,0.0030066967010498047,5
0.1,10,100,135,Point_CHR,Gaussian,absolute_residual,0.91,56470697.12863373,14.45969549947901,0.0010001659393310547,5
0.1,10,100,135,Unscaled,Gaussian,absolute_residual,0.905,4601952780.354184,9.253248293853705,0.0,5
0.1,10,100,135,Empirical_copula,Gaussian,absolute_residual,0.814375,14616256.647169942,11.085837193441678,0.0009996891021728516,5
0.1,10,100,136,TSCP_R,Gaussian,absolute_residual,0.888125,34808374.95975129,12.914873547582612,0.0040056705474853516,5
0.1,10,100,136,Point_CHR,Gaussian,absolute_residual,0.9225,72885606.02226132,15.561354595720038,0.0,5
0.1,10,100,136,Unscaled,Gaussian,absolute_residual,0.913125,4894061921.765864,9.310370118572584,0.0,5
0.1,10,100,136,Empirical_copula,Gaussian,absolute_residual,0.80875,14144872.254610665,12.572566228187865,0.0009949207305908203,5
0.1,10,100,137,TSCP_R,Gaussian,absolute_residual,0.90875,54013048.31114534,12.513081907308798,0.004008054733276367,5
0.1,10,100,137,Point_CHR,Gaussian,absolute_residual,0.90625,65513626.99335113,11.45485399666734,0.0,5
0.1,10,100,137,Unscaled,Gaussian,absolute_residual,0.913125,5736392976.313008,9.459406515031441,0.0,5
0.1,10,100,137,Empirical_copula,Gaussian,absolute_residual,0.82,18211909.514502022,12.411520062843724,0.0009996891021728516,5
0.1,10,100,138,TSCP_R,Gaussian,absolute_residual,0.89,33929604.08099993,13.015739161758582,0.002996683120727539,5
0.1,10,100,138,Point_CHR,Gaussian,absolute_residual,0.89875,53267208.64250943,14.758389351790932,0.0010004043579101562,5
0.1,10,100,138,Unscaled,Gaussian,absolute_residual,0.923125,8414322883.605384,9.828832122212335,0.0,5
0.1,10,100,138,Empirical_copula,Gaussian,absolute_residual,0.761875,10914881.923058806,13.28983936589654,0.0009999275207519531,5
0.1,10,100,139,TSCP_R,Gaussian,absolute_residual,0.900625,53950041.86027095,13.814072393656403,0.004055023193359375,5
0.1,10,100,139,Point_CHR,Gaussian,absolute_residual,0.915,82862213.7524124,13.407485206607161,0.0,5
0.1,10,100,139,Unscaled,Gaussian,absolute_residual,0.923125,9178256367.425179,9.914618741504224,0.0,5
0.1,10,100,139,Empirical_copula,Gaussian,absolute_residual,0.83625,24850179.349781748,12.823761372562306,0.0010135173797607422,5
0.1,10,100,140,TSCP_R,Gaussian,absolute_residual,0.856875,30159090.78522941,15.249856753891919,0.003009319305419922,5
0.1,10,100,140,Point_CHR,Gaussian,absolute_residual,0.8275,31265992.062492684,15.259987368553588,0.0,5
0.1,10,100,140,Unscaled,Gaussian,absolute_residual,0.960625,22975326553.43092,10.867412929616783,0.0,5
0.1,10,100,140,Empirical_copula,Gaussian,absolute_residual,0.815625,18939615.823232874,12.981061651830561,0.0009999275207519531,5
0.1,10,100,141,TSCP_R,Gaussian,absolute_residual,0.9,44728189.14266159,13.031890802295333,0.004005908966064453,5
0.1,10,100,141,Point_CHR,Gaussian,absolute_residual,0.926875,98931786.06531483,15.136275755774076,0.0,5
0.1,10,100,141,Unscaled,Gaussian,absolute_residual,0.924375,7002901583.0362425,9.650010864428499,0.0,5
0.1,10,100,141,Empirical_copula,Gaussian,absolute_residual,0.81125,20543868.067326747,11.287591573314636,0.0009999275207519531,5
0.1,10,100,142,TSCP_R,Gaussian,absolute_residual,0.858125,31715346.507892553,11.671199836692175,0.003999948501586914,5
0.1,10,100,142,Point_CHR,Gaussian,absolute_residual,0.876875,39037800.23165908,11.713688829752016,0.0,5
0.1,10,100,142,Unscaled,Gaussian,absolute_residual,0.89,4472644793.782075,9.226913322981792,0.0,5
0.1,10,100,142,Empirical_copula,Gaussian,absolute_residual,0.755625,12698577.34592431,11.249660182572661,0.002001523971557617,5
0.1,10,100,143,TSCP_R,Gaussian,absolute_residual,0.91625,74603259.66326909,13.077527937542541,0.0040090084075927734,5
0.1,10,100,143,Point_CHR,Gaussian,absolute_residual,0.9475,111543042.45771968,14.183103655606205,0.0,5
0.1,10,100,143,Unscaled,Gaussian,absolute_residual,0.89625,3508807155.932202,9.005668365790646,0.0,5
0.1,10,100,143,Empirical_copula,Gaussian,absolute_residual,0.865,28346491.464281935,11.941667691583955,0.00099945068359375,5
0.1,10,100,144,TSCP_R,Gaussian,absolute_residual,0.854375,24191763.034041278,11.287510309764897,0.004006862640380859,5
0.1,10,100,144,Point_CHR,Gaussian,absolute_residual,0.92625,72468130.1941873,13.720844795600929,0.0009932518005371094,5
0.1,10,100,144,Unscaled,Gaussian,absolute_residual,0.866875,2913361244.7077966,8.83973882779756,0.0,5
0.1,10,100,144,Empirical_copula,Gaussian,absolute_residual,0.73625,9842097.652672665,9.553259546265874,0.0010066032409667969,5
0.1,10,100,145,TSCP_R,Gaussian,absolute_residual,0.87125,32748970.502768613,12.861215074101562,0.0040035247802734375,5
0.1,10,100,145,Point_CHR,Gaussian,absolute_residual,0.796875,16306792.135981299,13.217322770293842,0.0,5
0.1,10,100,145,Unscaled,Gaussian,absolute_residual,0.890625,4629720432.237307,9.258816494694049,0.0,5
0.1,10,100,145,Empirical_copula,Gaussian,absolute_residual,0.81,17025063.699269712,12.516893607978599,0.0009984970092773438,5
0.1,10,100,146,TSCP_R,Gaussian,absolute_residual,0.9325,81257150.95204364,13.801544770794813,0.004008293151855469,5
0.1,10,100,146,Point_CHR,Gaussian,absolute_residual,0.838125,36499876.03230453,13.970969749837126,0.0,5
0.1,10,100,146,Unscaled,Gaussian,absolute_residual,0.948125,13171198637.684643,10.279276067822309,0.0,5
0.1,10,100,146,Empirical_copula,Gaussian,absolute_residual,0.8675,32710128.945470676,12.17629532002496,0.0019986629486083984,5
0.1,10,100,147,TSCP_R,Gaussian,absolute_residual,0.9425,70436850.98546636,14.117821647675736,0.0030260086059570312,5
0.1,10,100,147,Point_CHR,Gaussian,absolute_residual,0.90625,60333685.941387415,12.300774506972509,0.0,5
0.1,10,100,147,Unscaled,Gaussian,absolute_residual,0.90375,4883813405.668265,9.308418620737937,0.0,5
0.1,10,100,147,Empirical_copula,Gaussian,absolute_residual,0.8175,22756686.991437033,12.215714557697613,0.0009996891021728516,5
0.1,10,100,148,TSCP_R,Gaussian,absolute_residual,0.945625,112243215.33342509,11.91140625290785,0.0030074119567871094,5
0.1,10,100,148,Point_CHR,Gaussian,absolute_residual,0.9025,121787462.6175763,12.175191289340464,0.0009930133819580078,5
0.1,10,100,148,Unscaled,Gaussian,absolute_residual,0.911875,5352910690.603983,9.394182647608725,0.0,5
0.1,10,100,148,Empirical_copula,Gaussian,absolute_residual,0.870625,37800609.83499857,10.448504175049955,0.0009999275207519531,5
0.1,10,100,149,TSCP_R,Gaussian,absolute_residual,0.886875,32928735.022617806,12.520678783521472,0.0030014514923095703,5
0.1,10,100,149,Point_CHR,Gaussian,absolute_residual,0.875625,30439264.832663037,11.779568969912555,0.0010075569152832031,5
0.1,10,100,149,Unscaled,Gaussian,absolute_residual,0.889375,3831054334.049872,9.085144331648753,0.0,5
0.1,10,100,149,Empirical_copula,Gaussian,absolute_residual,0.78375,10681728.413223032,11.38632165835207,0.0010035037994384766,5
0.1,10,100,150,TSCP_R,Gaussian,absolute_residual,0.866875,30047583.444594968,11.173238858136541,0.0030066967010498047,5
0.1,10,100,150,Point_CHR,Gaussian,absolute_residual,0.91,66757471.487268485,13.708923227899499,0.0010004043579101562,5
0.1,10,100,150,Unscaled,Gaussian,absolute_residual,0.856875,1790858351.15178,8.41988429745261,0.0,5
0.1,10,100,150,Empirical_copula,Gaussian,absolute_residual,0.79,13909946.576517038,10.431252950137747,0.0009999275207519531,5
0.1,10,100,151,TSCP_R,Gaussian,absolute_residual,0.939375,68057179.84580848,15.204919737064294,0.004006862640380859,5
0.1,10,100,151,Point_CHR,Gaussian,absolute_residual,0.971875,212933949.8514438,16.87358424438829,0.0,5
0.1,10,100,151,Unscaled,Gaussian,absolute_residual,0.90375,5821101783.94811,9.47328317284931,0.0,5
0.1,10,100,151,Empirical_copula,Gaussian,absolute_residual,0.870625,29244126.65346331,15.825481448540959,0.0009996891021728516,5
0.1,10,100,152,TSCP_R,Gaussian,absolute_residual,0.83625,23061081.80422696,13.284205345954192,0.0030066967010498047,5
0.1,10,100,152,Point_CHR,Gaussian,absolute_residual,0.800625,16077248.974655423,12.945245882502556,0.0010023117065429688,5
0.1,10,100,152,Unscaled,Gaussian,absolute_residual,0.911875,5411301987.486645,9.404380171148802,0.0,5
0.1,10,100,152,Empirical_copula,Gaussian,absolute_residual,0.740625,10592894.351086387,12.945245882502556,0.0009996891021728516,5
0.1,10,100,153,TSCP_R,Gaussian,absolute_residual,0.863125,33892581.599614926,14.558001803294532,0.0030095577239990234,5
0.1,10,100,153,Point_CHR,Gaussian,absolute_residual,0.94875,130324589.69108818,13.42849160697751,0.0009975433349609375,5
0.1,10,100,153,Unscaled,Gaussian,absolute_residual,0.925,7623052477.705779,9.732241808990057,0.0,5
0.1,10,100,153,Empirical_copula,Gaussian,absolute_residual,0.79875,16718746.799573159,13.42849160697751,0.0009996891021728516,5
0.1,10,100,154,TSCP_R,Gaussian,absolute_residual,0.959375,117631349.37061824,15.635105298503216,0.004000186920166016,5
0.1,10,100,154,Point_CHR,Gaussian,absolute_residual,0.980625,460555549.8885689,17.56612126729464,0.0,5
0.1,10,100,154,Unscaled,Gaussian,absolute_residual,0.923125,6970565650.065649,9.64554568112585,0.0,5
0.1,10,100,154,Empirical_copula,Gaussian,absolute_residual,0.885,36630810.12751748,13.636534789467813,0.0010008811950683594,5
0.1,10,100,155,TSCP_R,Gaussian,absolute_residual,0.943125,100143574.87307622,13.625282286469172,0.003000497817993164,5
0.1,10,100,155,Point_CHR,Gaussian,absolute_residual,0.92625,106448315.52010675,14.980811944697875,0.0,5
0.1,10,100,155,Unscaled,Gaussian,absolute_residual,0.940625,11191276920.658194,10.113185288259572,0.0,5
0.1,10,100,155,Empirical_copula,Gaussian,absolute_residual,0.848125,31815463.37495204,11.412479685027481,0.0009970664978027344,5
0.1,10,100,156,TSCP_R,Gaussian,absolute_residual,0.929375,97727614.75517,12.016015398584361,0.0040018558502197266,5
0.1,10,100,156,Point_CHR,Gaussian,absolute_residual,0.9125,102910364.03426802,13.91656740883579,0.0,5
0.1,10,100,156,Unscaled,Gaussian,absolute_residual,0.841875,1749348791.3895423,8.400161599015302,0.0,5
0.1,10,100,156,Empirical_copula,Gaussian,absolute_residual,0.846875,38789136.715979986,11.695641990500958,0.0009982585906982422,5
0.1,10,100,157,TSCP_R,Gaussian,absolute_residual,0.924375,68333345.14577812,13.614184004805834,0.003999233245849609,5
0.1,10,100,157,Point_CHR,Gaussian,absolute_residual,0.925,108077012.42098348,12.900841633223452,0.0,5
0.1,10,100,157,Unscaled,Gaussian,absolute_residual,0.896875,4973057883.886873,9.325290106142745,0.0,5
0.1,10,100,157,Empirical_copula,Gaussian,absolute_residual,0.849375,30540196.379400976,12.900841633223452,0.0010004043579101562,5
0.1,10,100,158,TSCP_R,Gaussian,absolute_residual,0.908125,57308223.513168916,13.08893536158868,0.0030066967010498047,5
0.1,10,100,158,Point_CHR,Gaussian,absolute_residual,0.95375,153622440.49483404,14.541891564527072,0.0,5
0.1,10,100,158,Unscaled,Gaussian,absolute_residual,0.895625,4082833927.7395387,9.143156879276601,0.0,5
0.1,10,100,158,Empirical_copula,Gaussian,absolute_residual,0.824375,25109927.298937723,15.13180526137302,0.0010080337524414062,5
0.1,10,100,159,TSCP_R,Gaussian,absolute_residual,0.92,54511192.02517089,12.98101807784859,0.0030083656311035156,5
0.1,10,100,159,Point_CHR,Gaussian,absolute_residual,0.885,45085271.3744609,16.101483628101143,0.0009984970092773438,5
0.1,10,100,159,Unscaled,Gaussian,absolute_residual,0.923125,7146407936.4973955,9.669606038936852,0.0,5
0.1,10,100,159,Empirical_copula,Gaussian,absolute_residual,0.85625,26266422.571479555,11.71585542038483,0.0009932518005371094,5
0.1,10,100,160,TSCP_R,Gaussian,absolute_residual,0.869375,34342930.95405112,13.827885592426988,0.004006147384643555,5
0.1,10,100,160,Point_CHR,Gaussian,absolute_residual,0.886875,60612540.846409224,15.362533433538825,0.0,5
0.1,10,100,160,Unscaled,Gaussian,absolute_residual,0.93875,11183915206.117306,10.112519837558636,0.0,5
0.1,10,100,160,Empirical_copula,Gaussian,absolute_residual,0.801875,19856357.633263808,13.081595215560725,0.00099945068359375,5
0.1,10,100,161,TSCP_R,Gaussian,absolute_residual,0.8575,28212693.611598734,13.191924454869973,0.004004716873168945,5
0.1,10,100,161,Point_CHR,Gaussian,absolute_residual,0.803125,20504145.83618872,12.860703343565564,0.0,5
0.1,10,100,161,Unscaled,Gaussian,absolute_residual,0.88625,3376727854.587549,8.971180732850577,0.0,5
0.1,10,100,161,Empirical_copula,Gaussian,absolute_residual,0.7975,14592860.3167913,11.730017156363083,0.001007080078125,5
0.1,10,100,162,TSCP_R,Gaussian,absolute_residual,0.930625,83028660.57460226,13.496705739869125,0.00401616096496582,5
0.1,10,100,162,Point_CHR,Gaussian,absolute_residual,0.89375,54590863.28247488,14.025535866661272,0.0,5
0.1,10,100,162,Unscaled,Gaussian,absolute_residual,0.936875,10097376065.16082,10.009695198379893,0.0,5
0.1,10,100,162,Empirical_copula,Gaussian,absolute_residual,0.850625,33739307.79455918,11.806102135692079,0.0009999275207519531,5
0.1,10,100,163,TSCP_R,Gaussian,absolute_residual,0.89375,36587844.28205574,11.223039091160004,0.004014253616333008,5
0.1,10,100,163,Point_CHR,Gaussian,absolute_residual,0.90375,46815929.86058894,11.218813939379178,0.0,5
0.1,10,100,163,Unscaled,Gaussian,absolute_residual,0.904375,4363784872.124318,9.204206066926657,0.0,5
0.1,10,100,163,Empirical_copula,Gaussian,absolute_residual,0.7775,12766710.297632052,10.962204067558101,0.0010004043579101562,5
0.1,10,100,164,TSCP_R,Gaussian,absolute_residual,0.87375,29183790.371955268,12.801281251044667,0.003006458282470703,5
0.1,10,100,164,Point_CHR,Gaussian,absolute_residual,0.916875,89333691.72430758,13.561709103806532,0.0010006427764892578,5
0.1,10,100,164,Unscaled,Gaussian,absolute_residual,0.90375,5644180270.9836855,9.444089358117068,0.0,5
0.1,10,100,164,Empirical_copula,Gaussian,absolute_residual,0.794375,17099776.8356522,11.642095576104388,0.0009927749633789062,5
0.1,10,100,165,TSCP_R,Gaussian,absolute_residual,0.881875,40245934.71402835,14.034415266007414,0.003999233245849609,5
0.1,10,100,165,Point_CHR,Gaussian,absolute_residual,0.878125,46019450.34049431,13.586379189138412,0.0,5
0.1,10,100,165,Unscaled,Gaussian,absolute_residual,0.915,5611256827.871325,9.43856594949467,0.0,5
0.1,10,100,165,Empirical_copula,Gaussian,absolute_residual,0.82875,22197006.522446394,12.207771675563649,0.0009996891021728516,5
0.1,10,100,166,TSCP_R,Gaussian,absolute_residual,0.8325,21170556.37008976,11.710940625142797,0.0030069351196289062,5
0.1,10,100,166,Point_CHR,Gaussian,absolute_residual,0.869375,38742657.302929185,12.870444501229553,0.0010004043579101562,5
0.1,10,100,166,Unscaled,Gaussian,absolute_residual,0.88125,3692592222.7175965,9.051762179955483,0.0,5
0.1,10,100,166,Empirical_copula,Gaussian,absolute_residual,0.755,11150215.831585968,9.576989339630325,0.0009922981262207031,5
0.1,10,100,167,TSCP_R,Gaussian,absolute_residual,0.798125,15441552.45649841,12.130420982683056,0.002998828887939453,5
0.1,10,100,167,Point_CHR,Gaussian,absolute_residual,0.85,35610714.800397485,12.485068021060798,0.0009932518005371094,5
0.1,10,100,167,Unscaled,Gaussian,absolute_residual,0.8875,4771574405.856322,9.286801653687192,0.0,5
0.1,10,100,167,Empirical_copula,Gaussian,absolute_residual,0.689375,6218187.98532981,11.345735920713537,0.0010006427764892578,5
0.1,10,100,168,TSCP_R,Gaussian,absolute_residual,0.914375,55504173.21344044,12.530202106839408,0.0029990673065185547,5
0.1,10,100,168,Point_CHR,Gaussian,absolute_residual,0.90625,69662846.25642692,13.019497735162133,0.0010013580322265625,5
0.1,10,100,168,Unscaled,Gaussian,absolute_residual,0.928125,9276770313.054745,9.925209450305003,0.0,5
0.1,10,100,168,Empirical_copula,Gaussian,absolute_residual,0.865,30701015.717756342,12.108183263105841,0.0010085105895996094,5
0.1,10,100,169,TSCP_R,Gaussian,absolute_residual,0.921875,57301701.4262231,14.275454939506954,0.003999948501586914,5
0.1,10,100,169,Point_CHR,Gaussian,absolute_residual,0.94,170186589.78299725,17.923006465022077,0.0,5
0.1,10,100,169,Unscaled,Gaussian,absolute_residual,0.9325,9856517805.779392,9.985558287733022,0.0,5
0.1,10,100,169,Empirical_copula,Gaussian,absolute_residual,0.795625,16362298.233856829,13.693952846696646,0.00099945068359375,5
0.1,10,100,170,TSCP_R,Gaussian,absolute_residual,0.938125,81200408.75111131,13.801942025538866,0.0040111541748046875,5
0.1,10,100,170,Point_CHR,Gaussian,absolute_residual,0.88,53844382.08640776,14.07580690533127,0.0,5
0.1,10,100,170,Unscaled,Gaussian,absolute_residual,0.93125,9083098352.419863,9.904291221668037,0.0,5
0.1,10,100,170,Empirical_copula,Gaussian,absolute_residual,0.83625,28021902.47762278,12.142681604067324,0.0010638236999511719,5
0.1,10,100,171,TSCP_R,Gaussian,absolute_residual,0.939375,99938387.5113046,13.164812809685639,0.004002809524536133,5
0.1,10,100,171,Point_CHR,Gaussian,absolute_residual,0.889375,62042695.17165032,11.673619740466341,0.0,5
0.1,10,100,171,Unscaled,Gaussian,absolute_residual,0.879375,3406342371.732475,8.979017741559158,0.0010008811950683594,5
0.1,10,100,171,Empirical_copula,Gaussian,absolute_residual,0.8275,26400596.684556697,12.882005407683097,0.0009996891021728516,5
0.1,10,100,172,TSCP_R,Gaussian,absolute_residual,0.93125,76167314.60867646,12.428284537592688,0.004007101058959961,5
0.1,10,100,172,Point_CHR,Gaussian,absolute_residual,0.890625,44484048.23025475,14.362211439380275,0.0,5
0.1,10,100,172,Unscaled,Gaussian,absolute_residual,0.86,1642546201.6423037,8.347410271889576,0.0,5
0.1,10,100,172,Empirical_copula,Gaussian,absolute_residual,0.846875,24303535.62593617,12.679872879455631,0.0009999275207519531,5
0.1,10,100,173,TSCP_R,Gaussian,absolute_residual,0.84625,24046379.632559568,12.353236001439834,0.00400233268737793,5
0.1,10,100,173,Point_CHR,Gaussian,absolute_residual,0.859375,40358542.63083019,15.114997964257778,0.001008749008178711,5
0.1,10,100,173,Unscaled,Gaussian,absolute_residual,0.91,5832242244.369543,9.475094616122242,0.0,5
0.1,10,100,173,Empirical_copula,Gaussian,absolute_residual,0.744375,9737666.91981705,10.891552913994134,0.0009889602661132812,5
0.1,10,100,174,TSCP_R,Gaussian,absolute_residual,0.938125,84878833.10514382,14.03986515168144,0.004000663757324219,5
0.1,10,100,174,Point_CHR,Gaussian,absolute_residual,0.941875,165241451.52292365,17.864181271571873,0.0009989738464355469,5
0.1,10,100,174,Unscaled,Gaussian,absolute_residual,0.929375,9148377844.123291,9.91138643888652,0.0,5
0.1,10,100,174,Empirical_copula,Gaussian,absolute_residual,0.88125,41271692.833004795,13.352270764324334,0.0010068416595458984,5
0.1,10,100,175,TSCP_R,Gaussian,absolute_residual,0.9375,71697881.457908,12.711236173463604,0.004000663757324219,5
0.1,10,100,175,Point_CHR,Gaussian,absolute_residual,0.935,76587268.12697153,13.860723493989067,0.001001119613647461,5
0.1,10,100,175,Unscaled,Gaussian,absolute_residual,0.91625,6499490283.281246,9.578288851561288,0.0,5
0.1,10,100,175,Empirical_copula,Gaussian,absolute_residual,0.853125,23090208.520673975,12.981427575746011,0.0009982585906982422,5
0.1,10,100,176,TSCP_R,Gaussian,absolute_residual,0.945625,97308152.76775871,14.516502515286842,0.003998279571533203,5
0.1,10,100,176,Point_CHR,Gaussian,absolute_residual,0.916875,64993072.73376127,14.876410415791417,0.0,5
0.1,10,100,176,Unscaled,Gaussian,absolute_residual,0.923125,8470310470.699307,9.835352573233509,0.0,5
0.1,10,100,176,Empirical_copula,Gaussian,absolute_residual,0.88625,46016766.91478482,12.385715006408928,0.002001523971557617,5
0.1,10,100,177,TSCP_R,Gaussian,absolute_residual,0.9175,55198489.49441093,12.195925681274936,0.00400090217590332,5
0.1,10,100,177,Point_CHR,Gaussian,absolute_residual,0.890625,61810755.403211944,11.118303132743819,0.0010001659393310547,5
0.1,10,100,177,Unscaled,Gaussian,absolute_residual,0.865625,2254559847.081803,8.616009652117326,0.0,5
0.1,10,100,177,Empirical_copula,Gaussian,absolute_residual,0.82625,18126057.468491934,9.924674810969112,0.00099945068359375,5
0.1,10,100,178,TSCP_R,Gaussian,absolute_residual,0.84875,29059587.580660276,13.896564695244546,0.003987789154052734,5
0.1,10,100,178,Point_CHR,Gaussian,absolute_residual,0.861875,38104995.38082234,15.02041325510088,0.0,5
0.1,10,100,178,Unscaled,Gaussian,absolute_residual,0.919375,8251207360.2371025,9.809610195140147,0.0,5
0.1,10,100,178,Empirical_copula,Gaussian,absolute_residual,0.77,14628362.781649906,14.196254514625586,0.0020012855529785156,5
0.1,10,100,179,TSCP_R,Gaussian,absolute_residual,0.83,18663925.06212753,13.462142023609587,0.0029997825622558594,5
0.1,10,100,179,Point_CHR,Gaussian,absolute_residual,0.82625,21162785.547468543,13.247214357098732,0.0009999275207519531,5
0.1,10,100,179,Unscaled,Gaussian,absolute_residual,0.929375,6467617497.829722,9.573581366455231,0.0,5
0.1,10,100,179,Empirical_copula,Gaussian,absolute_residual,0.754375,10979307.93403039,13.71985399132187,0.0010004043579101562,5
0.1,10,100,180,TSCP_R,Gaussian,absolute_residual,0.87,32439475.063180763,13.626705495929585,0.003999948501586914,5
0.1,10,100,180,Point_CHR,Gaussian,absolute_residual,0.81875,21457031.36311583,13.584065482200803,0.0,5
0.1,10,100,180,Unscaled,Gaussian,absolute_residual,0.9375,7603385734.605758,9.729728064363108,0.0,5
0.1,10,100,180,Empirical_copula,Gaussian,absolute_residual,0.769375,12316991.497787464,11.20999543095379,0.000995635986328125,5
0.1,10,100,181,TSCP_R,Gaussian,absolute_residual,0.93375,67855899.22855976,12.907397725242491,0.003999233245849609,5
0.1,10,100,181,Point_CHR,Gaussian,absolute_residual,0.88625,53314485.1730455,12.181537335018637,0.0010018348693847656,5
0.1,10,100,181,Unscaled,Gaussian,absolute_residual,0.910625,6541505877.6940975,9.584462744620522,0.0,5
0.1,10,100,181,Empirical_copula,Gaussian,absolute_residual,0.85,25733100.80999901,12.706504132912075,0.001008749008178711,5
0.1,10,100,182,TSCP_R,Gaussian,absolute_residual,0.898125,44160016.976616636,13.766201349552956,0.003999233245849609,5
0.1,10,100,182,Point_CHR,Gaussian,absolute_residual,0.935,108579744.499281,14.99062783983841,0.0,5
0.1,10,100,182,Unscaled,Gaussian,absolute_residual,0.91375,5507466556.235572,9.420960585965858,0.0,5
0.1,10,100,182,Empirical_copula,Gaussian,absolute_residual,0.81625,19887478.80097856,14.150768429386952,0.0013470649719238281,5
0.1,10,100,183,TSCP_R,Gaussian,absolute_residual,0.9225,65337877.74199327,13.073467036064722,0.00400853157043457,5
0.1,10,100,183,Point_CHR,Gaussian,absolute_residual,0.92,73740674.78096172,14.181771565539208,0.0,5
0.1,10,100,183,Unscaled,Gaussian,absolute_residual,0.88375,3331684593.438885,8.959141339001093,0.0,5
0.1,10,100,183,Empirical_copula,Gaussian,absolute_residual,0.86375,36509530.39932761,11.746189823397017,0.0009946823120117188,5
0.1,10,100,184,TSCP_R,Gaussian,absolute_residual,0.831875,18945450.63655084,12.437654376674708,0.004011631011962891,5
0.1,10,100,184,Point_CHR,Gaussian,absolute_residual,0.848125,24053334.01855772,11.88540563237415,0.0,5
0.1,10,100,184,Unscaled,Gaussian,absolute_residual,0.878125,3037990210.1521525,8.876845006969738,0.0,5
0.1,10,100,184,Empirical_copula,Gaussian,absolute_residual,0.728125,8573317.550539684,11.282913531300292,0.0009918212890625,5
0.1,10,100,185,TSCP_R,Gaussian,absolute_residual,0.894375,49918220.72645502,12.505203226497697,0.003999948501586914,5
0.1,10,100,185,Point_CHR,Gaussian,absolute_residual,0.8975,59033068.17087721,13.107373692999262,0.0009992122650146484,5
0.1,10,100,185,Unscaled,Gaussian,absolute_residual,0.89875,3936357906.883357,9.10981291068067,0.0,5
0.1,10,100,185,Empirical_copula,Gaussian,absolute_residual,0.803125,26257018.543753523,13.176469862437308,0.001008749008178711,5
0.1,10,100,186,TSCP_R,Gaussian,absolute_residual,0.918125,64557864.546093434,15.274694008291528,0.004008054733276367,5
0.1,10,100,186,Point_CHR,Gaussian,absolute_residual,0.92875,99812234.66853897,14.20043292967648,0.000993490219116211,5
0.1,10,100,186,Unscaled,Gaussian,absolute_residual,0.91,4536798086.044558,9.240063272275911,0.0,5
0.1,10,100,186,Empirical_copula,Gaussian,absolute_residual,0.831875,23638141.762893576,13.952676909695192,0.001008749008178711,5
0.1,10,100,187,TSCP_R,Gaussian,absolute_residual,0.96625,154231488.36663082,14.223618079670388,0.0039997100830078125,5
0.1,10,100,187,Point_CHR,Gaussian,absolute_residual,0.900625,48464898.931747146,13.993912762864355,0.0,5
0.1,10,100,187,Unscaled,Gaussian,absolute_residual,0.91875,7619105606.466845,9.731737800157514,0.0009987354278564453,5
0.1,10,100,187,Empirical_copula,Gaussian,absolute_residual,0.86625,44519473.6177492,11.682087854174128,0.0010106563568115234,5
0.1,10,100,188,TSCP_R,Gaussian,absolute_residual,0.946875,69322890.8302152,13.95212308996399,0.0040013790130615234,5
0.1,10,100,188,Point_CHR,Gaussian,absolute_residual,0.95,159147097.94533858,14.500727592145616,0.001009225845336914,5
0.1,10,100,188,Unscaled,Gaussian,absolute_residual,0.92875,8992602778.355265,9.894378981844982,0.0,5
0.1,10,100,188,Empirical_copula,Gaussian,absolute_residual,0.823125,18878411.961896926,10.951079895089125,0.0009965896606445312,5
0.1,10,100,189,TSCP_R,Gaussian,absolute_residual,0.9,48781828.23512761,12.542794587400593,0.004006862640380859,5
0.1,10,100,189,Point_CHR,Gaussian,absolute_residual,0.876875,54085785.88623274,11.693091924859116,0.0,5
0.1,10,100,189,Unscaled,Gaussian,absolute_residual,0.879375,3740862819.9490023,9.063525860992444,0.0,5
0.1,10,100,189,Empirical_copula,Gaussian,absolute_residual,0.85125,25785832.60755893,11.312652745472338,0.0010001659393310547,5
0.1,10,100,190,TSCP_R,Gaussian,absolute_residual,0.905,52053082.81449663,12.61907137142375,0.003999471664428711,5
0.1,10,100,190,Point_CHR,Gaussian,absolute_residual,0.91125,63883102.00146865,12.141718501139653,0.0009999275207519531,5
0.1,10,100,190,Unscaled,Gaussian,absolute_residual,0.88,2976903588.7007937,8.858832228756073,0.0,5
0.1,10,100,190,Empirical_copula,Gaussian,absolute_residual,0.83125,26563843.871980794,11.098556775311902,0.0010006427764892578,5
0.1,10,100,191,TSCP_R,Gaussian,absolute_residual,0.894375,41881764.530130744,12.559030172955534,0.004000425338745117,5
0.1,10,100,191,Point_CHR,Gaussian,absolute_residual,0.8625,39649763.6090087,11.760546687503497,0.0,5
0.1,10,100,191,Unscaled,Gaussian,absolute_residual,0.906875,5177014745.0467415,9.362847293971976,0.0,5
0.1,10,100,191,Empirical_copula,Gaussian,absolute_residual,0.81625,22443022.150070965,10.917652497934291,0.0010068416595458984,5
0.1,10,100,192,TSCP_R,Gaussian,absolute_residual,0.940625,92369814.3086499,14.635401305058142,0.0039899349212646484,5
0.1,10,100,192,Point_CHR,Gaussian,absolute_residual,0.83125,29726621.979572408,13.314619164322428,0.0,5
0.1,10,100,192,Unscaled,Gaussian,absolute_residual,0.93,10969915046.81412,10.093001235886984,0.0,5
0.1,10,100,192,Empirical_copula,Gaussian,absolute_residual,0.815,25436051.28534202,11.252976295406256,0.0020003318786621094,5
0.1,10,100,193,TSCP_R,Gaussian,absolute_residual,0.844375,25241511.42689616,11.371865268984525,0.003999948501586914,5
0.1,10,100,193,Point_CHR,Gaussian,absolute_residual,0.8075,21035810.351977646,10.28301997727957,0.0010008811950683594,5
0.1,10,100,193,Unscaled,Gaussian,absolute_residual,0.89,2890982209.4818234,8.832924980388595,0.0,5
0.1,10,100,193,Empirical_copula,Gaussian,absolute_residual,0.77125,11257786.029748853,10.771633116647685,0.0009987354278564453,5
0.1,10,100,194,TSCP_R,Gaussian,absolute_residual,0.916875,49393962.56073464,13.980445030889287,0.0029973983764648438,5
0.1,10,100,194,Point_CHR,Gaussian,absolute_residual,0.939375,85190018.08328071,13.992076143964368,0.0010030269622802734,5
0.1,10,100,194,Unscaled,Gaussian,absolute_residual,0.92,8175428220.917423,9.80056359201436,0.0,5
0.1,10,100,194,Empirical_copula,Gaussian,absolute_residual,0.84,24097311.892288707,12.939064316560735,0.0009989738464355469,5
0.1,10,100,195,TSCP_R,Gaussian,absolute_residual,0.873125,27528332.977904912,11.588057544115443,0.004007577896118164,5
0.1,10,100,195,Point_CHR,Gaussian,absolute_residual,0.82625,19591639.046121556,11.20133610484056,0.0,5
0.1,10,100,195,Unscaled,Gaussian,absolute_residual,0.900625,4895060494.015798,9.310560067614244,0.0,5
0.1,10,100,195,Empirical_copula,Gaussian,absolute_residual,0.800625,13340502.178196575,10.487583612092607,0.0009999275207519531,5
0.1,10,100,196,TSCP_R,Gaussian,absolute_residual,0.945625,112538444.08097148,14.030798268748647,0.0039997100830078125,5
0.1,10,100,196,Point_CHR,Gaussian,absolute_residual,0.91125,86124566.6991541,13.543011150856213,0.0,5
0.1,10,100,196,Unscaled,Gaussian,absolute_residual,0.9175,5885760403.500317,9.483753511890724,0.0,5
0.1,10,100,196,Empirical_copula,Gaussian,absolute_residual,0.866875,34774488.841376446,11.237223023893465,0.0009996891021728516,5
0.1,10,100,197,TSCP_R,Gaussian,absolute_residual,0.894375,37434206.05572926,13.34340503937284,0.0030050277709960938,5
0.1,10,100,197,Point_CHR,Gaussian,absolute_residual,0.873125,36547740.17569223,13.928411951455924,0.0010001659393310547,5
0.1,10,100,197,Unscaled,Gaussian,absolute_residual,0.924375,8647980177.744135,9.855790618648511,0.0,5
0.1,10,100,197,Empirical_copula,Gaussian,absolute_residual,0.83,19354108.40142696,12.744895798846695,0.0009999275207519531,5
0.1,10,100,198,TSCP_R,Gaussian,absolute_residual,0.880625,29858232.66159877,12.511015406427116,0.0030062198638916016,5
0.1,10,100,198,Point_CHR,Gaussian,absolute_residual,0.916875,52115446.93463577,13.009433161153563,0.0009996891021728516,5
0.1,10,100,198,Unscaled,Gaussian,absolute_residual,0.90125,3931934150.825384,9.108788613963183,0.0,5
0.1,10,100,198,Empirical_copula,Gaussian,absolute_residual,0.80875,15442997.569734098,11.031847845068778,0.0009942054748535156,5
0.1,10,100,199,TSCP_R,Gaussian,absolute_residual,0.91,57634487.182466485,14.023436683907459,0.004000425338745117,5
0.1,10,100,199,Point_CHR,Gaussian,absolute_residual,0.926875,94375483.72622228,12.27957793526139,0.0010139942169189453,5
0.1,10,100,199,Unscaled,Gaussian,absolute_residual,0.8925,5356818064.860533,9.394868153827488,0.0,5
0.1,10,100,199,Empirical_copula,Gaussian,absolute_residual,0.79,21765264.63490009,14.019699096467454,0.0009877681732177734,5
0.1,10,100,0,TSCP_R,Gaussian,absolute_residual,0.95125,2869737020.6172957,29.173947938736184,0.003998517990112305,10
0.1,10,100,0,Point_CHR,Gaussian,absolute_residual,0.896875,1681203871.5146646,29.165279729555834,0.0009992122650146484,10
0.1,10,100,0,Unscaled,Gaussian,absolute_residual,0.885,2467905324429.19,17.347338360335275,0.0,10
0.1,10,100,0,Empirical_copula,Gaussian,absolute_residual,0.844375,895658188.4000627,28.411099707736984,0.0010101795196533203,10
0.1,10,100,1,TSCP_R,Gaussian,absolute_residual,0.944375,3382277081.6788616,30.15350416830688,0.0030002593994140625,10
0.1,10,100,1,Point_CHR,Gaussian,absolute_residual,0.916875,2527617528.0025654,29.658831680172977,0.0,10
0.1,10,100,1,Unscaled,Gaussian,absolute_residual,0.943125,9044703640299.861,19.75328974653636,0.0,10
0.1,10,100,1,Empirical_copula,Gaussian,absolute_residual,0.8525,973484759.5912467,25.23030392034613,0.0009987354278564453,10
0.1,10,100,2,TSCP_R,Gaussian,absolute_residual,0.906875,1766152060.861637,26.34471217143026,0.0039997100830078125,10
0.1,10,100,2,Point_CHR,Gaussian,absolute_residual,0.91375,3122523076.0346365,30.73576398884468,0.0,10
0.1,10,100,2,Unscaled,Gaussian,absolute_residual,0.851875,1245655652305.6418,16.200924581766866,0.0,10
0.1,10,100,2,Empirical_copula,Gaussian,absolute_residual,0.81125,607915801.5612966,22.101818197688495,0.001012563705444336,10
0.1,10,100,3,TSCP_R,Gaussian,absolute_residual,0.88,1176656409.703956,23.67303417907546,0.004009723663330078,10
0.1,10,100,3,Point_CHR,Gaussian,absolute_residual,0.8425,848799933.1939569,23.05393964226365,0.0,10
0.1,10,100,3,Unscaled,Gaussian,absolute_residual,0.869375,1804088777446.0408,16.812248107230744,0.0,10
0.1,10,100,3,Empirical_copula,Gaussian,absolute_residual,0.776875,464269832.20515835,18.431112893003977,0.0009980201721191406,10
0.1,10,100,4,TSCP_R,Gaussian,absolute_residual,0.9175,1996591218.7814014,22.84551434576779,0.004006624221801758,10
0.1,10,100,4,Point_CHR,Gaussian,absolute_residual,0.88125,1604788656.00063,22.167596432303053,0.0,10
0.1,10,100,4,Unscaled,Gaussian,absolute_residual,0.846875,994199052247.6383,15.839713953507157,0.0,10
0.1,10,100,4,Empirical_copula,Gaussian,absolute_residual,0.84,836345023.0792011,21.967516858155808,0.0009996891021728516,10
0.1,10,100,5,TSCP_R,Gaussian,absolute_residual,0.8825,1392152791.3433046,28.08569775526935,0.0030066967010498047,10
0.1,10,100,5,Point_CHR,Gaussian,absolute_residual,0.901875,1708397028.9603105,33.715408252672276,0.0010001659393310547,10
0.1,10,100,5,Unscaled,Gaussian,absolute_residual,0.94125,10962717976146.695,20.136863407699504,0.0,10
0.1,10,100,5,Empirical_copula,Gaussian,absolute_residual,0.785,728561290.6561153,26.38780197236638,0.0009930133819580078,10
0.1,10,100,6,TSCP_R,Gaussian,absolute_residual,0.888125,1202806018.6833673,27.061323989840822,0.0030012130737304688,10
0.1,10,100,6,Point_CHR,Gaussian,absolute_residual,0.95875,5186819923.714977,32.32637376221834,0.0010080337524414062,10
0.1,10,100,6,Unscaled,Gaussian,absolute_residual,0.946875,11048701208891.018,20.15260176548712,0.0,10
0.1,10,100,6,Empirical_copula,Gaussian,absolute_residual,0.820625,688888593.8495941,24.89893701388823,0.0009980201721191406,10
0.1,10,100,7,TSCP_R,Gaussian,absolute_residual,0.92375,2062840583.2522006,26.457632369977986,0.004006385803222656,10
0.1,10,100,7,Point_CHR,Gaussian,absolute_residual,0.93125,2722248547.213143,29.456458844270323,0.0,10
0.1,10,100,7,Unscaled,Gaussian,absolute_residual,0.910625,3595227681409.207,18.012443845466418,0.0,10
0.1,10,100,7,Empirical_copula,Gaussian,absolute_residual,0.865,948774546.3189276,23.659559080289362,0.0010001659393310547,10
0.1,10,100,8,TSCP_R,Gaussian,absolute_residual,0.879375,947612027.347344,24.321325674329756,0.004025697708129883,10
0.1,10,100,8,Point_CHR,Gaussian,absolute_residual,0.91,1722440440.1203878,30.25378899575269,0.0,10
0.1,10,100,8,Unscaled,Gaussian,absolute_residual,0.85875,1502381429075.7593,16.50737512720937,0.0,10
0.1,10,100,8,Empirical_copula,Gaussian,absolute_residual,0.7675,365206641.49441916,22.31216583110935,0.001993417739868164,10
0.1,10,100,9,TSCP_R,Gaussian,absolute_residual,0.82125,572277179.488847,25.184615120529354,0.003999948501586914,10
0.1,10,100,9,Point_CHR,Gaussian,absolute_residual,0.9175,2296848271.0618176,30.328770341149685,0.0010073184967041016,10
0.1,10,100,9,Unscaled,Gaussian,absolute_residual,0.936875,6214847462723.995,19.025805268631085,0.0,10
0.1,10,100,9,Empirical_copula,Gaussian,absolute_residual,0.7325,302441998.5657717,22.16096342770429,0.0009999275207519531,10
0.1,10,100,10,TSCP_R,Gaussian,absolute_residual,0.91625,2202968501.5248737,29.73369359053108,0.004007101058959961,10
0.1,10,100,10,Point_CHR,Gaussian,absolute_residual,0.906875,3695390269.86336,33.60445555468444,0.0,10
0.1,10,100,10,Unscaled,Gaussian,absolute_residual,0.915625,4579755793744.097,18.45373297426117,0.0,10
0.1,10,100,10,Empirical_copula,Gaussian,absolute_residual,0.80625,534106104.0282689,28.955805177623475,0.0009999275207519531,10
0.1,10,100,11,TSCP_R,Gaussian,absolute_residual,0.9275,2051285068.3177223,28.507398081530173,0.004006147384643555,10
0.1,10,100,11,Point_CHR,Gaussian,absolute_residual,0.929375,2645313655.5761027,32.14088367542621,0.0,10
0.1,10,100,11,Unscaled,Gaussian,absolute_residual,0.90125,3098351720833.383,17.746514639558193,0.0,10
0.1,10,100,11,Empirical_copula,Gaussian,absolute_residual,0.8425,712082240.1258403,28.50302917752608,0.002002239227294922,10
0.1,10,100,12,TSCP_R,Gaussian,absolute_residual,0.948125,4284249396.678535,27.13345859729599,0.0030002593994140625,10
0.1,10,100,12,Point_CHR,Gaussian,absolute_residual,0.95375,8220027858.751105,29.480711368161185,0.0010082721710205078,10
0.1,10,100,12,Unscaled,Gaussian,absolute_residual,0.89125,2618791420208.9863,17.450589036076362,0.0,10
0.1,10,100,12,Empirical_copula,Gaussian,absolute_residual,0.859375,1037633010.9495083,26.441088341991616,0.0009992122650146484,10
0.1,10,100,13,TSCP_R,Gaussian,absolute_residual,0.83375,627052289.4889379,23.94636729388733,0.004006624221801758,10
0.1,10,100,13,Point_CHR,Gaussian,absolute_residual,0.891875,2253295047.4397426,27.613308266283596,0.0,10
0.1,10,100,13,Unscaled,Gaussian,absolute_residual,0.8975,3130843670116.684,17.765037897402088,0.0,10
0.1,10,100,13,Empirical_copula,Gaussian,absolute_residual,0.72875,269887546.3688316,21.21169883526712,0.0010001659393310547,10
0.1,10,100,14,TSCP_R,Gaussian,absolute_residual,0.893125,1262013810.6384163,26.616039095405213,0.003006458282470703,10
0.1,10,100,14,Point_CHR,Gaussian,absolute_residual,0.939375,2842111191.7857575,30.366958913014294,0.0010001659393310547,10
0.1,10,100,14,Unscaled,Gaussian,absolute_residual,0.913125,3661669458851.1353,18.045458194882222,0.0,10
0.1,10,100,14,Empirical_copula,Gaussian,absolute_residual,0.805,594365383.6705226,27.040661225261147,0.0009932518005371094,10
0.1,10,100,15,TSCP_R,Gaussian,absolute_residual,0.88625,1331564277.3036225,28.588682961457142,0.004001617431640625,10
0.1,10,100,15,Point_CHR,Gaussian,absolute_residual,0.95,6604252057.2054205,33.9258472367531,0.0,10
0.1,10,100,15,Unscaled,Gaussian,absolute_residual,0.945625,7907246321834.597,19.489582091545355,0.0,10
0.1,10,100,15,Empirical_copula,Gaussian,absolute_residual,0.79125,484352163.4262855,23.308860525028322,0.0010073184967041016,10
0.1,10,100,16,TSCP_R,Gaussian,absolute_residual,0.90125,1332066607.2442472,24.40198811997139,0.003008127212524414,10
0.1,10,100,16,Point_CHR,Gaussian,absolute_residual,0.821875,657891645.7960397,21.167615708592436,0.0,10
0.1,10,100,16,Unscaled,Gaussian,absolute_residual,0.8775,1688181627551.336,16.700978500615115,0.0,10
0.1,10,100,16,Empirical_copula,Gaussian,absolute_residual,0.803125,572434785.2845923,21.6647755982873,0.0009996891021728516,10
0.1,10,100,17,TSCP_R,Gaussian,absolute_residual,0.9625,4799159934.831511,30.847354000185717,0.0040056705474853516,10
0.1,10,100,17,Point_CHR,Gaussian,absolute_residual,0.989375,22074497214.475113,40.58657246700488,0.0010004043579101562,10
0.1,10,100,17,Unscaled,Gaussian,absolute_residual,0.943125,8389922269702.434,19.605403895167342,0.0,10
0.1,10,100,17,Empirical_copula,Gaussian,absolute_residual,0.834375,1107937614.22102,24.819081801793516,0.00099945068359375,10
0.1,10,100,18,TSCP_R,Gaussian,absolute_residual,0.916875,1671172991.6336255,28.430928715004463,0.0029973983764648438,10
0.1,10,100,18,Point_CHR,Gaussian,absolute_residual,0.90125,1394517598.2801287,28.65327696764627,0.001001596450805664,10
0.1,10,100,18,Unscaled,Gaussian,absolute_residual,0.9525,12499028158628.355,20.402699101403698,0.0,10
0.1,10,100,18,Empirical_copula,Gaussian,absolute_residual,0.82125,559356636.095358,25.407824973242548,0.0009999275207519531,10
0.1,10,100,19,TSCP_R,Gaussian,absolute_residual,0.9125,1950238002.9993591,26.472024658502647,0.0029993057250976562,10
0.1,10,100,19,Point_CHR,Gaussian,absolute_residual,0.93125,3334452085.504264,29.851707404788726,0.0010013580322265625,10
0.1,10,100,19,Unscaled,Gaussian,absolute_residual,0.8975,3219957098664.041,17.814966439104644,0.0,10
0.1,10,100,19,Empirical_copula,Gaussian,absolute_residual,0.838125,789812530.9710824,22.10885740486387,0.0010004043579101562,10
0.1,10,100,20,TSCP_R,Gaussian,absolute_residual,0.910625,1730159901.8940296,32.25746666605633,0.003999233245849609,10
0.1,10,100,20,Point_CHR,Gaussian,absolute_residual,0.87,1771133686.9150002,39.77380161195089,0.0,10
0.1,10,100,20,Unscaled,Gaussian,absolute_residual,0.9525,11640230559330.53,20.257980943090068,0.0,10
0.1,10,100,20,Empirical_copula,Gaussian,absolute_residual,0.849375,757009877.3082467,27.996368910256212,0.0009961128234863281,10
0.1,10,100,21,TSCP_R,Gaussian,absolute_residual,0.9225,1795875324.916947,26.036652866545058,0.0029964447021484375,10
0.1,10,100,21,Point_CHR,Gaussian,absolute_residual,0.91125,2033757852.5482025,24.679949294246768,0.0010006427764892578,10
0.1,10,100,21,Unscaled,Gaussian,absolute_residual,0.91875,3973460518627.1226,18.193526605753306,0.0,10
0.1,10,100,21,Empirical_copula,Gaussian,absolute_residual,0.84625,904052186.9214779,22.88600432811269,0.0009927749633789062,10
0.1,10,100,22,TSCP_R,Gaussian,absolute_residual,0.89625,1330692725.5498931,26.545640629584582,0.0040051937103271484,10
0.1,10,100,22,Point_CHR,Gaussian,absolute_residual,0.89125,1614790645.1770518,27.28705657859075,0.0010025501251220703,10
0.1,10,100,22,Unscaled,Gaussian,absolute_residual,0.92875,8544599268240.8,19.641252100706122,0.0,10
0.1,10,100,22,Empirical_copula,Gaussian,absolute_residual,0.815,595589517.728783,25.688830059710803,0.0009980201721191406,10
0.1,10,100,23,TSCP_R,Gaussian,absolute_residual,0.916875,1716140711.6536627,26.779792215867833,0.0029909610748291016,10
0.1,10,100,23,Point_CHR,Gaussian,absolute_residual,0.881875,1067025312.6777481,25.86740575426228,0.0010013580322265625,10
0.1,10,100,23,Unscaled,Gaussian,absolute_residual,0.91875,4540371034854.086,18.437801472885596,0.0,10
0.1,10,100,23,Empirical_copula,Gaussian,absolute_residual,0.84375,788517583.4151243,22.023637191783013,0.0010008811950683594,10
0.1,10,100,24,TSCP_R,Gaussian,absolute_residual,0.870625,1110332002.215452,23.60954259512748,0.003005504608154297,10
0.1,10,100,24,Point_CHR,Gaussian,absolute_residual,0.8725,1016423176.8688132,23.863588728103064,0.0009999275207519531,10
0.1,10,100,24,Unscaled,Gaussian,absolute_residual,0.855625,1535035668389.5515,16.542907718746225,0.0,10
0.1,10,100,24,Empirical_copula,Gaussian,absolute_residual,0.8075,693048783.5668073,21.321733531420854,0.0009932518005371094,10
0.1,10,100,25,TSCP_R,Gaussian,absolute_residual,0.9425,2747120408.959913,28.593747444059805,0.004017829895019531,10
0.1,10,100,25,Point_CHR,Gaussian,absolute_residual,0.924375,2806231613.5848093,29.0139809408526,0.0,10
0.1,10,100,25,Unscaled,Gaussian,absolute_residual,0.91375,4600564537921.632,18.462100584663556,0.0009949207305908203,10
0.1,10,100,25,Empirical_copula,Gaussian,absolute_residual,0.860625,830887643.316098,27.38265372130253,0.0010080337524414062,10
0.1,10,100,26,TSCP_R,Gaussian,absolute_residual,0.900625,1775781041.85479,26.696708222040733,0.0040454864501953125,10
0.1,10,100,26,Point_CHR,Gaussian,absolute_residual,0.913125,1996269531.123849,28.700997256818376,0.0,10
0.1,10,100,26,Unscaled,Gaussian,absolute_residual,0.876875,1834350389384.636,16.840238178867587,0.0,10
0.1,10,100,26,Empirical_copula,Gaussian,absolute_residual,0.81,629437019.8847177,28.04001362752882,0.0010001659393310547,10
0.1,10,100,27,TSCP_R,Gaussian,absolute_residual,0.893125,1387104083.923558,26.582772103096747,0.005007028579711914,10
0.1,10,100,27,Point_CHR,Gaussian,absolute_residual,0.9125,2591979789.01448,26.57948594000956,0.0,10
0.1,10,100,27,Unscaled,Gaussian,absolute_residual,0.9225,6618409961106.485,19.14588149551482,0.0,10
0.1,10,100,27,Empirical_copula,Gaussian,absolute_residual,0.794375,594156114.1550288,25.186489220129832,0.0009996891021728516,10
0.1,10,100,28,TSCP_R,Gaussian,absolute_residual,0.92125,2252697480.1588097,27.847585707755844,0.003999948501586914,10
0.1,10,100,28,Point_CHR,Gaussian,absolute_residual,0.9625,10831762610.175947,30.789884663510318,0.0,10
0.1,10,100,28,Unscaled,Gaussian,absolute_residual,0.916875,4548459858554.372,18.44108359883862,0.0,10
0.1,10,100,28,Empirical_copula,Gaussian,absolute_residual,0.8375,837895707.0883178,23.382680300043415,0.0010025501251220703,10
0.1,10,100,29,TSCP_R,Gaussian,absolute_residual,0.899375,1400466825.930317,25.365886107812873,0.003003835678100586,10
0.1,10,100,29,Point_CHR,Gaussian,absolute_residual,0.91375,2095876810.2449958,24.01553153182858,0.0,10
0.1,10,100,29,Unscaled,Gaussian,absolute_residual,0.888125,2050181901155.3687,17.02861158480663,0.0,10
0.1,10,100,29,Empirical_copula,Gaussian,absolute_residual,0.846875,762518042.8517784,25.359511385794793,0.000997781753540039,10
0.1,10,100,30,TSCP_R,Gaussian,absolute_residual,0.915625,1981113876.4111273,29.39469801895436,0.004008293151855469,10
0.1,10,100,30,Point_CHR,Gaussian,absolute_residual,0.895,2055239722.9511821,31.130842818416184,0.0,10
0.1,10,100,30,Unscaled,Gaussian,absolute_residual,0.9,2957495974226.376,17.66413666803224,0.0,10
0.1,10,100,30,Empirical_copula,Gaussian,absolute_residual,0.810625,824998556.7799988,28.289479253161694,0.0009996891021728516,10
0.1,10,100,31,TSCP_R,Gaussian,absolute_residual,0.831875,641752902.47708,24.45212368671339,0.0040073394775390625,10
0.1,10,100,31,Point_CHR,Gaussian,absolute_residual,0.796875,596834121.2036554,24.4861073775644,0.0,10
0.1,10,100,31,Unscaled,Gaussian,absolute_residual,0.92,5767417573621.446,18.884180359160627,0.0,10
0.1,10,100,31,Empirical_copula,Gaussian,absolute_residual,0.734375,288987592.6495269,21.77288450219823,0.0009927749633789062,10
0.1,10,100,32,TSCP_R,Gaussian,absolute_residual,0.87125,891364380.9653989,25.350660041100276,0.004000186920166016,10
0.1,10,100,32,Point_CHR,Gaussian,absolute_residual,0.889375,1617425088.0236096,27.4739173856768,0.0,10
0.1,10,100,32,Unscaled,Gaussian,absolute_residual,0.881875,2438666513221.8403,17.326675484928813,0.0,10
0.1,10,100,32,Empirical_copula,Gaussian,absolute_residual,0.788125,437183261.3975441,22.416754507822446,0.0020072460174560547,10
0.1,10,100,33,TSCP_R,Gaussian,absolute_residual,0.9375,3197342911.8824453,28.416798882378124,0.0030088424682617188,10
0.1,10,100,33,Point_CHR,Gaussian,absolute_residual,0.939375,3234317607.763081,27.448888914640058,0.0009980201721191406,10
0.1,10,100,33,Unscaled,Gaussian,absolute_residual,0.93375,8526197147741.18,19.63701794713763,0.0,10
0.1,10,100,33,Empirical_copula,Gaussian,absolute_residual,0.84125,961684067.7248577,25.106057644548926,0.0009996891021728516,10
0.1,10,100,34,TSCP_R,Gaussian,absolute_residual,0.933125,3326662701.6898894,28.283337293592098,0.0040073394775390625,10
0.1,10,100,34,Point_CHR,Gaussian,absolute_residual,0.941875,3365556199.1451845,29.169351224207045,0.0,10
0.1,10,100,34,Unscaled,Gaussian,absolute_residual,0.9025,2418479330099.913,17.31227882231238,0.0,10
0.1,10,100,34,Empirical_copula,Gaussian,absolute_residual,0.825625,813451836.4645616,26.688050897323023,0.000993967056274414,10
0.1,10,100,35,TSCP_R,Gaussian,absolute_residual,0.914375,1969645630.1971786,31.04534236174447,0.004001617431640625,10
0.1,10,100,35,Point_CHR,Gaussian,absolute_residual,0.944375,4520756905.462354,35.125934794870346,0.0,10
0.1,10,100,35,Unscaled,Gaussian,absolute_residual,0.96125,16208229189059.674,20.9398495453859,0.0,10
0.1,10,100,35,Empirical_copula,Gaussian,absolute_residual,0.8675,1039525944.1837134,31.83295531524343,0.0010039806365966797,10
0.1,10,100,36,TSCP_R,Gaussian,absolute_residual,0.909375,1718790973.821697,32.15868822332037,0.004006862640380859,10
0.1,10,100,36,Point_CHR,Gaussian,absolute_residual,0.90125,2409760239.193018,38.949164051079535,0.0009987354278564453,10
0.1,10,100,36,Unscaled,Gaussian,absolute_residual,0.96125,18645366834148.01,21.23523606311891,0.0,10
0.1,10,100,36,Empirical_copula,Gaussian,absolute_residual,0.8375,944007468.8712791,30.1513837691531,0.0010004043579101562,10
0.1,10,100,37,TSCP_R,Gaussian,absolute_residual,0.9025,1354355458.863933,27.54885435838949,0.004000663757324219,10
0.1,10,100,37,Point_CHR,Gaussian,absolute_residual,0.9025,1568117307.7104852,27.173024838672717,0.0,10
0.1,10,100,37,Unscaled,Gaussian,absolute_residual,0.915625,4082179847581.85,18.242704082655255,0.0009987354278564453,10
0.1,10,100,37,Empirical_copula,Gaussian,absolute_residual,0.845625,846589232.9127014,31.054061914299467,0.0010008811950683594,10
0.1,10,100,38,TSCP_R,Gaussian,absolute_residual,0.88375,996911856.2617891,22.244523714052512,0.004001140594482422,10
0.1,10,100,38,Point_CHR,Gaussian,absolute_residual,0.90875,1687677657.405841,28.753570952057736,0.0009989738464355469,10
0.1,10,100,38,Unscaled,Gaussian,absolute_residual,0.859375,1178291263230.6887,16.111102688338246,0.0,10
0.1,10,100,38,Empirical_copula,Gaussian,absolute_residual,0.77625,380472334.8661132,20.29249068471909,0.0009999275207519531,10
0.1,10,100,39,TSCP_R,Gaussian,absolute_residual,0.89625,1330901357.580842,24.943341628578757,0.0029990673065185547,10
0.1,10,100,39,Point_CHR,Gaussian,absolute_residual,0.88,1251125273.0224144,25.839384681149944,0.0010075569152832031,10
0.1,10,100,39,Unscaled,Gaussian,absolute_residual,0.86625,1532677581884.7917,16.540364676844447,0.0,10
0.1,10,100,39,Empirical_copula,Gaussian,absolute_residual,0.783125,517958007.65319103,20.897139931785684,0.000993490219116211,10
0.1,10,100,40,TSCP_R,Gaussian,absolute_residual,0.915625,1932735806.1408343,26.545002198488305,0.003998994827270508,10
0.1,10,100,40,Point_CHR,Gaussian,absolute_residual,0.931875,3515488095.2167983,28.341356840183266,0.0,10
0.1,10,100,40,Unscaled,Gaussian,absolute_residual,0.9025,3662847644995.8145,18.04603874512732,0.0,10
0.1,10,100,40,Empirical_copula,Gaussian,absolute_residual,0.8275,690053690.87678,24.896996567532966,0.0010089874267578125,10
0.1,10,100,41,TSCP_R,Gaussian,absolute_residual,0.87125,901450894.8459384,23.36865709190195,0.004538297653198242,10
0.1,10,100,41,Point_CHR,Gaussian,absolute_residual,0.835625,680078276.5057634,23.727236999877107,0.0014255046844482422,10
0.1,10,100,41,Unscaled,Gaussian,absolute_residual,0.884375,2566126404867.9136,17.415173461532998,0.0,10
0.1,10,100,41,Empirical_copula,Gaussian,absolute_residual,0.765625,379609074.259132,20.58317176540148,0.001008749008178711,10
0.1,10,100,42,TSCP_R,Gaussian,absolute_residual,0.88375,1034283593.5103571,26.21087301152408,0.006340742111206055,10
0.1,10,100,42,Point_CHR,Gaussian,absolute_residual,0.8575,932041875.112399,29.2518497724327,0.0,10
0.1,10,100,42,Unscaled,Gaussian,absolute_residual,0.94125,9199316942309.377,19.786799732281043,0.0009980201721191406,10
0.1,10,100,42,Empirical_copula,Gaussian,absolute_residual,0.84625,675052509.3661727,24.326486919612286,0.0010006427764892578,10
0.1,10,100,43,TSCP_R,Gaussian,absolute_residual,0.886875,1477613646.531188,26.623802213070714,0.003999471664428711,10
0.1,10,100,43,Point_CHR,Gaussian,absolute_residual,0.845,988406341.4142587,23.021891047529632,0.0,10
0.1,10,100,43,Unscaled,Gaussian,absolute_residual,0.9325,6953204654883.429,19.240595137569493,0.0,10
0.1,10,100,43,Empirical_copula,Gaussian,absolute_residual,0.836875,833248337.6881837,23.017194723776175,0.0019991397857666016,10
0.1,10,100,44,TSCP_R,Gaussian,absolute_residual,0.865,1011239513.3401787,22.547814725652955,0.00600123405456543,10
0.1,10,100,44,Point_CHR,Gaussian,absolute_residual,0.90625,2815498506.154239,26.88420522800979,0.0,10
0.1,10,100,44,Unscaled,Gaussian,absolute_residual,0.91,3290024618411.7407,17.853358045807916,0.0,10
0.1,10,100,44,Empirical_copula,Gaussian,absolute_residual,0.784375,445139694.79240555,22.200329825528446,0.000997304916381836,10
0.1,10,100,45,TSCP_R,Gaussian,absolute_residual,0.918125,1522393591.366608,27.971107658206478,0.003999948501586914,10
0.1,10,100,45,Point_CHR,Gaussian,absolute_residual,0.9475,3494411735.06393,33.481794718823096,0.0,10
0.1,10,100,45,Unscaled,Gaussian,absolute_residual,0.945,9526132922542.047,19.855995407794055,0.0,10
0.1,10,100,45,Empirical_copula,Gaussian,absolute_residual,0.848125,662336805.7427312,24.170104134808142,0.001001119613647461,10
0.1,10,100,46,TSCP_R,Gaussian,absolute_residual,0.940625,3114775959.001717,29.24983419505857,0.003998517990112305,10
0.1,10,100,46,Point_CHR,Gaussian,absolute_residual,0.94125,2820631383.3520947,28.249472490153675,0.0,10
0.1,10,100,46,Unscaled,Gaussian,absolute_residual,0.955625,11192055777197.215,20.178597917470892,0.0,10
0.1,10,100,46,Empirical_copula,Gaussian,absolute_residual,0.868125,1030324895.2446976,22.925874496129044,0.0020008087158203125,10
0.1,10,100,47,TSCP_R,Gaussian,absolute_residual,0.8475,746469868.5036268,24.99435512788034,0.004998207092285156,10
0.1,10,100,47,Point_CHR,Gaussian,absolute_residual,0.9175,2773980703.551063,25.896119060529053,0.0,10
0.1,10,100,47,Unscaled,Gaussian,absolute_residual,0.92,4809334609733.592,18.544216947021372,0.0,10
0.1,10,100,47,Empirical_copula,Gaussian,absolute_residual,0.789375,406152300.3241974,21.99597482794227,0.0010008811950683594,10
0.1,10,100,48,TSCP_R,Gaussian,absolute_residual,0.92,1808239589.9815948,25.563274621323156,0.003998994827270508,10
0.1,10,100,48,Point_CHR,Gaussian,absolute_residual,0.904375,2016007433.055484,28.055133220902206,0.0009999275207519531,10
0.1,10,100,48,Unscaled,Gaussian,absolute_residual,0.886875,1966872188744.659,16.958116479213448,0.0,10
0.1,10,100,48,Empirical_copula,Gaussian,absolute_residual,0.78875,532723039.5123492,25.53274993790627,0.0010006427764892578,10
0.1,10,100,49,TSCP_R,Gaussian,absolute_residual,0.943125,2886799227.0461583,29.45067220427606,0.004000425338745117,10
0.1,10,100,49,Point_CHR,Gaussian,absolute_residual,0.93875,3121198991.8278174,28.86972145989559,0.0,10
0.1,10,100,49,Unscaled,Gaussian,absolute_residual,0.90625,4296977736013.847,18.336494407748702,0.0,10
0.1,10,100,49,Empirical_copula,Gaussian,absolute_residual,0.8625,996589132.1925267,26.742669787054133,0.0020062923431396484,10
0.1,10,100,50,TSCP_R,Gaussian,absolute_residual,0.9125,1365049087.4265163,24.52225264177988,0.004006624221801758,10
0.1,10,100,50,Point_CHR,Gaussian,absolute_residual,0.948125,2845756912.0710063,26.235144094190495,0.0,10
0.1,10,100,50,Unscaled,Gaussian,absolute_residual,0.9025,1917997018963.3528,16.915498180844946,0.0,10
0.1,10,100,50,Empirical_copula,Gaussian,absolute_residual,0.824375,537088541.3252263,23.525602503786487,0.0009999275207519531,10
0.1,10,100,51,TSCP_R,Gaussian,absolute_residual,0.8875,1161646474.860458,24.95192336434912,0.004004955291748047,10
0.1,10,100,51,Point_CHR,Gaussian,absolute_residual,0.870625,935373425.6000628,26.811003499665034,0.0,10
0.1,10,100,51,Unscaled,Gaussian,absolute_residual,0.865,1592279166065.008,16.603586966753525,0.0,10
0.1,10,100,51,Empirical_copula,Gaussian,absolute_residual,0.779375,366307705.8159886,23.29761822234363,0.0010001659393310547,10
0.1,10,100,52,TSCP_R,Gaussian,absolute_residual,0.891875,1332421156.7575111,24.854759290762352,0.003996849060058594,10
0.1,10,100,52,Point_CHR,Gaussian,absolute_residual,0.885,2005553066.678399,25.9489559844016,0.0,10
0.1,10,100,52,Unscaled,Gaussian,absolute_residual,0.879375,2284103648828.28,17.213595002065155,0.0,10
0.1,10,100,52,Empirical_copula,Gaussian,absolute_residual,0.8225,583418798.619521,23.821205266202146,0.001001119613647461,10
0.1,10,100,53,TSCP_R,Gaussian,absolute_residual,0.92125,1768141728.3648689,25.119409321269693,0.003009796142578125,10
0.1,10,100,53,Point_CHR,Gaussian,absolute_residual,0.905625,1862656421.0061913,23.55690576673579,0.0009989738464355469,10
0.1,10,100,53,Unscaled,Gaussian,absolute_residual,0.876875,2164368835057.7766,17.121157687707026,0.0,10
0.1,10,100,53,Empirical_copula,Gaussian,absolute_residual,0.87,889482995.3763068,25.116727396557735,0.0009984970092773438,10
0.1,10,100,54,TSCP_R,Gaussian,absolute_residual,0.96375,4377263663.014469,31.863988477572114,0.004004240036010742,10
0.1,10,100,54,Point_CHR,Gaussian,absolute_residual,0.963125,6241072790.062794,29.02658488507368,0.0,10
0.1,10,100,54,Unscaled,Gaussian,absolute_residual,0.91375,3748301083169.245,18.087704189476728,0.0,10
0.1,10,100,54,Empirical_copula,Gaussian,absolute_residual,0.881875,1254554103.5008895,32.45650826480972,0.0009999275207519531,10
0.1,10,100,55,TSCP_R,Gaussian,absolute_residual,0.848125,929888405.9070257,21.6536370026869,0.00400853157043457,10
0.1,10,100,55,Point_CHR,Gaussian,absolute_residual,0.863125,1316385077.6995728,22.82886325246422,0.0,10
0.1,10,100,55,Unscaled,Gaussian,absolute_residual,0.8275,863545536338.6744,15.61811169307504,0.0,10
0.1,10,100,55,Empirical_copula,Gaussian,absolute_residual,0.765,376094220.030646,20.049562351587433,0.0009984970092773438,10
0.1,10,100,56,TSCP_R,Gaussian,absolute_residual,0.90125,1512733509.364962,24.645849931298365,0.004004240036010742,10
0.1,10,100,56,Point_CHR,Gaussian,absolute_residual,0.93875,4639951874.339673,30.73202842366785,0.0,10
0.1,10,100,56,Unscaled,Gaussian,absolute_residual,0.89125,2948376425240.959,17.65868229297134,0.0,10
0.1,10,100,56,Empirical_copula,Gaussian,absolute_residual,0.84875,818646709.4309732,21.776307555720972,0.0009958744049072266,10
0.1,10,100,57,TSCP_R,Gaussian,absolute_residual,0.894375,1375133036.3744793,26.490060634547532,0.003008604049682617,10
0.1,10,100,57,Point_CHR,Gaussian,absolute_residual,0.93875,2961258882.347681,24.991838184079576,0.00099945068359375,10
0.1,10,100,57,Unscaled,Gaussian,absolute_residual,0.93,4077407320166.353,18.240570182462577,0.0,10
0.1,10,100,57,Empirical_copula,Gaussian,absolute_residual,0.79625,583130099.3048985,24.135390692728137,0.000993490219116211,10
0.1,10,100,58,TSCP_R,Gaussian,absolute_residual,0.84125,841930751.4076486,23.800401207658993,0.0029993057250976562,10
0.1,10,100,58,Point_CHR,Gaussian,absolute_residual,0.88125,1925874206.8106797,28.71809494673636,0.0,10
0.1,10,100,58,Unscaled,Gaussian,absolute_residual,0.925,4615150001104.043,18.467945408405857,0.0,10
0.1,10,100,58,Empirical_copula,Gaussian,absolute_residual,0.794375,548964859.2484668,21.802078032733064,0.0010013580322265625,10
0.1,10,100,59,TSCP_R,Gaussian,absolute_residual,0.90625,1649655416.6057754,25.389373822455333,0.005007743835449219,10
0.1,10,100,59,Point_CHR,Gaussian,absolute_residual,0.89125,1909168119.8292732,31.454753828961906,0.0,10
0.1,10,100,59,Unscaled,Gaussian,absolute_residual,0.8775,1783586409864.3784,16.793043596438725,0.0,10
0.1,10,100,59,Empirical_copula,Gaussian,absolute_residual,0.815,645042725.7380753,22.733360431023904,0.0009920597076416016,10
0.1,10,100,60,TSCP_R,Gaussian,absolute_residual,0.9125,1578268652.0492659,25.630913335618054,0.004008293151855469,10
0.1,10,100,60,Point_CHR,Gaussian,absolute_residual,0.905,2176558415.873348,31.320062395137015,0.0009996891021728516,10
0.1,10,100,60,Unscaled,Gaussian,absolute_residual,0.866875,1586210597352.6223,16.59724805091672,0.0,10
0.1,10,100,60,Empirical_copula,Gaussian,absolute_residual,0.8675,837216272.8712069,24.408856644568726,0.0009999275207519531,10
0.1,10,100,61,TSCP_R,Gaussian,absolute_residual,0.893125,1336272580.7757735,23.25108545707778,0.003006458282470703,10
0.1,10,100,61,Point_CHR,Gaussian,absolute_residual,0.91625,1985030984.3333993,25.930892105714207,0.0009927749633789062,10
0.1,10,100,61,Unscaled,Gaussian,absolute_residual,0.890625,1596101715683.6614,16.607568653859857,0.0,10
0.1,10,100,61,Empirical_copula,Gaussian,absolute_residual,0.81375,629482961.0495876,20.768342665779777,0.0010008811950683594,10
0.1,10,100,62,TSCP_R,Gaussian,absolute_residual,0.94375,2734749418.95152,26.82853918421022,0.003999471664428711,10
0.1,10,100,62,Point_CHR,Gaussian,absolute_residual,0.923125,1746894336.4810154,25.91663234788134,0.0,10
0.1,10,100,62,Unscaled,Gaussian,absolute_residual,0.92625,6096082000991.247,18.989130539181875,0.0,10
0.1,10,100,62,Empirical_copula,Gaussian,absolute_residual,0.879375,1171048272.394054,23.943213958584124,0.001007080078125,10
0.1,10,100,63,TSCP_R,Gaussian,absolute_residual,0.880625,983266379.8762304,27.750681813454595,0.0030066967010498047,10
0.1,10,100,63,Point_CHR,Gaussian,absolute_residual,0.904375,1730779157.2027452,31.43048419686769,0.0010006427764892578,10
0.1,10,100,63,Unscaled,Gaussian,absolute_residual,0.9425,10194304622919.63,19.991057148821113,0.0,10
0.1,10,100,63,Empirical_copula,Gaussian,absolute_residual,0.811875,443696641.83132017,24.912773842012413,0.0010006427764892578,10
0.1,10,100,64,TSCP_R,Gaussian,absolute_residual,0.915,1786700138.85182,24.78359991376383,0.003006458282470703,10
0.1,10,100,64,Point_CHR,Gaussian,absolute_residual,0.87375,1396527545.744894,27.178174338827937,0.0010001659393310547,10
0.1,10,100,64,Unscaled,Gaussian,absolute_residual,0.918125,4472346955714.28,18.409989838302888,0.0,10
0.1,10,100,64,Empirical_copula,Gaussian,absolute_residual,0.82875,709092027.7981899,25.652405260091626,0.0009996891021728516,10
0.1,10,100,65,TSCP_R,Gaussian,absolute_residual,0.886875,1282126298.4119556,26.037562154006658,0.004008054733276367,10
0.1,10,100,65,Point_CHR,Gaussian,absolute_residual,0.9325,3325357672.177251,32.80788621364751,0.0,10
0.1,10,100,65,Unscaled,Gaussian,absolute_residual,0.935625,5636780565487.997,18.840963700544496,0.0,10
0.1,10,100,65,Empirical_copula,Gaussian,absolute_residual,0.820625,630750416.1736687,23.53871641251366,0.002002716064453125,10
0.1,10,100,66,TSCP_R,Gaussian,absolute_residual,0.85375,720465387.0157642,24.164615497441247,0.003000497817993164,10
0.1,10,100,66,Point_CHR,Gaussian,absolute_residual,0.88,1194050510.675008,29.88371149988708,0.001008749008178711,10
0.1,10,100,66,Unscaled,Gaussian,absolute_residual,0.91625,3547415399579.96,17.988344848938645,0.0,10
0.1,10,100,66,Empirical_copula,Gaussian,absolute_residual,0.78125,360535302.3910803,23.13786713892248,0.000997304916381836,10
0.1,10,100,67,TSCP_R,Gaussian,absolute_residual,0.964375,5992606176.223718,26.89742699332971,0.004007101058959961,10
0.1,10,100,67,Point_CHR,Gaussian,absolute_residual,0.961875,5989444010.1349,24.786037883192606,0.0,10
0.1,10,100,67,Unscaled,Gaussian,absolute_residual,0.886875,2443662432162.449,17.330221807009263,0.0,10
0.1,10,100,67,Empirical_copula,Gaussian,absolute_residual,0.9,1475008659.43441,25.098961287911646,0.0010001659393310547,10
0.1,10,100,68,TSCP_R,Gaussian,absolute_residual,0.868125,860710737.9215158,23.287173702359233,0.003014802932739258,10
0.1,10,100,68,Point_CHR,Gaussian,absolute_residual,0.825625,579381049.2246665,21.155328634152887,0.0009999275207519531,10
0.1,10,100,68,Unscaled,Gaussian,absolute_residual,0.898125,2391781909062.7554,17.29307231823452,0.0,10
0.1,10,100,68,Empirical_copula,Gaussian,absolute_residual,0.79,486778569.89810646,21.301841584695204,0.0009996891021728516,10
0.1,10,100,69,TSCP_R,Gaussian,absolute_residual,0.926875,2528916013.872796,26.794329483612522,0.004006385803222656,10
0.1,10,100,69,Point_CHR,Gaussian,absolute_residual,0.9025,1647414674.656852,27.26146241636644,0.0,10
0.1,10,100,69,Unscaled,Gaussian,absolute_residual,0.911875,2746014384748.23,17.533567143544165,0.0,10
0.1,10,100,69,Empirical_copula,Gaussian,absolute_residual,0.86,971861660.3624371,23.383020032706032,0.0009932518005371094,10
0.1,10,100,70,TSCP_R,Gaussian,absolute_residual,0.909375,1940386751.9657485,24.341619757129287,0.004016399383544922,10
0.1,10,100,70,Point_CHR,Gaussian,absolute_residual,0.858125,1092922385.2944977,20.762116314197677,0.0,10
0.1,10,100,70,Unscaled,Gaussian,absolute_residual,0.83625,1045761065395.3763,15.920006725168578,0.0,10
0.1,10,100,70,Empirical_copula,Gaussian,absolute_residual,0.813125,751782872.6910373,20.758920642745863,0.0009984970092773438,10
0.1,10,100,71,TSCP_R,Gaussian,absolute_residual,0.954375,3411649647.8625655,26.974735130901056,0.0040073394775390625,10
0.1,10,100,71,Point_CHR,Gaussian,absolute_residual,0.9175,1672150684.5416403,26.558862616381063,0.0,10
0.1,10,100,71,Unscaled,Gaussian,absolute_residual,0.92,4851612458528.725,18.560454647094822,0.0009996891021728516,10
0.1,10,100,71,Empirical_copula,Gaussian,absolute_residual,0.90875,1536130338.0628426,23.91596303591603,0.0010006427764892578,10
0.1,10,100,72,TSCP_R,Gaussian,absolute_residual,0.889375,1303087967.8457832,25.84767485747416,0.003000020980834961,10
0.1,10,100,72,Point_CHR,Gaussian,absolute_residual,0.84,1203446923.762829,25.694255435178796,0.001001119613647461,10
0.1,10,100,72,Unscaled,Gaussian,absolute_residual,0.905,4314652145698.565,18.344022685167015,0.0,10
0.1,10,100,72,Empirical_copula,Gaussian,absolute_residual,0.813125,577237248.8892426,21.984905032311246,0.0009982585906982422,10
0.1,10,100,73,TSCP_R,Gaussian,absolute_residual,0.87625,966653089.9297365,25.12052363009964,0.004000425338745117,10
0.1,10,100,73,Point_CHR,Gaussian,absolute_residual,0.918125,1924336261.2218676,26.26202430070012,0.0,10
0.1,10,100,73,Unscaled,Gaussian,absolute_residual,0.91375,4358348371141.32,18.362516292251016,0.0,10
0.1,10,100,73,Empirical_copula,Gaussian,absolute_residual,0.7875,442387762.1867528,23.36256156963332,0.0010111331939697266,10
0.1,10,100,74,TSCP_R,Gaussian,absolute_residual,0.911875,1647195673.043255,27.200918208549087,0.0040056705474853516,10
0.1,10,100,74,Point_CHR,Gaussian,absolute_residual,0.8925,1273240668.3958633,23.554903469940065,0.0010001659393310547,10
0.1,10,100,74,Unscaled,Gaussian,absolute_residual,0.869375,1734549390866.4182,16.746292288394923,0.0,10
0.1,10,100,74,Empirical_copula,Gaussian,absolute_residual,0.84125,707858495.052006,25.339605214243022,0.0009996891021728516,10
0.1,10,100,75,TSCP_R,Gaussian,absolute_residual,0.9475,3486869358.3277564,30.14152677706557,0.0040073394775390625,10
0.1,10,100,75,Point_CHR,Gaussian,absolute_residual,0.973125,11642815991.7522,37.460225539155076,0.0009927749633789062,10
0.1,10,100,75,Unscaled,Gaussian,absolute_residual,0.91875,5669600109716.103,18.851905011004852,0.0,10
0.1,10,100,75,Empirical_copula,Gaussian,absolute_residual,0.844375,1047509501.2165112,26.468836268993254,0.001008749008178711,10
0.1,10,100,76,TSCP_R,Gaussian,absolute_residual,0.95625,3688698924.6121507,28.343948212741914,0.003666400909423828,10
0.1,10,100,76,Point_CHR,Gaussian,absolute_residual,0.9475,4473843712.84524,25.199411793704552,0.0009987354278564453,10
0.1,10,100,76,Unscaled,Gaussian,absolute_residual,0.905625,3218693404737.882,17.814267155199804,0.0,10
0.1,10,100,76,Empirical_copula,Gaussian,absolute_residual,0.85875,975691809.6397182,27.16424510785552,0.0009996891021728516,10
0.1,10,100,77,TSCP_R,Gaussian,absolute_residual,0.835,645638779.4810034,23.795390988447917,0.0030066967010498047,10
0.1,10,100,77,Point_CHR,Gaussian,absolute_residual,0.81,700651009.8532383,21.66946464542355,0.0009999275207519531,10
0.1,10,100,77,Unscaled,Gaussian,absolute_residual,0.86,1274373433349.756,16.23789283689955,0.0,10
0.1,10,100,77,Empirical_copula,Gaussian,absolute_residual,0.769375,360888948.205796,23.044894125199356,0.0010004043579101562,10
0.1,10,100,78,TSCP_R,Gaussian,absolute_residual,0.906875,1507383139.6269083,26.792181705290044,0.004000663757324219,10
0.1,10,100,78,Point_CHR,Gaussian,absolute_residual,0.904375,1781874791.5077825,24.196270927243177,0.0009989738464355469,10
0.1,10,100,78,Unscaled,Gaussian,absolute_residual,0.90625,3184159524263.785,17.795061027835974,0.0,10
0.1,10,100,78,Empirical_copula,Gaussian,absolute_residual,0.835625,664758280.1228755,26.39165132309264,0.0010018348693847656,10
0.1,10,100,79,TSCP_R,Gaussian,absolute_residual,0.90875,1772054288.2695854,28.373861854803827,0.004008054733276367,10
0.1,10,100,79,Point_CHR,Gaussian,absolute_residual,0.931875,3047377558.7183733,28.15503714089605,0.0,10
0.1,10,100,79,Unscaled,Gaussian,absolute_residual,0.884375,1749305391960.376,16.760484296669173,0.0010001659393310547,10
0.1,10,100,79,Empirical_copula,Gaussian,absolute_residual,0.79625,666400283.5559322,30.39558775207714,0.0010008811950683594,10
0.1,10,100,80,TSCP_R,Gaussian,absolute_residual,0.909375,1932746621.564292,26.69785012538261,0.00399017333984375,10
0.1,10,100,80,Point_CHR,Gaussian,absolute_residual,0.880625,1440904175.9587533,28.948036457586294,0.0,10
0.1,10,100,80,Unscaled,Gaussian,absolute_residual,0.91625,5016305660706.379,18.62251784755566,0.0,10
0.1,10,100,80,Empirical_copula,Gaussian,absolute_residual,0.800625,632098261.1949431,26.204094984602737,0.0010085105895996094,10
0.1,10,100,81,TSCP_R,Gaussian,absolute_residual,0.941875,2934622299.5016,27.162184976973002,0.004006385803222656,10
0.1,10,100,81,Point_CHR,Gaussian,absolute_residual,0.8525,934709922.7891507,26.06104629822378,0.0,10
0.1,10,100,81,Unscaled,Gaussian,absolute_residual,0.881875,1802203130181.822,16.810490051267216,0.0,10
0.1,10,100,81,Empirical_copula,Gaussian,absolute_residual,0.8475,925949387.8575486,23.355421581598563,0.0009942054748535156,10
0.1,10,100,82,TSCP_R,Gaussian,absolute_residual,0.854375,854846272.5131967,24.93469909489714,0.004003047943115234,10
0.1,10,100,82,Point_CHR,Gaussian,absolute_residual,0.884375,1752487934.790736,26.85918739940002,0.0,10
0.1,10,100,82,Unscaled,Gaussian,absolute_residual,0.926875,4098219648994.781,18.249859408190492,0.0,10
0.1,10,100,82,Empirical_copula,Gaussian,absolute_residual,0.755,341537145.95884365,22.89778636633715,0.0009980201721191406,10
0.1,10,100,83,TSCP_R,Gaussian,absolute_residual,0.8875,1527015040.097576,25.703721005181045,0.0040073394775390625,10
0.1,10,100,83,Point_CHR,Gaussian,absolute_residual,0.88625,1688666909.1783228,30.679825864597284,0.0,10
0.1,10,100,83,Unscaled,Gaussian,absolute_residual,0.923125,7858765548923.825,19.477599575004156,0.0,10
0.1,10,100,83,Empirical_copula,Gaussian,absolute_residual,0.82,717795039.9363543,25.137450595877663,0.001001596450805664,10
0.1,10,100,84,TSCP_R,Gaussian,absolute_residual,0.933125,2673507826.1831965,28.14436216399168,0.0029997825622558594,10
0.1,10,100,84,Point_CHR,Gaussian,absolute_residual,0.82875,1257375397.4039114,24.49727959952861,0.001007080078125,10
0.1,10,100,84,Unscaled,Gaussian,absolute_residual,0.88875,2965942603561.0425,17.669175085902125,0.0,10
0.1,10,100,84,Empirical_copula,Gaussian,absolute_residual,0.793125,735256340.7634803,23.229509416788083,0.000995635986328125,10
0.1,10,100,85,TSCP_R,Gaussian,absolute_residual,0.86625,863784525.6672968,23.18430569639984,0.003999471664428711,10
0.1,10,100,85,Point_CHR,Gaussian,absolute_residual,0.83375,759162749.2464529,21.21207207725617,0.0,10
0.1,10,100,85,Unscaled,Gaussian,absolute_residual,0.871875,1541582337780.2554,16.549949487292164,0.0,10
0.1,10,100,85,Empirical_copula,Gaussian,absolute_residual,0.78125,367291871.08155406,21.250757884861116,0.0020117759704589844,10
0.1,10,100,86,TSCP_R,Gaussian,absolute_residual,0.8875,1336688075.8198211,26.072181611539296,0.004008054733276367,10
0.1,10,100,86,Point_CHR,Gaussian,absolute_residual,0.91375,3026162415.6289763,35.164712760472895,0.0,10
0.1,10,100,86,Unscaled,Gaussian,absolute_residual,0.9475,12946776018894.902,20.474634769425702,0.0,10
0.1,10,100,86,Empirical_copula,Gaussian,absolute_residual,0.8075,629602471.6180106,24.006907588112714,0.0010004043579101562,10
0.1,10,100,87,TSCP_R,Gaussian,absolute_residual,0.906875,1515730302.9722817,25.98019933853616,0.0030069351196289062,10
0.1,10,100,87,Point_CHR,Gaussian,absolute_residual,0.899375,1753574143.4917896,27.99401669229267,0.0009999275207519531,10
0.1,10,100,87,Unscaled,Gaussian,absolute_residual,0.910625,4717740916625.834,18.50859313749881,0.0,10
0.1,10,100,87,Empirical_copula,Gaussian,absolute_residual,0.83875,716615817.5244495,25.206606922405964,0.000993490219116211,10
0.1,10,100,88,TSCP_R,Gaussian,absolute_residual,0.965625,4499823964.385609,27.90259424844053,0.0030007362365722656,10
0.1,10,100,88,Point_CHR,Gaussian,absolute_residual,0.965,5464705652.462398,28.224063151383593,0.0010080337524414062,10
0.1,10,100,88,Unscaled,Gaussian,absolute_residual,0.888125,2687784888807.33,17.496027425276402,0.0,10
0.1,10,100,88,Empirical_copula,Gaussian,absolute_residual,0.87125,1085528424.8872292,23.402047960482328,0.0009989738464355469,10
0.1,10,100,89,TSCP_R,Gaussian,absolute_residual,0.930625,2101860154.2831602,25.675412190480273,0.004006862640380859,10
0.1,10,100,89,Point_CHR,Gaussian,absolute_residual,0.946875,3494651888.6280217,27.77288197225821,0.0,10
0.1,10,100,89,Unscaled,Gaussian,absolute_residual,0.87875,1925511112108.317,16.922113472859188,0.0,10
0.1,10,100,89,Empirical_copula,Gaussian,absolute_residual,0.85,845401722.3819464,22.006447295719504,0.0019998550415039062,10
0.1,10,100,90,TSCP_R,Gaussian,absolute_residual,0.895625,1345933085.6854193,24.612314669544983,0.0030066967010498047,10
0.1,10,100,90,Point_CHR,Gaussian,absolute_residual,0.869375,1256996792.6630614,25.097739983461025,0.0009996891021728516,10
0.1,10,100,90,Unscaled,Gaussian,absolute_residual,0.8925,3444086388858.819,17.93524871750726,0.0,10
0.1,10,100,90,Empirical_copula,Gaussian,absolute_residual,0.81375,608211339.245294,21.551900645168026,0.0010001659393310547,10
0.1,10,100,91,TSCP_R,Gaussian,absolute_residual,0.91625,1861963801.4268725,26.909537518474856,0.004011631011962891,10
0.1,10,100,91,Point_CHR,Gaussian,absolute_residual,0.88,1049209818.3037869,23.00504272023736,0.0009975433349609375,10
0.1,10,100,91,Unscaled,Gaussian,absolute_residual,0.92,4719128766940.794,18.509137545456923,0.0,10
0.1,10,100,91,Empirical_copula,Gaussian,absolute_residual,0.84125,743192609.7806494,23.418208968611914,0.0009975433349609375,10
0.1,10,100,92,TSCP_R,Gaussian,absolute_residual,0.9225,2277617272.046571,27.48102412114113,0.0040438175201416016,10
0.1,10,100,92,Point_CHR,Gaussian,absolute_residual,0.921875,2098103887.7332876,25.94893239631906,0.0,10
0.1,10,100,92,Unscaled,Gaussian,absolute_residual,0.928125,5500942856790.808,18.79505986559252,0.0,10
0.1,10,100,92,Empirical_copula,Gaussian,absolute_residual,0.845,933129773.2350409,24.961930435442312,0.0009996891021728516,10
0.1,10,100,93,TSCP_R,Gaussian,absolute_residual,0.948125,3270331520.2808237,25.805735177288767,0.004007101058959961,10
0.1,10,100,93,Point_CHR,Gaussian,absolute_residual,0.9825,9867433627.344347,28.51831891543995,0.0,10
0.1,10,100,93,Unscaled,Gaussian,absolute_residual,0.903125,3093420686119.545,17.743688252417535,0.0,10
0.1,10,100,93,Empirical_copula,Gaussian,absolute_residual,0.87625,1059656147.172627,23.337575851803063,0.00099945068359375,10
0.1,10,100,94,TSCP_R,Gaussian,absolute_residual,0.856875,849288823.8100144,24.273855391712395,0.003007173538208008,10
0.1,10,100,94,Point_CHR,Gaussian,absolute_residual,0.9075,1771957170.0739522,30.10073014435145,0.0,10
0.1,10,100,94,Unscaled,Gaussian,absolute_residual,0.921875,5800262746320.229,18.894907349596146,0.0,10
0.1,10,100,94,Empirical_copula,Gaussian,absolute_residual,0.75125,387877069.69625115,24.33707291270183,0.0009968280792236328,10
0.1,10,100,95,TSCP_R,Gaussian,absolute_residual,0.93375,2135841129.0596974,26.496765175013962,0.004016399383544922,10
0.1,10,100,95,Point_CHR,Gaussian,absolute_residual,0.8825,1102562955.3001773,28.301529525853105,0.0009911060333251953,10
0.1,10,100,95,Unscaled,Gaussian,absolute_residual,0.885625,2077164957562.9055,17.050891808984176,0.0,10
0.1,10,100,95,Empirical_copula,Gaussian,absolute_residual,0.833125,631274697.2326658,21.61053115949924,0.00099945068359375,10
0.1,10,100,96,TSCP_R,Gaussian,absolute_residual,0.86625,1108588933.1305697,24.287009263510445,0.0029926300048828125,10
0.1,10,100,96,Point_CHR,Gaussian,absolute_residual,0.878125,1703432087.089282,25.479034628868483,0.0009999275207519531,10
0.1,10,100,96,Unscaled,Gaussian,absolute_residual,0.894375,2980473412288.5864,17.67781257994233,0.0,10
0.1,10,100,96,Empirical_copula,Gaussian,absolute_residual,0.7975,477443373.0176591,22.552571252547658,0.0009999275207519531,10
0.1,10,100,97,TSCP_R,Gaussian,absolute_residual,0.95125,2978835164.906476,24.85889889635251,0.004006147384643555,10
0.1,10,100,97,Point_CHR,Gaussian,absolute_residual,0.896875,1771145586.9432826,27.05574418386785,0.0,10
0.1,10,100,97,Unscaled,Gaussian,absolute_residual,0.925625,4711359801107.836,18.50608817970787,0.0,10
0.1,10,100,97,Empirical_copula,Gaussian,absolute_residual,0.81125,695794040.5021087,20.043500586947438,0.0009930133819580078,10
0.1,10,100,98,TSCP_R,Gaussian,absolute_residual,0.858125,947971832.7977456,21.956256512984403,0.004003047943115234,10
0.1,10,100,98,Point_CHR,Gaussian,absolute_residual,0.83,774213285.5749818,23.201740068651503,0.0,10
0.1,10,100,98,Unscaled,Gaussian,absolute_residual,0.77,375105826919.9695,14.368630643500701,0.0009984970092773438,10
0.1,10,100,98,Empirical_copula,Gaussian,absolute_residual,0.775625,475244093.7885058,23.58641466697194,0.0010089874267578125,10
0.1,10,100,99,TSCP_R,Gaussian,absolute_residual,0.9025,1484865729.2426145,27.12161266995338,0.004007577896118164,10
0.1,10,100,99,Point_CHR,Gaussian,absolute_residual,0.893125,1262050548.4263918,26.478036847736355,0.0,10
0.1,10,100,99,Unscaled,Gaussian,absolute_residual,0.895625,2406109096600.242,17.3034033502032,0.0,10
0.1,10,100,99,Empirical_copula,Gaussian,absolute_residual,0.805625,689724056.0055944,26.418581885863947,0.0009963512420654297,10
0.1,10,100,100,TSCP_R,Gaussian,absolute_residual,0.92625,2020898008.7353833,28.24720118329737,0.00403594970703125,10
0.1,10,100,100,Point_CHR,Gaussian,absolute_residual,0.9275,2367038225.067225,26.883981595682975,0.00099945068359375,10
0.1,10,100,100,Unscaled,Gaussian,absolute_residual,0.919375,2969911062226.3325,17.671537815627868,0.0,10
0.1,10,100,100,Empirical_copula,Gaussian,absolute_residual,0.838125,724009042.8048317,26.947513257681663,0.0010004043579101562,10
0.1,10,100,101,TSCP_R,Gaussian,absolute_residual,0.92,2228556752.918385,30.109698822562294,0.0040013790130615234,10
0.1,10,100,101,Point_CHR,Gaussian,absolute_residual,0.9525,4955823540.215282,29.007817103127003,0.0,10
0.1,10,100,101,Unscaled,Gaussian,absolute_residual,0.935625,10328819101783.016,20.01728014005644,0.0,10
0.1,10,100,101,Empirical_copula,Gaussian,absolute_residual,0.835625,829505424.1848837,27.22678642700289,0.0009999275207519531,10
0.1,10,100,102,TSCP_R,Gaussian,absolute_residual,0.943125,3295219201.899724,27.497138838110324,0.002994537353515625,10
0.1,10,100,102,Point_CHR,Gaussian,absolute_residual,0.935625,3052833195.826821,26.02085272296864,0.0,10
0.1,10,100,102,Unscaled,Gaussian,absolute_residual,0.90625,2705550966591.266,17.507557926316693,0.0,10
0.1,10,100,102,Empirical_copula,Gaussian,absolute_residual,0.86125,1240087798.8771648,28.14059588045455,0.00099945068359375,10
0.1,10,100,103,TSCP_R,Gaussian,absolute_residual,0.893125,1484341711.0992565,28.74676137696413,0.003007173538208008,10
0.1,10,100,103,Point_CHR,Gaussian,absolute_residual,0.87625,1153460893.1639626,27.222774084878594,0.0009984970092773438,10
0.1,10,100,103,Unscaled,Gaussian,absolute_residual,0.915625,4732439182000.209,18.514351477484148,0.0,10
0.1,10,100,103,Empirical_copula,Gaussian,absolute_residual,0.818125,715034683.0177262,27.149148954688897,0.0009937286376953125,10
0.1,10,100,104,TSCP_R,Gaussian,absolute_residual,0.896875,1394830940.1763458,26.572335710714135,0.004001140594482422,10
0.1,10,100,104,Point_CHR,Gaussian,absolute_residual,0.889375,1420244483.3315976,28.310079054497944,0.0,10
0.1,10,100,104,Unscaled,Gaussian,absolute_residual,0.920625,5243505872146.963,18.705192236219325,0.0,10
0.1,10,100,104,Empirical_copula,Gaussian,absolute_residual,0.816875,571009299.4634681,26.090492695675707,0.0010004043579101562,10
0.1,10,100,105,TSCP_R,Gaussian,absolute_residual,0.879375,1039184021.8598647,26.007674000178017,0.0040094852447509766,10
0.1,10,100,105,Point_CHR,Gaussian,absolute_residual,0.828125,652828720.2824801,24.848525950198535,0.0009965896606445312,10
0.1,10,100,105,Unscaled,Gaussian,absolute_residual,0.88875,2787267930042.64,17.559731533152675,0.0,10
0.1,10,100,105,Empirical_copula,Gaussian,absolute_residual,0.83,868521792.2897497,24.848525950198535,0.0009996891021728516,10
0.1,10,100,106,TSCP_R,Gaussian,absolute_residual,0.868125,857779364.7131041,26.880380511391408,0.003007173538208008,10
0.1,10,100,106,Point_CHR,Gaussian,absolute_residual,0.871875,1313954311.201616,26.552695565538748,0.0009949207305908203,10
0.1,10,100,106,Unscaled,Gaussian,absolute_residual,0.874375,1837206178361.1116,16.84285809857936,0.0,10
0.1,10,100,106,Empirical_copula,Gaussian,absolute_residual,0.73625,317946927.4313204,27.380666211814994,0.0009996891021728516,10
0.1,10,100,107,TSCP_R,Gaussian,absolute_residual,0.926875,2797952375.298486,25.411098228388383,0.004006385803222656,10
0.1,10,100,107,Point_CHR,Gaussian,absolute_residual,0.9575,8465442435.604449,29.739034455982114,0.0,10
0.1,10,100,107,Unscaled,Gaussian,absolute_residual,0.87375,1722386667481.6938,16.734512509305024,0.0,10
0.1,10,100,107,Empirical_copula,Gaussian,absolute_residual,0.838125,851335897.2545953,23.479107727761168,0.0010037422180175781,10
0.1,10,100,108,TSCP_R,Gaussian,absolute_residual,0.898125,1764854798.2028503,30.753315634970964,0.003006458282470703,10
0.1,10,100,108,Point_CHR,Gaussian,absolute_residual,0.8625,1228131263.0260627,27.67336298463315,0.0009999275207519531,10
0.1,10,100,108,Unscaled,Gaussian,absolute_residual,0.88375,2870071411953.5435,17.611213023019456,0.0,10
0.1,10,100,108,Empirical_copula,Gaussian,absolute_residual,0.738125,481296423.95000297,27.945769215083793,0.0009999275207519531,10
0.1,10,100,109,TSCP_R,Gaussian,absolute_residual,0.83375,683152042.8861332,22.59293309632258,0.004006624221801758,10
0.1,10,100,109,Point_CHR,Gaussian,absolute_residual,0.899375,2963376394.4840856,23.730552759584327,0.0,10
0.1,10,100,109,Unscaled,Gaussian,absolute_residual,0.855625,1295472625929.4434,16.264578916559,0.0,10
0.1,10,100,109,Empirical_copula,Gaussian,absolute_residual,0.753125,364727445.5472343,21.91822564659082,0.0020020008087158203,10
0.1,10,100,110,TSCP_R,Gaussian,absolute_residual,0.928125,2259712461.8267026,23.66251857461304,0.004000663757324219,10
0.1,10,100,110,Point_CHR,Gaussian,absolute_residual,0.9325,3874690947.883336,23.62990583218727,0.0,10
0.1,10,100,110,Unscaled,Gaussian,absolute_residual,0.845625,1069470917883.8931,15.955738056348528,0.0,10
0.1,10,100,110,Empirical_copula,Gaussian,absolute_residual,0.8625,999545619.659431,22.716508881945433,0.0020008087158203125,10
0.1,10,100,111,TSCP_R,Gaussian,absolute_residual,0.918125,1887503361.2491093,27.29267883457915,0.004000186920166016,10
0.1,10,100,111,Point_CHR,Gaussian,absolute_residual,0.930625,2902973720.164005,25.819951742822276,0.001001119613647461,10
0.1,10,100,111,Unscaled,Gaussian,absolute_residual,0.9325,4079054293541.727,18.241306833767805,0.0,10
0.1,10,100,111,Empirical_copula,Gaussian,absolute_residual,0.834375,617435950.9577925,24.183776213117575,0.0010004043579101562,10
0.1,10,100,112,TSCP_R,Gaussian,absolute_residual,0.939375,2277985575.460725,30.087542182437,0.0029993057250976562,10
0.1,10,100,112,Point_CHR,Gaussian,absolute_residual,0.908125,3264298184.05017,36.157585203784286,0.000993967056274414,10
0.1,10,100,112,Unscaled,Gaussian,absolute_residual,0.936875,5483277190837.226,18.789015300926945,0.0,10
0.1,10,100,112,Empirical_copula,Gaussian,absolute_residual,0.838125,756615037.9756092,24.13331751876359,0.00099945068359375,10
0.1,10,100,113,TSCP_R,Gaussian,absolute_residual,0.91875,1758563451.0912428,26.269165601941044,0.003000497817993164,10
0.1,10,100,113,Point_CHR,Gaussian,absolute_residual,0.96375,9026408738.688583,32.400420211654065,0.0,10
0.1,10,100,113,Unscaled,Gaussian,absolute_residual,0.93125,5612536549712.964,18.83284440060373,0.0,10
0.1,10,100,113,Empirical_copula,Gaussian,absolute_residual,0.855,1167606524.9159749,25.85477545937524,0.00099945068359375,10
0.1,10,100,114,TSCP_R,Gaussian,absolute_residual,0.90125,1444413679.033737,26.35424749856608,0.004004955291748047,10
0.1,10,100,114,Point_CHR,Gaussian,absolute_residual,0.90375,1977063637.5548546,28.271478560741457,0.0,10
0.1,10,100,114,Unscaled,Gaussian,absolute_residual,0.901875,3012775086185.045,17.696878578825658,0.0,10
0.1,10,100,114,Empirical_copula,Gaussian,absolute_residual,0.805625,544017727.1481528,20.207732782051032,0.0019998550415039062,10
0.1,10,100,115,TSCP_R,Gaussian,absolute_residual,0.90125,1496080735.7397723,27.08918250877577,0.004006624221801758,10
0.1,10,100,115,Point_CHR,Gaussian,absolute_residual,0.968125,12857643136.222067,28.088729434288616,0.0,10
0.1,10,100,115,Unscaled,Gaussian,absolute_residual,0.9275,6342567207050.241,19.064547767494172,0.000993490219116211,10
0.1,10,100,115,Empirical_copula,Gaussian,absolute_residual,0.818125,613845013.9846188,27.079654463614904,0.0009996891021728516,10
0.1,10,100,116,TSCP_R,Gaussian,absolute_residual,0.94125,2731793460.1173215,26.6967834946619,0.003008604049682617,10
0.1,10,100,116,Point_CHR,Gaussian,absolute_residual,0.949375,3888917488.8168645,28.74963524800664,0.0009996891021728516,10
0.1,10,100,116,Unscaled,Gaussian,absolute_residual,0.903125,2957097952479.086,17.663898928524645,0.0,10
0.1,10,100,116,Empirical_copula,Gaussian,absolute_residual,0.885625,1230888179.306121,24.029672659800966,0.0009982585906982422,10
0.1,10,100,117,TSCP_R,Gaussian,absolute_residual,0.94125,2890507153.808009,30.97311713399739,0.0040073394775390625,10
0.1,10,100,117,Point_CHR,Gaussian,absolute_residual,0.93,2718523655.793491,24.570684417393487,0.0,10
0.1,10,100,117,Unscaled,Gaussian,absolute_residual,0.9375,9277563550246.803,19.80356571254428,0.0,10
0.1,10,100,117,Empirical_copula,Gaussian,absolute_residual,0.84625,910646083.9851875,28.63229669888478,0.0009992122650146484,10
0.1,10,100,118,TSCP_R,Gaussian,absolute_residual,0.874375,858836947.145789,24.368949326647666,0.004025459289550781,10
0.1,10,100,118,Point_CHR,Gaussian,absolute_residual,0.935,2496769877.843173,29.629987068069493,0.0,10
0.1,10,100,118,Unscaled,Gaussian,absolute_residual,0.905,2857576027627.0615,17.603530594043377,0.0,10
0.1,10,100,118,Empirical_copula,Gaussian,absolute_residual,0.8075,528181840.5663215,21.452316074881455,0.000993490219116211,10
0.1,10,100,119,TSCP_R,Gaussian,absolute_residual,0.901875,1487961840.0732625,26.705506950863786,0.004030942916870117,10
0.1,10,100,119,Point_CHR,Gaussian,absolute_residual,0.934375,3287426689.0505834,30.792298827545444,0.0,10
0.1,10,100,119,Unscaled,Gaussian,absolute_residual,0.949375,9814518585808.805,19.915302167201595,0.0,10
0.1,10,100,119,Empirical_copula,Gaussian,absolute_residual,0.81875,628806446.8687779,23.290669599858262,0.0009975433349609375,10
0.1,10,100,120,TSCP_R,Gaussian,absolute_residual,0.89125,1216117874.40319,25.4904990271409,0.0040073394775390625,10
0.1,10,100,120,Point_CHR,Gaussian,absolute_residual,0.924375,2518309608.6948853,29.82697012734856,0.0009999275207519531,10
0.1,10,100,120,Unscaled,Gaussian,absolute_residual,0.93125,6298199022197.964,19.051169369157467,0.0,10
0.1,10,100,120,Empirical_copula,Gaussian,absolute_residual,0.81625,559855203.4870071,21.84127403337176,0.0009999275207519531,10
0.1,10,100,121,TSCP_R,Gaussian,absolute_residual,0.926875,2562527113.7617297,27.402512427550917,0.0030069351196289062,10
0.1,10,100,121,Point_CHR,Gaussian,absolute_residual,0.9175,2735409494.559964,28.052530189758258,0.0009999275207519531,10
0.1,10,100,121,Unscaled,Gaussian,absolute_residual,0.895625,3189862925270.1465,17.798245876299564,0.0,10
0.1,10,100,121,Empirical_copula,Gaussian,absolute_residual,0.853125,1059870245.1676797,25.316421276892278,0.0010037422180175781,10
0.1,10,100,122,TSCP_R,Gaussian,absolute_residual,0.939375,2787761636.107269,27.652053522876443,0.002997159957885742,10
0.1,10,100,122,Point_CHR,Gaussian,absolute_residual,0.960625,6592201662.597099,28.78961880467081,0.0009951591491699219,10
0.1,10,100,122,Unscaled,Gaussian,absolute_residual,0.93,6142308443624.826,19.003481050033947,0.0,10
0.1,10,100,122,Empirical_copula,Gaussian,absolute_residual,0.906875,1389226770.491147,25.014486926005517,0.0010075569152832031,10
0.1,10,100,123,TSCP_R,Gaussian,absolute_residual,0.828125,618927149.0868442,25.055408844019997,0.004008293151855469,10
0.1,10,100,123,Point_CHR,Gaussian,absolute_residual,0.801875,549084339.3804765,24.367087441838954,0.0010063648223876953,10
0.1,10,100,123,Unscaled,Gaussian,absolute_residual,0.89375,3401783535347.6343,17.91309658160794,0.0,10
0.1,10,100,123,Empirical_copula,Gaussian,absolute_residual,0.750625,317543270.4706088,24.88271688071694,0.0010001659393310547,10
0.1,10,100,124,TSCP_R,Gaussian,absolute_residual,0.855,929163573.4398774,25.9780666119986,0.0030057430267333984,10
0.1,10,100,124,Point_CHR,Gaussian,absolute_residual,0.815,1000536479.5782199,21.524116213478788,0.0010020732879638672,10
0.1,10,100,124,Unscaled,Gaussian,absolute_residual,0.925625,6413947528730.081,19.08589544045035,0.0,10
0.1,10,100,124,Empirical_copula,Gaussian,absolute_residual,0.813125,569652604.737766,23.089160831777015,0.0009982585906982422,10
0.1,10,100,125,TSCP_R,Gaussian,absolute_residual,0.9225,1873068042.947277,23.551322137400795,0.00400090217590332,10
0.1,10,100,125,Point_CHR,Gaussian,absolute_residual,0.82875,693034804.683989,20.429309709058234,0.0,10
0.1,10,100,125,Unscaled,Gaussian,absolute_residual,0.833125,805258445297.3805,15.509347571635017,0.0,10
0.1,10,100,125,Empirical_copula,Gaussian,absolute_residual,0.7775,490612598.91305494,19.597060604859113,0.0010080337524414062,10
0.1,10,100,126,TSCP_R,Gaussian,absolute_residual,0.9,1365239366.8465288,26.331308563715748,0.0030095577239990234,10
0.1,10,100,126,Point_CHR,Gaussian,absolute_residual,0.918125,1896149098.035838,27.041566822306493,0.0009975433349609375,10
0.1,10,100,126,Unscaled,Gaussian,absolute_residual,0.89625,2831968971088.7925,17.58769189959339,0.0,10
0.1,10,100,126,Empirical_copula,Gaussian,absolute_residual,0.82875,681743328.0682709,24.557193348960535,0.0009999275207519531,10
0.1,10,100,127,TSCP_R,Gaussian,absolute_residual,0.864375,1029993485.014071,26.604018843615194,0.0040056705474853516,10
0.1,10,100,127,Point_CHR,Gaussian,absolute_residual,0.93875,2655325753.5002036,32.553360054261105,0.0,10
0.1,10,100,127,Unscaled,Gaussian,absolute_residual,0.944375,9253541526336.193,19.798432070156224,0.0,10
0.1,10,100,127,Empirical_copula,Gaussian,absolute_residual,0.79,470486788.8537897,22.2294070257892,0.0010001659393310547,10
0.1,10,100,128,TSCP_R,Gaussian,absolute_residual,0.923125,2259746414.1372504,29.750691123404096,0.003999948501586914,10
0.1,10,100,128,Point_CHR,Gaussian,absolute_residual,0.899375,1986661623.3960524,29.436934829108637,0.0,10
0.1,10,100,128,Unscaled,Gaussian,absolute_residual,0.91625,4252988413164.923,18.317635801476072,0.0010149478912353516,10
0.1,10,100,128,Empirical_copula,Gaussian,absolute_residual,0.815625,721710285.786876,27.813839144353565,0.0009953975677490234,10
0.1,10,100,129,TSCP_R,Gaussian,absolute_residual,0.894375,1214677932.6460264,25.754070228851873,0.004012107849121094,10
0.1,10,100,129,Point_CHR,Gaussian,absolute_residual,0.92125,1818212858.998473,24.877925669245787,0.0,10
0.1,10,100,129,Unscaled,Gaussian,absolute_residual,0.926875,5550324597595.3,18.811864341893237,0.0,10
0.1,10,100,129,Empirical_copula,Gaussian,absolute_residual,0.80875,484597445.04137474,24.877925669245787,0.0009953975677490234,10
0.1,10,100,130,TSCP_R,Gaussian,absolute_residual,0.92875,1968871379.7906141,30.02481013888943,0.003012418746948242,10
0.1,10,100,130,Point_CHR,Gaussian,absolute_residual,0.914375,1998215168.7320354,27.26498936957468,0.0009946823120117188,10
0.1,10,100,130,Unscaled,Gaussian,absolute_residual,0.918125,3983975265609.885,18.19833533373278,0.0,10
0.1,10,100,130,Empirical_copula,Gaussian,absolute_residual,0.8,617581750.1433035,26.253733925817723,0.0009992122650146484,10
0.1,10,100,131,TSCP_R,Gaussian,absolute_residual,0.913125,1975101796.9532087,26.517745363058683,0.004006385803222656,10
0.1,10,100,131,Point_CHR,Gaussian,absolute_residual,0.915,2397730572.5692606,24.264390771044965,0.0,10
0.1,10,100,131,Unscaled,Gaussian,absolute_residual,0.8975,3280241821354.993,17.848042282546643,0.0,10
0.1,10,100,131,Empirical_copula,Gaussian,absolute_residual,0.834375,851311564.8924696,25.66310702868857,0.0010135173797607422,10
0.1,10,100,132,TSCP_R,Gaussian,absolute_residual,0.871875,1397507542.2321756,23.85052835204304,0.004010915756225586,10
0.1,10,100,132,Point_CHR,Gaussian,absolute_residual,0.863125,1331015363.5281687,21.263560370559972,0.0009963512420654297,10
0.1,10,100,132,Unscaled,Gaussian,absolute_residual,0.8925,2568522277216.413,17.416798752185457,0.0,10
0.1,10,100,132,Empirical_copula,Gaussian,absolute_residual,0.76875,454698581.7382639,21.12243979286081,0.0009925365447998047,10
0.1,10,100,133,TSCP_R,Gaussian,absolute_residual,0.940625,3770647667.160061,25.76230894990676,0.0030040740966796875,10
0.1,10,100,133,Point_CHR,Gaussian,absolute_residual,0.94,4448465047.937164,26.6336218901612,0.0010004043579101562,10
0.1,10,100,133,Unscaled,Gaussian,absolute_residual,0.92875,6878423973346.091,19.219801328825206,0.0,10
0.1,10,100,133,Empirical_copula,Gaussian,absolute_residual,0.8825,1249825865.6439493,22.297720080497985,0.0009999275207519531,10
0.1,10,100,134,TSCP_R,Gaussian,absolute_residual,0.93875,2664585255.427155,30.524568854097627,0.0030069351196289062,10
0.1,10,100,134,Point_CHR,Gaussian,absolute_residual,0.9525,3458707690.2552805,32.30300952521999,0.0009999275207519531,10
0.1,10,100,134,Unscaled,Gaussian,absolute_residual,0.9325,10449715017801.332,20.040587302402972,0.0,10
0.1,10,100,134,Empirical_copula,Gaussian,absolute_residual,0.863125,1060566437.2532626,33.61572163903151,0.001024484634399414,10
0.1,10,100,135,TSCP_R,Gaussian,absolute_residual,0.8575,711815943.0717525,23.213199151577697,0.0040013790130615234,10
0.1,10,100,135,Point_CHR,Gaussian,absolute_residual,0.91,1807062308.1163075,28.919390998958157,0.0,10
0.1,10,100,135,Unscaled,Gaussian,absolute_residual,0.90375,3060089492346.237,17.72447632819083,0.0,10
0.1,10,100,135,Empirical_copula,Gaussian,absolute_residual,0.814375,467720212.70943564,22.171674386883364,0.00099945068359375,10
0.1,10,100,136,TSCP_R,Gaussian,absolute_residual,0.888125,1113867998.712024,25.82974709516523,0.0030095577239990234,10
0.1,10,100,136,Point_CHR,Gaussian,absolute_residual,0.9225,2332339392.712452,31.122709191440094,0.000997304916381836,10
0.1,10,100,136,Unscaled,Gaussian,absolute_residual,0.893125,2426370352956.5537,17.317919202122773,0.0,10
0.1,10,100,136,Empirical_copula,Gaussian,absolute_residual,0.80875,452635912.1475418,25.145132456375688,0.0009999275207519531,10
0.1,10,100,137,TSCP_R,Gaussian,absolute_residual,0.90875,1728417545.9566238,25.026163814617515,0.0030069351196289062,10
0.1,10,100,137,Point_CHR,Gaussian,absolute_residual,0.90625,2096436063.7873235,22.909707993334813,0.0009992122650146484,10
0.1,10,100,137,Unscaled,Gaussian,absolute_residual,0.891875,2437848544949.8203,17.326094232413617,0.0,10
0.1,10,100,137,Empirical_copula,Gaussian,absolute_residual,0.82,582781104.4640738,24.823040125687406,0.0009932518005371094,10
0.1,10,100,138,TSCP_R,Gaussian,absolute_residual,0.89,1085747330.591988,26.031478323517128,0.004001140594482422,10
0.1,10,100,138,Point_CHR,Gaussian,absolute_residual,0.89875,1704550676.560241,29.516778703581828,0.0,10
0.1,10,100,138,Unscaled,Gaussian,absolute_residual,0.915,4299678208294.586,18.337646454599074,0.0009996891021728516,10
0.1,10,100,138,Empirical_copula,Gaussian,absolute_residual,0.761875,349276221.53788567,26.579678731793084,0.0010061264038085938,10
0.1,10,100,139,TSCP_R,Gaussian,absolute_residual,0.900625,1726401339.5286791,27.62814478731283,0.003000497817993164,10
0.1,10,100,139,Point_CHR,Gaussian,absolute_residual,0.915,2651590840.0768223,24.82730301632667,0.0009996891021728516,10
0.1,10,100,139,Unscaled,Gaussian,absolute_residual,0.904375,4184342552601.5244,18.287853039780586,0.0,10
0.1,10,100,139,Empirical_copula,Gaussian,absolute_residual,0.83625,795205739.1930254,25.64752274512462,0.0010075569152832031,10
0.1,10,100,140,TSCP_R,Gaussian,absolute_residual,0.856875,965090905.1273432,30.49971350778382,0.003004789352416992,10
0.1,10,100,140,Point_CHR,Gaussian,absolute_residual,0.8275,1000511745.9997245,30.519974737107013,0.0,10
0.1,10,100,140,Unscaled,Gaussian,absolute_residual,0.965,23526734389662.445,21.73482585913649,0.0,10
0.1,10,100,140,Empirical_copula,Gaussian,absolute_residual,0.815625,606067706.343451,25.962123303661127,0.0009999275207519531,10
0.1,10,100,141,TSCP_R,Gaussian,absolute_residual,0.9,1431302052.5652149,26.06378160459078,0.004007101058959961,10
0.1,10,100,141,Point_CHR,Gaussian,absolute_residual,0.926875,3165817154.0899525,30.272551511548343,0.0,10
0.1,10,100,141,Unscaled,Gaussian,absolute_residual,0.911875,3319710458041.941,17.869402065342072,0.0,10
0.1,10,100,141,Empirical_copula,Gaussian,absolute_residual,0.81125,657403778.1544569,22.575183146629225,0.0009980201721191406,10
0.1,10,100,142,TSCP_R,Gaussian,absolute_residual,0.858125,1014891088.2525429,23.342399673384318,0.0040130615234375,10
0.1,10,100,142,Point_CHR,Gaussian,absolute_residual,0.876875,1249209607.413111,23.427377659504163,0.0,10
0.1,10,100,142,Unscaled,Gaussian,absolute_residual,0.874375,2377796681555.776,17.282934007741915,0.0009951591491699219,10
0.1,10,100,142,Empirical_copula,Gaussian,absolute_residual,0.755625,406354475.0695783,22.49932036514529,0.000997304916381836,10
0.1,10,100,143,TSCP_R,Gaussian,absolute_residual,0.91625,2387304309.224636,24.774316366063708,0.004001140594482422,10
0.1,10,100,143,Point_CHR,Gaussian,absolute_residual,0.9475,3569377358.6469865,28.36620731121242,0.0,10
0.1,10,100,143,Unscaled,Gaussian,absolute_residual,0.8925,2150701410344.7625,17.11031527722777,0.0,10
0.1,10,100,143,Empirical_copula,Gaussian,absolute_residual,0.865,907087726.857026,23.883335383167953,0.0009992122650146484,10
0.1,10,100,144,TSCP_R,Gaussian,absolute_residual,0.854375,774136417.0893124,22.575020619529763,0.004000186920166016,10
0.1,10,100,144,Point_CHR,Gaussian,absolute_residual,0.92625,2318980166.21393,27.441689591201857,0.001007080078125,10
0.1,10,100,144,Unscaled,Gaussian,absolute_residual,0.868125,1896652309477.238,16.89657858037055,0.0,10
0.1,10,100,144,Empirical_copula,Gaussian,absolute_residual,0.73625,314947124.8855253,19.10651909253174,0.000993967056274414,10
0.1,10,100,145,TSCP_R,Gaussian,absolute_residual,0.87125,1047967056.0886155,25.722430148203294,0.00400996208190918,10
0.1,10,100,145,Point_CHR,Gaussian,absolute_residual,0.796875,521817348.35134226,26.43464554058742,0.0010068416595458984,10
0.1,10,100,145,Unscaled,Gaussian,absolute_residual,0.90625,4635686612165.007,18.476146911908874,0.0,10
0.1,10,100,145,Empirical_copula,Gaussian,absolute_residual,0.81,544802038.3766352,25.033787215957243,0.0010020732879638672,10
0.1,10,100,146,TSCP_R,Gaussian,absolute_residual,0.9325,2600228830.4655285,27.603089541589753,0.004006385803222656,10
0.1,10,100,146,Point_CHR,Gaussian,absolute_residual,0.838125,1167996033.0337284,27.941939499674277,0.0010006427764892578,10
0.1,10,100,146,Unscaled,Gaussian,absolute_residual,0.94375,9087168722371.861,19.76254442330094,0.0,10
0.1,10,100,146,Empirical_copula,Gaussian,absolute_residual,0.8675,1046724126.2550726,24.352590640049943,0.0009987354278564453,10
0.1,10,100,147,TSCP_R,Gaussian,absolute_residual,0.9425,2253979231.5348797,28.23564329535143,0.004001140594482422,10
0.1,10,100,147,Point_CHR,Gaussian,absolute_residual,0.90625,1930677950.1243348,24.601549013944947,0.0,10
0.1,10,100,147,Unscaled,Gaussian,absolute_residual,0.905625,3083715497138.5283,17.7381135352341,0.0,10
0.1,10,100,147,Empirical_copula,Gaussian,absolute_residual,0.8175,728213983.7259859,24.431429115395254,0.0009999275207519531,10
0.1,10,100,148,TSCP_R,Gaussian,absolute_residual,0.945625,3591782890.669658,23.592787487691055,0.00500035285949707,10
0.1,10,100,148,Point_CHR,Gaussian,absolute_residual,0.9025,3897198803.7624106,22.54540346412167,0.0,10
0.1,10,100,148,Unscaled,Gaussian,absolute_residual,0.90375,3105102252800.085,17.750377374720205,0.0,10
0.1,10,100,148,Empirical_copula,Gaussian,absolute_residual,0.870625,1209619514.719969,19.426332931670906,0.002000570297241211,10
0.1,10,100,149,TSCP_R,Gaussian,absolute_residual,0.886875,1053719520.7237579,25.041357567042926,0.003999948501586914,10
0.1,10,100,149,Point_CHR,Gaussian,absolute_residual,0.875625,974056474.6453034,21.812810061772407,0.0009992122650146484,10
0.1,10,100,149,Unscaled,Gaussian,absolute_residual,0.880625,1980118355585.3184,16.9695026877513,0.0,10
0.1,10,100,149,Empirical_copula,Gaussian,absolute_residual,0.78375,341815309.2231359,22.772643316704176,0.0010068416595458984,10
0.1,10,100,150,TSCP_R,Gaussian,absolute_residual,0.866875,961522670.2271273,22.346477716273345,0.003009319305419922,10
0.1,10,100,150,Point_CHR,Gaussian,absolute_residual,0.91,2136239087.5925605,27.41784645579899,0.000997781753540039,10
0.1,10,100,150,Unscaled,Gaussian,absolute_residual,0.861875,1275230697803.9316,16.2389848210824,0.0,10
0.1,10,100,150,Empirical_copula,Gaussian,absolute_residual,0.79,445118290.44855094,19.31606664800948,0.0010001659393310547,10
0.1,10,100,151,TSCP_R,Gaussian,absolute_residual,0.939375,2177829755.065872,30.409839474128564,0.0023992061614990234,10
0.1,10,100,151,Point_CHR,Gaussian,absolute_residual,0.971875,6813886395.246056,33.74716848877654,0.0014810562133789062,10
0.1,10,100,151,Unscaled,Gaussian,absolute_residual,0.895,3655144843223.5933,18.04224014925958,0.0,10
0.1,10,100,151,Empirical_copula,Gaussian,absolute_residual,0.870625,935812052.9108198,31.65096289708194,0.001012563705444336,10
0.1,10,100,152,TSCP_R,Gaussian,absolute_residual,0.83625,737954617.7352593,26.568410691908383,0.004472017288208008,10
0.1,10,100,152,Point_CHR,Gaussian,absolute_residual,0.800625,514471967.1889788,25.890491765005137,0.0,10
0.1,10,100,152,Unscaled,Gaussian,absolute_residual,0.92875,5541173235057.041,18.80876034225372,0.0,10
0.1,10,100,152,Empirical_copula,Gaussian,absolute_residual,0.740625,338972619.23476356,25.890491765005137,0.0012898445129394531,10
0.1,10,100,153,TSCP_R,Gaussian,absolute_residual,0.863125,1084562611.187691,29.116003606589164,0.0040073394775390625,10
0.1,10,100,153,Point_CHR,Gaussian,absolute_residual,0.94875,4170386870.11478,26.856983213955,0.0009999275207519531,10
0.1,10,100,153,Unscaled,Gaussian,absolute_residual,0.93625,7806005736857.666,19.464483617902054,0.0,10
0.1,10,100,153,Empirical_copula,Gaussian,absolute_residual,0.79875,534999897.58633745,26.856983213955,0.00099945068359375,10
0.1,10,100,154,TSCP_R,Gaussian,absolute_residual,0.959375,3764203179.859772,31.27021059700644,0.004000425338745117,10
0.1,10,100,154,Point_CHR,Gaussian,absolute_residual,0.980625,14737777596.434057,35.13224253458928,0.0,10
0.1,10,100,154,Unscaled,Gaussian,absolute_residual,0.929375,6077763226704.16,18.983416559529804,0.0,10
0.1,10,100,154,Empirical_copula,Gaussian,absolute_residual,0.885,1172185924.0805516,27.273069578935612,0.0010004043579101562,10
0.1,10,100,155,TSCP_R,Gaussian,absolute_residual,0.943125,3204594395.9384527,27.250564572938355,0.004010200500488281,10
0.1,10,100,155,Point_CHR,Gaussian,absolute_residual,0.92625,3406346096.6434417,29.96162388939579,0.0,10
0.1,10,100,155,Unscaled,Gaussian,absolute_residual,0.92625,5305200792908.482,18.727085038079856,0.0009968280792236328,10
0.1,10,100,155,Empirical_copula,Gaussian,absolute_residual,0.848125,1018094827.9984605,22.824959370054927,0.0009999275207519531,10
0.1,10,100,156,TSCP_R,Gaussian,absolute_residual,0.929375,3127283672.1654277,24.03203079716869,0.0030260086059570312,10
0.1,10,100,156,Point_CHR,Gaussian,absolute_residual,0.9125,3293131649.0965495,25.769995691365022,0.0,10
0.1,10,100,156,Unscaled,Gaussian,absolute_residual,0.823125,814182816301.4318,15.526450862874903,0.0,10
0.1,10,100,156,Empirical_copula,Gaussian,absolute_residual,0.846875,1241252374.9113562,21.708197984201373,0.0009996891021728516,10
0.1,10,100,157,TSCP_R,Gaussian,absolute_residual,0.924375,2186667044.665007,27.228368009611803,0.00400853157043457,10
0.1,10,100,157,Point_CHR,Gaussian,absolute_residual,0.925,3458464397.47131,25.80168326644686,0.0,10
0.1,10,100,157,Unscaled,Gaussian,absolute_residual,0.9025,3779992924137.5073,18.102939445021253,0.0,10
0.1,10,100,157,Empirical_copula,Gaussian,absolute_residual,0.849375,977286284.1408316,25.80168326644686,0.0009989738464355469,10
0.1,10,100,158,TSCP_R,Gaussian,absolute_residual,0.908125,1833863152.421363,26.177870723177268,0.0040073394775390625,10
0.1,10,100,158,Point_CHR,Gaussian,absolute_residual,0.95375,4915918095.835211,29.083783129054666,0.0,10
0.1,10,100,158,Unscaled,Gaussian,absolute_residual,0.880625,2156192382861.5774,17.11467871434099,0.0,10
0.1,10,100,158,Empirical_copula,Gaussian,absolute_residual,0.824375,803517673.5660074,30.263610522745896,0.0010001659393310547,10
0.1,10,100,159,TSCP_R,Gaussian,absolute_residual,0.92,1744358144.8054664,25.962036155697184,0.0040073394775390625,10
0.1,10,100,159,Point_CHR,Gaussian,absolute_residual,0.885,1442728683.9827368,32.20296725620231,0.0,10
0.1,10,100,159,Unscaled,Gaussian,absolute_residual,0.909375,4021209291584.626,18.215272293551894,0.0,10
0.1,10,100,159,Empirical_copula,Gaussian,absolute_residual,0.85625,840525522.2873452,23.431710840769682,0.001999378204345703,10
0.1,10,100,160,TSCP_R,Gaussian,absolute_residual,0.869375,1098973790.5296643,27.655771184854043,0.0030059814453125,10
0.1,10,100,160,Point_CHR,Gaussian,absolute_residual,0.886875,1939601307.0851247,30.725066867077686,0.0,10
0.1,10,100,160,Unscaled,Gaussian,absolute_residual,0.93125,6638433318365.535,19.151666025340727,0.0,10
0.1,10,100,160,Empirical_copula,Gaussian,absolute_residual,0.801875,635403444.2644432,26.1631904311214,0.0009932518005371094,10
0.1,10,100,161,TSCP_R,Gaussian,absolute_residual,0.8575,902806195.5711515,26.38384890973993,0.0030438899993896484,10
0.1,10,100,161,Point_CHR,Gaussian,absolute_residual,0.803125,656132666.7580357,25.721406687131097,0.0,10
0.1,10,100,161,Unscaled,Gaussian,absolute_residual,0.88375,2083273819865.6372,17.0558997865757,0.0,10
0.1,10,100,161,Empirical_copula,Gaussian,absolute_residual,0.7975,466971530.1373248,23.460034312726147,0.000997304916381836,10
0.1,10,100,162,TSCP_R,Gaussian,absolute_residual,0.930625,2656917138.387243,26.993411479738214,0.0040073394775390625,10
0.1,10,100,162,Point_CHR,Gaussian,absolute_residual,0.89375,1746907625.0392792,28.051071733322694,0.0,10
0.1,10,100,162,Unscaled,Gaussian,absolute_residual,0.92875,5450567830820.217,18.777776899821244,0.0,10
0.1,10,100,162,Empirical_copula,Gaussian,absolute_residual,0.850625,1079657849.42588,23.612204271384147,0.0009999275207519531,10
0.1,10,100,163,TSCP_R,Gaussian,absolute_residual,0.89375,1170811017.025796,22.03614215580203,0.003999471664428711,10
0.1,10,100,163,Point_CHR,Gaussian,absolute_residual,0.90375,1498109755.5388148,21.785823312647235,0.0,10
0.1,10,100,163,Unscaled,Gaussian,absolute_residual,0.9075,3533858635509.586,17.981458591941944,0.0,10
0.1,10,100,163,Empirical_copula,Gaussian,absolute_residual,0.7775,408534729.52422845,20.299255074169864,0.0010068416595458984,10
0.1,10,100,164,TSCP_R,Gaussian,absolute_residual,0.87375,933881291.9026082,25.602562502089455,0.0030066967010498047,10
0.1,10,100,164,Point_CHR,Gaussian,absolute_residual,0.916875,2858678135.1782765,27.123418207613497,0.0011527538299560547,10
0.1,10,100,164,Unscaled,Gaussian,absolute_residual,0.89375,3179285804426.8003,17.79233541262921,0.0,10
0.1,10,100,164,Empirical_copula,Gaussian,absolute_residual,0.794375,547192858.7408774,23.284191152208827,0.0010120868682861328,10
0.1,10,100,165,TSCP_R,Gaussian,absolute_residual,0.881875,1287869910.8488994,28.06883053201484,0.003008604049682617,10
0.1,10,100,165,Point_CHR,Gaussian,absolute_residual,0.878125,1472622410.8958285,27.17275837827686,0.0009980201721191406,10
0.1,10,100,165,Unscaled,Gaussian,absolute_residual,0.925,5051530513953.09,18.635553572183262,0.0,10
0.1,10,100,165,Empirical_copula,Gaussian,absolute_residual,0.82875,710304208.7182784,24.415543351127297,0.0009999275207519531,10
0.1,10,100,166,TSCP_R,Gaussian,absolute_residual,0.8325,677457803.842889,23.421881250285654,0.006000518798828125,10
0.1,10,100,166,Point_CHR,Gaussian,absolute_residual,0.869375,1239765033.6936634,25.740889002458985,0.0010085105895996094,10
0.1,10,100,166,Unscaled,Gaussian,absolute_residual,0.886875,2943988575624.9277,17.656052520818285,0.0,10
0.1,10,100,166,Empirical_copula,Gaussian,absolute_residual,0.755,356806906.61074895,19.15397867926069,0.0009920597076416016,10
0.1,10,100,167,TSCP_R,Gaussian,absolute_residual,0.798125,494129678.60795546,24.260841965366172,0.003998756408691406,10
0.1,10,100,167,Point_CHR,Gaussian,absolute_residual,0.85,1139542873.6127164,23.119217523773877,0.0010008811950683594,10
0.1,10,100,167,Unscaled,Gaussian,absolute_residual,0.86875,2465950242189.6323,17.345963608660647,0.0,10
0.1,10,100,167,Empirical_copula,Gaussian,absolute_residual,0.689375,198982015.5305528,22.691471841427063,0.0009999275207519531,10
0.1,10,100,168,TSCP_R,Gaussian,absolute_residual,0.914375,1776133542.8300838,25.060404213678822,0.004000663757324219,10
0.1,10,100,168,Point_CHR,Gaussian,absolute_residual,0.90625,2229211080.2058086,26.038995470324444,0.00099945068359375,10
0.1,10,100,168,Unscaled,Gaussian,absolute_residual,0.915,5392098718802.263,18.757535776920463,0.0,10
0.1,10,100,168,Empirical_copula,Gaussian,absolute_residual,0.865,982432502.9682117,24.216366526211687,0.0010101795196533203,10
0.1,10,100,169,TSCP_R,Gaussian,absolute_residual,0.921875,1833654445.639103,28.550909879013872,0.004007101058959961,10
0.1,10,100,169,Point_CHR,Gaussian,absolute_residual,0.94,5445970873.056382,35.84601293004445,0.0,10
0.1,10,100,169,Unscaled,Gaussian,absolute_residual,0.940625,10093074233053.23,19.97111657545321,0.0,10
0.1,10,100,169,Empirical_copula,Gaussian,absolute_residual,0.795625,523593543.4834121,27.387905693393247,0.0010001659393310547,10
0.1,10,100,170,TSCP_R,Gaussian,absolute_residual,0.938125,2598413080.0356073,27.603884051077802,0.004006624221801758,10
0.1,10,100,170,Point_CHR,Gaussian,absolute_residual,0.88,1723020226.7650545,28.151613810662557,0.0,10
0.1,10,100,170,Unscaled,Gaussian,absolute_residual,0.899375,3097771158814.0015,17.74618208140624,0.0,10
0.1,10,100,170,Empirical_copula,Gaussian,absolute_residual,0.83625,896700879.2839334,24.285363208134633,0.0009999275207519531,10
0.1,10,100,171,TSCP_R,Gaussian,absolute_residual,0.939375,3198028400.3617554,26.32962561937126,0.00400233268737793,10
0.1,10,100,171,Point_CHR,Gaussian,absolute_residual,0.889375,1985366245.492836,23.347239480932572,0.0,10
0.1,10,100,171,Unscaled,Gaussian,absolute_residual,0.8575,1497459433241.2183,16.50195910824696,0.0,10
0.1,10,100,171,Empirical_copula,Gaussian,absolute_residual,0.8275,844819093.9058247,25.76401081536622,0.0010073184967041016,10
0.1,10,100,172,TSCP_R,Gaussian,absolute_residual,0.93125,2437354067.4776683,24.85656907518539,0.0030090808868408203,10
0.1,10,100,172,Point_CHR,Gaussian,absolute_residual,0.890625,1423489543.3681378,28.724422878760404,0.0009982585906982422,10
0.1,10,100,172,Unscaled,Gaussian,absolute_residual,0.845,844159566609.7795,15.582690850374771,0.0,10
0.1,10,100,172,Empirical_copula,Gaussian,absolute_residual,0.846875,777713140.0299577,25.359745758911227,0.0010004043579101562,10
0.1,10,100,173,TSCP_R,Gaussian,absolute_residual,0.84625,769484148.2419549,24.706472002879824,0.004000663757324219,10
0.1,10,100,173,Point_CHR,Gaussian,absolute_residual,0.859375,1291473364.1866384,30.229995928515635,0.001001119613647461,10
0.1,10,100,173,Unscaled,Gaussian,absolute_residual,0.92375,5354919537567.397,18.744561919796077,0.0,10
0.1,10,100,173,Empirical_copula,Gaussian,absolute_residual,0.744375,311605341.43414277,21.7831058279882,0.0010008811950683594,10
0.1,10,100,174,TSCP_R,Gaussian,absolute_residual,0.938125,2716122659.364588,28.079730303362858,0.0030057430267333984,10
0.1,10,100,174,Point_CHR,Gaussian,absolute_residual,0.941875,5287726448.733747,35.728362543143874,0.0009999275207519531,10
0.1,10,100,174,Unscaled,Gaussian,absolute_residual,0.913125,4336768872459.4497,18.35340413487926,0.0,10
0.1,10,100,174,Empirical_copula,Gaussian,absolute_residual,0.88125,1320694170.656152,26.70454152864869,0.000993490219116211,10
0.1,10,100,175,TSCP_R,Gaussian,absolute_residual,0.9375,2294332206.6530824,25.422472346927186,0.0040149688720703125,10
0.1,10,100,175,Point_CHR,Gaussian,absolute_residual,0.935,2450792580.0630045,25.96285515149196,0.0,10
0.1,10,100,175,Unscaled,Gaussian,absolute_residual,0.91,3692903181417.5547,18.060792047306048,0.0,10
0.1,10,100,175,Empirical_copula,Gaussian,absolute_residual,0.853125,738886672.6615574,25.96285515149196,0.000997781753540039,10
0.1,10,100,176,TSCP_R,Gaussian,absolute_residual,0.945625,3113860888.5681796,29.03300503057359,0.003000020980834961,10
0.1,10,100,176,Point_CHR,Gaussian,absolute_residual,0.916875,2079778327.48038,29.752820831582852,0.0,10
0.1,10,100,176,Unscaled,Gaussian,absolute_residual,0.935,8673597921858.377,19.670705146435786,0.0,10
0.1,10,100,176,Empirical_copula,Gaussian,absolute_residual,0.88625,1472536541.2731326,24.771430012817856,0.0009996891021728516,10
0.1,10,100,177,TSCP_R,Gaussian,absolute_residual,0.9175,1766351663.8212178,24.39185136254997,0.004006862640380859,10
0.1,10,100,177,Point_CHR,Gaussian,absolute_residual,0.890625,1977944172.9026957,20.588311428304035,0.0,10
0.1,10,100,177,Unscaled,Gaussian,absolute_residual,0.871875,1570333178260.9197,16.58055947029503,0.0,10
0.1,10,100,177,Empirical_copula,Gaussian,absolute_residual,0.82625,580033838.9917343,19.84934962193816,0.0010006427764892578,10
0.1,10,100,178,TSCP_R,Gaussian,absolute_residual,0.84875,929906802.5811319,27.793129390489092,0.0039980411529541016,10
0.1,10,100,178,Point_CHR,Gaussian,absolute_residual,0.861875,1219359852.1863263,30.040826510201796,0.0,10
0.1,10,100,178,Unscaled,Gaussian,absolute_residual,0.911875,5748976992455.536,18.878133678472242,0.0,10
0.1,10,100,178,Empirical_copula,Gaussian,absolute_residual,0.77,468107609.01279926,28.392509029251194,0.0029990673065185547,10
0.1,10,100,179,TSCP_R,Gaussian,absolute_residual,0.83,597245601.9880927,26.92428404721923,0.003998517990112305,10
0.1,10,100,179,Point_CHR,Gaussian,absolute_residual,0.82625,677209137.5189553,26.49442871419728,0.0,10
0.1,10,100,179,Unscaled,Gaussian,absolute_residual,0.941875,6622840317755.649,19.147162732904107,0.0,10
0.1,10,100,179,Empirical_copula,Gaussian,absolute_residual,0.754375,351337853.88896966,27.439707982643707,0.0009987354278564453,10
0.1,10,100,180,TSCP_R,Gaussian,absolute_residual,0.87,1038063202.0217785,27.25341099185911,0.00400090217590332,10
0.1,10,100,180,Point_CHR,Gaussian,absolute_residual,0.81875,686625003.619708,27.168130964401605,0.0010001659393310547,10
0.1,10,100,180,Unscaled,Gaussian,absolute_residual,0.95,7785866991905.223,19.45945612864347,0.0,10
0.1,10,100,180,Empirical_copula,Gaussian,absolute_residual,0.769375,394143727.92919844,22.41999086190756,0.0009984970092773438,10
0.1,10,100,181,TSCP_R,Gaussian,absolute_residual,0.93375,2171388775.3138857,25.814795450484993,0.004003763198852539,10
0.1,10,100,181,Point_CHR,Gaussian,absolute_residual,0.88625,1706063525.5373342,24.363074670037115,0.0,10
0.1,10,100,181,Unscaled,Gaussian,absolute_residual,0.883125,2258964889283.9595,17.19455529466227,0.0,10
0.1,10,100,181,Empirical_copula,Gaussian,absolute_residual,0.85,823459225.9199733,25.41300826582413,0.002001523971557617,10
0.1,10,100,182,TSCP_R,Gaussian,absolute_residual,0.898125,1413120543.2517893,27.532402699106033,0.005003452301025391,10
0.1,10,100,182,Point_CHR,Gaussian,absolute_residual,0.935,3474551823.9769945,29.981255679676856,0.0009937286376953125,10
0.1,10,100,182,Unscaled,Gaussian,absolute_residual,0.90625,3657533636653.9707,18.043418940158652,0.0,10
0.1,10,100,182,Empirical_copula,Gaussian,absolute_residual,0.81625,636399321.6313165,28.301536858773893,0.0013973712921142578,10
0.1,10,100,183,TSCP_R,Gaussian,absolute_residual,0.9225,2090812087.7437954,26.14693407212944,0.004002809524536133,10
0.1,10,100,183,Point_CHR,Gaussian,absolute_residual,0.92,2359701592.9906735,28.36354313107828,0.0009996891021728516,10
0.1,10,100,183,Unscaled,Gaussian,absolute_residual,0.894375,2748423344393.467,17.535104680681904,0.0,10
0.1,10,100,183,Empirical_copula,Gaussian,absolute_residual,0.86375,1168304972.7784884,23.456427621779014,0.0010006427764892578,10
0.1,10,100,184,TSCP_R,Gaussian,absolute_residual,0.831875,606254420.369629,24.87530875334943,0.003010988235473633,10
0.1,10,100,184,Point_CHR,Gaussian,absolute_residual,0.848125,769706688.5938466,23.77081126474828,0.0009882450103759766,10
0.1,10,100,184,Unscaled,Gaussian,absolute_residual,0.88125,1970163913365.2249,16.96095242628337,0.0,10
0.1,10,100,184,Empirical_copula,Gaussian,absolute_residual,0.728125,274346161.61726844,22.56582706260061,0.0010077953338623047,10
0.1,10,100,185,TSCP_R,Gaussian,absolute_residual,0.894375,1597383063.246551,25.010406452995376,0.004007816314697266,10
0.1,10,100,185,Point_CHR,Gaussian,absolute_residual,0.8975,1889058181.468126,26.214747385998585,0.0009913444519042969,10
0.1,10,100,185,Unscaled,Gaussian,absolute_residual,0.898125,2642057710589.239,17.466031133868352,0.0,10
0.1,10,100,185,Empirical_copula,Gaussian,absolute_residual,0.803125,840224593.4001104,24.596359516214378,0.0010004043579101562,10
0.1,10,100,186,TSCP_R,Gaussian,absolute_residual,0.918125,2065851665.4749339,30.549388016582974,0.004006385803222656,10
0.1,10,100,186,Point_CHR,Gaussian,absolute_residual,0.92875,3193991509.3935447,28.400865859353214,0.0,10
0.1,10,100,186,Unscaled,Gaussian,absolute_residual,0.91375,3568089146475.663,17.998800765419155,0.0,10
0.1,10,100,186,Empirical_copula,Gaussian,absolute_residual,0.831875,756420536.4125903,27.905353819390346,0.0009930133819580078,10
0.1,10,100,187,TSCP_R,Gaussian,absolute_residual,0.96625,4935407627.7322035,28.44723615934079,0.0030059814453125,10
0.1,10,100,187,Point_CHR,Gaussian,absolute_residual,0.900625,1550876765.8159244,27.98782552572863,0.0009930133819580078,10
0.1,10,100,187,Unscaled,Gaussian,absolute_residual,0.91625,5004142100844.343,18.61799731647231,0.0,10
0.1,10,100,187,Empirical_copula,Gaussian,absolute_residual,0.86625,1424623155.7679737,21.632299461796688,0.0010027885437011719,10
0.1,10,100,188,TSCP_R,Gaussian,absolute_residual,0.946875,2218332506.5668597,27.904246179927977,0.003999233245849609,10
0.1,10,100,188,Point_CHR,Gaussian,absolute_residual,0.95,5092707134.250847,29.001455184291245,0.0009996891021728516,10
0.1,10,100,188,Unscaled,Gaussian,absolute_residual,0.935625,8187370335983.289,19.557549742935485,0.0,10
0.1,10,100,188,Empirical_copula,Gaussian,absolute_residual,0.823125,604109182.780701,21.902159790178274,0.0010068416595458984,10
0.1,10,100,189,TSCP_R,Gaussian,absolute_residual,0.9,1561018503.5240805,25.08558917480118,0.003999948501586914,10
0.1,10,100,189,Point_CHR,Gaussian,absolute_residual,0.876875,1730745148.3595233,22.893403082110307,0.0,10
0.1,10,100,189,Unscaled,Gaussian,absolute_residual,0.879375,2566591654285.888,17.41548918013236,0.0,10
0.1,10,100,189,Empirical_copula,Gaussian,absolute_residual,0.85125,825146643.4418837,22.625305490944676,0.0009891986846923828,10
0.1,10,100,190,TSCP_R,Gaussian,absolute_residual,0.905,1665698650.0638814,25.23814274284753,0.004007816314697266,10
0.1,10,100,190,Point_CHR,Gaussian,absolute_residual,0.91125,2044259264.0468311,24.28343700227908,0.0009922981262207031,10
0.1,10,100,190,Unscaled,Gaussian,absolute_residual,0.88,2226386483442.49,17.16959518254585,0.0,10
0.1,10,100,190,Empirical_copula,Gaussian,absolute_residual,0.83125,850043003.9033824,20.55174612229209,0.0010008811950683594,10
0.1,10,100,191,TSCP_R,Gaussian,absolute_residual,0.894375,1340216464.9641726,25.11806034591107,0.003995418548583984,10
0.1,10,100,191,Point_CHR,Gaussian,absolute_residual,0.8625,1268792435.4885085,23.52109337500746,0.0,10
0.1,10,100,191,Unscaled,Gaussian,absolute_residual,0.893125,2592413068990.4736,17.432931361441018,0.0,10
0.1,10,100,191,Empirical_copula,Gaussian,absolute_residual,0.81625,718176708.8022618,21.83530499586855,0.000995635986328125,10
0.1,10,100,192,TSCP_R,Gaussian,absolute_residual,0.940625,2955834057.8766375,29.270802610116085,0.004006385803222656,10
0.1,10,100,192,Point_CHR,Gaussian,absolute_residual,0.83125,951251903.3464069,26.629238328645215,0.0,10
0.1,10,100,192,Unscaled,Gaussian,absolute_residual,0.92625,6844398124537.094,19.210272541474918,0.0,10
0.1,10,100,192,Empirical_copula,Gaussian,absolute_residual,0.815,813953641.1309351,22.505952590812434,0.001003265380859375,10
0.1,10,100,193,TSCP_R,Gaussian,absolute_residual,0.844375,807728365.6607102,22.743730537969135,0.004007101058959961,10
0.1,10,100,193,Point_CHR,Gaussian,absolute_residual,0.8075,673145931.2633895,20.368259106987352,0.0,10
0.1,10,100,193,Unscaled,Gaussian,absolute_residual,0.9075,2757159378737.5483,17.54067036637706,0.0009984970092773438,10
0.1,10,100,193,Empirical_copula,Gaussian,absolute_residual,0.77125,360249152.95196956,21.54326623329539,0.0010135173797607422,10
0.1,10,100,194,TSCP_R,Gaussian,absolute_residual,0.916875,1580606801.9435837,27.960890061778734,0.00400233268737793,10
0.1,10,100,194,Point_CHR,Gaussian,absolute_residual,0.939375,2726080578.6650085,27.984152287928787,0.0,10
0.1,10,100,194,Unscaled,Gaussian,absolute_residual,0.919375,5648728732065.952,18.844953576162396,0.0,10
0.1,10,100,194,Empirical_copula,Gaussian,absolute_residual,0.84,771113980.5532453,25.87812863312146,0.0010104179382324219,10
0.1,10,100,195,TSCP_R,Gaussian,absolute_residual,0.873125,880906655.2929622,23.176115088230908,0.003007650375366211,10
0.1,10,100,195,Point_CHR,Gaussian,absolute_residual,0.82625,626932449.4758973,22.40267220968119,0.0009982585906982422,10
0.1,10,100,195,Unscaled,Gaussian,absolute_residual,0.889375,2576813114266.5483,17.422412506178297,0.0,10
0.1,10,100,195,Empirical_copula,Gaussian,absolute_residual,0.800625,426896069.7022869,20.975167224185192,0.0010223388671875,10
0.1,10,100,196,TSCP_R,Gaussian,absolute_residual,0.945625,3601230210.591163,28.06159653749733,0.004000663757324219,10
0.1,10,100,196,Point_CHR,Gaussian,absolute_residual,0.91125,2755986134.372932,27.08602230171229,0.0,10
0.1,10,100,196,Unscaled,Gaussian,absolute_residual,0.9075,3503026868346.383,17.965708418031536,0.0,10
0.1,10,100,196,Empirical_copula,Gaussian,absolute_residual,0.866875,1112783642.924053,22.474446047786834,0.0010094642639160156,10
0.1,10,100,197,TSCP_R,Gaussian,absolute_residual,0.894375,1197894593.783403,26.686810078745943,0.0040111541748046875,10
0.1,10,100,197,Point_CHR,Gaussian,absolute_residual,0.873125,1169527685.6221373,27.85682390291176,0.0009915828704833984,10
0.1,10,100,197,Unscaled,Gaussian,absolute_residual,0.93375,8855531701947.188,19.711581237283042,0.0,10
0.1,10,100,197,Empirical_copula,Gaussian,absolute_residual,0.83,619331468.8456572,25.489791597693383,0.0009980201721191406,10
0.1,10,100,198,TSCP_R,Gaussian,absolute_residual,0.880625,955463445.1711515,25.02203081285422,0.005004405975341797,10
0.1,10,100,198,Point_CHR,Gaussian,absolute_residual,0.916875,1667694301.90834,26.018866322307215,0.0,10
0.1,10,100,198,Unscaled,Gaussian,absolute_residual,0.9,2844250339435.67,17.595304290511496,0.0,10
0.1,10,100,198,Empirical_copula,Gaussian,absolute_residual,0.80875,494175922.2314905,22.06369569013753,0.002003192901611328,10
0.1,10,100,199,TSCP_R,Gaussian,absolute_residual,0.91,1844303589.83896,28.046873367814957,0.004012107849121094,10
0.1,10,100,199,Point_CHR,Gaussian,absolute_residual,0.926875,3020015479.2392063,24.55915587052279,0.0,10
0.1,10,100,199,Unscaled,Gaussian,absolute_residual,0.90625,4581561513310.521,18.454460444401526,0.0,10
0.1,10,100,199,Empirical_copula,Gaussian,absolute_residual,0.79,696488468.3168051,28.03939819293494,0.001001119613647461,10
0.1,10,100,0,TSCP_R,Gaussian,absolute_residual,0.95125,91831584659.75148,58.34789587747238,0.003992319107055664,20
0.1,10,100,0,Point_CHR,Gaussian,absolute_residual,0.896875,53798523888.47034,58.3305594591117,0.0,20
0.1,10,100,0,Unscaled,Gaussian,absolute_residual,0.88,1762892268780576.5,33.46744646181296,0.0,20
0.1,10,100,0,Empirical_copula,Gaussian,absolute_residual,0.844375,28661062028.801918,56.822199415474,0.0009992122650146484,20
0.1,10,100,1,TSCP_R,Gaussian,absolute_residual,0.944375,108232866613.7237,60.307008336613734,0.004007101058959961,20
0.1,10,100,1,Point_CHR,Gaussian,absolute_residual,0.916875,80883760896.08324,59.31766336034597,0.0,20
0.1,10,100,1,Unscaled,Gaussian,absolute_residual,0.93125,4907114425506838.0,37.07512453638822,0.0,20
0.1,10,100,1,Empirical_copula,Gaussian,absolute_residual,0.8525,31151512306.919746,50.46060784069226,0.0010023117065429688,20
0.1,10,100,2,TSCP_R,Gaussian,absolute_residual,0.906875,56516865947.57241,52.6894243428605,0.004002094268798828,20
0.1,10,100,2,Point_CHR,Gaussian,absolute_residual,0.91375,99920738433.1087,61.471527977689334,0.0010018348693847656,20
0.1,10,100,2,Unscaled,Gaussian,absolute_residual,0.849375,1007784122253705.6,31.64730635556586,0.0,20
0.1,10,100,2,Empirical_copula,Gaussian,absolute_residual,0.81125,19453305649.961502,44.203636395376975,0.0009996891021728516,20
0.1,10,100,3,TSCP_R,Gaussian,absolute_residual,0.88,37653005110.52672,47.346068358150944,0.004006385803222656,20
0.1,10,100,3,Point_CHR,Gaussian,absolute_residual,0.8425,27161597862.20793,46.10787928452754,0.0,20
0.1,10,100,3,Unscaled,Gaussian,absolute_residual,0.85875,990989946856246.2,31.59416812568868,0.0,20
0.1,10,100,3,Empirical_copula,Gaussian,absolute_residual,0.776875,14856634630.565002,36.86222578600794,0.0009996891021728516,20
0.1,10,100,4,TSCP_R,Gaussian,absolute_residual,0.9175,63890919001.00289,45.69102869153543,0.004006624221801758,20
0.1,10,100,4,Point_CHR,Gaussian,absolute_residual,0.88125,51353236992.01972,44.335192864606114,0.0,20
0.1,10,100,4,Unscaled,Gaussian,absolute_residual,0.8325,601532713425888.0,30.05563618501637,0.0,20
0.1,10,100,4,Empirical_copula,Gaussian,absolute_residual,0.84,26763040738.534283,43.935033716311615,0.0020062923431396484,20
0.1,10,100,5,TSCP_R,Gaussian,absolute_residual,0.8825,44548889322.98582,56.171395510538744,0.004014730453491211,20
0.1,10,100,5,Point_CHR,Gaussian,absolute_residual,0.901875,54668704926.73137,67.4308165053447,0.0,20
0.1,10,100,5,Unscaled,Gaussian,absolute_residual,0.925625,6336097487122442.0,38.034891794522885,0.0,20
0.1,10,100,5,Empirical_copula,Gaussian,absolute_residual,0.785,23313961300.995434,52.77560394473274,0.0009944438934326172,20
0.1,10,100,6,TSCP_R,Gaussian,absolute_residual,0.888125,38489792597.86785,54.122647979681645,0.004009246826171875,20
0.1,10,100,6,Point_CHR,Gaussian,absolute_residual,0.95875,165978237558.88107,64.65274752443675,0.0,20
0.1,10,100,6,Unscaled,Gaussian,absolute_residual,0.943125,8739476958382972.0,39.27792569111579,0.0,20
0.1,10,100,6,Empirical_copula,Gaussian,absolute_residual,0.820625,22044435003.187046,49.797874027776466,0.0009996891021728516,20
0.1,10,100,7,TSCP_R,Gaussian,absolute_residual,0.92375,66010898664.070206,52.91526473995597,0.004007101058959961,20
0.1,10,100,7,Point_CHR,Gaussian,absolute_residual,0.93125,87111953510.82013,58.9129176885407,0.0,20
0.1,10,100,7,Unscaled,Gaussian,absolute_residual,0.896875,2160526407029228.5,34.15513119655715,0.0,20
0.1,10,100,7,Empirical_copula,Gaussian,absolute_residual,0.865,30360785482.205936,47.319118160578775,0.0009996891021728516,20
0.1,10,100,8,TSCP_R,Gaussian,absolute_residual,0.879375,30323584875.115074,48.64265134865955,0.004006624221801758,20
0.1,10,100,8,Point_CHR,Gaussian,absolute_residual,0.91,55118094083.853325,60.50757799150554,0.0,20
0.1,10,100,8,Unscaled,Gaussian,absolute_residual,0.87375,1538438583352185.0,33.014750254372835,0.0,20
0.1,10,100,8,Empirical_copula,Gaussian,absolute_residual,0.7675,11686612527.821451,44.62433166221867,0.0009932518005371094,20
0.1,10,100,9,TSCP_R,Gaussian,absolute_residual,0.82125,18312869743.642803,50.3692302410586,0.0030002593994140625,20
0.1,10,100,9,Point_CHR,Gaussian,absolute_residual,0.9175,73499144673.9785,60.657540682299356,0.0010066032409667969,20
0.1,10,100,9,Unscaled,Gaussian,absolute_residual,0.931875,4906845957889084.0,37.074921693850705,0.0,20
0.1,10,100,9,Empirical_copula,Gaussian,absolute_residual,0.7325,9678143954.104671,44.32192685540856,0.0009999275207519531,20
0.1,10,100,10,TSCP_R,Gaussian,absolute_residual,0.91625,70494992048.79283,59.467387181062136,0.0040111541748046875,20
0.1,10,100,10,Point_CHR,Gaussian,absolute_residual,0.906875,118252488635.62798,67.20891110936903,0.0,20
0.1,10,100,10,Unscaled,Gaussian,absolute_residual,0.91875,4689669932776186.0,36.90746594850836,0.0009963512420654297,20
0.1,10,100,10,Empirical_copula,Gaussian,absolute_residual,0.80625,17091395328.904419,57.911610355246914,0.0009992122650146484,20
0.1,10,100,11,TSCP_R,Gaussian,absolute_residual,0.9275,65641122186.165184,57.014796163060325,0.004006147384643555,20
0.1,10,100,11,Point_CHR,Gaussian,absolute_residual,0.929375,84650036978.43611,64.28176735085246,0.0,20
0.1,10,100,11,Unscaled,Gaussian,absolute_residual,0.89875,2091580094940225.0,34.044538394400924,0.0,20
0.1,10,100,11,Empirical_copula,Gaussian,absolute_residual,0.8425,22786631684.02676,57.00605835505215,0.0009999275207519531,20
0.1,10,100,12,TSCP_R,Gaussian,absolute_residual,0.948125,137095980693.71062,54.26691719459186,0.0039958953857421875,20
0.1,10,100,12,Point_CHR,Gaussian,absolute_residual,0.95375,263040891480.03143,58.961422736322355,0.0,20
0.1,10,100,12,Unscaled,Gaussian,absolute_residual,0.89125,1939766453625984.5,33.788969315119935,0.0,20
0.1,10,100,12,Empirical_copula,Gaussian,absolute_residual,0.859375,33204256350.38438,52.88217668398321,0.0009949207305908203,20
0.1,10,100,13,TSCP_R,Gaussian,absolute_residual,0.83375,20065673263.645874,47.89273458777465,0.0040073394775390625,20
0.1,10,100,13,Point_CHR,Gaussian,absolute_residual,0.891875,72105441518.07207,55.22661653256728,0.0,20
0.1,10,100,13,Unscaled,Gaussian,absolute_residual,0.89125,1953347591458477.2,33.81255221708754,0.0,20
0.1,10,100,13,Empirical_copula,Gaussian,absolute_residual,0.72875,8636401483.802536,42.423397670534214,0.0009999275207519531,20
0.1,10,100,14,TSCP_R,Gaussian,absolute_residual,0.893125,40384441940.42936,53.23207819081058,0.0030059814453125,20
0.1,10,100,14,Point_CHR,Gaussian,absolute_residual,0.939375,90947558137.146,60.733917826028716,0.0010001659393310547,20
0.1,10,100,14,Unscaled,Gaussian,absolute_residual,0.918125,3633047266139386.0,35.97717882189393,0.0,20
0.1,10,100,14,Empirical_copula,Gaussian,absolute_residual,0.805,19019692277.45654,54.08132245052222,0.0009996891021728516,20
0.1,10,100,15,TSCP_R,Gaussian,absolute_residual,0.88625,42610056873.71542,57.17736592291428,0.0030066967010498047,20
0.1,10,100,15,Point_CHR,Gaussian,absolute_residual,0.95,211336065830.58615,67.85169447350675,0.0,20
0.1,10,100,15,Unscaled,Gaussian,absolute_residual,0.938125,5872094841614023.0,37.746727521278714,0.0,20
0.1,10,100,15,Empirical_copula,Gaussian,absolute_residual,0.79125,15499269229.641087,46.61772105005659,0.0010001659393310547,20
0.1,10,100,16,TSCP_R,Gaussian,absolute_residual,0.90125,42626131431.81558,48.80397623994271,0.00400996208190918,20
0.1,10,100,16,Point_CHR,Gaussian,absolute_residual,0.821875,21052532665.473545,42.335231417184986,0.0,20
0.1,10,100,16,Unscaled,Gaussian,absolute_residual,0.876875,1229179842275690.2,32.28208249184866,0.0,20
0.1,10,100,16,Empirical_copula,Gaussian,absolute_residual,0.803125,18317913129.107018,43.32955119657461,0.0009968280792236328,20
0.1,10,100,17,TSCP_R,Gaussian,absolute_residual,0.9625,153573117914.6083,61.694708000371435,0.0039997100830078125,20
0.1,10,100,17,Point_CHR,Gaussian,absolute_residual,0.989375,706383910863.1799,81.17314493400951,0.0,20
0.1,10,100,17,Unscaled,Gaussian,absolute_residual,0.946875,8591280404086243.0,39.21080779029404,0.0,20
0.1,10,100,17,Empirical_copula,Gaussian,absolute_residual,0.834375,35454003655.07245,48.38285727300308,0.00099945068359375,20
0.1,10,100,18,TSCP_R,Gaussian,absolute_residual,0.916875,53477535732.27568,56.86185743000886,0.004027366638183594,20
0.1,10,100,18,Point_CHR,Gaussian,absolute_residual,0.90125,44624563144.96439,57.306553935292584,0.0,20
0.1,10,100,18,Unscaled,Gaussian,absolute_residual,0.941875,7383709102749265.0,38.62135066431971,0.0,20
0.1,10,100,18,Empirical_copula,Gaussian,absolute_residual,0.82125,17899412355.051483,50.815649946485024,0.0009946823120117188,20
0.1,10,100,19,TSCP_R,Gaussian,absolute_residual,0.9125,62407616095.97832,52.94404931700521,0.003007173538208008,20
0.1,10,100,19,Point_CHR,Gaussian,absolute_residual,0.93125,106702466736.13788,59.70341480957754,0.0,20
0.1,10,100,19,Unscaled,Gaussian,absolute_residual,0.886875,1764681390661612.0,33.47084145160802,0.0,20
0.1,10,100,19,Empirical_copula,Gaussian,absolute_residual,0.838125,25274000991.074463,44.217714809727745,0.0009951591491699219,20
0.1,10,100,20,TSCP_R,Gaussian,absolute_residual,0.910625,55365116860.607056,64.51493333211242,0.00400543212890625,20
0.1,10,100,20,Point_CHR,Gaussian,absolute_residual,0.87,56676277981.28084,79.54760322390186,0.0,20
0.1,10,100,20,Unscaled,Gaussian,absolute_residual,0.945,8668801465269490.0,39.24604574036036,0.0,20
0.1,10,100,20,Empirical_copula,Gaussian,absolute_residual,0.849375,24224316073.86396,55.992737820512446,0.0009999275207519531,20
0.1,10,100,21,TSCP_R,Gaussian,absolute_residual,0.9225,57468010397.34101,52.07330573308995,0.0030264854431152344,20
0.1,10,100,21,Point_CHR,Gaussian,absolute_residual,0.91125,65080251281.54254,49.35989858849352,0.0009999275207519531,20
0.1,10,100,21,Unscaled,Gaussian,absolute_residual,0.918125,3454071406931277.5,35.7958872245471,0.0,20
0.1,10,100,21,Empirical_copula,Gaussian,absolute_residual,0.84625,28929669981.487427,45.7720086562254,0.0010001659393310547,20
0.1,10,100,22,TSCP_R,Gaussian,absolute_residual,0.89625,42582167217.5966,53.091281259169165,0.0039997100830078125,20
0.1,10,100,22,Point_CHR,Gaussian,absolute_residual,0.89125,51673300645.66372,54.5741131571813,0.001001596450805664,20
0.1,10,100,22,Unscaled,Gaussian,absolute_residual,0.918125,5109920086371845.0,37.22557466399026,0.0,20
0.1,10,100,22,Empirical_copula,Gaussian,absolute_residual,0.815,19058864567.320866,51.37766011942165,0.001008749008178711,20
0.1,10,100,23,TSCP_R,Gaussian,absolute_residual,0.916875,54916502772.917435,53.55958443173584,0.00400853157043457,20
0.1,10,100,23,Point_CHR,Gaussian,absolute_residual,0.881875,34144810005.68617,51.7348115085243,0.0,20
0.1,10,100,23,Unscaled,Gaussian,absolute_residual,0.926875,4649339939661074.0,36.87560294574779,0.0,20
0.1,10,100,23,Empirical_copula,Gaussian,absolute_residual,0.84375,25232562669.284122,44.047274383566055,0.0009980201721191406,20
0.1,10,100,24,TSCP_R,Gaussian,absolute_residual,0.870625,35530624070.89402,47.219085190254894,0.004005908966064453,20
0.1,10,100,24,Point_CHR,Gaussian,absolute_residual,0.8725,32525541659.801464,47.72717745620605,0.0,20
0.1,10,100,24,Unscaled,Gaussian,absolute_residual,0.86875,1571876524384545.8,33.08581543739488,0.0,20
0.1,10,100,24,Empirical_copula,Gaussian,absolute_residual,0.8075,22177561074.13772,42.643467062841694,0.0010006427764892578,20
0.1,10,100,25,TSCP_R,Gaussian,absolute_residual,0.9425,87907853086.71693,57.187494888119595,0.004006624221801758,20
0.1,10,100,25,Point_CHR,Gaussian,absolute_residual,0.924375,89799411634.71056,58.02796188170518,0.0,20
0.1,10,100,25,Unscaled,Gaussian,absolute_residual,0.9075,3173107071822423.5,35.49347103857673,0.0,20
0.1,10,100,25,Empirical_copula,Gaussian,absolute_residual,0.860625,26588404586.114994,54.76530744260505,0.0009946823120117188,20
0.1,10,100,26,TSCP_R,Gaussian,absolute_residual,0.900625,56824993339.3533,53.39341644408146,0.002997875213623047,20
0.1,10,100,26,Point_CHR,Gaussian,absolute_residual,0.913125,63880624995.96723,57.40199451363713,0.0010018348693847656,20
0.1,10,100,26,Unscaled,Gaussian,absolute_residual,0.853125,909737538488127.1,31.32503836304141,0.0,20
0.1,10,100,26,Empirical_copula,Gaussian,absolute_residual,0.81,20141984636.31094,56.0800272550576,0.0010004043579101562,20
0.1,10,100,27,TSCP_R,Gaussian,absolute_residual,0.893125,44387330685.55404,53.16554420619356,0.004000425338745117,20
0.1,10,100,27,Point_CHR,Gaussian,absolute_residual,0.9125,82943353248.46606,53.15897188001928,0.0,20
0.1,10,100,27,Unscaled,Gaussian,absolute_residual,0.9125,4377545737632020.0,36.654142948762086,0.0,20
0.1,10,100,27,Empirical_copula,Gaussian,absolute_residual,0.794375,19012995652.960968,50.372978440259686,0.0009999275207519531,20
0.1,10,100,28,TSCP_R,Gaussian,absolute_residual,0.92125,72086319365.08134,55.69517141551164,0.0029954910278320312,20
0.1,10,100,28,Point_CHR,Gaussian,absolute_residual,0.9625,346616403525.6305,61.579769327020614,0.0009999275207519531,20
0.1,10,100,28,Unscaled,Gaussian,absolute_residual,0.910625,3631165015046991.0,35.97531443995132,0.0,20
0.1,10,100,28,Empirical_copula,Gaussian,absolute_residual,0.8375,26812662626.825832,46.76536060008686,0.0009999275207519531,20
0.1,10,100,29,TSCP_R,Gaussian,absolute_residual,0.899375,44814938429.77041,50.73177221562576,0.002996683120727539,20
0.1,10,100,29,Point_CHR,Gaussian,absolute_residual,0.91375,67068057927.84316,48.03106306365741,0.0,20
0.1,10,100,29,Unscaled,Gaussian,absolute_residual,0.89875,2099386266769857.0,34.05722316959178,0.0,20
0.1,10,100,29,Empirical_copula,Gaussian,absolute_residual,0.846875,24400577371.256683,50.719022771589614,0.0010082721710205078,20
0.1,10,100,30,TSCP_R,Gaussian,absolute_residual,0.915625,63395644045.15927,58.78939603790916,0.0029997825622558594,20
0.1,10,100,30,Point_CHR,Gaussian,absolute_residual,0.895,65767671134.438255,62.26168563683237,0.0,20
0.1,10,100,30,Unscaled,Gaussian,absolute_residual,0.90875,3028475877569568.5,35.32827333601987,0.0,20
0.1,10,100,30,Empirical_copula,Gaussian,absolute_residual,0.810625,26399953816.959816,56.57895850632339,0.0010001659393310547,20
0.1,10,100,31,TSCP_R,Gaussian,absolute_residual,0.831875,20536092879.266464,48.904247373426756,0.004014015197753906,20
0.1,10,100,31,Point_CHR,Gaussian,absolute_residual,0.796875,19098691878.516823,48.97221475512879,0.0,20
0.1,10,100,31,Unscaled,Gaussian,absolute_residual,0.928125,5905835595235788.0,37.76836071822368,0.0,20
0.1,10,100,31,Empirical_copula,Gaussian,absolute_residual,0.734375,9247602964.784811,43.54576900439648,0.0009996891021728516,20
0.1,10,100,32,TSCP_R,Gaussian,absolute_residual,0.87125,28523660190.892246,50.70132008220035,0.0030066967010498047,20
0.1,10,100,32,Point_CHR,Gaussian,absolute_residual,0.889375,51757602816.756165,54.94783477135353,0.0009946823120117188,20
0.1,10,100,32,Unscaled,Gaussian,absolute_residual,0.894375,2497194509498970.5,34.65335096980185,0.0,20
0.1,10,100,32,Empirical_copula,Gaussian,absolute_residual,0.788125,13989864364.721342,44.83350901564489,0.0010106563568115234,20
0.1,10,100,33,TSCP_R,Gaussian,absolute_residual,0.9375,102314973180.23878,56.833597764756284,0.003998279571533203,20
0.1,10,100,33,Point_CHR,Gaussian,absolute_residual,0.939375,103498163448.41978,54.89777782928027,0.0,20
0.1,10,100,33,Unscaled,Gaussian,absolute_residual,0.9275,6065913799871088.0,37.86950456731855,0.0,20
0.1,10,100,33,Empirical_copula,Gaussian,absolute_residual,0.84125,30773890167.195248,50.21211528909786,0.001001596450805664,20
0.1,10,100,34,TSCP_R,Gaussian,absolute_residual,0.933125,106453206454.07664,56.566674587184195,0.00400543212890625,20
0.1,10,100,34,Point_CHR,Gaussian,absolute_residual,0.941875,107697798372.64697,58.33870244841407,0.0009996891021728516,20
0.1,10,100,34,Unscaled,Gaussian,absolute_residual,0.903125,2077418831925419.2,34.021417650236494,0.0,20
0.1,10,100,34,Empirical_copula,Gaussian,absolute_residual,0.825625,26030458766.86601,53.37610179464601,0.0009999275207519531,20
0.1,10,100,35,TSCP_R,Gaussian,absolute_residual,0.914375,63028660166.309715,62.090684723488934,0.004000186920166016,20
0.1,10,100,35,Point_CHR,Gaussian,absolute_residual,0.944375,144664220974.79657,70.25186958974072,0.00099945068359375,20
0.1,10,100,35,Unscaled,Gaussian,absolute_residual,0.965,1.6597226689326664e+16,41.87969909070356,0.0,20
0.1,10,100,35,Empirical_copula,Gaussian,absolute_residual,0.8675,33264830213.879204,63.665910630486906,0.001007080078125,20
0.1,10,100,36,TSCP_R,Gaussian,absolute_residual,0.909375,55001311162.29353,64.31737644664061,0.004191160202026367,20
0.1,10,100,36,Point_CHR,Gaussian,absolute_residual,0.90125,77112327654.17519,77.89832810215906,0.0,20
0.1,10,100,36,Unscaled,Gaussian,absolute_residual,0.964375,1.909285563791359e+16,42.47047212618133,0.0,20
0.1,10,100,36,Empirical_copula,Gaussian,absolute_residual,0.8375,30208239003.880684,60.30276753830621,0.0009989738464355469,20
0.1,10,100,37,TSCP_R,Gaussian,absolute_residual,0.9025,43339374683.645386,55.0977087167789,0.0041904449462890625,20
0.1,10,100,37,Point_CHR,Gaussian,absolute_residual,0.9025,50179753846.733284,54.34604967734525,0.0,20
0.1,10,100,37,Unscaled,Gaussian,absolute_residual,0.9225,4001101305242902.0,36.326031462592304,0.0,20
0.1,10,100,37,Empirical_copula,Gaussian,absolute_residual,0.845625,27090855453.206524,62.108123828598934,0.001001119613647461,20
0.1,10,100,38,TSCP_R,Gaussian,absolute_residual,0.88375,31901179400.377285,44.48904742810501,0.00400996208190918,20
0.1,10,100,38,Point_CHR,Gaussian,absolute_residual,0.90875,54005685036.98631,57.507141904115336,0.0009996891021728516,20
0.1,10,100,38,Unscaled,Gaussian,absolute_residual,0.845625,647044343034851.9,30.27564501594198,0.0,20
0.1,10,100,38,Empirical_copula,Gaussian,absolute_residual,0.77625,12175114715.715519,40.5849813694382,0.0009965896606445312,20
0.1,10,100,39,TSCP_R,Gaussian,absolute_residual,0.89625,42588843442.58566,49.88668325715732,0.002991914749145508,20
0.1,10,100,39,Point_CHR,Gaussian,absolute_residual,0.88,40036008736.71623,51.67876936229981,0.0010001659393310547,20
0.1,10,100,39,Unscaled,Gaussian,absolute_residual,0.88,1455102748201533.2,32.83139725886167,0.0,20
0.1,10,100,39,Empirical_copula,Gaussian,absolute_residual,0.783125,16574656244.902258,41.7942798635713,0.0010001659393310547,20
0.1,10,100,40,TSCP_R,Gaussian,absolute_residual,0.915625,61847545796.50647,53.09000439697661,0.002989053726196289,20
0.1,10,100,40,Point_CHR,Gaussian,absolute_residual,0.931875,112495619046.93628,52.481091220472095,0.0,20
0.1,10,100,40,Unscaled,Gaussian,absolute_residual,0.8975,2544480918359977.0,34.7184173763853,0.0,20
0.1,10,100,40,Empirical_copula,Gaussian,absolute_residual,0.8275,22081718108.056812,49.793993135065925,0.0009200572967529297,20
0.1,10,100,41,TSCP_R,Gaussian,absolute_residual,0.87125,28846428635.069855,46.737314183803875,0.004012107849121094,20
0.1,10,100,41,Point_CHR,Gaussian,absolute_residual,0.835625,21762504848.184658,47.454473999754256,0.0,20
0.1,10,100,41,Unscaled,Gaussian,absolute_residual,0.88375,2046391296061001.2,33.970259775446685,0.0,20
0.1,10,100,41,Empirical_copula,Gaussian,absolute_residual,0.765625,12147490376.292385,41.16634353080292,0.0009996891021728516,20
0.1,10,100,42,TSCP_R,Gaussian,absolute_residual,0.88375,33097074992.331432,52.42174602304813,0.003006458282470703,20
0.1,10,100,42,Point_CHR,Gaussian,absolute_residual,0.8575,29825340003.5994,58.50369954486595,0.0,20
0.1,10,100,42,Unscaled,Gaussian,absolute_residual,0.93625,5947310558025827.0,37.794800888098024,0.0,20
0.1,10,100,42,Empirical_copula,Gaussian,absolute_residual,0.84625,21601680299.717438,48.652973839224586,0.0010075569152832031,20
0.1,10,100,43,TSCP_R,Gaussian,absolute_residual,0.886875,47283636688.99738,53.24760442614139,0.0029993057250976562,20
0.1,10,100,43,Point_CHR,Gaussian,absolute_residual,0.845,31629002925.256607,46.04378209505923,0.0,20
0.1,10,100,43,Unscaled,Gaussian,absolute_residual,0.9225,4180534955696654.5,36.48574226172696,0.0,20
0.1,10,100,43,Empirical_copula,Gaussian,absolute_residual,0.836875,26663946806.02155,46.034389447552364,0.0010151863098144531,20
0.1,10,100,44,TSCP_R,Gaussian,absolute_residual,0.865,32359664426.886467,45.095629451305896,0.004000663757324219,20
0.1,10,100,44,Point_CHR,Gaussian,absolute_residual,0.90625,90095952196.93768,53.76841045601962,0.0010001659393310547,20
0.1,10,100,44,Unscaled,Gaussian,absolute_residual,0.915625,3270110528838387.0,35.600511937151765,0.0,20
0.1,10,100,44,Empirical_copula,Gaussian,absolute_residual,0.784375,14244470233.356907,44.40065965105693,0.001007080078125,20
0.1,10,100,45,TSCP_R,Gaussian,absolute_residual,0.918125,48716594923.731964,55.942215316413,0.004088640213012695,20
0.1,10,100,45,Point_CHR,Gaussian,absolute_residual,0.9475,111821175522.04471,66.96358943764618,0.0,20
0.1,10,100,45,Unscaled,Gaussian,absolute_residual,0.94875,9754760112595960.0,39.71199081555265,0.0010039806365966797,20
0.1,10,100,45,Empirical_copula,Gaussian,absolute_residual,0.848125,21194777783.767406,48.340208269616284,0.0010120868682861328,20
0.1,10,100,46,TSCP_R,Gaussian,absolute_residual,0.940625,99672830688.0547,58.49966839011715,0.007004737854003906,20
0.1,10,100,46,Point_CHR,Gaussian,absolute_residual,0.94125,90260204267.26546,56.49894498030734,0.000997781753540039,20
0.1,10,100,46,Unscaled,Gaussian,absolute_residual,0.94625,6902607789522990.0,38.36200695360412,0.0,20
0.1,10,100,46,Empirical_copula,Gaussian,absolute_residual,0.868125,32970396647.829937,45.85174899225807,0.001998424530029297,20
0.1,10,100,47,TSCP_R,Gaussian,absolute_residual,0.8475,23887035792.116035,49.98871025576062,0.0049991607666015625,20
0.1,10,100,47,Point_CHR,Gaussian,absolute_residual,0.9175,88767382513.63603,51.79223812105791,0.0010001659393310547,20
0.1,10,100,47,Unscaled,Gaussian,absolute_residual,0.913125,3725624719448013.5,36.067821414150515,0.0,20
0.1,10,100,47,Empirical_copula,Gaussian,absolute_residual,0.789375,12996873610.37452,43.99194965588451,0.0030007362365722656,20
0.1,10,100,48,TSCP_R,Gaussian,absolute_residual,0.92,57863666879.4113,51.12654924264632,0.006085872650146484,20
0.1,10,100,48,Point_CHR,Gaussian,absolute_residual,0.904375,64512237857.777084,56.11026644180461,0.0,20
0.1,10,100,48,Unscaled,Gaussian,absolute_residual,0.900625,2014077121266822.0,33.916232958413914,0.000988006591796875,20
0.1,10,100,48,Empirical_copula,Gaussian,absolute_residual,0.78875,17047137264.395203,51.06549987581257,0.001007080078125,20
0.1,10,100,49,TSCP_R,Gaussian,absolute_residual,0.943125,92377575265.47662,58.901344408551964,0.007000446319580078,20
0.1,10,100,49,Point_CHR,Gaussian,absolute_residual,0.93875,99878367738.49257,57.73944291979137,0.0,20
0.1,10,100,49,Unscaled,Gaussian,absolute_residual,0.9125,3866107630702161.5,36.20156904089603,0.0,20
0.1,10,100,49,Empirical_copula,Gaussian,absolute_residual,0.8625,31890852230.160866,53.485339574108266,0.0009951591491699219,20
0.1,10,100,50,TSCP_R,Gaussian,absolute_residual,0.9125,43681570797.64922,49.04450528355986,0.0030062198638916016,20
0.1,10,100,50,Point_CHR,Gaussian,absolute_residual,0.948125,91064221186.2748,52.47028818838125,0.0009996891021728516,20
0.1,10,100,50,Unscaled,Gaussian,absolute_residual,0.9025,1683866938249166.5,33.31430649610088,0.0,20
0.1,10,100,50,Empirical_copula,Gaussian,absolute_residual,0.824375,17186833322.407223,47.051205007572975,0.0010001659393310547,20
0.1,10,100,51,TSCP_R,Gaussian,absolute_residual,0.8875,37172687195.53503,49.903846728698284,0.004090070724487305,20
0.1,10,100,51,Point_CHR,Gaussian,absolute_residual,0.870625,29931949619.20203,53.622006999330054,0.0,20
0.1,10,100,51,Unscaled,Gaussian,absolute_residual,0.86125,1191873445032243.0,32.18273983172529,0.0,20
0.1,10,100,51,Empirical_copula,Gaussian,absolute_residual,0.779375,11721846586.111694,46.59523644468724,0.000995635986328125,20
0.1,10,100,52,TSCP_R,Gaussian,absolute_residual,0.891875,42637477016.242455,49.70951858152495,0.0030105113983154297,20
0.1,10,100,52,Point_CHR,Gaussian,absolute_residual,0.885,64177698133.708565,51.89791196880322,0.0009965896606445312,20
0.1,10,100,52,Unscaled,Gaussian,absolute_residual,0.88125,1957530670511271.5,33.819786181069624,0.0,20
0.1,10,100,52,Empirical_copula,Gaussian,absolute_residual,0.8225,18669401555.82461,47.64241053240427,0.0009996891021728516,20
0.1,10,100,53,TSCP_R,Gaussian,absolute_residual,0.92125,56580535307.67581,50.238818642539336,0.004007577896118164,20
0.1,10,100,53,Point_CHR,Gaussian,absolute_residual,0.905625,59605005472.19797,47.113811533471534,0.0,20
0.1,10,100,53,Unscaled,Gaussian,absolute_residual,0.865625,1236173908852245.2,32.30040421996596,0.0009992122650146484,20
0.1,10,100,53,Empirical_copula,Gaussian,absolute_residual,0.87,28463455852.041855,50.233454793115435,0.0009999275207519531,20
0.1,10,100,54,TSCP_R,Gaussian,absolute_residual,0.96375,140072437216.46378,63.7279769551443,0.004006385803222656,20
0.1,10,100,54,Point_CHR,Gaussian,absolute_residual,0.963125,199714329282.00647,58.05316977014738,0.0,20
0.1,10,100,54,Unscaled,Gaussian,absolute_residual,0.91875,3765607009808280.0,36.106342656257716,0.0,20
0.1,10,100,54,Empirical_copula,Gaussian,absolute_residual,0.881875,40145731312.02835,64.9130165296194,0.000993967056274414,20
0.1,10,100,55,TSCP_R,Gaussian,absolute_residual,0.848125,29756428989.024845,43.30727400537379,0.004000186920166016,20
0.1,10,100,55,Point_CHR,Gaussian,absolute_residual,0.863125,42124322486.38719,45.657726504928476,0.0,20
0.1,10,100,55,Unscaled,Gaussian,absolute_residual,0.83375,691316570458190.9,30.476682921419982,0.0,20
0.1,10,100,55,Empirical_copula,Gaussian,absolute_residual,0.765,12035015040.98064,40.09912470317485,0.0010061264038085938,20
0.1,10,100,56,TSCP_R,Gaussian,absolute_residual,0.90125,48407472299.67923,49.291699862596815,0.004008293151855469,20
0.1,10,100,56,Point_CHR,Gaussian,absolute_residual,0.93875,148478459978.8582,61.46405684733516,0.0,20
0.1,10,100,56,Unscaled,Gaussian,absolute_residual,0.885,2075434087269212.5,34.01816588060656,0.0,20
0.1,10,100,56,Empirical_copula,Gaussian,absolute_residual,0.84875,26196694701.791126,43.55261511144196,0.0009996891021728516,20
0.1,10,100,57,TSCP_R,Gaussian,absolute_residual,0.894375,44004257163.982925,52.980121269094994,0.004006862640380859,20
0.1,10,100,57,Point_CHR,Gaussian,absolute_residual,0.93875,94760284235.12862,49.98367636815951,0.0,20
0.1,10,100,57,Unscaled,Gaussian,absolute_residual,0.935,3962940748063443.0,36.29123586056804,0.0,20
0.1,10,100,57,Empirical_copula,Gaussian,absolute_residual,0.79625,18660163177.756874,48.270781385456296,0.00099945068359375,20
0.1,10,100,58,TSCP_R,Gaussian,absolute_residual,0.84125,26941784045.044525,47.600802415317965,0.0039997100830078125,20
0.1,10,100,58,Point_CHR,Gaussian,absolute_residual,0.88125,61627974617.93915,57.43618989347255,0.0,20
0.1,10,100,58,Unscaled,Gaussian,absolute_residual,0.9275,4624490231558063.0,36.85584617539413,0.0,20
0.1,10,100,58,Empirical_copula,Gaussian,absolute_residual,0.794375,17566875495.950783,43.604156065466114,0.0010104179382324219,20
0.1,10,100,59,TSCP_R,Gaussian,absolute_residual,0.90625,52788973331.38525,50.77874764491073,0.00399327278137207,20
0.1,10,100,59,Point_CHR,Gaussian,absolute_residual,0.89125,61093379834.537994,62.909507657923854,0.0010008811950683594,20
0.1,10,100,59,Unscaled,Gaussian,absolute_residual,0.878125,1318854498473630.2,32.510203537308016,0.0,20
0.1,10,100,59,Empirical_copula,Gaussian,absolute_residual,0.815,20641367223.61833,45.46672086204775,0.0009989738464355469,20
0.1,10,100,60,TSCP_R,Gaussian,absolute_residual,0.9125,50504596865.57499,51.26182667123594,0.004006862640380859,20
0.1,10,100,60,Point_CHR,Gaussian,absolute_residual,0.905,69649869307.9475,62.64012479027403,0.0,20
0.1,10,100,60,Unscaled,Gaussian,absolute_residual,0.875,1624279651679544.8,33.19449610181394,0.0,20
0.1,10,100,60,Empirical_copula,Gaussian,absolute_residual,0.8675,26790920731.878418,48.81771328913741,0.001001119613647461,20
0.1,10,100,61,TSCP_R,Gaussian,absolute_residual,0.893125,42760722584.824265,46.50217091415548,0.0030014514923095703,20
0.1,10,100,61,Point_CHR,Gaussian,absolute_residual,0.91625,63520991498.669136,51.86178421142844,0.001007080078125,20
0.1,10,100,61,Unscaled,Gaussian,absolute_residual,0.89125,1356064594005991.2,32.600783502380196,0.0,20
0.1,10,100,61,Empirical_copula,Gaussian,absolute_residual,0.81375,20143454753.586666,41.53668533155954,0.0009984970092773438,20
0.1,10,100,62,TSCP_R,Gaussian,absolute_residual,0.94375,87511981406.45258,53.657078368420684,0.004006862640380859,20
0.1,10,100,62,Point_CHR,Gaussian,absolute_residual,0.923125,55900618767.392654,51.83326469576271,0.0,20
0.1,10,100,62,Unscaled,Gaussian,absolute_residual,0.933125,6242387968905780.0,37.97826107829728,0.0,20
0.1,10,100,62,Empirical_copula,Gaussian,absolute_residual,0.879375,37473544716.60996,47.75189721298371,0.0020003318786621094,20
0.1,10,100,63,TSCP_R,Gaussian,absolute_residual,0.880625,31464524156.039356,55.501363626909196,0.0030062198638916016,20
0.1,10,100,63,Point_CHR,Gaussian,absolute_residual,0.904375,55384933030.488235,62.86096839373552,0.0009932518005371094,20
0.1,10,100,63,Unscaled,Gaussian,absolute_residual,0.94625,1.043896793370166e+16,39.982114297577866,0.0,20
0.1,10,100,63,Empirical_copula,Gaussian,absolute_residual,0.811875,14198292538.6022,49.82554768402485,0.0010077953338623047,20
0.1,10,100,64,TSCP_R,Gaussian,absolute_residual,0.915,57174404443.2586,49.5671998275277,0.003027200698852539,20
0.1,10,100,64,Point_CHR,Gaussian,absolute_residual,0.87375,44688881463.83584,54.356348677655866,0.0009930133819580078,20
0.1,10,100,64,Unscaled,Gaussian,absolute_residual,0.905,2480362841893710.0,34.62992266249209,0.0,20
0.1,10,100,64,Empirical_copula,Gaussian,absolute_residual,0.82875,22690944889.542244,51.30481052018327,0.0010085105895996094,20
0.1,10,100,65,TSCP_R,Gaussian,absolute_residual,0.886875,41028041549.18084,52.07512430801301,0.0040090084075927734,20
0.1,10,100,65,Point_CHR,Gaussian,absolute_residual,0.9325,106411445509.67133,65.61577242729498,0.0,20
0.1,10,100,65,Unscaled,Gaussian,absolute_residual,0.92375,2912995439958852.5,35.191192236778896,0.0,20
0.1,10,100,65,Empirical_copula,Gaussian,absolute_residual,0.820625,20184013317.557396,47.077432825027316,0.0010006427764892578,20
0.1,10,100,66,TSCP_R,Gaussian,absolute_residual,0.85375,23054892384.50436,48.329230994882494,0.0030074119567871094,20
0.1,10,100,66,Point_CHR,Gaussian,absolute_residual,0.88,38209616341.599815,59.76742299977418,0.0009999275207519531,20
0.1,10,100,66,Unscaled,Gaussian,absolute_residual,0.923125,3632553369128863.5,35.97668969783667,0.0,20
0.1,10,100,66,Empirical_copula,Gaussian,absolute_residual,0.78125,11537129676.514473,46.27573427784496,0.0010001659393310547,20
0.1,10,100,67,TSCP_R,Gaussian,absolute_residual,0.964375,191763397639.1584,53.7948539866594,0.0030066967010498047,20
0.1,10,100,67,Point_CHR,Gaussian,absolute_residual,0.961875,191662208324.3176,49.572075766385225,0.0009999275207519531,20
0.1,10,100,67,Unscaled,Gaussian,absolute_residual,0.888125,2025637135215680.0,33.93564945118793,0.0,20
0.1,10,100,67,Empirical_copula,Gaussian,absolute_residual,0.9,47200277101.90073,50.19792257582332,0.0009984970092773438,20
0.1,10,100,68,TSCP_R,Gaussian,absolute_residual,0.868125,27542743613.4885,46.574347404718466,0.004010677337646484,20
0.1,10,100,68,Point_CHR,Gaussian,absolute_residual,0.825625,18540193575.188885,42.31065726830555,0.0,20
0.1,10,100,68,Unscaled,Gaussian,absolute_residual,0.880625,1174537230415481.2,32.135619665955616,0.0,20
0.1,10,100,68,Empirical_copula,Gaussian,absolute_residual,0.79,15576914236.739317,42.603683169390386,0.0009999275207519531,20
0.1,10,100,69,TSCP_R,Gaussian,absolute_residual,0.926875,80925312443.9295,53.58865896722508,0.002997875213623047,20
0.1,10,100,69,Point_CHR,Gaussian,absolute_residual,0.9025,52717269589.01861,54.52292483273291,0.0009999275207519531,20
0.1,10,100,69,Unscaled,Gaussian,absolute_residual,0.921875,2811918729969801.0,35.06713428707288,0.0,20
0.1,10,100,69,Empirical_copula,Gaussian,absolute_residual,0.86,31099573131.598095,46.76604006541201,0.0009932518005371094,20
0.1,10,100,70,TSCP_R,Gaussian,absolute_residual,0.909375,62092376062.904434,48.68323951425855,0.0029935836791992188,20
0.1,10,100,70,Point_CHR,Gaussian,absolute_residual,0.858125,34973516329.42407,41.52423262839518,0.0,20
0.1,10,100,70,Unscaled,Gaussian,absolute_residual,0.83375,728232397352255.0,30.63564296965189,0.0,20
0.1,10,100,70,Empirical_copula,Gaussian,absolute_residual,0.813125,24057051926.113094,41.51784128549174,0.0010068416595458984,20
0.1,10,100,71,TSCP_R,Gaussian,absolute_residual,0.954375,109172788731.60075,53.94947026180203,0.0030066967010498047,20
0.1,10,100,71,Point_CHR,Gaussian,absolute_residual,0.9175,53508821905.3308,53.11772523276193,0.0009930133819580078,20
0.1,10,100,71,Unscaled,Gaussian,absolute_residual,0.9,2776877762339662.0,35.023188071060595,0.0,20
0.1,10,100,71,Empirical_copula,Gaussian,absolute_residual,0.90875,49156170818.01143,47.831926071832115,0.0010082721710205078,20
0.1,10,100,72,TSCP_R,Gaussian,absolute_residual,0.889375,41698814971.06488,51.69534971494832,0.0030062198638916016,20
0.1,10,100,72,Point_CHR,Gaussian,absolute_residual,0.84,38510301560.41078,47.57932271696464,0.0010001659393310547,20
0.1,10,100,72,Unscaled,Gaussian,absolute_residual,0.89625,2884717069447570.5,35.15687966166326,0.0,20
0.1,10,100,72,Empirical_copula,Gaussian,absolute_residual,0.813125,18471591964.455902,41.88122758907881,0.0009999275207519531,20
0.1,10,100,73,TSCP_R,Gaussian,absolute_residual,0.87625,30932898877.752155,50.24104726019943,0.004006862640380859,20
0.1,10,100,73,Point_CHR,Gaussian,absolute_residual,0.918125,61578760359.10214,52.524048601400615,0.0,20
0.1,10,100,73,Unscaled,Gaussian,absolute_residual,0.905625,3033048036275306.0,35.33360330550777,0.0009942054748535156,20
0.1,10,100,73,Empirical_copula,Gaussian,absolute_residual,0.7875,14156408389.976091,46.72512313926664,0.0009984970092773438,20
0.1,10,100,74,TSCP_R,Gaussian,absolute_residual,0.911875,52710261537.38388,54.40183641709814,0.003999471664428711,20
0.1,10,100,74,Point_CHR,Gaussian,absolute_residual,0.8925,40743701388.66715,47.10980693988002,0.0,20
0.1,10,100,74,Unscaled,Gaussian,absolute_residual,0.88,1716249508380088.0,33.37782571171572,0.0010073184967041016,20
0.1,10,100,74,Empirical_copula,Gaussian,absolute_residual,0.84125,22651471841.664062,50.679210428486016,0.0010001659393310547,20
0.1,10,100,75,TSCP_R,Gaussian,absolute_residual,0.9475,111579819466.48868,60.28305355413123,0.003007173538208008,20
0.1,10,100,75,Point_CHR,Gaussian,absolute_residual,0.973125,372570111736.0599,74.92045107830998,0.0009999275207519531,20
0.1,10,100,75,Unscaled,Gaussian,absolute_residual,0.924375,5805670512246191.0,37.70381002194275,0.0,20
0.1,10,100,75,Empirical_copula,Gaussian,absolute_residual,0.844375,33520304038.928303,52.937672537986494,0.0009999275207519531,20
0.1,10,100,76,TSCP_R,Gaussian,absolute_residual,0.95625,118038365587.5908,56.687896425483956,0.0030069351196289062,20
0.1,10,100,76,Point_CHR,Gaussian,absolute_residual,0.9475,143162998811.06155,50.398823587409865,0.0009996891021728516,20
0.1,10,100,76,Unscaled,Gaussian,absolute_residual,0.8925,1692690433488470.2,33.331722229867175,0.0,20
0.1,10,100,76,Empirical_copula,Gaussian,absolute_residual,0.85875,31222137908.470833,54.32849021571109,0.0009996891021728516,20
0.1,10,100,77,TSCP_R,Gaussian,absolute_residual,0.835,20660440943.39227,47.59078197689587,0.004006385803222656,20
0.1,10,100,77,Point_CHR,Gaussian,absolute_residual,0.81,22420832315.302723,43.33892929084695,0.0,20
0.1,10,100,77,Unscaled,Gaussian,absolute_residual,0.8475,816173174592046.2,30.986907210233895,0.0,20
0.1,10,100,77,Empirical_copula,Gaussian,absolute_residual,0.769375,11548446342.585567,46.08978825039872,0.0010008811950683594,20
0.1,10,100,78,TSCP_R,Gaussian,absolute_residual,0.906875,48236260468.061066,53.584363410580096,0.003008127212524414,20
0.1,10,100,78,Point_CHR,Gaussian,absolute_residual,0.904375,57019993328.24699,48.39254185448632,0.0010004043579101562,20
0.1,10,100,78,Unscaled,Gaussian,absolute_residual,0.91375,3096578853919027.5,35.40692527160355,0.0,20
0.1,10,100,78,Empirical_copula,Gaussian,absolute_residual,0.835625,21272264963.932026,52.783302646185284,0.0009987354278564453,20
0.1,10,100,79,TSCP_R,Gaussian,absolute_residual,0.90875,56705737224.627266,56.74772370960771,0.004006862640380859,20
0.1,10,100,79,Point_CHR,Gaussian,absolute_residual,0.931875,97516081878.99146,56.31007428179241,0.0,20
0.1,10,100,79,Unscaled,Gaussian,absolute_residual,0.889375,1535838232554002.0,33.00916567649305,0.0,20
0.1,10,100,79,Empirical_copula,Gaussian,absolute_residual,0.79625,21324809073.789955,60.791175504154324,0.0010001659393310547,20
0.1,10,100,80,TSCP_R,Gaussian,absolute_residual,0.909375,61847891890.058586,53.395700250765536,0.004005908966064453,20
0.1,10,100,80,Point_CHR,Gaussian,absolute_residual,0.880625,46108933630.67834,57.89607291517233,0.0,20
0.1,10,100,80,Unscaled,Gaussian,absolute_residual,0.898125,2447261705770434.5,34.58342815704189,0.0,20
0.1,10,100,80,Empirical_copula,Gaussian,absolute_residual,0.800625,20227144358.23828,52.40818996920548,0.0009999275207519531,20
0.1,10,100,81,TSCP_R,Gaussian,absolute_residual,0.941875,93907913584.05093,54.32436995394601,0.0030062198638916016,20
0.1,10,100,81,Point_CHR,Gaussian,absolute_residual,0.8525,29910717529.253357,52.12209259644776,0.000995635986328125,20
0.1,10,100,81,Unscaled,Gaussian,absolute_residual,0.88875,1845456005267971.5,33.62098010246481,0.0,20
0.1,10,100,81,Empirical_copula,Gaussian,absolute_residual,0.8475,29630380411.44127,46.710843163197126,0.0010075569152832031,20
0.1,10,100,82,TSCP_R,Gaussian,absolute_residual,0.854375,27355080720.42204,49.86939818979428,0.00401616096496582,20
0.1,10,100,82,Point_CHR,Gaussian,absolute_residual,0.884375,56079613913.3046,49.736484811379924,0.0,20
0.1,10,100,82,Unscaled,Gaussian,absolute_residual,0.918125,2839976700058998.0,35.10196894804944,0.0,20
0.1,10,100,82,Empirical_copula,Gaussian,absolute_residual,0.755,10929188670.682981,45.795572732674344,0.0019989013671875,20
0.1,10,100,83,TSCP_R,Gaussian,absolute_residual,0.8875,48864481283.12227,51.40744201036205,0.0030066967010498047,20
0.1,10,100,83,Point_CHR,Gaussian,absolute_residual,0.88625,54037341093.70907,61.35965172919492,0.0009996891021728516,20
0.1,10,100,83,Unscaled,Gaussian,absolute_residual,0.895,3770358104464427.0,36.11089563619771,0.0,20
0.1,10,100,83,Empirical_copula,Gaussian,absolute_residual,0.82,22969441277.963287,50.27490119175533,0.0009932518005371094,20
0.1,10,100,84,TSCP_R,Gaussian,absolute_residual,0.933125,85552250437.86198,56.28872432798333,0.0040094852447509766,20
0.1,10,100,84,Point_CHR,Gaussian,absolute_residual,0.82875,40236012716.924416,48.99455919905718,0.0009903907775878906,20
0.1,10,100,84,Unscaled,Gaussian,absolute_residual,0.901875,3037125225986656.5,35.33835017173461,0.0,20
0.1,10,100,84,Empirical_copula,Gaussian,absolute_residual,0.793125,23528202904.431183,46.45901883357614,0.0010008811950683594,20
0.1,10,100,85,TSCP_R,Gaussian,absolute_residual,0.86625,27641104821.35395,46.36861139279977,0.004000663757324219,20
0.1,10,100,85,Point_CHR,Gaussian,absolute_residual,0.83375,24293207975.8867,42.4241441545125,0.0,20
0.1,10,100,85,Unscaled,Gaussian,absolute_residual,0.870625,1221334909379081.5,32.26141984711713,0.0,20
0.1,10,100,85,Empirical_copula,Gaussian,absolute_residual,0.78125,11753339874.609653,42.5015157697222,0.0020062923431396484,20
0.1,10,100,86,TSCP_R,Gaussian,absolute_residual,0.8875,42774018426.23424,52.14436322307859,0.004238605499267578,20
0.1,10,100,86,Point_CHR,Gaussian,absolute_residual,0.91375,96837197300.12486,70.32942552094558,0.0,20
0.1,10,100,86,Unscaled,Gaussian,absolute_residual,0.938125,7789470171550238.0,38.828515950120384,0.0,20
0.1,10,100,86,Empirical_copula,Gaussian,absolute_residual,0.8075,20147279091.77639,48.013815176225435,0.0010001659393310547,20
0.1,10,100,87,TSCP_R,Gaussian,absolute_residual,0.906875,48503369695.11318,51.96039867707235,0.004007101058959961,20
0.1,10,100,87,Point_CHR,Gaussian,absolute_residual,0.899375,56114372591.73654,55.98803338458525,0.0,20
0.1,10,100,87,Unscaled,Gaussian,absolute_residual,0.910625,3911054789262952.0,36.24343820787144,0.0,20
0.1,10,100,87,Empirical_copula,Gaussian,absolute_residual,0.83875,22931706160.782284,50.41321384481193,0.0009920597076416016,20
0.1,10,100,88,TSCP_R,Gaussian,absolute_residual,0.965625,143994366860.33878,55.80518849688103,0.0030057430267333984,20
0.1,10,100,88,Point_CHR,Gaussian,absolute_residual,0.965,174870580878.79932,56.4481263027672,0.0010051727294921875,20
0.1,10,100,88,Unscaled,Gaussian,absolute_residual,0.855,1138903581158465.0,32.036767972963446,0.0,20
0.1,10,100,88,Empirical_copula,Gaussian,absolute_residual,0.87125,34736909596.39133,46.80409592096464,0.0009953975677490234,20
0.1,10,100,89,TSCP_R,Gaussian,absolute_residual,0.930625,67259524937.061455,51.35082438096059,0.003008127212524414,20
0.1,10,100,89,Point_CHR,Gaussian,absolute_residual,0.946875,111828860436.09654,55.54576394451645,0.0,20
0.1,10,100,89,Unscaled,Gaussian,absolute_residual,0.885625,1634650890729473.8,33.21563056884253,0.0,20
0.1,10,100,89,Empirical_copula,Gaussian,absolute_residual,0.85,27052855116.222145,44.012894591439014,0.0009999275207519531,20
0.1,10,100,90,TSCP_R,Gaussian,absolute_residual,0.895625,43069858741.93367,49.22462933909001,0.004006624221801758,20
0.1,10,100,90,Point_CHR,Gaussian,absolute_residual,0.869375,40223897365.216835,50.19547996692205,0.0,20
0.1,10,100,90,Unscaled,Gaussian,absolute_residual,0.890625,2826960386800565.0,35.08584757272278,0.0,20
0.1,10,100,90,Empirical_copula,Gaussian,absolute_residual,0.81375,19462762855.84944,42.017451743759906,0.0009996891021728516,20
0.1,10,100,91,TSCP_R,Gaussian,absolute_residual,0.91625,59582841645.6606,53.81907503694981,0.0039997100830078125,20
0.1,10,100,91,Point_CHR,Gaussian,absolute_residual,0.88,33574714185.7205,46.01008544047474,0.0,20
0.1,10,100,91,Unscaled,Gaussian,absolute_residual,0.921875,4142031692619262.5,36.45199833429548,0.0,20
0.1,10,100,91,Empirical_copula,Gaussian,absolute_residual,0.84125,23782163512.980747,46.83641793722382,0.0010056495666503906,20
0.1,10,100,92,TSCP_R,Gaussian,absolute_residual,0.9225,72883752705.4931,54.96204824228253,0.003007650375366211,20
0.1,10,100,92,Point_CHR,Gaussian,absolute_residual,0.921875,67139324407.466125,51.89786479263813,0.0009999275207519531,20
0.1,10,100,92,Unscaled,Gaussian,absolute_residual,0.914375,2612602221672991.5,34.810264978612516,0.0,20
0.1,10,100,92,Empirical_copula,Gaussian,absolute_residual,0.845,29860152743.52113,49.92386087088463,0.0009999275207519531,20
0.1,10,100,93,TSCP_R,Gaussian,absolute_residual,0.948125,104650608648.98991,51.61147035457773,0.003998994827270508,20
0.1,10,100,93,Point_CHR,Gaussian,absolute_residual,0.9825,315757876074.99963,57.03663783087954,0.0,20
0.1,10,100,93,Unscaled,Gaussian,absolute_residual,0.881875,1551508822906697.0,33.04269220877223,0.0,20
0.1,10,100,93,Empirical_copula,Gaussian,absolute_residual,0.87625,33908996709.52372,46.67515170360608,0.0010001659393310547,20
0.1,10,100,94,TSCP_R,Gaussian,absolute_residual,0.856875,27177242361.92078,48.54771078342487,0.0030066967010498047,20
0.1,10,100,94,Point_CHR,Gaussian,absolute_residual,0.9075,56702629442.36618,60.201460288702854,0.0009949207305908203,20
0.1,10,100,94,Unscaled,Gaussian,absolute_residual,0.9125,3713490849987543.0,36.05605734770951,0.0,20
0.1,10,100,94,Empirical_copula,Gaussian,absolute_residual,0.75125,12412066230.280106,48.67414582540367,0.0010073184967041016,20
0.1,10,100,95,TSCP_R,Gaussian,absolute_residual,0.93375,68346916129.910576,52.99353035002793,0.003998994827270508,20
0.1,10,100,95,Point_CHR,Gaussian,absolute_residual,0.8825,35282014569.60557,56.6030590517062,0.0,20
0.1,10,100,95,Unscaled,Gaussian,absolute_residual,0.8925,1779746460913950.8,33.499306299468564,0.0,20
0.1,10,100,95,Empirical_copula,Gaussian,absolute_residual,0.833125,20200790311.44545,41.998690368448734,0.0009996891021728516,20
0.1,10,100,96,TSCP_R,Gaussian,absolute_residual,0.86625,35474845860.1785,48.574018527020925,0.0040209293365478516,20
0.1,10,100,96,Point_CHR,Gaussian,absolute_residual,0.878125,54509826786.8579,50.9580692577371,0.0,20
0.1,10,100,96,Unscaled,Gaussian,absolute_residual,0.87625,1437321501094586.5,32.791055196465486,0.0,20
0.1,10,100,96,Empirical_copula,Gaussian,absolute_residual,0.7975,15278187936.565226,45.105142505095294,0.0009989738464355469,20
0.1,10,100,97,TSCP_R,Gaussian,absolute_residual,0.95125,95322725277.00647,49.71779779270494,0.004006385803222656,20
0.1,10,100,97,Point_CHR,Gaussian,absolute_residual,0.896875,56676658782.18777,54.11148836773602,0.0,20
0.1,10,100,97,Unscaled,Gaussian,absolute_residual,0.903125,2233409996965127.2,34.26863813789256,0.0,20
0.1,10,100,97,Empirical_copula,Gaussian,absolute_residual,0.81125,22265409296.06758,40.087001173894926,0.0010077953338623047,20
0.1,10,100,98,TSCP_R,Gaussian,absolute_residual,0.858125,30335098649.528214,43.91251302596888,0.003992319107055664,20
0.1,10,100,98,Point_CHR,Gaussian,absolute_residual,0.83,24774825138.398907,46.403480137302985,0.0,20
0.1,10,100,98,Unscaled,Gaussian,absolute_residual,0.788125,342820446251009.5,28.412318313799457,0.0,20
0.1,10,100,98,Empirical_copula,Gaussian,absolute_residual,0.775625,15207811001.232162,47.17282933394398,0.0009999275207519531,20
0.1,10,100,99,TSCP_R,Gaussian,absolute_residual,0.9025,47515703335.76297,54.24322533990667,0.0030062198638916016,20
0.1,10,100,99,Point_CHR,Gaussian,absolute_residual,0.893125,40385617549.64366,52.95607369547258,0.0009996891021728516,20
0.1,10,100,99,Unscaled,Gaussian,absolute_residual,0.905625,2463855714895449.5,34.60680670037382,0.0,20
0.1,10,100,99,Empirical_copula,Gaussian,absolute_residual,0.805625,22071169792.17916,52.83716377172785,0.0010001659393310547,20
0.1,10,100,100,TSCP_R,Gaussian,absolute_residual,0.92625,64668736279.53212,56.49440236659473,0.004007101058959961,20
0.1,10,100,100,Point_CHR,Gaussian,absolute_residual,0.9275,75745223202.15129,53.76796319136601,0.0,20
0.1,10,100,100,Unscaled,Gaussian,absolute_residual,0.9225,2512780629516780.5,34.67491918442297,0.0,20
0.1,10,100,100,Empirical_copula,Gaussian,absolute_residual,0.838125,23168289369.75458,53.89502651536325,0.0010008811950683594,20
0.1,10,100,101,TSCP_R,Gaussian,absolute_residual,0.92,71313816093.38824,60.21939764512459,0.004003763198852539,20
0.1,10,100,101,Point_CHR,Gaussian,absolute_residual,0.9525,158586353286.88812,58.01563420625409,0.0,20
0.1,10,100,101,Unscaled,Gaussian,absolute_residual,0.92625,6372936637328018.0,38.056948281829406,0.0,20
0.1,10,100,101,Empirical_copula,Gaussian,absolute_residual,0.835625,26544173573.91607,54.453572854005785,0.0009992122650146484,20
0.1,10,100,102,TSCP_R,Gaussian,absolute_residual,0.943125,105447014460.79129,54.99427767622065,0.004006385803222656,20
0.1,10,100,102,Point_CHR,Gaussian,absolute_residual,0.935625,97690662266.48206,52.04170544593863,0.0,20
0.1,10,100,102,Unscaled,Gaussian,absolute_residual,0.91875,2770484189736424.0,35.01511585256636,0.0,20
0.1,10,100,102,Empirical_copula,Gaussian,absolute_residual,0.86125,39682809564.069305,56.28119176090908,0.0010004043579101562,20
0.1,10,100,103,TSCP_R,Gaussian,absolute_residual,0.893125,47498934755.17635,57.49352275392829,0.004006385803222656,20
0.1,10,100,103,Point_CHR,Gaussian,absolute_residual,0.87625,36910748581.24604,54.44554816975709,0.0,20
0.1,10,100,103,Unscaled,Gaussian,absolute_residual,0.92,4448056522207764.5,36.71275953575724,0.0,20
0.1,10,100,103,Empirical_copula,Gaussian,absolute_residual,0.818125,22881109856.567177,54.298297909377816,0.0009949207305908203,20
0.1,10,100,104,TSCP_R,Gaussian,absolute_residual,0.896875,44634590085.64284,53.1446714214282,0.003000497817993164,20
0.1,10,100,104,Point_CHR,Gaussian,absolute_residual,0.889375,45447823466.61121,56.62015810899581,0.0010077953338623047,20
0.1,10,100,104,Unscaled,Gaussian,absolute_residual,0.8675,1316116019730781.8,32.50344678000776,0.0,20
0.1,10,100,104,Empirical_copula,Gaussian,absolute_residual,0.816875,18272297582.831066,52.18098539135136,0.000997781753540039,20
0.1,10,100,105,TSCP_R,Gaussian,absolute_residual,0.879375,33253888699.514812,52.015348000355885,0.0039980411529541016,20
0.1,10,100,105,Point_CHR,Gaussian,absolute_residual,0.828125,20890519049.039394,49.6970519003971,0.0,20
0.1,10,100,105,Unscaled,Gaussian,absolute_residual,0.890625,2093642076528456.2,34.047893182885375,0.0,20
0.1,10,100,105,Empirical_copula,Gaussian,absolute_residual,0.83,27792697353.272076,49.6970519003971,0.0009996891021728516,20
0.1,10,100,106,TSCP_R,Gaussian,absolute_residual,0.868125,27448939670.81894,53.76076102278279,0.003999948501586914,20
0.1,10,100,106,Point_CHR,Gaussian,absolute_residual,0.871875,42046537958.45105,53.105391131077475,0.0,20
0.1,10,100,106,Unscaled,Gaussian,absolute_residual,0.884375,1839868169686387.5,33.61078614603556,0.0,20
0.1,10,100,106,Empirical_copula,Gaussian,absolute_residual,0.73625,10174301677.80223,54.761332423629995,0.0010001659393310547,20
0.1,10,100,107,TSCP_R,Gaussian,absolute_residual,0.926875,89534476009.55168,50.82219645677676,0.003999948501586914,20
0.1,10,100,107,Point_CHR,Gaussian,absolute_residual,0.9575,270894157939.3422,59.478068911964186,0.0,20
0.1,10,100,107,Unscaled,Gaussian,absolute_residual,0.85125,909413700978416.8,31.32392311305876,0.0010066032409667969,20
0.1,10,100,107,Empirical_copula,Gaussian,absolute_residual,0.838125,27242748712.14726,46.95821545552235,0.0009996891021728516,20
0.1,10,100,108,TSCP_R,Gaussian,absolute_residual,0.898125,56475353542.491325,61.50663126994188,0.004027366638183594,20
0.1,10,100,108,Point_CHR,Gaussian,absolute_residual,0.8625,39300200416.83382,55.3467259692663,0.0,20
0.1,10,100,108,Unscaled,Gaussian,absolute_residual,0.8975,2938953125765910.5,35.222426045949604,0.0,20
0.1,10,100,108,Empirical_copula,Gaussian,absolute_residual,0.738125,15401485566.40012,55.89153843016761,0.0009996891021728516,20
0.1,10,100,109,TSCP_R,Gaussian,absolute_residual,0.83375,21860865372.356174,45.18586619264514,0.0030050277709960938,20
0.1,10,100,109,Point_CHR,Gaussian,absolute_residual,0.899375,94828044623.49097,47.461105519168655,0.0010001659393310547,20
0.1,10,100,109,Unscaled,Gaussian,absolute_residual,0.84125,679900092594831.8,30.425975416533618,0.0,20
0.1,10,100,109,Empirical_copula,Gaussian,absolute_residual,0.753125,11671278257.511305,43.83645129318161,0.0009944438934326172,20
0.1,10,100,110,TSCP_R,Gaussian,absolute_residual,0.928125,72310798778.45319,47.32503714922604,0.0030007362365722656,20
0.1,10,100,110,Point_CHR,Gaussian,absolute_residual,0.9325,123990110332.2669,45.9000216498098,0.0,20
0.1,10,100,110,Unscaled,Gaussian,absolute_residual,0.858125,1035023515504395.9,31.731822895528143,0.0,20
0.1,10,100,110,Empirical_copula,Gaussian,absolute_residual,0.8625,31985459829.10163,45.43301776389083,0.0009980201721191406,20
0.1,10,100,111,TSCP_R,Gaussian,absolute_residual,0.918125,60400107559.96854,54.58535766915781,0.004004955291748047,20
0.1,10,100,111,Point_CHR,Gaussian,absolute_residual,0.930625,92895159045.24207,51.63990348564408,0.0,20
0.1,10,100,111,Unscaled,Gaussian,absolute_residual,0.9225,2997665471591558.5,35.292166264207616,0.0,20
0.1,10,100,111,Empirical_copula,Gaussian,absolute_residual,0.834375,19757950430.649498,48.36755242623515,0.0009999275207519531,20
0.1,10,100,112,TSCP_R,Gaussian,absolute_residual,0.939375,72895538414.74345,60.175084364873996,0.004019975662231445,20
0.1,10,100,112,Point_CHR,Gaussian,absolute_residual,0.908125,104457541889.6066,72.31517040756863,0.0,20
0.1,10,100,112,Unscaled,Gaussian,absolute_residual,0.941875,5614875843413911.0,37.57803060185161,0.0,20
0.1,10,100,112,Empirical_copula,Gaussian,absolute_residual,0.838125,24211681215.219604,48.2666350375272,0.0009980201721191406,20
0.1,10,100,113,TSCP_R,Gaussian,absolute_residual,0.91875,56274030434.92025,52.53833120388215,0.0040013790130615234,20
0.1,10,100,113,Point_CHR,Gaussian,absolute_residual,0.96375,288845079638.0402,64.80084042330833,0.0,20
0.1,10,100,113,Unscaled,Gaussian,absolute_residual,0.9175,2928633472724949.5,35.21003868142524,0.0,20
0.1,10,100,113,Empirical_copula,Gaussian,absolute_residual,0.855,37363408797.31107,51.70955091875041,0.0010077953338623047,20
0.1,10,100,114,TSCP_R,Gaussian,absolute_residual,0.90125,46221237729.07908,52.7084949971321,0.004007816314697266,20
0.1,10,100,114,Point_CHR,Gaussian,absolute_residual,0.90375,63266036401.75636,56.54295712148304,0.0,20
0.1,10,100,114,Unscaled,Gaussian,absolute_residual,0.909375,2999056858141183.5,35.29380403174139,0.0,20
0.1,10,100,114,Empirical_copula,Gaussian,absolute_residual,0.805625,17408567268.74092,40.41546556410209,0.0009992122650146484,20
0.1,10,100,115,TSCP_R,Gaussian,absolute_residual,0.90125,47874583543.672806,54.17836501755144,0.004005908966064453,20
0.1,10,100,115,Point_CHR,Gaussian,absolute_residual,0.968125,411444580359.1094,52.01328856697513,0.0,20
0.1,10,100,115,Unscaled,Gaussian,absolute_residual,0.930625,6494788819925162.0,38.12909553493299,0.0,20
0.1,10,100,115,Empirical_copula,Gaussian,absolute_residual,0.818125,19643040447.5078,54.159308927229716,0.0009999275207519531,20
0.1,10,100,116,TSCP_R,Gaussian,absolute_residual,0.94125,87417390723.75436,53.39356698932378,0.004011392593383789,20
0.1,10,100,116,Point_CHR,Gaussian,absolute_residual,0.949375,124445359642.13516,57.499270496013224,0.0,20
0.1,10,100,116,Unscaled,Gaussian,absolute_residual,0.89625,1935424953650552.2,33.78139918905706,0.0,20
0.1,10,100,116,Empirical_copula,Gaussian,absolute_residual,0.885625,39388421737.79597,48.05934531960194,0.000997304916381836,20
0.1,10,100,117,TSCP_R,Gaussian,absolute_residual,0.94125,92496228921.85725,61.94623426799486,0.0040051937103271484,20
0.1,10,100,117,Point_CHR,Gaussian,absolute_residual,0.93,86992756985.39244,49.14136883478699,0.0009996891021728516,20
0.1,10,100,117,Unscaled,Gaussian,absolute_residual,0.93,6448711824434989.0,38.10195826575138,0.0,20
0.1,10,100,117,Empirical_copula,Gaussian,absolute_residual,0.84625,29140674687.5261,57.264593397769566,0.0009999275207519531,20
0.1,10,100,118,TSCP_R,Gaussian,absolute_residual,0.874375,27482782308.665474,48.737898653295346,0.004000425338745117,20
0.1,10,100,118,Point_CHR,Gaussian,absolute_residual,0.935,79896636090.98093,59.25997413613894,0.0,20
0.1,10,100,118,Unscaled,Gaussian,absolute_residual,0.91,2681478335199892.5,34.90096451976668,0.0,20
0.1,10,100,118,Empirical_copula,Gaussian,absolute_residual,0.8075,16901818898.12223,42.904632149762925,0.0010616779327392578,20
0.1,10,100,119,TSCP_R,Gaussian,absolute_residual,0.901875,47614778882.34451,53.41101390172757,0.00299835205078125,20
0.1,10,100,119,Point_CHR,Gaussian,absolute_residual,0.934375,105197654049.61864,61.5845976550909,0.0010101795196533203,20
0.1,10,100,119,Unscaled,Gaussian,absolute_residual,0.95375,8898196584325782.0,39.34868286542664,0.0,20
0.1,10,100,119,Empirical_copula,Gaussian,absolute_residual,0.81875,20121806299.801136,46.5813391997166,0.0009975433349609375,20
0.1,10,100,120,TSCP_R,Gaussian,absolute_residual,0.89125,38915771980.90025,50.980998054281514,0.004006862640380859,20
0.1,10,100,120,Point_CHR,Gaussian,absolute_residual,0.924375,80585907478.23888,59.653940254697275,0.0,20
0.1,10,100,120,Unscaled,Gaussian,absolute_residual,0.933125,5899873575643267.0,37.76454621879446,0.0,20
0.1,10,100,120,Empirical_copula,Gaussian,absolute_residual,0.81625,17915366511.584282,43.68254806674352,0.0009999275207519531,20
0.1,10,100,121,TSCP_R,Gaussian,absolute_residual,0.926875,82000867640.3746,54.80502485510179,0.0040056705474853516,20
0.1,10,100,121,Point_CHR,Gaussian,absolute_residual,0.9175,87533103825.92204,56.10506037951673,0.0,20
0.1,10,100,121,Unscaled,Gaussian,absolute_residual,0.905625,3195206041489285.0,35.51811318562494,0.0,20
0.1,10,100,121,Empirical_copula,Gaussian,absolute_residual,0.853125,33915847845.365448,50.63284255378458,0.0009999275207519531,20
0.1,10,100,122,TSCP_R,Gaussian,absolute_residual,0.939375,89208372355.43127,55.30410704575282,0.0029997825622558594,20
0.1,10,100,122,Point_CHR,Gaussian,absolute_residual,0.960625,210950453203.10294,57.579237609341405,0.0,20
0.1,10,100,122,Unscaled,Gaussian,absolute_residual,0.903125,2997621974899784.0,35.29211505427388,0.0,20
0.1,10,100,122,Empirical_copula,Gaussian,absolute_residual,0.906875,44455256655.7167,50.028973852011006,0.0010061264038085938,20
0.1,10,100,123,TSCP_R,Gaussian,absolute_residual,0.828125,19805668770.778824,50.11081768803994,0.0040090084075927734,20
0.1,10,100,123,Point_CHR,Gaussian,absolute_residual,0.801875,17570698860.175377,48.734174883677994,0.0,20
0.1,10,100,123,Unscaled,Gaussian,absolute_residual,0.901875,3483426340173883.5,35.82619316319316,0.0,20
0.1,10,100,123,Empirical_copula,Gaussian,absolute_residual,0.750625,10161384655.059496,49.76543376143387,0.0009968280792236328,20
0.1,10,100,124,TSCP_R,Gaussian,absolute_residual,0.855,29733234350.0749,51.95613322399706,0.004005908966064453,20
0.1,10,100,124,Point_CHR,Gaussian,absolute_residual,0.815,32017167346.500443,43.04823242695722,0.0,20
0.1,10,100,124,Unscaled,Gaussian,absolute_residual,0.91,4002468745056737.0,36.3272727714226,0.0,20
0.1,10,100,124,Empirical_copula,Gaussian,absolute_residual,0.813125,18228883351.6086,46.178321663554,0.0009932518005371094,20
0.1,10,100,125,TSCP_R,Gaussian,absolute_residual,0.9225,59938177374.31295,47.102644274801584,0.004008769989013672,20
0.1,10,100,125,Point_CHR,Gaussian,absolute_residual,0.82875,22177113749.887135,40.858619418116355,0.0,20
0.1,10,100,125,Unscaled,Gaussian,absolute_residual,0.818125,430284180987248.9,29.06534872631885,0.0,20
0.1,10,100,125,Empirical_copula,Gaussian,absolute_residual,0.7775,15699603165.217735,39.194121209718254,0.0010082721710205078,20
0.1,10,100,126,TSCP_R,Gaussian,absolute_residual,0.9,43687659739.08583,52.66261712743112,0.0030066967010498047,20
0.1,10,100,126,Point_CHR,Gaussian,absolute_residual,0.918125,60676771137.14453,54.083133644612786,0.0009996891021728516,20
0.1,10,100,126,Unscaled,Gaussian,absolute_residual,0.891875,2017637622568890.2,33.92222393226998,0.0,20
0.1,10,100,126,Empirical_copula,Gaussian,absolute_residual,0.82875,21815786498.184822,49.11438669792105,0.0009999275207519531,20
0.1,10,100,127,TSCP_R,Gaussian,absolute_residual,0.864375,32959791520.448822,53.20803768723012,0.0040056705474853516,20
0.1,10,100,127,Point_CHR,Gaussian,absolute_residual,0.93875,84970424111.9998,65.10672010852177,0.0,20
0.1,10,100,127,Unscaled,Gaussian,absolute_residual,0.949375,9475626522856600.0,39.59686414026579,0.0,20
0.1,10,100,127,Empirical_copula,Gaussian,absolute_residual,0.79,15055577243.32134,44.458814051578415,0.0009992122650146484,20
0.1,10,100,128,TSCP_R,Gaussian,absolute_residual,0.923125,72311885252.39145,59.501382246808156,0.004021167755126953,20
0.1,10,100,128,Point_CHR,Gaussian,absolute_residual,0.899375,63573171948.6754,58.873869658217316,0.0,20
0.1,10,100,128,Unscaled,Gaussian,absolute_residual,0.91875,3878563309658288.0,36.213215450203165,0.0009980201721191406,20
0.1,10,100,128,Empirical_copula,Gaussian,absolute_residual,0.815625,23094729145.179996,55.62767828870709,0.0010063648223876953,20
0.1,10,100,129,TSCP_R,Gaussian,absolute_residual,0.894375,38869693844.672874,51.50814045770376,0.003999948501586914,20
0.1,10,100,129,Point_CHR,Gaussian,absolute_residual,0.92125,58182811487.952156,49.755851338491645,0.0010008811950683594,20
0.1,10,100,129,Unscaled,Gaussian,absolute_residual,0.93,5683532387888331.0,37.62372868375387,0.0,20
0.1,10,100,129,Empirical_copula,Gaussian,absolute_residual,0.80875,15507118241.324081,49.755851338491645,0.0010001659393310547,20
0.1,10,100,130,TSCP_R,Gaussian,absolute_residual,0.92875,63003884153.300095,60.04962027777884,0.003992557525634766,20
0.1,10,100,130,Point_CHR,Gaussian,absolute_residual,0.914375,63942885399.425705,54.52997873914941,0.0,20
0.1,10,100,130,Unscaled,Gaussian,absolute_residual,0.92625,4068034267747951.5,36.386347284373706,0.0,20
0.1,10,100,130,Empirical_copula,Gaussian,absolute_residual,0.8,19762616004.58586,52.50746785163544,0.0019948482513427734,20
0.1,10,100,131,TSCP_R,Gaussian,absolute_residual,0.913125,63203257502.50292,53.03549072611737,0.003998756408691406,20
0.1,10,100,131,Point_CHR,Gaussian,absolute_residual,0.915,76727378322.23125,48.52878154209097,0.0,20
0.1,10,100,131,Unscaled,Gaussian,absolute_residual,0.9025,2622131568523017.0,34.822941071131815,0.0,20
0.1,10,100,131,Empirical_copula,Gaussian,absolute_residual,0.834375,27241970076.559093,51.326214057377165,0.0010094642639160156,20
0.1,10,100,132,TSCP_R,Gaussian,absolute_residual,0.871875,44720241351.42704,47.70105670408576,0.003007173538208008,20
0.1,10,100,132,Point_CHR,Gaussian,absolute_residual,0.863125,42592491632.89941,42.5271207411197,0.000997781753540039,20
0.1,10,100,132,Unscaled,Gaussian,absolute_residual,0.884375,1578608752186046.0,33.099958603935264,0.0,20
0.1,10,100,132,Empirical_copula,Gaussian,absolute_residual,0.76875,14550354615.62449,42.24487958572157,0.0009996891021728516,20
0.1,10,100,133,TSCP_R,Gaussian,absolute_residual,0.940625,120660725349.12193,51.52461789981355,0.004000425338745117,20
0.1,10,100,133,Point_CHR,Gaussian,absolute_residual,0.94,142350881533.98746,53.26724378032233,0.0,20
0.1,10,100,133,Unscaled,Gaussian,absolute_residual,0.93375,7043506148636586.0,38.43960265761231,0.0,20
0.1,10,100,133,Empirical_copula,Gaussian,absolute_residual,0.8825,39994427700.60643,44.59544016099597,0.0010101795196533203,20
0.1,10,100,134,TSCP_R,Gaussian,absolute_residual,0.93875,85266728173.67079,61.04913770819542,0.0029993057250976562,20
0.1,10,100,134,Point_CHR,Gaussian,absolute_residual,0.9525,110678646088.1818,64.60601905044075,0.0010309219360351562,20
0.1,10,100,134,Unscaled,Gaussian,absolute_residual,0.92125,5242890424712965.0,37.3213270822734,0.0,20
0.1,10,100,134,Empirical_copula,Gaussian,absolute_residual,0.863125,33938125992.104683,67.23144327806307,0.0009815692901611328,20
0.1,10,100,135,TSCP_R,Gaussian,absolute_residual,0.8575,22778110178.296127,46.42639830315541,0.003999471664428711,20
0.1,10,100,135,Point_CHR,Gaussian,absolute_residual,0.91,57825993859.72018,57.83878199791611,0.0,20
0.1,10,100,135,Unscaled,Gaussian,absolute_residual,0.91625,3133531640103444.0,35.448952656314795,0.0,20
0.1,10,100,135,Empirical_copula,Gaussian,absolute_residual,0.814375,14967046806.702063,44.34334877376672,0.0010006427764892578,20
0.1,10,100,136,TSCP_R,Gaussian,absolute_residual,0.888125,35643775958.78415,51.65949419033031,0.004006147384643555,20
0.1,10,100,136,Point_CHR,Gaussian,absolute_residual,0.9225,74634860566.7981,62.24541838288018,0.0,20
0.1,10,100,136,Unscaled,Gaussian,absolute_residual,0.890625,1867954722085279.5,33.66174568007855,0.0,20
0.1,10,100,136,Empirical_copula,Gaussian,absolute_residual,0.80875,14484349188.721254,50.290264912751304,0.0009999275207519531,20
0.1,10,100,137,TSCP_R,Gaussian,absolute_residual,0.90875,55309361470.61213,50.05232762923509,0.0030059814453125,20
0.1,10,100,137,Point_CHR,Gaussian,absolute_residual,0.90625,67085954041.194855,45.819415986669625,0.0010001659393310547,20
0.1,10,100,137,Unscaled,Gaussian,absolute_residual,0.863125,1028844761142907.4,31.71282894697215,0.0,20
0.1,10,100,137,Empirical_copula,Gaussian,absolute_residual,0.82,18648995342.850243,49.646080251374826,0.0009932518005371094,20
0.1,10,100,138,TSCP_R,Gaussian,absolute_residual,0.89,34743914578.943855,52.0629566470343,0.003999471664428711,20
0.1,10,100,138,Point_CHR,Gaussian,absolute_residual,0.89875,54545621649.92625,59.03355740716355,0.0,20
0.1,10,100,138,Unscaled,Gaussian,absolute_residual,0.901875,2557998999476760.0,34.73681830494874,0.0,20
0.1,10,100,138,Empirical_copula,Gaussian,absolute_residual,0.761875,11176839089.212149,53.15935746358613,0.0010106563568115234,20
0.1,10,100,139,TSCP_R,Gaussian,absolute_residual,0.900625,55244842864.91798,55.25628957462567,0.004005908966064453,20
0.1,10,100,139,Point_CHR,Gaussian,absolute_residual,0.915,84850906882.4644,45.97394407422201,0.0,20
0.1,10,100,139,Unscaled,Gaussian,absolute_residual,0.8925,2183864097629563.0,34.191846952605395,0.0,20
0.1,10,100,139,Empirical_copula,Gaussian,absolute_residual,0.83625,25446583654.176632,51.29504549024924,0.0010006427764892578,20
0.1,10,100,140,TSCP_R,Gaussian,absolute_residual,0.856875,30882908964.074745,60.99942701556759,0.0030066967010498047,20
0.1,10,100,140,Point_CHR,Gaussian,absolute_residual,0.8275,32016375871.99152,61.03994947421418,0.0,20
0.1,10,100,140,Unscaled,Gaussian,absolute_residual,0.968125,2.4091376014476384e+16,43.46965171817591,0.0,20
0.1,10,100,140,Empirical_copula,Gaussian,absolute_residual,0.815625,19394166602.990448,51.924246607322296,0.0009999275207519531,20
0.1,10,100,141,TSCP_R,Gaussian,absolute_residual,0.9,45801665682.08761,52.127563209181645,0.004010200500488281,20
0.1,10,100,141,Point_CHR,Gaussian,absolute_residual,0.926875,101306148930.87646,60.54510302309674,0.0,20
0.1,10,100,141,Unscaled,Gaussian,absolute_residual,0.91625,3015159951470990.0,35.31270900299446,0.0,20
0.1,10,100,141,Empirical_copula,Gaussian,absolute_residual,0.81125,21036920900.942574,45.15036629325846,0.000993490219116211,20
0.1,10,100,142,TSCP_R,Gaussian,absolute_residual,0.858125,32476514824.081467,46.684799346768635,0.004007101058959961,20
0.1,10,100,142,Point_CHR,Gaussian,absolute_residual,0.876875,39974707437.22155,46.85475531900859,0.0,20
0.1,10,100,142,Unscaled,Gaussian,absolute_residual,0.879375,1895500128126874.8,33.71105792411534,0.0,20
0.1,10,100,142,Empirical_copula,Gaussian,absolute_residual,0.755625,13003343202.226612,44.99864073029059,0.0009996891021728516,20
0.1,10,100,143,TSCP_R,Gaussian,absolute_residual,0.91625,76393737895.18767,49.54863273212737,0.0039997100830078125,20
0.1,10,100,143,Point_CHR,Gaussian,absolute_residual,0.9475,114220075476.70358,56.732414622424926,0.0,20
0.1,10,100,143,Unscaled,Gaussian,absolute_residual,0.884375,1517194291507713.0,32.96887439829746,0.0,20
0.1,10,100,143,Empirical_copula,Gaussian,absolute_residual,0.865,29026807259.42492,47.76667076633591,0.0020012855529785156,20
0.1,10,100,144,TSCP_R,Gaussian,absolute_residual,0.854375,24772365346.857944,45.150041239059576,0.0040018558502197266,20
0.1,10,100,144,Point_CHR,Gaussian,absolute_residual,0.92625,74207365318.84822,54.88337918240374,0.0009999275207519531,20
0.1,10,100,144,Unscaled,Gaussian,absolute_residual,0.86375,1347858759326529.5,32.58100215088016,0.0,20
0.1,10,100,144,Empirical_copula,Gaussian,absolute_residual,0.73625,10078307996.33681,38.21303818506346,0.0010004043579101562,20
0.1,10,100,145,TSCP_R,Gaussian,absolute_residual,0.87125,33534945794.835323,51.44486029640634,0.003999948501586914,20
0.1,10,100,145,Point_CHR,Gaussian,absolute_residual,0.796875,16698155147.246813,52.869291081176044,0.0010018348693847656,20
0.1,10,100,145,Unscaled,Gaussian,absolute_residual,0.8975,3667936918119142.5,36.01158078242366,0.0,20
0.1,10,100,145,Empirical_copula,Gaussian,absolute_residual,0.81,17433665228.052124,50.06757443191448,0.0010006427764892578,20
0.1,10,100,146,TSCP_R,Gaussian,absolute_residual,0.9325,83207322574.89423,55.206179083179364,0.003006458282470703,20
0.1,10,100,146,Point_CHR,Gaussian,absolute_residual,0.838125,37375873057.08043,55.883878999348624,0.0009930133819580078,20
0.1,10,100,146,Unscaled,Gaussian,absolute_residual,0.943125,7417665234770545.0,38.63907516554566,0.0,20
0.1,10,100,146,Empirical_copula,Gaussian,absolute_residual,0.8675,33495172040.161697,48.70518128009991,0.0010013580322265625,20
0.1,10,100,147,TSCP_R,Gaussian,absolute_residual,0.9425,72127335409.11574,56.47128659070282,0.004002094268798828,20
0.1,10,100,147,Point_CHR,Gaussian,absolute_residual,0.90625,61781694403.978165,49.203098027889794,0.0,20
0.1,10,100,147,Unscaled,Gaussian,absolute_residual,0.899375,2177776219357868.0,34.18230343819638,0.0,20
0.1,10,100,147,Empirical_copula,Gaussian,absolute_residual,0.8175,23302847479.23137,48.8628582307905,0.0009992122650146484,20
0.1,10,100,148,TSCP_R,Gaussian,absolute_residual,0.945625,114937052501.4305,47.18557497538223,0.003999948501586914,20
0.1,10,100,148,Point_CHR,Gaussian,absolute_residual,0.9025,124710361720.39732,41.74843789148903,0.0,20
0.1,10,100,148,Unscaled,Gaussian,absolute_residual,0.905625,2607367978877423.5,34.80328458739968,0.0,20
0.1,10,100,148,Empirical_copula,Gaussian,absolute_residual,0.870625,38707824471.03871,38.85266586334184,0.001016855239868164,20
0.1,10,100,149,TSCP_R,Gaussian,absolute_residual,0.886875,33719024663.16031,50.08271513408585,0.0040018558502197266,20
0.1,10,100,149,Point_CHR,Gaussian,absolute_residual,0.875625,31169807188.646927,42.36250910575215,0.0009999275207519531,20
0.1,10,100,149,Unscaled,Gaussian,absolute_residual,0.875625,1222141363403700.0,32.26354945335194,0.0,20
0.1,10,100,149,Empirical_copula,Gaussian,absolute_residual,0.78375,10938089895.140259,45.54528663340836,0.0010004043579101562,20
0.1,10,100,150,TSCP_R,Gaussian,absolute_residual,0.866875,30768725447.26828,44.69295543254669,0.003998994827270508,20
0.1,10,100,150,Point_CHR,Gaussian,absolute_residual,0.91,68359650802.962036,54.83569291159797,0.0,20
0.1,10,100,150,Unscaled,Gaussian,absolute_residual,0.8575,944693197991525.1,31.443369469802576,0.0,20
0.1,10,100,150,Empirical_copula,Gaussian,absolute_residual,0.79,14243785294.353659,37.57652279070906,0.002000570297241211,20
0.1,10,100,151,TSCP_R,Gaussian,absolute_residual,0.939375,69690552162.10765,60.81967894825715,0.003006458282470703,20
0.1,10,100,151,Point_CHR,Gaussian,absolute_residual,0.971875,218044364647.87115,67.4943369775531,0.0009999275207519531,20
0.1,10,100,151,Unscaled,Gaussian,absolute_residual,0.905625,3742868319446470.0,36.08448029850519,0.0,20
0.1,10,100,151,Empirical_copula,Gaussian,absolute_residual,0.870625,29945985693.14597,63.30192579416389,0.0009937286376953125,20
0.1,10,100,152,TSCP_R,Gaussian,absolute_residual,0.83625,23614547767.528137,53.13682138381674,0.00399470329284668,20
0.1,10,100,152,Point_CHR,Gaussian,absolute_residual,0.800625,16463102950.046936,51.78098353001029,0.0,20
0.1,10,100,152,Unscaled,Gaussian,absolute_residual,0.9225,4005378735209218.0,36.32991307776039,0.0,20
0.1,10,100,152,Empirical_copula,Gaussian,absolute_residual,0.740625,10847123815.512468,51.78098353001029,0.0019998550415039062,20
0.1,10,100,153,TSCP_R,Gaussian,absolute_residual,0.863125,34706003558.00614,58.232007213178335,0.00398707389831543,20
0.1,10,100,153,Point_CHR,Gaussian,absolute_residual,0.94875,133452379843.67006,53.713966427909966,0.0,20
0.1,10,100,153,Unscaled,Gaussian,absolute_residual,0.925,4606497583779977.0,36.84148138859072,0.0,20
0.1,10,100,153,Empirical_copula,Gaussian,absolute_residual,0.79875,17119996722.762735,53.713966427909966,0.0019989013671875,20
0.1,10,100,154,TSCP_R,Gaussian,absolute_residual,0.959375,120454501755.51315,62.54042119401289,0.004000186920166016,20
0.1,10,100,154,Point_CHR,Gaussian,absolute_residual,0.980625,471608883085.88654,70.26448506917833,0.0,20
0.1,10,100,154,Unscaled,Gaussian,absolute_residual,0.931875,6223629544072285.0,37.96683311901521,0.0,20
0.1,10,100,154,Empirical_copula,Gaussian,absolute_residual,0.885,37509949570.577705,54.54613915787125,0.0009984970092773438,20
0.1,10,100,155,TSCP_R,Gaussian,absolute_residual,0.943125,102547020670.02936,54.501129145876654,0.003999233245849609,20
0.1,10,100,155,Point_CHR,Gaussian,absolute_residual,0.92625,109003075092.59116,59.92324777879159,0.001001596450805664,20
0.1,10,100,155,Unscaled,Gaussian,absolute_residual,0.92125,4023343673035412.5,36.3461749871197,0.0,20
0.1,10,100,155,Empirical_copula,Gaussian,absolute_residual,0.848125,32579034495.9508,45.64991874010989,0.0009987354278564453,20
0.1,10,100,156,TSCP_R,Gaussian,absolute_residual,0.929375,100073077509.294,48.0640615943374,0.0040056705474853516,20
0.1,10,100,156,Point_CHR,Gaussian,absolute_residual,0.9125,105380212771.0835,47.719574692774366,0.0,20
0.1,10,100,156,Unscaled,Gaussian,absolute_residual,0.83875,776968067557473.2,30.834741862555532,0.0,20
0.1,10,100,156,Empirical_copula,Gaussian,absolute_residual,0.846875,39720075997.1631,43.416395968402725,0.0019943714141845703,20
0.1,10,100,157,TSCP_R,Gaussian,absolute_residual,0.924375,69973345429.2788,54.456736019223506,0.004015445709228516,20
0.1,10,100,157,Point_CHR,Gaussian,absolute_residual,0.925,110670860719.0821,51.60336653289376,0.0,20
0.1,10,100,157,Unscaled,Gaussian,absolute_residual,0.890625,2633952485105865.5,34.83860795785162,0.0009899139404296875,20
0.1,10,100,157,Empirical_copula,Gaussian,absolute_residual,0.849375,31273161092.506695,51.60336653289376,0.0010094642639160156,20
0.1,10,100,158,TSCP_R,Gaussian,absolute_residual,0.908125,58683620877.483086,52.35574144635445,0.005000114440917969,20
0.1,10,100,158,Point_CHR,Gaussian,absolute_residual,0.95375,157309379066.7313,58.16756625810968,0.0,20
0.1,10,100,158,Unscaled,Gaussian,absolute_residual,0.8775,1541950985452165.5,33.02228010403778,0.0,20
0.1,10,100,158,Empirical_copula,Gaussian,absolute_residual,0.824375,25712565554.112186,60.52722104549167,0.0010025501251220703,20
0.1,10,100,159,TSCP_R,Gaussian,absolute_residual,0.92,55819460633.77503,51.924072311394355,0.003008127212524414,20
0.1,10,100,159,Point_CHR,Gaussian,absolute_residual,0.885,46167317887.44822,64.40593451240457,0.0009915828704833984,20
0.1,10,100,159,Unscaled,Gaussian,absolute_residual,0.8975,2567578946448287.0,34.7498056977383,0.0,20
0.1,10,100,159,Empirical_copula,Gaussian,absolute_residual,0.85625,26896816713.195045,46.86342168153935,0.00099945068359375,20
0.1,10,100,160,TSCP_R,Gaussian,absolute_residual,0.869375,35167161296.9482,55.31154236970791,0.004009723663330078,20
0.1,10,100,160,Point_CHR,Gaussian,absolute_residual,0.886875,62067241826.72241,61.45013373415524,0.0,20
0.1,10,100,160,Unscaled,Gaussian,absolute_residual,0.933125,6235065587622967.0,37.97380383837069,0.0,20
0.1,10,100,160,Empirical_copula,Gaussian,absolute_residual,0.801875,20332910216.462204,52.32638086224281,0.0019974708557128906,20
0.1,10,100,161,TSCP_R,Gaussian,absolute_residual,0.8575,28889798258.276894,52.767697819479906,0.004004240036010742,20
0.1,10,100,161,Point_CHR,Gaussian,absolute_residual,0.803125,20996245336.256844,51.442813374262165,0.0,20
0.1,10,100,161,Unscaled,Gaussian,absolute_residual,0.86625,1019637286153744.6,31.68433313092393,0.0,20
0.1,10,100,161,Empirical_copula,Gaussian,absolute_residual,0.7975,14943088964.394226,46.92006862545227,0.0010004043579101562,20
0.1,10,100,162,TSCP_R,Gaussian,absolute_residual,0.930625,85021348428.39108,53.986822959476385,0.00400233268737793,20
0.1,10,100,162,Point_CHR,Gaussian,absolute_residual,0.89375,55901044001.25783,56.10214346664547,0.0,20
0.1,10,100,162,Unscaled,Gaussian,absolute_residual,0.93625,5581381458677155.0,37.55555379958681,0.0,20
0.1,10,100,162,Empirical_copula,Gaussian,absolute_residual,0.850625,34549051181.62832,47.22440854276835,0.0009961128234863281,20
0.1,10,100,163,TSCP_R,Gaussian,absolute_residual,0.89375,37465952544.82513,44.072284311604,0.004273891448974609,20
0.1,10,100,163,Point_CHR,Gaussian,absolute_residual,0.90375,47939512177.2427,43.57164662529452,0.0,20
0.1,10,100,163,Unscaled,Gaussian,absolute_residual,0.9,2427768145581961.5,34.55578162973926,0.0,20
0.1,10,100,163,Empirical_copula,Gaussian,absolute_residual,0.7775,13073111344.775267,38.2909024057536,0.0010001659393310547,20
0.1,10,100,164,TSCP_R,Gaussian,absolute_residual,0.87375,29884201340.883766,51.20512500417896,0.0039997100830078125,20
0.1,10,100,164,Point_CHR,Gaussian,absolute_residual,0.916875,91477700325.69664,54.24683641522648,0.001094818115234375,20
0.1,10,100,164,Unscaled,Gaussian,absolute_residual,0.89,2157959915878989.2,34.151071735147404,0.0,20
0.1,10,100,164,Empirical_copula,Gaussian,absolute_residual,0.794375,17510171479.707973,46.56838230441764,0.0010042190551757812,20
0.1,10,100,165,TSCP_R,Gaussian,absolute_residual,0.881875,41211837147.16492,56.1376610640297,0.004121541976928711,20
0.1,10,100,165,Point_CHR,Gaussian,absolute_residual,0.878125,47123917148.66617,54.34551675655371,0.0,20
0.1,10,100,165,Unscaled,Gaussian,absolute_residual,0.92,3635300247185833.0,35.97940927157984,0.0,20
0.1,10,100,165,Empirical_copula,Gaussian,absolute_residual,0.82875,22729734678.98495,48.8310867022546,0.00099945068359375,20
0.1,10,100,166,TSCP_R,Gaussian,absolute_residual,0.8325,21678649722.97349,46.843762500571565,0.0030052661895751953,20
0.1,10,100,166,Point_CHR,Gaussian,absolute_residual,0.869375,39672481078.19843,51.48177800491815,0.0009992122650146484,20
0.1,10,100,166,Unscaled,Gaussian,absolute_residual,0.8925,2808982634317022.5,35.06347099233627,0.0,20
0.1,10,100,166,Empirical_copula,Gaussian,absolute_residual,0.755,11417821011.544016,38.30795735852134,0.000993490219116211,20
0.1,10,100,167,TSCP_R,Gaussian,absolute_residual,0.798125,15812149715.45464,48.521683930732365,0.004004001617431641,20
0.1,10,100,167,Point_CHR,Gaussian,absolute_residual,0.85,36465371955.606064,44.127452582406306,0.0010089874267578125,20
0.1,10,100,167,Unscaled,Gaussian,absolute_residual,0.875,2192491072962383.5,34.20532989654336,0.0,20
0.1,10,100,167,Empirical_copula,Gaussian,absolute_residual,0.689375,6367424496.977661,45.38294368285415,0.0009989738464355469,20
0.1,10,100,168,TSCP_R,Gaussian,absolute_residual,0.914375,56836273370.562874,50.12080842735767,0.0030069351196289062,20
0.1,10,100,168,Point_CHR,Gaussian,absolute_residual,0.90625,71334754566.5852,52.07799094064883,0.0,20
0.1,10,100,168,Unscaled,Gaussian,absolute_residual,0.916875,4825134657975923.0,37.01271505592248,0.0,20
0.1,10,100,168,Empirical_copula,Gaussian,absolute_residual,0.865,31437840094.98288,48.43273305242337,0.000993490219116211,20
0.1,10,100,169,TSCP_R,Gaussian,absolute_residual,0.921875,58676942260.45135,57.10181975802777,0.004000663757324219,20
0.1,10,100,169,Point_CHR,Gaussian,absolute_residual,0.94,174271067937.79895,71.69202586008862,0.0,20
0.1,10,100,169,Unscaled,Gaussian,absolute_residual,0.93875,8854145137859718.0,39.32915935775837,0.0,20
0.1,10,100,169,Empirical_copula,Gaussian,absolute_residual,0.795625,16754993391.469187,54.7758113867865,0.0010089874267578125,20
0.1,10,100,170,TSCP_R,Gaussian,absolute_residual,0.938125,83149218561.1417,55.20776810215579,0.004999876022338867,20
0.1,10,100,170,Point_CHR,Gaussian,absolute_residual,0.88,55136647256.48223,56.303227621325135,0.0,20
0.1,10,100,170,Unscaled,Gaussian,absolute_residual,0.915625,3172117666585669.0,35.49236416276787,0.0,20
0.1,10,100,170,Empirical_copula,Gaussian,absolute_residual,0.83625,28694428137.08585,48.57072641626926,0.0009989738464355469,20
0.1,10,100,171,TSCP_R,Gaussian,absolute_residual,0.939375,102336908811.57582,52.65925123874251,0.003999471664428711,20
0.1,10,100,171,Point_CHR,Gaussian,absolute_residual,0.889375,63531719855.76984,46.69447896186512,0.0,20
0.1,10,100,171,Unscaled,Gaussian,absolute_residual,0.868125,1411048432068487.5,32.73061698825232,0.0,20
0.1,10,100,171,Empirical_copula,Gaussian,absolute_residual,0.8275,27034211004.98645,51.52802163073243,0.0010166168212890625,20
0.1,10,100,172,TSCP_R,Gaussian,absolute_residual,0.93125,77995330159.2832,49.71313815037061,0.004012107849121094,20
0.1,10,100,172,Point_CHR,Gaussian,absolute_residual,0.890625,45551665387.78033,57.44884575752057,0.001111745834350586,20
0.1,10,100,172,Unscaled,Gaussian,absolute_residual,0.828125,459998180450813.75,29.260086884604384,0.0,20
0.1,10,100,172,Empirical_copula,Gaussian,absolute_residual,0.846875,24886820480.958576,50.71949151782246,0.0010039806365966797,20
0.1,10,100,173,TSCP_R,Gaussian,absolute_residual,0.84625,24623492743.74296,49.41294400575986,0.0039997100830078125,20
0.1,10,100,173,Point_CHR,Gaussian,absolute_residual,0.859375,41327147653.9726,60.459991857031255,0.0010018348693847656,20
0.1,10,100,173,Unscaled,Gaussian,absolute_residual,0.93,5483437606445320.0,37.48912383957595,0.0,20
0.1,10,100,173,Empirical_copula,Gaussian,absolute_residual,0.744375,9971370925.89242,43.56621165597642,0.0009982585906982422,20
0.1,10,100,174,TSCP_R,Gaussian,absolute_residual,0.938125,86915925099.66635,56.1594606067257,0.00400233268737793,20
0.1,10,100,174,Point_CHR,Gaussian,absolute_residual,0.941875,169207246359.47305,71.45672508628743,0.0,20
0.1,10,100,174,Unscaled,Gaussian,absolute_residual,0.895625,2055835971567545.8,33.98590554568222,0.0,20
0.1,10,100,174,Empirical_copula,Gaussian,absolute_residual,0.88125,42262213460.997444,53.409083057297416,0.0010018348693847656,20
0.1,10,100,175,TSCP_R,Gaussian,absolute_residual,0.9375,73418630612.89752,50.844944693854366,0.0050046443939208984,20
0.1,10,100,175,Point_CHR,Gaussian,absolute_residual,0.935,78425362562.0172,51.92571030298392,0.0010097026824951172,20
0.1,10,100,175,Unscaled,Gaussian,absolute_residual,0.918125,3781532857770817.5,36.12158409461137,0.0,20
0.1,10,100,175,Empirical_copula,Gaussian,absolute_residual,0.853125,23644373525.170116,51.92571030298392,0.0009894371032714844,20
0.1,10,100,176,TSCP_R,Gaussian,absolute_residual,0.945625,99643548434.18271,58.06601006114726,0.005020618438720703,20
0.1,10,100,176,Point_CHR,Gaussian,absolute_residual,0.916875,66552906479.37295,59.505641663165704,0.0,20
0.1,10,100,176,Unscaled,Gaussian,absolute_residual,0.929375,5937602876440690.0,37.78862717872793,0.0,20
0.1,10,100,176,Empirical_copula,Gaussian,absolute_residual,0.88625,47121169320.739876,49.54286002563573,0.001978158950805664,20
0.1,10,100,177,TSCP_R,Gaussian,absolute_residual,0.9175,56523253242.27785,48.78370272509983,0.003998279571533203,20
0.1,10,100,177,Point_CHR,Gaussian,absolute_residual,0.890625,63294213532.88447,39.69869924387628,0.0,20
0.1,10,100,177,Unscaled,Gaussian,absolute_residual,0.8775,1192937113852223.2,32.18561077725075,0.0,20
0.1,10,100,177,Empirical_copula,Gaussian,absolute_residual,0.82625,18561082847.735455,39.69869924387628,0.0009980201721191406,20
0.1,10,100,178,TSCP_R,Gaussian,absolute_residual,0.84875,29757017682.596493,55.58625878097829,0.003991365432739258,20
0.1,10,100,178,Point_CHR,Gaussian,absolute_residual,0.861875,39019515269.96287,60.08165302040365,0.0,20
0.1,10,100,178,Unscaled,Gaussian,absolute_residual,0.92,5886952440269693.0,37.75626735694142,0.0,20
0.1,10,100,178,Empirical_copula,Gaussian,absolute_residual,0.77,14979443488.40958,56.785018058502445,0.00099945068359375,20
0.1,10,100,179,TSCP_R,Gaussian,absolute_residual,0.83,19111859263.618824,53.84856809443839,0.002994537353515625,20
0.1,10,100,179,Point_CHR,Gaussian,absolute_residual,0.82625,21670692400.607388,52.98885742839478,0.0010099411010742188,20
0.1,10,100,179,Unscaled,Gaussian,absolute_residual,0.945625,6781788485370400.0,38.29432546580178,0.0,20
0.1,10,100,179,Empirical_copula,Gaussian,absolute_residual,0.754375,11242811324.446926,54.87941596528743,0.0009946823120117188,20
0.1,10,100,180,TSCP_R,Gaussian,absolute_residual,0.87,33218022464.696815,54.50682198371824,0.0040056705474853516,20
0.1,10,100,180,Point_CHR,Gaussian,absolute_residual,0.81875,21972000115.830635,54.3362619288033,0.0,20
0.1,10,100,180,Unscaled,Gaussian,absolute_residual,0.949375,7072623399501146.0,38.455463776452405,0.0,20
0.1,10,100,180,Empirical_copula,Gaussian,absolute_residual,0.769375,12612599293.734364,44.83998172381516,0.0009999275207519531,20
0.1,10,100,181,TSCP_R,Gaussian,absolute_residual,0.93375,69484440810.04416,51.629590900969916,0.004006385803222656,20
0.1,10,100,181,Point_CHR,Gaussian,absolute_residual,0.88625,54594032817.19519,48.726149340074244,0.0,20
0.1,10,100,181,Unscaled,Gaussian,absolute_residual,0.884375,1849475577666198.5,33.628295892570534,0.0,20
0.1,10,100,181,Empirical_copula,Gaussian,absolute_residual,0.85,26350695229.438923,50.82601653164824,0.00099945068359375,20
0.1,10,100,182,TSCP_R,Gaussian,absolute_residual,0.898125,45219857384.05613,55.06480539821193,0.0030002593994140625,20
0.1,10,100,182,Point_CHR,Gaussian,absolute_residual,0.935,111185658367.26323,59.96251135935367,0.0010004043579101562,20
0.1,10,100,182,Unscaled,Gaussian,absolute_residual,0.8975,2754493107205882.0,34.99485263303155,0.0,20
0.1,10,100,182,Empirical_copula,Gaussian,absolute_residual,0.81625,20364778292.201813,56.60307371754773,0.0010068416595458984,20
0.1,10,100,183,TSCP_R,Gaussian,absolute_residual,0.9225,66905986807.80136,52.29386814425888,0.004006385803222656,20
0.1,10,100,183,Point_CHR,Gaussian,absolute_residual,0.92,75510450975.70137,56.72708626215656,0.0,20
0.1,10,100,183,Unscaled,Gaussian,absolute_residual,0.90875,2814385504596318.5,35.07020936128581,0.0,20
0.1,10,100,183,Empirical_copula,Gaussian,absolute_residual,0.86375,37385759128.91172,46.912855243558035,0.0010004043579101562,20
0.1,10,100,184,TSCP_R,Gaussian,absolute_residual,0.831875,19400141451.828068,49.750617506698866,0.004006862640380859,20
0.1,10,100,184,Point_CHR,Gaussian,absolute_residual,0.848125,24630614035.003548,47.54162252949667,0.0,20
0.1,10,100,184,Unscaled,Gaussian,absolute_residual,0.890625,2017447847258226.5,33.92190485252006,0.0,20
0.1,10,100,184,Empirical_copula,Gaussian,absolute_residual,0.728125,8779077171.752432,45.131654125201216,0.0009992122650146484,20
0.1,10,100,185,TSCP_R,Gaussian,absolute_residual,0.894375,51116258023.89013,50.0208129059908,0.004006862640380859,20
0.1,10,100,185,Point_CHR,Gaussian,absolute_residual,0.8975,60449861806.98038,52.4294947719972,0.0,20
0.1,10,100,185,Unscaled,Gaussian,absolute_residual,0.88125,1386550224611808.5,32.67334214278797,0.0,20
0.1,10,100,185,Empirical_copula,Gaussian,absolute_residual,0.803125,26887186988.80372,49.19271903242874,0.0009996891021728516,20
0.1,10,100,186,TSCP_R,Gaussian,absolute_residual,0.918125,66107253295.20129,61.098776033166445,0.004127979278564453,20
0.1,10,100,186,Point_CHR,Gaussian,absolute_residual,0.92875,102207728300.58522,56.80173171870593,0.0,20
0.1,10,100,186,Unscaled,Gaussian,absolute_residual,0.92,3467416036901972.0,35.809692799564914,0.0,20
0.1,10,100,186,Empirical_copula,Gaussian,absolute_residual,0.831875,24205457165.203117,55.810707638780656,0.0010135173797607422,20
0.1,10,100,187,TSCP_R,Gaussian,absolute_residual,0.96625,157933044087.42892,56.894472318681494,0.0040073394775390625,20
0.1,10,100,187,Point_CHR,Gaussian,absolute_residual,0.900625,49628056506.10988,55.975651051457206,0.0,20
0.1,10,100,187,Unscaled,Gaussian,absolute_residual,0.905625,3595556897861032.5,35.93987949170753,0.0,20
0.1,10,100,187,Empirical_copula,Gaussian,absolute_residual,0.86625,45587940984.575096,42.73056922779501,0.001999378204345703,20
0.1,10,100,188,TSCP_R,Gaussian,absolute_residual,0.946875,70986640210.14062,55.80849235985609,0.003998756408691406,20
0.1,10,100,188,Point_CHR,Gaussian,absolute_residual,0.95,162966628296.0283,58.002910368582576,0.0,20
0.1,10,100,188,Unscaled,Gaussian,absolute_residual,0.9125,3804592798038093.0,36.14355097012812,0.0010068416595458984,20
0.1,10,100,188,Empirical_copula,Gaussian,absolute_residual,0.823125,19331493848.98242,43.80431958035654,0.0009932518005371094,20
0.1,10,100,189,TSCP_R,Gaussian,absolute_residual,0.9,49952592112.77043,50.17117834960236,0.003999233245849609,20
0.1,10,100,189,Point_CHR,Gaussian,absolute_residual,0.876875,55383844747.504456,45.78680616422055,0.0,20
0.1,10,100,189,Unscaled,Gaussian,absolute_residual,0.87625,1760652198887677.0,33.463191390587426,0.0,20
0.1,10,100,189,Empirical_copula,Gaussian,absolute_residual,0.85125,26404692590.14021,45.250610981889324,0.0010144710540771484,20
0.1,10,100,190,TSCP_R,Gaussian,absolute_residual,0.905,53302356802.04312,50.476285485695136,0.004003286361694336,20
0.1,10,100,190,Point_CHR,Gaussian,absolute_residual,0.91125,65416296449.49989,48.56687400455837,0.0,20
0.1,10,100,190,Unscaled,Gaussian,absolute_residual,0.894375,2279819759019773.0,34.33919036505354,0.0,20
0.1,10,100,190,Empirical_copula,Gaussian,absolute_residual,0.83125,27201376124.908134,39.58342612158219,0.0020003318786621094,20
0.1,10,100,191,TSCP_R,Gaussian,absolute_residual,0.894375,42886926878.85357,50.23612069182214,0.004006385803222656,20
0.1,10,100,191,Point_CHR,Gaussian,absolute_residual,0.8625,40601357935.62935,47.04218675001454,0.0009999275207519531,20
0.1,10,100,191,Unscaled,Gaussian,absolute_residual,0.9025,2654630982613005.5,34.86586272283838,0.0,20
0.1,10,100,191,Empirical_copula,Gaussian,absolute_residual,0.81625,22981654681.672417,43.67060999173708,0.000993490219116211,20
0.1,10,100,192,TSCP_R,Gaussian,absolute_residual,0.940625,94586689852.05307,58.541605220232256,0.004006147384643555,20
0.1,10,100,192,Point_CHR,Gaussian,absolute_residual,0.83125,30440060907.084835,53.2584766572905,0.0,20
0.1,10,100,192,Unscaled,Gaussian,absolute_residual,0.928125,6511429125139421.0,38.13885334952915,0.0,20
0.1,10,100,192,Empirical_copula,Gaussian,absolute_residual,0.815,26046516516.190212,45.01190518162483,0.0019931793212890625,20
0.1,10,100,193,TSCP_R,Gaussian,absolute_residual,0.844375,25847307701.142796,45.48746107593831,0.004001617431640625,20
0.1,10,100,193,Point_CHR,Gaussian,absolute_residual,0.8075,21540669800.42878,40.736518213974826,0.0010004043579101562,20
0.1,10,100,193,Unscaled,Gaussian,absolute_residual,0.909375,1952255250616386.8,33.81066089320113,0.0,20
0.1,10,100,193,Empirical_copula,Gaussian,absolute_residual,0.77125,11527972894.463007,43.08653246659082,0.0010006427764892578,20
0.1,10,100,194,TSCP_R,Gaussian,absolute_residual,0.916875,50579417662.19326,55.921780123557326,0.004006624221801758,20
0.1,10,100,194,Point_CHR,Gaussian,absolute_residual,0.939375,87234578517.27934,55.9683045758575,0.0,20
0.1,10,100,194,Unscaled,Gaussian,absolute_residual,0.919375,4162301825263800.5,36.46979792514674,0.0,20
0.1,10,100,194,Empirical_copula,Gaussian,absolute_residual,0.84,24675647377.703865,51.75625726624295,0.0009992122650146484,20
0.1,10,100,195,TSCP_R,Gaussian,absolute_residual,0.873125,28189012969.375195,46.35223017646188,0.0029997825622558594,20
0.1,10,100,195,Point_CHR,Gaussian,absolute_residual,0.82625,20061838383.22832,44.805344419362235,0.0,20
0.1,10,100,195,Unscaled,Gaussian,absolute_residual,0.86375,1221532723598202.2,32.261942333000526,0.0,20
0.1,10,100,195,Empirical_copula,Gaussian,absolute_residual,0.800625,13660674230.473156,41.950334448370334,0.0010004043579101562,20
0.1,10,100,196,TSCP_R,Gaussian,absolute_residual,0.945625,115239366738.91719,56.123193074994724,0.00400090217590332,20
0.1,10,100,196,Point_CHR,Gaussian,absolute_residual,0.91125,88191556299.93314,54.17204460342456,0.001001596450805664,20
0.1,10,100,196,Unscaled,Gaussian,absolute_residual,0.9125,3037956432017946.0,35.339317199127265,0.0,20
0.1,10,100,196,Empirical_copula,Gaussian,absolute_residual,0.866875,35609076573.56943,44.94889209557361,0.0009989738464355469,20
0.1,10,100,197,TSCP_R,Gaussian,absolute_residual,0.894375,38332627001.06784,53.37362015749173,0.004006147384643555,20
0.1,10,100,197,Point_CHR,Gaussian,absolute_residual,0.873125,37424885939.90976,55.713647805823626,0.0010001659393310547,20
0.1,10,100,197,Unscaled,Gaussian,absolute_residual,0.93375,7431455172284851.0,38.64625242663838,0.0,20
0.1,10,100,197,Empirical_copula,Gaussian,absolute_residual,0.83,19818607003.061073,50.97958319538665,0.0009932518005371094,20
0.1,10,100,198,TSCP_R,Gaussian,absolute_residual,0.880625,30574830245.476727,50.04406162570844,0.004000186920166016,20
0.1,10,100,198,Point_CHR,Gaussian,absolute_residual,0.916875,53366217661.06704,52.03773264461438,0.0,20
0.1,10,100,198,Unscaled,Gaussian,absolute_residual,0.90625,2592200457521487.5,34.78298570649306,0.0,20
0.1,10,100,198,Empirical_copula,Gaussian,absolute_residual,0.80875,15813629511.407526,44.12739138027507,0.001008749008178711,20
0.1,10,100,199,TSCP_R,Gaussian,absolute_residual,0.91,59017714874.84602,56.09374673562995,0.003007173538208008,20
0.1,10,100,199,Point_CHR,Gaussian,absolute_residual,0.926875,96640495335.65276,49.11831174104556,0.0010001659393310547,20
0.1,10,100,199,Unscaled,Gaussian,absolute_residual,0.893125,2672503567298070.0,34.889265718567714,0.0,20
0.1,10,100,199,Empirical_copula,Gaussian,absolute_residual,0.79,22287630986.137737,56.07879638586992,0.00099945068359375,20
