alpha,n_dim,n_cal,trial,method,noise_type,score_type,test_coverage,coverage_volume,coverage_max_length,runtime,correlation,correlation_structure
0.1,10,10,0,TSCP_R,Gaussian,absolute_residual,0.988125,4421040281205.052,55.86651648746045,0.002999544143676758,0.0,equicorrelated
0.1,10,10,0,Point_CHR,Gaussian,absolute_residual,1.0,inf,inf,0.00099945068359375,0.0,equicorrelated
0.1,10,10,0,Unscaled,Gaussian,absolute_residual,0.948125,32609679605304.457,22.45611652457922,0.0,0.0,equicorrelated
0.1,10,10,0,Empirical_copula,Gaussian,absolute_residual,0.52875,3219015618.0210614,22.456116524481658,0.0,0.0,equicorrelated
0.1,10,10,1,TSCP_R,Gaussian,absolute_residual,0.999375,20982217785918.73,44.564664959474776,0.0029973983764648438,0.0,equicorrelated
0.1,10,10,1,Point_CHR,Gaussian,absolute_residual,1.0,inf,inf,0.0,0.0,equicorrelated
0.1,10,10,1,Unscaled,Gaussian,absolute_residual,0.791875,1836905934081.5762,16.84258282497165,0.0,0.0,equicorrelated
0.1,10,10,1,Empirical_copula,Gaussian,absolute_residual,0.398125,1341824936.1873596,16.84258282487409,0.0,0.0,equicorrelated
0.1,10,10,2,TSCP_R,Gaussian,absolute_residual,0.52625,56514324420.86895,24.864796083133328,0.0030024051666259766,0.0,equicorrelated
0.1,10,10,2,Point_CHR,Gaussian,absolute_residual,1.0,inf,inf,0.0010004043579101562,0.0,equicorrelated
0.1,10,10,2,Unscaled,Gaussian,absolute_residual,0.78625,1506416602571.9705,16.511803413581394,0.0,0.0,equicorrelated
0.1,10,10,2,Empirical_copula,Gaussian,absolute_residual,0.09625,215903597.48104158,16.511803413536356,0.0,0.0,equicorrelated
0.1,10,10,3,TSCP_R,Gaussian,absolute_residual,0.901875,404975438560.98364,34.61095424757139,0.001997232437133789,0.0,equicorrelated
0.1,10,10,3,Point_CHR,Gaussian,absolute_residual,1.0,inf,inf,0.0010013580322265625,0.0,equicorrelated
0.1,10,10,3,Unscaled,Gaussian,absolute_residual,0.783125,1595069207864.2422,16.60649400817589,0.0,0.0,equicorrelated
0.1,10,10,3,Empirical_copula,Gaussian,absolute_residual,0.246875,392135278.1833782,16.60649400809003,0.0,0.0,equicorrelated
0.1,10,10,4,TSCP_R,Gaussian,absolute_residual,1.0,97015562793908.14,64.73659679739971,0.002085447311401367,0.0,equicorrelated
0.1,10,10,4,Point_CHR,Gaussian,absolute_residual,1.0,inf,inf,0.0,0.0,equicorrelated
0.1,10,10,4,Unscaled,Gaussian,absolute_residual,0.979375,72379573608481.25,24.31988976268556,0.0,0.0,equicorrelated
0.1,10,10,4,Empirical_copula,Gaussian,absolute_residual,0.550625,5343486921.188288,24.319889762615823,0.0009217262268066406,0.0,equicorrelated
0.1,10,10,5,TSCP_R,Gaussian,absolute_residual,0.98875,4858740556711.372,44.09537726786323,0.0020058155059814453,0.0,equicorrelated
0.1,10,10,5,Point_CHR,Gaussian,absolute_residual,1.0,inf,inf,0.0,0.0,equicorrelated
0.1,10,10,5,Unscaled,Gaussian,absolute_residual,0.944375,20120140189459.395,21.397503211907292,0.0,0.0,equicorrelated
0.1,10,10,5,Empirical_copula,Gaussian,absolute_residual,0.49875,1977950229.111107,21.397503211863405,0.0,0.0,equicorrelated
0.1,10,10,6,TSCP_R,Gaussian,absolute_residual,0.990625,2677528743080.215,44.13553290451575,0.0020072460174560547,0.0,equicorrelated
0.1,10,10,6,Point_CHR,Gaussian,absolute_residual,1.0,inf,inf,0.00099945068359375,0.0,equicorrelated
0.1,10,10,6,Unscaled,Gaussian,absolute_residual,0.925625,12157107863530.02,20.346186777732058,0.0,0.0,equicorrelated
0.1,10,10,6,Empirical_copula,Gaussian,absolute_residual,0.4725,1913410841.964182,20.346186777655944,0.0,0.0,equicorrelated
0.1,10,10,7,TSCP_R,Gaussian,absolute_residual,0.958125,273284313712.8624,30.40149645000654,0.0009984970092773438,0.0,equicorrelated
0.1,10,10,7,Point_CHR,Gaussian,absolute_residual,1.0,inf,inf,0.0,0.0,equicorrelated
0.1,10,10,7,Unscaled,Gaussian,absolute_residual,0.9175,13871294271554.9,20.616346200922923,0.0,0.0,equicorrelated
0.1,10,10,7,Empirical_copula,Gaussian,absolute_residual,0.60625,4731675502.356314,20.616346200913505,0.0,0.0,equicorrelated
0.1,10,10,8,TSCP_R,Gaussian,absolute_residual,0.810625,35486872034.16025,22.341682155810012,0.0019965171813964844,0.0,equicorrelated
0.1,10,10,8,Point_CHR,Gaussian,absolute_residual,1.0,inf,inf,0.0009999275207519531,0.0,equicorrelated
0.1,10,10,8,Unscaled,Gaussian,absolute_residual,0.6125,202791721531.47952,13.511545317938722,0.0,0.0,equicorrelated
0.1,10,10,8,Empirical_copula,Gaussian,absolute_residual,0.196875,186606366.67093846,13.511545317893685,0.0,0.0,equicorrelated
0.1,10,10,9,TSCP_R,Gaussian,absolute_residual,0.903125,123973567260.28275,28.89159462523628,0.003005504608154297,0.0,equicorrelated
0.1,10,10,9,Point_CHR,Gaussian,absolute_residual,1.0,inf,inf,0.0,0.0,equicorrelated
0.1,10,10,9,Unscaled,Gaussian,absolute_residual,0.808125,2146165981142.9727,17.106703601336065,0.0,0.0,equicorrelated
0.1,10,10,9,Empirical_copula,Gaussian,absolute_residual,0.505625,2511785886.7385964,17.106703601291027,0.0010006427764892578,0.0,equicorrelated
0.1,10,10,10,TSCP_R,Gaussian,absolute_residual,0.986875,855190210558.5109,43.16370760526486,0.002007722854614258,0.0,equicorrelated
0.1,10,10,10,Point_CHR,Gaussian,absolute_residual,1.0,inf,inf,0.0,0.0,equicorrelated
0.1,10,10,10,Unscaled,Gaussian,absolute_residual,0.983125,136685623026474.4,25.916257338177196,0.0,0.0,equicorrelated
0.1,10,10,10,Empirical_copula,Gaussian,absolute_residual,0.440625,1767374811.9104927,25.916257338101083,0.0,0.0,equicorrelated
0.1,10,10,11,TSCP_R,Gaussian,absolute_residual,0.986875,1730187122811.975,49.03850132057356,0.003006458282470703,0.0,equicorrelated
0.1,10,10,11,Point_CHR,Gaussian,absolute_residual,1.0,inf,inf,0.0,0.0,equicorrelated
0.1,10,10,11,Unscaled,Gaussian,absolute_residual,0.98,95869393935987.98,25.013127576929424,0.0,0.0,equicorrelated
0.1,10,10,11,Empirical_copula,Gaussian,absolute_residual,0.286875,560014241.3329835,25.013127576884386,0.0009984970092773438,0.0,equicorrelated
0.1,10,10,12,TSCP_R,Gaussian,absolute_residual,0.9625,845801368241.4637,41.922145197233036,0.001998424530029297,0.0,equicorrelated
0.1,10,10,12,Point_CHR,Gaussian,absolute_residual,1.0,inf,inf,0.0,0.0,equicorrelated
0.1,10,10,12,Unscaled,Gaussian,absolute_residual,0.994375,509938064759657.9,29.563220535897887,0.0,0.0,equicorrelated
0.1,10,10,12,Empirical_copula,Gaussian,absolute_residual,0.38,1496839231.2182958,29.563220535854,0.0009999275207519531,0.0,equicorrelated
0.1,10,10,13,TSCP_R,Gaussian,absolute_residual,0.955625,2571533424859.555,48.38420091051316,0.0020112991333007812,0.0,equicorrelated
0.1,10,10,13,Point_CHR,Gaussian,absolute_residual,1.0,inf,inf,0.0,0.0,equicorrelated
0.1,10,10,13,Unscaled,Gaussian,absolute_residual,0.978125,62839749475310.02,23.978579099061957,0.0,0.0,equicorrelated
0.1,10,10,13,Empirical_copula,Gaussian,absolute_residual,0.323125,1393094138.5870385,23.978579098985843,0.0009968280792236328,0.0,equicorrelated
0.1,10,10,14,TSCP_R,Gaussian,absolute_residual,0.939375,517298649283.1647,31.917475074017872,0.0019989013671875,0.0,equicorrelated
0.1,10,10,14,Point_CHR,Gaussian,absolute_residual,1.0,inf,inf,0.0,0.0,equicorrelated
0.1,10,10,14,Unscaled,Gaussian,absolute_residual,0.8525,3342242293914.0093,17.88149366048819,0.0,0.0,equicorrelated
0.1,10,10,14,Empirical_copula,Gaussian,absolute_residual,0.46375,2342150955.39187,17.88149366044315,0.0,0.0,equicorrelated
0.1,10,10,15,TSCP_R,Gaussian,absolute_residual,0.950625,706812192506.9908,35.02200028666226,0.0015151500701904297,0.0,equicorrelated
0.1,10,10,15,Point_CHR,Gaussian,absolute_residual,1.0,inf,inf,0.0010106563568115234,0.0,equicorrelated
0.1,10,10,15,Unscaled,Gaussian,absolute_residual,0.9475,29285655140374.25,22.21598095282652,0.0,0.0,equicorrelated
0.1,10,10,15,Empirical_copula,Gaussian,absolute_residual,0.45625,1904147097.0515704,22.21598095272896,0.0,0.0,equicorrelated
0.1,10,10,16,TSCP_R,Gaussian,absolute_residual,0.969375,1424207050597.8962,41.316543371844595,0.0015168190002441406,0.0,equicorrelated
0.1,10,10,16,Point_CHR,Gaussian,absolute_residual,1.0,inf,inf,0.0010023117065429688,0.0,equicorrelated
0.1,10,10,16,Unscaled,Gaussian,absolute_residual,0.97875,99802509904286.28,25.113899174030955,0.0,0.0,equicorrelated
0.1,10,10,16,Empirical_copula,Gaussian,absolute_residual,0.49875,3330495516.5656304,25.113899173985917,0.0,0.0,equicorrelated
0.1,10,10,17,TSCP_R,Gaussian,absolute_residual,0.99125,5046541186843.361,38.08878166988517,0.0027768611907958984,0.0,equicorrelated
0.1,10,10,17,Point_CHR,Gaussian,absolute_residual,1.0,inf,inf,0.0,0.0,equicorrelated
0.1,10,10,17,Unscaled,Gaussian,absolute_residual,0.813125,1950679340887.0396,16.944103221782434,0.0,0.0,equicorrelated
0.1,10,10,17,Empirical_copula,Gaussian,absolute_residual,0.259375,462301115.29359496,16.944103221696576,0.0009987354278564453,0.0,equicorrelated
0.1,10,10,18,TSCP_R,Gaussian,absolute_residual,0.951875,569731130428.6945,31.01138711999164,0.0030198097229003906,0.0,equicorrelated
0.1,10,10,18,Point_CHR,Gaussian,absolute_residual,1.0,inf,inf,0.0,0.0,equicorrelated
0.1,10,10,18,Unscaled,Gaussian,absolute_residual,0.856875,3840641925283.2886,18.131777532266103,0.0,0.0,equicorrelated
0.1,10,10,18,Empirical_copula,Gaussian,absolute_residual,0.335,977471815.9347105,18.13177753216854,0.0009958744049072266,0.0,equicorrelated
0.1,10,10,19,TSCP_R,Gaussian,absolute_residual,0.874375,230257559966.6218,50.83692779444837,0.0020105838775634766,0.0,equicorrelated
0.1,10,10,19,Point_CHR,Gaussian,absolute_residual,1.0,inf,inf,0.0,0.0,equicorrelated
0.1,10,10,19,Unscaled,Gaussian,absolute_residual,0.986875,210080537499341.4,27.054442061523186,0.0,0.0,equicorrelated
0.1,10,10,19,Empirical_copula,Gaussian,absolute_residual,0.3525,1168855945.6733394,27.054442061437328,0.0,0.0,equicorrelated
0.1,10,10,20,TSCP_R,Gaussian,absolute_residual,0.96125,1177815976480.3032,30.806161237315848,0.002016305923461914,0.0,equicorrelated
0.1,10,10,20,Point_CHR,Gaussian,absolute_residual,1.0,inf,inf,0.0009899139404296875,0.0,equicorrelated
0.1,10,10,20,Unscaled,Gaussian,absolute_residual,0.63125,256729672572.38486,13.833994755216404,0.0,0.0,equicorrelated
0.1,10,10,20,Empirical_copula,Gaussian,absolute_residual,0.388125,961457811.0572466,13.833994755139008,0.0,0.0,equicorrelated
0.1,10,10,21,TSCP_R,Gaussian,absolute_residual,0.926875,319914099602.8664,30.603091207393497,0.0015103816986083984,0.0,equicorrelated
0.1,10,10,21,Point_CHR,Gaussian,absolute_residual,1.0,inf,inf,0.0,0.0,equicorrelated
0.1,10,10,21,Unscaled,Gaussian,absolute_residual,0.96625,45566203492422.27,23.220110628426244,0.0,0.0,equicorrelated
0.1,10,10,21,Empirical_copula,Gaussian,absolute_residual,0.408125,1789506963.564864,23.220110628347637,0.0010175704956054688,0.0,equicorrelated
0.1,10,10,22,TSCP_R,Gaussian,absolute_residual,0.97875,1595316789408.3477,39.28062621390398,0.002004861831665039,0.0,equicorrelated
0.1,10,10,22,Point_CHR,Gaussian,absolute_residual,1.0,inf,inf,0.0,0.0,equicorrelated
0.1,10,10,22,Unscaled,Gaussian,absolute_residual,0.96,38238041784483.81,22.816528314970277,0.0,0.0,equicorrelated
0.1,10,10,22,Empirical_copula,Gaussian,absolute_residual,0.466875,3546196410.7461333,22.816528314894164,0.0010025501251220703,0.0,equicorrelated
0.1,10,10,23,TSCP_R,Gaussian,absolute_residual,1.0,1529596494044890.2,78.05238801899996,0.0020029544830322266,0.0,equicorrelated
0.1,10,10,23,Point_CHR,Gaussian,absolute_residual,1.0,inf,inf,0.0,0.0,equicorrelated
0.1,10,10,23,Unscaled,Gaussian,absolute_residual,0.9275,19973570232139.88,21.381864355675013,0.0,0.0,equicorrelated
0.1,10,10,23,Empirical_copula,Gaussian,absolute_residual,0.311875,997472226.6619381,21.381864355605277,0.0,0.0,equicorrelated
0.1,10,10,24,TSCP_R,Gaussian,absolute_residual,0.983125,826722585640.9368,39.60399236238697,0.0020079612731933594,0.0,equicorrelated
0.1,10,10,24,Point_CHR,Gaussian,absolute_residual,1.0,inf,inf,0.0,0.0,equicorrelated
0.1,10,10,24,Unscaled,Gaussian,absolute_residual,0.955625,27874003472675.543,22.106497271934533,0.0,0.0,equicorrelated
0.1,10,10,24,Empirical_copula,Gaussian,absolute_residual,0.58,3507778498.2772446,22.106497271848674,0.0010066032409667969,0.0,equicorrelated
0.1,10,10,25,TSCP_R,Gaussian,absolute_residual,0.9975,14217531595967.041,47.42550192240547,0.0009999275207519531,0.0,equicorrelated
0.1,10,10,25,Point_CHR,Gaussian,absolute_residual,1.0,inf,inf,0.0,0.0,equicorrelated
0.1,10,10,25,Unscaled,Gaussian,absolute_residual,0.940625,20298406283346.96,21.416386409170837,0.0,0.0,equicorrelated
0.1,10,10,25,Empirical_copula,Gaussian,absolute_residual,0.5475,4024519665.3187847,21.416386409073276,0.0,0.0,equicorrelated
0.1,10,10,26,TSCP_R,Gaussian,absolute_residual,0.97875,7267162071717.607,50.52717611654826,0.0010001659393310547,0.0,equicorrelated
0.1,10,10,26,Point_CHR,Gaussian,absolute_residual,1.0,inf,inf,0.00099945068359375,0.0,equicorrelated
0.1,10,10,26,Unscaled,Gaussian,absolute_residual,0.846875,2416253284897.484,17.310684684780107,0.0,0.0,equicorrelated
0.1,10,10,26,Empirical_copula,Gaussian,absolute_residual,0.258125,787516537.4312437,17.3106846847015,0.0,0.0,equicorrelated
0.1,10,10,27,TSCP_R,Gaussian,absolute_residual,0.961875,13343267659795.889,50.33009815205123,0.002004861831665039,0.0,equicorrelated
0.1,10,10,27,Point_CHR,Gaussian,absolute_residual,1.0,inf,inf,0.0,0.0,equicorrelated
0.1,10,10,27,Unscaled,Gaussian,absolute_residual,0.975625,93558361561338.05,24.95216656080947,0.0009996891021728516,0.0,equicorrelated
0.1,10,10,27,Empirical_copula,Gaussian,absolute_residual,0.3675,3126352417.833172,24.952166560765583,0.0,0.0,equicorrelated
0.1,10,10,28,TSCP_R,Gaussian,absolute_residual,0.995,4096893604629.4834,42.47031238890766,0.002004861831665039,0.0,equicorrelated
0.1,10,10,28,Point_CHR,Gaussian,absolute_residual,1.0,inf,inf,0.0,0.0,equicorrelated
0.1,10,10,28,Unscaled,Gaussian,absolute_residual,0.924375,12555424986491.18,20.41188635839922,0.0,0.0,equicorrelated
0.1,10,10,28,Empirical_copula,Gaussian,absolute_residual,0.369375,1360672241.262112,20.41188635831336,0.0,0.0,equicorrelated
0.1,10,10,29,TSCP_R,Gaussian,absolute_residual,0.755,34280538545.25761,29.976260777197076,0.002000570297241211,0.0,equicorrelated
0.1,10,10,29,Point_CHR,Gaussian,absolute_residual,1.0,inf,inf,0.0,0.0,equicorrelated
0.1,10,10,29,Unscaled,Gaussian,absolute_residual,0.851875,3503231773759.902,17.96581350355201,0.0,0.0,equicorrelated
0.1,10,10,29,Empirical_copula,Gaussian,absolute_residual,0.271875,454150727.4776425,17.96581350354259,0.0009984970092773438,0.0,equicorrelated
0.1,10,10,30,TSCP_R,Gaussian,absolute_residual,0.919375,602491652509.0295,41.16602276430691,0.002000570297241211,0.0,equicorrelated
0.1,10,10,30,Point_CHR,Gaussian,absolute_residual,1.0,inf,inf,0.0010159015655517578,0.0,equicorrelated
0.1,10,10,30,Unscaled,Gaussian,absolute_residual,0.90625,10495447901539.975,20.04934078363297,0.0,0.0,equicorrelated
0.1,10,10,30,Empirical_copula,Gaussian,absolute_residual,0.365625,1490791079.0086164,20.049340783589084,0.0,0.0,equicorrelated
0.1,10,10,31,TSCP_R,Gaussian,absolute_residual,0.78625,96438633288.68935,28.818127192996926,0.002004861831665039,0.0,equicorrelated
0.1,10,10,31,Point_CHR,Gaussian,absolute_residual,1.0,inf,inf,0.0010051727294921875,0.0,equicorrelated
0.1,10,10,31,Unscaled,Gaussian,absolute_residual,0.7475,1077819939141.7448,15.968150653100919,0.0,0.0,equicorrelated
0.1,10,10,31,Empirical_copula,Gaussian,absolute_residual,0.246875,551374952.7080353,15.96815065305703,0.0,0.0,equicorrelated
0.1,10,10,32,TSCP_R,Gaussian,absolute_residual,0.993125,8679080190246.494,43.86753793522918,0.0020170211791992188,0.0,equicorrelated
0.1,10,10,32,Point_CHR,Gaussian,absolute_residual,1.0,inf,inf,0.0,0.0,equicorrelated
0.1,10,10,32,Unscaled,Gaussian,absolute_residual,0.965,41502457429401.83,23.004213059579435,0.0,0.0,equicorrelated
0.1,10,10,32,Empirical_copula,Gaussian,absolute_residual,0.508125,5084278367.430336,23.004213059493576,0.0010149478912353516,0.0,equicorrelated
0.1,10,10,33,TSCP_R,Gaussian,absolute_residual,1.0,59537858219207.61,62.87613116643913,0.0019941329956054688,0.0,equicorrelated
0.1,10,10,33,Point_CHR,Gaussian,absolute_residual,1.0,inf,inf,0.0010025501251220703,0.0,equicorrelated
0.1,10,10,33,Unscaled,Gaussian,absolute_residual,0.99,245120473242765.1,27.475016293338008,0.0,0.0,equicorrelated
0.1,10,10,33,Empirical_copula,Gaussian,absolute_residual,0.500625,3622695937.39688,27.4750162932594,0.0009982585906982422,0.0,equicorrelated
0.1,10,10,34,TSCP_R,Gaussian,absolute_residual,0.95,638249471870.2836,38.71341555640495,0.002008199691772461,0.0,equicorrelated
0.1,10,10,34,Point_CHR,Gaussian,absolute_residual,1.0,inf,inf,0.0,0.0,equicorrelated
0.1,10,10,34,Unscaled,Gaussian,absolute_residual,0.97,82562001149133.38,24.642117330866313,0.0,0.0,equicorrelated
0.1,10,10,34,Empirical_copula,Gaussian,absolute_residual,0.426875,2324583072.1568375,24.64211733076875,0.0009982585906982422,0.0,equicorrelated
0.1,10,10,35,TSCP_R,Gaussian,absolute_residual,0.950625,863845723068.216,35.84055428246924,0.0019979476928710938,0.0,equicorrelated
0.1,10,10,35,Point_CHR,Gaussian,absolute_residual,1.0,inf,inf,0.0010006427764892578,0.0,equicorrelated
0.1,10,10,35,Unscaled,Gaussian,absolute_residual,0.9325,17076803816101.738,21.0494454561884,0.0,0.0,equicorrelated
0.1,10,10,35,Empirical_copula,Gaussian,absolute_residual,0.42,1589518222.8354142,21.049445456111005,0.0,0.0,equicorrelated
0.1,10,10,36,TSCP_R,Gaussian,absolute_residual,0.93625,190981594076.7461,39.68217649800325,0.0009987354278564453,0.0,equicorrelated
0.1,10,10,36,Point_CHR,Gaussian,absolute_residual,1.0,inf,inf,0.0010166168212890625,0.0,equicorrelated
0.1,10,10,36,Unscaled,Gaussian,absolute_residual,0.986875,272278791738243.97,27.765236780907493,0.0,0.0,equicorrelated
0.1,10,10,36,Empirical_copula,Gaussian,absolute_residual,0.474375,2078850867.907201,27.76523678083138,0.0,0.0,equicorrelated
0.1,10,10,37,TSCP_R,Gaussian,absolute_residual,0.98,1010851035201.1237,38.78603945708519,0.002459287643432617,0.0,equicorrelated
0.1,10,10,37,Point_CHR,Gaussian,absolute_residual,1.0,inf,inf,0.0009999275207519531,0.0,equicorrelated
0.1,10,10,37,Unscaled,Gaussian,absolute_residual,0.88125,6155956870473.167,19.00769947445734,0.0,0.0,equicorrelated
0.1,10,10,37,Empirical_copula,Gaussian,absolute_residual,0.434375,1218052632.3104875,19.007699474379944,0.0,0.0,equicorrelated
0.1,10,10,38,TSCP_R,Gaussian,absolute_residual,0.995,6318762350651.399,43.625542780933586,0.0020341873168945312,0.0,equicorrelated
0.1,10,10,38,Point_CHR,Gaussian,absolute_residual,1.0,inf,inf,0.0,0.0,equicorrelated
0.1,10,10,38,Unscaled,Gaussian,absolute_residual,0.870625,5812351353363.892,18.898841639840356,0.0,0.0,equicorrelated
0.1,10,10,38,Empirical_copula,Gaussian,absolute_residual,0.535,3551168001.4522223,18.89884163976296,0.0,0.0,equicorrelated
0.1,10,10,39,TSCP_R,Gaussian,absolute_residual,0.96375,336768732952.15515,33.742781756439115,0.0019989013671875,0.0,equicorrelated
0.1,10,10,39,Point_CHR,Gaussian,absolute_residual,1.0,inf,inf,0.001001596450805664,0.0,equicorrelated
0.1,10,10,39,Unscaled,Gaussian,absolute_residual,0.89,6494099178135.6455,19.109612986752225,0.0,0.0,equicorrelated
0.1,10,10,39,Empirical_copula,Gaussian,absolute_residual,0.364375,887352618.758917,19.109612986742807,0.0,0.0,equicorrelated
0.1,10,10,40,TSCP_R,Gaussian,absolute_residual,0.985,1091063703520.3699,37.40620396695698,0.002000570297241211,0.0,equicorrelated
0.1,10,10,40,Point_CHR,Gaussian,absolute_residual,1.0,inf,inf,0.001001119613647461,0.0,equicorrelated
0.1,10,10,40,Unscaled,Gaussian,absolute_residual,0.8525,3671903054245.125,18.050495189048466,0.0,0.0,equicorrelated
0.1,10,10,40,Empirical_copula,Gaussian,absolute_residual,0.4575,1601700602.0165765,18.050495189035654,0.0,0.0,equicorrelated
0.1,10,10,41,TSCP_R,Gaussian,absolute_residual,0.91375,209212635721.4252,28.587826673034204,0.0010004043579101562,0.0,equicorrelated
0.1,10,10,41,Point_CHR,Gaussian,absolute_residual,1.0,inf,inf,0.0,0.0,equicorrelated
0.1,10,10,41,Unscaled,Gaussian,absolute_residual,0.73875,801945979176.7726,15.50295589258147,0.0,0.0,equicorrelated
0.1,10,10,41,Empirical_copula,Gaussian,absolute_residual,0.41125,1427790403.0242386,15.502955892483907,0.0,0.0,equicorrelated
0.1,10,10,42,TSCP_R,Gaussian,absolute_residual,0.949375,3720871572175.824,48.1394020212562,0.0010044574737548828,0.0,equicorrelated
0.1,10,10,42,Point_CHR,Gaussian,absolute_residual,1.0,inf,inf,0.000995635986328125,0.0,equicorrelated
0.1,10,10,42,Unscaled,Gaussian,absolute_residual,0.83,2473216374414.013,17.351067979882405,0.0,0.0,equicorrelated
0.1,10,10,42,Empirical_copula,Gaussian,absolute_residual,0.235,543261794.8971709,17.35106797980501,0.0,0.0,equicorrelated
0.1,10,10,43,TSCP_R,Gaussian,absolute_residual,0.97375,732299573790.9622,29.137611860481123,0.0010068416595458984,0.0,equicorrelated
0.1,10,10,43,Point_CHR,Gaussian,absolute_residual,1.0,inf,inf,0.0,0.0,equicorrelated
0.1,10,10,43,Unscaled,Gaussian,absolute_residual,0.686875,398908895118.5733,14.45730595884662,0.0,0.0,equicorrelated
0.1,10,10,43,Empirical_copula,Gaussian,absolute_residual,0.35375,776725506.194609,14.457305958802731,0.0,0.0,equicorrelated
0.1,10,10,44,TSCP_R,Gaussian,absolute_residual,0.996875,17671832887427.598,53.738932946705276,0.0020079612731933594,0.0,equicorrelated
0.1,10,10,44,Point_CHR,Gaussian,absolute_residual,1.0,inf,inf,0.0,0.0,equicorrelated
0.1,10,10,44,Unscaled,Gaussian,absolute_residual,0.864375,4283714050494.0303,18.33082651745284,0.00099945068359375,0.0,equicorrelated
0.1,10,10,44,Empirical_copula,Gaussian,absolute_residual,0.43625,1927336832.7842236,18.330826517408955,0.0,0.0,equicorrelated
0.1,10,10,45,TSCP_R,Gaussian,absolute_residual,0.779375,21079450693.13042,21.052886549260215,0.002001047134399414,0.0,equicorrelated
0.1,10,10,45,Point_CHR,Gaussian,absolute_residual,1.0,inf,inf,0.00099945068359375,0.0,equicorrelated
0.1,10,10,45,Unscaled,Gaussian,absolute_residual,0.7025,502818510274.962,14.795891083600576,0.0,0.0,equicorrelated
0.1,10,10,45,Empirical_copula,Gaussian,absolute_residual,0.28,394009529.4985264,14.795891083587765,0.0,0.0,equicorrelated
0.1,10,10,46,TSCP_R,Gaussian,absolute_residual,0.938125,3379309075947.2446,39.06163412574086,0.002001047134399414,0.0,equicorrelated
0.1,10,10,46,Point_CHR,Gaussian,absolute_residual,1.0,inf,inf,0.0010058879852294922,0.0,equicorrelated
0.1,10,10,46,Unscaled,Gaussian,absolute_residual,0.919375,14521151047864.045,20.71095401026481,0.0,0.0,equicorrelated
0.1,10,10,46,Empirical_copula,Gaussian,absolute_residual,0.33125,2374030853.683821,20.710954010188697,0.0,0.0,equicorrelated
0.1,10,10,47,TSCP_R,Gaussian,absolute_residual,0.989375,3287921348499.4053,35.761813805074766,0.0020020008087158203,0.0,equicorrelated
0.1,10,10,47,Point_CHR,Gaussian,absolute_residual,1.0,inf,inf,0.0,0.0,equicorrelated
0.1,10,10,47,Unscaled,Gaussian,absolute_residual,0.81125,1964370954534.4998,16.95595871248889,0.0,0.0,equicorrelated
0.1,10,10,47,Empirical_copula,Gaussian,absolute_residual,0.4525,2045162066.789809,16.955958712445003,0.0010056495666503906,0.0,equicorrelated
0.1,10,10,48,TSCP_R,Gaussian,absolute_residual,0.99375,4704071885548.993,43.62018582062959,0.002001047134399414,0.0,equicorrelated
0.1,10,10,48,Point_CHR,Gaussian,absolute_residual,1.0,inf,inf,0.0,0.0,equicorrelated
0.1,10,10,48,Unscaled,Gaussian,absolute_residual,0.985,127541286159587.95,25.737424119754504,0.0,0.0,equicorrelated
0.1,10,10,48,Empirical_copula,Gaussian,absolute_residual,0.559375,3948538228.325707,25.73742411967839,0.0010063648223876953,0.0,equicorrelated
0.1,10,10,49,TSCP_R,Gaussian,absolute_residual,0.989375,1062581722961.2913,36.42882811101628,0.0020017623901367188,0.0,equicorrelated
0.1,10,10,49,Point_CHR,Gaussian,absolute_residual,1.0,inf,inf,0.0,0.0,equicorrelated
0.1,10,10,49,Unscaled,Gaussian,absolute_residual,0.93125,14004523639650.686,20.636062478982474,0.0,0.0,equicorrelated
0.1,10,10,49,Empirical_copula,Gaussian,absolute_residual,0.575625,3067482427.1373987,20.63606247890636,0.0,0.0,equicorrelated
0.1,10,10,50,TSCP_R,Gaussian,absolute_residual,1.0,476582529190551.06,63.38770884297273,0.0009999275207519531,0.0,equicorrelated
0.1,10,10,50,Point_CHR,Gaussian,absolute_residual,1.0,inf,inf,0.0009996891021728516,0.0,equicorrelated
0.1,10,10,50,Unscaled,Gaussian,absolute_residual,0.934375,19616166785336.516,21.343292417210744,0.0,0.0,equicorrelated
0.1,10,10,50,Empirical_copula,Gaussian,absolute_residual,0.434375,2079290855.7093396,21.343292417141008,0.0,0.0,equicorrelated
0.1,10,10,51,TSCP_R,Gaussian,absolute_residual,0.98,2731330583727.624,46.4696267186398,0.0020079612731933594,0.0,equicorrelated
0.1,10,10,51,Point_CHR,Gaussian,absolute_residual,1.0,inf,inf,0.000997781753540039,0.0,equicorrelated
0.1,10,10,51,Unscaled,Gaussian,absolute_residual,0.915,9970243308741.328,19.94667794393632,0.0,0.0,equicorrelated
0.1,10,10,51,Empirical_copula,Gaussian,absolute_residual,0.484375,2471465338.0253315,19.94667794385046,0.0,0.0,equicorrelated
0.1,10,10,52,TSCP_R,Gaussian,absolute_residual,0.98625,1276023350824.309,38.824786358115325,0.002000093460083008,0.0,equicorrelated
0.1,10,10,52,Point_CHR,Gaussian,absolute_residual,1.0,inf,inf,0.0,0.0,equicorrelated
0.1,10,10,52,Unscaled,Gaussian,absolute_residual,0.93875,23506265104378.38,21.73293409368602,0.0010085105895996094,0.0,equicorrelated
0.1,10,10,52,Empirical_copula,Gaussian,absolute_residual,0.48875,3187359773.7040734,21.732934093642132,0.0,0.0,equicorrelated
0.1,10,10,53,TSCP_R,Gaussian,absolute_residual,0.96,36695184648367.76,49.72162034944865,0.00200653076171875,0.0,equicorrelated
0.1,10,10,53,Point_CHR,Gaussian,absolute_residual,1.0,inf,inf,0.0,0.0,equicorrelated
0.1,10,10,53,Unscaled,Gaussian,absolute_residual,0.87125,5104443828278.054,18.65498236806778,0.0,0.0,equicorrelated
0.1,10,10,53,Empirical_copula,Gaussian,absolute_residual,0.41375,3656371351.419637,18.654982367989174,0.0009930133819580078,0.0,equicorrelated
0.1,10,10,54,TSCP_R,Gaussian,absolute_residual,0.864375,124299751381.52469,38.82640676445704,0.0020074844360351562,0.0,equicorrelated
0.1,10,10,54,Point_CHR,Gaussian,absolute_residual,1.0,inf,inf,0.0,0.0,equicorrelated
0.1,10,10,54,Unscaled,Gaussian,absolute_residual,0.9825,143430589592505.75,26.04139100147321,0.0,0.0,equicorrelated
0.1,10,10,54,Empirical_copula,Gaussian,absolute_residual,0.400625,1400587589.1332245,26.041391001429325,0.0010018348693847656,0.0,equicorrelated
0.1,10,10,55,TSCP_R,Gaussian,absolute_residual,0.7375,34534479209.49245,36.916108574161065,0.002008676528930664,0.0,equicorrelated
0.1,10,10,55,Point_CHR,Gaussian,absolute_residual,1.0,inf,inf,0.00099945068359375,0.0,equicorrelated
0.1,10,10,55,Unscaled,Gaussian,absolute_residual,0.92375,13263390896653.842,20.5241630862543,0.0,0.0,equicorrelated
0.1,10,10,55,Empirical_copula,Gaussian,absolute_residual,0.18125,197386921.3768035,20.524163086184565,0.0,0.0,equicorrelated
0.1,10,10,56,TSCP_R,Gaussian,absolute_residual,0.951875,223351215482.92004,28.77173126299953,0.0020074844360351562,0.0,equicorrelated
0.1,10,10,56,Point_CHR,Gaussian,absolute_residual,1.0,inf,inf,0.0,0.0,equicorrelated
0.1,10,10,56,Unscaled,Gaussian,absolute_residual,0.65625,446789961374.95135,14.622119897018095,0.0,0.0,equicorrelated
0.1,10,10,56,Empirical_copula,Gaussian,absolute_residual,0.234375,300888824.50287384,14.622119896974207,0.0009992122650146484,0.0,equicorrelated
0.1,10,10,57,TSCP_R,Gaussian,absolute_residual,0.980625,6368697489944.724,43.109619557963406,0.002006053924560547,0.0,equicorrelated
0.1,10,10,57,Point_CHR,Gaussian,absolute_residual,1.0,inf,inf,0.0009996891021728516,0.0,equicorrelated
0.1,10,10,57,Unscaled,Gaussian,absolute_residual,0.921875,11749683715635.947,20.276949409911147,0.0,0.0,equicorrelated
0.1,10,10,57,Empirical_copula,Gaussian,absolute_residual,0.425,3078152988.133862,20.27694940986726,0.0,0.0,equicorrelated
0.1,10,10,58,TSCP_R,Gaussian,absolute_residual,0.905,165257765835.47287,35.149770357340934,0.0020072460174560547,0.0,equicorrelated
0.1,10,10,58,Point_CHR,Gaussian,absolute_residual,1.0,inf,inf,0.0009996891021728516,0.0,equicorrelated
0.1,10,10,58,Unscaled,Gaussian,absolute_residual,0.961875,41368204975637.11,22.99676078541665,0.0,0.0,equicorrelated
0.1,10,10,58,Empirical_copula,Gaussian,absolute_residual,0.385625,1217302579.206577,22.996760785407233,0.0,0.0,equicorrelated
0.1,10,10,59,TSCP_R,Gaussian,absolute_residual,0.955625,6780558723233.779,50.158435531581354,0.002000093460083008,0.0,equicorrelated
0.1,10,10,59,Point_CHR,Gaussian,absolute_residual,1.0,inf,inf,0.0010068416595458984,0.0,equicorrelated
0.1,10,10,59,Unscaled,Gaussian,absolute_residual,0.9325,15624814210996.215,20.863227135688252,0.0,0.0,equicorrelated
0.1,10,10,59,Empirical_copula,Gaussian,absolute_residual,0.336875,1262111678.0755203,20.863227135609645,0.0,0.0,equicorrelated
0.1,10,10,60,TSCP_R,Gaussian,absolute_residual,0.985625,1771830526843.5005,46.731048275572334,0.0009920597076416016,0.0,equicorrelated
0.1,10,10,60,Point_CHR,Gaussian,absolute_residual,1.0,inf,inf,0.0,0.0,equicorrelated
0.1,10,10,60,Unscaled,Gaussian,absolute_residual,0.96125,45836787741447.414,23.233862639879202,0.0,0.0,equicorrelated
0.1,10,10,60,Empirical_copula,Gaussian,absolute_residual,0.29875,682628055.7417545,23.233862639834165,0.0,0.0,equicorrelated
0.1,10,10,61,TSCP_R,Gaussian,absolute_residual,0.993125,1241886093879.192,34.67311230040771,0.0019991397857666016,0.0,equicorrelated
0.1,10,10,61,Point_CHR,Gaussian,absolute_residual,1.0,inf,inf,0.0,0.0,equicorrelated
0.1,10,10,61,Unscaled,Gaussian,absolute_residual,0.7175,679963472049.167,15.24925259380214,0.0,0.0,equicorrelated
0.1,10,10,61,Empirical_copula,Gaussian,absolute_residual,0.374375,823698497.7321465,15.249252593789329,0.0,0.0,equicorrelated
0.1,10,10,62,TSCP_R,Gaussian,absolute_residual,0.93125,574752038755.9788,34.60310480602375,0.0019991397857666016,0.0,equicorrelated
0.1,10,10,62,Point_CHR,Gaussian,absolute_residual,1.0,inf,inf,0.0,0.0,equicorrelated
0.1,10,10,62,Unscaled,Gaussian,absolute_residual,0.894375,6206880820909.301,19.02336499506318,0.0,0.0,equicorrelated
0.1,10,10,62,Empirical_copula,Gaussian,absolute_residual,0.285625,744501916.0684391,19.02336499501814,0.0010089874267578125,0.0,equicorrelated
0.1,10,10,63,TSCP_R,Gaussian,absolute_residual,1.0,42469135149255.37,56.893428032367275,0.002000570297241211,0.0,equicorrelated
0.1,10,10,63,Point_CHR,Gaussian,absolute_residual,1.0,inf,inf,0.0,0.0,equicorrelated
0.1,10,10,63,Unscaled,Gaussian,absolute_residual,0.928125,16318842045135.344,20.95409622208436,0.0,0.0,equicorrelated
0.1,10,10,63,Empirical_copula,Gaussian,absolute_residual,0.6325,7634963333.158006,20.9540962219868,0.0010013580322265625,0.0,equicorrelated
0.1,10,10,64,TSCP_R,Gaussian,absolute_residual,0.93625,584528802745.2899,39.784392851709605,0.0019986629486083984,0.0,equicorrelated
0.1,10,10,64,Point_CHR,Gaussian,absolute_residual,1.0,inf,inf,0.0,0.0,equicorrelated
0.1,10,10,64,Unscaled,Gaussian,absolute_residual,0.975625,79788703215335.08,24.558064782278066,0.001007080078125,0.0,equicorrelated
0.1,10,10,64,Empirical_copula,Gaussian,absolute_residual,0.43,1956859814.3089921,24.55806478223303,0.0,0.0,equicorrelated
0.1,10,10,65,TSCP_R,Gaussian,absolute_residual,0.858125,142104436942.3931,33.703999696240444,0.0019991397857666016,0.0,equicorrelated
0.1,10,10,65,Point_CHR,Gaussian,absolute_residual,1.0,inf,inf,0.0,0.0,equicorrelated
0.1,10,10,65,Unscaled,Gaussian,absolute_residual,0.958125,27457774710010.75,22.073262789205096,0.0,0.0,equicorrelated
0.1,10,10,65,Empirical_copula,Gaussian,absolute_residual,0.238125,514210751.45787084,22.073262789195677,0.0010023117065429688,0.0,equicorrelated
0.1,10,10,66,TSCP_R,Gaussian,absolute_residual,0.988125,2231925526849.6,41.467857156637656,0.0020008087158203125,0.0,equicorrelated
0.1,10,10,66,Point_CHR,Gaussian,absolute_residual,1.0,inf,inf,0.0,0.0,equicorrelated
0.1,10,10,66,Unscaled,Gaussian,absolute_residual,0.97,63141861132404.84,23.990082301169107,0.0010061264038085938,0.0,equicorrelated
0.1,10,10,66,Empirical_copula,Gaussian,absolute_residual,0.515,3575279772.7190175,23.99008230109937,0.0,0.0,equicorrelated
0.1,10,10,67,TSCP_R,Gaussian,absolute_residual,0.8375,53841884389.02523,24.604303785756372,0.0019943714141845703,0.0,equicorrelated
0.1,10,10,67,Point_CHR,Gaussian,absolute_residual,1.0,inf,inf,0.0,0.0,equicorrelated
0.1,10,10,67,Unscaled,Gaussian,absolute_residual,0.741875,961734895058.1866,15.78721550550649,0.0010001659393310547,0.0,equicorrelated
0.1,10,10,67,Empirical_copula,Gaussian,absolute_residual,0.355625,717880679.5571654,15.787215505462601,0.0,0.0,equicorrelated
0.1,10,10,68,TSCP_R,Gaussian,absolute_residual,0.824375,334041114579.5848,37.24421906897118,0.002006053924560547,0.0,equicorrelated
0.1,10,10,68,Point_CHR,Gaussian,absolute_residual,1.0,inf,inf,0.0009999275207519531,0.0,equicorrelated
0.1,10,10,68,Unscaled,Gaussian,absolute_residual,0.85,3131297752891.743,17.765295536304542,0.0,0.0,equicorrelated
0.1,10,10,68,Empirical_copula,Gaussian,absolute_residual,0.248125,798834896.168532,17.76529553629173,0.0,0.0,equicorrelated
0.1,10,10,69,TSCP_R,Gaussian,absolute_residual,1.0,163743731738520.4,58.859049682948715,0.002004861831665039,0.0,equicorrelated
0.1,10,10,69,Point_CHR,Gaussian,absolute_residual,1.0,inf,inf,0.0010058879852294922,0.0,equicorrelated
0.1,10,10,69,Unscaled,Gaussian,absolute_residual,0.916875,9818905560851.066,19.916192178914102,0.0,0.0,equicorrelated
0.1,10,10,69,Empirical_copula,Gaussian,absolute_residual,0.47375,3238584355.011511,19.916192178828243,0.0,0.0,equicorrelated
0.1,10,10,70,TSCP_R,Gaussian,absolute_residual,0.9675,1128596188791.4075,32.131713132164585,0.00200653076171875,0.0,equicorrelated
0.1,10,10,70,Point_CHR,Gaussian,absolute_residual,1.0,inf,inf,0.0009999275207519531,0.0,equicorrelated
0.1,10,10,70,Unscaled,Gaussian,absolute_residual,0.855625,3584874845785.363,18.007250239574123,0.0,0.0,equicorrelated
0.1,10,10,70,Empirical_copula,Gaussian,absolute_residual,0.335625,1362578148.0695462,18.007250239496727,0.0,0.0,equicorrelated
0.1,10,10,71,TSCP_R,Gaussian,absolute_residual,0.761875,502890113765.05457,47.34568515676395,0.0019989013671875,0.0,equicorrelated
0.1,10,10,71,Point_CHR,Gaussian,absolute_residual,1.0,inf,inf,0.0,0.0,equicorrelated
0.1,10,10,71,Unscaled,Gaussian,absolute_residual,0.9675,43828522761906.46,23.13000269128088,0.0,0.0,equicorrelated
0.1,10,10,71,Empirical_copula,Gaussian,absolute_residual,0.156875,236397657.10064933,23.13000269120227,0.0010018348693847656,0.0,equicorrelated
0.1,10,10,72,TSCP_R,Gaussian,absolute_residual,0.995625,1809399221502.6467,43.29654018303516,0.0020067691802978516,0.0,equicorrelated
0.1,10,10,72,Point_CHR,Gaussian,absolute_residual,1.0,inf,inf,0.0,0.0,equicorrelated
0.1,10,10,72,Unscaled,Gaussian,absolute_residual,0.9175,14153841947542.625,20.657960095077133,0.0,0.0,equicorrelated
0.1,10,10,72,Empirical_copula,Gaussian,absolute_residual,0.555,2442610670.41317,20.657960095033246,0.0,0.0,equicorrelated
0.1,10,10,73,TSCP_R,Gaussian,absolute_residual,0.986875,856018578157.8116,36.30576629222661,0.002007007598876953,0.0,equicorrelated
0.1,10,10,73,Point_CHR,Gaussian,absolute_residual,1.0,inf,inf,0.0,0.0,equicorrelated
0.1,10,10,73,Unscaled,Gaussian,absolute_residual,0.889375,6099928311957.972,18.990328314603065,0.0,0.0,equicorrelated
0.1,10,10,73,Empirical_copula,Gaussian,absolute_residual,0.43,1568153226.673475,18.990328314505504,0.0009989738464355469,0.0,equicorrelated
0.1,10,10,74,TSCP_R,Gaussian,absolute_residual,0.9425,329325561048.05634,37.42271833904869,0.002007007598876953,0.0,equicorrelated
0.1,10,10,74,Point_CHR,Gaussian,absolute_residual,1.0,inf,inf,0.0,0.0,equicorrelated
0.1,10,10,74,Unscaled,Gaussian,absolute_residual,0.923125,10940969447149.42,20.132864959296214,0.0,0.0,equicorrelated
0.1,10,10,74,Empirical_copula,Gaussian,absolute_residual,0.40625,1124843639.8633056,20.132864959283403,0.0,0.0,equicorrelated
0.1,10,10,75,TSCP_R,Gaussian,absolute_residual,0.998125,6041387928775.491,40.8251766682301,0.0019965171813964844,0.0,equicorrelated
0.1,10,10,75,Point_CHR,Gaussian,absolute_residual,1.0,inf,inf,0.0,0.0,equicorrelated
0.1,10,10,75,Unscaled,Gaussian,absolute_residual,0.775625,1201653404746.298,16.142764911058126,0.0,0.0,equicorrelated
0.1,10,10,75,Empirical_copula,Gaussian,absolute_residual,0.37375,827458327.3369434,16.14276491098073,0.0010006427764892578,0.0,equicorrelated
0.1,10,10,76,TSCP_R,Gaussian,absolute_residual,0.813125,41955650348.291565,29.995746310837625,0.0020008087158203125,0.0,equicorrelated
0.1,10,10,76,Point_CHR,Gaussian,absolute_residual,1.0,inf,inf,0.0,0.0,equicorrelated
0.1,10,10,76,Unscaled,Gaussian,absolute_residual,0.85625,3526696024017.1094,17.97781068642623,0.0,0.0,equicorrelated
0.1,10,10,76,Empirical_copula,Gaussian,absolute_residual,0.24375,354236472.5396815,17.97781068632867,0.001010894775390625,0.0,equicorrelated
0.1,10,10,77,TSCP_R,Gaussian,absolute_residual,0.831875,103297142609.52808,36.31609842428272,0.002007007598876953,0.0,equicorrelated
0.1,10,10,77,Point_CHR,Gaussian,absolute_residual,1.0,inf,inf,0.0,0.0,equicorrelated
0.1,10,10,77,Unscaled,Gaussian,absolute_residual,0.97875,102230286385659.03,25.174332136332,0.0,0.0,equicorrelated
0.1,10,10,77,Empirical_copula,Gaussian,absolute_residual,0.3275,1099906443.9091644,25.174332136262265,0.0009932518005371094,0.0,equicorrelated
0.1,10,10,78,TSCP_R,Gaussian,absolute_residual,0.991875,8209812762758.235,62.93665783265141,0.0020067691802978516,0.0,equicorrelated
0.1,10,10,78,Point_CHR,Gaussian,absolute_residual,1.0,inf,inf,0.0,0.0,equicorrelated
0.1,10,10,78,Unscaled,Gaussian,absolute_residual,0.990625,244011392964132.0,27.462559471482244,0.0,0.0,equicorrelated
0.1,10,10,78,Empirical_copula,Gaussian,absolute_residual,0.38625,1887046083.0669894,27.462559471403637,0.0010025501251220703,0.0,equicorrelated
0.1,10,10,79,TSCP_R,Gaussian,absolute_residual,0.996875,7417538465003.712,52.203744654632104,0.0020020008087158203,0.0,equicorrelated
0.1,10,10,79,Point_CHR,Gaussian,absolute_residual,1.0,inf,inf,0.0,0.0,equicorrelated
0.1,10,10,79,Unscaled,Gaussian,absolute_residual,0.951875,32696758050298.21,22.462105844148667,0.0,0.0,equicorrelated
0.1,10,10,79,Empirical_copula,Gaussian,absolute_residual,0.605625,6763901451.179225,22.46210584410363,0.00099945068359375,0.0,equicorrelated
0.1,10,10,80,TSCP_R,Gaussian,absolute_residual,0.801875,48521074892.48032,33.721384226099744,0.0020012855529785156,0.0,equicorrelated
0.1,10,10,80,Point_CHR,Gaussian,absolute_residual,1.0,inf,inf,0.001001119613647461,0.0,equicorrelated
0.1,10,10,80,Unscaled,Gaussian,absolute_residual,0.908125,9894499577186.93,19.931472439254943,0.0,0.0,equicorrelated
0.1,10,10,80,Empirical_copula,Gaussian,absolute_residual,0.166875,150334188.91067064,19.931472439242132,0.0,0.0,equicorrelated
0.1,10,10,81,TSCP_R,Gaussian,absolute_residual,1.0,249051257277676.66,68.60311485763089,0.00099945068359375,0.0,equicorrelated
0.1,10,10,81,Point_CHR,Gaussian,absolute_residual,1.0,inf,inf,0.0009999275207519531,0.0,equicorrelated
0.1,10,10,81,Unscaled,Gaussian,absolute_residual,0.97375,56394346798370.29,23.72048459041778,0.0,0.0,equicorrelated
0.1,10,10,81,Empirical_copula,Gaussian,absolute_residual,0.433125,3169557667.6256,23.72048459040836,0.0,0.0,equicorrelated
0.1,10,10,82,TSCP_R,Gaussian,absolute_residual,0.775625,38243829816.87002,35.62910953696108,0.001999378204345703,0.0,equicorrelated
0.1,10,10,82,Point_CHR,Gaussian,absolute_residual,1.0,inf,inf,0.0010013580322265625,0.0,equicorrelated
0.1,10,10,82,Unscaled,Gaussian,absolute_residual,0.95,26226972275703.21,21.972264365434963,0.0,0.0,equicorrelated
0.1,10,10,82,Empirical_copula,Gaussian,absolute_residual,0.171875,240265031.3683954,21.972264365425545,0.0,0.0,equicorrelated
0.1,10,10,83,TSCP_R,Gaussian,absolute_residual,0.93,370302471212.88153,45.237725297460734,0.0020067691802978516,0.0,equicorrelated
0.1,10,10,83,Point_CHR,Gaussian,absolute_residual,1.0,inf,inf,0.0009992122650146484,0.0,equicorrelated
0.1,10,10,83,Unscaled,Gaussian,absolute_residual,0.94125,17028902770953.27,21.04353354524484,0.0,0.0,equicorrelated
0.1,10,10,83,Empirical_copula,Gaussian,absolute_residual,0.25125,468478922.37781984,21.043533545200955,0.0,0.0,equicorrelated
0.1,10,10,84,TSCP_R,Gaussian,absolute_residual,0.865,66827191575.48078,30.128497281542387,0.0019998550415039062,0.0,equicorrelated
0.1,10,10,84,Point_CHR,Gaussian,absolute_residual,1.0,inf,inf,0.0,0.0,equicorrelated
0.1,10,10,84,Unscaled,Gaussian,absolute_residual,0.925,12645896193348.805,20.426547169451542,0.0,0.0,equicorrelated
0.1,10,10,84,Empirical_copula,Gaussian,absolute_residual,0.328125,693131630.2773747,20.426547169381806,0.0,0.0,equicorrelated
0.1,10,10,85,TSCP_R,Gaussian,absolute_residual,1.0,159799235043451.16,54.38968969106331,0.00199127197265625,0.0,equicorrelated
0.1,10,10,85,Point_CHR,Gaussian,absolute_residual,1.0,inf,inf,0.0,0.0,equicorrelated
0.1,10,10,85,Unscaled,Gaussian,absolute_residual,0.80875,2074014044045.0688,17.048303541025554,0.0,0.0,equicorrelated
0.1,10,10,85,Empirical_copula,Gaussian,absolute_residual,0.580625,6105235743.763917,17.048303540939695,0.0,0.0,equicorrelated
0.1,10,10,86,TSCP_R,Gaussian,absolute_residual,0.995,1474599363500.2312,37.13817563901571,0.003000497817993164,0.0,equicorrelated
0.1,10,10,86,Point_CHR,Gaussian,absolute_residual,1.0,inf,inf,0.0,0.0,equicorrelated
0.1,10,10,86,Unscaled,Gaussian,absolute_residual,0.828125,2729289929727.6084,17.52285903684625,0.0,0.0,equicorrelated
0.1,10,10,86,Empirical_copula,Gaussian,absolute_residual,0.484375,1540068353.8712492,17.522859036802362,0.0,0.0,equicorrelated
0.1,10,10,87,TSCP_R,Gaussian,absolute_residual,0.99875,30196827782753.637,54.47926206631216,0.002022266387939453,0.0,equicorrelated
0.1,10,10,87,Point_CHR,Gaussian,absolute_residual,1.0,inf,inf,0.0010006427764892578,0.0,equicorrelated
0.1,10,10,87,Unscaled,Gaussian,absolute_residual,0.9825,118714724781674.6,25.553503895760684,0.0,0.0,equicorrelated
0.1,10,10,87,Empirical_copula,Gaussian,absolute_residual,0.444375,2444635755.866275,25.553503895682077,0.0,0.0,equicorrelated
0.1,10,10,88,TSCP_R,Gaussian,absolute_residual,0.85875,126155901673.53972,39.851304967398775,0.002000093460083008,0.0,equicorrelated
0.1,10,10,88,Point_CHR,Gaussian,absolute_residual,1.0,inf,inf,0.001010894775390625,0.0,equicorrelated
0.1,10,10,88,Unscaled,Gaussian,absolute_residual,0.895,5977382620921.271,18.95182797480979,0.0,0.0,equicorrelated
0.1,10,10,88,Empirical_copula,Gaussian,absolute_residual,0.21,340734579.26015073,18.951827974723933,0.0,0.0,equicorrelated
0.1,10,10,89,TSCP_R,Gaussian,absolute_residual,0.994375,76274468201115.73,55.472115070932595,0.001999378204345703,0.0,equicorrelated
0.1,10,10,89,Point_CHR,Gaussian,absolute_residual,1.0,inf,inf,0.0,0.0,equicorrelated
0.1,10,10,89,Unscaled,Gaussian,absolute_residual,0.970625,79960061925029.62,24.563333920157664,0.0,0.0,equicorrelated
0.1,10,10,89,Empirical_copula,Gaussian,absolute_residual,0.6,12727617202.767933,24.563333920079057,0.0,0.0,equicorrelated
0.1,10,10,90,TSCP_R,Gaussian,absolute_residual,0.88125,139487357767.18106,29.263440591100967,0.0019989013671875,0.0,equicorrelated
0.1,10,10,90,Point_CHR,Gaussian,absolute_residual,1.0,inf,inf,0.0,0.0,equicorrelated
0.1,10,10,90,Unscaled,Gaussian,absolute_residual,0.86,3773500168512.944,18.099827563226345,0.0,0.0,equicorrelated
0.1,10,10,90,Empirical_copula,Gaussian,absolute_residual,0.32,659594438.3286521,18.09982756315661,0.0010023117065429688,0.0,equicorrelated
0.1,10,10,91,TSCP_R,Gaussian,absolute_residual,1.0,364811352225873.44,65.2947315914908,0.001999378204345703,0.0,equicorrelated
0.1,10,10,91,Point_CHR,Gaussian,absolute_residual,1.0,inf,inf,0.0,0.0,equicorrelated
0.1,10,10,91,Unscaled,Gaussian,absolute_residual,0.941875,23845671076443.617,21.764112137825645,0.0,0.0,equicorrelated
0.1,10,10,91,Empirical_copula,Gaussian,absolute_residual,0.493125,2242635482.8998685,21.76411213775591,0.0010006427764892578,0.0,equicorrelated
0.1,10,10,92,TSCP_R,Gaussian,absolute_residual,0.926875,339236209273.47394,33.3871160794971,0.0019927024841308594,0.0,equicorrelated
0.1,10,10,92,Point_CHR,Gaussian,absolute_residual,1.0,inf,inf,0.0010006427764892578,0.0,equicorrelated
0.1,10,10,92,Unscaled,Gaussian,absolute_residual,0.933125,15883298884313.031,20.897487341485412,0.0,0.0,equicorrelated
0.1,10,10,92,Empirical_copula,Gaussian,absolute_residual,0.41,1454208070.596794,20.89748734138785,0.0,0.0,equicorrelated
0.1,10,10,93,TSCP_R,Gaussian,absolute_residual,0.990625,2208617775629.7476,41.26397255665949,0.002000093460083008,0.0,equicorrelated
0.1,10,10,93,Point_CHR,Gaussian,absolute_residual,1.0,inf,inf,0.0,0.0,equicorrelated
0.1,10,10,93,Unscaled,Gaussian,absolute_residual,0.941875,20395226167150.945,21.426579794495986,0.0,0.0,equicorrelated
0.1,10,10,93,Empirical_copula,Gaussian,absolute_residual,0.520625,2752904272.7334747,21.426579794483175,0.001009225845336914,0.0,equicorrelated
0.1,10,10,94,TSCP_R,Gaussian,absolute_residual,0.624375,26049668147.168785,26.736917709522466,0.002001047134399414,0.0,equicorrelated
0.1,10,10,94,Point_CHR,Gaussian,absolute_residual,1.0,inf,inf,0.001001119613647461,0.0,equicorrelated
0.1,10,10,94,Unscaled,Gaussian,absolute_residual,0.825,2014002349856.4856,16.99831986494967,0.0,0.0,equicorrelated
0.1,10,10,94,Empirical_copula,Gaussian,absolute_residual,0.18625,347065133.0907593,16.998319864873558,0.0,0.0,equicorrelated
0.1,10,10,95,TSCP_R,Gaussian,absolute_residual,0.8825,77679001251.8319,23.76922527658455,0.0019996166229248047,0.0,equicorrelated
0.1,10,10,95,Point_CHR,Gaussian,absolute_residual,1.0,inf,inf,0.0,0.0,equicorrelated
0.1,10,10,95,Unscaled,Gaussian,absolute_residual,0.796875,1904578890350.0308,16.903626834794164,0.0,0.0,equicorrelated
0.1,10,10,95,Empirical_copula,Gaussian,absolute_residual,0.441875,1340136112.0807204,16.903626834696603,0.0,0.0,equicorrelated
0.1,10,10,96,TSCP_R,Gaussian,absolute_residual,0.908125,293748063609.50073,33.79311758938647,0.0030007362365722656,0.0,equicorrelated
0.1,10,10,96,Point_CHR,Gaussian,absolute_residual,1.0,inf,inf,0.0,0.0,equicorrelated
0.1,10,10,96,Unscaled,Gaussian,absolute_residual,0.92125,13696543835504.34,20.590225321223215,0.0,0.0,equicorrelated
0.1,10,10,96,Empirical_copula,Gaussian,absolute_residual,0.35125,1111127051.8097038,20.590225321213797,0.0,0.0,equicorrelated
0.1,10,10,97,TSCP_R,Gaussian,absolute_residual,0.66625,15862559805.392101,25.43395990403593,0.003000020980834961,0.0,equicorrelated
0.1,10,10,97,Point_CHR,Gaussian,absolute_residual,1.0,inf,inf,0.0,0.0,equicorrelated
0.1,10,10,97,Unscaled,Gaussian,absolute_residual,0.893125,6975724561298.789,19.24681768109055,0.0,0.0,equicorrelated
0.1,10,10,97,Empirical_copula,Gaussian,absolute_residual,0.19625,272564347.02412075,19.24681768099299,0.0,0.0,equicorrelated
0.1,10,10,98,TSCP_R,Gaussian,absolute_residual,0.9825,2644624920761.894,51.804182699060064,0.0019996166229248047,0.0,equicorrelated
0.1,10,10,98,Point_CHR,Gaussian,absolute_residual,1.0,inf,inf,0.0,0.0,equicorrelated
0.1,10,10,98,Unscaled,Gaussian,absolute_residual,0.98875,183849644731311.62,26.696005277265353,0.0,0.0,equicorrelated
0.1,10,10,98,Empirical_copula,Gaussian,absolute_residual,0.4025,2497216624.30502,26.696005277167792,0.0010008811950683594,0.0,equicorrelated
0.1,10,10,99,TSCP_R,Gaussian,absolute_residual,0.961875,2668128945613.8076,43.01084967425359,0.003013134002685547,0.0,equicorrelated
0.1,10,10,99,Point_CHR,Gaussian,absolute_residual,1.0,inf,inf,0.0,0.0,equicorrelated
0.1,10,10,99,Unscaled,Gaussian,absolute_residual,0.986875,144520743282465.2,26.061116560291232,0.0009870529174804688,0.0,equicorrelated
0.1,10,10,99,Empirical_copula,Gaussian,absolute_residual,0.515,7467189287.253681,26.06111656019367,0.0,0.0,equicorrelated
0.1,10,10,100,TSCP_R,Gaussian,absolute_residual,0.999375,113360402079176.31,97.03668068527121,0.0020079612731933594,0.0,equicorrelated
0.1,10,10,100,Point_CHR,Gaussian,absolute_residual,1.0,inf,inf,0.0,0.0,equicorrelated
0.1,10,10,100,Unscaled,Gaussian,absolute_residual,0.99875,2195588087469139.0,34.21015851943721,0.0,0.0,equicorrelated
0.1,10,10,100,Empirical_copula,Gaussian,absolute_residual,0.245625,594274129.4852252,34.21015851942779,0.0,0.0,equicorrelated
0.1,10,10,101,TSCP_R,Gaussian,absolute_residual,0.981875,4135244915689.118,49.283235435371424,0.0019989013671875,0.0,equicorrelated
0.1,10,10,101,Point_CHR,Gaussian,absolute_residual,1.0,inf,inf,0.0010023117065429688,0.0,equicorrelated
0.1,10,10,101,Unscaled,Gaussian,absolute_residual,0.973125,91899091371052.75,24.907556362558243,0.0,0.0,equicorrelated
0.1,10,10,101,Empirical_copula,Gaussian,absolute_residual,0.341875,1050379513.9099803,24.907556362488506,0.0,0.0,equicorrelated
0.1,10,10,102,TSCP_R,Gaussian,absolute_residual,0.941875,1152503475977.829,59.13672285378569,0.003000020980834961,0.0,equicorrelated
0.1,10,10,102,Point_CHR,Gaussian,absolute_residual,1.0,inf,inf,0.0,0.0,equicorrelated
0.1,10,10,102,Unscaled,Gaussian,absolute_residual,0.999375,2616581049778878.0,34.815562732367525,0.0,0.0,equicorrelated
0.1,10,10,102,Empirical_copula,Gaussian,absolute_residual,0.371875,2594873097.276343,34.81556273235811,0.001001119613647461,0.0,equicorrelated
0.1,10,10,103,TSCP_R,Gaussian,absolute_residual,0.910625,893750797930.6411,45.345849847262784,0.0020084381103515625,0.0,equicorrelated
0.1,10,10,103,Point_CHR,Gaussian,absolute_residual,1.0,inf,inf,0.0,0.0,equicorrelated
0.1,10,10,103,Unscaled,Gaussian,absolute_residual,0.9625,36719404619883.234,22.724250239304546,0.0,0.0,equicorrelated
0.1,10,10,103,Empirical_copula,Gaussian,absolute_residual,0.230625,609380141.3648688,22.724250239291734,0.0010004043579101562,0.0,equicorrelated
0.1,10,10,104,TSCP_R,Gaussian,absolute_residual,0.949375,1158542438583.0217,45.876396035492796,0.0020055770874023438,0.0,equicorrelated
0.1,10,10,104,Point_CHR,Gaussian,absolute_residual,1.0,inf,inf,0.0009908676147460938,0.0,equicorrelated
0.1,10,10,104,Unscaled,Gaussian,absolute_residual,0.979375,116771452860319.6,25.51136335325287,0.0,0.0,equicorrelated
0.1,10,10,104,Empirical_copula,Gaussian,absolute_residual,0.350625,2355920778.5365777,25.511363353208985,0.0,0.0,equicorrelated
0.1,10,10,105,TSCP_R,Gaussian,absolute_residual,0.999375,12466727742737.51,47.99829959544494,0.0020096302032470703,0.0,equicorrelated
0.1,10,10,105,Point_CHR,Gaussian,absolute_residual,1.0,inf,inf,0.000997781753540039,0.0,equicorrelated
0.1,10,10,105,Unscaled,Gaussian,absolute_residual,0.970625,58786629401464.79,23.819237568714524,0.0,0.0,equicorrelated
0.1,10,10,105,Empirical_copula,Gaussian,absolute_residual,0.6325,5375447217.830789,23.819237568635916,0.0,0.0,equicorrelated
0.1,10,10,106,TSCP_R,Gaussian,absolute_residual,0.79,46203917431.28199,37.78150480292204,0.00200653076171875,0.0,equicorrelated
0.1,10,10,106,Point_CHR,Gaussian,absolute_residual,1.0,inf,inf,0.0,0.0,equicorrelated
0.1,10,10,106,Unscaled,Gaussian,absolute_residual,0.938125,15608831196999.754,20.861092000881957,0.0,0.0,equicorrelated
0.1,10,10,106,Empirical_copula,Gaussian,absolute_residual,0.205625,255444296.5327248,20.861092000784396,0.0009999275207519531,0.0,equicorrelated
0.1,10,10,107,TSCP_R,Gaussian,absolute_residual,0.846875,184055993965.94876,61.48135693009934,0.0020253658294677734,0.0,equicorrelated
0.1,10,10,107,Point_CHR,Gaussian,absolute_residual,1.0,inf,inf,0.0,0.0,equicorrelated
0.1,10,10,107,Unscaled,Gaussian,absolute_residual,1.0,5291364729159700.0,37.355690610903444,0.0,0.0,equicorrelated
0.1,10,10,107,Empirical_copula,Gaussian,absolute_residual,0.221875,464983718.9828995,37.3556906108584,0.0009989738464355469,0.0,equicorrelated
0.1,10,10,108,TSCP_R,Gaussian,absolute_residual,0.95125,209147804480.40292,29.34137995149164,0.0020117759704589844,0.0,equicorrelated
0.1,10,10,108,Point_CHR,Gaussian,absolute_residual,1.0,inf,inf,0.0,0.0,equicorrelated
0.1,10,10,108,Unscaled,Gaussian,absolute_residual,0.855,3710167530989.5376,18.069217770404318,0.0,0.0,equicorrelated
0.1,10,10,108,Empirical_copula,Gaussian,absolute_residual,0.543125,2350508804.792409,18.069217770391507,0.0,0.0,equicorrelated
0.1,10,10,109,TSCP_R,Gaussian,absolute_residual,0.998125,8044728505480.462,49.37121106623941,0.002000093460083008,0.0,equicorrelated
0.1,10,10,109,Point_CHR,Gaussian,absolute_residual,1.0,inf,inf,0.0010085105895996094,0.0,equicorrelated
0.1,10,10,109,Unscaled,Gaussian,absolute_residual,0.979375,96081391257122.1,25.01865326819946,0.0,0.0,equicorrelated
0.1,10,10,109,Empirical_copula,Gaussian,absolute_residual,0.425,1901995863.095677,25.018653268190043,0.0,0.0,equicorrelated
0.1,10,10,110,TSCP_R,Gaussian,absolute_residual,0.578125,6042047002.625774,30.12088492036981,0.001007080078125,0.0,equicorrelated
0.1,10,10,110,Point_CHR,Gaussian,absolute_residual,1.0,inf,inf,0.0,0.0,equicorrelated
0.1,10,10,110,Unscaled,Gaussian,absolute_residual,0.95625,26066985572620.83,21.95882416695857,0.0,0.0,equicorrelated
0.1,10,10,110,Empirical_copula,Gaussian,absolute_residual,0.1975,206522769.65693238,21.958824166913534,0.0,0.0,equicorrelated
0.1,10,10,111,TSCP_R,Gaussian,absolute_residual,1.0,134001142808883.62,61.89270301673631,0.00200653076171875,0.0,equicorrelated
0.1,10,10,111,Point_CHR,Gaussian,absolute_residual,1.0,inf,inf,0.0,0.0,equicorrelated
0.1,10,10,111,Unscaled,Gaussian,absolute_residual,0.96,46383629416795.125,23.261433389814847,0.0,0.0,equicorrelated
0.1,10,10,111,Empirical_copula,Gaussian,absolute_residual,0.51625,4113850420.390308,23.26143338973624,0.0009930133819580078,0.0,equicorrelated
0.1,10,10,112,TSCP_R,Gaussian,absolute_residual,0.986875,6779467575871.408,45.4695285208777,0.0020189285278320312,0.0,equicorrelated
0.1,10,10,112,Point_CHR,Gaussian,absolute_residual,1.0,inf,inf,0.0,0.0,equicorrelated
0.1,10,10,112,Unscaled,Gaussian,absolute_residual,0.936875,16999136292451.31,21.039852244325957,0.0,0.0,equicorrelated
0.1,10,10,112,Empirical_copula,Gaussian,absolute_residual,0.5725,5834664967.279944,21.039852244240098,0.0,0.0,equicorrelated
0.1,10,10,113,TSCP_R,Gaussian,absolute_residual,0.985,2331549236232.269,43.152100940419665,0.0020008087158203125,0.0,equicorrelated
0.1,10,10,113,Point_CHR,Gaussian,absolute_residual,1.0,inf,inf,0.0010058879852294922,0.0,equicorrelated
0.1,10,10,113,Unscaled,Gaussian,absolute_residual,0.89375,4942556337483.071,18.594956332922187,0.0,0.0,equicorrelated
0.1,10,10,113,Empirical_copula,Gaussian,absolute_residual,0.538125,3164448959.110052,18.59495633284358,0.0,0.0,equicorrelated
0.1,10,10,114,TSCP_R,Gaussian,absolute_residual,0.974375,940073633897.883,38.65885794334571,0.0020072460174560547,0.0,equicorrelated
0.1,10,10,114,Point_CHR,Gaussian,absolute_residual,1.0,inf,inf,0.0,0.0,equicorrelated
0.1,10,10,114,Unscaled,Gaussian,absolute_residual,0.875,5105962659088.686,18.65553737405534,0.0,0.0,equicorrelated
0.1,10,10,114,Empirical_copula,Gaussian,absolute_residual,0.465625,1628059416.4296308,18.655537374011452,0.00099945068359375,0.0,equicorrelated
0.1,10,10,115,TSCP_R,Gaussian,absolute_residual,0.74625,27584172474.702045,27.50552932123925,0.002007007598876953,0.0,equicorrelated
0.1,10,10,115,Point_CHR,Gaussian,absolute_residual,1.0,inf,inf,0.0,0.0,equicorrelated
0.1,10,10,115,Unscaled,Gaussian,absolute_residual,0.814375,1539615626758.6523,16.547836874252404,0.0,0.0,equicorrelated
0.1,10,10,115,Empirical_copula,Gaussian,absolute_residual,0.24125,293218563.4978742,16.54783687417629,0.0,0.0,equicorrelated
0.1,10,10,116,TSCP_R,Gaussian,absolute_residual,0.735,28503978318.17045,26.174318543022576,0.0019986629486083984,0.0,equicorrelated
0.1,10,10,116,Point_CHR,Gaussian,absolute_residual,1.0,inf,inf,0.0,0.0,equicorrelated
0.1,10,10,116,Unscaled,Gaussian,absolute_residual,0.7725,1423170788834.978,16.418206061702,0.0,0.0,equicorrelated
0.1,10,10,116,Empirical_copula,Gaussian,absolute_residual,0.265,408198871.23651385,16.41820606168919,0.0010001659393310547,0.0,equicorrelated
0.1,10,10,117,TSCP_R,Gaussian,absolute_residual,0.97,1349185853639.4832,40.17130837934734,0.001996755599975586,0.0,equicorrelated
0.1,10,10,117,Point_CHR,Gaussian,absolute_residual,1.0,inf,inf,0.0,0.0,equicorrelated
0.1,10,10,117,Unscaled,Gaussian,absolute_residual,0.883125,5899923279230.883,18.927124393701863,0.0,0.0,equicorrelated
0.1,10,10,117,Empirical_copula,Gaussian,absolute_residual,0.381875,880615928.3043936,18.927124393689052,0.0009999275207519531,0.0,equicorrelated
0.1,10,10,118,TSCP_R,Gaussian,absolute_residual,0.964375,366035162201.2614,32.028003673606605,0.001998424530029297,0.0,equicorrelated
0.1,10,10,118,Point_CHR,Gaussian,absolute_residual,1.0,inf,inf,0.0,0.0,equicorrelated
0.1,10,10,118,Unscaled,Gaussian,absolute_residual,0.91,8805174815565.604,19.70034348109268,0.0,0.0,equicorrelated
0.1,10,10,118,Empirical_copula,Gaussian,absolute_residual,0.515,2233758705.895436,19.70034348107987,0.0,0.0,equicorrelated
0.1,10,10,119,TSCP_R,Gaussian,absolute_residual,0.923125,510278952483.6555,35.23488926375651,0.0030007362365722656,0.0,equicorrelated
0.1,10,10,119,Point_CHR,Gaussian,absolute_residual,1.0,inf,inf,0.0,0.0,equicorrelated
0.1,10,10,119,Unscaled,Gaussian,absolute_residual,0.783125,1300976742046.8962,16.271476123672933,0.0,0.0,equicorrelated
0.1,10,10,119,Empirical_copula,Gaussian,absolute_residual,0.42625,1557915365.016199,16.271476123660122,0.0,0.0,equicorrelated
0.1,10,10,120,TSCP_R,Gaussian,absolute_residual,0.999375,133539644326040.25,57.18364714743501,0.0019996166229248047,0.0,equicorrelated
0.1,10,10,120,Point_CHR,Gaussian,absolute_residual,1.0,inf,inf,0.0,0.0,equicorrelated
0.1,10,10,120,Unscaled,Gaussian,absolute_residual,0.91625,15843817503368.006,20.89228699858848,0.001001119613647461,0.0,equicorrelated
0.1,10,10,120,Empirical_copula,Gaussian,absolute_residual,0.653125,8716682023.477613,20.892286998502623,0.0,0.0,equicorrelated
0.1,10,10,121,TSCP_R,Gaussian,absolute_residual,0.90625,174059754344.10925,29.667107556691533,0.0020003318786621094,0.0,equicorrelated
0.1,10,10,121,Point_CHR,Gaussian,absolute_residual,1.0,inf,inf,0.0010085105895996094,0.0,equicorrelated
0.1,10,10,121,Unscaled,Gaussian,absolute_residual,0.901875,8332498193423.45,19.591943641378755,0.0,0.0,equicorrelated
0.1,10,10,121,Empirical_copula,Gaussian,absolute_residual,0.321875,931831399.1675867,19.59194364133487,0.0,0.0,equicorrelated
0.1,10,10,122,TSCP_R,Gaussian,absolute_residual,0.991875,1768520068146.7366,39.580573532153224,0.00200653076171875,0.0,equicorrelated
0.1,10,10,122,Point_CHR,Gaussian,absolute_residual,1.0,inf,inf,0.0009930133819580078,0.0,equicorrelated
0.1,10,10,122,Unscaled,Gaussian,absolute_residual,0.864375,3903434902781.1836,18.161206397987986,0.0,0.0,equicorrelated
0.1,10,10,122,Empirical_copula,Gaussian,absolute_residual,0.44625,1603701339.1036026,18.161206397911872,0.0,0.0,equicorrelated
0.1,10,10,123,TSCP_R,Gaussian,absolute_residual,0.99,14265473314717.936,44.649146779510865,0.002008676528930664,0.0,equicorrelated
0.1,10,10,123,Point_CHR,Gaussian,absolute_residual,1.0,inf,inf,0.0,0.0,equicorrelated
0.1,10,10,123,Unscaled,Gaussian,absolute_residual,0.926875,15110962101040.475,20.793577320003067,0.0,0.0,equicorrelated
0.1,10,10,123,Empirical_copula,Gaussian,absolute_residual,0.525,4336428858.014356,20.793577319990256,0.0,0.0,equicorrelated
0.1,10,10,124,TSCP_R,Gaussian,absolute_residual,0.981875,11312824046022.93,49.68765462305562,0.001007080078125,0.0,equicorrelated
0.1,10,10,124,Point_CHR,Gaussian,absolute_residual,1.0,inf,inf,0.0009996891021728516,0.0,equicorrelated
0.1,10,10,124,Unscaled,Gaussian,absolute_residual,0.88,4375855179420.5454,18.36987893098131,0.0,0.0,equicorrelated
0.1,10,10,124,Empirical_copula,Gaussian,absolute_residual,0.286875,652435482.44437,18.369878930905198,0.0,0.0,equicorrelated
0.1,10,10,125,TSCP_R,Gaussian,absolute_residual,0.9675,6628133910806.522,45.319656544474746,0.0020074844360351562,0.0,equicorrelated
0.1,10,10,125,Point_CHR,Gaussian,absolute_residual,1.0,inf,inf,0.0009996891021728516,0.0,equicorrelated
0.1,10,10,125,Unscaled,Gaussian,absolute_residual,0.945,21384750758655.723,21.52833383369412,0.0,0.0,equicorrelated
0.1,10,10,125,Empirical_copula,Gaussian,absolute_residual,0.404375,3867525507.3991556,21.52833383359656,0.0,0.0,equicorrelated
0.1,10,10,126,TSCP_R,Gaussian,absolute_residual,0.945625,663803749699.1859,41.505522092715196,0.0020051002502441406,0.0,equicorrelated
0.1,10,10,126,Point_CHR,Gaussian,absolute_residual,1.0,inf,inf,0.0009996891021728516,0.0,equicorrelated
0.1,10,10,126,Unscaled,Gaussian,absolute_residual,0.941875,26821948613320.543,22.0216082529389,0.0,0.0,equicorrelated
0.1,10,10,126,Empirical_copula,Gaussian,absolute_residual,0.424375,1871844967.9013286,22.02160825292609,0.0,0.0,equicorrelated
0.1,10,10,127,TSCP_R,Gaussian,absolute_residual,0.99875,164003067688822.2,71.1894744837863,0.0020062923431396484,0.0,equicorrelated
0.1,10,10,127,Point_CHR,Gaussian,absolute_residual,1.0,inf,inf,0.0,0.0,equicorrelated
0.1,10,10,127,Unscaled,Gaussian,absolute_residual,0.988125,341775401273643.7,28.40364527214242,0.0,0.0,equicorrelated
0.1,10,10,127,Empirical_copula,Gaussian,absolute_residual,0.50125,5815191404.029189,28.403645272065024,0.0009999275207519531,0.0,equicorrelated
0.1,10,10,128,TSCP_R,Gaussian,absolute_residual,1.0,159295512009107.38,60.772850253457406,0.0020067691802978516,0.0,equicorrelated
0.1,10,10,128,Point_CHR,Gaussian,absolute_residual,1.0,inf,inf,0.0,0.0,equicorrelated
0.1,10,10,128,Unscaled,Gaussian,absolute_residual,0.994375,384507723342785.5,28.74024769641532,0.0,0.0,equicorrelated
0.1,10,10,128,Empirical_copula,Gaussian,absolute_residual,0.415,1590386159.1395352,28.740247696339207,0.0009996891021728516,0.0,equicorrelated
0.1,10,10,129,TSCP_R,Gaussian,absolute_residual,0.994375,4015640239377.672,39.67877262409369,0.0020067691802978516,0.0,equicorrelated
0.1,10,10,129,Point_CHR,Gaussian,absolute_residual,1.0,inf,inf,0.0010004043579101562,0.0,equicorrelated
0.1,10,10,129,Unscaled,Gaussian,absolute_residual,0.905,8192176076557.845,19.55869740927904,0.0,0.0,equicorrelated
0.1,10,10,129,Empirical_copula,Gaussian,absolute_residual,0.463125,2426791737.594493,19.558697409200434,0.0,0.0,equicorrelated
0.1,10,10,130,TSCP_R,Gaussian,absolute_residual,0.9675,482625428757.1763,38.083371304448434,0.0020074844360351562,0.0,equicorrelated
0.1,10,10,130,Point_CHR,Gaussian,absolute_residual,1.0,inf,inf,0.0,0.0,equicorrelated
0.1,10,10,130,Unscaled,Gaussian,absolute_residual,0.943125,16135134450122.994,20.93038701946129,0.0,0.0,equicorrelated
0.1,10,10,130,Empirical_copula,Gaussian,absolute_residual,0.31,460213146.0491761,20.93038701938268,0.0,0.0,equicorrelated
0.1,10,10,131,TSCP_R,Gaussian,absolute_residual,0.988125,62171972149546.65,63.537450356289256,0.002009868621826172,0.0,equicorrelated
0.1,10,10,131,Point_CHR,Gaussian,absolute_residual,1.0,inf,inf,0.0,0.0,equicorrelated
0.1,10,10,131,Unscaled,Gaussian,absolute_residual,0.964375,45263412572881.37,23.20463435165414,0.0,0.0,equicorrelated
0.1,10,10,131,Empirical_copula,Gaussian,absolute_residual,0.42125,3233776367.9233313,23.2046343516091,0.000997781753540039,0.0,equicorrelated
0.1,10,10,132,TSCP_R,Gaussian,absolute_residual,0.973125,3848219644173.0405,40.705413308705964,0.0020012855529785156,0.0,equicorrelated
0.1,10,10,132,Point_CHR,Gaussian,absolute_residual,1.0,inf,inf,0.0,0.0,equicorrelated
0.1,10,10,132,Unscaled,Gaussian,absolute_residual,0.86875,4051819488339.901,18.22909082992646,0.0,0.0,equicorrelated
0.1,10,10,132,Empirical_copula,Gaussian,absolute_residual,0.33875,1255657111.9849977,18.2290908298406,0.0,0.0,equicorrelated
0.1,10,10,133,TSCP_R,Gaussian,absolute_residual,0.976875,2239490484980.227,55.31198793048987,0.001999378204345703,0.0,equicorrelated
0.1,10,10,133,Point_CHR,Gaussian,absolute_residual,1.0,inf,inf,0.0,0.0,equicorrelated
0.1,10,10,133,Unscaled,Gaussian,absolute_residual,0.995625,1058468786624882.1,31.802979226824455,0.0,0.0,equicorrelated
0.1,10,10,133,Empirical_copula,Gaussian,absolute_residual,0.438125,2219396973.5585203,31.80297922675472,0.0010099411010742188,0.0,equicorrelated
0.1,10,10,134,TSCP_R,Gaussian,absolute_residual,0.996875,20332088374884.113,64.07489917146938,0.002007722854614258,0.0,equicorrelated
0.1,10,10,134,Point_CHR,Gaussian,absolute_residual,1.0,inf,inf,0.0,0.0,equicorrelated
0.1,10,10,134,Unscaled,Gaussian,absolute_residual,0.98375,131831513672496.47,25.822716297007048,0.0,0.0,equicorrelated
0.1,10,10,134,Empirical_copula,Gaussian,absolute_residual,0.54625,4578804598.868406,25.822716296994237,0.0,0.0,equicorrelated
0.1,10,10,135,TSCP_R,Gaussian,absolute_residual,0.736875,40900910916.59896,34.75972383210194,0.001007080078125,0.0,equicorrelated
0.1,10,10,135,Point_CHR,Gaussian,absolute_residual,1.0,inf,inf,0.0010006427764892578,0.0,equicorrelated
0.1,10,10,135,Unscaled,Gaussian,absolute_residual,0.965625,58624944794645.445,23.812678289989375,0.0,0.0,equicorrelated
0.1,10,10,135,Empirical_copula,Gaussian,absolute_residual,0.298125,699388988.8267808,23.812678289891814,0.0,0.0,equicorrelated
0.1,10,10,136,TSCP_R,Gaussian,absolute_residual,0.999375,96992278695090.8,63.03217246709217,0.0020079612731933594,0.0,equicorrelated
0.1,10,10,136,Point_CHR,Gaussian,absolute_residual,1.0,inf,inf,0.0,0.0,equicorrelated
0.1,10,10,136,Unscaled,Gaussian,absolute_residual,0.993125,316111049340315.7,28.182788901355696,0.0,0.0,equicorrelated
0.1,10,10,136,Empirical_copula,Gaussian,absolute_residual,0.57375,8507714766.60862,28.1827889012783,0.0,0.0,equicorrelated
0.1,10,10,137,TSCP_R,Gaussian,absolute_residual,0.97,533187574171.8275,35.31666357387268,0.002007007598876953,0.0,equicorrelated
0.1,10,10,137,Point_CHR,Gaussian,absolute_residual,1.0,inf,inf,0.0,0.0,equicorrelated
0.1,10,10,137,Unscaled,Gaussian,absolute_residual,0.825625,2652038699246.1694,17.47261814408064,0.0,0.0,equicorrelated
0.1,10,10,137,Empirical_copula,Gaussian,absolute_residual,0.259375,326819350.67024195,17.472618144004528,0.0,0.0,equicorrelated
0.1,10,10,138,TSCP_R,Gaussian,absolute_residual,0.98,860025472789.7266,34.486198338152384,0.0020062923431396484,0.0,equicorrelated
0.1,10,10,138,Point_CHR,Gaussian,absolute_residual,1.0,inf,inf,0.0010004043579101562,0.0,equicorrelated
0.1,10,10,138,Unscaled,Gaussian,absolute_residual,0.84375,3796686770737.242,18.110918527978907,0.0,0.0,equicorrelated
0.1,10,10,138,Empirical_copula,Gaussian,absolute_residual,0.458125,1449277324.3613882,18.11091852793387,0.0,0.0,equicorrelated
0.1,10,10,139,TSCP_R,Gaussian,absolute_residual,0.654375,31112679518.0132,29.112391338372078,0.0020074844360351562,0.0,equicorrelated
0.1,10,10,139,Point_CHR,Gaussian,absolute_residual,1.0,inf,inf,0.00099945068359375,0.0,equicorrelated
0.1,10,10,139,Unscaled,Gaussian,absolute_residual,0.905625,10107097545434.525,19.97388962805541,0.0,0.0,equicorrelated
0.1,10,10,139,Empirical_copula,Gaussian,absolute_residual,0.270625,818206818.0393679,19.9738896280426,0.0,0.0,equicorrelated
0.1,10,10,140,TSCP_R,Gaussian,absolute_residual,0.985,9137873384715.684,58.34294554140476,0.0020067691802978516,0.0,equicorrelated
0.1,10,10,140,Point_CHR,Gaussian,absolute_residual,1.0,inf,inf,0.0,0.0,equicorrelated
0.1,10,10,140,Unscaled,Gaussian,absolute_residual,0.98,126640983766122.97,25.719198335492365,0.0,0.0,equicorrelated
0.1,10,10,140,Empirical_copula,Gaussian,absolute_residual,0.280625,783882956.7411103,25.719198335413758,0.0,0.0,equicorrelated
0.1,10,10,141,TSCP_R,Gaussian,absolute_residual,1.0,38898175006200.375,51.87465335164012,0.0020058155059814453,0.0,equicorrelated
0.1,10,10,141,Point_CHR,Gaussian,absolute_residual,1.0,inf,inf,0.0,0.0,equicorrelated
0.1,10,10,141,Unscaled,Gaussian,absolute_residual,0.9225,13015817084048.254,20.485527132121188,0.0,0.0,equicorrelated
0.1,10,10,141,Empirical_copula,Gaussian,absolute_residual,0.42625,2047057041.4570882,20.485527132045075,0.0,0.0,equicorrelated
0.1,10,10,142,TSCP_R,Gaussian,absolute_residual,0.984375,4104097926801.183,58.02698004879585,0.002009153366088867,0.0,equicorrelated
0.1,10,10,142,Point_CHR,Gaussian,absolute_residual,1.0,inf,inf,0.0,0.0,equicorrelated
0.1,10,10,142,Unscaled,Gaussian,absolute_residual,0.929375,17935766963246.016,21.15300125953697,0.0,0.0,equicorrelated
0.1,10,10,142,Empirical_copula,Gaussian,absolute_residual,0.251875,530242433.7766994,21.153001259451113,0.0,0.0,equicorrelated
0.1,10,10,143,TSCP_R,Gaussian,absolute_residual,0.87125,350969064809.7654,50.855137446941434,0.0019998550415039062,0.0,equicorrelated
0.1,10,10,143,Point_CHR,Gaussian,absolute_residual,1.0,inf,inf,0.001008749008178711,0.0,equicorrelated
0.1,10,10,143,Unscaled,Gaussian,absolute_residual,0.971875,65010686957227.64,24.060158030378368,0.0,0.0,equicorrelated
0.1,10,10,143,Empirical_copula,Gaussian,absolute_residual,0.264375,601232196.5916587,24.06015803029976,0.0,0.0,equicorrelated
0.1,10,10,144,TSCP_R,Gaussian,absolute_residual,0.9,219205407119.79367,34.05591648612636,0.002007007598876953,0.0,equicorrelated
0.1,10,10,144,Point_CHR,Gaussian,absolute_residual,1.0,inf,inf,0.0,0.0,equicorrelated
0.1,10,10,144,Unscaled,Gaussian,absolute_residual,0.93375,12928961915339.922,20.471815818225476,0.0,0.0,equicorrelated
0.1,10,10,144,Empirical_copula,Gaussian,absolute_residual,0.358125,1104608929.8345654,20.471815818127915,0.0009930133819580078,0.0,equicorrelated
0.1,10,10,145,TSCP_R,Gaussian,absolute_residual,1.0,185760442581556.94,62.25376760854161,0.0019998550415039062,0.0,equicorrelated
0.1,10,10,145,Point_CHR,Gaussian,absolute_residual,1.0,inf,inf,0.0,0.0,equicorrelated
0.1,10,10,145,Unscaled,Gaussian,absolute_residual,0.97125,48619217819092.36,23.37118842169092,0.0010113716125488281,0.0,equicorrelated
0.1,10,10,145,Empirical_copula,Gaussian,absolute_residual,0.4725,3577175110.632902,23.371188421613525,0.0,0.0,equicorrelated
0.1,10,10,146,TSCP_R,Gaussian,absolute_residual,0.999375,46244037568180.5,65.90100617036626,0.0020003318786621094,0.0,equicorrelated
0.1,10,10,146,Point_CHR,Gaussian,absolute_residual,1.0,inf,inf,0.0,0.0,equicorrelated
0.1,10,10,146,Unscaled,Gaussian,absolute_residual,0.988125,255498651443963.22,27.589184355534833,0.0,0.0,equicorrelated
0.1,10,10,146,Empirical_copula,Gaussian,absolute_residual,0.67,8678210429.7513,27.589184355457437,0.0010025501251220703,0.0,equicorrelated
0.1,10,10,147,TSCP_R,Gaussian,absolute_residual,1.0,47073685320512.77,63.96759238624382,0.002006053924560547,0.0,equicorrelated
0.1,10,10,147,Point_CHR,Gaussian,absolute_residual,1.0,inf,inf,0.0,0.0,equicorrelated
0.1,10,10,147,Unscaled,Gaussian,absolute_residual,0.956875,31581329367942.715,22.38427541417775,0.0,0.0,equicorrelated
0.1,10,10,147,Empirical_copula,Gaussian,absolute_residual,0.43625,2330021805.384874,22.384275414099143,0.0,0.0,equicorrelated
0.1,10,10,148,TSCP_R,Gaussian,absolute_residual,0.850625,128661339267.93942,40.36962443051629,0.0020072460174560547,0.0,equicorrelated
0.1,10,10,148,Point_CHR,Gaussian,absolute_residual,1.0,inf,inf,0.0,0.0,equicorrelated
0.1,10,10,148,Unscaled,Gaussian,absolute_residual,0.98125,80973863623919.47,24.59430113008893,0.0,0.0,equicorrelated
0.1,10,10,148,Empirical_copula,Gaussian,absolute_residual,0.245625,646353659.5916451,24.59430113007612,0.0,0.0,equicorrelated
0.1,10,10,149,TSCP_R,Gaussian,absolute_residual,0.915625,537994449656.1649,33.27821526329204,0.00200653076171875,0.0,equicorrelated
0.1,10,10,149,Point_CHR,Gaussian,absolute_residual,1.0,inf,inf,0.0,0.0,equicorrelated
0.1,10,10,149,Unscaled,Gaussian,absolute_residual,0.9075,7539034072660.944,19.396866225765546,0.0,0.0,equicorrelated
0.1,10,10,149,Empirical_copula,Gaussian,absolute_residual,0.381875,1371376971.40718,19.396866225679688,0.0,0.0,equicorrelated
0.1,10,10,150,TSCP_R,Gaussian,absolute_residual,0.964375,909018608933.7106,33.850022094869715,0.002008676528930664,0.0,equicorrelated
0.1,10,10,150,Point_CHR,Gaussian,absolute_residual,1.0,inf,inf,0.0009970664978027344,0.0,equicorrelated
0.1,10,10,150,Unscaled,Gaussian,absolute_residual,0.90875,10468292721533.59,20.044147309297106,0.0,0.0,equicorrelated
0.1,10,10,150,Empirical_copula,Gaussian,absolute_residual,0.25875,430735334.3685948,20.044147309284295,0.0,0.0,equicorrelated
0.1,10,10,151,TSCP_R,Gaussian,absolute_residual,0.99625,68294357355485.53,61.64128270423005,0.0020058155059814453,0.0,equicorrelated
0.1,10,10,151,Point_CHR,Gaussian,absolute_residual,1.0,inf,inf,0.0009999275207519531,0.0,equicorrelated
0.1,10,10,151,Unscaled,Gaussian,absolute_residual,0.97,50371142248637.35,23.45406799840916,0.0,0.0,equicorrelated
0.1,10,10,151,Empirical_copula,Gaussian,absolute_residual,0.384375,1776085024.4971108,23.45406799833055,0.0,0.0,equicorrelated
0.1,10,10,152,TSCP_R,Gaussian,absolute_residual,0.991875,18098713854708.406,60.902034592557044,0.002007007598876953,0.0,equicorrelated
0.1,10,10,152,Point_CHR,Gaussian,absolute_residual,1.0,inf,inf,0.0009999275207519531,0.0,equicorrelated
0.1,10,10,152,Unscaled,Gaussian,absolute_residual,0.9675,66416475989245.734,24.111686196798857,0.0,0.0,equicorrelated
0.1,10,10,152,Empirical_copula,Gaussian,absolute_residual,0.384375,1120287634.494812,24.111686196722744,0.0,0.0,equicorrelated
0.1,10,10,153,TSCP_R,Gaussian,absolute_residual,0.99875,9694407777020.857,60.76150347901428,0.001997232437133789,0.0,equicorrelated
0.1,10,10,153,Point_CHR,Gaussian,absolute_residual,1.0,inf,inf,0.00099945068359375,0.0,equicorrelated
0.1,10,10,153,Unscaled,Gaussian,absolute_residual,0.99875,983938605755802.8,31.571615139817766,0.0,0.0,equicorrelated
0.1,10,10,153,Empirical_copula,Gaussian,absolute_residual,0.48125,2590201260.8883553,31.571615139808348,0.0,0.0,equicorrelated
0.1,10,10,154,TSCP_R,Gaussian,absolute_residual,0.95625,1899732006083.7976,40.153066221364156,0.0009906291961669922,0.0,equicorrelated
0.1,10,10,154,Point_CHR,Gaussian,absolute_residual,1.0,inf,inf,0.0010058879852294922,0.0,equicorrelated
0.1,10,10,154,Unscaled,Gaussian,absolute_residual,0.84375,2887735997649.76,17.622022388375946,0.0,0.0,equicorrelated
0.1,10,10,154,Empirical_copula,Gaussian,absolute_residual,0.29625,664084348.9153155,17.62202238830621,0.0,0.0,equicorrelated
0.1,10,10,155,TSCP_R,Gaussian,absolute_residual,0.843125,109069918123.77419,33.44877180580869,0.001992464065551758,0.0,equicorrelated
0.1,10,10,155,Point_CHR,Gaussian,absolute_residual,1.0,inf,inf,0.0,0.0,equicorrelated
0.1,10,10,155,Unscaled,Gaussian,absolute_residual,0.91375,9276835468109.12,19.80341029316506,0.0,0.0,equicorrelated
0.1,10,10,155,Empirical_copula,Gaussian,absolute_residual,0.30375,681271188.8438822,19.803410293088948,0.0,0.0,equicorrelated
0.1,10,10,156,TSCP_R,Gaussian,absolute_residual,0.999375,93843534912245.11,62.49675656392962,0.0019998550415039062,0.0,equicorrelated
0.1,10,10,156,Point_CHR,Gaussian,absolute_residual,1.0,inf,inf,0.0,0.0,equicorrelated
0.1,10,10,156,Unscaled,Gaussian,absolute_residual,0.974375,71574330448214.06,24.292696782208385,0.0,0.0,equicorrelated
0.1,10,10,156,Empirical_copula,Gaussian,absolute_residual,0.381875,1112018354.1218,24.292696782164498,0.001009225845336914,0.0,equicorrelated
0.1,10,10,157,TSCP_R,Gaussian,absolute_residual,0.956875,620915504781.7537,36.37755270164929,0.0020074844360351562,0.0,equicorrelated
0.1,10,10,157,Point_CHR,Gaussian,absolute_residual,1.0,inf,inf,0.0,0.0,equicorrelated
0.1,10,10,157,Unscaled,Gaussian,absolute_residual,0.9625,37625442245379.06,22.77970844695162,0.0,0.0,equicorrelated
0.1,10,10,157,Empirical_copula,Gaussian,absolute_residual,0.44375,1901879600.9582176,22.779708446906582,0.0009930133819580078,0.0,equicorrelated
0.1,10,10,158,TSCP_R,Gaussian,absolute_residual,0.99,4055715673245.347,44.13674971761435,0.0020051002502441406,0.0,equicorrelated
0.1,10,10,158,Point_CHR,Gaussian,absolute_residual,1.0,inf,inf,0.0,0.0,equicorrelated
0.1,10,10,158,Unscaled,Gaussian,absolute_residual,0.93375,22063804638804.145,21.59573752183179,0.0,0.0,equicorrelated
0.1,10,10,158,Empirical_copula,Gaussian,absolute_residual,0.325625,872685361.8692847,21.595737521755677,0.00099945068359375,0.0,equicorrelated
0.1,10,10,159,TSCP_R,Gaussian,absolute_residual,0.97875,833552705153.0363,37.74412656011579,0.0019998550415039062,0.0,equicorrelated
0.1,10,10,159,Point_CHR,Gaussian,absolute_residual,1.0,inf,inf,0.0,0.0,equicorrelated
0.1,10,10,159,Unscaled,Gaussian,absolute_residual,0.863125,4282972013029.988,18.33050896076555,0.0,0.0,equicorrelated
0.1,10,10,159,Empirical_copula,Gaussian,absolute_residual,0.54375,3273305810.5149,18.33050896075613,0.0010023117065429688,0.0,equicorrelated
0.1,10,10,160,TSCP_R,Gaussian,absolute_residual,0.961875,635397508155.1936,39.998138699311646,0.002001047134399414,0.0,equicorrelated
0.1,10,10,160,Point_CHR,Gaussian,absolute_residual,1.0,inf,inf,0.0010008811950683594,0.0,equicorrelated
0.1,10,10,160,Unscaled,Gaussian,absolute_residual,0.894375,7542853432593.005,19.39784866899574,0.0,0.0,equicorrelated
0.1,10,10,160,Empirical_copula,Gaussian,absolute_residual,0.365625,966598897.3441764,19.39784866890988,0.0,0.0,equicorrelated
0.1,10,10,161,TSCP_R,Gaussian,absolute_residual,0.999375,19563051777263.008,58.007033177269456,0.002020597457885742,0.0,equicorrelated
0.1,10,10,161,Point_CHR,Gaussian,absolute_residual,1.0,inf,inf,0.0,0.0,equicorrelated
0.1,10,10,161,Unscaled,Gaussian,absolute_residual,0.975625,50255448187841.414,23.44867541659581,0.0,0.0,equicorrelated
0.1,10,10,161,Empirical_copula,Gaussian,absolute_residual,0.5025,2217724503.4298697,23.448675416518412,0.001001596450805664,0.0,equicorrelated
0.1,10,10,162,TSCP_R,Gaussian,absolute_residual,0.738125,49720149774.340324,26.678332866072417,0.002010345458984375,0.0,equicorrelated
0.1,10,10,162,Point_CHR,Gaussian,absolute_residual,1.0,inf,inf,0.0009963512420654297,0.0,equicorrelated
0.1,10,10,162,Unscaled,Gaussian,absolute_residual,0.835,2991955824052.5386,17.684611260859715,0.0,0.0,equicorrelated
0.1,10,10,162,Empirical_copula,Gaussian,absolute_residual,0.271875,531012319.2967288,17.684611260814677,0.0,0.0,equicorrelated
0.1,10,10,163,TSCP_R,Gaussian,absolute_residual,0.99625,6606858925676.016,37.80781313475026,0.002005338668823242,0.0,equicorrelated
0.1,10,10,163,Point_CHR,Gaussian,absolute_residual,1.0,inf,inf,0.0,0.0,equicorrelated
0.1,10,10,163,Unscaled,Gaussian,absolute_residual,0.843125,3156095821812.2886,17.779314735351743,0.0,0.0,equicorrelated
0.1,10,10,163,Empirical_copula,Gaussian,absolute_residual,0.348125,692876403.1745243,17.779314735274347,0.0,0.0,equicorrelated
0.1,10,10,164,TSCP_R,Gaussian,absolute_residual,0.914375,472171184555.08844,37.445583674249775,0.0010008811950683594,0.0,equicorrelated
0.1,10,10,164,Point_CHR,Gaussian,absolute_residual,1.0,inf,inf,0.0,0.0,equicorrelated
0.1,10,10,164,Unscaled,Gaussian,absolute_residual,0.97875,73390372169247.98,24.35364151843409,0.0,0.0,equicorrelated
0.1,10,10,164,Empirical_copula,Gaussian,absolute_residual,0.410625,2462655516.8268194,24.353641518389054,0.0,0.0,equicorrelated
0.1,10,10,165,TSCP_R,Gaussian,absolute_residual,0.98625,2470878282688.2915,48.64515992250304,0.002010345458984375,0.0,equicorrelated
0.1,10,10,165,Point_CHR,Gaussian,absolute_residual,1.0,inf,inf,0.0,0.0,equicorrelated
0.1,10,10,165,Unscaled,Gaussian,absolute_residual,0.968125,60575846166085.57,23.890759088274958,0.0,0.0,equicorrelated
0.1,10,10,165,Empirical_copula,Gaussian,absolute_residual,0.6675,8520306180.537458,23.890759088177397,0.0,0.0,equicorrelated
0.1,10,10,166,TSCP_R,Gaussian,absolute_residual,0.94125,512497126667.1355,44.64794908496984,0.0019106864929199219,0.0,equicorrelated
0.1,10,10,166,Point_CHR,Gaussian,absolute_residual,1.0,inf,inf,0.0,0.0,equicorrelated
0.1,10,10,166,Unscaled,Gaussian,absolute_residual,0.986875,141059493289780.6,25.998017511434394,0.0,0.0,equicorrelated
0.1,10,10,166,Empirical_copula,Gaussian,absolute_residual,0.28,526857848.15989697,25.998017511364658,0.0009996891021728516,0.0,equicorrelated
0.1,10,10,167,TSCP_R,Gaussian,absolute_residual,0.998125,7997708591193.87,42.85526810964806,0.001999378204345703,0.0,equicorrelated
0.1,10,10,167,Point_CHR,Gaussian,absolute_residual,1.0,inf,inf,0.0,0.0,equicorrelated
0.1,10,10,167,Unscaled,Gaussian,absolute_residual,0.945625,22639742229228.25,21.651458044700547,0.0,0.0,equicorrelated
0.1,10,10,167,Empirical_copula,Gaussian,absolute_residual,0.524375,3432312593.8633075,21.65145804465551,0.0,0.0,equicorrelated
0.1,10,10,168,TSCP_R,Gaussian,absolute_residual,0.99875,84506265266657.0,53.238700994900306,0.002017974853515625,0.0,equicorrelated
0.1,10,10,168,Point_CHR,Gaussian,absolute_residual,1.0,inf,inf,0.0,0.0,equicorrelated
0.1,10,10,168,Unscaled,Gaussian,absolute_residual,0.880625,5152616915461.642,18.672513645828907,0.0,0.0,equicorrelated
0.1,10,10,168,Empirical_copula,Gaussian,absolute_residual,0.35375,871292425.1892774,18.672513645816096,0.0,0.0,equicorrelated
0.1,10,10,169,TSCP_R,Gaussian,absolute_residual,0.931875,725877603558.5454,35.45512592895052,0.0020062923431396484,0.0,equicorrelated
0.1,10,10,169,Point_CHR,Gaussian,absolute_residual,1.0,inf,inf,0.0,0.0,equicorrelated
0.1,10,10,169,Unscaled,Gaussian,absolute_residual,0.738125,770277103954.8336,15.440618718447464,0.0,0.0,equicorrelated
0.1,10,10,169,Empirical_copula,Gaussian,absolute_residual,0.30375,734362672.0512632,15.440618718402426,0.0,0.0,equicorrelated
0.1,10,10,170,TSCP_R,Gaussian,absolute_residual,0.853125,4849613674927.343,46.114411762867974,0.0010006427764892578,0.0,equicorrelated
0.1,10,10,170,Point_CHR,Gaussian,absolute_residual,1.0,inf,inf,0.0,0.0,equicorrelated
0.1,10,10,170,Unscaled,Gaussian,absolute_residual,0.8825,6173229475276.262,19.01302600106171,0.0,0.0,equicorrelated
0.1,10,10,170,Empirical_copula,Gaussian,absolute_residual,0.33875,2413632276.632394,19.013026001052292,0.0,0.0,equicorrelated
0.1,10,10,171,TSCP_R,Gaussian,absolute_residual,0.915625,366356954084.17334,43.20069657879509,0.001999378204345703,0.0,equicorrelated
0.1,10,10,171,Point_CHR,Gaussian,absolute_residual,1.0,inf,inf,0.0,0.0,equicorrelated
0.1,10,10,171,Unscaled,Gaussian,absolute_residual,0.9875,132424718790094.3,25.8343123393857,0.0,0.0,equicorrelated
0.1,10,10,171,Empirical_copula,Gaussian,absolute_residual,0.36875,1716816285.3959491,25.834312339308305,0.0,0.0,equicorrelated
0.1,10,10,172,TSCP_R,Gaussian,absolute_residual,0.999375,227084237684455.53,74.10633855080896,0.0010066032409667969,0.0,equicorrelated
0.1,10,10,172,Point_CHR,Gaussian,absolute_residual,1.0,inf,inf,0.0009996891021728516,0.0,equicorrelated
0.1,10,10,172,Unscaled,Gaussian,absolute_residual,0.97125,40804204120767.29,22.965213705081887,0.0,0.0,equicorrelated
0.1,10,10,172,Empirical_copula,Gaussian,absolute_residual,0.27875,1017935381.9561105,22.96521370503685,0.0,0.0,equicorrelated
0.1,10,10,173,TSCP_R,Gaussian,absolute_residual,0.955,612190895897.4331,39.87659051024784,0.002002239227294922,0.0,equicorrelated
0.1,10,10,173,Point_CHR,Gaussian,absolute_residual,1.0,inf,inf,0.0010001659393310547,0.0,equicorrelated
0.1,10,10,173,Unscaled,Gaussian,absolute_residual,0.88625,5846742284302.729,18.909994177381773,0.0,0.0,equicorrelated
0.1,10,10,173,Empirical_copula,Gaussian,absolute_residual,0.309375,561403096.7164463,18.90999417728421,0.0,0.0,equicorrelated
0.1,10,10,174,TSCP_R,Gaussian,absolute_residual,0.713125,46317637121.691986,25.57974601520238,0.001985311508178711,0.0,equicorrelated
0.1,10,10,174,Point_CHR,Gaussian,absolute_residual,1.0,inf,inf,0.0,0.0,equicorrelated
0.1,10,10,174,Unscaled,Gaussian,absolute_residual,0.8475,3714416277493.9155,18.07128592478571,0.0,0.0,equicorrelated
0.1,10,10,174,Empirical_copula,Gaussian,absolute_residual,0.374375,1519107952.5602863,18.07128592474067,0.0,0.0,equicorrelated
0.1,10,10,175,TSCP_R,Gaussian,absolute_residual,1.0,180905613105671.34,73.82065878672066,0.002000093460083008,0.0,equicorrelated
0.1,10,10,175,Point_CHR,Gaussian,absolute_residual,1.0,inf,inf,0.0,0.0,equicorrelated
0.1,10,10,175,Unscaled,Gaussian,absolute_residual,0.995625,304276254511924.6,28.075455184759647,0.0,0.0,equicorrelated
0.1,10,10,175,Empirical_copula,Gaussian,absolute_residual,0.66375,13057365203.311539,28.07545518468104,0.001008749008178711,0.0,equicorrelated
0.1,10,10,176,TSCP_R,Gaussian,absolute_residual,0.91875,241771081439.11774,37.29913151427986,0.0019910335540771484,0.0,equicorrelated
0.1,10,10,176,Point_CHR,Gaussian,absolute_residual,1.0,inf,inf,0.0,0.0,equicorrelated
0.1,10,10,176,Unscaled,Gaussian,absolute_residual,0.94,22771387101154.906,21.66401504516632,0.0,0.0,equicorrelated
0.1,10,10,176,Empirical_copula,Gaussian,absolute_residual,0.315625,609981753.0986406,21.66401504508046,0.0,0.0,equicorrelated
0.1,10,10,177,TSCP_R,Gaussian,absolute_residual,0.998125,6349695977781.699,44.58056189598561,0.001007080078125,0.0,equicorrelated
0.1,10,10,177,Point_CHR,Gaussian,absolute_residual,1.0,inf,inf,0.0010001659393310547,0.0,equicorrelated
0.1,10,10,177,Unscaled,Gaussian,absolute_residual,0.90375,6428055112815.126,19.090089265539685,0.0,0.0,equicorrelated
0.1,10,10,177,Empirical_copula,Gaussian,absolute_residual,0.560625,3028277696.2721877,19.090089265494647,0.0,0.0,equicorrelated
0.1,10,10,178,TSCP_R,Gaussian,absolute_residual,0.98125,596217684456.094,33.03267647881218,0.002007007598876953,0.0,equicorrelated
0.1,10,10,178,Point_CHR,Gaussian,absolute_residual,1.0,inf,inf,0.0010001659393310547,0.0,equicorrelated
0.1,10,10,178,Unscaled,Gaussian,absolute_residual,0.839375,3314116628359.9644,17.86638872219162,0.0,0.0,equicorrelated
0.1,10,10,178,Empirical_copula,Gaussian,absolute_residual,0.494375,2182057144.8422713,17.86638872211301,0.0,0.0,equicorrelated
0.1,10,10,179,TSCP_R,Gaussian,absolute_residual,0.995,5252459424695.951,54.91523478899485,0.002007007598876953,0.0,equicorrelated
0.1,10,10,179,Point_CHR,Gaussian,absolute_residual,1.0,inf,inf,0.0009999275207519531,0.0,equicorrelated
0.1,10,10,179,Unscaled,Gaussian,absolute_residual,0.96375,37849430339528.9,22.79323324755571,0.0,0.0,equicorrelated
0.1,10,10,179,Empirical_copula,Gaussian,absolute_residual,0.491875,2447838689.4800124,22.79323324751067,0.0,0.0,equicorrelated
0.1,10,10,180,TSCP_R,Gaussian,absolute_residual,1.0,355277790037928.5,82.49262625377152,0.0020072460174560547,0.0,equicorrelated
0.1,10,10,180,Point_CHR,Gaussian,absolute_residual,1.0,inf,inf,0.0,0.0,equicorrelated
0.1,10,10,180,Unscaled,Gaussian,absolute_residual,0.986875,118078010876789.86,25.539765352428155,0.0,0.0,equicorrelated
0.1,10,10,180,Empirical_copula,Gaussian,absolute_residual,0.5875,3800802567.055998,25.539765352415344,0.0009992122650146484,0.0,equicorrelated
0.1,10,10,181,TSCP_R,Gaussian,absolute_residual,0.985,894188902356.5953,41.56959961181009,0.0020072460174560547,0.0,equicorrelated
0.1,10,10,181,Point_CHR,Gaussian,absolute_residual,1.0,inf,inf,0.00099945068359375,0.0,equicorrelated
0.1,10,10,181,Unscaled,Gaussian,absolute_residual,0.796875,1663385702191.4993,16.676284529383587,0.0,0.0,equicorrelated
0.1,10,10,181,Empirical_copula,Gaussian,absolute_residual,0.36875,776378712.6704652,16.67628452930619,0.0,0.0,equicorrelated
0.1,10,10,182,TSCP_R,Gaussian,absolute_residual,0.611875,28480919747.582233,28.985919289427457,0.001008749008178711,0.0,equicorrelated
0.1,10,10,182,Point_CHR,Gaussian,absolute_residual,1.0,inf,inf,0.0009980201721191406,0.0,equicorrelated
0.1,10,10,182,Unscaled,Gaussian,absolute_residual,0.8325,2588576131783.6055,17.430349455971832,0.0,0.0,equicorrelated
0.1,10,10,182,Empirical_copula,Gaussian,absolute_residual,0.195625,440065259.20015955,17.430349455927946,0.0,0.0,equicorrelated
0.1,10,10,183,TSCP_R,Gaussian,absolute_residual,0.954375,393144641051.1341,28.79015696758072,0.0020008087158203125,0.0,equicorrelated
0.1,10,10,183,Point_CHR,Gaussian,absolute_residual,1.0,inf,inf,0.0,0.0,equicorrelated
0.1,10,10,183,Unscaled,Gaussian,absolute_residual,0.82125,2491383718055.24,17.36377150471076,0.0,0.0,equicorrelated
0.1,10,10,183,Empirical_copula,Gaussian,absolute_residual,0.384375,1002496150.8191807,17.36377150470134,0.0,0.0,equicorrelated
0.1,10,10,184,TSCP_R,Gaussian,absolute_residual,0.9975,19770651414180.08,66.76988246357543,0.0010063648223876953,0.0,equicorrelated
0.1,10,10,184,Point_CHR,Gaussian,absolute_residual,1.0,inf,inf,0.0,0.0,equicorrelated
0.1,10,10,184,Unscaled,Gaussian,absolute_residual,0.9975,1837153802545087.8,33.60582423412007,0.0,0.0,equicorrelated
0.1,10,10,184,Empirical_copula,Gaussian,absolute_residual,0.553125,5465354494.802532,33.60582423407618,0.0,0.0,equicorrelated
0.1,10,10,185,TSCP_R,Gaussian,absolute_residual,0.88875,236397187762.64926,46.0243576006254,0.0020074844360351562,0.0,equicorrelated
0.1,10,10,185,Point_CHR,Gaussian,absolute_residual,1.0,inf,inf,0.0009996891021728516,0.0,equicorrelated
0.1,10,10,185,Unscaled,Gaussian,absolute_residual,0.99,307052402991172.5,28.10096603653513,0.0,0.0,equicorrelated
0.1,10,10,185,Empirical_copula,Gaussian,absolute_residual,0.41,1653098292.6638775,28.100966036465394,0.0,0.0,equicorrelated
0.1,10,10,186,TSCP_R,Gaussian,absolute_residual,0.984375,5393358447120.604,59.774267944193035,0.0020072460174560547,0.0,equicorrelated
0.1,10,10,186,Point_CHR,Gaussian,absolute_residual,1.0,inf,inf,0.0009996891021728516,0.0,equicorrelated
0.1,10,10,186,Unscaled,Gaussian,absolute_residual,0.986875,366328820306937.7,28.601387945564746,0.0,0.0,equicorrelated
0.1,10,10,186,Empirical_copula,Gaussian,absolute_residual,0.32375,1643677279.2319,28.601387945467184,0.0,0.0,equicorrelated
0.1,10,10,187,TSCP_R,Gaussian,absolute_residual,0.9775,1207188962582.6047,40.7206827452516,0.001007080078125,0.0,equicorrelated
0.1,10,10,187,Point_CHR,Gaussian,absolute_residual,1.0,inf,inf,0.0009996891021728516,0.0,equicorrelated
0.1,10,10,187,Unscaled,Gaussian,absolute_residual,0.9875,149962367581968.84,26.157620149601584,0.0,0.0,equicorrelated
0.1,10,10,187,Empirical_copula,Gaussian,absolute_residual,0.62375,4780261673.79966,26.15762014952547,0.0,0.0,equicorrelated
0.1,10,10,188,TSCP_R,Gaussian,absolute_residual,0.76125,35370375401.94158,34.519755560186084,0.0020101070404052734,0.0,equicorrelated
0.1,10,10,188,Point_CHR,Gaussian,absolute_residual,1.0,inf,inf,0.0,0.0,equicorrelated
0.1,10,10,188,Unscaled,Gaussian,absolute_residual,0.96125,45753499099793.51,23.22963742889152,0.0,0.0,equicorrelated
0.1,10,10,188,Empirical_copula,Gaussian,absolute_residual,0.270625,528232248.0681651,23.22963742887871,0.0009930133819580078,0.0,equicorrelated
0.1,10,10,189,TSCP_R,Gaussian,absolute_residual,0.893125,421418742041.255,39.52771412308991,0.0019996166229248047,0.0,equicorrelated
0.1,10,10,189,Point_CHR,Gaussian,absolute_residual,1.0,inf,inf,0.0,0.0,equicorrelated
0.1,10,10,189,Unscaled,Gaussian,absolute_residual,0.894375,8055561163151.538,19.52583342154064,0.0,0.0,equicorrelated
0.1,10,10,189,Empirical_copula,Gaussian,absolute_residual,0.2375,418942820.4621331,19.5258334214956,0.0010004043579101562,0.0,equicorrelated
0.1,10,10,190,TSCP_R,Gaussian,absolute_residual,0.893125,117757884088.04956,29.349824403223963,0.001996755599975586,0.0,equicorrelated
0.1,10,10,190,Point_CHR,Gaussian,absolute_residual,1.0,inf,inf,0.0010006427764892578,0.0,equicorrelated
0.1,10,10,190,Unscaled,Gaussian,absolute_residual,0.74375,884648525950.338,15.655865290585488,0.0,0.0,equicorrelated
0.1,10,10,190,Empirical_copula,Gaussian,absolute_residual,0.2775,443618077.12803346,15.655865290508093,0.0,0.0,equicorrelated
0.1,10,10,191,TSCP_R,Gaussian,absolute_residual,1.0,21946004325365.695,54.29775900776984,0.002012014389038086,0.0,equicorrelated
0.1,10,10,191,Point_CHR,Gaussian,absolute_residual,1.0,inf,inf,0.0009851455688476562,0.0,equicorrelated
0.1,10,10,191,Unscaled,Gaussian,absolute_residual,0.936875,17066689827460.082,21.04819843938053,0.0,0.0,equicorrelated
0.1,10,10,191,Empirical_copula,Gaussian,absolute_residual,0.51375,2537416447.7469945,21.048198439335494,0.0,0.0,equicorrelated
0.1,10,10,192,TSCP_R,Gaussian,absolute_residual,0.9875,3970303260811.575,39.70439119546213,0.00200653076171875,0.0,equicorrelated
0.1,10,10,192,Point_CHR,Gaussian,absolute_residual,1.0,inf,inf,0.0,0.0,equicorrelated
0.1,10,10,192,Unscaled,Gaussian,absolute_residual,0.95,28971959904870.52,22.19206866794421,0.0,0.0,equicorrelated
0.1,10,10,192,Empirical_copula,Gaussian,absolute_residual,0.5425,4641773312.760631,22.192068667900323,0.0009930133819580078,0.0,equicorrelated
0.1,10,10,193,TSCP_R,Gaussian,absolute_residual,0.968125,523097666880.227,28.77697838642873,0.0020067691802978516,0.0,equicorrelated
0.1,10,10,193,Point_CHR,Gaussian,absolute_residual,1.0,inf,inf,0.0010008811950683594,0.0,equicorrelated
0.1,10,10,193,Unscaled,Gaussian,absolute_residual,0.745,1114966695557.4023,16.022349079939417,0.0,0.0,equicorrelated
0.1,10,10,193,Empirical_copula,Gaussian,absolute_residual,0.423125,1523428014.130913,16.02234907986081,0.0,0.0,equicorrelated
0.1,10,10,194,TSCP_R,Gaussian,absolute_residual,0.996875,4708818149446.601,45.38593581467413,0.0020003318786621094,0.0,equicorrelated
0.1,10,10,194,Point_CHR,Gaussian,absolute_residual,1.0,inf,inf,0.0,0.0,equicorrelated
0.1,10,10,194,Unscaled,Gaussian,absolute_residual,0.858125,3676620288913.534,18.05281276757606,0.0,0.0,equicorrelated
0.1,10,10,194,Empirical_copula,Gaussian,absolute_residual,0.2925,607944013.5130799,18.0528127674785,0.0010020732879638672,0.0,equicorrelated
0.1,10,10,195,TSCP_R,Gaussian,absolute_residual,0.94125,253489099195.14627,30.66705907265102,0.001996755599975586,0.0,equicorrelated
0.1,10,10,195,Point_CHR,Gaussian,absolute_residual,1.0,inf,inf,0.0,0.0,equicorrelated
0.1,10,10,195,Unscaled,Gaussian,absolute_residual,0.771875,1235256959682.6753,16.18734902683417,0.0,0.0,equicorrelated
0.1,10,10,195,Empirical_copula,Gaussian,absolute_residual,0.32625,638325496.1392014,16.18734902673661,0.0,0.0,equicorrelated
0.1,10,10,196,TSCP_R,Gaussian,absolute_residual,0.960625,405733367044.06134,31.314567557592618,0.0020072460174560547,0.0,equicorrelated
0.1,10,10,196,Point_CHR,Gaussian,absolute_residual,1.0,inf,inf,0.00099945068359375,0.0,equicorrelated
0.1,10,10,196,Unscaled,Gaussian,absolute_residual,0.879375,6052224509499.198,18.97542461799255,0.0,0.0,equicorrelated
0.1,10,10,196,Empirical_copula,Gaussian,absolute_residual,0.34875,1082779298.5378819,18.975424617948665,0.0,0.0,equicorrelated
0.1,10,10,197,TSCP_R,Gaussian,absolute_residual,0.993125,15050961962877.176,61.7584315509846,0.002000570297241211,0.0,equicorrelated
0.1,10,10,197,Point_CHR,Gaussian,absolute_residual,1.0,inf,inf,0.0,0.0,equicorrelated
0.1,10,10,197,Unscaled,Gaussian,absolute_residual,0.845625,3448239443284.844,17.93741026829074,0.0,0.0,equicorrelated
0.1,10,10,197,Empirical_copula,Gaussian,absolute_residual,0.328125,672658257.3065535,17.93741026827793,0.0010006427764892578,0.0,equicorrelated
0.1,10,10,198,TSCP_R,Gaussian,absolute_residual,0.976875,12256509240732.666,54.83057416835225,0.0010066032409667969,0.0,equicorrelated
0.1,10,10,198,Point_CHR,Gaussian,absolute_residual,1.0,inf,inf,0.0010004043579101562,0.0,equicorrelated
0.1,10,10,198,Unscaled,Gaussian,absolute_residual,0.975,62547903964148.14,23.96741942816895,0.0,0.0,equicorrelated
0.1,10,10,198,Empirical_copula,Gaussian,absolute_residual,0.4425,2509211926.101949,23.96741942812391,0.0,0.0,equicorrelated
0.1,10,10,199,TSCP_R,Gaussian,absolute_residual,0.9975,25769032172892.652,78.212343644631,0.002007007598876953,0.0,equicorrelated
0.1,10,10,199,Point_CHR,Gaussian,absolute_residual,1.0,inf,inf,0.0,0.0,equicorrelated
0.1,10,10,199,Unscaled,Gaussian,absolute_residual,0.995,539144961232219.4,29.72833286371194,0.00099945068359375,0.0,equicorrelated
0.1,10,10,199,Empirical_copula,Gaussian,absolute_residual,0.5625,5678531403.29758,29.728332863633334,0.0,0.0,equicorrelated
0.1,10,20,0,TSCP_R,Gaussian,absolute_residual,0.739375,16614510905.495916,23.05468531033038,0.0029997825622558594,0.0,equicorrelated
0.1,10,20,0,Point_CHR,Gaussian,absolute_residual,0.7425,21717053519.47746,23.798875504773864,0.0,0.0,equicorrelated
0.1,10,20,0,Unscaled,Gaussian,absolute_residual,0.81875,2258136262273.323,17.193924464788335,0.0,0.0,equicorrelated
0.1,10,20,0,Empirical_copula,Gaussian,absolute_residual,0.430625,1702214971.5600681,17.54351626675242,0.0010025501251220703,0.0,equicorrelated
0.1,10,20,1,TSCP_R,Gaussian,absolute_residual,0.83875,66603991943.75276,25.825899402233155,0.003007173538208008,0.0,equicorrelated
0.1,10,20,1,Point_CHR,Gaussian,absolute_residual,0.96625,1184824488995.909,42.831877727723686,0.0,0.0,equicorrelated
0.1,10,20,1,Unscaled,Gaussian,absolute_residual,0.87375,3730911677333.417,18.079295232907356,0.0,0.0,equicorrelated
0.1,10,20,1,Empirical_copula,Gaussian,absolute_residual,0.42625,2035639600.9411087,18.102717599815577,0.0009992122650146484,0.0,equicorrelated
0.1,10,20,2,TSCP_R,Gaussian,absolute_residual,0.98875,818456555073.6674,34.51133390309869,0.0030074119567871094,0.0,equicorrelated
0.1,10,20,2,Point_CHR,Gaussian,absolute_residual,0.88375,97043213621.9799,31.185330103738995,0.0,0.0,equicorrelated
0.1,10,20,2,Unscaled,Gaussian,absolute_residual,0.915,13438173517893.477,20.551050405981147,0.0,0.0,equicorrelated
0.1,10,20,2,Empirical_copula,Gaussian,absolute_residual,0.7125,11520291056.469044,24.610295095954985,0.00099945068359375,0.0,equicorrelated
0.1,10,20,3,TSCP_R,Gaussian,absolute_residual,0.958125,356318404362.36176,34.68494966688337,0.003000497817993164,0.0,equicorrelated
0.1,10,20,3,Point_CHR,Gaussian,absolute_residual,0.72375,37676142708.79858,28.297843633347966,0.0,0.0,equicorrelated
0.1,10,20,3,Unscaled,Gaussian,absolute_residual,0.94375,22920928097592.01,21.678200058370475,0.0,0.0,equicorrelated
0.1,10,20,3,Empirical_copula,Gaussian,absolute_residual,0.621875,8327434564.93348,23.71791502973679,0.0010018348693847656,0.0,equicorrelated
0.1,10,20,4,TSCP_R,Gaussian,absolute_residual,0.931875,112638612298.92682,29.717030062361296,0.0030088424682617188,0.0,equicorrelated
0.1,10,20,4,Point_CHR,Gaussian,absolute_residual,0.875,211416421853.02438,33.88992097905809,0.0,0.0,equicorrelated
0.1,10,20,4,Unscaled,Gaussian,absolute_residual,0.93,12846596886845.66,20.458736538365965,0.0,0.0,equicorrelated
0.1,10,20,4,Empirical_copula,Gaussian,absolute_residual,0.61125,4381943636.971604,21.316200769144526,0.0009980201721191406,0.0,equicorrelated
0.1,10,20,5,TSCP_R,Gaussian,absolute_residual,0.72625,11500077481.225618,22.918232757888298,0.0030066967010498047,0.0,equicorrelated
0.1,10,20,5,Point_CHR,Gaussian,absolute_residual,0.935625,910542545703.7583,39.18486035144419,0.0,0.0,equicorrelated
0.1,10,20,5,Unscaled,Gaussian,absolute_residual,0.85125,3431254944326.0664,17.92855545064879,0.0,0.0,equicorrelated
0.1,10,20,5,Empirical_copula,Gaussian,absolute_residual,0.506875,1827019210.453861,18.378004136007412,0.0009999275207519531,0.0,equicorrelated
0.1,10,20,6,TSCP_R,Gaussian,absolute_residual,0.931875,118257010482.83344,27.45133967912483,0.0018875598907470703,0.0,equicorrelated
0.1,10,20,6,Point_CHR,Gaussian,absolute_residual,0.9175,152985335168.83228,34.1574467207409,0.0009996891021728516,0.0,equicorrelated
0.1,10,20,6,Unscaled,Gaussian,absolute_residual,0.863125,3490713627477.7275,17.95938340837979,0.0,0.0,equicorrelated
0.1,10,20,6,Empirical_copula,Gaussian,absolute_residual,0.5175,2572346325.2744503,18.70760967705322,0.0,0.0,equicorrelated
0.1,10,20,7,TSCP_R,Gaussian,absolute_residual,0.8475,99537485060.63063,29.172605763491383,0.0029997825622558594,0.0,equicorrelated
0.1,10,20,7,Point_CHR,Gaussian,absolute_residual,0.951875,1096532563400.4601,61.015271474710886,0.0,0.0,equicorrelated
0.1,10,20,7,Unscaled,Gaussian,absolute_residual,0.985625,197321788511423.62,26.885462032512176,0.0,0.0,equicorrelated
0.1,10,20,7,Empirical_copula,Gaussian,absolute_residual,0.3,980967749.108107,28.00362665660412,0.0010025501251220703,0.0,equicorrelated
0.1,10,20,8,TSCP_R,Gaussian,absolute_residual,0.885625,47499768861.018616,27.53090963716977,0.003000974655151367,0.0,equicorrelated
0.1,10,20,8,Point_CHR,Gaussian,absolute_residual,0.899375,96841269288.46724,39.1451102399254,0.0,0.0,equicorrelated
0.1,10,20,8,Unscaled,Gaussian,absolute_residual,0.8075,1882683048738.7727,16.884092439708244,0.0,0.0,equicorrelated
0.1,10,20,8,Empirical_copula,Gaussian,absolute_residual,0.583125,3880478993.1843414,26.01283012610842,0.0010018348693847656,0.0,equicorrelated
0.1,10,20,9,TSCP_R,Gaussian,absolute_residual,0.94875,341962863577.292,32.6370467974886,0.003000497817993164,0.0,equicorrelated
0.1,10,20,9,Point_CHR,Gaussian,absolute_residual,0.92375,269130187356.81415,27.966659053835834,0.0,0.0,equicorrelated
0.1,10,20,9,Unscaled,Gaussian,absolute_residual,0.795,1298000464504.3105,16.26774981899069,0.0,0.0,equicorrelated
0.1,10,20,9,Empirical_copula,Gaussian,absolute_residual,0.584375,4536632188.331086,22.272518601526873,0.0,0.0,equicorrelated
0.1,10,20,10,TSCP_R,Gaussian,absolute_residual,0.988125,1694834405505.7502,40.900852926966294,0.003000497817993164,0.0,equicorrelated
0.1,10,20,10,Point_CHR,Gaussian,absolute_residual,0.945625,2642315923169.812,66.29022150259232,0.0,0.0,equicorrelated
0.1,10,20,10,Unscaled,Gaussian,absolute_residual,0.983125,101490560162359.1,25.156056701552643,0.0,0.0,equicorrelated
0.1,10,20,10,Empirical_copula,Gaussian,absolute_residual,0.736875,19081361390.03915,31.398069415618757,0.0,0.0,equicorrelated
0.1,10,20,11,TSCP_R,Gaussian,absolute_residual,0.850625,54805379789.44229,28.761178284472408,0.0030040740966796875,0.0,equicorrelated
0.1,10,20,11,Point_CHR,Gaussian,absolute_residual,0.88625,638542709220.4589,42.90621110951097,0.0,0.0,equicorrelated
0.1,10,20,11,Unscaled,Gaussian,absolute_residual,0.96375,45345262162344.68,23.208827022822938,0.0,0.0,equicorrelated
0.1,10,20,11,Empirical_copula,Gaussian,absolute_residual,0.636875,6245321197.150699,24.01093229242529,0.00099945068359375,0.0,equicorrelated
0.1,10,20,12,TSCP_R,Gaussian,absolute_residual,0.964375,550362174617.0065,33.331806545991164,0.0029990673065185547,0.0,equicorrelated
0.1,10,20,12,Point_CHR,Gaussian,absolute_residual,0.97625,1180038290098.3909,47.304928927360756,0.0,0.0,equicorrelated
0.1,10,20,12,Unscaled,Gaussian,absolute_residual,0.885625,5765325075789.953,18.883495103430338,0.0,0.0,equicorrelated
0.1,10,20,12,Empirical_copula,Gaussian,absolute_residual,0.644375,9003566304.47189,22.393787528005625,0.0010027885437011719,0.0,equicorrelated
0.1,10,20,13,TSCP_R,Gaussian,absolute_residual,0.9,58777650762.21309,29.595978071762676,0.003008604049682617,0.0,equicorrelated
0.1,10,20,13,Point_CHR,Gaussian,absolute_residual,0.95,530301669457.227,34.221353696596736,0.0,0.0,equicorrelated
0.1,10,20,13,Unscaled,Gaussian,absolute_residual,0.923125,14426546338232.178,20.697421185643258,0.0,0.0,equicorrelated
0.1,10,20,13,Empirical_copula,Gaussian,absolute_residual,0.633125,4186288723.7413144,24.006106744599936,0.000997781753540039,0.0,equicorrelated
0.1,10,20,14,TSCP_R,Gaussian,absolute_residual,0.96875,1042081751548.0825,48.273252633567175,0.0030062198638916016,0.0,equicorrelated
0.1,10,20,14,Point_CHR,Gaussian,absolute_residual,0.931875,1964811843222.5286,54.22845867280199,0.0,0.0,equicorrelated
0.1,10,20,14,Unscaled,Gaussian,absolute_residual,0.970625,67900433543192.92,24.165025331040432,0.0,0.0,equicorrelated
0.1,10,20,14,Empirical_copula,Gaussian,absolute_residual,0.558125,7111748105.394414,35.22308546834206,0.0010001659393310547,0.0,equicorrelated
0.1,10,20,15,TSCP_R,Gaussian,absolute_residual,0.92625,103019809911.7869,25.08441801412421,0.0020051002502441406,0.0,equicorrelated
0.1,10,20,15,Point_CHR,Gaussian,absolute_residual,0.985625,1130826075961.858,40.828152527960334,0.0009996891021728516,0.0,equicorrelated
0.1,10,20,15,Unscaled,Gaussian,absolute_residual,0.795,1701702257486.6343,16.7143063338857,0.0,0.0,equicorrelated
0.1,10,20,15,Empirical_copula,Gaussian,absolute_residual,0.664375,5649669203.48901,20.5611725089316,0.0,0.0,equicorrelated
0.1,10,20,16,TSCP_R,Gaussian,absolute_residual,0.995,2432879803432.8,42.313395789607185,0.00200653076171875,0.0,equicorrelated
0.1,10,20,16,Point_CHR,Gaussian,absolute_residual,0.995,6502209883807.839,46.708219614408875,0.0009999275207519531,0.0,equicorrelated
0.1,10,20,16,Unscaled,Gaussian,absolute_residual,0.97375,46874942198016.1,23.285956108169454,0.0,0.0,equicorrelated
0.1,10,20,16,Empirical_copula,Gaussian,absolute_residual,0.720625,24643831477.53488,33.70337935852435,0.0,0.0,equicorrelated
0.1,10,20,17,TSCP_R,Gaussian,absolute_residual,0.869375,45150185847.359406,24.859715166267,0.00200653076171875,0.0,equicorrelated
0.1,10,20,17,Point_CHR,Gaussian,absolute_residual,0.703125,15142148139.071777,26.086263982107013,0.0,0.0,equicorrelated
0.1,10,20,17,Unscaled,Gaussian,absolute_residual,0.756875,1089769191980.1373,15.985766042177245,0.0,0.0,equicorrelated
0.1,10,20,17,Empirical_copula,Gaussian,absolute_residual,0.545,2993391916.4104238,21.380284470234834,0.0,0.0,equicorrelated
0.1,10,20,18,TSCP_R,Gaussian,absolute_residual,0.859375,69912305873.2059,27.890006637015183,0.00200653076171875,0.0,equicorrelated
0.1,10,20,18,Point_CHR,Gaussian,absolute_residual,0.960625,773911206830.7878,35.75668399972764,0.0,0.0,equicorrelated
0.1,10,20,18,Unscaled,Gaussian,absolute_residual,0.90125,9886617127290.287,19.929884029630063,0.0,0.0,equicorrelated
0.1,10,20,18,Empirical_copula,Gaussian,absolute_residual,0.543125,3902848564.837052,22.361567265429557,0.0,0.0,equicorrelated
0.1,10,20,19,TSCP_R,Gaussian,absolute_residual,0.965625,267321159814.00912,29.46296676020741,0.002007007598876953,0.0,equicorrelated
0.1,10,20,19,Point_CHR,Gaussian,absolute_residual,0.905,1317932345215.958,46.41668528469751,0.00099945068359375,0.0,equicorrelated
0.1,10,20,19,Unscaled,Gaussian,absolute_residual,0.93625,15614396714167.873,20.861835708975075,0.0,0.0,equicorrelated
0.1,10,20,19,Empirical_copula,Gaussian,absolute_residual,0.69125,8801745273.474895,22.928251390050644,0.0,0.0,equicorrelated
0.1,10,20,20,TSCP_R,Gaussian,absolute_residual,0.995,1625343599247.3667,36.20692191654817,0.0030066967010498047,0.0,equicorrelated
0.1,10,20,20,Point_CHR,Gaussian,absolute_residual,0.986875,761632572659.0828,39.15611950319047,0.0,0.0,equicorrelated
0.1,10,20,20,Unscaled,Gaussian,absolute_residual,0.943125,22793850228415.277,21.66615117168085,0.0,0.0,equicorrelated
0.1,10,20,20,Empirical_copula,Gaussian,absolute_residual,0.664375,11878662370.470999,31.168749997781592,0.0010004043579101562,0.0,equicorrelated
0.1,10,20,21,TSCP_R,Gaussian,absolute_residual,0.941875,238131385960.79758,30.45893943786743,0.002006053924560547,0.0,equicorrelated
0.1,10,20,21,Point_CHR,Gaussian,absolute_residual,0.97375,3336679357123.495,45.30804496583103,0.0009999275207519531,0.0,equicorrelated
0.1,10,20,21,Unscaled,Gaussian,absolute_residual,0.955,28965155424661.37,22.191547400295995,0.0,0.0,equicorrelated
0.1,10,20,21,Empirical_copula,Gaussian,absolute_residual,0.724375,10447562171.044725,22.59343922952806,0.0,0.0,equicorrelated
0.1,10,20,22,TSCP_R,Gaussian,absolute_residual,0.92625,87716575821.31628,28.295988195484682,0.0020117759704589844,0.0,equicorrelated
0.1,10,20,22,Point_CHR,Gaussian,absolute_residual,0.993125,41249459225586.89,54.38580174645897,0.0,0.0,equicorrelated
0.1,10,20,22,Unscaled,Gaussian,absolute_residual,0.81,2137986600285.643,17.100172755365925,0.0,0.0,equicorrelated
0.1,10,20,22,Empirical_copula,Gaussian,absolute_residual,0.585625,3856252637.3412924,18.19333645409039,0.0,0.0,equicorrelated
0.1,10,20,23,TSCP_R,Gaussian,absolute_residual,0.8875,91986405639.52347,26.986252051595507,0.0030066967010498047,0.0,equicorrelated
0.1,10,20,23,Point_CHR,Gaussian,absolute_residual,0.74875,21110666049.028206,24.788946901215496,0.0,0.0,equicorrelated
0.1,10,20,23,Unscaled,Gaussian,absolute_residual,0.891875,5923274348300.1045,18.934602175585525,0.0,0.0,equicorrelated
0.1,10,20,23,Empirical_copula,Gaussian,absolute_residual,0.59375,5452690524.19362,21.070739149475685,0.0009996891021728516,0.0,equicorrelated
0.1,10,20,24,TSCP_R,Gaussian,absolute_residual,0.97875,504870039117.8505,38.2486659821657,0.0020074844360351562,0.0,equicorrelated
0.1,10,20,24,Point_CHR,Gaussian,absolute_residual,0.95875,2225204267717.7153,42.0511754969079,0.00099945068359375,0.0,equicorrelated
0.1,10,20,24,Unscaled,Gaussian,absolute_residual,0.93375,14866222492063.035,20.759651703366508,0.0,0.0,equicorrelated
0.1,10,20,24,Empirical_copula,Gaussian,absolute_residual,0.6625,8642442373.713167,22.367530170097616,0.0,0.0,equicorrelated
0.1,10,20,25,TSCP_R,Gaussian,absolute_residual,0.915625,307347541986.2518,35.31546218195811,0.0030069351196289062,0.0,equicorrelated
0.1,10,20,25,Point_CHR,Gaussian,absolute_residual,0.783125,327751474115.345,31.059505910011133,0.0,0.0,equicorrelated
0.1,10,20,25,Unscaled,Gaussian,absolute_residual,0.89625,7001697307753.253,19.253971878726727,0.0,0.0,equicorrelated
0.1,10,20,25,Empirical_copula,Gaussian,absolute_residual,0.575625,7384762862.286212,19.656958730249286,0.0009996891021728516,0.0,equicorrelated
0.1,10,20,26,TSCP_R,Gaussian,absolute_residual,0.934375,183775480420.29257,28.898799618201426,0.0020074844360351562,0.0,equicorrelated
0.1,10,20,26,Point_CHR,Gaussian,absolute_residual,0.831875,67729682571.08737,30.921700992573932,0.0009999275207519531,0.0,equicorrelated
0.1,10,20,26,Unscaled,Gaussian,absolute_residual,0.785625,1523382560427.4414,16.530306185867154,0.0,0.0,equicorrelated
0.1,10,20,26,Empirical_copula,Gaussian,absolute_residual,0.559375,5134609131.138729,20.699075866470224,0.0,0.0,equicorrelated
0.1,10,20,27,TSCP_R,Gaussian,absolute_residual,0.641875,7989584938.827682,21.113472487227032,0.0019981861114501953,0.0,equicorrelated
0.1,10,20,27,Point_CHR,Gaussian,absolute_residual,0.921875,303102763653.30695,40.11790266721913,0.0,0.0,equicorrelated
0.1,10,20,27,Unscaled,Gaussian,absolute_residual,0.73875,680421120252.2668,15.250278631311007,0.0,0.0,equicorrelated
0.1,10,20,27,Empirical_copula,Gaussian,absolute_residual,0.386875,1047345544.9717906,19.95164643528418,0.0,0.0,equicorrelated
0.1,10,20,28,TSCP_R,Gaussian,absolute_residual,0.941875,263096163713.27496,28.45949853006727,0.0020036697387695312,0.0,equicorrelated
0.1,10,20,28,Point_CHR,Gaussian,absolute_residual,0.873125,180159201984.84088,31.076083612665,0.0,0.0,equicorrelated
0.1,10,20,28,Unscaled,Gaussian,absolute_residual,0.875625,4391055263376.0034,18.376249987265258,0.0,0.0,equicorrelated
0.1,10,20,28,Empirical_copula,Gaussian,absolute_residual,0.610625,7356582463.84028,18.924912690994304,0.0009992122650146484,0.0,equicorrelated
0.1,10,20,29,TSCP_R,Gaussian,absolute_residual,0.9275,247146770296.19974,31.47628980098992,0.0030002593994140625,0.0,equicorrelated
0.1,10,20,29,Point_CHR,Gaussian,absolute_residual,0.98125,1011172013723.8914,35.598264776757276,0.0,0.0,equicorrelated
0.1,10,20,29,Unscaled,Gaussian,absolute_residual,0.93375,14212258578755.027,20.66647038499782,0.0,0.0,equicorrelated
0.1,10,20,29,Empirical_copula,Gaussian,absolute_residual,0.659375,12300301913.382643,21.305532494905023,0.0010023117065429688,0.0,equicorrelated
0.1,10,20,30,TSCP_R,Gaussian,absolute_residual,0.955,840303698636.5906,42.823449254181405,0.0019974708557128906,0.0,equicorrelated
0.1,10,20,30,Point_CHR,Gaussian,absolute_residual,0.808125,46863875543.27798,29.616584326446002,0.001001596450805664,0.0,equicorrelated
0.1,10,20,30,Unscaled,Gaussian,absolute_residual,0.96125,34970893228514.21,22.61365033204485,0.0,0.0,equicorrelated
0.1,10,20,30,Empirical_copula,Gaussian,absolute_residual,0.579375,5456017212.094582,26.343225070320628,0.0,0.0,equicorrelated
0.1,10,20,31,TSCP_R,Gaussian,absolute_residual,0.91875,285691623536.6787,36.46195930641497,0.0019881725311279297,0.0,equicorrelated
0.1,10,20,31,Point_CHR,Gaussian,absolute_residual,0.870625,292222456963.84515,38.586952728593914,0.0,0.0,equicorrelated
0.1,10,20,31,Unscaled,Gaussian,absolute_residual,0.91625,11914239344528.459,20.305170101589393,0.0010035037994384766,0.0,equicorrelated
0.1,10,20,31,Empirical_copula,Gaussian,absolute_residual,0.590625,7893934079.48451,24.869621780114958,0.0,0.0,equicorrelated
0.1,10,20,32,TSCP_R,Gaussian,absolute_residual,0.9175,100105271391.26385,35.52858322740274,0.0029997825622558594,0.0,equicorrelated
0.1,10,20,32,Point_CHR,Gaussian,absolute_residual,0.91,584185206099.9858,46.12192595447085,0.0,0.0,equicorrelated
0.1,10,20,32,Unscaled,Gaussian,absolute_residual,0.96,48893337502779.9,23.38433200289476,0.0,0.0,equicorrelated
0.1,10,20,32,Empirical_copula,Gaussian,absolute_residual,0.67625,7364981700.995497,26.442187154967336,0.0010023117065429688,0.0,equicorrelated
0.1,10,20,33,TSCP_R,Gaussian,absolute_residual,0.914375,94263240977.01082,28.317653020463062,0.003008604049682617,0.0,equicorrelated
0.1,10,20,33,Point_CHR,Gaussian,absolute_residual,0.9225,165925438482.63803,29.774245241430982,0.0,0.0,equicorrelated
0.1,10,20,33,Unscaled,Gaussian,absolute_residual,0.846875,3987072512005.428,18.199749625130917,0.0,0.0,equicorrelated
0.1,10,20,33,Empirical_copula,Gaussian,absolute_residual,0.560625,3850744487.222239,18.414085233422828,0.0009980201721191406,0.0,equicorrelated
0.1,10,20,34,TSCP_R,Gaussian,absolute_residual,0.955,248866292883.46524,29.593226078968726,0.0030069351196289062,0.0,equicorrelated
0.1,10,20,34,Point_CHR,Gaussian,absolute_residual,0.980625,1125511879486.9023,40.10835322878533,0.0,0.0,equicorrelated
0.1,10,20,34,Unscaled,Gaussian,absolute_residual,0.865,3616125165595.962,18.022886405231752,0.0,0.0,equicorrelated
0.1,10,20,34,Empirical_copula,Gaussian,absolute_residual,0.623125,6129970240.789227,18.43759955221941,0.0009999275207519531,0.0,equicorrelated
0.1,10,20,35,TSCP_R,Gaussian,absolute_residual,0.91,60707902529.16173,28.808185778769342,0.0019981861114501953,0.0,equicorrelated
0.1,10,20,35,Point_CHR,Gaussian,absolute_residual,0.904375,84105588391.66203,31.496665923365573,0.0,0.0,equicorrelated
0.1,10,20,35,Unscaled,Gaussian,absolute_residual,0.938125,21877552958568.008,21.577437850250476,0.0,0.0,equicorrelated
0.1,10,20,35,Empirical_copula,Gaussian,absolute_residual,0.655625,6148914273.77538,22.560518481482788,0.0010020732879638672,0.0,equicorrelated
0.1,10,20,36,TSCP_R,Gaussian,absolute_residual,0.916875,76508851156.96231,26.516605238242498,0.001997709274291992,0.0,equicorrelated
0.1,10,20,36,Point_CHR,Gaussian,absolute_residual,0.99125,2098085865060.9514,36.22640105486787,0.0,0.0,equicorrelated
0.1,10,20,36,Unscaled,Gaussian,absolute_residual,0.91375,9266619466763.436,19.801228385403096,0.0,0.0,equicorrelated
0.1,10,20,36,Empirical_copula,Gaussian,absolute_residual,0.679375,8597560524.069378,21.22701818423904,0.0,0.0,equicorrelated
0.1,10,20,37,TSCP_R,Gaussian,absolute_residual,0.98875,2466926048779.42,36.224563331169975,0.0020058155059814453,0.0,equicorrelated
0.1,10,20,37,Point_CHR,Gaussian,absolute_residual,0.99625,10366984456201.484,48.25230050096644,0.0009992122650146484,0.0,equicorrelated
0.1,10,20,37,Unscaled,Gaussian,absolute_residual,0.855625,3855174521672.459,18.138626757040644,0.0,0.0,equicorrelated
0.1,10,20,37,Empirical_copula,Gaussian,absolute_residual,0.783125,23589960330.366173,23.245092466072368,0.0,0.0,equicorrelated
0.1,10,20,38,TSCP_R,Gaussian,absolute_residual,0.97625,410933697459.06964,35.91878784353448,0.002020597457885742,0.0,equicorrelated
0.1,10,20,38,Point_CHR,Gaussian,absolute_residual,0.951875,483716189301.6593,30.636898943187504,0.0010006427764892578,0.0,equicorrelated
0.1,10,20,38,Unscaled,Gaussian,absolute_residual,0.871875,5529078376844.519,18.80465086876894,0.0,0.0,equicorrelated
0.1,10,20,38,Empirical_copula,Gaussian,absolute_residual,0.54875,4236459346.3357306,28.872591406762254,0.0,0.0,equicorrelated
0.1,10,20,39,TSCP_R,Gaussian,absolute_residual,0.955625,221941376563.7949,39.06487349447991,0.0019981861114501953,0.0,equicorrelated
0.1,10,20,39,Point_CHR,Gaussian,absolute_residual,0.953125,6828276333517.942,79.95825085418738,0.001001119613647461,0.0,equicorrelated
0.1,10,20,39,Unscaled,Gaussian,absolute_residual,0.97,49088470386865.734,23.393647950705482,0.0,0.0,equicorrelated
0.1,10,20,39,Empirical_copula,Gaussian,absolute_residual,0.63,7015360279.94626,29.92557070579997,0.0009992122650146484,0.0,equicorrelated
0.1,10,20,40,TSCP_R,Gaussian,absolute_residual,0.923125,172848540040.8691,30.452339906170277,0.001998424530029297,0.0,equicorrelated
0.1,10,20,40,Point_CHR,Gaussian,absolute_residual,0.81625,164148950219.58408,46.10737840922814,0.0,0.0,equicorrelated
0.1,10,20,40,Unscaled,Gaussian,absolute_residual,0.90125,7560574778818.285,19.402401231267486,0.0,0.0,equicorrelated
0.1,10,20,40,Empirical_copula,Gaussian,absolute_residual,0.503125,3513812100.3739862,25.841945488655835,0.0009992122650146484,0.0,equicorrelated
0.1,10,20,41,TSCP_R,Gaussian,absolute_residual,0.9575,135241480355.4703,30.627159452261523,0.0030002593994140625,0.0,equicorrelated
0.1,10,20,41,Point_CHR,Gaussian,absolute_residual,0.91375,197017948257.58508,35.17980911215088,0.0,0.0,equicorrelated
0.1,10,20,41,Unscaled,Gaussian,absolute_residual,0.945625,23245265775514.97,21.7086817345065,0.0,0.0,equicorrelated
0.1,10,20,41,Empirical_copula,Gaussian,absolute_residual,0.72875,8665912836.394316,23.455878887269275,0.0010023117065429688,0.0,equicorrelated
0.1,10,20,42,TSCP_R,Gaussian,absolute_residual,0.959375,188275480302.72656,31.101488010535633,0.0020067691802978516,0.0,equicorrelated
0.1,10,20,42,Point_CHR,Gaussian,absolute_residual,0.994375,2438295694724.9204,51.28535061818111,0.0,0.0,equicorrelated
0.1,10,20,42,Unscaled,Gaussian,absolute_residual,0.97125,54084657355167.836,23.62149650666841,0.0,0.0,equicorrelated
0.1,10,20,42,Empirical_copula,Gaussian,absolute_residual,0.614375,7308655190.87116,25.056889809543033,0.0,0.0,equicorrelated
0.1,10,20,43,TSCP_R,Gaussian,absolute_residual,0.9875,2401207855175.86,40.23803208091323,0.003000020980834961,0.0,equicorrelated
0.1,10,20,43,Point_CHR,Gaussian,absolute_residual,0.958125,888369947598.4595,56.71065290769677,0.0,0.0,equicorrelated
0.1,10,20,43,Unscaled,Gaussian,absolute_residual,0.95375,32801489687492.277,22.469290376285866,0.0,0.0,equicorrelated
0.1,10,20,43,Empirical_copula,Gaussian,absolute_residual,0.540625,9368986754.160954,24.962748358272076,0.0010023117065429688,0.0,equicorrelated
0.1,10,20,44,TSCP_R,Gaussian,absolute_residual,0.98375,606333292755.7441,36.260279374190596,0.0020017623901367188,0.0,equicorrelated
0.1,10,20,44,Point_CHR,Gaussian,absolute_residual,0.998125,67231935750312.38,51.54335109392787,0.0012743473052978516,0.0,equicorrelated
0.1,10,20,44,Unscaled,Gaussian,absolute_residual,0.9425,24546416212642.312,21.827239279417608,0.0,0.0,equicorrelated
0.1,10,20,44,Empirical_copula,Gaussian,absolute_residual,0.6275,7665484739.381876,26.03168750485768,0.0010056495666503906,0.0,equicorrelated
0.1,10,20,45,TSCP_R,Gaussian,absolute_residual,0.968125,242214261203.89655,32.13120342559311,0.004021167755126953,0.0,equicorrelated
0.1,10,20,45,Point_CHR,Gaussian,absolute_residual,0.881875,148914881457.75815,35.0879900217332,0.0,0.0,equicorrelated
0.1,10,20,45,Unscaled,Gaussian,absolute_residual,0.94375,21608747486050.96,21.550778312446216,0.0,0.0,equicorrelated
0.1,10,20,45,Empirical_copula,Gaussian,absolute_residual,0.575625,5568599109.908118,22.38989190809314,0.0010020732879638672,0.0,equicorrelated
0.1,10,20,46,TSCP_R,Gaussian,absolute_residual,0.8375,37276853896.48651,28.52995965470941,0.0030057430267333984,0.0,equicorrelated
0.1,10,20,46,Point_CHR,Gaussian,absolute_residual,0.974375,1240143505111.698,34.025639706655106,0.0,0.0,equicorrelated
0.1,10,20,46,Unscaled,Gaussian,absolute_residual,0.96,39313325357933.664,22.879892418148017,0.00099945068359375,0.0,equicorrelated
0.1,10,20,46,Empirical_copula,Gaussian,absolute_residual,0.578125,4843670948.456592,23.874989808326937,0.0,0.0,equicorrelated
0.1,10,20,47,TSCP_R,Gaussian,absolute_residual,1.0,11273017000088.451,43.76210761030461,0.0020058155059814453,0.0,equicorrelated
0.1,10,20,47,Point_CHR,Gaussian,absolute_residual,0.985,16159788811968.53,60.758737689829154,0.0009992122650146484,0.0,equicorrelated
0.1,10,20,47,Unscaled,Gaussian,absolute_residual,0.975,77645016857281.14,24.491272972872796,0.0,0.0,equicorrelated
0.1,10,20,47,Empirical_copula,Gaussian,absolute_residual,0.79625,31015687759.61743,24.607974956400724,0.0,0.0,equicorrelated
0.1,10,20,48,TSCP_R,Gaussian,absolute_residual,0.950625,316507665016.98346,26.166447635702085,0.0030074119567871094,0.0,equicorrelated
0.1,10,20,48,Point_CHR,Gaussian,absolute_residual,0.960625,420005975436.8067,30.891480435817485,0.0,0.0,equicorrelated
0.1,10,20,48,Unscaled,Gaussian,absolute_residual,0.9,8017703667700.087,19.516637698741125,0.0,0.0,equicorrelated
0.1,10,20,48,Empirical_copula,Gaussian,absolute_residual,0.563125,5503072490.101152,20.90181877299291,0.0009989738464355469,0.0,equicorrelated
0.1,10,20,49,TSCP_R,Gaussian,absolute_residual,0.880625,112891887691.69383,37.990399623255016,0.0019974708557128906,0.0,equicorrelated
0.1,10,20,49,Point_CHR,Gaussian,absolute_residual,0.955625,452505789390.5208,38.469160076224824,0.0010018348693847656,0.0,equicorrelated
0.1,10,20,49,Unscaled,Gaussian,absolute_residual,0.984375,125323426673366.14,25.692314294910297,0.0,0.0,equicorrelated
0.1,10,20,49,Empirical_copula,Gaussian,absolute_residual,0.65625,10320744328.290205,31.8443857645302,0.0,0.0,equicorrelated
0.1,10,20,50,TSCP_R,Gaussian,absolute_residual,0.925625,118842019519.01765,30.002903159059223,0.003007173538208008,0.0,equicorrelated
0.1,10,20,50,Point_CHR,Gaussian,absolute_residual,0.988125,1941704546598.2512,39.93867246685575,0.0,0.0,equicorrelated
0.1,10,20,50,Unscaled,Gaussian,absolute_residual,0.88625,5356822600535.196,18.74522796861083,0.0,0.0,equicorrelated
0.1,10,20,50,Empirical_copula,Gaussian,absolute_residual,0.6175,4647332453.000663,18.97990326888983,0.0009992122650146484,0.0,equicorrelated
0.1,10,20,51,TSCP_R,Gaussian,absolute_residual,0.869375,51875990665.18595,23.71113804293092,0.0030069351196289062,0.0,equicorrelated
0.1,10,20,51,Point_CHR,Gaussian,absolute_residual,0.898125,278453293867.91064,28.920577605923743,0.0,0.0,equicorrelated
0.1,10,20,51,Unscaled,Gaussian,absolute_residual,0.7975,1867874577571.1943,16.870764810813988,0.0,0.0,equicorrelated
0.1,10,20,51,Empirical_copula,Gaussian,absolute_residual,0.581875,5480251252.418888,23.31674129959559,0.0009996891021728516,0.0,equicorrelated
0.1,10,20,52,TSCP_R,Gaussian,absolute_residual,0.94875,194185086597.09836,26.247465740924483,0.00200653076171875,0.0,equicorrelated
0.1,10,20,52,Point_CHR,Gaussian,absolute_residual,0.976875,911994999413.316,33.27668375944207,0.0,0.0,equicorrelated
0.1,10,20,52,Unscaled,Gaussian,absolute_residual,0.8475,3245003792321.6865,17.82877568446364,0.0,0.0,equicorrelated
0.1,10,20,52,Empirical_copula,Gaussian,absolute_residual,0.61,5419673761.318244,19.17428460996751,0.0010051727294921875,0.0,equicorrelated
0.1,10,20,53,TSCP_R,Gaussian,absolute_residual,0.761875,17989079312.348866,25.49534807787707,0.003014802932739258,0.0,equicorrelated
0.1,10,20,53,Point_CHR,Gaussian,absolute_residual,0.829375,151661643310.37277,34.0414184780613,0.0,0.0,equicorrelated
0.1,10,20,53,Unscaled,Gaussian,absolute_residual,0.935625,14081158089311.77,20.647327071531674,0.0,0.0,equicorrelated
0.1,10,20,53,Empirical_copula,Gaussian,absolute_residual,0.51875,2626426821.6899614,21.396606571803318,0.0,0.0,equicorrelated
0.1,10,20,54,TSCP_R,Gaussian,absolute_residual,0.903125,71230377008.69527,27.863995142225782,0.0019991397857666016,0.0,equicorrelated
0.1,10,20,54,Point_CHR,Gaussian,absolute_residual,0.815,34126166435.946384,27.89862533382723,0.0010006427764892578,0.0,equicorrelated
0.1,10,20,54,Unscaled,Gaussian,absolute_residual,0.886875,5013669268159.937,18.621538882438625,0.0,0.0,equicorrelated
0.1,10,20,54,Empirical_copula,Gaussian,absolute_residual,0.533125,2654244104.5116553,18.99280069116463,0.0009992122650146484,0.0,equicorrelated
0.1,10,20,55,TSCP_R,Gaussian,absolute_residual,0.980625,904243459224.7152,37.37547215767406,0.0020003318786621094,0.0,equicorrelated
0.1,10,20,55,Point_CHR,Gaussian,absolute_residual,0.988125,681708713097983.9,99.72082737882546,0.0010001659393310547,0.0,equicorrelated
0.1,10,20,55,Unscaled,Gaussian,absolute_residual,0.9,7559855030961.523,19.402216517335216,0.0,0.0,equicorrelated
0.1,10,20,55,Empirical_copula,Gaussian,absolute_residual,0.636875,7943395935.0566225,27.18478572465051,0.0010013580322265625,0.0,equicorrelated
0.1,10,20,56,TSCP_R,Gaussian,absolute_residual,0.9125,99185027602.09744,26.605838876365098,0.0020058155059814453,0.0,equicorrelated
0.1,10,20,56,Point_CHR,Gaussian,absolute_residual,0.98,12704782516170.078,46.058776052818914,0.000993490219116211,0.0,equicorrelated
0.1,10,20,56,Unscaled,Gaussian,absolute_residual,0.891875,7885579657746.383,19.48423515026959,0.0,0.0,equicorrelated
0.1,10,20,56,Empirical_copula,Gaussian,absolute_residual,0.663125,8599216790.714884,20.001375090348404,0.0,0.0,equicorrelated
0.1,10,20,57,TSCP_R,Gaussian,absolute_residual,0.916875,176317024443.60394,34.136458449522486,0.003000497817993164,0.0,equicorrelated
0.1,10,20,57,Point_CHR,Gaussian,absolute_residual,0.874375,143595420515.66998,27.396961349438744,0.0010025501251220703,0.0,equicorrelated
0.1,10,20,57,Unscaled,Gaussian,absolute_residual,0.879375,4186122130027.153,18.288630663104325,0.0,0.0,equicorrelated
0.1,10,20,57,Empirical_copula,Gaussian,absolute_residual,0.531875,7100502800.66244,26.612215978776973,0.0,0.0,equicorrelated
0.1,10,20,58,TSCP_R,Gaussian,absolute_residual,0.88375,80855992463.61784,33.44926120933312,0.003000020980834961,0.0,equicorrelated
0.1,10,20,58,Point_CHR,Gaussian,absolute_residual,0.894375,184396346553.0386,39.09239697503656,0.0,0.0,equicorrelated
0.1,10,20,58,Unscaled,Gaussian,absolute_residual,0.97,63619558420135.17,24.008170409263542,0.0,0.0,equicorrelated
0.1,10,20,58,Empirical_copula,Gaussian,absolute_residual,0.603125,5942180363.850135,25.564839056528886,0.0,0.0,equicorrelated
0.1,10,20,59,TSCP_R,Gaussian,absolute_residual,0.93,157016113665.00937,24.76713909987886,0.003000020980834961,0.0,equicorrelated
0.1,10,20,59,Point_CHR,Gaussian,absolute_residual,0.800625,30974312229.226913,22.6868692102063,0.0,0.0,equicorrelated
0.1,10,20,59,Unscaled,Gaussian,absolute_residual,0.79375,1729852050060.976,16.741751681494982,0.0,0.0,equicorrelated
0.1,10,20,59,Empirical_copula,Gaussian,absolute_residual,0.651875,7524042724.285728,19.34372197346821,0.0,0.0,equicorrelated
0.1,10,20,60,TSCP_R,Gaussian,absolute_residual,0.88625,75381162518.52655,27.244512462152834,0.0019996166229248047,0.0,equicorrelated
0.1,10,20,60,Point_CHR,Gaussian,absolute_residual,0.860625,360878552705.7923,46.26833651057993,0.0010058879852294922,0.0,equicorrelated
0.1,10,20,60,Unscaled,Gaussian,absolute_residual,0.955625,26153084918698.43,21.966066416371312,0.0,0.0,equicorrelated
0.1,10,20,60,Empirical_copula,Gaussian,absolute_residual,0.65375,8419157611.854351,27.431242404108815,0.0,0.0,equicorrelated
0.1,10,20,61,TSCP_R,Gaussian,absolute_residual,0.87875,50801432729.73538,24.541087101314538,0.003009796142578125,0.0,equicorrelated
0.1,10,20,61,Point_CHR,Gaussian,absolute_residual,0.83875,44493581562.32379,28.03457242077849,0.0,0.0,equicorrelated
0.1,10,20,61,Unscaled,Gaussian,absolute_residual,0.8375,2784610423157.111,17.558056590434386,0.0,0.0,equicorrelated
0.1,10,20,61,Empirical_copula,Gaussian,absolute_residual,0.54875,3341400403.679286,19.622296778105255,0.0009970664978027344,0.0,equicorrelated
0.1,10,20,62,TSCP_R,Gaussian,absolute_residual,0.93375,303610258413.79626,39.68102593887628,0.0030083656311035156,0.0,equicorrelated
0.1,10,20,62,Point_CHR,Gaussian,absolute_residual,0.963125,510292061030.9311,39.63536310474592,0.0009992122650146484,0.0,equicorrelated
0.1,10,20,62,Unscaled,Gaussian,absolute_residual,0.965625,48685373583452.48,23.374366574282025,0.0,0.0,equicorrelated
0.1,10,20,62,Empirical_copula,Gaussian,absolute_residual,0.625,6722244973.604103,25.378752581260375,0.0,0.0,equicorrelated
0.1,10,20,63,TSCP_R,Gaussian,absolute_residual,0.898125,51855617677.190674,29.58914705300904,0.002008676528930664,0.0,equicorrelated
0.1,10,20,63,Point_CHR,Gaussian,absolute_residual,0.959375,3246652958285.842,50.689066953859665,0.000997304916381836,0.0,equicorrelated
0.1,10,20,63,Unscaled,Gaussian,absolute_residual,0.943125,21722776975158.38,21.562123755498835,0.0,0.0,equicorrelated
0.1,10,20,63,Empirical_copula,Gaussian,absolute_residual,0.624375,4745819158.148619,28.615301222251567,0.0,0.0,equicorrelated
0.1,10,20,64,TSCP_R,Gaussian,absolute_residual,0.94625,295247843269.9818,33.24641212002433,0.003999471664428711,0.0,equicorrelated
0.1,10,20,64,Point_CHR,Gaussian,absolute_residual,0.8825,63495689547.92859,27.630433921302792,0.0,0.0,equicorrelated
0.1,10,20,64,Unscaled,Gaussian,absolute_residual,0.940625,17083364616103.787,21.05025402278648,0.0,0.0,equicorrelated
0.1,10,20,64,Empirical_copula,Gaussian,absolute_residual,0.708125,8857137362.814331,23.262761215940785,0.0010027885437011719,0.0,equicorrelated
0.1,10,20,65,TSCP_R,Gaussian,absolute_residual,0.89625,196964926765.88846,30.958149426222686,0.002999544143676758,0.0,equicorrelated
0.1,10,20,65,Point_CHR,Gaussian,absolute_residual,0.845,139107808016.9499,31.02957352593417,0.0,0.0,equicorrelated
0.1,10,20,65,Unscaled,Gaussian,absolute_residual,0.90625,7530848239810.736,19.394759097221232,0.0,0.0,equicorrelated
0.1,10,20,65,Empirical_copula,Gaussian,absolute_residual,0.589375,9546202147.787441,21.461360641670094,0.0,0.0,equicorrelated
0.1,10,20,66,TSCP_R,Gaussian,absolute_residual,0.80625,36846601844.658195,32.448237140553836,0.002997875213623047,0.0,equicorrelated
0.1,10,20,66,Point_CHR,Gaussian,absolute_residual,0.78875,42506014535.23675,38.86362792340309,0.0010013580322265625,0.0,equicorrelated
0.1,10,20,66,Unscaled,Gaussian,absolute_residual,0.969375,53097423792653.09,23.578020720719184,0.0,0.0,equicorrelated
0.1,10,20,66,Empirical_copula,Gaussian,absolute_residual,0.52375,3156711640.934883,26.957798719401875,0.0,0.0,equicorrelated
0.1,10,20,67,TSCP_R,Gaussian,absolute_residual,0.991875,5526652132642.56,53.359869719306616,0.002083301544189453,0.0,equicorrelated
0.1,10,20,67,Point_CHR,Gaussian,absolute_residual,0.984375,3764726130890.096,53.72474451138449,0.0009171962738037109,0.0,equicorrelated
0.1,10,20,67,Unscaled,Gaussian,absolute_residual,0.984375,98516334440161.53,25.08134513814448,0.0,0.0,equicorrelated
0.1,10,20,67,Empirical_copula,Gaussian,absolute_residual,0.576875,8106860735.562392,25.500843234594797,0.0,0.0,equicorrelated
0.1,10,20,68,TSCP_R,Gaussian,absolute_residual,0.740625,11958750835.736406,22.182045061308862,0.0030002593994140625,0.0,equicorrelated
0.1,10,20,68,Point_CHR,Gaussian,absolute_residual,0.649375,7012428836.260954,24.42844115380173,0.0,0.0,equicorrelated
0.1,10,20,68,Unscaled,Gaussian,absolute_residual,0.865625,4375720263556.299,18.369822292395774,0.0,0.0,equicorrelated
0.1,10,20,68,Empirical_copula,Gaussian,absolute_residual,0.455625,1463538581.3984814,18.819010842762133,0.0,0.0,equicorrelated
0.1,10,20,69,TSCP_R,Gaussian,absolute_residual,0.979375,909813530528.4823,37.024800081257055,0.002015352249145508,0.0,equicorrelated
0.1,10,20,69,Point_CHR,Gaussian,absolute_residual,0.923125,589016630020.1797,45.73820357224757,0.0,0.0,equicorrelated
0.1,10,20,69,Unscaled,Gaussian,absolute_residual,0.873125,5679834665361.71,18.855305326999915,0.0,0.0,equicorrelated
0.1,10,20,69,Empirical_copula,Gaussian,absolute_residual,0.640625,9075851375.841862,25.15516857354114,0.0,0.0,equicorrelated
0.1,10,20,70,TSCP_R,Gaussian,absolute_residual,0.940625,685558692389.74,29.87368605251924,0.0020062923431396484,0.0,equicorrelated
0.1,10,20,70,Point_CHR,Gaussian,absolute_residual,0.955625,4282060775772.9287,37.35793029749341,0.0,0.0,equicorrelated
0.1,10,20,70,Unscaled,Gaussian,absolute_residual,0.834375,2309388286404.7607,17.23255589635255,0.0,0.0,equicorrelated
0.1,10,20,70,Empirical_copula,Gaussian,absolute_residual,0.4775,6499588944.928447,18.62558509284019,0.0,0.0,equicorrelated
0.1,10,20,71,TSCP_R,Gaussian,absolute_residual,0.99375,1427010006068.335,34.9001277996564,0.0020074844360351562,0.0,equicorrelated
0.1,10,20,71,Point_CHR,Gaussian,absolute_residual,0.97625,1854435932520.4875,51.550090587392205,0.0,0.0,equicorrelated
0.1,10,20,71,Unscaled,Gaussian,absolute_residual,0.934375,19118593253037.973,21.288526053116506,0.0,0.0,equicorrelated
0.1,10,20,71,Empirical_copula,Gaussian,absolute_residual,0.76125,17071791040.832254,25.634561809143833,0.0010013580322265625,0.0,equicorrelated
0.1,10,20,72,TSCP_R,Gaussian,absolute_residual,0.988125,1802242821708.741,48.60529159743806,0.0019998550415039062,0.0,equicorrelated
0.1,10,20,72,Point_CHR,Gaussian,absolute_residual,0.9675,830400434438.9138,31.69688448420372,0.0010085105895996094,0.0,equicorrelated
0.1,10,20,72,Unscaled,Gaussian,absolute_residual,0.91125,9920131041318.133,19.936629630484624,0.0,0.0,equicorrelated
0.1,10,20,72,Empirical_copula,Gaussian,absolute_residual,0.580625,5383478573.090596,31.038281805158523,0.0,0.0,equicorrelated
0.1,10,20,73,TSCP_R,Gaussian,absolute_residual,0.936875,139722476657.4399,28.34961647119163,0.0020008087158203125,0.0,equicorrelated
0.1,10,20,73,Point_CHR,Gaussian,absolute_residual,0.756875,28711035738.855495,28.24726956014198,0.0,0.0,equicorrelated
0.1,10,20,73,Unscaled,Gaussian,absolute_residual,0.85625,4173656187144.9414,18.283177140481826,0.0,0.0,equicorrelated
0.1,10,20,73,Empirical_copula,Gaussian,absolute_residual,0.61375,6945271123.765422,23.6673889089204,0.0010004043579101562,0.0,equicorrelated
0.1,10,20,74,TSCP_R,Gaussian,absolute_residual,0.978125,398874703732.9295,29.079022919396067,0.0020079612731933594,0.0,equicorrelated
0.1,10,20,74,Point_CHR,Gaussian,absolute_residual,0.996875,141906158147497.9,63.1185060336206,0.0,0.0,equicorrelated
0.1,10,20,74,Unscaled,Gaussian,absolute_residual,0.93,13338749437079.193,20.53579458144604,0.0,0.0,equicorrelated
0.1,10,20,74,Empirical_copula,Gaussian,absolute_residual,0.815625,20808953106.94127,23.53364023401921,0.0,0.0,equicorrelated
0.1,10,20,75,TSCP_R,Gaussian,absolute_residual,0.915625,99697325263.57114,26.581312000210573,0.0030002593994140625,0.0,equicorrelated
0.1,10,20,75,Point_CHR,Gaussian,absolute_residual,0.92375,261798280514.12607,29.543284557087524,0.0,0.0,equicorrelated
0.1,10,20,75,Unscaled,Gaussian,absolute_residual,0.859375,3991320672362.2935,18.201687849463898,0.0,0.0,equicorrelated
0.1,10,20,75,Empirical_copula,Gaussian,absolute_residual,0.640625,6574979140.136226,18.73659316218974,0.0,0.0,equicorrelated
0.1,10,20,76,TSCP_R,Gaussian,absolute_residual,0.749375,20802911437.868137,32.87239702193144,0.0030066967010498047,0.0,equicorrelated
0.1,10,20,76,Point_CHR,Gaussian,absolute_residual,0.59125,8059449690.084651,29.015924912898456,0.0,0.0,equicorrelated
0.1,10,20,76,Unscaled,Gaussian,absolute_residual,0.965625,62591163885340.37,23.9690765678268,0.0,0.0,equicorrelated
0.1,10,20,76,Empirical_copula,Gaussian,absolute_residual,0.434375,2309385939.3875732,24.565578032591404,0.0009999275207519531,0.0,equicorrelated
0.1,10,20,77,TSCP_R,Gaussian,absolute_residual,0.98375,669095810306.8273,41.740742245913026,0.0020067691802978516,0.0,equicorrelated
0.1,10,20,77,Point_CHR,Gaussian,absolute_residual,0.9825,4104678041155.7183,45.47303510386195,0.0010001659393310547,0.0,equicorrelated
0.1,10,20,77,Unscaled,Gaussian,absolute_residual,0.931875,16870583714050.688,21.02388686927771,0.0,0.0,equicorrelated
0.1,10,20,77,Empirical_copula,Gaussian,absolute_residual,0.703125,10038943430.010405,29.243922222986306,0.0,0.0,equicorrelated
0.1,10,20,78,TSCP_R,Gaussian,absolute_residual,0.9375,157147875821.4382,29.379073869943916,0.0030069351196289062,0.0,equicorrelated
0.1,10,20,78,Point_CHR,Gaussian,absolute_residual,0.918125,209254894492.54233,29.86315117116805,0.0,0.0,equicorrelated
0.1,10,20,78,Unscaled,Gaussian,absolute_residual,0.913125,10355854188712.129,20.022513386400906,0.0,0.0,equicorrelated
0.1,10,20,78,Empirical_copula,Gaussian,absolute_residual,0.651875,6173472018.191504,23.550187361615897,0.0009999275207519531,0.0,equicorrelated
0.1,10,20,79,TSCP_R,Gaussian,absolute_residual,0.963125,408001171895.14056,33.56885141546955,0.00301361083984375,0.0,equicorrelated
0.1,10,20,79,Point_CHR,Gaussian,absolute_residual,0.855,361885169247.67834,40.924619795293594,0.0,0.0,equicorrelated
0.1,10,20,79,Unscaled,Gaussian,absolute_residual,0.941875,19559299017708.508,21.337096855530874,0.0,0.0,equicorrelated
0.1,10,20,79,Empirical_copula,Gaussian,absolute_residual,0.58875,7828133134.804362,21.341898913026426,0.0009920597076416016,0.0,equicorrelated
0.1,10,20,80,TSCP_R,Gaussian,absolute_residual,0.863125,119703640846.8845,27.81828492057779,0.001997232437133789,0.0,equicorrelated
0.1,10,20,80,Point_CHR,Gaussian,absolute_residual,0.830625,115895759624.0863,31.7722747251659,0.0009999275207519531,0.0,equicorrelated
0.1,10,20,80,Unscaled,Gaussian,absolute_residual,0.914375,8445533917405.118,19.618360514804536,0.0,0.0,equicorrelated
0.1,10,20,80,Empirical_copula,Gaussian,absolute_residual,0.54625,4882858292.97446,19.86742869897403,0.0,0.0,equicorrelated
0.1,10,20,81,TSCP_R,Gaussian,absolute_residual,0.843125,47137780904.02231,29.27006476602661,0.0040204524993896484,0.0,equicorrelated
0.1,10,20,81,Point_CHR,Gaussian,absolute_residual,0.859375,87234242439.11198,26.769029518109953,0.0,0.0,equicorrelated
0.1,10,20,81,Unscaled,Gaussian,absolute_residual,0.911875,10843430785188.262,20.11484411126037,0.0,0.0,equicorrelated
0.1,10,20,81,Empirical_copula,Gaussian,absolute_residual,0.545,2998125495.884858,20.96825127132665,0.0,0.0,equicorrelated
0.1,10,20,82,TSCP_R,Gaussian,absolute_residual,0.90375,54087052051.34849,24.172753907460887,0.0029997825622558594,0.0,equicorrelated
0.1,10,20,82,Point_CHR,Gaussian,absolute_residual,0.92125,231718773267.32895,32.26044524731084,0.0,0.0,equicorrelated
0.1,10,20,82,Unscaled,Gaussian,absolute_residual,0.873125,4348237736496.414,18.358252044092666,0.0,0.0,equicorrelated
0.1,10,20,82,Empirical_copula,Gaussian,absolute_residual,0.569375,3381330424.2785697,20.204834904163164,0.0010025501251220703,0.0,equicorrelated
0.1,10,20,83,TSCP_R,Gaussian,absolute_residual,0.98875,857128159222.449,36.548281602559335,0.0030002593994140625,0.0,equicorrelated
0.1,10,20,83,Point_CHR,Gaussian,absolute_residual,0.99,5184799688793.385,44.27162717021455,0.0010106563568115234,0.0,equicorrelated
0.1,10,20,83,Unscaled,Gaussian,absolute_residual,0.9175,9447022197722.373,19.83944384866298,0.0,0.0,equicorrelated
0.1,10,20,83,Empirical_copula,Gaussian,absolute_residual,0.695,9870315949.540709,28.260341680008203,0.0,0.0,equicorrelated
0.1,10,20,84,TSCP_R,Gaussian,absolute_residual,0.943125,282963188835.0706,33.377389848495426,0.0030019283294677734,0.0,equicorrelated
0.1,10,20,84,Point_CHR,Gaussian,absolute_residual,0.9225,380273973859.1752,35.76474091351015,0.0,0.0,equicorrelated
0.1,10,20,84,Unscaled,Gaussian,absolute_residual,0.918125,8664694588579.143,19.668685041329642,0.0,0.0,equicorrelated
0.1,10,20,84,Empirical_copula,Gaussian,absolute_residual,0.54375,4579769568.306837,21.884017514866713,0.0010058879852294922,0.0,equicorrelated
0.1,10,20,85,TSCP_R,Gaussian,absolute_residual,0.89625,76213227617.39662,31.23063696327838,0.0020096302032470703,0.0,equicorrelated
0.1,10,20,85,Point_CHR,Gaussian,absolute_residual,0.82125,92732949987.19482,37.268092657515886,0.0009992122650146484,0.0,equicorrelated
0.1,10,20,85,Unscaled,Gaussian,absolute_residual,0.963125,58471542135282.73,23.806439927336687,0.0,0.0,equicorrelated
0.1,10,20,85,Empirical_copula,Gaussian,absolute_residual,0.645,7093828213.84547,26.73762744758965,0.0,0.0,equicorrelated
0.1,10,20,86,TSCP_R,Gaussian,absolute_residual,0.973125,532791445201.3478,39.49712270454279,0.002007722854614258,0.0,equicorrelated
0.1,10,20,86,Point_CHR,Gaussian,absolute_residual,0.99375,11537162120208.955,48.25930984556013,0.0,0.0,equicorrelated
0.1,10,20,86,Unscaled,Gaussian,absolute_residual,0.944375,21430401478682.56,21.53292514801284,0.0,0.0,equicorrelated
0.1,10,20,86,Empirical_copula,Gaussian,absolute_residual,0.674375,11116184508.932306,25.0779070712222,0.0,0.0,equicorrelated
0.1,10,20,87,TSCP_R,Gaussian,absolute_residual,0.92625,372939440133.81696,35.44702012848913,0.0020003318786621094,0.0,equicorrelated
0.1,10,20,87,Point_CHR,Gaussian,absolute_residual,0.903125,788589749390.1545,47.867963068669916,0.001001119613647461,0.0,equicorrelated
0.1,10,20,87,Unscaled,Gaussian,absolute_residual,0.9625,41468721578620.68,23.002342445717233,0.0,0.0,equicorrelated
0.1,10,20,87,Empirical_copula,Gaussian,absolute_residual,0.680625,16899959586.312439,25.196626635116854,0.0,0.0,equicorrelated
0.1,10,20,88,TSCP_R,Gaussian,absolute_residual,0.97125,348138694073.1222,41.877142471948076,0.0020051002502441406,0.0,equicorrelated
0.1,10,20,88,Point_CHR,Gaussian,absolute_residual,0.984375,5455739199354.989,41.52368864345837,0.0010001659393310547,0.0,equicorrelated
0.1,10,20,88,Unscaled,Gaussian,absolute_residual,0.8925,5978114466867.873,18.952060000350894,0.0,0.0,equicorrelated
0.1,10,20,88,Empirical_copula,Gaussian,absolute_residual,0.7675,15080070841.703442,37.87762845718806,0.0,0.0,equicorrelated
0.1,10,20,89,TSCP_R,Gaussian,absolute_residual,0.975,530417918040.82294,41.536850884554866,0.0020074844360351562,0.0,equicorrelated
0.1,10,20,89,Point_CHR,Gaussian,absolute_residual,0.99375,4604637167031.813,60.29598537285574,0.0,0.0,equicorrelated
0.1,10,20,89,Unscaled,Gaussian,absolute_residual,0.963125,58855662234536.82,23.82203317241995,0.0,0.0,equicorrelated
0.1,10,20,89,Empirical_copula,Gaussian,absolute_residual,0.615,7541673734.9767065,29.742977874773594,0.0010006427764892578,0.0,equicorrelated
0.1,10,20,90,TSCP_R,Gaussian,absolute_residual,0.969375,489058119294.74207,45.08048393143446,0.0030074119567871094,0.0,equicorrelated
0.1,10,20,90,Point_CHR,Gaussian,absolute_residual,0.99125,9798520711410.38,60.39407064331884,0.0,0.0,equicorrelated
0.1,10,20,90,Unscaled,Gaussian,absolute_residual,0.936875,25039347378381.03,21.870680718215404,0.0,0.0,equicorrelated
0.1,10,20,90,Empirical_copula,Gaussian,absolute_residual,0.636875,6410432934.121165,24.867555903314965,0.0,0.0,equicorrelated
0.1,10,20,91,TSCP_R,Gaussian,absolute_residual,0.939375,185913020306.11288,34.53987744462563,0.0020067691802978516,0.0,equicorrelated
0.1,10,20,91,Point_CHR,Gaussian,absolute_residual,0.950625,1386892124999.1467,47.759487486224245,0.0009999275207519531,0.0,equicorrelated
0.1,10,20,91,Unscaled,Gaussian,absolute_residual,0.9625,54000634888870.29,23.617824254000485,0.0,0.0,equicorrelated
0.1,10,20,91,Empirical_copula,Gaussian,absolute_residual,0.6775,8415695102.404466,25.658879870700126,0.0,0.0,equicorrelated
0.1,10,20,92,TSCP_R,Gaussian,absolute_residual,0.91375,133244709365.13959,32.15370591312052,0.00200653076171875,0.0,equicorrelated
0.1,10,20,92,Point_CHR,Gaussian,absolute_residual,0.791875,278244948759.81696,37.879101244030224,0.0010001659393310547,0.0,equicorrelated
0.1,10,20,92,Unscaled,Gaussian,absolute_residual,0.755625,911909735796.2526,15.70345394760821,0.0,0.0,equicorrelated
0.1,10,20,92,Empirical_copula,Gaussian,absolute_residual,0.5075,2981193460.633562,21.401059868832085,0.0,0.0,equicorrelated
0.1,10,20,93,TSCP_R,Gaussian,absolute_residual,0.8525,54658611376.68353,35.63114157366078,0.003989696502685547,0.0,equicorrelated
0.1,10,20,93,Point_CHR,Gaussian,absolute_residual,0.5825,5372004605.490103,26.87992052421466,0.0010099411010742188,0.0,equicorrelated
0.1,10,20,93,Unscaled,Gaussian,absolute_residual,0.973125,49605650771002.33,23.418178670044714,0.0,0.0,equicorrelated
0.1,10,20,93,Empirical_copula,Gaussian,absolute_residual,0.423125,1667535742.2805898,26.87992052421466,0.0,0.0,equicorrelated
0.1,10,20,94,TSCP_R,Gaussian,absolute_residual,0.9425,271817688205.25858,27.403316051570442,0.003002166748046875,0.0,equicorrelated
0.1,10,20,94,Point_CHR,Gaussian,absolute_residual,0.8825,263364644373.54715,31.44140910987377,0.0,0.0,equicorrelated
0.1,10,20,94,Unscaled,Gaussian,absolute_residual,0.816875,2176848505056.4622,17.1310041618373,0.0,0.0,equicorrelated
0.1,10,20,94,Empirical_copula,Gaussian,absolute_residual,0.621875,7385293862.962628,19.78945524885906,0.0010006427764892578,0.0,equicorrelated
0.1,10,20,95,TSCP_R,Gaussian,absolute_residual,0.959375,441962247224.331,28.365185118603435,0.0029997825622558594,0.0,equicorrelated
0.1,10,20,95,Point_CHR,Gaussian,absolute_residual,0.988125,4556397362637.467,41.13409322867443,0.0,0.0,equicorrelated
0.1,10,20,95,Unscaled,Gaussian,absolute_residual,0.84625,3559582475383.9263,17.994505065864317,0.0,0.0,equicorrelated
0.1,10,20,95,Empirical_copula,Gaussian,absolute_residual,0.6425,8904933414.313509,23.13240570938775,0.0010008811950683594,0.0,equicorrelated
0.1,10,20,96,TSCP_R,Gaussian,absolute_residual,0.9225,108249382234.33316,25.242849234375978,0.0029935836791992188,0.0,equicorrelated
0.1,10,20,96,Point_CHR,Gaussian,absolute_residual,0.9975,3904755062730.067,38.337232258324065,0.0,0.0,equicorrelated
0.1,10,20,96,Unscaled,Gaussian,absolute_residual,0.918125,10782291709629.113,20.10347377548359,0.0,0.0,equicorrelated
0.1,10,20,96,Empirical_copula,Gaussian,absolute_residual,0.628125,6463742247.476093,23.266271546264168,0.001001596450805664,0.0,equicorrelated
0.1,10,20,97,TSCP_R,Gaussian,absolute_residual,0.984375,710404601300.1165,40.22757813958424,0.0020003318786621094,0.0,equicorrelated
0.1,10,20,97,Point_CHR,Gaussian,absolute_residual,0.991875,3462554298173.9976,36.07668113155792,0.0010073184967041016,0.0,equicorrelated
0.1,10,20,97,Unscaled,Gaussian,absolute_residual,0.866875,4748806166542.1875,18.520744661288695,0.0,0.0,equicorrelated
0.1,10,20,97,Empirical_copula,Gaussian,absolute_residual,0.700625,12787819100.3638,35.82486186514511,0.0,0.0,equicorrelated
0.1,10,20,98,TSCP_R,Gaussian,absolute_residual,0.974375,417992903959.65674,30.62332890320451,0.0030028820037841797,0.0,equicorrelated
0.1,10,20,98,Point_CHR,Gaussian,absolute_residual,0.961875,1282750645382.0837,41.44357985250299,0.0,0.0,equicorrelated
0.1,10,20,98,Unscaled,Gaussian,absolute_residual,0.879375,6520170719117.268,19.117271004453986,0.0,0.0,equicorrelated
0.1,10,20,98,Empirical_copula,Gaussian,absolute_residual,0.741875,12074263555.294014,21.340826067613794,0.0009992122650146484,0.0,equicorrelated
0.1,10,20,99,TSCP_R,Gaussian,absolute_residual,0.945625,464677890971.5184,33.60934013547821,0.002000570297241211,0.0,equicorrelated
0.1,10,20,99,Point_CHR,Gaussian,absolute_residual,0.875,1796269210054.4502,44.29160561152264,0.0010058879852294922,0.0,equicorrelated
0.1,10,20,99,Unscaled,Gaussian,absolute_residual,0.943125,24316207744206.312,21.8066817020985,0.0,0.0,equicorrelated
0.1,10,20,99,Empirical_copula,Gaussian,absolute_residual,0.744375,16373648129.758131,26.89123851706617,0.0,0.0,equicorrelated
0.1,10,20,100,TSCP_R,Gaussian,absolute_residual,0.85,65872849124.7256,37.1540872295067,0.003003358840942383,0.0,equicorrelated
0.1,10,20,100,Point_CHR,Gaussian,absolute_residual,0.80875,131513776743.90523,46.01277062428745,0.0009992122650146484,0.0,equicorrelated
0.1,10,20,100,Unscaled,Gaussian,absolute_residual,0.908125,9133957676270.238,19.772696466308613,0.0,0.0,equicorrelated
0.1,10,20,100,Empirical_copula,Gaussian,absolute_residual,0.38,1298723489.5455692,24.3532966107122,0.0,0.0,equicorrelated
0.1,10,20,101,TSCP_R,Gaussian,absolute_residual,0.97,1593419245828.5886,40.06367681940662,0.0030066967010498047,0.0,equicorrelated
0.1,10,20,101,Point_CHR,Gaussian,absolute_residual,0.989375,3456908753576.6387,52.0547973387434,0.0,0.0,equicorrelated
0.1,10,20,101,Unscaled,Gaussian,absolute_residual,0.98375,129962971770788.28,25.785880361986173,0.0,0.0,equicorrelated
0.1,10,20,101,Empirical_copula,Gaussian,absolute_residual,0.715625,18642293926.467056,26.54089683096708,0.0009992122650146484,0.0,equicorrelated
0.1,10,20,102,TSCP_R,Gaussian,absolute_residual,0.8375,48573200017.65897,26.780944639260404,0.0030341148376464844,0.0,equicorrelated
0.1,10,20,102,Point_CHR,Gaussian,absolute_residual,0.883125,227773213491.36728,31.18846210526805,0.0,0.0,equicorrelated
0.1,10,20,102,Unscaled,Gaussian,absolute_residual,0.874375,4910231125067.724,18.582758954087687,0.0,0.0,equicorrelated
0.1,10,20,102,Empirical_copula,Gaussian,absolute_residual,0.59,5295654155.441695,22.445795399465283,0.0,0.0,equicorrelated
0.1,10,20,103,TSCP_R,Gaussian,absolute_residual,0.94625,505297743722.6367,36.56694777226089,0.003000497817993164,0.0,equicorrelated
0.1,10,20,103,Point_CHR,Gaussian,absolute_residual,0.964375,1446605702463.7766,43.07623142318632,0.0,0.0,equicorrelated
0.1,10,20,103,Unscaled,Gaussian,absolute_residual,0.96375,37982830854515.83,22.801254021561288,0.0,0.0,equicorrelated
0.1,10,20,103,Empirical_copula,Gaussian,absolute_residual,0.679375,13275819509.009138,22.906348378800406,0.0010030269622802734,0.0,equicorrelated
0.1,10,20,104,TSCP_R,Gaussian,absolute_residual,0.94375,129863481651.79015,26.524869996234173,0.0029401779174804688,0.0,equicorrelated
0.1,10,20,104,Point_CHR,Gaussian,absolute_residual,0.946875,317779645702.5271,33.74676954962014,0.0,0.0,equicorrelated
0.1,10,20,104,Unscaled,Gaussian,absolute_residual,0.890625,4642087322479.6,18.47869641662504,0.0,0.0,equicorrelated
0.1,10,20,104,Empirical_copula,Gaussian,absolute_residual,0.673125,8359842266.840051,20.43329192853503,0.0010170936584472656,0.0,equicorrelated
0.1,10,20,105,TSCP_R,Gaussian,absolute_residual,0.996875,5241611239794.485,40.53279663069001,0.002006053924560547,0.0,equicorrelated
0.1,10,20,105,Point_CHR,Gaussian,absolute_residual,0.9825,2659019941470.0386,43.604115357804766,0.0009999275207519531,0.0,equicorrelated
0.1,10,20,105,Unscaled,Gaussian,absolute_residual,0.970625,55363357643778.77,23.676758373825226,0.0,0.0,equicorrelated
0.1,10,20,105,Empirical_copula,Gaussian,absolute_residual,0.799375,22142258790.86794,27.57726922249721,0.0,0.0,equicorrelated
0.1,10,20,106,TSCP_R,Gaussian,absolute_residual,0.89625,72530367021.25838,26.731240031504147,0.0020074844360351562,0.0,equicorrelated
0.1,10,20,106,Point_CHR,Gaussian,absolute_residual,0.971875,1031406526488.6027,39.73803708625121,0.0009989738464355469,0.0,equicorrelated
0.1,10,20,106,Unscaled,Gaussian,absolute_residual,0.944375,19781645507611.543,21.361229278206878,0.0,0.0,equicorrelated
0.1,10,20,106,Empirical_copula,Gaussian,absolute_residual,0.65875,7531030645.735525,22.072214478515797,0.0,0.0,equicorrelated
0.1,10,20,107,TSCP_R,Gaussian,absolute_residual,0.908125,121567016440.75671,30.12121109647082,0.0020270347595214844,0.0,equicorrelated
0.1,10,20,107,Point_CHR,Gaussian,absolute_residual,0.851875,66813075222.25257,27.944052787637535,0.0009996891021728516,0.0,equicorrelated
0.1,10,20,107,Unscaled,Gaussian,absolute_residual,0.90375,9393197628173.674,19.82811120580481,0.0,0.0,equicorrelated
0.1,10,20,107,Empirical_copula,Gaussian,absolute_residual,0.639375,6337095350.41145,19.85544858377407,0.0,0.0,equicorrelated
0.1,10,20,108,TSCP_R,Gaussian,absolute_residual,0.91125,244663830279.14386,27.98070043215799,0.0020236968994140625,0.0,equicorrelated
0.1,10,20,108,Point_CHR,Gaussian,absolute_residual,0.959375,2202313614360.3267,31.92722554107579,0.0009996891021728516,0.0,equicorrelated
0.1,10,20,108,Unscaled,Gaussian,absolute_residual,0.89375,6814270380459.846,19.201799746772853,0.0,0.0,equicorrelated
0.1,10,20,108,Empirical_copula,Gaussian,absolute_residual,0.603125,5395123798.109732,21.313088419744656,0.0,0.0,equicorrelated
0.1,10,20,109,TSCP_R,Gaussian,absolute_residual,0.845625,26758518998.668655,24.977898517434483,0.0020055770874023438,0.0,equicorrelated
0.1,10,20,109,Point_CHR,Gaussian,absolute_residual,0.881875,198447757111.6201,37.842233485353276,0.00099945068359375,0.0,equicorrelated
0.1,10,20,109,Unscaled,Gaussian,absolute_residual,0.899375,6019130265955.5,18.965023022214435,0.0,0.0,equicorrelated
0.1,10,20,109,Empirical_copula,Gaussian,absolute_residual,0.5225,2390321578.4977913,20.66297955354888,0.0,0.0,equicorrelated
0.1,10,20,110,TSCP_R,Gaussian,absolute_residual,0.984375,373268133762.4216,35.3779019231911,0.003001689910888672,0.0,equicorrelated
0.1,10,20,110,Point_CHR,Gaussian,absolute_residual,0.8725,59279109948.97448,33.43408180513239,0.0009989738464355469,0.0,equicorrelated
0.1,10,20,110,Unscaled,Gaussian,absolute_residual,0.920625,14984939592432.04,20.776170450913614,0.0,0.0,equicorrelated
0.1,10,20,110,Empirical_copula,Gaussian,absolute_residual,0.659375,6707101992.644161,25.58057287439626,0.0010018348693847656,0.0,equicorrelated
0.1,10,20,111,TSCP_R,Gaussian,absolute_residual,0.885625,65830917158.20802,29.36370656217417,0.0030012130737304688,0.0,equicorrelated
0.1,10,20,111,Point_CHR,Gaussian,absolute_residual,0.949375,385692851674.746,33.06376637224569,0.001001119613647461,0.0,equicorrelated
0.1,10,20,111,Unscaled,Gaussian,absolute_residual,0.919375,13765234957192.41,20.60052853190991,0.0,0.0,equicorrelated
0.1,10,20,111,Empirical_copula,Gaussian,absolute_residual,0.60875,6285910218.875727,24.027337885115134,0.0,0.0,equicorrelated
0.1,10,20,112,TSCP_R,Gaussian,absolute_residual,0.86625,49485084120.45329,26.139952931560067,0.001999378204345703,0.0,equicorrelated
0.1,10,20,112,Point_CHR,Gaussian,absolute_residual,0.9175,745789146477.1946,37.48809994364416,0.0,0.0,equicorrelated
0.1,10,20,112,Unscaled,Gaussian,absolute_residual,0.7525,1011017770386.734,15.86630793674771,0.0,0.0,equicorrelated
0.1,10,20,112,Empirical_copula,Gaussian,absolute_residual,0.609375,5201556261.7249975,20.45961701873308,0.0,0.0,equicorrelated
0.1,10,20,113,TSCP_R,Gaussian,absolute_residual,0.92375,101972231392.21065,35.472411811425864,0.0020012855529785156,0.0,equicorrelated
0.1,10,20,113,Point_CHR,Gaussian,absolute_residual,0.94625,240670950524.5884,39.88002581622922,0.0009984970092773438,0.0,equicorrelated
0.1,10,20,113,Unscaled,Gaussian,absolute_residual,0.948125,30736175456147.152,22.323638579969856,0.0,0.0,equicorrelated
0.1,10,20,113,Empirical_copula,Gaussian,absolute_residual,0.62375,4902701899.167124,22.48270589185175,0.0,0.0,equicorrelated
0.1,10,20,114,TSCP_R,Gaussian,absolute_residual,0.944375,248633132258.77295,26.062391076002715,0.0030007362365722656,0.0,equicorrelated
0.1,10,20,114,Point_CHR,Gaussian,absolute_residual,0.916875,249442899519.83176,31.26956129105584,0.0,0.0,equicorrelated
0.1,10,20,114,Unscaled,Gaussian,absolute_residual,0.746875,760645637845.6991,15.42120242402399,0.0,0.0,equicorrelated
0.1,10,20,114,Empirical_copula,Gaussian,absolute_residual,0.615625,4424404496.580558,19.525662081986162,0.001009225845336914,0.0,equicorrelated
0.1,10,20,115,TSCP_R,Gaussian,absolute_residual,0.889375,85279929613.36282,30.55345510495534,0.002000093460083008,0.0,equicorrelated
0.1,10,20,115,Point_CHR,Gaussian,absolute_residual,0.848125,50673270193.433586,29.666315477564375,0.0010037422180175781,0.0,equicorrelated
0.1,10,20,115,Unscaled,Gaussian,absolute_residual,0.901875,9283714559354.387,19.80487829407672,0.0,0.0,equicorrelated
0.1,10,20,115,Empirical_copula,Gaussian,absolute_residual,0.50125,2441793986.9690037,20.66202433023461,0.0,0.0,equicorrelated
0.1,10,20,116,TSCP_R,Gaussian,absolute_residual,0.768125,23576283661.77485,26.42601281735375,0.003000497817993164,0.0,equicorrelated
0.1,10,20,116,Point_CHR,Gaussian,absolute_residual,0.943125,516748887176.4714,38.65215076346966,0.0,0.0,equicorrelated
0.1,10,20,116,Unscaled,Gaussian,absolute_residual,0.854375,4163542862668.6978,18.278742045079422,0.0,0.0,equicorrelated
0.1,10,20,116,Empirical_copula,Gaussian,absolute_residual,0.481875,2694278367.23314,21.91845389883758,0.001001119613647461,0.0,equicorrelated
0.1,10,20,117,TSCP_R,Gaussian,absolute_residual,0.95875,256461048039.30408,37.202360753283756,0.0030090808868408203,0.0,equicorrelated
0.1,10,20,117,Point_CHR,Gaussian,absolute_residual,0.985625,8636243469928.478,50.98893044953327,0.0,0.0,equicorrelated
0.1,10,20,117,Unscaled,Gaussian,absolute_residual,0.920625,13608153527804.299,20.57689872288517,0.0,0.0,equicorrelated
0.1,10,20,117,Empirical_copula,Gaussian,absolute_residual,0.79125,19005801218.900337,26.436343334615216,0.0009975433349609375,0.0,equicorrelated
0.1,10,20,118,TSCP_R,Gaussian,absolute_residual,0.845625,48131446425.804375,25.371752870820803,0.003001689910888672,0.0,equicorrelated
0.1,10,20,118,Point_CHR,Gaussian,absolute_residual,0.843125,47622889746.60673,24.93747775724716,0.0,0.0,equicorrelated
0.1,10,20,118,Unscaled,Gaussian,absolute_residual,0.83625,3015577402452.844,17.698523955727357,0.0,0.0,equicorrelated
0.1,10,20,118,Empirical_copula,Gaussian,absolute_residual,0.58875,4455048893.980564,18.241725816319477,0.0010013580322265625,0.0,equicorrelated
0.1,10,20,119,TSCP_R,Gaussian,absolute_residual,0.754375,15587043194.459763,22.119079507219197,0.0030083656311035156,0.0,equicorrelated
0.1,10,20,119,Point_CHR,Gaussian,absolute_residual,0.896875,191526584302.65955,27.942018238919555,0.0,0.0,equicorrelated
0.1,10,20,119,Unscaled,Gaussian,absolute_residual,0.798125,1663627509114.4565,16.67652693721952,0.0,0.0,equicorrelated
0.1,10,20,119,Empirical_copula,Gaussian,absolute_residual,0.52625,2356045365.382105,19.01958719919097,0.0009984970092773438,0.0,equicorrelated
0.1,10,20,120,TSCP_R,Gaussian,absolute_residual,0.92875,82619641384.90843,29.563517278752037,0.0030007362365722656,0.0,equicorrelated
0.1,10,20,120,Point_CHR,Gaussian,absolute_residual,0.945625,635592351097.5626,41.804914847616445,0.0010018348693847656,0.0,equicorrelated
0.1,10,20,120,Unscaled,Gaussian,absolute_residual,0.93125,17392751235107.295,21.088069709587526,0.0,0.0,equicorrelated
0.1,10,20,120,Empirical_copula,Gaussian,absolute_residual,0.651875,5691194909.680164,24.868474887665606,0.0,0.0,equicorrelated
0.1,10,20,121,TSCP_R,Gaussian,absolute_residual,0.961875,233827556767.1643,35.47441094534333,0.0020034313201904297,0.0,equicorrelated
0.1,10,20,121,Point_CHR,Gaussian,absolute_residual,0.785625,54896984807.42192,28.197599188160076,0.0009989738464355469,0.0,equicorrelated
0.1,10,20,121,Unscaled,Gaussian,absolute_residual,0.94125,23047433357491.62,21.690135085086528,0.0,0.0,equicorrelated
0.1,10,20,121,Empirical_copula,Gaussian,absolute_residual,0.661875,9066441031.69682,23.452075361396645,0.0,0.0,equicorrelated
0.1,10,20,122,TSCP_R,Gaussian,absolute_residual,0.925625,147771967033.46063,34.553207825376994,0.0020074844360351562,0.0,equicorrelated
0.1,10,20,122,Point_CHR,Gaussian,absolute_residual,0.78875,37730764419.32692,38.39975218853419,0.0009996891021728516,0.0,equicorrelated
0.1,10,20,122,Unscaled,Gaussian,absolute_residual,0.986875,223571014766575.16,27.22334893759104,0.0,0.0,equicorrelated
0.1,10,20,122,Empirical_copula,Gaussian,absolute_residual,0.565,4906935637.276437,29.650798497862393,0.0,0.0,equicorrelated
0.1,10,20,123,TSCP_R,Gaussian,absolute_residual,0.87,103107367365.03105,24.503599205499835,0.003007650375366211,0.0,equicorrelated
0.1,10,20,123,Point_CHR,Gaussian,absolute_residual,0.869375,217375586721.69083,29.712699649537704,0.0,0.0,equicorrelated
0.1,10,20,123,Unscaled,Gaussian,absolute_residual,0.851875,4813775320913.165,18.545928520892947,0.0,0.0,equicorrelated
0.1,10,20,123,Empirical_copula,Gaussian,absolute_residual,0.60375,6854152148.237044,18.756013960919574,0.0009987354278564453,0.0,equicorrelated
0.1,10,20,124,TSCP_R,Gaussian,absolute_residual,0.993125,1641834868642.2522,39.8823991859809,0.002000570297241211,0.0,equicorrelated
0.1,10,20,124,Point_CHR,Gaussian,absolute_residual,0.963125,1284948921771.6243,33.64161866622335,0.0,0.0,equicorrelated
0.1,10,20,124,Unscaled,Gaussian,absolute_residual,0.83875,2820127307970.7812,17.580323865188404,0.0,0.0,equicorrelated
0.1,10,20,124,Empirical_copula,Gaussian,absolute_residual,0.580625,3978194093.227413,18.188989463732604,0.0,0.0,equicorrelated
0.1,10,20,125,TSCP_R,Gaussian,absolute_residual,0.96625,456956682450.8367,35.891879951009585,0.0030002593994140625,0.0,equicorrelated
0.1,10,20,125,Point_CHR,Gaussian,absolute_residual,0.9775,4280964393918.3594,40.73740555035373,0.0,0.0,equicorrelated
0.1,10,20,125,Unscaled,Gaussian,absolute_residual,0.97125,58845386936262.62,23.821617243485097,0.0,0.0,equicorrelated
0.1,10,20,125,Empirical_copula,Gaussian,absolute_residual,0.7425,14199583758.44804,24.41652878730149,0.0010025501251220703,0.0,equicorrelated
0.1,10,20,126,TSCP_R,Gaussian,absolute_residual,0.8275,28261493721.198647,25.97801312518861,0.003011941909790039,0.0,equicorrelated
0.1,10,20,126,Point_CHR,Gaussian,absolute_residual,0.6125,5417130631.340187,22.42139707546148,0.0,0.0,equicorrelated
0.1,10,20,126,Unscaled,Gaussian,absolute_residual,0.935625,13499610207323.443,20.56042666874389,0.0,0.0,equicorrelated
0.1,10,20,126,Empirical_copula,Gaussian,absolute_residual,0.5325,2964448054.2074146,20.96867322642327,0.0009865760803222656,0.0,equicorrelated
0.1,10,20,127,TSCP_R,Gaussian,absolute_residual,0.97625,478535151886.3505,33.48505303071717,0.0019958019256591797,0.0,equicorrelated
0.1,10,20,127,Point_CHR,Gaussian,absolute_residual,0.880625,92666975347.2884,25.03425264885438,0.0009999275207519531,0.0,equicorrelated
0.1,10,20,127,Unscaled,Gaussian,absolute_residual,0.83875,2748140031982.896,17.534923917290868,0.0,0.0,equicorrelated
0.1,10,20,127,Empirical_copula,Gaussian,absolute_residual,0.619375,5864029226.737476,20.44318203214173,0.0,0.0,equicorrelated
0.1,10,20,128,TSCP_R,Gaussian,absolute_residual,1.0,12360315380272.443,49.22535470445058,0.0020074844360351562,0.0,equicorrelated
0.1,10,20,128,Point_CHR,Gaussian,absolute_residual,0.994375,21179337070401.414,82.59473575516347,0.0009922981262207031,0.0,equicorrelated
0.1,10,20,128,Unscaled,Gaussian,absolute_residual,0.821875,2372931870531.598,17.279394776770676,0.0,0.0,equicorrelated
0.1,10,20,128,Empirical_copula,Gaussian,absolute_residual,0.78,19028221101.805386,33.38652732318662,0.0,0.0,equicorrelated
0.1,10,20,129,TSCP_R,Gaussian,absolute_residual,0.819375,24279396916.3617,22.031322611150514,0.002001047134399414,0.0,equicorrelated
0.1,10,20,129,Point_CHR,Gaussian,absolute_residual,0.96125,1602147478250.3008,32.51782384662411,0.0010013580322265625,0.0,equicorrelated
0.1,10,20,129,Unscaled,Gaussian,absolute_residual,0.900625,7358996482294.167,19.350039661930847,0.0,0.0,equicorrelated
0.1,10,20,129,Empirical_copula,Gaussian,absolute_residual,0.471875,1821030895.1657636,19.49897872251991,0.0,0.0,equicorrelated
0.1,10,20,130,TSCP_R,Gaussian,absolute_residual,0.97625,329439271375.7994,30.97803445667534,0.003006458282470703,0.0,equicorrelated
0.1,10,20,130,Point_CHR,Gaussian,absolute_residual,0.933125,500864760291.6446,35.89516431273975,0.0,0.0,equicorrelated
0.1,10,20,130,Unscaled,Gaussian,absolute_residual,0.835,2722289271452.456,17.518359208100847,0.0,0.0,equicorrelated
0.1,10,20,130,Empirical_copula,Gaussian,absolute_residual,0.58875,4714735691.149918,18.32173646815169,0.00099945068359375,0.0,equicorrelated
0.1,10,20,131,TSCP_R,Gaussian,absolute_residual,0.97625,436943267997.35406,39.959152518081645,0.00200653076171875,0.0,equicorrelated
0.1,10,20,131,Point_CHR,Gaussian,absolute_residual,0.905,186189489674.4441,39.232024352908724,0.0,0.0,equicorrelated
0.1,10,20,131,Unscaled,Gaussian,absolute_residual,0.98875,215656604554353.4,27.125407817170096,0.0009996891021728516,0.0,equicorrelated
0.1,10,20,131,Empirical_copula,Gaussian,absolute_residual,0.679375,10529999121.25156,27.903256314208708,0.0,0.0,equicorrelated
0.1,10,20,132,TSCP_R,Gaussian,absolute_residual,0.934375,173345710935.36267,30.699386711948517,0.003017425537109375,0.0,equicorrelated
0.1,10,20,132,Point_CHR,Gaussian,absolute_residual,0.974375,1642702772255.9187,44.113291355934706,0.000993490219116211,0.0,equicorrelated
0.1,10,20,132,Unscaled,Gaussian,absolute_residual,0.933125,20835109686450.438,21.47235007681242,0.0,0.0,equicorrelated
0.1,10,20,132,Empirical_copula,Gaussian,absolute_residual,0.765625,18188430529.399914,24.54957064103609,0.0,0.0,equicorrelated
0.1,10,20,133,TSCP_R,Gaussian,absolute_residual,0.9675,284279025674.6992,28.210539456032524,0.0019927024841308594,0.0,equicorrelated
0.1,10,20,133,Point_CHR,Gaussian,absolute_residual,0.75375,26132824159.944366,26.384193598064115,0.0,0.0,equicorrelated
0.1,10,20,133,Unscaled,Gaussian,absolute_residual,0.8075,1883133830395.8655,16.88449666171673,0.0,0.0,equicorrelated
0.1,10,20,133,Empirical_copula,Gaussian,absolute_residual,0.429375,1977477729.6161118,17.088523403084864,0.0,0.0,equicorrelated
0.1,10,20,134,TSCP_R,Gaussian,absolute_residual,0.858125,60546362665.22858,28.955692593615897,0.0020058155059814453,0.0,equicorrelated
0.1,10,20,134,Point_CHR,Gaussian,absolute_residual,0.91625,188909814827.76947,30.832503375907855,0.0,0.0,equicorrelated
0.1,10,20,134,Unscaled,Gaussian,absolute_residual,0.888125,5758625013767.531,18.881299445760856,0.0,0.0,equicorrelated
0.1,10,20,134,Empirical_copula,Gaussian,absolute_residual,0.5275,3011031357.9115014,19.859274022160665,0.001003265380859375,0.0,equicorrelated
0.1,10,20,135,TSCP_R,Gaussian,absolute_residual,0.9925,1273502893662.8145,41.19368965122696,0.0019991397857666016,0.0,equicorrelated
0.1,10,20,135,Point_CHR,Gaussian,absolute_residual,0.961875,254945587160625.03,94.66163098555383,0.0009996891021728516,0.0,equicorrelated
0.1,10,20,135,Unscaled,Gaussian,absolute_residual,0.966875,56436414610670.36,23.72225344517451,0.0,0.0,equicorrelated
0.1,10,20,135,Empirical_copula,Gaussian,absolute_residual,0.690625,11941659325.91443,25.52498757819272,0.0,0.0,equicorrelated
0.1,10,20,136,TSCP_R,Gaussian,absolute_residual,0.745,19678333481.266407,28.052453236755575,0.0020003318786621094,0.0,equicorrelated
0.1,10,20,136,Point_CHR,Gaussian,absolute_residual,0.813125,53791116487.97599,30.004804847157597,0.0010013580322265625,0.0,equicorrelated
0.1,10,20,136,Unscaled,Gaussian,absolute_residual,0.933125,19386567537711.566,21.31817839946794,0.0,0.0,equicorrelated
0.1,10,20,136,Empirical_copula,Gaussian,absolute_residual,0.505,3006430856.346043,23.365194613695554,0.0,0.0,equicorrelated
0.1,10,20,137,TSCP_R,Gaussian,absolute_residual,0.985625,927597982865.7434,33.74881478850564,0.0030062198638916016,0.0,equicorrelated
0.1,10,20,137,Point_CHR,Gaussian,absolute_residual,0.8975,214372103143.6739,28.2427218744116,0.0,0.0,equicorrelated
0.1,10,20,137,Unscaled,Gaussian,absolute_residual,0.886875,5984722368756.749,18.954153822832836,0.0,0.0,equicorrelated
0.1,10,20,137,Empirical_copula,Gaussian,absolute_residual,0.7575,18130323403.417286,20.990007290906036,0.0009996891021728516,0.0,equicorrelated
0.1,10,20,138,TSCP_R,Gaussian,absolute_residual,0.983125,1229089056865.966,43.687427262423085,0.0020067691802978516,0.0,equicorrelated
0.1,10,20,138,Point_CHR,Gaussian,absolute_residual,1.0,419928317063718.3,82.42875893064559,0.0,0.0,equicorrelated
0.1,10,20,138,Unscaled,Gaussian,absolute_residual,0.960625,35554001165700.66,22.65107657312037,0.0,0.0,equicorrelated
0.1,10,20,138,Empirical_copula,Gaussian,absolute_residual,0.665,12711366225.666813,23.457877549294324,0.0,0.0,equicorrelated
0.1,10,20,139,TSCP_R,Gaussian,absolute_residual,0.944375,305013050641.01654,36.40822787520487,0.001999378204345703,0.0,equicorrelated
0.1,10,20,139,Point_CHR,Gaussian,absolute_residual,0.955625,1038375503543.5692,43.17326020157901,0.0,0.0,equicorrelated
0.1,10,20,139,Unscaled,Gaussian,absolute_residual,0.860625,3033014903537.9155,17.708731549799417,0.0,0.0,equicorrelated
0.1,10,20,139,Empirical_copula,Gaussian,absolute_residual,0.494375,2875817037.392978,19.06676476318847,0.0,0.0,equicorrelated
0.1,10,20,140,TSCP_R,Gaussian,absolute_residual,0.806875,34431021628.85752,29.52115495641954,0.0019981861114501953,0.0,equicorrelated
0.1,10,20,140,Point_CHR,Gaussian,absolute_residual,0.990625,4899258221081.024,46.87185356879411,0.0,0.0,equicorrelated
0.1,10,20,140,Unscaled,Gaussian,absolute_residual,0.919375,10712433013839.42,20.090410560382647,0.001001596450805664,0.0,equicorrelated
0.1,10,20,140,Empirical_copula,Gaussian,absolute_residual,0.663125,11647569475.769869,28.76048942807102,0.0,0.0,equicorrelated
0.1,10,20,141,TSCP_R,Gaussian,absolute_residual,0.725625,9435347111.195026,24.306805076343956,0.0030069351196289062,0.0,equicorrelated
0.1,10,20,141,Point_CHR,Gaussian,absolute_residual,0.714375,13248872512.009161,27.616964398690094,0.0,0.0,equicorrelated
0.1,10,20,141,Unscaled,Gaussian,absolute_residual,0.793125,1639311315762.4443,16.65199008678289,0.0,0.0,equicorrelated
0.1,10,20,141,Empirical_copula,Gaussian,absolute_residual,0.444375,1195846962.0007932,20.07449528183271,0.0009989738464355469,0.0,equicorrelated
0.1,10,20,142,TSCP_R,Gaussian,absolute_residual,0.964375,292586970431.91516,41.562714569775956,0.0020067691802978516,0.0,equicorrelated
0.1,10,20,142,Point_CHR,Gaussian,absolute_residual,0.900625,107053998029.51802,38.18893622050704,0.0009999275207519531,0.0,equicorrelated
0.1,10,20,142,Unscaled,Gaussian,absolute_residual,0.994375,551176677121409.1,29.79401850876568,0.0,0.0,equicorrelated
0.1,10,20,142,Empirical_copula,Gaussian,absolute_residual,0.73,15857058904.452187,33.07465823113823,0.0,0.0,equicorrelated
0.1,10,20,143,TSCP_R,Gaussian,absolute_residual,0.97875,658245221758.8472,32.24763318590626,0.0030164718627929688,0.0,equicorrelated
0.1,10,20,143,Point_CHR,Gaussian,absolute_residual,0.968125,1398645488339.1023,41.87394936760106,0.0,0.0,equicorrelated
0.1,10,20,143,Unscaled,Gaussian,absolute_residual,0.93625,16687864751873.496,21.001004942097445,0.0,0.0,equicorrelated
0.1,10,20,143,Empirical_copula,Gaussian,absolute_residual,0.70625,12090219197.407022,25.435941397017537,0.000989675521850586,0.0,equicorrelated
0.1,10,20,144,TSCP_R,Gaussian,absolute_residual,0.905,150041270360.6059,26.45279144271479,0.0030069351196289062,0.0,equicorrelated
0.1,10,20,144,Point_CHR,Gaussian,absolute_residual,0.701875,24958764745.882797,27.683406606739265,0.0,0.0,equicorrelated
0.1,10,20,144,Unscaled,Gaussian,absolute_residual,0.868125,4776390961984.319,18.531474945538683,0.0,0.0,equicorrelated
0.1,10,20,144,Empirical_copula,Gaussian,absolute_residual,0.551875,6150436302.054328,23.14272824071402,0.0009996891021728516,0.0,equicorrelated
0.1,10,20,145,TSCP_R,Gaussian,absolute_residual,0.906875,329307525584.4425,35.80561143388438,0.0030066967010498047,0.0,equicorrelated
0.1,10,20,145,Point_CHR,Gaussian,absolute_residual,0.769375,255391862624.38983,34.852443665757576,0.0,0.0,equicorrelated
0.1,10,20,145,Unscaled,Gaussian,absolute_residual,0.895625,5919731204351.094,18.933469253444173,0.0,0.0,equicorrelated
0.1,10,20,145,Empirical_copula,Gaussian,absolute_residual,0.5325,5209346562.608938,20.640744842972737,0.0010006427764892578,0.0,equicorrelated
0.1,10,20,146,TSCP_R,Gaussian,absolute_residual,0.89,69364758991.59001,34.20769900453213,0.0020275115966796875,0.0,equicorrelated
0.1,10,20,146,Point_CHR,Gaussian,absolute_residual,0.914375,97804246148.72035,28.19107641690879,0.0009925365447998047,0.0,equicorrelated
0.1,10,20,146,Unscaled,Gaussian,absolute_residual,0.948125,28795967670045.215,22.178550944958914,0.0,0.0,equicorrelated
0.1,10,20,146,Empirical_copula,Gaussian,absolute_residual,0.556875,4335969304.566441,28.19107641690879,0.0,0.0,equicorrelated
0.1,10,20,147,TSCP_R,Gaussian,absolute_residual,0.98875,1960682991801.2893,40.660584393671975,0.0020072460174560547,0.0,equicorrelated
0.1,10,20,147,Point_CHR,Gaussian,absolute_residual,0.99375,4598917862725.443,64.38338049876613,0.0010001659393310547,0.0,equicorrelated
0.1,10,20,147,Unscaled,Gaussian,absolute_residual,0.995,420420726805965.56,28.998024460951815,0.0,0.0,equicorrelated
0.1,10,20,147,Empirical_copula,Gaussian,absolute_residual,0.745625,40041768465.38003,29.18548394366793,0.0,0.0,equicorrelated
0.1,10,20,148,TSCP_R,Gaussian,absolute_residual,0.98625,916258236904.3387,39.96988915870873,0.002007007598876953,0.0,equicorrelated
0.1,10,20,148,Point_CHR,Gaussian,absolute_residual,0.989375,11001156175430.627,72.08976638659212,0.0009996891021728516,0.0,equicorrelated
0.1,10,20,148,Unscaled,Gaussian,absolute_residual,0.97125,84273726091800.16,24.692736364769626,0.0,0.0,equicorrelated
0.1,10,20,148,Empirical_copula,Gaussian,absolute_residual,0.80375,22893307426.976265,26.49462612265108,0.0,0.0,equicorrelated
0.1,10,20,149,TSCP_R,Gaussian,absolute_residual,0.978125,386132450100.0238,40.513988146712556,0.0020072460174560547,0.0,equicorrelated
0.1,10,20,149,Point_CHR,Gaussian,absolute_residual,0.975625,457282898970.64264,45.90972260313251,0.0,0.0,equicorrelated
0.1,10,20,149,Unscaled,Gaussian,absolute_residual,0.964375,42744400829066.31,23.072142393784844,0.0,0.0,equicorrelated
0.1,10,20,149,Empirical_copula,Gaussian,absolute_residual,0.5375,3680859721.7879834,24.481545542972952,0.0,0.0,equicorrelated
0.1,10,20,150,TSCP_R,Gaussian,absolute_residual,0.9425,247444726100.0015,33.36285573574628,0.003006458282470703,0.0,equicorrelated
0.1,10,20,150,Point_CHR,Gaussian,absolute_residual,0.81875,55618520952.11513,28.89870844501629,0.0,0.0,equicorrelated
0.1,10,20,150,Unscaled,Gaussian,absolute_residual,0.94,18613464968854.188,21.231599954458797,0.0,0.0,equicorrelated
0.1,10,20,150,Empirical_copula,Gaussian,absolute_residual,0.631875,7111671767.652662,21.432474030234033,0.0009996891021728516,0.0,equicorrelated
0.1,10,20,151,TSCP_R,Gaussian,absolute_residual,0.980625,649837914082.1173,36.31201573042054,0.0020093917846679688,0.0,equicorrelated
0.1,10,20,151,Point_CHR,Gaussian,absolute_residual,0.988125,2881850370492.033,39.995550408918156,0.0010013580322265625,0.0,equicorrelated
0.1,10,20,151,Unscaled,Gaussian,absolute_residual,0.935,18300630941787.906,21.195643500203303,0.0,0.0,equicorrelated
0.1,10,20,151,Empirical_copula,Gaussian,absolute_residual,0.65375,9887082657.82513,22.238887630687906,0.0009984970092773438,0.0,equicorrelated
0.1,10,20,152,TSCP_R,Gaussian,absolute_residual,0.9275,116067038416.92554,28.037883920357164,0.003007173538208008,0.0,equicorrelated
0.1,10,20,152,Point_CHR,Gaussian,absolute_residual,0.905625,190814253218.97073,31.524863029801388,0.0,0.0,equicorrelated
0.1,10,20,152,Unscaled,Gaussian,absolute_residual,0.89,6451232824669.188,19.096961457608405,0.0,0.0,equicorrelated
0.1,10,20,152,Empirical_copula,Gaussian,absolute_residual,0.718125,9264519001.062672,20.286145951874335,0.0009927749633789062,0.0,equicorrelated
0.1,10,20,153,TSCP_R,Gaussian,absolute_residual,0.996875,4169107069246.2153,43.04244948349583,0.0030438899993896484,0.0,equicorrelated
0.1,10,20,153,Point_CHR,Gaussian,absolute_residual,0.996875,9778285293676.54,63.68298351121053,0.0,0.0,equicorrelated
0.1,10,20,153,Unscaled,Gaussian,absolute_residual,0.983125,158795171344292.6,26.30775139777359,0.0,0.0,equicorrelated
0.1,10,20,153,Empirical_copula,Gaussian,absolute_residual,0.811875,26961603767.864223,27.10801012897294,0.0009937286376953125,0.0,equicorrelated
0.1,10,20,154,TSCP_R,Gaussian,absolute_residual,0.97,417316219764.6081,30.580700902892215,0.0020096302032470703,0.0,equicorrelated
0.1,10,20,154,Point_CHR,Gaussian,absolute_residual,0.980625,884176253839.2643,43.54765849803893,0.0,0.0,equicorrelated
0.1,10,20,154,Unscaled,Gaussian,absolute_residual,0.76875,1472399364115.7385,16.474132783267283,0.0,0.0,equicorrelated
0.1,10,20,154,Empirical_copula,Gaussian,absolute_residual,0.669375,8462179952.196212,24.10096530814878,0.0,0.0,equicorrelated
0.1,10,20,155,TSCP_R,Gaussian,absolute_residual,0.98375,915874532555.655,34.08746048536433,0.0030066967010498047,0.0,equicorrelated
0.1,10,20,155,Point_CHR,Gaussian,absolute_residual,0.930625,208844112803.68463,32.64047041649899,0.0,0.0,equicorrelated
0.1,10,20,155,Unscaled,Gaussian,absolute_residual,0.968125,61515144616346.234,23.927548485468364,0.0,0.0,equicorrelated
0.1,10,20,155,Empirical_copula,Gaussian,absolute_residual,0.6925,8546360505.3056965,27.471485650596904,0.0009942054748535156,0.0,equicorrelated
0.1,10,20,156,TSCP_R,Gaussian,absolute_residual,0.984375,410154238301.22253,30.368928982996863,0.002006053924560547,0.0,equicorrelated
0.1,10,20,156,Point_CHR,Gaussian,absolute_residual,0.951875,229905508049.71448,29.161142504136635,0.0009996891021728516,0.0,equicorrelated
0.1,10,20,156,Unscaled,Gaussian,absolute_residual,0.88625,4930318580690.761,18.590347088563053,0.0,0.0,equicorrelated
0.1,10,20,156,Empirical_copula,Gaussian,absolute_residual,0.730625,9580357094.699505,27.532950418850636,0.0009984970092773438,0.0,equicorrelated
0.1,10,20,157,TSCP_R,Gaussian,absolute_residual,0.95,264115452466.6416,35.3532412168074,0.0020148754119873047,0.0,equicorrelated
0.1,10,20,157,Point_CHR,Gaussian,absolute_residual,0.985625,8140079388064.158,65.17101250885548,0.0009930133819580078,0.0,equicorrelated
0.1,10,20,157,Unscaled,Gaussian,absolute_residual,0.99125,220685599679844.97,27.188008656188508,0.0,0.0,equicorrelated
0.1,10,20,157,Empirical_copula,Gaussian,absolute_residual,0.60375,6637754902.761841,27.554728449957995,0.0,0.0,equicorrelated
0.1,10,20,158,TSCP_R,Gaussian,absolute_residual,0.969375,502723717307.8648,41.90441323062571,0.002007722854614258,0.0,equicorrelated
0.1,10,20,158,Point_CHR,Gaussian,absolute_residual,0.903125,420166628509.0025,47.64989521898306,0.0009927749633789062,0.0,equicorrelated
0.1,10,20,158,Unscaled,Gaussian,absolute_residual,0.989375,149000971336831.75,26.14080214155315,0.0,0.0,equicorrelated
0.1,10,20,158,Empirical_copula,Gaussian,absolute_residual,0.620625,9087986688.210438,28.28638787025071,0.0,0.0,equicorrelated
0.1,10,20,159,TSCP_R,Gaussian,absolute_residual,0.901875,101941082223.75954,32.047511810485005,0.0030007362365722656,0.0,equicorrelated
0.1,10,20,159,Point_CHR,Gaussian,absolute_residual,0.783125,39364419814.87885,26.56061877066287,0.0009987354278564453,0.0,equicorrelated
0.1,10,20,159,Unscaled,Gaussian,absolute_residual,0.9125,8510492762642.774,19.633398007399926,0.0,0.0,equicorrelated
0.1,10,20,159,Empirical_copula,Gaussian,absolute_residual,0.575625,4522626742.986778,20.447354994172322,0.0,0.0,equicorrelated
0.1,10,20,160,TSCP_R,Gaussian,absolute_residual,0.8825,40622599390.15118,25.13514661212207,0.002001047134399414,0.0,equicorrelated
0.1,10,20,160,Point_CHR,Gaussian,absolute_residual,0.89875,2274951750400.67,45.896174716496034,0.0,0.0,equicorrelated
0.1,10,20,160,Unscaled,Gaussian,absolute_residual,0.859375,4172861898021.814,18.28282916326697,0.0009982585906982422,0.0,equicorrelated
0.1,10,20,160,Empirical_copula,Gaussian,absolute_residual,0.578125,3194390098.585849,19.879898158672663,0.0,0.0,equicorrelated
0.1,10,20,161,TSCP_R,Gaussian,absolute_residual,0.948125,545086254967.772,31.259777670226796,0.002001523971557617,0.0,equicorrelated
0.1,10,20,161,Point_CHR,Gaussian,absolute_residual,0.9075,819223801747.5175,34.90498903214305,0.0010001659393310547,0.0,equicorrelated
0.1,10,20,161,Unscaled,Gaussian,absolute_residual,0.80125,1598732284608.2468,16.610303754414055,0.0,0.0,equicorrelated
0.1,10,20,161,Empirical_copula,Gaussian,absolute_residual,0.4075,2027156439.8161638,17.2993439235883,0.0,0.0,equicorrelated
0.1,10,20,162,TSCP_R,Gaussian,absolute_residual,0.6975,17933854849.946793,32.78235837145834,0.002001047134399414,0.0,equicorrelated
0.1,10,20,162,Point_CHR,Gaussian,absolute_residual,0.6925,46796937687.20261,45.45211541132879,0.0010004043579101562,0.0,equicorrelated
0.1,10,20,162,Unscaled,Gaussian,absolute_residual,0.944375,22992637733794.004,21.684972696891755,0.0,0.0,equicorrelated
0.1,10,20,162,Empirical_copula,Gaussian,absolute_residual,0.38125,1584384424.5524328,28.826329522751593,0.0,0.0,equicorrelated
0.1,10,20,163,TSCP_R,Gaussian,absolute_residual,0.96125,250641437372.35883,31.882535835484592,0.0030007362365722656,0.0,equicorrelated
0.1,10,20,163,Point_CHR,Gaussian,absolute_residual,0.936875,495203790810.45557,34.14901728821344,0.0,0.0,equicorrelated
0.1,10,20,163,Unscaled,Gaussian,absolute_residual,0.875,5073027103851.337,18.643468713528687,0.0010018348693847656,0.0,equicorrelated
0.1,10,20,163,Empirical_copula,Gaussian,absolute_residual,0.63375,5288347952.52791,21.571439839838003,0.0,0.0,equicorrelated
0.1,10,20,164,TSCP_R,Gaussian,absolute_residual,0.495,2324322438.4946823,17.52007061735373,0.0020008087158203125,0.0,equicorrelated
0.1,10,20,164,Point_CHR,Gaussian,absolute_residual,0.750625,32216383706.45095,23.6612524200873,0.001001119613647461,0.0,equicorrelated
0.1,10,20,164,Unscaled,Gaussian,absolute_residual,0.565625,160123372587.08444,13.196096199266838,0.0,0.0,equicorrelated
0.1,10,20,164,Empirical_copula,Gaussian,absolute_residual,0.28,336157073.6583238,15.304517597124184,0.0,0.0,equicorrelated
0.1,10,20,165,TSCP_R,Gaussian,absolute_residual,0.89875,82832741067.0222,29.975891123261214,0.001996278762817383,0.0,equicorrelated
0.1,10,20,165,Point_CHR,Gaussian,absolute_residual,0.9275,3471921896713.5894,50.26181531918423,0.0,0.0,equicorrelated
0.1,10,20,165,Unscaled,Gaussian,absolute_residual,0.903125,6615017954715.262,19.14490002208802,0.0,0.0,equicorrelated
0.1,10,20,165,Empirical_copula,Gaussian,absolute_residual,0.613125,5118706533.6121855,20.658712221755643,0.0,0.0,equicorrelated
0.1,10,20,166,TSCP_R,Gaussian,absolute_residual,0.98625,4558988974414.858,42.97078995362274,0.0020270347595214844,0.0,equicorrelated
0.1,10,20,166,Point_CHR,Gaussian,absolute_residual,0.979375,60000629511099.914,56.328795296960514,0.0009999275207519531,0.0,equicorrelated
0.1,10,20,166,Unscaled,Gaussian,absolute_residual,0.96,32727323488726.58,22.464204753979736,0.0,0.0,equicorrelated
0.1,10,20,166,Empirical_copula,Gaussian,absolute_residual,0.786875,54704722892.87213,28.466988889639108,0.0,0.0,equicorrelated
0.1,10,20,167,TSCP_R,Gaussian,absolute_residual,0.859375,38280323131.92383,30.874137476354257,0.0020067691802978516,0.0,equicorrelated
0.1,10,20,167,Point_CHR,Gaussian,absolute_residual,0.926875,816676682135.6625,47.382450385999924,0.0010004043579101562,0.0,equicorrelated
0.1,10,20,167,Unscaled,Gaussian,absolute_residual,0.96,37144208846115.195,22.7504038963195,0.0,0.0,equicorrelated
0.1,10,20,167,Empirical_copula,Gaussian,absolute_residual,0.560625,3793054865.715099,23.85593438144323,0.0,0.0,equicorrelated
0.1,10,20,168,TSCP_R,Gaussian,absolute_residual,0.905625,140063102464.72757,27.591021201351843,0.002000093460083008,0.0,equicorrelated
0.1,10,20,168,Point_CHR,Gaussian,absolute_residual,0.921875,1070099745750.1719,38.84238347506793,0.0010008811950683594,0.0,equicorrelated
0.1,10,20,168,Unscaled,Gaussian,absolute_residual,0.925625,13731462379617.914,20.59546866713142,0.0,0.0,equicorrelated
0.1,10,20,168,Empirical_copula,Gaussian,absolute_residual,0.599375,6737836973.93637,21.44048962912442,0.0,0.0,equicorrelated
0.1,10,20,169,TSCP_R,Gaussian,absolute_residual,0.98375,755907639171.8684,44.724630125514516,0.0020067691802978516,0.0,equicorrelated
0.1,10,20,169,Point_CHR,Gaussian,absolute_residual,0.79,26852453729.300915,28.996703220429445,0.00099945068359375,0.0,equicorrelated
0.1,10,20,169,Unscaled,Gaussian,absolute_residual,0.978125,95233424414617.28,24.996484857687683,0.0,0.0,equicorrelated
0.1,10,20,169,Empirical_copula,Gaussian,absolute_residual,0.6525,8264474819.424887,26.72071156291652,0.0,0.0,equicorrelated
0.1,10,20,170,TSCP_R,Gaussian,absolute_residual,0.8625,59677225910.26012,31.4803878307645,0.002007007598876953,0.0,equicorrelated
0.1,10,20,170,Point_CHR,Gaussian,absolute_residual,0.873125,114595955218.44566,35.60650115413092,0.0009996891021728516,0.0,equicorrelated
0.1,10,20,170,Unscaled,Gaussian,absolute_residual,0.9375,17806500468655.758,21.137706216723668,0.0,0.0,equicorrelated
0.1,10,20,170,Empirical_copula,Gaussian,absolute_residual,0.588125,3637986018.1442595,24.223624704243107,0.0,0.0,equicorrelated
0.1,10,20,171,TSCP_R,Gaussian,absolute_residual,0.9475,247699750442.00977,33.98693167104505,0.0020093917846679688,0.0,equicorrelated
0.1,10,20,171,Point_CHR,Gaussian,absolute_residual,0.99375,65889416108412.77,80.93229603953708,0.000997304916381836,0.0,equicorrelated
0.1,10,20,171,Unscaled,Gaussian,absolute_residual,0.955625,27209535503295.97,22.053225222195238,0.0,0.0,equicorrelated
0.1,10,20,171,Empirical_copula,Gaussian,absolute_residual,0.68625,13743295454.69269,27.497378223811875,0.0,0.0,equicorrelated
0.1,10,20,172,TSCP_R,Gaussian,absolute_residual,0.86875,62753639703.85481,26.33934538598197,0.0030069351196289062,0.0,equicorrelated
0.1,10,20,172,Point_CHR,Gaussian,absolute_residual,0.860625,56319460633.47551,23.79865910052024,0.0,0.0,equicorrelated
0.1,10,20,172,Unscaled,Gaussian,absolute_residual,0.82125,2049854598177.3833,17.028339710602452,0.0,0.0,equicorrelated
0.1,10,20,172,Empirical_copula,Gaussian,absolute_residual,0.55875,3838830956.848773,22.102566978392716,0.0010001659393310547,0.0,equicorrelated
0.1,10,20,173,TSCP_R,Gaussian,absolute_residual,0.93875,134969038507.2452,28.150177811684152,0.0030231475830078125,0.0,equicorrelated
0.1,10,20,173,Point_CHR,Gaussian,absolute_residual,0.953125,216614628902.6413,28.971842122589464,0.0,0.0,equicorrelated
0.1,10,20,173,Unscaled,Gaussian,absolute_residual,0.828125,2540143328472.8335,17.39745902290038,0.0,0.0,equicorrelated
0.1,10,20,173,Empirical_copula,Gaussian,absolute_residual,0.61625,3912130541.283797,24.190910599389333,0.0009992122650146484,0.0,equicorrelated
0.1,10,20,174,TSCP_R,Gaussian,absolute_residual,0.799375,83626480189.52853,31.22327344213619,0.0020074844360351562,0.0,equicorrelated
0.1,10,20,174,Point_CHR,Gaussian,absolute_residual,0.77,57137902465.30624,31.084793148374864,0.0009996891021728516,0.0,equicorrelated
0.1,10,20,174,Unscaled,Gaussian,absolute_residual,0.865,4004394930314.895,18.20764135513582,0.0,0.0,equicorrelated
0.1,10,20,174,Empirical_copula,Gaussian,absolute_residual,0.334375,1270610787.6243212,20.25765055640089,0.0,0.0,equicorrelated
0.1,10,20,175,TSCP_R,Gaussian,absolute_residual,0.95625,177242217295.09274,29.85123326701161,0.0020051002502441406,0.0,equicorrelated
0.1,10,20,175,Point_CHR,Gaussian,absolute_residual,0.938125,2022247833208.043,44.0633660495631,0.0009996891021728516,0.0,equicorrelated
0.1,10,20,175,Unscaled,Gaussian,absolute_residual,0.891875,5569384780248.308,18.818314499474045,0.0,0.0,equicorrelated
0.1,10,20,175,Empirical_copula,Gaussian,absolute_residual,0.67625,5997601076.498453,20.65736563163035,0.0,0.0,equicorrelated
0.1,10,20,176,TSCP_R,Gaussian,absolute_residual,0.829375,29968421801.60445,24.6753639025031,0.0020072460174560547,0.0,equicorrelated
0.1,10,20,176,Point_CHR,Gaussian,absolute_residual,0.919375,117135355837.06139,33.390656716141194,0.000993490219116211,0.0,equicorrelated
0.1,10,20,176,Unscaled,Gaussian,absolute_residual,0.824375,2629811547940.3535,17.45791854403175,0.0,0.0,equicorrelated
0.1,10,20,176,Empirical_copula,Gaussian,absolute_residual,0.5475,2553970850.6673093,21.028936861901393,0.0,0.0,equicorrelated
0.1,10,20,177,TSCP_R,Gaussian,absolute_residual,0.96625,458825393589.39465,37.46239587384761,0.0020067691802978516,0.0,equicorrelated
0.1,10,20,177,Point_CHR,Gaussian,absolute_residual,0.900625,292780202681.9569,36.630235620782614,0.0,0.0,equicorrelated
0.1,10,20,177,Unscaled,Gaussian,absolute_residual,0.920625,12768877918601.496,20.44632564647064,0.0,0.0,equicorrelated
0.1,10,20,177,Empirical_copula,Gaussian,absolute_residual,0.724375,11327543798.17962,22.552418331458973,0.0,0.0,equicorrelated
0.1,10,20,178,TSCP_R,Gaussian,absolute_residual,0.9825,906946464774.7491,35.2693642950723,0.0020074844360351562,0.0,equicorrelated
0.1,10,20,178,Point_CHR,Gaussian,absolute_residual,0.924375,755196940011.0574,46.1905817495428,0.0,0.0,equicorrelated
0.1,10,20,178,Unscaled,Gaussian,absolute_residual,0.911875,9485144123105.57,19.847435233493297,0.0,0.0,equicorrelated
0.1,10,20,178,Empirical_copula,Gaussian,absolute_residual,0.749375,24878923346.136887,25.5187489457925,0.001008749008178711,0.0,equicorrelated
0.1,10,20,179,TSCP_R,Gaussian,absolute_residual,0.935,206662301446.44687,28.427502237229454,0.003000974655151367,0.0,equicorrelated
0.1,10,20,179,Point_CHR,Gaussian,absolute_residual,0.89125,109401068214.01212,37.14386388769866,0.0,0.0,equicorrelated
0.1,10,20,179,Unscaled,Gaussian,absolute_residual,0.795625,1510696287031.5962,16.516488381169548,0.0,0.0,equicorrelated
0.1,10,20,179,Empirical_copula,Gaussian,absolute_residual,0.640625,7033069315.368584,25.092683165157247,0.0010023117065429688,0.0,equicorrelated
0.1,10,20,180,TSCP_R,Gaussian,absolute_residual,0.96375,447959979955.0208,33.63659848291759,0.0020008087158203125,0.0,equicorrelated
0.1,10,20,180,Point_CHR,Gaussian,absolute_residual,0.86625,176999914831.3797,36.59884170043809,0.0010061264038085938,0.0,equicorrelated
0.1,10,20,180,Unscaled,Gaussian,absolute_residual,0.96125,32059529432191.582,22.4179406132048,0.0,0.0,equicorrelated
0.1,10,20,180,Empirical_copula,Gaussian,absolute_residual,0.704375,13927120200.84949,26.76440778623649,0.0,0.0,equicorrelated
0.1,10,20,181,TSCP_R,Gaussian,absolute_residual,0.871875,69830409824.14668,29.871825532604475,0.002000570297241211,0.0,equicorrelated
0.1,10,20,181,Point_CHR,Gaussian,absolute_residual,0.96625,596727814271.1075,37.16693859070109,0.001009225845336914,0.0,equicorrelated
0.1,10,20,181,Unscaled,Gaussian,absolute_residual,0.95875,30199981724458.92,22.284385769625455,0.0,0.0,equicorrelated
0.1,10,20,181,Empirical_copula,Gaussian,absolute_residual,0.56375,5089278168.443417,26.530215387664846,0.0,0.0,equicorrelated
0.1,10,20,182,TSCP_R,Gaussian,absolute_residual,0.91125,69628821446.76997,29.168134533574964,0.0030155181884765625,0.0,equicorrelated
0.1,10,20,182,Point_CHR,Gaussian,absolute_residual,0.81875,35510562318.93301,25.251451236149727,0.0,0.0,equicorrelated
0.1,10,20,182,Unscaled,Gaussian,absolute_residual,0.845625,3230347737506.1255,17.820706907782085,0.0,0.0,equicorrelated
0.1,10,20,182,Empirical_copula,Gaussian,absolute_residual,0.57625,3816894132.2842364,18.05983616065976,0.0009918212890625,0.0,equicorrelated
0.1,10,20,183,TSCP_R,Gaussian,absolute_residual,0.916875,98757271654.89775,27.75564558488159,0.003000497817993164,0.0,equicorrelated
0.1,10,20,183,Point_CHR,Gaussian,absolute_residual,0.985,2107401944257.8083,44.611194259983776,0.0,0.0,equicorrelated
0.1,10,20,183,Unscaled,Gaussian,absolute_residual,0.91125,8555087375927.167,19.643661644609093,0.0,0.0,equicorrelated
0.1,10,20,183,Empirical_copula,Gaussian,absolute_residual,0.523125,3723629686.0626025,26.858286608478274,0.0010025501251220703,0.0,equicorrelated
0.1,10,20,184,TSCP_R,Gaussian,absolute_residual,0.940625,205415104478.34967,34.49730198762355,0.003007650375366211,0.0,equicorrelated
0.1,10,20,184,Point_CHR,Gaussian,absolute_residual,0.899375,105854290201.34096,26.373403772555125,0.0,0.0,equicorrelated
0.1,10,20,184,Unscaled,Gaussian,absolute_residual,0.895,8137103217634.187,19.545508899961156,0.0,0.0,equicorrelated
0.1,10,20,184,Empirical_copula,Gaussian,absolute_residual,0.608125,4378840202.662564,22.496272431521778,0.0009999275207519531,0.0,equicorrelated
0.1,10,20,185,TSCP_R,Gaussian,absolute_residual,0.995,1708787809148.1702,31.14958029261409,0.002000570297241211,0.0,equicorrelated
0.1,10,20,185,Point_CHR,Gaussian,absolute_residual,0.996875,28254351422999.176,57.92711288394422,0.0010006427764892578,0.0,equicorrelated
0.1,10,20,185,Unscaled,Gaussian,absolute_residual,0.92875,13944480886768.646,20.62719789306622,0.0,0.0,equicorrelated
0.1,10,20,185,Empirical_copula,Gaussian,absolute_residual,0.7475,18922469237.191254,22.72495179476782,0.0,0.0,equicorrelated
0.1,10,20,186,TSCP_R,Gaussian,absolute_residual,0.93125,121572012833.01932,32.44131723258329,0.003007650375366211,0.0,equicorrelated
0.1,10,20,186,Point_CHR,Gaussian,absolute_residual,0.980625,791244079853.3997,33.268625400262074,0.0,0.0,equicorrelated
0.1,10,20,186,Unscaled,Gaussian,absolute_residual,0.9175,11251070358864.703,20.189212726117894,0.0,0.0,equicorrelated
0.1,10,20,186,Empirical_copula,Gaussian,absolute_residual,0.668125,9020431868.291971,23.634108333073478,0.0009989738464355469,0.0,equicorrelated
0.1,10,20,187,TSCP_R,Gaussian,absolute_residual,0.84875,49382464191.10374,30.00241995769251,0.003004789352416992,0.0,equicorrelated
0.1,10,20,187,Point_CHR,Gaussian,absolute_residual,0.719375,20946931369.838837,27.35325818336942,0.0,0.0,equicorrelated
0.1,10,20,187,Unscaled,Gaussian,absolute_residual,0.924375,13043476855154.617,20.48987633169969,0.0,0.0,equicorrelated
0.1,10,20,187,Empirical_copula,Gaussian,absolute_residual,0.556875,2624716286.1623883,21.734268682485535,0.00099945068359375,0.0,equicorrelated
0.1,10,20,188,TSCP_R,Gaussian,absolute_residual,0.858125,56295990964.57695,28.724466062174393,0.0020008087158203125,0.0,equicorrelated
0.1,10,20,188,Point_CHR,Gaussian,absolute_residual,0.674375,10358945024.466587,33.25556978128237,0.000997781753540039,0.0,equicorrelated
0.1,10,20,188,Unscaled,Gaussian,absolute_residual,0.84375,3047772446132.3535,17.717329163661336,0.0,0.0,equicorrelated
0.1,10,20,188,Empirical_copula,Gaussian,absolute_residual,0.575625,4290922680.5510473,27.99671578722139,0.0,0.0,equicorrelated
0.1,10,20,189,TSCP_R,Gaussian,absolute_residual,0.91,99660909559.85649,25.014089011146396,0.003007173538208008,0.0,equicorrelated
0.1,10,20,189,Point_CHR,Gaussian,absolute_residual,0.92875,1508248062038.8857,41.54032522602314,0.0,0.0,equicorrelated
0.1,10,20,189,Unscaled,Gaussian,absolute_residual,0.876875,4412668565789.609,18.38527502658984,0.0,0.0,equicorrelated
0.1,10,20,189,Empirical_copula,Gaussian,absolute_residual,0.55875,4478182946.913344,20.37020530750398,0.0009996891021728516,0.0,equicorrelated
0.1,10,20,190,TSCP_R,Gaussian,absolute_residual,0.990625,961376807585.5872,33.46324330568707,0.0020058155059814453,0.0,equicorrelated
0.1,10,20,190,Point_CHR,Gaussian,absolute_residual,0.9875,2499055518588.111,35.40111511347659,0.0,0.0,equicorrelated
0.1,10,20,190,Unscaled,Gaussian,absolute_residual,0.871875,4447400733017.231,18.399695096791625,0.0,0.0,equicorrelated
0.1,10,20,190,Empirical_copula,Gaussian,absolute_residual,0.804375,25949232981.700275,23.108036372647042,0.0010023117065429688,0.0,equicorrelated
0.1,10,20,191,TSCP_R,Gaussian,absolute_residual,0.910625,123194684421.97488,36.384178316756085,0.0019989013671875,0.0,equicorrelated
0.1,10,20,191,Point_CHR,Gaussian,absolute_residual,0.93125,484540989405.3938,45.46775330791934,0.0009996891021728516,0.0,equicorrelated
0.1,10,20,191,Unscaled,Gaussian,absolute_residual,0.9725,60151209715584.26,23.873958609839217,0.0,0.0,equicorrelated
0.1,10,20,191,Empirical_copula,Gaussian,absolute_residual,0.60375,5871566438.657265,25.13951609615362,0.0,0.0,equicorrelated
0.1,10,20,192,TSCP_R,Gaussian,absolute_residual,0.893125,83725468538.26138,31.67324576754629,0.0030066967010498047,0.0,equicorrelated
0.1,10,20,192,Point_CHR,Gaussian,absolute_residual,0.7,15963884924.903458,32.16420087714505,0.0,0.0,equicorrelated
0.1,10,20,192,Unscaled,Gaussian,absolute_residual,0.966875,56626546490280.8,23.730233281210417,0.0,0.0,equicorrelated
0.1,10,20,192,Empirical_copula,Gaussian,absolute_residual,0.493125,2804645474.567407,25.646810949855045,0.0010006427764892578,0.0,equicorrelated
0.1,10,20,193,TSCP_R,Gaussian,absolute_residual,0.956875,301857326438.69006,31.354474141651508,0.002007007598876953,0.0,equicorrelated
0.1,10,20,193,Point_CHR,Gaussian,absolute_residual,0.870625,97816953517.05428,30.941134629980787,0.0009992122650146484,0.0,equicorrelated
0.1,10,20,193,Unscaled,Gaussian,absolute_residual,0.930625,12831943992124.963,20.456401805711625,0.0,0.0,equicorrelated
0.1,10,20,193,Empirical_copula,Gaussian,absolute_residual,0.676875,6114336807.273945,20.982416859109158,0.0,0.0,equicorrelated
0.1,10,20,194,TSCP_R,Gaussian,absolute_residual,0.96125,364148471282.2951,34.38704906057379,0.002000570297241211,0.0,equicorrelated
0.1,10,20,194,Point_CHR,Gaussian,absolute_residual,0.960625,5945000106220.562,55.97042711130122,0.0010013580322265625,0.0,equicorrelated
0.1,10,20,194,Unscaled,Gaussian,absolute_residual,0.9275,15649248668781.258,20.866487483279027,0.0,0.0,equicorrelated
0.1,10,20,194,Empirical_copula,Gaussian,absolute_residual,0.791875,23069835300.30741,26.50916072869311,0.0,0.0,equicorrelated
0.1,10,20,195,TSCP_R,Gaussian,absolute_residual,0.889375,107912849666.61948,32.57651364683748,0.001999378204345703,0.0,equicorrelated
0.1,10,20,195,Point_CHR,Gaussian,absolute_residual,0.885,1637930025526.023,48.998839104649946,0.0009996891021728516,0.0,equicorrelated
0.1,10,20,195,Unscaled,Gaussian,absolute_residual,0.944375,24893452301120.49,21.857903939721965,0.0,0.0,equicorrelated
0.1,10,20,195,Empirical_copula,Gaussian,absolute_residual,0.62875,6490008049.099997,23.29010599606051,0.0,0.0,equicorrelated
0.1,10,20,196,TSCP_R,Gaussian,absolute_residual,0.9025,137117997916.46532,28.475505817681245,0.0030007362365722656,0.0,equicorrelated
0.1,10,20,196,Point_CHR,Gaussian,absolute_residual,0.860625,1050131380867.3007,40.23162783668734,0.0,0.0,equicorrelated
0.1,10,20,196,Unscaled,Gaussian,absolute_residual,0.821875,2737153174490.5786,17.527900942300754,0.0,0.0,equicorrelated
0.1,10,20,196,Empirical_copula,Gaussian,absolute_residual,0.47375,3145587010.695396,19.036987331446067,0.0009996891021728516,0.0,equicorrelated
0.1,10,20,197,TSCP_R,Gaussian,absolute_residual,0.9325,566994673140.4181,38.76427720367879,0.002007007598876953,0.0,equicorrelated
0.1,10,20,197,Point_CHR,Gaussian,absolute_residual,0.818125,2562379931658.1704,50.012700302907035,0.000993490219116211,0.0,equicorrelated
0.1,10,20,197,Unscaled,Gaussian,absolute_residual,0.943125,30071707491219.0,22.274902350236765,0.0,0.0,equicorrelated
0.1,10,20,197,Empirical_copula,Gaussian,absolute_residual,0.60875,7098843527.053922,24.219780180230405,0.0,0.0,equicorrelated
0.1,10,20,198,TSCP_R,Gaussian,absolute_residual,0.905,117378033865.14894,29.99415782152972,0.0020270347595214844,0.0,equicorrelated
0.1,10,20,198,Point_CHR,Gaussian,absolute_residual,0.791875,88589189114.69183,31.236795935604306,0.0009961128234863281,0.0,equicorrelated
0.1,10,20,198,Unscaled,Gaussian,absolute_residual,0.84125,3134609365198.452,17.76717347305477,0.0,0.0,equicorrelated
0.1,10,20,198,Empirical_copula,Gaussian,absolute_residual,0.59875,6219437231.017613,20.38488407746572,0.0009989738464355469,0.0,equicorrelated
0.1,10,20,199,TSCP_R,Gaussian,absolute_residual,0.905,52755590611.31829,27.28552022595954,0.004002094268798828,0.0,equicorrelated
0.1,10,20,199,Point_CHR,Gaussian,absolute_residual,0.709375,8162694721.154815,24.873150093294623,0.0,0.0,equicorrelated
0.1,10,20,199,Unscaled,Gaussian,absolute_residual,0.918125,10946741505999.0,20.133926844195027,0.0,0.0,equicorrelated
0.1,10,20,199,Empirical_copula,Gaussian,absolute_residual,0.66375,5016784279.123696,23.43941177098705,0.0010008811950683594,0.0,equicorrelated
0.1,10,30,0,TSCP_R,Gaussian,absolute_residual,0.940625,163929998242.06534,32.7587376852464,0.0030019283294677734,0.0,equicorrelated
0.1,10,30,0,Point_CHR,Gaussian,absolute_residual,0.938125,1527958690948.5417,52.74531369045188,0.0009996891021728516,0.0,equicorrelated
0.1,10,30,0,Unscaled,Gaussian,absolute_residual,0.975625,86902176916944.8,24.768691593245943,0.0,0.0,equicorrelated
0.1,10,30,0,Empirical_copula,Gaussian,absolute_residual,0.728125,18844637122.05605,28.130475239580363,0.0,0.0,equicorrelated
0.1,10,30,1,TSCP_R,Gaussian,absolute_residual,0.938125,113779940290.79367,27.7899300434486,0.0029993057250976562,0.0,equicorrelated
0.1,10,30,1,Point_CHR,Gaussian,absolute_residual,0.99,4272613068855.323,45.90770475811619,0.0,0.0,equicorrelated
0.1,10,30,1,Unscaled,Gaussian,absolute_residual,0.89625,7585437690614.729,19.408772278721255,0.0,0.0,equicorrelated
0.1,10,30,1,Empirical_copula,Gaussian,absolute_residual,0.714375,13931834831.93409,23.102416317257195,0.0010018348693847656,0.0,equicorrelated
0.1,10,30,2,TSCP_R,Gaussian,absolute_residual,0.9275,103350700324.5179,28.67166368488499,0.0030264854431152344,0.0,equicorrelated
0.1,10,30,2,Point_CHR,Gaussian,absolute_residual,0.97,459701654002.04785,29.28915685139014,0.0,0.0,equicorrelated
0.1,10,30,2,Unscaled,Gaussian,absolute_residual,0.829375,2858060717639.9165,17.603829154929073,0.0,0.0,equicorrelated
0.1,10,30,2,Empirical_copula,Gaussian,absolute_residual,0.71,9831956205.489744,21.77010052989009,0.0009999275207519531,0.0,equicorrelated
0.1,10,30,3,TSCP_R,Gaussian,absolute_residual,0.915625,119807516845.12372,33.67848449309435,0.0030002593994140625,0.0,equicorrelated
0.1,10,30,3,Point_CHR,Gaussian,absolute_residual,0.898125,159903899323.7598,28.22153250715084,0.0009992122650146484,0.0,equicorrelated
0.1,10,30,3,Unscaled,Gaussian,absolute_residual,0.936875,18741793382452.812,21.24619262281368,0.0,0.0,equicorrelated
0.1,10,30,3,Empirical_copula,Gaussian,absolute_residual,0.676875,14644475679.60855,27.537579818049878,0.0,0.0,equicorrelated
0.1,10,30,4,TSCP_R,Gaussian,absolute_residual,0.919375,83581390793.47124,27.65041398947392,0.0030059814453125,0.0,equicorrelated
0.1,10,30,4,Point_CHR,Gaussian,absolute_residual,0.94,469606771814.7921,33.747377519523596,0.0,0.0,equicorrelated
0.1,10,30,4,Unscaled,Gaussian,absolute_residual,0.93625,18289402905225.965,21.194342718870583,0.0,0.0,equicorrelated
0.1,10,30,4,Empirical_copula,Gaussian,absolute_residual,0.7825,21457228568.483967,24.541706100001484,0.0010001659393310547,0.0,equicorrelated
0.1,10,30,5,TSCP_R,Gaussian,absolute_residual,0.925,85760984843.71211,26.402315505429904,0.0030066967010498047,0.0,equicorrelated
0.1,10,30,5,Point_CHR,Gaussian,absolute_residual,0.99125,1237226612872.9236,45.20120720437598,0.0009996891021728516,0.0,equicorrelated
0.1,10,30,5,Unscaled,Gaussian,absolute_residual,0.785625,1303376650451.6309,16.27447522987357,0.0,0.0,equicorrelated
0.1,10,30,5,Empirical_copula,Gaussian,absolute_residual,0.635625,6671844187.067231,21.626365059670267,0.0,0.0,equicorrelated
0.1,10,30,6,TSCP_R,Gaussian,absolute_residual,0.885,51450502321.24899,26.917286337175877,0.002007007598876953,0.0,equicorrelated
0.1,10,30,6,Point_CHR,Gaussian,absolute_residual,0.90625,120819283270.84741,41.42541383263291,0.0009996891021728516,0.0,equicorrelated
0.1,10,30,6,Unscaled,Gaussian,absolute_residual,0.83625,2628803737778.6743,17.45724939712591,0.0,0.0,equicorrelated
0.1,10,30,6,Empirical_copula,Gaussian,absolute_residual,0.66875,9333940861.061295,28.978003513278843,0.0,0.0,equicorrelated
0.1,10,30,7,TSCP_R,Gaussian,absolute_residual,0.981875,446343482476.51105,27.062817401903914,0.0020101070404052734,0.0,equicorrelated
0.1,10,30,7,Point_CHR,Gaussian,absolute_residual,0.979375,893008875756.8705,34.35670461611827,0.0,0.0,equicorrelated
0.1,10,30,7,Unscaled,Gaussian,absolute_residual,0.848125,2673064397549.7334,17.486421482502166,0.0,0.0,equicorrelated
0.1,10,30,7,Empirical_copula,Gaussian,absolute_residual,0.715,17931219726.396343,22.640086079804014,0.0,0.0,equicorrelated
0.1,10,30,8,TSCP_R,Gaussian,absolute_residual,0.8375,30318199164.49697,24.84166111538996,0.0020151138305664062,0.0,equicorrelated
0.1,10,30,8,Point_CHR,Gaussian,absolute_residual,0.81375,41707929091.84056,24.07933157905771,0.0,0.0,equicorrelated
0.1,10,30,8,Unscaled,Gaussian,absolute_residual,0.754375,1269137167565.2935,16.231208489602103,0.0,0.0,equicorrelated
0.1,10,30,8,Empirical_copula,Gaussian,absolute_residual,0.590625,4858083504.653723,20.897629105469935,0.0010020732879638672,0.0,equicorrelated
0.1,10,30,9,TSCP_R,Gaussian,absolute_residual,0.8875,57940478229.534836,25.77819923972287,0.0030002593994140625,0.0,equicorrelated
0.1,10,30,9,Point_CHR,Gaussian,absolute_residual,0.92375,1353337655004.2095,36.85079868859706,0.0,0.0,equicorrelated
0.1,10,30,9,Unscaled,Gaussian,absolute_residual,0.870625,5123838423441.576,18.662058333885284,0.0,0.0,equicorrelated
0.1,10,30,9,Empirical_copula,Gaussian,absolute_residual,0.681875,6796420982.805477,19.252732935743406,0.001009225845336914,0.0,equicorrelated
0.1,10,30,10,TSCP_R,Gaussian,absolute_residual,0.90625,70817162471.64813,27.2983737052918,0.0029997825622558594,0.0,equicorrelated
0.1,10,30,10,Point_CHR,Gaussian,absolute_residual,0.965,1196267787608.7488,38.55183055700458,0.0,0.0,equicorrelated
0.1,10,30,10,Unscaled,Gaussian,absolute_residual,0.935625,14785409851222.928,20.748339076344006,0.0,0.0,equicorrelated
0.1,10,30,10,Empirical_copula,Gaussian,absolute_residual,0.6825,10257094661.195396,23.403497631661264,0.0010008811950683594,0.0,equicorrelated
0.1,10,30,11,TSCP_R,Gaussian,absolute_residual,0.933125,119189653455.12157,28.18925880594072,0.00400853157043457,0.0,equicorrelated
0.1,10,30,11,Point_CHR,Gaussian,absolute_residual,0.973125,1309005752874.9978,38.755286839202036,0.0009992122650146484,0.0,equicorrelated
0.1,10,30,11,Unscaled,Gaussian,absolute_residual,0.9125,8357623550849.482,19.597843287621686,0.0,0.0,equicorrelated
0.1,10,30,11,Empirical_copula,Gaussian,absolute_residual,0.650625,7740368935.175604,25.83198063160321,0.0,0.0,equicorrelated
0.1,10,30,12,TSCP_R,Gaussian,absolute_residual,0.90375,58133003746.299446,29.68689849470137,0.002992391586303711,0.0,equicorrelated
0.1,10,30,12,Point_CHR,Gaussian,absolute_residual,0.9725,8085304649764.682,63.61477991147551,0.0010001659393310547,0.0,equicorrelated
0.1,10,30,12,Unscaled,Gaussian,absolute_residual,0.881875,5373204178064.607,18.75095253084208,0.0,0.0,equicorrelated
0.1,10,30,12,Empirical_copula,Gaussian,absolute_residual,0.606875,6056359714.299395,26.63351564930712,0.0,0.0,equicorrelated
0.1,10,30,13,TSCP_R,Gaussian,absolute_residual,0.983125,511860480253.40216,34.795351931067145,0.0030062198638916016,0.0,equicorrelated
0.1,10,30,13,Point_CHR,Gaussian,absolute_residual,0.985,14998201287013.273,44.592907374693624,0.0009999275207519531,0.0,equicorrelated
0.1,10,30,13,Unscaled,Gaussian,absolute_residual,0.974375,69094095612513.7,24.207174099087965,0.0,0.0,equicorrelated
0.1,10,30,13,Empirical_copula,Gaussian,absolute_residual,0.89,47479533591.27499,26.62933359064366,0.0,0.0,equicorrelated
0.1,10,30,14,TSCP_R,Gaussian,absolute_residual,0.981875,526884597466.12976,31.91903627448172,0.002998828887939453,0.0,equicorrelated
0.1,10,30,14,Point_CHR,Gaussian,absolute_residual,0.986875,1508177042712.8728,36.52402627309451,0.0,0.0,equicorrelated
0.1,10,30,14,Unscaled,Gaussian,absolute_residual,0.8075,1647371827159.4983,16.660159827683497,0.0,0.0,equicorrelated
0.1,10,30,14,Empirical_copula,Gaussian,absolute_residual,0.7675,20988621678.12993,20.52865529991737,0.0,0.0,equicorrelated
0.1,10,30,15,TSCP_R,Gaussian,absolute_residual,0.926875,118782489326.06664,28.65508161621342,0.0029990673065185547,0.0,equicorrelated
0.1,10,30,15,Point_CHR,Gaussian,absolute_residual,0.96,661680652963.826,40.36402830717654,0.0,0.0,equicorrelated
0.1,10,30,15,Unscaled,Gaussian,absolute_residual,0.82125,2336904239327.657,17.252978918142606,0.0,0.0,equicorrelated
0.1,10,30,15,Empirical_copula,Gaussian,absolute_residual,0.7225,11327613462.445564,26.845463127405147,0.0010023117065429688,0.0,equicorrelated
0.1,10,30,16,TSCP_R,Gaussian,absolute_residual,0.969375,372545026079.71265,33.41784074067197,0.003007173538208008,0.0,equicorrelated
0.1,10,30,16,Point_CHR,Gaussian,absolute_residual,0.955,868946173238.091,44.342313039809014,0.0,0.0,equicorrelated
0.1,10,30,16,Unscaled,Gaussian,absolute_residual,0.908125,12383633938269.602,20.383784092170984,0.0,0.0,equicorrelated
0.1,10,30,16,Empirical_copula,Gaussian,absolute_residual,0.8125,30002849260.088074,26.16068745302062,0.0010004043579101562,0.0,equicorrelated
0.1,10,30,17,TSCP_R,Gaussian,absolute_residual,0.929375,104055148741.32008,29.65960954971127,0.002007007598876953,0.0,equicorrelated
0.1,10,30,17,Point_CHR,Gaussian,absolute_residual,0.998125,14940884669386.107,61.78799334647685,0.00099945068359375,0.0,equicorrelated
0.1,10,30,17,Unscaled,Gaussian,absolute_residual,0.909375,10882147269858.078,20.1220146056534,0.0,0.0,equicorrelated
0.1,10,30,17,Empirical_copula,Gaussian,absolute_residual,0.75625,20130620966.583225,27.538205988432768,0.0,0.0,equicorrelated
0.1,10,30,18,TSCP_R,Gaussian,absolute_residual,0.98375,724546622674.0415,33.43565011036045,0.0030066967010498047,0.0,equicorrelated
0.1,10,30,18,Point_CHR,Gaussian,absolute_residual,0.984375,4078276464108.502,35.942655390249236,0.0,0.0,equicorrelated
0.1,10,30,18,Unscaled,Gaussian,absolute_residual,0.88,4796897273429.517,18.539415669361485,0.0,0.0,equicorrelated
0.1,10,30,18,Empirical_copula,Gaussian,absolute_residual,0.78625,26568899004.299927,28.887637185958454,0.0009999275207519531,0.0,equicorrelated
0.1,10,30,19,TSCP_R,Gaussian,absolute_residual,0.899375,69552016843.83539,29.27632183168332,0.003004312515258789,0.0,equicorrelated
0.1,10,30,19,Point_CHR,Gaussian,absolute_residual,0.885,285816817991.90564,34.27322101017006,0.0,0.0,equicorrelated
0.1,10,30,19,Unscaled,Gaussian,absolute_residual,0.894375,7772606972516.615,19.456139468686906,0.0,0.0,equicorrelated
0.1,10,30,19,Empirical_copula,Gaussian,absolute_residual,0.66625,10021575147.18817,23.140578341672537,0.0009999275207519531,0.0,equicorrelated
0.1,10,30,20,TSCP_R,Gaussian,absolute_residual,0.973125,338707473756.53,31.690504799313306,0.0030066967010498047,0.0,equicorrelated
0.1,10,30,20,Point_CHR,Gaussian,absolute_residual,0.9975,10476195665443.854,55.89905721589578,0.0,0.0,equicorrelated
0.1,10,30,20,Unscaled,Gaussian,absolute_residual,0.974375,91436206392582.67,24.89498219066562,0.0,0.0,equicorrelated
0.1,10,30,20,Empirical_copula,Gaussian,absolute_residual,0.750625,25570247832.280594,26.664558116778615,0.0009999275207519531,0.0,equicorrelated
0.1,10,30,21,TSCP_R,Gaussian,absolute_residual,0.85625,48476320068.61484,31.211374292989305,0.003006458282470703,0.0,equicorrelated
0.1,10,30,21,Point_CHR,Gaussian,absolute_residual,0.78125,27191479255.598495,38.510918567078505,0.0,0.0,equicorrelated
0.1,10,30,21,Unscaled,Gaussian,absolute_residual,0.9675,48709893198618.54,23.37554352041752,0.0,0.0,equicorrelated
0.1,10,30,21,Empirical_copula,Gaussian,absolute_residual,0.653125,8375376509.760092,30.614402255059147,0.0009999275207519531,0.0,equicorrelated
0.1,10,30,22,TSCP_R,Gaussian,absolute_residual,0.678125,6597530977.330638,23.221439573414834,0.0030066967010498047,0.0,equicorrelated
0.1,10,30,22,Point_CHR,Gaussian,absolute_residual,0.71875,10918175805.315166,33.35426357269514,0.0,0.0,equicorrelated
0.1,10,30,22,Unscaled,Gaussian,absolute_residual,0.774375,1421544364096.2217,16.416328794465553,0.0,0.0,equicorrelated
0.1,10,30,22,Empirical_copula,Gaussian,absolute_residual,0.546875,2762766910.206263,27.519347960078093,0.0009996891021728516,0.0,equicorrelated
0.1,10,30,23,TSCP_R,Gaussian,absolute_residual,0.9,94283578944.13322,24.009917908096412,0.003006458282470703,0.0,equicorrelated
0.1,10,30,23,Point_CHR,Gaussian,absolute_residual,0.971875,623912327548.6925,29.47353287721951,0.0,0.0,equicorrelated
0.1,10,30,23,Unscaled,Gaussian,absolute_residual,0.881875,5430447271024.963,18.770833614580816,0.0,0.0,equicorrelated
0.1,10,30,23,Empirical_copula,Gaussian,absolute_residual,0.71,13776032363.70535,21.114841250359866,0.0009999275207519531,0.0,equicorrelated
0.1,10,30,24,TSCP_R,Gaussian,absolute_residual,0.874375,40199259855.01387,24.43682457897861,0.003007173538208008,0.0,equicorrelated
0.1,10,30,24,Point_CHR,Gaussian,absolute_residual,0.920625,132862630491.83168,33.49847136854878,0.0,0.0,equicorrelated
0.1,10,30,24,Unscaled,Gaussian,absolute_residual,0.885625,4791217872348.255,18.537219480611768,0.0,0.0,equicorrelated
0.1,10,30,24,Empirical_copula,Gaussian,absolute_residual,0.735625,9242934613.676975,23.577278238690457,0.0,0.0,equicorrelated
0.1,10,30,25,TSCP_R,Gaussian,absolute_residual,0.918125,65895687264.796776,31.330543407221263,0.003000020980834961,0.0,equicorrelated
0.1,10,30,25,Point_CHR,Gaussian,absolute_residual,0.99375,1885632511634.7783,43.54411388671032,0.0,0.0,equicorrelated
0.1,10,30,25,Unscaled,Gaussian,absolute_residual,0.92,8491163654281.8955,19.628934288215554,0.0,0.0,equicorrelated
0.1,10,30,25,Empirical_copula,Gaussian,absolute_residual,0.71625,13892580066.69968,30.350159586648452,0.0,0.0,equicorrelated
0.1,10,30,26,TSCP_R,Gaussian,absolute_residual,0.848125,49124735940.86764,31.901829000548812,0.003005504608154297,0.0,equicorrelated
0.1,10,30,26,Point_CHR,Gaussian,absolute_residual,0.925,159968377427.87592,39.73406649107599,0.0,0.0,equicorrelated
0.1,10,30,26,Unscaled,Gaussian,absolute_residual,0.973125,48535888650267.07,23.367179707732923,0.0,0.0,equicorrelated
0.1,10,30,26,Empirical_copula,Gaussian,absolute_residual,0.615625,7827035198.572184,26.52334061309293,0.0010001659393310547,0.0,equicorrelated
0.1,10,30,27,TSCP_R,Gaussian,absolute_residual,0.975625,308539771860.4973,32.635650017712855,0.0029981136322021484,0.0,equicorrelated
0.1,10,30,27,Point_CHR,Gaussian,absolute_residual,0.971875,775633259972.0745,45.95429859574821,0.0,0.0,equicorrelated
0.1,10,30,27,Unscaled,Gaussian,absolute_residual,0.92125,14899154760456.102,20.76424588902402,0.0,0.0,equicorrelated
0.1,10,30,27,Empirical_copula,Gaussian,absolute_residual,0.83,28303662341.604195,29.39662319766223,0.0009999275207519531,0.0,equicorrelated
0.1,10,30,28,TSCP_R,Gaussian,absolute_residual,0.936875,140300838679.28027,26.872434205883913,0.003000497817993164,0.0,equicorrelated
0.1,10,30,28,Point_CHR,Gaussian,absolute_residual,0.899375,145718843820.9964,31.951422487425553,0.0,0.0,equicorrelated
0.1,10,30,28,Unscaled,Gaussian,absolute_residual,0.9275,19026185626115.44,21.2782140283249,0.0,0.0,equicorrelated
0.1,10,30,28,Empirical_copula,Gaussian,absolute_residual,0.715625,15348059288.476091,23.83941120487789,0.001001596450805664,0.0,equicorrelated
0.1,10,30,29,TSCP_R,Gaussian,absolute_residual,0.91625,73407836987.08098,27.65885202297558,0.003005504608154297,0.0,equicorrelated
0.1,10,30,29,Point_CHR,Gaussian,absolute_residual,0.853125,57921431578.44933,28.525665854294804,0.0009996891021728516,0.0,equicorrelated
0.1,10,30,29,Unscaled,Gaussian,absolute_residual,0.91625,9291468898744.285,19.806531900011297,0.0,0.0,equicorrelated
0.1,10,30,29,Empirical_copula,Gaussian,absolute_residual,0.755625,12482145382.587753,21.90969934188869,0.0,0.0,equicorrelated
0.1,10,30,30,TSCP_R,Gaussian,absolute_residual,0.880625,50821539356.96146,29.009016787517545,0.002007007598876953,0.0,equicorrelated
0.1,10,30,30,Point_CHR,Gaussian,absolute_residual,0.91,257543051753.38483,36.15970989998229,0.0,0.0,equicorrelated
0.1,10,30,30,Unscaled,Gaussian,absolute_residual,0.968125,54810429970217.516,23.653004853173826,0.0,0.0,equicorrelated
0.1,10,30,30,Empirical_copula,Gaussian,absolute_residual,0.740625,14447781187.996714,25.783678439519296,0.0009937286376953125,0.0,equicorrelated
0.1,10,30,31,TSCP_R,Gaussian,absolute_residual,0.936875,117882747472.95149,32.24267670936179,0.0020074844360351562,0.0,equicorrelated
0.1,10,30,31,Point_CHR,Gaussian,absolute_residual,0.963125,439543988245.53876,37.49512181773868,0.0,0.0,equicorrelated
0.1,10,30,31,Unscaled,Gaussian,absolute_residual,0.890625,5657439088569.455,18.84785745916901,0.0,0.0,equicorrelated
0.1,10,30,31,Empirical_copula,Gaussian,absolute_residual,0.6025,5823664626.668,24.2645172856349,0.000993967056274414,0.0,equicorrelated
0.1,10,30,32,TSCP_R,Gaussian,absolute_residual,0.9175,68309425354.24255,28.774753360191017,0.0030059814453125,0.0,equicorrelated
0.1,10,30,32,Point_CHR,Gaussian,absolute_residual,0.98875,4565230785186.328,49.98765344975102,0.0,0.0,equicorrelated
0.1,10,30,32,Unscaled,Gaussian,absolute_residual,0.921875,12237767074320.053,20.359645802153757,0.0,0.0,equicorrelated
0.1,10,30,32,Empirical_copula,Gaussian,absolute_residual,0.755625,11533338462.011957,23.202869155854092,0.0009951591491699219,0.0,equicorrelated
0.1,10,30,33,TSCP_R,Gaussian,absolute_residual,0.873125,97600364985.59988,34.677451024380446,0.0029997825622558594,0.0,equicorrelated
0.1,10,30,33,Point_CHR,Gaussian,absolute_residual,0.97875,8655322842048.142,58.679157238225415,0.0,0.0,equicorrelated
0.1,10,30,33,Unscaled,Gaussian,absolute_residual,0.968125,37886452434245.625,22.795461767322205,0.0,0.0,equicorrelated
0.1,10,30,33,Empirical_copula,Gaussian,absolute_residual,0.7775,20492772110.69808,27.055925637142476,0.0010020732879638672,0.0,equicorrelated
0.1,10,30,34,TSCP_R,Gaussian,absolute_residual,0.925,76333723008.47333,26.01287583765241,0.0030095577239990234,0.0,equicorrelated
0.1,10,30,34,Point_CHR,Gaussian,absolute_residual,0.984375,1512307402114.2397,40.6644564385217,0.0,0.0,equicorrelated
0.1,10,30,34,Unscaled,Gaussian,absolute_residual,0.89,5199012835029.804,18.68925927279124,0.0,0.0,equicorrelated
0.1,10,30,34,Empirical_copula,Gaussian,absolute_residual,0.775625,12239153133.466839,22.903815306826925,0.0009980201721191406,0.0,equicorrelated
0.1,10,30,35,TSCP_R,Gaussian,absolute_residual,0.91375,86943081439.3745,29.262035551815288,0.003003835678100586,0.0,equicorrelated
0.1,10,30,35,Point_CHR,Gaussian,absolute_residual,0.9475,439505881343.35767,39.24611105874121,0.0,0.0,equicorrelated
0.1,10,30,35,Unscaled,Gaussian,absolute_residual,0.813125,1732447558046.0283,16.744261956218143,0.0,0.0,equicorrelated
0.1,10,30,35,Empirical_copula,Gaussian,absolute_residual,0.70375,12193810516.817598,24.553808334890842,0.0009980201721191406,0.0,equicorrelated
0.1,10,30,36,TSCP_R,Gaussian,absolute_residual,0.964375,194799157858.44562,28.196920389567723,0.0030019283294677734,0.0,equicorrelated
0.1,10,30,36,Point_CHR,Gaussian,absolute_residual,0.9775,2468872393257.2036,40.86969738246689,0.0,0.0,equicorrelated
0.1,10,30,36,Unscaled,Gaussian,absolute_residual,0.935,14315827479316.756,20.681481488557566,0.0,0.0,equicorrelated
0.1,10,30,36,Empirical_copula,Gaussian,absolute_residual,0.8725,30100454352.79402,22.63600560937261,0.0,0.0,equicorrelated
0.1,10,30,37,TSCP_R,Gaussian,absolute_residual,0.865,43712822503.871574,30.568101336949013,0.0030069351196289062,0.0,equicorrelated
0.1,10,30,37,Point_CHR,Gaussian,absolute_residual,0.920625,324682269630.1794,31.21897673134857,0.0,0.0,equicorrelated
0.1,10,30,37,Unscaled,Gaussian,absolute_residual,0.924375,15057643146643.463,20.78622864065614,0.0,0.0,equicorrelated
0.1,10,30,37,Empirical_copula,Gaussian,absolute_residual,0.660625,7333827897.902943,22.328771169817337,0.0,0.0,equicorrelated
0.1,10,30,38,TSCP_R,Gaussian,absolute_residual,0.9,65443846044.640495,27.53733271323049,0.0020074844360351562,0.0,equicorrelated
0.1,10,30,38,Point_CHR,Gaussian,absolute_residual,0.963125,240529710163.18384,36.38456341921787,0.0,0.0,equicorrelated
0.1,10,30,38,Unscaled,Gaussian,absolute_residual,0.89,5331630378865.867,18.736393696201613,0.0,0.0,equicorrelated
0.1,10,30,38,Empirical_copula,Gaussian,absolute_residual,0.71875,9567635105.351566,23.49438642151734,0.0,0.0,equicorrelated
0.1,10,30,39,TSCP_R,Gaussian,absolute_residual,0.964375,171398104092.01892,28.219945302500697,0.0029189586639404297,0.0,equicorrelated
0.1,10,30,39,Point_CHR,Gaussian,absolute_residual,0.975625,490010236739.3998,39.82668762648104,0.0,0.0,equicorrelated
0.1,10,30,39,Unscaled,Gaussian,absolute_residual,0.879375,4971502552634.21,18.60581792509835,0.0,0.0,equicorrelated
0.1,10,30,39,Empirical_copula,Gaussian,absolute_residual,0.808125,17790764056.95793,24.223332084541816,0.0010001659393310547,0.0,equicorrelated
0.1,10,30,40,TSCP_R,Gaussian,absolute_residual,0.848125,47534887636.73264,25.12296413191015,0.003000497817993164,0.0,equicorrelated
0.1,10,30,40,Point_CHR,Gaussian,absolute_residual,0.9,157369076571.76752,28.613398761617034,0.0,0.0,equicorrelated
0.1,10,30,40,Unscaled,Gaussian,absolute_residual,0.876875,4281331338321.204,18.329806654332597,0.0,0.0,equicorrelated
0.1,10,30,40,Empirical_copula,Gaussian,absolute_residual,0.56,5022964865.945156,19.173979844287235,0.0,0.0,equicorrelated
0.1,10,30,41,TSCP_R,Gaussian,absolute_residual,0.903125,66381119701.76885,25.644828286247964,0.00402069091796875,0.0,equicorrelated
0.1,10,30,41,Point_CHR,Gaussian,absolute_residual,0.998125,16076214739731.158,50.14241642313299,0.0,0.0,equicorrelated
0.1,10,30,41,Unscaled,Gaussian,absolute_residual,0.8775,4692857423906.613,18.498807622499907,0.0,0.0,equicorrelated
0.1,10,30,41,Empirical_copula,Gaussian,absolute_residual,0.66375,7438402329.06671,23.037546324818063,0.0010027885437011719,0.0,equicorrelated
0.1,10,30,42,TSCP_R,Gaussian,absolute_residual,0.965625,220583202715.26517,27.260306914312764,0.0030066967010498047,0.0,equicorrelated
0.1,10,30,42,Point_CHR,Gaussian,absolute_residual,0.966875,463586851824.5357,39.04231753556709,0.0,0.0,equicorrelated
0.1,10,30,42,Unscaled,Gaussian,absolute_residual,0.956875,31663423078408.83,22.390087272819436,0.0,0.0,equicorrelated
0.1,10,30,42,Empirical_copula,Gaussian,absolute_residual,0.801875,22366638263.731346,25.93172717790971,0.0,0.0,equicorrelated
0.1,10,30,43,TSCP_R,Gaussian,absolute_residual,0.961875,415855545099.5927,34.8982324430577,0.003993034362792969,0.0,equicorrelated
0.1,10,30,43,Point_CHR,Gaussian,absolute_residual,0.94,1265717862343.0222,43.673683633078554,0.0,0.0,equicorrelated
0.1,10,30,43,Unscaled,Gaussian,absolute_residual,0.960625,34187309730165.957,22.562462252257586,0.0,0.0,equicorrelated
0.1,10,30,43,Empirical_copula,Gaussian,absolute_residual,0.5825,12374978297.84317,25.84990993097981,0.001004934310913086,0.0,equicorrelated
0.1,10,30,44,TSCP_R,Gaussian,absolute_residual,0.953125,168339303465.48798,37.00045090316073,0.003007173538208008,0.0,equicorrelated
0.1,10,30,44,Point_CHR,Gaussian,absolute_residual,0.923125,263997107603.6794,34.017699838113856,0.0,0.0,equicorrelated
0.1,10,30,44,Unscaled,Gaussian,absolute_residual,0.97,54079122273166.94,23.62125475059879,0.0,0.0,equicorrelated
0.1,10,30,44,Empirical_copula,Gaussian,absolute_residual,0.77375,16283203241.229654,27.00930790705098,0.0009999275207519531,0.0,equicorrelated
0.1,10,30,45,TSCP_R,Gaussian,absolute_residual,0.94125,162682641771.34326,30.987926182087804,0.0030078887939453125,0.0,equicorrelated
0.1,10,30,45,Point_CHR,Gaussian,absolute_residual,0.98375,5688896271835.992,52.884689543871254,0.0,0.0,equicorrelated
0.1,10,30,45,Unscaled,Gaussian,absolute_residual,0.85375,3879731330120.9,18.1501477692683,0.0,0.0,equicorrelated
0.1,10,30,45,Empirical_copula,Gaussian,absolute_residual,0.813125,22818297541.110985,24.915504098957644,0.0,0.0,equicorrelated
0.1,10,30,46,TSCP_R,Gaussian,absolute_residual,0.9225,106926605245.67241,28.86846088853716,0.0030057430267333984,0.0,equicorrelated
0.1,10,30,46,Point_CHR,Gaussian,absolute_residual,0.984375,1429997271022.797,44.999384157143126,0.0010001659393310547,0.0,equicorrelated
0.1,10,30,46,Unscaled,Gaussian,absolute_residual,0.956875,49070422208809.44,23.392787702684764,0.0,0.0,equicorrelated
0.1,10,30,46,Empirical_copula,Gaussian,absolute_residual,0.75625,14630338399.250294,25.015782755544365,0.0,0.0,equicorrelated
0.1,10,30,47,TSCP_R,Gaussian,absolute_residual,0.89875,76245610592.47937,27.880761442710593,0.0030069351196289062,0.0,equicorrelated
0.1,10,30,47,Point_CHR,Gaussian,absolute_residual,0.8575,63968555311.70281,26.33994213107944,0.001001596450805664,0.0,equicorrelated
0.1,10,30,47,Unscaled,Gaussian,absolute_residual,0.89125,7313716981988.2295,19.338100594435907,0.0,0.0,equicorrelated
0.1,10,30,47,Empirical_copula,Gaussian,absolute_residual,0.71125,10723738358.06781,26.33994213107944,0.0,0.0,equicorrelated
0.1,10,30,48,TSCP_R,Gaussian,absolute_residual,0.964375,192625633554.52734,31.044513644729985,0.002008199691772461,0.0,equicorrelated
0.1,10,30,48,Point_CHR,Gaussian,absolute_residual,0.99375,5077396679173.323,44.52565166054105,0.0009925365447998047,0.0,equicorrelated
0.1,10,30,48,Unscaled,Gaussian,absolute_residual,0.895625,6770032189451.512,19.189297385146215,0.0,0.0,equicorrelated
0.1,10,30,48,Empirical_copula,Gaussian,absolute_residual,0.730625,14910847589.396494,21.014974681367157,0.0010030269622802734,0.0,equicorrelated
0.1,10,30,49,TSCP_R,Gaussian,absolute_residual,0.98625,594755236729.1853,34.750199041651534,0.003001689910888672,0.0,equicorrelated
0.1,10,30,49,Point_CHR,Gaussian,absolute_residual,0.904375,93702363570.97832,23.485335417706537,0.0,0.0,equicorrelated
0.1,10,30,49,Unscaled,Gaussian,absolute_residual,0.925,9340347879356.15,19.81692679972142,0.0,0.0,equicorrelated
0.1,10,30,49,Empirical_copula,Gaussian,absolute_residual,0.82625,26974099207.820988,21.06157555257946,0.001008749008178711,0.0,equicorrelated
0.1,10,30,50,TSCP_R,Gaussian,absolute_residual,0.935,126720854855.52814,29.14708839351441,0.0030019283294677734,0.0,equicorrelated
0.1,10,30,50,Point_CHR,Gaussian,absolute_residual,0.971875,1475627015225.4844,30.109371257341273,0.0,0.0,equicorrelated
0.1,10,30,50,Unscaled,Gaussian,absolute_residual,0.77875,1668993584734.238,16.681898204458633,0.0,0.0,equicorrelated
0.1,10,30,50,Empirical_copula,Gaussian,absolute_residual,0.648125,7892301183.020276,25.60048821777115,0.001001596450805664,0.0,equicorrelated
0.1,10,30,51,TSCP_R,Gaussian,absolute_residual,0.99625,1321172445145.0088,37.89675033943929,0.0020003318786621094,0.0,equicorrelated
0.1,10,30,51,Point_CHR,Gaussian,absolute_residual,0.960625,1660977657831.1199,55.01546065131876,0.0010063648223876953,0.0,equicorrelated
0.1,10,30,51,Unscaled,Gaussian,absolute_residual,0.930625,12476837948277.805,20.39907400123781,0.0,0.0,equicorrelated
0.1,10,30,51,Empirical_copula,Gaussian,absolute_residual,0.8625,60635565901.059364,33.05530611973608,0.0,0.0,equicorrelated
0.1,10,30,52,TSCP_R,Gaussian,absolute_residual,0.908125,98519945402.55055,28.927842141505593,0.0039997100830078125,0.0,equicorrelated
0.1,10,30,52,Point_CHR,Gaussian,absolute_residual,0.949375,355146735792.9305,37.29710071160575,0.0,0.0,equicorrelated
0.1,10,30,52,Unscaled,Gaussian,absolute_residual,0.93875,18669092252842.23,21.237936608601817,0.0,0.0,equicorrelated
0.1,10,30,52,Empirical_copula,Gaussian,absolute_residual,0.708125,16348678623.417555,24.714008031847147,0.0010027885437011719,0.0,equicorrelated
0.1,10,30,53,TSCP_R,Gaussian,absolute_residual,0.911875,75360753276.93268,23.753212014175787,0.0030069351196289062,0.0,equicorrelated
0.1,10,30,53,Point_CHR,Gaussian,absolute_residual,0.920625,108289835991.84824,26.55965056027005,0.0,0.0,equicorrelated
0.1,10,30,53,Unscaled,Gaussian,absolute_residual,0.91,8642245487178.411,19.66358318875371,0.0,0.0,equicorrelated
0.1,10,30,53,Empirical_copula,Gaussian,absolute_residual,0.754375,11277791648.282827,20.969420754803835,0.0010006427764892578,0.0,equicorrelated
0.1,10,30,54,TSCP_R,Gaussian,absolute_residual,0.935,95821078488.74397,29.79323751550744,0.002999544143676758,0.0,equicorrelated
0.1,10,30,54,Point_CHR,Gaussian,absolute_residual,0.936875,344092840019.6717,41.68159896589587,0.0,0.0,equicorrelated
0.1,10,30,54,Unscaled,Gaussian,absolute_residual,0.953125,31087420590055.13,22.34901921424998,0.0,0.0,equicorrelated
0.1,10,30,54,Empirical_copula,Gaussian,absolute_residual,0.75875,17972714290.772038,27.243105965851708,0.0,0.0,equicorrelated
0.1,10,30,55,TSCP_R,Gaussian,absolute_residual,0.968125,251951625876.71326,29.352538412880868,0.003008127212524414,0.0,equicorrelated
0.1,10,30,55,Point_CHR,Gaussian,absolute_residual,0.965,1372158859023.3604,40.068879444701444,0.0010013580322265625,0.0,equicorrelated
0.1,10,30,55,Unscaled,Gaussian,absolute_residual,0.94875,29858513259749.355,22.25905988647745,0.0,0.0,equicorrelated
0.1,10,30,55,Empirical_copula,Gaussian,absolute_residual,0.889375,48603227813.32517,25.049968106120755,0.0,0.0,equicorrelated
0.1,10,30,56,TSCP_R,Gaussian,absolute_residual,0.750625,20570395508.593983,27.475595018538986,0.0029990673065185547,0.0,equicorrelated
0.1,10,30,56,Point_CHR,Gaussian,absolute_residual,0.7575,28393445028.394093,30.407373858149278,0.0,0.0,equicorrelated
0.1,10,30,56,Unscaled,Gaussian,absolute_residual,0.939375,29698048644806.543,22.247068469193785,0.0,0.0,equicorrelated
0.1,10,30,56,Empirical_copula,Gaussian,absolute_residual,0.545625,5092166149.9690695,24.62675343233019,0.001003265380859375,0.0,equicorrelated
0.1,10,30,57,TSCP_R,Gaussian,absolute_residual,0.928125,132072726889.54192,30.338865014736285,0.003002166748046875,0.0,equicorrelated
0.1,10,30,57,Point_CHR,Gaussian,absolute_residual,0.955625,262365780685.40704,31.043908476726113,0.0,0.0,equicorrelated
0.1,10,30,57,Unscaled,Gaussian,absolute_residual,0.889375,6161582578257.067,19.009435805885225,0.0,0.0,equicorrelated
0.1,10,30,57,Empirical_copula,Gaussian,absolute_residual,0.770625,15928910722.414242,22.438294059618013,0.0010006427764892578,0.0,equicorrelated
0.1,10,30,58,TSCP_R,Gaussian,absolute_residual,0.920625,92203436602.19186,28.591478211630623,0.0030090808868408203,0.0,equicorrelated
0.1,10,30,58,Point_CHR,Gaussian,absolute_residual,0.9875,1184899571576.6187,35.433092597479806,0.0,0.0,equicorrelated
0.1,10,30,58,Unscaled,Gaussian,absolute_residual,0.896875,6492098923577.851,19.109024307883775,0.0,0.0,equicorrelated
0.1,10,30,58,Empirical_copula,Gaussian,absolute_residual,0.749375,13194585063.051462,20.471559514642713,0.000997781753540039,0.0,equicorrelated
0.1,10,30,59,TSCP_R,Gaussian,absolute_residual,0.948125,169552221659.99075,31.987607143299957,0.0030074119567871094,0.0,equicorrelated
0.1,10,30,59,Point_CHR,Gaussian,absolute_residual,0.97375,600804003554.73,36.445283924485935,0.0,0.0,equicorrelated
0.1,10,30,59,Unscaled,Gaussian,absolute_residual,0.9525,36720956309233.445,22.724346265661573,0.0009996891021728516,0.0,equicorrelated
0.1,10,30,59,Empirical_copula,Gaussian,absolute_residual,0.7875,22480085218.419907,26.3903568602673,0.0,0.0,equicorrelated
0.1,10,30,60,TSCP_R,Gaussian,absolute_residual,0.97125,580081332133.1196,32.44428631466787,0.002997159957885742,0.0,equicorrelated
0.1,10,30,60,Point_CHR,Gaussian,absolute_residual,0.969375,592054776592.6349,39.604300419876445,0.0,0.0,equicorrelated
0.1,10,30,60,Unscaled,Gaussian,absolute_residual,0.89875,6297919872032.418,19.05108492846041,0.0,0.0,equicorrelated
0.1,10,30,60,Empirical_copula,Gaussian,absolute_residual,0.756875,19968218821.450962,24.47843208862154,0.00099945068359375,0.0,equicorrelated
0.1,10,30,61,TSCP_R,Gaussian,absolute_residual,0.955,154025577080.48132,36.85255157875411,0.002997875213623047,0.0,equicorrelated
0.1,10,30,61,Point_CHR,Gaussian,absolute_residual,0.975625,866976222402.5045,39.61281538483438,0.0,0.0,equicorrelated
0.1,10,30,61,Unscaled,Gaussian,absolute_residual,0.965625,44676677172252.24,23.174377999177228,0.0,0.0,equicorrelated
0.1,10,30,61,Empirical_copula,Gaussian,absolute_residual,0.786875,18333293242.423412,28.253173631708385,0.0010023117065429688,0.0,equicorrelated
0.1,10,30,62,TSCP_R,Gaussian,absolute_residual,0.869375,65513369792.82452,29.79073225857841,0.0020112991333007812,0.0,equicorrelated
0.1,10,30,62,Point_CHR,Gaussian,absolute_residual,0.980625,62826684140214.3,69.34959307516009,0.0009951591491699219,0.0,equicorrelated
0.1,10,30,62,Unscaled,Gaussian,absolute_residual,0.851875,3155460264970.115,17.778956673053724,0.0,0.0,equicorrelated
0.1,10,30,62,Empirical_copula,Gaussian,absolute_residual,0.623125,5360169320.746508,22.171831729440743,0.0009932518005371094,0.0,equicorrelated
0.1,10,30,63,TSCP_R,Gaussian,absolute_residual,0.9025,78628402651.13278,30.752705726550072,0.0020067691802978516,0.0,equicorrelated
0.1,10,30,63,Point_CHR,Gaussian,absolute_residual,0.985625,1791567585993.3625,44.31417665332367,0.0014820098876953125,0.0,equicorrelated
0.1,10,30,63,Unscaled,Gaussian,absolute_residual,0.87625,5392268008655.132,18.757594667081325,0.0,0.0,equicorrelated
0.1,10,30,63,Empirical_copula,Gaussian,absolute_residual,0.7925,20555780117.80151,25.115544819071452,0.0,0.0,equicorrelated
0.1,10,30,64,TSCP_R,Gaussian,absolute_residual,0.9425,200508627471.46393,31.506791599521875,0.0020003318786621094,0.0,equicorrelated
0.1,10,30,64,Point_CHR,Gaussian,absolute_residual,0.881875,648663310834.9237,44.9870557217651,0.0,0.0,equicorrelated
0.1,10,30,64,Unscaled,Gaussian,absolute_residual,0.941875,25544950213675.375,21.91444650210557,0.0,0.0,equicorrelated
0.1,10,30,64,Empirical_copula,Gaussian,absolute_residual,0.765625,24691422241.868176,27.90907287800951,0.0009989738464355469,0.0,equicorrelated
0.1,10,30,65,TSCP_R,Gaussian,absolute_residual,0.87,49717783699.741745,21.856763687720843,0.0030088424682617188,0.0,equicorrelated
0.1,10,30,65,Point_CHR,Gaussian,absolute_residual,0.94125,299198897018.769,31.856120220156022,0.0,0.0,equicorrelated
0.1,10,30,65,Unscaled,Gaussian,absolute_residual,0.884375,5508934290047.002,18.79778851357793,0.0,0.0,equicorrelated
0.1,10,30,65,Empirical_copula,Gaussian,absolute_residual,0.763125,12038758391.91698,22.390078898187035,0.0,0.0,equicorrelated
0.1,10,30,66,TSCP_R,Gaussian,absolute_residual,0.841875,26881309046.008514,24.71078908215373,0.003000497817993164,0.0,equicorrelated
0.1,10,30,66,Point_CHR,Gaussian,absolute_residual,0.78875,25540354708.918327,25.70559132063161,0.0009992122650146484,0.0,equicorrelated
0.1,10,30,66,Unscaled,Gaussian,absolute_residual,0.794375,1682221114021.4468,16.695072446228675,0.0,0.0,equicorrelated
0.1,10,30,66,Empirical_copula,Gaussian,absolute_residual,0.67625,7884187865.530132,21.945644493557417,0.0010018348693847656,0.0,equicorrelated
0.1,10,30,67,TSCP_R,Gaussian,absolute_residual,0.866875,37105430951.89083,25.76136912657962,0.003000497817993164,0.0,equicorrelated
0.1,10,30,67,Point_CHR,Gaussian,absolute_residual,0.96125,407814215366.86395,41.62885148406376,0.0009984970092773438,0.0,equicorrelated
0.1,10,30,67,Unscaled,Gaussian,absolute_residual,0.9025,8787899410563.15,19.69647493485821,0.0,0.0,equicorrelated
0.1,10,30,67,Empirical_copula,Gaussian,absolute_residual,0.7,12406616543.002464,25.230230411266707,0.0010013580322265625,0.0,equicorrelated
0.1,10,30,68,TSCP_R,Gaussian,absolute_residual,0.929375,97489553278.04517,26.635794576708406,0.0030062198638916016,0.0,equicorrelated
0.1,10,30,68,Point_CHR,Gaussian,absolute_residual,0.944375,277394036020.40356,28.54704482516588,0.0,0.0,equicorrelated
0.1,10,30,68,Unscaled,Gaussian,absolute_residual,0.939375,19102580118011.29,21.286742320434794,0.0,0.0,equicorrelated
0.1,10,30,68,Empirical_copula,Gaussian,absolute_residual,0.79625,19980758980.330902,21.786379930705806,0.0009999275207519531,0.0,equicorrelated
0.1,10,30,69,TSCP_R,Gaussian,absolute_residual,0.906875,99280053964.26183,30.54135706084742,0.002999544143676758,0.0,equicorrelated
0.1,10,30,69,Point_CHR,Gaussian,absolute_residual,0.97875,573602289510.7971,35.80179838051894,0.0010080337524414062,0.0,equicorrelated
0.1,10,30,69,Unscaled,Gaussian,absolute_residual,0.878125,5441097028156.555,18.774511555111587,0.0,0.0,equicorrelated
0.1,10,30,69,Empirical_copula,Gaussian,absolute_residual,0.75125,20558920695.43591,23.067147029688506,0.0,0.0,equicorrelated
0.1,10,30,70,TSCP_R,Gaussian,absolute_residual,0.84375,53584422939.09552,29.73302791959985,0.0030007362365722656,0.0,equicorrelated
0.1,10,30,70,Point_CHR,Gaussian,absolute_residual,0.968125,1493910723277.469,47.286455349580976,0.0010004043579101562,0.0,equicorrelated
0.1,10,30,70,Unscaled,Gaussian,absolute_residual,0.845625,3568170566974.0835,17.99884183659818,0.0,0.0,equicorrelated
0.1,10,30,70,Empirical_copula,Gaussian,absolute_residual,0.615625,7648639900.8843975,23.567142485759224,0.0,0.0,equicorrelated
0.1,10,30,71,TSCP_R,Gaussian,absolute_residual,0.914375,116043469991.1228,31.054684332824287,0.0020067691802978516,0.0,equicorrelated
0.1,10,30,71,Point_CHR,Gaussian,absolute_residual,0.94,880953349221.8647,46.81211547873713,0.0,0.0,equicorrelated
0.1,10,30,71,Unscaled,Gaussian,absolute_residual,0.971875,54242547934594.61,23.62838334189809,0.0,0.0,equicorrelated
0.1,10,30,71,Empirical_copula,Gaussian,absolute_residual,0.77375,20004026440.27691,27.04179076135126,0.001009225845336914,0.0,equicorrelated
0.1,10,30,72,TSCP_R,Gaussian,absolute_residual,0.82375,29531884100.52937,25.253116451332147,0.0020067691802978516,0.0,equicorrelated
0.1,10,30,72,Point_CHR,Gaussian,absolute_residual,0.909375,99245919831.88203,33.50928073816364,0.000993490219116211,0.0,equicorrelated
0.1,10,30,72,Unscaled,Gaussian,absolute_residual,0.819375,2024058453267.7039,17.006788275914577,0.0,0.0,equicorrelated
0.1,10,30,72,Empirical_copula,Gaussian,absolute_residual,0.6875,7427411328.182305,22.691172979724755,0.0,0.0,equicorrelated
0.1,10,30,73,TSCP_R,Gaussian,absolute_residual,0.955,304961095990.3581,38.83473077939161,0.0020003318786621094,0.0,equicorrelated
0.1,10,30,73,Point_CHR,Gaussian,absolute_residual,0.97875,2180913263565.1738,49.16282408237959,0.0010001659393310547,0.0,equicorrelated
0.1,10,30,73,Unscaled,Gaussian,absolute_residual,0.983125,110671639441407.72,25.374858804401047,0.0,0.0,equicorrelated
0.1,10,30,73,Empirical_copula,Gaussian,absolute_residual,0.859375,36146544153.239975,29.404950851459063,0.0,0.0,equicorrelated
0.1,10,30,74,TSCP_R,Gaussian,absolute_residual,0.964375,230318537516.64767,28.645140420261832,0.0019922256469726562,0.0,equicorrelated
0.1,10,30,74,Point_CHR,Gaussian,absolute_residual,0.99375,8586276209745.5205,50.906003811845,0.0010063648223876953,0.0,equicorrelated
0.1,10,30,74,Unscaled,Gaussian,absolute_residual,0.88375,5521769236480.325,18.802163516356796,0.0,0.0,equicorrelated
0.1,10,30,74,Empirical_copula,Gaussian,absolute_residual,0.77125,17947054161.742336,23.312001945249392,0.0,0.0,equicorrelated
0.1,10,30,75,TSCP_R,Gaussian,absolute_residual,0.930625,168715365319.838,28.509428576202524,0.0030164718627929688,0.0,equicorrelated
0.1,10,30,75,Point_CHR,Gaussian,absolute_residual,0.933125,1431423327116.8408,46.81479416208303,0.0,0.0,equicorrelated
0.1,10,30,75,Unscaled,Gaussian,absolute_residual,0.92625,12680859920849.893,20.43218774405005,0.0,0.0,equicorrelated
0.1,10,30,75,Empirical_copula,Gaussian,absolute_residual,0.805,21984672626.623447,26.15889733671793,0.0009918212890625,0.0,equicorrelated
0.1,10,30,76,TSCP_R,Gaussian,absolute_residual,0.945,127466593530.3994,28.489286796979542,0.0030107498168945312,0.0,equicorrelated
0.1,10,30,76,Point_CHR,Gaussian,absolute_residual,0.96,992447580379.6497,37.505683734597596,0.0009965896606445312,0.0,equicorrelated
0.1,10,30,76,Unscaled,Gaussian,absolute_residual,0.894375,6289530421759.384,19.048545613545567,0.0,0.0,equicorrelated
0.1,10,30,76,Empirical_copula,Gaussian,absolute_residual,0.72,9637072997.44104,20.619646402536773,0.0,0.0,equicorrelated
0.1,10,30,77,TSCP_R,Gaussian,absolute_residual,0.89,66390517649.27286,25.218748979009465,0.003000974655151367,0.0,equicorrelated
0.1,10,30,77,Point_CHR,Gaussian,absolute_residual,0.92,424126514691.9942,31.470836712672437,0.0,0.0,equicorrelated
0.1,10,30,77,Unscaled,Gaussian,absolute_residual,0.855625,4089042366040.785,18.24576853089306,0.0010104179382324219,0.0,equicorrelated
0.1,10,30,77,Empirical_copula,Gaussian,absolute_residual,0.71,10725523503.857244,18.840818486194628,0.0,0.0,equicorrelated
0.1,10,30,78,TSCP_R,Gaussian,absolute_residual,0.970625,246835921436.39157,32.63136087590253,0.0030062198638916016,0.0,equicorrelated
0.1,10,30,78,Point_CHR,Gaussian,absolute_residual,0.979375,1180616951203.3726,36.749648602626394,0.0,0.0,equicorrelated
0.1,10,30,78,Unscaled,Gaussian,absolute_residual,0.91125,7754994558505.71,19.451726284013887,0.0,0.0,equicorrelated
0.1,10,30,78,Empirical_copula,Gaussian,absolute_residual,0.776875,14833553399.963943,21.237423841323647,0.0,0.0,equicorrelated
0.1,10,30,79,TSCP_R,Gaussian,absolute_residual,0.86,40516149871.96939,28.23038217617369,0.003006458282470703,0.0,equicorrelated
0.1,10,30,79,Point_CHR,Gaussian,absolute_residual,0.909375,132683508109.66098,33.07972721628914,0.0010018348693847656,0.0,equicorrelated
0.1,10,30,79,Unscaled,Gaussian,absolute_residual,0.938125,20178780612960.0,21.403731379378247,0.0,0.0,equicorrelated
0.1,10,30,79,Empirical_copula,Gaussian,absolute_residual,0.668125,8042664493.964864,23.263765417432673,0.0,0.0,equicorrelated
0.1,10,30,80,TSCP_R,Gaussian,absolute_residual,0.9475,155482806041.19986,30.989436446782932,0.003006458282470703,0.0,equicorrelated
0.1,10,30,80,Point_CHR,Gaussian,absolute_residual,0.99,1588464991942.3848,40.75580654267324,0.0,0.0,equicorrelated
0.1,10,30,80,Unscaled,Gaussian,absolute_residual,0.9725,65370879464184.61,24.07345547038991,0.0,0.0,equicorrelated
0.1,10,30,80,Empirical_copula,Gaussian,absolute_residual,0.781875,26752472769.10369,24.613476521278066,0.0009996891021728516,0.0,equicorrelated
0.1,10,30,81,TSCP_R,Gaussian,absolute_residual,0.958125,274733598841.37387,31.331502554406438,0.0030069351196289062,0.0,equicorrelated
0.1,10,30,81,Point_CHR,Gaussian,absolute_residual,0.9175,195829752917.4821,28.706885194648265,0.0,0.0,equicorrelated
0.1,10,30,81,Unscaled,Gaussian,absolute_residual,0.921875,11972000162767.645,20.314992737628096,0.0,0.0,equicorrelated
0.1,10,30,81,Empirical_copula,Gaussian,absolute_residual,0.705625,13576999517.188795,21.14384957050934,0.001005411148071289,0.0,equicorrelated
0.1,10,30,82,TSCP_R,Gaussian,absolute_residual,0.969375,239630957279.07965,26.64184900167359,0.0030069351196289062,0.0,equicorrelated
0.1,10,30,82,Point_CHR,Gaussian,absolute_residual,0.968125,488039571595.24255,33.45797076209443,0.0,0.0,equicorrelated
0.1,10,30,82,Unscaled,Gaussian,absolute_residual,0.861875,3915972323326.0664,18.167031171724595,0.0,0.0,equicorrelated
0.1,10,30,82,Empirical_copula,Gaussian,absolute_residual,0.809375,15789517001.263325,23.58155460918632,0.0009999275207519531,0.0,equicorrelated
0.1,10,30,83,TSCP_R,Gaussian,absolute_residual,0.968125,217056138657.6558,30.035371542745914,0.0030069351196289062,0.0,equicorrelated
0.1,10,30,83,Point_CHR,Gaussian,absolute_residual,0.964375,648707296575.8972,30.646947688419935,0.0,0.0,equicorrelated
0.1,10,30,83,Unscaled,Gaussian,absolute_residual,0.905,8781199360377.468,19.694972725255333,0.0,0.0,equicorrelated
0.1,10,30,83,Empirical_copula,Gaussian,absolute_residual,0.83125,25902764965.31174,26.314422079170924,0.00099945068359375,0.0,equicorrelated
0.1,10,30,84,TSCP_R,Gaussian,absolute_residual,0.95,231588605022.75137,29.793730108313618,0.003006458282470703,0.0,equicorrelated
0.1,10,30,84,Point_CHR,Gaussian,absolute_residual,0.975625,691645624758.6693,33.511917699359415,0.0,0.0,equicorrelated
0.1,10,30,84,Unscaled,Gaussian,absolute_residual,0.901875,6481378058300.444,19.105866351175294,0.0,0.0,equicorrelated
0.1,10,30,84,Empirical_copula,Gaussian,absolute_residual,0.820625,30416787876.67907,23.58464058822928,0.0010001659393310547,0.0,equicorrelated
0.1,10,30,85,TSCP_R,Gaussian,absolute_residual,0.980625,531561362157.7912,34.031228441248146,0.003006458282470703,0.0,equicorrelated
0.1,10,30,85,Point_CHR,Gaussian,absolute_residual,0.993125,2658754491952.6724,59.891188416596826,0.00099945068359375,0.0,equicorrelated
0.1,10,30,85,Unscaled,Gaussian,absolute_residual,0.933125,15538298631616.168,20.851646150089728,0.0,0.0,equicorrelated
0.1,10,30,85,Empirical_copula,Gaussian,absolute_residual,0.831875,35968051944.05493,33.023557797468776,0.0,0.0,equicorrelated
0.1,10,30,86,TSCP_R,Gaussian,absolute_residual,0.88625,100311521709.78606,33.94923182990697,0.0039942264556884766,0.0,equicorrelated
0.1,10,30,86,Point_CHR,Gaussian,absolute_residual,0.8125,146758185668.88757,38.612077277262316,0.0,0.0,equicorrelated
0.1,10,30,86,Unscaled,Gaussian,absolute_residual,0.973125,78720474364801.6,24.52498611913781,0.0,0.0,equicorrelated
0.1,10,30,86,Empirical_copula,Gaussian,absolute_residual,0.69125,16040386794.285126,28.504346143538477,0.0010008811950683594,0.0,equicorrelated
0.1,10,30,87,TSCP_R,Gaussian,absolute_residual,0.949375,217512620912.1523,30.83066443183224,0.0030090808868408203,0.0,equicorrelated
0.1,10,30,87,Point_CHR,Gaussian,absolute_residual,0.9225,159060383862.23737,35.347293318393824,0.0,0.0,equicorrelated
0.1,10,30,87,Unscaled,Gaussian,absolute_residual,0.936875,16296641415760.572,20.951243818972095,0.0,0.0,equicorrelated
0.1,10,30,87,Empirical_copula,Gaussian,absolute_residual,0.7175,11043119137.188854,24.52969349936135,0.0009980201721191406,0.0,equicorrelated
0.1,10,30,88,TSCP_R,Gaussian,absolute_residual,0.88625,57178924106.591675,29.136184706899435,0.0030007362365722656,0.0,equicorrelated
0.1,10,30,88,Point_CHR,Gaussian,absolute_residual,0.9575,1249330790366.3132,40.11033691895918,0.0,0.0,equicorrelated
0.1,10,30,88,Unscaled,Gaussian,absolute_residual,0.935,18693696992287.562,21.24073398211852,0.0,0.0,equicorrelated
0.1,10,30,88,Empirical_copula,Gaussian,absolute_residual,0.720625,10404998147.432482,22.776005209141545,0.0010020732879638672,0.0,equicorrelated
0.1,10,30,89,TSCP_R,Gaussian,absolute_residual,0.949375,144068136989.50293,33.06047143914302,0.0030002593994140625,0.0,equicorrelated
0.1,10,30,89,Point_CHR,Gaussian,absolute_residual,0.978125,2564352936515.36,43.25828296501699,0.0,0.0,equicorrelated
0.1,10,30,89,Unscaled,Gaussian,absolute_residual,0.969375,44971761418379.0,23.189639101506046,0.0,0.0,equicorrelated
0.1,10,30,89,Empirical_copula,Gaussian,absolute_residual,0.84625,29744999764.33581,24.328794280813902,0.0,0.0,equicorrelated
0.1,10,30,90,TSCP_R,Gaussian,absolute_residual,0.92125,56002799221.29719,26.1417003261351,0.001997709274291992,0.0,equicorrelated
0.1,10,30,90,Point_CHR,Gaussian,absolute_residual,0.94,297957371314.97516,28.084347970563684,0.0010073184967041016,0.0,equicorrelated
0.1,10,30,90,Unscaled,Gaussian,absolute_residual,0.866875,3743667050101.74,18.08546675748948,0.0,0.0,equicorrelated
0.1,10,30,90,Empirical_copula,Gaussian,absolute_residual,0.75375,11476155213.090387,22.492324897613408,0.0,0.0,equicorrelated
0.1,10,30,91,TSCP_R,Gaussian,absolute_residual,0.808125,24876210888.354942,28.612016008522215,0.0020008087158203125,0.0,equicorrelated
0.1,10,30,91,Point_CHR,Gaussian,absolute_residual,0.9375,188972559264.33835,32.32964428509208,0.0,0.0,equicorrelated
0.1,10,30,91,Unscaled,Gaussian,absolute_residual,0.941875,22108029944259.105,21.60006233218411,0.0,0.0,equicorrelated
0.1,10,30,91,Empirical_copula,Gaussian,absolute_residual,0.660625,6941647482.777077,23.286193214040242,0.0010018348693847656,0.0,equicorrelated
0.1,10,30,92,TSCP_R,Gaussian,absolute_residual,0.9125,70154214343.72987,27.077296331020253,0.0030012130737304688,0.0,equicorrelated
0.1,10,30,92,Point_CHR,Gaussian,absolute_residual,0.924375,124231676489.53572,27.759617991911337,0.0,0.0,equicorrelated
0.1,10,30,92,Unscaled,Gaussian,absolute_residual,0.913125,10476528492158.252,20.045723694196433,0.0,0.0,equicorrelated
0.1,10,30,92,Empirical_copula,Gaussian,absolute_residual,0.744375,10601264997.390783,22.07294507835639,0.0010020732879638672,0.0,equicorrelated
0.1,10,30,93,TSCP_R,Gaussian,absolute_residual,0.864375,66768694025.709206,25.40751266534146,0.0020008087158203125,0.0,equicorrelated
0.1,10,30,93,Point_CHR,Gaussian,absolute_residual,0.819375,68866603798.3757,22.113168346664903,0.0,0.0,equicorrelated
0.1,10,30,93,Unscaled,Gaussian,absolute_residual,0.755625,1205115083937.4521,16.147409242275693,0.0,0.0,equicorrelated
0.1,10,30,93,Empirical_copula,Gaussian,absolute_residual,0.615625,8488451270.321183,22.113168346664903,0.0009992122650146484,0.0,equicorrelated
0.1,10,30,94,TSCP_R,Gaussian,absolute_residual,0.8925,55714741953.5307,26.670593374299337,0.003000974655151367,0.0,equicorrelated
0.1,10,30,94,Point_CHR,Gaussian,absolute_residual,0.960625,725665821364.0295,37.74767024935292,0.0,0.0,equicorrelated
0.1,10,30,94,Unscaled,Gaussian,absolute_residual,0.921875,10601556127961.314,20.06951889317355,0.0,0.0,equicorrelated
0.1,10,30,94,Empirical_copula,Gaussian,absolute_residual,0.734375,11591515390.051535,20.716209767724827,0.0,0.0,equicorrelated
0.1,10,30,95,TSCP_R,Gaussian,absolute_residual,0.93375,117749856848.20497,28.865930592743844,0.003000974655151367,0.0,equicorrelated
0.1,10,30,95,Point_CHR,Gaussian,absolute_residual,0.989375,2374312494725.87,30.96982332497167,0.0009984970092773438,0.0,equicorrelated
0.1,10,30,95,Unscaled,Gaussian,absolute_residual,0.8675,4407176102970.1,18.38298532267401,0.0,0.0,equicorrelated
0.1,10,30,95,Empirical_copula,Gaussian,absolute_residual,0.750625,17494257119.75047,24.934045263190008,0.0,0.0,equicorrelated
0.1,10,30,96,TSCP_R,Gaussian,absolute_residual,0.9675,393733893062.2043,35.30691341389168,0.0029981136322021484,0.0,equicorrelated
0.1,10,30,96,Point_CHR,Gaussian,absolute_residual,0.9375,289857851567.2884,32.37554090719486,0.0,0.0,equicorrelated
0.1,10,30,96,Unscaled,Gaussian,absolute_residual,0.955625,28237914545448.793,22.13519039821969,0.0,0.0,equicorrelated
0.1,10,30,96,Empirical_copula,Gaussian,absolute_residual,0.70625,19193694789.03248,24.600098123546278,0.0010104179382324219,0.0,equicorrelated
0.1,10,30,97,TSCP_R,Gaussian,absolute_residual,0.80375,20984457372.898914,25.097633708394568,0.002001047134399414,0.0,equicorrelated
0.1,10,30,97,Point_CHR,Gaussian,absolute_residual,0.80625,19805158016.689713,21.41565683715757,0.0,0.0,equicorrelated
0.1,10,30,97,Unscaled,Gaussian,absolute_residual,0.824375,2063137913409.404,17.03934224257785,0.0,0.0,equicorrelated
0.1,10,30,97,Empirical_copula,Gaussian,absolute_residual,0.585625,3408434670.3280377,19.440507900394664,0.00099945068359375,0.0,equicorrelated
0.1,10,30,98,TSCP_R,Gaussian,absolute_residual,0.945,128352372981.06789,31.444774450001454,0.002999544143676758,0.0,equicorrelated
0.1,10,30,98,Point_CHR,Gaussian,absolute_residual,0.99875,59627001263262.055,58.16666908102364,0.0,0.0,equicorrelated
0.1,10,30,98,Unscaled,Gaussian,absolute_residual,0.9425,23564351313657.957,21.738298545179923,0.0010082721710205078,0.0,equicorrelated
0.1,10,30,98,Empirical_copula,Gaussian,absolute_residual,0.790625,19399232154.330616,23.17026283284222,0.0,0.0,equicorrelated
0.1,10,30,99,TSCP_R,Gaussian,absolute_residual,0.92125,77079916148.24348,25.16103385158003,0.0030095577239990234,0.0,equicorrelated
0.1,10,30,99,Point_CHR,Gaussian,absolute_residual,0.954375,325944955903.73676,27.919067641616774,0.0,0.0,equicorrelated
0.1,10,30,99,Unscaled,Gaussian,absolute_residual,0.885625,5455410437196.362,18.779444561790527,0.0,0.0,equicorrelated
0.1,10,30,99,Empirical_copula,Gaussian,absolute_residual,0.806875,26028043892.52394,20.893034175118494,0.001001119613647461,0.0,equicorrelated
0.1,10,30,100,TSCP_R,Gaussian,absolute_residual,0.965625,190964260282.7701,35.05034355585229,0.0030002593994140625,0.0,equicorrelated
0.1,10,30,100,Point_CHR,Gaussian,absolute_residual,0.98875,15400314487603.37,58.054170584006656,0.0010113716125488281,0.0,equicorrelated
0.1,10,30,100,Unscaled,Gaussian,absolute_residual,0.938125,13337970997281.191,20.53567473288233,0.0,0.0,equicorrelated
0.1,10,30,100,Empirical_copula,Gaussian,absolute_residual,0.7925,18085281824.476387,25.48686453296269,0.0,0.0,equicorrelated
0.1,10,30,101,TSCP_R,Gaussian,absolute_residual,0.93,107828121566.16109,28.840996383267147,0.003001689910888672,0.0,equicorrelated
0.1,10,30,101,Point_CHR,Gaussian,absolute_residual,0.995,1948150025707.5083,52.58288966870004,0.001010894775390625,0.0,equicorrelated
0.1,10,30,101,Unscaled,Gaussian,absolute_residual,0.934375,15692649628666.924,20.872267296457505,0.0,0.0,equicorrelated
0.1,10,30,101,Empirical_copula,Gaussian,absolute_residual,0.645625,6913706397.103484,26.86503860472274,0.000988006591796875,0.0,equicorrelated
0.1,10,30,102,TSCP_R,Gaussian,absolute_residual,0.9225,81747827321.14668,33.699700395443415,0.0030014514923095703,0.0,equicorrelated
0.1,10,30,102,Point_CHR,Gaussian,absolute_residual,0.965625,749216365020.3052,55.16773739954589,0.0010063648223876953,0.0,equicorrelated
0.1,10,30,102,Unscaled,Gaussian,absolute_residual,0.970625,51968579692716.38,23.527408049295616,0.0,0.0,equicorrelated
0.1,10,30,102,Empirical_copula,Gaussian,absolute_residual,0.66625,10990977692.186628,31.827823050326273,0.0,0.0,equicorrelated
0.1,10,30,103,TSCP_R,Gaussian,absolute_residual,0.85625,50554662523.872,27.916392431365942,0.0030057430267333984,0.0,equicorrelated
0.1,10,30,103,Point_CHR,Gaussian,absolute_residual,0.90125,266400276130.46375,34.49264440543764,0.001001596450805664,0.0,equicorrelated
0.1,10,30,103,Unscaled,Gaussian,absolute_residual,0.900625,6725472128495.6,19.176629505893427,0.0,0.0,equicorrelated
0.1,10,30,103,Empirical_copula,Gaussian,absolute_residual,0.5925,5841170278.890672,24.97277702176911,0.0,0.0,equicorrelated
0.1,10,30,104,TSCP_R,Gaussian,absolute_residual,0.910625,106285158857.03947,29.25567631319425,0.003007173538208008,0.0,equicorrelated
0.1,10,30,104,Point_CHR,Gaussian,absolute_residual,0.97375,968898912344.6669,42.70168521628271,0.0009915828704833984,0.0,equicorrelated
0.1,10,30,104,Unscaled,Gaussian,absolute_residual,0.898125,8901074801445.232,19.721695318124514,0.0,0.0,equicorrelated
0.1,10,30,104,Empirical_copula,Gaussian,absolute_residual,0.67125,11289523510.987722,25.308047053977443,0.0,0.0,equicorrelated
0.1,10,30,105,TSCP_R,Gaussian,absolute_residual,0.9125,74709016960.43195,28.877172696799285,0.002999544143676758,0.0,equicorrelated
0.1,10,30,105,Point_CHR,Gaussian,absolute_residual,0.965625,735877692170.9495,38.77721081558186,0.0,0.0,equicorrelated
0.1,10,30,105,Unscaled,Gaussian,absolute_residual,0.874375,5711678645447.772,18.865849973553917,0.0,0.0,equicorrelated
0.1,10,30,105,Empirical_copula,Gaussian,absolute_residual,0.73125,12785414421.85723,21.14718893366826,0.0,0.0,equicorrelated
0.1,10,30,106,TSCP_R,Gaussian,absolute_residual,0.991875,1413812649414.3325,31.861768613415926,0.002000570297241211,0.0,equicorrelated
0.1,10,30,106,Point_CHR,Gaussian,absolute_residual,0.9975,18746918455918.277,43.68619862201466,0.0,0.0,equicorrelated
0.1,10,30,106,Unscaled,Gaussian,absolute_residual,0.884375,5133182636025.642,18.66545889580024,0.0,0.0,equicorrelated
0.1,10,30,106,Empirical_copula,Gaussian,absolute_residual,0.77125,32827532680.7495,27.61101342802788,0.001001119613647461,0.0,equicorrelated
0.1,10,30,107,TSCP_R,Gaussian,absolute_residual,0.864375,36590720383.33956,23.93049883711619,0.0029997825622558594,0.0,equicorrelated
0.1,10,30,107,Point_CHR,Gaussian,absolute_residual,0.85125,65174329110.19857,26.957029609880315,0.0,0.0,equicorrelated
0.1,10,30,107,Unscaled,Gaussian,absolute_residual,0.791875,1360462585123.8848,16.344387878466613,0.0009989738464355469,0.0,equicorrelated
0.1,10,30,107,Empirical_copula,Gaussian,absolute_residual,0.6375,6532019033.133686,20.293910778658436,0.0,0.0,equicorrelated
0.1,10,30,108,TSCP_R,Gaussian,absolute_residual,0.961875,325964384239.57184,26.407836841497748,0.002015829086303711,0.0,equicorrelated
0.1,10,30,108,Point_CHR,Gaussian,absolute_residual,0.846875,63474996365.98575,31.09117173172137,0.0009853839874267578,0.0,equicorrelated
0.1,10,30,108,Unscaled,Gaussian,absolute_residual,0.93625,18915056393151.453,21.265752939679132,0.0,0.0,equicorrelated
0.1,10,30,108,Empirical_copula,Gaussian,absolute_residual,0.734375,14076614233.05293,25.784017646101262,0.0009989738464355469,0.0,equicorrelated
0.1,10,30,109,TSCP_R,Gaussian,absolute_residual,0.95,198386299764.05286,28.710890519344183,0.003007173538208008,0.0,equicorrelated
0.1,10,30,109,Point_CHR,Gaussian,absolute_residual,0.979375,2022244430226.639,41.97134091166604,0.0009922981262207031,0.0,equicorrelated
0.1,10,30,109,Unscaled,Gaussian,absolute_residual,0.921875,14813714613995.04,20.7523076610116,0.0,0.0,equicorrelated
0.1,10,30,109,Empirical_copula,Gaussian,absolute_residual,0.7875,19646857030.798023,24.42638165095925,0.0,0.0,equicorrelated
0.1,10,30,110,TSCP_R,Gaussian,absolute_residual,0.878125,46930353046.4821,30.74277699892945,0.0030074119567871094,0.0,equicorrelated
0.1,10,30,110,Point_CHR,Gaussian,absolute_residual,0.99625,1880880496143.7764,37.11832468063133,0.0,0.0,equicorrelated
0.1,10,30,110,Unscaled,Gaussian,absolute_residual,0.88875,5655859089801.303,18.847331013646258,0.0009996891021728516,0.0,equicorrelated
0.1,10,30,110,Empirical_copula,Gaussian,absolute_residual,0.69125,11434462228.808517,23.60404639069955,0.0,0.0,equicorrelated
0.1,10,30,111,TSCP_R,Gaussian,absolute_residual,0.978125,410986618848.7377,32.622996198128334,0.002994537353515625,0.0,equicorrelated
0.1,10,30,111,Point_CHR,Gaussian,absolute_residual,0.978125,776070044233.4906,33.165257118739035,0.0,0.0,equicorrelated
0.1,10,30,111,Unscaled,Gaussian,absolute_residual,0.9125,10855643451259.514,20.11710844497328,0.0,0.0,equicorrelated
0.1,10,30,111,Empirical_copula,Gaussian,absolute_residual,0.829375,27270214615.205666,27.395182064767422,0.0010001659393310547,0.0,equicorrelated
0.1,10,30,112,TSCP_R,Gaussian,absolute_residual,0.960625,240475814044.3613,30.97479072034089,0.0030057430267333984,0.0,equicorrelated
0.1,10,30,112,Point_CHR,Gaussian,absolute_residual,0.92875,299341896757.29584,36.91505839825621,0.0,0.0,equicorrelated
0.1,10,30,112,Unscaled,Gaussian,absolute_residual,0.920625,17502301351595.695,21.101314759166165,0.0,0.0,equicorrelated
0.1,10,30,112,Empirical_copula,Gaussian,absolute_residual,0.785625,21220813369.842224,26.690688654149323,0.0,0.0,equicorrelated
0.1,10,30,113,TSCP_R,Gaussian,absolute_residual,0.936875,94530020764.51653,31.92087540728099,0.0029997825622558594,0.0,equicorrelated
0.1,10,30,113,Point_CHR,Gaussian,absolute_residual,0.965625,880399721853.3004,33.99689744660394,0.0,0.0,equicorrelated
0.1,10,30,113,Unscaled,Gaussian,absolute_residual,0.953125,30211871717003.676,22.28526296965793,0.0,0.0,equicorrelated
0.1,10,30,113,Empirical_copula,Gaussian,absolute_residual,0.761875,15235634571.461298,25.179162677174897,0.0,0.0,equicorrelated
0.1,10,30,114,TSCP_R,Gaussian,absolute_residual,0.9325,110833476974.65056,33.171941141822906,0.0030045509338378906,0.0,equicorrelated
0.1,10,30,114,Point_CHR,Gaussian,absolute_residual,0.898125,105905562943.16734,31.154533549926427,0.0,0.0,equicorrelated
0.1,10,30,114,Unscaled,Gaussian,absolute_residual,0.945625,27706621341542.48,22.09318641150966,0.0,0.0,equicorrelated
0.1,10,30,114,Empirical_copula,Gaussian,absolute_residual,0.650625,9061251182.06904,28.978611701652756,0.0009937286376953125,0.0,equicorrelated
0.1,10,30,115,TSCP_R,Gaussian,absolute_residual,0.98,581438058673.9237,42.306109730280774,0.0030045509338378906,0.0,equicorrelated
0.1,10,30,115,Point_CHR,Gaussian,absolute_residual,0.99875,31764060094936.824,49.915987101216515,0.0,0.0,equicorrelated
0.1,10,30,115,Unscaled,Gaussian,absolute_residual,0.900625,7288291107191.974,19.33136723266021,0.0,0.0,equicorrelated
0.1,10,30,115,Empirical_copula,Gaussian,absolute_residual,0.9075,92096065248.94487,43.63145936199714,0.0009951591491699219,0.0,equicorrelated
0.1,10,30,116,TSCP_R,Gaussian,absolute_residual,0.929375,90617291168.9963,26.051649663827845,0.003000974655151367,0.0,equicorrelated
0.1,10,30,116,Point_CHR,Gaussian,absolute_residual,0.95125,408162374333.07074,33.639701314768246,0.0009987354278564453,0.0,equicorrelated
0.1,10,30,116,Unscaled,Gaussian,absolute_residual,0.925,11559914389028.31,20.243959592679552,0.0,0.0,equicorrelated
0.1,10,30,116,Empirical_copula,Gaussian,absolute_residual,0.785625,15709138706.831429,21.815922576428832,0.0,0.0,equicorrelated
0.1,10,30,117,TSCP_R,Gaussian,absolute_residual,0.89,56164266113.85037,22.01635859437732,0.003011465072631836,0.0,equicorrelated
0.1,10,30,117,Point_CHR,Gaussian,absolute_residual,0.99875,45786182097430.81,48.22340386968037,0.0009889602661132812,0.0,equicorrelated
0.1,10,30,117,Unscaled,Gaussian,absolute_residual,0.8575,4333414703979.554,18.35198414115718,0.0,0.0,equicorrelated
0.1,10,30,117,Empirical_copula,Gaussian,absolute_residual,0.684375,11965801905.298452,20.048436392007563,0.0,0.0,equicorrelated
0.1,10,30,118,TSCP_R,Gaussian,absolute_residual,0.88375,70360552488.26129,28.221489819622064,0.001999378204345703,0.0,equicorrelated
0.1,10,30,118,Point_CHR,Gaussian,absolute_residual,0.968125,1253972355326.0872,31.07678186887582,0.001007080078125,0.0,equicorrelated
0.1,10,30,118,Unscaled,Gaussian,absolute_residual,0.790625,1386056080033.1292,16.37487827271254,0.0,0.0,equicorrelated
0.1,10,30,118,Empirical_copula,Gaussian,absolute_residual,0.58125,8217279188.312477,28.088967614445416,0.0009996891021728516,0.0,equicorrelated
0.1,10,30,119,TSCP_R,Gaussian,absolute_residual,0.9,62109465867.37507,28.64945297729998,0.0030107498168945312,0.0,equicorrelated
0.1,10,30,119,Point_CHR,Gaussian,absolute_residual,0.948125,207735880690.60553,34.911458001696715,0.0,0.0,equicorrelated
0.1,10,30,119,Unscaled,Gaussian,absolute_residual,0.958125,39004343163406.9,22.86184610036103,0.0,0.0,equicorrelated
0.1,10,30,119,Empirical_copula,Gaussian,absolute_residual,0.72625,13546636332.74885,28.579054838251896,0.0,0.0,equicorrelated
0.1,10,30,120,TSCP_R,Gaussian,absolute_residual,0.92375,124194112586.59074,29.67488302245569,0.003000020980834961,0.0,equicorrelated
0.1,10,30,120,Point_CHR,Gaussian,absolute_residual,0.985,6724996111139.115,49.277527406148195,0.0,0.0,equicorrelated
0.1,10,30,120,Unscaled,Gaussian,absolute_residual,0.92125,13043272646521.66,20.489844252529693,0.0009999275207519531,0.0,equicorrelated
0.1,10,30,120,Empirical_copula,Gaussian,absolute_residual,0.7375,16060766227.895567,22.23180619800617,0.0,0.0,equicorrelated
0.1,10,30,121,TSCP_R,Gaussian,absolute_residual,0.9,56258871601.07107,29.99199647083797,0.0030007362365722656,0.0,equicorrelated
0.1,10,30,121,Point_CHR,Gaussian,absolute_residual,0.93375,311183319192.223,43.99242198001201,0.0010001659393310547,0.0,equicorrelated
0.1,10,30,121,Unscaled,Gaussian,absolute_residual,0.946875,24718725301498.44,21.842513214310234,0.0,0.0,equicorrelated
0.1,10,30,121,Empirical_copula,Gaussian,absolute_residual,0.755,12955889482.158424,28.909307028662003,0.0010094642639160156,0.0,equicorrelated
0.1,10,30,122,TSCP_R,Gaussian,absolute_residual,0.978125,388028556412.66656,30.866542603261507,0.0029990673065185547,0.0,equicorrelated
0.1,10,30,122,Point_CHR,Gaussian,absolute_residual,0.9575,336264308113.9031,42.50839507990764,0.0,0.0,equicorrelated
0.1,10,30,122,Unscaled,Gaussian,absolute_residual,0.884375,5802948059141.62,18.89578193358808,0.0,0.0,equicorrelated
0.1,10,30,122,Empirical_copula,Gaussian,absolute_residual,0.865625,41653819201.1674,30.035552732695486,0.0,0.0,equicorrelated
0.1,10,30,123,TSCP_R,Gaussian,absolute_residual,0.936875,99857460639.13304,29.671993114329805,0.0030069351196289062,0.0,equicorrelated
0.1,10,30,123,Point_CHR,Gaussian,absolute_residual,0.978125,2003497770784.0947,45.91760880898428,0.0009980201721191406,0.0,equicorrelated
0.1,10,30,123,Unscaled,Gaussian,absolute_residual,0.92,13373593584388.197,20.541152748665947,0.0,0.0,equicorrelated
0.1,10,30,123,Empirical_copula,Gaussian,absolute_residual,0.72875,12353381609.7537,25.83220548267765,0.0,0.0,equicorrelated
0.1,10,30,124,TSCP_R,Gaussian,absolute_residual,0.898125,56821267784.593254,26.40707473293027,0.001999378204345703,0.0,equicorrelated
0.1,10,30,124,Point_CHR,Gaussian,absolute_residual,0.949375,179341900853.89267,27.293213785891272,0.0,0.0,equicorrelated
0.1,10,30,124,Unscaled,Gaussian,absolute_residual,0.896875,6670070600033.297,19.160773763647466,0.0,0.0,equicorrelated
0.1,10,30,124,Empirical_copula,Gaussian,absolute_residual,0.670625,8193980456.666849,21.30088137108334,0.0010139942169189453,0.0,equicorrelated
0.1,10,30,125,TSCP_R,Gaussian,absolute_residual,0.940625,123003880098.70769,26.527427795067258,0.0029897689819335938,0.0,equicorrelated
0.1,10,30,125,Point_CHR,Gaussian,absolute_residual,0.999375,11822076473435.295,39.276262289544604,0.0,0.0,equicorrelated
0.1,10,30,125,Unscaled,Gaussian,absolute_residual,0.834375,2947161060823.954,17.65795424087982,0.0,0.0,equicorrelated
0.1,10,30,125,Empirical_copula,Gaussian,absolute_residual,0.715625,17190470164.294575,31.470119214390447,0.0010001659393310547,0.0,equicorrelated
0.1,10,30,126,TSCP_R,Gaussian,absolute_residual,0.98,658671417817.4751,33.65100081013118,0.0029993057250976562,0.0,equicorrelated
0.1,10,30,126,Point_CHR,Gaussian,absolute_residual,0.9825,2537769704396.132,44.33792270241889,0.0,0.0,equicorrelated
0.1,10,30,126,Unscaled,Gaussian,absolute_residual,0.981875,113845320674654.02,25.446702852642115,0.0,0.0,equicorrelated
0.1,10,30,126,Empirical_copula,Gaussian,absolute_residual,0.85375,46948793006.23641,32.53293142220806,0.0009999275207519531,0.0,equicorrelated
0.1,10,30,127,TSCP_R,Gaussian,absolute_residual,0.978125,406532365698.3056,37.51321219771482,0.002008199691772461,0.0,equicorrelated
0.1,10,30,127,Point_CHR,Gaussian,absolute_residual,0.910625,264106126610.13055,33.88127201295621,0.0009913444519042969,0.0,equicorrelated
0.1,10,30,127,Unscaled,Gaussian,absolute_residual,0.921875,12622897361219.076,20.422829191367907,0.0,0.0,equicorrelated
0.1,10,30,127,Empirical_copula,Gaussian,absolute_residual,0.78875,22264651871.645798,26.892022889439282,0.0010018348693847656,0.0,equicorrelated
0.1,10,30,128,TSCP_R,Gaussian,absolute_residual,0.98625,439643793869.14435,31.004582849415854,0.004000663757324219,0.0,equicorrelated
0.1,10,30,128,Point_CHR,Gaussian,absolute_residual,0.99625,2218237690296.922,36.8757936690821,0.0,0.0,equicorrelated
0.1,10,30,128,Unscaled,Gaussian,absolute_residual,0.91375,8878564183447.455,19.716702060566167,0.0,0.0,equicorrelated
0.1,10,30,128,Empirical_copula,Gaussian,absolute_residual,0.815,25974758924.758396,21.476270645204636,0.00099945068359375,0.0,equicorrelated
0.1,10,30,129,TSCP_R,Gaussian,absolute_residual,0.98125,409788570687.35016,36.021978364754354,0.0029997825622558594,0.0,equicorrelated
0.1,10,30,129,Point_CHR,Gaussian,absolute_residual,0.981875,2223960515747.8867,42.20069992878778,0.0,0.0,equicorrelated
0.1,10,30,129,Unscaled,Gaussian,absolute_residual,0.9475,20611897215032.184,21.449234475998747,0.0009989738464355469,0.0,equicorrelated
0.1,10,30,129,Empirical_copula,Gaussian,absolute_residual,0.7725,19577486726.39156,25.027103936444156,0.0,0.0,equicorrelated
0.1,10,30,130,TSCP_R,Gaussian,absolute_residual,0.98,505764164845.49445,36.937098004347305,0.0019991397857666016,0.0,equicorrelated
0.1,10,30,130,Point_CHR,Gaussian,absolute_residual,0.980625,602187159431.0387,37.895852660702275,0.0,0.0,equicorrelated
0.1,10,30,130,Unscaled,Gaussian,absolute_residual,0.95125,22972730910262.164,21.683094499154,0.0,0.0,equicorrelated
0.1,10,30,130,Empirical_copula,Gaussian,absolute_residual,0.791875,22411090295.000736,30.553661340216028,0.0009927749633789062,0.0,equicorrelated
0.1,10,30,131,TSCP_R,Gaussian,absolute_residual,0.803125,20283674169.718678,20.16630833135831,0.002999544143676758,0.0,equicorrelated
0.1,10,30,131,Point_CHR,Gaussian,absolute_residual,0.9075,203734682054.20236,27.791843254109526,0.0,0.0,equicorrelated
0.1,10,30,131,Unscaled,Gaussian,absolute_residual,0.8075,1610682413714.7385,16.622677980765307,0.0,0.0,equicorrelated
0.1,10,30,131,Empirical_copula,Gaussian,absolute_residual,0.614375,4521287177.79014,18.196921269726168,0.0010037422180175781,0.0,equicorrelated
0.1,10,30,132,TSCP_R,Gaussian,absolute_residual,0.935625,116411070272.2136,28.00276857126356,0.003999233245849609,0.0,equicorrelated
0.1,10,30,132,Point_CHR,Gaussian,absolute_residual,0.938125,204601603223.92908,28.60658775678126,0.0,0.0,equicorrelated
0.1,10,30,132,Unscaled,Gaussian,absolute_residual,0.85875,3217425507911.123,17.8135652971872,0.0,0.0,equicorrelated
0.1,10,30,132,Empirical_copula,Gaussian,absolute_residual,0.720625,10123093076.657072,19.146087268086752,0.0,0.0,equicorrelated
0.1,10,30,133,TSCP_R,Gaussian,absolute_residual,0.785625,19822618785.936546,25.469280354360123,0.004009246826171875,0.0,equicorrelated
0.1,10,30,133,Point_CHR,Gaussian,absolute_residual,0.880625,231162569466.70633,35.58628539942959,0.0,0.0,equicorrelated
0.1,10,30,133,Unscaled,Gaussian,absolute_residual,0.895625,6454172504213.192,19.09783148416363,0.0,0.0,equicorrelated
0.1,10,30,133,Empirical_copula,Gaussian,absolute_residual,0.68875,6777450245.483281,22.82936571707325,0.0010037422180175781,0.0,equicorrelated
0.1,10,30,134,TSCP_R,Gaussian,absolute_residual,0.978125,721567317054.6587,33.31305527382755,0.0020003318786621094,0.0,equicorrelated
0.1,10,30,134,Point_CHR,Gaussian,absolute_residual,0.9825,14215136225322.771,56.07724840218043,0.0,0.0,equicorrelated
0.1,10,30,134,Unscaled,Gaussian,absolute_residual,0.91625,9702550921889.023,19.892464563147723,0.0,0.0,equicorrelated
0.1,10,30,134,Empirical_copula,Gaussian,absolute_residual,0.825,36181484493.95781,26.08437902589096,0.0010023117065429688,0.0,equicorrelated
0.1,10,30,135,TSCP_R,Gaussian,absolute_residual,0.9125,206592833247.43683,37.33953753711357,0.0020058155059814453,0.0,equicorrelated
0.1,10,30,135,Point_CHR,Gaussian,absolute_residual,0.998125,49604400441033.27,78.14951419531303,0.0009984970092773438,0.0,equicorrelated
0.1,10,30,135,Unscaled,Gaussian,absolute_residual,0.96875,38673747547776.18,22.842394396923478,0.0,0.0,equicorrelated
0.1,10,30,135,Empirical_copula,Gaussian,absolute_residual,0.7125,24328630523.737263,29.27871994191725,0.0,0.0,equicorrelated
0.1,10,30,136,TSCP_R,Gaussian,absolute_residual,0.83875,30883340013.84613,25.891852792223837,0.003007173538208008,0.0,equicorrelated
0.1,10,30,136,Point_CHR,Gaussian,absolute_residual,0.865625,63529979808.71327,25.496759062357114,0.0,0.0,equicorrelated
0.1,10,30,136,Unscaled,Gaussian,absolute_residual,0.879375,4453478265641.451,18.402207936262442,0.0,0.0,equicorrelated
0.1,10,30,136,Empirical_copula,Gaussian,absolute_residual,0.63125,4759364923.823819,18.953917673355622,0.0009920597076416016,0.0,equicorrelated
0.1,10,30,137,TSCP_R,Gaussian,absolute_residual,0.951875,209463684146.23444,27.810379082758576,0.0030002593994140625,0.0,equicorrelated
0.1,10,30,137,Point_CHR,Gaussian,absolute_residual,0.990625,3882388763844.7983,50.94757838946336,0.001001596450805664,0.0,equicorrelated
0.1,10,30,137,Unscaled,Gaussian,absolute_residual,0.938125,19296982947057.223,21.30830680562857,0.0,0.0,equicorrelated
0.1,10,30,137,Empirical_copula,Gaussian,absolute_residual,0.788125,23699830872.481224,26.8940745077974,0.0,0.0,equicorrelated
0.1,10,30,138,TSCP_R,Gaussian,absolute_residual,0.913125,101651976605.50676,28.45834699510964,0.0029904842376708984,0.0,equicorrelated
0.1,10,30,138,Point_CHR,Gaussian,absolute_residual,0.958125,307237318667.02167,34.00567573562072,0.0,0.0,equicorrelated
0.1,10,30,138,Unscaled,Gaussian,absolute_residual,0.91125,8882101379435.834,19.717487427861077,0.0,0.0,equicorrelated
0.1,10,30,138,Empirical_copula,Gaussian,absolute_residual,0.7525,16143567098.823093,23.464955289422065,0.0,0.0,equicorrelated
0.1,10,30,139,TSCP_R,Gaussian,absolute_residual,0.88,41605806808.14776,25.106802483951,0.0019960403442382812,0.0,equicorrelated
0.1,10,30,139,Point_CHR,Gaussian,absolute_residual,0.9125,71136431034.21043,26.301660915290302,0.0009949207305908203,0.0,equicorrelated
0.1,10,30,139,Unscaled,Gaussian,absolute_residual,0.91875,12372021445519.191,20.381871838542484,0.0,0.0,equicorrelated
0.1,10,30,139,Empirical_copula,Gaussian,absolute_residual,0.716875,8936046579.906292,21.727718262712862,0.0009987354278564453,0.0,equicorrelated
0.1,10,30,140,TSCP_R,Gaussian,absolute_residual,0.950625,334556051053.9202,35.42064397297,0.003000497817993164,0.0,equicorrelated
0.1,10,30,140,Point_CHR,Gaussian,absolute_residual,0.96625,1173733821446.646,39.78878730869654,0.0,0.0,equicorrelated
0.1,10,30,140,Unscaled,Gaussian,absolute_residual,0.95125,38173231018146.15,22.81265812260992,0.0,0.0,equicorrelated
0.1,10,30,140,Empirical_copula,Gaussian,absolute_residual,0.833125,36994411375.347824,33.50316324031731,0.0009851455688476562,0.0,equicorrelated
0.1,10,30,141,TSCP_R,Gaussian,absolute_residual,0.924375,73516414467.53291,22.72423440934637,0.0030078887939453125,0.0,equicorrelated
0.1,10,30,141,Point_CHR,Gaussian,absolute_residual,0.92625,135004686613.58313,28.541804495579953,0.0,0.0,equicorrelated
0.1,10,30,141,Unscaled,Gaussian,absolute_residual,0.82,2496509323820.6553,17.36734050766471,0.0,0.0,equicorrelated
0.1,10,30,141,Empirical_copula,Gaussian,absolute_residual,0.753125,11769567363.453907,19.55351830873935,0.0,0.0,equicorrelated
0.1,10,30,142,TSCP_R,Gaussian,absolute_residual,0.976875,537519797651.57526,35.267430557540166,0.0020012855529785156,0.0,equicorrelated
0.1,10,30,142,Point_CHR,Gaussian,absolute_residual,0.9975,8975103965696.002,61.96459392245775,0.0,0.0,equicorrelated
0.1,10,30,142,Unscaled,Gaussian,absolute_residual,0.90625,10479035671096.695,20.04620336458285,0.0,0.0,equicorrelated
0.1,10,30,142,Empirical_copula,Gaussian,absolute_residual,0.77625,23029678465.14901,29.36929938096237,0.0009889602661132812,0.0,equicorrelated
0.1,10,30,143,TSCP_R,Gaussian,absolute_residual,0.9525,194243286869.76685,33.00033614433775,0.0029997825622558594,0.0,equicorrelated
0.1,10,30,143,Point_CHR,Gaussian,absolute_residual,0.974375,439502229386.4191,35.78017669652957,0.0,0.0,equicorrelated
0.1,10,30,143,Unscaled,Gaussian,absolute_residual,0.90375,9185546649078.502,19.7838358845813,0.0,0.0,equicorrelated
0.1,10,30,143,Empirical_copula,Gaussian,absolute_residual,0.6975,11140372936.900045,22.075086015953605,0.0010063648223876953,0.0,equicorrelated
0.1,10,30,144,TSCP_R,Gaussian,absolute_residual,0.925625,108950351607.92046,29.6899336032303,0.0029993057250976562,0.0,equicorrelated
0.1,10,30,144,Point_CHR,Gaussian,absolute_residual,0.991875,2876300163436.009,40.89091577682172,0.0,0.0,equicorrelated
0.1,10,30,144,Unscaled,Gaussian,absolute_residual,0.95875,31341652701687.9,22.36722926910526,0.0,0.0,equicorrelated
0.1,10,30,144,Empirical_copula,Gaussian,absolute_residual,0.80375,20300152078.41428,25.917022465152595,0.0,0.0,equicorrelated
0.1,10,30,145,TSCP_R,Gaussian,absolute_residual,0.746875,12165424602.398941,24.185056907059973,0.002999544143676758,0.0,equicorrelated
0.1,10,30,145,Point_CHR,Gaussian,absolute_residual,0.824375,61755650704.94826,29.201695691939758,0.0010004043579101562,0.0,equicorrelated
0.1,10,30,145,Unscaled,Gaussian,absolute_residual,0.91125,9714872987345.705,19.89498942782532,0.0,0.0,equicorrelated
0.1,10,30,145,Empirical_copula,Gaussian,absolute_residual,0.58625,3409817390.6498947,21.243069524175798,0.0010106563568115234,0.0,equicorrelated
0.1,10,30,146,TSCP_R,Gaussian,absolute_residual,0.973125,277735042529.2231,33.36220261963409,0.0029969215393066406,0.0,equicorrelated
0.1,10,30,146,Point_CHR,Gaussian,absolute_residual,0.989375,4351964219976.822,52.355004669340644,0.0010004043579101562,0.0,equicorrelated
0.1,10,30,146,Unscaled,Gaussian,absolute_residual,0.895625,7617365413409.918,19.416926156218082,0.0,0.0,equicorrelated
0.1,10,30,146,Empirical_copula,Gaussian,absolute_residual,0.815625,28141585913.27174,28.091157821881694,0.0010013580322265625,0.0,equicorrelated
0.1,10,30,147,TSCP_R,Gaussian,absolute_residual,0.980625,788976455327.3018,35.46075839126158,0.003998994827270508,0.0,equicorrelated
0.1,10,30,147,Point_CHR,Gaussian,absolute_residual,0.991875,6038089256564.911,55.35259675270004,0.0,0.0,equicorrelated
0.1,10,30,147,Unscaled,Gaussian,absolute_residual,0.95625,40429425668881.73,22.944032924067375,0.0,0.0,equicorrelated
0.1,10,30,147,Empirical_copula,Gaussian,absolute_residual,0.84875,37444125497.18263,28.19578285675828,0.0010018348693847656,0.0,equicorrelated
0.1,10,30,148,TSCP_R,Gaussian,absolute_residual,0.86375,45117590504.958755,32.51655554479217,0.0040013790130615234,0.0,equicorrelated
0.1,10,30,148,Point_CHR,Gaussian,absolute_residual,0.82875,26551432809.28755,31.0061538216128,0.0009987354278564453,0.0,equicorrelated
0.1,10,30,148,Unscaled,Gaussian,absolute_residual,0.94625,18448606389612.566,21.212719854957026,0.0,0.0,equicorrelated
0.1,10,30,148,Empirical_copula,Gaussian,absolute_residual,0.67625,6041295761.997341,26.74853015694354,0.0,0.0,equicorrelated
0.1,10,30,149,TSCP_R,Gaussian,absolute_residual,0.93625,101094186273.60875,29.13017463569411,0.003998756408691406,0.0,equicorrelated
0.1,10,30,149,Point_CHR,Gaussian,absolute_residual,0.876875,52678659579.80574,31.48069036735212,0.0,0.0,equicorrelated
0.1,10,30,149,Unscaled,Gaussian,absolute_residual,0.883125,5134434139229.562,18.665913921868505,0.0,0.0,equicorrelated
0.1,10,30,149,Empirical_copula,Gaussian,absolute_residual,0.73375,11107857931.149021,25.548267804706914,0.0009996891021728516,0.0,equicorrelated
0.1,10,30,150,TSCP_R,Gaussian,absolute_residual,0.89875,67099586675.570625,26.808253709064836,0.0029993057250976562,0.0,equicorrelated
0.1,10,30,150,Point_CHR,Gaussian,absolute_residual,0.984375,1337480293538.6272,51.264804630556526,0.0,0.0,equicorrelated
0.1,10,30,150,Unscaled,Gaussian,absolute_residual,0.818125,2256276710335.4795,17.192508037864965,0.0,0.0,equicorrelated
0.1,10,30,150,Empirical_copula,Gaussian,absolute_residual,0.656875,9384983115.152271,27.832295995344346,0.0010020732879638672,0.0,equicorrelated
0.1,10,30,151,TSCP_R,Gaussian,absolute_residual,0.950625,163069203369.80756,29.378228834715678,0.0020067691802978516,0.0,equicorrelated
0.1,10,30,151,Point_CHR,Gaussian,absolute_residual,0.950625,304645133545.9078,36.31030754807156,0.0,0.0,equicorrelated
0.1,10,30,151,Unscaled,Gaussian,absolute_residual,0.928125,13905235310867.924,20.62138517509466,0.0,0.0,equicorrelated
0.1,10,30,151,Empirical_copula,Gaussian,absolute_residual,0.726875,18230058395.784077,25.889088498703067,0.0009989738464355469,0.0,equicorrelated
0.1,10,30,152,TSCP_R,Gaussian,absolute_residual,0.9025,72378223479.84361,27.824224923383696,0.0019953250885009766,0.0,equicorrelated
0.1,10,30,152,Point_CHR,Gaussian,absolute_residual,0.95625,637884532963.2437,32.454846922958325,0.0009930133819580078,0.0,equicorrelated
0.1,10,30,152,Unscaled,Gaussian,absolute_residual,0.875625,4580368270195.19,18.45397975154043,0.0,0.0,equicorrelated
0.1,10,30,152,Empirical_copula,Gaussian,absolute_residual,0.69125,7696579850.381955,24.158609448514422,0.0,0.0,equicorrelated
0.1,10,30,153,TSCP_R,Gaussian,absolute_residual,0.889375,71453634769.13637,28.652112817829785,0.003000020980834961,0.0,equicorrelated
0.1,10,30,153,Point_CHR,Gaussian,absolute_residual,0.970625,832750280806.9382,37.01003413533987,0.0,0.0,equicorrelated
0.1,10,30,153,Unscaled,Gaussian,absolute_residual,0.895625,6167974848803.752,19.011407000201203,0.0,0.0,equicorrelated
0.1,10,30,153,Empirical_copula,Gaussian,absolute_residual,0.70125,11052469222.881334,21.560885448080047,0.0010023117065429688,0.0,equicorrelated
0.1,10,30,154,TSCP_R,Gaussian,absolute_residual,0.934375,116713337979.54813,28.084506688809512,0.0029997825622558594,0.0,equicorrelated
0.1,10,30,154,Point_CHR,Gaussian,absolute_residual,0.99,1715791355466.7573,36.42289783982386,0.0010135173797607422,0.0,equicorrelated
0.1,10,30,154,Unscaled,Gaussian,absolute_residual,0.878125,4652455486737.93,18.482819515885094,0.0,0.0,equicorrelated
0.1,10,30,154,Empirical_copula,Gaussian,absolute_residual,0.67875,9772125283.263348,22.40835335356877,0.0,0.0,equicorrelated
0.1,10,30,155,TSCP_R,Gaussian,absolute_residual,0.9125,92623175518.01857,33.15641355535546,0.003014087677001953,0.0,equicorrelated
0.1,10,30,155,Point_CHR,Gaussian,absolute_residual,0.87625,82637998189.8997,37.54988235217401,0.0009937286376953125,0.0,equicorrelated
0.1,10,30,155,Unscaled,Gaussian,absolute_residual,0.87875,5048770730500.695,18.634535212687418,0.0,0.0,equicorrelated
0.1,10,30,155,Empirical_copula,Gaussian,absolute_residual,0.61625,6074001454.77852,26.29045126779332,0.0,0.0,equicorrelated
0.1,10,30,156,TSCP_R,Gaussian,absolute_residual,0.91125,141162662424.77008,28.50233699143077,0.0030107498168945312,0.0,equicorrelated
0.1,10,30,156,Point_CHR,Gaussian,absolute_residual,0.905625,125757910065.66315,30.787515250434964,0.0009946823120117188,0.0,equicorrelated
0.1,10,30,156,Unscaled,Gaussian,absolute_residual,0.874375,4861685874321.155,18.564304763272162,0.0,0.0,equicorrelated
0.1,10,30,156,Empirical_copula,Gaussian,absolute_residual,0.730625,13477078013.346905,23.560812546364836,0.0,0.0,equicorrelated
0.1,10,30,157,TSCP_R,Gaussian,absolute_residual,0.82375,23162882668.435158,24.854444467272465,0.002998828887939453,0.0,equicorrelated
0.1,10,30,157,Point_CHR,Gaussian,absolute_residual,0.9175,143240258413.90717,27.261563717937335,0.001001119613647461,0.0,equicorrelated
0.1,10,30,157,Unscaled,Gaussian,absolute_residual,0.875625,4541393944678.969,18.43821681992064,0.0,0.0,equicorrelated
0.1,10,30,157,Empirical_copula,Gaussian,absolute_residual,0.685625,6726933755.634189,22.689094629455106,0.0,0.0,equicorrelated
0.1,10,30,158,TSCP_R,Gaussian,absolute_residual,0.919375,109719636590.98338,33.158290499968494,0.0030069351196289062,0.0,equicorrelated
0.1,10,30,158,Point_CHR,Gaussian,absolute_residual,0.971875,3313184860206.6494,75.51054756959482,0.0,0.0,equicorrelated
0.1,10,30,158,Unscaled,Gaussian,absolute_residual,0.955625,33825731859360.836,22.538485002897342,0.0,0.0,equicorrelated
0.1,10,30,158,Empirical_copula,Gaussian,absolute_residual,0.58375,6795280362.014178,34.66284639117474,0.0,0.0,equicorrelated
0.1,10,30,159,TSCP_R,Gaussian,absolute_residual,0.895,70776116674.6656,27.30744752954465,0.00200653076171875,0.0,equicorrelated
0.1,10,30,159,Point_CHR,Gaussian,absolute_residual,0.85,49533692235.55802,29.294066652112832,0.0,0.0,equicorrelated
0.1,10,30,159,Unscaled,Gaussian,absolute_residual,0.805,1997015782961.5684,16.98392837804086,0.0,0.0,equicorrelated
0.1,10,30,159,Empirical_copula,Gaussian,absolute_residual,0.72625,11373047437.40649,24.147082441441682,0.0009999275207519531,0.0,equicorrelated
0.1,10,30,160,TSCP_R,Gaussian,absolute_residual,0.839375,35351643425.732315,29.436671567313077,0.0019991397857666016,0.0,equicorrelated
0.1,10,30,160,Point_CHR,Gaussian,absolute_residual,0.945,1335281200124.587,40.54769217022722,0.0010008811950683594,0.0,equicorrelated
0.1,10,30,160,Unscaled,Gaussian,absolute_residual,0.925625,11374626107220.78,20.211275081796018,0.0,0.0,equicorrelated
0.1,10,30,160,Empirical_copula,Gaussian,absolute_residual,0.65625,5922250218.884696,24.876045152069675,0.0,0.0,equicorrelated
0.1,10,30,161,TSCP_R,Gaussian,absolute_residual,0.915,81625641390.20879,28.288698004439674,0.0030066967010498047,0.0,equicorrelated
0.1,10,30,161,Point_CHR,Gaussian,absolute_residual,0.95625,480351684553.6035,37.70647282262681,0.0,0.0,equicorrelated
0.1,10,30,161,Unscaled,Gaussian,absolute_residual,0.88125,5341206780816.252,18.739756314463605,0.0,0.0,equicorrelated
0.1,10,30,161,Empirical_copula,Gaussian,absolute_residual,0.7225,10062722020.09034,22.72765897265903,0.0010004043579101562,0.0,equicorrelated
0.1,10,30,162,TSCP_R,Gaussian,absolute_residual,0.85,76060207149.56848,33.41346687265473,0.0020275115966796875,0.0,equicorrelated
0.1,10,30,162,Point_CHR,Gaussian,absolute_residual,0.95875,6022502412959.549,40.11568142459369,0.0,0.0,equicorrelated
0.1,10,30,162,Unscaled,Gaussian,absolute_residual,0.835,3100879348282.227,17.747961864496506,0.0,0.0,equicorrelated
0.1,10,30,162,Empirical_copula,Gaussian,absolute_residual,0.5575,11875656868.470537,40.11568142459369,0.0009992122650146484,0.0,equicorrelated
0.1,10,30,163,TSCP_R,Gaussian,absolute_residual,0.8025,23022353783.78431,28.60259725959927,0.00299835205078125,0.0,equicorrelated
0.1,10,30,163,Point_CHR,Gaussian,absolute_residual,0.904375,233814236782.3999,39.70518154054489,0.0,0.0,equicorrelated
0.1,10,30,163,Unscaled,Gaussian,absolute_residual,0.931875,15787721596493.807,20.88487815771318,0.0,0.0,equicorrelated
0.1,10,30,163,Empirical_copula,Gaussian,absolute_residual,0.62125,4775319752.415353,25.00120638613118,0.0010023117065429688,0.0,equicorrelated
0.1,10,30,164,TSCP_R,Gaussian,absolute_residual,0.965,188028942732.43115,32.188173148627996,0.003001689910888672,0.0,equicorrelated
0.1,10,30,164,Point_CHR,Gaussian,absolute_residual,0.983125,769695829257.4431,30.246012842686515,0.0,0.0,equicorrelated
0.1,10,30,164,Unscaled,Gaussian,absolute_residual,0.93,14550256031236.994,20.715101401718876,0.0,0.0,equicorrelated
0.1,10,30,164,Empirical_copula,Gaussian,absolute_residual,0.8225,26298287175.966045,27.661938419630648,0.0010008811950683594,0.0,equicorrelated
0.1,10,30,165,TSCP_R,Gaussian,absolute_residual,0.970625,383944698674.7957,33.735938081084186,0.0030145645141601562,0.0,equicorrelated
0.1,10,30,165,Point_CHR,Gaussian,absolute_residual,0.96,2397585196571.4604,59.19523367551395,0.0,0.0,equicorrelated
0.1,10,30,165,Unscaled,Gaussian,absolute_residual,0.975,85984029287721.27,24.74239746999617,0.0,0.0,equicorrelated
0.1,10,30,165,Empirical_copula,Gaussian,absolute_residual,0.846875,43916351036.99057,29.840156455916723,0.0,0.0,equicorrelated
0.1,10,30,166,TSCP_R,Gaussian,absolute_residual,0.924375,83856449927.67093,27.388925834620487,0.001999378204345703,0.0,equicorrelated
0.1,10,30,166,Point_CHR,Gaussian,absolute_residual,0.86875,70461323654.51736,23.92171840172289,0.0,0.0,equicorrelated
0.1,10,30,166,Unscaled,Gaussian,absolute_residual,0.860625,4121331507367.0,18.2601253677648,0.0,0.0,equicorrelated
0.1,10,30,166,Empirical_copula,Gaussian,absolute_residual,0.670625,8600819946.078455,18.555383123475686,0.0010023117065429688,0.0,equicorrelated
0.1,10,30,167,TSCP_R,Gaussian,absolute_residual,0.976875,364336648289.91547,29.18037599377564,0.003005504608154297,0.0,equicorrelated
0.1,10,30,167,Point_CHR,Gaussian,absolute_residual,0.963125,907466669570.5819,37.09749732516325,0.0,0.0,equicorrelated
0.1,10,30,167,Unscaled,Gaussian,absolute_residual,0.951875,37143144483141.82,22.75033870446178,0.0,0.0,equicorrelated
0.1,10,30,167,Empirical_copula,Gaussian,absolute_residual,0.84375,39688911252.81385,22.927798444378162,0.0009999275207519531,0.0,equicorrelated
0.1,10,30,168,TSCP_R,Gaussian,absolute_residual,0.931875,108027183213.40405,28.47388602283319,0.0019989013671875,0.0,equicorrelated
0.1,10,30,168,Point_CHR,Gaussian,absolute_residual,0.97375,782840378194.5997,38.6842355589599,0.0010001659393310547,0.0,equicorrelated
0.1,10,30,168,Unscaled,Gaussian,absolute_residual,0.903125,8517486925617.665,19.635010939011632,0.0,0.0,equicorrelated
0.1,10,30,168,Empirical_copula,Gaussian,absolute_residual,0.6425,6742736492.671087,24.477698762884042,0.0,0.0,equicorrelated
0.1,10,30,169,TSCP_R,Gaussian,absolute_residual,0.8525,41689579001.68859,29.08720997520695,0.002999544143676758,0.0,equicorrelated
0.1,10,30,169,Point_CHR,Gaussian,absolute_residual,0.874375,117019874811.47758,43.742524928237884,0.0,0.0,equicorrelated
0.1,10,30,169,Unscaled,Gaussian,absolute_residual,0.9125,8361207949584.105,19.598683633333792,0.0,0.0,equicorrelated
0.1,10,30,169,Empirical_copula,Gaussian,absolute_residual,0.578125,4986828779.292905,29.330089448769897,0.0,0.0,equicorrelated
0.1,10,30,170,TSCP_R,Gaussian,absolute_residual,0.901875,55324901166.98153,27.18133047961281,0.002007007598876953,0.0,equicorrelated
0.1,10,30,170,Point_CHR,Gaussian,absolute_residual,0.9775,710198530304.9965,37.950932586296986,0.0009999275207519531,0.0,equicorrelated
0.1,10,30,170,Unscaled,Gaussian,absolute_residual,0.9,7246678605900.209,19.320301526997785,0.0,0.0,equicorrelated
0.1,10,30,170,Empirical_copula,Gaussian,absolute_residual,0.763125,12440542133.530706,23.60622414370303,0.0,0.0,equicorrelated
0.1,10,30,171,TSCP_R,Gaussian,absolute_residual,0.8075,23743867506.73187,26.15414700838216,0.003006458282470703,0.0,equicorrelated
0.1,10,30,171,Point_CHR,Gaussian,absolute_residual,0.896875,88991957799.63687,32.12114995616288,0.0,0.0,equicorrelated
0.1,10,30,171,Unscaled,Gaussian,absolute_residual,0.8875,5022401202064.805,18.624779518030845,0.0,0.0,equicorrelated
0.1,10,30,171,Empirical_copula,Gaussian,absolute_residual,0.668125,5716678131.483969,23.04728678534161,0.0,0.0,equicorrelated
0.1,10,30,172,TSCP_R,Gaussian,absolute_residual,0.965,191969146257.5568,29.95386099106754,0.003998517990112305,0.0,equicorrelated
0.1,10,30,172,Point_CHR,Gaussian,absolute_residual,0.980625,519135585382.5135,33.85702201279287,0.0,0.0,equicorrelated
0.1,10,30,172,Unscaled,Gaussian,absolute_residual,0.949375,28566497331665.47,22.160813522587972,0.0,0.0,equicorrelated
0.1,10,30,172,Empirical_copula,Gaussian,absolute_residual,0.791875,22216060613.30773,22.381180148737467,0.0010006427764892578,0.0,equicorrelated
0.1,10,30,173,TSCP_R,Gaussian,absolute_residual,0.918125,95824618618.49725,28.081257050442453,0.003007650375366211,0.0,equicorrelated
0.1,10,30,173,Point_CHR,Gaussian,absolute_residual,0.8925,135782474421.84451,32.01228602708201,0.0,0.0,equicorrelated
0.1,10,30,173,Unscaled,Gaussian,absolute_residual,0.825,2797745023401.313,17.566320942372663,0.0,0.0,equicorrelated
0.1,10,30,173,Empirical_copula,Gaussian,absolute_residual,0.725625,11745302204.265196,23.23223240942839,0.0,0.0,equicorrelated
0.1,10,30,174,TSCP_R,Gaussian,absolute_residual,0.954375,188277755940.5235,36.43175305709239,0.0030150413513183594,0.0,equicorrelated
0.1,10,30,174,Point_CHR,Gaussian,absolute_residual,0.988125,1015833931644.5942,39.526168294129775,0.0,0.0,equicorrelated
0.1,10,30,174,Unscaled,Gaussian,absolute_residual,0.945,18544781175996.785,21.223752442210532,0.0,0.0,equicorrelated
0.1,10,30,174,Empirical_copula,Gaussian,absolute_residual,0.6825,10251449066.88045,25.42590819330389,0.0009999275207519531,0.0,equicorrelated
0.1,10,30,175,TSCP_R,Gaussian,absolute_residual,0.953125,250091567629.39343,36.22956243295316,0.003007173538208008,0.0,equicorrelated
0.1,10,30,175,Point_CHR,Gaussian,absolute_residual,0.953125,2397665949472.6797,53.75544945191467,0.0,0.0,equicorrelated
0.1,10,30,175,Unscaled,Gaussian,absolute_residual,0.97125,50218053169771.3,23.446930018984357,0.0,0.0,equicorrelated
0.1,10,30,175,Empirical_copula,Gaussian,absolute_residual,0.775625,28816071718.944542,32.13155152767251,0.0009999275207519531,0.0,equicorrelated
0.1,10,30,176,TSCP_R,Gaussian,absolute_residual,0.815,22146185161.49799,25.391225633928965,0.002505064010620117,0.0,equicorrelated
0.1,10,30,176,Point_CHR,Gaussian,absolute_residual,0.841875,43759034768.64078,31.70779920224016,0.0009996891021728516,0.0,equicorrelated
0.1,10,30,176,Unscaled,Gaussian,absolute_residual,0.961875,37411521114748.37,22.766723685902864,0.0,0.0,equicorrelated
0.1,10,30,176,Empirical_copula,Gaussian,absolute_residual,0.675625,7271345942.7387705,25.74370436668537,0.0,0.0,equicorrelated
0.1,10,30,177,TSCP_R,Gaussian,absolute_residual,0.865625,51723034136.08435,24.946466247131625,0.003000020980834961,0.0,equicorrelated
0.1,10,30,177,Point_CHR,Gaussian,absolute_residual,0.890625,228339656278.79126,28.522882316378272,0.0,0.0,equicorrelated
0.1,10,30,177,Unscaled,Gaussian,absolute_residual,0.78,1466271815337.2366,16.467264022080958,0.0,0.0,equicorrelated
0.1,10,30,177,Empirical_copula,Gaussian,absolute_residual,0.564375,5614225889.64363,18.416590002497898,0.0010027885437011719,0.0,equicorrelated
0.1,10,30,178,TSCP_R,Gaussian,absolute_residual,0.7925,15835898071.20456,26.73148507604563,0.0019981861114501953,0.0,equicorrelated
0.1,10,30,178,Point_CHR,Gaussian,absolute_residual,0.84625,71561737860.98273,39.748521114570806,0.0010008811950683594,0.0,equicorrelated
0.1,10,30,178,Unscaled,Gaussian,absolute_residual,0.910625,9855343550999.701,19.923570770721394,0.0,0.0,equicorrelated
0.1,10,30,178,Empirical_copula,Gaussian,absolute_residual,0.595,5089346608.647072,27.026358826432425,0.0009996891021728516,0.0,equicorrelated
0.1,10,30,179,TSCP_R,Gaussian,absolute_residual,0.76375,18427295148.2273,26.601749231480866,0.0030083656311035156,0.0,equicorrelated
0.1,10,30,179,Point_CHR,Gaussian,absolute_residual,0.930625,135960395936.01523,33.93787585967566,0.0009999275207519531,0.0,equicorrelated
0.1,10,30,179,Unscaled,Gaussian,absolute_residual,0.89375,6723427564702.105,19.17604645081062,0.0,0.0,equicorrelated
0.1,10,30,179,Empirical_copula,Gaussian,absolute_residual,0.638125,5902159952.297908,23.430805853514528,0.0010018348693847656,0.0,equicorrelated
0.1,10,30,180,TSCP_R,Gaussian,absolute_residual,0.90625,89255390805.5512,32.4015689141036,0.0025048255920410156,0.0,equicorrelated
0.1,10,30,180,Point_CHR,Gaussian,absolute_residual,0.9875,1295403482885.731,37.74776121214998,0.0,0.0,equicorrelated
0.1,10,30,180,Unscaled,Gaussian,absolute_residual,0.920625,10479393665637.512,20.046271847230212,0.0,0.0,equicorrelated
0.1,10,30,180,Empirical_copula,Gaussian,absolute_residual,0.73875,11861190230.187864,26.872329489018142,0.0010006427764892578,0.0,equicorrelated
0.1,10,30,181,TSCP_R,Gaussian,absolute_residual,0.904375,89575050646.13034,23.52377751346585,0.001992940902709961,0.0,equicorrelated
0.1,10,30,181,Point_CHR,Gaussian,absolute_residual,0.91625,235887635145.0949,28.946207751067504,0.0,0.0,equicorrelated
0.1,10,30,181,Unscaled,Gaussian,absolute_residual,0.891875,5729873065631.094,18.87185104910268,0.0,0.0,equicorrelated
0.1,10,30,181,Empirical_copula,Gaussian,absolute_residual,0.715625,15356514583.725517,20.45357258315348,0.0009980201721191406,0.0,equicorrelated
0.1,10,30,182,TSCP_R,Gaussian,absolute_residual,0.97125,223433615394.67386,26.835452872690716,0.003000974655151367,0.0,equicorrelated
0.1,10,30,182,Point_CHR,Gaussian,absolute_residual,0.986875,4600948670490.148,37.8742011125074,0.0,0.0,equicorrelated
0.1,10,30,182,Unscaled,Gaussian,absolute_residual,0.84125,3433741788146.1606,17.92985442095168,0.001001596450805664,0.0,equicorrelated
0.1,10,30,182,Empirical_copula,Gaussian,absolute_residual,0.766875,15694880474.680223,22.745686162294923,0.0,0.0,equicorrelated
0.1,10,30,183,TSCP_R,Gaussian,absolute_residual,0.875,47796589002.61811,26.358287551433165,0.0029997825622558594,0.0,equicorrelated
0.1,10,30,183,Point_CHR,Gaussian,absolute_residual,0.973125,897160728118.6632,35.21522996517429,0.0,0.0,equicorrelated
0.1,10,30,183,Unscaled,Gaussian,absolute_residual,0.909375,7648058945209.661,19.42473589246744,0.0,0.0,equicorrelated
0.1,10,30,183,Empirical_copula,Gaussian,absolute_residual,0.710625,11754372301.826187,27.35085351582016,0.0,0.0,equicorrelated
0.1,10,30,184,TSCP_R,Gaussian,absolute_residual,0.915,168359429592.26572,26.058583091386517,0.0030145645141601562,0.0,equicorrelated
0.1,10,30,184,Point_CHR,Gaussian,absolute_residual,0.90125,240847425194.81158,32.60147009736066,0.0,0.0,equicorrelated
0.1,10,30,184,Unscaled,Gaussian,absolute_residual,0.786875,1905656050847.4512,16.904582599181747,0.0,0.0,equicorrelated
0.1,10,30,184,Empirical_copula,Gaussian,absolute_residual,0.643125,13228764139.578821,21.720771657537526,0.0010008811950683594,0.0,equicorrelated
0.1,10,30,185,TSCP_R,Gaussian,absolute_residual,0.871875,54953519526.29065,26.083524642268507,0.0020072460174560547,0.0,equicorrelated
0.1,10,30,185,Point_CHR,Gaussian,absolute_residual,0.82375,31217037439.663418,29.56454238653496,0.00099945068359375,0.0,equicorrelated
0.1,10,30,185,Unscaled,Gaussian,absolute_residual,0.775,1326057941832.204,16.30257662289416,0.0,0.0,equicorrelated
0.1,10,30,185,Empirical_copula,Gaussian,absolute_residual,0.690625,8727828853.078001,25.47404940568392,0.0,0.0,equicorrelated
0.1,10,30,186,TSCP_R,Gaussian,absolute_residual,0.975625,277729459081.729,27.13458430666973,0.0030066967010498047,0.0,equicorrelated
0.1,10,30,186,Point_CHR,Gaussian,absolute_residual,0.98,1431496470608.628,39.70582310240086,0.0,0.0,equicorrelated
0.1,10,30,186,Unscaled,Gaussian,absolute_residual,0.9525,20442101403384.168,21.431499272762064,0.0,0.0,equicorrelated
0.1,10,30,186,Empirical_copula,Gaussian,absolute_residual,0.815,21656281176.623096,23.539537512281925,0.0009999275207519531,0.0,equicorrelated
0.1,10,30,187,TSCP_R,Gaussian,absolute_residual,0.8775,53003690801.4237,28.451673378128646,0.0030069351196289062,0.0,equicorrelated
0.1,10,30,187,Point_CHR,Gaussian,absolute_residual,0.883125,172615220941.33716,33.26565118730778,0.0009930133819580078,0.0,equicorrelated
0.1,10,30,187,Unscaled,Gaussian,absolute_residual,0.9225,19183358733759.992,21.295726710160366,0.0,0.0,equicorrelated
0.1,10,30,187,Empirical_copula,Gaussian,absolute_residual,0.639375,7204226758.793089,22.48257860015118,0.0,0.0,equicorrelated
0.1,10,30,188,TSCP_R,Gaussian,absolute_residual,0.909375,55054691379.03175,28.2925356855907,0.0020074844360351562,0.0,equicorrelated
0.1,10,30,188,Point_CHR,Gaussian,absolute_residual,0.91875,87279251584.29497,24.72414488736098,0.0009932518005371094,0.0,equicorrelated
0.1,10,30,188,Unscaled,Gaussian,absolute_residual,0.890625,5263557619494.085,18.71233302931838,0.0,0.0,equicorrelated
0.1,10,30,188,Empirical_copula,Gaussian,absolute_residual,0.73,10394202115.53216,19.390499948149337,0.0010001659393310547,0.0,equicorrelated
0.1,10,30,189,TSCP_R,Gaussian,absolute_residual,0.970625,300200204193.0301,31.46599915103278,0.0020003318786621094,0.0,equicorrelated
0.1,10,30,189,Point_CHR,Gaussian,absolute_residual,0.99125,16087524893886.854,48.35296142065788,0.0,0.0,equicorrelated
0.1,10,30,189,Unscaled,Gaussian,absolute_residual,0.963125,39839991942583.555,22.910360564418525,0.0,0.0,equicorrelated
0.1,10,30,189,Empirical_copula,Gaussian,absolute_residual,0.745625,19069728632.086185,28.455363801622696,0.0009922981262207031,0.0,equicorrelated
0.1,10,30,190,TSCP_R,Gaussian,absolute_residual,0.931875,148219944642.82086,30.200712332277178,0.003044605255126953,0.0,equicorrelated
0.1,10,30,190,Point_CHR,Gaussian,absolute_residual,0.985,5245163048002.177,41.11087552003234,0.0,0.0,equicorrelated
0.1,10,30,190,Unscaled,Gaussian,absolute_residual,0.855,3116990028911.462,17.757161365702174,0.0010018348693847656,0.0,equicorrelated
0.1,10,30,190,Empirical_copula,Gaussian,absolute_residual,0.66125,8698193792.58063,19.472877175154842,0.0,0.0,equicorrelated
0.1,10,30,191,TSCP_R,Gaussian,absolute_residual,0.965625,364204816413.02167,29.93551971136583,0.003006458282470703,0.0,equicorrelated
0.1,10,30,191,Point_CHR,Gaussian,absolute_residual,0.9075,685784593993.962,44.03392121670319,0.0,0.0,equicorrelated
0.1,10,30,191,Unscaled,Gaussian,absolute_residual,0.7875,1534372828915.5442,16.542193245215667,0.0,0.0,equicorrelated
0.1,10,30,191,Empirical_copula,Gaussian,absolute_residual,0.784375,24172096764.633698,25.293401878936205,0.0009999275207519531,0.0,equicorrelated
0.1,10,30,192,TSCP_R,Gaussian,absolute_residual,0.9175,110666173255.88185,27.176727617620923,0.0030002593994140625,0.0,equicorrelated
0.1,10,30,192,Point_CHR,Gaussian,absolute_residual,0.961875,288643890877.603,30.325101284336668,0.0010025501251220703,0.0,equicorrelated
0.1,10,30,192,Unscaled,Gaussian,absolute_residual,0.9175,10000845138879.139,19.952791770651675,0.0,0.0,equicorrelated
0.1,10,30,192,Empirical_copula,Gaussian,absolute_residual,0.73625,15173451472.328377,22.9745090955347,0.0,0.0,equicorrelated
0.1,10,30,193,TSCP_R,Gaussian,absolute_residual,0.78375,16849479906.408136,24.46591191644039,0.0019981861114501953,0.0,equicorrelated
0.1,10,30,193,Point_CHR,Gaussian,absolute_residual,0.943125,486279180462.8184,42.179956003939765,0.0010018348693847656,0.0,equicorrelated
0.1,10,30,193,Unscaled,Gaussian,absolute_residual,0.798125,1765225796687.5925,16.775675877843092,0.0,0.0,equicorrelated
0.1,10,30,193,Empirical_copula,Gaussian,absolute_residual,0.66375,5062582488.177905,23.58048510837735,0.0,0.0,equicorrelated
0.1,10,30,194,TSCP_R,Gaussian,absolute_residual,0.9675,371627210736.297,37.40961036000943,0.003008604049682617,0.0,equicorrelated
0.1,10,30,194,Point_CHR,Gaussian,absolute_residual,0.99125,3369578765677.779,49.970746901726926,0.0010013580322265625,0.0,equicorrelated
0.1,10,30,194,Unscaled,Gaussian,absolute_residual,0.951875,37269970559215.15,22.758094946889756,0.0,0.0,equicorrelated
0.1,10,30,194,Empirical_copula,Gaussian,absolute_residual,0.7175,20954061904.43783,30.93136471005895,0.0,0.0,equicorrelated
0.1,10,30,195,TSCP_R,Gaussian,absolute_residual,0.93875,133932139877.68617,28.758579741915433,0.003006458282470703,0.0,equicorrelated
0.1,10,30,195,Point_CHR,Gaussian,absolute_residual,0.92,118103865059.34102,26.773808760403618,0.0,0.0,equicorrelated
0.1,10,30,195,Unscaled,Gaussian,absolute_residual,0.9075,8968002492537.758,19.73647423684055,0.0,0.0,equicorrelated
0.1,10,30,195,Empirical_copula,Gaussian,absolute_residual,0.725,14727659649.95859,26.773808760403618,0.0009996891021728516,0.0,equicorrelated
0.1,10,30,196,TSCP_R,Gaussian,absolute_residual,0.916875,84977341310.47456,30.57101721870911,0.0030002593994140625,0.0,equicorrelated
0.1,10,30,196,Point_CHR,Gaussian,absolute_residual,0.931875,163908382452.84036,33.95457710725592,0.0,0.0,equicorrelated
0.1,10,30,196,Unscaled,Gaussian,absolute_residual,0.909375,9646364146765.988,19.880914850227253,0.0,0.0,equicorrelated
0.1,10,30,196,Empirical_copula,Gaussian,absolute_residual,0.673125,7753512717.939035,21.621356264959303,0.0009992122650146484,0.0,equicorrelated
0.1,10,30,197,TSCP_R,Gaussian,absolute_residual,0.780625,16807032881.233707,22.31013978483196,0.00200653076171875,0.0,equicorrelated
0.1,10,30,197,Point_CHR,Gaussian,absolute_residual,0.84,30238122059.925972,21.34139493549285,0.0010004043579101562,0.0,equicorrelated
0.1,10,30,197,Unscaled,Gaussian,absolute_residual,0.80125,1791897522654.0396,16.800852417899588,0.0,0.0,equicorrelated
0.1,10,30,197,Empirical_copula,Gaussian,absolute_residual,0.606875,4263338323.6953897,21.21857504418521,0.0,0.0,equicorrelated
0.1,10,30,198,TSCP_R,Gaussian,absolute_residual,0.844375,32405067560.013195,27.592979315989506,0.0020072460174560547,0.0,equicorrelated
0.1,10,30,198,Point_CHR,Gaussian,absolute_residual,0.788125,21720171062.30441,29.052810436327015,0.0009996891021728516,0.0,equicorrelated
0.1,10,30,198,Unscaled,Gaussian,absolute_residual,0.919375,13695180845791.287,20.590020411703957,0.0,0.0,equicorrelated
0.1,10,30,198,Empirical_copula,Gaussian,absolute_residual,0.68875,9356771315.236567,25.72882000461256,0.0,0.0,equicorrelated
0.1,10,30,199,TSCP_R,Gaussian,absolute_residual,0.92,124881903731.2976,29.14951223399345,0.002998828887939453,0.0,equicorrelated
0.1,10,30,199,Point_CHR,Gaussian,absolute_residual,0.97625,1222233280024.8267,39.17099489028933,0.0,0.0,equicorrelated
0.1,10,30,199,Unscaled,Gaussian,absolute_residual,0.950625,30893639455301.688,22.335048886303774,0.0,0.0,equicorrelated
0.1,10,30,199,Empirical_copula,Gaussian,absolute_residual,0.75375,18412004725.66259,26.670335042546974,0.0010018348693847656,0.0,equicorrelated
0.1,10,50,0,TSCP_R,Gaussian,absolute_residual,0.8825,51087233803.22864,28.56614192894127,0.004001140594482422,0.0,equicorrelated
0.1,10,50,0,Point_CHR,Gaussian,absolute_residual,0.884375,80427191481.33199,31.741916507883424,0.0,0.0,equicorrelated
0.1,10,50,0,Unscaled,Gaussian,absolute_residual,0.90625,7888762100821.568,19.48502134752619,0.0,0.0,equicorrelated
0.1,10,50,0,Empirical_copula,Gaussian,absolute_residual,0.814375,30489083305.16531,25.121117011746996,0.0,0.0,equicorrelated
0.1,10,50,1,TSCP_R,Gaussian,absolute_residual,0.90625,70278524909.64528,28.303909203117872,0.0029997825622558594,0.0,equicorrelated
0.1,10,50,1,Point_CHR,Gaussian,absolute_residual,0.89875,81426234284.36023,26.343469742211397,0.0010001659393310547,0.0,equicorrelated
0.1,10,50,1,Unscaled,Gaussian,absolute_residual,0.9125,12696167317691.637,20.434652827984177,0.0,0.0,equicorrelated
0.1,10,50,1,Empirical_copula,Gaussian,absolute_residual,0.788125,20687460362.63267,26.71970221697388,0.0010008811950683594,0.0,equicorrelated
0.1,10,50,2,TSCP_R,Gaussian,absolute_residual,0.896875,54449417852.321106,27.125814817446873,0.003026247024536133,0.0,equicorrelated
0.1,10,50,2,Point_CHR,Gaussian,absolute_residual,0.91375,63814381423.91994,26.22413117927176,0.0,0.0,equicorrelated
0.1,10,50,2,Unscaled,Gaussian,absolute_residual,0.891875,7493323173742.08,19.385073246823694,0.0,0.0,equicorrelated
0.1,10,50,2,Empirical_copula,Gaussian,absolute_residual,0.79125,19391963818.306202,24.17185634154384,0.0,0.0,equicorrelated
0.1,10,50,3,TSCP_R,Gaussian,absolute_residual,0.88,42235999339.3755,23.969231849396692,0.003999948501586914,0.0,equicorrelated
0.1,10,50,3,Point_CHR,Gaussian,absolute_residual,0.9375,151226521536.14642,28.356980830031805,0.0,0.0,equicorrelated
0.1,10,50,3,Unscaled,Gaussian,absolute_residual,0.8325,2520944439569.284,17.384264752175742,0.0,0.0,equicorrelated
0.1,10,50,3,Empirical_copula,Gaussian,absolute_residual,0.785625,21063227950.73286,21.914564524131322,0.0010023117065429688,0.0,equicorrelated
0.1,10,50,4,TSCP_R,Gaussian,absolute_residual,0.904375,61839609060.70467,26.89250529535908,0.003007173538208008,0.0,equicorrelated
0.1,10,50,4,Point_CHR,Gaussian,absolute_residual,0.92625,210733581914.86478,38.81888302916532,0.0009996891021728516,0.0,equicorrelated
0.1,10,50,4,Unscaled,Gaussian,absolute_residual,0.9125,12296237753514.291,20.36935256090602,0.0,0.0,equicorrelated
0.1,10,50,4,Empirical_copula,Gaussian,absolute_residual,0.80375,20722919137.72516,24.837653470486245,0.0011556148529052734,0.0,equicorrelated
0.1,10,50,5,TSCP_R,Gaussian,absolute_residual,0.97,287848019856.119,34.47161822260044,0.0039997100830078125,0.0,equicorrelated
0.1,10,50,5,Point_CHR,Gaussian,absolute_residual,0.966875,511510083779.63153,33.9252801659416,0.0,0.0,equicorrelated
0.1,10,50,5,Unscaled,Gaussian,absolute_residual,0.95625,25433646270250.715,21.904879209636146,0.0,0.0,equicorrelated
0.1,10,50,5,Empirical_copula,Gaussian,absolute_residual,0.916875,72411687702.94275,32.52279403949187,0.001005411148071289,0.0,equicorrelated
0.1,10,50,6,TSCP_R,Gaussian,absolute_residual,0.9325,74679496719.84496,26.28405799342255,0.004014492034912109,0.0,equicorrelated
0.1,10,50,6,Point_CHR,Gaussian,absolute_residual,0.970625,289401363536.08795,31.083634206433146,0.0,0.0,equicorrelated
0.1,10,50,6,Unscaled,Gaussian,absolute_residual,0.91125,9925807605164.678,19.937770164003442,0.0,0.0,equicorrelated
0.1,10,50,6,Empirical_copula,Gaussian,absolute_residual,0.874375,30186465695.548176,24.367812377109132,0.0,0.0,equicorrelated
0.1,10,50,7,TSCP_R,Gaussian,absolute_residual,0.8425,34365546097.80389,30.8166239505429,0.003006458282470703,0.0,equicorrelated
0.1,10,50,7,Point_CHR,Gaussian,absolute_residual,0.946875,226395767455.30078,34.88110903131043,0.0,0.0,equicorrelated
0.1,10,50,7,Unscaled,Gaussian,absolute_residual,0.92875,12229381908666.76,20.35825035425014,0.0,0.0,equicorrelated
0.1,10,50,7,Empirical_copula,Gaussian,absolute_residual,0.723125,15498616242.169737,32.96562048032687,0.0009999275207519531,0.0,equicorrelated
0.1,10,50,8,TSCP_R,Gaussian,absolute_residual,0.87875,48200305784.5328,23.603571479444724,0.0030088424682617188,0.0,equicorrelated
0.1,10,50,8,Point_CHR,Gaussian,absolute_residual,0.84625,54994643226.205154,24.81138323084154,0.0009980201721191406,0.0,equicorrelated
0.1,10,50,8,Unscaled,Gaussian,absolute_residual,0.825,2431346851879.0815,17.321467842867797,0.0,0.0,equicorrelated
0.1,10,50,8,Empirical_copula,Gaussian,absolute_residual,0.855625,34706389274.19033,22.256990811924556,0.0,0.0,equicorrelated
0.1,10,50,9,TSCP_R,Gaussian,absolute_residual,0.891875,48392275045.33343,29.057107733727157,0.0030066967010498047,0.0,equicorrelated
0.1,10,50,9,Point_CHR,Gaussian,absolute_residual,0.8525,41608589401.4374,30.213672842918577,0.0,0.0,equicorrelated
0.1,10,50,9,Unscaled,Gaussian,absolute_residual,0.909375,7517671642710.53,19.391362954367004,0.0,0.0,equicorrelated
0.1,10,50,9,Empirical_copula,Gaussian,absolute_residual,0.790625,18146243936.448902,25.43907915986298,0.0,0.0,equicorrelated
0.1,10,50,10,TSCP_R,Gaussian,absolute_residual,0.79,17204484874.054077,23.63291742930975,0.0039997100830078125,0.0,equicorrelated
0.1,10,50,10,Point_CHR,Gaussian,absolute_residual,0.86125,109987451739.54622,35.33623523331529,0.0,0.0,equicorrelated
0.1,10,50,10,Unscaled,Gaussian,absolute_residual,0.8275,2746765507866.444,17.53404668388847,0.0010037422180175781,0.0,equicorrelated
0.1,10,50,10,Empirical_copula,Gaussian,absolute_residual,0.705625,9064663084.472672,23.59214148137045,0.0,0.0,equicorrelated
0.1,10,50,11,TSCP_R,Gaussian,absolute_residual,0.868125,32813529877.462563,25.642150022638504,0.0030145645141601562,0.0,equicorrelated
0.1,10,50,11,Point_CHR,Gaussian,absolute_residual,0.831875,38368344918.61803,26.409900995488186,0.0,0.0,equicorrelated
0.1,10,50,11,Unscaled,Gaussian,absolute_residual,0.90875,9998800581732.889,19.952383821364222,0.0,0.0,equicorrelated
0.1,10,50,11,Empirical_copula,Gaussian,absolute_residual,0.825625,23836348451.214886,23.982864097676167,0.0,0.0,equicorrelated
0.1,10,50,12,TSCP_R,Gaussian,absolute_residual,0.9,54469640920.92918,27.937221175897896,0.003007173538208008,0.0,equicorrelated
0.1,10,50,12,Point_CHR,Gaussian,absolute_residual,0.94125,285454630116.7279,32.06751049320397,0.0,0.0,equicorrelated
0.1,10,50,12,Unscaled,Gaussian,absolute_residual,0.896875,8193789162132.092,19.55908249691804,0.0010001659393310547,0.0,equicorrelated
0.1,10,50,12,Empirical_copula,Gaussian,absolute_residual,0.811875,20683512574.793823,27.059416373779158,0.0,0.0,equicorrelated
0.1,10,50,13,TSCP_R,Gaussian,absolute_residual,0.955625,171639095381.37125,31.357993035711182,0.003006458282470703,0.0,equicorrelated
0.1,10,50,13,Point_CHR,Gaussian,absolute_residual,0.95375,202305891185.01254,31.322411420487427,0.0009996891021728516,0.0,equicorrelated
0.1,10,50,13,Unscaled,Gaussian,absolute_residual,0.9325,17784815564537.47,21.135130637541845,0.0,0.0,equicorrelated
0.1,10,50,13,Empirical_copula,Gaussian,absolute_residual,0.88125,64735887932.70877,29.111197933877502,0.0010001659393310547,0.0,equicorrelated
0.1,10,50,14,TSCP_R,Gaussian,absolute_residual,0.879375,45310607682.41016,24.998960984451543,0.0030069351196289062,0.0,equicorrelated
0.1,10,50,14,Point_CHR,Gaussian,absolute_residual,0.938125,322855187718.56024,29.482611875146127,0.0010006427764892578,0.0,equicorrelated
0.1,10,50,14,Unscaled,Gaussian,absolute_residual,0.82125,1921505801906.341,16.918590156819636,0.0,0.0,equicorrelated
0.1,10,50,14,Empirical_copula,Gaussian,absolute_residual,0.78375,27132592977.50313,29.482611875146127,0.0009920597076416016,0.0,equicorrelated
0.1,10,50,15,TSCP_R,Gaussian,absolute_residual,0.828125,22385080674.031128,27.243693502287172,0.0029926300048828125,0.0,equicorrelated
0.1,10,50,15,Point_CHR,Gaussian,absolute_residual,0.75375,15258656375.78567,26.20504949517995,0.0,0.0,equicorrelated
0.1,10,50,15,Unscaled,Gaussian,absolute_residual,0.9125,11198340771509.402,20.179730777589477,0.0,0.0,equicorrelated
0.1,10,50,15,Empirical_copula,Gaussian,absolute_residual,0.75125,11075122380.305517,25.227849804901993,0.0010025501251220703,0.0,equicorrelated
0.1,10,50,16,TSCP_R,Gaussian,absolute_residual,0.914375,78211203852.57724,33.92150363937471,0.003008127212524414,0.0,equicorrelated
0.1,10,50,16,Point_CHR,Gaussian,absolute_residual,0.94375,214993167815.89285,38.63188035990716,0.0009989738464355469,0.0,equicorrelated
0.1,10,50,16,Unscaled,Gaussian,absolute_residual,0.946875,19901208664886.71,21.37410533500043,0.0,0.0,equicorrelated
0.1,10,50,16,Empirical_copula,Gaussian,absolute_residual,0.795,25694450395.942085,32.385012617046385,0.0,0.0,equicorrelated
0.1,10,50,17,TSCP_R,Gaussian,absolute_residual,0.89375,41663390491.263115,25.73504670526995,0.004000663757324219,0.0,equicorrelated
0.1,10,50,17,Point_CHR,Gaussian,absolute_residual,0.846875,33047661074.36507,28.557785899330362,0.0,0.0,equicorrelated
0.1,10,50,17,Unscaled,Gaussian,absolute_residual,0.86125,4702330729557.572,18.50253852361033,0.0,0.0,equicorrelated
0.1,10,50,17,Empirical_copula,Gaussian,absolute_residual,0.794375,27875162750.494114,32.08079412234922,0.0010025501251220703,0.0,equicorrelated
0.1,10,50,18,TSCP_R,Gaussian,absolute_residual,0.828125,27241227125.707882,26.451650385445184,0.0029993057250976562,0.0,equicorrelated
0.1,10,50,18,Point_CHR,Gaussian,absolute_residual,0.858125,45580237411.06492,24.112057377205932,0.001001119613647461,0.0,equicorrelated
0.1,10,50,18,Unscaled,Gaussian,absolute_residual,0.91625,7693580513483.224,19.436266726107156,0.0,0.0,equicorrelated
0.1,10,50,18,Empirical_copula,Gaussian,absolute_residual,0.783125,18684047734.271732,24.112057377205932,0.001001119613647461,0.0,equicorrelated
0.1,10,50,19,TSCP_R,Gaussian,absolute_residual,0.92375,77741622758.10696,27.909950259533446,0.003006458282470703,0.0,equicorrelated
0.1,10,50,19,Point_CHR,Gaussian,absolute_residual,0.951875,319952906614.376,34.15306299567513,0.0,0.0,equicorrelated
0.1,10,50,19,Unscaled,Gaussian,absolute_residual,0.889375,5725673817896.672,18.87046753285124,0.0,0.0,equicorrelated
0.1,10,50,19,Empirical_copula,Gaussian,absolute_residual,0.836875,40624270069.469765,32.050515965123125,0.0,0.0,equicorrelated
0.1,10,50,20,TSCP_R,Gaussian,absolute_residual,0.9225,83507386164.80917,28.958573238635594,0.0030069351196289062,0.0,equicorrelated
0.1,10,50,20,Point_CHR,Gaussian,absolute_residual,0.83625,74271256582.13434,31.224864375653894,0.0,0.0,equicorrelated
0.1,10,50,20,Unscaled,Gaussian,absolute_residual,0.93375,14895431375889.4,20.763726920198163,0.0,0.0,equicorrelated
0.1,10,50,20,Empirical_copula,Gaussian,absolute_residual,0.86625,43334301047.13263,24.798924332022867,0.0,0.0,equicorrelated
0.1,10,50,21,TSCP_R,Gaussian,absolute_residual,0.9525,245637470564.61594,33.85905755876131,0.0029959678649902344,0.0,equicorrelated
0.1,10,50,21,Point_CHR,Gaussian,absolute_residual,0.97625,566173102992.1836,29.82587709522252,0.0010104179382324219,0.0,equicorrelated
0.1,10,50,21,Unscaled,Gaussian,absolute_residual,0.938125,16697702238872.992,21.00224262188225,0.0,0.0,equicorrelated
0.1,10,50,21,Empirical_copula,Gaussian,absolute_residual,0.8375,69085033650.52335,31.379909546480576,0.0009906291961669922,0.0,equicorrelated
0.1,10,50,22,TSCP_R,Gaussian,absolute_residual,0.85,31981568956.9875,22.8603304949431,0.0039997100830078125,0.0,equicorrelated
0.1,10,50,22,Point_CHR,Gaussian,absolute_residual,0.85375,36452788062.44905,26.579543232153178,0.0,0.0,equicorrelated
0.1,10,50,22,Unscaled,Gaussian,absolute_residual,0.87125,4344581030610.461,18.356707598953914,0.0,0.0,equicorrelated
0.1,10,50,22,Empirical_copula,Gaussian,absolute_residual,0.7725,14265049652.806181,19.309237045780797,0.0010025501251220703,0.0,equicorrelated
0.1,10,50,23,TSCP_R,Gaussian,absolute_residual,0.970625,261147085359.80478,31.171728524537986,0.003006458282470703,0.0,equicorrelated
0.1,10,50,23,Point_CHR,Gaussian,absolute_residual,0.953125,413718132054.9822,33.18394004203546,0.0,0.0,equicorrelated
0.1,10,50,23,Unscaled,Gaussian,absolute_residual,0.94,17705306296027.09,21.125662847165774,0.0,0.0,equicorrelated
0.1,10,50,23,Empirical_copula,Gaussian,absolute_residual,0.850625,50737805608.32901,28.372345131308514,0.0010037422180175781,0.0,equicorrelated
0.1,10,50,24,TSCP_R,Gaussian,absolute_residual,0.91125,70702707768.9575,28.23372999701103,0.002997159957885742,0.0,equicorrelated
0.1,10,50,24,Point_CHR,Gaussian,absolute_residual,0.884375,63982617282.64475,26.46589459563058,0.0,0.0,equicorrelated
0.1,10,50,24,Unscaled,Gaussian,absolute_residual,0.88,6290335676699.087,19.048789479951417,0.0,0.0,equicorrelated
0.1,10,50,24,Empirical_copula,Gaussian,absolute_residual,0.856875,39762935114.48769,26.114752209537478,0.0010013580322265625,0.0,equicorrelated
0.1,10,50,25,TSCP_R,Gaussian,absolute_residual,0.906875,58509766443.27994,27.35107734181865,0.0030059814453125,0.0,equicorrelated
0.1,10,50,25,Point_CHR,Gaussian,absolute_residual,0.966875,866448986937.7769,42.34038394965535,0.0,0.0,equicorrelated
0.1,10,50,25,Unscaled,Gaussian,absolute_residual,0.924375,16171311356495.758,20.9350751350789,0.0,0.0,equicorrelated
0.1,10,50,25,Empirical_copula,Gaussian,absolute_residual,0.849375,29547719152.271484,22.906632404057323,0.0,0.0,equicorrelated
0.1,10,50,26,TSCP_R,Gaussian,absolute_residual,0.88125,43252320687.14332,23.1627993366976,0.003000020980834961,0.0,equicorrelated
0.1,10,50,26,Point_CHR,Gaussian,absolute_residual,0.87875,49923392760.23401,23.851740860511793,0.0010023117065429688,0.0,equicorrelated
0.1,10,50,26,Unscaled,Gaussian,absolute_residual,0.8625,4328136931971.6616,18.349747782069795,0.0,0.0,equicorrelated
0.1,10,50,26,Empirical_copula,Gaussian,absolute_residual,0.825625,19277857252.85207,22.44330419358711,0.0009984970092773438,0.0,equicorrelated
0.1,10,50,27,TSCP_R,Gaussian,absolute_residual,0.8375,28489998590.940495,28.842347877274456,0.00400090217590332,0.0,equicorrelated
0.1,10,50,27,Point_CHR,Gaussian,absolute_residual,0.97875,571183073008.7612,34.48378227041002,0.0,0.0,equicorrelated
0.1,10,50,27,Unscaled,Gaussian,absolute_residual,0.93625,16365356444476.68,20.960061224289287,0.0,0.0,equicorrelated
0.1,10,50,27,Empirical_copula,Gaussian,absolute_residual,0.7425,23570979825.93295,27.28843374819038,0.001001596450805664,0.0,equicorrelated
0.1,10,50,28,TSCP_R,Gaussian,absolute_residual,0.904375,66178797191.79632,27.37046820434634,0.0030062198638916016,0.0,equicorrelated
0.1,10,50,28,Point_CHR,Gaussian,absolute_residual,0.895,71768765793.20236,31.208978954490807,0.0,0.0,equicorrelated
0.1,10,50,28,Unscaled,Gaussian,absolute_residual,0.89125,6019150633129.156,18.965029439475934,0.0,0.0,equicorrelated
0.1,10,50,28,Empirical_copula,Gaussian,absolute_residual,0.82875,32046570521.57495,28.893709718726434,0.0,0.0,equicorrelated
0.1,10,50,29,TSCP_R,Gaussian,absolute_residual,0.851875,40542482318.54349,26.99333912315945,0.0030066967010498047,0.0,equicorrelated
0.1,10,50,29,Point_CHR,Gaussian,absolute_residual,0.8875,76899034224.94722,30.456577636573797,0.001001119613647461,0.0,equicorrelated
0.1,10,50,29,Unscaled,Gaussian,absolute_residual,0.89125,6710883458919.181,19.172465709448336,0.0,0.0,equicorrelated
0.1,10,50,29,Empirical_copula,Gaussian,absolute_residual,0.74,18535180769.06304,26.38081699176839,0.0009937286376953125,0.0,equicorrelated
0.1,10,50,30,TSCP_R,Gaussian,absolute_residual,0.8925,52698825806.26635,26.790164365651968,0.004021883010864258,0.0,equicorrelated
0.1,10,50,30,Point_CHR,Gaussian,absolute_residual,0.979375,395462811919.5343,34.880451643073215,0.0,0.0,equicorrelated
0.1,10,50,30,Unscaled,Gaussian,absolute_residual,0.94125,20566284186255.305,21.444483141428687,0.0,0.0,equicorrelated
0.1,10,50,30,Empirical_copula,Gaussian,absolute_residual,0.82625,29588464078.343338,24.582281934360925,0.0010004043579101562,0.0,equicorrelated
0.1,10,50,31,TSCP_R,Gaussian,absolute_residual,0.959375,206023949643.14337,33.01463605326491,0.004006862640380859,0.0,equicorrelated
0.1,10,50,31,Point_CHR,Gaussian,absolute_residual,0.969375,4718799689283.517,47.01605823608398,0.0,0.0,equicorrelated
0.1,10,50,31,Unscaled,Gaussian,absolute_residual,0.9375,18218880332334.605,21.186156123298243,0.0,0.0,equicorrelated
0.1,10,50,31,Empirical_copula,Gaussian,absolute_residual,0.926875,107099250882.1459,26.432459452373223,0.0010001659393310547,0.0,equicorrelated
0.1,10,50,32,TSCP_R,Gaussian,absolute_residual,0.950625,158281608425.9511,31.085080632443518,0.003000497817993164,0.0,equicorrelated
0.1,10,50,32,Point_CHR,Gaussian,absolute_residual,0.815,46199595611.55123,26.580987704726006,0.0010006427764892578,0.0,equicorrelated
0.1,10,50,32,Unscaled,Gaussian,absolute_residual,0.938125,13619525096219.893,20.57861757230539,0.0,0.0,equicorrelated
0.1,10,50,32,Empirical_copula,Gaussian,absolute_residual,0.881875,49098548820.437836,26.52515740655441,0.001001596450805664,0.0,equicorrelated
0.1,10,50,33,TSCP_R,Gaussian,absolute_residual,0.920625,80018183029.7545,29.33576679694587,0.003006458282470703,0.0,equicorrelated
0.1,10,50,33,Point_CHR,Gaussian,absolute_residual,0.85875,52129274053.18864,31.74237220527968,0.0,0.0,equicorrelated
0.1,10,50,33,Unscaled,Gaussian,absolute_residual,0.88,4742779730247.206,18.518392956996077,0.0,0.0,equicorrelated
0.1,10,50,33,Empirical_copula,Gaussian,absolute_residual,0.828125,37153382292.10817,31.05054488270611,0.0010004043579101562,0.0,equicorrelated
0.1,10,50,34,TSCP_R,Gaussian,absolute_residual,0.9025,54305731878.01738,24.415481081205908,0.0030002593994140625,0.0,equicorrelated
0.1,10,50,34,Point_CHR,Gaussian,absolute_residual,0.961875,370587589262.8232,31.571224734383165,0.0010066032409667969,0.0,equicorrelated
0.1,10,50,34,Unscaled,Gaussian,absolute_residual,0.834375,2746208706579.135,17.533691215959628,0.0,0.0,equicorrelated
0.1,10,50,34,Empirical_copula,Gaussian,absolute_residual,0.815,23521627516.42137,23.590918760733658,0.0009946823120117188,0.0,equicorrelated
0.1,10,50,35,TSCP_R,Gaussian,absolute_residual,0.94125,115584764293.29848,29.82007393808879,0.004001140594482422,0.0,equicorrelated
0.1,10,50,35,Point_CHR,Gaussian,absolute_residual,0.9775,1741651356736.5442,54.043341961174335,0.0,0.0,equicorrelated
0.1,10,50,35,Unscaled,Gaussian,absolute_residual,0.933125,14576740471776.594,20.718868888770842,0.0,0.0,equicorrelated
0.1,10,50,35,Empirical_copula,Gaussian,absolute_residual,0.884375,47013396924.89835,31.67894406124457,0.0010013580322265625,0.0,equicorrelated
0.1,10,50,36,TSCP_R,Gaussian,absolute_residual,0.93375,139672648915.4996,29.18725036014659,0.004010915756225586,0.0,equicorrelated
0.1,10,50,36,Point_CHR,Gaussian,absolute_residual,0.883125,128016469210.63857,23.85624448510182,0.0,0.0,equicorrelated
0.1,10,50,36,Unscaled,Gaussian,absolute_residual,0.926875,11232209261821.648,20.18582568602718,0.0,0.0,equicorrelated
0.1,10,50,36,Empirical_copula,Gaussian,absolute_residual,0.826875,40615268734.87507,29.098965100522292,0.0009958744049072266,0.0,equicorrelated
0.1,10,50,37,TSCP_R,Gaussian,absolute_residual,0.864375,32501553167.496292,26.39809414894026,0.002923250198364258,0.0,equicorrelated
0.1,10,50,37,Point_CHR,Gaussian,absolute_residual,0.915625,105675361769.28578,33.02295342164211,0.0010013580322265625,0.0,equicorrelated
0.1,10,50,37,Unscaled,Gaussian,absolute_residual,0.841875,3359601691794.887,17.890759560336047,0.0,0.0,equicorrelated
0.1,10,50,37,Empirical_copula,Gaussian,absolute_residual,0.755625,12601190637.15112,22.581718409563027,0.0010008811950683594,0.0,equicorrelated
0.1,10,50,38,TSCP_R,Gaussian,absolute_residual,0.96625,244271407975.32217,29.96846516967942,0.002996206283569336,0.0,equicorrelated
0.1,10,50,38,Point_CHR,Gaussian,absolute_residual,0.9125,143654738710.7097,33.124661934275025,0.0009992122650146484,0.0,equicorrelated
0.1,10,50,38,Unscaled,Gaussian,absolute_residual,0.9125,10628423162836.668,20.074599227811902,0.0,0.0,equicorrelated
0.1,10,50,38,Empirical_copula,Gaussian,absolute_residual,0.870625,58890902354.82848,26.401469472917114,0.0,0.0,equicorrelated
0.1,10,50,39,TSCP_R,Gaussian,absolute_residual,0.87125,29728067082.562107,25.41708735104104,0.0030069351196289062,0.0,equicorrelated
0.1,10,50,39,Point_CHR,Gaussian,absolute_residual,0.890625,53320183447.56748,28.545567980249828,0.0,0.0,equicorrelated
0.1,10,50,39,Unscaled,Gaussian,absolute_residual,0.915,11346064438871.186,20.206194290103614,0.0,0.0,equicorrelated
0.1,10,50,39,Empirical_copula,Gaussian,absolute_residual,0.758125,13807858443.465229,21.03433600707737,0.0,0.0,equicorrelated
0.1,10,50,40,TSCP_R,Gaussian,absolute_residual,0.878125,46463828303.22269,26.624225194659427,0.004000425338745117,0.0,equicorrelated
0.1,10,50,40,Point_CHR,Gaussian,absolute_residual,0.881875,147993644712.6994,35.91083305447158,0.0,0.0,equicorrelated
0.1,10,50,40,Unscaled,Gaussian,absolute_residual,0.88875,6682534279710.948,19.164351134669698,0.0,0.0,equicorrelated
0.1,10,50,40,Empirical_copula,Gaussian,absolute_residual,0.80125,23256818769.288837,29.37616251315945,0.0,0.0,equicorrelated
0.1,10,50,41,TSCP_R,Gaussian,absolute_residual,0.975625,349556571053.1274,31.210267843660027,0.003009319305419922,0.0,equicorrelated
0.1,10,50,41,Point_CHR,Gaussian,absolute_residual,0.98875,1642873951055.1218,31.791460074347732,0.0,0.0,equicorrelated
0.1,10,50,41,Unscaled,Gaussian,absolute_residual,0.92375,11507604829323.635,20.234780327948812,0.0,0.0,equicorrelated
0.1,10,50,41,Empirical_copula,Gaussian,absolute_residual,0.84375,70628137583.53069,29.815936909763337,0.00099945068359375,0.0,equicorrelated
0.1,10,50,42,TSCP_R,Gaussian,absolute_residual,0.8525,26735675550.661873,24.132550373894944,0.00400543212890625,0.0,equicorrelated
0.1,10,50,42,Point_CHR,Gaussian,absolute_residual,0.893125,46175088662.2368,25.966036571833456,0.0,0.0,equicorrelated
0.1,10,50,42,Unscaled,Gaussian,absolute_residual,0.900625,7061124508219.832,19.270251685710974,0.0,0.0,equicorrelated
0.1,10,50,42,Empirical_copula,Gaussian,absolute_residual,0.800625,15508007807.585835,24.410027859647453,0.0010004043579101562,0.0,equicorrelated
0.1,10,50,43,TSCP_R,Gaussian,absolute_residual,0.971875,291842622333.44104,33.099557730767756,0.003006458282470703,0.0,equicorrelated
0.1,10,50,43,Point_CHR,Gaussian,absolute_residual,0.9975,6465456395484.741,46.180819424155466,0.0,0.0,equicorrelated
0.1,10,50,43,Unscaled,Gaussian,absolute_residual,0.946875,24154096722844.992,21.79209984796101,0.0,0.0,equicorrelated
0.1,10,50,43,Empirical_copula,Gaussian,absolute_residual,0.92375,233351424193.22842,31.961546105896495,0.0009999275207519531,0.0,equicorrelated
0.1,10,50,44,TSCP_R,Gaussian,absolute_residual,0.936875,100298720441.99619,28.839393612637878,0.003006458282470703,0.0,equicorrelated
0.1,10,50,44,Point_CHR,Gaussian,absolute_residual,0.930625,142766180066.4519,26.064262988976534,0.0009999275207519531,0.0,equicorrelated
0.1,10,50,44,Unscaled,Gaussian,absolute_residual,0.899375,6569056131079.908,19.131556174250445,0.0,0.0,equicorrelated
0.1,10,50,44,Empirical_copula,Gaussian,absolute_residual,0.8075,23003085450.509724,29.414073887141864,0.0009932518005371094,0.0,equicorrelated
0.1,10,50,45,TSCP_R,Gaussian,absolute_residual,0.88625,63694727981.48014,23.75638382703927,0.003007173538208008,0.0,equicorrelated
0.1,10,50,45,Point_CHR,Gaussian,absolute_residual,0.97125,520017536054.595,31.859122561047755,0.0009951591491699219,0.0,equicorrelated
0.1,10,50,45,Unscaled,Gaussian,absolute_residual,0.879375,4805558703616.298,18.542760488301205,0.0,0.0,equicorrelated
0.1,10,50,45,Empirical_copula,Gaussian,absolute_residual,0.78125,21545583349.399902,20.039617110938103,0.0010004043579101562,0.0,equicorrelated
0.1,10,50,46,TSCP_R,Gaussian,absolute_residual,0.944375,149628386017.4309,26.75458250130108,0.004007577896118164,0.0,equicorrelated
0.1,10,50,46,Point_CHR,Gaussian,absolute_residual,0.954375,276244868064.8539,31.740875877220283,0.0,0.0,equicorrelated
0.1,10,50,46,Unscaled,Gaussian,absolute_residual,0.875625,5752921872920.175,18.87942867399987,0.0,0.0,equicorrelated
0.1,10,50,46,Empirical_copula,Gaussian,absolute_residual,0.839375,39816018532.355316,22.990966832606976,0.0009992122650146484,0.0,equicorrelated
0.1,10,50,47,TSCP_R,Gaussian,absolute_residual,0.850625,30093891007.560204,25.5130475553714,0.004006147384643555,0.0,equicorrelated
0.1,10,50,47,Point_CHR,Gaussian,absolute_residual,0.975,2068040479031.8462,44.96014783853303,0.0,0.0,equicorrelated
0.1,10,50,47,Unscaled,Gaussian,absolute_residual,0.92375,10303483661512.92,20.01236469657894,0.0,0.0,equicorrelated
0.1,10,50,47,Empirical_copula,Gaussian,absolute_residual,0.7225,12930512601.487394,23.66969247664842,0.0010001659393310547,0.0,equicorrelated
0.1,10,50,48,TSCP_R,Gaussian,absolute_residual,0.935625,90402549504.96867,31.64275997389135,0.0029997825622558594,0.0,equicorrelated
0.1,10,50,48,Point_CHR,Gaussian,absolute_residual,0.911875,78242727964.07248,28.48175392759257,0.0,0.0,equicorrelated
0.1,10,50,48,Unscaled,Gaussian,absolute_residual,0.960625,40629410481702.73,22.955357043417113,0.0,0.0,equicorrelated
0.1,10,50,48,Empirical_copula,Gaussian,absolute_residual,0.865625,47203626986.490135,28.80917065476178,0.0,0.0,equicorrelated
0.1,10,50,49,TSCP_R,Gaussian,absolute_residual,0.893125,53177875361.75657,29.761808931653384,0.0030066967010498047,0.0,equicorrelated
0.1,10,50,49,Point_CHR,Gaussian,absolute_residual,0.815,26676734780.8447,27.682356369904227,0.0,0.0,equicorrelated
0.1,10,50,49,Unscaled,Gaussian,absolute_residual,0.96375,46389849322873.63,23.261745299863154,0.0,0.0,equicorrelated
0.1,10,50,49,Empirical_copula,Gaussian,absolute_residual,0.781875,20585854473.053146,28.366538011542296,0.001001119613647461,0.0,equicorrelated
0.1,10,50,50,TSCP_R,Gaussian,absolute_residual,0.8925,51364044006.67122,26.416476779813053,0.00299072265625,0.0,equicorrelated
0.1,10,50,50,Point_CHR,Gaussian,absolute_residual,0.885,80986147492.53311,26.546874120809456,0.0010001659393310547,0.0,equicorrelated
0.1,10,50,50,Unscaled,Gaussian,absolute_residual,0.886875,5769613638347.058,18.884899290599794,0.0,0.0,equicorrelated
0.1,10,50,50,Empirical_copula,Gaussian,absolute_residual,0.754375,12256062491.729084,21.97666333512445,0.0,0.0,equicorrelated
0.1,10,50,51,TSCP_R,Gaussian,absolute_residual,0.9475,142530595440.28784,23.8651443551909,0.0040073394775390625,0.0,equicorrelated
0.1,10,50,51,Point_CHR,Gaussian,absolute_residual,0.96875,398045986130.72046,28.715538267254964,0.0009932518005371094,0.0,equicorrelated
0.1,10,50,51,Unscaled,Gaussian,absolute_residual,0.845,3278221458952.9746,17.8469426833762,0.0,0.0,equicorrelated
0.1,10,50,51,Empirical_copula,Gaussian,absolute_residual,0.8925,58939843192.412735,24.302051190371056,0.001001119613647461,0.0,equicorrelated
0.1,10,50,52,TSCP_R,Gaussian,absolute_residual,0.918125,81247523957.21361,22.63729878862218,0.003000497817993164,0.0,equicorrelated
0.1,10,50,52,Point_CHR,Gaussian,absolute_residual,0.961875,713454663043.2698,33.95129245609769,0.0,0.0,equicorrelated
0.1,10,50,52,Unscaled,Gaussian,absolute_residual,0.86,3840542538729.6084,18.131730611050816,0.0,0.0,equicorrelated
0.1,10,50,52,Empirical_copula,Gaussian,absolute_residual,0.834375,63172248686.305725,25.907028806510198,0.0012662410736083984,0.0,equicorrelated
0.1,10,50,53,TSCP_R,Gaussian,absolute_residual,0.9725,245980542817.86066,32.43042731801599,0.002999544143676758,0.0,equicorrelated
0.1,10,50,53,Point_CHR,Gaussian,absolute_residual,0.9725,707586223772.592,36.223996964427926,0.0010008811950683594,0.0,equicorrelated
0.1,10,50,53,Unscaled,Gaussian,absolute_residual,0.9425,26586154164723.6,22.002171820675994,0.0,0.0,equicorrelated
0.1,10,50,53,Empirical_copula,Gaussian,absolute_residual,0.905625,68935616336.78978,24.731769335607915,0.0010020732879638672,0.0,equicorrelated
0.1,10,50,54,TSCP_R,Gaussian,absolute_residual,0.8475,34244269321.58896,24.4478194879317,0.004003047943115234,0.0,equicorrelated
0.1,10,50,54,Point_CHR,Gaussian,absolute_residual,0.835625,53530418428.114044,21.0670140158594,0.0009982585906982422,0.0,equicorrelated
0.1,10,50,54,Unscaled,Gaussian,absolute_residual,0.893125,7722837307413.481,19.44364524255395,0.0,0.0,equicorrelated
0.1,10,50,54,Empirical_copula,Gaussian,absolute_residual,0.78375,22995934411.37648,21.573802601040683,0.0009987354278564453,0.0,equicorrelated
0.1,10,50,55,TSCP_R,Gaussian,absolute_residual,0.9325,119541826524.50755,28.207704384536857,0.003999948501586914,0.0,equicorrelated
0.1,10,50,55,Point_CHR,Gaussian,absolute_residual,0.941875,294464858962.5416,31.925781636297216,0.0,0.0,equicorrelated
0.1,10,50,55,Unscaled,Gaussian,absolute_residual,0.85375,4026460194874.3125,18.21764945101145,0.0,0.0,equicorrelated
0.1,10,50,55,Empirical_copula,Gaussian,absolute_residual,0.83375,36763505246.00585,23.662112841252252,0.0010004043579101562,0.0,equicorrelated
0.1,10,50,56,TSCP_R,Gaussian,absolute_residual,0.7625,11781431405.280132,25.556191953746204,0.003999948501586914,0.0,equicorrelated
0.1,10,50,56,Point_CHR,Gaussian,absolute_residual,0.739375,14259009858.090467,27.064621105629858,0.0,0.0,equicorrelated
0.1,10,50,56,Unscaled,Gaussian,absolute_residual,0.89625,5456005128768.694,18.77964926553818,0.0,0.0,equicorrelated
0.1,10,50,56,Empirical_copula,Gaussian,absolute_residual,0.665,6813633796.96154,26.45734530610789,0.0014951229095458984,0.0,equicorrelated
0.1,10,50,57,TSCP_R,Gaussian,absolute_residual,0.938125,119534644784.08554,29.063267724819916,0.0030007362365722656,0.0,equicorrelated
0.1,10,50,57,Point_CHR,Gaussian,absolute_residual,0.8625,47394823502.7743,34.645980254497566,0.0009996891021728516,0.0,equicorrelated
0.1,10,50,57,Unscaled,Gaussian,absolute_residual,0.935625,14435515920714.049,20.698707670305048,0.0,0.0,equicorrelated
0.1,10,50,57,Empirical_copula,Gaussian,absolute_residual,0.7925,25683525351.7998,27.673662316827393,0.0009999275207519531,0.0,equicorrelated
0.1,10,50,58,TSCP_R,Gaussian,absolute_residual,0.965,203231578720.68988,30.878066432556167,0.0030095577239990234,0.0,equicorrelated
0.1,10,50,58,Point_CHR,Gaussian,absolute_residual,0.98375,2010134637197.0068,45.04435687846045,0.0009975433349609375,0.0,equicorrelated
0.1,10,50,58,Unscaled,Gaussian,absolute_residual,0.935625,17719035508259.375,21.127300421498468,0.0,0.0,equicorrelated
0.1,10,50,58,Empirical_copula,Gaussian,absolute_residual,0.925,98635761626.96878,31.66315388048121,0.0009942054748535156,0.0,equicorrelated
0.1,10,50,59,TSCP_R,Gaussian,absolute_residual,0.943125,113953219160.69327,28.25539726152582,0.003999233245849609,0.0,equicorrelated
0.1,10,50,59,Point_CHR,Gaussian,absolute_residual,0.9325,293343764719.51355,33.936452901852505,0.001001596450805664,0.0,equicorrelated
0.1,10,50,59,Unscaled,Gaussian,absolute_residual,0.945,24930337698674.195,21.861140535388007,0.0,0.0,equicorrelated
0.1,10,50,59,Empirical_copula,Gaussian,absolute_residual,0.86,36335730194.74062,23.76706631840426,0.00099945068359375,0.0,equicorrelated
0.1,10,50,60,TSCP_R,Gaussian,absolute_residual,0.92375,80769475749.366,30.151767752297772,0.004000186920166016,0.0,equicorrelated
0.1,10,50,60,Point_CHR,Gaussian,absolute_residual,0.955,190485583200.94946,38.945344875914785,0.0010004043579101562,0.0,equicorrelated
0.1,10,50,60,Unscaled,Gaussian,absolute_residual,0.9125,9570559697149.232,19.865236219234752,0.0,0.0,equicorrelated
0.1,10,50,60,Empirical_copula,Gaussian,absolute_residual,0.876875,39130760036.837616,26.852380749564077,0.0010001659393310547,0.0,equicorrelated
0.1,10,50,61,TSCP_R,Gaussian,absolute_residual,0.845625,39271792259.100746,26.99053479909429,0.002999544143676758,0.0,equicorrelated
0.1,10,50,61,Point_CHR,Gaussian,absolute_residual,0.83375,46822581039.176865,34.02353067177147,0.0010068416595458984,0.0,equicorrelated
0.1,10,50,61,Unscaled,Gaussian,absolute_residual,0.94375,25381231824415.52,21.900360792448858,0.0,0.0,equicorrelated
0.1,10,50,61,Empirical_copula,Gaussian,absolute_residual,0.765625,21840962220.77448,25.86936589001275,0.0,0.0,equicorrelated
0.1,10,50,62,TSCP_R,Gaussian,absolute_residual,0.924375,95606995191.97108,34.18692518690135,0.0029969215393066406,0.0,equicorrelated
0.1,10,50,62,Point_CHR,Gaussian,absolute_residual,0.911875,75281632964.34052,32.054711522986395,0.0,0.0,equicorrelated
0.1,10,50,62,Unscaled,Gaussian,absolute_residual,0.94,19993503115071.86,21.383997228840418,0.0,0.0,equicorrelated
0.1,10,50,62,Empirical_copula,Gaussian,absolute_residual,0.848125,43361456030.07573,40.9949522760534,0.0009982585906982422,0.0,equicorrelated
0.1,10,50,63,TSCP_R,Gaussian,absolute_residual,0.92125,69749441215.25752,27.793297148884164,0.004001140594482422,0.0,equicorrelated
0.1,10,50,63,Point_CHR,Gaussian,absolute_residual,0.8775,82289120337.87224,40.573713513636996,0.0,0.0,equicorrelated
0.1,10,50,63,Unscaled,Gaussian,absolute_residual,0.939375,18942803502119.273,21.268870424507575,0.0,0.0,equicorrelated
0.1,10,50,63,Empirical_copula,Gaussian,absolute_residual,0.8025,21405451032.151173,27.390827727962904,0.0010013580322265625,0.0,equicorrelated
0.1,10,50,64,TSCP_R,Gaussian,absolute_residual,0.95125,153070181605.17517,29.66842689992057,0.003007650375366211,0.0,equicorrelated
0.1,10,50,64,Point_CHR,Gaussian,absolute_residual,0.974375,605047138979.2092,38.616436749487846,0.0009911060333251953,0.0,equicorrelated
0.1,10,50,64,Unscaled,Gaussian,absolute_residual,0.90875,8639200505085.51,19.662890258262223,0.0,0.0,equicorrelated
0.1,10,50,64,Empirical_copula,Gaussian,absolute_residual,0.881875,47817525437.56415,23.798405978362428,0.0010085105895996094,0.0,equicorrelated
0.1,10,50,65,TSCP_R,Gaussian,absolute_residual,0.92375,98320948027.35957,26.725600744221957,0.0030007362365722656,0.0,equicorrelated
0.1,10,50,65,Point_CHR,Gaussian,absolute_residual,0.95375,262489244055.172,30.965773848003323,0.001001119613647461,0.0,equicorrelated
0.1,10,50,65,Unscaled,Gaussian,absolute_residual,0.91625,10779107937625.02,20.102880085524568,0.0,0.0,equicorrelated
0.1,10,50,65,Empirical_copula,Gaussian,absolute_residual,0.834375,33361163162.46886,24.76524237922911,0.0009989738464355469,0.0,equicorrelated
0.1,10,50,66,TSCP_R,Gaussian,absolute_residual,0.921875,93814284917.6553,34.05911153794333,0.0029931068420410156,0.0,equicorrelated
0.1,10,50,66,Point_CHR,Gaussian,absolute_residual,0.910625,91815994183.20926,32.53509263070736,0.0,0.0,equicorrelated
0.1,10,50,66,Unscaled,Gaussian,absolute_residual,0.92875,19662687288566.645,21.348348668451223,0.0,0.0,equicorrelated
0.1,10,50,66,Empirical_copula,Gaussian,absolute_residual,0.878125,46611222545.34802,30.991838391493154,0.0009925365447998047,0.0,equicorrelated
0.1,10,50,67,TSCP_R,Gaussian,absolute_residual,0.908125,58787780845.77009,25.041091349146583,0.0040013790130615234,0.0,equicorrelated
0.1,10,50,67,Point_CHR,Gaussian,absolute_residual,0.9775,838071729487.6777,36.77502348716627,0.0,0.0,equicorrelated
0.1,10,50,67,Unscaled,Gaussian,absolute_residual,0.888125,6946114241265.791,19.238632209291893,0.0,0.0,equicorrelated
0.1,10,50,67,Empirical_copula,Gaussian,absolute_residual,0.784375,19043779422.044174,24.963566513106606,0.0010025501251220703,0.0,equicorrelated
0.1,10,50,68,TSCP_R,Gaussian,absolute_residual,0.943125,164710338419.34363,34.96268885759685,0.002999544143676758,0.0,equicorrelated
0.1,10,50,68,Point_CHR,Gaussian,absolute_residual,0.99,1858609489201.7043,50.565108690915295,0.0,0.0,equicorrelated
0.1,10,50,68,Unscaled,Gaussian,absolute_residual,0.980625,103551745345091.25,25.20668547280397,0.0,0.0,equicorrelated
0.1,10,50,68,Empirical_copula,Gaussian,absolute_residual,0.84375,60986251792.922935,31.948259728024027,0.0010004043579101562,0.0,equicorrelated
0.1,10,50,69,TSCP_R,Gaussian,absolute_residual,0.855625,35005814617.98553,28.18295363996888,0.003003358840942383,0.0,equicorrelated
0.1,10,50,69,Point_CHR,Gaussian,absolute_residual,0.88375,107132964439.24457,35.962733927487044,0.0010008811950683594,0.0,equicorrelated
0.1,10,50,69,Unscaled,Gaussian,absolute_residual,0.914375,12162162701814.256,20.347032599343343,0.0,0.0,equicorrelated
0.1,10,50,69,Empirical_copula,Gaussian,absolute_residual,0.796875,20332659157.018417,26.780507393979427,0.0,0.0,equicorrelated
0.1,10,50,70,TSCP_R,Gaussian,absolute_residual,0.901875,62343126912.75946,27.80187345351303,0.00299835205078125,0.0,equicorrelated
0.1,10,50,70,Point_CHR,Gaussian,absolute_residual,0.928125,103550027607.99889,26.19642601928733,0.0,0.0,equicorrelated
0.1,10,50,70,Unscaled,Gaussian,absolute_residual,0.910625,8145559063108.133,19.547539064294305,0.0,0.0,equicorrelated
0.1,10,50,70,Empirical_copula,Gaussian,absolute_residual,0.77625,16918697458.49548,23.25747133643074,0.0,0.0,equicorrelated
0.1,10,50,71,TSCP_R,Gaussian,absolute_residual,0.970625,272002376802.7795,35.649406367450375,0.0030045509338378906,0.0,equicorrelated
0.1,10,50,71,Point_CHR,Gaussian,absolute_residual,0.89875,192850923227.9145,37.187369623181056,0.0,0.0,equicorrelated
0.1,10,50,71,Unscaled,Gaussian,absolute_residual,0.9425,23838313858057.586,21.763440546066146,0.0,0.0,equicorrelated
0.1,10,50,71,Empirical_copula,Gaussian,absolute_residual,0.928125,81282578023.76184,30.060941223968197,0.0,0.0,equicorrelated
0.1,10,50,72,TSCP_R,Gaussian,absolute_residual,0.920625,93728795862.02621,31.200993852752458,0.0030069351196289062,0.0,equicorrelated
0.1,10,50,72,Point_CHR,Gaussian,absolute_residual,0.963125,229680329260.08463,38.5459820467861,0.0010004043579101562,0.0,equicorrelated
0.1,10,50,72,Unscaled,Gaussian,absolute_residual,0.919375,14620739998111.186,20.72511434888963,0.0,0.0,equicorrelated
0.1,10,50,72,Empirical_copula,Gaussian,absolute_residual,0.848125,39495213563.6504,29.774922239226324,0.0009922981262207031,0.0,equicorrelated
0.1,10,50,73,TSCP_R,Gaussian,absolute_residual,0.955,124366906378.20364,28.79560792436925,0.0030062198638916016,0.0,equicorrelated
0.1,10,50,73,Point_CHR,Gaussian,absolute_residual,0.981875,549944551888.7821,36.61984531111037,0.0009937286376953125,0.0,equicorrelated
0.1,10,50,73,Unscaled,Gaussian,absolute_residual,0.85375,3670725044374.946,18.049916014391854,0.0,0.0,equicorrelated
0.1,10,50,73,Empirical_copula,Gaussian,absolute_residual,0.834375,30629570627.859955,22.006373154164308,0.001008749008178711,0.0,equicorrelated
0.1,10,50,74,TSCP_R,Gaussian,absolute_residual,0.92125,64283916755.74679,26.702467127176796,0.004014253616333008,0.0,equicorrelated
0.1,10,50,74,Point_CHR,Gaussian,absolute_residual,0.93625,139405972102.44907,34.98323256176719,0.0,0.0,equicorrelated
0.1,10,50,74,Unscaled,Gaussian,absolute_residual,0.878125,5636159890477.85,18.840756229370363,0.0,0.0,equicorrelated
0.1,10,50,74,Empirical_copula,Gaussian,absolute_residual,0.878125,46763083301.320496,30.02507890064627,0.000993490219116211,0.0,equicorrelated
0.1,10,50,75,TSCP_R,Gaussian,absolute_residual,0.919375,65166804622.38516,29.813119000573735,0.0040073394775390625,0.0,equicorrelated
0.1,10,50,75,Point_CHR,Gaussian,absolute_residual,0.925,125878278463.61363,36.849981533350174,0.0010025501251220703,0.0,equicorrelated
0.1,10,50,75,Unscaled,Gaussian,absolute_residual,0.93,14627807100331.39,20.726115903209585,0.0,0.0,equicorrelated
0.1,10,50,75,Empirical_copula,Gaussian,absolute_residual,0.778125,23472007698.702587,26.302072049619476,0.0,0.0,equicorrelated
0.1,10,50,76,TSCP_R,Gaussian,absolute_residual,0.9325,110014863814.65628,30.77530647005017,0.003007173538208008,0.0,equicorrelated
0.1,10,50,76,Point_CHR,Gaussian,absolute_residual,0.86,43305079420.6295,25.45362815234919,0.00099945068359375,0.0,equicorrelated
0.1,10,50,76,Unscaled,Gaussian,absolute_residual,0.9275,16162206402177.809,20.933896126090477,0.0,0.0,equicorrelated
0.1,10,50,76,Empirical_copula,Gaussian,absolute_residual,0.816875,40550930887.375465,31.267762129293814,0.0009992122650146484,0.0,equicorrelated
0.1,10,50,77,TSCP_R,Gaussian,absolute_residual,0.96875,267363028457.99844,33.616072391246,0.003000974655151367,0.0,equicorrelated
0.1,10,50,77,Point_CHR,Gaussian,absolute_residual,0.94875,303974088265.3136,28.6215521555716,0.0,0.0,equicorrelated
0.1,10,50,77,Unscaled,Gaussian,absolute_residual,0.91875,12828168491400.793,20.455799844016568,0.0,0.0,equicorrelated
0.1,10,50,77,Empirical_copula,Gaussian,absolute_residual,0.9075,92000280749.18152,26.385831734709264,0.0009927749633789062,0.0,equicorrelated
0.1,10,50,78,TSCP_R,Gaussian,absolute_residual,0.87,37832977736.16294,24.744512761498335,0.0030059814453125,0.0,equicorrelated
0.1,10,50,78,Point_CHR,Gaussian,absolute_residual,0.8175,28264284653.846634,24.01266535075152,0.0,0.0,equicorrelated
0.1,10,50,78,Unscaled,Gaussian,absolute_residual,0.8775,6106938301164.721,18.992509540308397,0.0,0.0,equicorrelated
0.1,10,50,78,Empirical_copula,Gaussian,absolute_residual,0.818125,29276879790.87234,23.26308714489452,0.0010025501251220703,0.0,equicorrelated
0.1,10,50,79,TSCP_R,Gaussian,absolute_residual,0.931875,101049456452.3386,31.759148857389963,0.0029997825622558594,0.0,equicorrelated
0.1,10,50,79,Point_CHR,Gaussian,absolute_residual,0.94,253937197512.02258,36.73898753124098,0.0,0.0,equicorrelated
0.1,10,50,79,Unscaled,Gaussian,absolute_residual,0.94375,17667240502976.25,21.1211165028397,0.0,0.0,equicorrelated
0.1,10,50,79,Empirical_copula,Gaussian,absolute_residual,0.86625,35264312112.71802,29.17693126795663,0.0,0.0,equicorrelated
0.1,10,50,80,TSCP_R,Gaussian,absolute_residual,0.909375,64555056413.015755,27.869929562453976,0.0029997825622558594,0.0,equicorrelated
0.1,10,50,80,Point_CHR,Gaussian,absolute_residual,0.88125,58231312273.37139,27.03757832163916,0.001001119613647461,0.0,equicorrelated
0.1,10,50,80,Unscaled,Gaussian,absolute_residual,0.966875,47965459684655.74,23.339570569704033,0.0,0.0,equicorrelated
0.1,10,50,80,Empirical_copula,Gaussian,absolute_residual,0.8675,44576172014.0456,26.93737452721855,0.0,0.0,equicorrelated
0.1,10,50,81,TSCP_R,Gaussian,absolute_residual,0.920625,104692745860.19695,26.675410988578946,0.003006458282470703,0.0,equicorrelated
0.1,10,50,81,Point_CHR,Gaussian,absolute_residual,0.97875,779217550052.3959,39.127346103503704,0.0,0.0,equicorrelated
0.1,10,50,81,Unscaled,Gaussian,absolute_residual,0.866875,3886435435675.8804,18.15328164586402,0.0010075569152832031,0.0,equicorrelated
0.1,10,50,81,Empirical_copula,Gaussian,absolute_residual,0.836875,50970332998.844925,29.50475413260095,0.0,0.0,equicorrelated
0.1,10,50,82,TSCP_R,Gaussian,absolute_residual,0.9425,102100484149.14345,29.145246695920324,0.003000974655151367,0.0,equicorrelated
0.1,10,50,82,Point_CHR,Gaussian,absolute_residual,0.895625,74504813791.38155,26.192954078691727,0.0,0.0,equicorrelated
0.1,10,50,82,Unscaled,Gaussian,absolute_residual,0.9475,22252350858494.434,21.6141215719838,0.0010056495666503906,0.0,equicorrelated
0.1,10,50,82,Empirical_copula,Gaussian,absolute_residual,0.84,34713887611.52676,27.190785223588044,0.0,0.0,equicorrelated
0.1,10,50,83,TSCP_R,Gaussian,absolute_residual,0.944375,117175672698.30554,28.362802727510147,0.003007173538208008,0.0,equicorrelated
0.1,10,50,83,Point_CHR,Gaussian,absolute_residual,0.995625,12613597965630.547,46.77497043119297,0.0,0.0,equicorrelated
0.1,10,50,83,Unscaled,Gaussian,absolute_residual,0.913125,13897835480320.092,20.62028752153369,0.0009996891021728516,0.0,equicorrelated
0.1,10,50,83,Empirical_copula,Gaussian,absolute_residual,0.834375,32039578461.826458,26.278958942076407,0.0,0.0,equicorrelated
0.1,10,50,84,TSCP_R,Gaussian,absolute_residual,0.93625,87484091255.12234,28.364308182830413,0.0030066967010498047,0.0,equicorrelated
0.1,10,50,84,Point_CHR,Gaussian,absolute_residual,0.923125,106607403380.73105,25.886442458571324,0.0,0.0,equicorrelated
0.1,10,50,84,Unscaled,Gaussian,absolute_residual,0.891875,6452610569616.452,19.09736925894905,0.0,0.0,equicorrelated
0.1,10,50,84,Empirical_copula,Gaussian,absolute_residual,0.84875,28019521016.552288,24.568013775464603,0.0009953975677490234,0.0,equicorrelated
0.1,10,50,85,TSCP_R,Gaussian,absolute_residual,0.95375,210560027117.22342,29.83837544064982,0.003029346466064453,0.0,equicorrelated
0.1,10,50,85,Point_CHR,Gaussian,absolute_residual,0.82375,78319767567.63794,26.870190464334897,0.0010001659393310547,0.0,equicorrelated
0.1,10,50,85,Unscaled,Gaussian,absolute_residual,0.893125,7259834533342.741,19.323806154263085,0.0,0.0,equicorrelated
0.1,10,50,85,Empirical_copula,Gaussian,absolute_residual,0.81,34477569831.822395,29.73325431945302,0.0,0.0,equicorrelated
0.1,10,50,86,TSCP_R,Gaussian,absolute_residual,0.913125,68871027471.52667,25.87135852305886,0.003001689910888672,0.0,equicorrelated
0.1,10,50,86,Point_CHR,Gaussian,absolute_residual,0.935,178805219175.35205,29.38586702556902,0.0010006427764892578,0.0,equicorrelated
0.1,10,50,86,Unscaled,Gaussian,absolute_residual,0.866875,4352708254111.5127,18.360138623169853,0.0,0.0,equicorrelated
0.1,10,50,86,Empirical_copula,Gaussian,absolute_residual,0.831875,28995399388.042778,26.163933821227737,0.0009999275207519531,0.0,equicorrelated
0.1,10,50,87,TSCP_R,Gaussian,absolute_residual,0.899375,53754584043.54383,23.660352157976128,0.003999233245849609,0.0,equicorrelated
0.1,10,50,87,Point_CHR,Gaussian,absolute_residual,0.8825,53053887088.44178,25.129867503398803,0.00099945068359375,0.0,equicorrelated
0.1,10,50,87,Unscaled,Gaussian,absolute_residual,0.861875,4689363279046.972,18.497429801375993,0.0,0.0,equicorrelated
0.1,10,50,87,Empirical_copula,Gaussian,absolute_residual,0.805,20936320294.08525,22.28735637075216,0.0010075569152832031,0.0,equicorrelated
0.1,10,50,88,TSCP_R,Gaussian,absolute_residual,0.939375,109379638320.34383,27.439649563544968,0.0030066967010498047,0.0,equicorrelated
0.1,10,50,88,Point_CHR,Gaussian,absolute_residual,0.908125,67406843183.29433,25.194177802286887,0.0009999275207519531,0.0,equicorrelated
0.1,10,50,88,Unscaled,Gaussian,absolute_residual,0.918125,13121195355992.523,20.50205244650561,0.0,0.0,equicorrelated
0.1,10,50,88,Empirical_copula,Gaussian,absolute_residual,0.850625,46036089888.62721,27.80075210276228,0.0010037422180175781,0.0,equicorrelated
0.1,10,50,89,TSCP_R,Gaussian,absolute_residual,0.92125,84357156025.40329,24.14154597964437,0.0030066967010498047,0.0,equicorrelated
0.1,10,50,89,Point_CHR,Gaussian,absolute_residual,0.9975,6147860576440.707,38.113411440202626,0.0010008811950683594,0.0,equicorrelated
0.1,10,50,89,Unscaled,Gaussian,absolute_residual,0.875625,4765723027747.291,18.527331827178923,0.0,0.0,equicorrelated
0.1,10,50,89,Empirical_copula,Gaussian,absolute_residual,0.84375,64998734649.1597,22.84175048684439,0.0,0.0,equicorrelated
0.1,10,50,90,TSCP_R,Gaussian,absolute_residual,0.94375,124984802956.87083,25.140720944110964,0.0030012130737304688,0.0,equicorrelated
0.1,10,50,90,Point_CHR,Gaussian,absolute_residual,0.925625,153874998143.1239,29.073606497979323,0.0,0.0,equicorrelated
0.1,10,50,90,Unscaled,Gaussian,absolute_residual,0.888125,5381792523862.986,18.753947465447922,0.0,0.0,equicorrelated
0.1,10,50,90,Empirical_copula,Gaussian,absolute_residual,0.854375,50511660864.22246,25.473406804397708,0.0009992122650146484,0.0,equicorrelated
0.1,10,50,91,TSCP_R,Gaussian,absolute_residual,0.9475,146768411548.67606,30.400212294345046,0.003006458282470703,0.0,equicorrelated
0.1,10,50,91,Point_CHR,Gaussian,absolute_residual,0.955625,287529196145.27094,38.167969936400986,0.0009999275207519531,0.0,equicorrelated
0.1,10,50,91,Unscaled,Gaussian,absolute_residual,0.895,6791753540465.763,19.195445315752348,0.0,0.0,equicorrelated
0.1,10,50,91,Empirical_copula,Gaussian,absolute_residual,0.81625,33798286268.635483,28.991962363162614,0.0009925365447998047,0.0,equicorrelated
0.1,10,50,92,TSCP_R,Gaussian,absolute_residual,0.8675,42150449909.803635,24.26342537086603,0.005011796951293945,0.0,equicorrelated
0.1,10,50,92,Point_CHR,Gaussian,absolute_residual,0.919375,107816719987.24843,29.781655209985658,0.0,0.0,equicorrelated
0.1,10,50,92,Unscaled,Gaussian,absolute_residual,0.91125,9588717132417.543,19.86900187321196,0.0,0.0,equicorrelated
0.1,10,50,92,Empirical_copula,Gaussian,absolute_residual,0.77125,23036068836.41259,23.5968685773068,0.0,0.0,equicorrelated
0.1,10,50,93,TSCP_R,Gaussian,absolute_residual,0.94125,103965573197.32062,26.47033448660614,0.003999233245849609,0.0,equicorrelated
0.1,10,50,93,Point_CHR,Gaussian,absolute_residual,0.95,355870494048.8026,37.29751600912513,0.0,0.0,equicorrelated
0.1,10,50,93,Unscaled,Gaussian,absolute_residual,0.933125,15044249481893.752,20.784378980154187,0.0,0.0,equicorrelated
0.1,10,50,93,Empirical_copula,Gaussian,absolute_residual,0.875625,44008025575.022156,23.30448238947776,0.0009992122650146484,0.0,equicorrelated
0.1,10,50,94,TSCP_R,Gaussian,absolute_residual,0.90375,57618085825.1565,26.56261700256776,0.0029997825622558594,0.0,equicorrelated
0.1,10,50,94,Point_CHR,Gaussian,absolute_residual,0.915,86039546345.99559,27.624467562807915,0.0009996891021728516,0.0,equicorrelated
0.1,10,50,94,Unscaled,Gaussian,absolute_residual,0.875,4995941028069.308,18.614943840577233,0.0,0.0,equicorrelated
0.1,10,50,94,Empirical_copula,Gaussian,absolute_residual,0.825625,20893605176.675076,25.420139248527825,0.0010006427764892578,0.0,equicorrelated
0.1,10,50,95,TSCP_R,Gaussian,absolute_residual,0.8875,42393654115.89091,28.24194916113937,0.004000663757324219,0.0,equicorrelated
0.1,10,50,95,Point_CHR,Gaussian,absolute_residual,0.9525,189359039660.85602,33.68666450939395,0.0010013580322265625,0.0,equicorrelated
0.1,10,50,95,Unscaled,Gaussian,absolute_residual,0.911875,8920344658886.734,19.72596069666398,0.0,0.0,equicorrelated
0.1,10,50,95,Empirical_copula,Gaussian,absolute_residual,0.81,21196620910.081604,25.2486143642027,0.0,0.0,equicorrelated
0.1,10,50,96,TSCP_R,Gaussian,absolute_residual,0.9425,131450050849.60645,29.181946970927342,0.0030057430267333984,0.0,equicorrelated
0.1,10,50,96,Point_CHR,Gaussian,absolute_residual,0.938125,154265350693.825,31.95997283111531,0.0,0.0,equicorrelated
0.1,10,50,96,Unscaled,Gaussian,absolute_residual,0.9625,42154134055468.21,23.04008183107786,0.0010018348693847656,0.0,equicorrelated
0.1,10,50,96,Empirical_copula,Gaussian,absolute_residual,0.838125,61906607632.22419,27.90758356849705,0.0,0.0,equicorrelated
0.1,10,50,97,TSCP_R,Gaussian,absolute_residual,0.9225,77561076788.54381,25.988086809647715,0.004000663757324219,0.0,equicorrelated
0.1,10,50,97,Point_CHR,Gaussian,absolute_residual,0.941875,132504752772.23666,26.845085788747166,0.0,0.0,equicorrelated
0.1,10,50,97,Unscaled,Gaussian,absolute_residual,0.903125,8583982167101.424,19.650286225250415,0.0,0.0,equicorrelated
0.1,10,50,97,Empirical_copula,Gaussian,absolute_residual,0.803125,24903405491.012802,22.15431298173024,0.0010018348693847656,0.0,equicorrelated
0.1,10,50,98,TSCP_R,Gaussian,absolute_residual,0.92375,102451870261.69638,28.112030074355083,0.0040090084075927734,0.0,equicorrelated
0.1,10,50,98,Point_CHR,Gaussian,absolute_residual,0.98,435003734423.89044,33.63283528959914,0.0009932518005371094,0.0,equicorrelated
0.1,10,50,98,Unscaled,Gaussian,absolute_residual,0.9125,12333698947609.846,20.37554970983135,0.0,0.0,equicorrelated
0.1,10,50,98,Empirical_copula,Gaussian,absolute_residual,0.851875,43396141439.91703,25.162604310244504,0.0009992122650146484,0.0,equicorrelated
0.1,10,50,99,TSCP_R,Gaussian,absolute_residual,0.98625,629283861342.8225,34.395727522122044,0.003999233245849609,0.0,equicorrelated
0.1,10,50,99,Point_CHR,Gaussian,absolute_residual,0.97625,1469253624849.537,38.4567956586662,0.0,0.0,equicorrelated
0.1,10,50,99,Unscaled,Gaussian,absolute_residual,0.96875,53484766785896.37,23.595164562789975,0.0,0.0,equicorrelated
0.1,10,50,99,Empirical_copula,Gaussian,absolute_residual,0.899375,103278406975.62282,32.966957403436126,0.0010030269622802734,0.0,equicorrelated
0.1,10,50,100,TSCP_R,Gaussian,absolute_residual,0.895,55815468590.80943,26.105283983297735,0.0030059814453125,0.0,equicorrelated
0.1,10,50,100,Point_CHR,Gaussian,absolute_residual,0.925625,142251272064.19263,27.30483079797187,0.0009925365447998047,0.0,equicorrelated
0.1,10,50,100,Unscaled,Gaussian,absolute_residual,0.9075,9396283046493.914,19.828762410846544,0.0,0.0,equicorrelated
0.1,10,50,100,Empirical_copula,Gaussian,absolute_residual,0.81375,24876776033.13636,24.287904975884466,0.0,0.0,equicorrelated
0.1,10,50,101,TSCP_R,Gaussian,absolute_residual,0.92375,121524143987.9093,33.31522420003565,0.003007173538208008,0.0,equicorrelated
0.1,10,50,101,Point_CHR,Gaussian,absolute_residual,0.989375,789189986936.0508,37.5564513394344,0.0,0.0,equicorrelated
0.1,10,50,101,Unscaled,Gaussian,absolute_residual,0.96,36336090354041.97,22.70041619251854,0.0,0.0,equicorrelated
0.1,10,50,101,Empirical_copula,Gaussian,absolute_residual,0.838125,47818332757.18392,26.464819900396567,0.0,0.0,equicorrelated
0.1,10,50,102,TSCP_R,Gaussian,absolute_residual,0.865,34485910039.0283,29.956258958039825,0.0030083656311035156,0.0,equicorrelated
0.1,10,50,102,Point_CHR,Gaussian,absolute_residual,0.71125,8026339806.072786,26.81185182802917,0.0,0.0,equicorrelated
0.1,10,50,102,Unscaled,Gaussian,absolute_residual,0.89875,9785917452454.643,19.909490893333686,0.00099945068359375,0.0,equicorrelated
0.1,10,50,102,Empirical_copula,Gaussian,absolute_residual,0.795625,15258421907.269508,25.70696957363342,0.0,0.0,equicorrelated
0.1,10,50,103,TSCP_R,Gaussian,absolute_residual,0.899375,57638420509.10018,29.141095896738648,0.003006458282470703,0.0,equicorrelated
0.1,10,50,103,Point_CHR,Gaussian,absolute_residual,0.844375,41457311663.56111,25.07498819695982,0.0009999275207519531,0.0,equicorrelated
0.1,10,50,103,Unscaled,Gaussian,absolute_residual,0.88125,5353837433304.496,18.744183101497693,0.0,0.0,equicorrelated
0.1,10,50,103,Empirical_copula,Gaussian,absolute_residual,0.816875,23501259624.545395,27.54923353231323,0.0,0.0,equicorrelated
0.1,10,50,104,TSCP_R,Gaussian,absolute_residual,0.928125,80164788776.73824,25.949159882913538,0.0030078887939453125,0.0,equicorrelated
0.1,10,50,104,Point_CHR,Gaussian,absolute_residual,0.93875,130175250661.35904,26.883524090861787,0.0,0.0,equicorrelated
0.1,10,50,104,Unscaled,Gaussian,absolute_residual,0.89375,5410631335232.521,18.76397278310236,0.0,0.0,equicorrelated
0.1,10,50,104,Empirical_copula,Gaussian,absolute_residual,0.84875,38686739757.95621,24.663168500333725,0.0009920597076416016,0.0,equicorrelated
0.1,10,50,105,TSCP_R,Gaussian,absolute_residual,0.864375,37216925956.84845,23.613817476879337,0.003001689910888672,0.0,equicorrelated
0.1,10,50,105,Point_CHR,Gaussian,absolute_residual,0.923125,102154463712.32333,26.88696595853418,0.0,0.0,equicorrelated
0.1,10,50,105,Unscaled,Gaussian,absolute_residual,0.894375,6247540246750.811,19.035790051406398,0.0,0.0,equicorrelated
0.1,10,50,105,Empirical_copula,Gaussian,absolute_residual,0.775,21289442494.376545,29.315465462076713,0.0,0.0,equicorrelated
0.1,10,50,106,TSCP_R,Gaussian,absolute_residual,0.886875,36233857933.48943,24.582982683718512,0.003000020980834961,0.0,equicorrelated
0.1,10,50,106,Point_CHR,Gaussian,absolute_residual,0.82625,23391927460.321636,25.95928315727464,0.00099945068359375,0.0,equicorrelated
0.1,10,50,106,Unscaled,Gaussian,absolute_residual,0.88375,5214192371229.028,18.694708811943716,0.0,0.0,equicorrelated
0.1,10,50,106,Empirical_copula,Gaussian,absolute_residual,0.818125,20739852255.09449,27.899830517874783,0.0010023117065429688,0.0,equicorrelated
0.1,10,50,107,TSCP_R,Gaussian,absolute_residual,0.910625,66105945692.867714,23.604672118343302,0.004007101058959961,0.0,equicorrelated
0.1,10,50,107,Point_CHR,Gaussian,absolute_residual,0.964375,624894320393.8074,30.557787524612706,0.0,0.0,equicorrelated
0.1,10,50,107,Unscaled,Gaussian,absolute_residual,0.86125,3571089547101.5,18.00031370936595,0.0,0.0,equicorrelated
0.1,10,50,107,Empirical_copula,Gaussian,absolute_residual,0.84,32518447740.98683,22.13792005897251,0.0010006427764892578,0.0,equicorrelated
0.1,10,50,108,TSCP_R,Gaussian,absolute_residual,0.848125,29627409651.176994,22.82784893229317,0.004009246826171875,0.0,equicorrelated
0.1,10,50,108,Point_CHR,Gaussian,absolute_residual,0.89875,130676591334.94841,26.12420519494124,0.0,0.0,equicorrelated
0.1,10,50,108,Unscaled,Gaussian,absolute_residual,0.799375,1831068239016.4956,16.837222574630715,0.0,0.0,equicorrelated
0.1,10,50,108,Empirical_copula,Gaussian,absolute_residual,0.760625,12346986157.653229,21.344993870859962,0.0009980201721191406,0.0,equicorrelated
0.1,10,50,109,TSCP_R,Gaussian,absolute_residual,0.87625,49147792765.62381,27.81690274323087,0.004006624221801758,0.0,equicorrelated
0.1,10,50,109,Point_CHR,Gaussian,absolute_residual,0.964375,2237182483090.3022,40.60726545652663,0.0,0.0,equicorrelated
0.1,10,50,109,Unscaled,Gaussian,absolute_residual,0.910625,8953737936993.354,19.73333269278576,0.0,0.0,equicorrelated
0.1,10,50,109,Empirical_copula,Gaussian,absolute_residual,0.769375,15598727316.81337,25.991138981177897,0.0009996891021728516,0.0,equicorrelated
0.1,10,50,110,TSCP_R,Gaussian,absolute_residual,0.87,38027318896.08015,22.125465171478176,0.0030062198638916016,0.0,equicorrelated
0.1,10,50,110,Point_CHR,Gaussian,absolute_residual,0.894375,77415082162.2487,23.963922481476274,0.0,0.0,equicorrelated
0.1,10,50,110,Unscaled,Gaussian,absolute_residual,0.84125,2960197326801.2915,17.665749433015122,0.000993490219116211,0.0,equicorrelated
0.1,10,50,110,Empirical_copula,Gaussian,absolute_residual,0.809375,21605061244.932747,21.212822920858095,0.0,0.0,equicorrelated
0.1,10,50,111,TSCP_R,Gaussian,absolute_residual,0.8625,32824180637.78399,25.67244947471589,0.003000974655151367,0.0,equicorrelated
0.1,10,50,111,Point_CHR,Gaussian,absolute_residual,0.85,30891110187.05979,22.73260163341989,0.0,0.0,equicorrelated
0.1,10,50,111,Unscaled,Gaussian,absolute_residual,0.905,10059520608662.455,19.96446738302749,0.0,0.0,equicorrelated
0.1,10,50,111,Empirical_copula,Gaussian,absolute_residual,0.824375,23029056559.868237,24.939169658228515,0.0,0.0,equicorrelated
0.1,10,50,112,TSCP_R,Gaussian,absolute_residual,0.89375,60322073749.37406,24.944389389613967,0.0030014514923095703,0.0,equicorrelated
0.1,10,50,112,Point_CHR,Gaussian,absolute_residual,0.9475,424901234465.34796,29.674548932941924,0.0,0.0,equicorrelated
0.1,10,50,112,Unscaled,Gaussian,absolute_residual,0.841875,3148160151485.392,17.774839247784463,0.0,0.0,equicorrelated
0.1,10,50,112,Empirical_copula,Gaussian,absolute_residual,0.745625,22603424755.166393,22.78500966783232,0.0,0.0,equicorrelated
0.1,10,50,113,TSCP_R,Gaussian,absolute_residual,0.945,165097208265.72256,28.62086338233672,0.0030176639556884766,0.0,equicorrelated
0.1,10,50,113,Point_CHR,Gaussian,absolute_residual,0.941875,761008533708.8943,33.77778979333656,0.0,0.0,equicorrelated
0.1,10,50,113,Unscaled,Gaussian,absolute_residual,0.9075,9263641554920.719,19.80059196300907,0.001013040542602539,0.0,equicorrelated
0.1,10,50,113,Empirical_copula,Gaussian,absolute_residual,0.876875,62817862001.175,28.35028809164545,0.0,0.0,equicorrelated
0.1,10,50,114,TSCP_R,Gaussian,absolute_residual,0.940625,110081913399.38414,30.976653637935783,0.0029807090759277344,0.0,equicorrelated
0.1,10,50,114,Point_CHR,Gaussian,absolute_residual,0.893125,63915627362.325836,30.958406983550766,0.0,0.0,equicorrelated
0.1,10,50,114,Unscaled,Gaussian,absolute_residual,0.9125,12147442384340.588,20.344568580046325,0.0,0.0,equicorrelated
0.1,10,50,114,Empirical_copula,Gaussian,absolute_residual,0.85625,33936282196.21434,29.004953669413062,0.0,0.0,equicorrelated
0.1,10,50,115,TSCP_R,Gaussian,absolute_residual,0.90625,64660133142.91074,24.724877178479673,0.0030069351196289062,0.0,equicorrelated
0.1,10,50,115,Point_CHR,Gaussian,absolute_residual,0.916875,153607888675.76117,33.22144105426709,0.0010218620300292969,0.0,equicorrelated
0.1,10,50,115,Unscaled,Gaussian,absolute_residual,0.92125,12180959250659.861,20.350175036057912,0.0,0.0,equicorrelated
0.1,10,50,115,Empirical_copula,Gaussian,absolute_residual,0.8175,36986148275.7728,22.77217510994689,0.000978708267211914,0.0,equicorrelated
0.1,10,50,116,TSCP_R,Gaussian,absolute_residual,0.904375,57344332078.25904,30.431017070441808,0.004006862640380859,0.0,equicorrelated
0.1,10,50,116,Point_CHR,Gaussian,absolute_residual,0.906875,91514282298.15057,33.812697148719714,0.0,0.0,equicorrelated
0.1,10,50,116,Unscaled,Gaussian,absolute_residual,0.944375,21177466828176.805,21.507374679918176,0.0,0.0,equicorrelated
0.1,10,50,116,Empirical_copula,Gaussian,absolute_residual,0.821875,23531301101.632896,30.36396764321892,0.0010004043579101562,0.0,equicorrelated
0.1,10,50,117,TSCP_R,Gaussian,absolute_residual,0.88625,46234912115.43494,28.09311803403886,0.0029976367950439453,0.0,equicorrelated
0.1,10,50,117,Point_CHR,Gaussian,absolute_residual,0.903125,70484553150.36821,25.916570583065194,0.0,0.0,equicorrelated
0.1,10,50,117,Unscaled,Gaussian,absolute_residual,0.879375,5153432637482.355,18.672809233407346,0.0,0.0,equicorrelated
0.1,10,50,117,Empirical_copula,Gaussian,absolute_residual,0.779375,18319383472.13767,29.06339341889834,0.001005411148071289,0.0,equicorrelated
0.1,10,50,118,TSCP_R,Gaussian,absolute_residual,0.95,173656266365.3039,30.338202978034225,0.00299835205078125,0.0,equicorrelated
0.1,10,50,118,Point_CHR,Gaussian,absolute_residual,0.961875,356551151999.4189,36.179794047078545,0.0009996891021728516,0.0,equicorrelated
0.1,10,50,118,Unscaled,Gaussian,absolute_residual,0.9475,22826349570342.09,21.669238338951743,0.0,0.0,equicorrelated
0.1,10,50,118,Empirical_copula,Gaussian,absolute_residual,0.90375,79777005279.74913,27.900872834824934,0.0010004043579101562,0.0,equicorrelated
0.1,10,50,119,TSCP_R,Gaussian,absolute_residual,0.935,152858838864.92798,27.058202423951737,0.0030155181884765625,0.0,equicorrelated
0.1,10,50,119,Point_CHR,Gaussian,absolute_residual,0.921875,469679277318.647,40.9972900401969,0.0010001659393310547,0.0,equicorrelated
0.1,10,50,119,Unscaled,Gaussian,absolute_residual,0.88375,4891636630400.511,18.57570985091848,0.0,0.0,equicorrelated
0.1,10,50,119,Empirical_copula,Gaussian,absolute_residual,0.79875,33583499663.201237,24.035848446239925,0.0,0.0,equicorrelated
0.1,10,50,120,TSCP_R,Gaussian,absolute_residual,0.901875,57420892310.202194,28.835323179716962,0.004006624221801758,0.0,equicorrelated
0.1,10,50,120,Point_CHR,Gaussian,absolute_residual,0.888125,65361443147.949974,29.483225832883,0.0,0.0,equicorrelated
0.1,10,50,120,Unscaled,Gaussian,absolute_residual,0.945625,19624986096001.82,21.34425180472274,0.0,0.0,equicorrelated
0.1,10,50,120,Empirical_copula,Gaussian,absolute_residual,0.8525,45982096095.515205,29.483225832883,0.0009992122650146484,0.0,equicorrelated
0.1,10,50,121,TSCP_R,Gaussian,absolute_residual,0.958125,149268153571.19714,24.758573044955533,0.003007173538208008,0.0,equicorrelated
0.1,10,50,121,Point_CHR,Gaussian,absolute_residual,0.950625,191179794628.62076,35.6842042460507,0.0009999275207519531,0.0,equicorrelated
0.1,10,50,121,Unscaled,Gaussian,absolute_residual,0.878125,5182621602913.009,18.683358624272394,0.0,0.0,equicorrelated
0.1,10,50,121,Empirical_copula,Gaussian,absolute_residual,0.885,55952360599.08254,27.384212981127348,0.0010008811950683594,0.0,equicorrelated
0.1,10,50,122,TSCP_R,Gaussian,absolute_residual,0.913125,105243531522.26048,24.597410652602207,0.003019094467163086,0.0,equicorrelated
0.1,10,50,122,Point_CHR,Gaussian,absolute_residual,0.924375,388720970602.6872,29.544314781936585,0.0009894371032714844,0.0,equicorrelated
0.1,10,50,122,Unscaled,Gaussian,absolute_residual,0.8625,3824517061390.477,18.124150518137565,0.0,0.0,equicorrelated
0.1,10,50,122,Empirical_copula,Gaussian,absolute_residual,0.80125,35373965253.7678,24.173136461615012,0.0010097026824951172,0.0,equicorrelated
0.1,10,50,123,TSCP_R,Gaussian,absolute_residual,0.89375,44128629180.68602,26.83481242144267,0.002998828887939453,0.0,equicorrelated
0.1,10,50,123,Point_CHR,Gaussian,absolute_residual,0.874375,39662373307.48664,22.78238514621855,0.0009987354278564453,0.0,equicorrelated
0.1,10,50,123,Unscaled,Gaussian,absolute_residual,0.926875,11013438046094.85,20.146160581344702,0.0,0.0,equicorrelated
0.1,10,50,123,Empirical_copula,Gaussian,absolute_residual,0.835625,22120775817.17575,21.353135806967867,0.0,0.0,equicorrelated
0.1,10,50,124,TSCP_R,Gaussian,absolute_residual,0.9175,57042240305.682915,25.573145191547535,0.0040323734283447266,0.0,equicorrelated
0.1,10,50,124,Point_CHR,Gaussian,absolute_residual,0.9325,180899974078.55243,34.211937158098785,0.0,0.0,equicorrelated
0.1,10,50,124,Unscaled,Gaussian,absolute_residual,0.9225,9853997730742.023,19.923298682865024,0.0,0.0,equicorrelated
0.1,10,50,124,Empirical_copula,Gaussian,absolute_residual,0.878125,37401711124.78212,24.744024139921052,0.0,0.0,equicorrelated
0.1,10,50,125,TSCP_R,Gaussian,absolute_residual,0.849375,37114191005.6846,31.715663240947055,0.003006458282470703,0.0,equicorrelated
0.1,10,50,125,Point_CHR,Gaussian,absolute_residual,0.911875,102648244549.10178,44.70743683239222,0.0,0.0,equicorrelated
0.1,10,50,125,Unscaled,Gaussian,absolute_residual,0.92875,15501278885558.178,20.846672944807892,0.0,0.0,equicorrelated
0.1,10,50,125,Empirical_copula,Gaussian,absolute_residual,0.715625,14872926210.889519,28.489640529833256,0.0010006427764892578,0.0,equicorrelated
0.1,10,50,126,TSCP_R,Gaussian,absolute_residual,0.91125,89644494355.00546,26.63146424651574,0.003002166748046875,0.0,equicorrelated
0.1,10,50,126,Point_CHR,Gaussian,absolute_residual,0.848125,74282290256.45766,36.32080136906228,0.000997781753540039,0.0,equicorrelated
0.1,10,50,126,Unscaled,Gaussian,absolute_residual,0.9025,8015077255022.639,19.515998284958926,0.0,0.0,equicorrelated
0.1,10,50,126,Empirical_copula,Gaussian,absolute_residual,0.820625,26585305454.876812,28.386386723621683,0.001010894775390625,0.0,equicorrelated
0.1,10,50,127,TSCP_R,Gaussian,absolute_residual,0.914375,81980659192.74394,23.615551755256412,0.0030078887939453125,0.0,equicorrelated
0.1,10,50,127,Point_CHR,Gaussian,absolute_residual,0.9175,92401036249.07822,25.758587019922956,0.0,0.0,equicorrelated
0.1,10,50,127,Unscaled,Gaussian,absolute_residual,0.903125,6949076195579.165,19.239452423530594,0.0,0.0,equicorrelated
0.1,10,50,127,Empirical_copula,Gaussian,absolute_residual,0.811875,32536207828.520004,23.421331842075876,0.0009989738464355469,0.0,equicorrelated
0.1,10,50,128,TSCP_R,Gaussian,absolute_residual,0.944375,125525320975.97055,32.67375343702699,0.004004001617431641,0.0,equicorrelated
0.1,10,50,128,Point_CHR,Gaussian,absolute_residual,0.984375,2062906658191.814,47.159905567074546,0.0,0.0,equicorrelated
0.1,10,50,128,Unscaled,Gaussian,absolute_residual,0.95375,27234202330626.348,22.05522364406887,0.0,0.0,equicorrelated
0.1,10,50,128,Empirical_copula,Gaussian,absolute_residual,0.896875,59360468554.637886,27.34391422689442,0.0,0.0,equicorrelated
0.1,10,50,129,TSCP_R,Gaussian,absolute_residual,0.923125,81735213898.68553,32.01505250588836,0.003997325897216797,0.0,equicorrelated
0.1,10,50,129,Point_CHR,Gaussian,absolute_residual,0.911875,80238118380.28496,30.218115700236247,0.0,0.0,equicorrelated
0.1,10,50,129,Unscaled,Gaussian,absolute_residual,0.945,30589481629429.53,22.31296127732057,0.0,0.0,equicorrelated
0.1,10,50,129,Empirical_copula,Gaussian,absolute_residual,0.81875,22737971273.99227,28.218546336312382,0.0,0.0,equicorrelated
0.1,10,50,130,TSCP_R,Gaussian,absolute_residual,0.93875,121475315983.04193,31.960843801062097,0.004008054733276367,0.0,equicorrelated
0.1,10,50,130,Point_CHR,Gaussian,absolute_residual,0.946875,342666330675.3366,43.84172530903621,0.0,0.0,equicorrelated
0.1,10,50,130,Unscaled,Gaussian,absolute_residual,0.934375,20558778135324.086,21.443700356248442,0.0,0.0,equicorrelated
0.1,10,50,130,Empirical_copula,Gaussian,absolute_residual,0.88625,68645850724.141716,28.576426545116746,0.0009992122650146484,0.0,equicorrelated
0.1,10,50,131,TSCP_R,Gaussian,absolute_residual,0.935625,122352330322.16116,27.394837963290442,0.0030057430267333984,0.0,equicorrelated
0.1,10,50,131,Point_CHR,Gaussian,absolute_residual,0.886875,89797504610.68478,35.09560854160338,0.0009946823120117188,0.0,equicorrelated
0.1,10,50,131,Unscaled,Gaussian,absolute_residual,0.955625,37704735070477.67,22.784504554729445,0.0,0.0,equicorrelated
0.1,10,50,131,Empirical_copula,Gaussian,absolute_residual,0.79875,39189389897.93389,29.110967145031115,0.0,0.0,equicorrelated
0.1,10,50,132,TSCP_R,Gaussian,absolute_residual,0.936875,145354123352.7597,27.15698547714059,0.004019737243652344,0.0,equicorrelated
0.1,10,50,132,Point_CHR,Gaussian,absolute_residual,0.9425,294021561155.4098,33.729176672126925,0.0,0.0,equicorrelated
0.1,10,50,132,Unscaled,Gaussian,absolute_residual,0.928125,16327738496381.752,20.95523828460411,0.0,0.0,equicorrelated
0.1,10,50,132,Empirical_copula,Gaussian,absolute_residual,0.82375,46179555630.110176,31.360047329026255,0.0,0.0,equicorrelated
0.1,10,50,133,TSCP_R,Gaussian,absolute_residual,0.874375,40979149072.4268,32.3420191460025,0.005000591278076172,0.0,equicorrelated
0.1,10,50,133,Point_CHR,Gaussian,absolute_residual,0.86125,49666994170.89826,43.870590519457885,0.0,0.0,equicorrelated
0.1,10,50,133,Unscaled,Gaussian,absolute_residual,0.970625,49563112614053.32,23.416169723965776,0.0,0.0,equicorrelated
0.1,10,50,133,Empirical_copula,Gaussian,absolute_residual,0.8075,20366286451.228054,33.326937364869025,0.001020193099975586,0.0,equicorrelated
0.1,10,50,134,TSCP_R,Gaussian,absolute_residual,0.879375,36648353166.35178,24.430259313581544,0.0030066967010498047,0.0,equicorrelated
0.1,10,50,134,Point_CHR,Gaussian,absolute_residual,0.82125,27134316501.223232,24.721369968447046,0.0,0.0,equicorrelated
0.1,10,50,134,Unscaled,Gaussian,absolute_residual,0.865,4524617332472.32,18.431394107651585,0.0,0.0,equicorrelated
0.1,10,50,134,Empirical_copula,Gaussian,absolute_residual,0.796875,17032079081.302832,25.351676733051846,0.0,0.0,equicorrelated
0.1,10,50,135,TSCP_R,Gaussian,absolute_residual,0.955,157897836982.22043,26.9811269341564,0.004023075103759766,0.0,equicorrelated
0.1,10,50,135,Point_CHR,Gaussian,absolute_residual,0.986875,1122236007544.1765,33.66302370932617,0.0,0.0,equicorrelated
0.1,10,50,135,Unscaled,Gaussian,absolute_residual,0.840625,3195174326898.781,17.801207222159825,0.0,0.0,equicorrelated
0.1,10,50,135,Empirical_copula,Gaussian,absolute_residual,0.8625,41949068480.46326,21.182276131024388,0.0009968280792236328,0.0,equicorrelated
0.1,10,50,136,TSCP_R,Gaussian,absolute_residual,0.928125,82142040345.48639,27.221200610135142,0.004013776779174805,0.0,equicorrelated
0.1,10,50,136,Point_CHR,Gaussian,absolute_residual,0.93375,111394928267.64146,26.95255620127839,0.0,0.0,equicorrelated
0.1,10,50,136,Unscaled,Gaussian,absolute_residual,0.89,6053172554208.872,18.97572183570053,0.0,0.0,equicorrelated
0.1,10,50,136,Empirical_copula,Gaussian,absolute_residual,0.791875,21412740525.030792,24.90363288546591,0.0009906291961669922,0.0,equicorrelated
0.1,10,50,137,TSCP_R,Gaussian,absolute_residual,0.88125,57078131713.02689,26.15647841979006,0.002996683120727539,0.0,equicorrelated
0.1,10,50,137,Point_CHR,Gaussian,absolute_residual,0.933125,382692933878.4113,32.40577328339779,0.0009992122650146484,0.0,equicorrelated
0.1,10,50,137,Unscaled,Gaussian,absolute_residual,0.88125,4911940377448.13,18.58340571897116,0.0,0.0,equicorrelated
0.1,10,50,137,Empirical_copula,Gaussian,absolute_residual,0.8025,24359746654.15349,23.992786052550848,0.0010006427764892578,0.0,equicorrelated
0.1,10,50,138,TSCP_R,Gaussian,absolute_residual,0.93,124908859918.88005,29.925804946184478,0.003019571304321289,0.0,equicorrelated
0.1,10,50,138,Point_CHR,Gaussian,absolute_residual,0.958125,481442516998.099,41.248347605879715,0.0009913444519042969,0.0,equicorrelated
0.1,10,50,138,Unscaled,Gaussian,absolute_residual,0.92,11279227626481.094,20.194259658147026,0.0,0.0,equicorrelated
0.1,10,50,138,Empirical_copula,Gaussian,absolute_residual,0.81875,61203419461.22066,27.454279116553586,0.0,0.0,equicorrelated
0.1,10,50,139,TSCP_R,Gaussian,absolute_residual,0.963125,225643450482.5793,29.62699620425728,0.003005504608154297,0.0,equicorrelated
0.1,10,50,139,Point_CHR,Gaussian,absolute_residual,0.92625,269746048827.14908,33.468608353232305,0.0,0.0,equicorrelated
0.1,10,50,139,Unscaled,Gaussian,absolute_residual,0.901875,7513688492613.405,19.390335280708197,0.0,0.0,equicorrelated
0.1,10,50,139,Empirical_copula,Gaussian,absolute_residual,0.889375,57500238068.54346,30.874293860424054,0.0009996891021728516,0.0,equicorrelated
0.1,10,50,140,TSCP_R,Gaussian,absolute_residual,0.8475,45778274304.01609,27.44473335497458,0.003008604049682617,0.0,equicorrelated
0.1,10,50,140,Point_CHR,Gaussian,absolute_residual,0.836875,125878211816.25543,32.858857162403936,0.0010020732879638672,0.0,equicorrelated
0.1,10,50,140,Unscaled,Gaussian,absolute_residual,0.935,17043208173657.74,21.04530067308397,0.0,0.0,equicorrelated
0.1,10,50,140,Empirical_copula,Gaussian,absolute_residual,0.7825,21531796976.937305,27.847961409285944,0.0009992122650146484,0.0,equicorrelated
0.1,10,50,141,TSCP_R,Gaussian,absolute_residual,0.939375,118632083979.56418,29.019462535939482,0.003007173538208008,0.0,equicorrelated
0.1,10,50,141,Point_CHR,Gaussian,absolute_residual,0.953125,312060642043.344,37.766576156697596,0.0,0.0,equicorrelated
0.1,10,50,141,Unscaled,Gaussian,absolute_residual,0.8675,4567093747964.715,18.448624552681384,0.0,0.0,equicorrelated
0.1,10,50,141,Empirical_copula,Gaussian,absolute_residual,0.845625,37868905243.44124,27.783141924369446,0.0009992122650146484,0.0,equicorrelated
0.1,10,50,142,TSCP_R,Gaussian,absolute_residual,0.883125,47768548902.14692,26.053633007834115,0.0040073394775390625,0.0,equicorrelated
0.1,10,50,142,Point_CHR,Gaussian,absolute_residual,0.8175,27817484636.256943,29.995891826475223,0.0,0.0,equicorrelated
0.1,10,50,142,Unscaled,Gaussian,absolute_residual,0.8725,4779992208143.67,18.532871685705267,0.0,0.0,equicorrelated
0.1,10,50,142,Empirical_copula,Gaussian,absolute_residual,0.75625,23224247105.445026,25.62573064059683,0.0010004043579101562,0.0,equicorrelated
0.1,10,50,143,TSCP_R,Gaussian,absolute_residual,0.944375,131202510638.98183,29.101967030650485,0.0030074119567871094,0.0,equicorrelated
0.1,10,50,143,Point_CHR,Gaussian,absolute_residual,0.93,164321621107.57413,28.21631099454782,0.0,0.0,equicorrelated
0.1,10,50,143,Unscaled,Gaussian,absolute_residual,0.98,116845093517462.98,25.51297174347535,0.0,0.0,equicorrelated
0.1,10,50,143,Empirical_copula,Gaussian,absolute_residual,0.8675,67803665399.749664,27.172334437286516,0.0010001659393310547,0.0,equicorrelated
0.1,10,50,144,TSCP_R,Gaussian,absolute_residual,0.955,115924929019.64273,26.952074050031506,0.0029952526092529297,0.0,equicorrelated
0.1,10,50,144,Point_CHR,Gaussian,absolute_residual,0.9825,549361384579.19794,36.139195565372404,0.0,0.0,equicorrelated
0.1,10,50,144,Unscaled,Gaussian,absolute_residual,0.863125,3622734910758.687,18.026178017339625,0.0,0.0,equicorrelated
0.1,10,50,144,Empirical_copula,Gaussian,absolute_residual,0.89375,53563034367.68269,24.066345713338098,0.0009999275207519531,0.0,equicorrelated
0.1,10,50,145,TSCP_R,Gaussian,absolute_residual,0.875625,36783697472.67377,25.04726125726839,0.0029993057250976562,0.0,equicorrelated
0.1,10,50,145,Point_CHR,Gaussian,absolute_residual,0.940625,104985559059.4535,30.63993361962346,0.001001119613647461,0.0,equicorrelated
0.1,10,50,145,Unscaled,Gaussian,absolute_residual,0.92,10501186331987.81,20.05043672018781,0.0,0.0,equicorrelated
0.1,10,50,145,Empirical_copula,Gaussian,absolute_residual,0.804375,16742701086.854013,26.683054651364444,0.0,0.0,equicorrelated
0.1,10,50,146,TSCP_R,Gaussian,absolute_residual,0.91,88165940518.58499,31.927387008996213,0.004009246826171875,0.0,equicorrelated
0.1,10,50,146,Point_CHR,Gaussian,absolute_residual,0.988125,2092995368545.6287,36.14305881396705,0.0,0.0,equicorrelated
0.1,10,50,146,Unscaled,Gaussian,absolute_residual,0.835625,2749952436118.8687,17.536080006156446,0.0,0.0,equicorrelated
0.1,10,50,146,Empirical_copula,Gaussian,absolute_residual,0.8425,27016377323.16383,28.879278851517533,0.0009975433349609375,0.0,equicorrelated
0.1,10,50,147,TSCP_R,Gaussian,absolute_residual,0.89375,44114733154.055,26.120865954072734,0.004006862640380859,0.0,equicorrelated
0.1,10,50,147,Point_CHR,Gaussian,absolute_residual,0.86875,32055103372.98322,30.031116518434672,0.0,0.0,equicorrelated
0.1,10,50,147,Unscaled,Gaussian,absolute_residual,0.918125,10296244875293.963,20.010958268867974,0.0,0.0,equicorrelated
0.1,10,50,147,Empirical_copula,Gaussian,absolute_residual,0.793125,17953526583.932903,25.046811881417373,0.0009937286376953125,0.0,equicorrelated
0.1,10,50,148,TSCP_R,Gaussian,absolute_residual,0.9475,123222724844.18839,32.74682777463909,0.004000425338745117,0.0,equicorrelated
0.1,10,50,148,Point_CHR,Gaussian,absolute_residual,0.945625,224785630784.29584,32.71126702373168,0.0,0.0,equicorrelated
0.1,10,50,148,Unscaled,Gaussian,absolute_residual,0.919375,12654584277222.357,20.427950096613674,0.0,0.0,equicorrelated
0.1,10,50,148,Empirical_copula,Gaussian,absolute_residual,0.874375,44042952759.53346,32.71126702373168,0.0010085105895996094,0.0,equicorrelated
0.1,10,50,149,TSCP_R,Gaussian,absolute_residual,0.916875,69961386353.08554,24.238900894175355,0.004009246826171875,0.0,equicorrelated
0.1,10,50,149,Point_CHR,Gaussian,absolute_residual,0.975,589644668509.3832,32.17016013023104,0.0,0.0,equicorrelated
0.1,10,50,149,Unscaled,Gaussian,absolute_residual,0.83125,2669098457431.046,17.4838253443117,0.0,0.0,equicorrelated
0.1,10,50,149,Empirical_copula,Gaussian,absolute_residual,0.81625,25889330321.42045,22.787744621350793,0.0009965896606445312,0.0,equicorrelated
0.1,10,50,150,TSCP_R,Gaussian,absolute_residual,0.914375,58518276114.4272,23.496396525081902,0.003006458282470703,0.0,equicorrelated
0.1,10,50,150,Point_CHR,Gaussian,absolute_residual,0.964375,251113538834.0259,32.529187306822294,0.0010013580322265625,0.0,equicorrelated
0.1,10,50,150,Unscaled,Gaussian,absolute_residual,0.885,5828255001956.788,18.904006350012754,0.0,0.0,equicorrelated
0.1,10,50,150,Empirical_copula,Gaussian,absolute_residual,0.840625,27874633448.877884,22.374856663876834,0.0009987354278564453,0.0,equicorrelated
0.1,10,50,151,TSCP_R,Gaussian,absolute_residual,0.93125,113531065279.81062,28.277760934867825,0.0040051937103271484,0.0,equicorrelated
0.1,10,50,151,Point_CHR,Gaussian,absolute_residual,0.81125,34138560015.89661,31.71641989804878,0.0,0.0,equicorrelated
0.1,10,50,151,Unscaled,Gaussian,absolute_residual,0.895,8017954690402.009,19.51669880164925,0.0,0.0,equicorrelated
0.1,10,50,151,Empirical_copula,Gaussian,absolute_residual,0.84375,39593841932.72034,28.87546897728128,0.0009996891021728516,0.0,equicorrelated
0.1,10,50,152,TSCP_R,Gaussian,absolute_residual,0.973125,360043081490.4008,30.92936049547386,0.004000186920166016,0.0,equicorrelated
0.1,10,50,152,Point_CHR,Gaussian,absolute_residual,0.926875,489939896481.69354,28.38678494431651,0.0,0.0,equicorrelated
0.1,10,50,152,Unscaled,Gaussian,absolute_residual,0.91125,9160355666699.633,19.77840354182055,0.0,0.0,equicorrelated
0.1,10,50,152,Empirical_copula,Gaussian,absolute_residual,0.87,52038929040.06871,23.354705671190477,0.0,0.0,equicorrelated
0.1,10,50,153,TSCP_R,Gaussian,absolute_residual,0.88875,49457975256.08859,27.161425743580473,0.003000020980834961,0.0,equicorrelated
0.1,10,50,153,Point_CHR,Gaussian,absolute_residual,0.959375,260111309852.50958,33.66627029534183,0.0,0.0,equicorrelated
0.1,10,50,153,Unscaled,Gaussian,absolute_residual,0.88875,4461118106300.256,18.405362358835436,0.0,0.0,equicorrelated
0.1,10,50,153,Empirical_copula,Gaussian,absolute_residual,0.80125,19553221696.533466,22.456708632427986,0.0,0.0,equicorrelated
0.1,10,50,154,TSCP_R,Gaussian,absolute_residual,0.87125,29488655852.199715,27.27556935684182,0.003005504608154297,0.0,equicorrelated
0.1,10,50,154,Point_CHR,Gaussian,absolute_residual,0.891875,72588749027.65182,30.31624037751811,0.0,0.0,equicorrelated
0.1,10,50,154,Unscaled,Gaussian,absolute_residual,0.90125,6501463660278.544,19.11177896287669,0.0,0.0,equicorrelated
0.1,10,50,154,Empirical_copula,Gaussian,absolute_residual,0.82,16365109725.145409,24.54315242493676,0.0010006427764892578,0.0,equicorrelated
0.1,10,50,155,TSCP_R,Gaussian,absolute_residual,0.95875,150921945257.71054,27.676075295865587,0.0030062198638916016,0.0,equicorrelated
0.1,10,50,155,Point_CHR,Gaussian,absolute_residual,0.9825,3187351571603.318,41.6440502717341,0.0009965896606445312,0.0,equicorrelated
0.1,10,50,155,Unscaled,Gaussian,absolute_residual,0.91375,7270162969360.628,19.326553558960548,0.0,0.0,equicorrelated
0.1,10,50,155,Empirical_copula,Gaussian,absolute_residual,0.86375,44593920724.63665,25.086665186133573,0.00099945068359375,0.0,equicorrelated
0.1,10,50,156,TSCP_R,Gaussian,absolute_residual,0.905625,95277542493.66034,28.84437672760677,0.0030012130737304688,0.0,equicorrelated
0.1,10,50,156,Point_CHR,Gaussian,absolute_residual,0.891875,74037504824.89937,30.52804042592703,0.0,0.0,equicorrelated
0.1,10,50,156,Unscaled,Gaussian,absolute_residual,0.91625,10134095604116.592,19.97921864688864,0.0,0.0,equicorrelated
0.1,10,50,156,Empirical_copula,Gaussian,absolute_residual,0.778125,34259664751.321194,29.101377810519672,0.0010023117065429688,0.0,equicorrelated
0.1,10,50,157,TSCP_R,Gaussian,absolute_residual,0.933125,95586857874.87866,26.61164238296977,0.0030052661895751953,0.0,equicorrelated
0.1,10,50,157,Point_CHR,Gaussian,absolute_residual,0.92375,146693260558.60837,27.194511550056546,0.0,0.0,equicorrelated
0.1,10,50,157,Unscaled,Gaussian,absolute_residual,0.886875,6811854042612.075,19.2011187429636,0.0,0.0,equicorrelated
0.1,10,50,157,Empirical_copula,Gaussian,absolute_residual,0.894375,47596881248.53555,24.214879567786326,0.0,0.0,equicorrelated
0.1,10,50,158,TSCP_R,Gaussian,absolute_residual,0.94125,106252931199.6965,27.68390835678044,0.003005504608154297,0.0,equicorrelated
0.1,10,50,158,Point_CHR,Gaussian,absolute_residual,0.985,1281945357125.751,40.184957104579226,0.0,0.0,equicorrelated
0.1,10,50,158,Unscaled,Gaussian,absolute_residual,0.9075,10000903022818.865,19.952803319107552,0.0,0.0,equicorrelated
0.1,10,50,158,Empirical_copula,Gaussian,absolute_residual,0.869375,48878785089.14303,25.071170543784962,0.0,0.0,equicorrelated
0.1,10,50,159,TSCP_R,Gaussian,absolute_residual,0.875,49328630924.93305,22.025406904771014,0.0029914379119873047,0.0,equicorrelated
0.1,10,50,159,Point_CHR,Gaussian,absolute_residual,0.8525,50624148964.235306,23.468212826147507,0.0010080337524414062,0.0,equicorrelated
0.1,10,50,159,Unscaled,Gaussian,absolute_residual,0.7925,1618000975712.234,16.630215535430192,0.0,0.0,equicorrelated
0.1,10,50,159,Empirical_copula,Gaussian,absolute_residual,0.775,19185655431.22237,19.277097788394848,0.001003265380859375,0.0,equicorrelated
0.1,10,50,160,TSCP_R,Gaussian,absolute_residual,0.91625,72968055688.40959,26.170053548085136,0.004007101058959961,0.0,equicorrelated
0.1,10,50,160,Point_CHR,Gaussian,absolute_residual,0.9275,107978238052.63998,28.76606128883497,0.0,0.0,equicorrelated
0.1,10,50,160,Unscaled,Gaussian,absolute_residual,0.908125,8798287666472.83,19.69880203546354,0.0,0.0,equicorrelated
0.1,10,50,160,Empirical_copula,Gaussian,absolute_residual,0.821875,23482272600.373222,25.406856662428623,0.001003265380859375,0.0,equicorrelated
0.1,10,50,161,TSCP_R,Gaussian,absolute_residual,0.96,279887624058.5822,30.45032954925378,0.002984762191772461,0.0,equicorrelated
0.1,10,50,161,Point_CHR,Gaussian,absolute_residual,0.981875,1372608912299.5793,36.46770424213156,0.0,0.0,equicorrelated
0.1,10,50,161,Unscaled,Gaussian,absolute_residual,0.929375,15793515858184.152,20.885644528386344,0.0009989738464355469,0.0,equicorrelated
0.1,10,50,161,Empirical_copula,Gaussian,absolute_residual,0.921875,94655190375.3738,26.59028837396371,0.0,0.0,equicorrelated
0.1,10,50,162,TSCP_R,Gaussian,absolute_residual,0.936875,127674653867.91507,30.31214527073879,0.003012418746948242,0.0,equicorrelated
0.1,10,50,162,Point_CHR,Gaussian,absolute_residual,0.94875,781159386137.5266,41.280675239150554,0.0009927749633789062,0.0,equicorrelated
0.1,10,50,162,Unscaled,Gaussian,absolute_residual,0.953125,27480454014698.176,22.07508529771558,0.0,0.0,equicorrelated
0.1,10,50,162,Empirical_copula,Gaussian,absolute_residual,0.884375,44597192343.02127,24.881894407748916,0.0,0.0,equicorrelated
0.1,10,50,163,TSCP_R,Gaussian,absolute_residual,0.96,181846237424.96677,27.60955551133629,0.004006862640380859,0.0,equicorrelated
0.1,10,50,163,Point_CHR,Gaussian,absolute_residual,0.87125,67549634311.248314,31.74413874116318,0.0,0.0,equicorrelated
0.1,10,50,163,Unscaled,Gaussian,absolute_residual,0.91625,9889904690812.81,19.93054665221002,0.0,0.0,equicorrelated
0.1,10,50,163,Empirical_copula,Gaussian,absolute_residual,0.863125,54287037161.89012,23.84957554626272,0.001001119613647461,0.0,equicorrelated
0.1,10,50,164,TSCP_R,Gaussian,absolute_residual,0.9,66560676314.3559,31.654890684902554,0.004006385803222656,0.0,equicorrelated
0.1,10,50,164,Point_CHR,Gaussian,absolute_residual,0.913125,158512276779.59958,28.07071345928256,0.0,0.0,equicorrelated
0.1,10,50,164,Unscaled,Gaussian,absolute_residual,0.9,8459903431506.429,19.62169589540855,0.0,0.0,equicorrelated
0.1,10,50,164,Empirical_copula,Gaussian,absolute_residual,0.816875,30317605454.967625,28.07071345928256,0.0010006427764892578,0.0,equicorrelated
0.1,10,50,165,TSCP_R,Gaussian,absolute_residual,0.945625,119496371388.97156,28.874826406136506,0.0029993057250976562,0.0,equicorrelated
0.1,10,50,165,Point_CHR,Gaussian,absolute_residual,0.925625,180468858645.016,32.21851053388007,0.0009970664978027344,0.0,equicorrelated
0.1,10,50,165,Unscaled,Gaussian,absolute_residual,0.945625,24248649154350.773,21.800615485548292,0.0,0.0,equicorrelated
0.1,10,50,165,Empirical_copula,Gaussian,absolute_residual,0.8775,44685090908.38247,26.23208605326192,0.0,0.0,equicorrelated
0.1,10,50,166,TSCP_R,Gaussian,absolute_residual,0.883125,66230855534.24255,30.03451987786826,0.0030069351196289062,0.0,equicorrelated
0.1,10,50,166,Point_CHR,Gaussian,absolute_residual,0.775,27601442020.52222,25.057765038315466,0.0,0.0,equicorrelated
0.1,10,50,166,Unscaled,Gaussian,absolute_residual,0.948125,27735695267773.19,22.095503664666932,0.0,0.0,equicorrelated
0.1,10,50,166,Empirical_copula,Gaussian,absolute_residual,0.804375,26854649136.01637,28.99690842649151,0.0,0.0,equicorrelated
0.1,10,50,167,TSCP_R,Gaussian,absolute_residual,0.9875,586460056281.4661,32.38573295659383,0.0029981136322021484,0.0,equicorrelated
0.1,10,50,167,Point_CHR,Gaussian,absolute_residual,0.98625,2954107563660.526,42.943940452787146,0.0,0.0,equicorrelated
0.1,10,50,167,Unscaled,Gaussian,absolute_residual,0.949375,22301043906574.297,21.61884656732284,0.0,0.0,equicorrelated
0.1,10,50,167,Empirical_copula,Gaussian,absolute_residual,0.94375,198497419183.9291,26.569864205298543,0.0009999275207519531,0.0,equicorrelated
0.1,10,50,168,TSCP_R,Gaussian,absolute_residual,0.88875,51746188024.17171,25.399543956390048,0.0030965805053710938,0.0,equicorrelated
0.1,10,50,168,Point_CHR,Gaussian,absolute_residual,0.93375,205879652266.19452,28.472278716275866,0.0010004043579101562,0.0,equicorrelated
0.1,10,50,168,Unscaled,Gaussian,absolute_residual,0.85125,3931709456131.9194,18.174318794053995,0.0,0.0,equicorrelated
0.1,10,50,168,Empirical_copula,Gaussian,absolute_residual,0.80375,23673033047.19606,29.743333644827757,0.0009989738464355469,0.0,equicorrelated
0.1,10,50,169,TSCP_R,Gaussian,absolute_residual,0.914375,64119213372.62252,28.051134020390748,0.0030066967010498047,0.0,equicorrelated
0.1,10,50,169,Point_CHR,Gaussian,absolute_residual,0.856875,33162353430.05911,26.593373248550996,0.00099945068359375,0.0,equicorrelated
0.1,10,50,169,Unscaled,Gaussian,absolute_residual,0.92875,14519120982230.137,20.71066445166774,0.0,0.0,equicorrelated
0.1,10,50,169,Empirical_copula,Gaussian,absolute_residual,0.884375,46748759651.60499,23.8510758608539,0.0009932518005371094,0.0,equicorrelated
0.1,10,50,170,TSCP_R,Gaussian,absolute_residual,0.966875,254738167843.7997,32.89856297326659,0.003000974655151367,0.0,equicorrelated
0.1,10,50,170,Point_CHR,Gaussian,absolute_residual,0.896875,112539579274.97162,30.04039735846655,0.0009937286376953125,0.0,equicorrelated
0.1,10,50,170,Unscaled,Gaussian,absolute_residual,0.93875,21671509508171.887,21.557029511615635,0.0,0.0,equicorrelated
0.1,10,50,170,Empirical_copula,Gaussian,absolute_residual,0.820625,68264165046.97958,29.432603903313517,0.0,0.0,equicorrelated
0.1,10,50,171,TSCP_R,Gaussian,absolute_residual,0.933125,100832431873.2282,30.153133951992835,0.003004789352416992,0.0,equicorrelated
0.1,10,50,171,Point_CHR,Gaussian,absolute_residual,0.970625,549068616246.33673,38.19587479409618,0.0009996891021728516,0.0,equicorrelated
0.1,10,50,171,Unscaled,Gaussian,absolute_residual,0.9225,13638171359876.293,20.581433222112697,0.0,0.0,equicorrelated
0.1,10,50,171,Empirical_copula,Gaussian,absolute_residual,0.7925,28053723339.676918,24.70268298682646,0.0,0.0,equicorrelated
0.1,10,50,172,TSCP_R,Gaussian,absolute_residual,0.920625,116542357568.19363,28.480424505975144,0.0030066967010498047,0.0,equicorrelated
0.1,10,50,172,Point_CHR,Gaussian,absolute_residual,0.956875,384222047521.1831,38.83784831766066,0.0010039806365966797,0.0,equicorrelated
0.1,10,50,172,Unscaled,Gaussian,absolute_residual,0.913125,9730351761720.56,19.89815703978447,0.0,0.0,equicorrelated
0.1,10,50,172,Empirical_copula,Gaussian,absolute_residual,0.855,56312750318.46662,26.1229664634121,0.0,0.0,equicorrelated
0.1,10,50,173,TSCP_R,Gaussian,absolute_residual,0.945625,135927675268.99826,30.77851534662455,0.0030121803283691406,0.0,equicorrelated
0.1,10,50,173,Point_CHR,Gaussian,absolute_residual,0.990625,2979973696379.8364,46.135523257944826,0.0,0.0,equicorrelated
0.1,10,50,173,Unscaled,Gaussian,absolute_residual,0.956875,34576439451584.66,22.588012891506676,0.0,0.0,equicorrelated
0.1,10,50,173,Empirical_copula,Gaussian,absolute_residual,0.888125,69890374736.9505,32.23698068212749,0.0,0.0,equicorrelated
0.1,10,50,174,TSCP_R,Gaussian,absolute_residual,0.924375,100848085735.10861,30.35079996033533,0.004006862640380859,0.0,equicorrelated
0.1,10,50,174,Point_CHR,Gaussian,absolute_residual,0.90125,66041093646.93471,28.88092856863414,0.0,0.0,equicorrelated
0.1,10,50,174,Unscaled,Gaussian,absolute_residual,0.925,18110808080642.24,21.173555071820637,0.0,0.0,equicorrelated
0.1,10,50,174,Empirical_copula,Gaussian,absolute_residual,0.814375,26751499391.32521,28.979211814832574,0.0009932518005371094,0.0,equicorrelated
0.1,10,50,175,TSCP_R,Gaussian,absolute_residual,0.88625,59661778977.38275,23.85304752543352,0.002999544143676758,0.0,equicorrelated
0.1,10,50,175,Point_CHR,Gaussian,absolute_residual,0.89875,108483136846.25388,26.036328995913998,0.0010066032409667969,0.0,equicorrelated
0.1,10,50,175,Unscaled,Gaussian,absolute_residual,0.905625,8440399939663.593,19.617167602787454,0.0,0.0,equicorrelated
0.1,10,50,175,Empirical_copula,Gaussian,absolute_residual,0.778125,22790821901.687244,21.87983113199109,0.0010042190551757812,0.0,equicorrelated
0.1,10,50,176,TSCP_R,Gaussian,absolute_residual,0.91625,54454953860.05406,27.12645479141043,0.0029993057250976562,0.0,equicorrelated
0.1,10,50,176,Point_CHR,Gaussian,absolute_residual,0.77,16916756563.946802,21.145944661695616,0.0,0.0,equicorrelated
0.1,10,50,176,Unscaled,Gaussian,absolute_residual,0.903125,9291054476532.12,19.80644355626707,0.0,0.0,equicorrelated
0.1,10,50,176,Empirical_copula,Gaussian,absolute_residual,0.86375,44697196150.75003,34.72154782788938,0.0010056495666503906,0.0,equicorrelated
0.1,10,50,177,TSCP_R,Gaussian,absolute_residual,0.893125,54994018221.43808,28.126260854660252,0.0040073394775390625,0.0,equicorrelated
0.1,10,50,177,Point_CHR,Gaussian,absolute_residual,0.91875,132290325025.78893,26.07302974261397,0.0,0.0,equicorrelated
0.1,10,50,177,Unscaled,Gaussian,absolute_residual,0.8425,3368652273018.758,17.89557339923465,0.0,0.0,equicorrelated
0.1,10,50,177,Empirical_copula,Gaussian,absolute_residual,0.75625,19420437932.552715,26.07302974261397,0.0009992122650146484,0.0,equicorrelated
0.1,10,50,178,TSCP_R,Gaussian,absolute_residual,0.938125,117780814130.29504,24.880320329675857,0.004000663757324219,0.0,equicorrelated
0.1,10,50,178,Point_CHR,Gaussian,absolute_residual,0.92,153842907203.49493,25.70849135685728,0.0,0.0,equicorrelated
0.1,10,50,178,Unscaled,Gaussian,absolute_residual,0.885625,5969021781849.826,18.949175425719584,0.0,0.0,equicorrelated
0.1,10,50,178,Empirical_copula,Gaussian,absolute_residual,0.879375,64817670545.765114,28.38320046633486,0.0,0.0,equicorrelated
0.1,10,50,179,TSCP_R,Gaussian,absolute_residual,0.948125,142673805308.63895,26.47126657679861,0.003999471664428711,0.0,equicorrelated
0.1,10,50,179,Point_CHR,Gaussian,absolute_residual,0.954375,299139491397.27527,26.8904231710775,0.0,0.0,equicorrelated
0.1,10,50,179,Unscaled,Gaussian,absolute_residual,0.861875,3747683796279.061,18.08740629104364,0.0,0.0,equicorrelated
0.1,10,50,179,Empirical_copula,Gaussian,absolute_residual,0.893125,47381878607.08819,28.959746214823262,0.0010099411010742188,0.0,equicorrelated
0.1,10,50,180,TSCP_R,Gaussian,absolute_residual,0.920625,92548700520.64961,26.2530581237692,0.003006458282470703,0.0,equicorrelated
0.1,10,50,180,Point_CHR,Gaussian,absolute_residual,0.8925,64666811074.91721,24.932897882425564,0.0009937286376953125,0.0,equicorrelated
0.1,10,50,180,Unscaled,Gaussian,absolute_residual,0.924375,11898592074249.672,20.30250179517542,0.0,0.0,equicorrelated
0.1,10,50,180,Empirical_copula,Gaussian,absolute_residual,0.840625,39577227743.50719,27.5546669044125,0.0010063648223876953,0.0,equicorrelated
0.1,10,50,181,TSCP_R,Gaussian,absolute_residual,0.969375,219733016592.38394,30.286610502862583,0.0030024051666259766,0.0,equicorrelated
0.1,10,50,181,Point_CHR,Gaussian,absolute_residual,0.976875,667240954599.1248,33.010585562334214,0.0010001659393310547,0.0,equicorrelated
0.1,10,50,181,Unscaled,Gaussian,absolute_residual,0.941875,20481993767830.984,21.435677920046643,0.0,0.0,equicorrelated
0.1,10,50,181,Empirical_copula,Gaussian,absolute_residual,0.86375,51159438553.9246,28.146166754574907,0.0009982585906982422,0.0,equicorrelated
0.1,10,50,182,TSCP_R,Gaussian,absolute_residual,0.911875,105049142124.76012,30.21180812449237,0.0030002593994140625,0.0,equicorrelated
0.1,10,50,182,Point_CHR,Gaussian,absolute_residual,0.93,229126177960.61737,38.31251853762169,0.0010001659393310547,0.0,equicorrelated
0.1,10,50,182,Unscaled,Gaussian,absolute_residual,0.9325,13863020998688.86,20.615116247537756,0.0,0.0,equicorrelated
0.1,10,50,182,Empirical_copula,Gaussian,absolute_residual,0.765625,25694974586.824787,26.490431380151648,0.0009996891021728516,0.0,equicorrelated
0.1,10,50,183,TSCP_R,Gaussian,absolute_residual,0.95125,240501397228.187,35.17822982483972,0.003010988235473633,0.0,equicorrelated
0.1,10,50,183,Point_CHR,Gaussian,absolute_residual,0.964375,411422334784.2282,35.80484093676688,0.0010020732879638672,0.0,equicorrelated
0.1,10,50,183,Unscaled,Gaussian,absolute_residual,0.983125,113439986984374.44,25.437628286592364,0.0,0.0,equicorrelated
0.1,10,50,183,Empirical_copula,Gaussian,absolute_residual,0.9,108909900189.37166,35.07937153094751,0.0009832382202148438,0.0,equicorrelated
0.1,10,50,184,TSCP_R,Gaussian,absolute_residual,0.86,36211697417.60533,26.41985332045173,0.003007173538208008,0.0,equicorrelated
0.1,10,50,184,Point_CHR,Gaussian,absolute_residual,0.876875,86022297604.90823,30.54937191545995,0.00099945068359375,0.0,equicorrelated
0.1,10,50,184,Unscaled,Gaussian,absolute_residual,0.910625,11069011274335.443,20.156303218459012,0.0,0.0,equicorrelated
0.1,10,50,184,Empirical_copula,Gaussian,absolute_residual,0.7825,18540067753.423927,29.654466440817792,0.0,0.0,equicorrelated
0.1,10,50,185,TSCP_R,Gaussian,absolute_residual,0.9425,107386195851.56972,25.9725650701553,0.0029997825622558594,0.0,equicorrelated
0.1,10,50,185,Point_CHR,Gaussian,absolute_residual,0.988125,999288268213.1422,27.973274393182948,0.0010006427764892578,0.0,equicorrelated
0.1,10,50,185,Unscaled,Gaussian,absolute_residual,0.87625,4575764338124.849,18.45212402034701,0.0,0.0,equicorrelated
0.1,10,50,185,Empirical_copula,Gaussian,absolute_residual,0.85125,31847517734.54308,27.09692933676409,0.0,0.0,equicorrelated
0.1,10,50,186,TSCP_R,Gaussian,absolute_residual,0.86875,41790619668.285736,26.315574933108426,0.004001140594482422,0.0,equicorrelated
0.1,10,50,186,Point_CHR,Gaussian,absolute_residual,0.9225,86196152971.92108,28.224831023647376,0.0,0.0,equicorrelated
0.1,10,50,186,Unscaled,Gaussian,absolute_residual,0.86,4916912073950.365,18.585285810977716,0.0,0.0,equicorrelated
0.1,10,50,186,Empirical_copula,Gaussian,absolute_residual,0.7325,12360902642.088175,26.311910251373128,0.001001596450805664,0.0,equicorrelated
0.1,10,50,187,TSCP_R,Gaussian,absolute_residual,0.948125,153484652660.88818,28.77048393817637,0.0030066967010498047,0.0,equicorrelated
0.1,10,50,187,Point_CHR,Gaussian,absolute_residual,0.97375,553845548573.6132,38.257511180730155,0.0,0.0,equicorrelated
0.1,10,50,187,Unscaled,Gaussian,absolute_residual,0.830625,2896111945891.3345,17.627127039438328,0.0,0.0,equicorrelated
0.1,10,50,187,Empirical_copula,Gaussian,absolute_residual,0.844375,50036100687.61148,34.45233017365955,0.00099945068359375,0.0,equicorrelated
0.1,10,50,188,TSCP_R,Gaussian,absolute_residual,0.9325,91393641290.15414,28.362236648245087,0.0029981136322021484,0.0,equicorrelated
0.1,10,50,188,Point_CHR,Gaussian,absolute_residual,0.95875,226659622108.87073,38.16962527842491,0.0,0.0,equicorrelated
0.1,10,50,188,Unscaled,Gaussian,absolute_residual,0.935,16306488645783.516,20.952509451777672,0.0,0.0,equicorrelated
0.1,10,50,188,Empirical_copula,Gaussian,absolute_residual,0.894375,54232709221.65027,26.084561316971694,0.0010018348693847656,0.0,equicorrelated
0.1,10,50,189,TSCP_R,Gaussian,absolute_residual,0.890625,55474420459.86144,28.34431101124158,0.005014657974243164,0.0,equicorrelated
0.1,10,50,189,Point_CHR,Gaussian,absolute_residual,0.929375,180664885990.70996,28.597422992951927,0.0,0.0,equicorrelated
0.1,10,50,189,Unscaled,Gaussian,absolute_residual,0.899375,6245614588616.639,19.03520323631092,0.0,0.0,equicorrelated
0.1,10,50,189,Empirical_copula,Gaussian,absolute_residual,0.8125,25712902810.092503,21.297744011118276,0.000995635986328125,0.0,equicorrelated
0.1,10,50,190,TSCP_R,Gaussian,absolute_residual,0.964375,197016691104.98486,30.715075473443918,0.004007101058959961,0.0,equicorrelated
0.1,10,50,190,Point_CHR,Gaussian,absolute_residual,0.98,1611989643330.8687,40.80007059303523,0.0,0.0,equicorrelated
0.1,10,50,190,Unscaled,Gaussian,absolute_residual,0.91625,12861423899015.299,20.461096575862502,0.0,0.0,equicorrelated
0.1,10,50,190,Empirical_copula,Gaussian,absolute_residual,0.855,44748782719.84075,26.582329730727665,0.0009996891021728516,0.0,equicorrelated
0.1,10,50,191,TSCP_R,Gaussian,absolute_residual,0.884375,68902983383.8841,24.070408526779683,0.004013538360595703,0.0,equicorrelated
0.1,10,50,191,Point_CHR,Gaussian,absolute_residual,0.8575,100196249717.9015,26.969477922436177,0.0,0.0,equicorrelated
0.1,10,50,191,Unscaled,Gaussian,absolute_residual,0.8825,5265339971131.116,18.712966571852792,0.0,0.0,equicorrelated
0.1,10,50,191,Empirical_copula,Gaussian,absolute_residual,0.79875,36700406891.43526,26.85455323624996,0.0009949207305908203,0.0,equicorrelated
0.1,10,50,192,TSCP_R,Gaussian,absolute_residual,0.939375,128016771882.57306,31.269613071798222,0.0030002593994140625,0.0,equicorrelated
0.1,10,50,192,Point_CHR,Gaussian,absolute_residual,0.955625,303365597135.7652,35.5151302716554,0.001001596450805664,0.0,equicorrelated
0.1,10,50,192,Unscaled,Gaussian,absolute_residual,0.916875,14604876994700.754,20.722864646184508,0.0,0.0,equicorrelated
0.1,10,50,192,Empirical_copula,Gaussian,absolute_residual,0.86875,46445041917.91682,31.278367481462585,0.0,0.0,equicorrelated
0.1,10,50,193,TSCP_R,Gaussian,absolute_residual,0.925625,106691552446.1286,26.11246443015284,0.003008127212524414,0.0,equicorrelated
0.1,10,50,193,Point_CHR,Gaussian,absolute_residual,0.96375,1192873594947.2573,32.33203123223865,0.0,0.0,equicorrelated
0.1,10,50,193,Unscaled,Gaussian,absolute_residual,0.925625,11863477576821.117,20.296502256113165,0.0,0.0,equicorrelated
0.1,10,50,193,Empirical_copula,Gaussian,absolute_residual,0.865,43001136084.317375,28.19063391551825,0.0,0.0,equicorrelated
0.1,10,50,194,TSCP_R,Gaussian,absolute_residual,0.820625,18754130659.443695,25.96572118673626,0.0030066967010498047,0.0,equicorrelated
0.1,10,50,194,Point_CHR,Gaussian,absolute_residual,0.83125,22392872430.74687,24.53812523197004,0.000993490219116211,0.0,equicorrelated
0.1,10,50,194,Unscaled,Gaussian,absolute_residual,0.86375,3868251265684.9497,18.144770004263634,0.0,0.0,equicorrelated
0.1,10,50,194,Empirical_copula,Gaussian,absolute_residual,0.731875,9334653857.5278,23.868128355825302,0.0,0.0,equicorrelated
0.1,10,50,195,TSCP_R,Gaussian,absolute_residual,0.93125,127577218659.02689,29.21428033622211,0.003009319305419922,0.0,equicorrelated
0.1,10,50,195,Point_CHR,Gaussian,absolute_residual,0.910625,223168219968.9465,29.773228557551917,0.00099945068359375,0.0,equicorrelated
0.1,10,50,195,Unscaled,Gaussian,absolute_residual,0.874375,5040735311024.496,18.631567289111274,0.0,0.0,equicorrelated
0.1,10,50,195,Empirical_copula,Gaussian,absolute_residual,0.875625,48123445290.86687,24.5366141253612,0.0,0.0,equicorrelated
0.1,10,50,196,TSCP_R,Gaussian,absolute_residual,0.911875,58657054453.52933,23.086612910646632,0.0030088424682617188,0.0,equicorrelated
0.1,10,50,196,Point_CHR,Gaussian,absolute_residual,0.98,764250325545.6621,30.8335226369707,0.0009980201721191406,0.0,equicorrelated
0.1,10,50,196,Unscaled,Gaussian,absolute_residual,0.825625,2325821350989.256,17.2447790894084,0.0,0.0,equicorrelated
0.1,10,50,196,Empirical_copula,Gaussian,absolute_residual,0.773125,19758819605.401627,21.558885715781873,0.0009996891021728516,0.0,equicorrelated
0.1,10,50,197,TSCP_R,Gaussian,absolute_residual,0.893125,49134053171.42807,23.45626621346065,0.003008604049682617,0.0,equicorrelated
0.1,10,50,197,Point_CHR,Gaussian,absolute_residual,0.994375,1597025187606.4822,32.7839514367881,0.00099945068359375,0.0,equicorrelated
0.1,10,50,197,Unscaled,Gaussian,absolute_residual,0.850625,3278622981271.799,17.847161263815824,0.0,0.0,equicorrelated
0.1,10,50,197,Empirical_copula,Gaussian,absolute_residual,0.8275,33559145089.955074,28.55524907653681,0.0009992122650146484,0.0,equicorrelated
0.1,10,50,198,TSCP_R,Gaussian,absolute_residual,0.94,115554987275.68446,29.943026241029504,0.0030066967010498047,0.0,equicorrelated
0.1,10,50,198,Point_CHR,Gaussian,absolute_residual,0.974375,713150005429.5171,51.9589715299153,0.0,0.0,equicorrelated
0.1,10,50,198,Unscaled,Gaussian,absolute_residual,0.960625,47125961664731.55,23.298395995723403,0.0,0.0,equicorrelated
0.1,10,50,198,Empirical_copula,Gaussian,absolute_residual,0.826875,36924247623.117676,29.916895234603583,0.0010001659393310547,0.0,equicorrelated
0.1,10,50,199,TSCP_R,Gaussian,absolute_residual,0.846875,28214211279.732353,23.223940972811086,0.0030393600463867188,0.0,equicorrelated
0.1,10,50,199,Point_CHR,Gaussian,absolute_residual,0.910625,91735168712.51085,27.280943366078723,0.0009987354278564453,0.0,equicorrelated
0.1,10,50,199,Unscaled,Gaussian,absolute_residual,0.81375,2076426317397.1082,17.050285381972714,0.0,0.0,equicorrelated
0.1,10,50,199,Empirical_copula,Gaussian,absolute_residual,0.79,16297796298.092567,22.874583828428847,0.0,0.0,equicorrelated
0.1,10,100,0,TSCP_R,Gaussian,absolute_residual,0.92875,76079074204.89632,26.2456247172797,0.004000425338745117,0.0,equicorrelated
0.1,10,100,0,Point_CHR,Gaussian,absolute_residual,0.93875,117360372058.14143,25.568966429686103,0.0,0.0,equicorrelated
0.1,10,100,0,Unscaled,Gaussian,absolute_residual,0.9025,7142204837869.25,19.29226550482399,0.0,0.0,equicorrelated
0.1,10,100,0,Empirical_copula,Gaussian,absolute_residual,0.833125,29191971448.662216,25.48756453331893,0.0010101795196533203,0.0,equicorrelated
0.1,10,100,1,TSCP_R,Gaussian,absolute_residual,0.909375,54768896766.79422,24.967300135003565,0.003008604049682617,0.0,equicorrelated
0.1,10,100,1,Point_CHR,Gaussian,absolute_residual,0.9625,319536866067.8217,27.05962186422944,0.0009984970092773438,0.0,equicorrelated
0.1,10,100,1,Unscaled,Gaussian,absolute_residual,0.931875,17902759358329.91,21.14910519641388,0.0,0.0,equicorrelated
0.1,10,100,1,Empirical_copula,Gaussian,absolute_residual,0.815,20556042498.96444,25.105354021664233,0.0009996891021728516,0.0,equicorrelated
0.1,10,100,2,TSCP_R,Gaussian,absolute_residual,0.914375,64529610533.2907,26.321757723349563,0.004007101058959961,0.0,equicorrelated
0.1,10,100,2,Point_CHR,Gaussian,absolute_residual,0.885625,48367025649.499886,23.921221895898988,0.0,0.0,equicorrelated
0.1,10,100,2,Unscaled,Gaussian,absolute_residual,0.899375,6724709409414.939,19.17641201740437,0.0,0.0,equicorrelated
0.1,10,100,2,Empirical_copula,Gaussian,absolute_residual,0.81625,19464250375.411285,23.137323375856877,0.0009999275207519531,0.0,equicorrelated
0.1,10,100,3,TSCP_R,Gaussian,absolute_residual,0.915,52266570543.09665,25.8408309532939,0.0039997100830078125,0.0,equicorrelated
0.1,10,100,3,Point_CHR,Gaussian,absolute_residual,0.941875,157721160905.32935,33.15307286169501,0.0009999275207519531,0.0,equicorrelated
0.1,10,100,3,Unscaled,Gaussian,absolute_residual,0.9,6916612027884.137,19.230445330258174,0.0,0.0,equicorrelated
0.1,10,100,3,Empirical_copula,Gaussian,absolute_residual,0.839375,20425902600.22559,23.488617000715486,0.0010128021240234375,0.0,equicorrelated
0.1,10,100,4,TSCP_R,Gaussian,absolute_residual,0.941875,93302321077.80864,28.084259637492146,0.0030012130737304688,0.0,equicorrelated
0.1,10,100,4,Point_CHR,Gaussian,absolute_residual,0.944375,106825976903.58023,26.807318711903037,0.0,0.0,equicorrelated
0.1,10,100,4,Unscaled,Gaussian,absolute_residual,0.92375,13888678417806.232,20.61892848061955,0.0,0.0,equicorrelated
0.1,10,100,4,Empirical_copula,Gaussian,absolute_residual,0.883125,39279322914.34139,24.91741078720849,0.0010027885437011719,0.0,equicorrelated
0.1,10,100,5,TSCP_R,Gaussian,absolute_residual,0.8975,45429828087.243126,27.40153548992683,0.004010438919067383,0.0,equicorrelated
0.1,10,100,5,Point_CHR,Gaussian,absolute_residual,0.906875,59087063133.53687,29.809387710114482,0.0,0.0,equicorrelated
0.1,10,100,5,Unscaled,Gaussian,absolute_residual,0.925,15979493730404.934,20.910109233932697,0.0,0.0,equicorrelated
0.1,10,100,5,Empirical_copula,Gaussian,absolute_residual,0.84,25613069461.195736,30.152815464388105,0.000997304916381836,0.0,equicorrelated
0.1,10,100,6,TSCP_R,Gaussian,absolute_residual,0.939375,118933926638.43149,28.1092666804206,0.0040209293365478516,0.0,equicorrelated
0.1,10,100,6,Point_CHR,Gaussian,absolute_residual,0.9,57633583009.54294,26.6107178066038,0.000997781753540039,0.0,equicorrelated
0.1,10,100,6,Unscaled,Gaussian,absolute_residual,0.885,6143952944445.193,19.003989775311293,0.0,0.0,equicorrelated
0.1,10,100,6,Empirical_copula,Gaussian,absolute_residual,0.84875,35590587850.17011,24.711807868982746,0.0009958744049072266,0.0,equicorrelated
0.1,10,100,7,TSCP_R,Gaussian,absolute_residual,0.92875,78757740827.7002,27.0847424311857,0.004000186920166016,0.0,equicorrelated
0.1,10,100,7,Point_CHR,Gaussian,absolute_residual,0.935,91826801977.43921,26.53670366145475,0.0,0.0,equicorrelated
0.1,10,100,7,Unscaled,Gaussian,absolute_residual,0.899375,6902859660333.449,19.22661829649968,0.0,0.0,equicorrelated
0.1,10,100,7,Empirical_copula,Gaussian,absolute_residual,0.846875,31742368686.289566,25.101882675252995,0.0020067691802978516,0.0,equicorrelated
0.1,10,100,8,TSCP_R,Gaussian,absolute_residual,0.899375,51618800080.91356,23.977958264496532,0.004021883010864258,0.0,equicorrelated
0.1,10,100,8,Point_CHR,Gaussian,absolute_residual,0.896875,52696497617.10822,23.369601267281766,0.0,0.0,equicorrelated
0.1,10,100,8,Unscaled,Gaussian,absolute_residual,0.915,11499081917843.44,20.233281173701336,0.0,0.0,equicorrelated
0.1,10,100,8,Empirical_copula,Gaussian,absolute_residual,0.848125,27199500170.236786,21.903366899507088,0.0010025501251220703,0.0,equicorrelated
0.1,10,100,9,TSCP_R,Gaussian,absolute_residual,0.91875,72751453121.37906,29.428488937431595,0.0040018558502197266,0.0,equicorrelated
0.1,10,100,9,Point_CHR,Gaussian,absolute_residual,0.92125,104515324804.94896,29.49967496952436,0.0010006427764892578,0.0,equicorrelated
0.1,10,100,9,Unscaled,Gaussian,absolute_residual,0.9625,39946020832881.5,22.916450565150075,0.0,0.0,equicorrelated
0.1,10,100,9,Empirical_copula,Gaussian,absolute_residual,0.858125,37536944176.81921,29.21212508215855,0.001004934310913086,0.0,equicorrelated
0.1,10,100,10,TSCP_R,Gaussian,absolute_residual,0.8825,39815772624.37437,23.95990127338531,0.002998828887939453,0.0,equicorrelated
0.1,10,100,10,Point_CHR,Gaussian,absolute_residual,0.90125,71333665084.27684,23.82616541912183,0.0009996891021728516,0.0,equicorrelated
0.1,10,100,10,Unscaled,Gaussian,absolute_residual,0.895625,6138790871771.857,19.002392479775196,0.0,0.0,equicorrelated
0.1,10,100,10,Empirical_copula,Gaussian,absolute_residual,0.81875,19735208123.10481,23.165195930654072,0.0009996891021728516,0.0,equicorrelated
0.1,10,100,11,TSCP_R,Gaussian,absolute_residual,0.843125,28965418224.02046,24.721913004302976,0.003991842269897461,0.0,equicorrelated
0.1,10,100,11,Point_CHR,Gaussian,absolute_residual,0.805625,19932842979.476093,24.108507454885075,0.0010075569152832031,0.0,equicorrelated
0.1,10,100,11,Unscaled,Gaussian,absolute_residual,0.89375,7373170201523.982,19.353763330119477,0.0,0.0,equicorrelated
0.1,10,100,11,Empirical_copula,Gaussian,absolute_residual,0.756875,13127196696.184261,22.5985915785893,0.0009984970092773438,0.0,equicorrelated
0.1,10,100,12,TSCP_R,Gaussian,absolute_residual,0.86625,29020528971.275585,23.76342715779666,0.004000425338745117,0.0,equicorrelated
0.1,10,100,12,Point_CHR,Gaussian,absolute_residual,0.920625,91757377226.9111,26.18503058783225,0.0,0.0,equicorrelated
0.1,10,100,12,Unscaled,Gaussian,absolute_residual,0.895625,6799838819593.014,19.197729224515694,0.0,0.0,equicorrelated
0.1,10,100,12,Empirical_copula,Gaussian,absolute_residual,0.79125,19505207473.70107,24.141216711216487,0.0009961128234863281,0.0,equicorrelated
0.1,10,100,13,TSCP_R,Gaussian,absolute_residual,0.949375,145541988310.81973,31.973985731399523,0.002998828887939453,0.0,equicorrelated
0.1,10,100,13,Point_CHR,Gaussian,absolute_residual,0.955,196087530278.1367,32.78175044252115,0.0010004043579101562,0.0,equicorrelated
0.1,10,100,13,Unscaled,Gaussian,absolute_residual,0.898125,6046815280994.053,18.973727990366477,0.0,0.0,equicorrelated
0.1,10,100,13,Empirical_copula,Gaussian,absolute_residual,0.79,22620028014.36212,25.891955794929377,0.0009996891021728516,0.0,equicorrelated
0.1,10,100,14,TSCP_R,Gaussian,absolute_residual,0.905625,56910962066.41316,25.62383356354941,0.0030100345611572266,0.0,equicorrelated
0.1,10,100,14,Point_CHR,Gaussian,absolute_residual,0.940625,117099557597.06331,27.134412034986063,0.0,0.0,equicorrelated
0.1,10,100,14,Unscaled,Gaussian,absolute_residual,0.86625,5241816138535.73,18.704589369031797,0.0,0.0,equicorrelated
0.1,10,100,14,Empirical_copula,Gaussian,absolute_residual,0.82,25859003655.64764,25.591403542301272,0.0010001659393310547,0.0,equicorrelated
0.1,10,100,15,TSCP_R,Gaussian,absolute_residual,0.92,63161657191.19571,28.91200900412766,0.004015445709228516,0.0,equicorrelated
0.1,10,100,15,Point_CHR,Gaussian,absolute_residual,0.945625,138262668246.68085,35.24434403716043,0.0,0.0,equicorrelated
0.1,10,100,15,Unscaled,Gaussian,absolute_residual,0.92375,13468874421147.4,20.555740686986596,0.0010006427764892578,0.0,equicorrelated
0.1,10,100,15,Empirical_copula,Gaussian,absolute_residual,0.843125,27056521461.832977,28.430883679219143,0.000993967056274414,0.0,equicorrelated
0.1,10,100,16,TSCP_R,Gaussian,absolute_residual,0.85875,34137800922.98535,22.20527573349899,0.0029976367950439453,0.0,equicorrelated
0.1,10,100,16,Point_CHR,Gaussian,absolute_residual,0.89375,59011155436.13232,23.664677088669563,0.0010018348693847656,0.0,equicorrelated
0.1,10,100,16,Unscaled,Gaussian,absolute_residual,0.79875,1798155422962.7476,16.80671063206109,0.0,0.0,equicorrelated
0.1,10,100,16,Empirical_copula,Gaussian,absolute_residual,0.78125,15087927262.39406,20.268833502895703,0.0009987354278564453,0.0,equicorrelated
0.1,10,100,17,TSCP_R,Gaussian,absolute_residual,0.9475,97642320490.8459,28.796843975387922,0.004000425338745117,0.0,equicorrelated
0.1,10,100,17,Point_CHR,Gaussian,absolute_residual,0.90125,56024314038.12237,24.32774895633374,0.0009992122650146484,0.0,equicorrelated
0.1,10,100,17,Unscaled,Gaussian,absolute_residual,0.9075,8937015692980.57,19.729644140967395,0.0,0.0,equicorrelated
0.1,10,100,17,Empirical_copula,Gaussian,absolute_residual,0.831875,36529804179.84451,28.97923247006196,0.0009992122650146484,0.0,equicorrelated
0.1,10,100,18,TSCP_R,Gaussian,absolute_residual,0.87875,40513753614.15141,25.578297254699955,0.00400853157043457,0.0,equicorrelated
0.1,10,100,18,Point_CHR,Gaussian,absolute_residual,0.868125,43000242706.03308,26.742254304982623,0.0,0.0,equicorrelated
0.1,10,100,18,Unscaled,Gaussian,absolute_residual,0.853125,3474945690418.4536,17.951254420028587,0.0,0.0,equicorrelated
0.1,10,100,18,Empirical_copula,Gaussian,absolute_residual,0.759375,13518395136.991499,23.023432881985173,0.0009987354278564453,0.0,equicorrelated
0.1,10,100,19,TSCP_R,Gaussian,absolute_residual,0.92125,84823578406.80325,28.460075139567707,0.004000425338745117,0.0,equicorrelated
0.1,10,100,19,Point_CHR,Gaussian,absolute_residual,0.8825,56313723558.30426,21.163912471493358,0.0,0.0,equicorrelated
0.1,10,100,19,Unscaled,Gaussian,absolute_residual,0.870625,5547083624745.999,18.810765581506217,0.0010023117065429688,0.0,equicorrelated
0.1,10,100,19,Empirical_copula,Gaussian,absolute_residual,0.830625,26273829791.773796,21.869410264616377,0.0009992122650146484,0.0,equicorrelated
0.1,10,100,20,TSCP_R,Gaussian,absolute_residual,0.858125,32530568678.12901,26.577729936982927,0.00400090217590332,0.0,equicorrelated
0.1,10,100,20,Point_CHR,Gaussian,absolute_residual,0.8,17060115457.767143,24.55229205855283,0.0,0.0,equicorrelated
0.1,10,100,20,Unscaled,Gaussian,absolute_residual,0.89,5750659152544.043,18.878685983038675,0.0,0.0,equicorrelated
0.1,10,100,20,Empirical_copula,Gaussian,absolute_residual,0.780625,16781311685.06148,24.96547912778619,0.0010101795196533203,0.0,equicorrelated
0.1,10,100,21,TSCP_R,Gaussian,absolute_residual,0.87625,36143189753.38111,23.567638942844113,0.0040056705474853516,0.0,equicorrelated
0.1,10,100,21,Point_CHR,Gaussian,absolute_residual,0.906875,66908460284.37285,23.134436469097253,0.0,0.0,equicorrelated
0.1,10,100,21,Unscaled,Gaussian,absolute_residual,0.89,5549643405259.872,18.811633450791987,0.0,0.0,equicorrelated
0.1,10,100,21,Empirical_copula,Gaussian,absolute_residual,0.835625,22113518097.045414,23.272854266918376,0.0009999275207519531,0.0,equicorrelated
0.1,10,100,22,TSCP_R,Gaussian,absolute_residual,0.860625,33264720268.24068,25.25113754455279,0.002998828887939453,0.0,equicorrelated
0.1,10,100,22,Point_CHR,Gaussian,absolute_residual,0.84875,39613711942.29813,25.667359753597864,0.0,0.0,equicorrelated
0.1,10,100,22,Unscaled,Gaussian,absolute_residual,0.886875,5658408749361.789,18.848180478448047,0.0,0.0,equicorrelated
0.1,10,100,22,Empirical_copula,Gaussian,absolute_residual,0.810625,17749685529.721752,23.330188033067863,0.0010080337524414062,0.0,equicorrelated
0.1,10,100,23,TSCP_R,Gaussian,absolute_residual,0.880625,34155767216.140358,26.329367118819086,0.004010677337646484,0.0,equicorrelated
0.1,10,100,23,Point_CHR,Gaussian,absolute_residual,0.920625,78293180508.56459,24.87948946404376,0.0,0.0,equicorrelated
0.1,10,100,23,Unscaled,Gaussian,absolute_residual,0.9025,7492445832650.965,19.384846268525056,0.0010023117065429688,0.0,equicorrelated
0.1,10,100,23,Empirical_copula,Gaussian,absolute_residual,0.779375,12917234420.776672,25.173464063901783,0.0009980201721191406,0.0,equicorrelated
0.1,10,100,24,TSCP_R,Gaussian,absolute_residual,0.949375,116403758475.44408,29.97927304711784,0.004006147384643555,0.0,equicorrelated
0.1,10,100,24,Point_CHR,Gaussian,absolute_residual,0.9625,247248275779.44626,29.1179657008693,0.0,0.0,equicorrelated
0.1,10,100,24,Unscaled,Gaussian,absolute_residual,0.94375,20228632605516.64,21.40901333517023,0.0,0.0,equicorrelated
0.1,10,100,24,Empirical_copula,Gaussian,absolute_residual,0.898125,51621742786.81768,28.74320576898121,0.0009932518005371094,0.0,equicorrelated
0.1,10,100,25,TSCP_R,Gaussian,absolute_residual,0.945,109238607687.2552,26.1494574199372,0.0029990673065185547,0.0,equicorrelated
0.1,10,100,25,Point_CHR,Gaussian,absolute_residual,0.920625,104981914164.3825,24.979397668347254,0.0009999275207519531,0.0,equicorrelated
0.1,10,100,25,Unscaled,Gaussian,absolute_residual,0.910625,9473416498769.836,19.844979889959514,0.0,0.0,equicorrelated
0.1,10,100,25,Empirical_copula,Gaussian,absolute_residual,0.869375,44250743317.48196,26.52313053016249,0.0010106563568115234,0.0,equicorrelated
0.1,10,100,26,TSCP_R,Gaussian,absolute_residual,0.909375,54741444494.36576,25.70784795042069,0.0030069351196289062,0.0,equicorrelated
0.1,10,100,26,Point_CHR,Gaussian,absolute_residual,0.925,63684154479.08827,23.737460099389907,0.0,0.0,equicorrelated
0.1,10,100,26,Unscaled,Gaussian,absolute_residual,0.91375,9070808521547.541,19.758983562422788,0.0,0.0,equicorrelated
0.1,10,100,26,Empirical_copula,Gaussian,absolute_residual,0.854375,26717479509.39508,27.612905535849524,0.0009989738464355469,0.0,equicorrelated
0.1,10,100,27,TSCP_R,Gaussian,absolute_residual,0.894375,58954949276.365746,27.291794455997852,0.003993511199951172,0.0,equicorrelated
0.1,10,100,27,Point_CHR,Gaussian,absolute_residual,0.808125,30901725877.40302,24.781782481279755,0.0,0.0,equicorrelated
0.1,10,100,27,Unscaled,Gaussian,absolute_residual,0.908125,10181710548721.979,19.988586073626212,0.0,0.0,equicorrelated
0.1,10,100,27,Empirical_copula,Gaussian,absolute_residual,0.805,18127436834.463135,22.134063922148364,0.0009953975677490234,0.0,equicorrelated
0.1,10,100,28,TSCP_R,Gaussian,absolute_residual,0.92375,60078673689.67055,25.568656395010485,0.004009723663330078,0.0,equicorrelated
0.1,10,100,28,Point_CHR,Gaussian,absolute_residual,0.905625,74814518917.33606,22.609790387974662,0.0,0.0,equicorrelated
0.1,10,100,28,Unscaled,Gaussian,absolute_residual,0.893125,6173861855393.968,19.01322075982537,0.0,0.0,equicorrelated
0.1,10,100,28,Empirical_copula,Gaussian,absolute_residual,0.8725,32219317136.047123,26.692375272264695,0.0011010169982910156,0.0,equicorrelated
0.1,10,100,29,TSCP_R,Gaussian,absolute_residual,0.931875,91182174033.22572,28.317438868701785,0.0040283203125,0.0,equicorrelated
0.1,10,100,29,Point_CHR,Gaussian,absolute_residual,0.935625,112423841902.43036,31.271516657507625,0.0,0.0,equicorrelated
0.1,10,100,29,Unscaled,Gaussian,absolute_residual,0.913125,10272526046198.18,20.006343681219732,0.0,0.0,equicorrelated
0.1,10,100,29,Empirical_copula,Gaussian,absolute_residual,0.83375,26803925787.502457,23.609880851410946,0.001997709274291992,0.0,equicorrelated
0.1,10,100,30,TSCP_R,Gaussian,absolute_residual,0.8725,36587094401.71737,26.465783068898233,0.003999471664428711,0.0,equicorrelated
0.1,10,100,30,Point_CHR,Gaussian,absolute_residual,0.89625,46411583520.381676,24.365127225342793,0.0010142326354980469,0.0,equicorrelated
0.1,10,100,30,Unscaled,Gaussian,absolute_residual,0.865,4963805892074.866,18.60293544587949,0.0,0.0,equicorrelated
0.1,10,100,30,Empirical_copula,Gaussian,absolute_residual,0.811875,20252313769.360935,26.818720046539493,0.000997304916381836,0.0,equicorrelated
0.1,10,100,31,TSCP_R,Gaussian,absolute_residual,0.87,36850300323.77166,25.42820821602586,0.0029954910278320312,0.0,equicorrelated
0.1,10,100,31,Point_CHR,Gaussian,absolute_residual,0.90875,90785825805.14294,27.934803638488887,0.0,0.0,equicorrelated
0.1,10,100,31,Unscaled,Gaussian,absolute_residual,0.813125,2176846185195.6606,17.131002336190544,0.0,0.0,equicorrelated
0.1,10,100,31,Empirical_copula,Gaussian,absolute_residual,0.78375,16852046156.464355,23.20619234543551,0.0009980201721191406,0.0,equicorrelated
0.1,10,100,32,TSCP_R,Gaussian,absolute_residual,0.926875,67553775595.94703,23.736306277072064,0.004003047943115234,0.0,equicorrelated
0.1,10,100,32,Point_CHR,Gaussian,absolute_residual,0.91125,83371504615.05966,26.59932235456806,0.0,0.0,equicorrelated
0.1,10,100,32,Unscaled,Gaussian,absolute_residual,0.89125,6940145572826.419,19.236978429368573,0.0,0.0,equicorrelated
0.1,10,100,32,Empirical_copula,Gaussian,absolute_residual,0.81625,20105906638.11034,24.25782551458974,0.0019989013671875,0.0,equicorrelated
0.1,10,100,33,TSCP_R,Gaussian,absolute_residual,0.878125,41569536091.02316,26.753654442047477,0.004006385803222656,0.0,equicorrelated
0.1,10,100,33,Point_CHR,Gaussian,absolute_residual,0.90625,85175683946.4076,31.198623602782718,0.0,0.0,equicorrelated
0.1,10,100,33,Unscaled,Gaussian,absolute_residual,0.93,14290250801934.273,20.67778355818228,0.0,0.0,equicorrelated
0.1,10,100,33,Empirical_copula,Gaussian,absolute_residual,0.82375,29106107280.74374,25.540023890350664,0.0010001659393310547,0.0,equicorrelated
0.1,10,100,34,TSCP_R,Gaussian,absolute_residual,0.905,54248751740.56448,25.846675908341787,0.004000425338745117,0.0,equicorrelated
0.1,10,100,34,Point_CHR,Gaussian,absolute_residual,0.8975,83625327803.09587,24.723698392617756,0.0010082721710205078,0.0,equicorrelated
0.1,10,100,34,Unscaled,Gaussian,absolute_residual,0.885,7025378023444.85,19.260473950455655,0.0,0.0,equicorrelated
0.1,10,100,34,Empirical_copula,Gaussian,absolute_residual,0.8125,21790012786.752903,23.017249317887583,0.0009984970092773438,0.0,equicorrelated
0.1,10,100,35,TSCP_R,Gaussian,absolute_residual,0.954375,170082362617.7237,29.649099656960964,0.004007101058959961,0.0,equicorrelated
0.1,10,100,35,Point_CHR,Gaussian,absolute_residual,0.940625,233084552154.12787,35.020990589325116,0.0010025501251220703,0.0,equicorrelated
0.1,10,100,35,Unscaled,Gaussian,absolute_residual,0.9625,37479580885329.84,22.77086206603218,0.0,0.0,equicorrelated
0.1,10,100,35,Empirical_copula,Gaussian,absolute_residual,0.876875,51983988665.44091,28.24642373881451,0.0009975433349609375,0.0,equicorrelated
0.1,10,100,36,TSCP_R,Gaussian,absolute_residual,0.92625,87755277616.63753,30.541818495716505,0.004006624221801758,0.0,equicorrelated
0.1,10,100,36,Point_CHR,Gaussian,absolute_residual,0.90875,73434942615.23456,28.924660106514807,0.0,0.0,equicorrelated
0.1,10,100,36,Unscaled,Gaussian,absolute_residual,0.9425,23366523957962.098,21.719979503415715,0.0,0.0,equicorrelated
0.1,10,100,36,Empirical_copula,Gaussian,absolute_residual,0.825,27833198706.47196,28.838929149678975,0.0019936561584472656,0.0,equicorrelated
0.1,10,100,37,TSCP_R,Gaussian,absolute_residual,0.861875,29773315803.485756,23.053304833972344,0.004000186920166016,0.0,equicorrelated
0.1,10,100,37,Point_CHR,Gaussian,absolute_residual,0.8075,22690318691.338875,22.175917825884262,0.0,0.0,equicorrelated
0.1,10,100,37,Unscaled,Gaussian,absolute_residual,0.85875,3198442184059.265,17.803026999144798,0.0,0.0,equicorrelated
0.1,10,100,37,Empirical_copula,Gaussian,absolute_residual,0.790625,13723060924.433235,21.218568417572207,0.0020062923431396484,0.0,equicorrelated
0.1,10,100,38,TSCP_R,Gaussian,absolute_residual,0.91125,58246258057.158356,26.62850702764011,0.004006624221801758,0.0,equicorrelated
0.1,10,100,38,Point_CHR,Gaussian,absolute_residual,0.87375,33298219248.65605,28.052015451888913,0.0,0.0,equicorrelated
0.1,10,100,38,Unscaled,Gaussian,absolute_residual,0.919375,8567562855162.675,19.646524308847827,0.0,0.0,equicorrelated
0.1,10,100,38,Empirical_copula,Gaussian,absolute_residual,0.801875,16650325042.058645,27.352021827567235,0.0010025501251220703,0.0,equicorrelated
0.1,10,100,39,TSCP_R,Gaussian,absolute_residual,0.901875,51533697614.20396,25.997019100045048,0.004006385803222656,0.0,equicorrelated
0.1,10,100,39,Point_CHR,Gaussian,absolute_residual,0.870625,49160830000.084984,24.165024636468072,0.0,0.0,equicorrelated
0.1,10,100,39,Unscaled,Gaussian,absolute_residual,0.921875,12753960219599.885,20.44393567449359,0.0,0.0,equicorrelated
0.1,10,100,39,Empirical_copula,Gaussian,absolute_residual,0.8225,22584559197.575134,24.021069854550852,0.0009999275207519531,0.0,equicorrelated
0.1,10,100,40,TSCP_R,Gaussian,absolute_residual,0.92875,76079347557.07161,25.4135996690042,0.004003763198852539,0.0,equicorrelated
0.1,10,100,40,Point_CHR,Gaussian,absolute_residual,0.9375,130006737418.45407,25.375378465296063,0.0,0.0,equicorrelated
0.1,10,100,40,Unscaled,Gaussian,absolute_residual,0.91375,8569341492728.103,19.646932135235467,0.0,0.0,equicorrelated
0.1,10,100,40,Empirical_copula,Gaussian,absolute_residual,0.838125,28640205970.29671,25.375378465296063,0.0010116100311279297,0.0,equicorrelated
0.1,10,100,41,TSCP_R,Gaussian,absolute_residual,0.8975,61587419398.60321,26.309931872549786,0.004007101058959961,0.0,equicorrelated
0.1,10,100,41,Point_CHR,Gaussian,absolute_residual,0.950625,174071258012.5061,32.99400926563706,0.0,0.0,equicorrelated
0.1,10,100,41,Unscaled,Gaussian,absolute_residual,0.90125,8650163443801.482,19.66538400828721,0.0,0.0,equicorrelated
0.1,10,100,41,Empirical_copula,Gaussian,absolute_residual,0.8425,25135168861.303543,23.208125735970146,0.002001047134399414,0.0,equicorrelated
0.1,10,100,42,TSCP_R,Gaussian,absolute_residual,0.900625,46894273514.19177,23.66826067284086,0.004006385803222656,0.0,equicorrelated
0.1,10,100,42,Point_CHR,Gaussian,absolute_residual,0.89,40262562838.62854,23.580918946442612,0.0,0.0,equicorrelated
0.1,10,100,42,Unscaled,Gaussian,absolute_residual,0.864375,3496461954491.284,17.96233867763184,0.0009927749633789062,0.0,equicorrelated
0.1,10,100,42,Empirical_copula,Gaussian,absolute_residual,0.84,23070986708.241375,22.832251299215258,0.0010120868682861328,0.0,equicorrelated
0.1,10,100,43,TSCP_R,Gaussian,absolute_residual,0.931875,75951468051.92311,28.472842658028444,0.003999233245849609,0.0,equicorrelated
0.1,10,100,43,Point_CHR,Gaussian,absolute_residual,0.95,172734200298.75317,35.207147217607314,0.0,0.0,equicorrelated
0.1,10,100,43,Unscaled,Gaussian,absolute_residual,0.95125,24899695025564.38,21.85845202551298,0.0,0.0,equicorrelated
0.1,10,100,43,Empirical_copula,Gaussian,absolute_residual,0.87375,29689874905.014435,23.643828259022747,0.0020132064819335938,0.0,equicorrelated
0.1,10,100,44,TSCP_R,Gaussian,absolute_residual,0.89375,38444535274.98952,24.85879918766767,0.0039997100830078125,0.0,equicorrelated
0.1,10,100,44,Point_CHR,Gaussian,absolute_residual,0.939375,121161160227.10297,27.094590793013598,0.0009999275207519531,0.0,equicorrelated
0.1,10,100,44,Unscaled,Gaussian,absolute_residual,0.84375,3544980701005.2407,17.987109872909386,0.0,0.0,equicorrelated
0.1,10,100,44,Empirical_copula,Gaussian,absolute_residual,0.828125,22745735383.055622,26.843232989788305,0.001001596450805664,0.0,equicorrelated
0.1,10,100,45,TSCP_R,Gaussian,absolute_residual,0.876875,42045885587.11493,25.800790431250725,0.004000663757324219,0.0,equicorrelated
0.1,10,100,45,Point_CHR,Gaussian,absolute_residual,0.87125,46837231754.78931,25.524611407643498,0.0010101795196533203,0.0,equicorrelated
0.1,10,100,45,Unscaled,Gaussian,absolute_residual,0.908125,8574485708248.965,19.6481112312192,0.0,0.0,equicorrelated
0.1,10,100,45,Empirical_copula,Gaussian,absolute_residual,0.806875,18283064193.401173,24.628006832864138,0.0009884834289550781,0.0,equicorrelated
0.1,10,100,46,TSCP_R,Gaussian,absolute_residual,0.888125,43293469273.89614,31.29712076201655,0.00400090217590332,0.0,equicorrelated
0.1,10,100,46,Point_CHR,Gaussian,absolute_residual,0.899375,54946783208.71732,30.116355750283738,0.0009999275207519531,0.0,equicorrelated
0.1,10,100,46,Unscaled,Gaussian,absolute_residual,0.935,18187974644796.254,21.1825594528437,0.0,0.0,equicorrelated
0.1,10,100,46,Empirical_copula,Gaussian,absolute_residual,0.80375,20016183843.856625,29.42025306966162,0.002000093460083008,0.0,equicorrelated
0.1,10,100,47,TSCP_R,Gaussian,absolute_residual,0.88,42094997481.42741,27.13965394295238,0.004007577896118164,0.0,equicorrelated
0.1,10,100,47,Point_CHR,Gaussian,absolute_residual,0.961875,238323715233.08154,34.30304127787673,0.0,0.0,equicorrelated
0.1,10,100,47,Unscaled,Gaussian,absolute_residual,0.87,4908686060919.611,18.58217414208576,0.0,0.0,equicorrelated
0.1,10,100,47,Empirical_copula,Gaussian,absolute_residual,0.766875,16243551475.941532,19.968024085315257,0.0009927749633789062,0.0,equicorrelated
0.1,10,100,48,TSCP_R,Gaussian,absolute_residual,0.92,64610295497.119545,28.516807360395838,0.0040073394775390625,0.0,equicorrelated
0.1,10,100,48,Point_CHR,Gaussian,absolute_residual,0.9425,148441429028.34335,31.156860445094946,0.0,0.0,equicorrelated
0.1,10,100,48,Unscaled,Gaussian,absolute_residual,0.935,15150259499533.648,20.798978556522197,0.0,0.0,equicorrelated
0.1,10,100,48,Empirical_copula,Gaussian,absolute_residual,0.8225,28832171942.861988,28.807536353756902,0.0010006427764892578,0.0,equicorrelated
0.1,10,100,49,TSCP_R,Gaussian,absolute_residual,0.843125,23826705962.02089,23.580994576446955,0.003988027572631836,0.0,equicorrelated
0.1,10,100,49,Point_CHR,Gaussian,absolute_residual,0.884375,38701866969.02296,25.907838408083464,0.0,0.0,equicorrelated
0.1,10,100,49,Unscaled,Gaussian,absolute_residual,0.831875,2740408870918.18,17.529984676730948,0.0,0.0,equicorrelated
0.1,10,100,49,Empirical_copula,Gaussian,absolute_residual,0.7475,9929701963.218784,21.10438448107548,0.0010025501251220703,0.0,equicorrelated
0.1,10,100,50,TSCP_R,Gaussian,absolute_residual,0.90375,57839551631.24048,26.856321666946222,0.0029993057250976562,0.0,equicorrelated
0.1,10,100,50,Point_CHR,Gaussian,absolute_residual,0.89125,67519724540.845985,30.647412590982654,0.0,0.0,equicorrelated
0.1,10,100,50,Unscaled,Gaussian,absolute_residual,0.9175,11992285976164.752,20.318432365537163,0.0,0.0,equicorrelated
0.1,10,100,50,Empirical_copula,Gaussian,absolute_residual,0.774375,20924001037.187744,22.547829147944174,0.0010020732879638672,0.0,equicorrelated
0.1,10,100,51,TSCP_R,Gaussian,absolute_residual,0.855,27903735669.4574,24.554289040065456,0.004010677337646484,0.0,equicorrelated
0.1,10,100,51,Point_CHR,Gaussian,absolute_residual,0.843125,28602593625.37176,26.742544288977832,0.0,0.0,equicorrelated
0.1,10,100,51,Unscaled,Gaussian,absolute_residual,0.9075,8801425043863.584,19.699504361456324,0.0,0.0,equicorrelated
0.1,10,100,51,Empirical_copula,Gaussian,absolute_residual,0.793125,17777106913.46301,25.881379230132204,0.0009961128234863281,0.0,equicorrelated
0.1,10,100,52,TSCP_R,Gaussian,absolute_residual,0.946875,118274790627.0153,28.753985950780226,0.003998756408691406,0.0,equicorrelated
0.1,10,100,52,Point_CHR,Gaussian,absolute_residual,0.961875,181610441212.43872,29.211064242698484,0.0,0.0,equicorrelated
0.1,10,100,52,Unscaled,Gaussian,absolute_residual,0.93375,21080771291590.77,21.497534255623577,0.0,0.0,equicorrelated
0.1,10,100,52,Empirical_copula,Gaussian,absolute_residual,0.88875,40996208057.972984,24.737179009843324,0.0010030269622802734,0.0,equicorrelated
0.1,10,100,53,TSCP_R,Gaussian,absolute_residual,0.91125,54670704213.08695,26.203082304718073,0.004000425338745117,0.0,equicorrelated
0.1,10,100,53,Point_CHR,Gaussian,absolute_residual,0.923125,128252248246.88995,34.77949966703955,0.0,0.0,equicorrelated
0.1,10,100,53,Unscaled,Gaussian,absolute_residual,0.943125,22683231216817.855,21.655613511843367,0.0,0.0,equicorrelated
0.1,10,100,53,Empirical_copula,Gaussian,absolute_residual,0.799375,20848402671.869255,25.162042655770865,0.0010120868682861328,0.0,equicorrelated
0.1,10,100,54,TSCP_R,Gaussian,absolute_residual,0.913125,57367703523.48137,25.719670773652936,0.0039980411529541016,0.0,equicorrelated
0.1,10,100,54,Point_CHR,Gaussian,absolute_residual,0.880625,40624044796.28024,24.0103275175883,0.0,0.0,equicorrelated
0.1,10,100,54,Unscaled,Gaussian,absolute_residual,0.90875,10847763071152.219,20.115647617042885,0.0,0.0,equicorrelated
0.1,10,100,54,Empirical_copula,Gaussian,absolute_residual,0.864375,35392466011.60345,23.978955986214583,0.0010030269622802734,0.0,equicorrelated
0.1,10,100,55,TSCP_R,Gaussian,absolute_residual,0.878125,44895004215.525826,28.508002223923523,0.004006862640380859,0.0,equicorrelated
0.1,10,100,55,Point_CHR,Gaussian,absolute_residual,0.8525,72050750099.7618,30.037763948336206,0.0,0.0,equicorrelated
0.1,10,100,55,Unscaled,Gaussian,absolute_residual,0.910625,11024229527035.834,20.148133726379303,0.0,0.0,equicorrelated
0.1,10,100,55,Empirical_copula,Gaussian,absolute_residual,0.780625,17866670623.660206,22.461051280758145,0.0009930133819580078,0.0,equicorrelated
0.1,10,100,56,TSCP_R,Gaussian,absolute_residual,0.925,62708367176.88296,27.53344538426053,0.003027677536010742,0.0,equicorrelated
0.1,10,100,56,Point_CHR,Gaussian,absolute_residual,0.914375,67070797926.3898,29.644571874925617,0.0,0.0,equicorrelated
0.1,10,100,56,Unscaled,Gaussian,absolute_residual,0.96125,36760606334873.15,22.726798770989937,0.0,0.0,equicorrelated
0.1,10,100,56,Empirical_copula,Gaussian,absolute_residual,0.86375,27638340509.90703,27.776915642586726,0.0009982585906982422,0.0,equicorrelated
0.1,10,100,57,TSCP_R,Gaussian,absolute_residual,0.89875,46288373785.12801,24.918486756523343,0.0030066967010498047,0.0,equicorrelated
0.1,10,100,57,Point_CHR,Gaussian,absolute_residual,0.89375,50214352814.87935,26.452474801979804,0.0010008811950683594,0.0,equicorrelated
0.1,10,100,57,Unscaled,Gaussian,absolute_residual,0.889375,4662015028855.9,18.486613730236254,0.0,0.0,equicorrelated
0.1,10,100,57,Empirical_copula,Gaussian,absolute_residual,0.77625,15920981227.247587,21.052103854373527,0.0009989738464355469,0.0,equicorrelated
0.1,10,100,58,TSCP_R,Gaussian,absolute_residual,0.911875,69037870370.2234,23.989422127660568,0.0030083656311035156,0.0,equicorrelated
0.1,10,100,58,Point_CHR,Gaussian,absolute_residual,0.904375,79340315014.02516,29.3568992421432,0.0,0.0,equicorrelated
0.1,10,100,58,Unscaled,Gaussian,absolute_residual,0.884375,5624649136835.988,18.83690483270091,0.0,0.0,equicorrelated
0.1,10,100,58,Empirical_copula,Gaussian,absolute_residual,0.781875,17684902636.604263,20.55521106162148,0.0010035037994384766,0.0,equicorrelated
0.1,10,100,59,TSCP_R,Gaussian,absolute_residual,0.92125,62474178324.70513,28.300150622796295,0.0030095577239990234,0.0,equicorrelated
0.1,10,100,59,Point_CHR,Gaussian,absolute_residual,0.90625,52022580461.06466,27.58012722374491,0.0009999275207519531,0.0,equicorrelated
0.1,10,100,59,Unscaled,Gaussian,absolute_residual,0.905625,6260063313317.853,19.039602299119736,0.0,0.0,equicorrelated
0.1,10,100,59,Empirical_copula,Gaussian,absolute_residual,0.825,24886060770.82964,27.58012722374491,0.0009992122650146484,0.0,equicorrelated
0.1,10,100,60,TSCP_R,Gaussian,absolute_residual,0.90375,58030791466.939026,27.14720583537059,0.004000425338745117,0.0,equicorrelated
0.1,10,100,60,Point_CHR,Gaussian,absolute_residual,0.96375,495434944700.37994,44.45822152371228,0.0,0.0,equicorrelated
0.1,10,100,60,Unscaled,Gaussian,absolute_residual,0.935625,18801701772488.434,21.25297424715076,0.0,0.0,equicorrelated
0.1,10,100,60,Empirical_copula,Gaussian,absolute_residual,0.824375,24928412011.688023,24.299667004722526,0.0010066032409667969,0.0,equicorrelated
0.1,10,100,61,TSCP_R,Gaussian,absolute_residual,0.915,62824599864.796326,27.68617211139179,0.0040094852447509766,0.0,equicorrelated
0.1,10,100,61,Point_CHR,Gaussian,absolute_residual,0.910625,71991344052.88084,24.221657715241882,0.0009980201721191406,0.0,equicorrelated
0.1,10,100,61,Unscaled,Gaussian,absolute_residual,0.92,10278251040830.648,20.007458377792563,0.0,0.0,equicorrelated
0.1,10,100,61,Empirical_copula,Gaussian,absolute_residual,0.8525,27984578878.954037,24.323909574619005,0.00099945068359375,0.0,equicorrelated
0.1,10,100,62,TSCP_R,Gaussian,absolute_residual,0.924375,67605033789.86032,28.068104786965147,0.0040013790130615234,0.0,equicorrelated
0.1,10,100,62,Point_CHR,Gaussian,absolute_residual,0.9225,91992951909.43776,28.600262544457607,0.0,0.0,equicorrelated
0.1,10,100,62,Unscaled,Gaussian,absolute_residual,0.90875,8573115978780.869,19.647797340302898,0.0,0.0,equicorrelated
0.1,10,100,62,Empirical_copula,Gaussian,absolute_residual,0.825,22877612363.19222,26.999087812910197,0.0010082721710205078,0.0,equicorrelated
0.1,10,100,63,TSCP_R,Gaussian,absolute_residual,0.93625,89114102543.66025,27.142546059751705,0.0030090808868408203,0.0,equicorrelated
0.1,10,100,63,Point_CHR,Gaussian,absolute_residual,0.95,174645414019.76163,31.91353366182951,0.0009980201721191406,0.0,equicorrelated
0.1,10,100,63,Unscaled,Gaussian,absolute_residual,0.92375,12043158485907.598,20.327035243703424,0.0,0.0,equicorrelated
0.1,10,100,63,Empirical_copula,Gaussian,absolute_residual,0.83,25367521889.877052,22.429824599918614,0.0010025501251220703,0.0,equicorrelated
0.1,10,100,64,TSCP_R,Gaussian,absolute_residual,0.91875,64445368179.78962,28.774210752925185,0.004006862640380859,0.0,equicorrelated
0.1,10,100,64,Point_CHR,Gaussian,absolute_residual,0.943125,148427482145.71198,34.40336719890196,0.0,0.0,equicorrelated
0.1,10,100,64,Unscaled,Gaussian,absolute_residual,0.929375,14151639213268.686,20.657638576835108,0.0009992122650146484,0.0,equicorrelated
0.1,10,100,64,Empirical_copula,Gaussian,absolute_residual,0.873125,32145967692.58228,26.99892150619253,0.0009996891021728516,0.0,equicorrelated
0.1,10,100,65,TSCP_R,Gaussian,absolute_residual,0.910625,59471456059.322296,27.07869817938407,0.004002809524536133,0.0,equicorrelated
0.1,10,100,65,Point_CHR,Gaussian,absolute_residual,0.860625,45240744186.73845,29.739068058759198,0.001013040542602539,0.0,equicorrelated
0.1,10,100,65,Unscaled,Gaussian,absolute_residual,0.923125,12702310695922.541,20.43564139777387,0.0,0.0,equicorrelated
0.1,10,100,65,Empirical_copula,Gaussian,absolute_residual,0.8625,32120794726.710304,24.290207718775502,0.000986337661743164,0.0,equicorrelated
0.1,10,100,66,TSCP_R,Gaussian,absolute_residual,0.890625,39992248231.808,25.70710480827303,0.0040166378021240234,0.0,equicorrelated
0.1,10,100,66,Point_CHR,Gaussian,absolute_residual,0.91875,81545215223.35568,25.771237332736494,0.0,0.0,equicorrelated
0.1,10,100,66,Unscaled,Gaussian,absolute_residual,0.930625,12744778432891.697,20.442463404759817,0.0,0.0,equicorrelated
0.1,10,100,66,Empirical_copula,Gaussian,absolute_residual,0.823125,17391876029.70912,22.884979614636023,0.0009908676147460938,0.0,equicorrelated
0.1,10,100,67,TSCP_R,Gaussian,absolute_residual,0.91,51537580174.40291,25.556155806498758,0.0040073394775390625,0.0,equicorrelated
0.1,10,100,67,Point_CHR,Gaussian,absolute_residual,0.904375,52394489811.04874,27.63694671592267,0.0,0.0,equicorrelated
0.1,10,100,67,Unscaled,Gaussian,absolute_residual,0.886875,5437691427320.912,18.773336121044814,0.0,0.0,equicorrelated
0.1,10,100,67,Empirical_copula,Gaussian,absolute_residual,0.83,25608536451.034813,21.29638509105625,0.0009925365447998047,0.0,equicorrelated
0.1,10,100,68,TSCP_R,Gaussian,absolute_residual,0.860625,35316045759.40853,23.444624641318363,0.004000663757324219,0.0,equicorrelated
0.1,10,100,68,Point_CHR,Gaussian,absolute_residual,0.909375,78988012525.50688,31.782037877133966,0.0,0.0,equicorrelated
0.1,10,100,68,Unscaled,Gaussian,absolute_residual,0.881875,5176575145762.543,18.681177730339247,0.0,0.0,equicorrelated
0.1,10,100,68,Empirical_copula,Gaussian,absolute_residual,0.781875,15075763180.648836,21.35784038387905,0.0019998550415039062,0.0,equicorrelated
0.1,10,100,69,TSCP_R,Gaussian,absolute_residual,0.939375,88244600246.86417,28.312726374785655,0.004000186920166016,0.0,equicorrelated
0.1,10,100,69,Point_CHR,Gaussian,absolute_residual,0.925,96080034401.28629,29.292005821288832,0.0,0.0,equicorrelated
0.1,10,100,69,Unscaled,Gaussian,absolute_residual,0.91125,9279872862552.967,19.8040585951422,0.0009999275207519531,0.0,equicorrelated
0.1,10,100,69,Empirical_copula,Gaussian,absolute_residual,0.83875,28616355199.109364,27.659906340661617,0.0009982585906982422,0.0,equicorrelated
0.1,10,100,70,TSCP_R,Gaussian,absolute_residual,0.944375,97026812043.70915,26.576014612840588,0.00399470329284668,0.0,equicorrelated
0.1,10,100,70,Point_CHR,Gaussian,absolute_residual,0.955,230187600984.40652,28.975144740759283,0.0,0.0,equicorrelated
0.1,10,100,70,Unscaled,Gaussian,absolute_residual,0.893125,6412715292138.751,19.08552873379866,0.0,0.0,equicorrelated
0.1,10,100,70,Empirical_copula,Gaussian,absolute_residual,0.841875,26052804010.622917,23.224362059228405,0.0019991397857666016,0.0,equicorrelated
0.1,10,100,71,TSCP_R,Gaussian,absolute_residual,0.939375,68231727779.39356,26.608990116253,0.00400090217590332,0.0,equicorrelated
0.1,10,100,71,Point_CHR,Gaussian,absolute_residual,0.973125,333395127712.9646,35.80439895204668,0.0,0.0,equicorrelated
0.1,10,100,71,Unscaled,Gaussian,absolute_residual,0.950625,23434867808324.754,21.726323950962172,0.0,0.0,equicorrelated
0.1,10,100,71,Empirical_copula,Gaussian,absolute_residual,0.8425,31153992905.508343,25.390533668181757,0.0009999275207519531,0.0,equicorrelated
0.1,10,100,72,TSCP_R,Gaussian,absolute_residual,0.88625,37044151707.22352,25.035699389416784,0.0040056705474853516,0.0,equicorrelated
0.1,10,100,72,Point_CHR,Gaussian,absolute_residual,0.876875,40013001843.13223,23.460344837151773,0.0,0.0,equicorrelated
0.1,10,100,72,Unscaled,Gaussian,absolute_residual,0.89,7603411934322.217,19.413366431156252,0.0,0.0,equicorrelated
0.1,10,100,72,Empirical_copula,Gaussian,absolute_residual,0.820625,19904992206.2962,25.56851283360026,0.0010027885437011719,0.0,equicorrelated
0.1,10,100,73,TSCP_R,Gaussian,absolute_residual,0.896875,47103480393.64185,24.33794956884215,0.0030090808868408203,0.0,equicorrelated
0.1,10,100,73,Point_CHR,Gaussian,absolute_residual,0.89875,52933865503.03642,25.035054797533412,0.0,0.0,equicorrelated
0.1,10,100,73,Unscaled,Gaussian,absolute_residual,0.884375,5617583902714.496,18.834537352926304,0.0,0.0,equicorrelated
0.1,10,100,73,Empirical_copula,Gaussian,absolute_residual,0.8375,25781394857.48388,23.2066267530417,0.0010068416595458984,0.0,equicorrelated
0.1,10,100,74,TSCP_R,Gaussian,absolute_residual,0.921875,74487950289.51155,28.135501360266517,0.0040051937103271484,0.0,equicorrelated
0.1,10,100,74,Point_CHR,Gaussian,absolute_residual,0.876875,46780257671.95165,28.57202805193606,0.0,0.0,equicorrelated
0.1,10,100,74,Unscaled,Gaussian,absolute_residual,0.9225,10558842340867.07,20.061418163838212,0.0,0.0,equicorrelated
0.1,10,100,74,Empirical_copula,Gaussian,absolute_residual,0.8275,21463098756.02569,25.95194677247434,0.001999378204345703,0.0,equicorrelated
0.1,10,100,75,TSCP_R,Gaussian,absolute_residual,0.91375,58910384744.08021,26.24849947910836,0.004006624221801758,0.0,equicorrelated
0.1,10,100,75,Point_CHR,Gaussian,absolute_residual,0.916875,71068476714.94475,28.858274102662865,0.0,0.0,equicorrelated
0.1,10,100,75,Unscaled,Gaussian,absolute_residual,0.861875,4336140979396.985,18.353138390350235,0.0,0.0,equicorrelated
0.1,10,100,75,Empirical_copula,Gaussian,absolute_residual,0.803125,17971191620.283436,21.598604767627595,0.0010020732879638672,0.0,equicorrelated
0.1,10,100,76,TSCP_R,Gaussian,absolute_residual,0.884375,53434791730.6463,27.756909234570728,0.003999948501586914,0.0,equicorrelated
0.1,10,100,76,Point_CHR,Gaussian,absolute_residual,0.8825,81208178315.02843,29.443500538889175,0.0,0.0,equicorrelated
0.1,10,100,76,Unscaled,Gaussian,absolute_residual,0.960625,36724423190055.1,22.72456080052471,0.0,0.0,equicorrelated
0.1,10,100,76,Empirical_copula,Gaussian,absolute_residual,0.78875,24113208106.82854,28.09603038132782,0.0010073184967041016,0.0,equicorrelated
0.1,10,100,77,TSCP_R,Gaussian,absolute_residual,0.87375,36512093677.75293,26.41657485082832,0.004007101058959961,0.0,equicorrelated
0.1,10,100,77,Point_CHR,Gaussian,absolute_residual,0.913125,72494957283.31435,27.80933849724575,0.0,0.0,equicorrelated
0.1,10,100,77,Unscaled,Gaussian,absolute_residual,0.906875,9050208395967.293,19.754491635164914,0.0,0.0,equicorrelated
0.1,10,100,77,Empirical_copula,Gaussian,absolute_residual,0.788125,17326363310.557777,24.694804506338194,0.0009999275207519531,0.0,equicorrelated
0.1,10,100,78,TSCP_R,Gaussian,absolute_residual,0.906875,49273615631.198296,26.97981481895249,0.003999948501586914,0.0,equicorrelated
0.1,10,100,78,Point_CHR,Gaussian,absolute_residual,0.83875,35685840508.90549,28.16895664415698,0.0,0.0,equicorrelated
0.1,10,100,78,Unscaled,Gaussian,absolute_residual,0.93875,19346276906658.85,21.313743745405763,0.001003265380859375,0.0,equicorrelated
0.1,10,100,78,Empirical_copula,Gaussian,absolute_residual,0.84125,24523607210.753994,25.244907824345326,0.0009989738464355469,0.0,equicorrelated
0.1,10,100,79,TSCP_R,Gaussian,absolute_residual,0.87625,43379232112.49292,26.973814598538503,0.0030062198638916016,0.0,equicorrelated
0.1,10,100,79,Point_CHR,Gaussian,absolute_residual,0.890625,55982241777.79536,27.384180387654006,0.0010037422180175781,0.0,equicorrelated
0.1,10,100,79,Unscaled,Gaussian,absolute_residual,0.8875,6848026685139.571,19.211290732014202,0.0,0.0,equicorrelated
0.1,10,100,79,Empirical_copula,Gaussian,absolute_residual,0.8,19106908613.30482,22.528301331496756,0.0009989738464355469,0.0,equicorrelated
0.1,10,100,80,TSCP_R,Gaussian,absolute_residual,0.86125,41299940735.31096,24.902446114955072,0.00400853157043457,0.0,equicorrelated
0.1,10,100,80,Point_CHR,Gaussian,absolute_residual,0.8475,35813512895.35049,30.5370330118964,0.0,0.0,equicorrelated
0.1,10,100,80,Unscaled,Gaussian,absolute_residual,0.8575,3900916183594.684,18.160034192795198,0.0,0.0,equicorrelated
0.1,10,100,80,Empirical_copula,Gaussian,absolute_residual,0.76,16198624324.400753,24.054223160326856,0.0009982585906982422,0.0,equicorrelated
0.1,10,100,81,TSCP_R,Gaussian,absolute_residual,0.876875,40738220857.054344,28.50807992660245,0.0040073394775390625,0.0,equicorrelated
0.1,10,100,81,Point_CHR,Gaussian,absolute_residual,0.828125,26656711323.778984,27.083185137687714,0.0,0.0,equicorrelated
0.1,10,100,81,Unscaled,Gaussian,absolute_residual,0.88625,6379022619476.062,19.075477330007416,0.0,0.0,equicorrelated
0.1,10,100,81,Empirical_copula,Gaussian,absolute_residual,0.785625,15859491668.628498,24.75082322440017,0.000997781753540039,0.0,equicorrelated
0.1,10,100,82,TSCP_R,Gaussian,absolute_residual,0.960625,155040762244.89566,28.998950149322184,0.0040056705474853516,0.0,equicorrelated
0.1,10,100,82,Point_CHR,Gaussian,absolute_residual,0.96,417004797519.78595,34.025694974662194,0.0009930133819580078,0.0,equicorrelated
0.1,10,100,82,Unscaled,Gaussian,absolute_residual,0.93125,14087457958759.975,20.648250641053966,0.0,0.0,equicorrelated
0.1,10,100,82,Empirical_copula,Gaussian,absolute_residual,0.8875,47933215405.17029,22.135765325827563,0.0010001659393310547,0.0,equicorrelated
0.1,10,100,83,TSCP_R,Gaussian,absolute_residual,0.918125,55757137889.64352,26.545009013414457,0.004008293151855469,0.0,equicorrelated
0.1,10,100,83,Point_CHR,Gaussian,absolute_residual,0.91875,88454488814.43976,23.408824764553003,0.0,0.0,equicorrelated
0.1,10,100,83,Unscaled,Gaussian,absolute_residual,0.88875,6516038202898.584,19.116058996710716,0.0,0.0,equicorrelated
0.1,10,100,83,Empirical_copula,Gaussian,absolute_residual,0.8225,21380074763.271137,26.585876557236933,0.0019919872283935547,0.0,equicorrelated
0.1,10,100,84,TSCP_R,Gaussian,absolute_residual,0.91,60630529206.24954,26.96217081938928,0.0030066967010498047,0.0,equicorrelated
0.1,10,100,84,Point_CHR,Gaussian,absolute_residual,0.8675,40302479069.474365,23.59256615187548,0.0009999275207519531,0.0,equicorrelated
0.1,10,100,84,Unscaled,Gaussian,absolute_residual,0.894375,7188475467724.8125,19.304727671942075,0.0,0.0,equicorrelated
0.1,10,100,84,Empirical_copula,Gaussian,absolute_residual,0.795,17813275082.27637,23.513900354190866,0.0009996891021728516,0.0,equicorrelated
0.1,10,100,85,TSCP_R,Gaussian,absolute_residual,0.914375,52789713104.82934,24.904672021327283,0.004006624221801758,0.0,equicorrelated
0.1,10,100,85,Point_CHR,Gaussian,absolute_residual,0.93125,100730808716.69778,22.98395745782085,0.0010013580322265625,0.0,equicorrelated
0.1,10,100,85,Unscaled,Gaussian,absolute_residual,0.89375,5874991126495.92,18.919110836399117,0.0,0.0,equicorrelated
0.1,10,100,85,Empirical_copula,Gaussian,absolute_residual,0.8325,23339431796.76981,21.857871987750336,0.0010008811950683594,0.0,equicorrelated
0.1,10,100,86,TSCP_R,Gaussian,absolute_residual,0.888125,44928122830.75951,23.629039044762692,0.004009246826171875,0.0,equicorrelated
0.1,10,100,86,Point_CHR,Gaussian,absolute_residual,0.90375,84060399833.07799,26.8274691221227,0.0009975433349609375,0.0,equicorrelated
0.1,10,100,86,Unscaled,Gaussian,absolute_residual,0.86125,4205421246312.667,18.297044758165065,0.0,0.0,equicorrelated
0.1,10,100,86,Empirical_copula,Gaussian,absolute_residual,0.794375,19463552451.71185,20.152124667850202,0.0010025501251220703,0.0,equicorrelated
0.1,10,100,87,TSCP_R,Gaussian,absolute_residual,0.936875,80857664115.01358,29.658331578015705,0.004021167755126953,0.0,equicorrelated
0.1,10,100,87,Point_CHR,Gaussian,absolute_residual,0.92375,117534828626.76926,33.00721596097054,0.0,0.0,equicorrelated
0.1,10,100,87,Unscaled,Gaussian,absolute_residual,0.9375,14825366271146.197,20.753939346509206,0.0,0.0,equicorrelated
0.1,10,100,87,Empirical_copula,Gaussian,absolute_residual,0.870625,37024679074.21924,24.870680582314684,0.0020008087158203125,0.0,equicorrelated
0.1,10,100,88,TSCP_R,Gaussian,absolute_residual,0.923125,75483709328.65639,27.61355070305789,0.004000663757324219,0.0,equicorrelated
0.1,10,100,88,Point_CHR,Gaussian,absolute_residual,0.94125,141343792341.32315,27.313612670276193,0.0010120868682861328,0.0,equicorrelated
0.1,10,100,88,Unscaled,Gaussian,absolute_residual,0.84375,3263902516839.4023,17.839131953303152,0.0,0.0,equicorrelated
0.1,10,100,88,Empirical_copula,Gaussian,absolute_residual,0.838125,29430794629.31547,27.313612670276193,0.0009946823120117188,0.0,equicorrelated
0.1,10,100,89,TSCP_R,Gaussian,absolute_residual,0.85,25142985208.878105,23.549144215243782,0.004007101058959961,0.0,equicorrelated
0.1,10,100,89,Point_CHR,Gaussian,absolute_residual,0.856875,31884580777.88258,21.906402336583287,0.0,0.0,equicorrelated
0.1,10,100,89,Unscaled,Gaussian,absolute_residual,0.834375,3122966793094.0415,17.76056333041337,0.0,0.0,equicorrelated
0.1,10,100,89,Empirical_copula,Gaussian,absolute_residual,0.7675,12459123655.842125,22.14157402834379,0.001001119613647461,0.0,equicorrelated
0.1,10,100,90,TSCP_R,Gaussian,absolute_residual,0.906875,45760018507.27828,23.891751246361473,0.004006862640380859,0.0,equicorrelated
0.1,10,100,90,Point_CHR,Gaussian,absolute_residual,0.884375,32952250927.414066,23.33187727653673,0.0009999275207519531,0.0,equicorrelated
0.1,10,100,90,Unscaled,Gaussian,absolute_residual,0.915625,8677216808574.639,19.671525713544035,0.0,0.0,equicorrelated
0.1,10,100,90,Empirical_copula,Gaussian,absolute_residual,0.795,18478779942.907867,24.46371990988844,0.0009927749633789062,0.0,equicorrelated
0.1,10,100,91,TSCP_R,Gaussian,absolute_residual,0.91875,63943309168.42823,27.994222652452464,0.003990888595581055,0.0,equicorrelated
0.1,10,100,91,Point_CHR,Gaussian,absolute_residual,0.915,80744466560.86078,33.92418549745794,0.0,0.0,equicorrelated
0.1,10,100,91,Unscaled,Gaussian,absolute_residual,0.940625,15951613571659.46,20.906458083293693,0.0010006427764892578,0.0,equicorrelated
0.1,10,100,91,Empirical_copula,Gaussian,absolute_residual,0.828125,26863462549.383236,27.303210555310912,0.001016855239868164,0.0,equicorrelated
0.1,10,100,92,TSCP_R,Gaussian,absolute_residual,0.903125,46558689164.08358,27.453687888140045,0.0040056705474853516,0.0,equicorrelated
0.1,10,100,92,Point_CHR,Gaussian,absolute_residual,0.918125,76166881232.43813,29.868808570231003,0.0,0.0,equicorrelated
0.1,10,100,92,Unscaled,Gaussian,absolute_residual,0.87,4435756748192.472,18.394872086215244,0.0,0.0,equicorrelated
0.1,10,100,92,Empirical_copula,Gaussian,absolute_residual,0.84375,25568950563.204754,25.997290974024835,0.00099945068359375,0.0,equicorrelated
0.1,10,100,93,TSCP_R,Gaussian,absolute_residual,0.915625,59788086921.01632,27.708524431361774,0.003993511199951172,0.0,equicorrelated
0.1,10,100,93,Point_CHR,Gaussian,absolute_residual,0.91625,79345648977.51634,26.219252972682423,0.0010046958923339844,0.0,equicorrelated
0.1,10,100,93,Unscaled,Gaussian,absolute_residual,0.824375,2516439995102.8574,17.3811560168676,0.0,0.0,equicorrelated
0.1,10,100,93,Empirical_copula,Gaussian,absolute_residual,0.780625,18654576173.839806,27.082534585272235,0.0010008811950683594,0.0,equicorrelated
0.1,10,100,94,TSCP_R,Gaussian,absolute_residual,0.88875,36066813168.304344,24.84548181024803,0.004005908966064453,0.0,equicorrelated
0.1,10,100,94,Point_CHR,Gaussian,absolute_residual,0.85875,34249850374.773506,24.943592277869932,0.0009999275207519531,0.0,equicorrelated
0.1,10,100,94,Unscaled,Gaussian,absolute_residual,0.870625,4244885377634.24,18.31414282546659,0.0,0.0,equicorrelated
0.1,10,100,94,Empirical_copula,Gaussian,absolute_residual,0.825625,17780718354.815437,21.890471026252243,0.0009999275207519531,0.0,equicorrelated
0.1,10,100,95,TSCP_R,Gaussian,absolute_residual,0.94,101682325618.04651,28.31315501296694,0.004006624221801758,0.0,equicorrelated
0.1,10,100,95,Point_CHR,Gaussian,absolute_residual,0.941875,110203150905.08305,25.61051678757674,0.0,0.0,equicorrelated
0.1,10,100,95,Unscaled,Gaussian,absolute_residual,0.92,11735216756036.309,20.27445139825735,0.0,0.0,equicorrelated
0.1,10,100,95,Empirical_copula,Gaussian,absolute_residual,0.8625,37057806158.43522,27.11675072344822,0.001009225845336914,0.0,equicorrelated
0.1,10,100,96,TSCP_R,Gaussian,absolute_residual,0.929375,78854393135.27467,26.601090999960917,0.0030159950256347656,0.0,equicorrelated
0.1,10,100,96,Point_CHR,Gaussian,absolute_residual,0.890625,48026807282.482124,27.28538640093643,0.0,0.0,equicorrelated
0.1,10,100,96,Unscaled,Gaussian,absolute_residual,0.91375,10720692626924.697,20.091959055211177,0.0,0.0,equicorrelated
0.1,10,100,96,Empirical_copula,Gaussian,absolute_residual,0.88,41728201001.98555,22.818556160867384,0.0010027885437011719,0.0,equicorrelated
0.1,10,100,97,TSCP_R,Gaussian,absolute_residual,0.910625,65444558315.80205,27.685897557308714,0.003999948501586914,0.0,equicorrelated
0.1,10,100,97,Point_CHR,Gaussian,absolute_residual,0.885,52294659317.5418,30.529852920967713,0.0,0.0,equicorrelated
0.1,10,100,97,Unscaled,Gaussian,absolute_residual,0.90375,9308848836072.385,19.810233649145815,0.0,0.0,equicorrelated
0.1,10,100,97,Empirical_copula,Gaussian,absolute_residual,0.8275,24531774451.346523,25.0345312079642,0.0009989738464355469,0.0,equicorrelated
0.1,10,100,98,TSCP_R,Gaussian,absolute_residual,0.861875,30436088903.73387,25.720702442684605,0.004007816314697266,0.0,equicorrelated
0.1,10,100,98,Point_CHR,Gaussian,absolute_residual,0.915,107309561966.02228,30.813137811781452,0.0009942054748535156,0.0,equicorrelated
0.1,10,100,98,Unscaled,Gaussian,absolute_residual,0.906875,7666646239093.265,19.429451585937475,0.0,0.0,equicorrelated
0.1,10,100,98,Empirical_copula,Gaussian,absolute_residual,0.804375,17995920406.846672,22.07711496493395,0.0009999275207519531,0.0,equicorrelated
0.1,10,100,99,TSCP_R,Gaussian,absolute_residual,0.8775,40192865709.04196,30.715234144504972,0.003997802734375,0.0,equicorrelated
0.1,10,100,99,Point_CHR,Gaussian,absolute_residual,0.79375,18911948608.127666,27.173594546477617,0.0010018348693847656,0.0,equicorrelated
0.1,10,100,99,Unscaled,Gaussian,absolute_residual,0.9525,28704509992295.61,22.171496819623194,0.0,0.0,equicorrelated
0.1,10,100,99,Empirical_copula,Gaussian,absolute_residual,0.774375,15508942877.294695,25.117171694302318,0.0009996891021728516,0.0,equicorrelated
0.1,10,100,100,TSCP_R,Gaussian,absolute_residual,0.92,54130308595.57835,25.658329707183455,0.004006385803222656,0.0,equicorrelated
0.1,10,100,100,Point_CHR,Gaussian,absolute_residual,0.928125,97500511463.10211,25.14729479663413,0.0009932518005371094,0.0,equicorrelated
0.1,10,100,100,Unscaled,Gaussian,absolute_residual,0.87625,5066052213144.799,18.640903840958792,0.0,0.0,equicorrelated
0.1,10,100,100,Empirical_copula,Gaussian,absolute_residual,0.8525,24744483752.533764,24.43375081046362,0.0010004043579101562,0.0,equicorrelated
0.1,10,100,101,TSCP_R,Gaussian,absolute_residual,0.901875,51589213192.339714,28.827227582954933,0.004009723663330078,0.0,equicorrelated
0.1,10,100,101,Point_CHR,Gaussian,absolute_residual,0.890625,59232935178.28321,31.681896806928087,0.0010001659393310547,0.0,equicorrelated
0.1,10,100,101,Unscaled,Gaussian,absolute_residual,0.91375,9564265766766.057,19.863929425963228,0.0,0.0,equicorrelated
0.1,10,100,101,Empirical_copula,Gaussian,absolute_residual,0.771875,16117535959.263702,27.245816378353453,0.0009968280792236328,0.0,equicorrelated
0.1,10,100,102,TSCP_R,Gaussian,absolute_residual,0.93375,83900836094.48814,27.52207145322625,0.00400090217590332,0.0,equicorrelated
0.1,10,100,102,Point_CHR,Gaussian,absolute_residual,0.913125,68688845129.98634,24.80729120755833,0.0,0.0,equicorrelated
0.1,10,100,102,Unscaled,Gaussian,absolute_residual,0.92375,12160458343027.658,20.34674744585777,0.0,0.0,equicorrelated
0.1,10,100,102,Empirical_copula,Gaussian,absolute_residual,0.799375,20655349175.573833,28.095315255358393,0.002004384994506836,0.0,equicorrelated
0.1,10,100,103,TSCP_R,Gaussian,absolute_residual,0.945,81437218002.74228,29.538838122441607,0.0039997100830078125,0.0,equicorrelated
0.1,10,100,103,Point_CHR,Gaussian,absolute_residual,0.913125,77302564841.04256,30.242527390161268,0.0,0.0,equicorrelated
0.1,10,100,103,Unscaled,Gaussian,absolute_residual,0.9,7506139694251.874,19.38838630518911,0.0,0.0,equicorrelated
0.1,10,100,103,Empirical_copula,Gaussian,absolute_residual,0.868125,31762856977.37541,27.0651844210169,0.0010085105895996094,0.0,equicorrelated
0.1,10,100,104,TSCP_R,Gaussian,absolute_residual,0.940625,98392691618.11661,26.301639736452415,0.004006862640380859,0.0,equicorrelated
0.1,10,100,104,Point_CHR,Gaussian,absolute_residual,0.771875,12888401201.00815,22.052060517215683,0.0,0.0,equicorrelated
0.1,10,100,104,Unscaled,Gaussian,absolute_residual,0.844375,3152839506846.5327,17.77747949492949,0.0,0.0,equicorrelated
0.1,10,100,104,Empirical_copula,Gaussian,absolute_residual,0.8375,30742363554.595993,27.799329101097918,0.0010001659393310547,0.0,equicorrelated
0.1,10,100,105,TSCP_R,Gaussian,absolute_residual,0.92125,64992590584.38647,28.377945347074515,0.004007101058959961,0.0,equicorrelated
0.1,10,100,105,Point_CHR,Gaussian,absolute_residual,0.92625,97199280112.2669,30.105602577861497,0.0,0.0,equicorrelated
0.1,10,100,105,Unscaled,Gaussian,absolute_residual,0.9125,9961508574791.553,19.94492976543054,0.0009996891021728516,0.0,equicorrelated
0.1,10,100,105,Empirical_copula,Gaussian,absolute_residual,0.84625,25581372373.30763,27.81096596141004,0.0010669231414794922,0.0,equicorrelated
0.1,10,100,106,TSCP_R,Gaussian,absolute_residual,0.87625,37077230487.98649,22.957564694210035,0.0030028820037841797,0.0,equicorrelated
0.1,10,100,106,Point_CHR,Gaussian,absolute_residual,0.87125,43492397129.42061,23.69488008362525,0.0009944438934326172,0.0,equicorrelated
0.1,10,100,106,Unscaled,Gaussian,absolute_residual,0.895625,7607030435877.6875,19.414290125121546,0.0,0.0,equicorrelated
0.1,10,100,106,Empirical_copula,Gaussian,absolute_residual,0.825625,24167133584.133377,25.319194103764914,0.0009984970092773438,0.0,equicorrelated
0.1,10,100,107,TSCP_R,Gaussian,absolute_residual,0.88875,49348671254.42372,29.874970744152353,0.004027128219604492,0.0,equicorrelated
0.1,10,100,107,Point_CHR,Gaussian,absolute_residual,0.96125,478685321985.142,47.971951218331455,0.0,0.0,equicorrelated
0.1,10,100,107,Unscaled,Gaussian,absolute_residual,0.93125,18355205849125.918,21.201955855755248,0.0,0.0,equicorrelated
0.1,10,100,107,Empirical_copula,Gaussian,absolute_residual,0.84375,33047510613.464146,25.99040124177209,0.0009999275207519531,0.0,equicorrelated
0.1,10,100,108,TSCP_R,Gaussian,absolute_residual,0.904375,56523793476.06933,27.82013894649328,0.004006147384643555,0.0,equicorrelated
0.1,10,100,108,Point_CHR,Gaussian,absolute_residual,0.863125,31050848778.36424,24.526850352007695,0.0,0.0,equicorrelated
0.1,10,100,108,Unscaled,Gaussian,absolute_residual,0.896875,8377564680363.267,19.60251428243067,0.0,0.0,equicorrelated
0.1,10,100,108,Empirical_copula,Gaussian,absolute_residual,0.8425,23260350992.35896,24.67020608616436,0.0009996891021728516,0.0,equicorrelated
0.1,10,100,109,TSCP_R,Gaussian,absolute_residual,0.90375,48607096122.33698,26.18992818648474,0.003014802932739258,0.0,equicorrelated
0.1,10,100,109,Point_CHR,Gaussian,absolute_residual,0.91125,67070791742.949394,27.96866752006465,0.0,0.0,equicorrelated
0.1,10,100,109,Unscaled,Gaussian,absolute_residual,0.9175,11853294268426.58,20.294759382490927,0.0,0.0,equicorrelated
0.1,10,100,109,Empirical_copula,Gaussian,absolute_residual,0.8325,25892508032.952625,24.711862142324534,0.0009946823120117188,0.0,equicorrelated
0.1,10,100,110,TSCP_R,Gaussian,absolute_residual,0.893125,44046029489.29163,24.750577256623874,0.004000186920166016,0.0,equicorrelated
0.1,10,100,110,Point_CHR,Gaussian,absolute_residual,0.923125,86953690532.20627,24.038992734604285,0.0,0.0,equicorrelated
0.1,10,100,110,Unscaled,Gaussian,absolute_residual,0.889375,6158990466382.658,19.0086359478241,0.0,0.0,equicorrelated
0.1,10,100,110,Empirical_copula,Gaussian,absolute_residual,0.793125,16271463905.286858,21.397269488404014,0.0010068416595458984,0.0,equicorrelated
0.1,10,100,111,TSCP_R,Gaussian,absolute_residual,0.923125,84032754343.21133,28.407405154045048,0.003002166748046875,0.0,equicorrelated
0.1,10,100,111,Point_CHR,Gaussian,absolute_residual,0.92375,161311194130.92572,32.68973379848008,0.00099945068359375,0.0,equicorrelated
0.1,10,100,111,Unscaled,Gaussian,absolute_residual,0.903125,10419072900860.988,20.034702952009162,0.0,0.0,equicorrelated
0.1,10,100,111,Empirical_copula,Gaussian,absolute_residual,0.849375,27305627320.975395,23.754718947240683,0.0010018348693847656,0.0,equicorrelated
0.1,10,100,112,TSCP_R,Gaussian,absolute_residual,0.93625,102283972250.93036,26.819616726622755,0.0029976367950439453,0.0,equicorrelated
0.1,10,100,112,Point_CHR,Gaussian,absolute_residual,0.956875,198417159370.7905,27.932359263893098,0.0010001659393310547,0.0,equicorrelated
0.1,10,100,112,Unscaled,Gaussian,absolute_residual,0.933125,16260161951192.154,20.9465492251176,0.0,0.0,equicorrelated
0.1,10,100,112,Empirical_copula,Gaussian,absolute_residual,0.851875,31172648680.244404,28.648211830447856,0.0009932518005371094,0.0,equicorrelated
0.1,10,100,113,TSCP_R,Gaussian,absolute_residual,0.943125,106347749968.09299,29.679041868763004,0.0039975643157958984,0.0,equicorrelated
0.1,10,100,113,Point_CHR,Gaussian,absolute_residual,0.92875,97459704281.9385,29.65890876511532,0.0,0.0,equicorrelated
0.1,10,100,113,Unscaled,Gaussian,absolute_residual,0.895,6977127574305.566,19.24720475330929,0.0,0.0,equicorrelated
0.1,10,100,113,Empirical_copula,Gaussian,absolute_residual,0.8575,35901325893.961586,29.65890876511532,0.0010066032409667969,0.0,equicorrelated
0.1,10,100,114,TSCP_R,Gaussian,absolute_residual,0.919375,61622984705.37989,25.364254754534418,0.004174709320068359,0.0,equicorrelated
0.1,10,100,114,Point_CHR,Gaussian,absolute_residual,0.89875,66663040494.42195,28.15833695885867,0.0009996891021728516,0.0,equicorrelated
0.1,10,100,114,Unscaled,Gaussian,absolute_residual,0.911875,8191232216798.471,19.558472052494086,0.0,0.0,equicorrelated
0.1,10,100,114,Empirical_copula,Gaussian,absolute_residual,0.8675,39063213386.97518,24.478552709949582,0.0009999275207519531,0.0,equicorrelated
0.1,10,100,115,TSCP_R,Gaussian,absolute_residual,0.885,34031508895.075565,26.410015555785634,0.0029993057250976562,0.0,equicorrelated
0.1,10,100,115,Point_CHR,Gaussian,absolute_residual,0.86375,38420475208.26098,28.905305013551377,0.0010001659393310547,0.0,equicorrelated
0.1,10,100,115,Unscaled,Gaussian,absolute_residual,0.90125,7379840936491.942,19.355513612433313,0.0,0.0,equicorrelated
0.1,10,100,115,Empirical_copula,Gaussian,absolute_residual,0.783125,14005755909.572872,23.066763695817606,0.0010001659393310547,0.0,equicorrelated
0.1,10,100,116,TSCP_R,Gaussian,absolute_residual,0.91375,58201310421.84722,26.46207649423637,0.004007577896118164,0.0,equicorrelated
0.1,10,100,116,Point_CHR,Gaussian,absolute_residual,0.791875,18427213209.616753,21.967259200418205,0.0,0.0,equicorrelated
0.1,10,100,116,Unscaled,Gaussian,absolute_residual,0.880625,4714419606480.462,18.507289711502448,0.0,0.0,equicorrelated
0.1,10,100,116,Empirical_copula,Gaussian,absolute_residual,0.8175,22304183109.675037,21.833829221539055,0.001999378204345703,0.0,equicorrelated
0.1,10,100,117,TSCP_R,Gaussian,absolute_residual,0.9475,121450588049.18735,30.594221537027703,0.004006385803222656,0.0,equicorrelated
0.1,10,100,117,Point_CHR,Gaussian,absolute_residual,0.948125,183333222616.40857,32.81072824975644,0.0,0.0,equicorrelated
0.1,10,100,117,Unscaled,Gaussian,absolute_residual,0.93875,25279106246630.113,21.89153282444507,0.0,0.0,equicorrelated
0.1,10,100,117,Empirical_copula,Gaussian,absolute_residual,0.874375,37983945433.50591,28.143443424402435,0.0009996891021728516,0.0,equicorrelated
0.1,10,100,118,TSCP_R,Gaussian,absolute_residual,0.858125,28227719988.798687,24.01177499817573,0.003007173538208008,0.0,equicorrelated
0.1,10,100,118,Point_CHR,Gaussian,absolute_residual,0.819375,24261815117.95353,25.112741199053787,0.0,0.0,equicorrelated
0.1,10,100,118,Unscaled,Gaussian,absolute_residual,0.84625,3219373418965.276,17.81464348192788,0.0,0.0,equicorrelated
0.1,10,100,118,Empirical_copula,Gaussian,absolute_residual,0.724375,10159684672.423763,19.20730253582692,0.0010013580322265625,0.0,equicorrelated
0.1,10,100,119,TSCP_R,Gaussian,absolute_residual,0.930625,70701065275.65715,24.711559825455566,0.0029926300048828125,0.0,equicorrelated
0.1,10,100,119,Point_CHR,Gaussian,absolute_residual,0.911875,68636334428.50498,26.964360784638025,0.0010077953338623047,0.0,equicorrelated
0.1,10,100,119,Unscaled,Gaussian,absolute_residual,0.888125,6136831546940.912,19.001785891135956,0.0,0.0,equicorrelated
0.1,10,100,119,Empirical_copula,Gaussian,absolute_residual,0.846875,26816215737.351513,23.787385243604664,0.0009980201721191406,0.0,equicorrelated
0.1,10,100,120,TSCP_R,Gaussian,absolute_residual,0.94375,95085955394.77362,26.455469532344548,0.004006147384643555,0.0,equicorrelated
0.1,10,100,120,Point_CHR,Gaussian,absolute_residual,0.8875,51783259686.12628,25.113407263335606,0.0,0.0,equicorrelated
0.1,10,100,120,Unscaled,Gaussian,absolute_residual,0.92375,10228155100690.428,19.99768533800202,0.0,0.0,equicorrelated
0.1,10,100,120,Empirical_copula,Gaussian,absolute_residual,0.833125,23621105941.794567,23.252494013685343,0.0009996891021728516,0.0,equicorrelated
0.1,10,100,121,TSCP_R,Gaussian,absolute_residual,0.9275,65240563535.346756,27.589259581674845,0.0030078887939453125,0.0,equicorrelated
0.1,10,100,121,Point_CHR,Gaussian,absolute_residual,0.948125,137110375488.23653,29.837379015797723,0.0009989738464355469,0.0,equicorrelated
0.1,10,100,121,Unscaled,Gaussian,absolute_residual,0.918125,11912198836861.277,20.304822315653194,0.0,0.0,equicorrelated
0.1,10,100,121,Empirical_copula,Gaussian,absolute_residual,0.826875,21473370507.149582,26.522500727493593,0.000993967056274414,0.0,equicorrelated
0.1,10,100,122,TSCP_R,Gaussian,absolute_residual,0.904375,65718599310.67595,24.63349958025393,0.003000020980834961,0.0,equicorrelated
0.1,10,100,122,Point_CHR,Gaussian,absolute_residual,0.96375,214818417085.53662,26.21792998402514,0.0010006427764892578,0.0,equicorrelated
0.1,10,100,122,Unscaled,Gaussian,absolute_residual,0.86375,4614849899748.209,18.467825316585746,0.0,0.0,equicorrelated
0.1,10,100,122,Empirical_copula,Gaussian,absolute_residual,0.83,27959001528.88519,23.12811704757666,0.0010066032409667969,0.0,equicorrelated
0.1,10,100,123,TSCP_R,Gaussian,absolute_residual,0.89125,65382312839.477615,29.745325725293714,0.0040073394775390625,0.0,equicorrelated
0.1,10,100,123,Point_CHR,Gaussian,absolute_residual,0.8425,32236987046.121006,30.111925323607245,0.0,0.0,equicorrelated
0.1,10,100,123,Unscaled,Gaussian,absolute_residual,0.926875,14989614289170.969,20.776818492663406,0.0,0.0,equicorrelated
0.1,10,100,123,Empirical_copula,Gaussian,absolute_residual,0.751875,16527722310.799809,26.486550864587695,0.0009996891021728516,0.0,equicorrelated
0.1,10,100,124,TSCP_R,Gaussian,absolute_residual,0.909375,62555722986.06343,31.4280827754072,0.004004955291748047,0.0,equicorrelated
0.1,10,100,124,Point_CHR,Gaussian,absolute_residual,0.89875,63298435339.25971,36.27574540769987,0.0010004043579101562,0.0,equicorrelated
0.1,10,100,124,Unscaled,Gaussian,absolute_residual,0.950625,28848576995491.867,22.18259956891735,0.0,0.0,equicorrelated
0.1,10,100,124,Empirical_copula,Gaussian,absolute_residual,0.88,39984026190.625824,29.636423363136153,0.00099945068359375,0.0,equicorrelated
0.1,10,100,125,TSCP_R,Gaussian,absolute_residual,0.893125,49307864410.7574,29.032833813262997,0.003998756408691406,0.0,equicorrelated
0.1,10,100,125,Point_CHR,Gaussian,absolute_residual,0.863125,39262326238.13938,30.017023518764812,0.0010006427764892578,0.0,equicorrelated
0.1,10,100,125,Unscaled,Gaussian,absolute_residual,0.93,16980917840679.89,21.037596256045642,0.0,0.0,equicorrelated
0.1,10,100,125,Empirical_copula,Gaussian,absolute_residual,0.819375,27060151966.504826,30.15275873782449,0.0010082721710205078,0.0,equicorrelated
0.1,10,100,126,TSCP_R,Gaussian,absolute_residual,0.894375,57462629297.31373,25.73493626286208,0.004017353057861328,0.0,equicorrelated
0.1,10,100,126,Point_CHR,Gaussian,absolute_residual,0.8375,42674022839.21873,25.216510893976512,0.0,0.0,equicorrelated
0.1,10,100,126,Unscaled,Gaussian,absolute_residual,0.9025,9295641814241.416,19.80742125653546,0.0009975433349609375,0.0,equicorrelated
0.1,10,100,126,Empirical_copula,Gaussian,absolute_residual,0.819375,29195806070.358707,26.230952054142662,0.0010020732879638672,0.0,equicorrelated
0.1,10,100,127,TSCP_R,Gaussian,absolute_residual,0.90125,68821493385.76332,30.14041461074948,0.004006624221801758,0.0,equicorrelated
0.1,10,100,127,Point_CHR,Gaussian,absolute_residual,0.815,21668821821.382584,22.966957686489614,0.0,0.0,equicorrelated
0.1,10,100,127,Unscaled,Gaussian,absolute_residual,0.923125,11475813172569.59,20.229183174162905,0.0,0.0,equicorrelated
0.1,10,100,127,Empirical_copula,Gaussian,absolute_residual,0.78,18540480435.847614,27.154326135599867,0.0009999275207519531,0.0,equicorrelated
0.1,10,100,128,TSCP_R,Gaussian,absolute_residual,0.958125,122906669104.85114,31.71372287043231,0.004004478454589844,0.0,equicorrelated
0.1,10,100,128,Point_CHR,Gaussian,absolute_residual,0.96375,135741051304.54555,29.509363935891663,0.0009989738464355469,0.0,equicorrelated
0.1,10,100,128,Unscaled,Gaussian,absolute_residual,0.92375,10117914751867.986,19.976026321582555,0.0,0.0,equicorrelated
0.1,10,100,128,Empirical_copula,Gaussian,absolute_residual,0.888125,43683191105.552284,31.23178054450294,0.0009992122650146484,0.0,equicorrelated
0.1,10,100,129,TSCP_R,Gaussian,absolute_residual,0.9275,63313063243.976006,24.02373882025907,0.003999948501586914,0.0,equicorrelated
0.1,10,100,129,Point_CHR,Gaussian,absolute_residual,0.95,137762424743.2866,26.872758755785963,0.0,0.0,equicorrelated
0.1,10,100,129,Unscaled,Gaussian,absolute_residual,0.875625,4398870708546.301,18.379518078098645,0.0,0.0,equicorrelated
0.1,10,100,129,Empirical_copula,Gaussian,absolute_residual,0.8475,25298627417.917347,23.43616212623515,0.0009996891021728516,0.0,equicorrelated
0.1,10,100,130,TSCP_R,Gaussian,absolute_residual,0.8575,30287696553.8778,24.154651536869473,0.0040073394775390625,0.0,equicorrelated
0.1,10,100,130,Point_CHR,Gaussian,absolute_residual,0.9,66502384773.28801,26.982856225441335,0.0,0.0,equicorrelated
0.1,10,100,130,Unscaled,Gaussian,absolute_residual,0.86125,4113703118489.688,18.25674268679697,0.0,0.0,equicorrelated
0.1,10,100,130,Empirical_copula,Gaussian,absolute_residual,0.758125,12020899992.999363,20.518267346250425,0.0009992122650146484,0.0,equicorrelated
0.1,10,100,131,TSCP_R,Gaussian,absolute_residual,0.856875,28475403965.51453,24.316339279820767,0.003999471664428711,0.0,equicorrelated
0.1,10,100,131,Point_CHR,Gaussian,absolute_residual,0.78375,20911465537.057827,20.686551321999126,0.0,0.0,equicorrelated
0.1,10,100,131,Unscaled,Gaussian,absolute_residual,0.865625,4538578113655.793,18.437073263658196,0.0,0.0,equicorrelated
0.1,10,100,131,Empirical_copula,Gaussian,absolute_residual,0.763125,13332428651.654388,22.99837074366246,0.0010068416595458984,0.0,equicorrelated
0.1,10,100,132,TSCP_R,Gaussian,absolute_residual,0.89625,53462379121.5462,28.1258186011142,0.004000663757324219,0.0,equicorrelated
0.1,10,100,132,Point_CHR,Gaussian,absolute_residual,0.9025,91499949850.24628,34.36387124295948,0.0,0.0,equicorrelated
0.1,10,100,132,Unscaled,Gaussian,absolute_residual,0.901875,10181470741433.652,19.988538994509145,0.0,0.0,equicorrelated
0.1,10,100,132,Empirical_copula,Gaussian,absolute_residual,0.858125,31303470273.231224,27.483278292600282,0.0010075569152832031,0.0,equicorrelated
0.1,10,100,133,TSCP_R,Gaussian,absolute_residual,0.9075,70917907544.25925,25.917473012296657,0.0040094852447509766,0.0,equicorrelated
0.1,10,100,133,Point_CHR,Gaussian,absolute_residual,0.905,71771653066.72957,28.398259713315223,0.0,0.0,equicorrelated
0.1,10,100,133,Unscaled,Gaussian,absolute_residual,0.893125,6630995160648.64,19.14951905808147,0.0,0.0,equicorrelated
0.1,10,100,133,Empirical_copula,Gaussian,absolute_residual,0.826875,28364243714.30153,24.49220428025383,0.0009975433349609375,0.0,equicorrelated
0.1,10,100,134,TSCP_R,Gaussian,absolute_residual,0.874375,30453048400.81669,23.023026761630412,0.004006147384643555,0.0,equicorrelated
0.1,10,100,134,Point_CHR,Gaussian,absolute_residual,0.900625,67010950906.32931,27.222318970854438,0.0,0.0,equicorrelated
0.1,10,100,134,Unscaled,Gaussian,absolute_residual,0.88625,6262823664359.1455,19.04044167658049,0.0,0.0,equicorrelated
0.1,10,100,134,Empirical_copula,Gaussian,absolute_residual,0.80375,16732334587.689476,24.533666018346995,0.0009999275207519531,0.0,equicorrelated
0.1,10,100,135,TSCP_R,Gaussian,absolute_residual,0.875,36506141942.335266,26.328314010802387,0.004006862640380859,0.0,equicorrelated
0.1,10,100,135,Point_CHR,Gaussian,absolute_residual,0.899375,78706328172.18404,31.5925556005792,0.0,0.0,equicorrelated
0.1,10,100,135,Unscaled,Gaussian,absolute_residual,0.905625,9307679256886.732,19.809984736015593,0.0,0.0,equicorrelated
0.1,10,100,135,Empirical_copula,Gaussian,absolute_residual,0.795625,17088353702.237776,26.325202156910233,0.0020020008087158203,0.0,equicorrelated
0.1,10,100,136,TSCP_R,Gaussian,absolute_residual,0.915625,47768525389.93033,25.69653887433992,0.004006862640380859,0.0,equicorrelated
0.1,10,100,136,Point_CHR,Gaussian,absolute_residual,0.936875,92121840400.22153,29.221668436473294,0.0,0.0,equicorrelated
0.1,10,100,136,Unscaled,Gaussian,absolute_residual,0.879375,4334734584333.553,18.352543033062236,0.0,0.0,equicorrelated
0.1,10,100,136,Empirical_copula,Gaussian,absolute_residual,0.796875,18192908142.190765,25.01495264383443,0.0009989738464355469,0.0,equicorrelated
0.1,10,100,137,TSCP_R,Gaussian,absolute_residual,0.93625,76483407015.00919,27.063202272083196,0.003988504409790039,0.0,equicorrelated
0.1,10,100,137,Point_CHR,Gaussian,absolute_residual,0.868125,41522871944.78782,24.60498922801803,0.0,0.0,equicorrelated
0.1,10,100,137,Unscaled,Gaussian,absolute_residual,0.904375,8735425156808.91,19.684682064545413,0.0,0.0,equicorrelated
0.1,10,100,137,Empirical_copula,Gaussian,absolute_residual,0.868125,26600758497.76639,26.932815840423586,0.0009996891021728516,0.0,equicorrelated
0.1,10,100,138,TSCP_R,Gaussian,absolute_residual,0.8725,37852736346.534004,26.47600938521951,0.004010438919067383,0.0,equicorrelated
0.1,10,100,138,Point_CHR,Gaussian,absolute_residual,0.898125,60469252096.81004,28.642885814724323,0.0,0.0,equicorrelated
0.1,10,100,138,Unscaled,Gaussian,absolute_residual,0.920625,12426314495884.354,20.390798551019714,0.0,0.0,equicorrelated
0.1,10,100,138,Empirical_copula,Gaussian,absolute_residual,0.78875,17826591347.555275,23.018645140475314,0.000990152359008789,0.0,equicorrelated
0.1,10,100,139,TSCP_R,Gaussian,absolute_residual,0.944375,119409383466.82193,28.449161358922233,0.003011465072631836,0.0,equicorrelated
0.1,10,100,139,Point_CHR,Gaussian,absolute_residual,0.950625,156514244880.33197,28.933440872520123,0.0,0.0,equicorrelated
0.1,10,100,139,Unscaled,Gaussian,absolute_residual,0.925625,15223805592637.615,20.809053316345445,0.0,0.0,equicorrelated
0.1,10,100,139,Empirical_copula,Gaussian,absolute_residual,0.865625,44142883112.22419,25.176069529596887,0.0009999275207519531,0.0,equicorrelated
0.1,10,100,140,TSCP_R,Gaussian,absolute_residual,0.906875,51911528276.30163,27.32862201929275,0.0040051937103271484,0.0,equicorrelated
0.1,10,100,140,Point_CHR,Gaussian,absolute_residual,0.925625,79637501797.49365,25.44458658914995,0.0,0.0,equicorrelated
0.1,10,100,140,Unscaled,Gaussian,absolute_residual,0.894375,6572993751095.911,19.132702647724898,0.0,0.0,equicorrelated
0.1,10,100,140,Empirical_copula,Gaussian,absolute_residual,0.824375,18707657570.572773,24.985089983650024,0.0009996891021728516,0.0,equicorrelated
0.1,10,100,141,TSCP_R,Gaussian,absolute_residual,0.945625,116163690970.86275,27.202484569033185,0.003006458282470703,0.0,equicorrelated
0.1,10,100,141,Point_CHR,Gaussian,absolute_residual,0.941875,203223873686.4991,30.500143124279944,0.0009949207305908203,0.0,equicorrelated
0.1,10,100,141,Unscaled,Gaussian,absolute_residual,0.91125,7974428851774.427,19.506078100628105,0.0,0.0,equicorrelated
0.1,10,100,141,Empirical_copula,Gaussian,absolute_residual,0.885625,46468653128.918686,30.390584116162643,0.001012563705444336,0.0,equicorrelated
0.1,10,100,142,TSCP_R,Gaussian,absolute_residual,0.860625,34305363623.84404,24.44639430068889,0.002997875213623047,0.0,equicorrelated
0.1,10,100,142,Point_CHR,Gaussian,absolute_residual,0.75125,13653485422.461319,22.983299385195323,0.0,0.0,equicorrelated
0.1,10,100,142,Unscaled,Gaussian,absolute_residual,0.905625,8441029858542.853,19.617314003542536,0.0,0.0,equicorrelated
0.1,10,100,142,Empirical_copula,Gaussian,absolute_residual,0.771875,16109189395.736586,22.59204690409448,0.0009987354278564453,0.0,equicorrelated
0.1,10,100,143,TSCP_R,Gaussian,absolute_residual,0.885625,37661620121.471886,23.46232397028741,0.0040090084075927734,0.0,equicorrelated
0.1,10,100,143,Point_CHR,Gaussian,absolute_residual,0.90375,52165267975.95378,27.672495354772565,0.000997781753540039,0.0,equicorrelated
0.1,10,100,143,Unscaled,Gaussian,absolute_residual,0.849375,3775745710182.256,18.100904362891892,0.0,0.0,equicorrelated
0.1,10,100,143,Empirical_copula,Gaussian,absolute_residual,0.7825,12689177531.758419,22.582875411335504,0.00099945068359375,0.0,equicorrelated
0.1,10,100,144,TSCP_R,Gaussian,absolute_residual,0.854375,32403861634.064854,27.21274616945424,0.004009246826171875,0.0,equicorrelated
0.1,10,100,144,Point_CHR,Gaussian,absolute_residual,0.893125,81723298223.33337,35.847332688735314,0.0,0.0,equicorrelated
0.1,10,100,144,Unscaled,Gaussian,absolute_residual,0.9175,13664628029461.35,20.585422330398487,0.0,0.0,equicorrelated
0.1,10,100,144,Empirical_copula,Gaussian,absolute_residual,0.7775,16842977693.225742,24.68037690417209,0.0009982585906982422,0.0,equicorrelated
0.1,10,100,145,TSCP_R,Gaussian,absolute_residual,0.92625,83398599191.23267,29.587620349373296,0.004007101058959961,0.0,equicorrelated
0.1,10,100,145,Point_CHR,Gaussian,absolute_residual,0.92375,97756663678.90756,31.037007993519136,0.0,0.0,equicorrelated
0.1,10,100,145,Unscaled,Gaussian,absolute_residual,0.9375,15435932480394.74,20.837868211589747,0.0,0.0,equicorrelated
0.1,10,100,145,Empirical_copula,Gaussian,absolute_residual,0.859375,27386195729.830452,23.473429211667202,0.0009996891021728516,0.0,equicorrelated
0.1,10,100,146,TSCP_R,Gaussian,absolute_residual,0.925625,58574281193.64374,27.87395715575902,0.004014492034912109,0.0,equicorrelated
0.1,10,100,146,Point_CHR,Gaussian,absolute_residual,0.946875,124742931456.02124,28.18762033633568,0.0,0.0,equicorrelated
0.1,10,100,146,Unscaled,Gaussian,absolute_residual,0.89875,6303373236998.611,19.052733918304718,0.0,0.0,equicorrelated
0.1,10,100,146,Empirical_copula,Gaussian,absolute_residual,0.854375,25176530338.64147,26.20706011493687,0.0009996891021728516,0.0,equicorrelated
0.1,10,100,147,TSCP_R,Gaussian,absolute_residual,0.925,75759015448.25404,25.555035458479423,0.004006624221801758,0.0,equicorrelated
0.1,10,100,147,Point_CHR,Gaussian,absolute_residual,0.886875,52230808952.35845,26.426551820763684,0.0,0.0,equicorrelated
0.1,10,100,147,Unscaled,Gaussian,absolute_residual,0.921875,11271895897952.594,20.192946605862247,0.0,0.0,equicorrelated
0.1,10,100,147,Empirical_copula,Gaussian,absolute_residual,0.875,31783339505.25977,23.76864656863192,0.0019936561584472656,0.0,equicorrelated
0.1,10,100,148,TSCP_R,Gaussian,absolute_residual,0.910625,70188035522.0395,28.81928240777134,0.004010677337646484,0.0,equicorrelated
0.1,10,100,148,Point_CHR,Gaussian,absolute_residual,0.858125,51524276367.52554,27.978039375712537,0.0,0.0,equicorrelated
0.1,10,100,148,Unscaled,Gaussian,absolute_residual,0.895625,7914321913306.74,19.491325363706945,0.0,0.0,equicorrelated
0.1,10,100,148,Empirical_copula,Gaussian,absolute_residual,0.846875,31244757198.577393,26.159901189581127,0.0009965896606445312,0.0,equicorrelated
0.1,10,100,149,TSCP_R,Gaussian,absolute_residual,0.930625,90917362723.323,24.263981402023216,0.0040056705474853516,0.0,equicorrelated
0.1,10,100,149,Point_CHR,Gaussian,absolute_residual,0.921875,93598750867.90446,24.239222688763935,0.0,0.0,equicorrelated
0.1,10,100,149,Unscaled,Gaussian,absolute_residual,0.866875,4481672543972.737,18.413825030514698,0.0,0.0,equicorrelated
0.1,10,100,149,Empirical_copula,Gaussian,absolute_residual,0.778125,26692149102.159298,22.639639164212273,0.0010004043579101562,0.0,equicorrelated
0.1,10,100,150,TSCP_R,Gaussian,absolute_residual,0.89375,53667482471.12196,24.00470102137887,0.003010272979736328,0.0,equicorrelated
0.1,10,100,150,Point_CHR,Gaussian,absolute_residual,0.900625,82517689397.22525,24.918616130966214,0.0,0.0,equicorrelated
0.1,10,100,150,Unscaled,Gaussian,absolute_residual,0.84875,4449911460680.409,18.400733566103224,0.0,0.0,equicorrelated
0.1,10,100,150,Empirical_copula,Gaussian,absolute_residual,0.761875,18312803202.854244,23.00374907415494,0.000990152359008789,0.0,equicorrelated
0.1,10,100,151,TSCP_R,Gaussian,absolute_residual,0.914375,64527621438.490326,27.435649219899894,0.0050182342529296875,0.0,equicorrelated
0.1,10,100,151,Point_CHR,Gaussian,absolute_residual,0.898125,46013263888.71564,29.222466471322463,0.0,0.0,equicorrelated
0.1,10,100,151,Unscaled,Gaussian,absolute_residual,0.934375,17035725464268.834,21.044376510283005,0.0,0.0,equicorrelated
0.1,10,100,151,Empirical_copula,Gaussian,absolute_residual,0.865625,34175736351.2751,27.37079562140366,0.0009891986846923828,0.0,equicorrelated
0.1,10,100,152,TSCP_R,Gaussian,absolute_residual,0.901875,79821229351.74487,27.17224399271106,0.0040090084075927734,0.0,equicorrelated
0.1,10,100,152,Point_CHR,Gaussian,absolute_residual,0.910625,277088507446.09503,32.17847756953632,0.0,0.0,equicorrelated
0.1,10,100,152,Unscaled,Gaussian,absolute_residual,0.880625,6876655015950.31,19.219306986732615,0.0,0.0,equicorrelated
0.1,10,100,152,Empirical_copula,Gaussian,absolute_residual,0.815,30282931311.237614,26.881498056256337,0.0010113716125488281,0.0,equicorrelated
0.1,10,100,153,TSCP_R,Gaussian,absolute_residual,0.876875,31173059555.206078,22.635231831993416,0.003009319305419922,0.0,equicorrelated
0.1,10,100,153,Point_CHR,Gaussian,absolute_residual,0.866875,32989626965.750076,22.898730863761863,0.0009996891021728516,0.0,equicorrelated
0.1,10,100,153,Unscaled,Gaussian,absolute_residual,0.89375,6044881064565.94,18.97312098356443,0.0,0.0,equicorrelated
0.1,10,100,153,Empirical_copula,Gaussian,absolute_residual,0.80875,15548537032.690516,21.958246420037487,0.0009975433349609375,0.0,equicorrelated
0.1,10,100,154,TSCP_R,Gaussian,absolute_residual,0.956875,144148572280.2659,30.339498522438387,0.0039980411529541016,0.0,equicorrelated
0.1,10,100,154,Point_CHR,Gaussian,absolute_residual,0.925,88283851735.16562,29.88761053751491,0.0,0.0,equicorrelated
0.1,10,100,154,Unscaled,Gaussian,absolute_residual,0.94375,20720076095678.023,21.460465330506143,0.0,0.0,equicorrelated
0.1,10,100,154,Empirical_copula,Gaussian,absolute_residual,0.904375,61401496316.94146,25.648909566105228,0.002013683319091797,0.0,equicorrelated
0.1,10,100,155,TSCP_R,Gaussian,absolute_residual,0.903125,54986606583.309616,23.854932682052112,0.004000425338745117,0.0,equicorrelated
0.1,10,100,155,Point_CHR,Gaussian,absolute_residual,0.89875,89207686160.81616,27.38487142494504,0.0,0.0,equicorrelated
0.1,10,100,155,Unscaled,Gaussian,absolute_residual,0.873125,5819798380101.571,18.901261643230622,0.0,0.0,equicorrelated
0.1,10,100,155,Empirical_copula,Gaussian,absolute_residual,0.796875,21275876075.86374,21.977433609397323,0.0010077953338623047,0.0,equicorrelated
0.1,10,100,156,TSCP_R,Gaussian,absolute_residual,0.868125,32240050289.516666,22.60261804207603,0.004006624221801758,0.0,equicorrelated
0.1,10,100,156,Point_CHR,Gaussian,absolute_residual,0.845,22632330715.890816,22.18159085187252,0.0010001659393310547,0.0,equicorrelated
0.1,10,100,156,Unscaled,Gaussian,absolute_residual,0.841875,2495674590971.472,17.366759725882346,0.0,0.0,equicorrelated
0.1,10,100,156,Empirical_copula,Gaussian,absolute_residual,0.779375,13557643083.76365,20.02398052471834,0.0009999275207519531,0.0,equicorrelated
0.1,10,100,157,TSCP_R,Gaussian,absolute_residual,0.925625,71761133199.85687,26.279138868419146,0.004007577896118164,0.0,equicorrelated
0.1,10,100,157,Point_CHR,Gaussian,absolute_residual,0.924375,82006655279.55556,27.143435201358354,0.0,0.0,equicorrelated
0.1,10,100,157,Unscaled,Gaussian,absolute_residual,0.903125,8335182401419.964,19.59257467937902,0.0,0.0,equicorrelated
0.1,10,100,157,Empirical_copula,Gaussian,absolute_residual,0.778125,16049536869.672125,23.70761851632404,0.0019936561584472656,0.0,equicorrelated
0.1,10,100,158,TSCP_R,Gaussian,absolute_residual,0.838125,22923508409.595467,24.768287342056862,0.0029904842376708984,0.0,equicorrelated
0.1,10,100,158,Point_CHR,Gaussian,absolute_residual,0.84375,36054490386.36612,26.160240081474793,0.0010066032409667969,0.0,equicorrelated
0.1,10,100,158,Unscaled,Gaussian,absolute_residual,0.81875,3132358688549.62,17.765897362254325,0.0,0.0,equicorrelated
0.1,10,100,158,Empirical_copula,Gaussian,absolute_residual,0.77375,16561810156.700285,23.29873804964215,0.0010027885437011719,0.0,equicorrelated
0.1,10,100,159,TSCP_R,Gaussian,absolute_residual,0.89375,52722995654.54756,23.74940371126985,0.004009246826171875,0.0,equicorrelated
0.1,10,100,159,Point_CHR,Gaussian,absolute_residual,0.8575,63645005074.590004,22.69853252606107,0.0,0.0,equicorrelated
0.1,10,100,159,Unscaled,Gaussian,absolute_residual,0.90625,11140963373148.877,20.16936728865415,0.0,0.0,equicorrelated
0.1,10,100,159,Empirical_copula,Gaussian,absolute_residual,0.804375,23211730977.925262,21.956982948163727,0.0010020732879638672,0.0,equicorrelated
0.1,10,100,160,TSCP_R,Gaussian,absolute_residual,0.890625,49641478428.8885,27.127468979725155,0.004007101058959961,0.0,equicorrelated
0.1,10,100,160,Point_CHR,Gaussian,absolute_residual,0.8775,36606257448.39936,24.48770639860526,0.0,0.0,equicorrelated
0.1,10,100,160,Unscaled,Gaussian,absolute_residual,0.90875,8965092671432.635,19.73583375980731,0.0,0.0,equicorrelated
0.1,10,100,160,Empirical_copula,Gaussian,absolute_residual,0.77375,16760720911.502214,25.151987364922928,0.001993417739868164,0.0,equicorrelated
0.1,10,100,161,TSCP_R,Gaussian,absolute_residual,0.91125,55888792922.24424,25.015448152285945,0.0030088424682617188,0.0,equicorrelated
0.1,10,100,161,Point_CHR,Gaussian,absolute_residual,0.95375,169907363659.65707,31.562680741201465,0.0,0.0,equicorrelated
0.1,10,100,161,Unscaled,Gaussian,absolute_residual,0.891875,5741123597748.414,18.875553242831813,0.0,0.0,equicorrelated
0.1,10,100,161,Empirical_copula,Gaussian,absolute_residual,0.82625,21006915307.5954,21.00506485109083,0.0010044574737548828,0.0,equicorrelated
0.1,10,100,162,TSCP_R,Gaussian,absolute_residual,0.904375,47487835350.51412,25.118159519674727,0.003008604049682617,0.0,equicorrelated
0.1,10,100,162,Point_CHR,Gaussian,absolute_residual,0.891875,42895114581.70072,25.3271626383028,0.0009987354278564453,0.0,equicorrelated
0.1,10,100,162,Unscaled,Gaussian,absolute_residual,0.911875,7513413267679.583,19.390264253120097,0.0,0.0,equicorrelated
0.1,10,100,162,Empirical_copula,Gaussian,absolute_residual,0.858125,29390119590.910355,22.005844833508142,0.0009996891021728516,0.0,equicorrelated
0.1,10,100,163,TSCP_R,Gaussian,absolute_residual,0.896875,47944981542.13805,24.31355700361688,0.0030069351196289062,0.0,equicorrelated
0.1,10,100,163,Point_CHR,Gaussian,absolute_residual,0.863125,46091713828.81013,23.706256736317396,0.00099945068359375,0.0,equicorrelated
0.1,10,100,163,Unscaled,Gaussian,absolute_residual,0.885625,6271437664544.372,19.043058913637058,0.0,0.0,equicorrelated
0.1,10,100,163,Empirical_copula,Gaussian,absolute_residual,0.823125,23040817001.66473,24.84305403493558,0.0009996891021728516,0.0,equicorrelated
0.1,10,100,164,TSCP_R,Gaussian,absolute_residual,0.88,42904510441.679276,26.140337462335726,0.004004001617431641,0.0,equicorrelated
0.1,10,100,164,Point_CHR,Gaussian,absolute_residual,0.865,46718956845.92721,25.84043357167297,0.0010013580322265625,0.0,equicorrelated
0.1,10,100,164,Unscaled,Gaussian,absolute_residual,0.8975,7774631257468.28,19.456646121801587,0.0,0.0,equicorrelated
0.1,10,100,164,Empirical_copula,Gaussian,absolute_residual,0.796875,17310974459.5124,23.816953406689937,0.0009996891021728516,0.0,equicorrelated
0.1,10,100,165,TSCP_R,Gaussian,absolute_residual,0.868125,37384163139.855225,24.494550954321635,0.003998994827270508,0.0,equicorrelated
0.1,10,100,165,Point_CHR,Gaussian,absolute_residual,0.9075,73251807964.11697,25.843822233192085,0.0,0.0,equicorrelated
0.1,10,100,165,Unscaled,Gaussian,absolute_residual,0.884375,5513077376664.986,18.799201754638002,0.0010020732879638672,0.0,equicorrelated
0.1,10,100,165,Empirical_copula,Gaussian,absolute_residual,0.80125,17458526729.718376,24.294542058734553,0.0009992122650146484,0.0,equicorrelated
0.1,10,100,166,TSCP_R,Gaussian,absolute_residual,0.90125,53863322637.48905,24.78884658846664,0.00400090217590332,0.0,equicorrelated
0.1,10,100,166,Point_CHR,Gaussian,absolute_residual,0.829375,26711786438.79633,25.29249883298418,0.0,0.0,equicorrelated
0.1,10,100,166,Unscaled,Gaussian,absolute_residual,0.861875,4317353091478.339,18.345170686384336,0.0,0.0,equicorrelated
0.1,10,100,166,Empirical_copula,Gaussian,absolute_residual,0.81875,20672448647.426147,26.419304962308964,0.0010080337524414062,0.0,equicorrelated
0.1,10,100,167,TSCP_R,Gaussian,absolute_residual,0.911875,91654794108.7763,29.007215251171495,0.004006147384643555,0.0,equicorrelated
0.1,10,100,167,Point_CHR,Gaussian,absolute_residual,0.906875,81940609376.1318,33.29939247098706,0.0,0.0,equicorrelated
0.1,10,100,167,Unscaled,Gaussian,absolute_residual,0.915625,11139237592507.098,20.1690548351522,0.0,0.0,equicorrelated
0.1,10,100,167,Empirical_copula,Gaussian,absolute_residual,0.83875,35490896405.820816,28.485525356446455,0.0009930133819580078,0.0,equicorrelated
0.1,10,100,168,TSCP_R,Gaussian,absolute_residual,0.926875,83481939185.63905,26.08892379887267,0.0030069351196289062,0.0,equicorrelated
0.1,10,100,168,Point_CHR,Gaussian,absolute_residual,0.89375,93407015172.22467,28.633956991458515,0.000993967056274414,0.0,equicorrelated
0.1,10,100,168,Unscaled,Gaussian,absolute_residual,0.910625,12114467913876.287,20.339039249395903,0.0,0.0,equicorrelated
0.1,10,100,168,Empirical_copula,Gaussian,absolute_residual,0.81625,24138306455.864975,25.141951833272074,0.0010077953338623047,0.0,equicorrelated
0.1,10,100,169,TSCP_R,Gaussian,absolute_residual,0.910625,69709579179.59462,25.438851736049656,0.004006624221801758,0.0,equicorrelated
0.1,10,100,169,Point_CHR,Gaussian,absolute_residual,0.890625,88723030520.27507,27.025239919447394,0.0,0.0,equicorrelated
0.1,10,100,169,Unscaled,Gaussian,absolute_residual,0.920625,14174125406793.182,20.660918619859387,0.0,0.0,equicorrelated
0.1,10,100,169,Empirical_copula,Gaussian,absolute_residual,0.825,25038761169.312916,23.659537367185553,0.0009996891021728516,0.0,equicorrelated
0.1,10,100,170,TSCP_R,Gaussian,absolute_residual,0.898125,53160749967.03662,27.878606557978372,0.0030057430267333984,0.0,equicorrelated
0.1,10,100,170,Point_CHR,Gaussian,absolute_residual,0.906875,88560300334.82823,28.769580505707935,0.0010001659393310547,0.0,equicorrelated
0.1,10,100,170,Unscaled,Gaussian,absolute_residual,0.949375,25202729357028.277,21.88490962820424,0.0,0.0,equicorrelated
0.1,10,100,170,Empirical_copula,Gaussian,absolute_residual,0.86625,35719890328.873535,26.664119271515627,0.0009996891021728516,0.0,equicorrelated
0.1,10,100,171,TSCP_R,Gaussian,absolute_residual,0.930625,86091854989.29999,23.82209893147378,0.004000663757324219,0.0,equicorrelated
0.1,10,100,171,Point_CHR,Gaussian,absolute_residual,0.961875,568624650540.6991,34.37969877262477,0.0,0.0,equicorrelated
0.1,10,100,171,Unscaled,Gaussian,absolute_residual,0.86875,3897212591643.7417,18.158309313166132,0.0,0.0,equicorrelated
0.1,10,100,171,Empirical_copula,Gaussian,absolute_residual,0.821875,27013690702.24032,26.566725371686964,0.0010085105895996094,0.0,equicorrelated
0.1,10,100,172,TSCP_R,Gaussian,absolute_residual,0.95375,116978188564.54488,29.826838259376125,0.0040433406829833984,0.0,equicorrelated
0.1,10,100,172,Point_CHR,Gaussian,absolute_residual,0.95875,170373954836.28522,28.828476860261446,0.0,0.0,equicorrelated
0.1,10,100,172,Unscaled,Gaussian,absolute_residual,0.915625,10748304090875.654,20.097127811551044,0.0,0.0,equicorrelated
0.1,10,100,172,Empirical_copula,Gaussian,absolute_residual,0.8675,37022749497.60604,27.775359633314242,0.0009999275207519531,0.0,equicorrelated
0.1,10,100,173,TSCP_R,Gaussian,absolute_residual,0.886875,51561759723.29833,24.27358186390702,0.0029981136322021484,0.0,equicorrelated
0.1,10,100,173,Point_CHR,Gaussian,absolute_residual,0.878125,40401206719.968094,23.408901698961003,0.0009999275207519531,0.0,equicorrelated
0.1,10,100,173,Unscaled,Gaussian,absolute_residual,0.9075,7055469491667.094,19.268707839755038,0.0,0.0,equicorrelated
0.1,10,100,173,Empirical_copula,Gaussian,absolute_residual,0.826875,23356087800.5335,24.49168139649451,0.0009932518005371094,0.0,equicorrelated
0.1,10,100,174,TSCP_R,Gaussian,absolute_residual,0.83,24074919215.2114,20.65196351267483,0.00400090217590332,0.0,equicorrelated
0.1,10,100,174,Point_CHR,Gaussian,absolute_residual,0.86,45455184232.08213,22.480906467203827,0.0,0.0,equicorrelated
0.1,10,100,174,Unscaled,Gaussian,absolute_residual,0.836875,3127909118732.2593,17.763372071066705,0.0,0.0,equicorrelated
0.1,10,100,174,Empirical_copula,Gaussian,absolute_residual,0.730625,11003611754.670998,20.821520568772115,0.0009999275207519531,0.0,equicorrelated
0.1,10,100,175,TSCP_R,Gaussian,absolute_residual,0.91625,63671343246.70043,25.987046620821204,0.004007101058959961,0.0,equicorrelated
0.1,10,100,175,Point_CHR,Gaussian,absolute_residual,0.91875,68610017697.151566,27.69570932071874,0.0,0.0,equicorrelated
0.1,10,100,175,Unscaled,Gaussian,absolute_residual,0.885625,5106777491171.065,18.65583506598638,0.0,0.0,equicorrelated
0.1,10,100,175,Empirical_copula,Gaussian,absolute_residual,0.776875,19177037014.50329,23.966654154234234,0.0009996891021728516,0.0,equicorrelated
0.1,10,100,176,TSCP_R,Gaussian,absolute_residual,0.89875,48950950615.39336,26.115762353036278,0.0040051937103271484,0.0,equicorrelated
0.1,10,100,176,Point_CHR,Gaussian,absolute_residual,0.94,166294740643.37915,29.240999549477717,0.0,0.0,equicorrelated
0.1,10,100,176,Unscaled,Gaussian,absolute_residual,0.92375,14208075478481.256,20.66586202729197,0.0,0.0,equicorrelated
0.1,10,100,176,Empirical_copula,Gaussian,absolute_residual,0.81625,23489964884.00258,25.338111484276155,0.0009968280792236328,0.0,equicorrelated
0.1,10,100,177,TSCP_R,Gaussian,absolute_residual,0.919375,69471609120.6003,28.758276242500376,0.003998756408691406,0.0,equicorrelated
0.1,10,100,177,Point_CHR,Gaussian,absolute_residual,0.923125,130888099498.47542,35.69236525795157,0.0,0.0,equicorrelated
0.1,10,100,177,Unscaled,Gaussian,absolute_residual,0.908125,9619760653413.184,19.875425120441886,0.0,0.0,equicorrelated
0.1,10,100,177,Empirical_copula,Gaussian,absolute_residual,0.855,25103966875.100014,26.095102729327525,0.0009992122650146484,0.0,equicorrelated
0.1,10,100,178,TSCP_R,Gaussian,absolute_residual,0.91625,73985931797.28067,28.32524452301822,0.003994464874267578,0.0,equicorrelated
0.1,10,100,178,Point_CHR,Gaussian,absolute_residual,0.894375,63429918231.0634,29.906079975517596,0.0,0.0,equicorrelated
0.1,10,100,178,Unscaled,Gaussian,absolute_residual,0.94625,24801424368688.156,21.849809875795458,0.0,0.0,equicorrelated
0.1,10,100,178,Empirical_copula,Gaussian,absolute_residual,0.858125,37543183957.761246,24.49152003981405,0.0010027885437011719,0.0,equicorrelated
0.1,10,100,179,TSCP_R,Gaussian,absolute_residual,0.930625,80953060624.5459,30.157808382365964,0.003998994827270508,0.0,equicorrelated
0.1,10,100,179,Point_CHR,Gaussian,absolute_residual,0.929375,128500737615.7395,32.809373020819365,0.0,0.0,equicorrelated
0.1,10,100,179,Unscaled,Gaussian,absolute_residual,0.960625,37641243026712.625,22.780664898673358,0.0,0.0,equicorrelated
0.1,10,100,179,Empirical_copula,Gaussian,absolute_residual,0.874375,39028710135.767876,29.87872245834382,0.002000570297241211,0.0,equicorrelated
0.1,10,100,180,TSCP_R,Gaussian,absolute_residual,0.925625,62054374040.21884,23.994450032820676,0.004004001617431641,0.0,equicorrelated
0.1,10,100,180,Point_CHR,Gaussian,absolute_residual,0.969375,342275391933.198,34.34064313763956,0.0010008811950683594,0.0,equicorrelated
0.1,10,100,180,Unscaled,Gaussian,absolute_residual,0.93375,14807136093862.822,20.751385901907508,0.0,0.0,equicorrelated
0.1,10,100,180,Empirical_copula,Gaussian,absolute_residual,0.870625,31252372610.278904,23.167642776846353,0.0010004043579101562,0.0,equicorrelated
0.1,10,100,181,TSCP_R,Gaussian,absolute_residual,0.853125,30214916777.1355,21.215296444296442,0.004006862640380859,0.0,equicorrelated
0.1,10,100,181,Point_CHR,Gaussian,absolute_residual,0.811875,30567881531.763855,23.100497769086303,0.0,0.0,equicorrelated
0.1,10,100,181,Unscaled,Gaussian,absolute_residual,0.87,3786316396288.3667,18.105965571043342,0.0,0.0,equicorrelated
0.1,10,100,181,Empirical_copula,Gaussian,absolute_residual,0.7925,18094615207.342396,20.369575504421356,0.0010018348693847656,0.0,equicorrelated
0.1,10,100,182,TSCP_R,Gaussian,absolute_residual,0.889375,40196243907.002464,27.510557548158236,0.003005504608154297,0.0,equicorrelated
0.1,10,100,182,Point_CHR,Gaussian,absolute_residual,0.865,41526614144.65968,25.81499954216247,0.0010004043579101562,0.0,equicorrelated
0.1,10,100,182,Unscaled,Gaussian,absolute_residual,0.93,15283603454210.55,20.817212530505603,0.0,0.0,equicorrelated
0.1,10,100,182,Empirical_copula,Gaussian,absolute_residual,0.80875,19305769489.51969,27.732605195257324,0.0009996891021728516,0.0,equicorrelated
0.1,10,100,183,TSCP_R,Gaussian,absolute_residual,0.913125,63437961756.23416,29.28570838174371,0.004000186920166016,0.0,equicorrelated
0.1,10,100,183,Point_CHR,Gaussian,absolute_residual,0.94875,161770742692.81488,35.60095150403926,0.0,0.0,equicorrelated
0.1,10,100,183,Unscaled,Gaussian,absolute_residual,0.95875,25408178975658.77,21.902684834776753,0.0,0.0,equicorrelated
0.1,10,100,183,Empirical_copula,Gaussian,absolute_residual,0.86,34103660512.163494,30.997527065048097,0.0010004043579101562,0.0,equicorrelated
0.1,10,100,184,TSCP_R,Gaussian,absolute_residual,0.89,50333424493.84024,27.365903606341924,0.002999544143676758,0.0,equicorrelated
0.1,10,100,184,Point_CHR,Gaussian,absolute_residual,0.836875,31464231095.435608,24.30612633368848,0.0,0.0,equicorrelated
0.1,10,100,184,Unscaled,Gaussian,absolute_residual,0.934375,12425914711315.496,20.39073294794301,0.0,0.0,equicorrelated
0.1,10,100,184,Empirical_copula,Gaussian,absolute_residual,0.85625,26860136852.148598,25.485375452488828,0.001001119613647461,0.0,equicorrelated
0.1,10,100,185,TSCP_R,Gaussian,absolute_residual,0.90125,54111824760.3739,28.33888712579887,0.0029981136322021484,0.0,equicorrelated
0.1,10,100,185,Point_CHR,Gaussian,absolute_residual,0.9425,169416272675.01022,36.22951892216773,0.001001119613647461,0.0,equicorrelated
0.1,10,100,185,Unscaled,Gaussian,absolute_residual,0.9225,11269137806239.742,20.192452455343318,0.0,0.0,equicorrelated
0.1,10,100,185,Empirical_copula,Gaussian,absolute_residual,0.755,14698345370.575466,24.070548760673766,0.0010006427764892578,0.0,equicorrelated
0.1,10,100,186,TSCP_R,Gaussian,absolute_residual,0.914375,73370179492.81055,28.176962600119012,0.0030059814453125,0.0,equicorrelated
0.1,10,100,186,Point_CHR,Gaussian,absolute_residual,0.889375,60016870649.90036,25.957276513255906,0.0009999275207519531,0.0,equicorrelated
0.1,10,100,186,Unscaled,Gaussian,absolute_residual,0.908125,9341373202117.457,19.81714432633533,0.0,0.0,equicorrelated
0.1,10,100,186,Empirical_copula,Gaussian,absolute_residual,0.854375,31265091245.35554,28.66707045845617,0.0009953975677490234,0.0,equicorrelated
0.1,10,100,187,TSCP_R,Gaussian,absolute_residual,0.899375,47301296893.388336,25.52233420829839,0.0040090084075927734,0.0,equicorrelated
0.1,10,100,187,Point_CHR,Gaussian,absolute_residual,0.910625,64392560164.08598,25.380054754996056,0.0,0.0,equicorrelated
0.1,10,100,187,Unscaled,Gaussian,absolute_residual,0.92375,11654659026487.56,20.26049059014218,0.0,0.0,equicorrelated
0.1,10,100,187,Empirical_copula,Gaussian,absolute_residual,0.783125,16974878126.91894,27.01345465459607,0.0009987354278564453,0.0,equicorrelated
0.1,10,100,188,TSCP_R,Gaussian,absolute_residual,0.9325,81235300006.07448,27.982562003571818,0.0040073394775390625,0.0,equicorrelated
0.1,10,100,188,Point_CHR,Gaussian,absolute_residual,0.89875,68157672659.65247,25.527083437736213,0.0,0.0,equicorrelated
0.1,10,100,188,Unscaled,Gaussian,absolute_residual,0.888125,6416254603281.717,19.08658184235537,0.0,0.0,equicorrelated
0.1,10,100,188,Empirical_copula,Gaussian,absolute_residual,0.878125,36092950152.20541,24.463359329693972,0.0009996891021728516,0.0,equicorrelated
0.1,10,100,189,TSCP_R,Gaussian,absolute_residual,0.89625,48465800312.182465,25.529908533360278,0.003999471664428711,0.0,equicorrelated
0.1,10,100,189,Point_CHR,Gaussian,absolute_residual,0.90875,65503645991.477936,27.79871395558391,0.0,0.0,equicorrelated
0.1,10,100,189,Unscaled,Gaussian,absolute_residual,0.92,11703907852318.883,20.269035782678134,0.0,0.0,equicorrelated
0.1,10,100,189,Empirical_copula,Gaussian,absolute_residual,0.838125,23983985064.017612,26.418483725228043,0.0020134449005126953,0.0,equicorrelated
0.1,10,100,190,TSCP_R,Gaussian,absolute_residual,0.886875,46642488253.78559,26.34149588852794,0.003999233245849609,0.0,equicorrelated
0.1,10,100,190,Point_CHR,Gaussian,absolute_residual,0.9225,122213035383.41461,35.86629292043442,0.0,0.0,equicorrelated
0.1,10,100,190,Unscaled,Gaussian,absolute_residual,0.924375,13548921897184.717,20.567924712350848,0.0010080337524414062,0.0,equicorrelated
0.1,10,100,190,Empirical_copula,Gaussian,absolute_residual,0.765,15192605577.9742,24.736729999031358,0.0009987354278564453,0.0,equicorrelated
0.1,10,100,191,TSCP_R,Gaussian,absolute_residual,0.9025,48432755364.53666,27.40603781390268,0.004006862640380859,0.0,equicorrelated
0.1,10,100,191,Point_CHR,Gaussian,absolute_residual,0.924375,124566726416.5816,27.831716244450448,0.0,0.0,equicorrelated
0.1,10,100,191,Unscaled,Gaussian,absolute_residual,0.88875,5588074396816.285,18.82461999118493,0.0,0.0,equicorrelated
0.1,10,100,191,Empirical_copula,Gaussian,absolute_residual,0.82375,17805137068.048298,24.770199072898453,0.0009996891021728516,0.0,equicorrelated
0.1,10,100,192,TSCP_R,Gaussian,absolute_residual,0.959375,155791842363.15805,28.367162899624773,0.003006458282470703,0.0,equicorrelated
0.1,10,100,192,Point_CHR,Gaussian,absolute_residual,0.958125,155127043207.7969,24.813328774971502,0.0,0.0,equicorrelated
0.1,10,100,192,Unscaled,Gaussian,absolute_residual,0.893125,6092250386596.976,18.987936663945575,0.0,0.0,equicorrelated
0.1,10,100,192,Empirical_copula,Gaussian,absolute_residual,0.894375,45477474990.94412,21.6037496613885,0.000993490219116211,0.0,equicorrelated
0.1,10,100,193,TSCP_R,Gaussian,absolute_residual,0.956875,155341884820.83414,27.72974111813496,0.003999471664428711,0.0,equicorrelated
0.1,10,100,193,Point_CHR,Gaussian,absolute_residual,0.9375,135523099141.50966,27.92310023764326,0.0010077953338623047,0.0,equicorrelated
0.1,10,100,193,Unscaled,Gaussian,absolute_residual,0.883125,6267036971186.246,19.041722232301275,0.0,0.0,equicorrelated
0.1,10,100,193,Empirical_copula,Gaussian,absolute_residual,0.845625,28252427883.88484,24.10264043687717,0.0009989738464355469,0.0,equicorrelated
0.1,10,100,194,TSCP_R,Gaussian,absolute_residual,0.88625,41623527969.300514,28.381158449526,0.004008054733276367,0.0,equicorrelated
0.1,10,100,194,Point_CHR,Gaussian,absolute_residual,0.880625,52116743115.97985,25.636640084865128,0.0,0.0,equicorrelated
0.1,10,100,194,Unscaled,Gaussian,absolute_residual,0.869375,4753172631765.52,18.52244691534004,0.0,0.0,equicorrelated
0.1,10,100,194,Empirical_copula,Gaussian,absolute_residual,0.803125,19526912834.724842,27.11698937057788,0.0009996891021728516,0.0,equicorrelated
0.1,10,100,195,TSCP_R,Gaussian,absolute_residual,0.879375,35713206311.50994,24.356362966682163,0.004006385803222656,0.0,equicorrelated
0.1,10,100,195,Point_CHR,Gaussian,absolute_residual,0.883125,62167525064.79834,28.907095143588705,0.0,0.0,equicorrelated
0.1,10,100,195,Unscaled,Gaussian,absolute_residual,0.890625,6101578161463.248,18.990841884098575,0.0010001659393310547,0.0,equicorrelated
0.1,10,100,195,Empirical_copula,Gaussian,absolute_residual,0.804375,25244065715.938335,24.18982615764618,0.0010030269622802734,0.0,equicorrelated
0.1,10,100,196,TSCP_R,Gaussian,absolute_residual,0.930625,99458626564.48463,28.922275260598482,0.004003286361694336,0.0,equicorrelated
0.1,10,100,196,Point_CHR,Gaussian,absolute_residual,0.883125,67303308213.77586,31.39197737569529,0.0,0.0,equicorrelated
0.1,10,100,196,Unscaled,Gaussian,absolute_residual,0.915625,11583007584147.771,20.248000089528002,0.0010020732879638672,0.0,equicorrelated
0.1,10,100,196,Empirical_copula,Gaussian,absolute_residual,0.864375,35253885672.08117,26.1846292126167,0.00099945068359375,0.0,equicorrelated
0.1,10,100,197,TSCP_R,Gaussian,absolute_residual,0.9375,85719054085.04224,25.1509026288116,0.0029985904693603516,0.0,equicorrelated
0.1,10,100,197,Point_CHR,Gaussian,absolute_residual,0.9275,92266371821.43799,24.74017861737444,0.001001119613647461,0.0,equicorrelated
0.1,10,100,197,Unscaled,Gaussian,absolute_residual,0.92375,11492302434331.834,20.23208796886181,0.0,0.0,equicorrelated
0.1,10,100,197,Empirical_copula,Gaussian,absolute_residual,0.863125,30880630219.308678,22.289653921646156,0.0010001659393310547,0.0,equicorrelated
0.1,10,100,198,TSCP_R,Gaussian,absolute_residual,0.91375,65823217613.60146,26.515709182768383,0.004006862640380859,0.0,equicorrelated
0.1,10,100,198,Point_CHR,Gaussian,absolute_residual,0.90875,94868268076.2252,28.96042195134011,0.0,0.0,equicorrelated
0.1,10,100,198,Unscaled,Gaussian,absolute_residual,0.85625,4061622466326.883,18.23349638448648,0.0,0.0,equicorrelated
0.1,10,100,198,Empirical_copula,Gaussian,absolute_residual,0.830625,28137374130.707813,22.233682446980403,0.00099945068359375,0.0,equicorrelated
0.1,10,100,199,TSCP_R,Gaussian,absolute_residual,0.93625,82360232578.6799,27.792805462695306,0.004999876022338867,0.0,equicorrelated
0.1,10,100,199,Point_CHR,Gaussian,absolute_residual,0.874375,38979930118.167404,25.450960361106173,0.0,0.0,equicorrelated
0.1,10,100,199,Unscaled,Gaussian,absolute_residual,0.918125,13291198868568.115,20.52846211957378,0.0,0.0,equicorrelated
0.1,10,100,199,Empirical_copula,Gaussian,absolute_residual,0.835,29462184835.921722,24.001203425968253,0.0009996891021728516,0.0,equicorrelated
