alpha,n_dim,n_cal,trial,method,noise_type,score_type,test_coverage,coverage_volume,coverage_max_length,runtime,redraw_train_test,n_train,n_test
0.1,10,10,0,TSCP_R,Gaussian,absolute_residual,1.0,7058027427389.844,60.69816358659011,0.0020074844360351562,True,7200,800
0.1,10,10,0,Point_CHR,Gaussian,absolute_residual,1.0,inf,inf,0.001001596450805664,True,7200,800
0.1,10,10,0,Unscaled,Gaussian,absolute_residual,0.99375,387576453739750.6,28.76310313184437,0.0,True,7200,800
0.1,10,10,0,Empirical_copula,Gaussian,absolute_residual,0.48875,1951284480.0139308,28.763103131766975,0.0,True,7200,800
0.1,10,10,1,TSCP_R,Gaussian,absolute_residual,0.99875,22888721414113.773,54.85477552450549,0.0020067691802978516,True,7200,800
0.1,10,10,1,Point_CHR,Gaussian,absolute_residual,1.0,inf,inf,0.0,True,7200,800
0.1,10,10,1,Unscaled,Gaussian,absolute_residual,0.97625,50517628400751.84,23.460879851625418,0.0,True,7200,800
0.1,10,10,1,Empirical_copula,Gaussian,absolute_residual,0.495,3272193274.919853,23.46087985158153,0.0009996891021728516,True,7200,800
0.1,10,10,2,TSCP_R,Gaussian,absolute_residual,1.0,110529886131611.3,47.338401064005936,0.002000093460083008,True,7200,800
0.1,10,10,2,Point_CHR,Gaussian,absolute_residual,1.0,inf,inf,0.0,True,7200,800
0.1,10,10,2,Unscaled,Gaussian,absolute_residual,0.8775,5573384708420.412,18.819665592875623,0.0,True,7200,800
0.1,10,10,2,Empirical_copula,Gaussian,absolute_residual,0.5325,2964347602.0700107,18.819665592830585,0.0,True,7200,800
0.1,10,10,3,TSCP_R,Gaussian,absolute_residual,0.96,820280353220.5809,36.435923316746035,0.001999378204345703,True,7200,800
0.1,10,10,3,Point_CHR,Gaussian,absolute_residual,1.0,inf,inf,0.0,True,7200,800
0.1,10,10,3,Unscaled,Gaussian,absolute_residual,0.90125,8242059806024.633,19.57057456600268,0.0,True,7200,800
0.1,10,10,3,Empirical_copula,Gaussian,absolute_residual,0.405,2177122746.839286,19.570574565957642,0.0010006427764892578,True,7200,800
0.1,10,10,4,TSCP_R,Gaussian,absolute_residual,0.865,152346001182.5949,32.11985267472079,0.002001523971557617,True,7200,800
0.1,10,10,4,Point_CHR,Gaussian,absolute_residual,1.0,inf,inf,0.0,True,7200,800
0.1,10,10,4,Unscaled,Gaussian,absolute_residual,0.93625,13310603084396.113,20.531457163582278,0.0,True,7200,800
0.1,10,10,4,Empirical_copula,Gaussian,absolute_residual,0.33125,954623052.472194,20.53145716353839,0.0,True,7200,800
0.1,10,10,5,TSCP_R,Gaussian,absolute_residual,1.0,482741158049984.5,86.20675695939363,0.0020096302032470703,True,7200,800
0.1,10,10,5,Point_CHR,Gaussian,absolute_residual,1.0,inf,inf,0.000997304916381836,True,7200,800
0.1,10,10,5,Unscaled,Gaussian,absolute_residual,0.995,177442555599292.03,26.601478692967866,0.0,True,7200,800
0.1,10,10,5,Empirical_copula,Gaussian,absolute_residual,0.48875,3107384026.9023924,26.60147869292283,0.0,True,7200,800
0.1,10,10,6,TSCP_R,Gaussian,absolute_residual,0.68875,104014829456.12022,40.71914762245208,0.002001523971557617,True,7200,800
0.1,10,10,6,Point_CHR,Gaussian,absolute_residual,1.0,inf,inf,0.0009996891021728516,True,7200,800
0.1,10,10,6,Unscaled,Gaussian,absolute_residual,0.98625,124934485862621.45,25.68432953661416,0.0,True,7200,800
0.1,10,10,6,Empirical_copula,Gaussian,absolute_residual,0.15875,325770853.0513624,25.684329536535554,0.0,True,7200,800
0.1,10,10,7,TSCP_R,Gaussian,absolute_residual,0.9675,1449481685382.6682,38.69558678535181,0.0009992122650146484,True,7200,800
0.1,10,10,7,Point_CHR,Gaussian,absolute_residual,1.0,inf,inf,0.0009984970092773438,True,7200,800
0.1,10,10,7,Unscaled,Gaussian,absolute_residual,0.8925,6243362206828.051,19.03451665048332,0.0,True,7200,800
0.1,10,10,7,Empirical_copula,Gaussian,absolute_residual,0.5325,3088490625.390821,19.03451665043828,0.0,True,7200,800
0.1,10,10,8,TSCP_R,Gaussian,absolute_residual,0.99875,3211571480174.9746,36.44454254544482,0.0019998550415039062,True,7200,800
0.1,10,10,8,Point_CHR,Gaussian,absolute_residual,1.0,inf,inf,0.0,True,7200,800
0.1,10,10,8,Unscaled,Gaussian,absolute_residual,0.8975,7626357746168.001,19.419217115977663,0.0,True,7200,800
0.1,10,10,8,Empirical_copula,Gaussian,absolute_residual,0.49625,2737495356.2349095,19.4192171158801,0.0010020732879638672,True,7200,800
0.1,10,10,9,TSCP_R,Gaussian,absolute_residual,0.72375,31362025964.56656,25.87688906655391,0.0009982585906982422,True,7200,800
0.1,10,10,9,Point_CHR,Gaussian,absolute_residual,1.0,inf,inf,0.0010001659393310547,True,7200,800
0.1,10,10,9,Unscaled,Gaussian,absolute_residual,0.7075,706854850835.5259,15.308513596930789,0.0,True,7200,800
0.1,10,10,9,Empirical_copula,Gaussian,absolute_residual,0.27375,547373945.2109067,15.30851359692137,0.0,True,7200,800
0.1,10,10,10,TSCP_R,Gaussian,absolute_residual,0.83625,6983952782984.368,64.35796912140586,0.0020089149475097656,True,7200,800
0.1,10,10,10,Point_CHR,Gaussian,absolute_residual,1.0,inf,inf,0.0,True,7200,800
0.1,10,10,10,Unscaled,Gaussian,absolute_residual,0.99,141264292802343.9,26.00178961195379,0.0,True,7200,800
0.1,10,10,10,Empirical_copula,Gaussian,absolute_residual,0.3825,2818361904.807035,26.00178961194437,0.0009980201721191406,True,7200,800
0.1,10,10,11,TSCP_R,Gaussian,absolute_residual,0.9525,1175383104786.452,37.25548864473023,0.001007080078125,True,7200,800
0.1,10,10,11,Point_CHR,Gaussian,absolute_residual,1.0,inf,inf,0.0009999275207519531,True,7200,800
0.1,10,10,11,Unscaled,Gaussian,absolute_residual,0.80875,1664749535605.193,16.67765133726499,0.0,True,7200,800
0.1,10,10,11,Empirical_copula,Gaussian,absolute_residual,0.36375,991518427.6649864,16.677651337186383,0.0009944438934326172,True,7200,800
0.1,10,10,12,TSCP_R,Gaussian,absolute_residual,0.99875,6253859984533.664,46.54543038134461,0.002000093460083008,True,7200,800
0.1,10,10,12,Point_CHR,Gaussian,absolute_residual,1.0,inf,inf,0.0009953975677490234,True,7200,800
0.1,10,10,12,Unscaled,Gaussian,absolute_residual,0.85875,3113352049709.2847,17.755087758239835,0.0,True,7200,800
0.1,10,10,12,Empirical_copula,Gaussian,absolute_residual,0.3375,594787409.602574,17.755087758142274,0.0,True,7200,800
0.1,10,10,13,TSCP_R,Gaussian,absolute_residual,0.955,1481605810363.0376,44.30978275719492,0.002001047134399414,True,7200,800
0.1,10,10,13,Point_CHR,Gaussian,absolute_residual,1.0,inf,inf,0.0010008811950683594,True,7200,800
0.1,10,10,13,Unscaled,Gaussian,absolute_residual,0.92625,17519995510180.314,21.10344705167216,0.0,True,7200,800
0.1,10,10,13,Empirical_copula,Gaussian,absolute_residual,0.43875,3244570746.3172035,21.103447051574598,0.0,True,7200,800
0.1,10,10,14,TSCP_R,Gaussian,absolute_residual,0.9825,4676348305839.195,50.72453668517704,0.002001523971557617,True,7200,800
0.1,10,10,14,Point_CHR,Gaussian,absolute_residual,1.0,inf,inf,0.0010013580322265625,True,7200,800
0.1,10,10,14,Unscaled,Gaussian,absolute_residual,0.8625,4985647912338.973,18.611105051320553,0.0,True,7200,800
0.1,10,10,14,Empirical_copula,Gaussian,absolute_residual,0.295,882584738.3413765,18.611105051311135,0.0,True,7200,800
0.1,10,10,15,TSCP_R,Gaussian,absolute_residual,0.9975,1806505028920.9468,40.86738110610633,0.0029993057250976562,True,7200,800
0.1,10,10,15,Point_CHR,Gaussian,absolute_residual,1.0,inf,inf,0.0,True,7200,800
0.1,10,10,15,Unscaled,Gaussian,absolute_residual,0.905,9645564333485.594,19.88075000456316,0.0,True,7200,800
0.1,10,10,15,Empirical_copula,Gaussian,absolute_residual,0.325,770923094.2900865,19.880750004553743,0.001001596450805664,True,7200,800
0.1,10,10,16,TSCP_R,Gaussian,absolute_residual,0.97,1831902683108.8145,59.0917427588944,0.002006053924560547,True,7200,800
0.1,10,10,16,Point_CHR,Gaussian,absolute_residual,1.0,inf,inf,0.0,True,7200,800
0.1,10,10,16,Unscaled,Gaussian,absolute_residual,1.0,1373814531052402.5,32.6432063649707,0.0,True,7200,800
0.1,10,10,16,Empirical_copula,Gaussian,absolute_residual,0.355,1873233637.1625137,32.64320636487314,0.0,True,7200,800
0.1,10,10,17,TSCP_R,Gaussian,absolute_residual,0.9125,1645007735183.425,47.764300365454964,0.002007007598876953,True,7200,800
0.1,10,10,17,Point_CHR,Gaussian,absolute_residual,1.0,inf,inf,0.0,True,7200,800
0.1,10,10,17,Unscaled,Gaussian,absolute_residual,0.97625,42324069926799.41,23.049353167807688,0.0,True,7200,800
0.1,10,10,17,Empirical_copula,Gaussian,absolute_residual,0.50875,4656127271.5941925,23.04935316776265,0.0009996891021728516,True,7200,800
0.1,10,10,18,TSCP_R,Gaussian,absolute_residual,0.91375,6612679751127.526,43.300174206322254,0.0010080337524414062,True,7200,800
0.1,10,10,18,Point_CHR,Gaussian,absolute_residual,1.0,inf,inf,0.0,True,7200,800
0.1,10,10,18,Unscaled,Gaussian,absolute_residual,0.83625,2868559236788.01,17.610284908301065,0.0,True,7200,800
0.1,10,10,18,Empirical_copula,Gaussian,absolute_residual,0.255,707096373.2581989,17.610284908256027,0.0,True,7200,800
0.1,10,10,19,TSCP_R,Gaussian,absolute_residual,0.86,136045004105.42729,32.11334396579104,0.0020067691802978516,True,7200,800
0.1,10,10,19,Point_CHR,Gaussian,absolute_residual,1.0,inf,inf,0.0,True,7200,800
0.1,10,10,19,Unscaled,Gaussian,absolute_residual,0.91,11533932372561.225,20.239404960033607,0.0,True,7200,800
0.1,10,10,19,Empirical_copula,Gaussian,absolute_residual,0.285,455167904.9358095,20.23940495998972,0.0009999275207519531,True,7200,800
0.1,10,10,20,TSCP_R,Gaussian,absolute_residual,0.98125,1604449541551.299,44.58821529745387,0.0019948482513427734,True,7200,800
0.1,10,10,20,Point_CHR,Gaussian,absolute_residual,1.0,inf,inf,0.0009996891021728516,True,7200,800
0.1,10,10,20,Unscaled,Gaussian,absolute_residual,0.98625,160163235215582.62,26.330328853502714,0.0,True,7200,800
0.1,10,10,20,Empirical_copula,Gaussian,absolute_residual,0.485,3804705900.8099656,26.330328853405153,0.0,True,7200,800
0.1,10,10,21,TSCP_R,Gaussian,absolute_residual,0.92375,230838937526.2292,38.29933654096764,0.001999378204345703,True,7200,800
0.1,10,10,21,Point_CHR,Gaussian,absolute_residual,1.0,inf,inf,0.0010068416595458984,True,7200,800
0.1,10,10,21,Unscaled,Gaussian,absolute_residual,0.94,13116031883947.184,20.50124550382259,0.0,True,7200,800
0.1,10,10,21,Empirical_copula,Gaussian,absolute_residual,0.255,499151941.4394009,20.501245503736733,0.0,True,7200,800
0.1,10,10,22,TSCP_R,Gaussian,absolute_residual,0.9925,1172072859743.7942,42.99738081618838,0.002003908157348633,True,7200,800
0.1,10,10,22,Point_CHR,Gaussian,absolute_residual,1.0,inf,inf,0.0009877681732177734,True,7200,800
0.1,10,10,22,Unscaled,Gaussian,absolute_residual,0.98625,123312859401252.48,25.650795413948693,0.0,True,7200,800
0.1,10,10,22,Empirical_copula,Gaussian,absolute_residual,0.53125,3885307878.9653707,25.65079541393588,0.0,True,7200,800
0.1,10,10,23,TSCP_R,Gaussian,absolute_residual,0.65125,40408690279.37638,27.478933119660887,0.0020072460174560547,True,7200,800
0.1,10,10,23,Point_CHR,Gaussian,absolute_residual,1.0,inf,inf,0.0,True,7200,800
0.1,10,10,23,Unscaled,Gaussian,absolute_residual,0.85875,2714964584312.282,17.513639939989943,0.0,True,7200,800
0.1,10,10,23,Empirical_copula,Gaussian,absolute_residual,0.2525,710440271.7706661,17.513639939911336,0.0010001659393310547,True,7200,800
0.1,10,10,24,TSCP_R,Gaussian,absolute_residual,0.9,505485739932.39813,35.656852521988384,0.0019989013671875,True,7200,800
0.1,10,10,24,Point_CHR,Gaussian,absolute_residual,1.0,inf,inf,0.0,True,7200,800
0.1,10,10,24,Unscaled,Gaussian,absolute_residual,0.88375,4712892470968.429,18.506690119985084,0.0,True,7200,800
0.1,10,10,24,Empirical_copula,Gaussian,absolute_residual,0.34125,1022653224.7194859,18.506690119975666,0.0,True,7200,800
0.1,10,10,25,TSCP_R,Gaussian,absolute_residual,0.91875,713440022257.1708,36.85968056425378,0.001995086669921875,True,7200,800
0.1,10,10,25,Point_CHR,Gaussian,absolute_residual,1.0,inf,inf,0.0,True,7200,800
0.1,10,10,25,Unscaled,Gaussian,absolute_residual,0.87875,4552184144843.51,18.44259300167425,0.0,True,7200,800
0.1,10,10,25,Empirical_copula,Gaussian,absolute_residual,0.31875,1192557937.775639,18.44259300166144,0.0009996891021728516,True,7200,800
0.1,10,10,26,TSCP_R,Gaussian,absolute_residual,0.97375,725158347646.8544,49.46474587539132,0.00200653076171875,True,7200,800
0.1,10,10,26,Point_CHR,Gaussian,absolute_residual,1.0,inf,inf,0.0010001659393310547,True,7200,800
0.1,10,10,26,Unscaled,Gaussian,absolute_residual,0.975,56879848768463.69,23.740826999256814,0.0,True,7200,800
0.1,10,10,26,Empirical_copula,Gaussian,absolute_residual,0.33125,813405230.8688785,23.740826999211777,0.0,True,7200,800
0.1,10,10,27,TSCP_R,Gaussian,absolute_residual,0.97375,2602275478799.8896,37.06231073086431,0.00200653076171875,True,7200,800
0.1,10,10,27,Point_CHR,Gaussian,absolute_residual,1.0,inf,inf,0.0,True,7200,800
0.1,10,10,27,Unscaled,Gaussian,absolute_residual,0.8775,7690680604472.721,19.43553399877216,0.0,True,7200,800
0.1,10,10,27,Empirical_copula,Gaussian,absolute_residual,0.2875,606981692.8061852,19.435533998762743,0.0009999275207519531,True,7200,800
0.1,10,10,28,TSCP_R,Gaussian,absolute_residual,0.99375,3607858872263.698,39.35337870353726,0.0020062923431396484,True,7200,800
0.1,10,10,28,Point_CHR,Gaussian,absolute_residual,1.0,inf,inf,0.0,True,7200,800
0.1,10,10,28,Unscaled,Gaussian,absolute_residual,0.81,2302879792811.482,17.22769311618776,0.0,True,7200,800
0.1,10,10,28,Empirical_copula,Gaussian,absolute_residual,0.2975,920333676.8353692,17.22769311610915,0.0,True,7200,800
0.1,10,10,29,TSCP_R,Gaussian,absolute_residual,0.85,3992185679746.8003,44.25503863857118,0.00200653076171875,True,7200,800
0.1,10,10,29,Point_CHR,Gaussian,absolute_residual,1.0,inf,inf,0.0,True,7200,800
0.1,10,10,29,Unscaled,Gaussian,absolute_residual,0.95125,23934842537227.49,21.772237216519127,0.0,True,7200,800
0.1,10,10,29,Empirical_copula,Gaussian,absolute_residual,0.27,1689135392.7593853,21.772237216421566,0.0009999275207519531,True,7200,800
0.1,10,10,30,TSCP_R,Gaussian,absolute_residual,0.77375,187822564242.92007,39.66004174791515,0.00200653076171875,True,7200,800
0.1,10,10,30,Point_CHR,Gaussian,absolute_residual,1.0,inf,inf,0.0,True,7200,800
0.1,10,10,30,Unscaled,Gaussian,absolute_residual,0.96625,46600680161518.74,23.272295651147157,0.0,True,7200,800
0.1,10,10,30,Empirical_copula,Gaussian,absolute_residual,0.24625,663335593.4460269,23.2722956510613,0.0009999275207519531,True,7200,800
0.1,10,10,31,TSCP_R,Gaussian,absolute_residual,0.9975,7725400108786.227,53.8910451535075,0.0010066032409667969,True,7200,800
0.1,10,10,31,Point_CHR,Gaussian,absolute_residual,1.0,inf,inf,0.0010001659393310547,True,7200,800
0.1,10,10,31,Unscaled,Gaussian,absolute_residual,0.9275,14329264395377.043,20.683421844611303,0.0,True,7200,800
0.1,10,10,31,Empirical_copula,Gaussian,absolute_residual,0.34375,1007785429.1752491,20.683421844532695,0.0009949207305908203,True,7200,800
0.1,10,10,32,TSCP_R,Gaussian,absolute_residual,0.965,4427308798411.158,49.346351533882384,0.002007007598876953,True,7200,800
0.1,10,10,32,Point_CHR,Gaussian,absolute_residual,1.0,inf,inf,0.0,True,7200,800
0.1,10,10,32,Unscaled,Gaussian,absolute_residual,0.96625,34652421973020.375,22.59297175754699,0.0,True,7200,800
0.1,10,10,32,Empirical_copula,Gaussian,absolute_residual,0.26625,788321023.871671,22.592971757470877,0.0,True,7200,800
0.1,10,10,33,TSCP_R,Gaussian,absolute_residual,1.0,2.2496177150992656e+16,130.16203940278984,0.0009989738464355469,True,7200,800
0.1,10,10,33,Point_CHR,Gaussian,absolute_residual,1.0,inf,inf,0.0009944438934326172,True,7200,800
0.1,10,10,33,Unscaled,Gaussian,absolute_residual,0.97125,43135245384716.055,23.093152701084293,0.0,True,7200,800
0.1,10,10,33,Empirical_copula,Gaussian,absolute_residual,0.6575,10212983074.987331,23.093152701039255,0.0,True,7200,800
0.1,10,10,34,TSCP_R,Gaussian,absolute_residual,0.97875,4958542947931.381,50.67256910794685,0.001999378204345703,True,7200,800
0.1,10,10,34,Point_CHR,Gaussian,absolute_residual,1.0,inf,inf,0.0,True,7200,800
0.1,10,10,34,Unscaled,Gaussian,absolute_residual,0.94125,25063226260699.54,21.872765530646408,0.0,True,7200,800
0.1,10,10,34,Empirical_copula,Gaussian,absolute_residual,0.3375,1718867937.6330707,21.872765530569012,0.0010013580322265625,True,7200,800
0.1,10,10,35,TSCP_R,Gaussian,absolute_residual,0.985,7881751314520.801,51.479024735266364,0.0020012855529785156,True,7200,800
0.1,10,10,35,Point_CHR,Gaussian,absolute_residual,1.0,inf,inf,0.0010008811950683594,True,7200,800
0.1,10,10,35,Unscaled,Gaussian,absolute_residual,0.975,108473787658530.77,25.324010242300062,0.0,True,7200,800
0.1,10,10,35,Empirical_copula,Gaussian,absolute_residual,0.4275,1647876623.9246027,25.324010242221455,0.0,True,7200,800
0.1,10,10,36,TSCP_R,Gaussian,absolute_residual,0.9575,1566904426987.1116,48.734289247386485,0.0009944438934326172,True,7200,800
0.1,10,10,36,Point_CHR,Gaussian,absolute_residual,1.0,inf,inf,0.0009992122650146484,True,7200,800
0.1,10,10,36,Unscaled,Gaussian,absolute_residual,0.98625,193835210706922.8,26.837574749593394,0.0,True,7200,800
0.1,10,10,36,Empirical_copula,Gaussian,absolute_residual,0.36,1427926112.5017571,26.837574749515998,0.0,True,7200,800
0.1,10,10,37,TSCP_R,Gaussian,absolute_residual,1.0,132367999994178.33,65.84416371815594,0.002012014389038086,True,7200,800
0.1,10,10,37,Point_CHR,Gaussian,absolute_residual,1.0,inf,inf,0.0009953975677490234,True,7200,800
0.1,10,10,37,Unscaled,Gaussian,absolute_residual,0.9875,128545076537025.36,25.757608904361728,0.0,True,7200,800
0.1,10,10,37,Empirical_copula,Gaussian,absolute_residual,0.50875,3785720141.7097273,25.757608904285615,0.0,True,7200,800
0.1,10,10,38,TSCP_R,Gaussian,absolute_residual,0.81625,179458823435.65765,39.1100427376146,0.0019991397857666016,True,7200,800
0.1,10,10,38,Point_CHR,Gaussian,absolute_residual,1.0,inf,inf,0.0,True,7200,800
0.1,10,10,38,Unscaled,Gaussian,absolute_residual,0.96875,61597523020772.36,23.930750829300464,0.0,True,7200,800
0.1,10,10,38,Empirical_copula,Gaussian,absolute_residual,0.34875,1109254472.6553555,23.930750829256578,0.0010018348693847656,True,7200,800
0.1,10,10,39,TSCP_R,Gaussian,absolute_residual,0.895,658227612395.301,36.63077925392993,0.0010068416595458984,True,7200,800
0.1,10,10,39,Point_CHR,Gaussian,absolute_residual,1.0,inf,inf,0.0009999275207519531,True,7200,800
0.1,10,10,39,Unscaled,Gaussian,absolute_residual,0.92375,14385954756899.326,20.69159022179298,0.0,True,7200,800
0.1,10,10,39,Empirical_copula,Gaussian,absolute_residual,0.5325,5505086986.139168,20.69159022171437,0.0,True,7200,800
0.1,10,10,40,TSCP_R,Gaussian,absolute_residual,0.98875,3476514772886.9893,43.77954035120509,0.0020062923431396484,True,7200,800
0.1,10,10,40,Point_CHR,Gaussian,absolute_residual,1.0,inf,inf,0.0,True,7200,800
0.1,10,10,40,Unscaled,Gaussian,absolute_residual,0.91875,11749291924233.955,20.276881795719664,0.0,True,7200,800
0.1,10,10,40,Empirical_copula,Gaussian,absolute_residual,0.39125,1208780888.599583,20.276881795641057,0.0009930133819580078,True,7200,800
0.1,10,10,41,TSCP_R,Gaussian,absolute_residual,1.0,71742232364317.11,62.57401182530086,0.001001119613647461,True,7200,800
0.1,10,10,41,Point_CHR,Gaussian,absolute_residual,1.0,inf,inf,0.0009984970092773438,True,7200,800
0.1,10,10,41,Unscaled,Gaussian,absolute_residual,0.97375,65103492820664.8,24.06359052850753,0.0,True,7200,800
0.1,10,10,41,Empirical_copula,Gaussian,absolute_residual,0.425,1868222775.839453,24.06359052849811,0.0,True,7200,800
0.1,10,10,42,TSCP_R,Gaussian,absolute_residual,0.8875,836054623712.2822,35.38086368977678,0.002007007598876953,True,7200,800
0.1,10,10,42,Point_CHR,Gaussian,absolute_residual,1.0,inf,inf,0.0,True,7200,800
0.1,10,10,42,Unscaled,Gaussian,absolute_residual,0.91375,12898538129632.768,20.466993384283196,0.0,True,7200,800
0.1,10,10,42,Empirical_copula,Gaussian,absolute_residual,0.34625,1629811543.5436223,20.466993384197337,0.0009996891021728516,True,7200,800
0.1,10,10,43,TSCP_R,Gaussian,absolute_residual,0.99875,12981175364843.246,43.7933374651594,0.0020117759704589844,True,7200,800
0.1,10,10,43,Point_CHR,Gaussian,absolute_residual,1.0,inf,inf,0.000989675521850586,True,7200,800
0.1,10,10,43,Unscaled,Gaussian,absolute_residual,0.98125,60967181471610.0,23.90614843784286,0.0,True,7200,800
0.1,10,10,43,Empirical_copula,Gaussian,absolute_residual,0.58375,7116301866.888017,23.90614843783344,0.0,True,7200,800
0.1,10,10,44,TSCP_R,Gaussian,absolute_residual,1.0,42212474563910.9,70.77042956653112,0.002000570297241211,True,7200,800
0.1,10,10,44,Point_CHR,Gaussian,absolute_residual,1.0,inf,inf,0.0,True,7200,800
0.1,10,10,44,Unscaled,Gaussian,absolute_residual,0.9875,219703910959491.06,27.175890176410437,0.0,True,7200,800
0.1,10,10,44,Empirical_copula,Gaussian,absolute_residual,0.41125,2387626604.1146483,27.17589017633304,0.0010018348693847656,True,7200,800
0.1,10,10,45,TSCP_R,Gaussian,absolute_residual,1.0,7281207858409.124,52.12109487271177,0.002002239227294922,True,7200,800
0.1,10,10,45,Point_CHR,Gaussian,absolute_residual,1.0,inf,inf,0.0,True,7200,800
0.1,10,10,45,Unscaled,Gaussian,absolute_residual,0.98,95790490687820.95,25.011068162274515,0.0,True,7200,800
0.1,10,10,45,Empirical_copula,Gaussian,absolute_residual,0.4625,2509326435.8656483,25.011068162261704,0.0,True,7200,800
0.1,10,10,46,TSCP_R,Gaussian,absolute_residual,0.92,1390461412646.818,40.35713536568597,0.0010061264038085938,True,7200,800
0.1,10,10,46,Point_CHR,Gaussian,absolute_residual,1.0,inf,inf,0.0010004043579101562,True,7200,800
0.1,10,10,46,Unscaled,Gaussian,absolute_residual,0.95125,23035230615371.133,21.68898640096213,0.0,True,7200,800
0.1,10,10,46,Empirical_copula,Gaussian,absolute_residual,0.40875,2426671654.148294,21.688986400883522,0.0,True,7200,800
0.1,10,10,47,TSCP_R,Gaussian,absolute_residual,0.93375,294555694407.8274,46.641037525357426,0.0020101070404052734,True,7200,800
0.1,10,10,47,Point_CHR,Gaussian,absolute_residual,1.0,inf,inf,0.0,True,7200,800
0.1,10,10,47,Unscaled,Gaussian,absolute_residual,0.98,130851872632724.97,25.80346294537735,0.0,True,7200,800
0.1,10,10,47,Empirical_copula,Gaussian,absolute_residual,0.36625,979005256.58326,25.803462945299955,0.0,True,7200,800
0.1,10,10,48,TSCP_R,Gaussian,absolute_residual,0.9575,18118713134006.48,50.78629509540639,0.001007080078125,True,7200,800
0.1,10,10,48,Point_CHR,Gaussian,absolute_residual,1.0,inf,inf,0.00099945068359375,True,7200,800
0.1,10,10,48,Unscaled,Gaussian,absolute_residual,0.925,12342505696654.49,20.377004137426358,0.0,True,7200,800
0.1,10,10,48,Empirical_copula,Gaussian,absolute_residual,0.34875,2091881785.4068146,20.377004137350244,0.0,True,7200,800
0.1,10,10,49,TSCP_R,Gaussian,absolute_residual,0.73125,17560026975.890953,25.790274393561987,0.002003908157348633,True,7200,800
0.1,10,10,49,Point_CHR,Gaussian,absolute_residual,1.0,inf,inf,0.00099945068359375,True,7200,800
0.1,10,10,49,Unscaled,Gaussian,absolute_residual,0.85625,3643626641157.0635,18.036546545919848,0.0,True,7200,800
0.1,10,10,49,Empirical_copula,Gaussian,absolute_residual,0.215,245329286.1116322,18.036546545843734,0.0,True,7200,800
0.1,10,10,50,TSCP_R,Gaussian,absolute_residual,0.8975,224916379688.214,37.15813960032726,0.0020017623901367188,True,7200,800
0.1,10,10,50,Point_CHR,Gaussian,absolute_residual,1.0,inf,inf,0.0010001659393310547,True,7200,800
0.1,10,10,50,Unscaled,Gaussian,absolute_residual,0.97625,50481346219808.67,23.45919432689598,0.0,True,7200,800
0.1,10,10,50,Empirical_copula,Gaussian,absolute_residual,0.375,1030197233.466822,23.459194326798418,0.0,True,7200,800
0.1,10,10,51,TSCP_R,Gaussian,absolute_residual,0.9875,16716038958916.008,51.17649717475908,0.0020079612731933594,True,7200,800
0.1,10,10,51,Point_CHR,Gaussian,absolute_residual,1.0,inf,inf,0.0,True,7200,800
0.1,10,10,51,Unscaled,Gaussian,absolute_residual,0.97,49681619309374.125,23.421762576177365,0.0,True,7200,800
0.1,10,10,51,Empirical_copula,Gaussian,absolute_residual,0.5825,8807168921.569836,23.42176257609997,0.0,True,7200,800
0.1,10,10,52,TSCP_R,Gaussian,absolute_residual,0.9925,8219143899857.138,50.2259042552767,0.0020058155059814453,True,7200,800
0.1,10,10,52,Point_CHR,Gaussian,absolute_residual,1.0,inf,inf,0.0,True,7200,800
0.1,10,10,52,Unscaled,Gaussian,absolute_residual,0.9725,46135795841119.59,23.248974527297133,0.0,True,7200,800
0.1,10,10,52,Empirical_copula,Gaussian,absolute_residual,0.37,1375886957.6991916,23.248974527287714,0.0010042190551757812,True,7200,800
0.1,10,10,53,TSCP_R,Gaussian,absolute_residual,0.8675,137425875450.99364,24.503558411260766,0.0020003318786621094,True,7200,800
0.1,10,10,53,Point_CHR,Gaussian,absolute_residual,1.0,inf,inf,0.0010061264038085938,True,7200,800
0.1,10,10,53,Unscaled,Gaussian,absolute_residual,0.675,465450372997.1756,14.682071620426608,0.0,True,7200,800
0.1,10,10,53,Empirical_copula,Gaussian,absolute_residual,0.29875,826841684.2683502,14.68207162038157,0.0,True,7200,800
0.1,10,10,54,TSCP_R,Gaussian,absolute_residual,1.0,666247611577052.2,77.65911062878804,0.0020020008087158203,True,7200,800
0.1,10,10,54,Point_CHR,Gaussian,absolute_residual,1.0,inf,inf,0.0,True,7200,800
0.1,10,10,54,Unscaled,Gaussian,absolute_residual,0.97375,36339290781609.42,22.70061612640708,0.0,True,7200,800
0.1,10,10,54,Empirical_copula,Gaussian,absolute_residual,0.51375,2814758985.715584,22.700616126329685,0.0010061264038085938,True,7200,800
0.1,10,10,55,TSCP_R,Gaussian,absolute_residual,1.0,33062047579524.773,43.800150923845486,0.0020029544830322266,True,7200,800
0.1,10,10,55,Point_CHR,Gaussian,absolute_residual,1.0,inf,inf,0.0,True,7200,800
0.1,10,10,55,Unscaled,Gaussian,absolute_residual,0.92,15639804610776.617,20.86522788379902,0.0,True,7200,800
0.1,10,10,55,Empirical_copula,Gaussian,absolute_residual,0.57,4364244887.031695,20.865227883721623,0.0,True,7200,800
0.1,10,10,56,TSCP_R,Gaussian,absolute_residual,0.97125,580276408865.551,37.13230581721673,0.0020008087158203125,True,7200,800
0.1,10,10,56,Point_CHR,Gaussian,absolute_residual,1.0,inf,inf,0.0,True,7200,800
0.1,10,10,56,Unscaled,Gaussian,absolute_residual,0.9175,10007301338925.662,19.95407947990132,0.0,True,7200,800
0.1,10,10,56,Empirical_copula,Gaussian,absolute_residual,0.4025,1343399378.8981862,19.954079479831584,0.0,True,7200,800
0.1,10,10,57,TSCP_R,Gaussian,absolute_residual,0.99375,1452891996030.48,44.61718401867094,0.001986265182495117,True,7200,800
0.1,10,10,57,Point_CHR,Gaussian,absolute_residual,1.0,inf,inf,0.0,True,7200,800
0.1,10,10,57,Unscaled,Gaussian,absolute_residual,0.94875,25383034827889.766,21.900516360802197,0.0,True,7200,800
0.1,10,10,57,Empirical_copula,Gaussian,absolute_residual,0.445,1347780573.6797793,21.90051636079278,0.0,True,7200,800
0.1,10,10,58,TSCP_R,Gaussian,absolute_residual,1.0,154231291549037.0,71.15515335073972,0.0010068416595458984,True,7200,800
0.1,10,10,58,Point_CHR,Gaussian,absolute_residual,1.0,inf,inf,0.00099945068359375,True,7200,800
0.1,10,10,58,Unscaled,Gaussian,absolute_residual,0.9125,13513293998361.727,20.562509812833326,0.0,True,7200,800
0.1,10,10,58,Empirical_copula,Gaussian,absolute_residual,0.255,808247889.5449544,20.562509812747468,0.0,True,7200,800
0.1,10,10,59,TSCP_R,Gaussian,absolute_residual,0.89375,99140201429.7275,34.6511881098669,0.002006053924560547,True,7200,800
0.1,10,10,59,Point_CHR,Gaussian,absolute_residual,1.0,inf,inf,0.0,True,7200,800
0.1,10,10,59,Unscaled,Gaussian,absolute_residual,0.94875,20834601022673.527,21.47229765411415,0.0,True,7200,800
0.1,10,10,59,Empirical_copula,Gaussian,absolute_residual,0.3375,702935621.5748221,21.472297654035543,0.0010027885437011719,True,7200,800
0.1,10,10,60,TSCP_R,Gaussian,absolute_residual,0.95125,970290038766.7743,33.96198000085947,0.0020058155059814453,True,7200,800
0.1,10,10,60,Point_CHR,Gaussian,absolute_residual,1.0,inf,inf,0.0010004043579101562,True,7200,800
0.1,10,10,60,Unscaled,Gaussian,absolute_residual,0.93875,13828703080446.291,20.61000728020963,0.0,True,7200,800
0.1,10,10,60,Empirical_copula,Gaussian,absolute_residual,0.24125,798596958.1754413,20.610007280132233,0.0,True,7200,800
0.1,10,10,61,TSCP_R,Gaussian,absolute_residual,0.90875,161539018168.83624,28.850576546330267,0.001995563507080078,True,7200,800
0.1,10,10,61,Point_CHR,Gaussian,absolute_residual,1.0,inf,inf,0.0010001659393310547,True,7200,800
0.1,10,10,61,Unscaled,Gaussian,absolute_residual,0.71625,743412160413.3934,15.385902148646538,0.0,True,7200,800
0.1,10,10,61,Empirical_copula,Gaussian,absolute_residual,0.2675,418538372.4311307,15.38590214860265,0.00099945068359375,True,7200,800
0.1,10,10,62,TSCP_R,Gaussian,absolute_residual,0.9975,16952899945169.713,59.70678813235011,0.001993417739868164,True,7200,800
0.1,10,10,62,Point_CHR,Gaussian,absolute_residual,1.0,inf,inf,0.0,True,7200,800
0.1,10,10,62,Unscaled,Gaussian,absolute_residual,0.93875,26670486944685.83,22.009141091290182,0.0,True,7200,800
0.1,10,10,62,Empirical_copula,Gaussian,absolute_residual,0.44,2353574315.0079355,22.00914109127737,0.0010013580322265625,True,7200,800
0.1,10,10,63,TSCP_R,Gaussian,absolute_residual,1.0,133846838290466.53,73.82105299758304,0.0020127296447753906,True,7200,800
0.1,10,10,63,Point_CHR,Gaussian,absolute_residual,1.0,inf,inf,0.0009872913360595703,True,7200,800
0.1,10,10,63,Unscaled,Gaussian,absolute_residual,0.99,260700874241149.47,27.644850696395444,0.0,True,7200,800
0.1,10,10,63,Empirical_copula,Gaussian,absolute_residual,0.60125,6855725802.636903,27.644850696309586,0.0,True,7200,800
0.1,10,10,64,TSCP_R,Gaussian,absolute_residual,0.98875,14779873493923.783,48.710401550968626,0.0019989013671875,True,7200,800
0.1,10,10,64,Point_CHR,Gaussian,absolute_residual,1.0,inf,inf,0.0,True,7200,800
0.1,10,10,64,Unscaled,Gaussian,absolute_residual,0.95375,25889246606640.99,21.943805298627804,0.0,True,7200,800
0.1,10,10,64,Empirical_copula,Gaussian,absolute_residual,0.37,1126408229.3208601,21.943805298530243,0.0,True,7200,800
0.1,10,10,65,TSCP_R,Gaussian,absolute_residual,0.8025,245273421021.09058,29.279241813678073,0.0019996166229248047,True,7200,800
0.1,10,10,65,Point_CHR,Gaussian,absolute_residual,1.0,inf,inf,0.0,True,7200,800
0.1,10,10,65,Unscaled,Gaussian,absolute_residual,0.8025,2477326373448.2783,17.353949232038648,0.0,True,7200,800
0.1,10,10,65,Empirical_copula,Gaussian,absolute_residual,0.27875,684356094.6101527,17.353949231961252,0.0,True,7200,800
0.1,10,10,66,TSCP_R,Gaussian,absolute_residual,0.87375,342160308596.3558,28.202134590797396,0.00200653076171875,True,7200,800
0.1,10,10,66,Point_CHR,Gaussian,absolute_residual,1.0,inf,inf,0.0,True,7200,800
0.1,10,10,66,Unscaled,Gaussian,absolute_residual,0.7375,634789232450.2488,15.144779518497579,0.0,True,7200,800
0.1,10,10,66,Empirical_copula,Gaussian,absolute_residual,0.185,271189256.1528367,15.144779518427843,0.0009989738464355469,True,7200,800
0.1,10,10,67,TSCP_R,Gaussian,absolute_residual,0.895,133337032508.59697,32.74958842539912,0.0010066032409667969,True,7200,800
0.1,10,10,67,Point_CHR,Gaussian,absolute_residual,1.0,inf,inf,0.0010001659393310547,True,7200,800
0.1,10,10,67,Unscaled,Gaussian,absolute_residual,0.87875,6537605654955.753,19.12237682170399,0.0,True,7200,800
0.1,10,10,67,Empirical_copula,Gaussian,absolute_residual,0.35375,1069161180.6321818,19.12237682169118,0.0,True,7200,800
0.1,10,10,68,TSCP_R,Gaussian,absolute_residual,1.0,7294014599797.399,38.47255887342002,0.0020067691802978516,True,7200,800
0.1,10,10,68,Point_CHR,Gaussian,absolute_residual,1.0,inf,inf,0.0,True,7200,800
0.1,10,10,68,Unscaled,Gaussian,absolute_residual,0.76,1293165228952.8496,16.26167966936391,0.0,True,7200,800
0.1,10,10,68,Empirical_copula,Gaussian,absolute_residual,0.48625,2432522132.0401707,16.261679669294175,0.0,True,7200,800
0.1,10,10,69,TSCP_R,Gaussian,absolute_residual,0.995,1569062169126.6475,44.2495325676656,0.0009963512420654297,True,7200,800
0.1,10,10,69,Point_CHR,Gaussian,absolute_residual,1.0,inf,inf,0.0010004043579101562,True,7200,800
0.1,10,10,69,Unscaled,Gaussian,absolute_residual,0.99375,333342797444892.94,28.332774662039,0.0,True,7200,800
0.1,10,10,69,Empirical_copula,Gaussian,absolute_residual,0.655,7537220053.825631,28.332774661962887,0.0,True,7200,800
0.1,10,10,70,TSCP_R,Gaussian,absolute_residual,0.995,6200540564159.269,47.35882379156866,0.0009987354278564453,True,7200,800
0.1,10,10,70,Point_CHR,Gaussian,absolute_residual,1.0,inf,inf,0.0009999275207519531,True,7200,800
0.1,10,10,70,Unscaled,Gaussian,absolute_residual,0.95375,30238259758861.562,22.287208673153796,0.0,True,7200,800
0.1,10,10,70,Empirical_copula,Gaussian,absolute_residual,0.5725,6414576969.405633,22.287208673067937,0.0,True,7200,800
0.1,10,10,71,TSCP_R,Gaussian,absolute_residual,0.995,3156837792088.3726,48.68960651224465,0.0020067691802978516,True,7200,800
0.1,10,10,71,Point_CHR,Gaussian,absolute_residual,1.0,inf,inf,0.0,True,7200,800
0.1,10,10,71,Unscaled,Gaussian,absolute_residual,0.8675,5385816838075.968,18.755349347687222,0.0,True,7200,800
0.1,10,10,71,Empirical_copula,Gaussian,absolute_residual,0.34125,1003493933.8140031,18.75534934761111,0.000995635986328125,True,7200,800
0.1,10,10,72,TSCP_R,Gaussian,absolute_residual,0.9975,21347514415089.637,52.35290488087199,0.001999378204345703,True,7200,800
0.1,10,10,72,Point_CHR,Gaussian,absolute_residual,1.0,inf,inf,0.0009949207305908203,True,7200,800
0.1,10,10,72,Unscaled,Gaussian,absolute_residual,0.965,42144792916732.53,23.039571223826638,0.0,True,7200,800
0.1,10,10,72,Empirical_copula,Gaussian,absolute_residual,0.525,4155969107.2989073,23.039571223749242,0.0,True,7200,800
0.1,10,10,73,TSCP_R,Gaussian,absolute_residual,0.99625,5548927955517.541,46.1065272100955,0.0020003318786621094,True,7200,800
0.1,10,10,73,Point_CHR,Gaussian,absolute_residual,1.0,inf,inf,0.0,True,7200,800
0.1,10,10,73,Unscaled,Gaussian,absolute_residual,0.9,9777815476311.975,19.907841928384006,0.0,True,7200,800
0.1,10,10,73,Empirical_copula,Gaussian,absolute_residual,0.395,1674521743.1664214,19.907841928286444,0.0010008811950683594,True,7200,800
0.1,10,10,74,TSCP_R,Gaussian,absolute_residual,1.0,5864634598866.801,47.32512810253406,0.0020012855529785156,True,7200,800
0.1,10,10,74,Point_CHR,Gaussian,absolute_residual,1.0,inf,inf,0.0010004043579101562,True,7200,800
0.1,10,10,74,Unscaled,Gaussian,absolute_residual,0.94625,28054363449058.94,22.120759899065373,0.0,True,7200,800
0.1,10,10,74,Empirical_copula,Gaussian,absolute_residual,0.415,1348815631.099314,22.120759899052562,0.0,True,7200,800
0.1,10,10,75,TSCP_R,Gaussian,absolute_residual,0.97625,1188853200721.4954,43.07007091756425,0.002000570297241211,True,7200,800
0.1,10,10,75,Point_CHR,Gaussian,absolute_residual,1.0,inf,inf,0.0,True,7200,800
0.1,10,10,75,Unscaled,Gaussian,absolute_residual,0.9775,84064631786616.03,24.6866029178092,0.0,True,7200,800
0.1,10,10,75,Empirical_copula,Gaussian,absolute_residual,0.565,3946230983.597862,24.686602917739464,0.0009999275207519531,True,7200,800
0.1,10,10,76,TSCP_R,Gaussian,absolute_residual,0.995,20453895211588.305,54.91622075550072,0.0020067691802978516,True,7200,800
0.1,10,10,76,Point_CHR,Gaussian,absolute_residual,1.0,inf,inf,0.0,True,7200,800
0.1,10,10,76,Unscaled,Gaussian,absolute_residual,0.94625,18285614309846.637,21.193903643438492,0.0,True,7200,800
0.1,10,10,76,Empirical_copula,Gaussian,absolute_residual,0.48,2817700684.063131,21.193903643394606,0.0,True,7200,800
0.1,10,10,77,TSCP_R,Gaussian,absolute_residual,0.99125,3660545290802.0156,45.699960210421736,0.0010066032409667969,True,7200,800
0.1,10,10,77,Point_CHR,Gaussian,absolute_residual,1.0,inf,inf,0.0,True,7200,800
0.1,10,10,77,Unscaled,Gaussian,absolute_residual,0.9375,20864567236812.3,21.475383997794832,0.0,True,7200,800
0.1,10,10,77,Empirical_copula,Gaussian,absolute_residual,0.39125,1503242310.7978108,21.475383997717437,0.0,True,7200,800
0.1,10,10,78,TSCP_R,Gaussian,absolute_residual,0.955,814819401330.5742,31.27781792554797,0.002006053924560547,True,7200,800
0.1,10,10,78,Point_CHR,Gaussian,absolute_residual,1.0,inf,inf,0.0010001659393310547,True,7200,800
0.1,10,10,78,Unscaled,Gaussian,absolute_residual,0.5075,84022963182.31204,12.371996809781718,0.0,True,7200,800
0.1,10,10,78,Empirical_copula,Gaussian,absolute_residual,0.125,84691070.1666812,12.371996809768907,0.0,True,7200,800
0.1,10,10,79,TSCP_R,Gaussian,absolute_residual,1.0,67738290626818.5,44.43631136146094,0.00200653076171875,True,7200,800
0.1,10,10,79,Point_CHR,Gaussian,absolute_residual,1.0,inf,inf,0.0,True,7200,800
0.1,10,10,79,Unscaled,Gaussian,absolute_residual,0.90875,10542031274942.957,20.058221831466554,0.0,True,7200,800
0.1,10,10,79,Empirical_copula,Gaussian,absolute_residual,0.5625,8979810386.81318,20.058221831368993,0.0,True,7200,800
0.1,10,10,80,TSCP_R,Gaussian,absolute_residual,0.9825,8549291046735.69,52.570126772786665,0.002000570297241211,True,7200,800
0.1,10,10,80,Point_CHR,Gaussian,absolute_residual,1.0,inf,inf,0.0,True,7200,800
0.1,10,10,80,Unscaled,Gaussian,absolute_residual,0.98625,144284307285603.38,26.056849818405542,0.0,True,7200,800
0.1,10,10,80,Empirical_copula,Gaussian,absolute_residual,0.5275,4450897011.279978,26.056849818396124,0.0,True,7200,800
0.1,10,10,81,TSCP_R,Gaussian,absolute_residual,0.9925,33780995796975.94,59.21416765429197,0.0020046234130859375,True,7200,800
0.1,10,10,81,Point_CHR,Gaussian,absolute_residual,1.0,inf,inf,0.0,True,7200,800
0.1,10,10,81,Unscaled,Gaussian,absolute_residual,0.96625,33405986377250.934,22.510359450465167,0.0009980201721191406,True,7200,800
0.1,10,10,81,Empirical_copula,Gaussian,absolute_residual,0.3775,2035720491.2164187,22.510359450452356,0.0,True,7200,800
0.1,10,10,82,TSCP_R,Gaussian,absolute_residual,0.81375,58612899431.30759,29.694968717164258,0.0009996891021728516,True,7200,800
0.1,10,10,82,Point_CHR,Gaussian,absolute_residual,1.0,inf,inf,0.0009992122650146484,True,7200,800
0.1,10,10,82,Unscaled,Gaussian,absolute_residual,0.91375,8882925938440.504,19.717670465094752,0.0,True,7200,800
0.1,10,10,82,Empirical_copula,Gaussian,absolute_residual,0.3825,1277652502.3001127,19.717670465049714,0.0,True,7200,800
0.1,10,10,83,TSCP_R,Gaussian,absolute_residual,0.9675,3522886960812.671,67.4541312911145,0.0020012855529785156,True,7200,800
0.1,10,10,83,Point_CHR,Gaussian,absolute_residual,1.0,inf,inf,0.0,True,7200,800
0.1,10,10,83,Unscaled,Gaussian,absolute_residual,0.9975,323149012212806.7,28.24491572584512,0.0,True,7200,800
0.1,10,10,83,Empirical_copula,Gaussian,absolute_residual,0.2575,903793451.6300817,28.244915725835703,0.0010008811950683594,True,7200,800
0.1,10,10,84,TSCP_R,Gaussian,absolute_residual,0.6125,34871654798.73598,29.53359239092707,0.0020003318786621094,True,7200,800
0.1,10,10,84,Point_CHR,Gaussian,absolute_residual,1.0,inf,inf,0.0010001659393310547,True,7200,800
0.1,10,10,84,Unscaled,Gaussian,absolute_residual,0.8425,2753027249209.4766,17.538039787583262,0.0,True,7200,800
0.1,10,10,84,Empirical_copula,Gaussian,absolute_residual,0.22125,520433859.9589579,17.5380397874857,0.0,True,7200,800
0.1,10,10,85,TSCP_R,Gaussian,absolute_residual,0.9925,7388584391222.231,38.072118155371655,0.0020055770874023438,True,7200,800
0.1,10,10,85,Point_CHR,Gaussian,absolute_residual,1.0,inf,inf,0.0,True,7200,800
0.1,10,10,85,Unscaled,Gaussian,absolute_residual,0.9075,7341632370419.245,19.345469017655294,0.0,True,7200,800
0.1,10,10,85,Empirical_copula,Gaussian,absolute_residual,0.5425,3480960550.967399,19.345469017610256,0.0,True,7200,800
0.1,10,10,86,TSCP_R,Gaussian,absolute_residual,0.97,9494457358268.58,52.72282253613085,0.001999378204345703,True,7200,800
0.1,10,10,86,Point_CHR,Gaussian,absolute_residual,1.0,inf,inf,0.0010075569152832031,True,7200,800
0.1,10,10,86,Unscaled,Gaussian,absolute_residual,0.965,56823336889636.07,23.738467219867236,0.0,True,7200,800
0.1,10,10,86,Empirical_copula,Gaussian,absolute_residual,0.38,2151063911.5777354,23.738467219769674,0.0,True,7200,800
0.1,10,10,87,TSCP_R,Gaussian,absolute_residual,0.82875,80581746051.5387,38.83982908761211,0.00200653076171875,True,7200,800
0.1,10,10,87,Point_CHR,Gaussian,absolute_residual,1.0,inf,inf,0.0,True,7200,800
0.1,10,10,87,Unscaled,Gaussian,absolute_residual,0.97125,69651645772668.305,24.22663734384303,0.0009999275207519531,True,7200,800
0.1,10,10,87,Empirical_copula,Gaussian,absolute_residual,0.1925,385384875.41632986,24.226637343764423,0.0,True,7200,800
0.1,10,10,88,TSCP_R,Gaussian,absolute_residual,0.91875,2313185524641.479,38.35852306108278,0.00200653076171875,True,7200,800
0.1,10,10,88,Point_CHR,Gaussian,absolute_residual,1.0,inf,inf,0.0,True,7200,800
0.1,10,10,88,Unscaled,Gaussian,absolute_residual,0.955,34345147684789.617,22.57285744204175,0.0,True,7200,800
0.1,10,10,88,Empirical_copula,Gaussian,absolute_residual,0.47125,6637005281.542418,22.57285744202894,0.0009996891021728516,True,7200,800
0.1,10,10,89,TSCP_R,Gaussian,absolute_residual,0.9475,914102131156.31,31.17287305814616,0.0010066032409667969,True,7200,800
0.1,10,10,89,Point_CHR,Gaussian,absolute_residual,1.0,inf,inf,0.0,True,7200,800
0.1,10,10,89,Unscaled,Gaussian,absolute_residual,0.86875,5018041997314.879,18.62316234424711,0.0,True,7200,800
0.1,10,10,89,Empirical_copula,Gaussian,absolute_residual,0.4525,2645328402.942562,18.623162344202072,0.0,True,7200,800
0.1,10,10,90,TSCP_R,Gaussian,absolute_residual,0.9575,1592269783146.3706,40.26164813781881,0.002007007598876953,True,7200,800
0.1,10,10,90,Point_CHR,Gaussian,absolute_residual,1.0,inf,inf,0.0,True,7200,800
0.1,10,10,90,Unscaled,Gaussian,absolute_residual,0.9025,10323993570273.314,20.016344754039427,0.0,True,7200,800
0.1,10,10,90,Empirical_copula,Gaussian,absolute_residual,0.4225,2610474596.266019,20.016344753953568,0.0,True,7200,800
0.1,10,10,91,TSCP_R,Gaussian,absolute_residual,0.9925,2749854467432.6816,41.44387967965994,0.0020008087158203125,True,7200,800
0.1,10,10,91,Point_CHR,Gaussian,absolute_residual,1.0,inf,inf,0.0,True,7200,800
0.1,10,10,91,Unscaled,Gaussian,absolute_residual,0.9675,58038212592448.62,23.78873798394016,0.0,True,7200,800
0.1,10,10,91,Empirical_copula,Gaussian,absolute_residual,0.33125,915863380.1016649,23.788737983864046,0.0,True,7200,800
0.1,10,10,92,TSCP_R,Gaussian,absolute_residual,0.915,179829994381.48196,24.04649043577594,0.0019943714141845703,True,7200,800
0.1,10,10,92,Point_CHR,Gaussian,absolute_residual,1.0,inf,inf,0.0,True,7200,800
0.1,10,10,92,Unscaled,Gaussian,absolute_residual,0.80875,1878535996494.3044,16.880369629558192,0.0,True,7200,800
0.1,10,10,92,Empirical_copula,Gaussian,absolute_residual,0.3725,1128277513.0798035,16.880369629513154,0.0010006427764892578,True,7200,800
0.1,10,10,93,TSCP_R,Gaussian,absolute_residual,0.94375,474561364214.2778,45.35601676942731,0.0020093917846679688,True,7200,800
0.1,10,10,93,Point_CHR,Gaussian,absolute_residual,1.0,inf,inf,0.0009832382202148438,True,7200,800
0.1,10,10,93,Unscaled,Gaussian,absolute_residual,0.98875,278765018061069.9,27.830680614143347,0.0,True,7200,800
0.1,10,10,93,Empirical_copula,Gaussian,absolute_residual,0.32125,1141392898.030362,27.83068061405749,0.0,True,7200,800
0.1,10,10,94,TSCP_R,Gaussian,absolute_residual,0.99625,29916085208652.094,44.20203408268297,0.0020122528076171875,True,7200,800
0.1,10,10,94,Point_CHR,Gaussian,absolute_residual,1.0,inf,inf,0.0,True,7200,800
0.1,10,10,94,Unscaled,Gaussian,absolute_residual,0.78125,1550801107968.2644,16.55981994015976,0.0009963512420654297,True,7200,800
0.1,10,10,94,Empirical_copula,Gaussian,absolute_residual,0.18375,248661944.4538381,16.559819940146948,0.0,True,7200,800
0.1,10,10,95,TSCP_R,Gaussian,absolute_residual,0.9925,4819991510544.415,36.34131999558977,0.0009915828704833984,True,7200,800
0.1,10,10,95,Point_CHR,Gaussian,absolute_residual,1.0,inf,inf,0.0010004043579101562,True,7200,800
0.1,10,10,95,Unscaled,Gaussian,absolute_residual,0.735,706684618709.0099,15.308144881446232,0.0,True,7200,800
0.1,10,10,95,Empirical_copula,Gaussian,absolute_residual,0.37125,994119116.1292706,15.308144881370119,0.0,True,7200,800
0.1,10,10,96,TSCP_R,Gaussian,absolute_residual,0.99875,59938879689457.93,66.65945921841612,0.00200653076171875,True,7200,800
0.1,10,10,96,Point_CHR,Gaussian,absolute_residual,1.0,inf,inf,0.001001119613647461,True,7200,800
0.1,10,10,96,Unscaled,Gaussian,absolute_residual,0.97125,71095631086324.58,24.27640037198816,0.0,True,7200,800
0.1,10,10,96,Empirical_copula,Gaussian,absolute_residual,0.30625,1104554137.838614,24.276400371944273,0.0,True,7200,800
0.1,10,10,97,TSCP_R,Gaussian,absolute_residual,0.99875,57173044478181.29,77.4539438625246,0.002000093460083008,True,7200,800
0.1,10,10,97,Point_CHR,Gaussian,absolute_residual,1.0,inf,inf,0.0009996891021728516,True,7200,800
0.1,10,10,97,Unscaled,Gaussian,absolute_residual,0.9925,284667372349338.6,27.889053104920993,0.0,True,7200,800
0.1,10,10,97,Empirical_copula,Gaussian,absolute_residual,0.4125,2024307699.6873517,27.889053104875956,0.0,True,7200,800
0.1,10,10,98,TSCP_R,Gaussian,absolute_residual,0.955,1014419555298.654,32.40299906401279,0.0020096302032470703,True,7200,800
0.1,10,10,98,Point_CHR,Gaussian,absolute_residual,1.0,inf,inf,0.0,True,7200,800
0.1,10,10,98,Unscaled,Gaussian,absolute_residual,0.835,2946896033008.9043,17.657795442689835,0.0,True,7200,800
0.1,10,10,98,Empirical_copula,Gaussian,absolute_residual,0.32875,569414403.1970404,17.657795442613722,0.0009899139404296875,True,7200,800
0.1,10,10,99,TSCP_R,Gaussian,absolute_residual,0.82625,56722394391.323555,37.890038637295795,0.001999378204345703,True,7200,800
0.1,10,10,99,Point_CHR,Gaussian,absolute_residual,1.0,inf,inf,0.000993967056274414,True,7200,800
0.1,10,10,99,Unscaled,Gaussian,absolute_residual,0.9625,39642018755387.6,22.898950392756802,0.0,True,7200,800
0.1,10,10,99,Empirical_copula,Gaussian,absolute_residual,0.20875,340432429.65694326,22.89895039268069,0.0,True,7200,800
0.1,10,10,100,TSCP_R,Gaussian,absolute_residual,0.9725,652986993602.3552,49.572141429941574,0.002001047134399414,True,7200,800
0.1,10,10,100,Point_CHR,Gaussian,absolute_residual,1.0,inf,inf,0.0010006427764892578,True,7200,800
0.1,10,10,100,Unscaled,Gaussian,absolute_residual,0.9925,251082481011149.8,27.54112276721997,0.0,True,7200,800
0.1,10,10,100,Empirical_copula,Gaussian,absolute_residual,0.40875,1856041048.9041386,27.541122767142575,0.0,True,7200,800
0.1,10,10,101,TSCP_R,Gaussian,absolute_residual,0.99875,51419292805263.46,55.595437907743545,0.0020194053649902344,True,7200,800
0.1,10,10,101,Point_CHR,Gaussian,absolute_residual,1.0,inf,inf,0.0009877681732177734,True,7200,800
0.1,10,10,101,Unscaled,Gaussian,absolute_residual,0.9825,98464386077188.42,25.08002226706646,0.0,True,7200,800
0.1,10,10,101,Empirical_copula,Gaussian,absolute_residual,0.55,6984123586.74077,25.080022266990348,0.0,True,7200,800
0.1,10,10,102,TSCP_R,Gaussian,absolute_residual,0.99,9705334486959.352,42.578872485495985,0.0019991397857666016,True,7200,800
0.1,10,10,102,Point_CHR,Gaussian,absolute_residual,1.0,inf,inf,0.0010066032409667969,True,7200,800
0.1,10,10,102,Unscaled,Gaussian,absolute_residual,0.8825,5517210268121.669,18.800610566042714,0.0,True,7200,800
0.1,10,10,102,Empirical_copula,Gaussian,absolute_residual,0.41125,2021800167.955241,18.800610566029903,0.0,True,7200,800
0.1,10,10,103,TSCP_R,Gaussian,absolute_residual,0.89,127011301802.46254,46.21446747213568,0.0020067691802978516,True,7200,800
0.1,10,10,103,Point_CHR,Gaussian,absolute_residual,1.0,inf,inf,0.0009996891021728516,True,7200,800
0.1,10,10,103,Unscaled,Gaussian,absolute_residual,0.9725,53871435301873.4,23.612167462301308,0.0,True,7200,800
0.1,10,10,103,Empirical_copula,Gaussian,absolute_residual,0.245,467845217.88002,23.612167462288497,0.0,True,7200,800
0.1,10,10,104,TSCP_R,Gaussian,absolute_residual,0.8325,64774055315.74965,28.036285383668613,0.002008199691772461,True,7200,800
0.1,10,10,104,Point_CHR,Gaussian,absolute_residual,1.0,inf,inf,0.0009989738464355469,True,7200,800
0.1,10,10,104,Unscaled,Gaussian,absolute_residual,0.81375,2257066947895.6367,17.19311009277832,0.0,True,7200,800
0.1,10,10,104,Empirical_copula,Gaussian,absolute_residual,0.2425,505479233.5802631,17.19311009269246,0.0,True,7200,800
0.1,10,10,105,TSCP_R,Gaussian,absolute_residual,0.99875,174655031357148.03,52.8235391956743,0.001504659652709961,True,7200,800
0.1,10,10,105,Point_CHR,Gaussian,absolute_residual,1.0,inf,inf,0.0,True,7200,800
0.1,10,10,105,Unscaled,Gaussian,absolute_residual,0.95,26508961939070.08,21.995775183712663,0.0,True,7200,800
0.1,10,10,105,Empirical_copula,Gaussian,absolute_residual,0.54375,8379941446.978085,21.995775183668776,0.0,True,7200,800
0.1,10,10,106,TSCP_R,Gaussian,absolute_residual,0.95375,687715371852.3916,50.095787643596466,0.0019996166229248047,True,7200,800
0.1,10,10,106,Point_CHR,Gaussian,absolute_residual,1.0,inf,inf,0.0,True,7200,800
0.1,10,10,106,Unscaled,Gaussian,absolute_residual,0.985,94547839285391.22,24.97843133319353,0.0,True,7200,800
0.1,10,10,106,Empirical_copula,Gaussian,absolute_residual,0.35375,954366065.5843407,24.978431333116134,0.0010013580322265625,True,7200,800
0.1,10,10,107,TSCP_R,Gaussian,absolute_residual,0.985,3561412132349.957,40.27468604947949,0.0020055770874023438,True,7200,800
0.1,10,10,107,Point_CHR,Gaussian,absolute_residual,1.0,inf,inf,0.0,True,7200,800
0.1,10,10,107,Unscaled,Gaussian,absolute_residual,0.88375,5338208772812.324,18.738704190150944,0.0,True,7200,800
0.1,10,10,107,Empirical_copula,Gaussian,absolute_residual,0.38375,1484527111.6631198,18.738704190107057,0.0009992122650146484,True,7200,800
0.1,10,10,108,TSCP_R,Gaussian,absolute_residual,0.89875,243519317318.4121,43.85064911132828,0.00200653076171875,True,7200,800
0.1,10,10,108,Point_CHR,Gaussian,absolute_residual,1.0,inf,inf,0.0,True,7200,800
0.1,10,10,108,Unscaled,Gaussian,absolute_residual,0.99875,606332272114650.1,30.079531551977837,0.0,True,7200,800
0.1,10,10,108,Empirical_copula,Gaussian,absolute_residual,0.3075,1478856750.3374798,30.079531551901724,0.0010001659393310547,True,7200,800
0.1,10,10,109,TSCP_R,Gaussian,absolute_residual,0.975,499049416849.14606,30.588950871832125,0.0009975433349609375,True,7200,800
0.1,10,10,109,Point_CHR,Gaussian,absolute_residual,1.0,inf,inf,0.0010001659393310547,True,7200,800
0.1,10,10,109,Unscaled,Gaussian,absolute_residual,0.8325,3340389431654.4614,17.880502104216937,0.0,True,7200,800
0.1,10,10,109,Empirical_copula,Gaussian,absolute_residual,0.43625,1780092643.5994923,17.880502104119376,0.0,True,7200,800
0.1,10,10,110,TSCP_R,Gaussian,absolute_residual,1.0,21257658821756.152,50.44900435153367,0.0020058155059814453,True,7200,800
0.1,10,10,110,Point_CHR,Gaussian,absolute_residual,1.0,inf,inf,0.0,True,7200,800
0.1,10,10,110,Unscaled,Gaussian,absolute_residual,0.86125,4010795807389.452,18.21054968783596,0.0,True,7200,800
0.1,10,10,110,Empirical_copula,Gaussian,absolute_residual,0.38875,1154117631.280735,18.210549687750103,0.0009989738464355469,True,7200,800
0.1,10,10,111,TSCP_R,Gaussian,absolute_residual,0.91125,189001874658.72543,31.189269884959852,0.0009996891021728516,True,7200,800
0.1,10,10,111,Point_CHR,Gaussian,absolute_residual,1.0,inf,inf,0.0,True,7200,800
0.1,10,10,111,Unscaled,Gaussian,absolute_residual,0.9275,9976746949661.637,19.947978694210693,0.0,True,7200,800
0.1,10,10,111,Empirical_copula,Gaussian,absolute_residual,0.3225,863958418.401944,19.947978694132086,0.001001596450805664,True,7200,800
0.1,10,10,112,TSCP_R,Gaussian,absolute_residual,0.93625,1734970758686.0198,42.617324211898456,0.0020067691802978516,True,7200,800
0.1,10,10,112,Point_CHR,Gaussian,absolute_residual,1.0,inf,inf,0.0009963512420654297,True,7200,800
0.1,10,10,112,Unscaled,Gaussian,absolute_residual,0.9625,40102798302388.37,22.925428814950276,0.0,True,7200,800
0.1,10,10,112,Empirical_copula,Gaussian,absolute_residual,0.47875,2953191655.0879736,22.92542881487288,0.0010063648223876953,True,7200,800
0.1,10,10,113,TSCP_R,Gaussian,absolute_residual,0.985,1765969101231.6265,33.50544708307792,0.0020008087158203125,True,7200,800
0.1,10,10,113,Point_CHR,Gaussian,absolute_residual,1.0,inf,inf,0.0010063648223876953,True,7200,800
0.1,10,10,113,Unscaled,Gaussian,absolute_residual,0.8525,3498685323354.3325,17.963480559959155,0.0,True,7200,800
0.1,10,10,113,Empirical_copula,Gaussian,absolute_residual,0.43375,1496629417.868357,17.96348055991527,0.0,True,7200,800
0.1,10,10,114,TSCP_R,Gaussian,absolute_residual,0.7475,77163966468.18398,27.911161830372173,0.0020084381103515625,True,7200,800
0.1,10,10,114,Point_CHR,Gaussian,absolute_residual,1.0,inf,inf,0.0,True,7200,800
0.1,10,10,114,Unscaled,Gaussian,absolute_residual,0.7175,791804405553.4445,15.483238064147068,0.0,True,7200,800
0.1,10,10,114,Empirical_copula,Gaussian,absolute_residual,0.23,470286813.37469023,15.483238064077332,0.0,True,7200,800
0.1,10,10,115,TSCP_R,Gaussian,absolute_residual,0.9975,51491384529329.88,70.93164976845583,0.0020036697387695312,True,7200,800
0.1,10,10,115,Point_CHR,Gaussian,absolute_residual,1.0,inf,inf,0.0,True,7200,800
0.1,10,10,115,Unscaled,Gaussian,absolute_residual,0.98,111454894248885.83,25.392760378016632,0.0,True,7200,800
0.1,10,10,115,Empirical_copula,Gaussian,absolute_residual,0.5475,6627146914.777029,25.392760377972746,0.0,True,7200,800
0.1,10,10,116,TSCP_R,Gaussian,absolute_residual,0.9675,4260426527253.0747,43.0576571378641,0.00200653076171875,True,7200,800
0.1,10,10,116,Point_CHR,Gaussian,absolute_residual,1.0,inf,inf,0.0,True,7200,800
0.1,10,10,116,Unscaled,Gaussian,absolute_residual,0.96125,36897184316635.44,22.735228454958484,0.0,True,7200,800
0.1,10,10,116,Empirical_copula,Gaussian,absolute_residual,0.4775,3347293109.611191,22.735228454872626,0.0010001659393310547,True,7200,800
0.1,10,10,117,TSCP_R,Gaussian,absolute_residual,0.67625,20707253163.540512,24.610243058484112,0.002006053924560547,True,7200,800
0.1,10,10,117,Point_CHR,Gaussian,absolute_residual,1.0,inf,inf,0.0,True,7200,800
0.1,10,10,117,Unscaled,Gaussian,absolute_residual,0.77625,1574623970947.2595,16.58508439648018,0.0,True,7200,800
0.1,10,10,117,Empirical_copula,Gaussian,absolute_residual,0.25125,514587149.2594182,16.585084396470762,0.0009999275207519531,True,7200,800
0.1,10,10,118,TSCP_R,Gaussian,absolute_residual,0.865,63615652670.4328,25.938531531733908,0.002006053924560547,True,7200,800
0.1,10,10,118,Point_CHR,Gaussian,absolute_residual,1.0,inf,inf,0.0,True,7200,800
0.1,10,10,118,Unscaled,Gaussian,absolute_residual,0.87,3969002736830.521,18.19148446275995,0.0,True,7200,800
0.1,10,10,118,Empirical_copula,Gaussian,absolute_residual,0.3725,816069764.6299641,18.191484462747137,0.0010008811950683594,True,7200,800
0.1,10,10,119,TSCP_R,Gaussian,absolute_residual,0.935,1537667026318.8972,40.204058956007,0.0019996166229248047,True,7200,800
0.1,10,10,119,Point_CHR,Gaussian,absolute_residual,1.0,inf,inf,0.001001596450805664,True,7200,800
0.1,10,10,119,Unscaled,Gaussian,absolute_residual,0.82375,1900612961200.0845,16.900103668197936,0.0,True,7200,800
0.1,10,10,119,Empirical_copula,Gaussian,absolute_residual,0.22625,632386191.3551502,16.9001036681282,0.0,True,7200,800
0.1,10,10,120,TSCP_R,Gaussian,absolute_residual,0.9925,21793249900628.117,54.64430939470311,0.001997232437133789,True,7200,800
0.1,10,10,120,Point_CHR,Gaussian,absolute_residual,1.0,inf,inf,0.0,True,7200,800
0.1,10,10,120,Unscaled,Gaussian,absolute_residual,0.92125,13861491788083.645,20.614888833762908,0.0,True,7200,800
0.1,10,10,120,Empirical_copula,Gaussian,absolute_residual,0.28,657643536.4653832,20.614888833665347,0.0,True,7200,800
0.1,10,10,121,TSCP_R,Gaussian,absolute_residual,0.9775,835868487606.4247,41.132453189217586,0.001992940902709961,True,7200,800
0.1,10,10,121,Point_CHR,Gaussian,absolute_residual,1.0,inf,inf,0.0010006427764892578,True,7200,800
0.1,10,10,121,Unscaled,Gaussian,absolute_residual,0.96,44386408891368.67,23.159277200205256,0.0,True,7200,800
0.1,10,10,121,Empirical_copula,Gaussian,absolute_residual,0.2525,540518101.9336997,23.159277200195838,0.0,True,7200,800
0.1,10,10,122,TSCP_R,Gaussian,absolute_residual,0.98,2990993373498.7373,32.43899246755178,0.0020058155059814453,True,7200,800
0.1,10,10,122,Point_CHR,Gaussian,absolute_residual,1.0,inf,inf,0.0009922981262207031,True,7200,800
0.1,10,10,122,Unscaled,Gaussian,absolute_residual,0.60625,259813475711.6062,13.850522823911355,0.0,True,7200,800
0.1,10,10,122,Empirical_copula,Gaussian,absolute_residual,0.26125,705828815.4480927,13.85052282383275,0.0,True,7200,800
0.1,10,10,123,TSCP_R,Gaussian,absolute_residual,0.9675,10993406383656.55,82.20508229472622,0.0019931793212890625,True,7200,800
0.1,10,10,123,Point_CHR,Gaussian,absolute_residual,1.0,inf,inf,0.0,True,7200,800
0.1,10,10,123,Unscaled,Gaussian,absolute_residual,1.0,8050202644523703.0,38.956567274653324,0.0,True,7200,800
0.1,10,10,123,Empirical_copula,Gaussian,absolute_residual,0.29,2063728824.3562372,38.956567274583584,0.001001119613647461,True,7200,800
0.1,10,10,124,TSCP_R,Gaussian,absolute_residual,0.985,2247512072790.0757,41.99753281726475,0.001999378204345703,True,7200,800
0.1,10,10,124,Point_CHR,Gaussian,absolute_residual,1.0,inf,inf,0.0,True,7200,800
0.1,10,10,124,Unscaled,Gaussian,absolute_residual,0.95875,34186110783856.61,22.56238312462813,0.0,True,7200,800
0.1,10,10,124,Empirical_copula,Gaussian,absolute_residual,0.67875,9166883015.74811,22.562383124583093,0.001001119613647461,True,7200,800
0.1,10,10,125,TSCP_R,Gaussian,absolute_residual,0.99,3474690127880.095,58.90969701675494,0.002999544143676758,True,7200,800
0.1,10,10,125,Point_CHR,Gaussian,absolute_residual,1.0,inf,inf,0.0,True,7200,800
0.1,10,10,125,Unscaled,Gaussian,absolute_residual,0.99375,509377109897718.56,29.55996683738053,0.0,True,7200,800
0.1,10,10,125,Empirical_copula,Gaussian,absolute_residual,0.465,2456730249.6775074,29.559966837282968,0.0012810230255126953,True,7200,800
0.1,10,10,126,TSCP_R,Gaussian,absolute_residual,0.85875,100353952394075.9,74.8688318802306,0.00200653076171875,True,7200,800
0.1,10,10,126,Point_CHR,Gaussian,absolute_residual,1.0,inf,inf,0.0009999275207519531,True,7200,800
0.1,10,10,126,Unscaled,Gaussian,absolute_residual,0.985,177476465247599.38,26.601987009149912,0.0,True,7200,800
0.1,10,10,126,Empirical_copula,Gaussian,absolute_residual,0.215,1688296378.1908886,26.601987009072516,0.0,True,7200,800
0.1,10,10,127,TSCP_R,Gaussian,absolute_residual,0.92375,254249789547.94308,35.928440748037055,0.0030012130737304688,True,7200,800
0.1,10,10,127,Point_CHR,Gaussian,absolute_residual,1.0,inf,inf,0.0010001659393310547,True,7200,800
0.1,10,10,127,Unscaled,Gaussian,absolute_residual,0.9525,19805394431878.996,21.363792423687784,0.0,True,7200,800
0.1,10,10,127,Empirical_copula,Gaussian,absolute_residual,0.39625,1976271428.7179854,21.36379242361167,0.0,True,7200,800
0.1,10,10,128,TSCP_R,Gaussian,absolute_residual,1.0,416026261771313.9,94.57228548679178,0.0019991397857666016,True,7200,800
0.1,10,10,128,Point_CHR,Gaussian,absolute_residual,1.0,inf,inf,0.0010073184967041016,True,7200,800
0.1,10,10,128,Unscaled,Gaussian,absolute_residual,0.9875,198527082453400.44,26.901839420878026,0.0,True,7200,800
0.1,10,10,128,Empirical_copula,Gaussian,absolute_residual,0.3275,1572253358.6188679,26.90183942083414,0.0,True,7200,800
0.1,10,10,129,TSCP_R,Gaussian,absolute_residual,0.97875,668609156246.4286,30.87852957321403,0.001995563507080078,True,7200,800
0.1,10,10,129,Point_CHR,Gaussian,absolute_residual,1.0,inf,inf,0.0,True,7200,800
0.1,10,10,129,Unscaled,Gaussian,absolute_residual,0.8325,2651090243264.6465,17.471993165387353,0.0,True,7200,800
0.1,10,10,129,Empirical_copula,Gaussian,absolute_residual,0.48875,2037842300.6182935,17.471993165374542,0.0009918212890625,True,7200,800
0.1,10,10,130,TSCP_R,Gaussian,absolute_residual,0.96,5835687809064.357,47.59617057436196,0.0019996166229248047,True,7200,800
0.1,10,10,130,Point_CHR,Gaussian,absolute_residual,1.0,inf,inf,0.0,True,7200,800
0.1,10,10,130,Unscaled,Gaussian,absolute_residual,0.95125,28925239990091.145,22.188487395885325,0.0,True,7200,800
0.1,10,10,130,Empirical_copula,Gaussian,absolute_residual,0.31125,1341756812.2276275,22.18848739580921,0.0010006427764892578,True,7200,800
0.1,10,10,131,TSCP_R,Gaussian,absolute_residual,1.0,50217447494053.445,89.38757229126973,0.0020067691802978516,True,7200,800
0.1,10,10,131,Point_CHR,Gaussian,absolute_residual,1.0,inf,inf,0.0,True,7200,800
0.1,10,10,131,Unscaled,Gaussian,absolute_residual,1.0,6050661460212648.0,37.85997173915566,0.0,True,7200,800
0.1,10,10,131,Empirical_copula,Gaussian,absolute_residual,0.4875,5607379132.997542,37.859971739146246,0.0009932518005371094,True,7200,800
0.1,10,10,132,TSCP_R,Gaussian,absolute_residual,0.98,965157185716.097,43.687758001491545,0.0030007362365722656,True,7200,800
0.1,10,10,132,Point_CHR,Gaussian,absolute_residual,1.0,inf,inf,0.0,True,7200,800
0.1,10,10,132,Unscaled,Gaussian,absolute_residual,0.9375,18090544331378.62,21.171184819818027,0.0,True,7200,800
0.1,10,10,132,Empirical_copula,Gaussian,absolute_residual,0.385,999742329.867156,21.17118481977414,0.0,True,7200,800
0.1,10,10,133,TSCP_R,Gaussian,absolute_residual,0.93,169748102027.621,28.508274302962118,0.001998424530029297,True,7200,800
0.1,10,10,133,Point_CHR,Gaussian,absolute_residual,1.0,inf,inf,0.001001119613647461,True,7200,800
0.1,10,10,133,Unscaled,Gaussian,absolute_residual,0.78875,1261973051692.5989,16.22202282386259,0.0,True,7200,800
0.1,10,10,133,Empirical_copula,Gaussian,absolute_residual,0.32625,446785829.0949633,16.222022823785196,0.0,True,7200,800
0.1,10,10,134,TSCP_R,Gaussian,absolute_residual,0.6625,38637054185.93079,34.61482047657172,0.002007007598876953,True,7200,800
0.1,10,10,134,Point_CHR,Gaussian,absolute_residual,1.0,inf,inf,0.0,True,7200,800
0.1,10,10,134,Unscaled,Gaussian,absolute_residual,0.87125,3760140048108.7964,18.093409065831803,0.0,True,7200,800
0.1,10,10,134,Empirical_copula,Gaussian,absolute_residual,0.195,320954036.76689446,18.093409065745945,0.0009989738464355469,True,7200,800
0.1,10,10,135,TSCP_R,Gaussian,absolute_residual,0.8325,181974645834.6436,26.80797517389719,0.0009996891021728516,True,7200,800
0.1,10,10,135,Point_CHR,Gaussian,absolute_residual,1.0,inf,inf,0.00099945068359375,True,7200,800
0.1,10,10,135,Unscaled,Gaussian,absolute_residual,0.735,914869771523.4352,15.708543818380171,0.0,True,7200,800
0.1,10,10,135,Empirical_copula,Gaussian,absolute_residual,0.26625,778074831.5128573,15.708543818294311,0.0,True,7200,800
0.1,10,10,136,TSCP_R,Gaussian,absolute_residual,0.7125,160443447639.6043,39.15260503056095,0.0020008087158203125,True,7200,800
0.1,10,10,136,Point_CHR,Gaussian,absolute_residual,1.0,inf,inf,0.0010004043579101562,True,7200,800
0.1,10,10,136,Unscaled,Gaussian,absolute_residual,0.9825,127820778794109.98,25.743058637725255,0.0,True,7200,800
0.1,10,10,136,Empirical_copula,Gaussian,absolute_residual,0.195,1049586835.9036403,25.743058637646648,0.0,True,7200,800
0.1,10,10,137,TSCP_R,Gaussian,absolute_residual,0.5,4632878413.983912,24.843354626846082,0.0009984970092773438,True,7200,800
0.1,10,10,137,Point_CHR,Gaussian,absolute_residual,1.0,inf,inf,0.0009996891021728516,True,7200,800
0.1,10,10,137,Unscaled,Gaussian,absolute_residual,0.69,482798140366.9565,14.735896375730713,0.0,True,7200,800
0.1,10,10,137,Empirical_copula,Gaussian,absolute_residual,0.1275,73563162.44512334,14.73589637563315,0.0,True,7200,800
0.1,10,10,138,TSCP_R,Gaussian,absolute_residual,0.80875,87948895870.02156,33.95689025008928,0.0009992122650146484,True,7200,800
0.1,10,10,138,Point_CHR,Gaussian,absolute_residual,1.0,inf,inf,0.0,True,7200,800
0.1,10,10,138,Unscaled,Gaussian,absolute_residual,0.9675,32478498401561.156,22.44706655316453,0.0,True,7200,800
0.1,10,10,138,Empirical_copula,Gaussian,absolute_residual,0.25,694455767.0023847,22.44706655308592,0.0,True,7200,800
0.1,10,10,139,TSCP_R,Gaussian,absolute_residual,0.9875,1790880659252.6702,38.06352154694766,0.002000570297241211,True,7200,800
0.1,10,10,139,Point_CHR,Gaussian,absolute_residual,1.0,inf,inf,0.0,True,7200,800
0.1,10,10,139,Unscaled,Gaussian,absolute_residual,0.94,20350894854857.773,21.42191792527243,0.0,True,7200,800
0.1,10,10,139,Empirical_copula,Gaussian,absolute_residual,0.4125,1314988348.8521647,21.421917925228545,0.0009992122650146484,True,7200,800
0.1,10,10,140,TSCP_R,Gaussian,absolute_residual,0.99875,31883883024252.15,54.26471164470777,0.002020120620727539,True,7200,800
0.1,10,10,140,Point_CHR,Gaussian,absolute_residual,1.0,inf,inf,0.0009877681732177734,True,7200,800
0.1,10,10,140,Unscaled,Gaussian,absolute_residual,0.98625,91665837158115.75,24.901227204318765,0.0,True,7200,800
0.1,10,10,140,Empirical_copula,Gaussian,absolute_residual,0.41875,2277538536.661646,24.90122720424265,0.0,True,7200,800
0.1,10,10,141,TSCP_R,Gaussian,absolute_residual,1.0,25828554594664.89,62.45677342902927,0.002016782760620117,True,7200,800
0.1,10,10,141,Point_CHR,Gaussian,absolute_residual,1.0,inf,inf,0.0009913444519042969,True,7200,800
0.1,10,10,141,Unscaled,Gaussian,absolute_residual,0.97625,62395237225148.21,23.961563032218525,0.0,True,7200,800
0.1,10,10,141,Empirical_copula,Gaussian,absolute_residual,0.505,2174512192.5961347,23.96156303214113,0.0,True,7200,800
0.1,10,10,142,TSCP_R,Gaussian,absolute_residual,0.99625,1902880280332.6802,33.015292778049876,0.0010063648223876953,True,7200,800
0.1,10,10,142,Point_CHR,Gaussian,absolute_residual,1.0,inf,inf,0.0009996891021728516,True,7200,800
0.1,10,10,142,Unscaled,Gaussian,absolute_residual,0.7375,1114779350486.8914,16.022079840049066,0.0,True,7200,800
0.1,10,10,142,Empirical_copula,Gaussian,absolute_residual,0.39875,991389101.3420653,16.02207984000403,0.0,True,7200,800
0.1,10,10,143,TSCP_R,Gaussian,absolute_residual,0.99875,9777042135841.705,52.70508087596643,0.0019905567169189453,True,7200,800
0.1,10,10,143,Point_CHR,Gaussian,absolute_residual,1.0,inf,inf,0.0,True,7200,800
0.1,10,10,143,Unscaled,Gaussian,absolute_residual,0.9075,10725559623154.014,20.09287100671408,0.0,True,7200,800
0.1,10,10,143,Empirical_copula,Gaussian,absolute_residual,0.4525,2168883980.753929,20.092871006670194,0.0010073184967041016,True,7200,800
0.1,10,10,144,TSCP_R,Gaussian,absolute_residual,0.99875,25596972551422.32,61.83994076139011,0.0020074844360351562,True,7200,800
0.1,10,10,144,Point_CHR,Gaussian,absolute_residual,1.0,inf,inf,0.0010006427764892578,True,7200,800
0.1,10,10,144,Unscaled,Gaussian,absolute_residual,0.9575,29600789195441.633,22.23977191904411,0.0,True,7200,800
0.1,10,10,144,Empirical_copula,Gaussian,absolute_residual,0.40625,1738802958.994584,22.239771918965502,0.0,True,7200,800
0.1,10,10,145,TSCP_R,Gaussian,absolute_residual,0.9775,802352840647.2148,38.974780797368275,0.001997709274291992,True,7200,800
0.1,10,10,145,Point_CHR,Gaussian,absolute_residual,1.0,inf,inf,0.0,True,7200,800
0.1,10,10,145,Unscaled,Gaussian,absolute_residual,0.9325,20071964148383.945,21.392374224748366,0.0,True,7200,800
0.1,10,10,145,Empirical_copula,Gaussian,absolute_residual,0.53375,2868421946.3989434,21.392374224672253,0.0010025501251220703,True,7200,800
0.1,10,10,146,TSCP_R,Gaussian,absolute_residual,0.9475,296079179923.33234,25.712707100038408,0.0020096302032470703,True,7200,800
0.1,10,10,146,Point_CHR,Gaussian,absolute_residual,1.0,inf,inf,0.0009903907775878906,True,7200,800
0.1,10,10,146,Unscaled,Gaussian,absolute_residual,0.6575,403161862264.16974,14.472646161238096,0.0,True,7200,800
0.1,10,10,146,Empirical_copula,Gaussian,absolute_residual,0.35,738671660.802931,14.472646161152236,0.0,True,7200,800
0.1,10,10,147,TSCP_R,Gaussian,absolute_residual,0.99875,3215880198591.269,43.01534919181592,0.0020046234130859375,True,7200,800
0.1,10,10,147,Point_CHR,Gaussian,absolute_residual,1.0,inf,inf,0.0,True,7200,800
0.1,10,10,147,Unscaled,Gaussian,absolute_residual,0.975,46749330153924.984,23.279708570375746,0.0,True,7200,800
0.1,10,10,147,Empirical_copula,Gaussian,absolute_residual,0.53625,1935597073.5317636,23.279708570289888,0.0009992122650146484,True,7200,800
0.1,10,10,148,TSCP_R,Gaussian,absolute_residual,0.85375,148900010850.39868,37.69371990166104,0.0019996166229248047,True,7200,800
0.1,10,10,148,Point_CHR,Gaussian,absolute_residual,1.0,inf,inf,0.001001119613647461,True,7200,800
0.1,10,10,148,Unscaled,Gaussian,absolute_residual,0.96375,39077373346677.64,22.86612305927235,0.0,True,7200,800
0.1,10,10,148,Empirical_copula,Gaussian,absolute_residual,0.37125,1200710333.3234673,22.866123059196237,0.0009996891021728516,True,7200,800
0.1,10,10,149,TSCP_R,Gaussian,absolute_residual,0.8725,154280920533.6508,28.011437777017868,0.0020072460174560547,True,7200,800
0.1,10,10,149,Point_CHR,Gaussian,absolute_residual,1.0,inf,inf,0.0,True,7200,800
0.1,10,10,149,Unscaled,Gaussian,absolute_residual,0.7775,1462428770715.1907,16.462942913696597,0.0009944438934326172,True,7200,800
0.1,10,10,149,Empirical_copula,Gaussian,absolute_residual,0.22625,309934665.5274692,16.46294291368718,0.0,True,7200,800
0.1,10,10,150,TSCP_R,Gaussian,absolute_residual,0.74375,26057380173.37443,31.44590300123186,0.0020008087158203125,True,7200,800
0.1,10,10,150,Point_CHR,Gaussian,absolute_residual,1.0,inf,inf,0.0009999275207519531,True,7200,800
0.1,10,10,150,Unscaled,Gaussian,absolute_residual,0.94125,20033160111733.03,21.388234951102202,0.0,True,7200,800
0.1,10,10,150,Empirical_copula,Gaussian,absolute_residual,0.25875,495584880.25962573,21.388234951058315,0.0,True,7200,800
0.1,10,10,151,TSCP_R,Gaussian,absolute_residual,0.93,1445161331837.7249,45.1452121887396,0.0019981861114501953,True,7200,800
0.1,10,10,151,Point_CHR,Gaussian,absolute_residual,1.0,inf,inf,0.001001119613647461,True,7200,800
0.1,10,10,151,Unscaled,Gaussian,absolute_residual,0.985,232515318503153.1,27.330347709287107,0.0,True,7200,800
0.1,10,10,151,Empirical_copula,Gaussian,absolute_residual,0.2375,1039005982.0813707,27.33034770924322,0.0,True,7200,800
0.1,10,10,152,TSCP_R,Gaussian,absolute_residual,0.96125,558015746422.4188,32.96276741819444,0.002006053924560547,True,7200,800
0.1,10,10,152,Point_CHR,Gaussian,absolute_residual,1.0,inf,inf,0.0009999275207519531,True,7200,800
0.1,10,10,152,Unscaled,Gaussian,absolute_residual,0.91375,16957981894487.975,21.034753001574508,0.0,True,7200,800
0.1,10,10,152,Empirical_copula,Gaussian,absolute_residual,0.395,1380693586.6495402,21.03475300156509,0.0,True,7200,800
0.1,10,10,153,TSCP_R,Gaussian,absolute_residual,0.88875,585432979283.0382,42.5952554100774,0.0030035972595214844,True,7200,800
0.1,10,10,153,Point_CHR,Gaussian,absolute_residual,1.0,inf,inf,0.0,True,7200,800
0.1,10,10,153,Unscaled,Gaussian,absolute_residual,0.8775,5016477352405.951,18.6225815853482,0.0,True,7200,800
0.1,10,10,153,Empirical_copula,Gaussian,absolute_residual,0.1875,272830885.3024788,18.62258158533539,0.0009980201721191406,True,7200,800
0.1,10,10,154,TSCP_R,Gaussian,absolute_residual,0.995,2934871370947.915,38.15055348443586,0.001993417739868164,True,7200,800
0.1,10,10,154,Point_CHR,Gaussian,absolute_residual,1.0,inf,inf,0.0,True,7200,800
0.1,10,10,154,Unscaled,Gaussian,absolute_residual,0.95,24679051021294.805,21.839004892100217,0.0,True,7200,800
0.1,10,10,154,Empirical_copula,Gaussian,absolute_residual,0.56375,3076680926.2112784,21.83900489205518,0.0,True,7200,800
0.1,10,10,155,TSCP_R,Gaussian,absolute_residual,0.975,3237610854321.036,52.1484897541779,0.002000093460083008,True,7200,800
0.1,10,10,155,Point_CHR,Gaussian,absolute_residual,1.0,inf,inf,0.0009989738464355469,True,7200,800
0.1,10,10,155,Unscaled,Gaussian,absolute_residual,0.9625,28024138897305.707,22.11837554835863,0.0,True,7200,800
0.1,10,10,155,Empirical_copula,Gaussian,absolute_residual,0.3525,1228543983.4199867,22.118375548314745,0.0,True,7200,800
0.1,10,10,156,TSCP_R,Gaussian,absolute_residual,0.975,2393407899573.885,39.37278286224544,0.0020093917846679688,True,7200,800
0.1,10,10,156,Point_CHR,Gaussian,absolute_residual,1.0,inf,inf,0.0,True,7200,800
0.1,10,10,156,Unscaled,Gaussian,absolute_residual,0.73,632510312345.1113,15.139333675140794,0.0,True,7200,800
0.1,10,10,156,Empirical_copula,Gaussian,absolute_residual,0.32375,973720870.3598074,15.13933367506468,0.0,True,7200,800
0.1,10,10,157,TSCP_R,Gaussian,absolute_residual,0.985,3084714990823.1216,40.849400393647045,0.0019991397857666016,True,7200,800
0.1,10,10,157,Point_CHR,Gaussian,absolute_residual,1.0,inf,inf,0.0,True,7200,800
0.1,10,10,157,Unscaled,Gaussian,absolute_residual,0.83625,2493307094555.0513,17.365111542103445,0.0,True,7200,800
0.1,10,10,157,Empirical_copula,Gaussian,absolute_residual,0.41375,1318643787.2912395,17.365111542058408,0.0,True,7200,800
0.1,10,10,158,TSCP_R,Gaussian,absolute_residual,0.98375,1608305074246.3428,36.95649863055675,0.002002239227294922,True,7200,800
0.1,10,10,158,Point_CHR,Gaussian,absolute_residual,1.0,inf,inf,0.0009989738464355469,True,7200,800
0.1,10,10,158,Unscaled,Gaussian,absolute_residual,0.94125,18211238228800.473,21.18526727961059,0.0,True,7200,800
0.1,10,10,158,Empirical_copula,Gaussian,absolute_residual,0.575,3680513128.440561,21.185267279513027,0.0,True,7200,800
0.1,10,10,159,TSCP_R,Gaussian,absolute_residual,0.99375,16036340123998.088,61.650626636244674,0.002006053924560547,True,7200,800
0.1,10,10,159,Point_CHR,Gaussian,absolute_residual,1.0,inf,inf,0.0009992122650146484,True,7200,800
0.1,10,10,159,Unscaled,Gaussian,absolute_residual,0.96625,67471357680400.71,24.149711390162373,0.0,True,7200,800
0.1,10,10,159,Empirical_copula,Gaussian,absolute_residual,0.285,674380332.0682777,24.14971139008626,0.0,True,7200,800
0.1,10,10,160,TSCP_R,Gaussian,absolute_residual,1.0,98732005232897.52,52.70089070622948,0.0020008087158203125,True,7200,800
0.1,10,10,160,Point_CHR,Gaussian,absolute_residual,1.0,inf,inf,0.0,True,7200,800
0.1,10,10,160,Unscaled,Gaussian,absolute_residual,0.96125,53961085295323.67,23.61609393482298,0.0,True,7200,800
0.1,10,10,160,Empirical_copula,Gaussian,absolute_residual,0.53375,4715485625.468984,23.616093934745585,0.0009999275207519531,True,7200,800
0.1,10,10,161,TSCP_R,Gaussian,absolute_residual,0.77875,19237112999.128162,26.579792731515305,0.0020012855529785156,True,7200,800
0.1,10,10,161,Point_CHR,Gaussian,absolute_residual,1.0,inf,inf,0.0010006427764892578,True,7200,800
0.1,10,10,161,Unscaled,Gaussian,absolute_residual,0.835,3543592574871.685,17.986405418354426,0.0,True,7200,800
0.1,10,10,161,Empirical_copula,Gaussian,absolute_residual,0.35,684519179.6001809,17.98640541827582,0.0,True,7200,800
0.1,10,10,162,TSCP_R,Gaussian,absolute_residual,0.735,23254766965.072727,36.32969634494053,0.0019893646240234375,True,7200,800
0.1,10,10,162,Point_CHR,Gaussian,absolute_residual,1.0,inf,inf,0.0009996891021728516,True,7200,800
0.1,10,10,162,Unscaled,Gaussian,absolute_residual,0.97625,87190270384920.45,24.776890554030295,0.0,True,7200,800
0.1,10,10,162,Empirical_copula,Gaussian,absolute_residual,0.28375,599747048.1084379,24.776890554017484,0.0,True,7200,800
0.1,10,10,163,TSCP_R,Gaussian,absolute_residual,0.96625,679643071391.6266,39.441341515292926,0.0020051002502441406,True,7200,800
0.1,10,10,163,Point_CHR,Gaussian,absolute_residual,1.0,inf,inf,0.0010004043579101562,True,7200,800
0.1,10,10,163,Unscaled,Gaussian,absolute_residual,0.93375,17113728675339.91,21.053992516458234,0.0,True,7200,800
0.1,10,10,163,Empirical_copula,Gaussian,absolute_residual,0.3325,1171857188.7200975,21.053992516448815,0.0,True,7200,800
0.1,10,10,164,TSCP_R,Gaussian,absolute_residual,0.99875,2870775265624.8853,44.510172955572436,0.00200653076171875,True,7200,800
0.1,10,10,164,Point_CHR,Gaussian,absolute_residual,1.0,inf,inf,0.0,True,7200,800
0.1,10,10,164,Unscaled,Gaussian,absolute_residual,0.93375,26670353512270.88,22.009130080094682,0.0,True,7200,800
0.1,10,10,164,Empirical_copula,Gaussian,absolute_residual,0.48375,1739576778.6758752,22.00913007999712,0.0009999275207519531,True,7200,800
0.1,10,10,165,TSCP_R,Gaussian,absolute_residual,0.9475,749137012517.4624,40.98402293863084,0.0019989013671875,True,7200,800
0.1,10,10,165,Point_CHR,Gaussian,absolute_residual,1.0,inf,inf,0.0010073184967041016,True,7200,800
0.1,10,10,165,Unscaled,Gaussian,absolute_residual,0.91375,11977709720488.703,20.315961370581164,0.0,True,7200,800
0.1,10,10,165,Empirical_copula,Gaussian,absolute_residual,0.37625,1305257978.2516356,20.315961370568353,0.0,True,7200,800
0.1,10,10,166,TSCP_R,Gaussian,absolute_residual,0.95625,825244864630.0717,50.50021071188882,0.0030031204223632812,True,7200,800
0.1,10,10,166,Point_CHR,Gaussian,absolute_residual,1.0,inf,inf,0.0009999275207519531,True,7200,800
0.1,10,10,166,Unscaled,Gaussian,absolute_residual,0.9575,41341657648965.56,22.995284581907875,0.0,True,7200,800
0.1,10,10,166,Empirical_copula,Gaussian,absolute_residual,0.48375,2258740242.9963155,22.99528458183048,0.0,True,7200,800
0.1,10,10,167,TSCP_R,Gaussian,absolute_residual,0.81625,138388587283.62662,42.792478918553385,0.002007007598876953,True,7200,800
0.1,10,10,167,Point_CHR,Gaussian,absolute_residual,1.0,inf,inf,0.0,True,7200,800
0.1,10,10,167,Unscaled,Gaussian,absolute_residual,0.9925,150663050743975.22,26.169816396889146,0.0,True,7200,800
0.1,10,10,167,Empirical_copula,Gaussian,absolute_residual,0.1825,387868582.4703217,26.169816396879728,0.0009980201721191406,True,7200,800
0.1,10,10,168,TSCP_R,Gaussian,absolute_residual,0.95875,574841291479.6925,43.268758962335504,0.0019981861114501953,True,7200,800
0.1,10,10,168,Point_CHR,Gaussian,absolute_residual,1.0,inf,inf,0.0,True,7200,800
0.1,10,10,168,Unscaled,Gaussian,absolute_residual,0.9925,181961132055968.97,26.66845542001287,0.0,True,7200,800
0.1,10,10,168,Empirical_copula,Gaussian,absolute_residual,0.565,5136812763.704796,26.668455419968982,0.00099945068359375,True,7200,800
0.1,10,10,169,TSCP_R,Gaussian,absolute_residual,0.97625,8965568921966.076,62.05953519432621,0.002005338668823242,True,7200,800
0.1,10,10,169,Point_CHR,Gaussian,absolute_residual,1.0,inf,inf,0.0,True,7200,800
0.1,10,10,169,Unscaled,Gaussian,absolute_residual,0.9825,145793318946524.62,26.083974217887004,0.0,True,7200,800
0.1,10,10,169,Empirical_copula,Gaussian,absolute_residual,0.225,842957983.621022,26.083974217809608,0.0009932518005371094,True,7200,800
0.1,10,10,170,TSCP_R,Gaussian,absolute_residual,0.99125,10717229857417.201,49.22839767073,0.0019998550415039062,True,7200,800
0.1,10,10,170,Point_CHR,Gaussian,absolute_residual,1.0,inf,inf,0.0010025501251220703,True,7200,800
0.1,10,10,170,Unscaled,Gaussian,absolute_residual,0.95875,36281283167152.62,22.69698987115013,0.0,True,7200,800
0.1,10,10,170,Empirical_copula,Gaussian,absolute_residual,0.63,4897390404.980485,22.69698987106427,0.0,True,7200,800
0.1,10,10,171,TSCP_R,Gaussian,absolute_residual,0.96,1295323357377.6345,44.49071043312006,0.002007722854614258,True,7200,800
0.1,10,10,171,Point_CHR,Gaussian,absolute_residual,1.0,inf,inf,0.0,True,7200,800
0.1,10,10,171,Unscaled,Gaussian,absolute_residual,0.9475,33683207718086.78,22.528970396582967,0.0,True,7200,800
0.1,10,10,171,Empirical_copula,Gaussian,absolute_residual,0.37875,1938560455.304257,22.528970396506853,0.0009944438934326172,True,7200,800
0.1,10,10,172,TSCP_R,Gaussian,absolute_residual,0.9725,10504453755497.658,60.835365270255565,0.002005338668823242,True,7200,800
0.1,10,10,172,Point_CHR,Gaussian,absolute_residual,1.0,inf,inf,0.0,True,7200,800
0.1,10,10,172,Unscaled,Gaussian,absolute_residual,0.98875,156512387402738.97,26.269685388515406,0.0,True,7200,800
0.1,10,10,172,Empirical_copula,Gaussian,absolute_residual,0.38625,2343325186.396918,26.2696853884368,0.0,True,7200,800
0.1,10,10,173,TSCP_R,Gaussian,absolute_residual,0.98875,3657132319271.701,59.222463844014214,0.002000570297241211,True,7200,800
0.1,10,10,173,Point_CHR,Gaussian,absolute_residual,1.0,inf,inf,0.0,True,7200,800
0.1,10,10,173,Unscaled,Gaussian,absolute_residual,0.99875,1418157989928172.2,32.74707101500123,0.0,True,7200,800
0.1,10,10,173,Empirical_copula,Gaussian,absolute_residual,0.45375,3448867597.3777833,32.74707101495619,0.0010018348693847656,True,7200,800
0.1,10,10,174,TSCP_R,Gaussian,absolute_residual,0.93,236359360903.83212,41.017889860184326,0.0009992122650146484,True,7200,800
0.1,10,10,174,Point_CHR,Gaussian,absolute_residual,1.0,inf,inf,0.0010004043579101562,True,7200,800
0.1,10,10,174,Unscaled,Gaussian,absolute_residual,0.9425,26824455076397.004,22.0218140322721,0.0,True,7200,800
0.1,10,10,174,Empirical_copula,Gaussian,absolute_residual,0.28,698896982.6595601,22.02181403217454,0.0,True,7200,800
0.1,10,10,175,TSCP_R,Gaussian,absolute_residual,0.965,662773154403.5497,35.78163570801929,0.0020074844360351562,True,7200,800
0.1,10,10,175,Point_CHR,Gaussian,absolute_residual,1.0,inf,inf,0.0009951591491699219,True,7200,800
0.1,10,10,175,Unscaled,Gaussian,absolute_residual,0.89125,8244244641450.341,19.57109328809299,0.0,True,7200,800
0.1,10,10,175,Empirical_copula,Gaussian,absolute_residual,0.49125,2322015768.038618,19.571093288016876,0.0,True,7200,800
0.1,10,10,176,TSCP_R,Gaussian,absolute_residual,0.96875,2397423316430.1694,38.12288220618859,0.0030066967010498047,True,7200,800
0.1,10,10,176,Point_CHR,Gaussian,absolute_residual,1.0,inf,inf,0.0,True,7200,800
0.1,10,10,176,Unscaled,Gaussian,absolute_residual,0.86125,5195179096405.937,18.687880674123424,0.0010042190551757812,True,7200,800
0.1,10,10,176,Empirical_copula,Gaussian,absolute_residual,0.42,2016786172.5870137,18.687880674079537,0.0,True,7200,800
0.1,10,10,177,TSCP_R,Gaussian,absolute_residual,0.9825,1933901343203.2578,44.50087836566584,0.0019986629486083984,True,7200,800
0.1,10,10,177,Point_CHR,Gaussian,absolute_residual,1.0,inf,inf,0.0010001659393310547,True,7200,800
0.1,10,10,177,Unscaled,Gaussian,absolute_residual,0.9875,181494108783793.2,26.661602749025235,0.0,True,7200,800
0.1,10,10,177,Empirical_copula,Gaussian,absolute_residual,0.5725,5315043718.909232,26.661602748946628,0.0,True,7200,800
0.1,10,10,178,TSCP_R,Gaussian,absolute_residual,0.8075,114994752603.78864,31.437683474209983,0.0019981861114501953,True,7200,800
0.1,10,10,178,Point_CHR,Gaussian,absolute_residual,1.0,inf,inf,0.0,True,7200,800
0.1,10,10,178,Unscaled,Gaussian,absolute_residual,0.85,3835447808785.6543,18.129323881773985,0.0,True,7200,800
0.1,10,10,178,Empirical_copula,Gaussian,absolute_residual,0.27375,578112466.3127611,18.12932388169659,0.0,True,7200,800
0.1,10,10,179,TSCP_R,Gaussian,absolute_residual,0.86,84230721415.52473,37.24418402867607,0.0019958019256591797,True,7200,800
0.1,10,10,179,Point_CHR,Gaussian,absolute_residual,1.0,inf,inf,0.0,True,7200,800
0.1,10,10,179,Unscaled,Gaussian,absolute_residual,0.9775,78968992616303.9,24.532717608741695,0.0,True,7200,800
0.1,10,10,179,Empirical_copula,Gaussian,absolute_residual,0.27875,467185710.3156536,24.532717608655837,0.0,True,7200,800
0.1,10,10,180,TSCP_R,Gaussian,absolute_residual,0.9925,29585002697029.39,65.136377436347,0.0009996891021728516,True,7200,800
0.1,10,10,180,Point_CHR,Gaussian,absolute_residual,1.0,inf,inf,0.0009996891021728516,True,7200,800
0.1,10,10,180,Unscaled,Gaussian,absolute_residual,0.97625,90991854473454.78,24.882857454055856,0.0,True,7200,800
0.1,10,10,180,Empirical_copula,Gaussian,absolute_residual,0.24125,699024832.1824989,24.882857454010818,0.0,True,7200,800
0.1,10,10,181,TSCP_R,Gaussian,absolute_residual,0.9975,19237820635303.586,56.06127864138473,0.002007007598876953,True,7200,800
0.1,10,10,181,Point_CHR,Gaussian,absolute_residual,1.0,inf,inf,0.0,True,7200,800
0.1,10,10,181,Unscaled,Gaussian,absolute_residual,0.94,25063964248605.945,21.872829934256675,0.0,True,7200,800
0.1,10,10,181,Empirical_copula,Gaussian,absolute_residual,0.46,2192101381.387566,21.872829934170817,0.000995635986328125,True,7200,800
0.1,10,10,182,TSCP_R,Gaussian,absolute_residual,0.92,524432193716.5128,39.87021935030221,0.0020034313201904297,True,7200,800
0.1,10,10,182,Point_CHR,Gaussian,absolute_residual,1.0,inf,inf,0.0,True,7200,800
0.1,10,10,182,Unscaled,Gaussian,absolute_residual,0.96625,31679360268434.074,22.391213980685517,0.0,True,7200,800
0.1,10,10,182,Empirical_copula,Gaussian,absolute_residual,0.4525,2811574923.120006,22.39121398061578,0.0009961128234863281,True,7200,800
0.1,10,10,183,TSCP_R,Gaussian,absolute_residual,0.99875,78630905845170.28,76.12216255846126,0.0009911060333251953,True,7200,800
0.1,10,10,183,Point_CHR,Gaussian,absolute_residual,1.0,inf,inf,0.0,True,7200,800
0.1,10,10,183,Unscaled,Gaussian,absolute_residual,0.995,504480213803497.75,29.53142567777879,0.0,True,7200,800
0.1,10,10,183,Empirical_copula,Gaussian,absolute_residual,0.4525,4046018090.838376,29.5314256777349,0.001001119613647461,True,7200,800
0.1,10,10,184,TSCP_R,Gaussian,absolute_residual,0.88875,71989842814.00948,33.59378526918534,0.0020058155059814453,True,7200,800
0.1,10,10,184,Point_CHR,Gaussian,absolute_residual,1.0,inf,inf,0.0,True,7200,800
0.1,10,10,184,Unscaled,Gaussian,absolute_residual,0.9525,23760185550120.65,21.756297197983564,0.0,True,7200,800
0.1,10,10,184,Empirical_copula,Gaussian,absolute_residual,0.28125,403382247.6484792,21.756297197906168,0.0,True,7200,800
0.1,10,10,185,TSCP_R,Gaussian,absolute_residual,0.9975,27912356566416.9,57.910040881300226,0.001998424530029297,True,7200,800
0.1,10,10,185,Point_CHR,Gaussian,absolute_residual,1.0,inf,inf,0.0010030269622802734,True,7200,800
0.1,10,10,185,Unscaled,Gaussian,absolute_residual,0.9825,113686300067404.9,25.44314618830889,0.0,True,7200,800
0.1,10,10,185,Empirical_copula,Gaussian,absolute_residual,0.275,807197512.7249157,25.443146188239155,0.0,True,7200,800
0.1,10,10,186,TSCP_R,Gaussian,absolute_residual,0.92,377679661106.57153,37.1646934704115,0.0020074844360351562,True,7200,800
0.1,10,10,186,Point_CHR,Gaussian,absolute_residual,1.0,inf,inf,0.0,True,7200,800
0.1,10,10,186,Unscaled,Gaussian,absolute_residual,0.8625,3261264284033.9165,17.837689480357223,0.0,True,7200,800
0.1,10,10,186,Empirical_copula,Gaussian,absolute_residual,0.32125,473682041.2335919,17.837689480313337,0.0009937286376953125,True,7200,800
0.1,10,10,187,TSCP_R,Gaussian,absolute_residual,0.92875,511037839193.1474,45.604215892594,0.002002239227294922,True,7200,800
0.1,10,10,187,Point_CHR,Gaussian,absolute_residual,1.0,inf,inf,0.0009992122650146484,True,7200,800
0.1,10,10,187,Unscaled,Gaussian,absolute_residual,0.98125,102483990749156.58,25.180572671055323,0.0,True,7200,800
0.1,10,10,187,Empirical_copula,Gaussian,absolute_residual,0.35,1279996997.8851223,25.180572670957762,0.0,True,7200,800
0.1,10,10,188,TSCP_R,Gaussian,absolute_residual,0.81,141045068740.19446,33.59757672051008,0.0020003318786621094,True,7200,800
0.1,10,10,188,Point_CHR,Gaussian,absolute_residual,1.0,inf,inf,0.00099945068359375,True,7200,800
0.1,10,10,188,Unscaled,Gaussian,absolute_residual,0.8825,9984793804850.354,19.949587036747896,0.0,True,7200,800
0.1,10,10,188,Empirical_copula,Gaussian,absolute_residual,0.2525,608564814.0427179,19.94958703670401,0.0,True,7200,800
0.1,10,10,189,TSCP_R,Gaussian,absolute_residual,1.0,1.681235838643885e+16,131.98694127892713,0.0019788742065429688,True,7200,800
0.1,10,10,189,Point_CHR,Gaussian,absolute_residual,1.0,inf,inf,0.0,True,7200,800
0.1,10,10,189,Unscaled,Gaussian,absolute_residual,0.9925,242071867464280.28,27.44065237293754,0.0,True,7200,800
0.1,10,10,189,Empirical_copula,Gaussian,absolute_residual,0.31375,1399157007.0482857,27.440652372860143,0.0010068416595458984,True,7200,800
0.1,10,10,190,TSCP_R,Gaussian,absolute_residual,0.9525,415516672342.294,34.7105553906096,0.002001047134399414,True,7200,800
0.1,10,10,190,Point_CHR,Gaussian,absolute_residual,1.0,inf,inf,0.0,True,7200,800
0.1,10,10,190,Unscaled,Gaussian,absolute_residual,0.77875,1201305440681.302,16.142297402360658,0.0,True,7200,800
0.1,10,10,190,Empirical_copula,Gaussian,absolute_residual,0.37125,944991335.640983,16.142297402263097,0.0,True,7200,800
0.1,10,10,191,TSCP_R,Gaussian,absolute_residual,1.0,49229585826948.22,67.11019534897284,0.0019996166229248047,True,7200,800
0.1,10,10,191,Point_CHR,Gaussian,absolute_residual,1.0,inf,inf,0.0,True,7200,800
0.1,10,10,191,Unscaled,Gaussian,absolute_residual,0.9825,139599568392276.86,25.97098417194955,0.0,True,7200,800
0.1,10,10,191,Empirical_copula,Gaussian,absolute_residual,0.375,1071488289.6338798,25.970984171905663,0.0,True,7200,800
0.1,10,10,192,TSCP_R,Gaussian,absolute_residual,0.99125,3117490704550.8457,42.75198388123936,0.004001140594482422,True,7200,800
0.1,10,10,192,Point_CHR,Gaussian,absolute_residual,1.0,inf,inf,0.0010004043579101562,True,7200,800
0.1,10,10,192,Unscaled,Gaussian,absolute_residual,0.89375,4589274454176.576,18.457564854248552,0.0,True,7200,800
0.1,10,10,192,Empirical_copula,Gaussian,absolute_residual,0.49375,2347669021.854486,18.45756485423574,0.0,True,7200,800
0.1,10,10,193,TSCP_R,Gaussian,absolute_residual,0.955,2990685038497.7476,46.60685211218779,0.0019991397857666016,True,7200,800
0.1,10,10,193,Point_CHR,Gaussian,absolute_residual,1.0,inf,inf,0.0009987354278564453,True,7200,800
0.1,10,10,193,Unscaled,Gaussian,absolute_residual,0.83375,3388844619314.4365,17.906271522997972,0.0,True,7200,800
0.1,10,10,193,Empirical_copula,Gaussian,absolute_residual,0.19125,241677388.8103153,17.906271522928236,0.0010037422180175781,True,7200,800
0.1,10,10,194,TSCP_R,Gaussian,absolute_residual,0.555,8856021681.815025,29.782256571997337,0.0030007362365722656,True,7200,800
0.1,10,10,194,Point_CHR,Gaussian,absolute_residual,1.0,inf,inf,0.0009996891021728516,True,7200,800
0.1,10,10,194,Unscaled,Gaussian,absolute_residual,0.92625,19791719123469.453,21.36231682940398,0.0,True,7200,800
0.1,10,10,194,Empirical_copula,Gaussian,absolute_residual,0.155,172846774.85001883,21.362316829360093,0.0,True,7200,800
0.1,10,10,195,TSCP_R,Gaussian,absolute_residual,0.98375,934346216046.3492,45.603426152344596,0.0030014514923095703,True,7200,800
0.1,10,10,195,Point_CHR,Gaussian,absolute_residual,1.0,inf,inf,0.0,True,7200,800
0.1,10,10,195,Unscaled,Gaussian,absolute_residual,0.93375,19804138412662.42,21.363656934845494,0.0,True,7200,800
0.1,10,10,195,Empirical_copula,Gaussian,absolute_residual,0.4125,1408276939.7872124,21.363656934832683,0.0010008811950683594,True,7200,800
0.1,10,10,196,TSCP_R,Gaussian,absolute_residual,1.0,88626068642600.34,53.77321540625302,0.0050008296966552734,True,7200,800
0.1,10,10,196,Point_CHR,Gaussian,absolute_residual,1.0,inf,inf,0.0,True,7200,800
0.1,10,10,196,Unscaled,Gaussian,absolute_residual,0.8875,7233865327057.353,19.316882669632868,0.0,True,7200,800
0.1,10,10,196,Empirical_copula,Gaussian,absolute_residual,0.38375,1497319024.5923162,19.31688266954701,0.0,True,7200,800
0.1,10,10,197,TSCP_R,Gaussian,absolute_residual,0.81125,157520397550.54697,30.32675419550042,0.0029990673065185547,True,7200,800
0.1,10,10,197,Point_CHR,Gaussian,absolute_residual,1.0,inf,inf,0.001001596450805664,True,7200,800
0.1,10,10,197,Unscaled,Gaussian,absolute_residual,0.67625,426136926764.1117,14.553080007647072,0.0,True,7200,800
0.1,10,10,197,Empirical_copula,Gaussian,absolute_residual,0.24625,442199445.02134615,14.553080007570959,0.0009984970092773438,True,7200,800
0.1,10,10,198,TSCP_R,Gaussian,absolute_residual,0.8575,830342218810.8411,38.99445722480017,0.003000497817993164,True,7200,800
0.1,10,10,198,Point_CHR,Gaussian,absolute_residual,1.0,inf,inf,0.0009992122650146484,True,7200,800
0.1,10,10,198,Unscaled,Gaussian,absolute_residual,0.9525,28530044641655.824,22.15798403493349,0.0,True,7200,800
0.1,10,10,198,Empirical_copula,Gaussian,absolute_residual,0.385,2761116634.863937,22.157984034854884,0.0010004043579101562,True,7200,800
0.1,10,10,199,TSCP_R,Gaussian,absolute_residual,1.0,1101476966476188.0,106.50386889361471,0.0030012130737304688,True,7200,800
0.1,10,10,199,Point_CHR,Gaussian,absolute_residual,1.0,inf,inf,0.0,True,7200,800
0.1,10,10,199,Unscaled,Gaussian,absolute_residual,0.99875,749455906929056.0,30.723777314468755,0.0,True,7200,800
0.1,10,10,199,Empirical_copula,Gaussian,absolute_residual,0.5,3647848802.9691153,30.723777314455944,0.0,True,7200,800
0.1,10,20,0,TSCP_R,Gaussian,absolute_residual,0.69125,17446598561.48691,29.03993612240324,0.0030014514923095703,True,7200,800
0.1,10,20,0,Point_CHR,Gaussian,absolute_residual,0.55875,7443898044.916566,24.736831432510893,0.0009984970092773438,True,7200,800
0.1,10,20,0,Unscaled,Gaussian,absolute_residual,0.91125,8345333017908.171,19.59495936395142,0.0,True,7200,800
0.1,10,20,0,Empirical_copula,Gaussian,absolute_residual,0.4075,1558356246.8816707,24.736831432510893,0.0010008811950683594,True,7200,800
0.1,10,20,1,TSCP_R,Gaussian,absolute_residual,0.96,190693006999.25113,27.308339315185478,0.0029990673065185547,True,7200,800
0.1,10,20,1,Point_CHR,Gaussian,absolute_residual,0.97375,3129844427327.166,48.591802058420186,0.00099945068359375,True,7200,800
0.1,10,20,1,Unscaled,Gaussian,absolute_residual,0.8125,2468576497341.513,17.347810081792097,0.0,True,7200,800
0.1,10,20,1,Empirical_copula,Gaussian,absolute_residual,0.60625,6271696249.229198,23.599027508946243,0.0010008811950683594,True,7200,800
0.1,10,20,2,TSCP_R,Gaussian,absolute_residual,0.93625,279698031250.5152,38.98902320675012,0.004997968673706055,True,7200,800
0.1,10,20,2,Point_CHR,Gaussian,absolute_residual,0.9125,288212707934.1943,38.9613699421495,0.0010006427764892578,True,7200,800
0.1,10,20,2,Unscaled,Gaussian,absolute_residual,0.9775,67039998587980.62,24.1342273542738,0.0,True,7200,800
0.1,10,20,2,Empirical_copula,Gaussian,absolute_residual,0.60875,8140995398.1529665,26.280719840781828,0.0009999275207519531,True,7200,800
0.1,10,20,3,TSCP_R,Gaussian,absolute_residual,0.95,157779022136.77002,35.940799949408955,0.003998756408691406,True,7200,800
0.1,10,20,3,Point_CHR,Gaussian,absolute_residual,0.98,4324361639288.0747,47.92641506061618,0.0009996891021728516,True,7200,800
0.1,10,20,3,Unscaled,Gaussian,absolute_residual,0.96625,26578717053745.6,22.00155626268852,0.0,True,7200,800
0.1,10,20,3,Empirical_copula,Gaussian,absolute_residual,0.67625,10143190198.01842,25.21300194903788,0.0010004043579101562,True,7200,800
0.1,10,20,4,TSCP_R,Gaussian,absolute_residual,0.98125,963155664325.4941,41.172298788053034,0.0029993057250976562,True,7200,800
0.1,10,20,4,Point_CHR,Gaussian,absolute_residual,0.95875,1651544830428.4893,40.974480303130576,0.0009989738464355469,True,7200,800
0.1,10,20,4,Unscaled,Gaussian,absolute_residual,0.96,29952620108913.535,22.26606547631271,0.0,True,7200,800
0.1,10,20,4,Empirical_copula,Gaussian,absolute_residual,0.75625,19486031472.731037,22.66148143376339,0.0,True,7200,800
0.1,10,20,5,TSCP_R,Gaussian,absolute_residual,0.92,224579130649.98322,29.61025526741144,0.0050029754638671875,True,7200,800
0.1,10,20,5,Point_CHR,Gaussian,absolute_residual,0.76625,100540340644.30295,39.017063026867675,0.0,True,7200,800
0.1,10,20,5,Unscaled,Gaussian,absolute_residual,0.9125,9615561184059.178,19.874557295941646,0.0,True,7200,800
0.1,10,20,5,Empirical_copula,Gaussian,absolute_residual,0.6025,7266131570.777815,27.232213719868245,0.0009984970092773438,True,7200,800
0.1,10,20,6,TSCP_R,Gaussian,absolute_residual,0.98,618215449110.6305,30.515643243202344,0.0032966136932373047,True,7200,800
0.1,10,20,6,Point_CHR,Gaussian,absolute_residual,0.9925,6405586940699.469,47.10982177249004,0.0,True,7200,800
0.1,10,20,6,Unscaled,Gaussian,absolute_residual,0.925,11976782324234.893,20.315804065024448,0.0010001659393310547,True,7200,800
0.1,10,20,6,Empirical_copula,Gaussian,absolute_residual,0.79875,24708128649.570477,20.59864562957318,0.0,True,7200,800
0.1,10,20,7,TSCP_R,Gaussian,absolute_residual,0.98,1093079946738.1694,33.506105897949205,0.003999471664428711,True,7200,800
0.1,10,20,7,Point_CHR,Gaussian,absolute_residual,0.9175,414697205743.9936,43.091202090126885,0.0009989738464355469,True,7200,800
0.1,10,20,7,Unscaled,Gaussian,absolute_residual,0.90375,8959179540314.97,19.734531651406122,0.0,True,7200,800
0.1,10,20,7,Empirical_copula,Gaussian,absolute_residual,0.685,14896764155.744984,25.260899590973153,0.0,True,7200,800
0.1,10,20,8,TSCP_R,Gaussian,absolute_residual,0.92,102193920296.59277,27.540413053391823,0.0040013790130615234,True,7200,800
0.1,10,20,8,Point_CHR,Gaussian,absolute_residual,0.9075,74579548600.27402,25.284457880830367,0.0009992122650146484,True,7200,800
0.1,10,20,8,Unscaled,Gaussian,absolute_residual,0.90375,8551443793592.416,19.64282486742163,0.0,True,7200,800
0.1,10,20,8,Empirical_copula,Gaussian,absolute_residual,0.69125,8878152030.273315,19.874353094843208,0.0009987354278564453,True,7200,800
0.1,10,20,9,TSCP_R,Gaussian,absolute_residual,0.955,305473071505.07764,36.20093665300104,0.0029990673065185547,True,7200,800
0.1,10,20,9,Point_CHR,Gaussian,absolute_residual,0.97375,943703322757.0969,48.931244310099046,0.0,True,7200,800
0.1,10,20,9,Unscaled,Gaussian,absolute_residual,0.98375,149953256041426.38,26.157461214572052,0.0,True,7200,800
0.1,10,20,9,Empirical_copula,Gaussian,absolute_residual,0.68125,16340040248.281233,27.807850644502608,0.0010001659393310547,True,7200,800
0.1,10,20,10,TSCP_R,Gaussian,absolute_residual,0.94125,164705264210.59067,32.1044309938759,0.004002571105957031,True,7200,800
0.1,10,20,10,Point_CHR,Gaussian,absolute_residual,0.99,1490253383932.6677,45.50435522253849,0.0,True,7200,800
0.1,10,20,10,Unscaled,Gaussian,absolute_residual,0.945,32771701673107.156,22.467249038437448,0.0,True,7200,800
0.1,10,20,10,Empirical_copula,Gaussian,absolute_residual,0.67125,9258882064.50745,22.813823078852685,0.0010001659393310547,True,7200,800
0.1,10,20,11,TSCP_R,Gaussian,absolute_residual,0.94625,182479776833.56842,32.541148798576764,0.002999544143676758,True,7200,800
0.1,10,20,11,Point_CHR,Gaussian,absolute_residual,0.90125,771356316796.3086,34.08130191938179,0.0009999275207519531,True,7200,800
0.1,10,20,11,Unscaled,Gaussian,absolute_residual,0.83875,2761184682186.6543,17.5432295284462,0.0,True,7200,800
0.1,10,20,11,Empirical_copula,Gaussian,absolute_residual,0.6575,6884566813.104556,26.219458627879234,0.0009996891021728516,True,7200,800
0.1,10,20,12,TSCP_R,Gaussian,absolute_residual,0.89,137584685710.2532,41.4355398333796,0.003001689910888672,True,7200,800
0.1,10,20,12,Point_CHR,Gaussian,absolute_residual,0.95875,1020299599046.0667,63.42063967400516,0.0,True,7200,800
0.1,10,20,12,Unscaled,Gaussian,absolute_residual,0.97375,61659170626082.63,23.9331447721371,0.0,True,7200,800
0.1,10,20,12,Empirical_copula,Gaussian,absolute_residual,0.555,5102614697.041347,33.7920041010059,0.0010025501251220703,True,7200,800
0.1,10,20,13,TSCP_R,Gaussian,absolute_residual,0.83,38441174910.798546,26.88095662428273,0.0019996166229248047,True,7200,800
0.1,10,20,13,Point_CHR,Gaussian,absolute_residual,0.74375,23470435247.866608,22.384684969463688,0.0010001659393310547,True,7200,800
0.1,10,20,13,Unscaled,Gaussian,absolute_residual,0.81875,1945796509506.0608,16.939857083559524,0.0,True,7200,800
0.1,10,20,13,Empirical_copula,Gaussian,absolute_residual,0.49875,3365962561.4762545,21.097986378453616,0.0,True,7200,800
0.1,10,20,14,TSCP_R,Gaussian,absolute_residual,0.98875,906449957029.8069,34.010506081157175,0.0019991397857666016,True,7200,800
0.1,10,20,14,Point_CHR,Gaussian,absolute_residual,0.90625,683515779949.4058,44.80868793579529,0.0010006427764892578,True,7200,800
0.1,10,20,14,Unscaled,Gaussian,absolute_residual,0.895,6345709662222.492,19.065492119077287,0.0,True,7200,800
0.1,10,20,14,Empirical_copula,Gaussian,absolute_residual,0.69875,11868900306.244688,24.744895790187606,0.0009987354278564453,True,7200,800
0.1,10,20,15,TSCP_R,Gaussian,absolute_residual,0.96125,205936559718.80237,33.01348354587229,0.0019991397857666016,True,7200,800
0.1,10,20,15,Point_CHR,Gaussian,absolute_residual,0.955,297015991897.41223,32.26943364806293,0.0009992122650146484,True,7200,800
0.1,10,20,15,Unscaled,Gaussian,absolute_residual,0.9075,9274817345394.436,19.802979439074157,0.0,True,7200,800
0.1,10,20,15,Empirical_copula,Gaussian,absolute_residual,0.725,11360457529.409365,27.06943479386048,0.0,True,7200,800
0.1,10,20,16,TSCP_R,Gaussian,absolute_residual,0.92875,393367563162.6805,40.32633362311651,0.0030059814453125,True,7200,800
0.1,10,20,16,Point_CHR,Gaussian,absolute_residual,0.8925,364551084131.0828,41.70486343701557,0.0,True,7200,800
0.1,10,20,16,Unscaled,Gaussian,absolute_residual,0.9675,49380237802820.91,23.407515395812794,0.0,True,7200,800
0.1,10,20,16,Empirical_copula,Gaussian,absolute_residual,0.575,6872359109.174676,26.001114919774444,0.0009930133819580078,True,7200,800
0.1,10,20,17,TSCP_R,Gaussian,absolute_residual,0.96875,601986556363.7255,35.09415632366067,0.003011941909790039,True,7200,800
0.1,10,20,17,Point_CHR,Gaussian,absolute_residual,0.9925,51315494276130.61,49.25597504448233,0.0009961128234863281,True,7200,800
0.1,10,20,17,Unscaled,Gaussian,absolute_residual,0.835,2056939121116.5027,17.03421575914709,0.0,True,7200,800
0.1,10,20,17,Empirical_copula,Gaussian,absolute_residual,0.52875,4446868973.634883,22.243667374488673,0.0,True,7200,800
0.1,10,20,18,TSCP_R,Gaussian,absolute_residual,0.9625,247362979874.34854,31.83805243295337,0.002008199691772461,True,7200,800
0.1,10,20,18,Point_CHR,Gaussian,absolute_residual,0.97,988162267218.2253,37.72642655946065,0.0009920597076416016,True,7200,800
0.1,10,20,18,Unscaled,Gaussian,absolute_residual,0.92875,16557095634106.627,20.984489855047766,0.0,True,7200,800
0.1,10,20,18,Empirical_copula,Gaussian,absolute_residual,0.68,7260423034.78035,21.117520636797078,0.0,True,7200,800
0.1,10,20,19,TSCP_R,Gaussian,absolute_residual,0.90625,73377068678.33942,31.073409144456438,0.0030012130737304688,True,7200,800
0.1,10,20,19,Point_CHR,Gaussian,absolute_residual,0.9375,656881705720.9575,57.39108896450418,0.0,True,7200,800
0.1,10,20,19,Unscaled,Gaussian,absolute_residual,0.92875,14590012346307.951,20.72075453412775,0.0,True,7200,800
0.1,10,20,19,Empirical_copula,Gaussian,absolute_residual,0.64375,6963288088.287448,30.425094904017364,0.0010013580322265625,True,7200,800
0.1,10,20,20,TSCP_R,Gaussian,absolute_residual,0.9975,4099337647996.821,42.796272945005846,0.0030002593994140625,True,7200,800
0.1,10,20,20,Point_CHR,Gaussian,absolute_residual,0.96375,2728770391605.692,59.115427328602884,0.0,True,7200,800
0.1,10,20,20,Unscaled,Gaussian,absolute_residual,0.98875,318658811146055.4,28.205421433439575,0.0,True,7200,800
0.1,10,20,20,Empirical_copula,Gaussian,absolute_residual,0.77,15385898583.338814,30.474168325517386,0.0,True,7200,800
0.1,10,20,21,TSCP_R,Gaussian,absolute_residual,0.93625,265918612687.93997,31.994814825263873,0.00299835205078125,True,7200,800
0.1,10,20,21,Point_CHR,Gaussian,absolute_residual,0.71375,23272580286.725048,26.660187771357847,0.0,True,7200,800
0.1,10,20,21,Unscaled,Gaussian,absolute_residual,0.9,7459238058307.871,19.37623739594368,0.0,True,7200,800
0.1,10,20,21,Empirical_copula,Gaussian,absolute_residual,0.6075,9315627850.171196,23.514283338235813,0.0,True,7200,800
0.1,10,20,22,TSCP_R,Gaussian,absolute_residual,0.9575,199967918161.09607,38.85169553033875,0.0019991397857666016,True,7200,800
0.1,10,20,22,Point_CHR,Gaussian,absolute_residual,0.975,1409884455294.6729,50.89462633473602,0.0009996891021728516,True,7200,800
0.1,10,20,22,Unscaled,Gaussian,absolute_residual,0.95375,32387879086167.832,22.440795646541808,0.0,True,7200,800
0.1,10,20,22,Empirical_copula,Gaussian,absolute_residual,0.67125,8224922583.11551,24.86911500810082,0.0,True,7200,800
0.1,10,20,23,TSCP_R,Gaussian,absolute_residual,0.9725,1944406526598.8765,36.02533952157681,0.003007173538208008,True,7200,800
0.1,10,20,23,Point_CHR,Gaussian,absolute_residual,1.0,123804287719390.27,62.385937240922736,0.0010066032409667969,True,7200,800
0.1,10,20,23,Unscaled,Gaussian,absolute_residual,0.905,10425777100340.098,20.035991720887367,0.0,True,7200,800
0.1,10,20,23,Empirical_copula,Gaussian,absolute_residual,0.5775,10001312493.601883,20.629845205457645,0.0,True,7200,800
0.1,10,20,24,TSCP_R,Gaussian,absolute_residual,0.9775,470205826304.4421,35.27444155902264,0.0029990673065185547,True,7200,800
0.1,10,20,24,Point_CHR,Gaussian,absolute_residual,0.915,175393937482.71765,31.606009651632217,0.0,True,7200,800
0.1,10,20,24,Unscaled,Gaussian,absolute_residual,0.93125,15045721928317.143,20.7845823969927,0.0,True,7200,800
0.1,10,20,24,Empirical_copula,Gaussian,absolute_residual,0.6275,8007440344.882166,22.328745519078986,0.0,True,7200,800
0.1,10,20,25,TSCP_R,Gaussian,absolute_residual,0.8075,23036941257.68256,32.200785804941745,0.0019989013671875,True,7200,800
0.1,10,20,25,Point_CHR,Gaussian,absolute_residual,0.84125,56450150148.54683,30.698203959135352,0.0,True,7200,800
0.1,10,20,25,Unscaled,Gaussian,absolute_residual,0.88625,8707755308270.605,19.678437948253915,0.0,True,7200,800
0.1,10,20,25,Empirical_copula,Gaussian,absolute_residual,0.475,1866236300.3604393,22.799751113452352,0.0010001659393310547,True,7200,800
0.1,10,20,26,TSCP_R,Gaussian,absolute_residual,0.90625,153458029928.57993,30.042215238781594,0.0030088424682617188,True,7200,800
0.1,10,20,26,Point_CHR,Gaussian,absolute_residual,0.58875,14938454418.425352,24.86547668656452,0.0009984970092773438,True,7200,800
0.1,10,20,26,Unscaled,Gaussian,absolute_residual,0.7225,485788409021.7584,14.74499789292376,0.0,True,7200,800
0.1,10,20,26,Empirical_copula,Gaussian,absolute_residual,0.395,1563655652.5937335,18.10336789688855,0.0,True,7200,800
0.1,10,20,27,TSCP_R,Gaussian,absolute_residual,0.95125,361465844734.1171,37.188407894678924,0.0020055770874023438,True,7200,800
0.1,10,20,27,Point_CHR,Gaussian,absolute_residual,0.9175,216972130805.86078,41.841477980607614,0.0,True,7200,800
0.1,10,20,27,Unscaled,Gaussian,absolute_residual,0.97375,66655014871460.03,24.12033209371899,0.0,True,7200,800
0.1,10,20,27,Empirical_copula,Gaussian,absolute_residual,0.54625,5165116456.518321,24.970084120861312,0.0009987354278564453,True,7200,800
0.1,10,20,28,TSCP_R,Gaussian,absolute_residual,0.9625,343373423678.80396,41.72400917062057,0.002007007598876953,True,7200,800
0.1,10,20,28,Point_CHR,Gaussian,absolute_residual,0.94375,597578559741.6101,42.29650496085745,0.0,True,7200,800
0.1,10,20,28,Unscaled,Gaussian,absolute_residual,0.99625,594612851001935.2,30.020880730847548,0.0009996891021728516,True,7200,800
0.1,10,20,28,Empirical_copula,Gaussian,absolute_residual,0.6525,8398326346.353347,34.96009226417141,0.0,True,7200,800
0.1,10,20,29,TSCP_R,Gaussian,absolute_residual,0.9575,233945285709.09406,35.420552071052015,0.0024187564849853516,True,7200,800
0.1,10,20,29,Point_CHR,Gaussian,absolute_residual,0.93,860087301218.1508,45.975729887153236,0.0,True,7200,800
0.1,10,20,29,Unscaled,Gaussian,absolute_residual,0.97375,46535361776746.445,23.269031603468523,0.0010058879852294922,True,7200,800
0.1,10,20,29,Empirical_copula,Gaussian,absolute_residual,0.5525,5024521452.1527605,24.103155126049288,0.0,True,7200,800
0.1,10,20,30,TSCP_R,Gaussian,absolute_residual,0.71,13893793634.22936,23.239779505885164,0.0030083656311035156,True,7200,800
0.1,10,20,30,Point_CHR,Gaussian,absolute_residual,0.545,8123689449.033139,24.910489722789155,0.0,True,7200,800
0.1,10,20,30,Unscaled,Gaussian,absolute_residual,0.775,1267073688867.577,16.22856753919257,0.0,True,7200,800
0.1,10,20,30,Empirical_copula,Gaussian,absolute_residual,0.365,1144587937.8101707,16.997167890378602,0.00099945068359375,True,7200,800
0.1,10,20,31,TSCP_R,Gaussian,absolute_residual,0.98625,601914209704.2672,28.634049500943423,0.0020062923431396484,True,7200,800
0.1,10,20,31,Point_CHR,Gaussian,absolute_residual,0.94875,327862408007.6238,27.458052283240367,0.0009992122650146484,True,7200,800
0.1,10,20,31,Unscaled,Gaussian,absolute_residual,0.81125,2204585051800.838,17.152707659996356,0.0,True,7200,800
0.1,10,20,31,Empirical_copula,Gaussian,absolute_residual,0.67375,10785366344.205095,17.354361854053035,0.0,True,7200,800
0.1,10,20,32,TSCP_R,Gaussian,absolute_residual,0.9875,2301601660918.4478,39.60438886025761,0.001997709274291992,True,7200,800
0.1,10,20,32,Point_CHR,Gaussian,absolute_residual,0.99625,2286302741305.167,42.170232167362805,0.0,True,7200,800
0.1,10,20,32,Unscaled,Gaussian,absolute_residual,0.95375,29467627094820.66,22.229746824699635,0.0,True,7200,800
0.1,10,20,32,Empirical_copula,Gaussian,absolute_residual,0.70625,12603374361.95404,27.71423735413159,0.0,True,7200,800
0.1,10,20,33,TSCP_R,Gaussian,absolute_residual,0.90625,75786480694.46536,35.66222308162712,0.0020072460174560547,True,7200,800
0.1,10,20,33,Point_CHR,Gaussian,absolute_residual,0.96125,314140894097.015,40.89077907290916,0.0009930133819580078,True,7200,800
0.1,10,20,33,Unscaled,Gaussian,absolute_residual,0.93375,21970761868851.664,21.586613300176747,0.0,True,7200,800
0.1,10,20,33,Empirical_copula,Gaussian,absolute_residual,0.5975,4856833929.435001,29.942481319315693,0.0010020732879638672,True,7200,800
0.1,10,20,34,TSCP_R,Gaussian,absolute_residual,0.95125,326158589805.33527,37.026596487544026,0.0029990673065185547,True,7200,800
0.1,10,20,34,Point_CHR,Gaussian,absolute_residual,0.97,1422936125245.3481,35.792711061044585,0.0,True,7200,800
0.1,10,20,34,Unscaled,Gaussian,absolute_residual,0.99,169744267706780.66,26.483751957682355,0.0,True,7200,800
0.1,10,20,34,Empirical_copula,Gaussian,absolute_residual,0.605,6449472243.1307125,28.992732027747422,0.0010077953338623047,True,7200,800
0.1,10,20,35,TSCP_R,Gaussian,absolute_residual,0.76375,20709386144.32054,27.069120795784762,0.001987934112548828,True,7200,800
0.1,10,20,35,Point_CHR,Gaussian,absolute_residual,0.825,139417943921.25082,31.59466705167474,0.0,True,7200,800
0.1,10,20,35,Unscaled,Gaussian,absolute_residual,0.8425,3340467900233.815,17.880544106588086,0.0,True,7200,800
0.1,10,20,35,Empirical_copula,Gaussian,absolute_residual,0.48125,1566649512.4989378,20.44385443366187,0.0,True,7200,800
0.1,10,20,36,TSCP_R,Gaussian,absolute_residual,0.9125,118819677605.94751,32.45069028393481,0.003007650375366211,True,7200,800
0.1,10,20,36,Point_CHR,Gaussian,absolute_residual,0.755,33184794643.165016,39.104373975353106,0.0,True,7200,800
0.1,10,20,36,Unscaled,Gaussian,absolute_residual,0.91,8415892823247.655,19.61146420566034,0.0,True,7200,800
0.1,10,20,36,Empirical_copula,Gaussian,absolute_residual,0.59125,4742639193.39866,29.306453296496976,0.0009999275207519531,True,7200,800
0.1,10,20,37,TSCP_R,Gaussian,absolute_residual,0.95,450522671750.3047,38.10506253538458,0.0020215511322021484,True,7200,800
0.1,10,20,37,Point_CHR,Gaussian,absolute_residual,0.86625,144641143127.81458,31.32047191290619,0.0009799003601074219,True,7200,800
0.1,10,20,37,Unscaled,Gaussian,absolute_residual,0.96125,50737646302819.016,23.471077727208087,0.0,True,7200,800
0.1,10,20,37,Empirical_copula,Gaussian,absolute_residual,0.6825,13519000063.173569,29.731591390346537,0.0009999275207519531,True,7200,800
0.1,10,20,38,TSCP_R,Gaussian,absolute_residual,0.90625,80925842759.75856,26.82402731461312,0.003000497817993164,True,7200,800
0.1,10,20,38,Point_CHR,Gaussian,absolute_residual,0.98875,4909904950606.499,36.437085849922006,0.0010068416595458984,True,7200,800
0.1,10,20,38,Unscaled,Gaussian,absolute_residual,0.84125,3840297740096.9653,18.131615034927503,0.0,True,7200,800
0.1,10,20,38,Empirical_copula,Gaussian,absolute_residual,0.54625,4358272497.710634,19.824500821666838,0.000993967056274414,True,7200,800
0.1,10,20,39,TSCP_R,Gaussian,absolute_residual,0.97125,284133480705.5283,32.090009587453764,0.0020020008087158203,True,7200,800
0.1,10,20,39,Point_CHR,Gaussian,absolute_residual,0.9275,501009661907.48987,43.41600469592844,0.0009953975677490234,True,7200,800
0.1,10,20,39,Unscaled,Gaussian,absolute_residual,0.94375,24838323437834.11,21.85305847299101,0.0,True,7200,800
0.1,10,20,39,Empirical_copula,Gaussian,absolute_residual,0.69875,7721768648.154163,22.874953419498073,0.0,True,7200,800
0.1,10,20,40,TSCP_R,Gaussian,absolute_residual,0.9575,507301849509.6725,33.409539035976884,0.0019974708557128906,True,7200,800
0.1,10,20,40,Point_CHR,Gaussian,absolute_residual,0.97125,2166274111727.093,45.57146332931436,0.0009946823120117188,True,7200,800
0.1,10,20,40,Unscaled,Gaussian,absolute_residual,0.9225,16776305202445.166,21.012108361784577,0.0,True,7200,800
0.1,10,20,40,Empirical_copula,Gaussian,absolute_residual,0.605,7731397778.949893,22.124194539020774,0.0010006427764892578,True,7200,800
0.1,10,20,41,TSCP_R,Gaussian,absolute_residual,0.92625,249125193370.85178,38.18852089349241,0.0029904842376708984,True,7200,800
0.1,10,20,41,Point_CHR,Gaussian,absolute_residual,0.89625,467909095812.81366,37.407852326858375,0.00099945068359375,True,7200,800
0.1,10,20,41,Unscaled,Gaussian,absolute_residual,0.94,22962212542178.465,21.682101505438958,0.0,True,7200,800
0.1,10,20,41,Empirical_copula,Gaussian,absolute_residual,0.65375,11290476573.55079,31.755782056194008,0.0,True,7200,800
0.1,10,20,42,TSCP_R,Gaussian,absolute_residual,0.9125,97679781440.56017,24.895414013806317,0.0019903182983398438,True,7200,800
0.1,10,20,42,Point_CHR,Gaussian,absolute_residual,0.935,3114416825175.0566,39.56217020635046,0.001016378402709961,True,7200,800
0.1,10,20,42,Unscaled,Gaussian,absolute_residual,0.8975,5183783133141.887,18.683777313868678,0.0,True,7200,800
0.1,10,20,42,Empirical_copula,Gaussian,absolute_residual,0.5825,5710426785.724533,18.82155405150618,0.0,True,7200,800
0.1,10,20,43,TSCP_R,Gaussian,absolute_residual,0.8475,36997335412.733116,34.252418124099904,0.002000093460083008,True,7200,800
0.1,10,20,43,Point_CHR,Gaussian,absolute_residual,0.89,115448088834.38515,47.38184408008745,0.0,True,7200,800
0.1,10,20,43,Unscaled,Gaussian,absolute_residual,0.945,23606511192236.492,21.742184699216487,0.0,True,7200,800
0.1,10,20,43,Empirical_copula,Gaussian,absolute_residual,0.505,2838603867.1459723,29.417642312996662,0.000993967056274414,True,7200,800
0.1,10,20,44,TSCP_R,Gaussian,absolute_residual,0.96,291425787524.6331,28.7284029725772,0.0030019283294677734,True,7200,800
0.1,10,20,44,Point_CHR,Gaussian,absolute_residual,0.86,71560511845.29268,31.293220568997526,0.00099945068359375,True,7200,800
0.1,10,20,44,Unscaled,Gaussian,absolute_residual,0.8625,5603691106526.682,18.829874208518813,0.0,True,7200,800
0.1,10,20,44,Empirical_copula,Gaussian,absolute_residual,0.6625,7163131282.3776045,22.50337594270328,0.0,True,7200,800
0.1,10,20,45,TSCP_R,Gaussian,absolute_residual,0.955,154470727553.68115,33.43859883981411,0.0030045509338378906,True,7200,800
0.1,10,20,45,Point_CHR,Gaussian,absolute_residual,0.8425,48318190845.95934,31.606360587302397,0.0,True,7200,800
0.1,10,20,45,Unscaled,Gaussian,absolute_residual,0.965,63562753543147.31,24.00602589667191,0.0,True,7200,800
0.1,10,20,45,Empirical_copula,Gaussian,absolute_residual,0.64875,6089635857.523369,24.435990674951025,0.0010001659393310547,True,7200,800
0.1,10,20,46,TSCP_R,Gaussian,absolute_residual,0.98125,509236067050.8388,33.48181495490754,0.0019998550415039062,True,7200,800
0.1,10,20,46,Point_CHR,Gaussian,absolute_residual,0.9575,982911472160.4554,46.148306841889145,0.001001596450805664,True,7200,800
0.1,10,20,46,Unscaled,Gaussian,absolute_residual,0.955,32243797861555.61,22.430792557829214,0.0,True,7200,800
0.1,10,20,46,Empirical_copula,Gaussian,absolute_residual,0.77375,21236284233.690773,22.617288230867292,0.00099945068359375,True,7200,800
0.1,10,20,47,TSCP_R,Gaussian,absolute_residual,0.90125,101244730580.83533,26.537430332733177,0.0030083656311035156,True,7200,800
0.1,10,20,47,Point_CHR,Gaussian,absolute_residual,0.9675,925004358348.1565,41.204122501481166,0.0,True,7200,800
0.1,10,20,47,Unscaled,Gaussian,absolute_residual,0.94625,26058594701668.426,21.958117217723675,0.0,True,7200,800
0.1,10,20,47,Empirical_copula,Gaussian,absolute_residual,0.68375,10531154670.167309,22.294381782797387,0.0,True,7200,800
0.1,10,20,48,TSCP_R,Gaussian,absolute_residual,0.885,147380143080.5634,36.7723717352828,0.003007173538208008,True,7200,800
0.1,10,20,48,Point_CHR,Gaussian,absolute_residual,0.76375,267382249031.43542,44.399253450662634,0.0,True,7200,800
0.1,10,20,48,Unscaled,Gaussian,absolute_residual,0.98625,79880123448749.81,24.560877144412636,0.0,True,7200,800
0.1,10,20,48,Empirical_copula,Gaussian,absolute_residual,0.49,4233530699.951444,24.624401472499617,0.0009987354278564453,True,7200,800
0.1,10,20,49,TSCP_R,Gaussian,absolute_residual,0.98375,1581164941502.4514,29.1564726773643,0.001997709274291992,True,7200,800
0.1,10,20,49,Point_CHR,Gaussian,absolute_residual,0.87875,147524093865.54822,25.196482273486136,0.0,True,7200,800
0.1,10,20,49,Unscaled,Gaussian,absolute_residual,0.82125,2910119394906.934,17.63563414584076,0.0009996891021728516,True,7200,800
0.1,10,20,49,Empirical_copula,Gaussian,absolute_residual,0.61375,18647109024.098076,18.41435330329967,0.0,True,7200,800
0.1,10,20,50,TSCP_R,Gaussian,absolute_residual,0.89875,79099232212.55498,31.09204225336402,0.003007650375366211,True,7200,800
0.1,10,20,50,Point_CHR,Gaussian,absolute_residual,0.96,988835216106.976,36.693111470604464,0.0,True,7200,800
0.1,10,20,50,Unscaled,Gaussian,absolute_residual,0.90375,9082389719884.506,19.761504851895236,0.0,True,7200,800
0.1,10,20,50,Empirical_copula,Gaussian,absolute_residual,0.63625,7313030900.443481,25.754591293616762,0.0009937286376953125,True,7200,800
0.1,10,20,51,TSCP_R,Gaussian,absolute_residual,0.8575,34481007333.19933,26.061581614076303,0.0019927024841308594,True,7200,800
0.1,10,20,51,Point_CHR,Gaussian,absolute_residual,0.9025,107921994085.11993,27.38225436458837,0.0,True,7200,800
0.1,10,20,51,Unscaled,Gaussian,absolute_residual,0.88,6681188193291.532,19.16396506539751,0.0,True,7200,800
0.1,10,20,51,Empirical_copula,Gaussian,absolute_residual,0.595,4946025719.253208,20.86723772337985,0.001001119613647461,True,7200,800
0.1,10,20,52,TSCP_R,Gaussian,absolute_residual,0.77875,23319557526.807083,25.22155563904221,0.0030069351196289062,True,7200,800
0.1,10,20,52,Point_CHR,Gaussian,absolute_residual,0.6875,12081570974.732677,24.74888128292381,0.0,True,7200,800
0.1,10,20,52,Unscaled,Gaussian,absolute_residual,0.87625,3606404528497.455,18.018035737264984,0.0,True,7200,800
0.1,10,20,52,Empirical_copula,Gaussian,absolute_residual,0.55375,3211573204.0277767,20.809317085442537,0.0009989738464355469,True,7200,800
0.1,10,20,53,TSCP_R,Gaussian,absolute_residual,0.97,446332479462.29395,28.150740278789847,0.0020003318786621094,True,7200,800
0.1,10,20,53,Point_CHR,Gaussian,absolute_residual,0.92875,2526539312941.859,43.22038312060163,0.0,True,7200,800
0.1,10,20,53,Unscaled,Gaussian,absolute_residual,0.93875,18628092188319.613,21.233267830400877,0.0010013580322265625,True,7200,800
0.1,10,20,53,Empirical_copula,Gaussian,absolute_residual,0.75625,17474405271.91291,21.251189671983063,0.0,True,7200,800
0.1,10,20,54,TSCP_R,Gaussian,absolute_residual,0.925,138594126713.8155,26.134749023082055,0.002999544143676758,True,7200,800
0.1,10,20,54,Point_CHR,Gaussian,absolute_residual,0.96375,2318628661170.895,46.02452397581052,0.0,True,7200,800
0.1,10,20,54,Unscaled,Gaussian,absolute_residual,0.89125,7163696766281.914,19.298062980704206,0.0,True,7200,800
0.1,10,20,54,Empirical_copula,Gaussian,absolute_residual,0.60375,4677022136.835774,20.274758636212983,0.0010008811950683594,True,7200,800
0.1,10,20,55,TSCP_R,Gaussian,absolute_residual,0.85125,51344076182.78439,28.56760887809964,0.0019998550415039062,True,7200,800
0.1,10,20,55,Point_CHR,Gaussian,absolute_residual,0.79125,30653936171.206345,23.83507632984207,0.0009996891021728516,True,7200,800
0.1,10,20,55,Unscaled,Gaussian,absolute_residual,0.755,1176871809163.7363,16.10916077654318,0.0,True,7200,800
0.1,10,20,55,Empirical_copula,Gaussian,absolute_residual,0.4825,2071074964.5590358,19.980474023524597,0.0,True,7200,800
0.1,10,20,56,TSCP_R,Gaussian,absolute_residual,0.97625,3431748907475.06,43.77401254801572,0.0029985904693603516,True,7200,800
0.1,10,20,56,Point_CHR,Gaussian,absolute_residual,0.63125,48911013808.49079,44.4706957415559,0.0,True,7200,800
0.1,10,20,56,Unscaled,Gaussian,absolute_residual,0.9875,201368045934962.78,26.940090825927225,0.0,True,7200,800
0.1,10,20,56,Empirical_copula,Gaussian,absolute_residual,0.5275,13628864117.7613,38.571330154112225,0.001007080078125,True,7200,800
0.1,10,20,57,TSCP_R,Gaussian,absolute_residual,0.92875,181506099943.93997,33.13234698180494,0.0019991397857666016,True,7200,800
0.1,10,20,57,Point_CHR,Gaussian,absolute_residual,0.96,562886654550.0922,38.90366387933653,0.001001596450805664,True,7200,800
0.1,10,20,57,Unscaled,Gaussian,absolute_residual,0.95375,29408374802985.74,22.225272909015366,0.0,True,7200,800
0.1,10,20,57,Empirical_copula,Gaussian,absolute_residual,0.6375,6760383715.730396,24.543746654728555,0.0,True,7200,800
0.1,10,20,58,TSCP_R,Gaussian,absolute_residual,0.98875,754181965239.8331,33.234246094265814,0.0030133724212646484,True,7200,800
0.1,10,20,58,Point_CHR,Gaussian,absolute_residual,0.98875,4931197050245.497,45.80962693212296,0.0,True,7200,800
0.1,10,20,58,Unscaled,Gaussian,absolute_residual,0.94,18467271268698.95,21.214865018118847,0.0010008811950683594,True,7200,800
0.1,10,20,58,Empirical_copula,Gaussian,absolute_residual,0.7125,12770602895.714998,21.53329828694606,0.0,True,7200,800
0.1,10,20,59,TSCP_R,Gaussian,absolute_residual,0.7925,29695446675.916122,21.258904031325272,0.003143787384033203,True,7200,800
0.1,10,20,59,Point_CHR,Gaussian,absolute_residual,0.7825,68183772581.62428,30.857496032114184,0.0009999275207519531,True,7200,800
0.1,10,20,59,Unscaled,Gaussian,absolute_residual,0.72875,913906931953.3625,15.706889815170113,0.0,True,7200,800
0.1,10,20,59,Empirical_copula,Gaussian,absolute_residual,0.5775,4456004229.23137,20.781631901366545,0.0,True,7200,800
0.1,10,20,60,TSCP_R,Gaussian,absolute_residual,0.8725,94967366311.05841,31.697639730620715,0.0029976367950439453,True,7200,800
0.1,10,20,60,Point_CHR,Gaussian,absolute_residual,0.845,56256768084.58546,27.137795915970763,0.0,True,7200,800
0.1,10,20,60,Unscaled,Gaussian,absolute_residual,0.89125,6746727068364.283,19.182681416979865,0.0,True,7200,800
0.1,10,20,60,Empirical_copula,Gaussian,absolute_residual,0.46,2988155198.436991,21.15874225198477,0.001001596450805664,True,7200,800
0.1,10,20,61,TSCP_R,Gaussian,absolute_residual,0.95125,533881913069.16406,30.831938202690207,0.0019981861114501953,True,7200,800
0.1,10,20,61,Point_CHR,Gaussian,absolute_residual,0.9325,949319164859.2471,41.75390038551224,0.00099945068359375,True,7200,800
0.1,10,20,61,Unscaled,Gaussian,absolute_residual,0.87,4785226433156.782,18.534900087612684,0.0,True,7200,800
0.1,10,20,61,Empirical_copula,Gaussian,absolute_residual,0.51625,4166859174.4133577,24.544840516281983,0.0010030269622802734,True,7200,800
0.1,10,20,62,TSCP_R,Gaussian,absolute_residual,0.98125,1747448454272.0583,41.08667969705306,0.0029997825622558594,True,7200,800
0.1,10,20,62,Point_CHR,Gaussian,absolute_residual,0.9275,559391288482.31,42.69882929707302,0.0,True,7200,800
0.1,10,20,62,Unscaled,Gaussian,absolute_residual,0.9725,53148632759015.35,23.580293679169895,0.0,True,7200,800
0.1,10,20,62,Empirical_copula,Gaussian,absolute_residual,0.77,31892660595.72273,29.108664577416945,0.0009999275207519531,True,7200,800
0.1,10,20,63,TSCP_R,Gaussian,absolute_residual,0.96,425528685392.2326,35.83806716476169,0.001998424530029297,True,7200,800
0.1,10,20,63,Point_CHR,Gaussian,absolute_residual,0.95875,2665408539673.2476,45.38902528557311,0.0010006427764892578,True,7200,800
0.1,10,20,63,Unscaled,Gaussian,absolute_residual,0.925,12301786388706.998,20.370271534375114,0.0,True,7200,800
0.1,10,20,63,Empirical_copula,Gaussian,absolute_residual,0.61125,9501575101.012468,21.102420778112958,0.0010004043579101562,True,7200,800
0.1,10,20,64,TSCP_R,Gaussian,absolute_residual,0.98125,4336533596982.258,41.09962510509757,0.0030002593994140625,True,7200,800
0.1,10,20,64,Point_CHR,Gaussian,absolute_residual,0.93125,2107487692696.1438,73.44518274763297,0.0010008811950683594,True,7200,800
0.1,10,20,64,Unscaled,Gaussian,absolute_residual,0.97375,64909918652122.77,24.056426037624963,0.0,True,7200,800
0.1,10,20,64,Empirical_copula,Gaussian,absolute_residual,0.55875,11187902261.088236,36.02640967105883,0.0,True,7200,800
0.1,10,20,65,TSCP_R,Gaussian,absolute_residual,0.99,1367008883963.5103,36.60138591507617,0.0029985904693603516,True,7200,800
0.1,10,20,65,Point_CHR,Gaussian,absolute_residual,0.96625,21113168230908.836,44.944169575259735,0.0,True,7200,800
0.1,10,20,65,Unscaled,Gaussian,absolute_residual,0.88375,5872604422463.21,18.918342110557393,0.0,True,7200,800
0.1,10,20,65,Empirical_copula,Gaussian,absolute_residual,0.635,8737379750.3958,22.32373872101306,0.0,True,7200,800
0.1,10,20,66,TSCP_R,Gaussian,absolute_residual,0.95,260253599490.26257,30.269722374693515,0.001999378204345703,True,7200,800
0.1,10,20,66,Point_CHR,Gaussian,absolute_residual,0.95125,1946023742675.6372,54.96994739889428,0.0010013580322265625,True,7200,800
0.1,10,20,66,Unscaled,Gaussian,absolute_residual,0.925,13602614300844.744,20.576060982515553,0.0,True,7200,800
0.1,10,20,66,Empirical_copula,Gaussian,absolute_residual,0.59875,6353685139.132123,22.880845495371585,0.0,True,7200,800
0.1,10,20,67,TSCP_R,Gaussian,absolute_residual,0.99,1691208607407.9307,41.45008557912276,0.002001047134399414,True,7200,800
0.1,10,20,67,Point_CHR,Gaussian,absolute_residual,0.94875,1364485446404.1958,45.40991812908092,0.0009999275207519531,True,7200,800
0.1,10,20,67,Unscaled,Gaussian,absolute_residual,0.9675,48009044885110.29,23.341690520486463,0.0,True,7200,800
0.1,10,20,67,Empirical_copula,Gaussian,absolute_residual,0.6825,15360366387.958471,24.334904740478155,0.0,True,7200,800
0.1,10,20,68,TSCP_R,Gaussian,absolute_residual,0.91125,136247426270.54013,32.3143517111454,0.00299835205078125,True,7200,800
0.1,10,20,68,Point_CHR,Gaussian,absolute_residual,0.965,2341583450116.08,51.881701793292336,0.0,True,7200,800
0.1,10,20,68,Unscaled,Gaussian,absolute_residual,0.97375,64088009036825.9,24.025790068591085,0.0,True,7200,800
0.1,10,20,68,Empirical_copula,Gaussian,absolute_residual,0.66625,10420396011.60755,26.532200077202535,0.0010004043579101562,True,7200,800
0.1,10,20,69,TSCP_R,Gaussian,absolute_residual,0.955,215248636934.11996,30.531880458117087,0.003000020980834961,True,7200,800
0.1,10,20,69,Point_CHR,Gaussian,absolute_residual,0.9175,3190860874176.186,47.42454207344112,0.0,True,7200,800
0.1,10,20,69,Unscaled,Gaussian,absolute_residual,0.95375,26707118167823.438,22.012162123103195,0.0,True,7200,800
0.1,10,20,69,Empirical_copula,Gaussian,absolute_residual,0.73375,11141435842.042671,22.14572734820289,0.0009999275207519531,True,7200,800
0.1,10,20,70,TSCP_R,Gaussian,absolute_residual,0.88,107642028314.7502,25.83782838320722,0.002000093460083008,True,7200,800
0.1,10,20,70,Point_CHR,Gaussian,absolute_residual,0.98375,4392111041083.0337,36.20410088156467,0.0,True,7200,800
0.1,10,20,70,Unscaled,Gaussian,absolute_residual,0.7825,1308162591333.1223,16.280441292954933,0.0,True,7200,800
0.1,10,20,70,Empirical_copula,Gaussian,absolute_residual,0.53,3821430367.309854,18.957053232361883,0.0,True,7200,800
0.1,10,20,71,TSCP_R,Gaussian,absolute_residual,0.925,518326583271.53314,37.856255995045856,0.0030112266540527344,True,7200,800
0.1,10,20,71,Point_CHR,Gaussian,absolute_residual,0.9775,3653903686266.153,53.87307784736319,0.000997781753540039,True,7200,800
0.1,10,20,71,Unscaled,Gaussian,absolute_residual,0.99125,242762201492244.3,27.448467799945945,0.0,True,7200,800
0.1,10,20,71,Empirical_copula,Gaussian,absolute_residual,0.545,9498730464.611105,28.743568479061558,0.0,True,7200,800
0.1,10,20,72,TSCP_R,Gaussian,absolute_residual,0.91125,64390545909.58794,29.246238813812674,0.0020072460174560547,True,7200,800
0.1,10,20,72,Point_CHR,Gaussian,absolute_residual,0.9525,245673306540.2913,29.87784000570852,0.0009918212890625,True,7200,800
0.1,10,20,72,Unscaled,Gaussian,absolute_residual,0.88125,5900108792711.736,18.927183906120607,0.0,True,7200,800
0.1,10,20,72,Empirical_copula,Gaussian,absolute_residual,0.6125,5005808739.975764,25.582002070019442,0.0,True,7200,800
0.1,10,20,73,TSCP_R,Gaussian,absolute_residual,0.965,264055482734.54462,34.91235452278614,0.0019981861114501953,True,7200,800
0.1,10,20,73,Point_CHR,Gaussian,absolute_residual,0.91875,510517061218.71814,44.41747388670934,0.0011110305786132812,True,7200,800
0.1,10,20,73,Unscaled,Gaussian,absolute_residual,0.97875,60073694991845.76,23.87088027219147,0.0,True,7200,800
0.1,10,20,73,Empirical_copula,Gaussian,absolute_residual,0.72125,9576658250.063843,26.83724584264756,0.0008902549743652344,True,7200,800
0.1,10,20,74,TSCP_R,Gaussian,absolute_residual,0.9225,107936146428.15685,26.87492196608634,0.0019996166229248047,True,7200,800
0.1,10,20,74,Point_CHR,Gaussian,absolute_residual,0.90375,234193136468.80725,33.21854195174861,0.0009996891021728516,True,7200,800
0.1,10,20,74,Unscaled,Gaussian,absolute_residual,0.81625,2925398309065.174,17.64487152741427,0.0,True,7200,800
0.1,10,20,74,Empirical_copula,Gaussian,absolute_residual,0.64875,5762100466.764645,20.38678221929674,0.0,True,7200,800
0.1,10,20,75,TSCP_R,Gaussian,absolute_residual,0.92375,121553835643.5042,31.400254540383266,0.002010345458984375,True,7200,800
0.1,10,20,75,Point_CHR,Gaussian,absolute_residual,0.93125,126676073903.863,33.040215542677785,0.000993490219116211,True,7200,800
0.1,10,20,75,Unscaled,Gaussian,absolute_residual,0.9775,49554421868161.805,23.41575909592086,0.0,True,7200,800
0.1,10,20,75,Empirical_copula,Gaussian,absolute_residual,0.71875,13396453333.414059,25.122535075651985,0.0,True,7200,800
0.1,10,20,76,TSCP_R,Gaussian,absolute_residual,0.9725,769920283848.6542,44.6423571923784,0.0019981861114501953,True,7200,800
0.1,10,20,76,Point_CHR,Gaussian,absolute_residual,0.99875,9881123292263.21,65.44144470709173,0.0,True,7200,800
0.1,10,20,76,Unscaled,Gaussian,absolute_residual,0.9925,398461153741042.0,28.842878387274823,0.0,True,7200,800
0.1,10,20,76,Empirical_copula,Gaussian,absolute_residual,0.74875,22610051407.898563,31.19421860674393,0.0,True,7200,800
0.1,10,20,77,TSCP_R,Gaussian,absolute_residual,0.86875,45366388037.24531,27.805772358332618,0.0030007362365722656,True,7200,800
0.1,10,20,77,Point_CHR,Gaussian,absolute_residual,0.9725,769206833705.0487,41.247913408910165,0.0010004043579101562,True,7200,800
0.1,10,20,77,Unscaled,Gaussian,absolute_residual,0.945,21816096078596.453,21.571368792571747,0.0,True,7200,800
0.1,10,20,77,Empirical_copula,Gaussian,absolute_residual,0.6625,6495046490.910056,23.259654334557894,0.0,True,7200,800
0.1,10,20,78,TSCP_R,Gaussian,absolute_residual,0.9475,184597752075.47348,30.119073376514113,0.0019979476928710938,True,7200,800
0.1,10,20,78,Point_CHR,Gaussian,absolute_residual,0.95125,387590950721.5395,33.419207577645224,0.0,True,7200,800
0.1,10,20,78,Unscaled,Gaussian,absolute_residual,0.9425,24022302667041.54,21.78017994168107,0.0,True,7200,800
0.1,10,20,78,Empirical_copula,Gaussian,absolute_residual,0.75875,15351668035.247576,22.483084653570458,0.0010006427764892578,True,7200,800
0.1,10,20,79,TSCP_R,Gaussian,absolute_residual,0.92875,154980393586.28745,27.140764564911244,0.0019855499267578125,True,7200,800
0.1,10,20,79,Point_CHR,Gaussian,absolute_residual,0.9925,20008514697872.0,46.983708996869844,0.0009992122650146484,True,7200,800
0.1,10,20,79,Unscaled,Gaussian,absolute_residual,0.85875,3849178085487.1616,18.135803452338966,0.0,True,7200,800
0.1,10,20,79,Empirical_copula,Gaussian,absolute_residual,0.66375,8600960197.466375,25.929475551074713,0.0,True,7200,800
0.1,10,20,80,TSCP_R,Gaussian,absolute_residual,0.94,245841720879.91595,33.61904964521604,0.0039975643157958984,True,7200,800
0.1,10,20,80,Point_CHR,Gaussian,absolute_residual,0.94875,3172631175705.9277,42.679289235484475,0.0010068416595458984,True,7200,800
0.1,10,20,80,Unscaled,Gaussian,absolute_residual,0.915,12803381468084.047,20.451843863855597,0.0,True,7200,800
0.1,10,20,80,Empirical_copula,Gaussian,absolute_residual,0.62875,8170240872.389545,21.407384774506507,0.0,True,7200,800
0.1,10,20,81,TSCP_R,Gaussian,absolute_residual,0.9775,346991831141.8404,32.77760769064169,0.0019979476928710938,True,7200,800
0.1,10,20,81,Point_CHR,Gaussian,absolute_residual,0.99625,3528292592709.5625,43.992847716765375,0.0,True,7200,800
0.1,10,20,81,Unscaled,Gaussian,absolute_residual,0.93875,11001120518596.15,20.143906281962206,0.0,True,7200,800
0.1,10,20,81,Empirical_copula,Gaussian,absolute_residual,0.77875,15104136406.409803,22.718707438713274,0.001001596450805664,True,7200,800
0.1,10,20,82,TSCP_R,Gaussian,absolute_residual,0.94875,217521848518.4624,30.65333165370908,0.0020008087158203125,True,7200,800
0.1,10,20,82,Point_CHR,Gaussian,absolute_residual,0.8925,186714062109.59915,27.896938603223617,0.0,True,7200,800
0.1,10,20,82,Unscaled,Gaussian,absolute_residual,0.94,23231988305836.9,21.707441436890242,0.0,True,7200,800
0.1,10,20,82,Empirical_copula,Gaussian,absolute_residual,0.65875,7257986924.029567,21.905430571646924,0.0010008811950683594,True,7200,800
0.1,10,20,83,TSCP_R,Gaussian,absolute_residual,0.8675,99423867390.20274,28.794084361242287,0.003000497817993164,True,7200,800
0.1,10,20,83,Point_CHR,Gaussian,absolute_residual,0.7975,97431064971.01584,26.552165065021576,0.0,True,7200,800
0.1,10,20,83,Unscaled,Gaussian,absolute_residual,0.74,1291938449468.7146,16.260136323155226,0.0,True,7200,800
0.1,10,20,83,Empirical_copula,Gaussian,absolute_residual,0.395,2270627755.4830685,17.554574182899128,0.0,True,7200,800
0.1,10,20,84,TSCP_R,Gaussian,absolute_residual,0.995,1972501688054.0132,41.461022546886774,0.002000570297241211,True,7200,800
0.1,10,20,84,Point_CHR,Gaussian,absolute_residual,0.95875,729951337034.7051,37.73592486395241,0.0,True,7200,800
0.1,10,20,84,Unscaled,Gaussian,absolute_residual,0.95,19910245275278.566,21.375075678109564,0.0,True,7200,800
0.1,10,20,84,Empirical_copula,Gaussian,absolute_residual,0.765,19559792737.092003,29.273832895773076,0.0010006427764892578,True,7200,800
0.1,10,20,85,TSCP_R,Gaussian,absolute_residual,0.78875,29115471476.09845,24.565373113458797,0.0029997825622558594,True,7200,800
0.1,10,20,85,Point_CHR,Gaussian,absolute_residual,0.74625,61368656980.315956,25.478542342917322,0.0,True,7200,800
0.1,10,20,85,Unscaled,Gaussian,absolute_residual,0.7125,671558661226.5912,15.230297808068912,0.0,True,7200,800
0.1,10,20,85,Empirical_copula,Gaussian,absolute_residual,0.49125,1695201494.6726966,15.69705116961714,0.0009999275207519531,True,7200,800
0.1,10,20,86,TSCP_R,Gaussian,absolute_residual,0.9075,178605980261.0762,26.70676218185583,0.001999378204345703,True,7200,800
0.1,10,20,86,Point_CHR,Gaussian,absolute_residual,0.84625,161803658902.0976,26.89067993689889,0.0,True,7200,800
0.1,10,20,86,Unscaled,Gaussian,absolute_residual,0.9125,9795009643902.246,19.911339930621008,0.0009999275207519531,True,7200,800
0.1,10,20,86,Empirical_copula,Gaussian,absolute_residual,0.70375,20212875475.097202,20.667137475411003,0.0,True,7200,800
0.1,10,20,87,TSCP_R,Gaussian,absolute_residual,0.995,1261657383893.9177,36.624669905120726,0.003002166748046875,True,7200,800
0.1,10,20,87,Point_CHR,Gaussian,absolute_residual,0.99375,2291767595135.3853,52.30479767558829,0.0,True,7200,800
0.1,10,20,87,Unscaled,Gaussian,absolute_residual,0.98625,225542518970549.1,27.247260423259714,0.0009968280792236328,True,7200,800
0.1,10,20,87,Empirical_copula,Gaussian,absolute_residual,0.7925,21186019075.459866,27.600304808277848,0.0,True,7200,800
0.1,10,20,88,TSCP_R,Gaussian,absolute_residual,0.98875,1200949963856.1638,37.236005727783635,0.0019986629486083984,True,7200,800
0.1,10,20,88,Point_CHR,Gaussian,absolute_residual,0.9725,844516755691.246,39.04109803162787,0.001007080078125,True,7200,800
0.1,10,20,88,Unscaled,Gaussian,absolute_residual,0.8675,6377982930263.304,19.075166404275805,0.0,True,7200,800
0.1,10,20,88,Empirical_copula,Gaussian,absolute_residual,0.725,23267357361.955467,23.564107105708775,0.0,True,7200,800
0.1,10,20,89,TSCP_R,Gaussian,absolute_residual,0.98875,903846989650.4513,38.14726093126404,0.0029993057250976562,True,7200,800
0.1,10,20,89,Point_CHR,Gaussian,absolute_residual,0.99625,3962758488654.5527,34.16813784563654,0.0,True,7200,800
0.1,10,20,89,Unscaled,Gaussian,absolute_residual,0.9025,11665439494200.943,20.262363889926043,0.0,True,7200,800
0.1,10,20,89,Empirical_copula,Gaussian,absolute_residual,0.6925,14161755140.289167,30.141298840161248,0.0010023117065429688,True,7200,800
0.1,10,20,90,TSCP_R,Gaussian,absolute_residual,0.985,2076951065045.0706,43.23433505844942,0.0019986629486083984,True,7200,800
0.1,10,20,90,Point_CHR,Gaussian,absolute_residual,0.99875,21587141775955.246,53.59952903193786,0.0010006427764892578,True,7200,800
0.1,10,20,90,Unscaled,Gaussian,absolute_residual,0.9575,42798909393791.16,23.07508291519805,0.0,True,7200,800
0.1,10,20,90,Empirical_copula,Gaussian,absolute_residual,0.74625,20403246621.399574,25.508102324015965,0.001009225845336914,True,7200,800
0.1,10,20,91,TSCP_R,Gaussian,absolute_residual,0.99875,3982887434717.8477,40.09232176489086,0.0030083656311035156,True,7200,800
0.1,10,20,91,Point_CHR,Gaussian,absolute_residual,0.97375,40726736835453.055,52.023409964165204,0.0,True,7200,800
0.1,10,20,91,Unscaled,Gaussian,absolute_residual,0.9375,20121692545446.617,21.397668297183568,0.0009999275207519531,True,7200,800
0.1,10,20,91,Empirical_copula,Gaussian,absolute_residual,0.79375,29657371530.574524,24.237626891500785,0.0,True,7200,800
0.1,10,20,92,TSCP_R,Gaussian,absolute_residual,0.86375,65899658562.17902,28.946487220981194,0.0019969940185546875,True,7200,800
0.1,10,20,92,Point_CHR,Gaussian,absolute_residual,0.74375,19976559353.63254,25.604850606847652,0.0010008811950683594,True,7200,800
0.1,10,20,92,Unscaled,Gaussian,absolute_residual,0.95125,15299550830330.174,20.819383642461265,0.0,True,7200,800
0.1,10,20,92,Empirical_copula,Gaussian,absolute_residual,0.62125,5317924407.352057,21.59290755926813,0.0,True,7200,800
0.1,10,20,93,TSCP_R,Gaussian,absolute_residual,0.9325,174197714664.50342,27.345542163093423,0.002999544143676758,True,7200,800
0.1,10,20,93,Point_CHR,Gaussian,absolute_residual,0.78,33279858479.026577,30.165340522326716,0.0,True,7200,800
0.1,10,20,93,Unscaled,Gaussian,absolute_residual,0.80625,2867120677071.3374,17.609401567110307,0.0,True,7200,800
0.1,10,20,93,Empirical_copula,Gaussian,absolute_residual,0.59375,5100613406.123831,20.810354853948496,0.001001119613647461,True,7200,800
0.1,10,20,94,TSCP_R,Gaussian,absolute_residual,0.84,30293553629.332005,24.68348072513914,0.0020008087158203125,True,7200,800
0.1,10,20,94,Point_CHR,Gaussian,absolute_residual,0.5875,4887934044.305724,21.338777187742533,0.0,True,7200,800
0.1,10,20,94,Unscaled,Gaussian,absolute_residual,0.815,2414005594474.7964,17.309073704771134,0.0,True,7200,800
0.1,10,20,94,Empirical_copula,Gaussian,absolute_residual,0.5025,2338342147.2627063,19.660285986635394,0.001001596450805664,True,7200,800
0.1,10,20,95,TSCP_R,Gaussian,absolute_residual,0.825,43507556590.80571,28.46539188526958,0.0030040740966796875,True,7200,800
0.1,10,20,95,Point_CHR,Gaussian,absolute_residual,0.82,36620718649.84248,30.15948052616033,0.001001119613647461,True,7200,800
0.1,10,20,95,Unscaled,Gaussian,absolute_residual,0.93875,25271822823890.81,21.89090200323277,0.0,True,7200,800
0.1,10,20,95,Empirical_copula,Gaussian,absolute_residual,0.52625,4362489813.0153265,21.92930804604821,0.0,True,7200,800
0.1,10,20,96,TSCP_R,Gaussian,absolute_residual,0.825,43748608213.565285,25.876815858907108,0.0029985904693603516,True,7200,800
0.1,10,20,96,Point_CHR,Gaussian,absolute_residual,0.9475,1279581986794.8225,38.39757270870427,0.0,True,7200,800
0.1,10,20,96,Unscaled,Gaussian,absolute_residual,0.88625,6060921851960.812,18.978149717483188,0.0,True,7200,800
0.1,10,20,96,Empirical_copula,Gaussian,absolute_residual,0.60625,4905043854.166407,19.71109105588669,0.0010025501251220703,True,7200,800
0.1,10,20,97,TSCP_R,Gaussian,absolute_residual,0.94625,204431427976.18195,35.63759398879983,0.0039975643157958984,True,7200,800
0.1,10,20,97,Point_CHR,Gaussian,absolute_residual,0.91375,262900259261.5892,41.539201762199724,0.0,True,7200,800
0.1,10,20,97,Unscaled,Gaussian,absolute_residual,0.9825,190575288821899.47,26.792094025112263,0.0,True,7200,800
0.1,10,20,97,Empirical_copula,Gaussian,absolute_residual,0.615,9149757599.521996,26.975870192977045,0.0009982585906982422,True,7200,800
0.1,10,20,98,TSCP_R,Gaussian,absolute_residual,0.91875,68826373124.93011,27.412883385961024,0.003998994827270508,True,7200,800
0.1,10,20,98,Point_CHR,Gaussian,absolute_residual,0.9075,168646062829.04776,36.536786631341535,0.001001119613647461,True,7200,800
0.1,10,20,98,Unscaled,Gaussian,absolute_residual,0.9225,9850910092573.676,19.922674320908087,0.0,True,7200,800
0.1,10,20,98,Empirical_copula,Gaussian,absolute_residual,0.57875,3689302079.0734572,20.816703577301617,0.0009996891021728516,True,7200,800
0.1,10,20,99,TSCP_R,Gaussian,absolute_residual,0.9725,430767781728.20416,27.225716208561067,0.003999948501586914,True,7200,800
0.1,10,20,99,Point_CHR,Gaussian,absolute_residual,0.94125,310588026498.0959,26.549164439666555,0.0010027885437011719,True,7200,800
0.1,10,20,99,Unscaled,Gaussian,absolute_residual,0.7275,733323747970.0022,15.364894228879185,0.0,True,7200,800
0.1,10,20,99,Empirical_copula,Gaussian,absolute_residual,0.49625,3253591761.9222713,17.17288801541362,0.0009968280792236328,True,7200,800
0.1,10,20,100,TSCP_R,Gaussian,absolute_residual,0.91125,88402608031.96274,24.350573289464563,0.0039975643157958984,True,7200,800
0.1,10,20,100,Point_CHR,Gaussian,absolute_residual,0.9625,1035933203685.0204,39.42760806156463,0.0,True,7200,800
0.1,10,20,100,Unscaled,Gaussian,absolute_residual,0.69625,621979641744.4365,15.113937326679812,0.0,True,7200,800
0.1,10,20,100,Empirical_copula,Gaussian,absolute_residual,0.5675,4305117323.867509,19.794589398645307,0.0010001659393310547,True,7200,800
0.1,10,20,101,TSCP_R,Gaussian,absolute_residual,0.8925,49855253572.861664,26.003299695504644,0.00500035285949707,True,7200,800
0.1,10,20,101,Point_CHR,Gaussian,absolute_residual,0.81625,19952614955.18353,22.42159193926106,0.0010023117065429688,True,7200,800
0.1,10,20,101,Unscaled,Gaussian,absolute_residual,0.87875,4492388613314.677,18.4182232061201,0.0,True,7200,800
0.1,10,20,101,Empirical_copula,Gaussian,absolute_residual,0.6075,4037335058.0151086,18.434120625845456,0.0009980201721191406,True,7200,800
0.1,10,20,102,TSCP_R,Gaussian,absolute_residual,0.9875,8117660410819.073,50.34505777200257,0.0039980411529541016,True,7200,800
0.1,10,20,102,Point_CHR,Gaussian,absolute_residual,0.99875,21108335606661.094,76.54303787927361,0.0,True,7200,800
0.1,10,20,102,Unscaled,Gaussian,absolute_residual,0.9375,15462621273885.55,20.84146828778549,0.0,True,7200,800
0.1,10,20,102,Empirical_copula,Gaussian,absolute_residual,0.71875,31424097603.432835,30.130309850423682,0.0009987354278564453,True,7200,800
0.1,10,20,103,TSCP_R,Gaussian,absolute_residual,0.99875,4005917884388.2,42.87521890556657,0.003999948501586914,True,7200,800
0.1,10,20,103,Point_CHR,Gaussian,absolute_residual,0.975,1791518128885.0833,45.068451976990644,0.0009992122650146484,True,7200,800
0.1,10,20,103,Unscaled,Gaussian,absolute_residual,0.95125,29448651327263.4,22.22831491844697,0.0,True,7200,800
0.1,10,20,103,Empirical_copula,Gaussian,absolute_residual,0.80375,33168026821.889507,25.371312692480522,0.0009992122650146484,True,7200,800
0.1,10,20,104,TSCP_R,Gaussian,absolute_residual,0.895,80998463970.10559,34.24255332906312,0.002999544143676758,True,7200,800
0.1,10,20,104,Point_CHR,Gaussian,absolute_residual,0.91,329054235690.47943,32.54704053301008,0.0,True,7200,800
0.1,10,20,104,Unscaled,Gaussian,absolute_residual,0.9725,78195557799095.31,24.508583315953185,0.0,True,7200,800
0.1,10,20,104,Empirical_copula,Gaussian,absolute_residual,0.72875,9607644446.949064,25.774746125299224,0.0010008811950683594,True,7200,800
0.1,10,20,105,TSCP_R,Gaussian,absolute_residual,0.955,277427947333.3802,28.523812520931344,0.003000974655151367,True,7200,800
0.1,10,20,105,Point_CHR,Gaussian,absolute_residual,0.92625,382432011228.5898,34.28366689255026,0.0009980201721191406,True,7200,800
0.1,10,20,105,Unscaled,Gaussian,absolute_residual,0.8175,1738143151528.5737,16.749758671650874,0.0,True,7200,800
0.1,10,20,105,Empirical_copula,Gaussian,absolute_residual,0.6225,6235821324.207967,20.213082329833888,0.0009996891021728516,True,7200,800
0.1,10,20,106,TSCP_R,Gaussian,absolute_residual,0.80375,26516114170.936787,25.06053907253924,0.003999471664428711,True,7200,800
0.1,10,20,106,Point_CHR,Gaussian,absolute_residual,0.84875,47312564171.863144,29.08088351244376,0.001001119613647461,True,7200,800
0.1,10,20,106,Unscaled,Gaussian,absolute_residual,0.8475,3114409467038.2705,17.755690699003747,0.0,True,7200,800
0.1,10,20,106,Empirical_copula,Gaussian,absolute_residual,0.53625,3518383687.0092535,22.404796885219046,0.0010006427764892578,True,7200,800
0.1,10,20,107,TSCP_R,Gaussian,absolute_residual,0.93375,281190596338.452,35.66055091906809,0.0039997100830078125,True,7200,800
0.1,10,20,107,Point_CHR,Gaussian,absolute_residual,0.87,149051019121.71698,38.49674246676583,0.0,True,7200,800
0.1,10,20,107,Unscaled,Gaussian,absolute_residual,0.94625,34849238056602.066,22.60577125488304,0.0,True,7200,800
0.1,10,20,107,Empirical_copula,Gaussian,absolute_residual,0.68875,9047058588.740036,30.60825401320796,0.0,True,7200,800
0.1,10,20,108,TSCP_R,Gaussian,absolute_residual,0.97,244735814902.37448,30.35088060220221,0.0030007362365722656,True,7200,800
0.1,10,20,108,Point_CHR,Gaussian,absolute_residual,0.91625,225853919076.05597,31.48767240303549,0.0010006427764892578,True,7200,800
0.1,10,20,108,Unscaled,Gaussian,absolute_residual,0.91125,7922066872498.0,19.493231946283128,0.0,True,7200,800
0.1,10,20,108,Empirical_copula,Gaussian,absolute_residual,0.73625,10975659584.309517,20.169338932595156,0.0,True,7200,800
0.1,10,20,109,TSCP_R,Gaussian,absolute_residual,0.89375,91806364937.69847,24.521830976112454,0.003997802734375,True,7200,800
0.1,10,20,109,Point_CHR,Gaussian,absolute_residual,0.97625,6601691002419.037,42.057666591622706,0.0,True,7200,800
0.1,10,20,109,Unscaled,Gaussian,absolute_residual,0.84,3734242615975.6235,18.08090869491704,0.0009989738464355469,True,7200,800
0.1,10,20,109,Empirical_copula,Gaussian,absolute_residual,0.5575,4868922900.336003,18.16616412348511,0.0,True,7200,800
0.1,10,20,110,TSCP_R,Gaussian,absolute_residual,0.9525,378691147131.07446,28.40422331753888,0.004000186920166016,True,7200,800
0.1,10,20,110,Point_CHR,Gaussian,absolute_residual,0.9575,498789380829.253,31.463007565260714,0.0,True,7200,800
0.1,10,20,110,Unscaled,Gaussian,absolute_residual,0.85875,3912621298494.391,18.165475960829237,0.0010008811950683594,True,7200,800
0.1,10,20,110,Empirical_copula,Gaussian,absolute_residual,0.59625,7479462787.99342,19.174458159376616,0.0,True,7200,800
0.1,10,20,111,TSCP_R,Gaussian,absolute_residual,0.9725,1184764659134.3643,37.597902350196335,0.003000974655151367,True,7200,800
0.1,10,20,111,Point_CHR,Gaussian,absolute_residual,0.95875,7499237624386.957,47.52322048095995,0.0,True,7200,800
0.1,10,20,111,Unscaled,Gaussian,absolute_residual,0.925,16359827566636.838,20.95935300115913,0.0010006427764892578,True,7200,800
0.1,10,20,111,Empirical_copula,Gaussian,absolute_residual,0.73,17024973418.453152,21.590661724425285,0.0,True,7200,800
0.1,10,20,112,TSCP_R,Gaussian,absolute_residual,0.95375,323173747386.75885,33.92779712428361,0.0029993057250976562,True,7200,800
0.1,10,20,112,Point_CHR,Gaussian,absolute_residual,0.8375,59922835906.666824,30.864216844591063,0.0009992122650146484,True,7200,800
0.1,10,20,112,Unscaled,Gaussian,absolute_residual,0.95375,37333140501381.34,22.76194934277842,0.0,True,7200,800
0.1,10,20,112,Empirical_copula,Gaussian,absolute_residual,0.67375,9991917903.727144,24.999733975775428,0.0,True,7200,800
0.1,10,20,113,TSCP_R,Gaussian,absolute_residual,0.98625,1631777125057.826,35.4984692003526,0.002999544143676758,True,7200,800
0.1,10,20,113,Point_CHR,Gaussian,absolute_residual,0.89375,885600124032.6183,42.38808488193435,0.0010006427764892578,True,7200,800
0.1,10,20,113,Unscaled,Gaussian,absolute_residual,0.965,28724236501454.586,22.173020033353804,0.0,True,7200,800
0.1,10,20,113,Empirical_copula,Gaussian,absolute_residual,0.56875,7875971777.307266,24.433334502524165,0.0010006427764892578,True,7200,800
0.1,10,20,114,TSCP_R,Gaussian,absolute_residual,1.0,3181392384886.517,40.62062174403782,0.005001544952392578,True,7200,800
0.1,10,20,114,Point_CHR,Gaussian,absolute_residual,0.97125,1331836407754.7651,39.82649041891775,0.0009980201721191406,True,7200,800
0.1,10,20,114,Unscaled,Gaussian,absolute_residual,0.93125,13852108440494.848,20.61349291173226,0.0,True,7200,800
0.1,10,20,114,Empirical_copula,Gaussian,absolute_residual,0.73125,13695762256.528898,24.905062185909664,0.0009989738464355469,True,7200,800
0.1,10,20,115,TSCP_R,Gaussian,absolute_residual,0.83625,30703374717.85742,26.5392268081579,0.004000186920166016,True,7200,800
0.1,10,20,115,Point_CHR,Gaussian,absolute_residual,0.8575,44002158267.88113,26.810915521325676,0.0,True,7200,800
0.1,10,20,115,Unscaled,Gaussian,absolute_residual,0.90875,7232292839197.702,19.316462720769163,0.0010008811950683594,True,7200,800
0.1,10,20,115,Empirical_copula,Gaussian,absolute_residual,0.6075,3514912225.278279,21.28162121141876,0.0,True,7200,800
0.1,10,20,116,TSCP_R,Gaussian,absolute_residual,0.98625,3143603997295.705,41.83076726552821,0.005998373031616211,True,7200,800
0.1,10,20,116,Point_CHR,Gaussian,absolute_residual,0.98125,80013997415278.02,64.34370818293286,0.0010128021240234375,True,7200,800
0.1,10,20,116,Unscaled,Gaussian,absolute_residual,0.97,69336216419971.92,24.215643475017366,0.0,True,7200,800
0.1,10,20,116,Empirical_copula,Gaussian,absolute_residual,0.75875,22980406171.167057,25.56531742642252,0.0009872913360595703,True,7200,800
0.1,10,20,117,TSCP_R,Gaussian,absolute_residual,0.99375,3124953954198.665,45.18897318562633,0.0019996166229248047,True,7200,800
0.1,10,20,117,Point_CHR,Gaussian,absolute_residual,0.98625,56973637955751.62,62.76317804395529,0.0010001659393310547,True,7200,800
0.1,10,20,117,Unscaled,Gaussian,absolute_residual,0.96625,54672252721620.43,23.64703514850382,0.0,True,7200,800
0.1,10,20,117,Empirical_copula,Gaussian,absolute_residual,0.7525,14788376826.996431,24.56570719805857,0.0010187625885009766,True,7200,800
0.1,10,20,118,TSCP_R,Gaussian,absolute_residual,0.86,28942364407.898357,22.597354178809493,0.0029985904693603516,True,7200,800
0.1,10,20,118,Point_CHR,Gaussian,absolute_residual,0.885,116672710572.32802,31.553768097267756,0.0,True,7200,800
0.1,10,20,118,Unscaled,Gaussian,absolute_residual,0.76,808728277653.7717,15.516017575701367,0.0,True,7200,800
0.1,10,20,118,Empirical_copula,Gaussian,absolute_residual,0.46125,1426387081.1059835,17.88028146116708,0.0010027885437011719,True,7200,800
0.1,10,20,119,TSCP_R,Gaussian,absolute_residual,0.99625,1327285017916.79,31.834036190042553,0.0030012130737304688,True,7200,800
0.1,10,20,119,Point_CHR,Gaussian,absolute_residual,0.97625,2835978541573.801,38.56767904855813,0.0,True,7200,800
0.1,10,20,119,Unscaled,Gaussian,absolute_residual,0.94,17141887868478.945,21.057454210468794,0.0,True,7200,800
0.1,10,20,119,Empirical_copula,Gaussian,absolute_residual,0.83375,24026916777.745747,22.24321718446296,0.0010013580322265625,True,7200,800
0.1,10,20,120,TSCP_R,Gaussian,absolute_residual,0.8375,27682837756.75976,23.730764164229058,0.0019989013671875,True,7200,800
0.1,10,20,120,Point_CHR,Gaussian,absolute_residual,0.64875,8395537441.285448,28.81207803923649,0.0009996891021728516,True,7200,800
0.1,10,20,120,Unscaled,Gaussian,absolute_residual,0.7525,905250256093.4622,15.691948192974374,0.0,True,7200,800
0.1,10,20,120,Empirical_copula,Gaussian,absolute_residual,0.40375,1157532361.9541855,19.788512924065646,0.0,True,7200,800
0.1,10,20,121,TSCP_R,Gaussian,absolute_residual,0.995,2800561960089.159,36.53041486981874,0.0029993057250976562,True,7200,800
0.1,10,20,121,Point_CHR,Gaussian,absolute_residual,0.98375,1162362310184.2139,38.207047493329554,0.0,True,7200,800
0.1,10,20,121,Unscaled,Gaussian,absolute_residual,0.84875,3177773516351.521,17.79148890496776,0.0,True,7200,800
0.1,10,20,121,Empirical_copula,Gaussian,absolute_residual,0.71,10929919609.731522,21.044247699378754,0.001003265380859375,True,7200,800
0.1,10,20,122,TSCP_R,Gaussian,absolute_residual,0.9175,119252554065.64926,25.54751524527167,0.0029997825622558594,True,7200,800
0.1,10,20,122,Point_CHR,Gaussian,absolute_residual,0.90375,89674526347.76665,30.042497471941296,0.0,True,7200,800
0.1,10,20,122,Unscaled,Gaussian,absolute_residual,0.91625,11345224449172.291,20.206044691442045,0.0,True,7200,800
0.1,10,20,122,Empirical_copula,Gaussian,absolute_residual,0.5675,3967797800.708371,21.458661241334994,0.0010046958923339844,True,7200,800
0.1,10,20,123,TSCP_R,Gaussian,absolute_residual,0.935,156080022608.97116,29.192577261230927,0.002997875213623047,True,7200,800
0.1,10,20,123,Point_CHR,Gaussian,absolute_residual,0.86875,141972364658.61545,37.33553957996964,0.0,True,7200,800
0.1,10,20,123,Unscaled,Gaussian,absolute_residual,0.915,7023498748764.559,19.259958674570562,0.0,True,7200,800
0.1,10,20,123,Empirical_copula,Gaussian,absolute_residual,0.68375,9178611090.49711,24.572777387073067,0.0010013580322265625,True,7200,800
0.1,10,20,124,TSCP_R,Gaussian,absolute_residual,0.99,640557768053.6509,31.851964787385654,0.001999378204345703,True,7200,800
0.1,10,20,124,Point_CHR,Gaussian,absolute_residual,0.9325,261969808210.8969,36.08516102965049,0.0010013580322265625,True,7200,800
0.1,10,20,124,Unscaled,Gaussian,absolute_residual,0.925,10336870416457.055,20.01883994001837,0.0,True,7200,800
0.1,10,20,124,Empirical_copula,Gaussian,absolute_residual,0.62625,8174350510.40727,24.394571136644558,0.00099945068359375,True,7200,800
0.1,10,20,125,TSCP_R,Gaussian,absolute_residual,0.90625,51884642023.50376,26.291278317607734,0.0019981861114501953,True,7200,800
0.1,10,20,125,Point_CHR,Gaussian,absolute_residual,0.9525,429158545513.26184,29.397436140483855,0.0010023117065429688,True,7200,800
0.1,10,20,125,Unscaled,Gaussian,absolute_residual,0.85375,3751451224862.6616,18.089223739069325,0.0,True,7200,800
0.1,10,20,125,Empirical_copula,Gaussian,absolute_residual,0.65375,5451959133.788139,22.540145998030464,0.0,True,7200,800
0.1,10,20,126,TSCP_R,Gaussian,absolute_residual,0.96625,258319229663.2687,28.27583848817499,0.003000497817993164,True,7200,800
0.1,10,20,126,Point_CHR,Gaussian,absolute_residual,0.97375,494174192134.0737,35.19855757411032,0.0,True,7200,800
0.1,10,20,126,Unscaled,Gaussian,absolute_residual,0.905,7106358198792.32,19.28256080154499,0.0,True,7200,800
0.1,10,20,126,Empirical_copula,Gaussian,absolute_residual,0.66625,6736629026.977395,19.48057759128517,0.0009996891021728516,True,7200,800
0.1,10,20,127,TSCP_R,Gaussian,absolute_residual,0.915,105625199258.84178,33.73494116510718,0.001998424530029297,True,7200,800
0.1,10,20,127,Point_CHR,Gaussian,absolute_residual,0.9625,931419116056.468,45.04281686375356,0.0,True,7200,800
0.1,10,20,127,Unscaled,Gaussian,absolute_residual,0.9075,9342875031525.336,19.817462907089,0.0,True,7200,800
0.1,10,20,127,Empirical_copula,Gaussian,absolute_residual,0.64625,4902058200.141346,23.464284489794252,0.0010004043579101562,True,7200,800
0.1,10,20,128,TSCP_R,Gaussian,absolute_residual,0.86625,99904029497.60321,37.575971381038855,0.0030066967010498047,True,7200,800
0.1,10,20,128,Point_CHR,Gaussian,absolute_residual,0.83875,87203789582.85544,38.53573386004965,0.0,True,7200,800
0.1,10,20,128,Unscaled,Gaussian,absolute_residual,0.96125,49116667429878.34,23.39499136444176,0.0,True,7200,800
0.1,10,20,128,Empirical_copula,Gaussian,absolute_residual,0.62875,11781548425.59548,30.42726211830253,0.0010001659393310547,True,7200,800
0.1,10,20,129,TSCP_R,Gaussian,absolute_residual,0.98625,584281057358.3986,34.89484903508182,0.0019979476928710938,True,7200,800
0.1,10,20,129,Point_CHR,Gaussian,absolute_residual,0.945,282840758342.8201,29.72926834397657,0.0,True,7200,800
0.1,10,20,129,Unscaled,Gaussian,absolute_residual,0.90625,9994144317341.746,19.95145447941078,0.0009999275207519531,True,7200,800
0.1,10,20,129,Empirical_copula,Gaussian,absolute_residual,0.73625,13998768270.537924,22.85137640034213,0.0,True,7200,800
0.1,10,20,130,TSCP_R,Gaussian,absolute_residual,0.915,111479795276.41895,27.818718027463014,0.00200653076171875,True,7200,800
0.1,10,20,130,Point_CHR,Gaussian,absolute_residual,0.95875,699846109951.0447,37.98522827961412,0.0,True,7200,800
0.1,10,20,130,Unscaled,Gaussian,absolute_residual,0.90375,8435817679509.825,19.6161023341475,0.0,True,7200,800
0.1,10,20,130,Empirical_copula,Gaussian,absolute_residual,0.67375,7828491585.468283,21.73698135849524,0.0010001659393310547,True,7200,800
0.1,10,20,131,TSCP_R,Gaussian,absolute_residual,0.9825,852881596601.5195,38.66641783073268,0.002001523971557617,True,7200,800
0.1,10,20,131,Point_CHR,Gaussian,absolute_residual,0.96375,10468098933874.467,67.14725364683997,0.0,True,7200,800
0.1,10,20,131,Unscaled,Gaussian,absolute_residual,0.91375,9804236673264.031,19.9132148106896,0.0,True,7200,800
0.1,10,20,131,Empirical_copula,Gaussian,absolute_residual,0.70375,17531550148.174232,29.86193697676127,0.0009999275207519531,True,7200,800
0.1,10,20,132,TSCP_R,Gaussian,absolute_residual,0.92625,70101803376.1317,25.68736420791905,0.0019986629486083984,True,7200,800
0.1,10,20,132,Point_CHR,Gaussian,absolute_residual,0.8575,51725831013.926445,28.7195551282506,0.0010068416595458984,True,7200,800
0.1,10,20,132,Unscaled,Gaussian,absolute_residual,0.92875,12797825118984.848,20.450956131323665,0.0,True,7200,800
0.1,10,20,132,Empirical_copula,Gaussian,absolute_residual,0.6575,6508168005.989195,20.943195924288535,0.0,True,7200,800
0.1,10,20,133,TSCP_R,Gaussian,absolute_residual,0.7725,36189037402.85345,26.301916601438506,0.0030078887939453125,True,7200,800
0.1,10,20,133,Point_CHR,Gaussian,absolute_residual,0.845,138822056952.1113,34.56758982023169,0.0,True,7200,800
0.1,10,20,133,Unscaled,Gaussian,absolute_residual,0.81,1948909394701.3687,16.94256517283383,0.0,True,7200,800
0.1,10,20,133,Empirical_copula,Gaussian,absolute_residual,0.3375,1005073692.6669482,16.966646161696048,0.0,True,7200,800
0.1,10,20,134,TSCP_R,Gaussian,absolute_residual,0.75125,19125737997.898792,24.60756596027762,0.003001689910888672,True,7200,800
0.1,10,20,134,Point_CHR,Gaussian,absolute_residual,0.76875,59255743034.597176,30.372699290092342,0.0,True,7200,800
0.1,10,20,134,Unscaled,Gaussian,absolute_residual,0.93,12621333501883.283,20.422576157441437,0.0,True,7200,800
0.1,10,20,134,Empirical_copula,Gaussian,absolute_residual,0.4775,2986013873.071645,20.531813588068495,0.0010106563568115234,True,7200,800
0.1,10,20,135,TSCP_R,Gaussian,absolute_residual,0.96875,451596447188.3838,37.29103708906949,0.0029973983764648438,True,7200,800
0.1,10,20,135,Point_CHR,Gaussian,absolute_residual,0.97625,1566852279462.4573,41.168392156796955,0.0,True,7200,800
0.1,10,20,135,Unscaled,Gaussian,absolute_residual,0.91125,12289939675668.545,20.36830901125244,0.0,True,7200,800
0.1,10,20,135,Empirical_copula,Gaussian,absolute_residual,0.7625,18403731636.64209,24.40703065775226,0.001007080078125,True,7200,800
0.1,10,20,136,TSCP_R,Gaussian,absolute_residual,0.96375,420976401340.17523,33.40765386009764,0.0030045509338378906,True,7200,800
0.1,10,20,136,Point_CHR,Gaussian,absolute_residual,0.80125,169450120885.08224,31.063883830139716,0.0,True,7200,800
0.1,10,20,136,Unscaled,Gaussian,absolute_residual,0.92125,15383940116524.764,20.830838797030736,0.0,True,7200,800
0.1,10,20,136,Empirical_copula,Gaussian,absolute_residual,0.5025,5716416835.963008,21.592176359121357,0.0009992122650146484,True,7200,800
0.1,10,20,137,TSCP_R,Gaussian,absolute_residual,0.93875,217861677620.1854,32.48412046197352,0.001998424530029297,True,7200,800
0.1,10,20,137,Point_CHR,Gaussian,absolute_residual,0.98875,38291061540618.734,56.90668288847311,0.0,True,7200,800
0.1,10,20,137,Unscaled,Gaussian,absolute_residual,0.9075,9257856692058.56,19.799355128560833,0.0,True,7200,800
0.1,10,20,137,Empirical_copula,Gaussian,absolute_residual,0.6825,8187616565.279832,20.306062723215696,0.0009996891021728516,True,7200,800
0.1,10,20,138,TSCP_R,Gaussian,absolute_residual,0.95,1050722792816.7323,36.03676255728807,0.0019979476928710938,True,7200,800
0.1,10,20,138,Point_CHR,Gaussian,absolute_residual,0.955,491988407302.06885,34.9041339849421,0.0,True,7200,800
0.1,10,20,138,Unscaled,Gaussian,absolute_residual,0.96125,41907095963137.24,23.026543790122187,0.0,True,7200,800
0.1,10,20,138,Empirical_copula,Gaussian,absolute_residual,0.71375,14997860238.912447,26.243568737685155,0.0,True,7200,800
0.1,10,20,139,TSCP_R,Gaussian,absolute_residual,0.8775,112910287629.68921,22.791014017640357,0.0019986629486083984,True,7200,800
0.1,10,20,139,Point_CHR,Gaussian,absolute_residual,0.96375,379002689526.4797,30.885017745864292,0.0010044574737548828,True,7200,800
0.1,10,20,139,Unscaled,Gaussian,absolute_residual,0.66125,381352682496.71893,14.392382102974256,0.0,True,7200,800
0.1,10,20,139,Empirical_copula,Gaussian,absolute_residual,0.55375,5348431438.823654,16.15387799212785,0.0,True,7200,800
0.1,10,20,140,TSCP_R,Gaussian,absolute_residual,0.9525,408646971941.06903,34.75158397828532,0.0020029544830322266,True,7200,800
0.1,10,20,140,Point_CHR,Gaussian,absolute_residual,0.90375,8918274085534.43,60.77357195856345,0.0,True,7200,800
0.1,10,20,140,Unscaled,Gaussian,absolute_residual,0.96,60745816877550.64,23.89745418432538,0.0010051727294921875,True,7200,800
0.1,10,20,140,Empirical_copula,Gaussian,absolute_residual,0.57875,9501448301.427336,25.28949714347062,0.0,True,7200,800
0.1,10,20,141,TSCP_R,Gaussian,absolute_residual,0.98375,503525650160.17267,35.71211522864421,0.0020093917846679688,True,7200,800
0.1,10,20,141,Point_CHR,Gaussian,absolute_residual,0.935,353537208768.4987,28.43156060058403,0.000997781753540039,True,7200,800
0.1,10,20,141,Unscaled,Gaussian,absolute_residual,0.96125,28166411969666.414,22.129579043727,0.0,True,7200,800
0.1,10,20,141,Empirical_copula,Gaussian,absolute_residual,0.71875,11212382548.20012,27.891418757098435,0.0,True,7200,800
0.1,10,20,142,TSCP_R,Gaussian,absolute_residual,0.97,367938930093.8921,30.88236023396034,0.0030083656311035156,True,7200,800
0.1,10,20,142,Point_CHR,Gaussian,absolute_residual,0.965,3554064534112.7925,39.99793305639332,0.0,True,7200,800
0.1,10,20,142,Unscaled,Gaussian,absolute_residual,0.91875,18507023370300.06,21.219427249684088,0.0,True,7200,800
0.1,10,20,142,Empirical_copula,Gaussian,absolute_residual,0.62,4848828162.788803,23.190267332863158,0.0,True,7200,800
0.1,10,20,143,TSCP_R,Gaussian,absolute_residual,0.97125,302252474362.62427,30.57712732987155,0.0029997825622558594,True,7200,800
0.1,10,20,143,Point_CHR,Gaussian,absolute_residual,0.97,699476728627.0762,30.564595157618392,0.0,True,7200,800
0.1,10,20,143,Unscaled,Gaussian,absolute_residual,0.88875,4603523217725.862,18.463287561654624,0.0,True,7200,800
0.1,10,20,143,Empirical_copula,Gaussian,absolute_residual,0.685,8435702576.898193,19.3988760480994,0.0010004043579101562,True,7200,800
0.1,10,20,144,TSCP_R,Gaussian,absolute_residual,0.9175,70481578324.8585,25.076010327187817,0.0019931793212890625,True,7200,800
0.1,10,20,144,Point_CHR,Gaussian,absolute_residual,0.945,1409596847712.978,34.578985553016544,0.0,True,7200,800
0.1,10,20,144,Unscaled,Gaussian,absolute_residual,0.79625,1385425526436.4263,16.374133183614102,0.0,True,7200,800
0.1,10,20,144,Empirical_copula,Gaussian,absolute_residual,0.57875,3722105025.228883,22.87118951630669,0.0010004043579101562,True,7200,800
0.1,10,20,145,TSCP_R,Gaussian,absolute_residual,0.90375,69192746697.98001,25.711175495602895,0.0029993057250976562,True,7200,800
0.1,10,20,145,Point_CHR,Gaussian,absolute_residual,0.9025,129009146018.69122,30.251915286978488,0.0,True,7200,800
0.1,10,20,145,Unscaled,Gaussian,absolute_residual,0.81625,2085643530703.5278,17.057838892057756,0.0,True,7200,800
0.1,10,20,145,Empirical_copula,Gaussian,absolute_residual,0.50625,2900244011.597959,20.6490628411734,0.0010068416595458984,True,7200,800
0.1,10,20,146,TSCP_R,Gaussian,absolute_residual,0.98,1022593554751.2059,31.914637939725477,0.003006458282470703,True,7200,800
0.1,10,20,146,Point_CHR,Gaussian,absolute_residual,0.9125,22325284428179.32,63.23270520317496,0.0009992122650146484,True,7200,800
0.1,10,20,146,Unscaled,Gaussian,absolute_residual,0.74,992421487739.6011,15.836879632496322,0.0,True,7200,800
0.1,10,20,146,Empirical_copula,Gaussian,absolute_residual,0.6475,10128638029.540268,22.662217285085163,0.0,True,7200,800
0.1,10,20,147,TSCP_R,Gaussian,absolute_residual,0.96625,240878531219.28568,32.38417789716563,0.001998424530029297,True,7200,800
0.1,10,20,147,Point_CHR,Gaussian,absolute_residual,0.9925,3693370131234.5254,44.0854106201452,0.0,True,7200,800
0.1,10,20,147,Unscaled,Gaussian,absolute_residual,0.91,9928951062163.518,19.938401493922996,0.0,True,7200,800
0.1,10,20,147,Empirical_copula,Gaussian,absolute_residual,0.63875,6959610250.524453,20.29953213623869,0.0009996891021728516,True,7200,800
0.1,10,20,148,TSCP_R,Gaussian,absolute_residual,0.90625,85282864456.90189,28.88494064217724,0.0020062923431396484,True,7200,800
0.1,10,20,148,Point_CHR,Gaussian,absolute_residual,0.85,73696790125.50836,29.59776811429574,0.0009999275207519531,True,7200,800
0.1,10,20,148,Unscaled,Gaussian,absolute_residual,0.925,13188552021984.066,20.512552786935085,0.0,True,7200,800
0.1,10,20,148,Empirical_copula,Gaussian,absolute_residual,0.57125,3993146520.250115,21.082166577780505,0.0009958744049072266,True,7200,800
0.1,10,20,149,TSCP_R,Gaussian,absolute_residual,0.93,246627033576.00293,25.64269612886332,0.0019998550415039062,True,7200,800
0.1,10,20,149,Point_CHR,Gaussian,absolute_residual,0.95,1308036258585.4265,39.44862734921526,0.001001119613647461,True,7200,800
0.1,10,20,149,Unscaled,Gaussian,absolute_residual,0.84125,4343802755982.3325,18.356378736136705,0.0,True,7200,800
0.1,10,20,149,Empirical_copula,Gaussian,absolute_residual,0.5725,6217794502.874116,21.462037607668098,0.0,True,7200,800
0.1,10,20,150,TSCP_R,Gaussian,absolute_residual,0.92125,400074420603.30676,41.81820516877101,0.0020051002502441406,True,7200,800
0.1,10,20,150,Point_CHR,Gaussian,absolute_residual,0.93375,356712705714.8749,33.266354257902506,0.0,True,7200,800
0.1,10,20,150,Unscaled,Gaussian,absolute_residual,0.94625,16595884886929.805,20.989400836105588,0.0,True,7200,800
0.1,10,20,150,Empirical_copula,Gaussian,absolute_residual,0.55375,6159309219.531751,28.774331683062677,0.0,True,7200,800
0.1,10,20,151,TSCP_R,Gaussian,absolute_residual,0.98875,717602107922.9918,37.92154631499124,0.002001047134399414,True,7200,800
0.1,10,20,151,Point_CHR,Gaussian,absolute_residual,0.915,208537997269.84232,32.48199123223056,0.0010001659393310547,True,7200,800
0.1,10,20,151,Unscaled,Gaussian,absolute_residual,0.99375,247601977554722.03,27.502705024436473,0.0,True,7200,800
0.1,10,20,151,Empirical_copula,Gaussian,absolute_residual,0.57875,5509146542.554833,28.4089447230127,0.0,True,7200,800
0.1,10,20,152,TSCP_R,Gaussian,absolute_residual,0.8775,105394035817.55746,33.15420554591964,0.0030059814453125,True,7200,800
0.1,10,20,152,Point_CHR,Gaussian,absolute_residual,0.86875,222685112676.00504,35.90335885135745,0.0,True,7200,800
0.1,10,20,152,Unscaled,Gaussian,absolute_residual,0.9025,9713145632758.852,19.89463565633209,0.0,True,7200,800
0.1,10,20,152,Empirical_copula,Gaussian,absolute_residual,0.565,4683911257.457084,20.12615230069568,0.0010001659393310547,True,7200,800
0.1,10,20,153,TSCP_R,Gaussian,absolute_residual,0.9075,92789840584.1716,27.827816926217796,0.0029985904693603516,True,7200,800
0.1,10,20,153,Point_CHR,Gaussian,absolute_residual,0.99125,8891659107044.355,48.10131263452409,0.0010035037994384766,True,7200,800
0.1,10,20,153,Unscaled,Gaussian,absolute_residual,0.9,5948454615247.006,18.94263605497016,0.0,True,7200,800
0.1,10,20,153,Empirical_copula,Gaussian,absolute_residual,0.60375,5171993876.839099,25.814214926813396,0.0,True,7200,800
0.1,10,20,154,TSCP_R,Gaussian,absolute_residual,0.975,1504492329646.3984,37.363976983752465,0.002001047134399414,True,7200,800
0.1,10,20,154,Point_CHR,Gaussian,absolute_residual,0.86125,148159517972.31586,27.126068623571356,0.0009992122650146484,True,7200,800
0.1,10,20,154,Unscaled,Gaussian,absolute_residual,0.83125,2574598475241.7627,17.42091455954292,0.0,True,7200,800
0.1,10,20,154,Empirical_copula,Gaussian,absolute_residual,0.6975,12509038351.026524,20.731278276982422,0.0,True,7200,800
0.1,10,20,155,TSCP_R,Gaussian,absolute_residual,0.92,110722537350.6194,25.635131824089406,0.002000093460083008,True,7200,800
0.1,10,20,155,Point_CHR,Gaussian,absolute_residual,0.9375,210486147103.19955,29.519474428413876,0.0,True,7200,800
0.1,10,20,155,Unscaled,Gaussian,absolute_residual,0.8525,3166148306713.577,17.78496952693479,0.0,True,7200,800
0.1,10,20,155,Empirical_copula,Gaussian,absolute_residual,0.6025,4517311583.007696,18.685414766099075,0.0010013580322265625,True,7200,800
0.1,10,20,156,TSCP_R,Gaussian,absolute_residual,0.9275,115726394931.865,28.078226823222842,0.0030045509338378906,True,7200,800
0.1,10,20,156,Point_CHR,Gaussian,absolute_residual,0.98125,2760518877808.836,47.950779960439164,0.0,True,7200,800
0.1,10,20,156,Unscaled,Gaussian,absolute_residual,0.89,6507937789489.957,19.113681253230215,0.0,True,7200,800
0.1,10,20,156,Empirical_copula,Gaussian,absolute_residual,0.645,7085492086.827876,24.087724439333645,0.0009999275207519531,True,7200,800
0.1,10,20,157,TSCP_R,Gaussian,absolute_residual,0.985,1257240079584.4822,41.497543450892486,0.001995086669921875,True,7200,800
0.1,10,20,157,Point_CHR,Gaussian,absolute_residual,0.97,39289124109545.53,72.33887605579085,0.0,True,7200,800
0.1,10,20,157,Unscaled,Gaussian,absolute_residual,0.995,388849662975551.06,28.77253802502186,0.0,True,7200,800
0.1,10,20,157,Empirical_copula,Gaussian,absolute_residual,0.68375,14225194000.350422,29.35385743589387,0.0,True,7200,800
0.1,10,20,158,TSCP_R,Gaussian,absolute_residual,0.82125,58828732619.40384,23.58900708507806,0.003007173538208008,True,7200,800
0.1,10,20,158,Point_CHR,Gaussian,absolute_residual,0.8875,228125700150.3324,27.685783450100452,0.0,True,7200,800
0.1,10,20,158,Unscaled,Gaussian,absolute_residual,0.81375,1501448990045.3323,16.5063503261109,0.0,True,7200,800
0.1,10,20,158,Empirical_copula,Gaussian,absolute_residual,0.53,3554809475.1269794,17.31284247554251,0.0009932518005371094,True,7200,800
0.1,10,20,159,TSCP_R,Gaussian,absolute_residual,0.965,365078696100.3828,30.81234090057825,0.003002643585205078,True,7200,800
0.1,10,20,159,Point_CHR,Gaussian,absolute_residual,0.94,565789643565.5891,34.96280691978407,0.0009980201721191406,True,7200,800
0.1,10,20,159,Unscaled,Gaussian,absolute_residual,0.8625,4070000290922.855,18.23725388363246,0.0,True,7200,800
0.1,10,20,159,Empirical_copula,Gaussian,absolute_residual,0.63125,6201825354.283011,24.91516032064397,0.0,True,7200,800
0.1,10,20,160,TSCP_R,Gaussian,absolute_residual,0.9225,100642259970.39963,27.48903762688351,0.002008199691772461,True,7200,800
0.1,10,20,160,Point_CHR,Gaussian,absolute_residual,0.95625,1202761292201.1099,31.34638577931111,0.000997781753540039,True,7200,800
0.1,10,20,160,Unscaled,Gaussian,absolute_residual,0.89,7760173096990.22,19.453024818214054,0.0,True,7200,800
0.1,10,20,160,Empirical_copula,Gaussian,absolute_residual,0.6675,6619833622.791322,21.61481329825891,0.0,True,7200,800
0.1,10,20,161,TSCP_R,Gaussian,absolute_residual,0.90875,89940552278.91118,28.006142576203107,0.002006053924560547,True,7200,800
0.1,10,20,161,Point_CHR,Gaussian,absolute_residual,0.93875,4817007771866.271,54.706183950398376,0.0,True,7200,800
0.1,10,20,161,Unscaled,Gaussian,absolute_residual,0.92,11490250272997.723,20.231726658797232,0.0009999275207519531,True,7200,800
0.1,10,20,161,Empirical_copula,Gaussian,absolute_residual,0.58875,5224262402.758374,24.300218215660113,0.0,True,7200,800
0.1,10,20,162,TSCP_R,Gaussian,absolute_residual,0.80875,24646971029.13939,27.097534088052072,0.0020058155059814453,True,7200,800
0.1,10,20,162,Point_CHR,Gaussian,absolute_residual,0.8625,85294806860.0521,31.61321971014608,0.0010001659393310547,True,7200,800
0.1,10,20,162,Unscaled,Gaussian,absolute_residual,0.8825,3045198086743.0376,17.715832066372137,0.0,True,7200,800
0.1,10,20,162,Empirical_copula,Gaussian,absolute_residual,0.54125,1906406068.2944424,19.628930637351253,0.0,True,7200,800
0.1,10,20,163,TSCP_R,Gaussian,absolute_residual,0.87,82828403555.298,31.769254653172407,0.0030012130737304688,True,7200,800
0.1,10,20,163,Point_CHR,Gaussian,absolute_residual,0.99875,8286643883789.432,42.15530728926267,0.0,True,7200,800
0.1,10,20,163,Unscaled,Gaussian,absolute_residual,0.90375,4567899228453.594,18.448949898047932,0.0,True,7200,800
0.1,10,20,163,Empirical_copula,Gaussian,absolute_residual,0.64875,7597547334.057912,21.28558482063103,0.001010894775390625,True,7200,800
0.1,10,20,164,TSCP_R,Gaussian,absolute_residual,0.77,26610583813.037933,23.694213012247765,0.00400090217590332,True,7200,800
0.1,10,20,164,Point_CHR,Gaussian,absolute_residual,0.77875,78423917203.64076,30.794498887202874,0.0,True,7200,800
0.1,10,20,164,Unscaled,Gaussian,absolute_residual,0.80875,1940830226536.532,16.93552852687748,0.0,True,7200,800
0.1,10,20,164,Empirical_copula,Gaussian,absolute_residual,0.52375,3570006949.0445294,19.073829742902916,0.0010013580322265625,True,7200,800
0.1,10,20,165,TSCP_R,Gaussian,absolute_residual,0.9925,2192910039940.7476,37.864606532186926,0.003006458282470703,True,7200,800
0.1,10,20,165,Point_CHR,Gaussian,absolute_residual,0.8725,293993477337.5463,34.07121589968424,0.0,True,7200,800
0.1,10,20,165,Unscaled,Gaussian,absolute_residual,0.96875,37244616528471.016,22.756546284134892,0.0,True,7200,800
0.1,10,20,165,Empirical_copula,Gaussian,absolute_residual,0.72375,20179704949.16965,24.747632926357596,0.0009999275207519531,True,7200,800
0.1,10,20,166,TSCP_R,Gaussian,absolute_residual,0.955,164056921214.25537,31.120770633752564,0.0019986629486083984,True,7200,800
0.1,10,20,166,Point_CHR,Gaussian,absolute_residual,0.86875,103270155392.4061,32.09407559603222,0.0,True,7200,800
0.1,10,20,166,Unscaled,Gaussian,absolute_residual,0.9325,21272056039650.543,21.51696170103341,0.0,True,7200,800
0.1,10,20,166,Empirical_copula,Gaussian,absolute_residual,0.6375,6540741437.922234,22.03500189421729,0.0,True,7200,800
0.1,10,20,167,TSCP_R,Gaussian,absolute_residual,0.98,449852261745.1925,29.441467940118272,0.0020072460174560547,True,7200,800
0.1,10,20,167,Point_CHR,Gaussian,absolute_residual,0.985,24240123084660.266,67.16400603221871,0.0,True,7200,800
0.1,10,20,167,Unscaled,Gaussian,absolute_residual,0.87375,6243543870903.701,19.034572034785597,0.000986337661743164,True,7200,800
0.1,10,20,167,Empirical_copula,Gaussian,absolute_residual,0.7675,19303329218.794754,26.666457923157807,0.0,True,7200,800
0.1,10,20,168,TSCP_R,Gaussian,absolute_residual,0.97875,1507146770903.339,43.70755083071187,0.0029935836791992188,True,7200,800
0.1,10,20,168,Point_CHR,Gaussian,absolute_residual,0.99,4819226497005.983,41.674417950092774,0.0,True,7200,800
0.1,10,20,168,Unscaled,Gaussian,absolute_residual,0.94125,13590764192123.709,20.57426776693452,0.0,True,7200,800
0.1,10,20,168,Empirical_copula,Gaussian,absolute_residual,0.59375,7271193577.269729,24.535440987196154,0.0010008811950683594,True,7200,800
0.1,10,20,169,TSCP_R,Gaussian,absolute_residual,0.9675,600773235006.2156,36.648438421077444,0.0030050277709960938,True,7200,800
0.1,10,20,169,Point_CHR,Gaussian,absolute_residual,0.965,1654067089824.239,48.685890181308615,0.0,True,7200,800
0.1,10,20,169,Unscaled,Gaussian,absolute_residual,0.96875,52732556624445.59,23.56176839905639,0.0,True,7200,800
0.1,10,20,169,Empirical_copula,Gaussian,absolute_residual,0.70875,12106174882.48102,26.618988498568605,0.0009996891021728516,True,7200,800
0.1,10,20,170,TSCP_R,Gaussian,absolute_residual,0.81625,33320371649.70582,26.39402268461357,0.0030088424682617188,True,7200,800
0.1,10,20,170,Point_CHR,Gaussian,absolute_residual,0.8825,61033437883.63636,25.819636944681122,0.0,True,7200,800
0.1,10,20,170,Unscaled,Gaussian,absolute_residual,0.88125,6570597664994.229,19.1320050793627,0.0,True,7200,800
0.1,10,20,170,Empirical_copula,Gaussian,absolute_residual,0.61125,4267457374.8016934,19.719023267516473,0.0009961128234863281,True,7200,800
0.1,10,20,171,TSCP_R,Gaussian,absolute_residual,0.9875,1621901972997.417,36.10880087607275,0.002007007598876953,True,7200,800
0.1,10,20,171,Point_CHR,Gaussian,absolute_residual,0.97375,1632808517351.16,46.08481106225446,0.0,True,7200,800
0.1,10,20,171,Unscaled,Gaussian,absolute_residual,0.9625,27617267636970.215,22.086051009426047,0.0,True,7200,800
0.1,10,20,171,Empirical_copula,Gaussian,absolute_residual,0.76625,31549760254.61817,28.442003794943986,0.0,True,7200,800
0.1,10,20,172,TSCP_R,Gaussian,absolute_residual,0.93,205418181076.0267,29.770801642886425,0.0019996166229248047,True,7200,800
0.1,10,20,172,Point_CHR,Gaussian,absolute_residual,0.99125,14088571619837.615,49.71667993505757,0.0,True,7200,800
0.1,10,20,172,Unscaled,Gaussian,absolute_residual,0.88875,5130929876443.682,18.664639577634482,0.0,True,7200,800
0.1,10,20,172,Empirical_copula,Gaussian,absolute_residual,0.62125,5135278846.841695,23.608163776431937,0.00099945068359375,True,7200,800
0.1,10,20,173,TSCP_R,Gaussian,absolute_residual,0.88875,130789811682.85074,29.385765499770784,0.003000020980834961,True,7200,800
0.1,10,20,173,Point_CHR,Gaussian,absolute_residual,0.9875,5750650725450.041,47.59702147045629,0.0,True,7200,800
0.1,10,20,173,Unscaled,Gaussian,absolute_residual,0.92125,20451962556825.61,21.43253289174113,0.0,True,7200,800
0.1,10,20,173,Empirical_copula,Gaussian,absolute_residual,0.6175,6669784158.932087,22.494192999954496,0.0010089874267578125,True,7200,800
0.1,10,20,174,TSCP_R,Gaussian,absolute_residual,0.89625,75432905323.296,26.410410779267778,0.00200653076171875,True,7200,800
0.1,10,20,174,Point_CHR,Gaussian,absolute_residual,0.97,5368254818303.279,55.748467622831356,0.0010001659393310547,True,7200,800
0.1,10,20,174,Unscaled,Gaussian,absolute_residual,0.90375,6000615978735.63,18.959181466578052,0.0,True,7200,800
0.1,10,20,174,Empirical_copula,Gaussian,absolute_residual,0.54125,3198876464.6535525,19.764904008852064,0.0,True,7200,800
0.1,10,20,175,TSCP_R,Gaussian,absolute_residual,0.8975,108719983416.9823,26.020220383250837,0.00200653076171875,True,7200,800
0.1,10,20,175,Point_CHR,Gaussian,absolute_residual,0.9125,402539816913.4764,25.993280884937214,0.0010004043579101562,True,7200,800
0.1,10,20,175,Unscaled,Gaussian,absolute_residual,0.83375,2696233734609.127,17.501519403249823,0.0,True,7200,800
0.1,10,20,175,Empirical_copula,Gaussian,absolute_residual,0.6325,9310551978.364367,24.001463440520958,0.0,True,7200,800
0.1,10,20,176,TSCP_R,Gaussian,absolute_residual,0.9025,91276266465.4414,29.185082500696446,0.0019974708557128906,True,7200,800
0.1,10,20,176,Point_CHR,Gaussian,absolute_residual,0.97875,1086092223477.433,44.309656071218186,0.0009992122650146484,True,7200,800
0.1,10,20,176,Unscaled,Gaussian,absolute_residual,0.9425,15185545532704.16,20.80381771705602,0.0,True,7200,800
0.1,10,20,176,Empirical_copula,Gaussian,absolute_residual,0.6275,5615322464.988006,24.005652990602375,0.0,True,7200,800
0.1,10,20,177,TSCP_R,Gaussian,absolute_residual,0.74,11866003438.509304,24.532116678139317,0.0030167102813720703,True,7200,800
0.1,10,20,177,Point_CHR,Gaussian,absolute_residual,0.84375,116017269403.72179,35.6329901190808,0.0,True,7200,800
0.1,10,20,177,Unscaled,Gaussian,absolute_residual,0.8875,5937746957672.471,18.93922347538132,0.0,True,7200,800
0.1,10,20,177,Empirical_copula,Gaussian,absolute_residual,0.51125,1768334635.331924,21.325511122174024,0.0009989738464355469,True,7200,800
0.1,10,20,178,TSCP_R,Gaussian,absolute_residual,0.94625,140319916161.79745,36.39106709080569,0.002998828887939453,True,7200,800
0.1,10,20,178,Point_CHR,Gaussian,absolute_residual,0.875,364604435206.527,49.829933072547234,0.0010075569152832031,True,7200,800
0.1,10,20,178,Unscaled,Gaussian,absolute_residual,0.965,52243612106410.2,23.539829864421158,0.0,True,7200,800
0.1,10,20,178,Empirical_copula,Gaussian,absolute_residual,0.6075,5787992685.829717,28.687381679617264,0.0,True,7200,800
0.1,10,20,179,TSCP_R,Gaussian,absolute_residual,0.94375,153366619775.19562,31.345829225185863,0.0030057430267333984,True,7200,800
0.1,10,20,179,Point_CHR,Gaussian,absolute_residual,0.9825,4821982922613.67,52.563790173039536,0.0,True,7200,800
0.1,10,20,179,Unscaled,Gaussian,absolute_residual,0.95375,26888551870477.24,22.02707047529589,0.0,True,7200,800
0.1,10,20,179,Empirical_copula,Gaussian,absolute_residual,0.705,11338054262.401546,28.865744231947488,0.0010001659393310547,True,7200,800
0.1,10,20,180,TSCP_R,Gaussian,absolute_residual,0.8725,73847580547.16948,28.271760229294255,0.0019974708557128906,True,7200,800
0.1,10,20,180,Point_CHR,Gaussian,absolute_residual,0.90625,194781918086.88126,34.26980815282425,0.0,True,7200,800
0.1,10,20,180,Unscaled,Gaussian,absolute_residual,0.89125,7987542692690.33,19.50928347759267,0.0,True,7200,800
0.1,10,20,180,Empirical_copula,Gaussian,absolute_residual,0.58125,3928354585.873941,20.448687308656524,0.0,True,7200,800
0.1,10,20,181,TSCP_R,Gaussian,absolute_residual,0.985,678818324809.9216,41.95777940190303,0.003015756607055664,True,7200,800
0.1,10,20,181,Point_CHR,Gaussian,absolute_residual,0.96875,1400667262645.748,58.245149504553986,0.0,True,7200,800
0.1,10,20,181,Unscaled,Gaussian,absolute_residual,0.9225,10708523566408.701,20.089677250727696,0.0,True,7200,800
0.1,10,20,181,Empirical_copula,Gaussian,absolute_residual,0.7475,19921384838.215534,32.91576759446454,0.0009846687316894531,True,7200,800
0.1,10,20,182,TSCP_R,Gaussian,absolute_residual,0.995,1198615093836.43,33.87271271511739,0.0019922256469726562,True,7200,800
0.1,10,20,182,Point_CHR,Gaussian,absolute_residual,0.96625,534097494922.2609,37.32408399925293,0.001008749008178711,True,7200,800
0.1,10,20,182,Unscaled,Gaussian,absolute_residual,0.88625,5534496329306.441,18.806492727386807,0.0,True,7200,800
0.1,10,20,182,Empirical_copula,Gaussian,absolute_residual,0.68875,9023711089.11246,20.76802077288238,0.0,True,7200,800
0.1,10,20,183,TSCP_R,Gaussian,absolute_residual,0.97125,282034541552.1412,31.68625874831023,0.003016233444213867,True,7200,800
0.1,10,20,183,Point_CHR,Gaussian,absolute_residual,0.90125,384717945486.005,41.54263786700417,0.0,True,7200,800
0.1,10,20,183,Unscaled,Gaussian,absolute_residual,0.94125,13691064373319.244,20.589401436899774,0.0,True,7200,800
0.1,10,20,183,Empirical_copula,Gaussian,absolute_residual,0.675,13259188937.388035,23.599121117998997,0.0009891986846923828,True,7200,800
0.1,10,20,184,TSCP_R,Gaussian,absolute_residual,0.86,51028991364.66482,26.981950788578025,0.0019986629486083984,True,7200,800
0.1,10,20,184,Point_CHR,Gaussian,absolute_residual,0.52125,3468308568.817335,28.57050862707574,0.0,True,7200,800
0.1,10,20,184,Unscaled,Gaussian,absolute_residual,0.71625,713572121582.5367,15.322999500776096,0.0,True,7200,800
0.1,10,20,184,Empirical_copula,Gaussian,absolute_residual,0.46125,1917103963.7498822,26.135882303867877,0.0010008811950683594,True,7200,800
0.1,10,20,185,TSCP_R,Gaussian,absolute_residual,0.93875,378550895650.1002,31.61916356944382,0.002001047134399414,True,7200,800
0.1,10,20,185,Point_CHR,Gaussian,absolute_residual,0.92375,1665250132178.0354,37.63104906825688,0.0,True,7200,800
0.1,10,20,185,Unscaled,Gaussian,absolute_residual,0.85875,5084082716047.76,18.647527692541217,0.0010328292846679688,True,7200,800
0.1,10,20,185,Empirical_copula,Gaussian,absolute_residual,0.5975,7087927068.933896,18.674822929056088,0.0,True,7200,800
0.1,10,20,186,TSCP_R,Gaussian,absolute_residual,0.92875,130052164392.15549,29.942738632561934,0.0030012130737304688,True,7200,800
0.1,10,20,186,Point_CHR,Gaussian,absolute_residual,0.9575,2073290350516.4753,34.53989022146942,0.0,True,7200,800
0.1,10,20,186,Unscaled,Gaussian,absolute_residual,0.83,2484990524412.1387,17.359310596068266,0.0,True,7200,800
0.1,10,20,186,Empirical_copula,Gaussian,absolute_residual,0.6075,4525904667.250246,17.592154118950802,0.0009996891021728516,True,7200,800
0.1,10,20,187,TSCP_R,Gaussian,absolute_residual,0.95875,349692217978.5892,29.51248427668047,0.0019989013671875,True,7200,800
0.1,10,20,187,Point_CHR,Gaussian,absolute_residual,0.915,445976460020.0022,31.932484119957508,0.0,True,7200,800
0.1,10,20,187,Unscaled,Gaussian,absolute_residual,0.85625,3040865403284.966,17.71330985668655,0.0,True,7200,800
0.1,10,20,187,Empirical_copula,Gaussian,absolute_residual,0.6575,7552184407.890762,21.757251978439324,0.0010068416595458984,True,7200,800
0.1,10,20,188,TSCP_R,Gaussian,absolute_residual,0.97375,768186537643.914,30.528273430143877,0.002007007598876953,True,7200,800
0.1,10,20,188,Point_CHR,Gaussian,absolute_residual,0.895,172183649735.48923,31.234389348476412,0.0,True,7200,800
0.1,10,20,188,Unscaled,Gaussian,absolute_residual,0.81625,2315194751575.89,17.23688376122853,0.0,True,7200,800
0.1,10,20,188,Empirical_copula,Gaussian,absolute_residual,0.66125,9678617056.393896,19.654256172210413,0.0009989738464355469,True,7200,800
0.1,10,20,189,TSCP_R,Gaussian,absolute_residual,0.915,166036134187.83752,30.396642491066324,0.001997232437133789,True,7200,800
0.1,10,20,189,Point_CHR,Gaussian,absolute_residual,0.96625,30909413572159.723,54.18131286833406,0.0,True,7200,800
0.1,10,20,189,Unscaled,Gaussian,absolute_residual,0.8925,4802916506521.602,18.541740716051784,0.0,True,7200,800
0.1,10,20,189,Empirical_copula,Gaussian,absolute_residual,0.5825,3809020423.8692203,19.23028716708857,0.0,True,7200,800
0.1,10,20,190,TSCP_R,Gaussian,absolute_residual,0.91875,126818873587.43767,33.333569289270145,0.0020072460174560547,True,7200,800
0.1,10,20,190,Point_CHR,Gaussian,absolute_residual,0.94125,680496525261.4596,47.08369921495598,0.00099945068359375,True,7200,800
0.1,10,20,190,Unscaled,Gaussian,absolute_residual,0.96,41156742063377.734,22.98497834400419,0.0,True,7200,800
0.1,10,20,190,Empirical_copula,Gaussian,absolute_residual,0.61,6342083556.225217,26.219325430564016,0.0,True,7200,800
0.1,10,20,191,TSCP_R,Gaussian,absolute_residual,0.85375,47378142754.05214,31.554035070377875,0.003000020980834961,True,7200,800
0.1,10,20,191,Point_CHR,Gaussian,absolute_residual,0.81125,275427428107.4426,30.103571742002124,0.0009996891021728516,True,7200,800
0.1,10,20,191,Unscaled,Gaussian,absolute_residual,0.9,8745015471975.917,19.686842109426188,0.0,True,7200,800
0.1,10,20,191,Empirical_copula,Gaussian,absolute_residual,0.4375,2305627910.550302,30.103571742002124,0.0,True,7200,800
0.1,10,20,192,TSCP_R,Gaussian,absolute_residual,0.9475,173281312428.17407,34.10056581110956,0.0020003318786621094,True,7200,800
0.1,10,20,192,Point_CHR,Gaussian,absolute_residual,0.89,127110473577.1584,28.847995936479226,0.0009999275207519531,True,7200,800
0.1,10,20,192,Unscaled,Gaussian,absolute_residual,0.945,23090574615043.94,21.6941917295736,0.0,True,7200,800
0.1,10,20,192,Empirical_copula,Gaussian,absolute_residual,0.72625,10378673662.791214,25.89287753211291,0.0,True,7200,800
0.1,10,20,193,TSCP_R,Gaussian,absolute_residual,0.86125,26591457803.226807,26.15994941796651,0.0024619102478027344,True,7200,800
0.1,10,20,193,Point_CHR,Gaussian,absolute_residual,0.93375,91795772515.18614,26.460476470961787,0.000997304916381836,True,7200,800
0.1,10,20,193,Unscaled,Gaussian,absolute_residual,0.7125,694410107217.6426,15.28134579656182,0.0,True,7200,800
0.1,10,20,193,Empirical_copula,Gaussian,absolute_residual,0.53,2012531847.8604882,26.460476470961787,0.0,True,7200,800
0.1,10,20,194,TSCP_R,Gaussian,absolute_residual,0.8425,54139076028.568115,30.05240231666913,0.0030059814453125,True,7200,800
0.1,10,20,194,Point_CHR,Gaussian,absolute_residual,0.9575,545700216073.3804,30.8810913378771,0.0,True,7200,800
0.1,10,20,194,Unscaled,Gaussian,absolute_residual,0.9525,22971435079390.953,21.682972187459402,0.0,True,7200,800
0.1,10,20,194,Empirical_copula,Gaussian,absolute_residual,0.47,2371802099.831528,23.498229045106193,0.0010001659393310547,True,7200,800
0.1,10,20,195,TSCP_R,Gaussian,absolute_residual,0.985,534326969215.05133,30.899420764371854,0.0020067691802978516,True,7200,800
0.1,10,20,195,Point_CHR,Gaussian,absolute_residual,0.78375,44464743271.56722,23.883329312623516,0.0,True,7200,800
0.1,10,20,195,Unscaled,Gaussian,absolute_residual,0.8075,1598608777425.691,16.610175430043597,0.000993967056274414,True,7200,800
0.1,10,20,195,Empirical_copula,Gaussian,absolute_residual,0.62625,6875183348.378707,18.988913890691048,0.0,True,7200,800
0.1,10,20,196,TSCP_R,Gaussian,absolute_residual,0.9725,780075199648.2915,37.08057972497471,0.001992940902709961,True,7200,800
0.1,10,20,196,Point_CHR,Gaussian,absolute_residual,0.925,8190169332520.852,57.46718038371519,0.0010001659393310547,True,7200,800
0.1,10,20,196,Unscaled,Gaussian,absolute_residual,0.96375,29790113836455.746,22.25395555121546,0.0,True,7200,800
0.1,10,20,196,Empirical_copula,Gaussian,absolute_residual,0.7325,11292337755.617142,22.328768480711553,0.0009996891021728516,True,7200,800
0.1,10,20,197,TSCP_R,Gaussian,absolute_residual,0.87625,59738398878.43397,28.088421363174668,0.0030007362365722656,True,7200,800
0.1,10,20,197,Point_CHR,Gaussian,absolute_residual,0.89375,890974275860.1927,41.24650595116144,0.0,True,7200,800
0.1,10,20,197,Unscaled,Gaussian,absolute_residual,0.88875,6696365760837.269,19.16831407422941,0.0,True,7200,800
0.1,10,20,197,Empirical_copula,Gaussian,absolute_residual,0.43875,1579598833.9044218,19.431146306275064,0.0010073184967041016,True,7200,800
0.1,10,20,198,TSCP_R,Gaussian,absolute_residual,0.81,39568137109.29948,22.179998104891546,0.001997709274291992,True,7200,800
0.1,10,20,198,Point_CHR,Gaussian,absolute_residual,0.95625,703952288202.297,34.56277767829195,0.0,True,7200,800
0.1,10,20,198,Unscaled,Gaussian,absolute_residual,0.87375,3242798313202.9077,17.82756357420801,0.0,True,7200,800
0.1,10,20,198,Empirical_copula,Gaussian,absolute_residual,0.585,4094630822.1951118,18.21200405531717,0.0,True,7200,800
0.1,10,20,199,TSCP_R,Gaussian,absolute_residual,0.9825,838928358842.9529,37.77984119746068,0.0019991397857666016,True,7200,800
0.1,10,20,199,Point_CHR,Gaussian,absolute_residual,0.98,6660489688923.039,66.32503815686863,0.0,True,7200,800
0.1,10,20,199,Unscaled,Gaussian,absolute_residual,0.98125,73984619274122.3,24.373289351947857,0.0,True,7200,800
0.1,10,20,199,Empirical_copula,Gaussian,absolute_residual,0.6325,8240145430.33598,27.537992734176342,0.0,True,7200,800
0.1,10,30,0,TSCP_R,Gaussian,absolute_residual,0.94875,129227521328.52362,29.408242692559078,0.003002166748046875,True,7200,800
0.1,10,30,0,Point_CHR,Gaussian,absolute_residual,0.95625,434427935084.8659,28.229711338587634,0.000997781753540039,True,7200,800
0.1,10,30,0,Unscaled,Gaussian,absolute_residual,0.9275,16180160351310.889,20.936220427292586,0.0,True,7200,800
0.1,10,30,0,Empirical_copula,Gaussian,absolute_residual,0.78125,14795665805.807508,24.0997050774831,0.0,True,7200,800
0.1,10,30,1,TSCP_R,Gaussian,absolute_residual,0.88125,48102687152.98269,28.51491403611862,0.003008604049682617,True,7200,800
0.1,10,30,1,Point_CHR,Gaussian,absolute_residual,0.9525,1772099359154.114,40.66247200817095,0.0,True,7200,800
0.1,10,30,1,Unscaled,Gaussian,absolute_residual,0.85625,4702523575887.602,18.50261440259477,0.0,True,7200,800
0.1,10,30,1,Empirical_copula,Gaussian,absolute_residual,0.6925,7970976317.453751,19.919948000753127,0.000997781753540039,True,7200,800
0.1,10,30,2,TSCP_R,Gaussian,absolute_residual,0.89,67947730060.72034,28.01357442183336,0.0030035972595214844,True,7200,800
0.1,10,30,2,Point_CHR,Gaussian,absolute_residual,0.9225,685830807549.4419,50.15818325958898,0.0,True,7200,800
0.1,10,30,2,Unscaled,Gaussian,absolute_residual,0.93375,23266138638148.082,21.710630257468747,0.0,True,7200,800
0.1,10,30,2,Empirical_copula,Gaussian,absolute_residual,0.72875,12423290844.499063,28.880336874890865,0.0009999275207519531,True,7200,800
0.1,10,30,3,TSCP_R,Gaussian,absolute_residual,0.96875,687451856754.9651,34.06743047904663,0.0030059814453125,True,7200,800
0.1,10,30,3,Point_CHR,Gaussian,absolute_residual,0.9775,2642532086770.7314,47.45026033744017,0.0,True,7200,800
0.1,10,30,3,Unscaled,Gaussian,absolute_residual,0.9225,16532091375219.729,20.981318655532245,0.0,True,7200,800
0.1,10,30,3,Empirical_copula,Gaussian,absolute_residual,0.78875,43471490018.61,22.907897699954948,0.0009999275207519531,True,7200,800
0.1,10,30,4,TSCP_R,Gaussian,absolute_residual,0.9375,111691202803.07349,25.12965258278721,0.0019998550415039062,True,7200,800
0.1,10,30,4,Point_CHR,Gaussian,absolute_residual,0.93625,212338025338.97336,33.194950153935096,0.0010042190551757812,True,7200,800
0.1,10,30,4,Unscaled,Gaussian,absolute_residual,0.88125,4459549362886.162,18.404715035445417,0.0,True,7200,800
0.1,10,30,4,Empirical_copula,Gaussian,absolute_residual,0.75625,21136373944.830376,24.41251821887364,0.0,True,7200,800
0.1,10,30,5,TSCP_R,Gaussian,absolute_residual,0.94125,234294834043.88992,35.61943508915975,0.0030100345611572266,True,7200,800
0.1,10,30,5,Point_CHR,Gaussian,absolute_residual,0.92875,339246660331.95074,36.31133093137585,0.0,True,7200,800
0.1,10,30,5,Unscaled,Gaussian,absolute_residual,0.95375,17930918575811.54,21.152429383110444,0.0,True,7200,800
0.1,10,30,5,Empirical_copula,Gaussian,absolute_residual,0.7775,19942360383.844185,24.941146034969748,0.0009982585906982422,True,7200,800
0.1,10,30,6,TSCP_R,Gaussian,absolute_residual,0.93625,153946486555.36606,29.61879941353846,0.0020074844360351562,True,7200,800
0.1,10,30,6,Point_CHR,Gaussian,absolute_residual,0.9925,6805091142117.363,48.408364613903174,0.000997781753540039,True,7200,800
0.1,10,30,6,Unscaled,Gaussian,absolute_residual,0.90875,8860665293744.562,19.712723628585948,0.0,True,7200,800
0.1,10,30,6,Empirical_copula,Gaussian,absolute_residual,0.78125,24632602421.142807,22.447208210285215,0.0,True,7200,800
0.1,10,30,7,TSCP_R,Gaussian,absolute_residual,0.9075,68844014032.02943,25.583764690384577,0.0029997825622558594,True,7200,800
0.1,10,30,7,Point_CHR,Gaussian,absolute_residual,0.91,80291057257.72853,24.917990740256684,0.0,True,7200,800
0.1,10,30,7,Unscaled,Gaussian,absolute_residual,0.89125,8469277765860.396,19.623869072485792,0.0,True,7200,800
0.1,10,30,7,Empirical_copula,Gaussian,absolute_residual,0.7525,13751583895.793325,22.42746239452193,0.0,True,7200,800
0.1,10,30,8,TSCP_R,Gaussian,absolute_residual,0.92125,72693609605.33347,26.668990103182402,0.002999544143676758,True,7200,800
0.1,10,30,8,Point_CHR,Gaussian,absolute_residual,0.9725,506220907386.70544,30.22659090124997,0.0,True,7200,800
0.1,10,30,8,Unscaled,Gaussian,absolute_residual,0.90375,6450697330254.799,19.09680293444743,0.0,True,7200,800
0.1,10,30,8,Empirical_copula,Gaussian,absolute_residual,0.77125,12292464189.763168,24.44890361855362,0.0,True,7200,800
0.1,10,30,9,TSCP_R,Gaussian,absolute_residual,0.955,490428379475.18134,31.366217887377964,0.002010345458984375,True,7200,800
0.1,10,30,9,Point_CHR,Gaussian,absolute_residual,0.925,663481042854.3411,44.14556207220711,0.0009832382202148438,True,7200,800
0.1,10,30,9,Unscaled,Gaussian,absolute_residual,0.795,2104289506658.0806,17.07302785747137,0.0,True,7200,800
0.1,10,30,9,Empirical_copula,Gaussian,absolute_residual,0.67875,23487335885.99439,27.773624665208736,0.0,True,7200,800
0.1,10,30,10,TSCP_R,Gaussian,absolute_residual,0.85125,63855833948.37533,30.93231755838851,0.0030012130737304688,True,7200,800
0.1,10,30,10,Point_CHR,Gaussian,absolute_residual,0.945,1157824649211.7153,45.64077180210806,0.0010004043579101562,True,7200,800
0.1,10,30,10,Unscaled,Gaussian,absolute_residual,0.91,10991337090814.31,20.142114143019917,0.0,True,7200,800
0.1,10,30,10,Empirical_copula,Gaussian,absolute_residual,0.66625,9916432969.68932,25.690900197290283,0.0,True,7200,800
0.1,10,30,11,TSCP_R,Gaussian,absolute_residual,0.92,222033262265.30426,30.555312509774822,0.0030019283294677734,True,7200,800
0.1,10,30,11,Point_CHR,Gaussian,absolute_residual,0.855,231419313485.84854,32.73345233478282,0.0,True,7200,800
0.1,10,30,11,Unscaled,Gaussian,absolute_residual,0.90375,9993785851458.787,19.95138291719438,0.001009225845336914,True,7200,800
0.1,10,30,11,Empirical_copula,Gaussian,absolute_residual,0.66875,15818766750.901648,29.485164905421243,0.0,True,7200,800
0.1,10,30,12,TSCP_R,Gaussian,absolute_residual,0.8825,49249112504.05632,27.617319614448103,0.0029997825622558594,True,7200,800
0.1,10,30,12,Point_CHR,Gaussian,absolute_residual,0.9275,179041550761.33072,26.67722543447782,0.0,True,7200,800
0.1,10,30,12,Unscaled,Gaussian,absolute_residual,0.8725,3961861198423.3823,18.18820856436308,0.0,True,7200,800
0.1,10,30,12,Empirical_copula,Gaussian,absolute_residual,0.71125,9733058127.134327,22.704724355919346,0.0010008811950683594,True,7200,800
0.1,10,30,13,TSCP_R,Gaussian,absolute_residual,0.75375,40526641180.75109,29.856060380299617,0.002999544143676758,True,7200,800
0.1,10,30,13,Point_CHR,Gaussian,absolute_residual,0.9675,2117938023966.7043,48.78737384287207,0.0,True,7200,800
0.1,10,30,13,Unscaled,Gaussian,absolute_residual,0.94,19182732120034.08,21.29565714783296,0.0010001659393310547,True,7200,800
0.1,10,30,13,Empirical_copula,Gaussian,absolute_residual,0.52125,9116773946.417065,28.59972659799155,0.0,True,7200,800
0.1,10,30,14,TSCP_R,Gaussian,absolute_residual,0.80375,21342163786.38909,23.364907189904233,0.002009153366088867,True,7200,800
0.1,10,30,14,Point_CHR,Gaussian,absolute_residual,0.90875,75064362812.21112,27.018881496049765,0.0009965896606445312,True,7200,800
0.1,10,30,14,Unscaled,Gaussian,absolute_residual,0.84625,4967955074324.805,18.60448985700604,0.0,True,7200,800
0.1,10,30,14,Empirical_copula,Gaussian,absolute_residual,0.645,5113235743.100181,19.147322195444257,0.0,True,7200,800
0.1,10,30,15,TSCP_R,Gaussian,absolute_residual,0.89375,77737560962.08545,27.893480006560385,0.001997709274291992,True,7200,800
0.1,10,30,15,Point_CHR,Gaussian,absolute_residual,0.975,1170760501109.2222,33.622512928339376,0.0010006427764892578,True,7200,800
0.1,10,30,15,Unscaled,Gaussian,absolute_residual,0.83375,2363804322890.6846,17.272736677195077,0.0,True,7200,800
0.1,10,30,15,Empirical_copula,Gaussian,absolute_residual,0.69,13388609919.763487,20.45889180112626,0.0,True,7200,800
0.1,10,30,16,TSCP_R,Gaussian,absolute_residual,0.83125,31780515464.09125,22.52562500817688,0.0030057430267333984,True,7200,800
0.1,10,30,16,Point_CHR,Gaussian,absolute_residual,0.97125,662699528317.3998,31.534595997482043,0.0009946823120117188,True,7200,800
0.1,10,30,16,Unscaled,Gaussian,absolute_residual,0.82,2585352313829.5103,17.42817745919025,0.0,True,7200,800
0.1,10,30,16,Empirical_copula,Gaussian,absolute_residual,0.61625,5823715463.698177,19.033269148018128,0.0,True,7200,800
0.1,10,30,17,TSCP_R,Gaussian,absolute_residual,0.925,153183469934.13995,27.461433607448328,0.0029985904693603516,True,7200,800
0.1,10,30,17,Point_CHR,Gaussian,absolute_residual,0.9325,417753351569.2038,35.47537762779936,0.0,True,7200,800
0.1,10,30,17,Unscaled,Gaussian,absolute_residual,0.83875,2928652949523.1816,17.646833618589127,0.0,True,7200,800
0.1,10,30,17,Empirical_copula,Gaussian,absolute_residual,0.7075,21039772965.01021,24.2744953849163,0.0,True,7200,800
0.1,10,30,18,TSCP_R,Gaussian,absolute_residual,0.895,61212856969.04897,28.606824223891152,0.0019996166229248047,True,7200,800
0.1,10,30,18,Point_CHR,Gaussian,absolute_residual,0.9825,1188508540610.5051,54.22074746086011,0.0,True,7200,800
0.1,10,30,18,Unscaled,Gaussian,absolute_residual,0.90875,12330345598635.805,20.374995661203645,0.0,True,7200,800
0.1,10,30,18,Empirical_copula,Gaussian,absolute_residual,0.60375,6485982338.219777,27.512503267205517,0.001127481460571289,True,7200,800
0.1,10,30,19,TSCP_R,Gaussian,absolute_residual,0.90125,97662174239.6679,30.780087905064086,0.0019986629486083984,True,7200,800
0.1,10,30,19,Point_CHR,Gaussian,absolute_residual,0.89625,610216413968.6316,44.198664921476364,0.0010001659393310547,True,7200,800
0.1,10,30,19,Unscaled,Gaussian,absolute_residual,0.955,23899849953125.945,21.769052033515507,0.0,True,7200,800
0.1,10,30,19,Empirical_copula,Gaussian,absolute_residual,0.7675,15131266182.862164,24.767832633948526,0.0,True,7200,800
0.1,10,30,20,TSCP_R,Gaussian,absolute_residual,0.92875,130488888953.29396,29.253109324960462,0.0030646324157714844,True,7200,800
0.1,10,30,20,Point_CHR,Gaussian,absolute_residual,0.97,976175224323.4635,41.58695156123157,0.0009458065032958984,True,7200,800
0.1,10,30,20,Unscaled,Gaussian,absolute_residual,0.94125,17668360493581.656,21.121250393456403,0.0,True,7200,800
0.1,10,30,20,Empirical_copula,Gaussian,absolute_residual,0.76,19346394065.16908,23.797043939257676,0.0,True,7200,800
0.1,10,30,21,TSCP_R,Gaussian,absolute_residual,0.89625,46261365832.85018,26.114273030411326,0.0030002593994140625,True,7200,800
0.1,10,30,21,Point_CHR,Gaussian,absolute_residual,0.9975,14718137378088.254,55.362320221509535,0.0,True,7200,800
0.1,10,30,21,Unscaled,Gaussian,absolute_residual,0.84375,3083461876748.5303,17.737967642599536,0.0,True,7200,800
0.1,10,30,21,Empirical_copula,Gaussian,absolute_residual,0.705,9424066202.314775,22.411761782605936,0.0010104179382324219,True,7200,800
0.1,10,30,22,TSCP_R,Gaussian,absolute_residual,0.84375,36461667424.59182,24.093477307657125,0.0030050277709960938,True,7200,800
0.1,10,30,22,Point_CHR,Gaussian,absolute_residual,0.75375,20435818928.598602,28.549476129193334,0.0,True,7200,800
0.1,10,30,22,Unscaled,Gaussian,absolute_residual,0.925,9243545471919.422,19.79629232210928,0.0,True,7200,800
0.1,10,30,22,Empirical_copula,Gaussian,absolute_residual,0.56,3405973633.999272,21.23270093127202,0.0009999275207519531,True,7200,800
0.1,10,30,23,TSCP_R,Gaussian,absolute_residual,0.90875,74228372662.37419,30.549460923898273,0.0020058155059814453,True,7200,800
0.1,10,30,23,Point_CHR,Gaussian,absolute_residual,0.92875,258727718718.45944,30.206940488651036,0.0009996891021728516,True,7200,800
0.1,10,30,23,Unscaled,Gaussian,absolute_residual,0.92,12144345023199.29,20.344049773653268,0.0,True,7200,800
0.1,10,30,23,Empirical_copula,Gaussian,absolute_residual,0.74875,17040584051.880573,25.92172111456132,0.0,True,7200,800
0.1,10,30,24,TSCP_R,Gaussian,absolute_residual,0.97875,387640562768.2888,36.508618248956545,0.0030012130737304688,True,7200,800
0.1,10,30,24,Point_CHR,Gaussian,absolute_residual,0.98625,1052074361390.5184,34.33408526294119,0.00099945068359375,True,7200,800
0.1,10,30,24,Unscaled,Gaussian,absolute_residual,0.93125,15001781989794.281,20.778504418691163,0.0,True,7200,800
0.1,10,30,24,Empirical_copula,Gaussian,absolute_residual,0.87875,39314460140.54545,24.564895705071674,0.0,True,7200,800
0.1,10,30,25,TSCP_R,Gaussian,absolute_residual,0.88125,54237870416.49972,24.710825875027954,0.0030014514923095703,True,7200,800
0.1,10,30,25,Point_CHR,Gaussian,absolute_residual,0.965,684382651885.0183,34.826357436707546,0.0,True,7200,800
0.1,10,30,25,Unscaled,Gaussian,absolute_residual,0.86375,3717499941503.8867,18.072785621171512,0.0,True,7200,800
0.1,10,30,25,Empirical_copula,Gaussian,absolute_residual,0.71875,12905329653.985638,22.035228828890396,0.0,True,7200,800
0.1,10,30,26,TSCP_R,Gaussian,absolute_residual,0.95625,179333484135.78546,30.256668052714414,0.003000497817993164,True,7200,800
0.1,10,30,26,Point_CHR,Gaussian,absolute_residual,0.97125,1025473017123.2966,44.8895189733701,0.0010013580322265625,True,7200,800
0.1,10,30,26,Unscaled,Gaussian,absolute_residual,0.9475,20437988893190.992,21.431068078152546,0.0,True,7200,800
0.1,10,30,26,Empirical_copula,Gaussian,absolute_residual,0.78875,19796968898.74541,27.857611045096306,0.0009989738464355469,True,7200,800
0.1,10,30,27,TSCP_R,Gaussian,absolute_residual,0.9,98422242480.3618,29.865753386874037,0.003000497817993164,True,7200,800
0.1,10,30,27,Point_CHR,Gaussian,absolute_residual,0.975,2323944867461.2305,56.324887997610794,0.0,True,7200,800
0.1,10,30,27,Unscaled,Gaussian,absolute_residual,0.955,25991492488200.656,21.952456327503047,0.0,True,7200,800
0.1,10,30,27,Empirical_copula,Gaussian,absolute_residual,0.5575,8704555011.09854,28.669394935834617,0.0,True,7200,800
0.1,10,30,28,TSCP_R,Gaussian,absolute_residual,0.93,92958695618.5537,30.563427977200032,0.002998828887939453,True,7200,800
0.1,10,30,28,Point_CHR,Gaussian,absolute_residual,0.9625,186621648709.47565,36.707032248964936,0.0,True,7200,800
0.1,10,30,28,Unscaled,Gaussian,absolute_residual,0.8625,4303449039424.59,18.339254037550177,0.0009996891021728516,True,7200,800
0.1,10,30,28,Empirical_copula,Gaussian,absolute_residual,0.7525,11425100061.986599,25.15403285920863,0.0,True,7200,800
0.1,10,30,29,TSCP_R,Gaussian,absolute_residual,0.85875,37964669518.7858,29.852501158202152,0.0030066967010498047,True,7200,800
0.1,10,30,29,Point_CHR,Gaussian,absolute_residual,0.915,323276654490.43506,47.76176022055384,0.0,True,7200,800
0.1,10,30,29,Unscaled,Gaussian,absolute_residual,0.9325,23722030923286.367,21.752800996915983,0.0,True,7200,800
0.1,10,30,29,Empirical_copula,Gaussian,absolute_residual,0.675,7828601184.676744,30.084905378457094,0.0009996891021728516,True,7200,800
0.1,10,30,30,TSCP_R,Gaussian,absolute_residual,0.7225,26527121036.696747,24.686681003335053,0.005000114440917969,True,7200,800
0.1,10,30,30,Point_CHR,Gaussian,absolute_residual,0.87125,117556454941.4469,27.456812465986378,0.0,True,7200,800
0.1,10,30,30,Unscaled,Gaussian,absolute_residual,0.92125,9511236505535.79,19.85288825471998,0.0,True,7200,800
0.1,10,30,30,Empirical_copula,Gaussian,absolute_residual,0.5575,5689861700.162572,21.099000479598004,0.0010089874267578125,True,7200,800
0.1,10,30,31,TSCP_R,Gaussian,absolute_residual,0.93375,137936333828.12897,26.519764851000883,0.0029981136322021484,True,7200,800
0.1,10,30,31,Point_CHR,Gaussian,absolute_residual,0.95375,518139084488.3498,42.155908668074,0.0,True,7200,800
0.1,10,30,31,Unscaled,Gaussian,absolute_residual,0.88125,6135178241257.423,19.001273907555305,0.0,True,7200,800
0.1,10,30,31,Empirical_copula,Gaussian,absolute_residual,0.68,6616104325.036727,24.14898925165687,0.0010020732879638672,True,7200,800
0.1,10,30,32,TSCP_R,Gaussian,absolute_residual,0.91,130181198315.94011,32.99598741245983,0.0030062198638916016,True,7200,800
0.1,10,30,32,Point_CHR,Gaussian,absolute_residual,0.965,1686718092073.433,48.97906474904069,0.0,True,7200,800
0.1,10,30,32,Unscaled,Gaussian,absolute_residual,0.97875,65833973198363.63,24.090455220396766,0.0,True,7200,800
0.1,10,30,32,Empirical_copula,Gaussian,absolute_residual,0.65125,15349615387.6372,28.837946500893636,0.0009951591491699219,True,7200,800
0.1,10,30,33,TSCP_R,Gaussian,absolute_residual,0.94375,103583627726.20346,32.080233382396806,0.003010988235473633,True,7200,800
0.1,10,30,33,Point_CHR,Gaussian,absolute_residual,0.9775,1011848616629.0193,47.54191414114477,0.0,True,7200,800
0.1,10,30,33,Unscaled,Gaussian,absolute_residual,0.95625,31359717782332.676,22.368518164229858,0.0009891986846923828,True,7200,800
0.1,10,30,33,Empirical_copula,Gaussian,absolute_residual,0.7175,10520516422.399797,27.302759722393162,0.0,True,7200,800
0.1,10,30,34,TSCP_R,Gaussian,absolute_residual,0.97875,453361391451.3946,31.89913566502968,0.001998424530029297,True,7200,800
0.1,10,30,34,Point_CHR,Gaussian,absolute_residual,0.97,8512891974460.29,50.409178848625814,0.0010139942169189453,True,7200,800
0.1,10,30,34,Unscaled,Gaussian,absolute_residual,0.9625,27360028740687.42,22.06539238964463,0.0,True,7200,800
0.1,10,30,34,Empirical_copula,Gaussian,absolute_residual,0.86,41387541735.36585,25.12178514943649,0.0,True,7200,800
0.1,10,30,35,TSCP_R,Gaussian,absolute_residual,0.975,298544341580.7074,30.270460323008813,0.0019958019256591797,True,7200,800
0.1,10,30,35,Point_CHR,Gaussian,absolute_residual,0.97,944021062937.614,47.03126523356842,0.0009996891021728516,True,7200,800
0.1,10,30,35,Unscaled,Gaussian,absolute_residual,0.865,3192648026466.758,17.799799248711366,0.0,True,7200,800
0.1,10,30,35,Empirical_copula,Gaussian,absolute_residual,0.72,15704868974.142605,24.2943834695602,0.0,True,7200,800
0.1,10,30,36,TSCP_R,Gaussian,absolute_residual,0.85875,42564070304.1754,27.099548209826708,0.001996278762817383,True,7200,800
0.1,10,30,36,Point_CHR,Gaussian,absolute_residual,0.87625,117460338478.9366,30.800589107974393,0.0009937286376953125,True,7200,800
0.1,10,30,36,Unscaled,Gaussian,absolute_residual,0.91625,11496228082955.398,20.232778969317916,0.0,True,7200,800
0.1,10,30,36,Empirical_copula,Gaussian,absolute_residual,0.59875,5149406145.225874,20.783197095589763,0.0,True,7200,800
0.1,10,30,37,TSCP_R,Gaussian,absolute_residual,0.79625,17673659251.501316,26.339953647198755,0.0029997825622558594,True,7200,800
0.1,10,30,37,Point_CHR,Gaussian,absolute_residual,0.83875,34104216465.675644,29.92273534450238,0.0,True,7200,800
0.1,10,30,37,Unscaled,Gaussian,absolute_residual,0.9325,27071271583526.82,22.04199327644161,0.0,True,7200,800
0.1,10,30,37,Empirical_copula,Gaussian,absolute_residual,0.62125,4484020899.72459,25.252179817160233,0.00099945068359375,True,7200,800
0.1,10,30,38,TSCP_R,Gaussian,absolute_residual,0.92875,92391512401.98788,27.33042800640329,0.0030002593994140625,True,7200,800
0.1,10,30,38,Point_CHR,Gaussian,absolute_residual,0.945,488783911469.89307,41.36381813593178,0.0010068416595458984,True,7200,800
0.1,10,30,38,Unscaled,Gaussian,absolute_residual,0.8325,2632418824458.4478,17.45964860436411,0.0,True,7200,800
0.1,10,30,38,Empirical_copula,Gaussian,absolute_residual,0.67375,6883259405.811472,23.792083744955427,0.0,True,7200,800
0.1,10,30,39,TSCP_R,Gaussian,absolute_residual,0.97125,472632429054.1407,36.75226513606663,0.0030059814453125,True,7200,800
0.1,10,30,39,Point_CHR,Gaussian,absolute_residual,0.9775,23089630050226.758,59.487056467194435,0.0,True,7200,800
0.1,10,30,39,Unscaled,Gaussian,absolute_residual,0.96375,44630831993483.06,23.17199885084288,0.0,True,7200,800
0.1,10,30,39,Empirical_copula,Gaussian,absolute_residual,0.78875,21754448510.171204,25.256580370648816,0.0,True,7200,800
0.1,10,30,40,TSCP_R,Gaussian,absolute_residual,0.93,132482641141.54648,31.346208643923894,0.0030062198638916016,True,7200,800
0.1,10,30,40,Point_CHR,Gaussian,absolute_residual,0.99,2172895340256.0015,45.94179362092082,0.0,True,7200,800
0.1,10,30,40,Unscaled,Gaussian,absolute_residual,0.91875,11717551773075.09,20.271397422511278,0.0,True,7200,800
0.1,10,30,40,Empirical_copula,Gaussian,absolute_residual,0.79625,16307903124.747139,25.22262398620082,0.000993967056274414,True,7200,800
0.1,10,30,41,TSCP_R,Gaussian,absolute_residual,0.925,79492032118.7166,39.10330433868886,0.0029997825622558594,True,7200,800
0.1,10,30,41,Point_CHR,Gaussian,absolute_residual,0.99,2049779033056.1846,55.23463910773496,0.0,True,7200,800
0.1,10,30,41,Unscaled,Gaussian,absolute_residual,0.99375,292868775965399.25,27.9683797137492,0.0,True,7200,800
0.1,10,30,41,Empirical_copula,Gaussian,absolute_residual,0.7525,12217745783.85954,31.895482232021514,0.0010099411010742188,True,7200,800
0.1,10,30,42,TSCP_R,Gaussian,absolute_residual,0.91,81801960829.93898,25.983044294213,0.0019989013671875,True,7200,800
0.1,10,30,42,Point_CHR,Gaussian,absolute_residual,0.97125,718446678361.4032,35.83922581173813,0.0,True,7200,800
0.1,10,30,42,Unscaled,Gaussian,absolute_residual,0.855,3559877637307.3926,17.994654271412656,0.0,True,7200,800
0.1,10,30,42,Empirical_copula,Gaussian,absolute_residual,0.78375,18579271817.486275,25.29307815317441,0.0,True,7200,800
0.1,10,30,43,TSCP_R,Gaussian,absolute_residual,0.9825,398712823492.7722,34.51862197480982,0.0030074119567871094,True,7200,800
0.1,10,30,43,Point_CHR,Gaussian,absolute_residual,0.98875,594650318177.0377,35.65880125685961,0.0,True,7200,800
0.1,10,30,43,Unscaled,Gaussian,absolute_residual,0.95875,27320465606728.957,22.062199612849,0.0,True,7200,800
0.1,10,30,43,Empirical_copula,Gaussian,absolute_residual,0.8475,33771949008.377464,24.88049564672231,0.0,True,7200,800
0.1,10,30,44,TSCP_R,Gaussian,absolute_residual,0.945,322463616088.74036,31.83682138799289,0.003009796142578125,True,7200,800
0.1,10,30,44,Point_CHR,Gaussian,absolute_residual,0.96875,683603655641.7397,31.348870950653584,0.0,True,7200,800
0.1,10,30,44,Unscaled,Gaussian,absolute_residual,0.90125,10984952853460.598,20.140943897215568,0.0,True,7200,800
0.1,10,30,44,Empirical_copula,Gaussian,absolute_residual,0.75,25657223047.132156,21.56006359289091,0.0009887218475341797,True,7200,800
0.1,10,30,45,TSCP_R,Gaussian,absolute_residual,0.90125,113409244114.16885,29.184939458379144,0.003005504608154297,True,7200,800
0.1,10,30,45,Point_CHR,Gaussian,absolute_residual,0.70625,63557912656.585526,26.716062005846396,0.0,True,7200,800
0.1,10,30,45,Unscaled,Gaussian,absolute_residual,0.83625,3875748214502.033,18.148283527858172,0.0,True,7200,800
0.1,10,30,45,Empirical_copula,Gaussian,absolute_residual,0.53,6254981272.265723,19.357880067494392,0.0009996891021728516,True,7200,800
0.1,10,30,46,TSCP_R,Gaussian,absolute_residual,0.97875,488837145866.6849,32.50701284229284,0.0020067691802978516,True,7200,800
0.1,10,30,46,Point_CHR,Gaussian,absolute_residual,0.9625,553458523766.2167,37.635446975925646,0.0009932518005371094,True,7200,800
0.1,10,30,46,Unscaled,Gaussian,absolute_residual,0.935,20575067079051.418,21.445398758511853,0.0,True,7200,800
0.1,10,30,46,Empirical_copula,Gaussian,absolute_residual,0.82,40928379795.86437,28.079042352329488,0.0,True,7200,800
0.1,10,30,47,TSCP_R,Gaussian,absolute_residual,0.92375,145161385758.1842,29.64683113326744,0.002000093460083008,True,7200,800
0.1,10,30,47,Point_CHR,Gaussian,absolute_residual,0.9525,1290537998222.7317,38.46926309789673,0.0009980201721191406,True,7200,800
0.1,10,30,47,Unscaled,Gaussian,absolute_residual,0.88,4453966450722.831,18.40240964916464,0.0,True,7200,800
0.1,10,30,47,Empirical_copula,Gaussian,absolute_residual,0.67125,15825797408.185637,28.885017812449785,0.0009949207305908203,True,7200,800
0.1,10,30,48,TSCP_R,Gaussian,absolute_residual,0.93125,239011852463.5903,29.103457559897755,0.0030031204223632812,True,7200,800
0.1,10,30,48,Point_CHR,Gaussian,absolute_residual,0.91125,234372644341.40475,29.872324005018317,0.0009992122650146484,True,7200,800
0.1,10,30,48,Unscaled,Gaussian,absolute_residual,0.92625,12531836604244.46,20.40804824917298,0.0,True,7200,800
0.1,10,30,48,Empirical_copula,Gaussian,absolute_residual,0.795,40391156295.40117,24.028305168112336,0.0,True,7200,800
0.1,10,30,49,TSCP_R,Gaussian,absolute_residual,0.98,483714132711.4876,33.59802927952032,0.0030069351196289062,True,7200,800
0.1,10,30,49,Point_CHR,Gaussian,absolute_residual,0.9275,378914196079.6873,27.50487624711507,0.0,True,7200,800
0.1,10,30,49,Unscaled,Gaussian,absolute_residual,0.88125,4976530029026.318,18.60769859939276,0.0,True,7200,800
0.1,10,30,49,Empirical_copula,Gaussian,absolute_residual,0.76125,26713695313.822212,22.937838790521273,0.00099945068359375,True,7200,800
0.1,10,30,50,TSCP_R,Gaussian,absolute_residual,0.94375,169788672110.14398,29.395450863457963,0.0020051002502441406,True,7200,800
0.1,10,30,50,Point_CHR,Gaussian,absolute_residual,0.97375,823221852572.8726,32.43718877457738,0.00099945068359375,True,7200,800
0.1,10,30,50,Unscaled,Gaussian,absolute_residual,0.895,7109155973214.447,19.283319821826975,0.0,True,7200,800
0.1,10,30,50,Empirical_copula,Gaussian,absolute_residual,0.8075,30601103977.358974,22.283168430726402,0.0,True,7200,800
0.1,10,30,51,TSCP_R,Gaussian,absolute_residual,0.845,61627716025.77594,25.24157172706276,0.001999378204345703,True,7200,800
0.1,10,30,51,Point_CHR,Gaussian,absolute_residual,0.9425,712439281332.8687,34.16053175742787,0.0009944438934326172,True,7200,800
0.1,10,30,51,Unscaled,Gaussian,absolute_residual,0.8825,6491100247868.417,19.108730334551,0.0,True,7200,800
0.1,10,30,51,Empirical_copula,Gaussian,absolute_residual,0.62125,10135673831.647182,21.433291905094183,0.0,True,7200,800
0.1,10,30,52,TSCP_R,Gaussian,absolute_residual,0.94,163216797756.9694,33.059443260408685,0.003007650375366211,True,7200,800
0.1,10,30,52,Point_CHR,Gaussian,absolute_residual,0.985,6811247441519.67,59.26186925892351,0.0,True,7200,800
0.1,10,30,52,Unscaled,Gaussian,absolute_residual,0.9775,47352153459881.74,23.309554512085178,0.0,True,7200,800
0.1,10,30,52,Empirical_copula,Gaussian,absolute_residual,0.71625,12721692286.414621,28.317969943834566,0.0010025501251220703,True,7200,800
0.1,10,30,53,TSCP_R,Gaussian,absolute_residual,0.925,123357317721.66011,25.62022683647209,0.0020055770874023438,True,7200,800
0.1,10,30,53,Point_CHR,Gaussian,absolute_residual,0.9,235117771295.14676,32.859358810080124,0.0009996891021728516,True,7200,800
0.1,10,30,53,Unscaled,Gaussian,absolute_residual,0.925,14683908699434.395,20.734051243821327,0.0,True,7200,800
0.1,10,30,53,Empirical_copula,Gaussian,absolute_residual,0.72125,16623680266.63105,22.44331518445374,0.0,True,7200,800
0.1,10,30,54,TSCP_R,Gaussian,absolute_residual,0.93625,86447411209.30093,27.03382876219976,0.0030066967010498047,True,7200,800
0.1,10,30,54,Point_CHR,Gaussian,absolute_residual,0.9975,9916241857709.674,45.36767364605868,0.0,True,7200,800
0.1,10,30,54,Unscaled,Gaussian,absolute_residual,0.8675,6417518893032.985,19.086957900225133,0.0,True,7200,800
0.1,10,30,54,Empirical_copula,Gaussian,absolute_residual,0.71,10729585889.42643,23.121210291401376,0.0009999275207519531,True,7200,800
0.1,10,30,55,TSCP_R,Gaussian,absolute_residual,0.845,30259275295.339523,25.301850172036342,0.001998424530029297,True,7200,800
0.1,10,30,55,Point_CHR,Gaussian,absolute_residual,0.84125,37579374505.354294,26.21940101906991,0.0010013580322265625,True,7200,800
0.1,10,30,55,Unscaled,Gaussian,absolute_residual,0.88875,9507754918361.188,19.85216142020934,0.0,True,7200,800
0.1,10,30,55,Empirical_copula,Gaussian,absolute_residual,0.6025,5406226929.70786,21.047949086761534,0.0,True,7200,800
0.1,10,30,56,TSCP_R,Gaussian,absolute_residual,0.94375,123858610427.42545,27.163591420797918,0.003004312515258789,True,7200,800
0.1,10,30,56,Point_CHR,Gaussian,absolute_residual,0.9025,226392287640.19907,25.54057565005289,0.0,True,7200,800
0.1,10,30,56,Unscaled,Gaussian,absolute_residual,0.885,4942257222430.776,18.59484379636349,0.0,True,7200,800
0.1,10,30,56,Empirical_copula,Gaussian,absolute_residual,0.635,9315783059.35342,22.71355972783227,0.0009894371032714844,True,7200,800
0.1,10,30,57,TSCP_R,Gaussian,absolute_residual,0.91875,94296959709.14087,32.54732128918423,0.003000974655151367,True,7200,800
0.1,10,30,57,Point_CHR,Gaussian,absolute_residual,0.975,2232586257472.9126,65.92561429032153,0.0,True,7200,800
0.1,10,30,57,Unscaled,Gaussian,absolute_residual,0.91875,10154370399915.234,19.983212198652808,0.0,True,7200,800
0.1,10,30,57,Empirical_copula,Gaussian,absolute_residual,0.70375,15120767496.422623,32.9773198578706,0.001009225845336914,True,7200,800
0.1,10,30,58,TSCP_R,Gaussian,absolute_residual,0.98875,690071046863.6747,34.42671860344019,0.001999378204345703,True,7200,800
0.1,10,30,58,Point_CHR,Gaussian,absolute_residual,0.98375,1333164069434.1143,45.50490481697903,0.0009999275207519531,True,7200,800
0.1,10,30,58,Unscaled,Gaussian,absolute_residual,0.9775,61483233080838.37,23.926306932474844,0.0,True,7200,800
0.1,10,30,58,Empirical_copula,Gaussian,absolute_residual,0.88625,52209486171.17042,27.271277514326286,0.0,True,7200,800
0.1,10,30,59,TSCP_R,Gaussian,absolute_residual,0.92375,120621437292.5751,33.69314681486648,0.002000570297241211,True,7200,800
0.1,10,30,59,Point_CHR,Gaussian,absolute_residual,0.94125,181874328759.40427,35.570903973822595,0.0009908676147460938,True,7200,800
0.1,10,30,59,Unscaled,Gaussian,absolute_residual,0.97125,44352050385381.73,23.157483868650733,0.0,True,7200,800
0.1,10,30,59,Empirical_copula,Gaussian,absolute_residual,0.62375,10416754882.540077,26.644074335426627,0.0,True,7200,800
0.1,10,30,60,TSCP_R,Gaussian,absolute_residual,0.97375,599228762065.3339,32.52817062677324,0.003000974655151367,True,7200,800
0.1,10,30,60,Point_CHR,Gaussian,absolute_residual,0.98875,3273944535723.725,35.348354477416834,0.0,True,7200,800
0.1,10,30,60,Unscaled,Gaussian,absolute_residual,0.92375,9878729424280.605,19.928293420115917,0.0009992122650146484,True,7200,800
0.1,10,30,60,Empirical_copula,Gaussian,absolute_residual,0.8675,47661112402.16806,26.404422496344942,0.0,True,7200,800
0.1,10,30,61,TSCP_R,Gaussian,absolute_residual,0.93875,196629336199.16077,32.95438277795469,0.003000497817993164,True,7200,800
0.1,10,30,61,Point_CHR,Gaussian,absolute_residual,0.975,2087737186329.8267,57.86229940295172,0.0,True,7200,800
0.1,10,30,61,Unscaled,Gaussian,absolute_residual,0.94125,20362476844192.484,21.423136765567445,0.0,True,7200,800
0.1,10,30,61,Empirical_copula,Gaussian,absolute_residual,0.80375,28057152024.240517,32.8361361910092,0.0010035037994384766,True,7200,800
0.1,10,30,62,TSCP_R,Gaussian,absolute_residual,0.915,75273801214.36656,29.30419433707553,0.00200653076171875,True,7200,800
0.1,10,30,62,Point_CHR,Gaussian,absolute_residual,0.81,85445955646.77567,37.51885681376108,0.0009996891021728516,True,7200,800
0.1,10,30,62,Unscaled,Gaussian,absolute_residual,0.88375,5378259896327.713,18.75271608597172,0.0,True,7200,800
0.1,10,30,62,Empirical_copula,Gaussian,absolute_residual,0.7325,13162963987.192438,26.32461631020958,0.0,True,7200,800
0.1,10,30,63,TSCP_R,Gaussian,absolute_residual,0.93625,72767424316.89894,29.355375316870777,0.002996683120727539,True,7200,800
0.1,10,30,63,Point_CHR,Gaussian,absolute_residual,0.8775,42929672226.13093,29.243204567890352,0.0,True,7200,800
0.1,10,30,63,Unscaled,Gaussian,absolute_residual,0.95125,22520370075214.95,21.640014742173367,0.0,True,7200,800
0.1,10,30,63,Empirical_copula,Gaussian,absolute_residual,0.8025,18124157013.090137,26.47917396306827,0.000993967056274414,True,7200,800
0.1,10,30,64,TSCP_R,Gaussian,absolute_residual,0.9725,354275830888.11426,30.086246533017995,0.0030014514923095703,True,7200,800
0.1,10,30,64,Point_CHR,Gaussian,absolute_residual,0.9975,7855899096492.464,45.11310842812864,0.0,True,7200,800
0.1,10,30,64,Unscaled,Gaussian,absolute_residual,0.91875,11968086541358.371,20.314328547122056,0.0010118484497070312,True,7200,800
0.1,10,30,64,Empirical_copula,Gaussian,absolute_residual,0.82875,31241997576.74075,22.34324678423099,0.0,True,7200,800
0.1,10,30,65,TSCP_R,Gaussian,absolute_residual,0.8575,58684920966.47897,22.76934246188431,0.003000020980834961,True,7200,800
0.1,10,30,65,Point_CHR,Gaussian,absolute_residual,0.9,432290271918.8989,33.41382734717841,0.0,True,7200,800
0.1,10,30,65,Unscaled,Gaussian,absolute_residual,0.80375,2235473819127.1934,17.17659037566555,0.0,True,7200,800
0.1,10,30,65,Empirical_copula,Gaussian,absolute_residual,0.66,10063475655.537733,21.64814000272588,0.0010073184967041016,True,7200,800
0.1,10,30,66,TSCP_R,Gaussian,absolute_residual,0.84125,50407591080.66383,27.56570716963487,0.002007007598876953,True,7200,800
0.1,10,30,66,Point_CHR,Gaussian,absolute_residual,0.7975,70925477615.15024,29.83258811210237,0.0,True,7200,800
0.1,10,30,66,Unscaled,Gaussian,absolute_residual,0.8725,5702876722631.2295,18.862940653326245,0.0,True,7200,800
0.1,10,30,66,Empirical_copula,Gaussian,absolute_residual,0.63625,7621900616.888351,22.781621713868045,0.0010001659393310547,True,7200,800
0.1,10,30,67,TSCP_R,Gaussian,absolute_residual,0.87125,76367308986.86993,37.20118137924017,0.001999378204345703,True,7200,800
0.1,10,30,67,Point_CHR,Gaussian,absolute_residual,0.91875,303252678098.0825,49.489571420786476,0.0,True,7200,800
0.1,10,30,67,Unscaled,Gaussian,absolute_residual,0.97375,54984940896695.28,23.660524965125433,0.0009996891021728516,True,7200,800
0.1,10,30,67,Empirical_copula,Gaussian,absolute_residual,0.67875,11441869877.714159,33.13325496989761,0.0,True,7200,800
0.1,10,30,68,TSCP_R,Gaussian,absolute_residual,0.965,428186296223.5762,44.71073099641865,0.0019991397857666016,True,7200,800
0.1,10,30,68,Point_CHR,Gaussian,absolute_residual,0.9775,2722522345516.567,46.51553667313379,0.0009953975677490234,True,7200,800
0.1,10,30,68,Unscaled,Gaussian,absolute_residual,0.98,72106156259413.58,24.310687152055028,0.0,True,7200,800
0.1,10,30,68,Empirical_copula,Gaussian,absolute_residual,0.785,16860660327.847998,25.99973435452726,0.0,True,7200,800
0.1,10,30,69,TSCP_R,Gaussian,absolute_residual,0.88375,47020707161.90215,25.23775989985036,0.0030002593994140625,True,7200,800
0.1,10,30,69,Point_CHR,Gaussian,absolute_residual,0.94625,190340345196.4916,26.65718298031614,0.0,True,7200,800
0.1,10,30,69,Unscaled,Gaussian,absolute_residual,0.8725,4798845410817.083,18.54016846284004,0.0,True,7200,800
0.1,10,30,69,Empirical_copula,Gaussian,absolute_residual,0.6775,8537215098.868964,25.11756801437476,0.001007080078125,True,7200,800
0.1,10,30,70,TSCP_R,Gaussian,absolute_residual,0.9125,67692743596.11344,26.406219771305068,0.003008604049682617,True,7200,800
0.1,10,30,70,Point_CHR,Gaussian,absolute_residual,0.9075,231673716896.92816,30.91884899780476,0.0010004043579101562,True,7200,800
0.1,10,30,70,Unscaled,Gaussian,absolute_residual,0.87875,4477582345916.107,18.41214380235047,0.0,True,7200,800
0.1,10,30,70,Empirical_copula,Gaussian,absolute_residual,0.68,8626822390.065975,20.288152382078824,0.0,True,7200,800
0.1,10,30,71,TSCP_R,Gaussian,absolute_residual,0.92,90858863110.62076,28.233925492458013,0.0020067691802978516,True,7200,800
0.1,10,30,71,Point_CHR,Gaussian,absolute_residual,0.9675,3721982320535.862,40.77977974908707,0.0,True,7200,800
0.1,10,30,71,Unscaled,Gaussian,absolute_residual,0.87375,6260064791622.433,19.039602748737046,0.0,True,7200,800
0.1,10,30,71,Empirical_copula,Gaussian,absolute_residual,0.65375,7969775123.288996,20.599318346393737,0.0,True,7200,800
0.1,10,30,72,TSCP_R,Gaussian,absolute_residual,0.83,49338047409.36215,29.773853472865458,0.0030612945556640625,True,7200,800
0.1,10,30,72,Point_CHR,Gaussian,absolute_residual,0.85875,86499731313.07057,31.238473915761723,0.0,True,7200,800
0.1,10,30,72,Unscaled,Gaussian,absolute_residual,0.88,6672757833536.847,19.161545571681593,0.0,True,7200,800
0.1,10,30,72,Empirical_copula,Gaussian,absolute_residual,0.635,9647787616.961037,31.238473915761723,0.0,True,7200,800
0.1,10,30,73,TSCP_R,Gaussian,absolute_residual,0.895,60433341124.81778,25.164451148588874,0.001990795135498047,True,7200,800
0.1,10,30,73,Point_CHR,Gaussian,absolute_residual,0.89125,62318163175.24548,26.14202442280796,0.0,True,7200,800
0.1,10,30,73,Unscaled,Gaussian,absolute_residual,0.94375,23547663680439.605,21.736758607144935,0.0,True,7200,800
0.1,10,30,73,Empirical_copula,Gaussian,absolute_residual,0.75125,13925248232.003649,22.9606585247033,0.0010068416595458984,True,7200,800
0.1,10,30,74,TSCP_R,Gaussian,absolute_residual,0.95625,240731872686.01874,34.81533305194847,0.0029973983764648438,True,7200,800
0.1,10,30,74,Point_CHR,Gaussian,absolute_residual,0.9825,11351022203042.322,48.44186197703759,0.0,True,7200,800
0.1,10,30,74,Unscaled,Gaussian,absolute_residual,0.9675,34345319189740.785,22.572868713934216,0.0,True,7200,800
0.1,10,30,74,Empirical_copula,Gaussian,absolute_residual,0.76,20862818483.151104,28.02745945296919,0.0009999275207519531,True,7200,800
0.1,10,30,75,TSCP_R,Gaussian,absolute_residual,0.87375,67247333239.28957,31.87492245614559,0.0030066967010498047,True,7200,800
0.1,10,30,75,Point_CHR,Gaussian,absolute_residual,0.9725,418493815433.7385,28.572306434922364,0.0,True,7200,800
0.1,10,30,75,Unscaled,Gaussian,absolute_residual,0.91125,10774483626081.473,20.10201749158403,0.0,True,7200,800
0.1,10,30,75,Empirical_copula,Gaussian,absolute_residual,0.69125,11686338005.033937,28.39669715514444,0.0009999275207519531,True,7200,800
0.1,10,30,76,TSCP_R,Gaussian,absolute_residual,0.96625,253537111074.59933,30.962386061688818,0.0029985904693603516,True,7200,800
0.1,10,30,76,Point_CHR,Gaussian,absolute_residual,0.9725,1625014509652.9675,42.50218767226005,0.0,True,7200,800
0.1,10,30,76,Unscaled,Gaussian,absolute_residual,0.84625,4052301761245.769,18.22930779234997,0.0,True,7200,800
0.1,10,30,76,Empirical_copula,Gaussian,absolute_residual,0.77375,23766130373.30386,25.939049292466084,0.0,True,7200,800
0.1,10,30,77,TSCP_R,Gaussian,absolute_residual,0.9425,114626185690.12294,27.173612120070942,0.0029997825622558594,True,7200,800
0.1,10,30,77,Point_CHR,Gaussian,absolute_residual,0.92375,657368669136.5416,38.93824782478353,0.0,True,7200,800
0.1,10,30,77,Unscaled,Gaussian,absolute_residual,0.9025,8142493394487.617,19.546803247043123,0.0,True,7200,800
0.1,10,30,77,Empirical_copula,Gaussian,absolute_residual,0.73,14362990625.582642,22.932142778533926,0.0010068416595458984,True,7200,800
0.1,10,30,78,TSCP_R,Gaussian,absolute_residual,0.91,64818643967.551445,29.431372477057614,0.0019991397857666016,True,7200,800
0.1,10,30,78,Point_CHR,Gaussian,absolute_residual,0.99875,7390727122534.285,45.80393467669226,0.00099945068359375,True,7200,800
0.1,10,30,78,Unscaled,Gaussian,absolute_residual,0.89375,6525852205085.297,19.11893617467036,0.0,True,7200,800
0.1,10,30,78,Empirical_copula,Gaussian,absolute_residual,0.6275,6228467008.805511,27.659760552678193,0.0,True,7200,800
0.1,10,30,79,TSCP_R,Gaussian,absolute_residual,0.98875,1308350527981.4907,38.28520901613228,0.002999544143676758,True,7200,800
0.1,10,30,79,Point_CHR,Gaussian,absolute_residual,0.99625,11839502834422.133,48.95408183351258,0.0,True,7200,800
0.1,10,30,79,Unscaled,Gaussian,absolute_residual,0.95875,31150199648332.785,22.353528359636393,0.0,True,7200,800
0.1,10,30,79,Empirical_copula,Gaussian,absolute_residual,0.83875,70774105671.33682,34.05994977694207,0.001007080078125,True,7200,800
0.1,10,30,80,TSCP_R,Gaussian,absolute_residual,0.8525,41800433299.88216,28.58009206943524,0.0020067691802978516,True,7200,800
0.1,10,30,80,Point_CHR,Gaussian,absolute_residual,0.92375,249025377016.81827,32.837231851651566,0.0009953975677490234,True,7200,800
0.1,10,30,80,Unscaled,Gaussian,absolute_residual,0.9475,22300556083298.855,21.618799276799578,0.0,True,7200,800
0.1,10,30,80,Empirical_copula,Gaussian,absolute_residual,0.64125,6304236859.265799,22.17994890871214,0.0,True,7200,800
0.1,10,30,81,TSCP_R,Gaussian,absolute_residual,0.83,32282747059.30122,25.8746270192421,0.0040090084075927734,True,7200,800
0.1,10,30,81,Point_CHR,Gaussian,absolute_residual,0.96125,209232036805.75613,30.61873270283092,0.0,True,7200,800
0.1,10,30,81,Unscaled,Gaussian,absolute_residual,0.84875,4385006447261.811,18.373717030742476,0.0,True,7200,800
0.1,10,30,81,Empirical_copula,Gaussian,absolute_residual,0.6275,7409206064.042893,24.547171907349437,0.0009984970092773438,True,7200,800
0.1,10,30,82,TSCP_R,Gaussian,absolute_residual,0.88375,122905881858.81082,32.25648452055579,0.0020072460174560547,True,7200,800
0.1,10,30,82,Point_CHR,Gaussian,absolute_residual,0.78375,140375221931.2504,30.876464000345006,0.0,True,7200,800
0.1,10,30,82,Unscaled,Gaussian,absolute_residual,0.9025,11697794195936.607,20.26797675983219,0.0,True,7200,800
0.1,10,30,82,Empirical_copula,Gaussian,absolute_residual,0.555,10601694442.569523,30.876464000345006,0.0,True,7200,800
0.1,10,30,83,TSCP_R,Gaussian,absolute_residual,0.8625,53031524503.63955,27.454750901197194,0.001996755599975586,True,7200,800
0.1,10,30,83,Point_CHR,Gaussian,absolute_residual,0.89375,99101693436.71371,26.917059018218332,0.0009999275207519531,True,7200,800
0.1,10,30,83,Unscaled,Gaussian,absolute_residual,0.93875,17978822322580.258,21.15807362548409,0.0,True,7200,800
0.1,10,30,83,Empirical_copula,Gaussian,absolute_residual,0.6,6243211175.330659,21.394733577914252,0.0,True,7200,800
0.1,10,30,84,TSCP_R,Gaussian,absolute_residual,0.80625,32018090839.618977,27.91646921296953,0.0030069351196289062,True,7200,800
0.1,10,30,84,Point_CHR,Gaussian,absolute_residual,0.885,100264173225.11295,30.123322347615467,0.0,True,7200,800
0.1,10,30,84,Unscaled,Gaussian,absolute_residual,0.92125,17340186668989.375,21.08168776549034,0.0,True,7200,800
0.1,10,30,84,Empirical_copula,Gaussian,absolute_residual,0.66875,9177936678.393436,25.316385810924693,0.0009946823120117188,True,7200,800
0.1,10,30,85,TSCP_R,Gaussian,absolute_residual,0.995,809141320855.0956,33.04165512472542,0.0019941329956054688,True,7200,800
0.1,10,30,85,Point_CHR,Gaussian,absolute_residual,0.985,4476074893835.606,44.29511258104764,0.0009982585906982422,True,7200,800
0.1,10,30,85,Unscaled,Gaussian,absolute_residual,0.92,16794861666510.742,21.01443137920062,0.0,True,7200,800
0.1,10,30,85,Empirical_copula,Gaussian,absolute_residual,0.83125,38330224072.00177,23.53463730026934,0.0,True,7200,800
0.1,10,30,86,TSCP_R,Gaussian,absolute_residual,0.9625,270841596858.9572,35.549547145548914,0.003009796142578125,True,7200,800
0.1,10,30,86,Point_CHR,Gaussian,absolute_residual,0.9775,6168492995956.777,60.434380739892845,0.0,True,7200,800
0.1,10,30,86,Unscaled,Gaussian,absolute_residual,0.92875,18001582300446.566,21.160750570447057,0.0,True,7200,800
0.1,10,30,86,Empirical_copula,Gaussian,absolute_residual,0.88625,45507018698.078,29.111729705472825,0.0009970664978027344,True,7200,800
0.1,10,30,87,TSCP_R,Gaussian,absolute_residual,0.9325,117439200876.34184,27.40953589897652,0.0020003318786621094,True,7200,800
0.1,10,30,87,Point_CHR,Gaussian,absolute_residual,0.99375,10375807137860.477,47.03568578334584,0.0010001659393310547,True,7200,800
0.1,10,30,87,Unscaled,Gaussian,absolute_residual,0.88875,6156175974242.212,19.007767125871762,0.0,True,7200,800
0.1,10,30,87,Empirical_copula,Gaussian,absolute_residual,0.6725,7450761376.826505,19.963940599436036,0.0,True,7200,800
0.1,10,30,88,TSCP_R,Gaussian,absolute_residual,0.97,338898779723.1978,33.25526904265224,0.0020062923431396484,True,7200,800
0.1,10,30,88,Point_CHR,Gaussian,absolute_residual,0.97875,1822798558103.7075,41.77153258327375,0.0009927749633789062,True,7200,800
0.1,10,30,88,Unscaled,Gaussian,absolute_residual,0.9725,54886799388968.81,23.656298450098536,0.0,True,7200,800
0.1,10,30,88,Empirical_copula,Gaussian,absolute_residual,0.86,44919907562.23458,28.153017252526123,0.0010306835174560547,True,7200,800
0.1,10,30,89,TSCP_R,Gaussian,absolute_residual,0.85875,64347772809.504486,28.568964312915753,0.003000020980834961,True,7200,800
0.1,10,30,89,Point_CHR,Gaussian,absolute_residual,0.935,408182646405.3211,38.082873599250775,0.0,True,7200,800
0.1,10,30,89,Unscaled,Gaussian,absolute_residual,0.90875,12047951971462.58,20.32784416689559,0.0,True,7200,800
0.1,10,30,89,Empirical_copula,Gaussian,absolute_residual,0.6375,9797530723.592878,24.152933724206598,0.001007080078125,True,7200,800
0.1,10,30,90,TSCP_R,Gaussian,absolute_residual,0.96125,269918389138.94904,30.275219918793937,0.0020084381103515625,True,7200,800
0.1,10,30,90,Point_CHR,Gaussian,absolute_residual,0.99625,27561874847084.715,59.59039624801308,0.0009980201721191406,True,7200,800
0.1,10,30,90,Unscaled,Gaussian,absolute_residual,0.945,22591697912265.43,21.646858945415982,0.0,True,7200,800
0.1,10,30,90,Empirical_copula,Gaussian,absolute_residual,0.785,31629991438.7724,24.29482078753402,0.0,True,7200,800
0.1,10,30,91,TSCP_R,Gaussian,absolute_residual,0.97875,474191026637.7757,39.47819832880284,0.0030066967010498047,True,7200,800
0.1,10,30,91,Point_CHR,Gaussian,absolute_residual,0.9925,2334059644183759.0,113.16735356684127,0.0,True,7200,800
0.1,10,30,91,Unscaled,Gaussian,absolute_residual,0.98875,104362689406335.05,25.226356344200326,0.0,True,7200,800
0.1,10,30,91,Empirical_copula,Gaussian,absolute_residual,0.8125,28179093932.70987,25.611822782536553,0.0009999275207519531,True,7200,800
0.1,10,30,92,TSCP_R,Gaussian,absolute_residual,0.87,56231438199.01031,23.83836375950755,0.002006053924560547,True,7200,800
0.1,10,30,92,Point_CHR,Gaussian,absolute_residual,0.98875,1624625602774.9365,33.212173723060616,0.0009932518005371094,True,7200,800
0.1,10,30,92,Unscaled,Gaussian,absolute_residual,0.7375,1092021111065.5763,15.989066302537918,0.0,True,7200,800
0.1,10,30,92,Empirical_copula,Gaussian,absolute_residual,0.725,12037016302.378714,20.815662432511285,0.0009996891021728516,True,7200,800
0.1,10,30,93,TSCP_R,Gaussian,absolute_residual,0.7825,25036993483.623657,31.600965008050707,0.001993417739868164,True,7200,800
0.1,10,30,93,Point_CHR,Gaussian,absolute_residual,0.74125,22907750030.75023,37.13960901488821,0.00099945068359375,True,7200,800
0.1,10,30,93,Unscaled,Gaussian,absolute_residual,0.91625,15539416338176.232,20.85179613605583,0.0,True,7200,800
0.1,10,30,93,Empirical_copula,Gaussian,absolute_residual,0.58375,6142058183.992796,30.937743796210654,0.001007080078125,True,7200,800
0.1,10,30,94,TSCP_R,Gaussian,absolute_residual,0.9675,372729962662.5992,35.075578884617826,0.0020074844360351562,True,7200,800
0.1,10,30,94,Point_CHR,Gaussian,absolute_residual,0.9725,775623052643.9817,47.61692715058619,0.00099945068359375,True,7200,800
0.1,10,30,94,Unscaled,Gaussian,absolute_residual,0.92125,10148983892744.918,19.982151912149188,0.0,True,7200,800
0.1,10,30,94,Empirical_copula,Gaussian,absolute_residual,0.74375,17707231048.31051,31.644345281972754,0.0,True,7200,800
0.1,10,30,95,TSCP_R,Gaussian,absolute_residual,0.95875,226220572028.28903,30.271253891012805,0.0019989013671875,True,7200,800
0.1,10,30,95,Point_CHR,Gaussian,absolute_residual,0.96875,510294519337.20874,46.47122406791908,0.0,True,7200,800
0.1,10,30,95,Unscaled,Gaussian,absolute_residual,0.845,2668020628631.246,17.483119188429512,0.0,True,7200,800
0.1,10,30,95,Empirical_copula,Gaussian,absolute_residual,0.575,8523369848.719548,27.27311907345909,0.001001596450805664,True,7200,800
0.1,10,30,96,TSCP_R,Gaussian,absolute_residual,0.98,697059079487.1602,27.372006828750276,0.0020046234130859375,True,7200,800
0.1,10,30,96,Point_CHR,Gaussian,absolute_residual,0.9925,2132499748337.7666,32.44604231836617,0.0009889602661132812,True,7200,800
0.1,10,30,96,Unscaled,Gaussian,absolute_residual,0.85125,3272398412002.0415,17.843770025610898,0.0,True,7200,800
0.1,10,30,96,Empirical_copula,Gaussian,absolute_residual,0.83875,45084933324.78893,19.958763240403396,0.0,True,7200,800
0.1,10,30,97,TSCP_R,Gaussian,absolute_residual,0.8525,52623708621.757164,26.750969803183487,0.002000570297241211,True,7200,800
0.1,10,30,97,Point_CHR,Gaussian,absolute_residual,0.8125,61308829012.66329,34.42911259294261,0.0010082721710205078,True,7200,800
0.1,10,30,97,Unscaled,Gaussian,absolute_residual,0.92125,7713784776250.775,19.441364900364306,0.0,True,7200,800
0.1,10,30,97,Empirical_copula,Gaussian,absolute_residual,0.6475,12047056855.850563,27.86991078796786,0.0,True,7200,800
0.1,10,30,98,TSCP_R,Gaussian,absolute_residual,0.84875,40124151864.06129,32.38101202509797,0.0020067691802978516,True,7200,800
0.1,10,30,98,Point_CHR,Gaussian,absolute_residual,0.97625,403329100158.7535,50.51356146576033,0.0009996891021728516,True,7200,800
0.1,10,30,98,Unscaled,Gaussian,absolute_residual,0.9675,32550908512689.098,22.45206606441167,0.0,True,7200,800
0.1,10,30,98,Empirical_copula,Gaussian,absolute_residual,0.66875,7711257931.730522,29.774173282445886,0.0,True,7200,800
0.1,10,30,99,TSCP_R,Gaussian,absolute_residual,0.965,313476290706.3228,32.53558272136445,0.0030050277709960938,True,7200,800
0.1,10,30,99,Point_CHR,Gaussian,absolute_residual,0.98875,1459967746617.5476,33.57997350319558,0.0,True,7200,800
0.1,10,30,99,Unscaled,Gaussian,absolute_residual,0.89,6069040135174.48,18.980690209026886,0.0,True,7200,800
0.1,10,30,99,Empirical_copula,Gaussian,absolute_residual,0.75625,18481452126.50657,25.633528747643926,0.0,True,7200,800
0.1,10,30,100,TSCP_R,Gaussian,absolute_residual,0.9175,145103400723.47186,22.885020260371764,0.003002643585205078,True,7200,800
0.1,10,30,100,Point_CHR,Gaussian,absolute_residual,0.9625,673017972392.3647,30.524174795678405,0.0,True,7200,800
0.1,10,30,100,Unscaled,Gaussian,absolute_residual,0.83375,2074143112405.5962,17.048409631675064,0.0,True,7200,800
0.1,10,30,100,Empirical_copula,Gaussian,absolute_residual,0.74375,29392010255.254066,20.15662527550179,0.0,True,7200,800
0.1,10,30,101,TSCP_R,Gaussian,absolute_residual,0.895,32931970039.462658,27.91861673905618,0.0022306442260742188,True,7200,800
0.1,10,30,101,Point_CHR,Gaussian,absolute_residual,0.89875,63464123034.52756,27.209558417590287,0.0010805130004882812,True,7200,800
0.1,10,30,101,Unscaled,Gaussian,absolute_residual,0.96,24311208127338.44,21.80623329688852,0.0,True,7200,800
0.1,10,30,101,Empirical_copula,Gaussian,absolute_residual,0.705,7272616420.073811,22.034640941847893,0.0010123252868652344,True,7200,800
0.1,10,30,102,TSCP_R,Gaussian,absolute_residual,0.93,103716835267.0701,27.655687674605808,0.0030057430267333984,True,7200,800
0.1,10,30,102,Point_CHR,Gaussian,absolute_residual,0.995,3479732922299.6426,38.749246349893795,0.0,True,7200,800
0.1,10,30,102,Unscaled,Gaussian,absolute_residual,0.8625,3462415366173.806,17.944770840520786,0.0,True,7200,800
0.1,10,30,102,Empirical_copula,Gaussian,absolute_residual,0.76125,20353831802.300587,26.216919056951777,0.0009996891021728516,True,7200,800
0.1,10,30,103,TSCP_R,Gaussian,absolute_residual,0.8825,62853271629.92531,29.307043697126446,0.003005504608154297,True,7200,800
0.1,10,30,103,Point_CHR,Gaussian,absolute_residual,0.92125,299663450128.84894,34.278911710921115,0.0,True,7200,800
0.1,10,30,103,Unscaled,Gaussian,absolute_residual,0.93125,28827458666714.008,22.180975177455718,0.0,True,7200,800
0.1,10,30,103,Empirical_copula,Gaussian,absolute_residual,0.71125,13834933390.569357,24.088185984017127,0.0,True,7200,800
0.1,10,30,104,TSCP_R,Gaussian,absolute_residual,0.90625,82255182537.106,25.204182476147466,0.0030117034912109375,True,7200,800
0.1,10,30,104,Point_CHR,Gaussian,absolute_residual,0.98125,1806603762316.556,39.213337612516554,0.000997781753540039,True,7200,800
0.1,10,30,104,Unscaled,Gaussian,absolute_residual,0.85,2848948560591.444,17.598208579414344,0.0,True,7200,800
0.1,10,30,104,Empirical_copula,Gaussian,absolute_residual,0.71375,11541260791.133398,24.985688064993106,0.000997304916381836,True,7200,800
0.1,10,30,105,TSCP_R,Gaussian,absolute_residual,0.8075,17641174769.752712,26.069417905675294,0.0020074844360351562,True,7200,800
0.1,10,30,105,Point_CHR,Gaussian,absolute_residual,0.8425,25054826208.129887,22.57524323771368,0.0,True,7200,800
0.1,10,30,105,Unscaled,Gaussian,absolute_residual,0.85,3395794094094.8667,17.909940162648983,0.00099945068359375,True,7200,800
0.1,10,30,105,Empirical_copula,Gaussian,absolute_residual,0.57375,3206268486.8877797,21.18966687092501,0.0,True,7200,800
0.1,10,30,106,TSCP_R,Gaussian,absolute_residual,0.925,116284438860.02347,30.704772459881795,0.0030069351196289062,True,7200,800
0.1,10,30,106,Point_CHR,Gaussian,absolute_residual,0.8775,169929106382.6686,45.588601573016476,0.0,True,7200,800
0.1,10,30,106,Unscaled,Gaussian,absolute_residual,0.93,19052442703749.91,21.281148705112695,0.0,True,7200,800
0.1,10,30,106,Empirical_copula,Gaussian,absolute_residual,0.75875,19147017824.135044,32.089229048303864,0.001001596450805664,True,7200,800
0.1,10,30,107,TSCP_R,Gaussian,absolute_residual,0.99125,1179875993191.4902,38.166488568463976,0.0029942989349365234,True,7200,800
0.1,10,30,107,Point_CHR,Gaussian,absolute_residual,0.985,1790060306094.337,53.943655852320575,0.0,True,7200,800
0.1,10,30,107,Unscaled,Gaussian,absolute_residual,0.97875,92305309493609.56,24.91854431803614,0.0,True,7200,800
0.1,10,30,107,Empirical_copula,Gaussian,absolute_residual,0.85125,48474774954.60663,31.479912174209435,0.0009984970092773438,True,7200,800
0.1,10,30,108,TSCP_R,Gaussian,absolute_residual,0.99,729760956407.0273,33.98812576967219,0.003001689910888672,True,7200,800
0.1,10,30,108,Point_CHR,Gaussian,absolute_residual,0.99875,10354899159949.297,44.2048106985788,0.0010075569152832031,True,7200,800
0.1,10,30,108,Unscaled,Gaussian,absolute_residual,0.90375,6458712080742.865,19.099174315325502,0.0,True,7200,800
0.1,10,30,108,Empirical_copula,Gaussian,absolute_residual,0.72375,25187524608.14426,24.40091294326791,0.0,True,7200,800
0.1,10,30,109,TSCP_R,Gaussian,absolute_residual,0.885,52343905952.33326,26.262304554694214,0.001999378204345703,True,7200,800
0.1,10,30,109,Point_CHR,Gaussian,absolute_residual,0.90625,124958493546.36299,34.43687936170546,0.0010006427764892578,True,7200,800
0.1,10,30,109,Unscaled,Gaussian,absolute_residual,0.9475,19308290469595.2,21.30955508702866,0.0,True,7200,800
0.1,10,30,109,Empirical_copula,Gaussian,absolute_residual,0.6775,8939681108.657982,24.150508374858738,0.0,True,7200,800
0.1,10,30,110,TSCP_R,Gaussian,absolute_residual,0.87125,66144425037.95312,28.188148846175544,0.0030002593994140625,True,7200,800
0.1,10,30,110,Point_CHR,Gaussian,absolute_residual,1.0,2862269278376.2227,43.20418817721554,0.0,True,7200,800
0.1,10,30,110,Unscaled,Gaussian,absolute_residual,0.9325,17514304925122.291,21.102761500601208,0.0,True,7200,800
0.1,10,30,110,Empirical_copula,Gaussian,absolute_residual,0.73625,14468948329.891184,23.721365031269542,0.0010013580322265625,True,7200,800
0.1,10,30,111,TSCP_R,Gaussian,absolute_residual,0.965,335985544960.04004,37.148503655813144,0.003001689910888672,True,7200,800
0.1,10,30,111,Point_CHR,Gaussian,absolute_residual,0.97625,965677486081.3306,39.032562086817244,0.000997781753540039,True,7200,800
0.1,10,30,111,Unscaled,Gaussian,absolute_residual,0.98125,108700594139140.42,25.329300232362357,0.0,True,7200,800
0.1,10,30,111,Empirical_copula,Gaussian,absolute_residual,0.7075,21056242926.657284,27.616928588683393,0.0,True,7200,800
0.1,10,30,112,TSCP_R,Gaussian,absolute_residual,0.91875,80495462911.66766,26.075722676624945,0.0030095577239990234,True,7200,800
0.1,10,30,112,Point_CHR,Gaussian,absolute_residual,0.95375,1293296529019.1223,48.01073724877496,0.0009982585906982422,True,7200,800
0.1,10,30,112,Unscaled,Gaussian,absolute_residual,0.90125,9053461733137.223,19.755201647853962,0.0,True,7200,800
0.1,10,30,112,Empirical_copula,Gaussian,absolute_residual,0.70875,9143791004.258484,24.637661527600617,0.0,True,7200,800
0.1,10,30,113,TSCP_R,Gaussian,absolute_residual,0.98875,683965659404.3137,31.769747646527954,0.003007173538208008,True,7200,800
0.1,10,30,113,Point_CHR,Gaussian,absolute_residual,1.0,23659286972701.645,42.789145030680714,0.0,True,7200,800
0.1,10,30,113,Unscaled,Gaussian,absolute_residual,0.9025,10901586591658.074,20.125606215169928,0.0010018348693847656,True,7200,800
0.1,10,30,113,Empirical_copula,Gaussian,absolute_residual,0.765,31811592785.577408,22.675071799461396,0.0,True,7200,800
0.1,10,30,114,TSCP_R,Gaussian,absolute_residual,0.93,169881771705.89612,28.340515902821792,0.0020067691802978516,True,7200,800
0.1,10,30,114,Point_CHR,Gaussian,absolute_residual,0.98875,3726453461799.2095,42.72789060455339,0.0009942054748535156,True,7200,800
0.1,10,30,114,Unscaled,Gaussian,absolute_residual,0.93125,15235178016997.809,20.810607263350636,0.0,True,7200,800
0.1,10,30,114,Empirical_copula,Gaussian,absolute_residual,0.735,21538526631.07174,25.047776451179356,0.0,True,7200,800
0.1,10,30,115,TSCP_R,Gaussian,absolute_residual,0.94625,109133425640.26152,25.866792261020258,0.004000425338745117,True,7200,800
0.1,10,30,115,Point_CHR,Gaussian,absolute_residual,0.99875,14068499591088.172,49.84360282780031,0.0,True,7200,800
0.1,10,30,115,Unscaled,Gaussian,absolute_residual,0.81875,2717289674034.9644,17.51513922657501,0.0,True,7200,800
0.1,10,30,115,Empirical_copula,Gaussian,absolute_residual,0.71125,13478031334.957232,22.26165065461913,0.0010066032409667969,True,7200,800
0.1,10,30,116,TSCP_R,Gaussian,absolute_residual,0.77125,12477809428.681955,21.018395800001827,0.0030045509338378906,True,7200,800
0.1,10,30,116,Point_CHR,Gaussian,absolute_residual,0.73375,12621109761.734627,24.355304510526924,0.0,True,7200,800
0.1,10,30,116,Unscaled,Gaussian,absolute_residual,0.7875,1467407853580.614,16.46853942834102,0.0,True,7200,800
0.1,10,30,116,Empirical_copula,Gaussian,absolute_residual,0.5725,3461588595.119871,20.875738626279514,0.00099945068359375,True,7200,800
0.1,10,30,117,TSCP_R,Gaussian,absolute_residual,0.97125,282675361044.3127,29.013304164791467,0.0019986629486083984,True,7200,800
0.1,10,30,117,Point_CHR,Gaussian,absolute_residual,0.95875,553009260669.7893,36.480259356057644,0.0009992122650146484,True,7200,800
0.1,10,30,117,Unscaled,Gaussian,absolute_residual,0.7725,1097991641785.0422,15.997786752085545,0.0,True,7200,800
0.1,10,30,117,Empirical_copula,Gaussian,absolute_residual,0.67125,7394913568.98479,20.77046600574546,0.0,True,7200,800
0.1,10,30,118,TSCP_R,Gaussian,absolute_residual,0.8975,49623646464.958015,26.957144678210344,0.0030014514923095703,True,7200,800
0.1,10,30,118,Point_CHR,Gaussian,absolute_residual,0.875,62918292005.82597,30.528373842139736,0.0,True,7200,800
0.1,10,30,118,Unscaled,Gaussian,absolute_residual,0.94125,16791824934718.168,21.014051379733427,0.0,True,7200,800
0.1,10,30,118,Empirical_copula,Gaussian,absolute_residual,0.76375,12028724310.636139,24.913715722009893,0.0010080337524414062,True,7200,800
0.1,10,30,119,TSCP_R,Gaussian,absolute_residual,0.91875,75483146416.36006,26.087575171510757,0.003993034362792969,True,7200,800
0.1,10,30,119,Point_CHR,Gaussian,absolute_residual,0.9825,1073832360652.0728,33.49708709410184,0.0,True,7200,800
0.1,10,30,119,Unscaled,Gaussian,absolute_residual,0.8975,5579162851861.444,18.82161579072261,0.0,True,7200,800
0.1,10,30,119,Empirical_copula,Gaussian,absolute_residual,0.7375,11709732419.25807,21.46108722105334,0.001001119613647461,True,7200,800
0.1,10,30,120,TSCP_R,Gaussian,absolute_residual,0.89625,60598174420.77628,24.861725926954712,0.0030057430267333984,True,7200,800
0.1,10,30,120,Point_CHR,Gaussian,absolute_residual,0.98625,1623949431336.79,43.72512709177416,0.0,True,7200,800
0.1,10,30,120,Unscaled,Gaussian,absolute_residual,0.80875,1893678923563.8906,16.89392782955247,0.0,True,7200,800
0.1,10,30,120,Empirical_copula,Gaussian,absolute_residual,0.665,6935865787.619848,21.365175724336538,0.00099945068359375,True,7200,800
0.1,10,30,121,TSCP_R,Gaussian,absolute_residual,0.85,47390868261.82368,26.677221197928958,0.003006458282470703,True,7200,800
0.1,10,30,121,Point_CHR,Gaussian,absolute_residual,0.9625,414678405446.7958,29.76308559663571,0.0,True,7200,800
0.1,10,30,121,Unscaled,Gaussian,absolute_residual,0.8925,11318569379071.223,20.201292349882472,0.0,True,7200,800
0.1,10,30,121,Empirical_copula,Gaussian,absolute_residual,0.75,15890010797.840742,23.183149936494708,0.0009996891021728516,True,7200,800
0.1,10,30,122,TSCP_R,Gaussian,absolute_residual,0.94125,211067028618.03333,25.232840599274038,0.0019991397857666016,True,7200,800
0.1,10,30,122,Point_CHR,Gaussian,absolute_residual,0.95625,1028232776047.0009,32.070296034619076,0.0009958744049072266,True,7200,800
0.1,10,30,122,Unscaled,Gaussian,absolute_residual,0.79,1877764832595.6506,16.879676539990303,0.0,True,7200,800
0.1,10,30,122,Empirical_copula,Gaussian,absolute_residual,0.75,22953654498.231,20.105208764274003,0.0,True,7200,800
0.1,10,30,123,TSCP_R,Gaussian,absolute_residual,0.9375,155240701068.32635,29.77326362773936,0.0020024776458740234,True,7200,800
0.1,10,30,123,Point_CHR,Gaussian,absolute_residual,0.98625,4732817857063.6,40.5554282485882,0.000997781753540039,True,7200,800
0.1,10,30,123,Unscaled,Gaussian,absolute_residual,0.945,19280055660985.504,21.306436905735946,0.0,True,7200,800
0.1,10,30,123,Empirical_copula,Gaussian,absolute_residual,0.805,28437885732.482086,29.443614317859513,0.0010099411010742188,True,7200,800
0.1,10,30,124,TSCP_R,Gaussian,absolute_residual,0.9575,220293139130.87335,27.188893157479775,0.0030062198638916016,True,7200,800
0.1,10,30,124,Point_CHR,Gaussian,absolute_residual,0.8775,311812112166.39886,26.119796542479417,0.0,True,7200,800
0.1,10,30,124,Unscaled,Gaussian,absolute_residual,0.8475,3087404829999.232,17.740234567461606,0.0,True,7200,800
0.1,10,30,124,Empirical_copula,Gaussian,absolute_residual,0.71,15387599950.892214,18.800707537854787,0.0009989738464355469,True,7200,800
0.1,10,30,125,TSCP_R,Gaussian,absolute_residual,0.91,103895041949.21082,29.128215621650554,0.0019991397857666016,True,7200,800
0.1,10,30,125,Point_CHR,Gaussian,absolute_residual,0.935,331987411382.70514,43.02265943004024,0.0010006427764892578,True,7200,800
0.1,10,30,125,Unscaled,Gaussian,absolute_residual,0.88,5759342211996.869,18.881534586538795,0.0,True,7200,800
0.1,10,30,125,Empirical_copula,Gaussian,absolute_residual,0.67375,10550351022.577112,27.400512550359924,0.0,True,7200,800
0.1,10,30,126,TSCP_R,Gaussian,absolute_residual,0.9625,224149960046.11844,36.0877668464635,0.003060579299926758,True,7200,800
0.1,10,30,126,Point_CHR,Gaussian,absolute_residual,0.98125,3214407186799.035,60.24382692778708,0.0,True,7200,800
0.1,10,30,126,Unscaled,Gaussian,absolute_residual,0.95375,33265158376765.992,22.500851816782436,0.0,True,7200,800
0.1,10,30,126,Empirical_copula,Gaussian,absolute_residual,0.79125,22554046499.020496,30.950123681807693,0.0009531974792480469,True,7200,800
0.1,10,30,127,TSCP_R,Gaussian,absolute_residual,0.895,65959885796.65611,26.097278308206228,0.0030024051666259766,True,7200,800
0.1,10,30,127,Point_CHR,Gaussian,absolute_residual,0.93625,312774478177.00336,36.1717378206429,0.0009999275207519531,True,7200,800
0.1,10,30,127,Unscaled,Gaussian,absolute_residual,0.85625,2841378225217.3496,17.59352671483595,0.0,True,7200,800
0.1,10,30,127,Empirical_copula,Gaussian,absolute_residual,0.78875,13828567069.743895,22.83111666909009,0.0010006427764892578,True,7200,800
0.1,10,30,128,TSCP_R,Gaussian,absolute_residual,0.94125,112004789995.8765,28.069989987095266,0.0020072460174560547,True,7200,800
0.1,10,30,128,Point_CHR,Gaussian,absolute_residual,0.98625,895625723646.5475,37.70664843033928,0.0,True,7200,800
0.1,10,30,128,Unscaled,Gaussian,absolute_residual,0.94625,17892316585692.562,21.147871234175028,0.0,True,7200,800
0.1,10,30,128,Empirical_copula,Gaussian,absolute_residual,0.7325,13315470366.197302,22.329264703028578,0.0,True,7200,800
0.1,10,30,129,TSCP_R,Gaussian,absolute_residual,0.96875,399247532746.9782,27.81272334295869,0.0030059814453125,True,7200,800
0.1,10,30,129,Point_CHR,Gaussian,absolute_residual,0.95375,903338085960.0885,32.70761374077849,0.0,True,7200,800
0.1,10,30,129,Unscaled,Gaussian,absolute_residual,0.89375,6704550220614.587,19.17065558427344,0.0,True,7200,800
0.1,10,30,129,Empirical_copula,Gaussian,absolute_residual,0.77625,25114224270.20474,20.77111582246826,0.0010001659393310547,True,7200,800
0.1,10,30,130,TSCP_R,Gaussian,absolute_residual,0.97625,594946855681.6012,33.182124146949036,0.002007007598876953,True,7200,800
0.1,10,30,130,Point_CHR,Gaussian,absolute_residual,0.9825,4287119232833.0938,38.245285671368975,0.0009946823120117188,True,7200,800
0.1,10,30,130,Unscaled,Gaussian,absolute_residual,0.8925,5638569074960.983,18.841561425279092,0.0,True,7200,800
0.1,10,30,130,Empirical_copula,Gaussian,absolute_residual,0.75375,28799402094.262398,24.125163915894817,0.0,True,7200,800
0.1,10,30,131,TSCP_R,Gaussian,absolute_residual,0.91625,65450401619.626114,29.76360258262539,0.003001689910888672,True,7200,800
0.1,10,30,131,Point_CHR,Gaussian,absolute_residual,0.98875,1662847938436.6946,47.42216571493569,0.0,True,7200,800
0.1,10,30,131,Unscaled,Gaussian,absolute_residual,0.95,20443391334833.047,21.431634505336195,0.0,True,7200,800
0.1,10,30,131,Empirical_copula,Gaussian,absolute_residual,0.78625,17134597779.024797,25.418089498779025,0.0010986328125,True,7200,800
0.1,10,30,132,TSCP_R,Gaussian,absolute_residual,0.905,49919434243.57623,23.81713282099301,0.001999378204345703,True,7200,800
0.1,10,30,132,Point_CHR,Gaussian,absolute_residual,0.955,206656589211.78622,29.490721852218847,0.001007080078125,True,7200,800
0.1,10,30,132,Unscaled,Gaussian,absolute_residual,0.82625,2290711256072.514,17.218568194911875,0.0,True,7200,800
0.1,10,30,132,Empirical_copula,Gaussian,absolute_residual,0.73625,7114202259.32861,23.37351585885358,0.0,True,7200,800
0.1,10,30,133,TSCP_R,Gaussian,absolute_residual,0.82875,30064290028.916428,31.27073020763371,0.003009319305419922,True,7200,800
0.1,10,30,133,Point_CHR,Gaussian,absolute_residual,0.9125,128296705841.01573,32.288128816018975,0.0,True,7200,800
0.1,10,30,133,Unscaled,Gaussian,absolute_residual,0.97375,38645211556461.69,22.840708377481818,0.0,True,7200,800
0.1,10,30,133,Empirical_copula,Gaussian,absolute_residual,0.6875,10729421885.443682,28.325127057236582,0.0,True,7200,800
0.1,10,30,134,TSCP_R,Gaussian,absolute_residual,0.99625,1578796192243.297,39.05590140680926,0.0030059814453125,True,7200,800
0.1,10,30,134,Point_CHR,Gaussian,absolute_residual,0.99,13866137459391.734,71.48512330154405,0.0,True,7200,800
0.1,10,30,134,Unscaled,Gaussian,absolute_residual,0.89375,8813661421033.684,19.702241416992447,0.0,True,7200,800
0.1,10,30,134,Empirical_copula,Gaussian,absolute_residual,0.83375,54451876914.67068,32.959621986469344,0.0009942054748535156,True,7200,800
0.1,10,30,135,TSCP_R,Gaussian,absolute_residual,0.91375,72815994320.79869,27.936916896947828,0.0030014514923095703,True,7200,800
0.1,10,30,135,Point_CHR,Gaussian,absolute_residual,0.97875,1186692020310.5552,43.08596924127041,0.0009980201721191406,True,7200,800
0.1,10,30,135,Unscaled,Gaussian,absolute_residual,0.92625,15468010699870.361,20.842194593728145,0.0,True,7200,800
0.1,10,30,135,Empirical_copula,Gaussian,absolute_residual,0.70375,8332684589.901555,23.433694353836135,0.0,True,7200,800
0.1,10,30,136,TSCP_R,Gaussian,absolute_residual,0.985,923609888704.2845,35.24205457833404,0.0030088424682617188,True,7200,800
0.1,10,30,136,Point_CHR,Gaussian,absolute_residual,0.90875,183186220377.00516,43.25471698400638,0.0,True,7200,800
0.1,10,30,136,Unscaled,Gaussian,absolute_residual,0.95375,34363953389469.887,22.574093115667395,0.0,True,7200,800
0.1,10,30,136,Empirical_copula,Gaussian,absolute_residual,0.79125,28970257172.126106,33.46595763432068,0.0009984970092773438,True,7200,800
0.1,10,30,137,TSCP_R,Gaussian,absolute_residual,0.92375,272902648868.05194,36.67793391260805,0.00299835205078125,True,7200,800
0.1,10,30,137,Point_CHR,Gaussian,absolute_residual,0.885,1479912459274.0498,50.524473244380076,0.0,True,7200,800
0.1,10,30,137,Unscaled,Gaussian,absolute_residual,0.97125,49198135405371.6,23.39886891066676,0.0,True,7200,800
0.1,10,30,137,Empirical_copula,Gaussian,absolute_residual,0.70875,27504951763.11252,28.16095660054997,0.0010001659393310547,True,7200,800
0.1,10,30,138,TSCP_R,Gaussian,absolute_residual,0.9725,683790356738.3577,43.499671485779345,0.0019943714141845703,True,7200,800
0.1,10,30,138,Point_CHR,Gaussian,absolute_residual,0.99625,141491851931096.88,63.66698292776301,0.0009980201721191406,True,7200,800
0.1,10,30,138,Unscaled,Gaussian,absolute_residual,0.9475,39806124188762.62,22.908412222069796,0.0,True,7200,800
0.1,10,30,138,Empirical_copula,Gaussian,absolute_residual,0.8,43326784871.14574,38.20596630679266,0.0010106563568115234,True,7200,800
0.1,10,30,139,TSCP_R,Gaussian,absolute_residual,0.985,801798100387.5155,34.465059643848,0.002009153366088867,True,7200,800
0.1,10,30,139,Point_CHR,Gaussian,absolute_residual,0.9775,1541867247773.2935,34.920790209132896,0.0,True,7200,800
0.1,10,30,139,Unscaled,Gaussian,absolute_residual,0.9175,8541331045020.573,19.640500713243608,0.0,True,7200,800
0.1,10,30,139,Empirical_copula,Gaussian,absolute_residual,0.7925,32824410330.415337,22.96121567116233,0.0010068416595458984,True,7200,800
0.1,10,30,140,TSCP_R,Gaussian,absolute_residual,0.95375,202334370440.3435,28.795516765765747,0.0030066967010498047,True,7200,800
0.1,10,30,140,Point_CHR,Gaussian,absolute_residual,0.96875,1983834732445.55,49.29076394447193,0.0,True,7200,800
0.1,10,30,140,Unscaled,Gaussian,absolute_residual,0.9125,9641808919594.396,19.87997582975962,0.0,True,7200,800
0.1,10,30,140,Empirical_copula,Gaussian,absolute_residual,0.75375,14503724730.265099,24.169577987635726,0.0,True,7200,800
0.1,10,30,141,TSCP_R,Gaussian,absolute_residual,0.82625,27694005890.5454,25.778715851949784,0.001999378204345703,True,7200,800
0.1,10,30,141,Point_CHR,Gaussian,absolute_residual,0.9825,612197237473.5825,36.05772172786429,0.0,True,7200,800
0.1,10,30,141,Unscaled,Gaussian,absolute_residual,0.91875,15545719691117.826,20.852641806458887,0.0,True,7200,800
0.1,10,30,141,Empirical_copula,Gaussian,absolute_residual,0.6625,8355564391.690557,22.1563629842633,0.0010128021240234375,True,7200,800
0.1,10,30,142,TSCP_R,Gaussian,absolute_residual,0.91375,60671393444.703415,26.554174082627632,0.002999544143676758,True,7200,800
0.1,10,30,142,Point_CHR,Gaussian,absolute_residual,0.92875,161730838828.9507,37.463456306206375,0.0010042190551757812,True,7200,800
0.1,10,30,142,Unscaled,Gaussian,absolute_residual,0.97375,43179814534570.01,23.09553767404954,0.0,True,7200,800
0.1,10,30,142,Empirical_copula,Gaussian,absolute_residual,0.6975,8869176506.954245,23.388102180219583,0.0,True,7200,800
0.1,10,30,143,TSCP_R,Gaussian,absolute_residual,0.92,113194719891.32353,29.505249829261494,0.003006458282470703,True,7200,800
0.1,10,30,143,Point_CHR,Gaussian,absolute_residual,0.94375,541148741471.3858,37.20057212189281,0.0,True,7200,800
0.1,10,30,143,Unscaled,Gaussian,absolute_residual,0.95,36391679919957.36,22.703886676990038,0.0,True,7200,800
0.1,10,30,143,Empirical_copula,Gaussian,absolute_residual,0.7275,16466527916.70179,24.23485269911369,0.0009989738464355469,True,7200,800
0.1,10,30,144,TSCP_R,Gaussian,absolute_residual,0.86,64480466171.096634,29.258042726818598,0.0030069351196289062,True,7200,800
0.1,10,30,144,Point_CHR,Gaussian,absolute_residual,0.7725,44744451354.48975,29.22489173654471,0.0,True,7200,800
0.1,10,30,144,Unscaled,Gaussian,absolute_residual,0.955,27433301634232.035,22.071294612879655,0.0,True,7200,800
0.1,10,30,144,Empirical_copula,Gaussian,absolute_residual,0.66875,11253296188.07588,24.417986694615397,0.00099945068359375,True,7200,800
0.1,10,30,145,TSCP_R,Gaussian,absolute_residual,0.8375,41366442815.32806,27.368154220790387,0.003002643585205078,True,7200,800
0.1,10,30,145,Point_CHR,Gaussian,absolute_residual,0.9275,256938697815.64383,31.530706874360284,0.0009982585906982422,True,7200,800
0.1,10,30,145,Unscaled,Gaussian,absolute_residual,0.905,7018267625084.669,19.258523705855392,0.0,True,7200,800
0.1,10,30,145,Empirical_copula,Gaussian,absolute_residual,0.61375,6545119757.373376,22.249892578870266,0.0,True,7200,800
0.1,10,30,146,TSCP_R,Gaussian,absolute_residual,0.975,227822039228.429,29.613421147187072,0.003000020980834961,True,7200,800
0.1,10,30,146,Point_CHR,Gaussian,absolute_residual,0.97875,1965808920285.419,47.05142943635768,0.001001119613647461,True,7200,800
0.1,10,30,146,Unscaled,Gaussian,absolute_residual,0.87375,5227231844831.402,18.699378667869812,0.0,True,7200,800
0.1,10,30,146,Empirical_copula,Gaussian,absolute_residual,0.815,24644246452.10661,25.26534607275028,0.0010089874267578125,True,7200,800
0.1,10,30,147,TSCP_R,Gaussian,absolute_residual,0.90625,163119347241.1787,23.725343806858362,0.00299835205078125,True,7200,800
0.1,10,30,147,Point_CHR,Gaussian,absolute_residual,0.90875,946136758217.8289,32.77337909660142,0.0,True,7200,800
0.1,10,30,147,Unscaled,Gaussian,absolute_residual,0.8975,10135019934948.12,19.97940086985717,0.0,True,7200,800
0.1,10,30,147,Empirical_copula,Gaussian,absolute_residual,0.7275,28033656567.297,22.628309066086064,0.0010025501251220703,True,7200,800
0.1,10,30,148,TSCP_R,Gaussian,absolute_residual,0.8975,104852684493.04749,26.544868720217185,0.0019991397857666016,True,7200,800
0.1,10,30,148,Point_CHR,Gaussian,absolute_residual,0.9575,993649145861.4756,37.639261230799214,0.0009946823120117188,True,7200,800
0.1,10,30,148,Unscaled,Gaussian,absolute_residual,0.8925,6631647449779.788,19.149707423024406,0.0,True,7200,800
0.1,10,30,148,Empirical_copula,Gaussian,absolute_residual,0.64875,9945990187.597288,27.758302684817345,0.0,True,7200,800
0.1,10,30,149,TSCP_R,Gaussian,absolute_residual,0.975,291877815492.18036,28.976753594269642,0.003008604049682617,True,7200,800
0.1,10,30,149,Point_CHR,Gaussian,absolute_residual,0.90625,99830152218.6813,30.653138755028607,0.0,True,7200,800
0.1,10,30,149,Unscaled,Gaussian,absolute_residual,0.93125,19098855544698.6,21.2863272404346,0.0,True,7200,800
0.1,10,30,149,Empirical_copula,Gaussian,absolute_residual,0.73125,14818211303.784647,23.914624705917973,0.0009918212890625,True,7200,800
0.1,10,30,150,TSCP_R,Gaussian,absolute_residual,0.94125,167522965611.65863,32.93949423598006,0.003003358840942383,True,7200,800
0.1,10,30,150,Point_CHR,Gaussian,absolute_residual,0.975,1404275599537.3792,37.60674366964075,0.0,True,7200,800
0.1,10,30,150,Unscaled,Gaussian,absolute_residual,0.92875,14057774795562.295,20.643895793531527,0.0,True,7200,800
0.1,10,30,150,Empirical_copula,Gaussian,absolute_residual,0.67,10238582168.149809,22.12018810041945,0.0009996891021728516,True,7200,800
0.1,10,30,151,TSCP_R,Gaussian,absolute_residual,0.765,18699416274.728283,23.598738216590124,0.0019981861114501953,True,7200,800
0.1,10,30,151,Point_CHR,Gaussian,absolute_residual,0.815,85728261041.42459,27.823798386886757,0.0009996891021728516,True,7200,800
0.1,10,30,151,Unscaled,Gaussian,absolute_residual,0.89875,6737397117287.271,19.180027019523166,0.0,True,7200,800
0.1,10,30,151,Empirical_copula,Gaussian,absolute_residual,0.5275,4472973946.942545,22.653023683319617,0.0,True,7200,800
0.1,10,30,152,TSCP_R,Gaussian,absolute_residual,0.8275,30775416721.15497,26.766289746902267,0.003125905990600586,True,7200,800
0.1,10,30,152,Point_CHR,Gaussian,absolute_residual,0.73125,17585654168.59957,30.04085851042099,0.0,True,7200,800
0.1,10,30,152,Unscaled,Gaussian,absolute_residual,0.85875,3395557565248.8716,17.909815409788614,0.0,True,7200,800
0.1,10,30,152,Empirical_copula,Gaussian,absolute_residual,0.55125,4188931279.0853853,24.276488868236214,0.0008754730224609375,True,7200,800
0.1,10,30,153,TSCP_R,Gaussian,absolute_residual,0.9425,119024132282.24681,32.77246078826764,0.003009319305419922,True,7200,800
0.1,10,30,153,Point_CHR,Gaussian,absolute_residual,0.9475,581028071911.9038,44.037359218349195,0.0,True,7200,800
0.1,10,30,153,Unscaled,Gaussian,absolute_residual,0.9625,30933784304505.44,22.33794952638419,0.0,True,7200,800
0.1,10,30,153,Empirical_copula,Gaussian,absolute_residual,0.70375,13301921183.438587,32.035765450931656,0.0009982585906982422,True,7200,800
0.1,10,30,154,TSCP_R,Gaussian,absolute_residual,0.9325,134798212579.13689,27.861848085300124,0.0030078887939453125,True,7200,800
0.1,10,30,154,Point_CHR,Gaussian,absolute_residual,0.985,4643158728138.373,37.63379486537485,0.0,True,7200,800
0.1,10,30,154,Unscaled,Gaussian,absolute_residual,0.94875,21357862495662.863,21.52562542107644,0.0,True,7200,800
0.1,10,30,154,Empirical_copula,Gaussian,absolute_residual,0.82625,35818643278.6229,26.330365610146643,0.0,True,7200,800
0.1,10,30,155,TSCP_R,Gaussian,absolute_residual,0.95875,248700853856.2359,29.021432886365005,0.0030062198638916016,True,7200,800
0.1,10,30,155,Point_CHR,Gaussian,absolute_residual,0.9875,3559481770325.4507,49.7279210798321,0.0,True,7200,800
0.1,10,30,155,Unscaled,Gaussian,absolute_residual,0.87625,5820707772943.868,18.901556970704217,0.0,True,7200,800
0.1,10,30,155,Empirical_copula,Gaussian,absolute_residual,0.7725,20103361355.179985,25.523658386326794,0.0009999275207519531,True,7200,800
0.1,10,30,156,TSCP_R,Gaussian,absolute_residual,0.98125,331419808978.90796,30.181822844374587,0.0029904842376708984,True,7200,800
0.1,10,30,156,Point_CHR,Gaussian,absolute_residual,0.9825,1493741440893.8762,36.11261800280718,0.0,True,7200,800
0.1,10,30,156,Unscaled,Gaussian,absolute_residual,0.86125,4794612489308.409,18.538532439184344,0.0010056495666503906,True,7200,800
0.1,10,30,156,Empirical_copula,Gaussian,absolute_residual,0.8575,29238310762.39334,26.49783913102834,0.0,True,7200,800
0.1,10,30,157,TSCP_R,Gaussian,absolute_residual,0.97625,292756998032.7281,28.79028603091361,0.0030002593994140625,True,7200,800
0.1,10,30,157,Point_CHR,Gaussian,absolute_residual,0.9925,2056631664290.3274,37.27009149084013,0.0,True,7200,800
0.1,10,30,157,Unscaled,Gaussian,absolute_residual,0.89,5702039201068.808,18.86266361483427,0.0,True,7200,800
0.1,10,30,157,Empirical_copula,Gaussian,absolute_residual,0.79,19424685590.412373,23.291751263365548,0.0,True,7200,800
0.1,10,30,158,TSCP_R,Gaussian,absolute_residual,0.90875,166377411247.85413,31.293370182293636,0.0030062198638916016,True,7200,800
0.1,10,30,158,Point_CHR,Gaussian,absolute_residual,0.99,1240316349623.7126,36.47367718048578,0.0,True,7200,800
0.1,10,30,158,Unscaled,Gaussian,absolute_residual,0.8925,10288158218149.342,20.0093860550983,0.0,True,7200,800
0.1,10,30,158,Empirical_copula,Gaussian,absolute_residual,0.74125,19130103495.213417,25.406566015419727,0.0009999275207519531,True,7200,800
0.1,10,30,159,TSCP_R,Gaussian,absolute_residual,0.91875,103208983631.31601,37.08634186199889,0.0019931793212890625,True,7200,800
0.1,10,30,159,Point_CHR,Gaussian,absolute_residual,0.9625,892863139513.4932,44.184640318622414,0.0010008811950683594,True,7200,800
0.1,10,30,159,Unscaled,Gaussian,absolute_residual,0.985,116729211383059.64,25.510440342437963,0.0,True,7200,800
0.1,10,30,159,Empirical_copula,Gaussian,absolute_residual,0.7225,14842967027.52621,28.299611284104103,0.00099945068359375,True,7200,800
0.1,10,30,160,TSCP_R,Gaussian,absolute_residual,0.89375,50004136258.991295,26.767481688495508,0.0019936561584472656,True,7200,800
0.1,10,30,160,Point_CHR,Gaussian,absolute_residual,0.97625,1008666605954.1951,37.62786716980881,0.0009984970092773438,True,7200,800
0.1,10,30,160,Unscaled,Gaussian,absolute_residual,0.87375,5076553340162.659,18.644764206745094,0.0,True,7200,800
0.1,10,30,160,Empirical_copula,Gaussian,absolute_residual,0.7325,9593790439.895594,26.72720200868205,0.0,True,7200,800
0.1,10,30,161,TSCP_R,Gaussian,absolute_residual,0.76875,18181472404.886208,25.903474026246656,0.002007722854614258,True,7200,800
0.1,10,30,161,Point_CHR,Gaussian,absolute_residual,0.77625,36449208037.3528,39.55333005591057,0.0,True,7200,800
0.1,10,30,161,Unscaled,Gaussian,absolute_residual,0.83,2353715203706.1875,17.265350180992915,0.0,True,7200,800
0.1,10,30,161,Empirical_copula,Gaussian,absolute_residual,0.56125,4151451436.2990866,29.16195283079718,0.0009992122650146484,True,7200,800
0.1,10,30,162,TSCP_R,Gaussian,absolute_residual,0.72875,17937094790.94646,28.778640349431583,0.001997232437133789,True,7200,800
0.1,10,30,162,Point_CHR,Gaussian,absolute_residual,0.9,203855275216.90347,37.94733117892979,0.0009996891021728516,True,7200,800
0.1,10,30,162,Unscaled,Gaussian,absolute_residual,0.90875,11778374442501.184,20.28189526348603,0.0,True,7200,800
0.1,10,30,162,Empirical_copula,Gaussian,absolute_residual,0.4925,3938993304.1089153,24.035266748624586,0.0,True,7200,800
0.1,10,30,163,TSCP_R,Gaussian,absolute_residual,0.88375,57593799841.95444,25.392355615467395,0.003005504608154297,True,7200,800
0.1,10,30,163,Point_CHR,Gaussian,absolute_residual,0.98,1396384246615.5447,34.350569601073204,0.001001119613647461,True,7200,800
0.1,10,30,163,Unscaled,Gaussian,absolute_residual,0.9175,11592905392925.867,20.249729638691047,0.0,True,7200,800
0.1,10,30,163,Empirical_copula,Gaussian,absolute_residual,0.71125,12684099382.550058,22.263330026256178,0.0,True,7200,800
0.1,10,30,164,TSCP_R,Gaussian,absolute_residual,0.9325,141392853699.2982,31.407282981300124,0.003003358840942383,True,7200,800
0.1,10,30,164,Point_CHR,Gaussian,absolute_residual,0.9825,1463295949543.6926,42.89081283968902,0.0,True,7200,800
0.1,10,30,164,Unscaled,Gaussian,absolute_residual,0.9,8856579173764.75,19.71181438225487,0.0,True,7200,800
0.1,10,30,164,Empirical_copula,Gaussian,absolute_residual,0.79,22447149800.43189,26.053336573571503,0.0009968280792236328,True,7200,800
0.1,10,30,165,TSCP_R,Gaussian,absolute_residual,0.86375,32805327653.31432,28.361171752386042,0.0030002593994140625,True,7200,800
0.1,10,30,165,Point_CHR,Gaussian,absolute_residual,0.905,363365859771.86414,38.25091503892226,0.001007080078125,True,7200,800
0.1,10,30,165,Unscaled,Gaussian,absolute_residual,0.9475,16275146476908.45,20.948478750910855,0.0,True,7200,800
0.1,10,30,165,Empirical_copula,Gaussian,absolute_residual,0.6575,6303209230.986026,24.194515089893102,0.0,True,7200,800
0.1,10,30,166,TSCP_R,Gaussian,absolute_residual,0.9825,278075949195.2787,31.30034338922502,0.00299835205078125,True,7200,800
0.1,10,30,166,Point_CHR,Gaussian,absolute_residual,0.96,1760201875574.0835,42.19892764566383,0.0010006427764892578,True,7200,800
0.1,10,30,166,Unscaled,Gaussian,absolute_residual,0.88625,7057249153005.118,19.269193815673013,0.0,True,7200,800
0.1,10,30,166,Empirical_copula,Gaussian,absolute_residual,0.78625,17763572376.14273,22.70557767545077,0.0,True,7200,800
0.1,10,30,167,TSCP_R,Gaussian,absolute_residual,0.85375,38152617444.41973,25.730297628027053,0.0030057430267333984,True,7200,800
0.1,10,30,167,Point_CHR,Gaussian,absolute_residual,0.9975,1020692697466.2661,40.696023052609526,0.0,True,7200,800
0.1,10,30,167,Unscaled,Gaussian,absolute_residual,0.87,4690801258776.067,18.49799694147171,0.0,True,7200,800
0.1,10,30,167,Empirical_copula,Gaussian,absolute_residual,0.64875,6408312853.828546,22.800794675266363,0.0010688304901123047,True,7200,800
0.1,10,30,168,TSCP_R,Gaussian,absolute_residual,0.96375,607733503275.0377,39.591961185698494,0.002998828887939453,True,7200,800
0.1,10,30,168,Point_CHR,Gaussian,absolute_residual,0.99625,20133868032500.13,76.45566653969871,0.0,True,7200,800
0.1,10,30,168,Unscaled,Gaussian,absolute_residual,0.96,29113918800001.11,22.202918595506482,0.0,True,7200,800
0.1,10,30,168,Empirical_copula,Gaussian,absolute_residual,0.765,40100407558.96856,31.758217250811295,0.0009989738464355469,True,7200,800
0.1,10,30,169,TSCP_R,Gaussian,absolute_residual,0.9875,418805019762.32196,34.33160727101789,0.003021240234375,True,7200,800
0.1,10,30,169,Point_CHR,Gaussian,absolute_residual,1.0,155173586369096.2,76.1780624388667,0.0,True,7200,800
0.1,10,30,169,Unscaled,Gaussian,absolute_residual,0.96375,30275748908793.273,22.289970282893204,0.0,True,7200,800
0.1,10,30,169,Empirical_copula,Gaussian,absolute_residual,0.88375,48540011697.078804,28.10077113288457,0.0009868144989013672,True,7200,800
0.1,10,30,170,TSCP_R,Gaussian,absolute_residual,0.9525,576672511566.599,38.32653944096863,0.001999378204345703,True,7200,800
0.1,10,30,170,Point_CHR,Gaussian,absolute_residual,0.95,1412554650739.3313,48.663216889132336,0.0010006427764892578,True,7200,800
0.1,10,30,170,Unscaled,Gaussian,absolute_residual,0.9675,43053284928115.26,23.088761058885193,0.0,True,7200,800
0.1,10,30,170,Empirical_copula,Gaussian,absolute_residual,0.73875,23167757525.963,25.900323983967535,0.0,True,7200,800
0.1,10,30,171,TSCP_R,Gaussian,absolute_residual,0.94625,208931921233.04254,26.990108473026158,0.00299835205078125,True,7200,800
0.1,10,30,171,Point_CHR,Gaussian,absolute_residual,0.97625,2614017045068.3057,36.3468791755091,0.0,True,7200,800
0.1,10,30,171,Unscaled,Gaussian,absolute_residual,0.91125,12683078624018.812,20.432545207117407,0.0,True,7200,800
0.1,10,30,171,Empirical_copula,Gaussian,absolute_residual,0.76625,29030336802.825714,26.898600884608555,0.0010018348693847656,True,7200,800
0.1,10,30,172,TSCP_R,Gaussian,absolute_residual,0.76625,21574824823.174725,24.66265875611964,0.003000497817993164,True,7200,800
0.1,10,30,172,Point_CHR,Gaussian,absolute_residual,0.92875,704614141936.5386,40.32983594383613,0.00099945068359375,True,7200,800
0.1,10,30,172,Unscaled,Gaussian,absolute_residual,0.8575,2853995223219.311,17.60132346561224,0.0,True,7200,800
0.1,10,30,172,Empirical_copula,Gaussian,absolute_residual,0.625,5737516898.324757,21.413348398885,0.0,True,7200,800
0.1,10,30,173,TSCP_R,Gaussian,absolute_residual,0.81375,47907217673.57367,23.659645420124,0.003000020980834961,True,7200,800
0.1,10,30,173,Point_CHR,Gaussian,absolute_residual,0.9575,608897417636.0626,38.04028279497662,0.0010004043579101562,True,7200,800
0.1,10,30,173,Unscaled,Gaussian,absolute_residual,0.7925,2293137475055.4375,17.22039104006393,0.0,True,7200,800
0.1,10,30,173,Empirical_copula,Gaussian,absolute_residual,0.5225,5515745474.620335,20.280986594559963,0.0,True,7200,800
0.1,10,30,174,TSCP_R,Gaussian,absolute_residual,0.96875,312514180754.3091,38.74704909259249,0.001995563507080078,True,7200,800
0.1,10,30,174,Point_CHR,Gaussian,absolute_residual,0.995,5979976895259.689,47.89295299268281,0.0009996891021728516,True,7200,800
0.1,10,30,174,Unscaled,Gaussian,absolute_residual,0.94875,24106609469220.53,21.787811698994553,0.0,True,7200,800
0.1,10,30,174,Empirical_copula,Gaussian,absolute_residual,0.75375,18474670166.781868,28.62380297952988,0.0,True,7200,800
0.1,10,30,175,TSCP_R,Gaussian,absolute_residual,0.86625,55120214499.80137,28.637919079925567,0.003000974655151367,True,7200,800
0.1,10,30,175,Point_CHR,Gaussian,absolute_residual,0.92375,262534271377.33978,37.48869608881772,0.0010113716125488281,True,7200,800
0.1,10,30,175,Unscaled,Gaussian,absolute_residual,0.92125,11964547485539.113,20.31372775675371,0.0,True,7200,800
0.1,10,30,175,Empirical_copula,Gaussian,absolute_residual,0.73,16003754447.252579,25.248857590864375,0.0,True,7200,800
0.1,10,30,176,TSCP_R,Gaussian,absolute_residual,0.91875,76005588494.85426,23.974423455541018,0.0029931068420410156,True,7200,800
0.1,10,30,176,Point_CHR,Gaussian,absolute_residual,0.8875,62969848172.300964,25.503932320398988,0.0,True,7200,800
0.1,10,30,176,Unscaled,Gaussian,absolute_residual,0.88125,4579912077880.299,18.45379594664574,0.0,True,7200,800
0.1,10,30,176,Empirical_copula,Gaussian,absolute_residual,0.7675,13664537812.899208,21.911701998539982,0.001007080078125,True,7200,800
0.1,10,30,177,TSCP_R,Gaussian,absolute_residual,0.92375,90972481238.6675,31.123993151762562,0.002000570297241211,True,7200,800
0.1,10,30,177,Point_CHR,Gaussian,absolute_residual,0.94,152214284659.37637,34.413507751640765,0.00099945068359375,True,7200,800
0.1,10,30,177,Unscaled,Gaussian,absolute_residual,0.9225,9355774965146.666,19.820197453529286,0.0,True,7200,800
0.1,10,30,177,Empirical_copula,Gaussian,absolute_residual,0.76625,19156944595.553654,27.217504746379113,0.0,True,7200,800
0.1,10,30,178,TSCP_R,Gaussian,absolute_residual,0.9675,276991036618.6543,32.749221618531074,0.003006458282470703,True,7200,800
0.1,10,30,178,Point_CHR,Gaussian,absolute_residual,0.96375,824412205272.9036,37.22117685341269,0.0,True,7200,800
0.1,10,30,178,Unscaled,Gaussian,absolute_residual,0.9275,15344490791761.738,20.82549093212149,0.0,True,7200,800
0.1,10,30,178,Empirical_copula,Gaussian,absolute_residual,0.78625,27268856907.595947,32.16008621004051,0.0009999275207519531,True,7200,800
0.1,10,30,179,TSCP_R,Gaussian,absolute_residual,0.98875,988201981233.0027,39.33411229053835,0.003007173538208008,True,7200,800
0.1,10,30,179,Point_CHR,Gaussian,absolute_residual,0.9775,1522622841923.7864,53.85920825982127,0.0,True,7200,800
0.1,10,30,179,Unscaled,Gaussian,absolute_residual,0.9575,28222668912640.586,22.133995030193606,0.0,True,7200,800
0.1,10,30,179,Empirical_copula,Gaussian,absolute_residual,0.84875,49743317443.39618,34.14888774134596,0.0,True,7200,800
0.1,10,30,180,TSCP_R,Gaussian,absolute_residual,0.89625,73655933358.60411,33.32881878707387,0.0029997825622558594,True,7200,800
0.1,10,30,180,Point_CHR,Gaussian,absolute_residual,0.93875,652506196163.7023,47.42460696252928,0.0009982585906982422,True,7200,800
0.1,10,30,180,Unscaled,Gaussian,absolute_residual,0.9025,11383904613218.56,20.212923150341975,0.0,True,7200,800
0.1,10,30,180,Empirical_copula,Gaussian,absolute_residual,0.72875,12682778292.223099,29.314356061223897,0.0010094642639160156,True,7200,800
0.1,10,30,181,TSCP_R,Gaussian,absolute_residual,0.8125,35994348841.31672,30.10626995068596,0.0029973983764648438,True,7200,800
0.1,10,30,181,Point_CHR,Gaussian,absolute_residual,0.87375,119220843123.51787,33.75326011451844,0.0,True,7200,800
0.1,10,30,181,Unscaled,Gaussian,absolute_residual,0.9275,14836026267731.03,20.755431150260545,0.0,True,7200,800
0.1,10,30,181,Empirical_copula,Gaussian,absolute_residual,0.545,4985205309.128802,25.15914552896453,0.0,True,7200,800
0.1,10,30,182,TSCP_R,Gaussian,absolute_residual,0.8775,52998447336.63168,24.711340758925168,0.0030059814453125,True,7200,800
0.1,10,30,182,Point_CHR,Gaussian,absolute_residual,0.9325,226303890969.12863,32.31532633490214,0.0,True,7200,800
0.1,10,30,182,Unscaled,Gaussian,absolute_residual,0.86125,4794518857696.901,18.538496235884804,0.0,True,7200,800
0.1,10,30,182,Empirical_copula,Gaussian,absolute_residual,0.76875,17215399323.89358,24.9571089452786,0.0009930133819580078,True,7200,800
0.1,10,30,183,TSCP_R,Gaussian,absolute_residual,0.8425,33887858030.16064,25.441727465974182,0.0029990673065185547,True,7200,800
0.1,10,30,183,Point_CHR,Gaussian,absolute_residual,0.935,154625042715.16736,29.446504370435363,0.0,True,7200,800
0.1,10,30,183,Unscaled,Gaussian,absolute_residual,0.80125,2656029890748.9224,17.47524591050289,0.0009989738464355469,True,7200,800
0.1,10,30,183,Empirical_copula,Gaussian,absolute_residual,0.67375,7482617254.354558,20.767913501801075,0.0,True,7200,800
0.1,10,30,184,TSCP_R,Gaussian,absolute_residual,0.83,27796279665.461056,23.98138948561011,0.0019996166229248047,True,7200,800
0.1,10,30,184,Point_CHR,Gaussian,absolute_residual,0.98375,11605600616370.709,41.18720214995817,0.0010066032409667969,True,7200,800
0.1,10,30,184,Unscaled,Gaussian,absolute_residual,0.8775,5674535159326.4,18.853545314784245,0.0,True,7200,800
0.1,10,30,184,Empirical_copula,Gaussian,absolute_residual,0.6925,7569366579.929984,25.12299514057495,0.0,True,7200,800
0.1,10,30,185,TSCP_R,Gaussian,absolute_residual,0.955,124635147389.20439,30.820086588399622,0.003006458282470703,True,7200,800
0.1,10,30,185,Point_CHR,Gaussian,absolute_residual,0.9975,6715354059169.965,42.32269348138062,0.0,True,7200,800
0.1,10,30,185,Unscaled,Gaussian,absolute_residual,0.9475,31952091919655.71,22.410416586216922,0.0,True,7200,800
0.1,10,30,185,Empirical_copula,Gaussian,absolute_residual,0.82875,25614152113.28528,29.214847736609688,0.0010001659393310547,True,7200,800
0.1,10,30,186,TSCP_R,Gaussian,absolute_residual,0.9525,145614412549.0824,31.06586936844547,0.0019981861114501953,True,7200,800
0.1,10,30,186,Point_CHR,Gaussian,absolute_residual,0.95625,3049849965066.407,50.271927015571805,0.0009999275207519531,True,7200,800
0.1,10,30,186,Unscaled,Gaussian,absolute_residual,0.9175,13586479830712.545,20.573619090343545,0.0,True,7200,800
0.1,10,30,186,Empirical_copula,Gaussian,absolute_residual,0.785,17904426575.261585,25.61079302273531,0.0,True,7200,800
0.1,10,30,187,TSCP_R,Gaussian,absolute_residual,0.855,26407344720.93689,22.592585133434905,0.0019903182983398438,True,7200,800
0.1,10,30,187,Point_CHR,Gaussian,absolute_residual,0.90625,172421576932.50385,29.34947663894806,0.0010001659393310547,True,7200,800
0.1,10,30,187,Unscaled,Gaussian,absolute_residual,0.86875,3682105295561.4497,18.055504190059423,0.0,True,7200,800
0.1,10,30,187,Empirical_copula,Gaussian,absolute_residual,0.7075,7826206280.784631,20.082496874441954,0.0,True,7200,800
0.1,10,30,188,TSCP_R,Gaussian,absolute_residual,0.91375,81664605988.40318,26.921118032912414,0.003000020980834961,True,7200,800
0.1,10,30,188,Point_CHR,Gaussian,absolute_residual,0.98,578394586933.897,34.45399013771637,0.0,True,7200,800
0.1,10,30,188,Unscaled,Gaussian,absolute_residual,0.84,3421626309549.5273,17.92351805493345,0.0,True,7200,800
0.1,10,30,188,Empirical_copula,Gaussian,absolute_residual,0.6975,9785038429.04241,25.823979070625313,0.0010116100311279297,True,7200,800
0.1,10,30,189,TSCP_R,Gaussian,absolute_residual,0.92875,116305232105.7268,26.879890038525417,0.0019958019256591797,True,7200,800
0.1,10,30,189,Point_CHR,Gaussian,absolute_residual,0.95875,369793012133.7719,30.07189015087043,0.00099945068359375,True,7200,800
0.1,10,30,189,Unscaled,Gaussian,absolute_residual,0.845,4222191020113.5806,18.30432793071039,0.0,True,7200,800
0.1,10,30,189,Empirical_copula,Gaussian,absolute_residual,0.64,9947450087.416042,23.967290650158635,0.0,True,7200,800
0.1,10,30,190,TSCP_R,Gaussian,absolute_residual,0.89125,64309254962.535995,27.25520629800191,0.0030069351196289062,True,7200,800
0.1,10,30,190,Point_CHR,Gaussian,absolute_residual,0.92125,631195126907.608,37.5085717799829,0.0009992122650146484,True,7200,800
0.1,10,30,190,Unscaled,Gaussian,absolute_residual,0.90375,7819610544354.493,19.467873355272978,0.0,True,7200,800
0.1,10,30,190,Empirical_copula,Gaussian,absolute_residual,0.655,9020226507.440159,21.236952932750924,0.0,True,7200,800
0.1,10,30,191,TSCP_R,Gaussian,absolute_residual,0.8975,107420193708.9626,29.23188928025448,0.0030014514923095703,True,7200,800
0.1,10,30,191,Point_CHR,Gaussian,absolute_residual,0.9425,456613519253.43225,49.840262985246014,0.0,True,7200,800
0.1,10,30,191,Unscaled,Gaussian,absolute_residual,0.865,3210483722639.231,17.80971817877163,0.0010077953338623047,True,7200,800
0.1,10,30,191,Empirical_copula,Gaussian,absolute_residual,0.605,6653310777.413272,28.59401389736,0.0,True,7200,800
0.1,10,30,192,TSCP_R,Gaussian,absolute_residual,0.855,45648425248.478096,29.263103249102898,0.0030083656311035156,True,7200,800
0.1,10,30,192,Point_CHR,Gaussian,absolute_residual,0.81,33373667234.580887,23.801638845179355,0.0,True,7200,800
0.1,10,30,192,Unscaled,Gaussian,absolute_residual,0.9375,13988164840773.531,20.63365069558375,0.0,True,7200,800
0.1,10,30,192,Empirical_copula,Gaussian,absolute_residual,0.65375,6703178827.683913,22.706590140929478,0.000997304916381836,True,7200,800
0.1,10,30,193,TSCP_R,Gaussian,absolute_residual,0.98625,498188166243.8137,32.70319241243968,0.0020067691802978516,True,7200,800
0.1,10,30,193,Point_CHR,Gaussian,absolute_residual,0.99375,3286789079339.7056,43.751931959530836,0.0009992122650146484,True,7200,800
0.1,10,30,193,Unscaled,Gaussian,absolute_residual,0.96,29176672989555.043,22.207699733150108,0.0,True,7200,800
0.1,10,30,193,Empirical_copula,Gaussian,absolute_residual,0.83,30015264699.397903,24.165657747168176,0.0,True,7200,800
0.1,10,30,194,TSCP_R,Gaussian,absolute_residual,0.89375,70061723413.68454,29.156794625360934,0.0019991397857666016,True,7200,800
0.1,10,30,194,Point_CHR,Gaussian,absolute_residual,0.78,83512881509.58954,34.75320226025529,0.0,True,7200,800
0.1,10,30,194,Unscaled,Gaussian,absolute_residual,0.9225,11883383861843.807,20.299905332556932,0.0,True,7200,800
0.1,10,30,194,Empirical_copula,Gaussian,absolute_residual,0.61875,8609440889.726627,26.236027767514717,0.0,True,7200,800
0.1,10,30,195,TSCP_R,Gaussian,absolute_residual,0.95625,198744778648.31207,28.7937903806886,0.003002166748046875,True,7200,800
0.1,10,30,195,Point_CHR,Gaussian,absolute_residual,0.97,1561308059419.2302,47.095078731185936,0.0,True,7200,800
0.1,10,30,195,Unscaled,Gaussian,absolute_residual,0.93875,14370102149051.588,20.689308979843272,0.0,True,7200,800
0.1,10,30,195,Empirical_copula,Gaussian,absolute_residual,0.79,22057549423.74651,27.482760501726226,0.0009987354278564453,True,7200,800
0.1,10,30,196,TSCP_R,Gaussian,absolute_residual,0.9275,117896671747.26761,29.16078593307728,0.001999378204345703,True,7200,800
0.1,10,30,196,Point_CHR,Gaussian,absolute_residual,0.965,388671082357.7461,40.16878859732214,0.0010075569152832031,True,7200,800
0.1,10,30,196,Unscaled,Gaussian,absolute_residual,0.92,20490961750338.96,21.436616290212452,0.0,True,7200,800
0.1,10,30,196,Empirical_copula,Gaussian,absolute_residual,0.6975,10915844508.577349,24.58088680429878,0.0,True,7200,800
0.1,10,30,197,TSCP_R,Gaussian,absolute_residual,0.93875,121716189811.66832,26.4447066780708,0.0030090808868408203,True,7200,800
0.1,10,30,197,Point_CHR,Gaussian,absolute_residual,0.9175,283459975019.72266,29.438710726745782,0.0,True,7200,800
0.1,10,30,197,Unscaled,Gaussian,absolute_residual,0.84375,2456152575346.1016,17.339059389940587,0.0,True,7200,800
0.1,10,30,197,Empirical_copula,Gaussian,absolute_residual,0.79125,14513223171.75313,23.414312849210773,0.0,True,7200,800
0.1,10,30,198,TSCP_R,Gaussian,absolute_residual,0.8225,32956404370.243057,27.597778962005755,0.0030066967010498047,True,7200,800
0.1,10,30,198,Point_CHR,Gaussian,absolute_residual,0.8375,52666919254.22517,30.15839595320764,0.0,True,7200,800
0.1,10,30,198,Unscaled,Gaussian,absolute_residual,0.825,2708418144791.3647,17.509412386531395,0.0,True,7200,800
0.1,10,30,198,Empirical_copula,Gaussian,absolute_residual,0.67125,8796989424.85308,24.673512677607388,0.0009930133819580078,True,7200,800
0.1,10,30,199,TSCP_R,Gaussian,absolute_residual,0.93375,92491001501.3029,28.59946932007432,0.0030024051666259766,True,7200,800
0.1,10,30,199,Point_CHR,Gaussian,absolute_residual,0.925,84795238675.80777,29.018799091374404,0.0009989738464355469,True,7200,800
0.1,10,30,199,Unscaled,Gaussian,absolute_residual,0.8725,6907334929041.027,19.22786443498154,0.0,True,7200,800
0.1,10,30,199,Empirical_copula,Gaussian,absolute_residual,0.635,6302324876.618227,28.307927183305285,0.0,True,7200,800
0.1,10,50,0,TSCP_R,Gaussian,absolute_residual,0.93625,157313699521.26147,31.287149916962356,0.003000020980834961,True,7200,800
0.1,10,50,0,Point_CHR,Gaussian,absolute_residual,0.96375,3526071322646.8916,59.76021690863468,0.0010082721710205078,True,7200,800
0.1,10,50,0,Unscaled,Gaussian,absolute_residual,0.94375,22156487492464.293,21.60479208473722,0.0,True,7200,800
0.1,10,50,0,Empirical_copula,Gaussian,absolute_residual,0.83125,36825912455.31265,33.47838531971328,0.0009992122650146484,True,7200,800
0.1,10,50,1,TSCP_R,Gaussian,absolute_residual,0.83,25496386755.679604,27.715164833828965,0.0030069351196289062,True,7200,800
0.1,10,50,1,Point_CHR,Gaussian,absolute_residual,0.905,130553142602.41232,39.26499878918309,0.0,True,7200,800
0.1,10,50,1,Unscaled,Gaussian,absolute_residual,0.90125,12172616382782.004,20.348780801266365,0.0,True,7200,800
0.1,10,50,1,Empirical_copula,Gaussian,absolute_residual,0.73125,13266579122.033396,28.875380147451395,0.0009996891021728516,True,7200,800
0.1,10,50,2,TSCP_R,Gaussian,absolute_residual,0.88125,55952373384.89445,25.121179212055218,0.004002094268798828,True,7200,800
0.1,10,50,2,Point_CHR,Gaussian,absolute_residual,0.97875,626145348790.4081,40.32596269354846,0.0,True,7200,800
0.1,10,50,2,Unscaled,Gaussian,absolute_residual,0.88375,6049398673639.043,18.97453845283236,0.0,True,7200,800
0.1,10,50,2,Empirical_copula,Gaussian,absolute_residual,0.81875,36721243698.93077,29.71129257455701,0.0009984970092773438,True,7200,800
0.1,10,50,3,TSCP_R,Gaussian,absolute_residual,0.8475,38208410816.7534,23.832911466775936,0.003006458282470703,True,7200,800
0.1,10,50,3,Point_CHR,Gaussian,absolute_residual,0.92625,134019458010.15009,25.924594146206125,0.0,True,7200,800
0.1,10,50,3,Unscaled,Gaussian,absolute_residual,0.875,8453114560688.673,19.62012073219388,0.0009996891021728516,True,7200,800
0.1,10,50,3,Empirical_copula,Gaussian,absolute_residual,0.73875,16172263480.7283,22.36357499681761,0.0,True,7200,800
0.1,10,50,4,TSCP_R,Gaussian,absolute_residual,0.9025,59132681195.379715,30.383206607395497,0.0030031204223632812,True,7200,800
0.1,10,50,4,Point_CHR,Gaussian,absolute_residual,0.91125,177644555492.81714,45.41490561152426,0.0,True,7200,800
0.1,10,50,4,Unscaled,Gaussian,absolute_residual,0.9475,18953701336641.234,21.270093710418774,0.0,True,7200,800
0.1,10,50,4,Empirical_copula,Gaussian,absolute_residual,0.81,23152440114.32699,28.935065430235937,0.0009944438934326172,True,7200,800
0.1,10,50,5,TSCP_R,Gaussian,absolute_residual,0.935,96274214626.67947,27.332931778579955,0.003008127212524414,True,7200,800
0.1,10,50,5,Point_CHR,Gaussian,absolute_residual,0.9625,234090279002.03793,35.166050583043365,0.0,True,7200,800
0.1,10,50,5,Unscaled,Gaussian,absolute_residual,0.905,9921227137675.537,19.93684990358954,0.000990152359008789,True,7200,800
0.1,10,50,5,Empirical_copula,Gaussian,absolute_residual,0.82,31198699767.507107,28.402956836323774,0.0,True,7200,800
0.1,10,50,6,TSCP_R,Gaussian,absolute_residual,0.965,150362060971.37085,28.61397633408684,0.0030052661895751953,True,7200,800
0.1,10,50,6,Point_CHR,Gaussian,absolute_residual,0.97,445669882397.24713,31.291184473919174,0.0009999275207519531,True,7200,800
0.1,10,50,6,Unscaled,Gaussian,absolute_residual,0.96125,30508139405856.56,22.307020799411,0.0,True,7200,800
0.1,10,50,6,Empirical_copula,Gaussian,absolute_residual,0.91875,80237049261.8303,26.53424937002324,0.0,True,7200,800
0.1,10,50,7,TSCP_R,Gaussian,absolute_residual,0.8725,41460939751.38912,26.759594078973443,0.0030062198638916016,True,7200,800
0.1,10,50,7,Point_CHR,Gaussian,absolute_residual,0.94375,196116797101.14435,37.445209152739245,0.0009999275207519531,True,7200,800
0.1,10,50,7,Unscaled,Gaussian,absolute_residual,0.93875,12862360552391.361,20.461245582125667,0.0,True,7200,800
0.1,10,50,7,Empirical_copula,Gaussian,absolute_residual,0.8,27403174609.382042,24.65218605395818,0.0010833740234375,True,7200,800
0.1,10,50,8,TSCP_R,Gaussian,absolute_residual,0.805,22718835030.235317,22.230767989080153,0.00400090217590332,True,7200,800
0.1,10,50,8,Point_CHR,Gaussian,absolute_residual,0.8675,53085726916.65962,27.177085979940863,0.0,True,7200,800
0.1,10,50,8,Unscaled,Gaussian,absolute_residual,0.84125,2768096856159.3184,17.54761624947443,0.0,True,7200,800
0.1,10,50,8,Empirical_copula,Gaussian,absolute_residual,0.70125,16578273894.736982,21.33551710253689,0.0010077953338623047,True,7200,800
0.1,10,50,9,TSCP_R,Gaussian,absolute_residual,0.9475,165233344894.60934,34.56932089305879,0.003004312515258789,True,7200,800
0.1,10,50,9,Point_CHR,Gaussian,absolute_residual,0.915,141354091647.62582,25.94493725146247,0.0,True,7200,800
0.1,10,50,9,Unscaled,Gaussian,absolute_residual,0.92875,16372317529647.44,20.960952600238176,0.0,True,7200,800
0.1,10,50,9,Empirical_copula,Gaussian,absolute_residual,0.87875,92602517247.18355,47.446841492248005,0.0009999275207519531,True,7200,800
0.1,10,50,10,TSCP_R,Gaussian,absolute_residual,0.96,142063540134.42572,30.505655739458053,0.0029973983764648438,True,7200,800
0.1,10,50,10,Point_CHR,Gaussian,absolute_residual,0.98875,1096976386061.1735,38.818529122773306,0.0,True,7200,800
0.1,10,50,10,Unscaled,Gaussian,absolute_residual,0.935,15254691985106.188,20.813271253546937,0.0,True,7200,800
0.1,10,50,10,Empirical_copula,Gaussian,absolute_residual,0.85125,47531695558.65833,29.542188338587955,0.0009932518005371094,True,7200,800
0.1,10,50,11,TSCP_R,Gaussian,absolute_residual,0.83875,32654350841.04391,24.091840630855554,0.0030007362365722656,True,7200,800
0.1,10,50,11,Point_CHR,Gaussian,absolute_residual,0.7725,20634481669.891827,23.846922632663265,0.0,True,7200,800
0.1,10,50,11,Unscaled,Gaussian,absolute_residual,0.86125,3795028113663.714,18.11012716139699,0.0,True,7200,800
0.1,10,50,11,Empirical_copula,Gaussian,absolute_residual,0.7525,15961962184.98083,22.67432084326071,0.001003265380859375,True,7200,800
0.1,10,50,12,TSCP_R,Gaussian,absolute_residual,0.94625,172994726453.6687,31.487205775172686,0.0030052661895751953,True,7200,800
0.1,10,50,12,Point_CHR,Gaussian,absolute_residual,0.90375,83456155598.01747,27.832669713894518,0.0,True,7200,800
0.1,10,50,12,Unscaled,Gaussian,absolute_residual,0.92625,14432998178618.174,20.69834662953184,0.0,True,7200,800
0.1,10,50,12,Empirical_copula,Gaussian,absolute_residual,0.86,39796325063.27083,23.858084939081436,0.0009999275207519531,True,7200,800
0.1,10,50,13,TSCP_R,Gaussian,absolute_residual,0.90125,103258262190.59502,24.624919949804436,0.0030057430267333984,True,7200,800
0.1,10,50,13,Point_CHR,Gaussian,absolute_residual,0.9225,169395498655.98135,26.793583122755106,0.0010006427764892578,True,7200,800
0.1,10,50,13,Unscaled,Gaussian,absolute_residual,0.825,2781739633047.2173,17.5562456047923,0.0,True,7200,800
0.1,10,50,13,Empirical_copula,Gaussian,absolute_residual,0.7375,21340677683.095707,24.907711491988852,0.0,True,7200,800
0.1,10,50,14,TSCP_R,Gaussian,absolute_residual,0.9575,177257075305.4231,27.580024017439065,0.004003763198852539,True,7200,800
0.1,10,50,14,Point_CHR,Gaussian,absolute_residual,0.8975,63557699184.47941,23.31753977167947,0.000997781753540039,True,7200,800
0.1,10,50,14,Unscaled,Gaussian,absolute_residual,0.88,5676141513886.593,18.85407895534458,0.0,True,7200,800
0.1,10,50,14,Empirical_copula,Gaussian,absolute_residual,0.86875,56373947107.69338,27.679409458681327,0.0,True,7200,800
0.1,10,50,15,TSCP_R,Gaussian,absolute_residual,0.94,122472398892.79745,28.494565474308477,0.003998756408691406,True,7200,800
0.1,10,50,15,Point_CHR,Gaussian,absolute_residual,0.95375,546965607679.2655,41.85673079248105,0.0,True,7200,800
0.1,10,50,15,Unscaled,Gaussian,absolute_residual,0.9475,28288603749445.75,22.139160627192204,0.0,True,7200,800
0.1,10,50,15,Empirical_copula,Gaussian,absolute_residual,0.85,42510951215.53289,27.40216651403082,0.0010023117065429688,True,7200,800
0.1,10,50,16,TSCP_R,Gaussian,absolute_residual,0.8625,36867770363.967636,25.569421306393245,0.0030057430267333984,True,7200,800
0.1,10,50,16,Point_CHR,Gaussian,absolute_residual,0.88125,106212499378.1229,28.754535335532253,0.0009949207305908203,True,7200,800
0.1,10,50,16,Unscaled,Gaussian,absolute_residual,0.86875,5029228901139.262,18.62730991452033,0.0,True,7200,800
0.1,10,50,16,Empirical_copula,Gaussian,absolute_residual,0.8075,23938311473.96134,24.307001222477673,0.0010101795196533203,True,7200,800
0.1,10,50,17,TSCP_R,Gaussian,absolute_residual,0.94,79348722516.78627,23.987599351318856,0.0040090084075927734,True,7200,800
0.1,10,50,17,Point_CHR,Gaussian,absolute_residual,0.97875,1183072709493.0938,37.25794300564266,0.0,True,7200,800
0.1,10,50,17,Unscaled,Gaussian,absolute_residual,0.91125,7848305651460.591,19.475005582080218,0.0,True,7200,800
0.1,10,50,17,Empirical_copula,Gaussian,absolute_residual,0.86375,38921606526.59822,26.171855645332677,0.0009980201721191406,True,7200,800
0.1,10,50,18,TSCP_R,Gaussian,absolute_residual,0.8375,25698612138.666885,26.52040006305284,0.00299835205078125,True,7200,800
0.1,10,50,18,Point_CHR,Gaussian,absolute_residual,0.86625,74019985320.2311,28.178466703706903,0.0,True,7200,800
0.1,10,50,18,Unscaled,Gaussian,absolute_residual,0.87875,4507485269051.563,18.424403303447964,0.0,True,7200,800
0.1,10,50,18,Empirical_copula,Gaussian,absolute_residual,0.73875,10250717581.042696,22.688345880039165,0.0,True,7200,800
0.1,10,50,19,TSCP_R,Gaussian,absolute_residual,0.9675,229340879894.12778,30.72894114601081,0.004000186920166016,True,7200,800
0.1,10,50,19,Point_CHR,Gaussian,absolute_residual,0.975,620798161931.3933,32.8315477428497,0.0,True,7200,800
0.1,10,50,19,Unscaled,Gaussian,absolute_residual,0.935,14521091628711.15,20.7109455355261,0.0,True,7200,800
0.1,10,50,19,Empirical_copula,Gaussian,absolute_residual,0.8875,69055037451.1673,24.313830201016078,0.0009992122650146484,True,7200,800
0.1,10,50,20,TSCP_R,Gaussian,absolute_residual,0.92625,92467606341.63145,28.712107888631103,0.0029897689819335938,True,7200,800
0.1,10,50,20,Point_CHR,Gaussian,absolute_residual,0.7775,13499716596.188698,22.936193273073314,0.001001119613647461,True,7200,800
0.1,10,50,20,Unscaled,Gaussian,absolute_residual,0.8625,3985147834558.484,18.19887087865521,0.0,True,7200,800
0.1,10,50,20,Empirical_copula,Gaussian,absolute_residual,0.83,30639319496.856895,27.81432173440873,0.0009999275207519531,True,7200,800
0.1,10,50,21,TSCP_R,Gaussian,absolute_residual,0.88,55369961778.711395,28.833589669194623,0.0029959678649902344,True,7200,800
0.1,10,50,21,Point_CHR,Gaussian,absolute_residual,0.905,114846157065.9938,31.484327351480644,0.0,True,7200,800
0.1,10,50,21,Unscaled,Gaussian,absolute_residual,0.87625,6086958855014.181,18.98628678823312,0.0,True,7200,800
0.1,10,50,21,Empirical_copula,Gaussian,absolute_residual,0.76,20290059396.56804,27.3152778806054,0.0010988712310791016,True,7200,800
0.1,10,50,22,TSCP_R,Gaussian,absolute_residual,0.87375,33299899783.720173,26.67495336794904,0.003007650375366211,True,7200,800
0.1,10,50,22,Point_CHR,Gaussian,absolute_residual,0.91375,123875928381.10422,31.73349219286306,0.0,True,7200,800
0.1,10,50,22,Unscaled,Gaussian,absolute_residual,0.9425,19394082012568.324,21.319004574498802,0.0,True,7200,800
0.1,10,50,22,Empirical_copula,Gaussian,absolute_residual,0.795,16734106177.845245,24.512099016378617,0.0010030269622802734,True,7200,800
0.1,10,50,23,TSCP_R,Gaussian,absolute_residual,0.8625,33059396743.173027,26.9968181868158,0.0030014514923095703,True,7200,800
0.1,10,50,23,Point_CHR,Gaussian,absolute_residual,0.94125,212589217454.94632,35.45487720970985,0.0009987354278564453,True,7200,800
0.1,10,50,23,Unscaled,Gaussian,absolute_residual,0.9625,30352293551452.6,22.29559934190843,0.0,True,7200,800
0.1,10,50,23,Empirical_copula,Gaussian,absolute_residual,0.83875,26169366815.05974,24.703128901093393,0.001007080078125,True,7200,800
0.1,10,50,24,TSCP_R,Gaussian,absolute_residual,0.85875,38540845466.789246,26.27056398309479,0.00400090217590332,True,7200,800
0.1,10,50,24,Point_CHR,Gaussian,absolute_residual,0.875,46761414028.889984,23.916870409999774,0.0009980201721191406,True,7200,800
0.1,10,50,24,Unscaled,Gaussian,absolute_residual,0.885,6274419697674.354,19.04396420662426,0.0,True,7200,800
0.1,10,50,24,Empirical_copula,Gaussian,absolute_residual,0.78125,25305603564.48746,23.751784301819352,0.0010013580322265625,True,7200,800
0.1,10,50,25,TSCP_R,Gaussian,absolute_residual,0.8875,35965460908.821,24.088506840908504,0.0030050277709960938,True,7200,800
0.1,10,50,25,Point_CHR,Gaussian,absolute_residual,0.95375,185690415893.59738,28.725790780902976,0.0,True,7200,800
0.1,10,50,25,Unscaled,Gaussian,absolute_residual,0.89375,7769017172851.119,19.455240694783694,0.0,True,7200,800
0.1,10,50,25,Empirical_copula,Gaussian,absolute_residual,0.8125,20194035840.830807,24.674401978567573,0.0009944438934326172,True,7200,800
0.1,10,50,26,TSCP_R,Gaussian,absolute_residual,0.9675,310688604266.8282,29.38281007042821,0.002998828887939453,True,7200,800
0.1,10,50,26,Point_CHR,Gaussian,absolute_residual,0.99125,1329751594885.4524,29.458689979616526,0.0010018348693847656,True,7200,800
0.1,10,50,26,Unscaled,Gaussian,absolute_residual,0.8725,3441156329436.846,17.93372229023318,0.0,True,7200,800
0.1,10,50,26,Empirical_copula,Gaussian,absolute_residual,0.8625,66493221431.67477,26.288824465234875,0.0010089874267578125,True,7200,800
0.1,10,50,27,TSCP_R,Gaussian,absolute_residual,0.9575,157609609302.57822,30.64334866773432,0.004006624221801758,True,7200,800
0.1,10,50,27,Point_CHR,Gaussian,absolute_residual,0.90125,115044689380.90219,34.78664421791812,0.0,True,7200,800
0.1,10,50,27,Unscaled,Gaussian,absolute_residual,0.93,18124789079896.92,21.175189039066478,0.0,True,7200,800
0.1,10,50,27,Empirical_copula,Gaussian,absolute_residual,0.8725,46358209760.753334,33.011637059375616,0.0009999275207519531,True,7200,800
0.1,10,50,28,TSCP_R,Gaussian,absolute_residual,0.9075,67901592565.2532,26.218968153422487,0.0030069351196289062,True,7200,800
0.1,10,50,28,Point_CHR,Gaussian,absolute_residual,0.97375,677330785148.539,32.755272542453596,0.0,True,7200,800
0.1,10,50,28,Unscaled,Gaussian,absolute_residual,0.91375,10335019435673.291,20.01848144201341,0.0,True,7200,800
0.1,10,50,28,Empirical_copula,Gaussian,absolute_residual,0.84,39441378446.491135,26.499225693963858,0.0009999275207519531,True,7200,800
0.1,10,50,29,TSCP_R,Gaussian,absolute_residual,0.83,25725444680.336452,22.770419801237963,0.0030012130737304688,True,7200,800
0.1,10,50,29,Point_CHR,Gaussian,absolute_residual,0.805,20941338543.511864,22.226139949851223,0.0,True,7200,800
0.1,10,50,29,Unscaled,Gaussian,absolute_residual,0.81875,2002238040826.2593,16.988364509913495,0.0,True,7200,800
0.1,10,50,29,Empirical_copula,Gaussian,absolute_residual,0.79,27575055677.31014,22.72117984200768,0.0,True,7200,800
0.1,10,50,30,TSCP_R,Gaussian,absolute_residual,0.87,40373894696.328316,24.34669463840516,0.003010272979736328,True,7200,800
0.1,10,50,30,Point_CHR,Gaussian,absolute_residual,0.95625,153554611250.83804,30.90197262206651,0.0009963512420654297,True,7200,800
0.1,10,50,30,Unscaled,Gaussian,absolute_residual,0.925,10153354331995.408,19.983012233373135,0.0,True,7200,800
0.1,10,50,30,Empirical_copula,Gaussian,absolute_residual,0.77375,16522386387.830206,24.320699670690736,0.0,True,7200,800
0.1,10,50,31,TSCP_R,Gaussian,absolute_residual,0.9375,115087582370.43362,30.924972734562516,0.0030062198638916016,True,7200,800
0.1,10,50,31,Point_CHR,Gaussian,absolute_residual,0.97625,2146779273399.3584,46.391159162526726,0.0,True,7200,800
0.1,10,50,31,Unscaled,Gaussian,absolute_residual,0.92375,15925341316970.965,20.903012241923854,0.0,True,7200,800
0.1,10,50,31,Empirical_copula,Gaussian,absolute_residual,0.85125,63810427617.41349,40.19101048704844,0.0,True,7200,800
0.1,10,50,32,TSCP_R,Gaussian,absolute_residual,0.8375,36074990271.37822,24.76018471837945,0.004000663757324219,True,7200,800
0.1,10,50,32,Point_CHR,Gaussian,absolute_residual,0.85375,64321105912.10885,25.778743559203882,0.0,True,7200,800
0.1,10,50,32,Unscaled,Gaussian,absolute_residual,0.88625,8227649567576.942,19.567150194170853,0.0,True,7200,800
0.1,10,50,32,Empirical_copula,Gaussian,absolute_residual,0.74875,17210909953.48571,23.64414083317955,0.0,True,7200,800
0.1,10,50,33,TSCP_R,Gaussian,absolute_residual,0.90625,74770761749.59003,28.414773972663866,0.0029997825622558594,True,7200,800
0.1,10,50,33,Point_CHR,Gaussian,absolute_residual,0.94375,470298374382.3251,41.12690183449736,0.0010068416595458984,True,7200,800
0.1,10,50,33,Unscaled,Gaussian,absolute_residual,0.94875,22213358910227.35,21.610331221928313,0.0,True,7200,800
0.1,10,50,33,Empirical_copula,Gaussian,absolute_residual,0.79625,26318394288.55494,27.83158337564168,0.0,True,7200,800
0.1,10,50,34,TSCP_R,Gaussian,absolute_residual,0.9375,110630409843.60925,31.059675747544386,0.0030066967010498047,True,7200,800
0.1,10,50,34,Point_CHR,Gaussian,absolute_residual,0.90375,122878707743.1885,34.82360388669751,0.00099945068359375,True,7200,800
0.1,10,50,34,Unscaled,Gaussian,absolute_residual,0.945,12677211665830.959,20.431599838464845,0.0,True,7200,800
0.1,10,50,34,Empirical_copula,Gaussian,absolute_residual,0.82,39266447049.332375,29.384807664543253,0.0009937286376953125,True,7200,800
0.1,10,50,35,TSCP_R,Gaussian,absolute_residual,0.8175,32084799081.333393,27.744018339034675,0.0030450820922851562,True,7200,800
0.1,10,50,35,Point_CHR,Gaussian,absolute_residual,0.86,67612192170.908745,34.61740683135472,0.000978231430053711,True,7200,800
0.1,10,50,35,Unscaled,Gaussian,absolute_residual,0.9375,14171173612678.63,20.660488311164684,0.0,True,7200,800
0.1,10,50,35,Empirical_copula,Gaussian,absolute_residual,0.7375,15247413436.409945,26.225616498958466,0.0009768009185791016,True,7200,800
0.1,10,50,36,TSCP_R,Gaussian,absolute_residual,0.97,213266519068.15048,35.26303682962832,0.0030088424682617188,True,7200,800
0.1,10,50,36,Point_CHR,Gaussian,absolute_residual,0.99875,4174162172664.9355,48.292584331176116,0.0,True,7200,800
0.1,10,50,36,Unscaled,Gaussian,absolute_residual,0.96625,32800899284788.35,22.469249932887195,0.0,True,7200,800
0.1,10,50,36,Empirical_copula,Gaussian,absolute_residual,0.9325,95824443249.37009,25.368232282083465,0.0009984970092773438,True,7200,800
0.1,10,50,37,TSCP_R,Gaussian,absolute_residual,0.92,77451547259.01512,23.944689925064537,0.00200653076171875,True,7200,800
0.1,10,50,37,Point_CHR,Gaussian,absolute_residual,0.80125,32321893500.540398,23.13784936645822,0.0,True,7200,800
0.1,10,50,37,Unscaled,Gaussian,absolute_residual,0.79,1743539040701.3362,16.754951214640883,0.0,True,7200,800
0.1,10,50,37,Empirical_copula,Gaussian,absolute_residual,0.77,22285743325.712692,22.5635071043734,0.0009975433349609375,True,7200,800
0.1,10,50,38,TSCP_R,Gaussian,absolute_residual,0.94875,214364575716.66574,25.398398639092747,0.002993345260620117,True,7200,800
0.1,10,50,38,Point_CHR,Gaussian,absolute_residual,0.94125,433320645387.81256,32.30580398260999,0.0,True,7200,800
0.1,10,50,38,Unscaled,Gaussian,absolute_residual,0.86875,6751538644960.681,19.184049033190536,0.0,True,7200,800
0.1,10,50,38,Empirical_copula,Gaussian,absolute_residual,0.80375,47733691923.93114,22.646111220272285,0.0010001659393310547,True,7200,800
0.1,10,50,39,TSCP_R,Gaussian,absolute_residual,0.915,92055822669.31815,27.130258752196447,0.0030007362365722656,True,7200,800
0.1,10,50,39,Point_CHR,Gaussian,absolute_residual,0.95125,231686080677.2052,29.22734432766092,0.0010006427764892578,True,7200,800
0.1,10,50,39,Unscaled,Gaussian,absolute_residual,0.875,5368030895975.317,18.74914642005722,0.0,True,7200,800
0.1,10,50,39,Empirical_copula,Gaussian,absolute_residual,0.86125,40251478977.85147,26.541674720954738,0.001001596450805664,True,7200,800
0.1,10,50,40,TSCP_R,Gaussian,absolute_residual,0.905,54814917174.99764,25.573953647142545,0.0030052661895751953,True,7200,800
0.1,10,50,40,Point_CHR,Gaussian,absolute_residual,0.96,443514113039.37854,32.96153041128359,0.00099945068359375,True,7200,800
0.1,10,50,40,Unscaled,Gaussian,absolute_residual,0.8925,6164824017033.245,19.01043560324961,0.0,True,7200,800
0.1,10,50,40,Empirical_copula,Gaussian,absolute_residual,0.82875,34417968876.4258,28.337874057583598,0.0010001659393310547,True,7200,800
0.1,10,50,41,TSCP_R,Gaussian,absolute_residual,0.9425,201299669587.33807,33.102601294679765,0.0030012130737304688,True,7200,800
0.1,10,50,41,Point_CHR,Gaussian,absolute_residual,0.97,677849653078.8389,37.062666933513896,0.0,True,7200,800
0.1,10,50,41,Unscaled,Gaussian,absolute_residual,0.9075,10659518505442.955,20.080464690845183,0.0,True,7200,800
0.1,10,50,41,Empirical_copula,Gaussian,absolute_residual,0.90125,78025702367.65778,26.910321788076196,0.0,True,7200,800
0.1,10,50,42,TSCP_R,Gaussian,absolute_residual,0.9575,149510493407.45425,33.58773974732388,0.00400233268737793,True,7200,800
0.1,10,50,42,Point_CHR,Gaussian,absolute_residual,0.95625,392603738233.15393,32.039530548558005,0.0,True,7200,800
0.1,10,50,42,Unscaled,Gaussian,absolute_residual,0.935,15967634145156.668,20.908556818768783,0.0,True,7200,800
0.1,10,50,42,Empirical_copula,Gaussian,absolute_residual,0.85375,43396794198.941124,37.88905307311982,0.0010006427764892578,True,7200,800
0.1,10,50,43,TSCP_R,Gaussian,absolute_residual,0.80625,19545453200.564816,24.450264253548426,0.00299835205078125,True,7200,800
0.1,10,50,43,Point_CHR,Gaussian,absolute_residual,0.85375,34828531808.80522,34.42652893148958,0.0,True,7200,800
0.1,10,50,43,Unscaled,Gaussian,absolute_residual,0.88375,5454024366900.297,18.7789673730052,0.0,True,7200,800
0.1,10,50,43,Empirical_copula,Gaussian,absolute_residual,0.72125,9283530168.506077,22.925735139208086,0.0009965896606445312,True,7200,800
0.1,10,50,44,TSCP_R,Gaussian,absolute_residual,0.92625,90682824567.59895,29.668654926785187,0.003008127212524414,True,7200,800
0.1,10,50,44,Point_CHR,Gaussian,absolute_residual,0.97125,525220305326.4475,34.54988366217779,0.0,True,7200,800
0.1,10,50,44,Unscaled,Gaussian,absolute_residual,0.92125,10784957520952.906,20.103970758016377,0.0,True,7200,800
0.1,10,50,44,Empirical_copula,Gaussian,absolute_residual,0.8675,42328126376.63495,26.18316920573378,0.0010073184967041016,True,7200,800
0.1,10,50,45,TSCP_R,Gaussian,absolute_residual,0.8775,31621129402.001728,24.792541234640193,0.0029959678649902344,True,7200,800
0.1,10,50,45,Point_CHR,Gaussian,absolute_residual,0.955,192031856049.513,27.191486233706815,0.001001119613647461,True,7200,800
0.1,10,50,45,Unscaled,Gaussian,absolute_residual,0.85,3177215583580.2026,17.791176508913832,0.0,True,7200,800
0.1,10,50,45,Empirical_copula,Gaussian,absolute_residual,0.815,23824539967.774555,21.554916300691424,0.0010001659393310547,True,7200,800
0.1,10,50,46,TSCP_R,Gaussian,absolute_residual,0.97125,314486030043.10614,30.77767418284536,0.0019989013671875,True,7200,800
0.1,10,50,46,Point_CHR,Gaussian,absolute_residual,0.94,276645579400.44244,35.264298609703246,0.0,True,7200,800
0.1,10,50,46,Unscaled,Gaussian,absolute_residual,0.9575,39778684370811.69,22.906832571319132,0.0,True,7200,800
0.1,10,50,46,Empirical_copula,Gaussian,absolute_residual,0.88125,101032189949.92816,28.75633358711473,0.0010006427764892578,True,7200,800
0.1,10,50,47,TSCP_R,Gaussian,absolute_residual,0.92125,62121983697.88915,25.09262960762023,0.004004001617431641,True,7200,800
0.1,10,50,47,Point_CHR,Gaussian,absolute_residual,0.975,630904464573.1605,37.06557442654812,0.0009982585906982422,True,7200,800
0.1,10,50,47,Unscaled,Gaussian,absolute_residual,0.93125,11528040207467.633,20.238370782486104,0.0,True,7200,800
0.1,10,50,47,Empirical_copula,Gaussian,absolute_residual,0.86125,33127959693.64649,24.144173680916445,0.0,True,7200,800
0.1,10,50,48,TSCP_R,Gaussian,absolute_residual,0.96125,131029042090.56445,31.341261830175235,0.003000497817993164,True,7200,800
0.1,10,50,48,Point_CHR,Gaussian,absolute_residual,0.9875,509982121686.8669,32.02213441282628,0.0,True,7200,800
0.1,10,50,48,Unscaled,Gaussian,absolute_residual,0.9225,16259892507069.207,20.946514514721184,0.0,True,7200,800
0.1,10,50,48,Empirical_copula,Gaussian,absolute_residual,0.9075,63185358500.93092,29.21810090205306,0.0,True,7200,800
0.1,10,50,49,TSCP_R,Gaussian,absolute_residual,0.9625,136569406253.78258,27.38989012917006,0.0029914379119873047,True,7200,800
0.1,10,50,49,Point_CHR,Gaussian,absolute_residual,0.96125,593152174771.323,36.59462552313527,0.0,True,7200,800
0.1,10,50,49,Unscaled,Gaussian,absolute_residual,0.93125,14504400849826.768,20.708563753556362,0.0,True,7200,800
0.1,10,50,49,Empirical_copula,Gaussian,absolute_residual,0.90125,47289931807.75301,24.7316960691276,0.0010068416595458984,True,7200,800
0.1,10,50,50,TSCP_R,Gaussian,absolute_residual,0.95875,236925635192.51254,29.732036114209514,0.003004789352416992,True,7200,800
0.1,10,50,50,Point_CHR,Gaussian,absolute_residual,0.9625,459629319867.0944,33.18568516621833,0.0,True,7200,800
0.1,10,50,50,Unscaled,Gaussian,absolute_residual,0.87875,5561712760686.124,18.815720603429966,0.0,True,7200,800
0.1,10,50,50,Empirical_copula,Gaussian,absolute_residual,0.82125,45287015660.09003,26.377583274859443,0.0009999275207519531,True,7200,800
0.1,10,50,51,TSCP_R,Gaussian,absolute_residual,0.9425,109106994448.55754,30.865938000637406,0.0030074119567871094,True,7200,800
0.1,10,50,51,Point_CHR,Gaussian,absolute_residual,0.96,585813426822.4995,39.08490938195288,0.00099945068359375,True,7200,800
0.1,10,50,51,Unscaled,Gaussian,absolute_residual,0.92125,14278033468470.902,20.676015047433605,0.0,True,7200,800
0.1,10,50,51,Empirical_copula,Gaussian,absolute_residual,0.855,29802805937.544823,24.381612080269385,0.0009953975677490234,True,7200,800
0.1,10,50,52,TSCP_R,Gaussian,absolute_residual,0.8425,33111265012.600918,25.68623368157933,0.0039942264556884766,True,7200,800
0.1,10,50,52,Point_CHR,Gaussian,absolute_residual,0.965,1568896225009.5361,50.2534150601409,0.0,True,7200,800
0.1,10,50,52,Unscaled,Gaussian,absolute_residual,0.93625,16136766486088.355,20.930598716424722,0.001001119613647461,True,7200,800
0.1,10,50,52,Empirical_copula,Gaussian,absolute_residual,0.735,14745887612.539581,22.7539451568657,0.0,True,7200,800
0.1,10,50,53,TSCP_R,Gaussian,absolute_residual,0.86875,32033659980.762775,24.157992441408908,0.0029985904693603516,True,7200,800
0.1,10,50,53,Point_CHR,Gaussian,absolute_residual,0.87125,59259691420.81722,25.68277621028908,0.0,True,7200,800
0.1,10,50,53,Unscaled,Gaussian,absolute_residual,0.84,2700352444975.9277,17.504191062804768,0.0,True,7200,800
0.1,10,50,53,Empirical_copula,Gaussian,absolute_residual,0.7775,14501617629.790443,20.253257266331065,0.0009989738464355469,True,7200,800
0.1,10,50,54,TSCP_R,Gaussian,absolute_residual,0.9275,62508772330.97952,26.1173100919628,0.002992391586303711,True,7200,800
0.1,10,50,54,Point_CHR,Gaussian,absolute_residual,0.97125,636618313155.1025,38.48293108248859,0.0010077953338623047,True,7200,800
0.1,10,50,54,Unscaled,Gaussian,absolute_residual,0.9125,5851924103416.035,18.911669454081665,0.0,True,7200,800
0.1,10,50,54,Empirical_copula,Gaussian,absolute_residual,0.83375,27636188528.501877,25.458911434561273,0.0009987354278564453,True,7200,800
0.1,10,50,55,TSCP_R,Gaussian,absolute_residual,0.84625,27975304958.565407,25.42205719321366,0.003008127212524414,True,7200,800
0.1,10,50,55,Point_CHR,Gaussian,absolute_residual,0.8475,39448548211.32189,25.051741475540496,0.0,True,7200,800
0.1,10,50,55,Unscaled,Gaussian,absolute_residual,0.865,3369606953473.9243,17.896080497455586,0.0,True,7200,800
0.1,10,50,55,Empirical_copula,Gaussian,absolute_residual,0.72,10000996070.373589,24.785174605656916,0.001001119613647461,True,7200,800
0.1,10,50,56,TSCP_R,Gaussian,absolute_residual,0.93125,115918233843.24052,30.011227059788126,0.0030024051666259766,True,7200,800
0.1,10,50,56,Point_CHR,Gaussian,absolute_residual,0.895,68463752504.14071,27.000122517615313,0.0,True,7200,800
0.1,10,50,56,Unscaled,Gaussian,absolute_residual,0.93875,32602916436703.258,22.45565074668699,0.0,True,7200,800
0.1,10,50,56,Empirical_copula,Gaussian,absolute_residual,0.855,40436357144.06043,24.950463256206,0.001001119613647461,True,7200,800
0.1,10,50,57,TSCP_R,Gaussian,absolute_residual,0.8675,38449506339.63301,28.40293431129058,0.002997875213623047,True,7200,800
0.1,10,50,57,Point_CHR,Gaussian,absolute_residual,0.95,146709381906.50058,30.44190558525809,0.001001119613647461,True,7200,800
0.1,10,50,57,Unscaled,Gaussian,absolute_residual,0.90375,9061381740538.094,19.756929161473547,0.0,True,7200,800
0.1,10,50,57,Empirical_copula,Gaussian,absolute_residual,0.785,22419394335.11456,34.03727690255124,0.0,True,7200,800
0.1,10,50,58,TSCP_R,Gaussian,absolute_residual,0.95625,175821872604.6724,28.756809466713037,0.003007173538208008,True,7200,800
0.1,10,50,58,Point_CHR,Gaussian,absolute_residual,0.93,97551985418.94063,27.457284684941346,0.0009922981262207031,True,7200,800
0.1,10,50,58,Unscaled,Gaussian,absolute_residual,0.92375,12443813472887.578,20.39366820478001,0.0,True,7200,800
0.1,10,50,58,Empirical_copula,Gaussian,absolute_residual,0.8975,94530957829.27249,24.315588573765822,0.0,True,7200,800
0.1,10,50,59,TSCP_R,Gaussian,absolute_residual,0.85125,34658855054.884476,27.277510779547804,0.0030014514923095703,True,7200,800
0.1,10,50,59,Point_CHR,Gaussian,absolute_residual,0.865,51497422086.85076,33.33389292965741,0.0009989738464355469,True,7200,800
0.1,10,50,59,Unscaled,Gaussian,absolute_residual,0.8875,6292216997562.138,19.049359116687164,0.0,True,7200,800
0.1,10,50,59,Empirical_copula,Gaussian,absolute_residual,0.77875,26964644768.64803,33.66958458656758,0.0,True,7200,800
0.1,10,50,60,TSCP_R,Gaussian,absolute_residual,0.89125,52959649134.26525,30.548149029368112,0.0030028820037841797,True,7200,800
0.1,10,50,60,Point_CHR,Gaussian,absolute_residual,0.75,13378123700.420582,26.82512540498766,0.000997781753540039,True,7200,800
0.1,10,50,60,Unscaled,Gaussian,absolute_residual,0.875,4741145911647.527,18.51775492639409,0.0,True,7200,800
0.1,10,50,60,Empirical_copula,Gaussian,absolute_residual,0.74875,14953503299.572874,23.48952500832716,0.0010080337524414062,True,7200,800
0.1,10,50,61,TSCP_R,Gaussian,absolute_residual,0.90375,72972410194.15038,23.874826144350674,0.0030074119567871094,True,7200,800
0.1,10,50,61,Point_CHR,Gaussian,absolute_residual,0.94625,338469483678.06366,26.50159688763759,0.0,True,7200,800
0.1,10,50,61,Unscaled,Gaussian,absolute_residual,0.82875,3095145364822.6895,17.744677270378908,0.0,True,7200,800
0.1,10,50,61,Empirical_copula,Gaussian,absolute_residual,0.795,32090879357.802734,19.687444332458675,0.0009942054748535156,True,7200,800
0.1,10,50,62,TSCP_R,Gaussian,absolute_residual,0.90875,60202236049.782776,28.092452530773397,0.003007650375366211,True,7200,800
0.1,10,50,62,Point_CHR,Gaussian,absolute_residual,0.9425,183770342608.0939,32.191705644019386,0.00099945068359375,True,7200,800
0.1,10,50,62,Unscaled,Gaussian,absolute_residual,0.91875,10041522254223.195,19.96089248906247,0.0,True,7200,800
0.1,10,50,62,Empirical_copula,Gaussian,absolute_residual,0.85125,28174545669.689938,24.136118641115125,0.0,True,7200,800
0.1,10,50,63,TSCP_R,Gaussian,absolute_residual,0.94375,133419361870.56921,28.376458142059835,0.0030059814453125,True,7200,800
0.1,10,50,63,Point_CHR,Gaussian,absolute_residual,0.9575,453855089692.19324,33.22255816037235,0.00099945068359375,True,7200,800
0.1,10,50,63,Unscaled,Gaussian,absolute_residual,0.90625,8876122947492.898,19.716159866157348,0.0,True,7200,800
0.1,10,50,63,Empirical_copula,Gaussian,absolute_residual,0.84375,50495691077.296295,26.23804635061513,0.0,True,7200,800
0.1,10,50,64,TSCP_R,Gaussian,absolute_residual,0.90375,44818962371.56637,25.82654408600922,0.0030069351196289062,True,7200,800
0.1,10,50,64,Point_CHR,Gaussian,absolute_residual,0.89625,72633881892.66307,31.785155139377725,0.0,True,7200,800
0.1,10,50,64,Unscaled,Gaussian,absolute_residual,0.955,11130208213678.762,20.167419350690878,0.0,True,7200,800
0.1,10,50,64,Empirical_copula,Gaussian,absolute_residual,0.81625,22047353127.981895,22.882378766807626,0.0009937286376953125,True,7200,800
0.1,10,50,65,TSCP_R,Gaussian,absolute_residual,0.95125,125943325430.04558,27.522289245228066,0.003998756408691406,True,7200,800
0.1,10,50,65,Point_CHR,Gaussian,absolute_residual,0.94375,347033244709.6051,38.82266394103618,0.0,True,7200,800
0.1,10,50,65,Unscaled,Gaussian,absolute_residual,0.93125,15763784970101.416,20.881709524884766,0.0,True,7200,800
0.1,10,50,65,Empirical_copula,Gaussian,absolute_residual,0.8225,33837299609.41088,27.654598688921716,0.0009999275207519531,True,7200,800
0.1,10,50,66,TSCP_R,Gaussian,absolute_residual,0.91375,123353549002.53525,29.049274508105967,0.003999471664428711,True,7200,800
0.1,10,50,66,Point_CHR,Gaussian,absolute_residual,0.8875,145730313536.9467,24.192856254268744,0.0009999275207519531,True,7200,800
0.1,10,50,66,Unscaled,Gaussian,absolute_residual,0.92625,18877008694802.82,21.261471449523437,0.0,True,7200,800
0.1,10,50,66,Empirical_copula,Gaussian,absolute_residual,0.81375,52982112986.68742,28.089296096408454,0.0009992122650146484,True,7200,800
0.1,10,50,67,TSCP_R,Gaussian,absolute_residual,0.86625,37575750448.6037,23.82235005460507,0.0030088424682617188,True,7200,800
0.1,10,50,67,Point_CHR,Gaussian,absolute_residual,0.8675,72931489186.60663,28.241634690451445,0.0,True,7200,800
0.1,10,50,67,Unscaled,Gaussian,absolute_residual,0.845,2991116671995.0938,17.684115199015398,0.000993490219116211,True,7200,800
0.1,10,50,67,Empirical_copula,Gaussian,absolute_residual,0.72375,15225632036.621605,20.723597498164423,0.0,True,7200,800
0.1,10,50,68,TSCP_R,Gaussian,absolute_residual,0.84125,36736044046.31405,25.00373609260607,0.002999544143676758,True,7200,800
0.1,10,50,68,Point_CHR,Gaussian,absolute_residual,0.80375,32826349881.42108,26.41190864564652,0.0010080337524414062,True,7200,800
0.1,10,50,68,Unscaled,Gaussian,absolute_residual,0.92625,16689478392852.2,21.001208003472833,0.0,True,7200,800
0.1,10,50,68,Empirical_copula,Gaussian,absolute_residual,0.79375,26294949244.86308,24.895811482031647,0.0009989738464355469,True,7200,800
0.1,10,50,69,TSCP_R,Gaussian,absolute_residual,0.95,138374993035.51657,29.070301077036284,0.0030069351196289062,True,7200,800
0.1,10,50,69,Point_CHR,Gaussian,absolute_residual,0.98125,883268861253.5295,40.65861800507014,0.0,True,7200,800
0.1,10,50,69,Unscaled,Gaussian,absolute_residual,0.95375,32277166292676.58,22.433112793255457,0.0,True,7200,800
0.1,10,50,69,Empirical_copula,Gaussian,absolute_residual,0.87625,51823183073.043976,27.076631048834074,0.0012471675872802734,True,7200,800
0.1,10,50,70,TSCP_R,Gaussian,absolute_residual,0.9,53889402067.12181,26.34197738649151,0.002999544143676758,True,7200,800
0.1,10,50,70,Point_CHR,Gaussian,absolute_residual,0.93875,112110271906.02614,33.48396899696368,0.0010004043579101562,True,7200,800
0.1,10,50,70,Unscaled,Gaussian,absolute_residual,0.9,9202814870021.512,19.787551972426805,0.0,True,7200,800
0.1,10,50,70,Empirical_copula,Gaussian,absolute_residual,0.7975,22484242850.136627,27.39041852088353,0.0,True,7200,800
0.1,10,50,71,TSCP_R,Gaussian,absolute_residual,0.84875,26350263905.6,25.0521354845673,0.003000020980834961,True,7200,800
0.1,10,50,71,Point_CHR,Gaussian,absolute_residual,0.87125,52879226984.43477,27.50074317879158,0.001007080078125,True,7200,800
0.1,10,50,71,Unscaled,Gaussian,absolute_residual,0.9475,24396462728231.645,21.813868271102105,0.0,True,7200,800
0.1,10,50,71,Empirical_copula,Gaussian,absolute_residual,0.78,16869223272.238096,23.155566078185444,0.0,True,7200,800
0.1,10,50,72,TSCP_R,Gaussian,absolute_residual,0.93625,135107218469.48987,30.7863547570839,0.003006458282470703,True,7200,800
0.1,10,50,72,Point_CHR,Gaussian,absolute_residual,0.97125,453434349970.3145,35.20308681480614,0.0009996891021728516,True,7200,800
0.1,10,50,72,Unscaled,Gaussian,absolute_residual,0.915,17246389935166.31,21.070256381788035,0.0,True,7200,800
0.1,10,50,72,Empirical_copula,Gaussian,absolute_residual,0.83625,51067594179.41107,25.702149737820104,0.0,True,7200,800
0.1,10,50,73,TSCP_R,Gaussian,absolute_residual,0.86625,41723325717.99316,23.764488448769,0.003000974655151367,True,7200,800
0.1,10,50,73,Point_CHR,Gaussian,absolute_residual,0.85375,81850287346.29866,27.714759110805662,0.0010089874267578125,True,7200,800
0.1,10,50,73,Unscaled,Gaussian,absolute_residual,0.84875,4181765542833.7,18.28672643407057,0.0,True,7200,800
0.1,10,50,73,Empirical_copula,Gaussian,absolute_residual,0.75375,19952089762.63538,20.54719803900592,0.0009975433349609375,True,7200,800
0.1,10,50,74,TSCP_R,Gaussian,absolute_residual,0.93,87677301574.49448,28.284994591047337,0.0030040740966796875,True,7200,800
0.1,10,50,74,Point_CHR,Gaussian,absolute_residual,0.95875,303953107812.15125,30.865579808174378,0.0,True,7200,800
0.1,10,50,74,Unscaled,Gaussian,absolute_residual,0.965,40898643759195.93,22.970523380847965,0.0010008811950683594,True,7200,800
0.1,10,50,74,Empirical_copula,Gaussian,absolute_residual,0.89125,45746797748.93401,28.20014735975925,0.0,True,7200,800
0.1,10,50,75,TSCP_R,Gaussian,absolute_residual,0.8825,43747382032.196106,26.76948933254205,0.003006458282470703,True,7200,800
0.1,10,50,75,Point_CHR,Gaussian,absolute_residual,0.8125,32124999752.63814,26.809642758104463,0.0,True,7200,800
0.1,10,50,75,Unscaled,Gaussian,absolute_residual,0.93625,13845275917006.809,20.612475929758627,0.0,True,7200,800
0.1,10,50,75,Empirical_copula,Gaussian,absolute_residual,0.75875,16840406204.337597,27.01480971722188,0.0009965896606445312,True,7200,800
0.1,10,50,76,TSCP_R,Gaussian,absolute_residual,0.91875,68128840596.04653,27.93673834991349,0.007006645202636719,True,7200,800
0.1,10,50,76,Point_CHR,Gaussian,absolute_residual,0.985,378144349435.3622,31.260780131983264,0.0,True,7200,800
0.1,10,50,76,Unscaled,Gaussian,absolute_residual,0.8675,5312691103978.035,18.729727400854326,0.0009999275207519531,True,7200,800
0.1,10,50,76,Empirical_copula,Gaussian,absolute_residual,0.85625,45814676609.75371,31.793714610467745,0.0009949207305908203,True,7200,800
0.1,10,50,77,TSCP_R,Gaussian,absolute_residual,0.88125,46765573869.52936,26.930701649796916,0.0030105113983154297,True,7200,800
0.1,10,50,77,Point_CHR,Gaussian,absolute_residual,0.93875,166714990522.37677,30.049549101375362,0.0,True,7200,800
0.1,10,50,77,Unscaled,Gaussian,absolute_residual,0.925,13464418119778.21,20.555060480060888,0.000997304916381836,True,7200,800
0.1,10,50,77,Empirical_copula,Gaussian,absolute_residual,0.83625,37481573390.695,23.663355356134172,0.0,True,7200,800
0.1,10,50,78,TSCP_R,Gaussian,absolute_residual,0.855,26953218050.465527,29.10927202211353,0.003005504608154297,True,7200,800
0.1,10,50,78,Point_CHR,Gaussian,absolute_residual,0.8925,110944737566.28517,40.21358107852068,0.0010006427764892578,True,7200,800
0.1,10,50,78,Unscaled,Gaussian,absolute_residual,0.91875,10789570018411.977,20.104830396752927,0.0,True,7200,800
0.1,10,50,78,Empirical_copula,Gaussian,absolute_residual,0.76375,13598658688.197468,26.263400837806053,0.0,True,7200,800
0.1,10,50,79,TSCP_R,Gaussian,absolute_residual,0.925,108935835695.17516,26.754822223764787,0.0030012130737304688,True,7200,800
0.1,10,50,79,Point_CHR,Gaussian,absolute_residual,0.92875,167099491812.66473,32.43560532763023,0.0009999275207519531,True,7200,800
0.1,10,50,79,Unscaled,Gaussian,absolute_residual,0.88,8076644569536.984,19.530937808738102,0.0,True,7200,800
0.1,10,50,79,Empirical_copula,Gaussian,absolute_residual,0.7975,31040918801.672184,27.304530714617215,0.0010180473327636719,True,7200,800
0.1,10,50,80,TSCP_R,Gaussian,absolute_residual,0.96375,140529247661.47025,27.00044925710228,0.0030090808868408203,True,7200,800
0.1,10,50,80,Point_CHR,Gaussian,absolute_residual,0.98875,563257805573.9271,35.53272568195955,0.0009987354278564453,True,7200,800
0.1,10,50,80,Unscaled,Gaussian,absolute_residual,0.91125,11792272339068.629,20.284287156577964,0.0,True,7200,800
0.1,10,50,80,Empirical_copula,Gaussian,absolute_residual,0.85875,43216469516.69923,24.17070058969501,0.00099945068359375,True,7200,800
0.1,10,50,81,TSCP_R,Gaussian,absolute_residual,0.7925,16092666408.538208,23.394882952535028,0.0030002593994140625,True,7200,800
0.1,10,50,81,Point_CHR,Gaussian,absolute_residual,0.81875,24404784361.90516,22.789769016118797,0.0009999275207519531,True,7200,800
0.1,10,50,81,Unscaled,Gaussian,absolute_residual,0.78,1504777499124.9211,16.510005915148447,0.0,True,7200,800
0.1,10,50,81,Empirical_copula,Gaussian,absolute_residual,0.72,10393706602.231628,24.259605643106955,0.0009996891021728516,True,7200,800
0.1,10,50,82,TSCP_R,Gaussian,absolute_residual,0.94,124285823329.55101,28.70026541384189,0.004000425338745117,True,7200,800
0.1,10,50,82,Point_CHR,Gaussian,absolute_residual,0.94125,242206609585.7223,39.53349671847899,0.0,True,7200,800
0.1,10,50,82,Unscaled,Gaussian,absolute_residual,0.915,14497094987952.807,20.707520427383066,0.0,True,7200,800
0.1,10,50,82,Empirical_copula,Gaussian,absolute_residual,0.86875,47720775817.32829,27.686111671916635,0.0009999275207519531,True,7200,800
0.1,10,50,83,TSCP_R,Gaussian,absolute_residual,0.92875,97957688770.3552,29.79580011373959,0.0029931068420410156,True,7200,800
0.1,10,50,83,Point_CHR,Gaussian,absolute_residual,0.9875,933580402080.3607,40.37498020212452,0.0,True,7200,800
0.1,10,50,83,Unscaled,Gaussian,absolute_residual,0.89,8695550188320.119,19.67567800254258,0.0,True,7200,800
0.1,10,50,83,Empirical_copula,Gaussian,absolute_residual,0.83,45642335551.67747,32.28262821896552,0.0010066032409667969,True,7200,800
0.1,10,50,84,TSCP_R,Gaussian,absolute_residual,0.9475,102720555613.37354,29.512479602384055,0.002997875213623047,True,7200,800
0.1,10,50,84,Point_CHR,Gaussian,absolute_residual,0.84125,46131713808.69866,26.3169838743836,0.0,True,7200,800
0.1,10,50,84,Unscaled,Gaussian,absolute_residual,0.94875,19475743472131.934,21.327964272030577,0.0,True,7200,800
0.1,10,50,84,Empirical_copula,Gaussian,absolute_residual,0.88625,53940979613.19667,27.97442745414637,0.0010001659393310547,True,7200,800
0.1,10,50,85,TSCP_R,Gaussian,absolute_residual,0.92875,79262487345.51837,26.722164444652556,0.0030069351196289062,True,7200,800
0.1,10,50,85,Point_CHR,Gaussian,absolute_residual,0.90875,85093998788.07262,30.744764957681653,0.0,True,7200,800
0.1,10,50,85,Unscaled,Gaussian,absolute_residual,0.90875,8225770022257.727,19.56670315122763,0.0,True,7200,800
0.1,10,50,85,Empirical_copula,Gaussian,absolute_residual,0.8225,28799000229.716984,29.25484613899319,0.000995635986328125,True,7200,800
0.1,10,50,86,TSCP_R,Gaussian,absolute_residual,0.9325,86180329288.97655,27.36619170864406,0.0029993057250976562,True,7200,800
0.1,10,50,86,Point_CHR,Gaussian,absolute_residual,0.91375,364613413474.9859,33.50460318575494,0.0010001659393310547,True,7200,800
0.1,10,50,86,Unscaled,Gaussian,absolute_residual,0.905,9583616320572.88,19.86794466912762,0.0,True,7200,800
0.1,10,50,86,Empirical_copula,Gaussian,absolute_residual,0.845,32871066519.88318,22.662078300245284,0.0009999275207519531,True,7200,800
0.1,10,50,87,TSCP_R,Gaussian,absolute_residual,0.90375,74327102665.15828,23.596570020542746,0.0030062198638916016,True,7200,800
0.1,10,50,87,Point_CHR,Gaussian,absolute_residual,0.92875,93282613430.16138,25.62175844397974,0.0009989738464355469,True,7200,800
0.1,10,50,87,Unscaled,Gaussian,absolute_residual,0.8475,3849783091735.7744,18.13608848717434,0.0,True,7200,800
0.1,10,50,87,Empirical_copula,Gaussian,absolute_residual,0.8125,34602186519.486725,23.741065416205927,0.0010013580322265625,True,7200,800
0.1,10,50,88,TSCP_R,Gaussian,absolute_residual,0.92625,92644564268.68274,27.05016176257597,0.0030057430267333984,True,7200,800
0.1,10,50,88,Point_CHR,Gaussian,absolute_residual,0.95,658348066412.1007,34.87417025361109,0.0009965896606445312,True,7200,800
0.1,10,50,88,Unscaled,Gaussian,absolute_residual,0.78,2088236085566.699,17.05995807803936,0.0,True,7200,800
0.1,10,50,88,Empirical_copula,Gaussian,absolute_residual,0.81625,37839349407.56515,25.955004125055957,0.0,True,7200,800
0.1,10,50,89,TSCP_R,Gaussian,absolute_residual,0.87875,62823804527.08233,25.4905010005023,0.004009246826171875,True,7200,800
0.1,10,50,89,Point_CHR,Gaussian,absolute_residual,0.87375,110198330321.68636,28.10702188068182,0.0,True,7200,800
0.1,10,50,89,Unscaled,Gaussian,absolute_residual,0.87875,5894117027540.769,18.925260905974312,0.0,True,7200,800
0.1,10,50,89,Empirical_copula,Gaussian,absolute_residual,0.80375,30560809766.74798,20.503293487077848,0.0009980201721191406,True,7200,800
0.1,10,50,90,TSCP_R,Gaussian,absolute_residual,0.96375,215091165477.5507,31.310571413238776,0.003005504608154297,True,7200,800
0.1,10,50,90,Point_CHR,Gaussian,absolute_residual,0.96625,508290096845.1724,50.58027364451481,0.0,True,7200,800
0.1,10,50,90,Unscaled,Gaussian,absolute_residual,0.9725,56536884439125.375,23.72647317382555,0.0,True,7200,800
0.1,10,50,90,Empirical_copula,Gaussian,absolute_residual,0.8825,66092253238.76311,31.711803343122583,0.0,True,7200,800
0.1,10,50,91,TSCP_R,Gaussian,absolute_residual,0.89125,49278954215.62375,28.573876274549143,0.0029993057250976562,True,7200,800
0.1,10,50,91,Point_CHR,Gaussian,absolute_residual,0.905,81679300274.21535,27.37033202313468,0.0010118484497070312,True,7200,800
0.1,10,50,91,Unscaled,Gaussian,absolute_residual,0.93625,13692220661443.617,20.589575319477284,0.0,True,7200,800
0.1,10,50,91,Empirical_copula,Gaussian,absolute_residual,0.83375,25953018609.468052,26.114597007786422,0.0009891986846923828,True,7200,800
0.1,10,50,92,TSCP_R,Gaussian,absolute_residual,0.86,27358559877.56421,24.457853054424838,0.003000020980834961,True,7200,800
0.1,10,50,92,Point_CHR,Gaussian,absolute_residual,0.8925,85834425563.44388,29.214237976465498,0.0010089874267578125,True,7200,800
0.1,10,50,92,Unscaled,Gaussian,absolute_residual,0.90375,7015560206122.2705,19.257780645763034,0.0,True,7200,800
0.1,10,50,92,Empirical_copula,Gaussian,absolute_residual,0.75,11706107873.208323,24.228237378150865,0.0010001659393310547,True,7200,800
0.1,10,50,93,TSCP_R,Gaussian,absolute_residual,0.9025,65125401289.37165,26.43560740754531,0.003005504608154297,True,7200,800
0.1,10,50,93,Point_CHR,Gaussian,absolute_residual,0.9025,204502548981.38153,36.637976198492396,0.0009996891021728516,True,7200,800
0.1,10,50,93,Unscaled,Gaussian,absolute_residual,0.9325,15218150810350.068,20.808280248543028,0.0,True,7200,800
0.1,10,50,93,Empirical_copula,Gaussian,absolute_residual,0.805,29065231251.16036,24.111554666061473,0.0009999275207519531,True,7200,800
0.1,10,50,94,TSCP_R,Gaussian,absolute_residual,0.935,80258064574.13107,28.640840950025982,0.003015279769897461,True,7200,800
0.1,10,50,94,Point_CHR,Gaussian,absolute_residual,0.935,321221760441.2063,30.25345031235473,0.0,True,7200,800
0.1,10,50,94,Unscaled,Gaussian,absolute_residual,0.91875,10732237581619.129,20.09412168064869,0.0,True,7200,800
0.1,10,50,94,Empirical_copula,Gaussian,absolute_residual,0.86625,34510670558.5035,26.241690290315876,0.0009992122650146484,True,7200,800
0.1,10,50,95,TSCP_R,Gaussian,absolute_residual,0.91625,67856580375.28563,30.468742664223008,0.002990245819091797,True,7200,800
0.1,10,50,95,Point_CHR,Gaussian,absolute_residual,0.9675,235991934050.42892,36.45390745243296,0.0,True,7200,800
0.1,10,50,95,Unscaled,Gaussian,absolute_residual,0.935,16182865667620.586,20.936570453721814,0.0,True,7200,800
0.1,10,50,95,Empirical_copula,Gaussian,absolute_residual,0.84375,31374510370.88551,24.963761730103453,0.0010066032409667969,True,7200,800
0.1,10,50,96,TSCP_R,Gaussian,absolute_residual,0.91875,108789892115.6366,24.526996876207487,0.003005504608154297,True,7200,800
0.1,10,50,96,Point_CHR,Gaussian,absolute_residual,0.97875,917774173127.5303,35.524121778868455,0.0,True,7200,800
0.1,10,50,96,Unscaled,Gaussian,absolute_residual,0.87875,6872944083400.553,19.218269580067783,0.0,True,7200,800
0.1,10,50,96,Empirical_copula,Gaussian,absolute_residual,0.87125,40216046791.101234,22.2821354337145,0.0010001659393310547,True,7200,800
0.1,10,50,97,TSCP_R,Gaussian,absolute_residual,0.93875,224631667375.59457,29.61032867200834,0.003006458282470703,True,7200,800
0.1,10,50,97,Point_CHR,Gaussian,absolute_residual,0.99125,1911846780592.4922,33.98516871365566,0.0009949207305908203,True,7200,800
0.1,10,50,97,Unscaled,Gaussian,absolute_residual,0.91625,10627156137540.646,20.074359903603565,0.0,True,7200,800
0.1,10,50,97,Empirical_copula,Gaussian,absolute_residual,0.835,57986382825.68845,24.83489728880929,0.0010094642639160156,True,7200,800
0.1,10,50,98,TSCP_R,Gaussian,absolute_residual,0.915,74436132840.76758,28.357679917187216,0.004000186920166016,True,7200,800
0.1,10,50,98,Point_CHR,Gaussian,absolute_residual,0.82625,38469028615.15518,27.83204286514229,0.0,True,7200,800
0.1,10,50,98,Unscaled,Gaussian,absolute_residual,0.90875,11282948528949.098,20.194925747357434,0.0,True,7200,800
0.1,10,50,98,Empirical_copula,Gaussian,absolute_residual,0.835,32032075318.25309,28.890495181036655,0.0,True,7200,800
0.1,10,50,99,TSCP_R,Gaussian,absolute_residual,0.9575,157863754245.74338,34.425984865092076,0.003007173538208008,True,7200,800
0.1,10,50,99,Point_CHR,Gaussian,absolute_residual,0.9875,5815308981909.866,39.37866881999184,0.0009970664978027344,True,7200,800
0.1,10,50,99,Unscaled,Gaussian,absolute_residual,0.935,19034727652093.508,21.27916914539215,0.0,True,7200,800
0.1,10,50,99,Empirical_copula,Gaussian,absolute_residual,0.83875,44965774530.84949,36.12450534599398,0.0,True,7200,800
0.1,10,50,100,TSCP_R,Gaussian,absolute_residual,0.87375,31891091833.748127,27.284048810609303,0.0030059814453125,True,7200,800
0.1,10,50,100,Point_CHR,Gaussian,absolute_residual,0.95875,270241084268.0573,36.726370003553384,0.0009942054748535156,True,7200,800
0.1,10,50,100,Unscaled,Gaussian,absolute_residual,0.86875,5484504904543.655,18.78943594732066,0.0,True,7200,800
0.1,10,50,100,Empirical_copula,Gaussian,absolute_residual,0.75875,17700889297.348885,32.41477820977462,0.0009992122650146484,True,7200,800
0.1,10,50,101,TSCP_R,Gaussian,absolute_residual,0.875,39305213583.37083,30.731768144830134,0.004010200500488281,True,7200,800
0.1,10,50,101,Point_CHR,Gaussian,absolute_residual,0.88,44612491005.30131,28.44408012521793,0.0,True,7200,800
0.1,10,50,101,Unscaled,Gaussian,absolute_residual,0.8925,9072091088211.943,19.759262926729246,0.0,True,7200,800
0.1,10,50,101,Empirical_copula,Gaussian,absolute_residual,0.76875,15760541256.215904,28.267249938412093,0.0009958744049072266,True,7200,800
0.1,10,50,102,TSCP_R,Gaussian,absolute_residual,0.89375,63846214068.69893,24.911076214404833,0.0030057430267333984,True,7200,800
0.1,10,50,102,Point_CHR,Gaussian,absolute_residual,0.83375,88102253736.95781,29.25867672249523,0.0,True,7200,800
0.1,10,50,102,Unscaled,Gaussian,absolute_residual,0.90625,6937027167204.505,19.23611388216142,0.0,True,7200,800
0.1,10,50,102,Empirical_copula,Gaussian,absolute_residual,0.8275,36281688414.96274,26.037407365364782,0.0,True,7200,800
0.1,10,50,103,TSCP_R,Gaussian,absolute_residual,0.9475,119742097762.75748,28.661643692908886,0.004000663757324219,True,7200,800
0.1,10,50,103,Point_CHR,Gaussian,absolute_residual,0.90125,80857568093.21729,24.6318609305888,0.0010001659393310547,True,7200,800
0.1,10,50,103,Unscaled,Gaussian,absolute_residual,0.9325,21459505152716.066,21.535847653127767,0.0,True,7200,800
0.1,10,50,103,Empirical_copula,Gaussian,absolute_residual,0.85,39545021908.967285,24.65207234474859,0.00099945068359375,True,7200,800
0.1,10,50,104,TSCP_R,Gaussian,absolute_residual,0.915,65870778199.72575,28.81288021770144,0.004007101058959961,True,7200,800
0.1,10,50,104,Point_CHR,Gaussian,absolute_residual,0.89875,82248720968.3537,36.321985495905786,0.0,True,7200,800
0.1,10,50,104,Unscaled,Gaussian,absolute_residual,0.95875,31468265667928.395,22.376248723695074,0.0,True,7200,800
0.1,10,50,104,Empirical_copula,Gaussian,absolute_residual,0.83125,30237130670.10434,26.742826498566828,0.0009989738464355469,True,7200,800
0.1,10,50,105,TSCP_R,Gaussian,absolute_residual,0.85875,33601997702.01165,24.087521355118096,0.0030069351196289062,True,7200,800
0.1,10,50,105,Point_CHR,Gaussian,absolute_residual,0.8525,69977685683.92017,31.508705370207103,0.0,True,7200,800
0.1,10,50,105,Unscaled,Gaussian,absolute_residual,0.8325,3129416468335.2495,17.76422790818121,0.0,True,7200,800
0.1,10,50,105,Empirical_copula,Gaussian,absolute_residual,0.78625,17644338578.97814,22.365649812724747,0.0,True,7200,800
0.1,10,50,106,TSCP_R,Gaussian,absolute_residual,0.88375,55673949773.89825,26.544756362988352,0.003011941909790039,True,7200,800
0.1,10,50,106,Point_CHR,Gaussian,absolute_residual,0.97875,854189397648.3882,45.638166781195224,0.0,True,7200,800
0.1,10,50,106,Unscaled,Gaussian,absolute_residual,0.94875,35808896475647.99,22.667263529314116,0.0,True,7200,800
0.1,10,50,106,Empirical_copula,Gaussian,absolute_residual,0.76125,22700318137.10914,23.473968010140183,0.0,True,7200,800
0.1,10,50,107,TSCP_R,Gaussian,absolute_residual,0.90375,72594206612.50821,27.759984802576785,0.0030088424682617188,True,7200,800
0.1,10,50,107,Point_CHR,Gaussian,absolute_residual,0.91,136975121431.1719,31.49477847700354,0.0,True,7200,800
0.1,10,50,107,Unscaled,Gaussian,absolute_residual,0.91625,10093767204011.977,19.971253689041355,0.0,True,7200,800
0.1,10,50,107,Empirical_copula,Gaussian,absolute_residual,0.76125,17557525545.71522,25.074308159313645,0.00099945068359375,True,7200,800
0.1,10,50,108,TSCP_R,Gaussian,absolute_residual,0.885,61567384770.233215,28.11598961705623,0.003006458282470703,True,7200,800
0.1,10,50,108,Point_CHR,Gaussian,absolute_residual,0.99375,2285746086027.0293,58.06783272103668,0.0,True,7200,800
0.1,10,50,108,Unscaled,Gaussian,absolute_residual,0.9425,19537612303950.94,21.334729886492283,0.0,True,7200,800
0.1,10,50,108,Empirical_copula,Gaussian,absolute_residual,0.75625,25276471927.991333,34.01184125522002,0.0009951591491699219,True,7200,800
0.1,10,50,109,TSCP_R,Gaussian,absolute_residual,0.93,75448274155.1579,27.42001197194172,0.0029931068420410156,True,7200,800
0.1,10,50,109,Point_CHR,Gaussian,absolute_residual,0.96375,276078602411.0519,30.364118150442096,0.0,True,7200,800
0.1,10,50,109,Unscaled,Gaussian,absolute_residual,0.84,3398575181183.801,17.91140641044822,0.0010073184967041016,True,7200,800
0.1,10,50,109,Empirical_copula,Gaussian,absolute_residual,0.84,35318031233.791695,33.15882364810108,0.0,True,7200,800
0.1,10,50,110,TSCP_R,Gaussian,absolute_residual,0.92875,122901879773.25237,28.52396858104403,0.003006458282470703,True,7200,800
0.1,10,50,110,Point_CHR,Gaussian,absolute_residual,0.9725,752441011852.7399,38.243881471102,0.0,True,7200,800
0.1,10,50,110,Unscaled,Gaussian,absolute_residual,0.945,20529697270654.94,21.44066516298824,0.0,True,7200,800
0.1,10,50,110,Empirical_copula,Gaussian,absolute_residual,0.88375,52797018709.347694,24.940481817443484,0.0,True,7200,800
0.1,10,50,111,TSCP_R,Gaussian,absolute_residual,0.89125,37328834467.325806,25.48026827348133,0.0029883384704589844,True,7200,800
0.1,10,50,111,Point_CHR,Gaussian,absolute_residual,0.91125,113405428160.36969,31.957939026154,0.0,True,7200,800
0.1,10,50,111,Unscaled,Gaussian,absolute_residual,0.91625,7511432105913.862,19.38975290351353,0.0,True,7200,800
0.1,10,50,111,Empirical_copula,Gaussian,absolute_residual,0.84375,18257493188.784126,23.53889939346407,0.0009963512420654297,True,7200,800
0.1,10,50,112,TSCP_R,Gaussian,absolute_residual,0.9325,172223366704.74146,27.456748588989655,0.0029985904693603516,True,7200,800
0.1,10,50,112,Point_CHR,Gaussian,absolute_residual,0.93125,373688099231.2527,27.872063870008297,0.0,True,7200,800
0.1,10,50,112,Unscaled,Gaussian,absolute_residual,0.945,24190297770548.508,21.79536374682122,0.0,True,7200,800
0.1,10,50,112,Empirical_copula,Gaussian,absolute_residual,0.76875,48572364631.701,27.733079418614693,0.0,True,7200,800
0.1,10,50,113,TSCP_R,Gaussian,absolute_residual,0.905,84349233657.76904,26.57574316287681,0.0019936561584472656,True,7200,800
0.1,10,50,113,Point_CHR,Gaussian,absolute_residual,0.99,5406048591379.011,47.878396858656515,0.0,True,7200,800
0.1,10,50,113,Unscaled,Gaussian,absolute_residual,0.85375,3838793525011.432,18.13090470830102,0.0,True,7200,800
0.1,10,50,113,Empirical_copula,Gaussian,absolute_residual,0.795,23071843572.156036,23.36651371411528,0.0010001659393310547,True,7200,800
0.1,10,50,114,TSCP_R,Gaussian,absolute_residual,0.95375,212640361660.92853,32.240849114346844,0.00299835205078125,True,7200,800
0.1,10,50,114,Point_CHR,Gaussian,absolute_residual,0.88625,69117058918.41277,32.17379971232981,0.0,True,7200,800
0.1,10,50,114,Unscaled,Gaussian,absolute_residual,0.9075,7921290443470.781,19.49304088782682,0.0,True,7200,800
0.1,10,50,114,Empirical_copula,Gaussian,absolute_residual,0.85,70990322246.72852,28.98740855932933,0.0009944438934326172,True,7200,800
0.1,10,50,115,TSCP_R,Gaussian,absolute_residual,0.89,36029116985.86547,27.88689097347153,0.002997159957885742,True,7200,800
0.1,10,50,115,Point_CHR,Gaussian,absolute_residual,0.7975,18113484687.837597,23.512747866384558,0.0010101795196533203,True,7200,800
0.1,10,50,115,Unscaled,Gaussian,absolute_residual,0.8975,6635719349536.314,19.15088291000429,0.0,True,7200,800
0.1,10,50,115,Empirical_copula,Gaussian,absolute_residual,0.7775,15937966850.647062,29.57062289965888,0.0,True,7200,800
0.1,10,50,116,TSCP_R,Gaussian,absolute_residual,0.9225,74473569255.20488,27.711421470520097,0.003006458282470703,True,7200,800
0.1,10,50,116,Point_CHR,Gaussian,absolute_residual,0.95625,216533831799.7224,32.738394958625946,0.0009999275207519531,True,7200,800
0.1,10,50,116,Unscaled,Gaussian,absolute_residual,0.93125,17131545463088.598,21.05618338264911,0.0,True,7200,800
0.1,10,50,116,Empirical_copula,Gaussian,absolute_residual,0.825,44747302389.528305,30.880562187953533,0.0,True,7200,800
0.1,10,50,117,TSCP_R,Gaussian,absolute_residual,0.94125,124753477512.0784,32.16176172579418,0.0019981861114501953,True,7200,800
0.1,10,50,117,Point_CHR,Gaussian,absolute_residual,0.905,103260139029.02907,26.731737369419335,0.0,True,7200,800
0.1,10,50,117,Unscaled,Gaussian,absolute_residual,0.93875,20278938863916.895,21.414331559077798,0.0,True,7200,800
0.1,10,50,117,Empirical_copula,Gaussian,absolute_residual,0.9,49805172507.25245,26.656091341685496,0.0009925365447998047,True,7200,800
0.1,10,50,118,TSCP_R,Gaussian,absolute_residual,0.95375,182443782305.31778,37.23363881336931,0.003000497817993164,True,7200,800
0.1,10,50,118,Point_CHR,Gaussian,absolute_residual,0.98125,784397161403.514,48.50061874868571,0.0,True,7200,800
0.1,10,50,118,Unscaled,Gaussian,absolute_residual,0.99125,92989401301121.33,24.93695061193553,0.0,True,7200,800
0.1,10,50,118,Empirical_copula,Gaussian,absolute_residual,0.8875,74152976151.1208,30.368515881622486,0.0010077953338623047,True,7200,800
0.1,10,50,119,TSCP_R,Gaussian,absolute_residual,0.96875,222500318945.7043,29.491924832051833,0.002999544143676758,True,7200,800
0.1,10,50,119,Point_CHR,Gaussian,absolute_residual,0.9675,427351548528.17566,32.55514638585235,0.0010013580322265625,True,7200,800
0.1,10,50,119,Unscaled,Gaussian,absolute_residual,0.935,25820686380379.26,21.937987175895238,0.0,True,7200,800
0.1,10,50,119,Empirical_copula,Gaussian,absolute_residual,0.9,77078475145.44162,31.31666980683481,0.0010113716125488281,True,7200,800
0.1,10,50,120,TSCP_R,Gaussian,absolute_residual,0.85125,37663212530.31237,23.079343344187972,0.0029926300048828125,True,7200,800
0.1,10,50,120,Point_CHR,Gaussian,absolute_residual,0.83125,39763568083.420746,22.548889648692636,0.0,True,7200,800
0.1,10,50,120,Unscaled,Gaussian,absolute_residual,0.83625,3052807381839.858,17.72025390192397,0.0,True,7200,800
0.1,10,50,120,Empirical_copula,Gaussian,absolute_residual,0.78,19515621581.171574,23.294596150057078,0.0010008811950683594,True,7200,800
0.1,10,50,121,TSCP_R,Gaussian,absolute_residual,0.92,123930591690.7951,29.91420869133969,0.0030002593994140625,True,7200,800
0.1,10,50,121,Point_CHR,Gaussian,absolute_residual,0.99,991073900016.016,43.47141923389741,0.0,True,7200,800
0.1,10,50,121,Unscaled,Gaussian,absolute_residual,0.97375,51226010065600.555,23.493572023233767,0.0,True,7200,800
0.1,10,50,121,Empirical_copula,Gaussian,absolute_residual,0.85125,50118537376.42048,29.91349959300731,0.001007080078125,True,7200,800
0.1,10,50,122,TSCP_R,Gaussian,absolute_residual,0.85125,22911765096.93855,26.8962467241759,0.0030012130737304688,True,7200,800
0.1,10,50,122,Point_CHR,Gaussian,absolute_residual,0.90375,54753251493.364845,29.32061354692279,0.0009999275207519531,True,7200,800
0.1,10,50,122,Unscaled,Gaussian,absolute_residual,0.88125,4585611929857.977,18.456091297358643,0.0,True,7200,800
0.1,10,50,122,Empirical_copula,Gaussian,absolute_residual,0.78125,13313473170.038935,30.630292200000774,0.0010008811950683594,True,7200,800
0.1,10,50,123,TSCP_R,Gaussian,absolute_residual,0.9575,152475119298.47107,31.11084676567711,0.0030019283294677734,True,7200,800
0.1,10,50,123,Point_CHR,Gaussian,absolute_residual,0.95875,372350223572.7404,38.32217778584486,0.0,True,7200,800
0.1,10,50,123,Unscaled,Gaussian,absolute_residual,0.9175,12662165100600.447,20.42917351847722,0.0,True,7200,800
0.1,10,50,123,Empirical_copula,Gaussian,absolute_residual,0.87,49377200733.37787,25.199586323503727,0.0,True,7200,800
0.1,10,50,124,TSCP_R,Gaussian,absolute_residual,0.87625,45750249646.53796,28.75885174047119,0.003005504608154297,True,7200,800
0.1,10,50,124,Point_CHR,Gaussian,absolute_residual,0.97375,5792763669047.622,55.653486619009264,0.0009996891021728516,True,7200,800
0.1,10,50,124,Unscaled,Gaussian,absolute_residual,0.85,4834782576717.553,18.55400609107679,0.0,True,7200,800
0.1,10,50,124,Empirical_copula,Gaussian,absolute_residual,0.73375,14230613690.676418,26.542988178036143,0.001003265380859375,True,7200,800
0.1,10,50,125,TSCP_R,Gaussian,absolute_residual,0.87375,35247906032.86767,21.504339490813138,0.0030059814453125,True,7200,800
0.1,10,50,125,Point_CHR,Gaussian,absolute_residual,0.83625,42762624286.29441,23.865833017490342,0.0009999275207519531,True,7200,800
0.1,10,50,125,Unscaled,Gaussian,absolute_residual,0.85625,2894707022830.2695,17.62627174912156,0.0,True,7200,800
0.1,10,50,125,Empirical_copula,Gaussian,absolute_residual,0.79625,18389889114.100243,21.752290977216518,0.0009953975677490234,True,7200,800
0.1,10,50,126,TSCP_R,Gaussian,absolute_residual,0.93375,62128820773.78866,26.405230221997137,0.00400090217590332,True,7200,800
0.1,10,50,126,Point_CHR,Gaussian,absolute_residual,0.98,466951552223.6071,31.468538488319375,0.0010006427764892578,True,7200,800
0.1,10,50,126,Unscaled,Gaussian,absolute_residual,0.865,3403102353864.375,17.913790923349943,0.0,True,7200,800
0.1,10,50,126,Empirical_copula,Gaussian,absolute_residual,0.85375,27807556854.393044,26.745740846060315,0.0,True,7200,800
0.1,10,50,127,TSCP_R,Gaussian,absolute_residual,0.94875,101285128644.01254,25.59637312348871,0.003008127212524414,True,7200,800
0.1,10,50,127,Point_CHR,Gaussian,absolute_residual,0.99625,2068624106469.4983,43.118758521841016,0.0,True,7200,800
0.1,10,50,127,Unscaled,Gaussian,absolute_residual,0.9025,8217399153385.8955,19.56471105370924,0.0,True,7200,800
0.1,10,50,127,Empirical_copula,Gaussian,absolute_residual,0.85375,37266899038.52198,21.514733443293455,0.0009989738464355469,True,7200,800
0.1,10,50,128,TSCP_R,Gaussian,absolute_residual,0.90875,55223916666.20122,24.20585988475487,0.0030105113983154297,True,7200,800
0.1,10,50,128,Point_CHR,Gaussian,absolute_residual,0.9125,125539325490.50285,27.771378361634945,0.0,True,7200,800
0.1,10,50,128,Unscaled,Gaussian,absolute_residual,0.895,7125861671265.389,19.287846395416466,0.0,True,7200,800
0.1,10,50,128,Empirical_copula,Gaussian,absolute_residual,0.8475,27231415752.17163,25.135027566071027,0.0,True,7200,800
0.1,10,50,129,TSCP_R,Gaussian,absolute_residual,0.9,70476598010.0677,27.366352263679293,0.0029997825622558594,True,7200,800
0.1,10,50,129,Point_CHR,Gaussian,absolute_residual,0.94,158782638202.49365,25.57051612830959,0.0010068416595458984,True,7200,800
0.1,10,50,129,Unscaled,Gaussian,absolute_residual,0.82125,2369432526760.43,17.276844905573853,0.0,True,7200,800
0.1,10,50,129,Empirical_copula,Gaussian,absolute_residual,0.7475,23167074880.567234,27.34427682741975,0.0009944438934326172,True,7200,800
0.1,10,50,130,TSCP_R,Gaussian,absolute_residual,0.9275,95639802188.35876,27.977186901419763,0.0030059814453125,True,7200,800
0.1,10,50,130,Point_CHR,Gaussian,absolute_residual,0.92,123496229185.0735,31.605508013570677,0.0,True,7200,800
0.1,10,50,130,Unscaled,Gaussian,absolute_residual,0.8725,5963157310542.512,18.94731287501294,0.0,True,7200,800
0.1,10,50,130,Empirical_copula,Gaussian,absolute_residual,0.77625,20144205626.77608,21.959207493849057,0.0009999275207519531,True,7200,800
0.1,10,50,131,TSCP_R,Gaussian,absolute_residual,0.97625,323728062761.4929,32.21011901189796,0.004998683929443359,True,7200,800
0.1,10,50,131,Point_CHR,Gaussian,absolute_residual,0.98,917915484518.9133,33.651106651862406,0.0,True,7200,800
0.1,10,50,131,Unscaled,Gaussian,absolute_residual,0.9,10021654140268.957,19.95693951433847,0.0,True,7200,800
0.1,10,50,131,Empirical_copula,Gaussian,absolute_residual,0.91125,128040250917.7661,41.50237890522764,0.0,True,7200,800
0.1,10,50,132,TSCP_R,Gaussian,absolute_residual,0.88125,61996353861.004456,29.747802480170847,0.0029993057250976562,True,7200,800
0.1,10,50,132,Point_CHR,Gaussian,absolute_residual,0.7825,44444533038.39816,37.450175667464016,0.001003265380859375,True,7200,800
0.1,10,50,132,Unscaled,Gaussian,absolute_residual,0.91875,9952284288250.973,19.943082108986353,0.0,True,7200,800
0.1,10,50,132,Empirical_copula,Gaussian,absolute_residual,0.80125,39214373793.006905,34.787946049226235,0.0009992122650146484,True,7200,800
0.1,10,50,133,TSCP_R,Gaussian,absolute_residual,0.9025,51058085369.2716,25.58854117882858,0.0029981136322021484,True,7200,800
0.1,10,50,133,Point_CHR,Gaussian,absolute_residual,0.94625,254479916995.04648,27.929004655861796,0.0010018348693847656,True,7200,800
0.1,10,50,133,Unscaled,Gaussian,absolute_residual,0.8975,7485819049360.338,19.383131069848467,0.0,True,7200,800
0.1,10,50,133,Empirical_copula,Gaussian,absolute_residual,0.855,31363288966.02157,25.457110967088344,0.0,True,7200,800
0.1,10,50,134,TSCP_R,Gaussian,absolute_residual,0.89,54939227914.53103,29.87789807585979,0.0030083656311035156,True,7200,800
0.1,10,50,134,Point_CHR,Gaussian,absolute_residual,0.91125,94640497105.64893,33.06978126532387,0.0,True,7200,800
0.1,10,50,134,Unscaled,Gaussian,absolute_residual,0.89625,6925573771770.62,19.232935536797857,0.0,True,7200,800
0.1,10,50,134,Empirical_copula,Gaussian,absolute_residual,0.72125,16361481342.179619,29.859949339468926,0.0009913444519042969,True,7200,800
0.1,10,50,135,TSCP_R,Gaussian,absolute_residual,0.90375,79036788457.89919,24.374314444185558,0.0030019283294677734,True,7200,800
0.1,10,50,135,Point_CHR,Gaussian,absolute_residual,0.94625,341726892212.0992,33.400235585167835,0.0,True,7200,800
0.1,10,50,135,Unscaled,Gaussian,absolute_residual,0.92,18122118954571.363,21.174877067672544,0.0,True,7200,800
0.1,10,50,135,Empirical_copula,Gaussian,absolute_residual,0.85375,40021401002.12311,21.8379984129426,0.000997781753540039,True,7200,800
0.1,10,50,136,TSCP_R,Gaussian,absolute_residual,0.87,35687153454.6932,26.217715878506308,0.0029993057250976562,True,7200,800
0.1,10,50,136,Point_CHR,Gaussian,absolute_residual,0.89375,54720431987.2764,29.196835646900055,0.0010020732879638672,True,7200,800
0.1,10,50,136,Unscaled,Gaussian,absolute_residual,0.9225,9348224149819.521,19.818597232995025,0.0,True,7200,800
0.1,10,50,136,Empirical_copula,Gaussian,absolute_residual,0.79375,20219509938.902554,24.170432530976342,0.0,True,7200,800
0.1,10,50,137,TSCP_R,Gaussian,absolute_residual,0.94,94372635676.61366,28.65918306187931,0.004000186920166016,True,7200,800
0.1,10,50,137,Point_CHR,Gaussian,absolute_residual,0.97125,587010155343.1039,36.182397302766915,0.0010001659393310547,True,7200,800
0.1,10,50,137,Unscaled,Gaussian,absolute_residual,0.91375,10638796245204.156,20.076557599903854,0.0,True,7200,800
0.1,10,50,137,Empirical_copula,Gaussian,absolute_residual,0.85,37044200597.64772,25.165289485178217,0.002003192901611328,True,7200,800
0.1,10,50,138,TSCP_R,Gaussian,absolute_residual,0.8875,50694963037.62344,22.363620091305442,0.005999326705932617,True,7200,800
0.1,10,50,138,Point_CHR,Gaussian,absolute_residual,0.8825,96657705830.08679,27.172657128655644,0.0009996891021728516,True,7200,800
0.1,10,50,138,Unscaled,Gaussian,absolute_residual,0.84125,3896075392041.242,18.157779387388832,0.0,True,7200,800
0.1,10,50,138,Empirical_copula,Gaussian,absolute_residual,0.7475,14752459503.729746,22.075162163549074,0.0009982585906982422,True,7200,800
0.1,10,50,139,TSCP_R,Gaussian,absolute_residual,0.81875,22401765218.085236,25.755261110003445,0.003998994827270508,True,7200,800
0.1,10,50,139,Point_CHR,Gaussian,absolute_residual,0.92,128488958776.73068,34.560071644042296,0.0,True,7200,800
0.1,10,50,139,Unscaled,Gaussian,absolute_residual,0.87625,5866955637508.07,18.916521590673405,0.0,True,7200,800
0.1,10,50,139,Empirical_copula,Gaussian,absolute_residual,0.7425,11286963088.030375,22.31913407163263,0.0010044574737548828,True,7200,800
0.1,10,50,140,TSCP_R,Gaussian,absolute_residual,0.79375,16095463122.444897,26.4321799365569,0.004997730255126953,True,7200,800
0.1,10,50,140,Point_CHR,Gaussian,absolute_residual,0.8275,26367147599.261284,25.399604840674847,0.0,True,7200,800
0.1,10,50,140,Unscaled,Gaussian,absolute_residual,0.85375,3299678139953.8545,17.85858963686832,0.0,True,7200,800
0.1,10,50,140,Empirical_copula,Gaussian,absolute_residual,0.7225,11383826062.82441,29.67042307951798,0.0010020732879638672,True,7200,800
0.1,10,50,141,TSCP_R,Gaussian,absolute_residual,0.935,113755221934.76254,26.733285804873034,0.003998517990112305,True,7200,800
0.1,10,50,141,Point_CHR,Gaussian,absolute_residual,0.9325,164807240679.14282,28.049466198192135,0.0,True,7200,800
0.1,10,50,141,Unscaled,Gaussian,absolute_residual,0.8725,5278010681828.35,18.717464860960387,0.0,True,7200,800
0.1,10,50,141,Empirical_copula,Gaussian,absolute_residual,0.8025,33103891294.821655,21.629056410398682,0.0010006427764892578,True,7200,800
0.1,10,50,142,TSCP_R,Gaussian,absolute_residual,0.91375,65138091485.89824,27.188606226753826,0.0039980411529541016,True,7200,800
0.1,10,50,142,Point_CHR,Gaussian,absolute_residual,0.88625,116850293864.74701,31.381137941274673,0.00099945068359375,True,7200,800
0.1,10,50,142,Unscaled,Gaussian,absolute_residual,0.95125,23375432157262.562,21.72080740884455,0.0,True,7200,800
0.1,10,50,142,Empirical_copula,Gaussian,absolute_residual,0.86375,32391823585.15611,23.37411332180053,0.0009999275207519531,True,7200,800
0.1,10,50,143,TSCP_R,Gaussian,absolute_residual,0.835,23502431013.39921,26.102362024141534,0.003997325897216797,True,7200,800
0.1,10,50,143,Point_CHR,Gaussian,absolute_residual,0.87,41805550252.0261,27.676095591258033,0.001003265380859375,True,7200,800
0.1,10,50,143,Unscaled,Gaussian,absolute_residual,0.93875,13505375303989.56,20.56130454649354,0.0,True,7200,800
0.1,10,50,143,Empirical_copula,Gaussian,absolute_residual,0.76625,15637103021.783974,23.92879340130049,0.0009918212890625,True,7200,800
0.1,10,50,144,TSCP_R,Gaussian,absolute_residual,0.8025,17241328818.224445,23.637961587523748,0.00500798225402832,True,7200,800
0.1,10,50,144,Point_CHR,Gaussian,absolute_residual,0.85125,41667143988.9676,25.2492770558112,0.0010008811950683594,True,7200,800
0.1,10,50,144,Unscaled,Gaussian,absolute_residual,0.84625,2955179926970.9844,17.66275288256699,0.0,True,7200,800
0.1,10,50,144,Empirical_copula,Gaussian,absolute_residual,0.6875,8218513905.114605,28.272325840251625,0.0009906291961669922,True,7200,800
0.1,10,50,145,TSCP_R,Gaussian,absolute_residual,0.91375,73728051046.04823,24.80229911399198,0.0040073394775390625,True,7200,800
0.1,10,50,145,Point_CHR,Gaussian,absolute_residual,0.91625,131890752211.3237,28.39056152161411,0.0,True,7200,800
0.1,10,50,145,Unscaled,Gaussian,absolute_residual,0.87,4716622179090.483,18.50815418868539,0.0,True,7200,800
0.1,10,50,145,Empirical_copula,Gaussian,absolute_residual,0.81625,31149177283.80303,23.469127478399237,0.0,True,7200,800
0.1,10,50,146,TSCP_R,Gaussian,absolute_residual,0.91125,66090247626.14735,27.050060935926535,0.005006074905395508,True,7200,800
0.1,10,50,146,Point_CHR,Gaussian,absolute_residual,0.76625,13055297243.58413,23.737383163768808,0.0,True,7200,800
0.1,10,50,146,Unscaled,Gaussian,absolute_residual,0.91375,9221712770224.562,19.791611579040307,0.0,True,7200,800
0.1,10,50,146,Empirical_copula,Gaussian,absolute_residual,0.83375,29648581009.041035,25.132595263869312,0.0009975433349609375,True,7200,800
0.1,10,50,147,TSCP_R,Gaussian,absolute_residual,0.93875,238079101427.0394,32.41874817276003,0.00400853157043457,True,7200,800
0.1,10,50,147,Point_CHR,Gaussian,absolute_residual,0.9425,264026229277.56006,37.25056923841215,0.0,True,7200,800
0.1,10,50,147,Unscaled,Gaussian,absolute_residual,0.95,20898341556215.453,21.47885777545163,0.0,True,7200,800
0.1,10,50,147,Empirical_copula,Gaussian,absolute_residual,0.8575,64050735137.929985,29.13837521375089,0.0,True,7200,800
0.1,10,50,148,TSCP_R,Gaussian,absolute_residual,0.97875,334488792346.3824,30.471948657963253,0.0045032501220703125,True,7200,800
0.1,10,50,148,Point_CHR,Gaussian,absolute_residual,0.9275,87562679748.87137,28.73065074250278,0.0010194778442382812,True,7200,800
0.1,10,50,148,Unscaled,Gaussian,absolute_residual,0.92875,16263347328250.898,20.94695953330724,0.0,True,7200,800
0.1,10,50,148,Empirical_copula,Gaussian,absolute_residual,0.875,61109928596.55879,28.743686037458126,0.0009982585906982422,True,7200,800
0.1,10,50,149,TSCP_R,Gaussian,absolute_residual,0.98,274578674767.5512,26.725161421286913,0.0040090084075927734,True,7200,800
0.1,10,50,149,Point_CHR,Gaussian,absolute_residual,0.96375,394041837628.3543,30.96394506073922,0.0,True,7200,800
0.1,10,50,149,Unscaled,Gaussian,absolute_residual,0.90375,7954545692910.362,19.501209058468163,0.0,True,7200,800
0.1,10,50,149,Empirical_copula,Gaussian,absolute_residual,0.8975,107793677139.2744,25.8392337516543,0.0009918212890625,True,7200,800
0.1,10,50,150,TSCP_R,Gaussian,absolute_residual,0.90125,81042305276.56564,25.772386709965637,0.003997802734375,True,7200,800
0.1,10,50,150,Point_CHR,Gaussian,absolute_residual,0.85125,49359875562.6542,24.657301944219622,0.0010013580322265625,True,7200,800
0.1,10,50,150,Unscaled,Gaussian,absolute_residual,0.90875,9063754661420.97,19.757446478891644,0.0,True,7200,800
0.1,10,50,150,Empirical_copula,Gaussian,absolute_residual,0.81875,28888274549.11254,25.842656151016396,0.0010004043579101562,True,7200,800
0.1,10,50,151,TSCP_R,Gaussian,absolute_residual,0.8975,51558983564.3946,26.1215058279684,0.005002260208129883,True,7200,800
0.1,10,50,151,Point_CHR,Gaussian,absolute_residual,0.89875,155445607133.73633,35.37076190664202,0.0009989738464355469,True,7200,800
0.1,10,50,151,Unscaled,Gaussian,absolute_residual,0.9275,11442532076952.127,20.223308822518696,0.0,True,7200,800
0.1,10,50,151,Empirical_copula,Gaussian,absolute_residual,0.81625,24274389952.67449,27.92966265354162,0.0010008811950683594,True,7200,800
0.1,10,50,152,TSCP_R,Gaussian,absolute_residual,0.9625,225236555546.66074,30.292871322041712,0.004999399185180664,True,7200,800
0.1,10,50,152,Point_CHR,Gaussian,absolute_residual,0.94625,2000680666836.4734,44.2851989542239,0.0010018348693847656,True,7200,800
0.1,10,50,152,Unscaled,Gaussian,absolute_residual,0.90375,9574249473708.543,19.86600195887619,0.0,True,7200,800
0.1,10,50,152,Empirical_copula,Gaussian,absolute_residual,0.8475,50475018459.15619,25.441134754685205,0.0009996891021728516,True,7200,800
0.1,10,50,153,TSCP_R,Gaussian,absolute_residual,0.79375,17888431719.871647,23.787740586901972,0.0039975643157958984,True,7200,800
0.1,10,50,153,Point_CHR,Gaussian,absolute_residual,0.83875,36619551093.552246,23.051017409551157,0.0010089874267578125,True,7200,800
0.1,10,50,153,Unscaled,Gaussian,absolute_residual,0.795,2336611675883.581,17.252762911203373,0.0,True,7200,800
0.1,10,50,153,Empirical_copula,Gaussian,absolute_residual,0.7225,11290730284.312492,22.520727495476066,0.0010004043579101562,True,7200,800
0.1,10,50,154,TSCP_R,Gaussian,absolute_residual,0.9325,104409174501.5908,26.810504818850756,0.005998373031616211,True,7200,800
0.1,10,50,154,Point_CHR,Gaussian,absolute_residual,0.92875,116626221943.80368,27.388899702407066,0.0,True,7200,800
0.1,10,50,154,Unscaled,Gaussian,absolute_residual,0.905,8175488902801.51,19.55470971497086,0.0,True,7200,800
0.1,10,50,154,Empirical_copula,Gaussian,absolute_residual,0.85625,34753700154.15577,22.006656735382027,0.0,True,7200,800
0.1,10,50,155,TSCP_R,Gaussian,absolute_residual,0.81875,34922469646.707275,23.447013291404588,0.003999233245849609,True,7200,800
0.1,10,50,155,Point_CHR,Gaussian,absolute_residual,0.85125,39767430709.291016,26.618744321892322,0.0,True,7200,800
0.1,10,50,155,Unscaled,Gaussian,absolute_residual,0.8625,5275633573009.615,18.716621693457192,0.0,True,7200,800
0.1,10,50,155,Empirical_copula,Gaussian,absolute_residual,0.735,19835546962.062557,24.583282614422924,0.0010137557983398438,True,7200,800
0.1,10,50,156,TSCP_R,Gaussian,absolute_residual,0.93625,93346531191.01659,26.65203134783374,0.005008220672607422,True,7200,800
0.1,10,50,156,Point_CHR,Gaussian,absolute_residual,0.9325,149524502013.83743,34.70566428059266,0.0010077953338623047,True,7200,800
0.1,10,50,156,Unscaled,Gaussian,absolute_residual,0.8525,3478806100682.798,17.953247676714923,0.0,True,7200,800
0.1,10,50,156,Empirical_copula,Gaussian,absolute_residual,0.865,30964281379.869236,26.625231335431188,0.0009942054748535156,True,7200,800
0.1,10,50,157,TSCP_R,Gaussian,absolute_residual,0.845,38194733036.49437,25.327222522962895,0.0039942264556884766,True,7200,800
0.1,10,50,157,Point_CHR,Gaussian,absolute_residual,0.93625,378397450690.75116,34.90843489769513,0.000988006591796875,True,7200,800
0.1,10,50,157,Unscaled,Gaussian,absolute_residual,0.81875,2886430552611.415,17.62122559591089,0.0,True,7200,800
0.1,10,50,157,Empirical_copula,Gaussian,absolute_residual,0.7625,18047072211.084927,20.303911365170705,0.0010004043579101562,True,7200,800
0.1,10,50,158,TSCP_R,Gaussian,absolute_residual,0.9725,230614904534.855,35.34404865028332,0.004461050033569336,True,7200,800
0.1,10,50,158,Point_CHR,Gaussian,absolute_residual,0.93875,175856821343.89014,40.41290036844879,0.0009961128234863281,True,7200,800
0.1,10,50,158,Unscaled,Gaussian,absolute_residual,0.955,18674878047676.195,21.238594708143527,0.0,True,7200,800
0.1,10,50,158,Empirical_copula,Gaussian,absolute_residual,0.865,45520286204.194496,25.335560410982882,0.0009932518005371094,True,7200,800
0.1,10,50,159,TSCP_R,Gaussian,absolute_residual,0.94875,120303803187.95023,30.338844773624427,0.0030057430267333984,True,7200,800
0.1,10,50,159,Point_CHR,Gaussian,absolute_residual,0.91375,112945374673.6018,30.769746704572736,0.0,True,7200,800
0.1,10,50,159,Unscaled,Gaussian,absolute_residual,0.905,5792436100744.415,18.892356195913663,0.0,True,7200,800
0.1,10,50,159,Empirical_copula,Gaussian,absolute_residual,0.8925,74688341192.85881,31.242058110490202,0.001001596450805664,True,7200,800
0.1,10,50,160,TSCP_R,Gaussian,absolute_residual,0.95,146609846891.5841,30.929564588060167,0.0030095577239990234,True,7200,800
0.1,10,50,160,Point_CHR,Gaussian,absolute_residual,0.94125,76490275521.59355,27.571527928366343,0.0,True,7200,800
0.1,10,50,160,Unscaled,Gaussian,absolute_residual,0.96,27843852704331.77,22.104104890309678,0.0,True,7200,800
0.1,10,50,160,Empirical_copula,Gaussian,absolute_residual,0.90125,50428983626.41528,33.73489441468111,0.0009970664978027344,True,7200,800
0.1,10,50,161,TSCP_R,Gaussian,absolute_residual,0.85,39612950207.23598,24.160426211573128,0.003007650375366211,True,7200,800
0.1,10,50,161,Point_CHR,Gaussian,absolute_residual,0.9025,86418086053.34644,30.937181910518063,0.0,True,7200,800
0.1,10,50,161,Unscaled,Gaussian,absolute_residual,0.86625,5540416566306.792,18.80850348553404,0.0009932518005371094,True,7200,800
0.1,10,50,161,Empirical_copula,Gaussian,absolute_residual,0.75125,20307603793.900394,25.510367081953284,0.0,True,7200,800
0.1,10,50,162,TSCP_R,Gaussian,absolute_residual,0.8875,66000850219.80716,26.39058177701683,0.003010272979736328,True,7200,800
0.1,10,50,162,Point_CHR,Gaussian,absolute_residual,0.9775,780770609575.4454,39.27260850319156,0.0009915828704833984,True,7200,800
0.1,10,50,162,Unscaled,Gaussian,absolute_residual,0.945,25195180263177.613,21.884254010681587,0.0,True,7200,800
0.1,10,50,162,Empirical_copula,Gaussian,absolute_residual,0.8275,32292014707.49736,25.251904329501322,0.0010051727294921875,True,7200,800
0.1,10,50,163,TSCP_R,Gaussian,absolute_residual,0.915,131601497399.48817,29.254995166484235,0.0029973983764648438,True,7200,800
0.1,10,50,163,Point_CHR,Gaussian,absolute_residual,0.9025,293789158091.59314,33.73024299514815,0.0,True,7200,800
0.1,10,50,163,Unscaled,Gaussian,absolute_residual,0.885,6785214709732.417,19.193596453320534,0.0,True,7200,800
0.1,10,50,163,Empirical_copula,Gaussian,absolute_residual,0.75,36806555344.198135,30.36843662461264,0.0009999275207519531,True,7200,800
0.1,10,50,164,TSCP_R,Gaussian,absolute_residual,0.87375,44031949374.41593,23.04275264390654,0.0029997825622558594,True,7200,800
0.1,10,50,164,Point_CHR,Gaussian,absolute_residual,0.89875,101730636500.08977,26.86497038497444,0.0,True,7200,800
0.1,10,50,164,Unscaled,Gaussian,absolute_residual,0.8,1802179691263.8013,16.810468187915763,0.0,True,7200,800
0.1,10,50,164,Empirical_copula,Gaussian,absolute_residual,0.75,18871459041.92398,26.9113332152817,0.0,True,7200,800
0.1,10,50,165,TSCP_R,Gaussian,absolute_residual,0.9325,94991484673.1628,27.128477531041373,0.0030002593994140625,True,7200,800
0.1,10,50,165,Point_CHR,Gaussian,absolute_residual,0.84375,45020693202.251854,29.31593288135018,0.0010004043579101562,True,7200,800
0.1,10,50,165,Unscaled,Gaussian,absolute_residual,0.8825,5557032774857.838,18.81413672682483,0.0,True,7200,800
0.1,10,50,165,Empirical_copula,Gaussian,absolute_residual,0.84625,34712690287.00648,24.689239346999237,0.0010001659393310547,True,7200,800
0.1,10,50,166,TSCP_R,Gaussian,absolute_residual,0.8425,29487283334.326538,26.64826622018098,0.0029973983764648438,True,7200,800
0.1,10,50,166,Point_CHR,Gaussian,absolute_residual,0.9625,306810894050.4821,29.83951923010572,0.0,True,7200,800
0.1,10,50,166,Unscaled,Gaussian,absolute_residual,0.94,23288720316345.7,21.712736530784195,0.0,True,7200,800
0.1,10,50,166,Empirical_copula,Gaussian,absolute_residual,0.77375,18004577947.273758,26.115911092320754,0.0,True,7200,800
0.1,10,50,167,TSCP_R,Gaussian,absolute_residual,0.85875,32503623723.643497,21.79448454117229,0.0030019283294677734,True,7200,800
0.1,10,50,167,Point_CHR,Gaussian,absolute_residual,0.915,109980611112.16382,26.56324888556266,0.0,True,7200,800
0.1,10,50,167,Unscaled,Gaussian,absolute_residual,0.84875,3039728892544.4375,17.71264771776094,0.0,True,7200,800
0.1,10,50,167,Empirical_copula,Gaussian,absolute_residual,0.78625,15382784007.101967,20.62389557877769,0.0,True,7200,800
0.1,10,50,168,TSCP_R,Gaussian,absolute_residual,0.945,123920270334.40744,25.925416572871747,0.004007101058959961,True,7200,800
0.1,10,50,168,Point_CHR,Gaussian,absolute_residual,0.9425,155196531777.921,26.143931342216526,0.0,True,7200,800
0.1,10,50,168,Unscaled,Gaussian,absolute_residual,0.84625,3437660879491.8267,17.931899789451414,0.0,True,7200,800
0.1,10,50,168,Empirical_copula,Gaussian,absolute_residual,0.86125,35128146993.28052,23.12185321340167,0.00099945068359375,True,7200,800
0.1,10,50,169,TSCP_R,Gaussian,absolute_residual,0.87125,63012333165.15233,37.080005102512516,0.003006458282470703,True,7200,800
0.1,10,50,169,Point_CHR,Gaussian,absolute_residual,0.95875,496945435267.904,45.88176010255715,0.0,True,7200,800
0.1,10,50,169,Unscaled,Gaussian,absolute_residual,0.96,46833956882636.54,23.283919288646935,0.0,True,7200,800
0.1,10,50,169,Empirical_copula,Gaussian,absolute_residual,0.82875,47420694283.88765,42.98859159835279,0.001001119613647461,True,7200,800
0.1,10,50,170,TSCP_R,Gaussian,absolute_residual,0.8475,26277664294.542854,26.589027298767366,0.003000974655151367,True,7200,800
0.1,10,50,170,Point_CHR,Gaussian,absolute_residual,0.97375,341649320610.16254,30.242536357407662,0.0,True,7200,800
0.1,10,50,170,Unscaled,Gaussian,absolute_residual,0.88125,6454418237223.746,19.09790419506839,0.0,True,7200,800
0.1,10,50,170,Empirical_copula,Gaussian,absolute_residual,0.705,11703265324.431107,30.242536357407662,0.00099945068359375,True,7200,800
0.1,10,50,171,TSCP_R,Gaussian,absolute_residual,0.88625,47226715631.040855,26.3943240402535,0.0030078887939453125,True,7200,800
0.1,10,50,171,Point_CHR,Gaussian,absolute_residual,0.915,70271867410.3263,29.836452680229463,0.0,True,7200,800
0.1,10,50,171,Unscaled,Gaussian,absolute_residual,0.9,6328782614874.27,19.060400324058417,0.0,True,7200,800
0.1,10,50,171,Empirical_copula,Gaussian,absolute_residual,0.73125,16690965663.854265,21.175316400183185,0.000997781753540039,True,7200,800
0.1,10,50,172,TSCP_R,Gaussian,absolute_residual,0.90625,59914805433.0911,30.95132419570554,0.003007173538208008,True,7200,800
0.1,10,50,172,Point_CHR,Gaussian,absolute_residual,0.89,39489208721.66933,27.872871568119603,0.0,True,7200,800
0.1,10,50,172,Unscaled,Gaussian,absolute_residual,0.92875,12495519609388.883,20.402126313524374,0.0,True,7200,800
0.1,10,50,172,Empirical_copula,Gaussian,absolute_residual,0.81875,25874100207.440742,33.86697889741514,0.0,True,7200,800
0.1,10,50,173,TSCP_R,Gaussian,absolute_residual,0.86,51467054339.29759,24.516813498422234,0.003000974655151367,True,7200,800
0.1,10,50,173,Point_CHR,Gaussian,absolute_residual,0.94,134253765527.53737,31.299283732226392,0.0,True,7200,800
0.1,10,50,173,Unscaled,Gaussian,absolute_residual,0.91,7946554935388.809,19.499249173814768,0.0,True,7200,800
0.1,10,50,173,Empirical_copula,Gaussian,absolute_residual,0.77625,31842844618.42719,27.32890982942409,0.0010082721710205078,True,7200,800
0.1,10,50,174,TSCP_R,Gaussian,absolute_residual,0.91375,80015152780.65562,27.402957146014113,0.0029985904693603516,True,7200,800
0.1,10,50,174,Point_CHR,Gaussian,absolute_residual,0.9425,226123108010.1384,40.78341650126714,0.0010013580322265625,True,7200,800
0.1,10,50,174,Unscaled,Gaussian,absolute_residual,0.97125,69004319463147.21,24.204026943619475,0.0,True,7200,800
0.1,10,50,174,Empirical_copula,Gaussian,absolute_residual,0.8375,42065262832.74861,28.0025912438994,0.0010006427764892578,True,7200,800
0.1,10,50,175,TSCP_R,Gaussian,absolute_residual,0.9125,89980020994.94302,25.006263426534943,0.0030069351196289062,True,7200,800
0.1,10,50,175,Point_CHR,Gaussian,absolute_residual,0.82,46117342269.739586,20.395235511194194,0.0010635852813720703,True,7200,800
0.1,10,50,175,Unscaled,Gaussian,absolute_residual,0.875,6751259552379.976,19.18396972941055,0.0,True,7200,800
0.1,10,50,175,Empirical_copula,Gaussian,absolute_residual,0.8125,45196803072.447945,22.444010725687576,0.0019354820251464844,True,7200,800
0.1,10,50,176,TSCP_R,Gaussian,absolute_residual,0.85375,39856782514.48589,22.52641934385759,0.0029931068420410156,True,7200,800
0.1,10,50,176,Point_CHR,Gaussian,absolute_residual,0.8475,58280062846.099236,26.578510496765634,0.0,True,7200,800
0.1,10,50,176,Unscaled,Gaussian,absolute_residual,0.78875,1509979445698.3716,16.515704488964243,0.0,True,7200,800
0.1,10,50,176,Empirical_copula,Gaussian,absolute_residual,0.7075,15927071552.146032,25.70149720334045,0.0,True,7200,800
0.1,10,50,177,TSCP_R,Gaussian,absolute_residual,0.9575,159162336658.77332,27.219173687355166,0.0030062198638916016,True,7200,800
0.1,10,50,177,Point_CHR,Gaussian,absolute_residual,0.985,851989820379.087,36.77118043100463,0.0,True,7200,800
0.1,10,50,177,Unscaled,Gaussian,absolute_residual,0.92125,14292241528882.893,20.678071595399317,0.0,True,7200,800
0.1,10,50,177,Empirical_copula,Gaussian,absolute_residual,0.88625,61144291805.16311,27.057806149205383,0.0,True,7200,800
0.1,10,50,178,TSCP_R,Gaussian,absolute_residual,0.82875,22588662945.557198,23.672841535365663,0.003000020980834961,True,7200,800
0.1,10,50,178,Point_CHR,Gaussian,absolute_residual,0.91125,147713981620.26974,29.3262294943849,0.0010001659393310547,True,7200,800
0.1,10,50,178,Unscaled,Gaussian,absolute_residual,0.845,2876522659293.3477,17.615167612225857,0.0,True,7200,800
0.1,10,50,178,Empirical_copula,Gaussian,absolute_residual,0.73375,10194023609.422493,19.839444279689328,0.0,True,7200,800
0.1,10,50,179,TSCP_R,Gaussian,absolute_residual,0.89875,69535749733.64708,27.53545269204252,0.0029993057250976562,True,7200,800
0.1,10,50,179,Point_CHR,Gaussian,absolute_residual,0.79875,30957888281.738293,27.054607044185445,0.0010068416595458984,True,7200,800
0.1,10,50,179,Unscaled,Gaussian,absolute_residual,0.9125,18134653150253.594,21.17634117616033,0.0,True,7200,800
0.1,10,50,179,Empirical_copula,Gaussian,absolute_residual,0.845,33544233598.75068,24.687745125925602,0.0010008811950683594,True,7200,800
0.1,10,50,180,TSCP_R,Gaussian,absolute_residual,0.85,31172287779.361755,24.010136382347916,0.0020062923431396484,True,7200,800
0.1,10,50,180,Point_CHR,Gaussian,absolute_residual,0.84,28436049884.817883,25.12948687866502,0.0,True,7200,800
0.1,10,50,180,Unscaled,Gaussian,absolute_residual,0.8225,2580132588998.011,17.424655577648156,0.0,True,7200,800
0.1,10,50,180,Empirical_copula,Gaussian,absolute_residual,0.75375,18756679823.219822,19.987132205442542,0.0010039806365966797,True,7200,800
0.1,10,50,181,TSCP_R,Gaussian,absolute_residual,0.96,181259035742.46185,30.097546483450934,0.0030007362365722656,True,7200,800
0.1,10,50,181,Point_CHR,Gaussian,absolute_residual,0.99875,19677532945739.24,49.981597645088655,0.0009996891021728516,True,7200,800
0.1,10,50,181,Unscaled,Gaussian,absolute_residual,0.90125,6152598307776.633,19.006662199014876,0.0,True,7200,800
0.1,10,50,181,Empirical_copula,Gaussian,absolute_residual,0.87125,37958460727.59979,24.333429373144853,0.0,True,7200,800
0.1,10,50,182,TSCP_R,Gaussian,absolute_residual,0.86875,59231414819.76491,23.58515420072442,0.0030095577239990234,True,7200,800
0.1,10,50,182,Point_CHR,Gaussian,absolute_residual,0.86125,79261042053.34819,27.113205853315144,0.0009970664978027344,True,7200,800
0.1,10,50,182,Unscaled,Gaussian,absolute_residual,0.82625,2585823975853.744,17.42849538625358,0.0,True,7200,800
0.1,10,50,182,Empirical_copula,Gaussian,absolute_residual,0.8,23325778486.428844,21.97942906628363,0.0,True,7200,800
0.1,10,50,183,TSCP_R,Gaussian,absolute_residual,0.89375,43433565604.37347,24.91093748976875,0.0030007362365722656,True,7200,800
0.1,10,50,183,Point_CHR,Gaussian,absolute_residual,0.96625,153371466535.34,30.53547102604871,0.0010008811950683594,True,7200,800
0.1,10,50,183,Unscaled,Gaussian,absolute_residual,0.85875,3103650744948.55,17.749547442839365,0.0,True,7200,800
0.1,10,50,183,Empirical_copula,Gaussian,absolute_residual,0.7725,16856069021.599394,20.281082361790588,0.0010008811950683594,True,7200,800
0.1,10,50,184,TSCP_R,Gaussian,absolute_residual,0.9025,59067263938.25887,30.438796633817596,0.0029947757720947266,True,7200,800
0.1,10,50,184,Point_CHR,Gaussian,absolute_residual,0.92125,143259813393.73303,35.6163193658052,0.0,True,7200,800
0.1,10,50,184,Unscaled,Gaussian,absolute_residual,0.925,10078666138366.12,19.968263819762495,0.0,True,7200,800
0.1,10,50,184,Empirical_copula,Gaussian,absolute_residual,0.7475,25519621510.40798,28.011904260378664,0.000997304916381836,True,7200,800
0.1,10,50,185,TSCP_R,Gaussian,absolute_residual,0.935,92725320070.8004,24.64752901372606,0.003004312515258789,True,7200,800
0.1,10,50,185,Point_CHR,Gaussian,absolute_residual,0.9875,3477802609118.3813,46.46143949828309,0.0,True,7200,800
0.1,10,50,185,Unscaled,Gaussian,absolute_residual,0.89,6302999929412.038,19.052621078410755,0.0,True,7200,800
0.1,10,50,185,Empirical_copula,Gaussian,absolute_residual,0.83375,32549924636.685944,26.629454373579417,0.0,True,7200,800
0.1,10,50,186,TSCP_R,Gaussian,absolute_residual,0.905,71131251039.47961,24.642889515306564,0.0029985904693603516,True,7200,800
0.1,10,50,186,Point_CHR,Gaussian,absolute_residual,0.75375,17668097946.98241,22.66876023996063,0.0,True,7200,800
0.1,10,50,186,Unscaled,Gaussian,absolute_residual,0.85125,3758754670675.613,18.09274232583918,0.0010132789611816406,True,7200,800
0.1,10,50,186,Empirical_copula,Gaussian,absolute_residual,0.815,26919033825.900925,22.265466020065546,0.0,True,7200,800
0.1,10,50,187,TSCP_R,Gaussian,absolute_residual,0.895,51568647367.21778,27.62210419788925,0.0029931068420410156,True,7200,800
0.1,10,50,187,Point_CHR,Gaussian,absolute_residual,0.91,88517363986.2896,33.04516916604521,0.0010111331939697266,True,7200,800
0.1,10,50,187,Unscaled,Gaussian,absolute_residual,0.9725,53501455911174.75,23.595900711414398,0.0,True,7200,800
0.1,10,50,187,Empirical_copula,Gaussian,absolute_residual,0.83375,26264823711.629402,26.43409071557178,0.0,True,7200,800
0.1,10,50,188,TSCP_R,Gaussian,absolute_residual,0.915,74086324518.44432,25.01706171800555,0.0030052661895751953,True,7200,800
0.1,10,50,188,Point_CHR,Gaussian,absolute_residual,0.9075,76926777103.43964,26.49865234757919,0.0,True,7200,800
0.1,10,50,188,Unscaled,Gaussian,absolute_residual,0.915,8367777152755.031,19.600222911375457,0.0,True,7200,800
0.1,10,50,188,Empirical_copula,Gaussian,absolute_residual,0.79875,25615201928.72148,25.190965012975486,0.0,True,7200,800
0.1,10,50,189,TSCP_R,Gaussian,absolute_residual,0.96125,253077038188.80862,33.628530677573934,0.0039997100830078125,True,7200,800
0.1,10,50,189,Point_CHR,Gaussian,absolute_residual,0.93375,220402965894.9651,29.997913460054043,0.001001596450805664,True,7200,800
0.1,10,50,189,Unscaled,Gaussian,absolute_residual,0.91875,12105472544393.348,20.33752850756085,0.0,True,7200,800
0.1,10,50,189,Empirical_copula,Gaussian,absolute_residual,0.875,83282001731.85985,35.621529543623055,0.0,True,7200,800
0.1,10,50,190,TSCP_R,Gaussian,absolute_residual,0.96375,174361635745.87152,29.228934973743463,0.004008293151855469,True,7200,800
0.1,10,50,190,Point_CHR,Gaussian,absolute_residual,0.965,327907485408.77826,35.32049957650871,0.0,True,7200,800
0.1,10,50,190,Unscaled,Gaussian,absolute_residual,0.92375,8490756863452.222,19.62884024877719,0.0,True,7200,800
0.1,10,50,190,Empirical_copula,Gaussian,absolute_residual,0.8825,50951395894.42656,26.60362140663559,0.0009984970092773438,True,7200,800
0.1,10,50,191,TSCP_R,Gaussian,absolute_residual,0.9575,114067575425.46806,31.192577867320537,0.003006458282470703,True,7200,800
0.1,10,50,191,Point_CHR,Gaussian,absolute_residual,0.94,163456787966.96802,31.202853150449513,0.0009944438934326172,True,7200,800
0.1,10,50,191,Unscaled,Gaussian,absolute_residual,0.93375,9878864798798.38,19.928320728956557,0.0,True,7200,800
0.1,10,50,191,Empirical_copula,Gaussian,absolute_residual,0.71875,21296343523.311207,26.649797106937815,0.0009989738464355469,True,7200,800
0.1,10,50,192,TSCP_R,Gaussian,absolute_residual,0.91,87693809404.25017,32.97820530540112,0.003999948501586914,True,7200,800
0.1,10,50,192,Point_CHR,Gaussian,absolute_residual,0.925,330507710385.7613,45.232692864002075,0.0,True,7200,800
0.1,10,50,192,Unscaled,Gaussian,absolute_residual,0.985,123375157048898.25,25.652090997436744,0.0,True,7200,800
0.1,10,50,192,Empirical_copula,Gaussian,absolute_residual,0.8325,39154238508.20714,31.96807450499056,0.001007080078125,True,7200,800
0.1,10,50,193,TSCP_R,Gaussian,absolute_residual,0.96,143287439692.9283,26.385869218524288,0.003998756408691406,True,7200,800
0.1,10,50,193,Point_CHR,Gaussian,absolute_residual,0.95,237279537618.3339,34.45790953146524,0.0,True,7200,800
0.1,10,50,193,Unscaled,Gaussian,absolute_residual,0.93625,12711245845474.28,20.437078441340173,0.0,True,7200,800
0.1,10,50,193,Empirical_copula,Gaussian,absolute_residual,0.8675,47934606254.85888,25.204918253624598,0.0010023117065429688,True,7200,800
0.1,10,50,194,TSCP_R,Gaussian,absolute_residual,0.95125,126789368636.15045,28.853378206723427,0.003000974655151367,True,7200,800
0.1,10,50,194,Point_CHR,Gaussian,absolute_residual,0.93375,158273920176.64368,28.36546027322354,0.0,True,7200,800
0.1,10,50,194,Unscaled,Gaussian,absolute_residual,0.8675,6636263100822.293,19.151039832452284,0.0,True,7200,800
0.1,10,50,194,Empirical_copula,Gaussian,absolute_residual,0.8175,38693993679.74877,23.605135767053923,0.0,True,7200,800
0.1,10,50,195,TSCP_R,Gaussian,absolute_residual,0.8325,27216450317.1526,23.73688634098889,0.0030012130737304688,True,7200,800
0.1,10,50,195,Point_CHR,Gaussian,absolute_residual,0.935,165393901847.06604,29.387793247926204,0.0010058879852294922,True,7200,800
0.1,10,50,195,Unscaled,Gaussian,absolute_residual,0.8625,5467001184159.479,18.783430695615234,0.0,True,7200,800
0.1,10,50,195,Empirical_copula,Gaussian,absolute_residual,0.79625,18692113931.195538,27.4300230737964,0.0,True,7200,800
0.1,10,50,196,TSCP_R,Gaussian,absolute_residual,0.9925,591229015682.5919,37.7903208397233,0.0030062198638916016,True,7200,800
0.1,10,50,196,Point_CHR,Gaussian,absolute_residual,0.995,2023549454368.549,42.79008440066151,0.0,True,7200,800
0.1,10,50,196,Unscaled,Gaussian,absolute_residual,0.94,17772262837141.12,21.13363842169889,0.0,True,7200,800
0.1,10,50,196,Empirical_copula,Gaussian,absolute_residual,0.95,154289171163.27176,34.538938680914114,0.0,True,7200,800
0.1,10,50,197,TSCP_R,Gaussian,absolute_residual,0.82,27943379982.0153,26.192004644355663,0.00400233268737793,True,7200,800
0.1,10,50,197,Point_CHR,Gaussian,absolute_residual,0.85375,45099913980.5358,24.859482125470805,0.0,True,7200,800
0.1,10,50,197,Unscaled,Gaussian,absolute_residual,0.905,8382394964711.037,19.60364421891588,0.0,True,7200,800
0.1,10,50,197,Empirical_copula,Gaussian,absolute_residual,0.74875,20454805796.90339,26.319216887952148,0.0009999275207519531,True,7200,800
0.1,10,50,198,TSCP_R,Gaussian,absolute_residual,0.90875,53190174067.15159,27.59005752008016,0.002998828887939453,True,7200,800
0.1,10,50,198,Point_CHR,Gaussian,absolute_residual,0.8975,73232244673.33469,25.091403096223097,0.0010001659393310547,True,7200,800
0.1,10,50,198,Unscaled,Gaussian,absolute_residual,0.9225,15893482472584.678,20.898826798946896,0.0,True,7200,800
0.1,10,50,198,Empirical_copula,Gaussian,absolute_residual,0.8475,23076983446.89781,28.94894075755007,0.0010013580322265625,True,7200,800
0.1,10,50,199,TSCP_R,Gaussian,absolute_residual,0.945,115381753779.67303,29.199710119358954,0.001998424530029297,True,7200,800
0.1,10,50,199,Point_CHR,Gaussian,absolute_residual,0.935,177450019042.97687,23.132071869241198,0.0,True,7200,800
0.1,10,50,199,Unscaled,Gaussian,absolute_residual,0.86375,4215703712651.659,18.30151356287914,0.0,True,7200,800
0.1,10,50,199,Empirical_copula,Gaussian,absolute_residual,0.84875,28808227177.910816,24.734192217309566,0.00099945068359375,True,7200,800
0.1,10,100,0,TSCP_R,Gaussian,absolute_residual,0.92375,51223261543.10594,27.16679566640815,0.003998994827270508,True,7200,800
0.1,10,100,0,Point_CHR,Gaussian,absolute_residual,0.90125,49534958583.656555,29.61576127389729,0.001001119613647461,True,7200,800
0.1,10,100,0,Unscaled,Gaussian,absolute_residual,0.92,12046317077774.14,20.327568303464275,0.0,True,7200,800
0.1,10,100,0,Empirical_copula,Gaussian,absolute_residual,0.8075,19271656096.394505,27.767868237975676,0.0009987354278564453,True,7200,800
0.1,10,100,1,TSCP_R,Gaussian,absolute_residual,0.8925,52339101139.56614,28.373796712302216,0.0030057430267333984,True,7200,800
0.1,10,100,1,Point_CHR,Gaussian,absolute_residual,0.915,100552575908.74075,31.001941624803536,0.0010006427764892578,True,7200,800
0.1,10,100,1,Unscaled,Gaussian,absolute_residual,0.87875,6433438887729.226,19.091687541012384,0.0,True,7200,800
0.1,10,100,1,Empirical_copula,Gaussian,absolute_residual,0.805,18822106890.64982,26.152641369450325,0.0009930133819580078,True,7200,800
0.1,10,100,2,TSCP_R,Gaussian,absolute_residual,0.92375,57959753673.30441,25.63243083013454,0.0039997100830078125,True,7200,800
0.1,10,100,2,Point_CHR,Gaussian,absolute_residual,0.9375,107525353777.30086,28.785075601874148,0.0010006427764892578,True,7200,800
0.1,10,100,2,Unscaled,Gaussian,absolute_residual,0.9175,9124029849953.045,19.770546292397785,0.0,True,7200,800
0.1,10,100,2,Empirical_copula,Gaussian,absolute_residual,0.81,24225142201.65726,23.508723341905842,0.001001119613647461,True,7200,800
0.1,10,100,3,TSCP_R,Gaussian,absolute_residual,0.91375,62204657548.64184,26.74978553038865,0.0030057430267333984,True,7200,800
0.1,10,100,3,Point_CHR,Gaussian,absolute_residual,0.90625,103418758951.88583,28.466508299453544,0.0009949207305908203,True,7200,800
0.1,10,100,3,Unscaled,Gaussian,absolute_residual,0.9375,17741606305832.27,21.129990110204854,0.0,True,7200,800
0.1,10,100,3,Empirical_copula,Gaussian,absolute_residual,0.8625,34143680204.035282,27.969996757008232,0.001999378204345703,True,7200,800
0.1,10,100,4,TSCP_R,Gaussian,absolute_residual,0.90375,34906232408.570274,25.700221630814106,0.003993511199951172,True,7200,800
0.1,10,100,4,Point_CHR,Gaussian,absolute_residual,0.9125,39373151821.45251,28.58489713918529,0.0010008811950683594,True,7200,800
0.1,10,100,4,Unscaled,Gaussian,absolute_residual,0.9225,11387694788552.615,20.213596021818876,0.0,True,7200,800
0.1,10,100,4,Empirical_copula,Gaussian,absolute_residual,0.8275,19956290939.022903,23.841194894984866,0.0010004043579101562,True,7200,800
0.1,10,100,5,TSCP_R,Gaussian,absolute_residual,0.89875,44116880770.230385,23.76226469239213,0.00400090217590332,True,7200,800
0.1,10,100,5,Point_CHR,Gaussian,absolute_residual,0.94625,79447032386.78145,27.21756643704048,0.001001119613647461,True,7200,800
0.1,10,100,5,Unscaled,Gaussian,absolute_residual,0.86625,3910245816698.3384,18.164372773267996,0.0,True,7200,800
0.1,10,100,5,Empirical_copula,Gaussian,absolute_residual,0.795,18510153922.289654,26.60365935288201,0.0009984970092773438,True,7200,800
0.1,10,100,6,TSCP_R,Gaussian,absolute_residual,0.855,34633486119.983696,25.175287644404037,0.0030057430267333984,True,7200,800
0.1,10,100,6,Point_CHR,Gaussian,absolute_residual,0.8275,21020483194.192764,23.28690140286033,0.0,True,7200,800
0.1,10,100,6,Unscaled,Gaussian,absolute_residual,0.8575,3431435435646.522,17.928649756437903,0.0,True,7200,800
0.1,10,100,6,Empirical_copula,Gaussian,absolute_residual,0.8,18664730481.54231,26.32881192729143,0.0010004043579101562,True,7200,800
0.1,10,100,7,TSCP_R,Gaussian,absolute_residual,0.91375,67389543008.82781,26.975218637871954,0.0029938220977783203,True,7200,800
0.1,10,100,7,Point_CHR,Gaussian,absolute_residual,0.905,84505835869.23543,30.480368885650137,0.0009987354278564453,True,7200,800
0.1,10,100,7,Unscaled,Gaussian,absolute_residual,0.90125,8558185777433.121,19.644372964447353,0.0,True,7200,800
0.1,10,100,7,Empirical_copula,Gaussian,absolute_residual,0.81625,21617178027.386707,21.69465547198289,0.0010111331939697266,True,7200,800
0.1,10,100,8,TSCP_R,Gaussian,absolute_residual,0.87375,38203720503.42403,24.334567813941696,0.0030045509338378906,True,7200,800
0.1,10,100,8,Point_CHR,Gaussian,absolute_residual,0.89875,57688384671.57293,28.925291235139106,0.0010001659393310547,True,7200,800
0.1,10,100,8,Unscaled,Gaussian,absolute_residual,0.885,8410025642619.429,19.610096553777343,0.0,True,7200,800
0.1,10,100,8,Empirical_copula,Gaussian,absolute_residual,0.7625,16224998137.140434,25.056101096604635,0.0009996891021728516,True,7200,800
0.1,10,100,9,TSCP_R,Gaussian,absolute_residual,0.89375,39130741331.901985,24.675030284457755,0.004002094268798828,True,7200,800
0.1,10,100,9,Point_CHR,Gaussian,absolute_residual,0.90625,62080423899.73305,27.580664508944352,0.0,True,7200,800
0.1,10,100,9,Unscaled,Gaussian,absolute_residual,0.91625,8182834211067.56,19.556465907575138,0.0,True,7200,800
0.1,10,100,9,Empirical_copula,Gaussian,absolute_residual,0.8425,19958858286.106167,23.87624903628063,0.0009987354278564453,True,7200,800
0.1,10,100,10,TSCP_R,Gaussian,absolute_residual,0.8675,41342886136.57147,24.13019012366206,0.0030059814453125,True,7200,800
0.1,10,100,10,Point_CHR,Gaussian,absolute_residual,0.87875,54608079252.65719,28.31717715758635,0.0,True,7200,800
0.1,10,100,10,Unscaled,Gaussian,absolute_residual,0.86,3715496087554.3413,18.071811202585064,0.0009999275207519531,True,7200,800
0.1,10,100,10,Empirical_copula,Gaussian,absolute_residual,0.78375,19807692157.94991,25.432652016724596,0.0009999275207519531,True,7200,800
0.1,10,100,11,TSCP_R,Gaussian,absolute_residual,0.89625,60821183692.02678,27.84394524827131,0.0029990673065185547,True,7200,800
0.1,10,100,11,Point_CHR,Gaussian,absolute_residual,0.805,23577885483.735767,25.831587590105002,0.0,True,7200,800
0.1,10,100,11,Unscaled,Gaussian,absolute_residual,0.92,11652218940352.258,20.260066364942567,0.0,True,7200,800
0.1,10,100,11,Empirical_copula,Gaussian,absolute_residual,0.80625,23732129984.44892,25.690934516949,0.0009851455688476562,True,7200,800
0.1,10,100,12,TSCP_R,Gaussian,absolute_residual,0.91875,62882156908.31674,24.563317296049227,0.0040056705474853516,True,7200,800
0.1,10,100,12,Point_CHR,Gaussian,absolute_residual,0.9575,201410860710.02396,26.391496546091425,0.0009913444519042969,True,7200,800
0.1,10,100,12,Unscaled,Gaussian,absolute_residual,0.84875,3072550244623.11,17.731680582946318,0.0,True,7200,800
0.1,10,100,12,Empirical_copula,Gaussian,absolute_residual,0.85625,24831533352.629356,24.259078429702654,0.0010073184967041016,True,7200,800
0.1,10,100,13,TSCP_R,Gaussian,absolute_residual,0.85875,30024744894.604206,22.7249241031651,0.0029931068420410156,True,7200,800
0.1,10,100,13,Point_CHR,Gaussian,absolute_residual,0.89625,66321087752.50554,24.26064091561788,0.0009996891021728516,True,7200,800
0.1,10,100,13,Unscaled,Gaussian,absolute_residual,0.84875,2908051703180.786,17.63438070176544,0.0,True,7200,800
0.1,10,100,13,Empirical_copula,Gaussian,absolute_residual,0.775,13934677250.985537,20.66561370147682,0.0009992122650146484,True,7200,800
0.1,10,100,14,TSCP_R,Gaussian,absolute_residual,0.94375,108251190628.00896,26.81242549700525,0.0030105113983154297,True,7200,800
0.1,10,100,14,Point_CHR,Gaussian,absolute_residual,0.93625,129593314572.66956,26.81366220649867,0.0,True,7200,800
0.1,10,100,14,Unscaled,Gaussian,absolute_residual,0.8925,5402636671870.284,18.761198402913493,0.0,True,7200,800
0.1,10,100,14,Empirical_copula,Gaussian,absolute_residual,0.80625,21027368643.563507,26.198067222359427,0.0009996891021728516,True,7200,800
0.1,10,100,15,TSCP_R,Gaussian,absolute_residual,0.96,115696251896.17702,30.010296186681252,0.0039997100830078125,True,7200,800
0.1,10,100,15,Point_CHR,Gaussian,absolute_residual,0.9375,138299718821.99667,37.462399407717456,0.0,True,7200,800
0.1,10,100,15,Unscaled,Gaussian,absolute_residual,0.945,19196080135768.887,21.297138510324167,0.0,True,7200,800
0.1,10,100,15,Empirical_copula,Gaussian,absolute_residual,0.915,48640778920.9349,26.48634846433601,0.0020003318786621094,True,7200,800
0.1,10,100,16,TSCP_R,Gaussian,absolute_residual,0.935,96161978164.81462,29.186431491554963,0.004007816314697266,True,7200,800
0.1,10,100,16,Point_CHR,Gaussian,absolute_residual,0.95875,246961787410.57877,32.722446616693844,0.0,True,7200,800
0.1,10,100,16,Unscaled,Gaussian,absolute_residual,0.93125,20416811056929.176,21.4288463555357,0.0009980201721191406,True,7200,800
0.1,10,100,16,Empirical_copula,Gaussian,absolute_residual,0.83375,22476201303.742855,25.388117516646002,0.0009999275207519531,True,7200,800
0.1,10,100,17,TSCP_R,Gaussian,absolute_residual,0.9175,68293331743.7191,24.991415951765372,0.0029985904693603516,True,7200,800
0.1,10,100,17,Point_CHR,Gaussian,absolute_residual,0.9175,69698907227.5824,24.75857171939184,0.0009942054748535156,True,7200,800
0.1,10,100,17,Unscaled,Gaussian,absolute_residual,0.9225,14216405686361.807,20.667073349151323,0.0,True,7200,800
0.1,10,100,17,Empirical_copula,Gaussian,absolute_residual,0.8725,35792241604.17794,23.972972945379563,0.0009999275207519531,True,7200,800
0.1,10,100,18,TSCP_R,Gaussian,absolute_residual,0.9375,73127752361.67838,26.565040921415616,0.0029921531677246094,True,7200,800
0.1,10,100,18,Point_CHR,Gaussian,absolute_residual,0.9575,136409461135.86514,26.471983908610717,0.0010085105895996094,True,7200,800
0.1,10,100,18,Unscaled,Gaussian,absolute_residual,0.92375,9800778922421.854,19.91251240143851,0.0,True,7200,800
0.1,10,100,18,Empirical_copula,Gaussian,absolute_residual,0.865,31104027569.536022,28.310913447434803,0.0009987354278564453,True,7200,800
0.1,10,100,19,TSCP_R,Gaussian,absolute_residual,0.94625,105637211373.01808,28.3286262262662,0.003006458282470703,True,7200,800
0.1,10,100,19,Point_CHR,Gaussian,absolute_residual,0.95125,168520479097.17267,31.51377125955411,0.0009999275207519531,True,7200,800
0.1,10,100,19,Unscaled,Gaussian,absolute_residual,0.89,7272477719373.299,19.327168809704933,0.0,True,7200,800
0.1,10,100,19,Empirical_copula,Gaussian,absolute_residual,0.885,45159921449.57375,26.8289500320189,0.0009942054748535156,True,7200,800
0.1,10,100,20,TSCP_R,Gaussian,absolute_residual,0.88125,34504679073.93605,22.879554144598465,0.0030074119567871094,True,7200,800
0.1,10,100,20,Point_CHR,Gaussian,absolute_residual,0.91,68206596513.973305,26.653452016476805,0.0010044574737548828,True,7200,800
0.1,10,100,20,Unscaled,Gaussian,absolute_residual,0.855,2758738332016.6494,17.541674616057733,0.0,True,7200,800
0.1,10,100,20,Empirical_copula,Gaussian,absolute_residual,0.81,15487937035.225832,22.01386641196491,0.000995635986328125,True,7200,800
0.1,10,100,21,TSCP_R,Gaussian,absolute_residual,0.915,86676495519.1747,28.077264768751753,0.003995656967163086,True,7200,800
0.1,10,100,21,Point_CHR,Gaussian,absolute_residual,0.89,93900735419.337,32.22336519806561,0.0,True,7200,800
0.1,10,100,21,Unscaled,Gaussian,absolute_residual,0.87875,4581052592519.057,18.45425544162936,0.0,True,7200,800
0.1,10,100,21,Empirical_copula,Gaussian,absolute_residual,0.80875,25692192778.581486,23.48234921226456,0.002000093460083008,True,7200,800
0.1,10,100,22,TSCP_R,Gaussian,absolute_residual,0.875,39271442674.53835,27.6600188103423,0.0029921531677246094,True,7200,800
0.1,10,100,22,Point_CHR,Gaussian,absolute_residual,0.91125,75220829437.36621,27.627055964875755,0.0010089874267578125,True,7200,800
0.1,10,100,22,Unscaled,Gaussian,absolute_residual,0.93125,16910685399412.023,21.028878948059443,0.0,True,7200,800
0.1,10,100,22,Empirical_copula,Gaussian,absolute_residual,0.78625,18718301469.022755,24.00327875655915,0.000997781753540039,True,7200,800
0.1,10,100,23,TSCP_R,Gaussian,absolute_residual,0.89625,42498486277.21766,26.337788408144583,0.003998756408691406,True,7200,800
0.1,10,100,23,Point_CHR,Gaussian,absolute_residual,0.9,41671255889.48128,26.5126111691739,0.0,True,7200,800
0.1,10,100,23,Unscaled,Gaussian,absolute_residual,0.9075,8377813489161.422,19.60257249997984,0.0,True,7200,800
0.1,10,100,23,Empirical_copula,Gaussian,absolute_residual,0.80875,17330954568.87616,25.347411592131724,0.0020008087158203125,True,7200,800
0.1,10,100,24,TSCP_R,Gaussian,absolute_residual,0.925,78148787921.4088,26.767557757650824,0.00500941276550293,True,7200,800
0.1,10,100,24,Point_CHR,Gaussian,absolute_residual,0.94625,184357432175.64066,31.364752042685815,0.0,True,7200,800
0.1,10,100,24,Unscaled,Gaussian,absolute_residual,0.8975,5599192348689.169,18.82836196129417,0.0,True,7200,800
0.1,10,100,24,Empirical_copula,Gaussian,absolute_residual,0.8025,24406839209.690765,25.71558616397545,0.0009980201721191406,True,7200,800
0.1,10,100,25,TSCP_R,Gaussian,absolute_residual,0.91375,66647705355.39325,29.097884815606307,0.004006862640380859,True,7200,800
0.1,10,100,25,Point_CHR,Gaussian,absolute_residual,0.89,63967802399.05451,29.903399829423186,0.0,True,7200,800
0.1,10,100,25,Unscaled,Gaussian,absolute_residual,0.91875,10758325713466.795,20.099000864017846,0.0,True,7200,800
0.1,10,100,25,Empirical_copula,Gaussian,absolute_residual,0.83375,26939328417.883057,25.50405995140455,0.001996755599975586,True,7200,800
0.1,10,100,26,TSCP_R,Gaussian,absolute_residual,0.8725,29757492286.18451,23.188921447870513,0.0030074119567871094,True,7200,800
0.1,10,100,26,Point_CHR,Gaussian,absolute_residual,0.8825,48474033181.64106,29.21887499817827,0.0,True,7200,800
0.1,10,100,26,Unscaled,Gaussian,absolute_residual,0.8825,5725025466031.571,18.870253840512355,0.0,True,7200,800
0.1,10,100,26,Empirical_copula,Gaussian,absolute_residual,0.7925,14078262547.784117,21.041135465835048,0.000993490219116211,True,7200,800
0.1,10,100,27,TSCP_R,Gaussian,absolute_residual,0.8825,50234468945.90794,22.72308379119747,0.004006147384643555,True,7200,800
0.1,10,100,27,Point_CHR,Gaussian,absolute_residual,0.9125,117219029711.7387,27.758843603029153,0.0,True,7200,800
0.1,10,100,27,Unscaled,Gaussian,absolute_residual,0.86125,5518247862309.619,18.800964109819457,0.0,True,7200,800
0.1,10,100,27,Empirical_copula,Gaussian,absolute_residual,0.8275,20267098099.5417,23.042470135773375,0.0009953975677490234,True,7200,800
0.1,10,100,28,TSCP_R,Gaussian,absolute_residual,0.92375,74403189142.63148,26.724897247491413,0.004000425338745117,True,7200,800
0.1,10,100,28,Point_CHR,Gaussian,absolute_residual,0.9425,153636557461.7048,32.67986361771191,0.0,True,7200,800
0.1,10,100,28,Unscaled,Gaussian,absolute_residual,0.875,5728056714073.696,18.87125273206618,0.0,True,7200,800
0.1,10,100,28,Empirical_copula,Gaussian,absolute_residual,0.83,26812605045.730957,27.10690760182934,0.001007080078125,True,7200,800
0.1,10,100,29,TSCP_R,Gaussian,absolute_residual,0.9075,69605508471.42816,27.363409071189523,0.0040051937103271484,True,7200,800
0.1,10,100,29,Point_CHR,Gaussian,absolute_residual,0.9,75904427001.19615,27.885623571460904,0.0,True,7200,800
0.1,10,100,29,Unscaled,Gaussian,absolute_residual,0.92375,17902951768013.992,21.14912792627852,0.0,True,7200,800
0.1,10,100,29,Empirical_copula,Gaussian,absolute_residual,0.84875,37201755766.91753,26.042334613094987,0.0010001659393310547,True,7200,800
0.1,10,100,30,TSCP_R,Gaussian,absolute_residual,0.9225,49935975891.0809,27.886417625606114,0.0050084590911865234,True,7200,800
0.1,10,100,30,Point_CHR,Gaussian,absolute_residual,0.9425,115169883654.90054,31.96845286865318,0.0,True,7200,800
0.1,10,100,30,Unscaled,Gaussian,absolute_residual,0.925,11340506257343.201,20.20520421586034,0.0,True,7200,800
0.1,10,100,30,Empirical_copula,Gaussian,absolute_residual,0.855,22508355258.880074,24.884437723972013,0.0009984970092773438,True,7200,800
0.1,10,100,31,TSCP_R,Gaussian,absolute_residual,0.87625,35529089010.67262,27.78840104296932,0.004000663757324219,True,7200,800
0.1,10,100,31,Point_CHR,Gaussian,absolute_residual,0.8575,37340429953.43934,28.944384651534655,0.0,True,7200,800
0.1,10,100,31,Unscaled,Gaussian,absolute_residual,0.93625,16682829960356.89,21.00037124784583,0.0,True,7200,800
0.1,10,100,31,Empirical_copula,Gaussian,absolute_residual,0.7875,17712103379.676445,28.20604817280983,0.002007722854614258,True,7200,800
0.1,10,100,32,TSCP_R,Gaussian,absolute_residual,0.95125,129414198436.21872,28.31728921408464,0.0039975643157958984,True,7200,800
0.1,10,100,32,Point_CHR,Gaussian,absolute_residual,0.97625,431891155419.83484,32.511386655073984,0.0,True,7200,800
0.1,10,100,32,Unscaled,Gaussian,absolute_residual,0.92375,13327335025970.746,20.534036588193903,0.0,True,7200,800
0.1,10,100,32,Empirical_copula,Gaussian,absolute_residual,0.87,43621335402.44232,24.450068515684485,0.0010025501251220703,True,7200,800
0.1,10,100,33,TSCP_R,Gaussian,absolute_residual,0.93625,98685380707.6569,28.73544331142179,0.0029926300048828125,True,7200,800
0.1,10,100,33,Point_CHR,Gaussian,absolute_residual,0.8675,43988707246.310356,26.83701335417455,0.0,True,7200,800
0.1,10,100,33,Unscaled,Gaussian,absolute_residual,0.93875,20224661215678.93,21.408592985203406,0.0,True,7200,800
0.1,10,100,33,Empirical_copula,Gaussian,absolute_residual,0.85125,31760183837.417297,24.247586299595934,0.00099945068359375,True,7200,800
0.1,10,100,34,TSCP_R,Gaussian,absolute_residual,0.91125,63914066251.54787,30.698963138162423,0.0030059814453125,True,7200,800
0.1,10,100,34,Point_CHR,Gaussian,absolute_residual,0.9625,273930151645.6995,36.62823782042548,0.0009996891021728516,True,7200,800
0.1,10,100,34,Unscaled,Gaussian,absolute_residual,0.9325,12090719920355.256,20.33504866568416,0.0,True,7200,800
0.1,10,100,34,Empirical_copula,Gaussian,absolute_residual,0.8525,28677826182.3393,29.059736001572645,0.0010023117065429688,True,7200,800
0.1,10,100,35,TSCP_R,Gaussian,absolute_residual,0.90875,58052882754.97135,29.16597871854772,0.0030069351196289062,True,7200,800
0.1,10,100,35,Point_CHR,Gaussian,absolute_residual,0.94375,199243478207.99023,31.927757185168474,0.0010039806365966797,True,7200,800
0.1,10,100,35,Unscaled,Gaussian,absolute_residual,0.925,11530912859264.246,20.238875042298766,0.0,True,7200,800
0.1,10,100,35,Empirical_copula,Gaussian,absolute_residual,0.81125,20810412716.45014,27.233992627343003,0.0009899139404296875,True,7200,800
0.1,10,100,36,TSCP_R,Gaussian,absolute_residual,0.87875,39712710840.58632,25.97910200284516,0.004006147384643555,True,7200,800
0.1,10,100,36,Point_CHR,Gaussian,absolute_residual,0.90875,65284120135.859604,27.16214686365366,0.0,True,7200,800
0.1,10,100,36,Unscaled,Gaussian,absolute_residual,0.925,14685026431248.021,20.73420906498038,0.0,True,7200,800
0.1,10,100,36,Empirical_copula,Gaussian,absolute_residual,0.81625,23344413099.03036,26.133723749552335,0.0019998550415039062,True,7200,800
0.1,10,100,37,TSCP_R,Gaussian,absolute_residual,0.8675,27498179717.867153,24.21962573602479,0.004000425338745117,True,7200,800
0.1,10,100,37,Point_CHR,Gaussian,absolute_residual,0.87625,30183547328.858032,27.09092639000024,0.0,True,7200,800
0.1,10,100,37,Unscaled,Gaussian,absolute_residual,0.9,5323664257860.859,18.733592361201296,0.0,True,7200,800
0.1,10,100,37,Empirical_copula,Gaussian,absolute_residual,0.81375,16027683352.947775,24.190826133209367,0.0010094642639160156,True,7200,800
0.1,10,100,38,TSCP_R,Gaussian,absolute_residual,0.9425,78258430103.9187,27.395891796248886,0.004003047943115234,True,7200,800
0.1,10,100,38,Point_CHR,Gaussian,absolute_residual,0.91125,73097683539.63002,27.994237139855912,0.0,True,7200,800
0.1,10,100,38,Unscaled,Gaussian,absolute_residual,0.92,8510785817134.614,19.633465612960293,0.0,True,7200,800
0.1,10,100,38,Empirical_copula,Gaussian,absolute_residual,0.8625,34224842271.765343,26.19967008685335,0.0009992122650146484,True,7200,800
0.1,10,100,39,TSCP_R,Gaussian,absolute_residual,0.89875,59801050636.6877,27.428840328707693,0.004008054733276367,True,7200,800
0.1,10,100,39,Point_CHR,Gaussian,absolute_residual,0.92875,93658823587.76672,29.59064525699428,0.0,True,7200,800
0.1,10,100,39,Unscaled,Gaussian,absolute_residual,0.905,7985085409601.839,19.508683212001884,0.0010058879852294922,True,7200,800
0.1,10,100,39,Empirical_copula,Gaussian,absolute_residual,0.77375,18443242801.86042,26.968333078866486,0.0009949207305908203,True,7200,800
0.1,10,100,40,TSCP_R,Gaussian,absolute_residual,0.89875,58586062263.33159,28.609414609950335,0.004006385803222656,True,7200,800
0.1,10,100,40,Point_CHR,Gaussian,absolute_residual,0.92125,118126213973.05762,30.173697901152515,0.0,True,7200,800
0.1,10,100,40,Unscaled,Gaussian,absolute_residual,0.91875,9741198175627.475,19.900373973648744,0.0,True,7200,800
0.1,10,100,40,Empirical_copula,Gaussian,absolute_residual,0.77875,19953747261.83085,23.543375458596106,0.0009999275207519531,True,7200,800
0.1,10,100,41,TSCP_R,Gaussian,absolute_residual,0.915,47172485108.70644,26.499113886583423,0.0029931068420410156,True,7200,800
0.1,10,100,41,Point_CHR,Gaussian,absolute_residual,0.91875,108870251582.83057,30.616933279532468,0.0009992122650146484,True,7200,800
0.1,10,100,41,Unscaled,Gaussian,absolute_residual,0.89375,5038736423160.598,18.630828328247944,0.0,True,7200,800
0.1,10,100,41,Empirical_copula,Gaussian,absolute_residual,0.80875,18537399295.66234,24.120561266371194,0.0009999275207519531,True,7200,800
0.1,10,100,42,TSCP_R,Gaussian,absolute_residual,0.93875,67690854534.567924,26.631325332198735,0.003005504608154297,True,7200,800
0.1,10,100,42,Point_CHR,Gaussian,absolute_residual,0.9175,49136832882.36182,25.774836872673596,0.0009999275207519531,True,7200,800
0.1,10,100,42,Unscaled,Gaussian,absolute_residual,0.89625,7020498767976.807,19.25913585652921,0.0,True,7200,800
0.1,10,100,42,Empirical_copula,Gaussian,absolute_residual,0.8475,25196680573.19378,24.337022372555204,0.0010001659393310547,True,7200,800
0.1,10,100,43,TSCP_R,Gaussian,absolute_residual,0.955,143213991217.66617,27.43577043893228,0.004000663757324219,True,7200,800
0.1,10,100,43,Point_CHR,Gaussian,absolute_residual,0.95,151863760438.38535,28.63313550254482,0.0,True,7200,800
0.1,10,100,43,Unscaled,Gaussian,absolute_residual,0.895,5255494909041.643,18.70946469894955,0.0,True,7200,800
0.1,10,100,43,Empirical_copula,Gaussian,absolute_residual,0.885,32860110413.795666,28.63313550254482,0.0020117759704589844,True,7200,800
0.1,10,100,44,TSCP_R,Gaussian,absolute_residual,0.91875,50002729356.79456,24.069295966691598,0.00400543212890625,True,7200,800
0.1,10,100,44,Point_CHR,Gaussian,absolute_residual,0.905,73713658006.53642,27.395688879723608,0.0,True,7200,800
0.1,10,100,44,Unscaled,Gaussian,absolute_residual,0.865,4858790722434.2295,18.563198955706806,0.0,True,7200,800
0.1,10,100,44,Empirical_copula,Gaussian,absolute_residual,0.815,17895503169.038353,23.608326857781186,0.00099945068359375,True,7200,800
0.1,10,100,45,TSCP_R,Gaussian,absolute_residual,0.88125,34856575733.329254,22.495107723534108,0.0039997100830078125,True,7200,800
0.1,10,100,45,Point_CHR,Gaussian,absolute_residual,0.90375,94634842151.80576,24.645855158872898,0.0,True,7200,800
0.1,10,100,45,Unscaled,Gaussian,absolute_residual,0.855,3527679366648.414,17.978311895767387,0.0,True,7200,800
0.1,10,100,45,Empirical_copula,Gaussian,absolute_residual,0.81875,17687701450.308582,22.766621593998618,0.0009992122650146484,True,7200,800
0.1,10,100,46,TSCP_R,Gaussian,absolute_residual,0.9175,72480101214.99261,25.37549074197548,0.003009796142578125,True,7200,800
0.1,10,100,46,Point_CHR,Gaussian,absolute_residual,0.84,36784229394.13697,25.11274502225699,0.0009975433349609375,True,7200,800
0.1,10,100,46,Unscaled,Gaussian,absolute_residual,0.9,7747299837620.284,19.44979536741655,0.0,True,7200,800
0.1,10,100,46,Empirical_copula,Gaussian,absolute_residual,0.81375,27667047613.11442,26.663155337881488,0.0009999275207519531,True,7200,800
0.1,10,100,47,TSCP_R,Gaussian,absolute_residual,0.9375,103144950536.30405,32.93733239739225,0.003999948501586914,True,7200,800
0.1,10,100,47,Point_CHR,Gaussian,absolute_residual,0.95375,156875705364.16565,37.879942433919396,0.0010118484497070312,True,7200,800
0.1,10,100,47,Unscaled,Gaussian,absolute_residual,0.935,19392788695059.234,21.318862401905537,0.0,True,7200,800
0.1,10,100,47,Empirical_copula,Gaussian,absolute_residual,0.8675,30319367561.5205,24.637375457076068,0.0009980201721191406,True,7200,800
0.1,10,100,48,TSCP_R,Gaussian,absolute_residual,0.90875,46732383357.878876,27.114726702282738,0.004008769989013672,True,7200,800
0.1,10,100,48,Point_CHR,Gaussian,absolute_residual,0.89875,39890473219.32286,26.341459444563117,0.0009984970092773438,True,7200,800
0.1,10,100,48,Unscaled,Gaussian,absolute_residual,0.9125,7462456162568.466,19.377073173663852,0.0,True,7200,800
0.1,10,100,48,Empirical_copula,Gaussian,absolute_residual,0.8425,25259744671.397087,23.61747104251544,0.0010001659393310547,True,7200,800
0.1,10,100,49,TSCP_R,Gaussian,absolute_residual,0.88375,41703466703.35101,27.332558122717526,0.003998994827270508,True,7200,800
0.1,10,100,49,Point_CHR,Gaussian,absolute_residual,0.88125,57568865365.84995,31.411935108081348,0.0,True,7200,800
0.1,10,100,49,Unscaled,Gaussian,absolute_residual,0.95,32350068871520.758,22.438174488876935,0.0,True,7200,800
0.1,10,100,49,Empirical_copula,Gaussian,absolute_residual,0.77875,16448054329.529211,24.766187388393384,0.001008749008178711,True,7200,800
0.1,10,100,50,TSCP_R,Gaussian,absolute_residual,0.9075,62173888442.82508,29.861357282066777,0.0029747486114501953,True,7200,800
0.1,10,100,50,Point_CHR,Gaussian,absolute_residual,0.9225,108363915475.7418,34.52355700179192,0.0009980201721191406,True,7200,800
0.1,10,100,50,Unscaled,Gaussian,absolute_residual,0.93875,14771821359351.285,20.74643141663505,0.0,True,7200,800
0.1,10,100,50,Empirical_copula,Gaussian,absolute_residual,0.86,31160781277.70003,24.38810993530848,0.0009996891021728516,True,7200,800
0.1,10,100,51,TSCP_R,Gaussian,absolute_residual,0.8775,51799201362.93041,26.244820986230668,0.004000663757324219,True,7200,800
0.1,10,100,51,Point_CHR,Gaussian,absolute_residual,0.8825,62251912016.27796,27.521242172265488,0.0,True,7200,800
0.1,10,100,51,Unscaled,Gaussian,absolute_residual,0.94,23278412656865.22,21.71177532690499,0.0,True,7200,800
0.1,10,100,51,Empirical_copula,Gaussian,absolute_residual,0.79,22928130606.90095,23.7783604956311,0.0009992122650146484,True,7200,800
0.1,10,100,52,TSCP_R,Gaussian,absolute_residual,0.90125,60889262225.26914,29.20966421642164,0.0060062408447265625,True,7200,800
0.1,10,100,52,Point_CHR,Gaussian,absolute_residual,0.92,96855554672.36101,31.795366081185527,0.0,True,7200,800
0.1,10,100,52,Unscaled,Gaussian,absolute_residual,0.8925,6557864155758.281,19.128294149388605,0.0,True,7200,800
0.1,10,100,52,Empirical_copula,Gaussian,absolute_residual,0.8275,34320942698.81891,26.81487717963222,0.001995563507080078,True,7200,800
0.1,10,100,53,TSCP_R,Gaussian,absolute_residual,0.92125,88855658762.57365,30.56874009393178,0.005007505416870117,True,7200,800
0.1,10,100,53,Point_CHR,Gaussian,absolute_residual,0.9175,102115953438.9211,34.78165770175154,0.0,True,7200,800
0.1,10,100,53,Unscaled,Gaussian,absolute_residual,0.93625,18737086998274.72,21.24565903435707,0.0,True,7200,800
0.1,10,100,53,Empirical_copula,Gaussian,absolute_residual,0.80375,27986366951.06762,29.253610874221902,0.0009996891021728516,True,7200,800
0.1,10,100,54,TSCP_R,Gaussian,absolute_residual,0.9225,79817948362.3968,26.965399130742842,0.003999471664428711,True,7200,800
0.1,10,100,54,Point_CHR,Gaussian,absolute_residual,0.90375,87457592984.2598,27.777197781926063,0.0,True,7200,800
0.1,10,100,54,Unscaled,Gaussian,absolute_residual,0.90125,10132526124415.527,19.97890920473533,0.0,True,7200,800
0.1,10,100,54,Empirical_copula,Gaussian,absolute_residual,0.83125,31629311801.951187,23.878147055675306,0.0010073184967041016,True,7200,800
0.1,10,100,55,TSCP_R,Gaussian,absolute_residual,0.92875,82064843055.14864,26.266630327610358,0.004007101058959961,True,7200,800
0.1,10,100,55,Point_CHR,Gaussian,absolute_residual,0.9175,111172090073.26683,27.726542492885883,0.0,True,7200,800
0.1,10,100,55,Unscaled,Gaussian,absolute_residual,0.8975,5289075239902.279,18.72138500016861,0.0009989738464355469,True,7200,800
0.1,10,100,55,Empirical_copula,Gaussian,absolute_residual,0.84625,28592610885.836193,22.931273545321396,0.0010004043579101562,True,7200,800
0.1,10,100,56,TSCP_R,Gaussian,absolute_residual,0.935,84435421415.41666,26.169583662165014,0.002991199493408203,True,7200,800
0.1,10,100,56,Point_CHR,Gaussian,absolute_residual,0.9625,223991741452.65875,33.93118140359746,0.0010077953338623047,True,7200,800
0.1,10,100,56,Unscaled,Gaussian,absolute_residual,0.91375,9548852681747.012,19.860725973716164,0.0,True,7200,800
0.1,10,100,56,Empirical_copula,Gaussian,absolute_residual,0.795,26596016958.76174,25.453485395694386,0.001001119613647461,True,7200,800
0.1,10,100,57,TSCP_R,Gaussian,absolute_residual,0.8625,33097172162.939983,25.124010000283228,0.0030052661895751953,True,7200,800
0.1,10,100,57,Point_CHR,Gaussian,absolute_residual,0.87875,44576542181.04899,23.73882541210157,0.0,True,7200,800
0.1,10,100,57,Unscaled,Gaussian,absolute_residual,0.87,4799307691089.499,18.54034705543641,0.00099945068359375,True,7200,800
0.1,10,100,57,Empirical_copula,Gaussian,absolute_residual,0.7975,22303607902.99353,24.09496768754759,0.0009999275207519531,True,7200,800
0.1,10,100,58,TSCP_R,Gaussian,absolute_residual,0.9225,63659774833.966286,27.995165722845208,0.004001617431640625,True,7200,800
0.1,10,100,58,Point_CHR,Gaussian,absolute_residual,0.89,59059969581.43073,29.21762174830315,0.0,True,7200,800
0.1,10,100,58,Unscaled,Gaussian,absolute_residual,0.94875,18394157487197.203,21.206450838446585,0.0,True,7200,800
0.1,10,100,58,Empirical_copula,Gaussian,absolute_residual,0.82125,24589468948.182964,27.167989173665525,0.0020058155059814453,True,7200,800
0.1,10,100,59,TSCP_R,Gaussian,absolute_residual,0.83625,27676731529.621845,24.527388990281587,0.004006385803222656,True,7200,800
0.1,10,100,59,Point_CHR,Gaussian,absolute_residual,0.86125,36902239017.91137,26.140803096323552,0.0,True,7200,800
0.1,10,100,59,Unscaled,Gaussian,absolute_residual,0.80625,2660877202180.9263,17.478432564111298,0.0,True,7200,800
0.1,10,100,59,Empirical_copula,Gaussian,absolute_residual,0.7675,14361170167.545248,21.5418946415241,0.0009999275207519531,True,7200,800
0.1,10,100,60,TSCP_R,Gaussian,absolute_residual,0.89,51228833191.96255,24.064854736826284,0.003998756408691406,True,7200,800
0.1,10,100,60,Point_CHR,Gaussian,absolute_residual,0.9025,83804500310.88634,26.212374762414917,0.0,True,7200,800
0.1,10,100,60,Unscaled,Gaussian,absolute_residual,0.88,7539416299606.582,19.396964565098102,0.0,True,7200,800
0.1,10,100,60,Empirical_copula,Gaussian,absolute_residual,0.7775,21049108486.746086,22.827521404239157,0.0009996891021728516,True,7200,800
0.1,10,100,61,TSCP_R,Gaussian,absolute_residual,0.89875,66041543946.201645,27.823010642060773,0.003996849060058594,True,7200,800
0.1,10,100,61,Point_CHR,Gaussian,absolute_residual,0.89125,54954832308.576355,26.171337561938024,0.0,True,7200,800
0.1,10,100,61,Unscaled,Gaussian,absolute_residual,0.9225,11517013400088.848,20.236434106969828,0.0,True,7200,800
0.1,10,100,61,Empirical_copula,Gaussian,absolute_residual,0.78,21324338042.532825,29.636811942411256,0.0010030269622802734,True,7200,800
0.1,10,100,62,TSCP_R,Gaussian,absolute_residual,0.92875,72657995613.58044,28.875019725181676,0.0040018558502197266,True,7200,800
0.1,10,100,62,Point_CHR,Gaussian,absolute_residual,0.8925,51001703990.35142,28.585146491764938,0.0009980201721191406,True,7200,800
0.1,10,100,62,Unscaled,Gaussian,absolute_residual,0.905,8440443923964.662,19.617177825589557,0.0,True,7200,800
0.1,10,100,62,Empirical_copula,Gaussian,absolute_residual,0.82875,22156671721.668686,25.419976778000667,0.00099945068359375,True,7200,800
0.1,10,100,63,TSCP_R,Gaussian,absolute_residual,0.8825,40322596601.97824,24.742558873595513,0.0030057430267333984,True,7200,800
0.1,10,100,63,Point_CHR,Gaussian,absolute_residual,0.8925,51078318889.28783,26.247738190472624,0.00099945068359375,True,7200,800
0.1,10,100,63,Unscaled,Gaussian,absolute_residual,0.87875,4370271727601.352,18.367533646001426,0.0,True,7200,800
0.1,10,100,63,Empirical_copula,Gaussian,absolute_residual,0.84875,29482324186.32777,22.6188462427455,0.0009999275207519531,True,7200,800
0.1,10,100,64,TSCP_R,Gaussian,absolute_residual,0.91125,54277758579.47546,27.07272838790415,0.004006862640380859,True,7200,800
0.1,10,100,64,Point_CHR,Gaussian,absolute_residual,0.86875,38941064461.39516,28.539675108059107,0.000993967056274414,True,7200,800
0.1,10,100,64,Unscaled,Gaussian,absolute_residual,0.92625,11621543269014.402,20.254726363754216,0.0,True,7200,800
0.1,10,100,64,Empirical_copula,Gaussian,absolute_residual,0.8225,23066667270.94983,27.0543102977684,0.0010068416595458984,True,7200,800
0.1,10,100,65,TSCP_R,Gaussian,absolute_residual,0.93875,98076234121.16487,25.616544157732335,0.003004789352416992,True,7200,800
0.1,10,100,65,Point_CHR,Gaussian,absolute_residual,0.995,1714847851313.6733,35.90289306448983,0.0009996891021728516,True,7200,800
0.1,10,100,65,Unscaled,Gaussian,absolute_residual,0.88125,7282594648384.837,19.329855779759363,0.0,True,7200,800
0.1,10,100,65,Empirical_copula,Gaussian,absolute_residual,0.83,22028217905.94143,24.860562950745464,0.0009930133819580078,True,7200,800
0.1,10,100,66,TSCP_R,Gaussian,absolute_residual,0.8875,39405132765.69576,24.06738472320759,0.004000663757324219,True,7200,800
0.1,10,100,66,Point_CHR,Gaussian,absolute_residual,0.93625,95081118688.45763,27.08691715241027,0.0010082721710205078,True,7200,800
0.1,10,100,66,Unscaled,Gaussian,absolute_residual,0.8475,3439211306356.7646,17.932708375846943,0.0,True,7200,800
0.1,10,100,66,Empirical_copula,Gaussian,absolute_residual,0.7825,17999649268.205982,24.056074611831853,0.000997781753540039,True,7200,800
0.1,10,100,67,TSCP_R,Gaussian,absolute_residual,0.91,66849403191.38433,29.468631136727712,0.004999637603759766,True,7200,800
0.1,10,100,67,Point_CHR,Gaussian,absolute_residual,0.91125,64489965577.3878,26.21928707045444,0.0010020732879638672,True,7200,800
0.1,10,100,67,Unscaled,Gaussian,absolute_residual,0.91,8533898760438.826,19.638791015067522,0.0,True,7200,800
0.1,10,100,67,Empirical_copula,Gaussian,absolute_residual,0.81375,27885000917.043766,31.968619651230316,0.002009868621826172,True,7200,800
0.1,10,100,68,TSCP_R,Gaussian,absolute_residual,0.925,66747275648.0866,27.76282760416711,0.004008293151855469,True,7200,800
0.1,10,100,68,Point_CHR,Gaussian,absolute_residual,0.90875,71274393481.05089,29.280836445138256,0.0,True,7200,800
0.1,10,100,68,Unscaled,Gaussian,absolute_residual,0.90375,8319289603304.461,19.58883572906915,0.000997781753540039,True,7200,800
0.1,10,100,68,Empirical_copula,Gaussian,absolute_residual,0.83125,23179304730.94159,25.970643343916713,0.0009949207305908203,True,7200,800
0.1,10,100,69,TSCP_R,Gaussian,absolute_residual,0.91625,66175380505.89725,26.853660407876234,0.003999948501586914,True,7200,800
0.1,10,100,69,Point_CHR,Gaussian,absolute_residual,0.935,131960243449.86086,31.982221179256374,0.0,True,7200,800
0.1,10,100,69,Unscaled,Gaussian,absolute_residual,0.8925,7150089969741.846,19.294394350724115,0.0,True,7200,800
0.1,10,100,69,Empirical_copula,Gaussian,absolute_residual,0.82125,24457088898.463585,25.75780671790084,0.0009989738464355469,True,7200,800
0.1,10,100,70,TSCP_R,Gaussian,absolute_residual,0.9325,86758851064.15988,24.295389012317976,0.0030057430267333984,True,7200,800
0.1,10,100,70,Point_CHR,Gaussian,absolute_residual,0.92,165851468272.12592,33.01125588840299,0.0010001659393310547,True,7200,800
0.1,10,100,70,Unscaled,Gaussian,absolute_residual,0.91875,9318268182827.736,19.812237275493672,0.0,True,7200,800
0.1,10,100,70,Empirical_copula,Gaussian,absolute_residual,0.81125,28032554681.384098,25.223562768543328,0.0009953975677490234,True,7200,800
0.1,10,100,71,TSCP_R,Gaussian,absolute_residual,0.89375,55002625798.48714,27.93836879098207,0.0030045509338378906,True,7200,800
0.1,10,100,71,Point_CHR,Gaussian,absolute_residual,0.88,74919567326.2299,28.491929431617066,0.0009875297546386719,True,7200,800
0.1,10,100,71,Unscaled,Gaussian,absolute_residual,0.9325,14759237170554.875,20.74466333981334,0.0,True,7200,800
0.1,10,100,71,Empirical_copula,Gaussian,absolute_residual,0.82375,32809740235.907646,30.703627649638022,0.0010063648223876953,True,7200,800
0.1,10,100,72,TSCP_R,Gaussian,absolute_residual,0.9475,135211440142.6349,30.92606245165085,0.0030066967010498047,True,7200,800
0.1,10,100,72,Point_CHR,Gaussian,absolute_residual,0.875,51852101741.50585,27.64338302512096,0.0010008811950683594,True,7200,800
0.1,10,100,72,Unscaled,Gaussian,absolute_residual,0.92,14185133703156.766,20.662522684018793,0.0,True,7200,800
0.1,10,100,72,Empirical_copula,Gaussian,absolute_residual,0.86375,43882757500.571075,27.64338302512096,0.0009992122650146484,True,7200,800
0.1,10,100,73,TSCP_R,Gaussian,absolute_residual,0.85375,34480340461.987526,24.843879335618713,0.0029985904693603516,True,7200,800
0.1,10,100,73,Point_CHR,Gaussian,absolute_residual,0.84625,44546981628.97159,27.46765587332444,0.0,True,7200,800
0.1,10,100,73,Unscaled,Gaussian,absolute_residual,0.90125,7420255679349.589,19.36608737717639,0.0,True,7200,800
0.1,10,100,73,Empirical_copula,Gaussian,absolute_residual,0.77125,15741662345.958582,22.085403245955902,0.0010082721710205078,True,7200,800
0.1,10,100,74,TSCP_R,Gaussian,absolute_residual,0.91625,63172064384.87549,26.674730551334513,0.0040035247802734375,True,7200,800
0.1,10,100,74,Point_CHR,Gaussian,absolute_residual,0.95,231136552690.9911,32.6970478761274,0.0,True,7200,800
0.1,10,100,74,Unscaled,Gaussian,absolute_residual,0.91,8663843671736.265,19.668491876355688,0.0,True,7200,800
0.1,10,100,74,Empirical_copula,Gaussian,absolute_residual,0.83625,25369350387.084892,29.95856635857413,0.0019965171813964844,True,7200,800
0.1,10,100,75,TSCP_R,Gaussian,absolute_residual,0.915,64930192476.93204,25.762259773406175,0.0039997100830078125,True,7200,800
0.1,10,100,75,Point_CHR,Gaussian,absolute_residual,0.88875,49028619832.47963,24.651102104573777,0.0,True,7200,800
0.1,10,100,75,Unscaled,Gaussian,absolute_residual,0.88875,6314418037496.072,19.056069717975426,0.0,True,7200,800
0.1,10,100,75,Empirical_copula,Gaussian,absolute_residual,0.86625,31700584812.164906,23.9388774398466,0.0010068416595458984,True,7200,800
0.1,10,100,76,TSCP_R,Gaussian,absolute_residual,0.91,60893022316.751976,28.599439999595496,0.0030066967010498047,True,7200,800
0.1,10,100,76,Point_CHR,Gaussian,absolute_residual,0.9175,86298278192.49234,30.606937120692585,0.0009999275207519531,True,7200,800
0.1,10,100,76,Unscaled,Gaussian,absolute_residual,0.9225,13380511381596.494,20.542215039531683,0.0,True,7200,800
0.1,10,100,76,Empirical_copula,Gaussian,absolute_residual,0.85125,32016633083.045677,25.06976614037518,0.0009996891021728516,True,7200,800
0.1,10,100,77,TSCP_R,Gaussian,absolute_residual,0.915,65270341402.5874,25.33531167942882,0.003996133804321289,True,7200,800
0.1,10,100,77,Point_CHR,Gaussian,absolute_residual,0.9325,94327297891.52371,28.622020066738905,0.0010106563568115234,True,7200,800
0.1,10,100,77,Unscaled,Gaussian,absolute_residual,0.94625,18120632859546.53,21.174703417776364,0.0,True,7200,800
0.1,10,100,77,Empirical_copula,Gaussian,absolute_residual,0.87,35673585357.42955,24.438931471362487,0.0009965896606445312,True,7200,800
0.1,10,100,78,TSCP_R,Gaussian,absolute_residual,0.88625,43413426740.09493,24.982757344982446,0.0029969215393066406,True,7200,800
0.1,10,100,78,Point_CHR,Gaussian,absolute_residual,0.88625,45515919660.949585,26.09005896504837,0.0010004043579101562,True,7200,800
0.1,10,100,78,Unscaled,Gaussian,absolute_residual,0.90625,9112951951413.164,19.76814454816381,0.0,True,7200,800
0.1,10,100,78,Empirical_copula,Gaussian,absolute_residual,0.8325,21527632376.042397,23.977895569343172,0.0009930133819580078,True,7200,800
0.1,10,100,79,TSCP_R,Gaussian,absolute_residual,0.9025,67579160676.62681,30.327581679654152,0.003000497817993164,True,7200,800
0.1,10,100,79,Point_CHR,Gaussian,absolute_residual,0.94375,130720975513.01462,27.620747939770563,0.0,True,7200,800
0.1,10,100,79,Unscaled,Gaussian,absolute_residual,0.90625,8368151725971.691,19.600310647586927,0.0,True,7200,800
0.1,10,100,79,Empirical_copula,Gaussian,absolute_residual,0.84375,30556114937.407543,28.871474961511574,0.001007080078125,True,7200,800
0.1,10,100,80,TSCP_R,Gaussian,absolute_residual,0.90125,51399211481.789635,27.034738233059315,0.0029959678649902344,True,7200,800
0.1,10,100,80,Point_CHR,Gaussian,absolute_residual,0.935,192105433557.07758,32.66294960028466,0.0,True,7200,800
0.1,10,100,80,Unscaled,Gaussian,absolute_residual,0.91875,11647740072642.863,20.259287475899736,0.0,True,7200,800
0.1,10,100,80,Empirical_copula,Gaussian,absolute_residual,0.84625,23633001150.716022,23.470156721632147,0.0010094642639160156,True,7200,800
0.1,10,100,81,TSCP_R,Gaussian,absolute_residual,0.85875,37726962958.371475,25.753680070685373,0.0039980411529541016,True,7200,800
0.1,10,100,81,Point_CHR,Gaussian,absolute_residual,0.8575,59599754958.62769,24.983116024213246,0.0,True,7200,800
0.1,10,100,81,Unscaled,Gaussian,absolute_residual,0.9025,7869478755175.11,19.480253167912387,0.0,True,7200,800
0.1,10,100,81,Empirical_copula,Gaussian,absolute_residual,0.76625,16613930356.65892,24.983116024213246,0.002005338668823242,True,7200,800
0.1,10,100,82,TSCP_R,Gaussian,absolute_residual,0.9175,69306819717.67194,26.03366240543477,0.0030024051666259766,True,7200,800
0.1,10,100,82,Point_CHR,Gaussian,absolute_residual,0.895,73058040974.08649,26.441069556104708,0.0009996891021728516,True,7200,800
0.1,10,100,82,Unscaled,Gaussian,absolute_residual,0.92125,13407865703884.08,20.546410709520384,0.0,True,7200,800
0.1,10,100,82,Empirical_copula,Gaussian,absolute_residual,0.79375,20838609178.561794,24.10692082364648,0.0009999275207519531,True,7200,800
0.1,10,100,83,TSCP_R,Gaussian,absolute_residual,0.9225,67548628981.586426,28.959878266807227,0.0029969215393066406,True,7200,800
0.1,10,100,83,Point_CHR,Gaussian,absolute_residual,0.9425,106600924174.58868,29.866697124627308,0.001012563705444336,True,7200,800
0.1,10,100,83,Unscaled,Gaussian,absolute_residual,0.92,12883546599374.258,20.464613330476418,0.0,True,7200,800
0.1,10,100,83,Empirical_copula,Gaussian,absolute_residual,0.83375,27108237795.712864,29.185632379578294,0.0009999275207519531,True,7200,800
0.1,10,100,84,TSCP_R,Gaussian,absolute_residual,0.93125,98366441424.09346,26.509165925983154,0.0030035972595214844,True,7200,800
0.1,10,100,84,Point_CHR,Gaussian,absolute_residual,0.92875,122665496888.75072,27.725348462339568,0.0010001659393310547,True,7200,800
0.1,10,100,84,Unscaled,Gaussian,absolute_residual,0.95,13148169929403.027,20.50626336747096,0.0,True,7200,800
0.1,10,100,84,Empirical_copula,Gaussian,absolute_residual,0.84625,30915268506.833405,25.0992281272097,0.0010004043579101562,True,7200,800
0.1,10,100,85,TSCP_R,Gaussian,absolute_residual,0.8825,52755105800.836365,24.27247487680942,0.003007173538208008,True,7200,800
0.1,10,100,85,Point_CHR,Gaussian,absolute_residual,0.8675,39818838321.20471,24.730892560065584,0.000995635986328125,True,7200,800
0.1,10,100,85,Unscaled,Gaussian,absolute_residual,0.8525,4360414388767.2593,18.363386557518137,0.0,True,7200,800
0.1,10,100,85,Empirical_copula,Gaussian,absolute_residual,0.79125,17400322367.410294,21.2241250305586,0.0009968280792236328,True,7200,800
0.1,10,100,86,TSCP_R,Gaussian,absolute_residual,0.88,37391117704.31609,27.531195620120364,0.0030066967010498047,True,7200,800
0.1,10,100,86,Point_CHR,Gaussian,absolute_residual,0.845,35088938878.1406,25.257677384272526,0.0009989738464355469,True,7200,800
0.1,10,100,86,Unscaled,Gaussian,absolute_residual,0.9275,11794219212673.996,20.28462202002503,0.0,True,7200,800
0.1,10,100,86,Empirical_copula,Gaussian,absolute_residual,0.845,24197758911.786358,25.15880669144057,0.0009999275207519531,True,7200,800
0.1,10,100,87,TSCP_R,Gaussian,absolute_residual,0.93125,62783726934.49171,26.80412680183262,0.004008054733276367,True,7200,800
0.1,10,100,87,Point_CHR,Gaussian,absolute_residual,0.9525,114306656956.5331,29.876203885204273,0.0,True,7200,800
0.1,10,100,87,Unscaled,Gaussian,absolute_residual,0.8425,3080803896372.6255,17.73643801549808,0.0,True,7200,800
0.1,10,100,87,Empirical_copula,Gaussian,absolute_residual,0.80875,17888264364.62528,24.1634110906377,0.0009853839874267578,True,7200,800
0.1,10,100,88,TSCP_R,Gaussian,absolute_residual,0.87125,30829259805.283543,25.467692581975708,0.004006624221801758,True,7200,800
0.1,10,100,88,Point_CHR,Gaussian,absolute_residual,0.8525,25407549199.61768,25.538592606736227,0.0,True,7200,800
0.1,10,100,88,Unscaled,Gaussian,absolute_residual,0.86875,4622987079841.346,18.471079093365457,0.0,True,7200,800
0.1,10,100,88,Empirical_copula,Gaussian,absolute_residual,0.77375,13651616611.331682,24.73653354455185,0.0009992122650146484,True,7200,800
0.1,10,100,89,TSCP_R,Gaussian,absolute_residual,0.93875,105135958204.55219,28.49427711329318,0.003009796142578125,True,7200,800
0.1,10,100,89,Point_CHR,Gaussian,absolute_residual,0.93375,118058518781.88034,28.981131863918268,0.0009946823120117188,True,7200,800
0.1,10,100,89,Unscaled,Gaussian,absolute_residual,0.88875,8248678902843.86,19.572145687063244,0.0,True,7200,800
0.1,10,100,89,Empirical_copula,Gaussian,absolute_residual,0.79875,25279298781.889717,25.777408374275076,0.0010058879852294922,True,7200,800
0.1,10,100,90,TSCP_R,Gaussian,absolute_residual,0.935,88297017408.8501,28.913855158632344,0.0029954910278320312,True,7200,800
0.1,10,100,90,Point_CHR,Gaussian,absolute_residual,0.94875,181870199284.2626,34.71802615546883,0.0,True,7200,800
0.1,10,100,90,Unscaled,Gaussian,absolute_residual,0.925,13759922418052.086,20.599733339339384,0.0,True,7200,800
0.1,10,100,90,Empirical_copula,Gaussian,absolute_residual,0.83125,23344482645.64119,21.705737111890713,0.0010044574737548828,True,7200,800
0.1,10,100,91,TSCP_R,Gaussian,absolute_residual,0.9175,74034162676.08034,25.862902406555733,0.003999948501586914,True,7200,800
0.1,10,100,91,Point_CHR,Gaussian,absolute_residual,0.8025,22630789269.657322,23.096488483279995,0.0,True,7200,800
0.1,10,100,91,Unscaled,Gaussian,absolute_residual,0.90875,10641348373539.102,20.07703916210359,0.0,True,7200,800
0.1,10,100,91,Empirical_copula,Gaussian,absolute_residual,0.82125,24067047729.053226,22.226639007828034,0.00099945068359375,True,7200,800
0.1,10,100,92,TSCP_R,Gaussian,absolute_residual,0.97125,136420178943.58078,29.253215111826766,0.0040035247802734375,True,7200,800
0.1,10,100,92,Point_CHR,Gaussian,absolute_residual,0.95375,95252021237.23679,25.666632517178293,0.0,True,7200,800
0.1,10,100,92,Unscaled,Gaussian,absolute_residual,0.85,4336776986089.7524,18.353407568601806,0.0,True,7200,800
0.1,10,100,92,Empirical_copula,Gaussian,absolute_residual,0.8225,31045620612.26988,27.108937618604326,0.0009999275207519531,True,7200,800
0.1,10,100,93,TSCP_R,Gaussian,absolute_residual,0.8725,27276255966.165638,25.65327555898404,0.004006385803222656,True,7200,800
0.1,10,100,93,Point_CHR,Gaussian,absolute_residual,0.86625,40174761666.285225,22.504323076187298,0.0,True,7200,800
0.1,10,100,93,Unscaled,Gaussian,absolute_residual,0.86875,4314757324015.906,18.34406740191844,0.000995635986328125,True,7200,800
0.1,10,100,93,Empirical_copula,Gaussian,absolute_residual,0.82125,17242020352.942074,27.1858761520757,0.0010085105895996094,True,7200,800
0.1,10,100,94,TSCP_R,Gaussian,absolute_residual,0.9375,98249858196.36406,25.775804215961536,0.0029931068420410156,True,7200,800
0.1,10,100,94,Point_CHR,Gaussian,absolute_residual,0.92875,96089043513.57547,26.34783146460053,0.0010068416595458984,True,7200,800
0.1,10,100,94,Unscaled,Gaussian,absolute_residual,0.91125,6350314814744.973,19.06687527154222,0.0,True,7200,800
0.1,10,100,94,Empirical_copula,Gaussian,absolute_residual,0.87625,44066767628.15577,26.878976930195382,0.0009996891021728516,True,7200,800
0.1,10,100,95,TSCP_R,Gaussian,absolute_residual,0.93125,70200656221.28436,25.391422820624122,0.0030059814453125,True,7200,800
0.1,10,100,95,Point_CHR,Gaussian,absolute_residual,0.95375,185802452387.23114,28.858402662675157,0.00099945068359375,True,7200,800
0.1,10,100,95,Unscaled,Gaussian,absolute_residual,0.9225,7865911404589.36,19.47936991916427,0.0,True,7200,800
0.1,10,100,95,Empirical_copula,Gaussian,absolute_residual,0.86125,30368833235.544243,23.548325450038888,0.0009968280792236328,True,7200,800
0.1,10,100,96,TSCP_R,Gaussian,absolute_residual,0.88125,41043073719.22898,25.909558313748718,0.003998756408691406,True,7200,800
0.1,10,100,96,Point_CHR,Gaussian,absolute_residual,0.8925,58912152250.47803,29.881653065309532,0.0,True,7200,800
0.1,10,100,96,Unscaled,Gaussian,absolute_residual,0.92,12589701873847.473,20.417452063038,0.0,True,7200,800
0.1,10,100,96,Empirical_copula,Gaussian,absolute_residual,0.80375,24771125583.88605,25.273697822883328,0.0010001659393310547,True,7200,800
0.1,10,100,97,TSCP_R,Gaussian,absolute_residual,0.92,77930389112.03534,26.665918061403172,0.0029990673065185547,True,7200,800
0.1,10,100,97,Point_CHR,Gaussian,absolute_residual,0.945,129245757764.87827,29.62488243270809,0.0010025501251220703,True,7200,800
0.1,10,100,97,Unscaled,Gaussian,absolute_residual,0.8975,8910710052640.465,19.723829116484815,0.0,True,7200,800
0.1,10,100,97,Empirical_copula,Gaussian,absolute_residual,0.84375,25937112591.598267,24.568969681072637,0.0010118484497070312,True,7200,800
0.1,10,100,98,TSCP_R,Gaussian,absolute_residual,0.91125,48572757363.468346,25.55667326387641,0.004000186920166016,True,7200,800
0.1,10,100,98,Point_CHR,Gaussian,absolute_residual,0.96,302484180513.0955,31.02482040404057,0.0,True,7200,800
0.1,10,100,98,Unscaled,Gaussian,absolute_residual,0.92125,10023973689011.537,19.957401376947228,0.0,True,7200,800
0.1,10,100,98,Empirical_copula,Gaussian,absolute_residual,0.79875,18881208146.44457,24.025457192526446,0.00099945068359375,True,7200,800
0.1,10,100,99,TSCP_R,Gaussian,absolute_residual,0.89,58034609827.16349,28.662627583224086,0.004003286361694336,True,7200,800
0.1,10,100,99,Point_CHR,Gaussian,absolute_residual,0.83875,34233264757.592236,26.457236728422558,0.0,True,7200,800
0.1,10,100,99,Unscaled,Gaussian,absolute_residual,0.9,10034394164054.207,19.95947508930055,0.0,True,7200,800
0.1,10,100,99,Empirical_copula,Gaussian,absolute_residual,0.7725,16535563839.119528,24.240830772249048,0.001988649368286133,True,7200,800
0.1,10,100,100,TSCP_R,Gaussian,absolute_residual,0.90875,43664869912.46426,25.854686904633454,0.004000186920166016,True,7200,800
0.1,10,100,100,Point_CHR,Gaussian,absolute_residual,0.88125,38660248086.66275,25.45610222761005,0.0,True,7200,800
0.1,10,100,100,Unscaled,Gaussian,absolute_residual,0.895,5335664041022.062,18.737810721750705,0.0,True,7200,800
0.1,10,100,100,Empirical_copula,Gaussian,absolute_residual,0.83375,22462638497.308937,22.436781696349247,0.0009951591491699219,True,7200,800
0.1,10,100,101,TSCP_R,Gaussian,absolute_residual,0.92375,74153387813.82903,26.925701542943912,0.003999233245849609,True,7200,800
0.1,10,100,101,Point_CHR,Gaussian,absolute_residual,0.89625,59258535374.80806,24.97708233361161,0.0,True,7200,800
0.1,10,100,101,Unscaled,Gaussian,absolute_residual,0.87,5696884567899.67,18.86095773937659,0.0,True,7200,800
0.1,10,100,101,Empirical_copula,Gaussian,absolute_residual,0.80625,19978645401.93987,25.976541747860885,0.0010006427764892578,True,7200,800
0.1,10,100,102,TSCP_R,Gaussian,absolute_residual,0.92,41942156550.44642,23.166565345803885,0.004000186920166016,True,7200,800
0.1,10,100,102,Point_CHR,Gaussian,absolute_residual,0.915,54613503494.06513,25.515856139209014,0.0,True,7200,800
0.1,10,100,102,Unscaled,Gaussian,absolute_residual,0.84625,2235658300519.6094,17.17673211938061,0.0,True,7200,800
0.1,10,100,102,Empirical_copula,Gaussian,absolute_residual,0.8475,18948260893.781456,20.20521533320403,0.0010001659393310547,True,7200,800
0.1,10,100,103,TSCP_R,Gaussian,absolute_residual,0.91875,66245666364.569756,26.63839022556679,0.003998279571533203,True,7200,800
0.1,10,100,103,Point_CHR,Gaussian,absolute_residual,0.9175,74116710162.97716,28.8925692568627,0.0,True,7200,800
0.1,10,100,103,Unscaled,Gaussian,absolute_residual,0.90125,9181739596404.846,19.783015768378526,0.0,True,7200,800
0.1,10,100,103,Empirical_copula,Gaussian,absolute_residual,0.825,20204855872.69563,23.215635195474455,0.0010001659393310547,True,7200,800
0.1,10,100,104,TSCP_R,Gaussian,absolute_residual,0.88,36701168351.69076,28.194589300305644,0.00400090217590332,True,7200,800
0.1,10,100,104,Point_CHR,Gaussian,absolute_residual,0.8875,45260418578.08663,24.595286400017585,0.0,True,7200,800
0.1,10,100,104,Unscaled,Gaussian,absolute_residual,0.9225,8991540352543.74,19.741648260786402,0.0,True,7200,800
0.1,10,100,104,Empirical_copula,Gaussian,absolute_residual,0.79875,15592290041.029009,26.24121761756762,0.0009992122650146484,True,7200,800
0.1,10,100,105,TSCP_R,Gaussian,absolute_residual,0.87,40832919914.5691,25.789957566813648,0.002997875213623047,True,7200,800
0.1,10,100,105,Point_CHR,Gaussian,absolute_residual,0.8375,25715626133.07532,29.8138942273514,0.0010051727294921875,True,7200,800
0.1,10,100,105,Unscaled,Gaussian,absolute_residual,0.91125,11647321860661.428,20.259214733774627,0.0,True,7200,800
0.1,10,100,105,Empirical_copula,Gaussian,absolute_residual,0.7625,12005909001.563797,24.85336041794544,0.0010004043579101562,True,7200,800
0.1,10,100,106,TSCP_R,Gaussian,absolute_residual,0.865,31912930065.854164,23.86689575535497,0.0040035247802734375,True,7200,800
0.1,10,100,106,Point_CHR,Gaussian,absolute_residual,0.935,181593736569.03323,31.04874815532463,0.0,True,7200,800
0.1,10,100,106,Unscaled,Gaussian,absolute_residual,0.86875,4649117918152.87,18.48149317109735,0.0,True,7200,800
0.1,10,100,106,Empirical_copula,Gaussian,absolute_residual,0.72125,11122826490.633957,20.443875878636927,0.0009968280792236328,True,7200,800
0.1,10,100,107,TSCP_R,Gaussian,absolute_residual,0.84,24784453774.0046,25.69101708400062,0.004006147384643555,True,7200,800
0.1,10,100,107,Point_CHR,Gaussian,absolute_residual,0.85875,37277850706.42036,26.686058874155528,0.0,True,7200,800
0.1,10,100,107,Unscaled,Gaussian,absolute_residual,0.90875,6913237857625.847,19.22950699447801,0.0,True,7200,800
0.1,10,100,107,Empirical_copula,Gaussian,absolute_residual,0.77375,14414805548.741602,23.92887860366053,0.0009999275207519531,True,7200,800
0.1,10,100,108,TSCP_R,Gaussian,absolute_residual,0.91875,63174933133.10926,27.997019031929625,0.004004478454589844,True,7200,800
0.1,10,100,108,Point_CHR,Gaussian,absolute_residual,0.95625,175666439781.28467,32.613223045785745,0.001003265380859375,True,7200,800
0.1,10,100,108,Unscaled,Gaussian,absolute_residual,0.92,11114717463241.637,20.16461073931675,0.0,True,7200,800
0.1,10,100,108,Empirical_copula,Gaussian,absolute_residual,0.80875,18935571584.008987,25.4483246139216,0.0009930133819580078,True,7200,800
0.1,10,100,109,TSCP_R,Gaussian,absolute_residual,0.86125,36355920516.5926,25.157920095041316,0.0029823780059814453,True,7200,800
0.1,10,100,109,Point_CHR,Gaussian,absolute_residual,0.82875,32048756855.72838,25.492121957566976,0.0,True,7200,800
0.1,10,100,109,Unscaled,Gaussian,absolute_residual,0.8625,4485374014829.726,18.415345287015974,0.0,True,7200,800
0.1,10,100,109,Empirical_copula,Gaussian,absolute_residual,0.7425,11637222790.183786,22.480064356229907,0.0009996891021728516,True,7200,800
0.1,10,100,110,TSCP_R,Gaussian,absolute_residual,0.95875,132960537341.9172,25.408229546707403,0.004001140594482422,True,7200,800
0.1,10,100,110,Point_CHR,Gaussian,absolute_residual,0.93125,103731452365.15314,24.152673440741623,0.0,True,7200,800
0.1,10,100,110,Unscaled,Gaussian,absolute_residual,0.9125,7594399473154.668,19.41106410153949,0.0,True,7200,800
0.1,10,100,110,Empirical_copula,Gaussian,absolute_residual,0.87625,42163380947.37312,21.773352481885752,0.0009989738464355469,True,7200,800
0.1,10,100,111,TSCP_R,Gaussian,absolute_residual,0.85,32641972766.46118,26.323940870142625,0.003999948501586914,True,7200,800
0.1,10,100,111,Point_CHR,Gaussian,absolute_residual,0.89,46574266939.54779,25.68442469750137,0.0,True,7200,800
0.1,10,100,111,Unscaled,Gaussian,absolute_residual,0.93125,16619746132223.967,20.992416701184805,0.0,True,7200,800
0.1,10,100,111,Empirical_copula,Gaussian,absolute_residual,0.78,18274890159.337215,24.755913059236086,0.001005411148071289,True,7200,800
0.1,10,100,112,TSCP_R,Gaussian,absolute_residual,0.86125,36385663163.9926,22.0887037550312,0.0039997100830078125,True,7200,800
0.1,10,100,112,Point_CHR,Gaussian,absolute_residual,0.895,70918184554.71448,24.09534496002965,0.0,True,7200,800
0.1,10,100,112,Unscaled,Gaussian,absolute_residual,0.8525,3726618018878.1514,18.077213528604954,0.0,True,7200,800
0.1,10,100,112,Empirical_copula,Gaussian,absolute_residual,0.8425,24651287815.765297,24.09534496002965,0.0010058879852294922,True,7200,800
0.1,10,100,113,TSCP_R,Gaussian,absolute_residual,0.895,41457822276.81809,26.39788192482554,0.00399470329284668,True,7200,800
0.1,10,100,113,Point_CHR,Gaussian,absolute_residual,0.89375,53572056736.867004,26.76192490873344,0.0010013580322265625,True,7200,800
0.1,10,100,113,Unscaled,Gaussian,absolute_residual,0.95125,14807751555849.54,20.751472153902718,0.0,True,7200,800
0.1,10,100,113,Empirical_copula,Gaussian,absolute_residual,0.80375,17703128357.721287,28.985937284961558,0.0010030269622802734,True,7200,800
0.1,10,100,114,TSCP_R,Gaussian,absolute_residual,0.925,72430930287.65823,24.24110116272041,0.0030028820037841797,True,7200,800
0.1,10,100,114,Point_CHR,Gaussian,absolute_residual,0.91625,100469946056.04236,32.02246267042577,0.0009975433349609375,True,7200,800
0.1,10,100,114,Unscaled,Gaussian,absolute_residual,0.9125,11283980514076.531,20.19511045089686,0.0,True,7200,800
0.1,10,100,114,Empirical_copula,Gaussian,absolute_residual,0.85375,30591031919.80118,23.114693929243412,0.0010004043579101562,True,7200,800
0.1,10,100,115,TSCP_R,Gaussian,absolute_residual,0.91125,60778148060.760475,26.302149877008716,0.0039997100830078125,True,7200,800
0.1,10,100,115,Point_CHR,Gaussian,absolute_residual,0.92625,159060284973.08887,38.32177473999945,0.0,True,7200,800
0.1,10,100,115,Unscaled,Gaussian,absolute_residual,0.89875,8194169776358.108,19.559173349993344,0.0,True,7200,800
0.1,10,100,115,Empirical_copula,Gaussian,absolute_residual,0.81375,21737575488.636185,23.379881500134196,0.0009996891021728516,True,7200,800
0.1,10,100,116,TSCP_R,Gaussian,absolute_residual,0.8325,23739851153.925785,25.793288683310525,0.0029993057250976562,True,7200,800
0.1,10,100,116,Point_CHR,Gaussian,absolute_residual,0.85125,33315140748.587524,24.05730250259245,0.0010004043579101562,True,7200,800
0.1,10,100,116,Unscaled,Gaussian,absolute_residual,0.92375,12645539416375.348,20.426489539576277,0.0,True,7200,800
0.1,10,100,116,Empirical_copula,Gaussian,absolute_residual,0.7825,15151370379.094227,24.50220996359328,0.0010023117065429688,True,7200,800
0.1,10,100,117,TSCP_R,Gaussian,absolute_residual,0.88,36536946218.3509,26.244752493770324,0.003999471664428711,True,7200,800
0.1,10,100,117,Point_CHR,Gaussian,absolute_residual,0.91125,72527685378.4871,25.59400354768099,0.0,True,7200,800
0.1,10,100,117,Unscaled,Gaussian,absolute_residual,0.87,6320841411192.961,19.05800731950864,0.0,True,7200,800
0.1,10,100,117,Empirical_copula,Gaussian,absolute_residual,0.78125,14439117602.534658,25.59400354768099,0.001005411148071289,True,7200,800
0.1,10,100,118,TSCP_R,Gaussian,absolute_residual,0.8875,39800967519.786415,25.105775010228705,0.003998994827270508,True,7200,800
0.1,10,100,118,Point_CHR,Gaussian,absolute_residual,0.86375,52275965803.942764,23.12537945865255,0.0,True,7200,800
0.1,10,100,118,Unscaled,Gaussian,absolute_residual,0.8925,8781604940383.318,19.695063689152263,0.0,True,7200,800
0.1,10,100,118,Empirical_copula,Gaussian,absolute_residual,0.80375,18995718277.095284,23.052819070477703,0.0009932518005371094,True,7200,800
0.1,10,100,119,TSCP_R,Gaussian,absolute_residual,0.89375,46780040114.02557,25.031219396021008,0.003999948501586914,True,7200,800
0.1,10,100,119,Point_CHR,Gaussian,absolute_residual,0.87875,36437622939.77845,25.17275153977492,0.0009992122650146484,True,7200,800
0.1,10,100,119,Unscaled,Gaussian,absolute_residual,0.88,6916803489447.804,19.23049856217656,0.0,True,7200,800
0.1,10,100,119,Empirical_copula,Gaussian,absolute_residual,0.81375,19635395038.916027,24.188861821980353,0.0010004043579101562,True,7200,800
0.1,10,100,120,TSCP_R,Gaussian,absolute_residual,0.8825,39277307860.027626,25.317116162439092,0.0029993057250976562,True,7200,800
0.1,10,100,120,Point_CHR,Gaussian,absolute_residual,0.88625,59604505106.3448,27.553396374892163,0.0010023117065429688,True,7200,800
0.1,10,100,120,Unscaled,Gaussian,absolute_residual,0.88625,6567082068403.946,19.13098117537113,0.0,True,7200,800
0.1,10,100,120,Empirical_copula,Gaussian,absolute_residual,0.8125,17733858090.40545,24.942130452619836,0.0009982585906982422,True,7200,800
0.1,10,100,121,TSCP_R,Gaussian,absolute_residual,0.8725,33734524066.426388,24.692995060170972,0.004000186920166016,True,7200,800
0.1,10,100,121,Point_CHR,Gaussian,absolute_residual,0.84875,30078851154.849922,27.619396096304666,0.0,True,7200,800
0.1,10,100,121,Unscaled,Gaussian,absolute_residual,0.8575,4291016775979.742,18.333949097750924,0.0,True,7200,800
0.1,10,100,121,Empirical_copula,Gaussian,absolute_residual,0.76875,13687782543.18946,25.380511017609745,0.0019991397857666016,True,7200,800
0.1,10,100,122,TSCP_R,Gaussian,absolute_residual,0.9325,83887558847.66653,27.360151632946277,0.0029993057250976562,True,7200,800
0.1,10,100,122,Point_CHR,Gaussian,absolute_residual,0.95375,156402095182.3806,27.32003827702684,0.0,True,7200,800
0.1,10,100,122,Unscaled,Gaussian,absolute_residual,0.90625,7541305155699.773,19.397450464050657,0.0,True,7200,800
0.1,10,100,122,Empirical_copula,Gaussian,absolute_residual,0.87125,38439689404.629005,27.019407619543593,0.001001596450805664,True,7200,800
0.1,10,100,123,TSCP_R,Gaussian,absolute_residual,0.86125,29233575036.67883,28.560750046828204,0.00400090217590332,True,7200,800
0.1,10,100,123,Point_CHR,Gaussian,absolute_residual,0.795,20817141045.424427,33.241037686774476,0.0009989738464355469,True,7200,800
0.1,10,100,123,Unscaled,Gaussian,absolute_residual,0.93125,21635528623874.71,21.553447753280935,0.0,True,7200,800
0.1,10,100,123,Empirical_copula,Gaussian,absolute_residual,0.75375,11326264970.516321,26.504751157303236,0.0010001659393310547,True,7200,800
0.1,10,100,124,TSCP_R,Gaussian,absolute_residual,0.8825,49130234969.95286,25.584387087118266,0.0039997100830078125,True,7200,800
0.1,10,100,124,Point_CHR,Gaussian,absolute_residual,0.825,33541433244.650208,23.535564016665173,0.0,True,7200,800
0.1,10,100,124,Unscaled,Gaussian,absolute_residual,0.8925,7885855350122.969,19.484303269175477,0.0,True,7200,800
0.1,10,100,124,Empirical_copula,Gaussian,absolute_residual,0.83625,24157442427.805084,22.496158930884285,0.0010066032409667969,True,7200,800
0.1,10,100,125,TSCP_R,Gaussian,absolute_residual,0.94625,133970093928.57841,28.742025912438933,0.003999471664428711,True,7200,800
0.1,10,100,125,Point_CHR,Gaussian,absolute_residual,0.92375,172183417945.15237,30.4925155643205,0.0,True,7200,800
0.1,10,100,125,Unscaled,Gaussian,absolute_residual,0.86625,5143920535364.691,18.669359777814353,0.0,True,7200,800
0.1,10,100,125,Empirical_copula,Gaussian,absolute_residual,0.7625,20541879883.532017,28.70044144220769,0.0010001659393310547,True,7200,800
0.1,10,100,126,TSCP_R,Gaussian,absolute_residual,0.9375,105991579924.08203,28.106407630228823,0.0029990673065185547,True,7200,800
0.1,10,100,126,Point_CHR,Gaussian,absolute_residual,0.93125,183731817815.10608,35.453933581818696,0.0,True,7200,800
0.1,10,100,126,Unscaled,Gaussian,absolute_residual,0.9675,51620389293129.85,23.51159691500124,0.0,True,7200,800
0.1,10,100,126,Empirical_copula,Gaussian,absolute_residual,0.88,54369410087.57004,30.314980255308946,0.0010020732879638672,True,7200,800
0.1,10,100,127,TSCP_R,Gaussian,absolute_residual,0.89375,57657441938.459656,29.205481131449304,0.004000425338745117,True,7200,800
0.1,10,100,127,Point_CHR,Gaussian,absolute_residual,0.92,115685312920.93297,31.86153253463547,0.0,True,7200,800
0.1,10,100,127,Unscaled,Gaussian,absolute_residual,0.9025,10567745821331.73,20.063109151343152,0.0,True,7200,800
0.1,10,100,127,Empirical_copula,Gaussian,absolute_residual,0.8325,27989463559.720936,24.64248478707018,0.0010001659393310547,True,7200,800
0.1,10,100,128,TSCP_R,Gaussian,absolute_residual,0.91,55042551481.96046,26.880228796131206,0.003999233245849609,True,7200,800
0.1,10,100,128,Point_CHR,Gaussian,absolute_residual,0.93,88069111364.62651,28.031985534034806,0.0,True,7200,800
0.1,10,100,128,Unscaled,Gaussian,absolute_residual,0.9175,9697514370964.81,19.891431712891862,0.0,True,7200,800
0.1,10,100,128,Empirical_copula,Gaussian,absolute_residual,0.79125,17802654752.996334,23.269821254133703,0.002000570297241211,True,7200,800
0.1,10,100,129,TSCP_R,Gaussian,absolute_residual,0.93875,127761453889.24858,31.101958765756,0.0030014514923095703,True,7200,800
0.1,10,100,129,Point_CHR,Gaussian,absolute_residual,0.9275,125719323999.94942,33.973780327072376,0.0009984970092773438,True,7200,800
0.1,10,100,129,Unscaled,Gaussian,absolute_residual,0.945,21143143035717.43,21.503886285209322,0.0,True,7200,800
0.1,10,100,129,Empirical_copula,Gaussian,absolute_residual,0.87875,44127218237.31803,26.098975381430975,0.00099945068359375,True,7200,800
0.1,10,100,130,TSCP_R,Gaussian,absolute_residual,0.90125,52636952526.73509,25.51915674694076,0.002999544143676758,True,7200,800
0.1,10,100,130,Point_CHR,Gaussian,absolute_residual,0.865,46748360891.41236,24.432606716175105,0.0010001659393310547,True,7200,800
0.1,10,100,130,Unscaled,Gaussian,absolute_residual,0.85125,3408954378263.9375,17.9168690237765,0.0,True,7200,800
0.1,10,100,130,Empirical_copula,Gaussian,absolute_residual,0.81,23625999210.21165,24.689444878841222,0.0009937286376953125,True,7200,800
0.1,10,100,131,TSCP_R,Gaussian,absolute_residual,0.85375,32400557999.236248,29.006635008949296,0.0029969215393066406,True,7200,800
0.1,10,100,131,Point_CHR,Gaussian,absolute_residual,0.885,49166419707.96018,30.55042562557191,0.0010008811950683594,True,7200,800
0.1,10,100,131,Unscaled,Gaussian,absolute_residual,0.93125,10977717515661.736,20.139616902502933,0.0,True,7200,800
0.1,10,100,131,Empirical_copula,Gaussian,absolute_residual,0.745,14586823087.847626,27.30536034216152,0.0010030269622802734,True,7200,800
0.1,10,100,132,TSCP_R,Gaussian,absolute_residual,0.88625,40969205965.47681,25.836920160759597,0.0029969215393066406,True,7200,800
0.1,10,100,132,Point_CHR,Gaussian,absolute_residual,0.90375,55621292732.22887,27.16422166259472,0.0,True,7200,800
0.1,10,100,132,Unscaled,Gaussian,absolute_residual,0.885,6601728740492.659,19.141050433540997,0.0,True,7200,800
0.1,10,100,132,Empirical_copula,Gaussian,absolute_residual,0.81125,19607307914.70378,23.288412038923813,0.0009913444519042969,True,7200,800
0.1,10,100,133,TSCP_R,Gaussian,absolute_residual,0.9125,54838716340.168755,26.02313251874339,0.004007577896118164,True,7200,800
0.1,10,100,133,Point_CHR,Gaussian,absolute_residual,0.8525,36353540406.09345,27.05391986136311,0.0,True,7200,800
0.1,10,100,133,Unscaled,Gaussian,absolute_residual,0.9275,12573631263713.324,20.414844300384,0.0,True,7200,800
0.1,10,100,133,Empirical_copula,Gaussian,absolute_residual,0.835,21546480652.968876,24.0800760523044,0.00099945068359375,True,7200,800
0.1,10,100,134,TSCP_R,Gaussian,absolute_residual,0.90625,62336862316.6925,29.40197396732667,0.0040051937103271484,True,7200,800
0.1,10,100,134,Point_CHR,Gaussian,absolute_residual,0.90375,68178931437.088005,30.05599013670283,0.0,True,7200,800
0.1,10,100,134,Unscaled,Gaussian,absolute_residual,0.92625,16317926376992.916,20.953978643381166,0.0,True,7200,800
0.1,10,100,134,Empirical_copula,Gaussian,absolute_residual,0.83125,25902681635.622795,23.90711743139108,0.0019958019256591797,True,7200,800
0.1,10,100,135,TSCP_R,Gaussian,absolute_residual,0.93875,67269780517.147446,28.256801667160907,0.0029916763305664062,True,7200,800
0.1,10,100,135,Point_CHR,Gaussian,absolute_residual,0.9025,60525455245.00383,28.88839669575073,0.0010077953338623047,True,7200,800
0.1,10,100,135,Unscaled,Gaussian,absolute_residual,0.94625,16474232522681.166,20.97396404377961,0.0,True,7200,800
0.1,10,100,135,Empirical_copula,Gaussian,absolute_residual,0.8025,17818197008.4317,23.857582290669022,0.001004934310913086,True,7200,800
0.1,10,100,136,TSCP_R,Gaussian,absolute_residual,0.91125,59523307931.39141,26.338888788008994,0.002995729446411133,True,7200,800
0.1,10,100,136,Point_CHR,Gaussian,absolute_residual,0.92125,72918317657.53021,27.553451068238097,0.0010004043579101562,True,7200,800
0.1,10,100,136,Unscaled,Gaussian,absolute_residual,0.8675,4101336975142.347,18.25124711565353,0.0,True,7200,800
0.1,10,100,136,Empirical_copula,Gaussian,absolute_residual,0.77,16093930615.90912,28.51394275251169,0.0009996891021728516,True,7200,800
0.1,10,100,137,TSCP_R,Gaussian,absolute_residual,0.92,77703111883.63861,29.38200906652623,0.0029947757720947266,True,7200,800
0.1,10,100,137,Point_CHR,Gaussian,absolute_residual,0.92375,102565389516.48317,29.44595446824481,0.0010030269622802734,True,7200,800
0.1,10,100,137,Unscaled,Gaussian,absolute_residual,0.91125,10668992859223.965,20.082248761821013,0.0,True,7200,800
0.1,10,100,137,Empirical_copula,Gaussian,absolute_residual,0.82875,24564724885.866226,28.74872071128279,0.0010004043579101562,True,7200,800
0.1,10,100,138,TSCP_R,Gaussian,absolute_residual,0.92375,72414571900.11012,27.451058880552857,0.0029914379119873047,True,7200,800
0.1,10,100,138,Point_CHR,Gaussian,absolute_residual,0.925,79169394287.62457,26.515174923576303,0.0,True,7200,800
0.1,10,100,138,Unscaled,Gaussian,absolute_residual,0.9075,12616883975577.268,20.421856065471168,0.0,True,7200,800
0.1,10,100,138,Empirical_copula,Gaussian,absolute_residual,0.8075,22012432141.713818,25.396384728272743,0.0009992122650146484,True,7200,800
0.1,10,100,139,TSCP_R,Gaussian,absolute_residual,0.91,48460474413.38734,24.505327906470974,0.004006624221801758,True,7200,800
0.1,10,100,139,Point_CHR,Gaussian,absolute_residual,0.90125,55357735319.63679,25.073532087938393,0.0009913444519042969,True,7200,800
0.1,10,100,139,Unscaled,Gaussian,absolute_residual,0.87625,4339300265066.9707,18.354475150513164,0.0,True,7200,800
0.1,10,100,139,Empirical_copula,Gaussian,absolute_residual,0.82875,24008875889.503784,22.504956327727083,0.0009992122650146484,True,7200,800
0.1,10,100,140,TSCP_R,Gaussian,absolute_residual,0.91125,73866625332.11186,25.392749241730822,0.002992391586303711,True,7200,800
0.1,10,100,140,Point_CHR,Gaussian,absolute_residual,0.88875,89615664822.39389,26.848709570698503,0.0,True,7200,800
0.1,10,100,140,Unscaled,Gaussian,absolute_residual,0.88875,7857180025979.683,19.47720657453945,0.0,True,7200,800
0.1,10,100,140,Empirical_copula,Gaussian,absolute_residual,0.85125,32374394349.72246,22.705083171177726,0.0009999275207519531,True,7200,800
0.1,10,100,141,TSCP_R,Gaussian,absolute_residual,0.93125,82238842654.39883,27.079938038691036,0.0040035247802734375,True,7200,800
0.1,10,100,141,Point_CHR,Gaussian,absolute_residual,0.9125,84766209718.54024,28.964309736202562,0.0,True,7200,800
0.1,10,100,141,Unscaled,Gaussian,absolute_residual,0.90625,7299777598450.296,19.334411735890537,0.0,True,7200,800
0.1,10,100,141,Empirical_copula,Gaussian,absolute_residual,0.8525,30388634375.878376,24.36409250616274,0.0009968280792236328,True,7200,800
0.1,10,100,142,TSCP_R,Gaussian,absolute_residual,0.89,44009408012.11604,25.464985758013036,0.004006385803222656,True,7200,800
0.1,10,100,142,Point_CHR,Gaussian,absolute_residual,0.87625,55171408373.76019,25.48471162901012,0.00099945068359375,True,7200,800
0.1,10,100,142,Unscaled,Gaussian,absolute_residual,0.92,15194048643239.781,20.804982328515738,0.0,True,7200,800
0.1,10,100,142,Empirical_copula,Gaussian,absolute_residual,0.7925,17470528665.98288,24.877796851558244,0.0010004043579101562,True,7200,800
0.1,10,100,143,TSCP_R,Gaussian,absolute_residual,0.91125,71290486313.65262,26.704080873140292,0.0039980411529541016,True,7200,800
0.1,10,100,143,Point_CHR,Gaussian,absolute_residual,0.91375,94037424014.06754,29.319598709353656,0.0,True,7200,800
0.1,10,100,143,Unscaled,Gaussian,absolute_residual,0.87625,5725621543403.815,18.87045030434322,0.0,True,7200,800
0.1,10,100,143,Empirical_copula,Gaussian,absolute_residual,0.81,24532376420.862705,22.299975176111488,0.0009996891021728516,True,7200,800
0.1,10,100,144,TSCP_R,Gaussian,absolute_residual,0.91125,55101830341.71506,24.858003700148082,0.0040051937103271484,True,7200,800
0.1,10,100,144,Point_CHR,Gaussian,absolute_residual,0.915,72816450905.90047,27.447791933967245,0.0,True,7200,800
0.1,10,100,144,Unscaled,Gaussian,absolute_residual,0.87375,4871172349688.517,18.567923988742386,0.0,True,7200,800
0.1,10,100,144,Empirical_copula,Gaussian,absolute_residual,0.815,20964255456.641556,23.317564374695568,0.0020017623901367188,True,7200,800
0.1,10,100,145,TSCP_R,Gaussian,absolute_residual,0.9225,56442601999.40839,24.577811743955856,0.004000663757324219,True,7200,800
0.1,10,100,145,Point_CHR,Gaussian,absolute_residual,0.90875,57945420355.87986,29.299795924684403,0.0009999275207519531,True,7200,800
0.1,10,100,145,Unscaled,Gaussian,absolute_residual,0.87625,7460603209142.109,19.376591980530407,0.0,True,7200,800
0.1,10,100,145,Empirical_copula,Gaussian,absolute_residual,0.83125,22813802721.966824,21.938811249679645,0.001004934310913086,True,7200,800
0.1,10,100,146,TSCP_R,Gaussian,absolute_residual,0.8575,34542649184.89714,23.965763038461464,0.002995014190673828,True,7200,800
0.1,10,100,146,Point_CHR,Gaussian,absolute_residual,0.945,143529769367.7738,31.129469652717333,0.0009999275207519531,True,7200,800
0.1,10,100,146,Unscaled,Gaussian,absolute_residual,0.84,4416712542890.195,18.38695924524341,0.0,True,7200,800
0.1,10,100,146,Empirical_copula,Gaussian,absolute_residual,0.7575,13022852399.811005,22.966312963607294,0.0010001659393310547,True,7200,800
0.1,10,100,147,TSCP_R,Gaussian,absolute_residual,0.9125,56518691589.449615,24.879174467199554,0.002993345260620117,True,7200,800
0.1,10,100,147,Point_CHR,Gaussian,absolute_residual,0.90625,68017509723.72024,27.626453338186582,0.0010068416595458984,True,7200,800
0.1,10,100,147,Unscaled,Gaussian,absolute_residual,0.915,11062380280504.594,20.15509541079414,0.0,True,7200,800
0.1,10,100,147,Empirical_copula,Gaussian,absolute_residual,0.83875,25790227044.66481,23.869091043532592,0.0009999275207519531,True,7200,800
0.1,10,100,148,TSCP_R,Gaussian,absolute_residual,0.85875,27118486168.223778,22.067994886604573,0.0039861202239990234,True,7200,800
0.1,10,100,148,Point_CHR,Gaussian,absolute_residual,0.81875,24229937056.74025,22.075618773558556,0.0,True,7200,800
0.1,10,100,148,Unscaled,Gaussian,absolute_residual,0.85125,3876577531612.355,18.148671820187754,0.0,True,7200,800
0.1,10,100,148,Empirical_copula,Gaussian,absolute_residual,0.74375,11056769541.955132,21.256110296179777,0.0009996891021728516,True,7200,800
0.1,10,100,149,TSCP_R,Gaussian,absolute_residual,0.88,37421921492.859024,25.578130601064057,0.00500035285949707,True,7200,800
0.1,10,100,149,Point_CHR,Gaussian,absolute_residual,0.84,25912623208.218273,23.516338239374274,0.0,True,7200,800
0.1,10,100,149,Unscaled,Gaussian,absolute_residual,0.86125,4500889482074.769,18.421705490199344,0.0009992122650146484,True,7200,800
0.1,10,100,149,Empirical_copula,Gaussian,absolute_residual,0.76625,15276280084.503178,20.042680612734287,0.0009996891021728516,True,7200,800
0.1,10,100,150,TSCP_R,Gaussian,absolute_residual,0.9,57450192242.08171,25.54304544891442,0.003000020980834961,True,7200,800
0.1,10,100,150,Point_CHR,Gaussian,absolute_residual,0.92125,110476387556.36087,28.723454685194447,0.0010001659393310547,True,7200,800
0.1,10,100,150,Unscaled,Gaussian,absolute_residual,0.9025,9345570669147.94,19.818034612948065,0.0,True,7200,800
0.1,10,100,150,Empirical_copula,Gaussian,absolute_residual,0.83125,20032522091.524693,22.512663386275662,0.0009996891021728516,True,7200,800
0.1,10,100,151,TSCP_R,Gaussian,absolute_residual,0.945,96536773132.52037,28.422229780468147,0.004008054733276367,True,7200,800
0.1,10,100,151,Point_CHR,Gaussian,absolute_residual,0.895,61065923561.463066,27.709543778597812,0.0009987354278564453,True,7200,800
0.1,10,100,151,Unscaled,Gaussian,absolute_residual,0.915,8245749253909.18,19.571450440190798,0.0,True,7200,800
0.1,10,100,151,Empirical_copula,Gaussian,absolute_residual,0.83,23823871565.686466,22.206371563142874,0.0009989738464355469,True,7200,800
0.1,10,100,152,TSCP_R,Gaussian,absolute_residual,0.94375,115053720163.6386,28.10451363472974,0.0030059814453125,True,7200,800
0.1,10,100,152,Point_CHR,Gaussian,absolute_residual,0.94,225718675847.92447,28.288909649234135,0.0010001659393310547,True,7200,800
0.1,10,100,152,Unscaled,Gaussian,absolute_residual,0.94,18493594374540.445,21.217887030701196,0.0,True,7200,800
0.1,10,100,152,Empirical_copula,Gaussian,absolute_residual,0.8775,42393092071.04276,28.288909649234135,0.000993490219116211,True,7200,800
0.1,10,100,153,TSCP_R,Gaussian,absolute_residual,0.90125,58710265696.339226,27.805324187818826,0.00400090217590332,True,7200,800
0.1,10,100,153,Point_CHR,Gaussian,absolute_residual,0.88625,66309530937.21084,27.678706544482594,0.0,True,7200,800
0.1,10,100,153,Unscaled,Gaussian,absolute_residual,0.94,15068218136920.559,20.78768799737948,0.0,True,7200,800
0.1,10,100,153,Empirical_copula,Gaussian,absolute_residual,0.8475,29038962330.59422,24.714238206675862,0.001993894577026367,True,7200,800
0.1,10,100,154,TSCP_R,Gaussian,absolute_residual,0.88125,42730982019.57786,29.274074470676503,0.0029959678649902344,True,7200,800
0.1,10,100,154,Point_CHR,Gaussian,absolute_residual,0.715,12332994814.420095,28.455770952627933,0.0010027885437011719,True,7200,800
0.1,10,100,154,Unscaled,Gaussian,absolute_residual,0.9175,20632938386202.055,21.451423065534865,0.0,True,7200,800
0.1,10,100,154,Empirical_copula,Gaussian,absolute_residual,0.77375,16226167187.937658,25.22027014006159,0.0009992122650146484,True,7200,800
0.1,10,100,155,TSCP_R,Gaussian,absolute_residual,0.89,46364826338.34757,23.66468939642083,0.0029931068420410156,True,7200,800
0.1,10,100,155,Point_CHR,Gaussian,absolute_residual,0.8675,43386774428.860985,25.083601510007973,0.0010020732879638672,True,7200,800
0.1,10,100,155,Unscaled,Gaussian,absolute_residual,0.88375,5530710633013.4,18.805205932895046,0.0,True,7200,800
0.1,10,100,155,Empirical_copula,Gaussian,absolute_residual,0.79375,20035034092.713398,23.25505105135375,0.0010023117065429688,True,7200,800
0.1,10,100,156,TSCP_R,Gaussian,absolute_residual,0.86,27794941164.570534,23.970087649830575,0.003003835678100586,True,7200,800
0.1,10,100,156,Point_CHR,Gaussian,absolute_residual,0.8325,20967128658.78923,24.727616394980227,0.0010008811950683594,True,7200,800
0.1,10,100,156,Unscaled,Gaussian,absolute_residual,0.89125,5072237251902.748,18.643178421132927,0.0,True,7200,800
0.1,10,100,156,Empirical_copula,Gaussian,absolute_residual,0.8025,13661274061.095037,22.13306744766811,0.0009992122650146484,True,7200,800
0.1,10,100,157,TSCP_R,Gaussian,absolute_residual,0.935,109504943490.17015,29.046188877219596,0.004010677337646484,True,7200,800
0.1,10,100,157,Point_CHR,Gaussian,absolute_residual,0.8925,79939094942.63191,28.980687319525227,0.0,True,7200,800
0.1,10,100,157,Unscaled,Gaussian,absolute_residual,0.9175,11047616400295.15,20.152403889907127,0.0,True,7200,800
0.1,10,100,157,Empirical_copula,Gaussian,absolute_residual,0.835,39795375438.29138,26.847481209331647,0.0009970664978027344,True,7200,800
0.1,10,100,158,TSCP_R,Gaussian,absolute_residual,0.9225,74050310654.59735,27.783980048678156,0.0040073394775390625,True,7200,800
0.1,10,100,158,Point_CHR,Gaussian,absolute_residual,0.85875,43575363043.26418,22.802149194088795,0.0,True,7200,800
0.1,10,100,158,Unscaled,Gaussian,absolute_residual,0.8925,7549083237753.38,19.399450183973393,0.0,True,7200,800
0.1,10,100,158,Empirical_copula,Gaussian,absolute_residual,0.82625,25992380386.46638,27.777103105413552,0.00099945068359375,True,7200,800
0.1,10,100,159,TSCP_R,Gaussian,absolute_residual,0.93875,122312664360.85902,30.15526750259079,0.004997968673706055,True,7200,800
0.1,10,100,159,Point_CHR,Gaussian,absolute_residual,0.9525,194695218349.1023,38.78887887046965,0.0,True,7200,800
0.1,10,100,159,Unscaled,Gaussian,absolute_residual,0.94125,25109276848067.848,21.876781062567233,0.0009992122650146484,True,7200,800
0.1,10,100,159,Empirical_copula,Gaussian,absolute_residual,0.89125,55387955835.13373,27.96471564363423,0.0010073184967041016,True,7200,800
0.1,10,100,160,TSCP_R,Gaussian,absolute_residual,0.85625,28132512591.869007,24.392446348211216,0.004004240036010742,True,7200,800
0.1,10,100,160,Point_CHR,Gaussian,absolute_residual,0.8725,41026104973.83225,24.22007057374924,0.0,True,7200,800
0.1,10,100,160,Unscaled,Gaussian,absolute_residual,0.85125,3609292537531.265,18.019478102016073,0.0,True,7200,800
0.1,10,100,160,Empirical_copula,Gaussian,absolute_residual,0.785,13005504207.924417,21.65325053328951,0.0009965896606445312,True,7200,800
0.1,10,100,161,TSCP_R,Gaussian,absolute_residual,0.92875,101726036299.93756,26.79635177797847,0.0039980411529541016,True,7200,800
0.1,10,100,161,Point_CHR,Gaussian,absolute_residual,0.8825,53518010414.70904,27.00479694555744,0.0,True,7200,800
0.1,10,100,161,Unscaled,Gaussian,absolute_residual,0.90375,9024666081031.137,19.74890925077438,0.0,True,7200,800
0.1,10,100,161,Empirical_copula,Gaussian,absolute_residual,0.8375,26018859269.58322,26.15867884799816,0.001007080078125,True,7200,800
0.1,10,100,162,TSCP_R,Gaussian,absolute_residual,0.92625,71635234269.54167,24.55467489650926,0.004006147384643555,True,7200,800
0.1,10,100,162,Point_CHR,Gaussian,absolute_residual,0.91875,80885232041.56125,26.702297404192493,0.0,True,7200,800
0.1,10,100,162,Unscaled,Gaussian,absolute_residual,0.9,7398703736875.82,19.360455181442823,0.0,True,7200,800
0.1,10,100,162,Empirical_copula,Gaussian,absolute_residual,0.8675,35509667253.68917,23.689378843477705,0.0009932518005371094,True,7200,800
0.1,10,100,163,TSCP_R,Gaussian,absolute_residual,0.96625,149387492031.02036,29.494747841656967,0.003997802734375,True,7200,800
0.1,10,100,163,Point_CHR,Gaussian,absolute_residual,0.94375,118296643628.79088,30.402319685817293,0.0,True,7200,800
0.1,10,100,163,Unscaled,Gaussian,absolute_residual,0.95,24894557270777.543,21.85800096056869,0.0,True,7200,800
0.1,10,100,163,Empirical_copula,Gaussian,absolute_residual,0.8675,47234597862.53394,25.229140980819153,0.0009996891021728516,True,7200,800
0.1,10,100,164,TSCP_R,Gaussian,absolute_residual,0.91875,79399127253.10104,29.16836446428399,0.0029976367950439453,True,7200,800
0.1,10,100,164,Point_CHR,Gaussian,absolute_residual,0.87625,43804544305.99959,24.450361418606214,0.0010001659393310547,True,7200,800
0.1,10,100,164,Unscaled,Gaussian,absolute_residual,0.945,28720847554704.81,22.172758417439425,0.0,True,7200,800
0.1,10,100,164,Empirical_copula,Gaussian,absolute_residual,0.8325,25258862898.636513,26.921682038861498,0.0009958744049072266,True,7200,800
0.1,10,100,165,TSCP_R,Gaussian,absolute_residual,0.9525,154700726221.84064,34.880222142610116,0.0029997825622558594,True,7200,800
0.1,10,100,165,Point_CHR,Gaussian,absolute_residual,0.91875,114827121515.39638,33.209419676070915,0.0,True,7200,800
0.1,10,100,165,Unscaled,Gaussian,absolute_residual,0.96,34504391398438.72,22.583301734438894,0.0,True,7200,800
0.1,10,100,165,Empirical_copula,Gaussian,absolute_residual,0.83625,29379426182.214912,25.645293672141545,0.0009989738464355469,True,7200,800
0.1,10,100,166,TSCP_R,Gaussian,absolute_residual,0.9575,170182414339.5592,28.68745580716535,0.0040051937103271484,True,7200,800
0.1,10,100,166,Point_CHR,Gaussian,absolute_residual,0.9575,190846653629.4031,32.67736506430842,0.0,True,7200,800
0.1,10,100,166,Unscaled,Gaussian,absolute_residual,0.96875,35722848669214.36,22.661810748504777,0.0,True,7200,800
0.1,10,100,166,Empirical_copula,Gaussian,absolute_residual,0.89,57472989976.28688,28.36297505750235,0.0009996891021728516,True,7200,800
0.1,10,100,167,TSCP_R,Gaussian,absolute_residual,0.9425,96583553764.4351,25.067409328935376,0.004000186920166016,True,7200,800
0.1,10,100,167,Point_CHR,Gaussian,absolute_residual,0.91875,76956732302.06918,26.812365737564477,0.0,True,7200,800
0.1,10,100,167,Unscaled,Gaussian,absolute_residual,0.89375,6975458271509.61,19.246744207446028,0.0,True,7200,800
0.1,10,100,167,Empirical_copula,Gaussian,absolute_residual,0.87125,39864174106.776054,22.430610651558204,0.0020041465759277344,True,7200,800
0.1,10,100,168,TSCP_R,Gaussian,absolute_residual,0.91125,56326858999.62937,27.336181290236254,0.003992557525634766,True,7200,800
0.1,10,100,168,Point_CHR,Gaussian,absolute_residual,0.895,56732818240.034874,22.883183722986644,0.0,True,7200,800
0.1,10,100,168,Unscaled,Gaussian,absolute_residual,0.87375,4679557941108.062,18.493558392250925,0.0,True,7200,800
0.1,10,100,168,Empirical_copula,Gaussian,absolute_residual,0.81,21369328053.064526,25.779494903450065,0.0019998550415039062,True,7200,800
0.1,10,100,169,TSCP_R,Gaussian,absolute_residual,0.95125,117224971363.13286,30.27888125341333,0.0030007362365722656,True,7200,800
0.1,10,100,169,Point_CHR,Gaussian,absolute_residual,0.9525,124388529090.78311,26.777818515244547,0.00099945068359375,True,7200,800
0.1,10,100,169,Unscaled,Gaussian,absolute_residual,0.93625,23692792949905.74,21.750118423712703,0.0,True,7200,800
0.1,10,100,169,Empirical_copula,Gaussian,absolute_residual,0.89,59884315636.53948,29.894351502251443,0.0009999275207519531,True,7200,800
0.1,10,100,170,TSCP_R,Gaussian,absolute_residual,0.9375,92712650469.12085,29.736923540092615,0.0039980411529541016,True,7200,800
0.1,10,100,170,Point_CHR,Gaussian,absolute_residual,0.94125,176403682933.757,30.94267475544744,0.0,True,7200,800
0.1,10,100,170,Unscaled,Gaussian,absolute_residual,0.92875,12789579465428.842,20.44963809165832,0.0,True,7200,800
0.1,10,100,170,Empirical_copula,Gaussian,absolute_residual,0.86,36535558970.58561,24.49186466437343,0.0010025501251220703,True,7200,800
0.1,10,100,171,TSCP_R,Gaussian,absolute_residual,0.9475,108256232122.78848,26.574416880882183,0.004000425338745117,True,7200,800
0.1,10,100,171,Point_CHR,Gaussian,absolute_residual,0.94,130377943554.41347,31.479790419194146,0.0,True,7200,800
0.1,10,100,171,Unscaled,Gaussian,absolute_residual,0.9325,19589117574877.074,21.34034751077838,0.0,True,7200,800
0.1,10,100,171,Empirical_copula,Gaussian,absolute_residual,0.835,27423124951.988148,24.86073090623809,0.00099945068359375,True,7200,800
0.1,10,100,172,TSCP_R,Gaussian,absolute_residual,0.945,137706756370.0405,29.725801860823665,0.0029985904693603516,True,7200,800
0.1,10,100,172,Point_CHR,Gaussian,absolute_residual,0.9125,72424078521.04713,28.950458278566124,0.0,True,7200,800
0.1,10,100,172,Unscaled,Gaussian,absolute_residual,0.87,5107297386901.04,18.656024983105308,0.0,True,7200,800
0.1,10,100,172,Empirical_copula,Gaussian,absolute_residual,0.87875,47231181410.844376,27.210057477322906,0.0009999275207519531,True,7200,800
0.1,10,100,173,TSCP_R,Gaussian,absolute_residual,0.8825,42166600471.67501,28.99092578895253,0.004004001617431641,True,7200,800
0.1,10,100,173,Point_CHR,Gaussian,absolute_residual,0.83875,28702943735.814697,25.380285746541503,0.0009958744049072266,True,7200,800
0.1,10,100,173,Unscaled,Gaussian,absolute_residual,0.86125,5192615407735.863,18.686958269920737,0.0,True,7200,800
0.1,10,100,173,Empirical_copula,Gaussian,absolute_residual,0.81375,18351878254.22283,26.26733285365395,0.0010008811950683594,True,7200,800
0.1,10,100,174,TSCP_R,Gaussian,absolute_residual,0.89125,62922752640.74515,29.720790435166435,0.0029964447021484375,True,7200,800
0.1,10,100,174,Point_CHR,Gaussian,absolute_residual,0.88875,64599642887.4614,32.55399479410365,0.0010006427764892578,True,7200,800
0.1,10,100,174,Unscaled,Gaussian,absolute_residual,0.92125,11400873997865.86,20.21593416470344,0.0,True,7200,800
0.1,10,100,174,Empirical_copula,Gaussian,absolute_residual,0.80375,29169770768.17371,28.052636272769767,0.0009996891021728516,True,7200,800
0.1,10,100,175,TSCP_R,Gaussian,absolute_residual,0.9225,77619201125.62097,26.717873697388953,0.0040013790130615234,True,7200,800
0.1,10,100,175,Point_CHR,Gaussian,absolute_residual,0.94625,153913779450.08914,33.6672348463955,0.0,True,7200,800
0.1,10,100,175,Unscaled,Gaussian,absolute_residual,0.8975,8448301740639.981,19.61900336519436,0.0,True,7200,800
0.1,10,100,175,Empirical_copula,Gaussian,absolute_residual,0.845,29688875360.364025,22.82830043458974,0.0009987354278564453,True,7200,800
0.1,10,100,176,TSCP_R,Gaussian,absolute_residual,0.8875,57732498759.15959,24.468736076376313,0.004011631011962891,True,7200,800
0.1,10,100,176,Point_CHR,Gaussian,absolute_residual,0.93125,156561940239.70078,29.581862159646224,0.0,True,7200,800
0.1,10,100,176,Unscaled,Gaussian,absolute_residual,0.85125,4346131910204.227,18.357362770785347,0.0,True,7200,800
0.1,10,100,176,Empirical_copula,Gaussian,absolute_residual,0.80125,29004330092.315605,20.84551846434932,0.0009992122650146484,True,7200,800
0.1,10,100,177,TSCP_R,Gaussian,absolute_residual,0.85625,35968230664.98132,25.8160185075486,0.0030007362365722656,True,7200,800
0.1,10,100,177,Point_CHR,Gaussian,absolute_residual,0.85375,38021710165.56287,24.934092124980797,0.0010037422180175781,True,7200,800
0.1,10,100,177,Unscaled,Gaussian,absolute_residual,0.91875,12630399659660.945,20.424042678192436,0.0,True,7200,800
0.1,10,100,177,Empirical_copula,Gaussian,absolute_residual,0.75,16680136977.554163,22.12854593748095,0.0010051727294921875,True,7200,800
0.1,10,100,178,TSCP_R,Gaussian,absolute_residual,0.91,55698576561.375534,25.63069538087941,0.0030052661895751953,True,7200,800
0.1,10,100,178,Point_CHR,Gaussian,absolute_residual,0.8975,48351404352.561226,25.407648284864027,0.0009992122650146484,True,7200,800
0.1,10,100,178,Unscaled,Gaussian,absolute_residual,0.935,12986592768143.115,20.480922878198285,0.0,True,7200,800
0.1,10,100,178,Empirical_copula,Gaussian,absolute_residual,0.82875,23031253709.911716,23.98524224159487,0.0009996891021728516,True,7200,800
0.1,10,100,179,TSCP_R,Gaussian,absolute_residual,0.92125,52789775926.36561,25.59176062558307,0.0029935836791992188,True,7200,800
0.1,10,100,179,Point_CHR,Gaussian,absolute_residual,0.92625,96355928992.78969,29.26471795994169,0.0,True,7200,800
0.1,10,100,179,Unscaled,Gaussian,absolute_residual,0.9075,9996058010378.479,19.951836479797922,0.0,True,7200,800
0.1,10,100,179,Empirical_copula,Gaussian,absolute_residual,0.8275,22871600295.904285,25.713923104613556,0.001004934310913086,True,7200,800
0.1,10,100,180,TSCP_R,Gaussian,absolute_residual,0.945,82369379365.91504,30.324674185174523,0.004004478454589844,True,7200,800
0.1,10,100,180,Point_CHR,Gaussian,absolute_residual,0.96875,157202851511.84103,36.67202599131334,0.0,True,7200,800
0.1,10,100,180,Unscaled,Gaussian,absolute_residual,0.8925,6468669806862.355,19.102116891579833,0.0,True,7200,800
0.1,10,100,180,Empirical_copula,Gaussian,absolute_residual,0.82125,24120543094.112015,28.219574923105817,0.0010006427764892578,True,7200,800
0.1,10,100,181,TSCP_R,Gaussian,absolute_residual,0.9375,103874219063.18077,27.923236112331615,0.004016399383544922,True,7200,800
0.1,10,100,181,Point_CHR,Gaussian,absolute_residual,0.86875,48540788246.24083,27.590740363712193,0.0,True,7200,800
0.1,10,100,181,Unscaled,Gaussian,absolute_residual,0.85375,4008559466893.828,18.20953404870515,0.0,True,7200,800
0.1,10,100,181,Empirical_copula,Gaussian,absolute_residual,0.8425,41162199997.91992,28.00943184272047,0.0009839534759521484,True,7200,800
0.1,10,100,182,TSCP_R,Gaussian,absolute_residual,0.91375,43548841884.35797,25.847315376994334,0.00400543212890625,True,7200,800
0.1,10,100,182,Point_CHR,Gaussian,absolute_residual,0.88875,41090492173.10218,27.46573178132646,0.0,True,7200,800
0.1,10,100,182,Unscaled,Gaussian,absolute_residual,0.8825,4502826261180.977,18.422498041704856,0.0,True,7200,800
0.1,10,100,182,Empirical_copula,Gaussian,absolute_residual,0.8225,18511427853.768143,23.897116555526946,0.0010004043579101562,True,7200,800
0.1,10,100,183,TSCP_R,Gaussian,absolute_residual,0.91125,52208508170.22683,24.62810434143848,0.00400233268737793,True,7200,800
0.1,10,100,183,Point_CHR,Gaussian,absolute_residual,0.96625,344753117691.2448,38.784418707905424,0.0,True,7200,800
0.1,10,100,183,Unscaled,Gaussian,absolute_residual,0.90625,9454755135188.922,19.84106722472077,0.0,True,7200,800
0.1,10,100,183,Empirical_copula,Gaussian,absolute_residual,0.835,30044183542.13725,22.182073266625917,0.0009944438934326172,True,7200,800
0.1,10,100,184,TSCP_R,Gaussian,absolute_residual,0.87,40055180789.86583,23.023920977225107,0.0030045509338378906,True,7200,800
0.1,10,100,184,Point_CHR,Gaussian,absolute_residual,0.8375,44626368291.318085,26.200910347970492,0.0009999275207519531,True,7200,800
0.1,10,100,184,Unscaled,Gaussian,absolute_residual,0.8125,2398012485810.0396,17.297571880553793,0.0,True,7200,800
0.1,10,100,184,Empirical_copula,Gaussian,absolute_residual,0.785,16640118655.834663,21.771156108344815,0.0009999275207519531,True,7200,800
0.1,10,100,185,TSCP_R,Gaussian,absolute_residual,0.895,77646403796.12508,26.320725267974517,0.004002809524536133,True,7200,800
0.1,10,100,185,Point_CHR,Gaussian,absolute_residual,0.8975,76851767905.35095,24.96939515712781,0.0010061264038085938,True,7200,800
0.1,10,100,185,Unscaled,Gaussian,absolute_residual,0.87875,5305219800776.722,18.727091747748442,0.0,True,7200,800
0.1,10,100,185,Empirical_copula,Gaussian,absolute_residual,0.8325,30087844299.613033,27.236094582080973,0.000997781753540039,True,7200,800
0.1,10,100,186,TSCP_R,Gaussian,absolute_residual,0.90875,62313537687.51335,25.159618584356416,0.0039958953857421875,True,7200,800
0.1,10,100,186,Point_CHR,Gaussian,absolute_residual,0.93625,98059140524.74896,26.281373664739306,0.0,True,7200,800
0.1,10,100,186,Unscaled,Gaussian,absolute_residual,0.8775,6032592444036.964,18.96926041052423,0.0,True,7200,800
0.1,10,100,186,Empirical_copula,Gaussian,absolute_residual,0.85625,29566060108.85138,23.096910995147905,0.00099945068359375,True,7200,800
0.1,10,100,187,TSCP_R,Gaussian,absolute_residual,0.91125,51277920004.60142,22.53613404978406,0.004006624221801758,True,7200,800
0.1,10,100,187,Point_CHR,Gaussian,absolute_residual,0.9075,56877177439.06776,21.70334601127382,0.0009937286376953125,True,7200,800
0.1,10,100,187,Unscaled,Gaussian,absolute_residual,0.8425,2375398193703.9736,17.28118988320248,0.0,True,7200,800
0.1,10,100,187,Empirical_copula,Gaussian,absolute_residual,0.84375,22138213223.546547,22.85431481240415,0.00099945068359375,True,7200,800
0.1,10,100,188,TSCP_R,Gaussian,absolute_residual,0.89,38429848720.02387,27.57320513593249,0.002986907958984375,True,7200,800
0.1,10,100,188,Point_CHR,Gaussian,absolute_residual,0.945,203845801380.07394,38.215170906329156,0.0010008811950683594,True,7200,800
0.1,10,100,188,Unscaled,Gaussian,absolute_residual,0.945,26696413099475.41,22.011279645955863,0.0,True,7200,800
0.1,10,100,188,Empirical_copula,Gaussian,absolute_residual,0.795,16493224638.147757,24.17938001529103,0.0010018348693847656,True,7200,800
0.1,10,100,189,TSCP_R,Gaussian,absolute_residual,0.92375,66806365848.71779,29.353285622936248,0.004006385803222656,True,7200,800
0.1,10,100,189,Point_CHR,Gaussian,absolute_residual,0.89375,38801633859.111916,23.018575017972207,0.0,True,7200,800
0.1,10,100,189,Unscaled,Gaussian,absolute_residual,0.91875,10032951468020.717,19.9591881031779,0.0,True,7200,800
0.1,10,100,189,Empirical_copula,Gaussian,absolute_residual,0.87375,29430565874.954865,24.950920232794846,0.0019941329956054688,True,7200,800
0.1,10,100,190,TSCP_R,Gaussian,absolute_residual,0.885,40717118907.12052,24.683835989132497,0.003998517990112305,True,7200,800
0.1,10,100,190,Point_CHR,Gaussian,absolute_residual,0.9025,75256886223.68967,28.47648134422949,0.0,True,7200,800
0.1,10,100,190,Unscaled,Gaussian,absolute_residual,0.88375,6336942891602.158,19.062856530520158,0.0,True,7200,800
0.1,10,100,190,Empirical_copula,Gaussian,absolute_residual,0.7575,14088036984.855726,21.516452373535653,0.002000570297241211,True,7200,800
0.1,10,100,191,TSCP_R,Gaussian,absolute_residual,0.90125,47365166660.29568,23.293764976985987,0.004002809524536133,True,7200,800
0.1,10,100,191,Point_CHR,Gaussian,absolute_residual,0.88125,31722665800.101555,24.901838452272752,0.0,True,7200,800
0.1,10,100,191,Unscaled,Gaussian,absolute_residual,0.88125,4603516863907.001,18.463285013335607,0.0009975433349609375,True,7200,800
0.1,10,100,191,Empirical_copula,Gaussian,absolute_residual,0.84375,26581245496.6149,24.76601717674758,0.0009996891021728516,True,7200,800
0.1,10,100,192,TSCP_R,Gaussian,absolute_residual,0.84,26714841961.239655,25.45059197399337,0.0029985904693603516,True,7200,800
0.1,10,100,192,Point_CHR,Gaussian,absolute_residual,0.815,32055489409.402664,25.618845656962737,0.0,True,7200,800
0.1,10,100,192,Unscaled,Gaussian,absolute_residual,0.9,10069695651350.197,19.96648583810591,0.0,True,7200,800
0.1,10,100,192,Empirical_copula,Gaussian,absolute_residual,0.72125,12793954984.989676,25.85834913550753,0.0010004043579101562,True,7200,800
0.1,10,100,193,TSCP_R,Gaussian,absolute_residual,0.865,37972657745.10886,25.197868070217933,0.003989696502685547,True,7200,800
0.1,10,100,193,Point_CHR,Gaussian,absolute_residual,0.935,129123910404.56981,31.852736492459464,0.0,True,7200,800
0.1,10,100,193,Unscaled,Gaussian,absolute_residual,0.8875,5336828185160.581,18.738219506317343,0.0,True,7200,800
0.1,10,100,193,Empirical_copula,Gaussian,absolute_residual,0.76875,14488782386.027397,22.563536212242102,0.0020074844360351562,True,7200,800
0.1,10,100,194,TSCP_R,Gaussian,absolute_residual,0.96625,151939023607.48196,28.126900188904855,0.003998994827270508,True,7200,800
0.1,10,100,194,Point_CHR,Gaussian,absolute_residual,0.9475,100281293067.19629,27.42465171014559,0.0,True,7200,800
0.1,10,100,194,Unscaled,Gaussian,absolute_residual,0.9325,16970184242804.008,21.0362660961782,0.0,True,7200,800
0.1,10,100,194,Empirical_copula,Gaussian,absolute_residual,0.915,47144258809.421486,27.42465171014559,0.002005338668823242,True,7200,800
0.1,10,100,195,TSCP_R,Gaussian,absolute_residual,0.91125,48941316837.44734,27.522779134355183,0.0029993057250976562,True,7200,800
0.1,10,100,195,Point_CHR,Gaussian,absolute_residual,0.8775,35491311469.86824,27.075115276719774,0.0010066032409667969,True,7200,800
0.1,10,100,195,Unscaled,Gaussian,absolute_residual,0.90625,8947242697329.188,19.731900725644806,0.0,True,7200,800
0.1,10,100,195,Empirical_copula,Gaussian,absolute_residual,0.83875,20777587459.662075,25.672139227540434,0.0009942054748535156,True,7200,800
0.1,10,100,196,TSCP_R,Gaussian,absolute_residual,0.97,155954716619.19675,29.308802458014384,0.003000020980834961,True,7200,800
0.1,10,100,196,Point_CHR,Gaussian,absolute_residual,0.91875,86931773860.71703,30.580398247994772,0.00099945068359375,True,7200,800
0.1,10,100,196,Unscaled,Gaussian,absolute_residual,0.9325,13210419267818.24,20.515951330685315,0.0,True,7200,800
0.1,10,100,196,Empirical_copula,Gaussian,absolute_residual,0.8725,30388656425.04695,23.450992682107618,0.0009999275207519531,True,7200,800
0.1,10,100,197,TSCP_R,Gaussian,absolute_residual,0.91625,70572783688.74973,29.582305804856347,0.0039958953857421875,True,7200,800
0.1,10,100,197,Point_CHR,Gaussian,absolute_residual,0.94375,104464511767.07195,26.988986441685025,0.0,True,7200,800
0.1,10,100,197,Unscaled,Gaussian,absolute_residual,0.94625,14671000931107.617,20.732227912850067,0.0,True,7200,800
0.1,10,100,197,Empirical_copula,Gaussian,absolute_residual,0.82875,27645067824.330452,34.582138664966564,0.002004861831665039,True,7200,800
0.1,10,100,198,TSCP_R,Gaussian,absolute_residual,0.92,91440901981.17278,28.110648373207127,0.004000425338745117,True,7200,800
0.1,10,100,198,Point_CHR,Gaussian,absolute_residual,0.91875,80208332066.75328,26.289617402612357,0.0009992122650146484,True,7200,800
0.1,10,100,198,Unscaled,Gaussian,absolute_residual,0.935,18820380792618.54,21.255084733598736,0.0,True,7200,800
0.1,10,100,198,Empirical_copula,Gaussian,absolute_residual,0.87875,44312133853.422874,23.9441095443271,0.0010004043579101562,True,7200,800
0.1,10,100,199,TSCP_R,Gaussian,absolute_residual,0.88375,50125011221.73954,26.333812455978894,0.004000425338745117,True,7200,800
0.1,10,100,199,Point_CHR,Gaussian,absolute_residual,0.915,74716692009.01224,26.061388125781384,0.0,True,7200,800
0.1,10,100,199,Unscaled,Gaussian,absolute_residual,0.8825,6276885322977.106,19.044712434843692,0.0,True,7200,800
0.1,10,100,199,Empirical_copula,Gaussian,absolute_residual,0.77,18513067815.032085,23.72639687352243,0.0010006427764892578,True,7200,800
