dataset,trial,n_cal,n_test,n_dim,method,covered_count,joint_coverage,residual_volume,infinite_region
stock,0,15,64,6,Empirical_copula,57,0.890625,1.0981624017850692e-05,0
stock,0,15,64,6,Unscaled,62,0.96875,0.001622684741929733,0
stock,0,15,64,6,Point_CHR,64,1.0,inf,1
stock,0,15,64,6,TSCP_R,64,1.0,0.00016782700892936382,0
stock,1,15,64,6,Empirical_copula,47,0.734375,5.262328504098679e-06,0
stock,1,15,64,6,Unscaled,59,0.921875,0.002204219421619378,0
stock,1,15,64,6,Point_CHR,64,1.0,inf,1
stock,1,15,64,6,TSCP_R,62,0.96875,0.000171298973187535,0
stock,2,15,64,6,Empirical_copula,56,0.875,1.3587575841938788e-05,0
stock,2,15,64,6,Unscaled,60,0.9375,0.008231907898380644,0
stock,2,15,64,6,Point_CHR,64,1.0,inf,1
stock,2,15,64,6,TSCP_R,63,0.984375,0.00011434980709540386,0
stock,3,15,64,6,Empirical_copula,49,0.765625,1.5400372689834545e-05,0
stock,3,15,64,6,Unscaled,64,1.0,0.08613063015760611,0
stock,3,15,64,6,Point_CHR,64,1.0,inf,1
stock,3,15,64,6,TSCP_R,64,1.0,0.00014868225407270506,0
stock,4,15,64,6,Empirical_copula,54,0.84375,9.461575861272194e-06,0
stock,4,15,64,6,Unscaled,64,1.0,0.01981198910621998,0
stock,4,15,64,6,Point_CHR,64,1.0,inf,1
stock,4,15,64,6,TSCP_R,64,1.0,0.000395560895300971,0
stock,5,15,64,6,Empirical_copula,49,0.765625,3.882786708317063e-05,0
stock,5,15,64,6,Unscaled,64,1.0,0.8164150249493777,0
stock,5,15,64,6,Point_CHR,64,1.0,inf,1
stock,5,15,64,6,TSCP_R,64,1.0,0.00040277721776117324,0
stock,6,15,64,6,Empirical_copula,46,0.71875,6.353849429518274e-06,0
stock,6,15,64,6,Unscaled,61,0.953125,0.004778330192598682,0
stock,6,15,64,6,Point_CHR,64,1.0,inf,1
stock,6,15,64,6,TSCP_R,61,0.953125,4.586858810753403e-05,0
stock,7,15,64,6,Empirical_copula,53,0.828125,3.111899581840144e-05,0
stock,7,15,64,6,Unscaled,64,1.0,0.3419000407571922,0
stock,7,15,64,6,Point_CHR,64,1.0,inf,1
stock,7,15,64,6,TSCP_R,64,1.0,0.00991676066076348,0
stock,8,15,64,6,Empirical_copula,53,0.828125,8.975633941666336e-06,0
stock,8,15,64,6,Unscaled,58,0.90625,0.002238978311878771,0
stock,8,15,64,6,Point_CHR,64,1.0,inf,1
stock,8,15,64,6,TSCP_R,61,0.953125,6.986476244955638e-05,0
stock,9,15,64,6,Empirical_copula,42,0.65625,3.628278811393885e-06,0
stock,9,15,64,6,Unscaled,58,0.90625,0.0009358557817959022,0
stock,9,15,64,6,Point_CHR,64,1.0,inf,1
stock,9,15,64,6,TSCP_R,51,0.796875,6.328259699491963e-05,0
stock,10,15,64,6,Empirical_copula,38,0.59375,4.140172272038026e-06,0
stock,10,15,64,6,Unscaled,61,0.953125,0.007828137793920472,0
stock,10,15,64,6,Point_CHR,64,1.0,inf,1
stock,10,15,64,6,TSCP_R,62,0.96875,0.00014172940754398234,0
stock,11,15,64,6,Empirical_copula,59,0.921875,1.6718424112091907e-05,0
stock,11,15,64,6,Unscaled,63,0.984375,0.026472919152914953,0
stock,11,15,64,6,Point_CHR,64,1.0,inf,1
stock,11,15,64,6,TSCP_R,63,0.984375,0.000645248157039619,0
stock,12,15,64,6,Empirical_copula,56,0.875,1.1678027324345839e-05,0
stock,12,15,64,6,Unscaled,62,0.96875,0.019832116081256367,0
stock,12,15,64,6,Point_CHR,64,1.0,inf,1
stock,12,15,64,6,TSCP_R,64,1.0,0.0002628923096477424,0
stock,13,15,64,6,Empirical_copula,42,0.65625,4.046394172095945e-06,0
stock,13,15,64,6,Unscaled,58,0.90625,0.0013338375935811424,0
stock,13,15,64,6,Point_CHR,64,1.0,inf,1
stock,13,15,64,6,TSCP_R,63,0.984375,0.00016569800919730835,0
stock,14,15,64,6,Empirical_copula,28,0.4375,2.6457800489286757e-06,0
stock,14,15,64,6,Unscaled,56,0.875,0.0007893719400102275,0
stock,14,15,64,6,Point_CHR,64,1.0,inf,1
stock,14,15,64,6,TSCP_R,52,0.8125,1.59908913875193e-05,0
stock,15,15,64,6,Empirical_copula,32,0.5,6.281885793791239e-06,0
stock,15,15,64,6,Unscaled,63,0.984375,0.027096014009750372,0
stock,15,15,64,6,Point_CHR,64,1.0,inf,1
stock,15,15,64,6,TSCP_R,63,0.984375,0.0003777066158054191,0
stock,16,15,64,6,Empirical_copula,50,0.78125,4.96916970893044e-06,0
stock,16,15,64,6,Unscaled,61,0.953125,0.0048639879067705625,0
stock,16,15,64,6,Point_CHR,64,1.0,inf,1
stock,16,15,64,6,TSCP_R,61,0.953125,2.4172572197860997e-05,0
stock,17,15,64,6,Empirical_copula,41,0.640625,5.052112091678998e-06,0
stock,17,15,64,6,Unscaled,59,0.921875,0.001779897318979781,0
stock,17,15,64,6,Point_CHR,64,1.0,inf,1
stock,17,15,64,6,TSCP_R,63,0.984375,8.103963322903745e-05,0
stock,18,15,64,6,Empirical_copula,51,0.796875,1.137343323423287e-05,0
stock,18,15,64,6,Unscaled,63,0.984375,0.02019727030690668,0
stock,18,15,64,6,Point_CHR,64,1.0,inf,1
stock,18,15,64,6,TSCP_R,64,1.0,0.00039661329321241955,0
stock,19,15,64,6,Empirical_copula,30,0.46875,2.805513542178119e-06,0
stock,19,15,64,6,Unscaled,57,0.890625,0.0014976707671757515,0
stock,19,15,64,6,Point_CHR,64,1.0,inf,1
stock,19,15,64,6,TSCP_R,41,0.640625,8.332834378277122e-06,0
stock,20,15,64,6,Empirical_copula,45,0.703125,5.299849067095509e-06,0
stock,20,15,64,6,Unscaled,60,0.9375,0.002692383142008331,0
stock,20,15,64,6,Point_CHR,64,1.0,inf,1
stock,20,15,64,6,TSCP_R,61,0.953125,7.605168024308761e-05,0
stock,21,15,64,6,Empirical_copula,40,0.625,3.4644273867780144e-06,0
stock,21,15,64,6,Unscaled,57,0.890625,0.0011124909244642131,0
stock,21,15,64,6,Point_CHR,64,1.0,inf,1
stock,21,15,64,6,TSCP_R,63,0.984375,4.624772262764207e-05,0
stock,22,15,64,6,Empirical_copula,48,0.75,6.6180787492049406e-06,0
stock,22,15,64,6,Unscaled,60,0.9375,0.0014079763540525438,0
stock,22,15,64,6,Point_CHR,64,1.0,inf,1
stock,22,15,64,6,TSCP_R,61,0.953125,7.228435631511133e-05,0
stock,23,15,64,6,Empirical_copula,36,0.5625,4.259610192621761e-06,0
stock,23,15,64,6,Unscaled,58,0.90625,0.002087705734519918,0
stock,23,15,64,6,Point_CHR,64,1.0,inf,1
stock,23,15,64,6,TSCP_R,60,0.9375,5.371109722481148e-05,0
stock,24,15,64,6,Empirical_copula,53,0.828125,4.3068473173324194e-05,0
stock,24,15,64,6,Unscaled,64,1.0,0.6850551053248222,0
stock,24,15,64,6,Point_CHR,64,1.0,inf,1
stock,24,15,64,6,TSCP_R,64,1.0,0.062070020784057815,0
stock,25,15,64,6,Empirical_copula,33,0.515625,3.106373117265447e-06,0
stock,25,15,64,6,Unscaled,58,0.90625,0.0013693441095922658,0
stock,25,15,64,6,Point_CHR,64,1.0,inf,1
stock,25,15,64,6,TSCP_R,58,0.90625,9.366082407839855e-05,0
stock,26,15,64,6,Empirical_copula,43,0.671875,2.874704128342948e-06,0
stock,26,15,64,6,Unscaled,58,0.90625,0.0006995969556217146,0
stock,26,15,64,6,Point_CHR,64,1.0,inf,1
stock,26,15,64,6,TSCP_R,59,0.921875,7.639339885013324e-05,0
stock,27,15,64,6,Empirical_copula,39,0.609375,4.401587370109991e-06,0
stock,27,15,64,6,Unscaled,60,0.9375,0.002151980020174396,0
stock,27,15,64,6,Point_CHR,64,1.0,inf,1
stock,27,15,64,6,TSCP_R,60,0.9375,2.97078890256391e-05,0
stock,28,15,64,6,Empirical_copula,38,0.59375,3.439826457775091e-06,0
stock,28,15,64,6,Unscaled,51,0.796875,0.0005691151898361441,0
stock,28,15,64,6,Point_CHR,64,1.0,inf,1
stock,28,15,64,6,TSCP_R,56,0.875,1.750627938213149e-05,0
stock,29,15,64,6,Empirical_copula,50,0.78125,1.1848542986106187e-05,0
stock,29,15,64,6,Unscaled,64,1.0,0.025803622196394222,0
stock,29,15,64,6,Point_CHR,64,1.0,inf,1
stock,29,15,64,6,TSCP_R,64,1.0,0.0005003435240740746,0
stock,30,15,64,6,Empirical_copula,47,0.734375,2.5905733866645343e-05,0
stock,30,15,64,6,Unscaled,63,0.984375,0.37333410526779665,0
stock,30,15,64,6,Point_CHR,64,1.0,inf,1
stock,30,15,64,6,TSCP_R,64,1.0,0.006930076749454438,0
stock,31,15,64,6,Empirical_copula,48,0.75,8.674519937229423e-06,0
stock,31,15,64,6,Unscaled,63,0.984375,0.009970869548078682,0
stock,31,15,64,6,Point_CHR,64,1.0,inf,1
stock,31,15,64,6,TSCP_R,64,1.0,0.0009148268819763499,0
stock,32,15,64,6,Empirical_copula,41,0.640625,4.248307424968473e-06,0
stock,32,15,64,6,Unscaled,61,0.953125,0.0027566759192478515,0
stock,32,15,64,6,Point_CHR,64,1.0,inf,1
stock,32,15,64,6,TSCP_R,60,0.9375,2.0962181226131155e-05,0
stock,33,15,64,6,Empirical_copula,33,0.515625,3.62446978070754e-06,0
stock,33,15,64,6,Unscaled,61,0.953125,0.004723323468766228,0
stock,33,15,64,6,Point_CHR,64,1.0,inf,1
stock,33,15,64,6,TSCP_R,59,0.921875,3.9677558475728567e-05,0
stock,34,15,64,6,Empirical_copula,36,0.5625,2.5817395593057173e-06,0
stock,34,15,64,6,Unscaled,61,0.953125,0.001302454537248896,0
stock,34,15,64,6,Point_CHR,64,1.0,inf,1
stock,34,15,64,6,TSCP_R,56,0.875,1.6298930758063103e-05,0
stock,35,15,64,6,Empirical_copula,40,0.625,3.331673168815397e-06,0
stock,35,15,64,6,Unscaled,54,0.84375,0.0008407122238433661,0
stock,35,15,64,6,Point_CHR,64,1.0,inf,1
stock,35,15,64,6,TSCP_R,55,0.859375,1.326892664287101e-05,0
stock,36,15,64,6,Empirical_copula,48,0.75,7.762093806855905e-06,0
stock,36,15,64,6,Unscaled,61,0.953125,0.023767054803093778,0
stock,36,15,64,6,Point_CHR,64,1.0,inf,1
stock,36,15,64,6,TSCP_R,61,0.953125,6.330876854697038e-05,0
stock,37,15,64,6,Empirical_copula,46,0.71875,4.8199382889102235e-06,0
stock,37,15,64,6,Unscaled,56,0.875,0.0007409737548832489,0
stock,37,15,64,6,Point_CHR,64,1.0,inf,1
stock,37,15,64,6,TSCP_R,62,0.96875,3.781773952474216e-05,0
stock,38,15,64,6,Empirical_copula,44,0.6875,6.355028887350337e-06,0
stock,38,15,64,6,Unscaled,64,1.0,0.028560466424439896,0
stock,38,15,64,6,Point_CHR,64,1.0,inf,1
stock,38,15,64,6,TSCP_R,64,1.0,0.00045393016962692656,0
stock,39,15,64,6,Empirical_copula,59,0.921875,9.322826086449878e-06,0
stock,39,15,64,6,Unscaled,62,0.96875,0.007432572043564632,0
stock,39,15,64,6,Point_CHR,64,1.0,inf,1
stock,39,15,64,6,TSCP_R,64,1.0,8.520324364038441e-05,0
stock,40,15,64,6,Empirical_copula,46,0.71875,6.573687948052335e-06,0
stock,40,15,64,6,Unscaled,63,0.984375,0.006034769008307027,0
stock,40,15,64,6,Point_CHR,64,1.0,inf,1
stock,40,15,64,6,TSCP_R,63,0.984375,7.427274750000812e-05,0
stock,41,15,64,6,Empirical_copula,45,0.703125,4.657771118176206e-06,0
stock,41,15,64,6,Unscaled,59,0.921875,0.001361251610136089,0
stock,41,15,64,6,Point_CHR,64,1.0,inf,1
stock,41,15,64,6,TSCP_R,61,0.953125,4.6924303476080074e-05,0
stock,42,15,64,6,Empirical_copula,51,0.796875,7.514144194243334e-06,0
stock,42,15,64,6,Unscaled,62,0.96875,0.005156371415385774,0
stock,42,15,64,6,Point_CHR,64,1.0,inf,1
stock,42,15,64,6,TSCP_R,62,0.96875,4.861302617299173e-05,0
stock,43,15,64,6,Empirical_copula,55,0.859375,2.3399775381600805e-05,0
stock,43,15,64,6,Unscaled,64,1.0,0.02189076984305673,0
stock,43,15,64,6,Point_CHR,64,1.0,inf,1
stock,43,15,64,6,TSCP_R,64,1.0,0.001320328705170844,0
stock,44,15,64,6,Empirical_copula,52,0.8125,5.854366148845774e-06,0
stock,44,15,64,6,Unscaled,62,0.96875,0.003895898149304546,0
stock,44,15,64,6,Point_CHR,64,1.0,inf,1
stock,44,15,64,6,TSCP_R,63,0.984375,5.9998229440484567e-05,0
stock,45,15,64,6,Empirical_copula,41,0.640625,4.132915984278183e-06,0
stock,45,15,64,6,Unscaled,49,0.765625,0.0004446789847362365,0
stock,45,15,64,6,Point_CHR,64,1.0,inf,1
stock,45,15,64,6,TSCP_R,60,0.9375,4.2059442292068365e-05,0
stock,46,15,64,6,Empirical_copula,40,0.625,5.8243721362668e-06,0
stock,46,15,64,6,Unscaled,62,0.96875,0.011012430273023548,0
stock,46,15,64,6,Point_CHR,64,1.0,inf,1
stock,46,15,64,6,TSCP_R,62,0.96875,3.912795520190253e-05,0
stock,47,15,64,6,Empirical_copula,34,0.53125,3.3921629082313395e-06,0
stock,47,15,64,6,Unscaled,53,0.828125,0.0007739402329502475,0
stock,47,15,64,6,Point_CHR,64,1.0,inf,1
stock,47,15,64,6,TSCP_R,61,0.953125,0.00016993625561625893,0
stock,48,15,64,6,Empirical_copula,51,0.796875,9.396597136951163e-06,0
stock,48,15,64,6,Unscaled,61,0.953125,0.005276965802119997,0
stock,48,15,64,6,Point_CHR,64,1.0,inf,1
stock,48,15,64,6,TSCP_R,63,0.984375,0.00029511392951965017,0
stock,49,15,64,6,Empirical_copula,49,0.765625,5.22643129672045e-06,0
stock,49,15,64,6,Unscaled,58,0.90625,0.0008993971489821534,0
stock,49,15,64,6,Point_CHR,64,1.0,inf,1
stock,49,15,64,6,TSCP_R,61,0.953125,3.940594025554008e-05,0
stock,50,15,64,6,Empirical_copula,50,0.78125,5.927522283926905e-06,0
stock,50,15,64,6,Unscaled,57,0.890625,0.0008978976052947343,0
stock,50,15,64,6,Point_CHR,64,1.0,inf,1
stock,50,15,64,6,TSCP_R,62,0.96875,4.4879828198172784e-05,0
stock,51,15,64,6,Empirical_copula,49,0.765625,7.70104879612251e-06,0
stock,51,15,64,6,Unscaled,60,0.9375,0.005191781881375579,0
stock,51,15,64,6,Point_CHR,64,1.0,inf,1
stock,51,15,64,6,TSCP_R,58,0.90625,1.996382243443479e-05,0
stock,52,15,64,6,Empirical_copula,49,0.765625,5.6534051913795655e-06,0
stock,52,15,64,6,Unscaled,60,0.9375,0.0011797062033173506,0
stock,52,15,64,6,Point_CHR,64,1.0,inf,1
stock,52,15,64,6,TSCP_R,60,0.9375,2.3996953766257645e-05,0
stock,53,15,64,6,Empirical_copula,50,0.78125,5.9619097621109775e-06,0
stock,53,15,64,6,Unscaled,59,0.921875,0.0012326965441325965,0
stock,53,15,64,6,Point_CHR,64,1.0,inf,1
stock,53,15,64,6,TSCP_R,62,0.96875,3.200922367914618e-05,0
stock,54,15,64,6,Empirical_copula,44,0.6875,5.870869809839744e-06,0
stock,54,15,64,6,Unscaled,57,0.890625,0.0015880757791638265,0
stock,54,15,64,6,Point_CHR,64,1.0,inf,1
stock,54,15,64,6,TSCP_R,60,0.9375,5.105914610120352e-05,0
stock,55,15,64,6,Empirical_copula,47,0.734375,4.17404757371735e-06,0
stock,55,15,64,6,Unscaled,59,0.921875,0.000902295054995867,0
stock,55,15,64,6,Point_CHR,64,1.0,inf,1
stock,55,15,64,6,TSCP_R,63,0.984375,5.850487859021403e-05,0
stock,56,15,64,6,Empirical_copula,46,0.71875,3.2432865077743353e-06,0
stock,56,15,64,6,Unscaled,59,0.921875,0.001097869797456526,0
stock,56,15,64,6,Point_CHR,64,1.0,inf,1
stock,56,15,64,6,TSCP_R,61,0.953125,5.845917690941162e-05,0
stock,57,15,64,6,Empirical_copula,47,0.734375,5.4884456658884704e-06,0
stock,57,15,64,6,Unscaled,62,0.96875,0.002032936475821436,0
stock,57,15,64,6,Point_CHR,64,1.0,inf,1
stock,57,15,64,6,TSCP_R,63,0.984375,0.0002484569097963129,0
stock,58,15,64,6,Empirical_copula,57,0.890625,9.827063718109515e-06,0
stock,58,15,64,6,Unscaled,62,0.96875,0.007087078929909415,0
stock,58,15,64,6,Point_CHR,64,1.0,inf,1
stock,58,15,64,6,TSCP_R,62,0.96875,6.865802473403785e-05,0
stock,59,15,64,6,Empirical_copula,50,0.78125,7.798800508520757e-06,0
stock,59,15,64,6,Unscaled,60,0.9375,0.006676445669422727,0
stock,59,15,64,6,Point_CHR,64,1.0,inf,1
stock,59,15,64,6,TSCP_R,63,0.984375,6.710180590966038e-05,0
stock,60,15,64,6,Empirical_copula,47,0.734375,1.016076536257845e-05,0
stock,60,15,64,6,Unscaled,62,0.96875,0.02143943013221369,0
stock,60,15,64,6,Point_CHR,64,1.0,inf,1
stock,60,15,64,6,TSCP_R,64,1.0,0.0006991352694106792,0
stock,61,15,64,6,Empirical_copula,45,0.703125,3.4079150489655714e-06,0
stock,61,15,64,6,Unscaled,60,0.9375,0.0014298392314770635,0
stock,61,15,64,6,Point_CHR,64,1.0,inf,1
stock,61,15,64,6,TSCP_R,61,0.953125,2.4220078773626804e-05,0
stock,62,15,64,6,Empirical_copula,36,0.5625,2.9567723926649107e-06,0
stock,62,15,64,6,Unscaled,53,0.828125,0.000606685054645138,0
stock,62,15,64,6,Point_CHR,64,1.0,inf,1
stock,62,15,64,6,TSCP_R,56,0.875,2.521286381233716e-05,0
stock,63,15,64,6,Empirical_copula,40,0.625,3.2103163083821074e-06,0
stock,63,15,64,6,Unscaled,60,0.9375,0.0023491788069987096,0
stock,63,15,64,6,Point_CHR,64,1.0,inf,1
stock,63,15,64,6,TSCP_R,52,0.8125,1.43010069231443e-05,0
stock,64,15,64,6,Empirical_copula,53,0.828125,1.2884360952083465e-05,0
stock,64,15,64,6,Unscaled,62,0.96875,0.004537810179263524,0
stock,64,15,64,6,Point_CHR,64,1.0,inf,1
stock,64,15,64,6,TSCP_R,63,0.984375,0.00018880895317912645,0
stock,65,15,64,6,Empirical_copula,48,0.75,6.259078164189117e-06,0
stock,65,15,64,6,Unscaled,60,0.9375,0.0015654903945045364,0
stock,65,15,64,6,Point_CHR,64,1.0,inf,1
stock,65,15,64,6,TSCP_R,62,0.96875,2.6493582015841607e-05,0
stock,66,15,64,6,Empirical_copula,42,0.65625,4.318784226085501e-06,0
stock,66,15,64,6,Unscaled,55,0.859375,0.0010148427339829263,0
stock,66,15,64,6,Point_CHR,64,1.0,inf,1
stock,66,15,64,6,TSCP_R,58,0.90625,3.0055377750037545e-05,0
stock,67,15,64,6,Empirical_copula,56,0.875,7.8969609517955e-06,0
stock,67,15,64,6,Unscaled,61,0.953125,0.0017820741743260142,0
stock,67,15,64,6,Point_CHR,64,1.0,inf,1
stock,67,15,64,6,TSCP_R,63,0.984375,4.6776798110588456e-05,0
stock,68,15,64,6,Empirical_copula,55,0.859375,9.918231288499604e-06,0
stock,68,15,64,6,Unscaled,62,0.96875,0.0015312595986772728,0
stock,68,15,64,6,Point_CHR,64,1.0,inf,1
stock,68,15,64,6,TSCP_R,62,0.96875,0.0001725965911510337,0
stock,69,15,64,6,Empirical_copula,43,0.671875,4.484258499735934e-06,0
stock,69,15,64,6,Unscaled,59,0.921875,0.0024708796266037776,0
stock,69,15,64,6,Point_CHR,64,1.0,inf,1
stock,69,15,64,6,TSCP_R,62,0.96875,0.0045681238154412175,0
stock,70,15,64,6,Empirical_copula,35,0.546875,2.6517626004303538e-06,0
stock,70,15,64,6,Unscaled,50,0.78125,0.0005057518122894725,0
stock,70,15,64,6,Point_CHR,64,1.0,inf,1
stock,70,15,64,6,TSCP_R,62,0.96875,3.885409055599326e-05,0
stock,71,15,64,6,Empirical_copula,42,0.65625,6.715325596219921e-06,0
stock,71,15,64,6,Unscaled,63,0.984375,0.02653213909154647,0
stock,71,15,64,6,Point_CHR,64,1.0,inf,1
stock,71,15,64,6,TSCP_R,64,1.0,0.0002895182722375304,0
stock,72,15,64,6,Empirical_copula,50,0.78125,9.155856111835943e-06,0
stock,72,15,64,6,Unscaled,63,0.984375,0.012994283169023232,0
stock,72,15,64,6,Point_CHR,64,1.0,inf,1
stock,72,15,64,6,TSCP_R,64,1.0,0.0003220983186338953,0
stock,73,15,64,6,Empirical_copula,38,0.59375,6.865978045039534e-06,0
stock,73,15,64,6,Unscaled,62,0.96875,0.029538969320656683,0
stock,73,15,64,6,Point_CHR,64,1.0,inf,1
stock,73,15,64,6,TSCP_R,63,0.984375,0.00029928881031118066,0
stock,74,15,64,6,Empirical_copula,40,0.625,1.9654009016777656e-05,0
stock,74,15,64,6,Unscaled,63,0.984375,0.1831059581310995,0
stock,74,15,64,6,Point_CHR,64,1.0,inf,1
stock,74,15,64,6,TSCP_R,64,1.0,0.0008709414111130127,0
stock,75,15,64,6,Empirical_copula,51,0.796875,6.068111111063925e-06,0
stock,75,15,64,6,Unscaled,62,0.96875,0.0032045769244879183,0
stock,75,15,64,6,Point_CHR,64,1.0,inf,1
stock,75,15,64,6,TSCP_R,63,0.984375,0.00012740310437843225,0
stock,76,15,64,6,Empirical_copula,52,0.8125,2.3273318517672214e-05,0
stock,76,15,64,6,Unscaled,64,1.0,0.37134393547582684,0
stock,76,15,64,6,Point_CHR,64,1.0,inf,1
stock,76,15,64,6,TSCP_R,64,1.0,0.0015272265353389479,0
stock,77,15,64,6,Empirical_copula,47,0.734375,5.624902707169018e-06,0
stock,77,15,64,6,Unscaled,64,1.0,0.007775336850982912,0
stock,77,15,64,6,Point_CHR,64,1.0,inf,1
stock,77,15,64,6,TSCP_R,54,0.84375,1.7157942018864e-05,0
stock,78,15,64,6,Empirical_copula,44,0.6875,4.890487074429319e-06,0
stock,78,15,64,6,Unscaled,59,0.921875,0.0013344184574127416,0
stock,78,15,64,6,Point_CHR,64,1.0,inf,1
stock,78,15,64,6,TSCP_R,62,0.96875,2.549765847200543e-05,0
stock,79,15,64,6,Empirical_copula,45,0.703125,6.930462788237512e-06,0
stock,79,15,64,6,Unscaled,52,0.8125,0.0006398327446269569,0
stock,79,15,64,6,Point_CHR,64,1.0,inf,1
stock,79,15,64,6,TSCP_R,64,1.0,0.00013261124573404453,0
stock,80,15,64,6,Empirical_copula,34,0.53125,2.3429770127881683e-06,0
stock,80,15,64,6,Unscaled,62,0.96875,0.002222403728447622,0
stock,80,15,64,6,Point_CHR,64,1.0,inf,1
stock,80,15,64,6,TSCP_R,62,0.96875,1.7854875529446843e-05,0
stock,81,15,64,6,Empirical_copula,40,0.625,4.518845358006353e-06,0
stock,81,15,64,6,Unscaled,56,0.875,0.0007260850119805894,0
stock,81,15,64,6,Point_CHR,64,1.0,inf,1
stock,81,15,64,6,TSCP_R,61,0.953125,6.810586386793103e-05,0
stock,82,15,64,6,Empirical_copula,47,0.734375,3.5742775363885904e-06,0
stock,82,15,64,6,Unscaled,60,0.9375,0.001520712963609958,0
stock,82,15,64,6,Point_CHR,64,1.0,inf,1
stock,82,15,64,6,TSCP_R,60,0.9375,4.957458045833083e-05,0
stock,83,15,64,6,Empirical_copula,55,0.859375,3.724730188370658e-05,0
stock,83,15,64,6,Unscaled,64,1.0,0.3607117247233094,0
stock,83,15,64,6,Point_CHR,64,1.0,inf,1
stock,83,15,64,6,TSCP_R,64,1.0,0.012949569541968225,0
stock,84,15,64,6,Empirical_copula,56,0.875,1.4410285356654262e-05,0
stock,84,15,64,6,Unscaled,63,0.984375,0.043010072659799004,0
stock,84,15,64,6,Point_CHR,64,1.0,inf,1
stock,84,15,64,6,TSCP_R,64,1.0,0.00014373825273974783,0
stock,85,15,64,6,Empirical_copula,47,0.734375,5.967062061557504e-06,0
stock,85,15,64,6,Unscaled,53,0.828125,0.0006099009401595488,0
stock,85,15,64,6,Point_CHR,64,1.0,inf,1
stock,85,15,64,6,TSCP_R,63,0.984375,6.482536677869031e-05,0
stock,86,15,64,6,Empirical_copula,35,0.546875,3.262762631592558e-06,0
stock,86,15,64,6,Unscaled,55,0.859375,0.0012819730431072977,0
stock,86,15,64,6,Point_CHR,64,1.0,inf,1
stock,86,15,64,6,TSCP_R,62,0.96875,0.00016308722760050107,0
stock,87,15,64,6,Empirical_copula,46,0.71875,7.446218999332033e-06,0
stock,87,15,64,6,Unscaled,63,0.984375,0.004942524221255719,0
stock,87,15,64,6,Point_CHR,64,1.0,inf,1
stock,87,15,64,6,TSCP_R,64,1.0,0.0001444288804453857,0
stock,88,15,64,6,Empirical_copula,56,0.875,4.466339004252722e-05,0
stock,88,15,64,6,Unscaled,64,1.0,0.5268736853195174,0
stock,88,15,64,6,Point_CHR,64,1.0,inf,1
stock,88,15,64,6,TSCP_R,64,1.0,0.008928307072258836,0
stock,89,15,64,6,Empirical_copula,43,0.671875,5.2431767433108535e-06,0
stock,89,15,64,6,Unscaled,60,0.9375,0.007948040277114935,0
stock,89,15,64,6,Point_CHR,64,1.0,inf,1
stock,89,15,64,6,TSCP_R,63,0.984375,0.00014087106505428866,0
stock,90,15,64,6,Empirical_copula,38,0.59375,1.1320541702440135e-05,0
stock,90,15,64,6,Unscaled,63,0.984375,0.1056268951459631,0
stock,90,15,64,6,Point_CHR,64,1.0,inf,1
stock,90,15,64,6,TSCP_R,62,0.96875,0.00017557833036665533,0
stock,91,15,64,6,Empirical_copula,57,0.890625,4.282992589555027e-05,0
stock,91,15,64,6,Unscaled,64,1.0,0.8159630744858211,0
stock,91,15,64,6,Point_CHR,64,1.0,inf,1
stock,91,15,64,6,TSCP_R,64,1.0,0.00041779826353457474,0
stock,92,15,64,6,Empirical_copula,46,0.71875,6.833860263067227e-06,0
stock,92,15,64,6,Unscaled,61,0.953125,0.008243035127922545,0
stock,92,15,64,6,Point_CHR,64,1.0,inf,1
stock,92,15,64,6,TSCP_R,61,0.953125,7.066729634821719e-05,0
stock,93,15,64,6,Empirical_copula,38,0.59375,2.8275467757046365e-06,0
stock,93,15,64,6,Unscaled,46,0.71875,0.00027693448284019995,0
stock,93,15,64,6,Point_CHR,64,1.0,inf,1
stock,93,15,64,6,TSCP_R,59,0.921875,2.9171678634833285e-05,0
stock,94,15,64,6,Empirical_copula,36,0.5625,3.032060187112781e-06,0
stock,94,15,64,6,Unscaled,53,0.828125,0.0009139939365675436,0
stock,94,15,64,6,Point_CHR,64,1.0,inf,1
stock,94,15,64,6,TSCP_R,55,0.859375,1.9473542471184426e-05,0
stock,95,15,64,6,Empirical_copula,29,0.453125,1.9815957317625885e-06,0
stock,95,15,64,6,Unscaled,57,0.890625,0.0017331612569955579,0
stock,95,15,64,6,Point_CHR,64,1.0,inf,1
stock,95,15,64,6,TSCP_R,53,0.828125,1.4487668592826155e-05,0
stock,96,15,64,6,Empirical_copula,47,0.734375,9.444857233559624e-06,0
stock,96,15,64,6,Unscaled,64,1.0,0.005570361371302363,0
stock,96,15,64,6,Point_CHR,64,1.0,inf,1
stock,96,15,64,6,TSCP_R,64,1.0,6.148282148561637e-05,0
stock,97,15,64,6,Empirical_copula,45,0.703125,3.578554765281527e-06,0
stock,97,15,64,6,Unscaled,59,0.921875,0.0017394296666001904,0
stock,97,15,64,6,Point_CHR,64,1.0,inf,1
stock,97,15,64,6,TSCP_R,60,0.9375,2.7085477549739606e-05,0
stock,98,15,64,6,Empirical_copula,45,0.703125,5.8097581251213115e-06,0
stock,98,15,64,6,Unscaled,62,0.96875,0.0025403537418305496,0
stock,98,15,64,6,Point_CHR,64,1.0,inf,1
stock,98,15,64,6,TSCP_R,64,1.0,0.00043321465485375886,0
stock,99,15,64,6,Empirical_copula,58,0.90625,1.0892380573842143e-05,0
stock,99,15,64,6,Unscaled,61,0.953125,0.004555242327941657,0
stock,99,15,64,6,Point_CHR,64,1.0,inf,1
stock,99,15,64,6,TSCP_R,63,0.984375,7.111186581366766e-05,0
stock,100,15,64,6,Empirical_copula,51,0.796875,7.199790718871304e-06,0
stock,100,15,64,6,Unscaled,59,0.921875,0.004739533713308305,0
stock,100,15,64,6,Point_CHR,64,1.0,inf,1
stock,100,15,64,6,TSCP_R,61,0.953125,4.21146403256338e-05,0
stock,101,15,64,6,Empirical_copula,47,0.734375,7.086392187920099e-06,0
stock,101,15,64,6,Unscaled,62,0.96875,0.004700720985681067,0
stock,101,15,64,6,Point_CHR,64,1.0,inf,1
stock,101,15,64,6,TSCP_R,63,0.984375,8.838346987308087e-05,0
stock,102,15,64,6,Empirical_copula,56,0.875,1.4989574568300529e-05,0
stock,102,15,64,6,Unscaled,63,0.984375,0.023360720202224298,0
stock,102,15,64,6,Point_CHR,64,1.0,inf,1
stock,102,15,64,6,TSCP_R,63,0.984375,0.0005831207074789558,0
stock,103,15,64,6,Empirical_copula,50,0.78125,5.894663392471436e-06,0
stock,103,15,64,6,Unscaled,58,0.90625,0.0012864722192748657,0
stock,103,15,64,6,Point_CHR,64,1.0,inf,1
stock,103,15,64,6,TSCP_R,61,0.953125,3.81536860289604e-05,0
stock,104,15,64,6,Empirical_copula,36,0.5625,6.101149565544754e-06,0
stock,104,15,64,6,Unscaled,63,0.984375,0.019912112831425747,0
stock,104,15,64,6,Point_CHR,64,1.0,inf,1
stock,104,15,64,6,TSCP_R,64,1.0,0.00020516991211482665,0
stock,105,15,64,6,Empirical_copula,37,0.578125,2.8087604329111886e-06,0
stock,105,15,64,6,Unscaled,52,0.8125,0.0006033201897771184,0
stock,105,15,64,6,Point_CHR,64,1.0,inf,1
stock,105,15,64,6,TSCP_R,53,0.828125,1.2586194146911924e-05,0
stock,106,15,64,6,Empirical_copula,57,0.890625,2.02762915718409e-05,0
stock,106,15,64,6,Unscaled,63,0.984375,0.10602246551221574,0
stock,106,15,64,6,Point_CHR,64,1.0,inf,1
stock,106,15,64,6,TSCP_R,64,1.0,0.0032329885423558005,0
stock,107,15,64,6,Empirical_copula,46,0.71875,5.508283059383553e-06,0
stock,107,15,64,6,Unscaled,63,0.984375,0.012023671834402878,0
stock,107,15,64,6,Point_CHR,64,1.0,inf,1
stock,107,15,64,6,TSCP_R,63,0.984375,0.00010402070575133233,0
stock,108,15,64,6,Empirical_copula,52,0.8125,1.0024797619167135e-05,0
stock,108,15,64,6,Unscaled,60,0.9375,0.0019755917504190273,0
stock,108,15,64,6,Point_CHR,64,1.0,inf,1
stock,108,15,64,6,TSCP_R,61,0.953125,7.043424701736104e-05,0
stock,109,15,64,6,Empirical_copula,41,0.640625,4.302509417032683e-06,0
stock,109,15,64,6,Unscaled,50,0.78125,0.0004124317274567803,0
stock,109,15,64,6,Point_CHR,64,1.0,inf,1
stock,109,15,64,6,TSCP_R,57,0.890625,2.278273874859556e-05,0
stock,110,15,64,6,Empirical_copula,54,0.84375,1.3270639471085307e-05,0
stock,110,15,64,6,Unscaled,63,0.984375,0.04286973908363261,0
stock,110,15,64,6,Point_CHR,64,1.0,inf,1
stock,110,15,64,6,TSCP_R,63,0.984375,0.0003486858464115609,0
stock,111,15,64,6,Empirical_copula,35,0.546875,2.449134199413691e-06,0
stock,111,15,64,6,Unscaled,62,0.96875,0.0016262170115519134,0
stock,111,15,64,6,Point_CHR,64,1.0,inf,1
stock,111,15,64,6,TSCP_R,58,0.90625,2.3645979147792534e-05,0
stock,112,15,64,6,Empirical_copula,34,0.53125,3.095641723500147e-06,0
stock,112,15,64,6,Unscaled,62,0.96875,0.001498325031400443,0
stock,112,15,64,6,Point_CHR,64,1.0,inf,1
stock,112,15,64,6,TSCP_R,45,0.703125,1.0258277316842386e-05,0
stock,113,15,64,6,Empirical_copula,55,0.859375,8.761337712564515e-06,0
stock,113,15,64,6,Unscaled,62,0.96875,0.0038570310316258663,0
stock,113,15,64,6,Point_CHR,64,1.0,inf,1
stock,113,15,64,6,TSCP_R,64,1.0,5.0936912901364645e-05,0
stock,114,15,64,6,Empirical_copula,49,0.765625,1.3519642108225246e-05,0
stock,114,15,64,6,Unscaled,64,1.0,0.12302649984050666,0
stock,114,15,64,6,Point_CHR,64,1.0,inf,1
stock,114,15,64,6,TSCP_R,64,1.0,0.0033472039792844526,0
stock,115,15,64,6,Empirical_copula,57,0.890625,7.256106340372015e-06,0
stock,115,15,64,6,Unscaled,60,0.9375,0.0011485446093658436,0
stock,115,15,64,6,Point_CHR,64,1.0,inf,1
stock,115,15,64,6,TSCP_R,63,0.984375,6.626767693525208e-05,0
stock,116,15,64,6,Empirical_copula,45,0.703125,3.2597650308578247e-06,0
stock,116,15,64,6,Unscaled,59,0.921875,0.001297884307591331,0
stock,116,15,64,6,Point_CHR,64,1.0,inf,1
stock,116,15,64,6,TSCP_R,58,0.90625,1.139595571300868e-05,0
stock,117,15,64,6,Empirical_copula,43,0.671875,9.81465741196969e-06,0
stock,117,15,64,6,Unscaled,62,0.96875,0.029375437939080325,0
stock,117,15,64,6,Point_CHR,64,1.0,inf,1
stock,117,15,64,6,TSCP_R,63,0.984375,0.00019318343723387444,0
stock,118,15,64,6,Empirical_copula,45,0.703125,5.8584922879089404e-06,0
stock,118,15,64,6,Unscaled,60,0.9375,0.0021780823395261524,0
stock,118,15,64,6,Point_CHR,64,1.0,inf,1
stock,118,15,64,6,TSCP_R,63,0.984375,8.930539504698431e-05,0
stock,119,15,64,6,Empirical_copula,53,0.828125,7.796155196899585e-06,0
stock,119,15,64,6,Unscaled,58,0.90625,0.0031452806772243945,0
stock,119,15,64,6,Point_CHR,64,1.0,inf,1
stock,119,15,64,6,TSCP_R,61,0.953125,0.0001197631106207691,0
stock,120,15,64,6,Empirical_copula,45,0.703125,6.433008230898337e-06,0
stock,120,15,64,6,Unscaled,60,0.9375,0.002057253320331035,0
stock,120,15,64,6,Point_CHR,64,1.0,inf,1
stock,120,15,64,6,TSCP_R,61,0.953125,3.75924632618437e-05,0
stock,121,15,64,6,Empirical_copula,45,0.703125,6.047474518054101e-06,0
stock,121,15,64,6,Unscaled,60,0.9375,0.005800431395155405,0
stock,121,15,64,6,Point_CHR,64,1.0,inf,1
stock,121,15,64,6,TSCP_R,61,0.953125,6.697598230179562e-05,0
stock,122,15,64,6,Empirical_copula,53,0.828125,3.081877267366346e-05,0
stock,122,15,64,6,Unscaled,64,1.0,0.35814618634853906,0
stock,122,15,64,6,Point_CHR,64,1.0,inf,1
stock,122,15,64,6,TSCP_R,64,1.0,0.01166860704292462,0
stock,123,15,64,6,Empirical_copula,44,0.6875,2.812412042888463e-06,0
stock,123,15,64,6,Unscaled,59,0.921875,0.001357161739904783,0
stock,123,15,64,6,Point_CHR,64,1.0,inf,1
stock,123,15,64,6,TSCP_R,57,0.890625,1.4265794095749673e-05,0
stock,124,15,64,6,Empirical_copula,48,0.75,5.665316052489855e-06,0
stock,124,15,64,6,Unscaled,61,0.953125,0.0015791370188889982,0
stock,124,15,64,6,Point_CHR,64,1.0,inf,1
stock,124,15,64,6,TSCP_R,63,0.984375,0.0002499946200908608,0
stock,125,15,64,6,Empirical_copula,48,0.75,5.4747889844806424e-06,0
stock,125,15,64,6,Unscaled,59,0.921875,0.002368900096976485,0
stock,125,15,64,6,Point_CHR,64,1.0,inf,1
stock,125,15,64,6,TSCP_R,56,0.875,2.779872732937173e-05,0
stock,126,15,64,6,Empirical_copula,50,0.78125,1.1639727734309044e-05,0
stock,126,15,64,6,Unscaled,63,0.984375,0.03028478218626009,0
stock,126,15,64,6,Point_CHR,64,1.0,inf,1
stock,126,15,64,6,TSCP_R,63,0.984375,0.00037081269827069895,0
stock,127,15,64,6,Empirical_copula,61,0.953125,4.60273509349051e-05,0
stock,127,15,64,6,Unscaled,64,1.0,0.442271386677258,0
stock,127,15,64,6,Point_CHR,64,1.0,inf,1
stock,127,15,64,6,TSCP_R,64,1.0,0.01951599903240888,0
stock,128,15,64,6,Empirical_copula,47,0.734375,5.867422313578953e-06,0
stock,128,15,64,6,Unscaled,64,1.0,0.004049745312796533,0
stock,128,15,64,6,Point_CHR,64,1.0,inf,1
stock,128,15,64,6,TSCP_R,64,1.0,0.00013836485791181373,0
stock,129,15,64,6,Empirical_copula,46,0.71875,3.6215234050032345e-06,0
stock,129,15,64,6,Unscaled,62,0.96875,0.0010874839681088663,0
stock,129,15,64,6,Point_CHR,64,1.0,inf,1
stock,129,15,64,6,TSCP_R,61,0.953125,2.2843782244006283e-05,0
stock,130,15,64,6,Empirical_copula,52,0.8125,6.60457122999606e-06,0
stock,130,15,64,6,Unscaled,64,1.0,0.009995939545051576,0
stock,130,15,64,6,Point_CHR,64,1.0,inf,1
stock,130,15,64,6,TSCP_R,63,0.984375,5.020329656395678e-05,0
stock,131,15,64,6,Empirical_copula,57,0.890625,1.9469357122469966e-05,0
stock,131,15,64,6,Unscaled,64,1.0,0.143008249711247,0
stock,131,15,64,6,Point_CHR,64,1.0,inf,1
stock,131,15,64,6,TSCP_R,64,1.0,0.005500555212452923,0
stock,132,15,64,6,Empirical_copula,55,0.859375,1.7028210985376295e-05,0
stock,132,15,64,6,Unscaled,61,0.953125,0.027251032380871114,0
stock,132,15,64,6,Point_CHR,64,1.0,inf,1
stock,132,15,64,6,TSCP_R,63,0.984375,0.0003406520241694148,0
stock,133,15,64,6,Empirical_copula,50,0.78125,9.896160207246501e-06,0
stock,133,15,64,6,Unscaled,64,1.0,0.04051140781791849,0
stock,133,15,64,6,Point_CHR,64,1.0,inf,1
stock,133,15,64,6,TSCP_R,64,1.0,0.0001740849147147587,0
stock,134,15,64,6,Empirical_copula,50,0.78125,8.601735503188457e-06,0
stock,134,15,64,6,Unscaled,60,0.9375,0.012770963403446528,0
stock,134,15,64,6,Point_CHR,64,1.0,inf,1
stock,134,15,64,6,TSCP_R,63,0.984375,0.00010399696765482214,0
stock,135,15,64,6,Empirical_copula,34,0.53125,2.747524952694354e-06,0
stock,135,15,64,6,Unscaled,59,0.921875,0.0007694370853380775,0
stock,135,15,64,6,Point_CHR,64,1.0,inf,1
stock,135,15,64,6,TSCP_R,56,0.875,2.27281806694576e-05,0
stock,136,15,64,6,Empirical_copula,46,0.71875,7.2989994224955275e-06,0
stock,136,15,64,6,Unscaled,55,0.859375,0.0007658034388481244,0
stock,136,15,64,6,Point_CHR,64,1.0,inf,1
stock,136,15,64,6,TSCP_R,63,0.984375,9.331507953849871e-05,0
stock,137,15,64,6,Empirical_copula,43,0.671875,5.569536458288936e-06,0
stock,137,15,64,6,Unscaled,52,0.8125,0.0005565638008720086,0
stock,137,15,64,6,Point_CHR,64,1.0,inf,1
stock,137,15,64,6,TSCP_R,62,0.96875,2.1544266501460805e-05,0
stock,138,15,64,6,Empirical_copula,43,0.671875,3.1644303141014684e-06,0
stock,138,15,64,6,Unscaled,56,0.875,0.0010101055640095546,0
stock,138,15,64,6,Point_CHR,64,1.0,inf,1
stock,138,15,64,6,TSCP_R,60,0.9375,0.00012018065993588126,0
stock,139,15,64,6,Empirical_copula,42,0.65625,3.5287360046712164e-06,0
stock,139,15,64,6,Unscaled,60,0.9375,0.0021186146134958834,0
stock,139,15,64,6,Point_CHR,64,1.0,inf,1
stock,139,15,64,6,TSCP_R,59,0.921875,4.972823479470955e-05,0
stock,140,15,64,6,Empirical_copula,57,0.890625,2.157986793413829e-05,0
stock,140,15,64,6,Unscaled,62,0.96875,0.02652981382337466,0
stock,140,15,64,6,Point_CHR,64,1.0,inf,1
stock,140,15,64,6,TSCP_R,63,0.984375,0.0007315481759638802,0
stock,141,15,64,6,Empirical_copula,51,0.796875,8.992975992889546e-06,0
stock,141,15,64,6,Unscaled,59,0.921875,0.001454885122293867,0
stock,141,15,64,6,Point_CHR,64,1.0,inf,1
stock,141,15,64,6,TSCP_R,62,0.96875,9.353267082137853e-05,0
stock,142,15,64,6,Empirical_copula,58,0.90625,1.849148412999851e-05,0
stock,142,15,64,6,Unscaled,61,0.953125,0.019025900576398837,0
stock,142,15,64,6,Point_CHR,64,1.0,inf,1
stock,142,15,64,6,TSCP_R,63,0.984375,0.00032113174023922316,0
stock,143,15,64,6,Empirical_copula,33,0.515625,5.159573173076368e-06,0
stock,143,15,64,6,Unscaled,64,1.0,0.026487679839183566,0
stock,143,15,64,6,Point_CHR,64,1.0,inf,1
stock,143,15,64,6,TSCP_R,64,1.0,0.00047243858836854057,0
stock,144,15,64,6,Empirical_copula,43,0.671875,5.281485762380043e-06,0
stock,144,15,64,6,Unscaled,62,0.96875,0.007452538449804796,0
stock,144,15,64,6,Point_CHR,64,1.0,inf,1
stock,144,15,64,6,TSCP_R,63,0.984375,0.00012234093923925375,0
stock,145,15,64,6,Empirical_copula,58,0.90625,1.0409866603533979e-05,0
stock,145,15,64,6,Unscaled,64,1.0,0.0220485969706663,0
stock,145,15,64,6,Point_CHR,64,1.0,inf,1
stock,145,15,64,6,TSCP_R,64,1.0,0.0278544971218507,0
stock,146,15,64,6,Empirical_copula,48,0.75,5.61747217808019e-06,0
stock,146,15,64,6,Unscaled,60,0.9375,0.002664929612277506,0
stock,146,15,64,6,Point_CHR,64,1.0,inf,1
stock,146,15,64,6,TSCP_R,63,0.984375,6.65047281124601e-05,0
stock,147,15,64,6,Empirical_copula,53,0.828125,6.634684947087684e-06,0
stock,147,15,64,6,Unscaled,62,0.96875,0.005933831646713689,0
stock,147,15,64,6,Point_CHR,64,1.0,inf,1
stock,147,15,64,6,TSCP_R,63,0.984375,5.548467708085825e-05,0
stock,148,15,64,6,Empirical_copula,46,0.71875,7.828967882446945e-06,0
stock,148,15,64,6,Unscaled,63,0.984375,0.0063068354487664175,0
stock,148,15,64,6,Point_CHR,64,1.0,inf,1
stock,148,15,64,6,TSCP_R,59,0.921875,3.507582091839998e-05,0
stock,149,15,64,6,Empirical_copula,52,0.8125,5.3904522104574905e-06,0
stock,149,15,64,6,Unscaled,61,0.953125,0.00444010807282671,0
stock,149,15,64,6,Point_CHR,64,1.0,inf,1
stock,149,15,64,6,TSCP_R,64,1.0,0.0005326626265890896,0
stock,150,15,64,6,Empirical_copula,43,0.671875,7.377058512025193e-06,0
stock,150,15,64,6,Unscaled,54,0.84375,0.0009035166668644808,0
stock,150,15,64,6,Point_CHR,64,1.0,inf,1
stock,150,15,64,6,TSCP_R,59,0.921875,8.490570071219366e-05,0
stock,151,15,64,6,Empirical_copula,54,0.84375,1.4208835773737968e-05,0
stock,151,15,64,6,Unscaled,63,0.984375,0.03307518976468107,0
stock,151,15,64,6,Point_CHR,64,1.0,inf,1
stock,151,15,64,6,TSCP_R,64,1.0,0.00043479777002544966,0
stock,152,15,64,6,Empirical_copula,55,0.859375,4.1514907521440594e-05,0
stock,152,15,64,6,Unscaled,64,1.0,0.12872009136356777,0
stock,152,15,64,6,Point_CHR,64,1.0,inf,1
stock,152,15,64,6,TSCP_R,64,1.0,0.011479852010917469,0
stock,153,15,64,6,Empirical_copula,37,0.578125,3.956418537628728e-06,0
stock,153,15,64,6,Unscaled,60,0.9375,0.0038308225956821015,0
stock,153,15,64,6,Point_CHR,64,1.0,inf,1
stock,153,15,64,6,TSCP_R,43,0.671875,1.902463709729257e-05,0
stock,154,15,64,6,Empirical_copula,35,0.546875,2.736787767942187e-06,0
stock,154,15,64,6,Unscaled,55,0.859375,0.0007628734632728261,0
stock,154,15,64,6,Point_CHR,64,1.0,inf,1
stock,154,15,64,6,TSCP_R,51,0.796875,1.6042279258581716e-05,0
stock,155,15,64,6,Empirical_copula,36,0.5625,4.79133310625524e-06,0
stock,155,15,64,6,Unscaled,61,0.953125,0.004438435549072514,0
stock,155,15,64,6,Point_CHR,64,1.0,inf,1
stock,155,15,64,6,TSCP_R,62,0.96875,3.522667560819241e-05,0
stock,156,15,64,6,Empirical_copula,42,0.65625,5.093225279641104e-06,0
stock,156,15,64,6,Unscaled,54,0.84375,0.0014412398822709986,0
stock,156,15,64,6,Point_CHR,64,1.0,inf,1
stock,156,15,64,6,TSCP_R,61,0.953125,5.30181227457782e-05,0
stock,157,15,64,6,Empirical_copula,42,0.65625,6.866405460699428e-06,0
stock,157,15,64,6,Unscaled,62,0.96875,0.025012876428922613,0
stock,157,15,64,6,Point_CHR,64,1.0,inf,1
stock,157,15,64,6,TSCP_R,63,0.984375,9.769846113573684e-05,0
stock,158,15,64,6,Empirical_copula,50,0.78125,6.603159004014472e-06,0
stock,158,15,64,6,Unscaled,59,0.921875,0.0015079016348324736,0
stock,158,15,64,6,Point_CHR,64,1.0,inf,1
stock,158,15,64,6,TSCP_R,62,0.96875,2.722526243314703e-05,0
stock,159,15,64,6,Empirical_copula,55,0.859375,1.7298550628779246e-05,0
stock,159,15,64,6,Unscaled,64,1.0,0.050288441797446584,0
stock,159,15,64,6,Point_CHR,64,1.0,inf,1
stock,159,15,64,6,TSCP_R,64,1.0,0.00022666837004568454,0
stock,160,15,64,6,Empirical_copula,45,0.703125,5.035280484232023e-06,0
stock,160,15,64,6,Unscaled,63,0.984375,0.005395568806660281,0
stock,160,15,64,6,Point_CHR,64,1.0,inf,1
stock,160,15,64,6,TSCP_R,63,0.984375,7.269087364643491e-05,0
stock,161,15,64,6,Empirical_copula,41,0.640625,2.860607264058137e-06,0
stock,161,15,64,6,Unscaled,54,0.84375,0.0006416760566622919,0
stock,161,15,64,6,Point_CHR,64,1.0,inf,1
stock,161,15,64,6,TSCP_R,56,0.875,7.594689967291469e-05,0
stock,162,15,64,6,Empirical_copula,45,0.703125,7.643398516792699e-06,0
stock,162,15,64,6,Unscaled,61,0.953125,0.005836674728376948,0
stock,162,15,64,6,Point_CHR,64,1.0,inf,1
stock,162,15,64,6,TSCP_R,61,0.953125,0.00011065515453898734,0
stock,163,15,64,6,Empirical_copula,47,0.734375,8.937296215660598e-06,0
stock,163,15,64,6,Unscaled,63,0.984375,0.01975970077534022,0
stock,163,15,64,6,Point_CHR,64,1.0,inf,1
stock,163,15,64,6,TSCP_R,64,1.0,0.0029119309732126408,0
stock,164,15,64,6,Empirical_copula,54,0.84375,2.0675480805407343e-05,0
stock,164,15,64,6,Unscaled,63,0.984375,0.03655822699059832,0
stock,164,15,64,6,Point_CHR,64,1.0,inf,1
stock,164,15,64,6,TSCP_R,63,0.984375,0.0002848491616967204,0
stock,165,15,64,6,Empirical_copula,56,0.875,9.883780367520227e-06,0
stock,165,15,64,6,Unscaled,62,0.96875,0.011246566137399548,0
stock,165,15,64,6,Point_CHR,64,1.0,inf,1
stock,165,15,64,6,TSCP_R,62,0.96875,4.2394683874783355e-05,0
stock,166,15,64,6,Empirical_copula,39,0.609375,3.1805985933286373e-06,0
stock,166,15,64,6,Unscaled,54,0.84375,0.0009186424965150114,0
stock,166,15,64,6,Point_CHR,64,1.0,inf,1
stock,166,15,64,6,TSCP_R,52,0.8125,8.679718711256376e-06,0
stock,167,15,64,6,Empirical_copula,54,0.84375,3.322215955407583e-05,0
stock,167,15,64,6,Unscaled,64,1.0,0.5643282083309903,0
stock,167,15,64,6,Point_CHR,64,1.0,inf,1
stock,167,15,64,6,TSCP_R,64,1.0,0.000901005684606235,0
stock,168,15,64,6,Empirical_copula,38,0.59375,3.003362815672107e-06,0
stock,168,15,64,6,Unscaled,56,0.875,0.0013268797517361672,0
stock,168,15,64,6,Point_CHR,64,1.0,inf,1
stock,168,15,64,6,TSCP_R,61,0.953125,1.834983621699235e-05,0
stock,169,15,64,6,Empirical_copula,52,0.8125,2.4497898277982426e-05,0
stock,169,15,64,6,Unscaled,64,1.0,0.3505301401609785,0
stock,169,15,64,6,Point_CHR,64,1.0,inf,1
stock,169,15,64,6,TSCP_R,64,1.0,0.00033921012717999093,0
stock,170,15,64,6,Empirical_copula,39,0.609375,3.7346628952434527e-06,0
stock,170,15,64,6,Unscaled,64,1.0,0.01116194782117315,0
stock,170,15,64,6,Point_CHR,64,1.0,inf,1
stock,170,15,64,6,TSCP_R,55,0.859375,8.947063664602935e-05,0
stock,171,15,64,6,Empirical_copula,47,0.734375,6.291997125135048e-06,0
stock,171,15,64,6,Unscaled,59,0.921875,0.0024326142354689577,0
stock,171,15,64,6,Point_CHR,64,1.0,inf,1
stock,171,15,64,6,TSCP_R,59,0.921875,0.00013149146782840123,0
stock,172,15,64,6,Empirical_copula,35,0.546875,2.1316002893976114e-06,0
stock,172,15,64,6,Unscaled,50,0.78125,0.0003558134522324717,0
stock,172,15,64,6,Point_CHR,64,1.0,inf,1
stock,172,15,64,6,TSCP_R,49,0.765625,2.2207780087840898e-05,0
stock,173,15,64,6,Empirical_copula,49,0.765625,4.15137960350479e-06,0
stock,173,15,64,6,Unscaled,58,0.90625,0.0007124060550670909,0
stock,173,15,64,6,Point_CHR,64,1.0,inf,1
stock,173,15,64,6,TSCP_R,62,0.96875,3.3027070396330245e-05,0
stock,174,15,64,6,Empirical_copula,44,0.6875,5.1596599965708046e-06,0
stock,174,15,64,6,Unscaled,57,0.890625,0.001585377598075032,0
stock,174,15,64,6,Point_CHR,64,1.0,inf,1
stock,174,15,64,6,TSCP_R,61,0.953125,5.123012758564333e-05,0
stock,175,15,64,6,Empirical_copula,48,0.75,5.979285027754316e-06,0
stock,175,15,64,6,Unscaled,53,0.828125,0.0012527172203116008,0
stock,175,15,64,6,Point_CHR,64,1.0,inf,1
stock,175,15,64,6,TSCP_R,61,0.953125,6.345234492582167e-05,0
stock,176,15,64,6,Empirical_copula,51,0.796875,6.939501204962202e-06,0
stock,176,15,64,6,Unscaled,59,0.921875,0.001570643097772203,0
stock,176,15,64,6,Point_CHR,64,1.0,inf,1
stock,176,15,64,6,TSCP_R,60,0.9375,3.9748919791373836e-05,0
stock,177,15,64,6,Empirical_copula,39,0.609375,2.7061508858672936e-06,0
stock,177,15,64,6,Unscaled,58,0.90625,0.0014566080631477323,0
stock,177,15,64,6,Point_CHR,64,1.0,inf,1
stock,177,15,64,6,TSCP_R,63,0.984375,7.409852496943357e-05,0
stock,178,15,64,6,Empirical_copula,48,0.75,4.951906240747074e-06,0
stock,178,15,64,6,Unscaled,58,0.90625,0.0022135800100754215,0
stock,178,15,64,6,Point_CHR,64,1.0,inf,1
stock,178,15,64,6,TSCP_R,58,0.90625,5.448818421408477e-05,0
stock,179,15,64,6,Empirical_copula,53,0.828125,1.1030698321026165e-05,0
stock,179,15,64,6,Unscaled,62,0.96875,0.012806363049455411,0
stock,179,15,64,6,Point_CHR,64,1.0,inf,1
stock,179,15,64,6,TSCP_R,63,0.984375,5.5191433565182455e-05,0
stock,180,15,64,6,Empirical_copula,51,0.796875,1.5266098908261155e-05,0
stock,180,15,64,6,Unscaled,63,0.984375,0.11937687676251636,0
stock,180,15,64,6,Point_CHR,64,1.0,inf,1
stock,180,15,64,6,TSCP_R,63,0.984375,0.0001998787498384599,0
stock,181,15,64,6,Empirical_copula,43,0.671875,2.800823761145826e-05,0
stock,181,15,64,6,Unscaled,64,1.0,0.35551004860647883,0
stock,181,15,64,6,Point_CHR,64,1.0,inf,1
stock,181,15,64,6,TSCP_R,64,1.0,0.0005745910943736834,0
stock,182,15,64,6,Empirical_copula,46,0.71875,3.67398615712041e-05,0
stock,182,15,64,6,Unscaled,64,1.0,0.766049244878652,0
stock,182,15,64,6,Point_CHR,64,1.0,inf,1
stock,182,15,64,6,TSCP_R,64,1.0,0.001670774314746,0
stock,183,15,64,6,Empirical_copula,57,0.890625,4.2133839326323264e-05,0
stock,183,15,64,6,Unscaled,64,1.0,0.5580753390301885,0
stock,183,15,64,6,Point_CHR,64,1.0,inf,1
stock,183,15,64,6,TSCP_R,64,1.0,0.008895838547371873,0
stock,184,15,64,6,Empirical_copula,36,0.5625,3.6254193379152854e-06,0
stock,184,15,64,6,Unscaled,55,0.859375,0.0016137276733984313,0
stock,184,15,64,6,Point_CHR,64,1.0,inf,1
stock,184,15,64,6,TSCP_R,58,0.90625,3.483781649953097e-05,0
stock,185,15,64,6,Empirical_copula,58,0.90625,1.3730996188570812e-05,0
stock,185,15,64,6,Unscaled,61,0.953125,0.0035835633397974524,0
stock,185,15,64,6,Point_CHR,64,1.0,inf,1
stock,185,15,64,6,TSCP_R,62,0.96875,0.00011193308471815042,0
stock,186,15,64,6,Empirical_copula,39,0.609375,3.706997271639885e-06,0
stock,186,15,64,6,Unscaled,63,0.984375,0.0022442219232406842,0
stock,186,15,64,6,Point_CHR,64,1.0,inf,1
stock,186,15,64,6,TSCP_R,61,0.953125,3.0822046500618735e-05,0
stock,187,15,64,6,Empirical_copula,52,0.8125,1.6617022819011888e-05,0
stock,187,15,64,6,Unscaled,62,0.96875,0.03225885872696587,0
stock,187,15,64,6,Point_CHR,64,1.0,inf,1
stock,187,15,64,6,TSCP_R,63,0.984375,0.00013908642475007977,0
stock,188,15,64,6,Empirical_copula,36,0.5625,3.3837084596704386e-06,0
stock,188,15,64,6,Unscaled,53,0.828125,0.00083886342797711,0
stock,188,15,64,6,Point_CHR,64,1.0,inf,1
stock,188,15,64,6,TSCP_R,59,0.921875,3.1452719979711e-05,0
stock,189,15,64,6,Empirical_copula,54,0.84375,1.2727172355896545e-05,0
stock,189,15,64,6,Unscaled,63,0.984375,0.029816419310025863,0
stock,189,15,64,6,Point_CHR,64,1.0,inf,1
stock,189,15,64,6,TSCP_R,64,1.0,0.0008357218169867686,0
stock,190,15,64,6,Empirical_copula,40,0.625,4.849463665927165e-06,0
stock,190,15,64,6,Unscaled,62,0.96875,0.011924447707981806,0
stock,190,15,64,6,Point_CHR,64,1.0,inf,1
stock,190,15,64,6,TSCP_R,62,0.96875,0.00011669487705437149,0
stock,191,15,64,6,Empirical_copula,44,0.6875,2.9745513796764012e-05,0
stock,191,15,64,6,Unscaled,64,1.0,0.5288876889304007,0
stock,191,15,64,6,Point_CHR,64,1.0,inf,1
stock,191,15,64,6,TSCP_R,64,1.0,0.009940843407132013,0
stock,192,15,64,6,Empirical_copula,58,0.90625,3.858078947154818e-05,0
stock,192,15,64,6,Unscaled,64,1.0,0.34291494805542505,0
stock,192,15,64,6,Point_CHR,64,1.0,inf,1
stock,192,15,64,6,TSCP_R,64,1.0,0.034368783939003375,0
stock,193,15,64,6,Empirical_copula,56,0.875,1.8953346754108984e-05,0
stock,193,15,64,6,Unscaled,62,0.96875,0.025308549123102264,0
stock,193,15,64,6,Point_CHR,64,1.0,inf,1
stock,193,15,64,6,TSCP_R,63,0.984375,0.00031392192827666175,0
stock,194,15,64,6,Empirical_copula,58,0.90625,3.914953791145683e-05,0
stock,194,15,64,6,Unscaled,64,1.0,0.4454885178619214,0
stock,194,15,64,6,Point_CHR,64,1.0,inf,1
stock,194,15,64,6,TSCP_R,64,1.0,0.08978986300187516,0
stock,195,15,64,6,Empirical_copula,53,0.828125,3.7888269656474464e-05,0
stock,195,15,64,6,Unscaled,64,1.0,0.7110402449788213,0
stock,195,15,64,6,Point_CHR,64,1.0,inf,1
stock,195,15,64,6,TSCP_R,64,1.0,0.008066732797721203,0
stock,196,15,64,6,Empirical_copula,38,0.59375,2.5357183779653908e-06,0
stock,196,15,64,6,Unscaled,55,0.859375,0.000634052333241915,0
stock,196,15,64,6,Point_CHR,64,1.0,inf,1
stock,196,15,64,6,TSCP_R,59,0.921875,1.7717831489650573e-05,0
stock,197,15,64,6,Empirical_copula,53,0.828125,7.076813374955872e-06,0
stock,197,15,64,6,Unscaled,63,0.984375,0.003316064040564407,0
stock,197,15,64,6,Point_CHR,64,1.0,inf,1
stock,197,15,64,6,TSCP_R,63,0.984375,0.00021232898827436004,0
stock,198,15,64,6,Empirical_copula,48,0.75,5.287517859711858e-06,0
stock,198,15,64,6,Unscaled,58,0.90625,0.0015159257365285157,0
stock,198,15,64,6,Point_CHR,64,1.0,inf,1
stock,198,15,64,6,TSCP_R,61,0.953125,6.157725899768968e-05,0
stock,199,15,64,6,Empirical_copula,50,0.78125,8.00628229613539e-06,0
stock,199,15,64,6,Unscaled,63,0.984375,0.002084489581159384,0
stock,199,15,64,6,Point_CHR,64,1.0,inf,1
stock,199,15,64,6,TSCP_R,63,0.984375,6.745571687200629e-05,0
rf2,0,384,1536,8,Empirical_copula,1352,0.8802083333333334,42.43320267011592,0
rf2,0,384,1536,8,Unscaled,1381,0.8990885416666666,4475.528639011894,0
rf2,0,384,1536,8,Point_CHR,1372,0.8932291666666666,34.561472234006594,0
rf2,0,384,1536,8,TSCP_R,1348,0.8776041666666666,33.375535657311985,0
rf2,1,384,1536,8,Empirical_copula,1361,0.8860677083333334,23.466767395585368,0
rf2,1,384,1536,8,Unscaled,1389,0.904296875,2967.9444375761454,0
rf2,1,384,1536,8,Point_CHR,1364,0.8880208333333334,16.228572037294445,0
rf2,1,384,1536,8,TSCP_R,1392,0.90625,263.84407823919065,0
rf2,2,384,1536,8,Empirical_copula,1343,0.8743489583333334,22.737005555458683,0
rf2,2,384,1536,8,Unscaled,1329,0.865234375,1144.4654005835764,0
rf2,2,384,1536,8,Point_CHR,1396,0.9088541666666666,64.03492550563608,0
rf2,2,384,1536,8,TSCP_R,1364,0.8880208333333334,42.22874743179327,0
rf2,3,384,1536,8,Empirical_copula,1384,0.9010416666666666,65.90084905182886,0
rf2,3,384,1536,8,Unscaled,1399,0.9108072916666666,4997.5924328498995,0
rf2,3,384,1536,8,Point_CHR,1398,0.91015625,73.62881079516445,0
rf2,3,384,1536,8,TSCP_R,1388,0.9036458333333334,92.9252077906725,0
rf2,4,384,1536,8,Empirical_copula,1370,0.8919270833333334,38.825912627147844,0
rf2,4,384,1536,8,Unscaled,1422,0.92578125,6702.87752282047,0
rf2,4,384,1536,8,Point_CHR,1423,0.9264322916666666,128.4404742074581,0
rf2,4,384,1536,8,TSCP_R,1383,0.900390625,845.3792329872359,0
rf2,5,384,1536,8,Empirical_copula,1378,0.8971354166666666,58.7024569097086,0
rf2,5,384,1536,8,Unscaled,1383,0.900390625,3178.8563518339333,0
rf2,5,384,1536,8,Point_CHR,1370,0.8919270833333334,39.68707931080841,0
rf2,5,384,1536,8,TSCP_R,1410,0.91796875,312.8044608797638,0
rf2,6,384,1536,8,Empirical_copula,1379,0.8977864583333334,26.21968543363198,0
rf2,6,384,1536,8,Unscaled,1396,0.9088541666666666,4039.3474832994098,0
rf2,6,384,1536,8,Point_CHR,1394,0.9075520833333334,49.24447469624568,0
rf2,6,384,1536,8,TSCP_R,1381,0.8990885416666666,25.403360256794137,0
rf2,7,384,1536,8,Empirical_copula,1420,0.9244791666666666,212.48739363116866,0
rf2,7,384,1536,8,Unscaled,1414,0.9205729166666666,5750.8440427739415,0
rf2,7,384,1536,8,Point_CHR,1443,0.939453125,368.6384956863368,0
rf2,7,384,1536,8,TSCP_R,1441,0.9381510416666666,945.966037478152,0
rf2,8,384,1536,8,Empirical_copula,1371,0.892578125,27.169582334546497,0
rf2,8,384,1536,8,Unscaled,1370,0.8919270833333334,1962.5931357030154,0
rf2,8,384,1536,8,Point_CHR,1332,0.8671875,8.766317114970139,0
rf2,8,384,1536,8,TSCP_R,1377,0.896484375,30.457052241944588,0
rf2,9,384,1536,8,Empirical_copula,1357,0.8834635416666666,43.055654595927145,0
rf2,9,384,1536,8,Unscaled,1348,0.8776041666666666,2329.2725775908816,0
rf2,9,384,1536,8,Point_CHR,1336,0.8697916666666666,17.775683536186577,0
rf2,9,384,1536,8,TSCP_R,1362,0.88671875,80.64609022873574,0
rf2,10,384,1536,8,Empirical_copula,1390,0.9049479166666666,50.70073403270834,0
rf2,10,384,1536,8,Unscaled,1387,0.9029947916666666,3865.076104939928,0
rf2,10,384,1536,8,Point_CHR,1372,0.8932291666666666,23.168035781185893,0
rf2,10,384,1536,8,TSCP_R,1385,0.9016927083333334,1347.1509818392005,0
rf2,11,384,1536,8,Empirical_copula,1365,0.888671875,64.25969102614685,0
rf2,11,384,1536,8,Unscaled,1402,0.9127604166666666,5903.7403613858805,0
rf2,11,384,1536,8,Point_CHR,1364,0.8880208333333334,44.85136823742781,0
rf2,11,384,1536,8,TSCP_R,1382,0.8997395833333334,193.3204299446849,0
rf2,12,384,1536,8,Empirical_copula,1378,0.8971354166666666,21.06855421696233,0
rf2,12,384,1536,8,Unscaled,1380,0.8984375,1977.4375570918216,0
rf2,12,384,1536,8,Point_CHR,1395,0.908203125,40.95686599321579,0
rf2,12,384,1536,8,TSCP_R,1406,0.9153645833333334,162.26410572871094,0
rf2,13,384,1536,8,Empirical_copula,1376,0.8958333333333334,34.97798555257018,0
rf2,13,384,1536,8,Unscaled,1399,0.9108072916666666,3960.907924914717,0
rf2,13,384,1536,8,Point_CHR,1362,0.88671875,21.803209617516256,0
rf2,13,384,1536,8,TSCP_R,1392,0.90625,5768.933804528165,0
rf2,14,384,1536,8,Empirical_copula,1337,0.8704427083333334,17.425859965919873,0
rf2,14,384,1536,8,Unscaled,1350,0.87890625,1474.972944440841,0
rf2,14,384,1536,8,Point_CHR,1372,0.8932291666666666,28.234268290572903,0
rf2,14,384,1536,8,TSCP_R,1345,0.8756510416666666,30.419335425022012,0
rf2,15,384,1536,8,Empirical_copula,1392,0.90625,47.3485977000032,0
rf2,15,384,1536,8,Unscaled,1392,0.90625,4517.903943124606,0
rf2,15,384,1536,8,Point_CHR,1354,0.8815104166666666,19.900830721088777,0
rf2,15,384,1536,8,TSCP_R,1397,0.9095052083333334,61.52269618569309,0
rf2,16,384,1536,8,Empirical_copula,1389,0.904296875,46.5840496029827,0
rf2,16,384,1536,8,Unscaled,1351,0.8795572916666666,1425.6969531362286,0
rf2,16,384,1536,8,Point_CHR,1361,0.8860677083333334,15.61652791290712,0
rf2,16,384,1536,8,TSCP_R,1395,0.908203125,57.78453799388311,0
rf2,17,384,1536,8,Empirical_copula,1360,0.8854166666666666,34.94809841322991,0
rf2,17,384,1536,8,Unscaled,1395,0.908203125,3659.1246126416727,0
rf2,17,384,1536,8,Point_CHR,1371,0.892578125,41.87324355856015,0
rf2,17,384,1536,8,TSCP_R,1386,0.90234375,320.3219411018723,0
rf2,18,384,1536,8,Empirical_copula,1391,0.9055989583333334,82.28187811657077,0
rf2,18,384,1536,8,Unscaled,1404,0.9140625,8837.021861026025,0
rf2,18,384,1536,8,Point_CHR,1395,0.908203125,67.47091457258809,0
rf2,18,384,1536,8,TSCP_R,1410,0.91796875,95.0356203524845,0
rf2,19,384,1536,8,Empirical_copula,1392,0.90625,47.903718474787794,0
rf2,19,384,1536,8,Unscaled,1424,0.9270833333333334,7628.525190048741,0
rf2,19,384,1536,8,Point_CHR,1402,0.9127604166666666,70.72778645167833,0
rf2,19,384,1536,8,TSCP_R,1426,0.9283854166666666,482.9992811521445,0
rf2,20,384,1536,8,Empirical_copula,1363,0.8873697916666666,18.226454358187226,0
rf2,20,384,1536,8,Unscaled,1393,0.9069010416666666,3086.204574028694,0
rf2,20,384,1536,8,Point_CHR,1382,0.8997395833333334,22.715055760902654,0
rf2,20,384,1536,8,TSCP_R,1390,0.9049479166666666,721.6403851360396,0
rf2,21,384,1536,8,Empirical_copula,1366,0.8893229166666666,28.090169409623783,0
rf2,21,384,1536,8,Unscaled,1359,0.884765625,2018.3135074192483,0
rf2,21,384,1536,8,Point_CHR,1414,0.9205729166666666,91.52382726900329,0
rf2,21,384,1536,8,TSCP_R,1403,0.9134114583333334,59.24637767377323,0
rf2,22,384,1536,8,Empirical_copula,1383,0.900390625,164.55899305826858,0
rf2,22,384,1536,8,Unscaled,1394,0.9075520833333334,6770.578258071848,0
rf2,22,384,1536,8,Point_CHR,1370,0.8919270833333334,46.01223228497638,0
rf2,22,384,1536,8,TSCP_R,1377,0.896484375,263.0393709011161,0
rf2,23,384,1536,8,Empirical_copula,1367,0.8899739583333334,38.43297206665515,0
rf2,23,384,1536,8,Unscaled,1380,0.8984375,3259.6097666900587,0
rf2,23,384,1536,8,Point_CHR,1420,0.9244791666666666,164.85448948855102,0
rf2,23,384,1536,8,TSCP_R,1367,0.8899739583333334,476.1522942021311,0
rf2,24,384,1536,8,Empirical_copula,1390,0.9049479166666666,212.34284438034828,0
rf2,24,384,1536,8,Unscaled,1415,0.9212239583333334,13787.652168173261,0
rf2,24,384,1536,8,Point_CHR,1356,0.8828125,21.85996823893702,0
rf2,24,384,1536,8,TSCP_R,1402,0.9127604166666666,173.9269389146234,0
rf2,25,384,1536,8,Empirical_copula,1380,0.8984375,45.03881951747546,0
rf2,25,384,1536,8,Unscaled,1344,0.875,2756.7252390245176,0
rf2,25,384,1536,8,Point_CHR,1371,0.892578125,46.79972781709245,0
rf2,25,384,1536,8,TSCP_R,1365,0.888671875,30.365292523697015,0
rf2,26,384,1536,8,Empirical_copula,1415,0.9212239583333334,91.54091639232045,0
rf2,26,384,1536,8,Unscaled,1386,0.90234375,3159.996390958355,0
rf2,26,384,1536,8,Point_CHR,1410,0.91796875,65.97298737480904,0
rf2,26,384,1536,8,TSCP_R,1420,0.9244791666666666,97.73091267554469,0
rf2,27,384,1536,8,Empirical_copula,1307,0.8509114583333334,12.754806348819649,0
rf2,27,384,1536,8,Unscaled,1304,0.8489583333333334,972.6257434350044,0
rf2,27,384,1536,8,Point_CHR,1342,0.8736979166666666,25.01061705937229,0
rf2,27,384,1536,8,TSCP_R,1302,0.84765625,57.75372391915025,0
rf2,28,384,1536,8,Empirical_copula,1376,0.8958333333333334,20.800234552074187,0
rf2,28,384,1536,8,Unscaled,1404,0.9140625,4183.920439568902,0
rf2,28,384,1536,8,Point_CHR,1394,0.9075520833333334,37.10062372118237,0
rf2,28,384,1536,8,TSCP_R,1390,0.9049479166666666,68.63945556936731,0
rf2,29,384,1536,8,Empirical_copula,1408,0.9166666666666666,234.4971985065219,0
rf2,29,384,1536,8,Unscaled,1342,0.8736979166666666,1792.0486526727184,0
rf2,29,384,1536,8,Point_CHR,1428,0.9296875,190.243493094018,0
rf2,29,384,1536,8,TSCP_R,1425,0.927734375,1020.5495110805874,0
rf2,30,384,1536,8,Empirical_copula,1429,0.9303385416666666,157.88603493455858,0
rf2,30,384,1536,8,Unscaled,1425,0.927734375,8412.493464854595,0
rf2,30,384,1536,8,Point_CHR,1420,0.9244791666666666,65.87185845370225,0
rf2,30,384,1536,8,TSCP_R,1424,0.9270833333333334,88.09963990371728,0
rf2,31,384,1536,8,Empirical_copula,1373,0.8938802083333334,26.32659054738464,0
rf2,31,384,1536,8,Unscaled,1339,0.8717447916666666,1445.2500011750617,0
rf2,31,384,1536,8,Point_CHR,1379,0.8977864583333334,25.930580612164423,0
rf2,31,384,1536,8,TSCP_R,1385,0.9016927083333334,257.3113639819289,0
rf2,32,384,1536,8,Empirical_copula,1388,0.9036458333333334,51.83633465625173,0
rf2,32,384,1536,8,Unscaled,1402,0.9127604166666666,6987.4524230727675,0
rf2,32,384,1536,8,Point_CHR,1415,0.9212239583333334,76.93278118293352,0
rf2,32,384,1536,8,TSCP_R,1419,0.923828125,119.48327736519305,0
rf2,33,384,1536,8,Empirical_copula,1341,0.873046875,37.64625733339339,0
rf2,33,384,1536,8,Unscaled,1384,0.9010416666666666,5075.051668342796,0
rf2,33,384,1536,8,Point_CHR,1396,0.9088541666666666,78.73324119704876,0
rf2,33,384,1536,8,TSCP_R,1348,0.8776041666666666,39.773143922165126,0
rf2,34,384,1536,8,Empirical_copula,1389,0.904296875,101.61178060773224,0
rf2,34,384,1536,8,Unscaled,1374,0.89453125,2710.3634308657624,0
rf2,34,384,1536,8,Point_CHR,1433,0.9329427083333334,241.8876354838187,0
rf2,34,384,1536,8,TSCP_R,1392,0.90625,140.01931437269445,0
rf2,35,384,1536,8,Empirical_copula,1351,0.8795572916666666,26.79835990369678,0
rf2,35,384,1536,8,Unscaled,1380,0.8984375,2651.1626352191347,0
rf2,35,384,1536,8,Point_CHR,1318,0.8580729166666666,4.880871615939591,0
rf2,35,384,1536,8,TSCP_R,1334,0.8684895833333334,22.087352100880153,0
rf2,36,384,1536,8,Empirical_copula,1412,0.9192708333333334,82.65463944588949,0
rf2,36,384,1536,8,Unscaled,1388,0.9036458333333334,3404.2941223365406,0
rf2,36,384,1536,8,Point_CHR,1413,0.919921875,42.39457244670748,0
rf2,36,384,1536,8,TSCP_R,1435,0.9342447916666666,3105.84218801055,0
rf2,37,384,1536,8,Empirical_copula,1356,0.8828125,22.863067513447028,0
rf2,37,384,1536,8,Unscaled,1359,0.884765625,2662.9900229555665,0
rf2,37,384,1536,8,Point_CHR,1341,0.873046875,17.108625034668812,0
rf2,37,384,1536,8,TSCP_R,1362,0.88671875,30.18158915987343,0
rf2,38,384,1536,8,Empirical_copula,1418,0.9231770833333334,124.13711402475545,0
rf2,38,384,1536,8,Unscaled,1412,0.9192708333333334,5046.948257281307,0
rf2,38,384,1536,8,Point_CHR,1394,0.9075520833333334,51.64935560320964,0
rf2,38,384,1536,8,TSCP_R,1419,0.923828125,114.3988498184691,0
rf2,39,384,1536,8,Empirical_copula,1315,0.8561197916666666,6.386510572595574,0
rf2,39,384,1536,8,Unscaled,1361,0.8860677083333334,1261.801319955861,0
rf2,39,384,1536,8,Point_CHR,1323,0.861328125,7.4772333952309555,0
rf2,39,384,1536,8,TSCP_R,1347,0.876953125,12.670062654840967,0
rf2,40,384,1536,8,Empirical_copula,1386,0.90234375,35.18688882137045,0
rf2,40,384,1536,8,Unscaled,1417,0.9225260416666666,7294.727573125868,0
rf2,40,384,1536,8,Point_CHR,1383,0.900390625,38.36905481432873,0
rf2,40,384,1536,8,TSCP_R,1431,0.931640625,1547.4598448667991,0
rf2,41,384,1536,8,Empirical_copula,1381,0.8990885416666666,67.68017667373795,0
rf2,41,384,1536,8,Unscaled,1398,0.91015625,8595.208701955291,0
rf2,41,384,1536,8,Point_CHR,1375,0.8951822916666666,47.608921891546714,0
rf2,41,384,1536,8,TSCP_R,1385,0.9016927083333334,75.97193664115434,0
rf2,42,384,1536,8,Empirical_copula,1334,0.8684895833333334,23.897251619178018,0
rf2,42,384,1536,8,Unscaled,1342,0.8736979166666666,1670.634535195112,0
rf2,42,384,1536,8,Point_CHR,1333,0.8678385416666666,16.838115464093082,0
rf2,42,384,1536,8,TSCP_R,1351,0.8795572916666666,176.7928782259994,0
rf2,43,384,1536,8,Empirical_copula,1344,0.875,30.13468462504394,0
rf2,43,384,1536,8,Unscaled,1390,0.9049479166666666,3235.2060981653617,0
rf2,43,384,1536,8,Point_CHR,1350,0.87890625,17.279152311273414,0
rf2,43,384,1536,8,TSCP_R,1359,0.884765625,61.93628868682614,0
rf2,44,384,1536,8,Empirical_copula,1384,0.9010416666666666,24.100884605828192,0
rf2,44,384,1536,8,Unscaled,1380,0.8984375,2103.2195666413963,0
rf2,44,384,1536,8,Point_CHR,1354,0.8815104166666666,8.49970731531749,0
rf2,44,384,1536,8,TSCP_R,1403,0.9134114583333334,4812.852315230222,0
rf2,45,384,1536,8,Empirical_copula,1373,0.8938802083333334,64.9930279114655,0
rf2,45,384,1536,8,Unscaled,1375,0.8951822916666666,3856.9700677179753,0
rf2,45,384,1536,8,Point_CHR,1375,0.8951822916666666,46.84855146647064,0
rf2,45,384,1536,8,TSCP_R,1359,0.884765625,258.71652513978785,0
rf2,46,384,1536,8,Empirical_copula,1333,0.8678385416666666,10.382683104079328,0
rf2,46,384,1536,8,Unscaled,1333,0.8678385416666666,1430.3353839743106,0
rf2,46,384,1536,8,Point_CHR,1332,0.8671875,10.28635702502447,0
rf2,46,384,1536,8,TSCP_R,1358,0.8841145833333334,27.86249623552991,0
rf2,47,384,1536,8,Empirical_copula,1386,0.90234375,34.77934330703709,0
rf2,47,384,1536,8,Unscaled,1387,0.9029947916666666,3816.4510540961037,0
rf2,47,384,1536,8,Point_CHR,1400,0.9114583333333334,48.405535122134395,0
rf2,47,384,1536,8,TSCP_R,1392,0.90625,49.74552591215169,0
rf2,48,384,1536,8,Empirical_copula,1385,0.9016927083333334,27.920196142280037,0
rf2,48,384,1536,8,Unscaled,1371,0.892578125,1986.1006296918374,0
rf2,48,384,1536,8,Point_CHR,1399,0.9108072916666666,31.018527787539117,0
rf2,48,384,1536,8,TSCP_R,1399,0.9108072916666666,43.884334452938944,0
rf2,49,384,1536,8,Empirical_copula,1402,0.9127604166666666,159.89188500274514,0
rf2,49,384,1536,8,Unscaled,1392,0.90625,4566.734959847718,0
rf2,49,384,1536,8,Point_CHR,1405,0.9147135416666666,95.68973448802535,0
rf2,49,384,1536,8,TSCP_R,1409,0.9173177083333334,3213.858607758552,0
rf2,50,384,1536,8,Empirical_copula,1407,0.916015625,24.159568797548125,0
rf2,50,384,1536,8,Unscaled,1403,0.9134114583333334,2669.549645274325,0
rf2,50,384,1536,8,Point_CHR,1439,0.9368489583333334,82.52054885323501,0
rf2,50,384,1536,8,TSCP_R,1418,0.9231770833333334,64.31599671980531,0
rf2,51,384,1536,8,Empirical_copula,1376,0.8958333333333334,82.17368606952029,0
rf2,51,384,1536,8,Unscaled,1356,0.8828125,2442.7933352731434,0
rf2,51,384,1536,8,Point_CHR,1346,0.8763020833333334,30.78210247802448,0
rf2,51,384,1536,8,TSCP_R,1387,0.9029947916666666,306.2389702655975,0
rf2,52,384,1536,8,Empirical_copula,1345,0.8756510416666666,10.373818800894453,0
rf2,52,384,1536,8,Unscaled,1359,0.884765625,1587.139375449122,0
rf2,52,384,1536,8,Point_CHR,1394,0.9075520833333334,32.81805080432808,0
rf2,52,384,1536,8,TSCP_R,1350,0.87890625,28.243338691399636,0
rf2,53,384,1536,8,Empirical_copula,1364,0.8880208333333334,44.585172233054294,0
rf2,53,384,1536,8,Unscaled,1367,0.8899739583333334,3072.99929628943,0
rf2,53,384,1536,8,Point_CHR,1393,0.9069010416666666,67.52350535590615,0
rf2,53,384,1536,8,TSCP_R,1381,0.8990885416666666,70.02731100128838,0
rf2,54,384,1536,8,Empirical_copula,1391,0.9055989583333334,156.36636802671856,0
rf2,54,384,1536,8,Unscaled,1387,0.9029947916666666,3872.4968729726033,0
rf2,54,384,1536,8,Point_CHR,1406,0.9153645833333334,50.23826460998043,0
rf2,54,384,1536,8,TSCP_R,1395,0.908203125,196.73446890292539,0
rf2,55,384,1536,8,Empirical_copula,1390,0.9049479166666666,72.99851404182075,0
rf2,55,384,1536,8,Unscaled,1365,0.888671875,3785.114947788927,0
rf2,55,384,1536,8,Point_CHR,1430,0.9309895833333334,226.46568707004914,0
rf2,55,384,1536,8,TSCP_R,1418,0.9231770833333334,198.67741721720924,0
rf2,56,384,1536,8,Empirical_copula,1356,0.8828125,28.964862336932313,0
rf2,56,384,1536,8,Unscaled,1395,0.908203125,6213.4954942246695,0
rf2,56,384,1536,8,Point_CHR,1316,0.8567708333333334,9.226527374147773,0
rf2,56,384,1536,8,TSCP_R,1362,0.88671875,3749.878856210995,0
rf2,57,384,1536,8,Empirical_copula,1351,0.8795572916666666,44.69155110555852,0
rf2,57,384,1536,8,Unscaled,1348,0.8776041666666666,2286.0825528191613,0
rf2,57,384,1536,8,Point_CHR,1371,0.892578125,28.5146828172698,0
rf2,57,384,1536,8,TSCP_R,1373,0.8938802083333334,84.75286885073037,0
rf2,58,384,1536,8,Empirical_copula,1339,0.8717447916666666,51.68786303400925,0
rf2,58,384,1536,8,Unscaled,1391,0.9055989583333334,4573.61624564728,0
rf2,58,384,1536,8,Point_CHR,1423,0.9264322916666666,131.01022978557256,0
rf2,58,384,1536,8,TSCP_R,1352,0.8802083333333334,252.08478305876645,0
rf2,59,384,1536,8,Empirical_copula,1360,0.8854166666666666,25.991048258316596,0
rf2,59,384,1536,8,Unscaled,1381,0.8990885416666666,2650.3518409754247,0
rf2,59,384,1536,8,Point_CHR,1359,0.884765625,18.272164870675446,0
rf2,59,384,1536,8,TSCP_R,1387,0.9029947916666666,39.32031982362835,0
rf2,60,384,1536,8,Empirical_copula,1403,0.9134114583333334,68.33498975073807,0
rf2,60,384,1536,8,Unscaled,1406,0.9153645833333334,4703.199051111993,0
rf2,60,384,1536,8,Point_CHR,1407,0.916015625,71.96450668329405,0
rf2,60,384,1536,8,TSCP_R,1391,0.9055989583333334,379.231225839185,0
rf2,61,384,1536,8,Empirical_copula,1338,0.87109375,23.509972801455444,0
rf2,61,384,1536,8,Unscaled,1375,0.8951822916666666,3591.9749212680213,0
rf2,61,384,1536,8,Point_CHR,1371,0.892578125,31.64176458180419,0
rf2,61,384,1536,8,TSCP_R,1374,0.89453125,2500.38327238687,0
rf2,62,384,1536,8,Empirical_copula,1410,0.91796875,307.3717371703558,0
rf2,62,384,1536,8,Unscaled,1374,0.89453125,4512.8197113188835,0
rf2,62,384,1536,8,Point_CHR,1447,0.9420572916666666,682.2402964227184,0
rf2,62,384,1536,8,TSCP_R,1397,0.9095052083333334,1550.1622824305805,0
rf2,63,384,1536,8,Empirical_copula,1333,0.8678385416666666,10.285901128148282,0
rf2,63,384,1536,8,Unscaled,1371,0.892578125,2744.6886061871073,0
rf2,63,384,1536,8,Point_CHR,1387,0.9029947916666666,31.494245793292265,0
rf2,63,384,1536,8,TSCP_R,1391,0.9055989583333334,140.4778552138209,0
rf2,64,384,1536,8,Empirical_copula,1368,0.890625,20.056835355806122,0
rf2,64,384,1536,8,Unscaled,1387,0.9029947916666666,2497.661008367019,0
rf2,64,384,1536,8,Point_CHR,1385,0.9016927083333334,35.04340935117862,0
rf2,64,384,1536,8,TSCP_R,1381,0.8990885416666666,194.07437182738872,0
rf2,65,384,1536,8,Empirical_copula,1416,0.921875,111.99781710836929,0
rf2,65,384,1536,8,Unscaled,1382,0.8997395833333334,3563.744679455665,0
rf2,65,384,1536,8,Point_CHR,1436,0.9348958333333334,189.8486546263552,0
rf2,65,384,1536,8,TSCP_R,1414,0.9205729166666666,138.5864350885863,0
rf2,66,384,1536,8,Empirical_copula,1359,0.884765625,26.91536422549484,0
rf2,66,384,1536,8,Unscaled,1355,0.8821614583333334,1539.4030904207575,0
rf2,66,384,1536,8,Point_CHR,1421,0.9251302083333334,100.70879160808433,0
rf2,66,384,1536,8,TSCP_R,1368,0.890625,77.74174746280475,0
rf2,67,384,1536,8,Empirical_copula,1365,0.888671875,71.70898696366717,0
rf2,67,384,1536,8,Unscaled,1392,0.90625,3002.505925573491,0
rf2,67,384,1536,8,Point_CHR,1391,0.9055989583333334,48.10165285888374,0
rf2,67,384,1536,8,TSCP_R,1379,0.8977864583333334,83.05794661610815,0
rf2,68,384,1536,8,Empirical_copula,1378,0.8971354166666666,26.65708818543446,0
rf2,68,384,1536,8,Unscaled,1406,0.9153645833333334,5292.079448184042,0
rf2,68,384,1536,8,Point_CHR,1413,0.919921875,105.3627482919165,0
rf2,68,384,1536,8,TSCP_R,1397,0.9095052083333334,111.5684897429932,0
rf2,69,384,1536,8,Empirical_copula,1349,0.8782552083333334,19.871778694910937,0
rf2,69,384,1536,8,Unscaled,1379,0.8977864583333334,4808.58595122913,0
rf2,69,384,1536,8,Point_CHR,1316,0.8567708333333334,7.076156276642269,0
rf2,69,384,1536,8,TSCP_R,1400,0.9114583333333334,4151.798202707184,0
rf2,70,384,1536,8,Empirical_copula,1372,0.8932291666666666,72.33335033297942,0
rf2,70,384,1536,8,Unscaled,1385,0.9016927083333334,4676.014089446481,0
rf2,70,384,1536,8,Point_CHR,1377,0.896484375,56.631264208777395,0
rf2,70,384,1536,8,TSCP_R,1382,0.8997395833333334,248.17676765926916,0
rf2,71,384,1536,8,Empirical_copula,1387,0.9029947916666666,90.82287479755975,0
rf2,71,384,1536,8,Unscaled,1365,0.888671875,2887.7085574673683,0
rf2,71,384,1536,8,Point_CHR,1433,0.9329427083333334,274.17331668417955,0
rf2,71,384,1536,8,TSCP_R,1378,0.8971354166666666,146.98856660354667,0
rf2,72,384,1536,8,Empirical_copula,1344,0.875,22.156575527868046,0
rf2,72,384,1536,8,Unscaled,1372,0.8932291666666666,2281.200574131904,0
rf2,72,384,1536,8,Point_CHR,1349,0.8782552083333334,16.951361196835048,0
rf2,72,384,1536,8,TSCP_R,1364,0.8880208333333334,35.26162303710311,0
rf2,73,384,1536,8,Empirical_copula,1345,0.8756510416666666,10.796490064847664,0
rf2,73,384,1536,8,Unscaled,1382,0.8997395833333334,1353.167384432941,0
rf2,73,384,1536,8,Point_CHR,1338,0.87109375,8.602805210774696,0
rf2,73,384,1536,8,TSCP_R,1359,0.884765625,13.223190389023353,0
rf2,74,384,1536,8,Empirical_copula,1378,0.8971354166666666,83.83409917219468,0
rf2,74,384,1536,8,Unscaled,1397,0.9095052083333334,5133.257670254757,0
rf2,74,384,1536,8,Point_CHR,1447,0.9420572916666666,695.8914406219149,0
rf2,74,384,1536,8,TSCP_R,1389,0.904296875,939.9260304176819,0
rf2,75,384,1536,8,Empirical_copula,1368,0.890625,29.1264544042372,0
rf2,75,384,1536,8,Unscaled,1364,0.8880208333333334,2153.181133007127,0
rf2,75,384,1536,8,Point_CHR,1388,0.9036458333333334,44.566857099630525,0
rf2,75,384,1536,8,TSCP_R,1382,0.8997395833333334,32.93316836687348,0
rf2,76,384,1536,8,Empirical_copula,1376,0.8958333333333334,26.82625855715066,0
rf2,76,384,1536,8,Unscaled,1370,0.8919270833333334,1863.370522484593,0
rf2,76,384,1536,8,Point_CHR,1376,0.8958333333333334,18.93506406188612,0
rf2,76,384,1536,8,TSCP_R,1387,0.9029947916666666,28.861622520009796,0
rf2,77,384,1536,8,Empirical_copula,1394,0.9075520833333334,63.84239427580732,0
rf2,77,384,1536,8,Unscaled,1407,0.916015625,5691.246854477472,0
rf2,77,384,1536,8,Point_CHR,1396,0.9088541666666666,44.747778819873716,0
rf2,77,384,1536,8,TSCP_R,1417,0.9225260416666666,265.5072118523693,0
rf2,78,384,1536,8,Empirical_copula,1347,0.876953125,14.882496401217033,0
rf2,78,384,1536,8,Unscaled,1372,0.8932291666666666,2712.4104124934597,0
rf2,78,384,1536,8,Point_CHR,1377,0.896484375,24.76618636670832,0
rf2,78,384,1536,8,TSCP_R,1378,0.8971354166666666,67.00802705080167,0
rf2,79,384,1536,8,Empirical_copula,1374,0.89453125,22.975746637881183,0
rf2,79,384,1536,8,Unscaled,1396,0.9088541666666666,4001.4436264905967,0
rf2,79,384,1536,8,Point_CHR,1404,0.9140625,49.16990229625188,0
rf2,79,384,1536,8,TSCP_R,1389,0.904296875,35.0166213431158,0
rf2,80,384,1536,8,Empirical_copula,1374,0.89453125,119.31801768225237,0
rf2,80,384,1536,8,Unscaled,1446,0.94140625,25906.38554573315,0
rf2,80,384,1536,8,Point_CHR,1448,0.9427083333333334,385.83314748330076,0
rf2,80,384,1536,8,TSCP_R,1381,0.8990885416666666,184.563498516932,0
rf2,81,384,1536,8,Empirical_copula,1372,0.8932291666666666,35.66154740857826,0
rf2,81,384,1536,8,Unscaled,1395,0.908203125,4247.5408943809225,0
rf2,81,384,1536,8,Point_CHR,1390,0.9049479166666666,51.430474201560266,0
rf2,81,384,1536,8,TSCP_R,1387,0.9029947916666666,261.9808881487118,0
rf2,82,384,1536,8,Empirical_copula,1336,0.8697916666666666,12.733968030387155,0
rf2,82,384,1536,8,Unscaled,1350,0.87890625,1530.749129912335,0
rf2,82,384,1536,8,Point_CHR,1363,0.8873697916666666,14.159083778988226,0
rf2,82,384,1536,8,TSCP_R,1381,0.8990885416666666,1714.5579607543937,0
rf2,83,384,1536,8,Empirical_copula,1370,0.8919270833333334,68.6984746009773,0
rf2,83,384,1536,8,Unscaled,1404,0.9140625,6958.658376790053,0
rf2,83,384,1536,8,Point_CHR,1381,0.8990885416666666,41.7837691889196,0
rf2,83,384,1536,8,TSCP_R,1389,0.904296875,764.30031624358,0
rf2,84,384,1536,8,Empirical_copula,1336,0.8697916666666666,13.060136910438251,0
rf2,84,384,1536,8,Unscaled,1351,0.8795572916666666,2222.8117098537905,0
rf2,84,384,1536,8,Point_CHR,1293,0.841796875,6.304030296669542,0
rf2,84,384,1536,8,TSCP_R,1361,0.8860677083333334,17.243677647015804,0
rf2,85,384,1536,8,Empirical_copula,1377,0.896484375,38.133865807987,0
rf2,85,384,1536,8,Unscaled,1372,0.8932291666666666,3097.8497317689475,0
rf2,85,384,1536,8,Point_CHR,1396,0.9088541666666666,34.37941603631132,0
rf2,85,384,1536,8,TSCP_R,1375,0.8951822916666666,33.648994583230106,0
rf2,86,384,1536,8,Empirical_copula,1401,0.912109375,68.31316861189276,0
rf2,86,384,1536,8,Unscaled,1386,0.90234375,3114.2773224574025,0
rf2,86,384,1536,8,Point_CHR,1390,0.9049479166666666,37.02309674469071,0
rf2,86,384,1536,8,TSCP_R,1403,0.9134114583333334,93.57665787696911,0
rf2,87,384,1536,8,Empirical_copula,1390,0.9049479166666666,30.60162446436866,0
rf2,87,384,1536,8,Unscaled,1425,0.927734375,6093.947746359857,0
rf2,87,384,1536,8,Point_CHR,1363,0.8873697916666666,12.699530838404732,0
rf2,87,384,1536,8,TSCP_R,1396,0.9088541666666666,108.67484095970671,0
rf2,88,384,1536,8,Empirical_copula,1383,0.900390625,46.685998859343115,0
rf2,88,384,1536,8,Unscaled,1393,0.9069010416666666,3911.080945888417,0
rf2,88,384,1536,8,Point_CHR,1399,0.9108072916666666,80.25126043738457,0
rf2,88,384,1536,8,TSCP_R,1397,0.9095052083333334,358.5588837388329,0
rf2,89,384,1536,8,Empirical_copula,1396,0.9088541666666666,105.3331425471232,0
rf2,89,384,1536,8,Unscaled,1376,0.8958333333333334,4732.727326279692,0
rf2,89,384,1536,8,Point_CHR,1364,0.8880208333333334,30.67082708066562,0
rf2,89,384,1536,8,TSCP_R,1402,0.9127604166666666,112.47100027138575,0
rf2,90,384,1536,8,Empirical_copula,1374,0.89453125,30.72339361588318,0
rf2,90,384,1536,8,Unscaled,1412,0.9192708333333334,4780.935642994783,0
rf2,90,384,1536,8,Point_CHR,1405,0.9147135416666666,53.02223976535303,0
rf2,90,384,1536,8,TSCP_R,1393,0.9069010416666666,323.1541161998339,0
rf2,91,384,1536,8,Empirical_copula,1363,0.8873697916666666,34.72064463768488,0
rf2,91,384,1536,8,Unscaled,1378,0.8971354166666666,2876.433813667707,0
rf2,91,384,1536,8,Point_CHR,1411,0.9186197916666666,93.0223114063115,0
rf2,91,384,1536,8,TSCP_R,1391,0.9055989583333334,1007.7346909248715,0
rf2,92,384,1536,8,Empirical_copula,1389,0.904296875,54.99778914679023,0
rf2,92,384,1536,8,Unscaled,1384,0.9010416666666666,2394.384511530038,0
rf2,92,384,1536,8,Point_CHR,1381,0.8990885416666666,37.720544840460526,0
rf2,92,384,1536,8,TSCP_R,1405,0.9147135416666666,227.18560767532975,0
rf2,93,384,1536,8,Empirical_copula,1331,0.8665364583333334,11.305029153889567,0
rf2,93,384,1536,8,Unscaled,1387,0.9029947916666666,2911.6278757928144,0
rf2,93,384,1536,8,Point_CHR,1348,0.8776041666666666,14.346597618099773,0
rf2,93,384,1536,8,TSCP_R,1346,0.8763020833333334,24.23654581994375,0
rf2,94,384,1536,8,Empirical_copula,1383,0.900390625,65.73822100740779,0
rf2,94,384,1536,8,Unscaled,1399,0.9108072916666666,5358.247746141487,0
rf2,94,384,1536,8,Point_CHR,1383,0.900390625,60.81622213846689,0
rf2,94,384,1536,8,TSCP_R,1386,0.90234375,147.16622825346442,0
rf2,95,384,1536,8,Empirical_copula,1392,0.90625,55.37950830571797,0
rf2,95,384,1536,8,Unscaled,1378,0.8971354166666666,4252.608859249644,0
rf2,95,384,1536,8,Point_CHR,1388,0.9036458333333334,40.54763147983458,0
rf2,95,384,1536,8,TSCP_R,1383,0.900390625,681.6022579620238,0
rf2,96,384,1536,8,Empirical_copula,1379,0.8977864583333334,34.27913003028341,0
rf2,96,384,1536,8,Unscaled,1367,0.8899739583333334,1755.0107680531157,0
rf2,96,384,1536,8,Point_CHR,1431,0.931640625,151.80243588750974,0
rf2,96,384,1536,8,TSCP_R,1396,0.9088541666666666,64.28784207875067,0
rf2,97,384,1536,8,Empirical_copula,1351,0.8795572916666666,25.867380316932536,0
rf2,97,384,1536,8,Unscaled,1372,0.8932291666666666,1984.9305845309696,0
rf2,97,384,1536,8,Point_CHR,1301,0.8470052083333334,7.631798924045397,0
rf2,97,384,1536,8,TSCP_R,1371,0.892578125,33.92409923788111,0
rf2,98,384,1536,8,Empirical_copula,1364,0.8880208333333334,32.08178298786802,0
rf2,98,384,1536,8,Unscaled,1360,0.8854166666666666,1688.3395133918755,0
rf2,98,384,1536,8,Point_CHR,1354,0.8815104166666666,24.231867250136798,0
rf2,98,384,1536,8,TSCP_R,1363,0.8873697916666666,37.478342755407006,0
rf2,99,384,1536,8,Empirical_copula,1392,0.90625,23.660739740141647,0
rf2,99,384,1536,8,Unscaled,1413,0.919921875,5576.885629744296,0
rf2,99,384,1536,8,Point_CHR,1395,0.908203125,18.735606029028396,0
rf2,99,384,1536,8,TSCP_R,1371,0.892578125,22.622152498328685,0
rf2,100,384,1536,8,Empirical_copula,1395,0.908203125,32.60862162035524,0
rf2,100,384,1536,8,Unscaled,1387,0.9029947916666666,4341.139220518827,0
rf2,100,384,1536,8,Point_CHR,1360,0.8854166666666666,14.8745266342168,0
rf2,100,384,1536,8,TSCP_R,1409,0.9173177083333334,128.36217477037616,0
rf2,101,384,1536,8,Empirical_copula,1390,0.9049479166666666,60.17438449086789,0
rf2,101,384,1536,8,Unscaled,1392,0.90625,5357.624359237879,0
rf2,101,384,1536,8,Point_CHR,1364,0.8880208333333334,21.85285056392409,0
rf2,101,384,1536,8,TSCP_R,1393,0.9069010416666666,199.570593571066,0
rf2,102,384,1536,8,Empirical_copula,1417,0.9225260416666666,67.98043905211736,0
rf2,102,384,1536,8,Unscaled,1420,0.9244791666666666,6461.305163600929,0
rf2,102,384,1536,8,Point_CHR,1412,0.9192708333333334,67.64856707530485,0
rf2,102,384,1536,8,TSCP_R,1423,0.9264322916666666,79.71427177370157,0
rf2,103,384,1536,8,Empirical_copula,1361,0.8860677083333334,20.377419538041117,0
rf2,103,384,1536,8,Unscaled,1388,0.9036458333333334,3094.253416970395,0
rf2,103,384,1536,8,Point_CHR,1411,0.9186197916666666,55.26725794904843,0
rf2,103,384,1536,8,TSCP_R,1386,0.90234375,79.72854936417608,0
rf2,104,384,1536,8,Empirical_copula,1349,0.8782552083333334,22.80021259733968,0
rf2,104,384,1536,8,Unscaled,1391,0.9055989583333334,5426.64685053093,0
rf2,104,384,1536,8,Point_CHR,1391,0.9055989583333334,60.50001874040519,0
rf2,104,384,1536,8,TSCP_R,1369,0.8912760416666666,40.766759186514804,0
rf2,105,384,1536,8,Empirical_copula,1394,0.9075520833333334,42.37562439832094,0
rf2,105,384,1536,8,Unscaled,1400,0.9114583333333334,3366.4189408493057,0
rf2,105,384,1536,8,Point_CHR,1427,0.9290364583333334,179.60685746978865,0
rf2,105,384,1536,8,TSCP_R,1398,0.91015625,64.85736483834424,0
rf2,106,384,1536,8,Empirical_copula,1402,0.9127604166666666,40.01540693621397,0
rf2,106,384,1536,8,Unscaled,1404,0.9140625,3514.4009631585886,0
rf2,106,384,1536,8,Point_CHR,1417,0.9225260416666666,67.60187118716779,0
rf2,106,384,1536,8,TSCP_R,1424,0.9270833333333334,76.31725445792834,0
rf2,107,384,1536,8,Empirical_copula,1367,0.8899739583333334,24.338022836534165,0
rf2,107,384,1536,8,Unscaled,1397,0.9095052083333334,4633.556759440422,0
rf2,107,384,1536,8,Point_CHR,1410,0.91796875,53.698064143220996,0
rf2,107,384,1536,8,TSCP_R,1389,0.904296875,86.3992526720761,0
rf2,108,384,1536,8,Empirical_copula,1378,0.8971354166666666,60.82265841980733,0
rf2,108,384,1536,8,Unscaled,1380,0.8984375,2961.119210555256,0
rf2,108,384,1536,8,Point_CHR,1411,0.9186197916666666,126.22990744605468,0
rf2,108,384,1536,8,TSCP_R,1377,0.896484375,123.9839644998204,0
rf2,109,384,1536,8,Empirical_copula,1386,0.90234375,40.55175164060832,0
rf2,109,384,1536,8,Unscaled,1392,0.90625,5696.4871529709335,0
rf2,109,384,1536,8,Point_CHR,1420,0.9244791666666666,154.16785179965697,0
rf2,109,384,1536,8,TSCP_R,1408,0.9166666666666666,1476.3619492776293,0
rf2,110,384,1536,8,Empirical_copula,1419,0.923828125,129.55709670967204,0
rf2,110,384,1536,8,Unscaled,1403,0.9134114583333334,5221.960837335639,0
rf2,110,384,1536,8,Point_CHR,1439,0.9368489583333334,256.31695698386204,0
rf2,110,384,1536,8,TSCP_R,1427,0.9290364583333334,402.9893880217218,0
rf2,111,384,1536,8,Empirical_copula,1378,0.8971354166666666,93.2683554559842,0
rf2,111,384,1536,8,Unscaled,1417,0.9225260416666666,5782.675706655593,0
rf2,111,384,1536,8,Point_CHR,1396,0.9088541666666666,50.32578877743849,0
rf2,111,384,1536,8,TSCP_R,1403,0.9134114583333334,2905.44337983276,0
rf2,112,384,1536,8,Empirical_copula,1374,0.89453125,39.51418506142593,0
rf2,112,384,1536,8,Unscaled,1377,0.896484375,3214.236886930834,0
rf2,112,384,1536,8,Point_CHR,1387,0.9029947916666666,46.07739991731342,0
rf2,112,384,1536,8,TSCP_R,1391,0.9055989583333334,147.0070722811687,0
rf2,113,384,1536,8,Empirical_copula,1365,0.888671875,37.531068708614754,0
rf2,113,384,1536,8,Unscaled,1395,0.908203125,6324.8988103804695,0
rf2,113,384,1536,8,Point_CHR,1372,0.8932291666666666,46.63033893073352,0
rf2,113,384,1536,8,TSCP_R,1381,0.8990885416666666,164.7339047369263,0
rf2,114,384,1536,8,Empirical_copula,1383,0.900390625,61.350565517839854,0
rf2,114,384,1536,8,Unscaled,1410,0.91796875,3754.2985352738683,0
rf2,114,384,1536,8,Point_CHR,1390,0.9049479166666666,33.22985837662302,0
rf2,114,384,1536,8,TSCP_R,1377,0.896484375,1197.3594260923699,0
rf2,115,384,1536,8,Empirical_copula,1384,0.9010416666666666,85.65964719294675,0
rf2,115,384,1536,8,Unscaled,1385,0.9016927083333334,3298.3743013634844,0
rf2,115,384,1536,8,Point_CHR,1386,0.90234375,67.65463384093871,0
rf2,115,384,1536,8,TSCP_R,1405,0.9147135416666666,189.06644219670846,0
rf2,116,384,1536,8,Empirical_copula,1363,0.8873697916666666,26.80993785980958,0
rf2,116,384,1536,8,Unscaled,1368,0.890625,2226.457339706233,0
rf2,116,384,1536,8,Point_CHR,1379,0.8977864583333334,27.189821163814877,0
rf2,116,384,1536,8,TSCP_R,1382,0.8997395833333334,37.93606539808039,0
rf2,117,384,1536,8,Empirical_copula,1369,0.8912760416666666,51.5242582808712,0
rf2,117,384,1536,8,Unscaled,1387,0.9029947916666666,3062.957707211367,0
rf2,117,384,1536,8,Point_CHR,1348,0.8776041666666666,14.446635884238473,0
rf2,117,384,1536,8,TSCP_R,1401,0.912109375,134.36867694271652,0
rf2,118,384,1536,8,Empirical_copula,1310,0.8528645833333334,10.328371208496716,0
rf2,118,384,1536,8,Unscaled,1346,0.8763020833333334,1756.910726736444,0
rf2,118,384,1536,8,Point_CHR,1274,0.8294270833333334,4.606257035917298,0
rf2,118,384,1536,8,TSCP_R,1323,0.861328125,74.66533298882972,0
rf2,119,384,1536,8,Empirical_copula,1348,0.8776041666666666,12.87255258827662,0
rf2,119,384,1536,8,Unscaled,1378,0.8971354166666666,2006.1255371417599,0
rf2,119,384,1536,8,Point_CHR,1381,0.8990885416666666,22.395312024231437,0
rf2,119,384,1536,8,TSCP_R,1372,0.8932291666666666,344.9577344345447,0
rf2,120,384,1536,8,Empirical_copula,1380,0.8984375,19.49176912519279,0
rf2,120,384,1536,8,Unscaled,1387,0.9029947916666666,2475.9669449014673,0
rf2,120,384,1536,8,Point_CHR,1376,0.8958333333333334,15.223616702836777,0
rf2,120,384,1536,8,TSCP_R,1385,0.9016927083333334,132.70033895010917,0
rf2,121,384,1536,8,Empirical_copula,1345,0.8756510416666666,16.351384240835987,0
rf2,121,384,1536,8,Unscaled,1355,0.8821614583333334,1980.0945675009366,0
rf2,121,384,1536,8,Point_CHR,1390,0.9049479166666666,35.04863372411541,0
rf2,121,384,1536,8,TSCP_R,1376,0.8958333333333334,292.10313262086794,0
rf2,122,384,1536,8,Empirical_copula,1338,0.87109375,66.17874900939454,0
rf2,122,384,1536,8,Unscaled,1363,0.8873697916666666,2746.331645145346,0
rf2,122,384,1536,8,Point_CHR,1378,0.8971354166666666,32.79875375535174,0
rf2,122,384,1536,8,TSCP_R,1382,0.8997395833333334,353.0750464979164,0
rf2,123,384,1536,8,Empirical_copula,1398,0.91015625,189.09444355055712,0
rf2,123,384,1536,8,Unscaled,1385,0.9016927083333334,4663.8239705381375,0
rf2,123,384,1536,8,Point_CHR,1399,0.9108072916666666,65.58912645916999,0
rf2,123,384,1536,8,TSCP_R,1390,0.9049479166666666,145.1426562470378,0
rf2,124,384,1536,8,Empirical_copula,1404,0.9140625,242.48623707834105,0
rf2,124,384,1536,8,Unscaled,1410,0.91796875,7729.110144524054,0
rf2,124,384,1536,8,Point_CHR,1413,0.919921875,149.41464445804775,0
rf2,124,384,1536,8,TSCP_R,1420,0.9244791666666666,530.3738557322181,0
rf2,125,384,1536,8,Empirical_copula,1318,0.8580729166666666,8.3123435368651,0
rf2,125,384,1536,8,Unscaled,1376,0.8958333333333334,1915.8381249378624,0
rf2,125,384,1536,8,Point_CHR,1342,0.8736979166666666,8.988376789215387,0
rf2,125,384,1536,8,TSCP_R,1324,0.8619791666666666,10.594041005367641,0
rf2,126,384,1536,8,Empirical_copula,1364,0.8880208333333334,9.882266561303586,0
rf2,126,384,1536,8,Unscaled,1348,0.8776041666666666,1393.688272894086,0
rf2,126,384,1536,8,Point_CHR,1359,0.884765625,9.461024745114699,0
rf2,126,384,1536,8,TSCP_R,1356,0.8828125,8.793010361316004,0
rf2,127,384,1536,8,Empirical_copula,1353,0.880859375,24.547059935680977,0
rf2,127,384,1536,8,Unscaled,1353,0.880859375,1953.4672807116315,0
rf2,127,384,1536,8,Point_CHR,1391,0.9055989583333334,44.37802640390771,0
rf2,127,384,1536,8,TSCP_R,1369,0.8912760416666666,299.48632118500285,0
rf2,128,384,1536,8,Empirical_copula,1389,0.904296875,42.11730187778374,0
rf2,128,384,1536,8,Unscaled,1383,0.900390625,2673.749295573644,0
rf2,128,384,1536,8,Point_CHR,1367,0.8899739583333334,23.174680921577615,0
rf2,128,384,1536,8,TSCP_R,1403,0.9134114583333334,68.42634986074391,0
rf2,129,384,1536,8,Empirical_copula,1345,0.8756510416666666,15.613165286538395,0
rf2,129,384,1536,8,Unscaled,1387,0.9029947916666666,2657.8712388557124,0
rf2,129,384,1536,8,Point_CHR,1375,0.8951822916666666,18.47868726230801,0
rf2,129,384,1536,8,TSCP_R,1340,0.8723958333333334,41.10493264885224,0
rf2,130,384,1536,8,Empirical_copula,1387,0.9029947916666666,62.006488763526754,0
rf2,130,384,1536,8,Unscaled,1400,0.9114583333333334,5125.467316790034,0
rf2,130,384,1536,8,Point_CHR,1442,0.9388020833333334,247.95825468509022,0
rf2,130,384,1536,8,TSCP_R,1403,0.9134114583333334,83.71129395346667,0
rf2,131,384,1536,8,Empirical_copula,1350,0.87890625,13.357799086466215,0
rf2,131,384,1536,8,Unscaled,1337,0.8704427083333334,1267.268474371843,0
rf2,131,384,1536,8,Point_CHR,1382,0.8997395833333334,23.183240528672695,0
rf2,131,384,1536,8,TSCP_R,1357,0.8834635416666666,45.70911542377781,0
rf2,132,384,1536,8,Empirical_copula,1364,0.8880208333333334,34.91119652996711,0
rf2,132,384,1536,8,Unscaled,1399,0.9108072916666666,3922.1568970998383,0
rf2,132,384,1536,8,Point_CHR,1372,0.8932291666666666,16.353893577095278,0
rf2,132,384,1536,8,TSCP_R,1400,0.9114583333333334,50.90381108659489,0
rf2,133,384,1536,8,Empirical_copula,1409,0.9173177083333334,95.9178538697729,0
rf2,133,384,1536,8,Unscaled,1371,0.892578125,2261.134176745395,0
rf2,133,384,1536,8,Point_CHR,1353,0.880859375,18.435331995675174,0
rf2,133,384,1536,8,TSCP_R,1406,0.9153645833333334,134.21504614903793,0
rf2,134,384,1536,8,Empirical_copula,1334,0.8684895833333334,27.958697226093324,0
rf2,134,384,1536,8,Unscaled,1335,0.869140625,2004.170878291146,0
rf2,134,384,1536,8,Point_CHR,1338,0.87109375,18.058017924119024,0
rf2,134,384,1536,8,TSCP_R,1333,0.8678385416666666,407.27468106961123,0
rf2,135,384,1536,8,Empirical_copula,1384,0.9010416666666666,33.996128650893645,0
rf2,135,384,1536,8,Unscaled,1392,0.90625,5308.132361739128,0
rf2,135,384,1536,8,Point_CHR,1356,0.8828125,16.624022654750284,0
rf2,135,384,1536,8,TSCP_R,1400,0.9114583333333334,96.08460067935113,0
rf2,136,384,1536,8,Empirical_copula,1412,0.9192708333333334,96.44507871841692,0
rf2,136,384,1536,8,Unscaled,1423,0.9264322916666666,7774.492528055455,0
rf2,136,384,1536,8,Point_CHR,1420,0.9244791666666666,72.46422660543584,0
rf2,136,384,1536,8,TSCP_R,1434,0.93359375,481.3945384377516,0
rf2,137,384,1536,8,Empirical_copula,1361,0.8860677083333334,14.627005528041767,0
rf2,137,384,1536,8,Unscaled,1376,0.8958333333333334,2238.0327810371323,0
rf2,137,384,1536,8,Point_CHR,1388,0.9036458333333334,30.503373196451925,0
rf2,137,384,1536,8,TSCP_R,1397,0.9095052083333334,42.29014066365711,0
rf2,138,384,1536,8,Empirical_copula,1400,0.9114583333333334,75.98731716296903,0
rf2,138,384,1536,8,Unscaled,1418,0.9231770833333334,9584.677065099264,0
rf2,138,384,1536,8,Point_CHR,1433,0.9329427083333334,171.922681510384,0
rf2,138,384,1536,8,TSCP_R,1401,0.912109375,491.15985189785573,0
rf2,139,384,1536,8,Empirical_copula,1386,0.90234375,33.56592042807633,0
rf2,139,384,1536,8,Unscaled,1423,0.9264322916666666,4263.646981683456,0
rf2,139,384,1536,8,Point_CHR,1405,0.9147135416666666,37.19172453615535,0
rf2,139,384,1536,8,TSCP_R,1404,0.9140625,114.04827841570449,0
rf2,140,384,1536,8,Empirical_copula,1381,0.8990885416666666,31.50470822227187,0
rf2,140,384,1536,8,Unscaled,1390,0.9049479166666666,4756.95841219967,0
rf2,140,384,1536,8,Point_CHR,1392,0.90625,41.32480891946694,0
rf2,140,384,1536,8,TSCP_R,1404,0.9140625,250.81260507148122,0
rf2,141,384,1536,8,Empirical_copula,1368,0.890625,127.35958905204413,0
rf2,141,384,1536,8,Unscaled,1366,0.8893229166666666,3627.3182419100267,0
rf2,141,384,1536,8,Point_CHR,1393,0.9069010416666666,81.31046516259669,0
rf2,141,384,1536,8,TSCP_R,1388,0.9036458333333334,147.4492571612734,0
rf2,142,384,1536,8,Empirical_copula,1376,0.8958333333333334,62.63060735447708,0
rf2,142,384,1536,8,Unscaled,1406,0.9153645833333334,5693.775435397971,0
rf2,142,384,1536,8,Point_CHR,1341,0.873046875,14.580972019642761,0
rf2,142,384,1536,8,TSCP_R,1390,0.9049479166666666,213.64327411621156,0
rf2,143,384,1536,8,Empirical_copula,1408,0.9166666666666666,49.325121544488454,0
rf2,143,384,1536,8,Unscaled,1378,0.8971354166666666,2590.010207801454,0
rf2,143,384,1536,8,Point_CHR,1424,0.9270833333333334,90.06090356733743,0
rf2,143,384,1536,8,TSCP_R,1408,0.9166666666666666,111.93218208298599,0
rf2,144,384,1536,8,Empirical_copula,1398,0.91015625,90.92910035556572,0
rf2,144,384,1536,8,Unscaled,1357,0.8834635416666666,2417.1487435238623,0
rf2,144,384,1536,8,Point_CHR,1422,0.92578125,333.73319855846853,0
rf2,144,384,1536,8,TSCP_R,1367,0.8899739583333334,92.39052446729858,0
rf2,145,384,1536,8,Empirical_copula,1361,0.8860677083333334,34.093417810949845,0
rf2,145,384,1536,8,Unscaled,1342,0.8736979166666666,1711.0947493358226,0
rf2,145,384,1536,8,Point_CHR,1314,0.85546875,8.57891727459537,0
rf2,145,384,1536,8,TSCP_R,1376,0.8958333333333334,1173.053754190377,0
rf2,146,384,1536,8,Empirical_copula,1385,0.9016927083333334,39.320192905187255,0
rf2,146,384,1536,8,Unscaled,1366,0.8893229166666666,2983.663766141057,0
rf2,146,384,1536,8,Point_CHR,1374,0.89453125,22.63078046882389,0
rf2,146,384,1536,8,TSCP_R,1384,0.9010416666666666,46.24473020215541,0
rf2,147,384,1536,8,Empirical_copula,1349,0.8782552083333334,27.511231631566147,0
rf2,147,384,1536,8,Unscaled,1370,0.8919270833333334,3273.7925870886224,0
rf2,147,384,1536,8,Point_CHR,1397,0.9095052083333334,44.13548343594618,0
rf2,147,384,1536,8,TSCP_R,1348,0.8776041666666666,23.418281166286462,0
rf2,148,384,1536,8,Empirical_copula,1367,0.8899739583333334,41.54399930609328,0
rf2,148,384,1536,8,Unscaled,1399,0.9108072916666666,4330.2270267793865,0
rf2,148,384,1536,8,Point_CHR,1411,0.9186197916666666,80.34515693665693,0
rf2,148,384,1536,8,TSCP_R,1403,0.9134114583333334,341.08082021483676,0
rf2,149,384,1536,8,Empirical_copula,1382,0.8997395833333334,63.97682232171576,0
rf2,149,384,1536,8,Unscaled,1390,0.9049479166666666,4940.830803467601,0
rf2,149,384,1536,8,Point_CHR,1376,0.8958333333333334,50.38276008765192,0
rf2,149,384,1536,8,TSCP_R,1404,0.9140625,333.95927912491754,0
rf2,150,384,1536,8,Empirical_copula,1331,0.8665364583333334,21.305814494843105,0
rf2,150,384,1536,8,Unscaled,1318,0.8580729166666666,1272.0000963909047,0
rf2,150,384,1536,8,Point_CHR,1361,0.8860677083333334,27.614860843611886,0
rf2,150,384,1536,8,TSCP_R,1342,0.8736979166666666,486.7740961401153,0
rf2,151,384,1536,8,Empirical_copula,1385,0.9016927083333334,44.331400459865606,0
rf2,151,384,1536,8,Unscaled,1384,0.9010416666666666,3747.4320786713765,0
rf2,151,384,1536,8,Point_CHR,1401,0.912109375,70.15551291995975,0
rf2,151,384,1536,8,TSCP_R,1410,0.91796875,251.67327663726093,0
rf2,152,384,1536,8,Empirical_copula,1375,0.8951822916666666,66.27528473968043,0
rf2,152,384,1536,8,Unscaled,1409,0.9173177083333334,7693.958889523877,0
rf2,152,384,1536,8,Point_CHR,1427,0.9290364583333334,181.46312943990446,0
rf2,152,384,1536,8,TSCP_R,1389,0.904296875,235.59280556717445,0
rf2,153,384,1536,8,Empirical_copula,1357,0.8834635416666666,24.588189483785147,0
rf2,153,384,1536,8,Unscaled,1395,0.908203125,3788.466742281959,0
rf2,153,384,1536,8,Point_CHR,1342,0.8736979166666666,15.989128778420387,0
rf2,153,384,1536,8,TSCP_R,1396,0.9088541666666666,679.578000305154,0
rf2,154,384,1536,8,Empirical_copula,1393,0.9069010416666666,31.672894687087894,0
rf2,154,384,1536,8,Unscaled,1406,0.9153645833333334,5074.207799585869,0
rf2,154,384,1536,8,Point_CHR,1428,0.9296875,96.33459130490114,0
rf2,154,384,1536,8,TSCP_R,1401,0.912109375,590.4518111475209,0
rf2,155,384,1536,8,Empirical_copula,1356,0.8828125,21.780168344185796,0
rf2,155,384,1536,8,Unscaled,1416,0.921875,5058.3695372391585,0
rf2,155,384,1536,8,Point_CHR,1384,0.9010416666666666,31.525462379847756,0
rf2,155,384,1536,8,TSCP_R,1375,0.8951822916666666,36.66869388307705,0
rf2,156,384,1536,8,Empirical_copula,1380,0.8984375,23.762408203041375,0
rf2,156,384,1536,8,Unscaled,1375,0.8951822916666666,2447.078736240641,0
rf2,156,384,1536,8,Point_CHR,1390,0.9049479166666666,38.34403317398532,0
rf2,156,384,1536,8,TSCP_R,1360,0.8854166666666666,55.53664661804753,0
rf2,157,384,1536,8,Empirical_copula,1369,0.8912760416666666,66.4808806099338,0
rf2,157,384,1536,8,Unscaled,1372,0.8932291666666666,3762.0663536327907,0
rf2,157,384,1536,8,Point_CHR,1383,0.900390625,70.76030665648042,0
rf2,157,384,1536,8,TSCP_R,1375,0.8951822916666666,1388.2671394358636,0
rf2,158,384,1536,8,Empirical_copula,1364,0.8880208333333334,33.926438010303734,0
rf2,158,384,1536,8,Unscaled,1373,0.8938802083333334,3510.294075325343,0
rf2,158,384,1536,8,Point_CHR,1433,0.9329427083333334,110.97130086379524,0
rf2,158,384,1536,8,TSCP_R,1375,0.8951822916666666,228.27768563619188,0
rf2,159,384,1536,8,Empirical_copula,1374,0.89453125,32.978860003058685,0
rf2,159,384,1536,8,Unscaled,1367,0.8899739583333334,2323.424519274781,0
rf2,159,384,1536,8,Point_CHR,1400,0.9114583333333334,50.3471925821483,0
rf2,159,384,1536,8,TSCP_R,1385,0.9016927083333334,62.29561056888928,0
rf2,160,384,1536,8,Empirical_copula,1388,0.9036458333333334,30.6250126264171,0
rf2,160,384,1536,8,Unscaled,1397,0.9095052083333334,2970.552343434505,0
rf2,160,384,1536,8,Point_CHR,1389,0.904296875,23.535059642441347,0
rf2,160,384,1536,8,TSCP_R,1398,0.91015625,73.0225081948755,0
rf2,161,384,1536,8,Empirical_copula,1340,0.8723958333333334,18.48361719120372,0
rf2,161,384,1536,8,Unscaled,1399,0.9108072916666666,4024.935902539176,0
rf2,161,384,1536,8,Point_CHR,1388,0.9036458333333334,51.58325497070884,0
rf2,161,384,1536,8,TSCP_R,1395,0.908203125,112.82380136512091,0
rf2,162,384,1536,8,Empirical_copula,1337,0.8704427083333334,19.16660112044549,0
rf2,162,384,1536,8,Unscaled,1382,0.8997395833333334,3328.628245415152,0
rf2,162,384,1536,8,Point_CHR,1426,0.9283854166666666,78.11851400788434,0
rf2,162,384,1536,8,TSCP_R,1403,0.9134114583333334,2085.875273851004,0
rf2,163,384,1536,8,Empirical_copula,1331,0.8665364583333334,8.925421885641,0
rf2,163,384,1536,8,Unscaled,1363,0.8873697916666666,1861.5319867799947,0
rf2,163,384,1536,8,Point_CHR,1355,0.8821614583333334,14.258880638880639,0
rf2,163,384,1536,8,TSCP_R,1331,0.8665364583333334,10.017832788226487,0
rf2,164,384,1536,8,Empirical_copula,1385,0.9016927083333334,74.39811835921404,0
rf2,164,384,1536,8,Unscaled,1396,0.9088541666666666,3931.3941905343713,0
rf2,164,384,1536,8,Point_CHR,1394,0.9075520833333334,70.20710581371209,0
rf2,164,384,1536,8,TSCP_R,1382,0.8997395833333334,78.36797096912812,0
rf2,165,384,1536,8,Empirical_copula,1413,0.919921875,132.61659508842192,0
rf2,165,384,1536,8,Unscaled,1386,0.90234375,3675.3068136414263,0
rf2,165,384,1536,8,Point_CHR,1423,0.9264322916666666,114.80783823758446,0
rf2,165,384,1536,8,TSCP_R,1426,0.9283854166666666,3095.030263557904,0
rf2,166,384,1536,8,Empirical_copula,1380,0.8984375,36.9086061349545,0
rf2,166,384,1536,8,Unscaled,1386,0.90234375,2549.357726672507,0
rf2,166,384,1536,8,Point_CHR,1407,0.916015625,55.06904794565788,0
rf2,166,384,1536,8,TSCP_R,1392,0.90625,104.34674800996963,0
rf2,167,384,1536,8,Empirical_copula,1368,0.890625,62.89876881789265,0
rf2,167,384,1536,8,Unscaled,1377,0.896484375,4022.631660865782,0
rf2,167,384,1536,8,Point_CHR,1397,0.9095052083333334,50.47073347748224,0
rf2,167,384,1536,8,TSCP_R,1399,0.9108072916666666,1831.076472055418,0
rf2,168,384,1536,8,Empirical_copula,1378,0.8971354166666666,61.83944853949882,0
rf2,168,384,1536,8,Unscaled,1384,0.9010416666666666,4659.051244207786,0
rf2,168,384,1536,8,Point_CHR,1407,0.916015625,130.59095727316725,0
rf2,168,384,1536,8,TSCP_R,1409,0.9173177083333334,2673.6701443555357,0
rf2,169,384,1536,8,Empirical_copula,1367,0.8899739583333334,83.807458360232,0
rf2,169,384,1536,8,Unscaled,1396,0.9088541666666666,5788.759634593406,0
rf2,169,384,1536,8,Point_CHR,1331,0.8665364583333334,16.645979760180797,0
rf2,169,384,1536,8,TSCP_R,1403,0.9134114583333334,190.37892763215842,0
rf2,170,384,1536,8,Empirical_copula,1373,0.8938802083333334,27.412351272637686,0
rf2,170,384,1536,8,Unscaled,1373,0.8938802083333334,3013.699193795297,0
rf2,170,384,1536,8,Point_CHR,1422,0.92578125,112.81884238921783,0
rf2,170,384,1536,8,TSCP_R,1378,0.8971354166666666,44.27217944627917,0
rf2,171,384,1536,8,Empirical_copula,1382,0.8997395833333334,103.55409294391517,0
rf2,171,384,1536,8,Unscaled,1371,0.892578125,2319.892559864204,0
rf2,171,384,1536,8,Point_CHR,1417,0.9225260416666666,86.27025012241722,0
rf2,171,384,1536,8,TSCP_R,1430,0.9309895833333334,994.4304853622547,0
rf2,172,384,1536,8,Empirical_copula,1426,0.9283854166666666,299.9592078700035,0
rf2,172,384,1536,8,Unscaled,1433,0.9329427083333334,11472.462341841547,0
rf2,172,384,1536,8,Point_CHR,1425,0.927734375,126.76551291468803,0
rf2,172,384,1536,8,TSCP_R,1437,0.935546875,362.4655802355687,0
rf2,173,384,1536,8,Empirical_copula,1389,0.904296875,48.26703125725842,0
rf2,173,384,1536,8,Unscaled,1360,0.8854166666666666,2661.74107733568,0
rf2,173,384,1536,8,Point_CHR,1385,0.9016927083333334,38.922005299441416,0
rf2,173,384,1536,8,TSCP_R,1387,0.9029947916666666,72.59447717516754,0
rf2,174,384,1536,8,Empirical_copula,1423,0.9264322916666666,160.1589021173797,0
rf2,174,384,1536,8,Unscaled,1439,0.9368489583333334,10358.395906834858,0
rf2,174,384,1536,8,Point_CHR,1424,0.9270833333333334,118.31971751646675,0
rf2,174,384,1536,8,TSCP_R,1424,0.9270833333333334,3409.008831854464,0
rf2,175,384,1536,8,Empirical_copula,1335,0.869140625,15.086909202181422,0
rf2,175,384,1536,8,Unscaled,1368,0.890625,3006.2304719043686,0
rf2,175,384,1536,8,Point_CHR,1329,0.865234375,9.617545159639407,0
rf2,175,384,1536,8,TSCP_R,1349,0.8782552083333334,35.21662142175157,0
rf2,176,384,1536,8,Empirical_copula,1411,0.9186197916666666,171.55308716363612,0
rf2,176,384,1536,8,Unscaled,1411,0.9186197916666666,7279.703838725769,0
rf2,176,384,1536,8,Point_CHR,1443,0.939453125,383.8762429440342,0
rf2,176,384,1536,8,TSCP_R,1427,0.9290364583333334,796.3104161480256,0
rf2,177,384,1536,8,Empirical_copula,1363,0.8873697916666666,22.546955354115443,0
rf2,177,384,1536,8,Unscaled,1364,0.8880208333333334,2525.661062897931,0
rf2,177,384,1536,8,Point_CHR,1378,0.8971354166666666,41.91512765510634,0
rf2,177,384,1536,8,TSCP_R,1360,0.8854166666666666,6050.090638540946,0
rf2,178,384,1536,8,Empirical_copula,1404,0.9140625,25.677990856087398,0
rf2,178,384,1536,8,Unscaled,1401,0.912109375,3498.892552937163,0
rf2,178,384,1536,8,Point_CHR,1422,0.92578125,63.19861126154775,0
rf2,178,384,1536,8,TSCP_R,1393,0.9069010416666666,24.884698270043305,0
rf2,179,384,1536,8,Empirical_copula,1392,0.90625,58.43093841184105,0
rf2,179,384,1536,8,Unscaled,1402,0.9127604166666666,4537.445317731925,0
rf2,179,384,1536,8,Point_CHR,1399,0.9108072916666666,48.681698876318926,0
rf2,179,384,1536,8,TSCP_R,1403,0.9134114583333334,91.6728607786788,0
rf2,180,384,1536,8,Empirical_copula,1285,0.8365885416666666,7.657414802782107,0
rf2,180,384,1536,8,Unscaled,1328,0.8645833333333334,2047.040833189331,0
rf2,180,384,1536,8,Point_CHR,1343,0.8743489583333334,17.928623111000718,0
rf2,180,384,1536,8,TSCP_R,1304,0.8489583333333334,15.577913975031695,0
rf2,181,384,1536,8,Empirical_copula,1341,0.873046875,10.82585557079723,0
rf2,181,384,1536,8,Unscaled,1324,0.8619791666666666,939.8184607039395,0
rf2,181,384,1536,8,Point_CHR,1304,0.8489583333333334,5.370993245453829,0
rf2,181,384,1536,8,TSCP_R,1352,0.8802083333333334,11.526282745540357,0
rf2,182,384,1536,8,Empirical_copula,1348,0.8776041666666666,21.26771018835919,0
rf2,182,384,1536,8,Unscaled,1372,0.8932291666666666,3375.787484568494,0
rf2,182,384,1536,8,Point_CHR,1368,0.890625,20.13176822450471,0
rf2,182,384,1536,8,TSCP_R,1362,0.88671875,2899.4299367419867,0
rf2,183,384,1536,8,Empirical_copula,1330,0.8658854166666666,10.604423463700263,0
rf2,183,384,1536,8,Unscaled,1295,0.8430989583333334,499.8946241028105,0
rf2,183,384,1536,8,Point_CHR,1382,0.8997395833333334,28.42891554482701,0
rf2,183,384,1536,8,TSCP_R,1341,0.873046875,15.724630850960727,0
rf2,184,384,1536,8,Empirical_copula,1388,0.9036458333333334,65.29493662720266,0
rf2,184,384,1536,8,Unscaled,1366,0.8893229166666666,3135.4496725285626,0
rf2,184,384,1536,8,Point_CHR,1402,0.9127604166666666,93.13134233777903,0
rf2,184,384,1536,8,TSCP_R,1391,0.9055989583333334,216.1139463116314,0
rf2,185,384,1536,8,Empirical_copula,1326,0.86328125,12.099826032806169,0
rf2,185,384,1536,8,Unscaled,1339,0.8717447916666666,1644.0892759978017,0
rf2,185,384,1536,8,Point_CHR,1334,0.8684895833333334,19.11977608238773,0
rf2,185,384,1536,8,TSCP_R,1327,0.8639322916666666,15.021819466716897,0
rf2,186,384,1536,8,Empirical_copula,1335,0.869140625,23.099838284463022,0
rf2,186,384,1536,8,Unscaled,1349,0.8782552083333334,1924.266440967659,0
rf2,186,384,1536,8,Point_CHR,1364,0.8880208333333334,36.41014314909151,0
rf2,186,384,1536,8,TSCP_R,1342,0.8736979166666666,26.022919094100764,0
rf2,187,384,1536,8,Empirical_copula,1355,0.8821614583333334,49.68095021073838,0
rf2,187,384,1536,8,Unscaled,1415,0.9212239583333334,8798.055653520902,0
rf2,187,384,1536,8,Point_CHR,1306,0.8502604166666666,10.56382702150247,0
rf2,187,384,1536,8,TSCP_R,1399,0.9108072916666666,195.80006277102967,0
rf2,188,384,1536,8,Empirical_copula,1395,0.908203125,47.379353123797024,0
rf2,188,384,1536,8,Unscaled,1357,0.8834635416666666,2614.0856660547524,0
rf2,188,384,1536,8,Point_CHR,1373,0.8938802083333334,18.736166862636182,0
rf2,188,384,1536,8,TSCP_R,1409,0.9173177083333334,81.03118009696868,0
rf2,189,384,1536,8,Empirical_copula,1366,0.8893229166666666,14.348625372492187,0
rf2,189,384,1536,8,Unscaled,1405,0.9147135416666666,4978.642941302007,0
rf2,189,384,1536,8,Point_CHR,1366,0.8893229166666666,15.481978713018615,0
rf2,189,384,1536,8,TSCP_R,1389,0.904296875,48.89015750858414,0
rf2,190,384,1536,8,Empirical_copula,1333,0.8678385416666666,14.367728341742056,0
rf2,190,384,1536,8,Unscaled,1360,0.8854166666666666,2380.8440512691977,0
rf2,190,384,1536,8,Point_CHR,1377,0.896484375,28.843999746260963,0
rf2,190,384,1536,8,TSCP_R,1352,0.8802083333333334,67.26086117333956,0
rf2,191,384,1536,8,Empirical_copula,1368,0.890625,40.20415428632644,0
rf2,191,384,1536,8,Unscaled,1336,0.8697916666666666,1194.5904104077638,0
rf2,191,384,1536,8,Point_CHR,1416,0.921875,104.31193183412545,0
rf2,191,384,1536,8,TSCP_R,1401,0.912109375,149.51967893651516,0
rf2,192,384,1536,8,Empirical_copula,1344,0.875,13.079433792861728,0
rf2,192,384,1536,8,Unscaled,1393,0.9069010416666666,3356.6314929693776,0
rf2,192,384,1536,8,Point_CHR,1389,0.904296875,36.206469016823704,0
rf2,192,384,1536,8,TSCP_R,1354,0.8815104166666666,14.84163290983016,0
rf2,193,384,1536,8,Empirical_copula,1330,0.8658854166666666,17.09851731241626,0
rf2,193,384,1536,8,Unscaled,1367,0.8899739583333334,2724.1030355488083,0
rf2,193,384,1536,8,Point_CHR,1364,0.8880208333333334,25.436454009452593,0
rf2,193,384,1536,8,TSCP_R,1353,0.880859375,719.7493152904531,0
rf2,194,384,1536,8,Empirical_copula,1365,0.888671875,31.670672872811025,0
rf2,194,384,1536,8,Unscaled,1365,0.888671875,4329.242224569574,0
rf2,194,384,1536,8,Point_CHR,1377,0.896484375,31.532066569378742,0
rf2,194,384,1536,8,TSCP_R,1359,0.884765625,82.04234219115997,0
rf2,195,384,1536,8,Empirical_copula,1381,0.8990885416666666,40.31182936767546,0
rf2,195,384,1536,8,Unscaled,1384,0.9010416666666666,3686.2726961749177,0
rf2,195,384,1536,8,Point_CHR,1365,0.888671875,24.05174200684114,0
rf2,195,384,1536,8,TSCP_R,1379,0.8977864583333334,960.1798951880402,0
rf2,196,384,1536,8,Empirical_copula,1389,0.904296875,57.07889513091213,0
rf2,196,384,1536,8,Unscaled,1420,0.9244791666666666,7116.813913253594,0
rf2,196,384,1536,8,Point_CHR,1400,0.9114583333333334,80.15060933063987,0
rf2,196,384,1536,8,TSCP_R,1414,0.9205729166666666,138.0151560787865,0
rf2,197,384,1536,8,Empirical_copula,1371,0.892578125,25.193990735797055,0
rf2,197,384,1536,8,Unscaled,1386,0.90234375,5369.398124284637,0
rf2,197,384,1536,8,Point_CHR,1382,0.8997395833333334,35.58279092043028,0
rf2,197,384,1536,8,TSCP_R,1387,0.9029947916666666,42.67174221196676,0
rf2,198,384,1536,8,Empirical_copula,1367,0.8899739583333334,28.061023484970654,0
rf2,198,384,1536,8,Unscaled,1378,0.8971354166666666,2008.163582107632,0
rf2,198,384,1536,8,Point_CHR,1351,0.8795572916666666,18.114054105871947,0
rf2,198,384,1536,8,TSCP_R,1381,0.8990885416666666,31.73083375529447,0
rf2,199,384,1536,8,Empirical_copula,1406,0.9153645833333334,66.49423668142859,0
rf2,199,384,1536,8,Unscaled,1429,0.9303385416666666,5773.684070109522,0
rf2,199,384,1536,8,Point_CHR,1448,0.9427083333333334,525.0400821964365,0
rf2,199,384,1536,8,TSCP_R,1418,0.9231770833333334,135.1871451274846,0
scm1d,0,490,1961,16,Empirical_copula,1711,0.8725140234574197,2.6238753100689895e+38,0
scm1d,0,490,1961,16,Unscaled,1718,0.8760836308006119,6.5027420171250875e+38,0
scm1d,0,490,1961,16,Point_CHR,1766,0.9005609382967874,9.665518281112665e+38,0
scm1d,0,490,1961,16,TSCP_R,1725,0.8796532381438041,3.919735327577438e+38,0
scm1d,1,490,1961,16,Empirical_copula,1753,0.8939316675165732,4.73436994423925e+38,0
scm1d,1,490,1961,16,Unscaled,1730,0.8822029576746558,7.055309151197736e+38,0
scm1d,1,490,1961,16,Point_CHR,1779,0.9071902090770015,1.2558442832291645e+39,0
scm1d,1,490,1961,16,TSCP_R,1756,0.8954614992350841,5.664113313228738e+38,0
scm1d,2,490,1961,16,Empirical_copula,1750,0.8924018357980622,6.2973903857498976e+38,0
scm1d,2,490,1961,16,Unscaled,1692,0.8628250892401835,3.559912414905083e+38,0
scm1d,2,490,1961,16,Point_CHR,1785,0.9102498725140235,2.1268532132972537e+39,0
scm1d,2,490,1961,16,TSCP_R,1743,0.88883222845487,4.5797290623052156e+38,0
scm1d,3,490,1961,16,Empirical_copula,1714,0.8740438551759306,3.6891206812255114e+38,0
scm1d,3,490,1961,16,Unscaled,1746,0.8903620601733809,1.2640324021195156e+39,0
scm1d,3,490,1961,16,Point_CHR,1747,0.8908720040795512,6.769628405744128e+38,0
scm1d,3,490,1961,16,TSCP_R,1742,0.8883222845486997,6.3127451694047356e+38,0
scm1d,4,490,1961,16,Empirical_copula,1708,0.8709841917389087,2.3201574748189826e+38,0
scm1d,4,490,1961,16,Unscaled,1758,0.8964813870474247,1.9446835521672843e+39,0
scm1d,4,490,1961,16,Point_CHR,1743,0.88883222845487,5.500997668547875e+38,0
scm1d,4,490,1961,16,TSCP_R,1751,0.8929117797042325,7.173777793300095e+38,0
scm1d,5,490,1961,16,Empirical_copula,1717,0.8755736868944416,2.686421818405719e+38,0
scm1d,5,490,1961,16,Unscaled,1739,0.8867924528301887,1.4031554147338725e+39,0
scm1d,5,490,1961,16,Point_CHR,1806,0.9209586945436002,4.500640773469146e+39,0
scm1d,5,490,1961,16,TSCP_R,1762,0.898521162672106,8.272980251039164e+38,0
scm1d,6,490,1961,16,Empirical_copula,1772,0.9036206017338093,1.8270594054204184e+39,0
scm1d,6,490,1961,16,Unscaled,1807,0.9214686384497706,5.4399151044219366e+39,0
scm1d,6,490,1961,16,Point_CHR,1796,0.915859255481897,3.014626563906966e+39,0
scm1d,6,490,1961,16,TSCP_R,1806,0.9209586945436002,4.9299337499178954e+39,0
scm1d,7,490,1961,16,Empirical_copula,1749,0.8918918918918919,5.961215328657755e+38,0
scm1d,7,490,1961,16,Unscaled,1752,0.8934217236104028,1.460455413037987e+39,0
scm1d,7,490,1961,16,Point_CHR,1769,0.9020907700152984,1.0580709185717369e+39,0
scm1d,7,490,1961,16,TSCP_R,1763,0.8990311065782763,9.401512054742343e+38,0
scm1d,8,490,1961,16,Empirical_copula,1782,0.9087200407955125,9.024217796145179e+38,0
scm1d,8,490,1961,16,Unscaled,1794,0.9148393676695563,2.1280054177968618e+39,0
scm1d,8,490,1961,16,Point_CHR,1783,0.9092299847016828,8.17570995172973e+38,0
scm1d,8,490,1961,16,TSCP_R,1801,0.9184089750127487,1.2636999808717677e+39,0
scm1d,9,490,1961,16,Empirical_copula,1751,0.8929117797042325,1.4566025216872056e+39,0
scm1d,9,490,1961,16,Unscaled,1772,0.9036206017338093,3.151516670905784e+39,0
scm1d,9,490,1961,16,Point_CHR,1804,0.9199388067312596,6.837738336009886e+39,0
scm1d,9,490,1961,16,TSCP_R,1771,0.903110657827639,2.0417565326658338e+39,0
scm1d,10,490,1961,16,Empirical_copula,1747,0.8908720040795512,6.927336715591476e+38,0
scm1d,10,490,1961,16,Unscaled,1777,0.9061703212646609,2.889281999487671e+39,0
scm1d,10,490,1961,16,Point_CHR,1737,0.8857725650178481,4.295387437121512e+38,0
scm1d,10,490,1961,16,TSCP_R,1769,0.9020907700152984,1.036299391997743e+39,0
scm1d,11,490,1961,16,Empirical_copula,1710,0.8720040795512494,3.75718587299271e+38,0
scm1d,11,490,1961,16,Unscaled,1706,0.8699643039265681,4.3514245948757575e+38,0
scm1d,11,490,1961,16,Point_CHR,1723,0.8786333503314635,5.1545592630082996e+38,0
scm1d,11,490,1961,16,TSCP_R,1719,0.8765935747067822,4.5356478577075135e+38,0
scm1d,12,490,1961,16,Empirical_copula,1765,0.9000509943906171,1.9608427220457906e+39,0
scm1d,12,490,1961,16,Unscaled,1775,0.9051504334523203,2.189760415819447e+39,0
scm1d,12,490,1961,16,Point_CHR,1779,0.9071902090770015,1.9519202883132657e+39,0
scm1d,12,490,1961,16,TSCP_R,1759,0.8969913309535951,9.825481479426902e+38,0
scm1d,13,490,1961,16,Empirical_copula,1749,0.8918918918918919,3.2788533422916325e+38,0
scm1d,13,490,1961,16,Unscaled,1786,0.9107598164201938,1.984130164863168e+39,0
scm1d,13,490,1961,16,Point_CHR,1801,0.9184089750127487,1.7273139109250183e+39,0
scm1d,13,490,1961,16,TSCP_R,1773,0.9041305456399796,7.396167888930833e+38,0
scm1d,14,490,1961,16,Empirical_copula,1784,0.9097399286078531,1.5154871333701922e+39,0
scm1d,14,490,1961,16,Unscaled,1790,0.912799592044875,4.542885475131286e+39,0
scm1d,14,490,1961,16,Point_CHR,1788,0.9117797042325344,2.2255297968845602e+39,0
scm1d,14,490,1961,16,TSCP_R,1794,0.9148393676695563,1.7371991690665618e+39,0
scm1d,15,490,1961,16,Empirical_copula,1800,0.9178990311065782,1.9126227871691227e+39,0
scm1d,15,490,1961,16,Unscaled,1802,0.918918918918919,5.0274942083907076e+39,0
scm1d,15,490,1961,16,Point_CHR,1769,0.9020907700152984,8.582185521522584e+38,0
scm1d,15,490,1961,16,TSCP_R,1781,0.9082100968893422,1.3160635686433828e+39,0
scm1d,16,490,1961,16,Empirical_copula,1786,0.9107598164201938,8.30287933880658e+38,0
scm1d,16,490,1961,16,Unscaled,1783,0.9092299847016828,2.5463896388583293e+39,0
scm1d,16,490,1961,16,Point_CHR,1820,0.9280979092299847,3.322634907176508e+39,0
scm1d,16,490,1961,16,TSCP_R,1811,0.9235084140744518,2.6844193537326133e+39,0
scm1d,17,490,1961,16,Empirical_copula,1761,0.8980112187659357,9.987085089772825e+38,0
scm1d,17,490,1961,16,Unscaled,1740,0.887302396736359,8.572631662562535e+38,0
scm1d,17,490,1961,16,Point_CHR,1754,0.8944416114227435,5.95455635805873e+38,0
scm1d,17,490,1961,16,TSCP_R,1763,0.8990311065782763,8.093153182442313e+38,0
scm1d,18,490,1961,16,Empirical_copula,1779,0.9071902090770015,2.6968952275029704e+39,0
scm1d,18,490,1961,16,Unscaled,1784,0.9097399286078531,5.0164007811706103e+39,0
scm1d,18,490,1961,16,Point_CHR,1789,0.9122896481387047,2.5746859123527933e+39,0
scm1d,18,490,1961,16,TSCP_R,1793,0.914329423763386,3.0698949520601205e+39,0
scm1d,19,490,1961,16,Empirical_copula,1714,0.8740438551759306,5.933415112356231e+38,0
scm1d,19,490,1961,16,Unscaled,1730,0.8822029576746558,7.249222658450895e+38,0
scm1d,19,490,1961,16,Point_CHR,1731,0.8827129015808262,5.765012239889732e+38,0
scm1d,19,490,1961,16,TSCP_R,1721,0.8776134625191229,4.407689575539465e+38,0
scm1d,20,490,1961,16,Empirical_copula,1779,0.9071902090770015,1.6642982181493602e+39,0
scm1d,20,490,1961,16,Unscaled,1803,0.9194288628250893,5.029004872344174e+39,0
scm1d,20,490,1961,16,Point_CHR,1828,0.9321774604793472,7.791780658967858e+39,0
scm1d,20,490,1961,16,TSCP_R,1788,0.9117797042325344,1.750875653055888e+39,0
scm1d,21,490,1961,16,Empirical_copula,1748,0.8913819479857216,9.00556929259413e+38,0
scm1d,21,490,1961,16,Unscaled,1767,0.9010708822029577,2.0208276191501614e+39,0
scm1d,21,490,1961,16,Point_CHR,1760,0.8975012748597654,1.106848193876527e+39,0
scm1d,21,490,1961,16,TSCP_R,1762,0.898521162672106,1.3494569608493392e+39,0
scm1d,22,490,1961,16,Empirical_copula,1763,0.8990311065782763,1.0017076433666983e+39,0
scm1d,22,490,1961,16,Unscaled,1773,0.9041305456399796,2.0895926104385564e+39,0
scm1d,22,490,1961,16,Point_CHR,1784,0.9097399286078531,1.0679285594233523e+39,0
scm1d,22,490,1961,16,TSCP_R,1792,0.9138194798572157,1.878460568273545e+39,0
scm1d,23,490,1961,16,Empirical_copula,1682,0.8577256501784803,1.6540115029341346e+38,0
scm1d,23,490,1961,16,Unscaled,1680,0.8567057623661397,4.376673038298288e+38,0
scm1d,23,490,1961,16,Point_CHR,1730,0.8822029576746558,5.941971821654002e+38,0
scm1d,23,490,1961,16,TSCP_R,1711,0.8725140234574197,2.8957728647536104e+38,0
scm1d,24,490,1961,16,Empirical_copula,1761,0.8980112187659357,1.6547658917174178e+39,0
scm1d,24,490,1961,16,Unscaled,1768,0.901580826109128,2.4332545197708813e+39,0
scm1d,24,490,1961,16,Point_CHR,1781,0.9082100968893422,1.4743403815898446e+39,0
scm1d,24,490,1961,16,TSCP_R,1754,0.8944416114227435,1.5542430707562674e+39,0
scm1d,25,490,1961,16,Empirical_copula,1789,0.9122896481387047,2.971960661334087e+39,0
scm1d,25,490,1961,16,Unscaled,1788,0.9117797042325344,3.0845500370934546e+39,0
scm1d,25,490,1961,16,Point_CHR,1826,0.9311575726670066,6.677402704352641e+39,0
scm1d,25,490,1961,16,TSCP_R,1792,0.9138194798572157,2.30542288336183e+39,0
scm1d,26,490,1961,16,Empirical_copula,1720,0.8771035186129525,2.0125467382575316e+38,0
scm1d,26,490,1961,16,Unscaled,1754,0.8944416114227435,1.0697231178322447e+39,0
scm1d,26,490,1961,16,Point_CHR,1754,0.8944416114227435,6.216202972324133e+38,0
scm1d,26,490,1961,16,TSCP_R,1759,0.8969913309535951,5.664522586897634e+38,0
scm1d,27,490,1961,16,Empirical_copula,1745,0.8898521162672106,5.4805631999002346e+38,0
scm1d,27,490,1961,16,Unscaled,1750,0.8924018357980622,9.040717417773093e+38,0
scm1d,27,490,1961,16,Point_CHR,1688,0.8607853136155023,1.6943753651878997e+38,0
scm1d,27,490,1961,16,TSCP_R,1762,0.898521162672106,6.839762246905635e+38,0
scm1d,28,490,1961,16,Empirical_copula,1789,0.9122896481387047,1.2928701507130001e+39,0
scm1d,28,490,1961,16,Unscaled,1794,0.9148393676695563,6.556767496485129e+39,0
scm1d,28,490,1961,16,Point_CHR,1829,0.9326874043855176,9.428798983898412e+39,0
scm1d,28,490,1961,16,TSCP_R,1795,0.9153493115757266,2.0525685243612278e+39,0
scm1d,29,490,1961,16,Empirical_copula,1650,0.8414074451810301,9.74804334570043e+37,0
scm1d,29,490,1961,16,Unscaled,1701,0.8674145843957165,4.1764176155318134e+38,0
scm1d,29,490,1961,16,Point_CHR,1698,0.8658847526772055,2.821995152858623e+38,0
scm1d,29,490,1961,16,TSCP_R,1677,0.8551759306476288,1.4593986622929217e+38,0
scm1d,30,490,1961,16,Empirical_copula,1734,0.8842427332993371,6.1541031804279206e+38,0
scm1d,30,490,1961,16,Unscaled,1739,0.8867924528301887,1.3743018372156047e+39,0
scm1d,30,490,1961,16,Point_CHR,1792,0.9138194798572157,2.112036944626122e+39,0
scm1d,30,490,1961,16,TSCP_R,1761,0.8980112187659357,9.36025758305137e+38,0
scm1d,31,490,1961,16,Empirical_copula,1794,0.9148393676695563,5.67878974481554e+39,0
scm1d,31,490,1961,16,Unscaled,1791,0.9133095359510454,6.181219770743648e+39,0
scm1d,31,490,1961,16,Point_CHR,1809,0.9224885262621112,7.236509279098098e+39,0
scm1d,31,490,1961,16,TSCP_R,1803,0.9194288628250893,3.9450339048474374e+39,0
scm1d,32,490,1961,16,Empirical_copula,1717,0.8755736868944416,2.933991777217572e+38,0
scm1d,32,490,1961,16,Unscaled,1758,0.8964813870474247,1.9481186217762787e+39,0
scm1d,32,490,1961,16,Point_CHR,1726,0.8801631820499745,3.0339837372507294e+38,0
scm1d,32,490,1961,16,TSCP_R,1736,0.8852626211116777,4.1438397280637546e+38,0
scm1d,33,490,1961,16,Empirical_copula,1751,0.8929117797042325,6.4927960287930085e+38,0
scm1d,33,490,1961,16,Unscaled,1771,0.903110657827639,1.832553843947957e+39,0
scm1d,33,490,1961,16,Point_CHR,1786,0.9107598164201938,1.5920789246420926e+39,0
scm1d,33,490,1961,16,TSCP_R,1746,0.8903620601733809,5.3919411894087026e+38,0
scm1d,34,490,1961,16,Empirical_copula,1789,0.9122896481387047,1.857728193505291e+39,0
scm1d,34,490,1961,16,Unscaled,1792,0.9138194798572157,5.538755079450535e+39,0
scm1d,34,490,1961,16,Point_CHR,1775,0.9051504334523203,1.5031442428475583e+39,0
scm1d,34,490,1961,16,TSCP_R,1792,0.9138194798572157,2.195860925602602e+39,0
scm1d,35,490,1961,16,Empirical_copula,1738,0.8862825089240184,4.662236305084612e+38,0
scm1d,35,490,1961,16,Unscaled,1805,0.9204487506374299,7.807439806082637e+39,0
scm1d,35,490,1961,16,Point_CHR,1787,0.9112697603263641,1.5724953190058728e+39,0
scm1d,35,490,1961,16,TSCP_R,1774,0.90464048954615,1.5951243973747034e+39,0
scm1d,36,490,1961,16,Empirical_copula,1765,0.9000509943906171,1.276389269999767e+39,0
scm1d,36,490,1961,16,Unscaled,1785,0.9102498725140235,3.28889286299253e+39,0
scm1d,36,490,1961,16,Point_CHR,1761,0.8980112187659357,8.250904046230504e+38,0
scm1d,36,490,1961,16,TSCP_R,1779,0.9071902090770015,1.6141490552467242e+39,0
scm1d,37,490,1961,16,Empirical_copula,1789,0.9122896481387047,1.5057635268964964e+39,0
scm1d,37,490,1961,16,Unscaled,1813,0.9245283018867925,5.86783186066155e+39,0
scm1d,37,490,1961,16,Point_CHR,1827,0.9316675165731769,4.7455116438708935e+39,0
scm1d,37,490,1961,16,TSCP_R,1822,0.9291177970423253,3.6195461234220034e+39,0
scm1d,38,490,1961,16,Empirical_copula,1757,0.8959714431412544,5.850582178521819e+38,0
scm1d,38,490,1961,16,Unscaled,1775,0.9051504334523203,1.510016941167839e+39,0
scm1d,38,490,1961,16,Point_CHR,1755,0.8949515553289138,5.000463868246706e+38,0
scm1d,38,490,1961,16,TSCP_R,1776,0.9056603773584906,9.448748774123988e+38,0
scm1d,39,490,1961,16,Empirical_copula,1714,0.8740438551759306,2.3075648605416215e+38,0
scm1d,39,490,1961,16,Unscaled,1702,0.8679245283018868,3.65255929326862e+38,0
scm1d,39,490,1961,16,Point_CHR,1736,0.8852626211116777,4.845953217152557e+38,0
scm1d,39,490,1961,16,TSCP_R,1722,0.8781234064252932,3.4648602312587925e+38,0
scm1d,40,490,1961,16,Empirical_copula,1752,0.8934217236104028,9.637778765809645e+38,0
scm1d,40,490,1961,16,Unscaled,1767,0.9010708822029577,2.7220069992021873e+39,0
scm1d,40,490,1961,16,Point_CHR,1756,0.8954614992350841,9.898890922577253e+38,0
scm1d,40,490,1961,16,TSCP_R,1747,0.8908720040795512,9.39915769998652e+38,0
scm1d,41,490,1961,16,Empirical_copula,1753,0.8939316675165732,8.703797344775536e+38,0
scm1d,41,490,1961,16,Unscaled,1782,0.9087200407955125,3.3010594668909627e+39,0
scm1d,41,490,1961,16,Point_CHR,1807,0.9214686384497706,3.07729984178357e+39,0
scm1d,41,490,1961,16,TSCP_R,1758,0.8964813870474247,8.588425043445664e+38,0
scm1d,42,490,1961,16,Empirical_copula,1756,0.8954614992350841,7.6906013587402e+38,0
scm1d,42,490,1961,16,Unscaled,1789,0.9122896481387047,2.2240881512826215e+39,0
scm1d,42,490,1961,16,Point_CHR,1778,0.9066802651708312,7.370657239267293e+38,0
scm1d,42,490,1961,16,TSCP_R,1780,0.9077001529831719,7.903449846010108e+38,0
scm1d,43,490,1961,16,Empirical_copula,1819,0.9275879653238144,3.398378107057185e+39,0
scm1d,43,490,1961,16,Unscaled,1794,0.9148393676695563,4.570650077043229e+39,0
scm1d,43,490,1961,16,Point_CHR,1811,0.9235084140744518,4.9617640753115314e+39,0
scm1d,43,490,1961,16,TSCP_R,1832,0.9342172361040285,6.304617104602386e+39,0
scm1d,44,490,1961,16,Empirical_copula,1702,0.8679245283018868,2.610523987058656e+38,0
scm1d,44,490,1961,16,Unscaled,1709,0.871494135645079,5.674598713968488e+38,0
scm1d,44,490,1961,16,Point_CHR,1717,0.8755736868944416,3.566168945927531e+38,0
scm1d,44,490,1961,16,TSCP_R,1736,0.8852626211116777,4.9237588463585146e+38,0
scm1d,45,490,1961,16,Empirical_copula,1751,0.8929117797042325,6.833339069041935e+38,0
scm1d,45,490,1961,16,Unscaled,1780,0.9077001529831719,2.821465917225372e+39,0
scm1d,45,490,1961,16,Point_CHR,1759,0.8969913309535951,6.6416600068809724e+38,0
scm1d,45,490,1961,16,TSCP_R,1765,0.9000509943906171,7.044934087449205e+38,0
scm1d,46,490,1961,16,Empirical_copula,1769,0.9020907700152984,1.25908521808318e+39,0
scm1d,46,490,1961,16,Unscaled,1776,0.9056603773584906,2.6235652030948376e+39,0
scm1d,46,490,1961,16,Point_CHR,1797,0.9163691993880673,2.879017133871122e+39,0
scm1d,46,490,1961,16,TSCP_R,1758,0.8964813870474247,8.253000105427234e+38,0
scm1d,47,490,1961,16,Empirical_copula,1751,0.8929117797042325,4.709396261104396e+38,0
scm1d,47,490,1961,16,Unscaled,1764,0.8995410504844467,1.8486743487132423e+39,0
scm1d,47,490,1961,16,Point_CHR,1810,0.9229984701682815,2.1462054286463897e+39,0
scm1d,47,490,1961,16,TSCP_R,1772,0.9036206017338093,8.121088952280851e+38,0
scm1d,48,490,1961,16,Empirical_copula,1772,0.9036206017338093,1.2789969735377733e+39,0
scm1d,48,490,1961,16,Unscaled,1803,0.9194288628250893,5.1340420035062345e+39,0
scm1d,48,490,1961,16,Point_CHR,1813,0.9245283018867925,4.042989910023312e+39,0
scm1d,48,490,1961,16,TSCP_R,1798,0.9168791432942376,1.9269121105709514e+39,0
scm1d,49,490,1961,16,Empirical_copula,1758,0.8964813870474247,9.7004445777973e+38,0
scm1d,49,490,1961,16,Unscaled,1775,0.9051504334523203,2.736140549823609e+39,0
scm1d,49,490,1961,16,Point_CHR,1798,0.9168791432942376,4.1067320535112705e+39,0
scm1d,49,490,1961,16,TSCP_R,1763,0.8990311065782763,1.092943422137144e+39,0
scm1d,50,490,1961,16,Empirical_copula,1700,0.8669046404895462,2.2387855334491133e+38,0
scm1d,50,490,1961,16,Unscaled,1773,0.9041305456399796,2.9508336025480676e+39,0
scm1d,50,490,1961,16,Point_CHR,1763,0.8990311065782763,7.608639354128918e+38,0
scm1d,50,490,1961,16,TSCP_R,1728,0.8811830698623151,4.226755884354136e+38,0
scm1d,51,490,1961,16,Empirical_copula,1752,0.8934217236104028,9.603735482690632e+38,0
scm1d,51,490,1961,16,Unscaled,1771,0.903110657827639,5.2941817267940614e+39,0
scm1d,51,490,1961,16,Point_CHR,1756,0.8954614992350841,1.437502036539686e+39,0
scm1d,51,490,1961,16,TSCP_R,1784,0.9097399286078531,2.444700040419581e+39,0
scm1d,52,490,1961,16,Empirical_copula,1783,0.9092299847016828,2.2693370102591266e+39,0
scm1d,52,490,1961,16,Unscaled,1747,0.8908720040795512,1.7120400373025737e+39,0
scm1d,52,490,1961,16,Point_CHR,1802,0.918918918918919,5.272892839701874e+39,0
scm1d,52,490,1961,16,TSCP_R,1793,0.914329423763386,2.213177712796059e+39,0
scm1d,53,490,1961,16,Empirical_copula,1787,0.9112697603263641,1.6787718031272486e+39,0
scm1d,53,490,1961,16,Unscaled,1793,0.914329423763386,4.076447088714496e+39,0
scm1d,53,490,1961,16,Point_CHR,1811,0.9235084140744518,3.41931473962844e+39,0
scm1d,53,490,1961,16,TSCP_R,1790,0.912799592044875,1.7929222286207914e+39,0
scm1d,54,490,1961,16,Empirical_copula,1750,0.8924018357980622,5.5394316026319674e+38,0
scm1d,54,490,1961,16,Unscaled,1754,0.8944416114227435,1.7505317768164376e+39,0
scm1d,54,490,1961,16,Point_CHR,1798,0.9168791432942376,3.372305304394299e+39,0
scm1d,54,490,1961,16,TSCP_R,1754,0.8944416114227435,8.096126604901918e+38,0
scm1d,55,490,1961,16,Empirical_copula,1747,0.8908720040795512,7.654197645920395e+38,0
scm1d,55,490,1961,16,Unscaled,1774,0.90464048954615,3.429701313991668e+39,0
scm1d,55,490,1961,16,Point_CHR,1755,0.8949515553289138,8.278354776028752e+38,0
scm1d,55,490,1961,16,TSCP_R,1775,0.9051504334523203,1.4294709437419953e+39,0
scm1d,56,490,1961,16,Empirical_copula,1792,0.9138194798572157,1.4917545577213187e+39,0
scm1d,56,490,1961,16,Unscaled,1815,0.9255481896991331,5.462606766944818e+39,0
scm1d,56,490,1961,16,Point_CHR,1772,0.9036206017338093,1.1267230904740265e+39,0
scm1d,56,490,1961,16,TSCP_R,1821,0.928607853136155,3.06106218199244e+39,0
scm1d,57,490,1961,16,Empirical_copula,1780,0.9077001529831719,9.654149872636741e+38,0
scm1d,57,490,1961,16,Unscaled,1803,0.9194288628250893,3.391242410570457e+39,0
scm1d,57,490,1961,16,Point_CHR,1800,0.9178990311065782,1.133703253932231e+39,0
scm1d,57,490,1961,16,TSCP_R,1797,0.9163691993880673,1.4038037681853457e+39,0
scm1d,58,490,1961,16,Empirical_copula,1728,0.8811830698623151,2.824422764083786e+38,0
scm1d,58,490,1961,16,Unscaled,1750,0.8924018357980622,1.2471349462688195e+39,0
scm1d,58,490,1961,16,Point_CHR,1741,0.8878123406425293,6.0189555708771115e+38,0
scm1d,58,490,1961,16,TSCP_R,1746,0.8903620601733809,5.115437556683786e+38,0
scm1d,59,490,1961,16,Empirical_copula,1792,0.9138194798572157,1.8539564808314297e+39,0
scm1d,59,490,1961,16,Unscaled,1800,0.9178990311065782,4.511724119671187e+39,0
scm1d,59,490,1961,16,Point_CHR,1816,0.9260581336053034,3.9662087003844093e+39,0
scm1d,59,490,1961,16,TSCP_R,1800,0.9178990311065782,2.4063592676964296e+39,0
scm1d,60,490,1961,16,Empirical_copula,1822,0.9291177970423253,3.7962158277358193e+39,0
scm1d,60,490,1961,16,Unscaled,1831,0.9337072921978582,9.496388206962399e+39,0
scm1d,60,490,1961,16,Point_CHR,1815,0.9255481896991331,1.8105274427708277e+39,0
scm1d,60,490,1961,16,TSCP_R,1823,0.9296277409484957,3.746547189362462e+39,0
scm1d,61,490,1961,16,Empirical_copula,1749,0.8918918918918919,6.1147547597793115e+38,0
scm1d,61,490,1961,16,Unscaled,1771,0.903110657827639,1.6642480324854145e+39,0
scm1d,61,490,1961,16,Point_CHR,1791,0.9133095359510454,1.0359235088187784e+39,0
scm1d,61,490,1961,16,TSCP_R,1765,0.9000509943906171,6.0512313948801936e+38,0
scm1d,62,490,1961,16,Empirical_copula,1735,0.8847526772055074,4.1922661457239865e+38,0
scm1d,62,490,1961,16,Unscaled,1736,0.8852626211116777,7.696737985134595e+38,0
scm1d,62,490,1961,16,Point_CHR,1775,0.9051504334523203,1.629544926898792e+39,0
scm1d,62,490,1961,16,TSCP_R,1739,0.8867924528301887,5.6518298459738536e+38,0
scm1d,63,490,1961,16,Empirical_copula,1776,0.9056603773584906,1.7638303441989792e+39,0
scm1d,63,490,1961,16,Unscaled,1802,0.918918918918919,6.057233263865425e+39,0
scm1d,63,490,1961,16,Point_CHR,1809,0.9224885262621112,6.40599214899321e+39,0
scm1d,63,490,1961,16,TSCP_R,1774,0.90464048954615,1.702075605509191e+39,0
scm1d,64,490,1961,16,Empirical_copula,1754,0.8944416114227435,7.366564156007772e+38,0
scm1d,64,490,1961,16,Unscaled,1758,0.8964813870474247,1.5954107211080368e+39,0
scm1d,64,490,1961,16,Point_CHR,1789,0.9122896481387047,1.702757497718559e+39,0
scm1d,64,490,1961,16,TSCP_R,1755,0.8949515553289138,6.173665256330529e+38,0
scm1d,65,490,1961,16,Empirical_copula,1762,0.898521162672106,6.543786071290765e+38,0
scm1d,65,490,1961,16,Unscaled,1776,0.9056603773584906,2.3060718795857623e+39,0
scm1d,65,490,1961,16,Point_CHR,1831,0.9337072921978582,5.586917563752145e+39,0
scm1d,65,490,1961,16,TSCP_R,1787,0.9112697603263641,1.2273765453254043e+39,0
scm1d,66,490,1961,16,Empirical_copula,1857,0.9469658337582866,1.5426326089313267e+40,0
scm1d,66,490,1961,16,Unscaled,1869,0.9530851606323304,5.266674963855939e+40,0
scm1d,66,490,1961,16,Point_CHR,1851,0.9439061703212647,1.7955899673434723e+40,0
scm1d,66,490,1961,16,TSCP_R,1871,0.954105048444671,3.4885671239503494e+40,0
scm1d,67,490,1961,16,Empirical_copula,1720,0.8771035186129525,2.5688857119721048e+38,0
scm1d,67,490,1961,16,Unscaled,1732,0.8832228454869965,5.912135649270061e+38,0
scm1d,67,490,1961,16,Point_CHR,1794,0.9148393676695563,1.3731643351903e+39,0
scm1d,67,490,1961,16,TSCP_R,1785,0.9102498725140235,1.2131411999350466e+39,0
scm1d,68,490,1961,16,Empirical_copula,1746,0.8903620601733809,5.296348571702151e+38,0
scm1d,68,490,1961,16,Unscaled,1752,0.8934217236104028,1.0059764865454202e+39,0
scm1d,68,490,1961,16,Point_CHR,1767,0.9010708822029577,1.2336543597344615e+39,0
scm1d,68,490,1961,16,TSCP_R,1769,0.9020907700152984,8.69839274581734e+38,0
scm1d,69,490,1961,16,Empirical_copula,1820,0.9280979092299847,5.496106158503535e+39,0
scm1d,69,490,1961,16,Unscaled,1814,0.9250382457929628,7.779057738135472e+39,0
scm1d,69,490,1961,16,Point_CHR,1875,0.9561448240693524,4.419569662977718e+40,0
scm1d,69,490,1961,16,TSCP_R,1827,0.9316675165731769,6.687675528459532e+39,0
scm1d,70,490,1961,16,Empirical_copula,1721,0.8776134625191229,3.6405286350717986e+38,0
scm1d,70,490,1961,16,Unscaled,1743,0.88883222845487,6.487197884150245e+38,0
scm1d,70,490,1961,16,Point_CHR,1784,0.9097399286078531,1.2341414770008119e+39,0
scm1d,70,490,1961,16,TSCP_R,1732,0.8832228454869965,3.670794670716515e+38,0
scm1d,71,490,1961,16,Empirical_copula,1765,0.9000509943906171,1.0384394050164632e+39,0
scm1d,71,490,1961,16,Unscaled,1786,0.9107598164201938,3.2942901811314073e+39,0
scm1d,71,490,1961,16,Point_CHR,1654,0.8434472208057113,5.509041698042976e+37,0
scm1d,71,490,1961,16,TSCP_R,1795,0.9153493115757266,2.366523582463914e+39,0
scm1d,72,490,1961,16,Empirical_copula,1767,0.9010708822029577,1.6008305525950533e+39,0
scm1d,72,490,1961,16,Unscaled,1778,0.9066802651708312,4.810465890963296e+39,0
scm1d,72,490,1961,16,Point_CHR,1787,0.9112697603263641,3.8337802488655917e+39,0
scm1d,72,490,1961,16,TSCP_R,1798,0.9168791432942376,3.707342736110111e+39,0
scm1d,73,490,1961,16,Empirical_copula,1771,0.903110657827639,5.515562607041137e+38,0
scm1d,73,490,1961,16,Unscaled,1750,0.8924018357980622,1.1085760675733319e+39,0
scm1d,73,490,1961,16,Point_CHR,1807,0.9214686384497706,2.8178004046319426e+39,0
scm1d,73,490,1961,16,TSCP_R,1793,0.914329423763386,1.3816414745167426e+39,0
scm1d,74,490,1961,16,Empirical_copula,1799,0.9173890872004079,4.2509856477246094e+39,0
scm1d,74,490,1961,16,Unscaled,1837,0.9367669556348802,1.1144763382745312e+40,0
scm1d,74,490,1961,16,Point_CHR,1866,0.9515553289138194,3.513038170884837e+40,0
scm1d,74,490,1961,16,TSCP_R,1823,0.9296277409484957,5.509378117675179e+39,0
scm1d,75,490,1961,16,Empirical_copula,1744,0.8893421723610403,6.863603557653723e+38,0
scm1d,75,490,1961,16,Unscaled,1748,0.8913819479857216,1.622754721252532e+39,0
scm1d,75,490,1961,16,Point_CHR,1784,0.9097399286078531,3.168166703032432e+39,0
scm1d,75,490,1961,16,TSCP_R,1754,0.8944416114227435,7.896823226637007e+38,0
scm1d,76,490,1961,16,Empirical_copula,1729,0.8816930137684854,4.561797631750386e+38,0
scm1d,76,490,1961,16,Unscaled,1769,0.9020907700152984,2.9396800612306005e+39,0
scm1d,76,490,1961,16,Point_CHR,1819,0.9275879653238144,1.1503325415000753e+40,0
scm1d,76,490,1961,16,TSCP_R,1761,0.8980112187659357,1.1353148071863742e+39,0
scm1d,77,490,1961,16,Empirical_copula,1753,0.8939316675165732,1.3250057284800809e+39,0
scm1d,77,490,1961,16,Unscaled,1786,0.9107598164201938,4.249371577488679e+39,0
scm1d,77,490,1961,16,Point_CHR,1785,0.9102498725140235,2.067656620298902e+39,0
scm1d,77,490,1961,16,TSCP_R,1756,0.8954614992350841,1.1402022259884802e+39,0
scm1d,78,490,1961,16,Empirical_copula,1794,0.9148393676695563,1.4936982193585738e+39,0
scm1d,78,490,1961,16,Unscaled,1800,0.9178990311065782,4.138946141961717e+39,0
scm1d,78,490,1961,16,Point_CHR,1793,0.914329423763386,1.4333139743471646e+39,0
scm1d,78,490,1961,16,TSCP_R,1795,0.9153493115757266,1.5922748302391467e+39,0
scm1d,79,490,1961,16,Empirical_copula,1738,0.8862825089240184,3.4025477804389265e+38,0
scm1d,79,490,1961,16,Unscaled,1778,0.9066802651708312,1.4527596484717756e+39,0
scm1d,79,490,1961,16,Point_CHR,1711,0.8725140234574197,1.7131097013824074e+38,0
scm1d,79,490,1961,16,TSCP_R,1753,0.8939316675165732,3.920757064083416e+38,0
scm1d,80,490,1961,16,Empirical_copula,1782,0.9087200407955125,1.0957437884156043e+39,0
scm1d,80,490,1961,16,Unscaled,1808,0.9219785823559409,5.401782175881383e+39,0
scm1d,80,490,1961,16,Point_CHR,1791,0.9133095359510454,1.3364821951256036e+39,0
scm1d,80,490,1961,16,TSCP_R,1787,0.9112697603263641,1.3795394669240984e+39,0
scm1d,81,490,1961,16,Empirical_copula,1706,0.8699643039265681,1.7905697592828725e+38,0
scm1d,81,490,1961,16,Unscaled,1725,0.8796532381438041,6.5882654201735464e+38,0
scm1d,81,490,1961,16,Point_CHR,1753,0.8939316675165732,7.562358247821183e+38,0
scm1d,81,490,1961,16,TSCP_R,1736,0.8852626211116777,3.1026550725969312e+38,0
scm1d,82,490,1961,16,Empirical_copula,1727,0.8806731259561448,4.236493471729948e+38,0
scm1d,82,490,1961,16,Unscaled,1755,0.8949515553289138,1.5381147513119378e+39,0
scm1d,82,490,1961,16,Point_CHR,1752,0.8934217236104028,6.804010328871632e+38,0
scm1d,82,490,1961,16,TSCP_R,1740,0.887302396736359,5.49131161664999e+38,0
scm1d,83,490,1961,16,Empirical_copula,1749,0.8918918918918919,4.286151698157767e+38,0
scm1d,83,490,1961,16,Unscaled,1767,0.9010708822029577,2.1314158922551288e+39,0
scm1d,83,490,1961,16,Point_CHR,1845,0.9408465068842428,1.8993425164145857e+40,0
scm1d,83,490,1961,16,TSCP_R,1779,0.9071902090770015,1.1660803084781568e+39,0
scm1d,84,490,1961,16,Empirical_copula,1743,0.88883222845487,1.1395344693106818e+39,0
scm1d,84,490,1961,16,Unscaled,1755,0.8949515553289138,1.7433083910146255e+39,0
scm1d,84,490,1961,16,Point_CHR,1750,0.8924018357980622,9.205981783449974e+38,0
scm1d,84,490,1961,16,TSCP_R,1760,0.8975012748597654,1.076581679277666e+39,0
scm1d,85,490,1961,16,Empirical_copula,1706,0.8699643039265681,5.36427997022761e+38,0
scm1d,85,490,1961,16,Unscaled,1755,0.8949515553289138,2.3283233117273514e+39,0
scm1d,85,490,1961,16,Point_CHR,1765,0.9000509943906171,1.769696260529844e+39,0
scm1d,85,490,1961,16,TSCP_R,1727,0.8806731259561448,7.239043533670058e+38,0
scm1d,86,490,1961,16,Empirical_copula,1794,0.9148393676695563,2.5923344706884538e+39,0
scm1d,86,490,1961,16,Unscaled,1805,0.9204487506374299,7.670377883943388e+39,0
scm1d,86,490,1961,16,Point_CHR,1761,0.8980112187659357,7.722153992890502e+38,0
scm1d,86,490,1961,16,TSCP_R,1786,0.9107598164201938,1.5210135717298312e+39,0
scm1d,87,490,1961,16,Empirical_copula,1765,0.9000509943906171,1.4761044508095188e+39,0
scm1d,87,490,1961,16,Unscaled,1794,0.9148393676695563,5.82282598437666e+39,0
scm1d,87,490,1961,16,Point_CHR,1820,0.9280979092299847,6.78785582809404e+39,0
scm1d,87,490,1961,16,TSCP_R,1799,0.9173890872004079,3.769008071754627e+39,0
scm1d,88,490,1961,16,Empirical_copula,1772,0.9036206017338093,1.0899815764050394e+39,0
scm1d,88,490,1961,16,Unscaled,1783,0.9092299847016828,2.854864841868737e+39,0
scm1d,88,490,1961,16,Point_CHR,1767,0.9010708822029577,7.197616731863635e+38,0
scm1d,88,490,1961,16,TSCP_R,1794,0.9148393676695563,1.9294157558102833e+39,0
scm1d,89,490,1961,16,Empirical_copula,1726,0.8801631820499745,5.4100171842563646e+38,0
scm1d,89,490,1961,16,Unscaled,1767,0.9010708822029577,2.2414204221112248e+39,0
scm1d,89,490,1961,16,Point_CHR,1749,0.8918918918918919,9.092497152720868e+38,0
scm1d,89,490,1961,16,TSCP_R,1742,0.8883222845486997,7.485736554872096e+38,0
scm1d,90,490,1961,16,Empirical_copula,1750,0.8924018357980622,6.747332384674807e+38,0
scm1d,90,490,1961,16,Unscaled,1771,0.903110657827639,1.6327996337654126e+39,0
scm1d,90,490,1961,16,Point_CHR,1811,0.9235084140744518,3.105079670346345e+39,0
scm1d,90,490,1961,16,TSCP_R,1772,0.9036206017338093,6.302865204214203e+38,0
scm1d,91,490,1961,16,Empirical_copula,1754,0.8944416114227435,1.2316381900625587e+39,0
scm1d,91,490,1961,16,Unscaled,1770,0.9026007139214687,1.9145558732523347e+39,0
scm1d,91,490,1961,16,Point_CHR,1756,0.8954614992350841,7.636942816925325e+38,0
scm1d,91,490,1961,16,TSCP_R,1784,0.9097399286078531,1.7319002719224278e+39,0
scm1d,92,490,1961,16,Empirical_copula,1729,0.8816930137684854,7.352308992498345e+38,0
scm1d,92,490,1961,16,Unscaled,1767,0.9010708822029577,3.0527985677541175e+39,0
scm1d,92,490,1961,16,Point_CHR,1742,0.8883222845486997,7.8476217411125e+38,0
scm1d,92,490,1961,16,TSCP_R,1759,0.8969913309535951,9.118960110347354e+38,0
scm1d,93,490,1961,16,Empirical_copula,1752,0.8934217236104028,6.733065443985891e+38,0
scm1d,93,490,1961,16,Unscaled,1744,0.8893421723610403,8.290664580607473e+38,0
scm1d,93,490,1961,16,Point_CHR,1738,0.8862825089240184,3.94542864334505e+38,0
scm1d,93,490,1961,16,TSCP_R,1748,0.8913819479857216,5.805261604881971e+38,0
scm1d,94,490,1961,16,Empirical_copula,1762,0.898521162672106,1.2224225789092009e+39,0
scm1d,94,490,1961,16,Unscaled,1760,0.8975012748597654,1.622987937577392e+39,0
scm1d,94,490,1961,16,Point_CHR,1767,0.9010708822029577,9.601869839898377e+38,0
scm1d,94,490,1961,16,TSCP_R,1790,0.912799592044875,1.9266987790946973e+39,0
scm1d,95,490,1961,16,Empirical_copula,1791,0.9133095359510454,2.931687798721568e+39,0
scm1d,95,490,1961,16,Unscaled,1794,0.9148393676695563,6.537194240713059e+39,0
scm1d,95,490,1961,16,Point_CHR,1860,0.9484956654767975,3.6793887578538925e+40,0
scm1d,95,490,1961,16,TSCP_R,1795,0.9153493115757266,4.6868496681656024e+39,0
scm1d,96,490,1961,16,Empirical_copula,1730,0.8822029576746558,5.649461940528277e+38,0
scm1d,96,490,1961,16,Unscaled,1771,0.903110657827639,2.268267714996986e+39,0
scm1d,96,490,1961,16,Point_CHR,1822,0.9291177970423253,8.134453548665388e+39,0
scm1d,96,490,1961,16,TSCP_R,1758,0.8964813870474247,9.203245638472238e+38,0
scm1d,97,490,1961,16,Empirical_copula,1738,0.8862825089240184,6.42920642010478e+38,0
scm1d,97,490,1961,16,Unscaled,1759,0.8969913309535951,1.1622847064366463e+39,0
scm1d,97,490,1961,16,Point_CHR,1793,0.914329423763386,2.0198477052618656e+39,0
scm1d,97,490,1961,16,TSCP_R,1755,0.8949515553289138,7.154998145628679e+38,0
scm1d,98,490,1961,16,Empirical_copula,1749,0.8918918918918919,6.876630547242351e+38,0
scm1d,98,490,1961,16,Unscaled,1789,0.9122896481387047,3.236525021758432e+39,0
scm1d,98,490,1961,16,Point_CHR,1797,0.9163691993880673,1.8972420829102718e+39,0
scm1d,98,490,1961,16,TSCP_R,1804,0.9199388067312596,2.321612698766051e+39,0
scm1d,99,490,1961,16,Empirical_copula,1739,0.8867924528301887,5.3517888945543206e+38,0
scm1d,99,490,1961,16,Unscaled,1753,0.8939316675165732,1.4647041227961247e+39,0
scm1d,99,490,1961,16,Point_CHR,1802,0.918918918918919,2.5971549613962732e+39,0
scm1d,99,490,1961,16,TSCP_R,1762,0.898521162672106,9.429906839840225e+38,0
scm1d,100,490,1961,16,Empirical_copula,1734,0.8842427332993371,5.492524116539684e+38,0
scm1d,100,490,1961,16,Unscaled,1736,0.8852626211116777,1.131305390535684e+39,0
scm1d,100,490,1961,16,Point_CHR,1703,0.8684344722080571,2.060354312812173e+38,0
scm1d,100,490,1961,16,TSCP_R,1743,0.88883222845487,6.3441411919225915e+38,0
scm1d,101,490,1961,16,Empirical_copula,1758,0.8964813870474247,8.527876113927843e+38,0
scm1d,101,490,1961,16,Unscaled,1786,0.9107598164201938,2.0925437996975138e+39,0
scm1d,101,490,1961,16,Point_CHR,1789,0.9122896481387047,1.3457228167708835e+39,0
scm1d,101,490,1961,16,TSCP_R,1793,0.914329423763386,1.7587270736724542e+39,0
scm1d,102,490,1961,16,Empirical_copula,1703,0.8684344722080571,1.614077849739007e+38,0
scm1d,102,490,1961,16,Unscaled,1729,0.8816930137684854,6.809510278385234e+38,0
scm1d,102,490,1961,16,Point_CHR,1712,0.87302396736359,2.1040104317230395e+38,0
scm1d,102,490,1961,16,TSCP_R,1759,0.8969913309535951,5.093744225106015e+38,0
scm1d,103,490,1961,16,Empirical_copula,1743,0.88883222845487,5.273262171881721e+38,0
scm1d,103,490,1961,16,Unscaled,1728,0.8811830698623151,8.434779404785026e+38,0
scm1d,103,490,1961,16,Point_CHR,1728,0.8811830698623151,3.894852224359849e+38,0
scm1d,103,490,1961,16,TSCP_R,1775,0.9051504334523203,9.140309741004146e+38,0
scm1d,104,490,1961,16,Empirical_copula,1695,0.8643549209586946,2.5537912355283902e+38,0
scm1d,104,490,1961,16,Unscaled,1713,0.8735339112697603,3.450225734104241e+38,0
scm1d,104,490,1961,16,Point_CHR,1799,0.9173890872004079,3.230562685573629e+39,0
scm1d,104,490,1961,16,TSCP_R,1700,0.8669046404895462,1.9975136629819754e+38,0
scm1d,105,490,1961,16,Empirical_copula,1809,0.9224885262621112,1.9051380898222064e+39,0
scm1d,105,490,1961,16,Unscaled,1779,0.9071902090770015,1.8429972446216683e+39,0
scm1d,105,490,1961,16,Point_CHR,1804,0.9199388067312596,2.206782668460559e+39,0
scm1d,105,490,1961,16,TSCP_R,1818,0.9270780214176441,2.6523249939546167e+39,0
scm1d,106,490,1961,16,Empirical_copula,1815,0.9255481896991331,3.200259592389286e+39,0
scm1d,106,490,1961,16,Unscaled,1822,0.9291177970423253,5.079240950022622e+39,0
scm1d,106,490,1961,16,Point_CHR,1835,0.9357470678225395,5.61415454929409e+39,0
scm1d,106,490,1961,16,TSCP_R,1821,0.928607853136155,3.600387080697663e+39,0
scm1d,107,490,1961,16,Empirical_copula,1743,0.88883222845487,5.161423837512348e+38,0
scm1d,107,490,1961,16,Unscaled,1772,0.9036206017338093,1.800280921615489e+39,0
scm1d,107,490,1961,16,Point_CHR,1728,0.8811830698623151,3.915707567801372e+38,0
scm1d,107,490,1961,16,TSCP_R,1763,0.8990311065782763,1.0300785246803922e+39,0
scm1d,108,490,1961,16,Empirical_copula,1741,0.8878123406425293,4.20657611022699e+38,0
scm1d,108,490,1961,16,Unscaled,1692,0.8628250892401835,3.926392640026099e+38,0
scm1d,108,490,1961,16,Point_CHR,1721,0.8776134625191229,2.468193779987568e+38,0
scm1d,108,490,1961,16,TSCP_R,1755,0.8949515553289138,4.390087935413797e+38,0
scm1d,109,490,1961,16,Empirical_copula,1766,0.9005609382967874,8.798400768643653e+38,0
scm1d,109,490,1961,16,Unscaled,1776,0.9056603773584906,1.7466616018723593e+39,0
scm1d,109,490,1961,16,Point_CHR,1767,0.9010708822029577,6.790768533865724e+38,0
scm1d,109,490,1961,16,TSCP_R,1790,0.912799592044875,1.42688118605816e+39,0
scm1d,110,490,1961,16,Empirical_copula,1666,0.8495665476797553,1.5440803188898389e+38,0
scm1d,110,490,1961,16,Unscaled,1702,0.8679245283018868,5.597386443866536e+38,0
scm1d,110,490,1961,16,Point_CHR,1732,0.8832228454869965,5.678859361849053e+38,0
scm1d,110,490,1961,16,TSCP_R,1727,0.8806731259561448,4.707306057160783e+38,0
scm1d,111,490,1961,16,Empirical_copula,1783,0.9092299847016828,1.1148761299097162e+39,0
scm1d,111,490,1961,16,Unscaled,1789,0.9122896481387047,1.977760227678884e+39,0
scm1d,111,490,1961,16,Point_CHR,1838,0.9372768995410505,6.446251937953339e+39,0
scm1d,111,490,1961,16,TSCP_R,1792,0.9138194798572157,1.1594997995410838e+39,0
scm1d,112,490,1961,16,Empirical_copula,1747,0.8908720040795512,8.433806562538745e+38,0
scm1d,112,490,1961,16,Unscaled,1782,0.9087200407955125,3.5092811462470604e+39,0
scm1d,112,490,1961,16,Point_CHR,1787,0.9112697603263641,1.5733894735896927e+39,0
scm1d,112,490,1961,16,TSCP_R,1757,0.8959714431412544,6.190953247984894e+38,0
scm1d,113,490,1961,16,Empirical_copula,1723,0.8786333503314635,4.175016747603508e+38,0
scm1d,113,490,1961,16,Unscaled,1722,0.8781234064252932,6.319071280063043e+38,0
scm1d,113,490,1961,16,Point_CHR,1705,0.8694543600203978,2.038268630063835e+38,0
scm1d,113,490,1961,16,TSCP_R,1738,0.8862825089240184,5.772122537468295e+38,0
scm1d,114,490,1961,16,Empirical_copula,1796,0.915859255481897,2.5689390156998634e+39,0
scm1d,114,490,1961,16,Unscaled,1807,0.9214686384497706,6.515285624415474e+39,0
scm1d,114,490,1961,16,Point_CHR,1767,0.9010708822029577,1.027644577622364e+39,0
scm1d,114,490,1961,16,TSCP_R,1804,0.9199388067312596,3.488016154605014e+39,0
scm1d,115,490,1961,16,Empirical_copula,1791,0.9133095359510454,1.7867309122561795e+39,0
scm1d,115,490,1961,16,Unscaled,1800,0.9178990311065782,5.733747846822823e+39,0
scm1d,115,490,1961,16,Point_CHR,1820,0.9280979092299847,3.597824043929866e+39,0
scm1d,115,490,1961,16,TSCP_R,1769,0.9020907700152984,9.443703585945681e+38,0
scm1d,116,490,1961,16,Empirical_copula,1721,0.8776134625191229,3.618543158979092e+38,0
scm1d,116,490,1961,16,Unscaled,1760,0.8975012748597654,1.673097344758432e+39,0
scm1d,116,490,1961,16,Point_CHR,1747,0.8908720040795512,9.63835842944921e+38,0
scm1d,116,490,1961,16,TSCP_R,1707,0.8704742478327384,3.8296384205852965e+38,0
scm1d,117,490,1961,16,Empirical_copula,1778,0.9066802651708312,8.94451421859745e+38,0
scm1d,117,490,1961,16,Unscaled,1765,0.9000509943906171,1.6982147918340405e+39,0
scm1d,117,490,1961,16,Point_CHR,1824,0.930137684854666,4.646443632575351e+39,0
scm1d,117,490,1961,16,TSCP_R,1782,0.9087200407955125,8.629228777598154e+38,0
scm1d,118,490,1961,16,Empirical_copula,1744,0.8893421723610403,5.660114379983556e+38,0
scm1d,118,490,1961,16,Unscaled,1746,0.8903620601733809,1.1328977991520739e+39,0
scm1d,118,490,1961,16,Point_CHR,1775,0.9051504334523203,1.0345952805442159e+39,0
scm1d,118,490,1961,16,TSCP_R,1773,0.9041305456399796,9.770828423886435e+38,0
scm1d,119,490,1961,16,Empirical_copula,1725,0.8796532381438041,3.391147708130707e+38,0
scm1d,119,490,1961,16,Unscaled,1763,0.8990311065782763,1.5717508480673457e+39,0
scm1d,119,490,1961,16,Point_CHR,1752,0.8934217236104028,7.64958767246687e+38,0
scm1d,119,490,1961,16,TSCP_R,1757,0.8959714431412544,8.773032227599506e+38,0
scm1d,120,490,1961,16,Empirical_copula,1732,0.8832228454869965,5.792793989454697e+38,0
scm1d,120,490,1961,16,Unscaled,1751,0.8929117797042325,1.5723760213260575e+39,0
scm1d,120,490,1961,16,Point_CHR,1747,0.8908720040795512,1.1351999210950917e+39,0
scm1d,120,490,1961,16,TSCP_R,1740,0.887302396736359,7.553734702631634e+38,0
scm1d,121,490,1961,16,Empirical_copula,1738,0.8862825089240184,6.087857678628287e+38,0
scm1d,121,490,1961,16,Unscaled,1765,0.9000509943906171,2.116405773567663e+39,0
scm1d,121,490,1961,16,Point_CHR,1763,0.8990311065782763,1.079342555933342e+39,0
scm1d,121,490,1961,16,TSCP_R,1761,0.8980112187659357,8.763151673054909e+38,0
scm1d,122,490,1961,16,Empirical_copula,1730,0.8822029576746558,7.307110699112293e+38,0
scm1d,122,490,1961,16,Unscaled,1740,0.887302396736359,1.3433123033048224e+39,0
scm1d,122,490,1961,16,Point_CHR,1752,0.8934217236104028,6.750103801404199e+38,0
scm1d,122,490,1961,16,TSCP_R,1741,0.8878123406425293,8.386953698299352e+38,0
scm1d,123,490,1961,16,Empirical_copula,1754,0.8944416114227435,4.3288580874499334e+38,0
scm1d,123,490,1961,16,Unscaled,1777,0.9061703212646609,1.463138120781872e+39,0
scm1d,123,490,1961,16,Point_CHR,1783,0.9092299847016828,1.1338105310883467e+39,0
scm1d,123,490,1961,16,TSCP_R,1767,0.9010708822029577,5.5991664266015594e+38,0
scm1d,124,490,1961,16,Empirical_copula,1751,0.8929117797042325,6.559264865521571e+38,0
scm1d,124,490,1961,16,Unscaled,1761,0.8980112187659357,2.1387821711585846e+39,0
scm1d,124,490,1961,16,Point_CHR,1775,0.9051504334523203,1.0336482940667493e+39,0
scm1d,124,490,1961,16,TSCP_R,1756,0.8954614992350841,6.837618238037743e+38,0
scm1d,125,490,1961,16,Empirical_copula,1744,0.8893421723610403,1.095010188064525e+39,0
scm1d,125,490,1961,16,Unscaled,1731,0.8827129015808262,1.1540213449381272e+39,0
scm1d,125,490,1961,16,Point_CHR,1775,0.9051504334523203,2.2228528242060446e+39,0
scm1d,125,490,1961,16,TSCP_R,1764,0.8995410504844467,1.3234153552556035e+39,0
scm1d,126,490,1961,16,Empirical_copula,1791,0.9133095359510454,1.595609097967844e+39,0
scm1d,126,490,1961,16,Unscaled,1802,0.918918918918919,6.367703471795886e+39,0
scm1d,126,490,1961,16,Point_CHR,1803,0.9194288628250893,2.5044930934934226e+39,0
scm1d,126,490,1961,16,TSCP_R,1792,0.9138194798572157,1.4028737447801696e+39,0
scm1d,127,490,1961,16,Empirical_copula,1707,0.8704742478327384,4.103147882644895e+38,0
scm1d,127,490,1961,16,Unscaled,1734,0.8842427332993371,1.3780538550684186e+39,0
scm1d,127,490,1961,16,Point_CHR,1679,0.8561958184599694,2.926785979819911e+38,0
scm1d,127,490,1961,16,TSCP_R,1713,0.8735339112697603,5.248048396144638e+38,0
scm1d,128,490,1961,16,Empirical_copula,1796,0.915859255481897,1.99193049862486e+39,0
scm1d,128,490,1961,16,Unscaled,1798,0.9168791432942376,3.2344846167336765e+39,0
scm1d,128,490,1961,16,Point_CHR,1788,0.9117797042325344,1.1616087311069468e+39,0
scm1d,128,490,1961,16,TSCP_R,1783,0.9092299847016828,1.6095664204710038e+39,0
scm1d,129,490,1961,16,Empirical_copula,1770,0.9026007139214687,1.2816016696532147e+39,0
scm1d,129,490,1961,16,Unscaled,1760,0.8975012748597654,2.5615218119196894e+39,0
scm1d,129,490,1961,16,Point_CHR,1804,0.9199388067312596,3.467263775484636e+39,0
scm1d,129,490,1961,16,TSCP_R,1779,0.9071902090770015,2.0424156880768095e+39,0
scm1d,130,490,1961,16,Empirical_copula,1692,0.8628250892401835,2.1764026404888375e+38,0
scm1d,130,490,1961,16,Unscaled,1711,0.8725140234574197,4.5363732403880504e+38,0
scm1d,130,490,1961,16,Point_CHR,1726,0.8801631820499745,3.67532687748699e+38,0
scm1d,130,490,1961,16,TSCP_R,1757,0.8959714431412544,7.015215240577208e+38,0
scm1d,131,490,1961,16,Empirical_copula,1741,0.8878123406425293,5.4848354480084965e+38,0
scm1d,131,490,1961,16,Unscaled,1764,0.8995410504844467,1.785188173482084e+39,0
scm1d,131,490,1961,16,Point_CHR,1744,0.8893421723610403,6.2554565243472056e+38,0
scm1d,131,490,1961,16,TSCP_R,1787,0.9112697603263641,1.8589059959722092e+39,0
scm1d,132,490,1961,16,Empirical_copula,1769,0.9020907700152984,1.5776288907449055e+39,0
scm1d,132,490,1961,16,Unscaled,1758,0.8964813870474247,1.510088524737479e+39,0
scm1d,132,490,1961,16,Point_CHR,1760,0.8975012748597654,1.0550711680489479e+39,0
scm1d,132,490,1961,16,TSCP_R,1740,0.887302396736359,6.769046881928069e+38,0
scm1d,133,490,1961,16,Empirical_copula,1743,0.88883222845487,5.6867053568661475e+38,0
scm1d,133,490,1961,16,Unscaled,1781,0.9082100968893422,2.672615639894813e+39,0
scm1d,133,490,1961,16,Point_CHR,1763,0.8990311065782763,9.339875284626053e+38,0
scm1d,133,490,1961,16,TSCP_R,1769,0.9020907700152984,9.461853995760197e+38,0
scm1d,134,490,1961,16,Empirical_copula,1773,0.9041305456399796,1.5029095085428872e+39,0
scm1d,134,490,1961,16,Unscaled,1777,0.9061703212646609,2.1330732113063755e+39,0
scm1d,134,490,1961,16,Point_CHR,1810,0.9229984701682815,2.9126408274235573e+39,0
scm1d,134,490,1961,16,TSCP_R,1802,0.918918918918919,2.839953584003512e+39,0
scm1d,135,490,1961,16,Empirical_copula,1789,0.9122896481387047,2.856462984828032e+39,0
scm1d,135,490,1961,16,Unscaled,1772,0.9036206017338093,1.6736100118309704e+39,0
scm1d,135,490,1961,16,Point_CHR,1803,0.9194288628250893,2.3816269754726152e+39,0
scm1d,135,490,1961,16,TSCP_R,1802,0.918918918918919,2.6327863099168644e+39,0
scm1d,136,490,1961,16,Empirical_copula,1779,0.9071902090770015,1.1025770404841783e+39,0
scm1d,136,490,1961,16,Unscaled,1767,0.9010708822029577,1.4748569970233303e+39,0
scm1d,136,490,1961,16,Point_CHR,1804,0.9199388067312596,1.5231889627482762e+39,0
scm1d,136,490,1961,16,TSCP_R,1779,0.9071902090770015,9.320364803075766e+38,0
scm1d,137,490,1961,16,Empirical_copula,1758,0.8964813870474247,1.449573113360147e+39,0
scm1d,137,490,1961,16,Unscaled,1783,0.9092299847016828,3.7179223447894407e+39,0
scm1d,137,490,1961,16,Point_CHR,1820,0.9280979092299847,6.72168610249799e+39,0
scm1d,137,490,1961,16,TSCP_R,1786,0.9107598164201938,2.1139163228713535e+39,0
scm1d,138,490,1961,16,Empirical_copula,1711,0.8725140234574197,4.4614620710593914e+38,0
scm1d,138,490,1961,16,Unscaled,1747,0.8908720040795512,2.085787712415047e+39,0
scm1d,138,490,1961,16,Point_CHR,1732,0.8832228454869965,1.0017707248508867e+39,0
scm1d,138,490,1961,16,TSCP_R,1727,0.8806731259561448,7.344018207819186e+38,0
scm1d,139,490,1961,16,Empirical_copula,1699,0.8663946965833759,3.071559470220142e+38,0
scm1d,139,490,1961,16,Unscaled,1704,0.8689444161142275,5.000586064543857e+38,0
scm1d,139,490,1961,16,Point_CHR,1674,0.8536460989291178,9.463840757134657e+37,0
scm1d,139,490,1961,16,TSCP_R,1717,0.8755736868944416,4.3474684242427165e+38,0
scm1d,140,490,1961,16,Empirical_copula,1775,0.9051504334523203,6.314092662161001e+38,0
scm1d,140,490,1961,16,Unscaled,1779,0.9071902090770015,2.159501965221068e+39,0
scm1d,140,490,1961,16,Point_CHR,1764,0.8995410504844467,4.6787768051843655e+38,0
scm1d,140,490,1961,16,TSCP_R,1782,0.9087200407955125,6.473074906819e+38,0
scm1d,141,490,1961,16,Empirical_copula,1779,0.9071902090770015,1.6789320032503375e+39,0
scm1d,141,490,1961,16,Unscaled,1808,0.9219785823559409,8.542653250747609e+39,0
scm1d,141,490,1961,16,Point_CHR,1782,0.9087200407955125,1.745467314782155e+39,0
scm1d,141,490,1961,16,TSCP_R,1805,0.9204487506374299,3.1015385764966434e+39,0
scm1d,142,490,1961,16,Empirical_copula,1737,0.8857725650178481,3.4284136629655426e+38,0
scm1d,142,490,1961,16,Unscaled,1773,0.9041305456399796,1.304763661547736e+39,0
scm1d,142,490,1961,16,Point_CHR,1773,0.9041305456399796,9.948268520849585e+38,0
scm1d,142,490,1961,16,TSCP_R,1737,0.8857725650178481,3.1723473754200246e+38,0
scm1d,143,490,1961,16,Empirical_copula,1743,0.88883222845487,4.0257320012384876e+38,0
scm1d,143,490,1961,16,Unscaled,1719,0.8765935747067822,4.521216432240129e+38,0
scm1d,143,490,1961,16,Point_CHR,1754,0.8944416114227435,7.433426362282056e+38,0
scm1d,143,490,1961,16,TSCP_R,1748,0.8913819479857216,3.9086690922931884e+38,0
scm1d,144,490,1961,16,Empirical_copula,1758,0.8964813870474247,5.810056364406896e+38,0
scm1d,144,490,1961,16,Unscaled,1756,0.8954614992350841,1.4928726656926527e+39,0
scm1d,144,490,1961,16,Point_CHR,1749,0.8918918918918919,3.5263353794196886e+38,0
scm1d,144,490,1961,16,TSCP_R,1765,0.9000509943906171,6.425562538398238e+38,0
scm1d,145,490,1961,16,Empirical_copula,1773,0.9041305456399796,1.4733798360333888e+39,0
scm1d,145,490,1961,16,Unscaled,1738,0.8862825089240184,2.342708749625866e+39,0
scm1d,145,490,1961,16,Point_CHR,1754,0.8944416114227435,1.4023768681334202e+39,0
scm1d,145,490,1961,16,TSCP_R,1774,0.90464048954615,1.9817549955348602e+39,0
scm1d,146,490,1961,16,Empirical_copula,1686,0.8597654258031616,1.5834433437318478e+38,0
scm1d,146,490,1961,16,Unscaled,1694,0.8638449770525243,2.1813469958904238e+38,0
scm1d,146,490,1961,16,Point_CHR,1773,0.9041305456399796,8.760098093657714e+38,0
scm1d,146,490,1961,16,TSCP_R,1713,0.8735339112697603,2.3608397675075313e+38,0
scm1d,147,490,1961,16,Empirical_copula,1748,0.8913819479857216,7.290404314668389e+38,0
scm1d,147,490,1961,16,Unscaled,1761,0.8980112187659357,1.6332349668113466e+39,0
scm1d,147,490,1961,16,Point_CHR,1694,0.8638449770525243,2.041094050528173e+38,0
scm1d,147,490,1961,16,TSCP_R,1769,0.9020907700152984,1.1779694284345772e+39,0
scm1d,148,490,1961,16,Empirical_copula,1776,0.9056603773584906,1.1310701502310135e+39,0
scm1d,148,490,1961,16,Unscaled,1743,0.88883222845487,9.148563580089219e+38,0
scm1d,148,490,1961,16,Point_CHR,1752,0.8934217236104028,5.615531398767106e+38,0
scm1d,148,490,1961,16,TSCP_R,1776,0.9056603773584906,1.2139322659463224e+39,0
scm1d,149,490,1961,16,Empirical_copula,1746,0.8903620601733809,7.99293206767032e+38,0
scm1d,149,490,1961,16,Unscaled,1778,0.9066802651708312,1.8303170010787324e+39,0
scm1d,149,490,1961,16,Point_CHR,1775,0.9051504334523203,1.0073090117328041e+39,0
scm1d,149,490,1961,16,TSCP_R,1764,0.8995410504844467,6.510909050932255e+38,0
scm1d,150,490,1961,16,Empirical_copula,1776,0.9056603773584906,1.6102636160905013e+39,0
scm1d,150,490,1961,16,Unscaled,1750,0.8924018357980622,1.2238223781527792e+39,0
scm1d,150,490,1961,16,Point_CHR,1767,0.9010708822029577,8.062515919866021e+38,0
scm1d,150,490,1961,16,TSCP_R,1798,0.9168791432942376,1.8331136067691408e+39,0
scm1d,151,490,1961,16,Empirical_copula,1692,0.8628250892401835,1.9676123828952496e+38,0
scm1d,151,490,1961,16,Unscaled,1730,0.8822029576746558,1.0273848123909901e+39,0
scm1d,151,490,1961,16,Point_CHR,1782,0.9087200407955125,3.0340397358710283e+39,0
scm1d,151,490,1961,16,TSCP_R,1726,0.8801631820499745,4.632425722478555e+38,0
scm1d,152,490,1961,16,Empirical_copula,1755,0.8949515553289138,4.078240796613905e+38,0
scm1d,152,490,1961,16,Unscaled,1766,0.9005609382967874,1.3895133943890323e+39,0
scm1d,152,490,1961,16,Point_CHR,1737,0.8857725650178481,3.0512993980404644e+38,0
scm1d,152,490,1961,16,TSCP_R,1776,0.9056603773584906,1.0004413265215626e+39,0
scm1d,153,490,1961,16,Empirical_copula,1809,0.9224885262621112,2.8339232512288707e+39,0
scm1d,153,490,1961,16,Unscaled,1800,0.9178990311065782,3.549041261440671e+39,0
scm1d,153,490,1961,16,Point_CHR,1822,0.9291177970423253,4.456845905170378e+39,0
scm1d,153,490,1961,16,TSCP_R,1813,0.9245283018867925,3.062652575737859e+39,0
scm1d,154,490,1961,16,Empirical_copula,1726,0.8801631820499745,6.494629965504591e+38,0
scm1d,154,490,1961,16,Unscaled,1774,0.90464048954615,3.278571716317506e+39,0
scm1d,154,490,1961,16,Point_CHR,1801,0.9184089750127487,3.760138269849387e+39,0
scm1d,154,490,1961,16,TSCP_R,1762,0.898521162672106,1.0512358992577749e+39,0
scm1d,155,490,1961,16,Empirical_copula,1714,0.8740438551759306,2.4506558857397346e+38,0
scm1d,155,490,1961,16,Unscaled,1771,0.903110657827639,2.5829878235151482e+39,0
scm1d,155,490,1961,16,Point_CHR,1782,0.9087200407955125,1.6140640096832624e+39,0
scm1d,155,490,1961,16,TSCP_R,1756,0.8954614992350841,6.892102163090768e+38,0
scm1d,156,490,1961,16,Empirical_copula,1698,0.8658847526772055,3.299405751466351e+38,0
scm1d,156,490,1961,16,Unscaled,1740,0.887302396736359,9.055687487852465e+38,0
scm1d,156,490,1961,16,Point_CHR,1749,0.8918918918918919,4.8569984847145304e+38,0
scm1d,156,490,1961,16,TSCP_R,1758,0.8964813870474247,8.157617892320751e+38,0
scm1d,157,490,1961,16,Empirical_copula,1770,0.9026007139214687,8.96672257302992e+38,0
scm1d,157,490,1961,16,Unscaled,1742,0.8883222845486997,9.286855585395748e+38,0
scm1d,157,490,1961,16,Point_CHR,1699,0.8663946965833759,1.8445846948777156e+38,0
scm1d,157,490,1961,16,TSCP_R,1763,0.8990311065782763,5.8472643958818366e+38,0
scm1d,158,490,1961,16,Empirical_copula,1782,0.9087200407955125,2.3683662662975422e+39,0
scm1d,158,490,1961,16,Unscaled,1779,0.9071902090770015,3.650559074538526e+39,0
scm1d,158,490,1961,16,Point_CHR,1816,0.9260581336053034,6.485427063536515e+39,0
scm1d,158,490,1961,16,TSCP_R,1792,0.9138194798572157,3.288101983192232e+39,0
scm1d,159,490,1961,16,Empirical_copula,1780,0.9077001529831719,1.194586971032537e+39,0
scm1d,159,490,1961,16,Unscaled,1766,0.9005609382967874,1.1976668295075757e+39,0
scm1d,159,490,1961,16,Point_CHR,1840,0.9382967873533912,2.265234278383468e+40,0
scm1d,159,490,1961,16,TSCP_R,1798,0.9168791432942376,2.186586517929108e+39,0
scm1d,160,490,1961,16,Empirical_copula,1773,0.9041305456399796,1.0455841312492166e+39,0
scm1d,160,490,1961,16,Unscaled,1786,0.9107598164201938,2.4343015828138944e+39,0
scm1d,160,490,1961,16,Point_CHR,1798,0.9168791432942376,2.956672878445916e+39,0
scm1d,160,490,1961,16,TSCP_R,1782,0.9087200407955125,1.0811449876460672e+39,0
scm1d,161,490,1961,16,Empirical_copula,1732,0.8832228454869965,7.80955622939446e+38,0
scm1d,161,490,1961,16,Unscaled,1771,0.903110657827639,2.3386852231948856e+39,0
scm1d,161,490,1961,16,Point_CHR,1790,0.912799592044875,2.3099269820623914e+39,0
scm1d,161,490,1961,16,TSCP_R,1763,0.8990311065782763,1.2837836233211936e+39,0
scm1d,162,490,1961,16,Empirical_copula,1740,0.887302396736359,6.338161132045207e+38,0
scm1d,162,490,1961,16,Unscaled,1790,0.912799592044875,3.958806505192824e+39,0
scm1d,162,490,1961,16,Point_CHR,1727,0.8806731259561448,3.605315052091978e+38,0
scm1d,162,490,1961,16,TSCP_R,1771,0.903110657827639,1.3848705999213494e+39,0
scm1d,163,490,1961,16,Empirical_copula,1768,0.901580826109128,1.2055669080524465e+39,0
scm1d,163,490,1961,16,Unscaled,1786,0.9107598164201938,4.139889303099185e+39,0
scm1d,163,490,1961,16,Point_CHR,1786,0.9107598164201938,2.4167103705789622e+39,0
scm1d,163,490,1961,16,TSCP_R,1781,0.9082100968893422,1.9730007781300388e+39,0
scm1d,164,490,1961,16,Empirical_copula,1748,0.8913819479857216,6.833669361290629e+38,0
scm1d,164,490,1961,16,Unscaled,1800,0.9178990311065782,4.4872964448861343e+39,0
scm1d,164,490,1961,16,Point_CHR,1753,0.8939316675165732,5.455291045513481e+38,0
scm1d,164,490,1961,16,TSCP_R,1771,0.903110657827639,9.385887611094052e+38,0
scm1d,165,490,1961,16,Empirical_copula,1742,0.8883222845486997,8.454080674122876e+38,0
scm1d,165,490,1961,16,Unscaled,1777,0.9061703212646609,2.1992753089371075e+39,0
scm1d,165,490,1961,16,Point_CHR,1723,0.8786333503314635,2.7509082131194033e+38,0
scm1d,165,490,1961,16,TSCP_R,1752,0.8934217236104028,8.775388588672376e+38,0
scm1d,166,490,1961,16,Empirical_copula,1750,0.8924018357980622,7.316668086018711e+38,0
scm1d,166,490,1961,16,Unscaled,1737,0.8857725650178481,1.0488120729223986e+39,0
scm1d,166,490,1961,16,Point_CHR,1817,0.9265680775114737,6.666092089920128e+39,0
scm1d,166,490,1961,16,TSCP_R,1774,0.90464048954615,1.0885793441847027e+39,0
scm1d,167,490,1961,16,Empirical_copula,1748,0.8913819479857216,7.804643326970735e+38,0
scm1d,167,490,1961,16,Unscaled,1751,0.8929117797042325,1.6601267283328704e+39,0
scm1d,167,490,1961,16,Point_CHR,1737,0.8857725650178481,5.93802546569346e+38,0
scm1d,167,490,1961,16,TSCP_R,1745,0.8898521162672106,6.928604931675692e+38,0
scm1d,168,490,1961,16,Empirical_copula,1746,0.8903620601733809,6.702516488617149e+38,0
scm1d,168,490,1961,16,Unscaled,1742,0.8883222845486997,1.4661551437504807e+39,0
scm1d,168,490,1961,16,Point_CHR,1772,0.9036206017338093,1.299163826534066e+39,0
scm1d,168,490,1961,16,TSCP_R,1764,0.8995410504844467,7.960280723463681e+38,0
scm1d,169,490,1961,16,Empirical_copula,1715,0.874553799082101,3.983643822072431e+38,0
scm1d,169,490,1961,16,Unscaled,1767,0.9010708822029577,2.521902092782072e+39,0
scm1d,169,490,1961,16,Point_CHR,1716,0.8750637429882713,3.0605294119532507e+38,0
scm1d,169,490,1961,16,TSCP_R,1750,0.8924018357980622,8.477846648782198e+38,0
scm1d,170,490,1961,16,Empirical_copula,1800,0.9178990311065782,1.5816503210751352e+39,0
scm1d,170,490,1961,16,Unscaled,1794,0.9148393676695563,3.4298228220159095e+39,0
scm1d,170,490,1961,16,Point_CHR,1838,0.9372768995410505,6.793355388976969e+39,0
scm1d,170,490,1961,16,TSCP_R,1817,0.9265680775114737,2.558464095590426e+39,0
scm1d,171,490,1961,16,Empirical_copula,1747,0.8908720040795512,9.630183323159436e+38,0
scm1d,171,490,1961,16,Unscaled,1771,0.903110657827639,2.131700537236051e+39,0
scm1d,171,490,1961,16,Point_CHR,1810,0.9229984701682815,3.625950980316346e+39,0
scm1d,171,490,1961,16,TSCP_R,1772,0.9036206017338093,1.0968716028319443e+39,0
scm1d,172,490,1961,16,Empirical_copula,1761,0.8980112187659357,1.5996049379100667e+39,0
scm1d,172,490,1961,16,Unscaled,1769,0.9020907700152984,2.477976646317656e+39,0
scm1d,172,490,1961,16,Point_CHR,1740,0.887302396736359,6.7849875792468915e+38,0
scm1d,172,490,1961,16,TSCP_R,1765,0.9000509943906171,1.1801903703538239e+39,0
scm1d,173,490,1961,16,Empirical_copula,1772,0.9036206017338093,1.5378634862105532e+39,0
scm1d,173,490,1961,16,Unscaled,1771,0.903110657827639,1.8025948168335892e+39,0
scm1d,173,490,1961,16,Point_CHR,1831,0.9337072921978582,8.75644806682288e+39,0
scm1d,173,490,1961,16,TSCP_R,1789,0.9122896481387047,2.1385373141365032e+39,0
scm1d,174,490,1961,16,Empirical_copula,1756,0.8954614992350841,6.801583930398701e+38,0
scm1d,174,490,1961,16,Unscaled,1765,0.9000509943906171,1.462624393394316e+39,0
scm1d,174,490,1961,16,Point_CHR,1804,0.9199388067312596,2.447978420498327e+39,0
scm1d,174,490,1961,16,TSCP_R,1778,0.9066802651708312,1.060553585990851e+39,0
scm1d,175,490,1961,16,Empirical_copula,1723,0.8786333503314635,6.000671733676212e+38,0
scm1d,175,490,1961,16,Unscaled,1764,0.8995410504844467,2.820045168059311e+39,0
scm1d,175,490,1961,16,Point_CHR,1723,0.8786333503314635,5.1016963648406904e+38,0
scm1d,175,490,1961,16,TSCP_R,1745,0.8898521162672106,9.627998803993984e+38,0
scm1d,176,490,1961,16,Empirical_copula,1808,0.9219785823559409,2.4991889078430717e+39,0
scm1d,176,490,1961,16,Unscaled,1799,0.9173890872004079,2.835896260655751e+39,0
scm1d,176,490,1961,16,Point_CHR,1766,0.9005609382967874,4.8115761858817784e+38,0
scm1d,176,490,1961,16,TSCP_R,1805,0.9204487506374299,2.0391969887530565e+39,0
scm1d,177,490,1961,16,Empirical_copula,1761,0.8980112187659357,5.831933540947112e+38,0
scm1d,177,490,1961,16,Unscaled,1756,0.8954614992350841,1.5499102516057983e+39,0
scm1d,177,490,1961,16,Point_CHR,1782,0.9087200407955125,1.3605543551367554e+39,0
scm1d,177,490,1961,16,TSCP_R,1780,0.9077001529831719,1.1715734563271888e+39,0
scm1d,178,490,1961,16,Empirical_copula,1793,0.914329423763386,2.4213431372902853e+39,0
scm1d,178,490,1961,16,Unscaled,1776,0.9056603773584906,1.409237556715006e+39,0
scm1d,178,490,1961,16,Point_CHR,1742,0.8883222845486997,3.158272842240324e+38,0
scm1d,178,490,1961,16,TSCP_R,1818,0.9270780214176441,3.7325580797621936e+39,0
scm1d,179,490,1961,16,Empirical_copula,1735,0.8847526772055074,5.160702416518001e+38,0
scm1d,179,490,1961,16,Unscaled,1725,0.8796532381438041,6.924588245639925e+38,0
scm1d,179,490,1961,16,Point_CHR,1804,0.9199388067312596,3.727920382311824e+39,0
scm1d,179,490,1961,16,TSCP_R,1747,0.8908720040795512,6.3397449135554804e+38,0
scm1d,180,490,1961,16,Empirical_copula,1741,0.8878123406425293,7.532552665665203e+38,0
scm1d,180,490,1961,16,Unscaled,1754,0.8944416114227435,1.400952692911384e+39,0
scm1d,180,490,1961,16,Point_CHR,1753,0.8939316675165732,8.181815034384362e+38,0
scm1d,180,490,1961,16,TSCP_R,1748,0.8913819479857216,8.922832772049137e+38,0
scm1d,181,490,1961,16,Empirical_copula,1670,0.8516063233044365,1.2684913669578565e+38,0
scm1d,181,490,1961,16,Unscaled,1704,0.8689444161142275,5.925833847053394e+38,0
scm1d,181,490,1961,16,Point_CHR,1673,0.8531361550229475,1.2730657236154703e+38,0
scm1d,181,490,1961,16,TSCP_R,1700,0.8669046404895462,2.6115013414464536e+38,0
scm1d,182,490,1961,16,Empirical_copula,1726,0.8801631820499745,5.353244930549515e+38,0
scm1d,182,490,1961,16,Unscaled,1742,0.8883222845486997,2.0984334712234276e+39,0
scm1d,182,490,1961,16,Point_CHR,1737,0.8857725650178481,6.058565062651304e+38,0
scm1d,182,490,1961,16,TSCP_R,1737,0.8857725650178481,6.29362036221913e+38,0
scm1d,183,490,1961,16,Empirical_copula,1783,0.9092299847016828,1.2641125972486671e+39,0
scm1d,183,490,1961,16,Unscaled,1806,0.9209586945436002,5.762316048841385e+39,0
scm1d,183,490,1961,16,Point_CHR,1840,0.9382967873533912,1.3948621000269843e+40,0
scm1d,183,490,1961,16,TSCP_R,1802,0.918918918918919,1.9466072851858244e+39,0
scm1d,184,490,1961,16,Empirical_copula,1725,0.8796532381438041,3.693961395306623e+38,0
scm1d,184,490,1961,16,Unscaled,1753,0.8939316675165732,8.353094361607796e+38,0
scm1d,184,490,1961,16,Point_CHR,1774,0.90464048954615,9.796283143077505e+38,0
scm1d,184,490,1961,16,TSCP_R,1742,0.8883222845486997,5.2933488579377084e+38,0
scm1d,185,490,1961,16,Empirical_copula,1716,0.8750637429882713,6.985329409214985e+38,0
scm1d,185,490,1961,16,Unscaled,1756,0.8954614992350841,2.742760128123807e+39,0
scm1d,185,490,1961,16,Point_CHR,1729,0.8816930137684854,5.4608690795952026e+38,0
scm1d,185,490,1961,16,TSCP_R,1760,0.8975012748597654,1.7780578458498563e+39,0
scm1d,186,490,1961,16,Empirical_copula,1789,0.9122896481387047,1.5385764736894587e+39,0
scm1d,186,490,1961,16,Unscaled,1799,0.9173890872004079,3.584681924508593e+39,0
scm1d,186,490,1961,16,Point_CHR,1787,0.9112697603263641,1.762448514046692e+39,0
scm1d,186,490,1961,16,TSCP_R,1798,0.9168791432942376,1.6545527386492725e+39,0
scm1d,187,490,1961,16,Empirical_copula,1772,0.9036206017338093,1.5153126598384283e+39,0
scm1d,187,490,1961,16,Unscaled,1788,0.9117797042325344,4.0900884415780515e+39,0
scm1d,187,490,1961,16,Point_CHR,1763,0.8990311065782763,1.2502611483014578e+39,0
scm1d,187,490,1961,16,TSCP_R,1776,0.9056603773584906,1.6864109803871558e+39,0
scm1d,188,490,1961,16,Empirical_copula,1749,0.8918918918918919,5.372628964537111e+38,0
scm1d,188,490,1961,16,Unscaled,1792,0.9138194798572157,1.7427992732642868e+39,0
scm1d,188,490,1961,16,Point_CHR,1791,0.9133095359510454,1.0263857940828674e+39,0
scm1d,188,490,1961,16,TSCP_R,1790,0.912799592044875,9.581526169301952e+38,0
scm1d,189,490,1961,16,Empirical_copula,1758,0.8964813870474247,5.718555383873125e+38,0
scm1d,189,490,1961,16,Unscaled,1783,0.9092299847016828,2.220882786453452e+39,0
scm1d,189,490,1961,16,Point_CHR,1804,0.9199388067312596,1.9958762242996043e+39,0
scm1d,189,490,1961,16,TSCP_R,1784,0.9097399286078531,9.676869439009421e+38,0
scm1d,190,490,1961,16,Empirical_copula,1712,0.87302396736359,2.868837528775525e+38,0
scm1d,190,490,1961,16,Unscaled,1694,0.8638449770525243,2.2997293090818094e+38,0
scm1d,190,490,1961,16,Point_CHR,1756,0.8954614992350841,6.313809296688548e+38,0
scm1d,190,490,1961,16,TSCP_R,1690,0.8618052014278429,1.8962401720337206e+38,0
scm1d,191,490,1961,16,Empirical_copula,1708,0.8709841917389087,2.6924848085156784e+38,0
scm1d,191,490,1961,16,Unscaled,1691,0.8623151453340132,3.889284258836248e+38,0
scm1d,191,490,1961,16,Point_CHR,1692,0.8628250892401835,2.233206976303057e+38,0
scm1d,191,490,1961,16,TSCP_R,1691,0.8623151453340132,2.0927554959449815e+38,0
scm1d,192,490,1961,16,Empirical_copula,1740,0.887302396736359,6.808367908603447e+38,0
scm1d,192,490,1961,16,Unscaled,1735,0.8847526772055074,6.579193469069162e+38,0
scm1d,192,490,1961,16,Point_CHR,1777,0.9061703212646609,1.4517224921900412e+39,0
scm1d,192,490,1961,16,TSCP_R,1749,0.8918918918918919,7.497205845431416e+38,0
scm1d,193,490,1961,16,Empirical_copula,1736,0.8852626211116777,6.657040613071506e+38,0
scm1d,193,490,1961,16,Unscaled,1733,0.8837327893931668,1.205571171641166e+39,0
scm1d,193,490,1961,16,Point_CHR,1758,0.8964813870474247,7.716548819718024e+38,0
scm1d,193,490,1961,16,TSCP_R,1747,0.8908720040795512,6.502034389968617e+38,0
scm1d,194,490,1961,16,Empirical_copula,1726,0.8801631820499745,2.417098318755432e+38,0
scm1d,194,490,1961,16,Unscaled,1724,0.8791432942376338,5.7457289693243534e+38,0
scm1d,194,490,1961,16,Point_CHR,1778,0.9066802651708312,7.436414201342572e+38,0
scm1d,194,490,1961,16,TSCP_R,1741,0.8878123406425293,4.341369627264854e+38,0
scm1d,195,490,1961,16,Empirical_copula,1681,0.85721570627231,1.4621716717316587e+38,0
scm1d,195,490,1961,16,Unscaled,1702,0.8679245283018868,4.5772922079799236e+38,0
scm1d,195,490,1961,16,Point_CHR,1725,0.8796532381438041,3.2212911378143065e+38,0
scm1d,195,490,1961,16,TSCP_R,1690,0.8618052014278429,1.5837925077970627e+38,0
scm1d,196,490,1961,16,Empirical_copula,1774,0.90464048954615,1.5211851171544743e+39,0
scm1d,196,490,1961,16,Unscaled,1744,0.8893421723610403,9.836278277468807e+38,0
scm1d,196,490,1961,16,Point_CHR,1792,0.9138194798572157,1.712422566938854e+39,0
scm1d,196,490,1961,16,TSCP_R,1784,0.9097399286078531,1.9655690432503197e+39,0
scm1d,197,490,1961,16,Empirical_copula,1743,0.88883222845487,7.340911956573081e+38,0
scm1d,197,490,1961,16,Unscaled,1778,0.9066802651708312,2.7583636062733166e+39,0
scm1d,197,490,1961,16,Point_CHR,1795,0.9153493115757266,3.0523227815808635e+39,0
scm1d,197,490,1961,16,TSCP_R,1772,0.9036206017338093,1.484696280153898e+39,0
scm1d,198,490,1961,16,Empirical_copula,1708,0.8709841917389087,2.9773350251373877e+38,0
scm1d,198,490,1961,16,Unscaled,1750,0.8924018357980622,1.6438829921179058e+39,0
scm1d,198,490,1961,16,Point_CHR,1739,0.8867924528301887,5.79022409528166e+38,0
scm1d,198,490,1961,16,TSCP_R,1754,0.8944416114227435,9.799009008362908e+38,0
scm1d,199,490,1961,16,Empirical_copula,1754,0.8944416114227435,1.3710848410731856e+39,0
scm1d,199,490,1961,16,Unscaled,1761,0.8980112187659357,1.4019208309506827e+39,0
scm1d,199,490,1961,16,Point_CHR,1797,0.9163691993880673,1.785024767324992e+39,0
scm1d,199,490,1961,16,TSCP_R,1739,0.8867924528301887,5.3863989529714224e+38,0
scm20d,0,448,1794,16,Empirical_copula,1589,0.8857302118171684,8.216446862397431e+39,0
scm20d,0,448,1794,16,Unscaled,1633,0.9102564102564102,3.280137166638708e+40,0
scm20d,0,448,1794,16,Point_CHR,1652,0.9208472686733556,4.0829268537141024e+40,0
scm20d,0,448,1794,16,TSCP_R,1585,0.8835005574136009,4.968912011245339e+39,0
scm20d,1,448,1794,16,Empirical_copula,1586,0.8840579710144928,4.325159792244805e+39,0
scm20d,1,448,1794,16,Unscaled,1608,0.8963210702341137,1.9203830316364258e+40,0
scm20d,1,448,1794,16,Point_CHR,1565,0.8723522853957637,2.598306691923716e+39,0
scm20d,1,448,1794,16,TSCP_R,1601,0.8924191750278707,8.049250005605305e+39,0
scm20d,2,448,1794,16,Empirical_copula,1585,0.8835005574136009,5.371591382316924e+39,0
scm20d,2,448,1794,16,Unscaled,1589,0.8857302118171684,8.13256408723572e+39,0
scm20d,2,448,1794,16,Point_CHR,1598,0.8907469342251951,7.89025229499169e+39,0
scm20d,2,448,1794,16,TSCP_R,1603,0.8935340022296544,5.589690750529603e+39,0
scm20d,3,448,1794,16,Empirical_copula,1566,0.8729096989966555,4.2394370038995686e+39,0
scm20d,3,448,1794,16,Unscaled,1572,0.8762541806020067,9.533114244622646e+39,0
scm20d,3,448,1794,16,Point_CHR,1573,0.8768115942028986,5.772829336767803e+39,0
scm20d,3,448,1794,16,TSCP_R,1573,0.8768115942028986,6.820806448364447e+39,0
scm20d,4,448,1794,16,Empirical_copula,1567,0.8734671125975474,2.7084388745484252e+39,0
scm20d,4,448,1794,16,Unscaled,1599,0.8913043478260869,1.2934463164830817e+40,0
scm20d,4,448,1794,16,Point_CHR,1593,0.8879598662207357,7.766610530830469e+39,0
scm20d,4,448,1794,16,TSCP_R,1565,0.8723522853957637,3.736599959244575e+39,0
scm20d,5,448,1794,16,Empirical_copula,1609,0.8968784838350056,1.571828679561823e+40,0
scm20d,5,448,1794,16,Unscaled,1642,0.915273132664437,3.350018049981133e+40,0
scm20d,5,448,1794,16,Point_CHR,1636,0.9119286510590858,1.9302368981386918e+40,0
scm20d,5,448,1794,16,TSCP_R,1637,0.9124860646599777,1.9793858436528015e+40,0
scm20d,6,448,1794,16,Empirical_copula,1595,0.8890746934225195,6.191637152880335e+39,0
scm20d,6,448,1794,16,Unscaled,1605,0.8946488294314381,1.0237087317325996e+40,0
scm20d,6,448,1794,16,Point_CHR,1590,0.8862876254180602,3.486407358369835e+39,0
scm20d,6,448,1794,16,TSCP_R,1592,0.887402452619844,3.685982981690367e+39,0
scm20d,7,448,1794,16,Empirical_copula,1536,0.8561872909698997,7.714603143606214e+38,0
scm20d,7,448,1794,16,Unscaled,1551,0.8645484949832776,2.1343779389590927e+39,0
scm20d,7,448,1794,16,Point_CHR,1586,0.8840579710144928,3.7616706197446575e+39,0
scm20d,7,448,1794,16,TSCP_R,1563,0.8712374581939799,1.9233821037102236e+39,0
scm20d,8,448,1794,16,Empirical_copula,1638,0.9130434782608695,2.1636021307089835e+40,0
scm20d,8,448,1794,16,Unscaled,1632,0.9096989966555183,3.1027438392568166e+40,0
scm20d,8,448,1794,16,Point_CHR,1629,0.9080267558528428,1.8149909777708798e+40,0
scm20d,8,448,1794,16,TSCP_R,1645,0.9169453734671126,3.1436689954378404e+40,0
scm20d,9,448,1794,16,Empirical_copula,1639,0.9136008918617614,1.4627483933771916e+40,0
scm20d,9,448,1794,16,Unscaled,1626,0.9063545150501672,2.259058590313188e+40,0
scm20d,9,448,1794,16,Point_CHR,1630,0.9085841694537347,1.313944923782668e+40,0
scm20d,9,448,1794,16,TSCP_R,1667,0.9292084726867336,2.9632347907289693e+40,0
scm20d,10,448,1794,16,Empirical_copula,1616,0.9007803790412486,9.569725202320188e+39,0
scm20d,10,448,1794,16,Unscaled,1605,0.8946488294314381,9.191844218530159e+39,0
scm20d,10,448,1794,16,Point_CHR,1662,0.9264214046822743,3.623061786394524e+40,0
scm20d,10,448,1794,16,TSCP_R,1633,0.9102564102564102,1.0041589787349448e+40,0
scm20d,11,448,1794,16,Empirical_copula,1647,0.9180602006688964,3.7087247726534835e+40,0
scm20d,11,448,1794,16,Unscaled,1659,0.9247491638795987,9.244990744401101e+40,0
scm20d,11,448,1794,16,Point_CHR,1674,0.9331103678929766,1.6173519592568384e+41,0
scm20d,11,448,1794,16,TSCP_R,1649,0.9191750278706801,3.97939286696152e+40,0
scm20d,12,448,1794,16,Empirical_copula,1630,0.9085841694537347,1.1557922455201935e+40,0
scm20d,12,448,1794,16,Unscaled,1619,0.9024526198439242,1.8226544751280237e+40,0
scm20d,12,448,1794,16,Point_CHR,1653,0.9214046822742475,3.1059095359831065e+40,0
scm20d,12,448,1794,16,TSCP_R,1633,0.9102564102564102,1.7601732238937149e+40,0
scm20d,13,448,1794,16,Empirical_copula,1617,0.9013377926421404,5.485223300250818e+39,0
scm20d,13,448,1794,16,Unscaled,1651,0.9202898550724637,2.980158190201375e+40,0
scm20d,13,448,1794,16,Point_CHR,1643,0.9158305462653289,1.5573477142803565e+40,0
scm20d,13,448,1794,16,TSCP_R,1636,0.9119286510590858,1.06280574970204e+40,0
scm20d,14,448,1794,16,Empirical_copula,1617,0.9013377926421404,2.368349383239495e+40,0
scm20d,14,448,1794,16,Unscaled,1625,0.9057971014492754,3.559726649489631e+40,0
scm20d,14,448,1794,16,Point_CHR,1645,0.9169453734671126,2.95212275992777e+40,0
scm20d,14,448,1794,16,TSCP_R,1628,0.907469342251951,2.166952836582587e+40,0
scm20d,15,448,1794,16,Empirical_copula,1582,0.8818283166109253,4.5540460806203005e+39,0
scm20d,15,448,1794,16,Unscaled,1638,0.9130434782608695,2.762929753183815e+40,0
scm20d,15,448,1794,16,Point_CHR,1616,0.9007803790412486,1.0869486508302656e+40,0
scm20d,15,448,1794,16,TSCP_R,1631,0.9091415830546266,1.485238575384429e+40,0
scm20d,16,448,1794,16,Empirical_copula,1621,0.9035674470457079,1.0682968282662573e+40,0
scm20d,16,448,1794,16,Unscaled,1610,0.8974358974358975,9.919204928990854e+39,0
scm20d,16,448,1794,16,Point_CHR,1607,0.8957636566332219,5.422368937199979e+39,0
scm20d,16,448,1794,16,TSCP_R,1628,0.907469342251951,1.115798560767367e+40,0
scm20d,17,448,1794,16,Empirical_copula,1613,0.899108138238573,1.5305629545001886e+40,0
scm20d,17,448,1794,16,Unscaled,1596,0.8896321070234113,1.3970132136774475e+40,0
scm20d,17,448,1794,16,Point_CHR,1573,0.8768115942028986,3.9023721419159027e+39,0
scm20d,17,448,1794,16,TSCP_R,1605,0.8946488294314381,1.0284323685563442e+40,0
scm20d,18,448,1794,16,Empirical_copula,1530,0.8528428093645485,2.2954258614595557e+39,0
scm20d,18,448,1794,16,Unscaled,1573,0.8768115942028986,8.161624943568732e+39,0
scm20d,18,448,1794,16,Point_CHR,1605,0.8946488294314381,1.5275661634667574e+40,0
scm20d,18,448,1794,16,TSCP_R,1544,0.8606465997770345,3.49818421047733e+39,0
scm20d,19,448,1794,16,Empirical_copula,1622,0.9041248606465998,1.03366318952706e+40,0
scm20d,19,448,1794,16,Unscaled,1631,0.9091415830546266,2.397937014700128e+40,0
scm20d,19,448,1794,16,Point_CHR,1640,0.9141583054626533,1.3529608995644762e+40,0
scm20d,19,448,1794,16,TSCP_R,1631,0.9091415830546266,9.198552728251133e+39,0
scm20d,20,448,1794,16,Empirical_copula,1637,0.9124860646599777,4.4552801556613065e+40,0
scm20d,20,448,1794,16,Unscaled,1644,0.9163879598662207,8.175902125864724e+40,0
scm20d,20,448,1794,16,Point_CHR,1652,0.9208472686733556,6.759582878859648e+40,0
scm20d,20,448,1794,16,TSCP_R,1650,0.919732441471572,4.441052940795946e+40,0
scm20d,21,448,1794,16,Empirical_copula,1611,0.8979933110367893,5.0169615649316384e+39,0
scm20d,21,448,1794,16,Unscaled,1639,0.9136008918617614,1.358907810681831e+40,0
scm20d,21,448,1794,16,Point_CHR,1622,0.9041248606465998,6.673222941909193e+39,0
scm20d,21,448,1794,16,TSCP_R,1617,0.9013377926421404,4.216278559243927e+39,0
scm20d,22,448,1794,16,Empirical_copula,1603,0.8935340022296544,4.170443684343105e+39,0
scm20d,22,448,1794,16,Unscaled,1639,0.9136008918617614,2.535194787780462e+40,0
scm20d,22,448,1794,16,Point_CHR,1655,0.9225195094760312,2.434660120043025e+40,0
scm20d,22,448,1794,16,TSCP_R,1622,0.9041248606465998,9.024673324145624e+39,0
scm20d,23,448,1794,16,Empirical_copula,1599,0.8913043478260869,8.404145603173483e+39,0
scm20d,23,448,1794,16,Unscaled,1615,0.9002229654403567,2.0246071711283598e+40,0
scm20d,23,448,1794,16,Point_CHR,1553,0.8656633221850614,2.2618016810963796e+39,0
scm20d,23,448,1794,16,TSCP_R,1602,0.8929765886287625,7.925640179454822e+39,0
scm20d,24,448,1794,16,Empirical_copula,1559,0.8690078037904125,3.704631140942043e+39,0
scm20d,24,448,1794,16,Unscaled,1577,0.879041248606466,1.2193556520216617e+40,0
scm20d,24,448,1794,16,Point_CHR,1575,0.8779264214046822,6.270989422939137e+39,0
scm20d,24,448,1794,16,TSCP_R,1575,0.8779264214046822,5.435223962550169e+39,0
scm20d,25,448,1794,16,Empirical_copula,1589,0.8857302118171684,8.716035388797245e+39,0
scm20d,25,448,1794,16,Unscaled,1556,0.867335562987737,8.207264248707925e+39,0
scm20d,25,448,1794,16,Point_CHR,1564,0.8717948717948718,3.63778652621959e+39,0
scm20d,25,448,1794,16,TSCP_R,1606,0.89520624303233,1.055535640983237e+40,0
scm20d,26,448,1794,16,Empirical_copula,1565,0.8723522853957637,3.3823498216872e+39,0
scm20d,26,448,1794,16,Unscaled,1642,0.915273132664437,4.861566698240146e+40,0
scm20d,26,448,1794,16,Point_CHR,1618,0.9018952062430323,1.9051973224956718e+40,0
scm20d,26,448,1794,16,TSCP_R,1605,0.8946488294314381,9.145983137251752e+39,0
scm20d,27,448,1794,16,Empirical_copula,1567,0.8734671125975474,6.815524084796341e+39,0
scm20d,27,448,1794,16,Unscaled,1585,0.8835005574136009,1.538074368967123e+40,0
scm20d,27,448,1794,16,Point_CHR,1592,0.887402452619844,1.1900447801104936e+40,0
scm20d,27,448,1794,16,TSCP_R,1599,0.8913043478260869,1.08465101091751e+40,0
scm20d,28,448,1794,16,Empirical_copula,1604,0.8940914158305463,7.401251141240105e+39,0
scm20d,28,448,1794,16,Unscaled,1612,0.8985507246376812,1.34196475952172e+40,0
scm20d,28,448,1794,16,Point_CHR,1622,0.9041248606465998,1.1476521415953093e+40,0
scm20d,28,448,1794,16,TSCP_R,1634,0.9108138238573021,1.456849735235858e+40,0
scm20d,29,448,1794,16,Empirical_copula,1604,0.8940914158305463,9.367368378297897e+39,0
scm20d,29,448,1794,16,Unscaled,1589,0.8857302118171684,6.833909271411063e+39,0
scm20d,29,448,1794,16,Point_CHR,1637,0.9124860646599777,1.7865904816897735e+40,0
scm20d,29,448,1794,16,TSCP_R,1612,0.8985507246376812,1.1745587383807302e+40,0
scm20d,30,448,1794,16,Empirical_copula,1604,0.8940914158305463,7.95041127052964e+39,0
scm20d,30,448,1794,16,Unscaled,1605,0.8946488294314381,1.5525596917463645e+40,0
scm20d,30,448,1794,16,Point_CHR,1542,0.8595317725752508,2.3080277604647246e+39,0
scm20d,30,448,1794,16,TSCP_R,1599,0.8913043478260869,7.428468303864253e+39,0
scm20d,31,448,1794,16,Empirical_copula,1600,0.8918617614269788,1.0560098031716164e+40,0
scm20d,31,448,1794,16,Unscaled,1629,0.9080267558528428,2.2668333238041885e+40,0
scm20d,31,448,1794,16,Point_CHR,1567,0.8734671125975474,2.5543370744428418e+39,0
scm20d,31,448,1794,16,TSCP_R,1610,0.8974358974358975,6.969654306993343e+39,0
scm20d,32,448,1794,16,Empirical_copula,1621,0.9035674470457079,1.7681593925357043e+40,0
scm20d,32,448,1794,16,Unscaled,1643,0.9158305462653289,3.925187885206957e+40,0
scm20d,32,448,1794,16,Point_CHR,1682,0.9375696767001115,1.0487173335246664e+41,0
scm20d,32,448,1794,16,TSCP_R,1632,0.9096989966555183,1.8877115586307524e+40,0
scm20d,33,448,1794,16,Empirical_copula,1654,0.9219620958751393,3.229340263057597e+40,0
scm20d,33,448,1794,16,Unscaled,1679,0.9358974358974359,1.1115145765920547e+41,0
scm20d,33,448,1794,16,Point_CHR,1652,0.9208472686733556,1.744915724685753e+40,0
scm20d,33,448,1794,16,TSCP_R,1656,0.9230769230769231,3.0513254137797313e+40,0
scm20d,34,448,1794,16,Empirical_copula,1610,0.8974358974358975,1.1028882733478507e+40,0
scm20d,34,448,1794,16,Unscaled,1617,0.9013377926421404,1.9323863833338885e+40,0
scm20d,34,448,1794,16,Point_CHR,1685,0.9392419175027871,7.676794593770717e+40,0
scm20d,34,448,1794,16,TSCP_R,1619,0.9024526198439242,1.0525284286723777e+40,0
scm20d,35,448,1794,16,Empirical_copula,1613,0.899108138238573,1.548174183497676e+40,0
scm20d,35,448,1794,16,Unscaled,1654,0.9219620958751393,6.189743801883736e+40,0
scm20d,35,448,1794,16,Point_CHR,1676,0.9342251950947603,5.4292730056502255e+40,0
scm20d,35,448,1794,16,TSCP_R,1628,0.907469342251951,1.79185963031414e+40,0
scm20d,36,448,1794,16,Empirical_copula,1544,0.8606465997770345,1.2151661656762628e+39,0
scm20d,36,448,1794,16,Unscaled,1558,0.8684503901895206,3.2155211189574845e+39,0
scm20d,36,448,1794,16,Point_CHR,1569,0.8745819397993311,2.9643045782838356e+39,0
scm20d,36,448,1794,16,TSCP_R,1562,0.8706800445930881,2.0143494997460482e+39,0
scm20d,37,448,1794,16,Empirical_copula,1613,0.899108138238573,8.841932552187164e+39,0
scm20d,37,448,1794,16,Unscaled,1633,0.9102564102564102,2.290405936825449e+40,0
scm20d,37,448,1794,16,Point_CHR,1651,0.9202898550724637,3.8308144962123957e+40,0
scm20d,37,448,1794,16,TSCP_R,1615,0.9002229654403567,9.560793263528873e+39,0
scm20d,38,448,1794,16,Empirical_copula,1597,0.8901895206243032,6.193580400539783e+39,0
scm20d,38,448,1794,16,Unscaled,1593,0.8879598662207357,5.479749127587876e+39,0
scm20d,38,448,1794,16,Point_CHR,1552,0.8651059085841695,1.361654009139763e+39,0
scm20d,38,448,1794,16,TSCP_R,1604,0.8940914158305463,6.104291034440749e+39,0
scm20d,39,448,1794,16,Empirical_copula,1632,0.9096989966555183,1.4876957867622452e+40,0
scm20d,39,448,1794,16,Unscaled,1652,0.9208472686733556,3.2258518107855655e+40,0
scm20d,39,448,1794,16,Point_CHR,1695,0.9448160535117057,1.6277882214023965e+41,0
scm20d,39,448,1794,16,TSCP_R,1623,0.9046822742474916,1.3484925756775173e+40,0
scm20d,40,448,1794,16,Empirical_copula,1640,0.9141583054626533,1.6961402270708104e+40,0
scm20d,40,448,1794,16,Unscaled,1617,0.9013377926421404,2.1078204936678073e+40,0
scm20d,40,448,1794,16,Point_CHR,1641,0.9147157190635451,1.396907028306164e+40,0
scm20d,40,448,1794,16,TSCP_R,1650,0.919732441471572,2.588440816526505e+40,0
scm20d,41,448,1794,16,Empirical_copula,1575,0.8779264214046822,5.946944262926273e+39,0
scm20d,41,448,1794,16,Unscaled,1617,0.9013377926421404,1.955671966801657e+40,0
scm20d,41,448,1794,16,Point_CHR,1631,0.9091415830546266,1.9649834288131714e+40,0
scm20d,41,448,1794,16,TSCP_R,1610,0.8974358974358975,8.221272685267953e+39,0
scm20d,42,448,1794,16,Empirical_copula,1657,0.9236343366778149,4.422374883056198e+40,0
scm20d,42,448,1794,16,Unscaled,1664,0.927536231884058,7.706925783060705e+40,0
scm20d,42,448,1794,16,Point_CHR,1677,0.9347826086956522,9.584983383605016e+40,0
scm20d,42,448,1794,16,TSCP_R,1654,0.9219620958751393,3.2326753782734775e+40,0
scm20d,43,448,1794,16,Empirical_copula,1576,0.8784838350055741,7.914198331592084e+39,0
scm20d,43,448,1794,16,Unscaled,1595,0.8890746934225195,2.1307985765077543e+40,0
scm20d,43,448,1794,16,Point_CHR,1615,0.9002229654403567,1.284719187139271e+40,0
scm20d,43,448,1794,16,TSCP_R,1597,0.8901895206243032,1.0852025254860077e+40,0
scm20d,44,448,1794,16,Empirical_copula,1575,0.8779264214046822,4.4557257325412124e+39,0
scm20d,44,448,1794,16,Unscaled,1603,0.8935340022296544,1.5497603875677894e+40,0
scm20d,44,448,1794,16,Point_CHR,1610,0.8974358974358975,7.8784448626781e+39,0
scm20d,44,448,1794,16,TSCP_R,1616,0.9007803790412486,8.606072752154415e+39,0
scm20d,45,448,1794,16,Empirical_copula,1584,0.882943143812709,8.893447032629559e+39,0
scm20d,45,448,1794,16,Unscaled,1599,0.8913043478260869,2.2873891680174526e+40,0
scm20d,45,448,1794,16,Point_CHR,1627,0.9069119286510591,2.001644081817879e+40,0
scm20d,45,448,1794,16,TSCP_R,1626,0.9063545150501672,1.7797823774216905e+40,0
scm20d,46,448,1794,16,Empirical_copula,1615,0.9002229654403567,7.178247610261025e+39,0
scm20d,46,448,1794,16,Unscaled,1636,0.9119286510590858,2.652831972021932e+40,0
scm20d,46,448,1794,16,Point_CHR,1642,0.915273132664437,1.6040964079675253e+40,0
scm20d,46,448,1794,16,TSCP_R,1636,0.9119286510590858,1.0694001651747315e+40,0
scm20d,47,448,1794,16,Empirical_copula,1638,0.9130434782608695,1.3771012564087635e+40,0
scm20d,47,448,1794,16,Unscaled,1618,0.9018952062430323,1.191763226024951e+40,0
scm20d,47,448,1794,16,Point_CHR,1659,0.9247491638795987,3.2730097975675467e+40,0
scm20d,47,448,1794,16,TSCP_R,1635,0.9113712374581939,1.1754027367789045e+40,0
scm20d,48,448,1794,16,Empirical_copula,1596,0.8896321070234113,1.4760554485248074e+40,0
scm20d,48,448,1794,16,Unscaled,1638,0.9130434782608695,6.535360937490215e+40,0
scm20d,48,448,1794,16,Point_CHR,1607,0.8957636566332219,1.6470113669114144e+40,0
scm20d,48,448,1794,16,TSCP_R,1623,0.9046822742474916,2.5117545014373826e+40,0
scm20d,49,448,1794,16,Empirical_copula,1588,0.8851727982162765,1.1370749000691848e+40,0
scm20d,49,448,1794,16,Unscaled,1610,0.8974358974358975,2.5143238213691466e+40,0
scm20d,49,448,1794,16,Point_CHR,1602,0.8929765886287625,1.1099287466997627e+40,0
scm20d,49,448,1794,16,TSCP_R,1625,0.9057971014492754,1.9412577029265591e+40,0
scm20d,50,448,1794,16,Empirical_copula,1571,0.8756967670011149,4.0326056540754354e+39,0
scm20d,50,448,1794,16,Unscaled,1580,0.8807134894091416,5.801486213260791e+39,0
scm20d,50,448,1794,16,Point_CHR,1598,0.8907469342251951,6.457803279434402e+39,0
scm20d,50,448,1794,16,TSCP_R,1580,0.8807134894091416,3.847421531058011e+39,0
scm20d,51,448,1794,16,Empirical_copula,1595,0.8890746934225195,7.481219012278229e+39,0
scm20d,51,448,1794,16,Unscaled,1621,0.9035674470457079,3.7344632115025913e+40,0
scm20d,51,448,1794,16,Point_CHR,1610,0.8974358974358975,9.998568060842471e+39,0
scm20d,51,448,1794,16,TSCP_R,1607,0.8957636566332219,9.600156707964153e+39,0
scm20d,52,448,1794,16,Empirical_copula,1627,0.9069119286510591,1.7611513114917667e+40,0
scm20d,52,448,1794,16,Unscaled,1625,0.9057971014492754,1.8489703057912153e+40,0
scm20d,52,448,1794,16,Point_CHR,1696,0.9453734671125975,2.6273140627412217e+41,0
scm20d,52,448,1794,16,TSCP_R,1627,0.9069119286510591,1.0562749963098761e+40,0
scm20d,53,448,1794,16,Empirical_copula,1579,0.8801560758082497,3.127472855882839e+39,0
scm20d,53,448,1794,16,Unscaled,1594,0.8885172798216276,8.959314143389971e+39,0
scm20d,53,448,1794,16,Point_CHR,1518,0.8461538461538461,8.59765501835903e+38,0
scm20d,53,448,1794,16,TSCP_R,1579,0.8801560758082497,3.568230509909065e+39,0
scm20d,54,448,1794,16,Empirical_copula,1556,0.867335562987737,3.6172910575909115e+39,0
scm20d,54,448,1794,16,Unscaled,1561,0.8701226309921962,5.69329915127284e+39,0
scm20d,54,448,1794,16,Point_CHR,1630,0.9085841694537347,3.1848545986323375e+40,0
scm20d,54,448,1794,16,TSCP_R,1598,0.8907469342251951,6.89430996496591e+39,0
scm20d,55,448,1794,16,Empirical_copula,1630,0.9085841694537347,2.5899342296118975e+40,0
scm20d,55,448,1794,16,Unscaled,1621,0.9035674470457079,1.6023469287439914e+40,0
scm20d,55,448,1794,16,Point_CHR,1661,0.9258639910813824,2.814989684905751e+40,0
scm20d,55,448,1794,16,TSCP_R,1633,0.9102564102564102,1.6482195335091297e+40,0
scm20d,56,448,1794,16,Empirical_copula,1569,0.8745819397993311,3.762161535455959e+39,0
scm20d,56,448,1794,16,Unscaled,1607,0.8957636566332219,1.0106504099716235e+40,0
scm20d,56,448,1794,16,Point_CHR,1571,0.8756967670011149,2.1619133550461523e+39,0
scm20d,56,448,1794,16,TSCP_R,1612,0.8985507246376812,6.538198753359843e+39,0
scm20d,57,448,1794,16,Empirical_copula,1657,0.9236343366778149,2.4949753146027823e+40,0
scm20d,57,448,1794,16,Unscaled,1662,0.9264214046822743,4.613773889873752e+40,0
scm20d,57,448,1794,16,Point_CHR,1666,0.9286510590858417,2.9875089880673563e+40,0
scm20d,57,448,1794,16,TSCP_R,1674,0.9331103678929766,4.848063202329304e+40,0
scm20d,58,448,1794,16,Empirical_copula,1609,0.8968784838350056,4.300799665475145e+39,0
scm20d,58,448,1794,16,Unscaled,1643,0.9158305462653289,3.1240593214750207e+40,0
scm20d,58,448,1794,16,Point_CHR,1633,0.9102564102564102,1.2815651379497169e+40,0
scm20d,58,448,1794,16,TSCP_R,1626,0.9063545150501672,8.992633425962886e+39,0
scm20d,59,448,1794,16,Empirical_copula,1645,0.9169453734671126,2.0695957250033973e+40,0
scm20d,59,448,1794,16,Unscaled,1644,0.9163879598662207,3.8408184465896146e+40,0
scm20d,59,448,1794,16,Point_CHR,1634,0.9108138238573021,9.023664778552504e+39,0
scm20d,59,448,1794,16,TSCP_R,1658,0.9241917502787068,2.280945747401804e+40,0
scm20d,60,448,1794,16,Empirical_copula,1598,0.8907469342251951,1.106016154001832e+40,0
scm20d,60,448,1794,16,Unscaled,1608,0.8963210702341137,2.395618913978664e+40,0
scm20d,60,448,1794,16,Point_CHR,1625,0.9057971014492754,3.274297738565649e+40,0
scm20d,60,448,1794,16,TSCP_R,1621,0.9035674470457079,1.9276303525129717e+40,0
scm20d,61,448,1794,16,Empirical_copula,1598,0.8907469342251951,8.119677011229752e+39,0
scm20d,61,448,1794,16,Unscaled,1641,0.9147157190635451,4.362092118847072e+40,0
scm20d,61,448,1794,16,Point_CHR,1604,0.8940914158305463,8.725148029230993e+39,0
scm20d,61,448,1794,16,TSCP_R,1622,0.9041248606465998,1.243310626365114e+40,0
scm20d,62,448,1794,16,Empirical_copula,1590,0.8862876254180602,3.9256527518629654e+39,0
scm20d,62,448,1794,16,Unscaled,1605,0.8946488294314381,7.543925642375076e+39,0
scm20d,62,448,1794,16,Point_CHR,1645,0.9169453734671126,1.6568098749747537e+40,0
scm20d,62,448,1794,16,TSCP_R,1605,0.8946488294314381,5.858836514284773e+39,0
scm20d,63,448,1794,16,Empirical_copula,1609,0.8968784838350056,1.2718460384950792e+40,0
scm20d,63,448,1794,16,Unscaled,1620,0.903010033444816,2.894935139537025e+40,0
scm20d,63,448,1794,16,Point_CHR,1623,0.9046822742474916,1.9327535603631972e+40,0
scm20d,63,448,1794,16,TSCP_R,1631,0.9091415830546266,2.3973616485622154e+40,0
scm20d,64,448,1794,16,Empirical_copula,1619,0.9024526198439242,2.474524804357827e+40,0
scm20d,64,448,1794,16,Unscaled,1650,0.919732441471572,7.660426397865598e+40,0
scm20d,64,448,1794,16,Point_CHR,1662,0.9264214046822743,8.294182845156062e+40,0
scm20d,64,448,1794,16,TSCP_R,1623,0.9046822742474916,2.5082883456389047e+40,0
scm20d,65,448,1794,16,Empirical_copula,1655,0.9225195094760312,7.165700916024944e+40,0
scm20d,65,448,1794,16,Unscaled,1682,0.9375696767001115,2.4864062054215448e+41,0
scm20d,65,448,1794,16,Point_CHR,1668,0.9297658862876255,8.551663174115367e+40,0
scm20d,65,448,1794,16,TSCP_R,1673,0.9325529542920847,9.407010044194176e+40,0
scm20d,66,448,1794,16,Empirical_copula,1574,0.8773690078037905,2.4254966241355056e+39,0
scm20d,66,448,1794,16,Unscaled,1613,0.899108138238573,1.214548994260886e+40,0
scm20d,66,448,1794,16,Point_CHR,1588,0.8851727982162765,3.0966386894074575e+39,0
scm20d,66,448,1794,16,TSCP_R,1590,0.8862876254180602,4.0731937606570464e+39,0
scm20d,67,448,1794,16,Empirical_copula,1543,0.8600891861761427,3.796393360394033e+39,0
scm20d,67,448,1794,16,Unscaled,1584,0.882943143812709,6.749681633377839e+39,0
scm20d,67,448,1794,16,Point_CHR,1558,0.8684503901895206,3.10047425403881e+39,0
scm20d,67,448,1794,16,TSCP_R,1563,0.8712374581939799,3.240107146056036e+39,0
scm20d,68,448,1794,16,Empirical_copula,1585,0.8835005574136009,3.486393121115366e+39,0
scm20d,68,448,1794,16,Unscaled,1567,0.8734671125975474,4.5247209773056384e+39,0
scm20d,68,448,1794,16,Point_CHR,1634,0.9108138238573021,1.0577248424197245e+40,0
scm20d,68,448,1794,16,TSCP_R,1610,0.8974358974358975,6.155564769700043e+39,0
scm20d,69,448,1794,16,Empirical_copula,1605,0.8946488294314381,7.09486266480603e+39,0
scm20d,69,448,1794,16,Unscaled,1637,0.9124860646599777,4.684826628557034e+40,0
scm20d,69,448,1794,16,Point_CHR,1623,0.9046822742474916,1.3968645554882058e+40,0
scm20d,69,448,1794,16,TSCP_R,1629,0.9080267558528428,2.1538635042262055e+40,0
scm20d,70,448,1794,16,Empirical_copula,1573,0.8768115942028986,5.569203818469052e+39,0
scm20d,70,448,1794,16,Unscaled,1596,0.8896321070234113,1.0254060417500075e+40,0
scm20d,70,448,1794,16,Point_CHR,1611,0.8979933110367893,1.1536177274344192e+40,0
scm20d,70,448,1794,16,TSCP_R,1606,0.89520624303233,9.131332236075967e+39,0
scm20d,71,448,1794,16,Empirical_copula,1632,0.9096989966555183,2.907504221962238e+40,0
scm20d,71,448,1794,16,Unscaled,1624,0.9052396878483835,3.0463274610033005e+40,0
scm20d,71,448,1794,16,Point_CHR,1635,0.9113712374581939,2.1782511911879535e+40,0
scm20d,71,448,1794,16,TSCP_R,1644,0.9163879598662207,3.2797007680901944e+40,0
scm20d,72,448,1794,16,Empirical_copula,1614,0.8996655518394648,8.955605980809889e+39,0
scm20d,72,448,1794,16,Unscaled,1623,0.9046822742474916,2.1392301002845136e+40,0
scm20d,72,448,1794,16,Point_CHR,1660,0.9253065774804905,3.2258040308574146e+40,0
scm20d,72,448,1794,16,TSCP_R,1640,0.9141583054626533,1.6870172951550336e+40,0
scm20d,73,448,1794,16,Empirical_copula,1601,0.8924191750278707,8.365653158339268e+39,0
scm20d,73,448,1794,16,Unscaled,1605,0.8946488294314381,1.649021932917884e+40,0
scm20d,73,448,1794,16,Point_CHR,1602,0.8929765886287625,7.346155488971657e+39,0
scm20d,73,448,1794,16,TSCP_R,1611,0.8979933110367893,1.0676081581706752e+40,0
scm20d,74,448,1794,16,Empirical_copula,1613,0.899108138238573,1.2240693546156775e+40,0
scm20d,74,448,1794,16,Unscaled,1656,0.9230769230769231,4.299364459381324e+40,0
scm20d,74,448,1794,16,Point_CHR,1676,0.9342251950947603,8.918423532127906e+40,0
scm20d,74,448,1794,16,TSCP_R,1647,0.9180602006688964,2.1749222393594394e+40,0
scm20d,75,448,1794,16,Empirical_copula,1640,0.9141583054626533,1.749507676241302e+40,0
scm20d,75,448,1794,16,Unscaled,1646,0.9175027870680045,3.4656495759182415e+40,0
scm20d,75,448,1794,16,Point_CHR,1640,0.9141583054626533,1.0428041690697591e+40,0
scm20d,75,448,1794,16,TSCP_R,1636,0.9119286510590858,1.1846802471374088e+40,0
scm20d,76,448,1794,16,Empirical_copula,1561,0.8701226309921962,2.6924211488651968e+39,0
scm20d,76,448,1794,16,Unscaled,1609,0.8968784838350056,1.394026433397393e+40,0
scm20d,76,448,1794,16,Point_CHR,1586,0.8840579710144928,4.0621708031704207e+39,0
scm20d,76,448,1794,16,TSCP_R,1590,0.8862876254180602,4.055784375840812e+39,0
scm20d,77,448,1794,16,Empirical_copula,1603,0.8935340022296544,8.968120276343398e+39,0
scm20d,77,448,1794,16,Unscaled,1578,0.8795986622073578,1.176477377360895e+40,0
scm20d,77,448,1794,16,Point_CHR,1601,0.8924191750278707,9.406953546065931e+39,0
scm20d,77,448,1794,16,TSCP_R,1600,0.8918617614269788,8.006111391961797e+39,0
scm20d,78,448,1794,16,Empirical_copula,1640,0.9141583054626533,1.2056369593539006e+40,0
scm20d,78,448,1794,16,Unscaled,1665,0.9280936454849499,5.60041774706883e+40,0
scm20d,78,448,1794,16,Point_CHR,1663,0.9269788182831661,3.680199468121903e+40,0
scm20d,78,448,1794,16,TSCP_R,1664,0.927536231884058,2.57955838085431e+40,0
scm20d,79,448,1794,16,Empirical_copula,1631,0.9091415830546266,1.9701638776567365e+40,0
scm20d,79,448,1794,16,Unscaled,1606,0.89520624303233,1.229895475266594e+40,0
scm20d,79,448,1794,16,Point_CHR,1652,0.9208472686733556,2.1798941577950903e+40,0
scm20d,79,448,1794,16,TSCP_R,1646,0.9175027870680045,2.314632993159558e+40,0
scm20d,80,448,1794,16,Empirical_copula,1613,0.899108138238573,1.1627792143274225e+40,0
scm20d,80,448,1794,16,Unscaled,1615,0.9002229654403567,1.6313319561936634e+40,0
scm20d,80,448,1794,16,Point_CHR,1637,0.9124860646599777,2.0281671095239445e+40,0
scm20d,80,448,1794,16,TSCP_R,1628,0.907469342251951,1.483190270067151e+40,0
scm20d,81,448,1794,16,Empirical_copula,1547,0.8623188405797102,2.6447649377754547e+39,0
scm20d,81,448,1794,16,Unscaled,1587,0.8846153846153846,9.579857407626435e+39,0
scm20d,81,448,1794,16,Point_CHR,1606,0.89520624303233,9.187822690326702e+39,0
scm20d,81,448,1794,16,TSCP_R,1596,0.8896321070234113,8.675316596237506e+39,0
scm20d,82,448,1794,16,Empirical_copula,1594,0.8885172798216276,1.1513982782228623e+40,0
scm20d,82,448,1794,16,Unscaled,1624,0.9052396878483835,3.7037973008906703e+40,0
scm20d,82,448,1794,16,Point_CHR,1653,0.9214046822742475,7.625892675283308e+40,0
scm20d,82,448,1794,16,TSCP_R,1627,0.9069119286510591,2.802973989894432e+40,0
scm20d,83,448,1794,16,Empirical_copula,1563,0.8712374581939799,2.8797270777049066e+39,0
scm20d,83,448,1794,16,Unscaled,1626,0.9063545150501672,2.785205154141234e+40,0
scm20d,83,448,1794,16,Point_CHR,1602,0.8929765886287625,5.983643180458083e+39,0
scm20d,83,448,1794,16,TSCP_R,1579,0.8801560758082497,3.827192208045193e+39,0
scm20d,84,448,1794,16,Empirical_copula,1621,0.9035674470457079,2.7111889652708624e+40,0
scm20d,84,448,1794,16,Unscaled,1617,0.9013377926421404,1.6913043554502371e+40,0
scm20d,84,448,1794,16,Point_CHR,1648,0.9186176142697882,2.7889195347367193e+40,0
scm20d,84,448,1794,16,TSCP_R,1657,0.9236343366778149,7.089359608963136e+40,0
scm20d,85,448,1794,16,Empirical_copula,1527,0.8511705685618729,1.5347597012431176e+39,0
scm20d,85,448,1794,16,Unscaled,1567,0.8734671125975474,6.182413200444846e+39,0
scm20d,85,448,1794,16,Point_CHR,1600,0.8918617614269788,8.314939995416983e+39,0
scm20d,85,448,1794,16,TSCP_R,1548,0.862876254180602,2.0706858066511848e+39,0
scm20d,86,448,1794,16,Empirical_copula,1607,0.8957636566332219,5.1975244142737695e+39,0
scm20d,86,448,1794,16,Unscaled,1597,0.8901895206243032,8.975821966271924e+39,0
scm20d,86,448,1794,16,Point_CHR,1607,0.8957636566332219,8.562468160755068e+39,0
scm20d,86,448,1794,16,TSCP_R,1626,0.9063545150501672,1.0729497272743758e+40,0
scm20d,87,448,1794,16,Empirical_copula,1566,0.8729096989966555,3.421423778473133e+39,0
scm20d,87,448,1794,16,Unscaled,1589,0.8857302118171684,1.0567896809514686e+40,0
scm20d,87,448,1794,16,Point_CHR,1600,0.8918617614269788,9.657134646467112e+39,0
scm20d,87,448,1794,16,TSCP_R,1592,0.887402452619844,6.141532328532107e+39,0
scm20d,88,448,1794,16,Empirical_copula,1599,0.8913043478260869,5.806669866579778e+39,0
scm20d,88,448,1794,16,Unscaled,1621,0.9035674470457079,2.1340898402951474e+40,0
scm20d,88,448,1794,16,Point_CHR,1590,0.8862876254180602,4.8951105450963004e+39,0
scm20d,88,448,1794,16,TSCP_R,1627,0.9069119286510591,1.4083469618783238e+40,0
scm20d,89,448,1794,16,Empirical_copula,1611,0.8979933110367893,1.0058805752272715e+40,0
scm20d,89,448,1794,16,Unscaled,1597,0.8901895206243032,9.615343997225967e+39,0
scm20d,89,448,1794,16,Point_CHR,1603,0.8935340022296544,6.50132670703437e+39,0
scm20d,89,448,1794,16,TSCP_R,1605,0.8946488294314381,7.726535692445516e+39,0
scm20d,90,448,1794,16,Empirical_copula,1601,0.8924191750278707,7.694692240032564e+39,0
scm20d,90,448,1794,16,Unscaled,1606,0.89520624303233,1.4064560872764354e+40,0
scm20d,90,448,1794,16,Point_CHR,1594,0.8885172798216276,5.3609141361937e+39,0
scm20d,90,448,1794,16,TSCP_R,1603,0.8935340022296544,6.764110109230937e+39,0
scm20d,91,448,1794,16,Empirical_copula,1613,0.899108138238573,8.100813461195223e+39,0
scm20d,91,448,1794,16,Unscaled,1620,0.903010033444816,2.0036188176137638e+40,0
scm20d,91,448,1794,16,Point_CHR,1669,0.9303232998885173,5.355827397085649e+40,0
scm20d,91,448,1794,16,TSCP_R,1637,0.9124860646599777,1.7145595452495119e+40,0
scm20d,92,448,1794,16,Empirical_copula,1595,0.8890746934225195,4.8286920124193266e+39,0
scm20d,92,448,1794,16,Unscaled,1628,0.907469342251951,1.4518286776370708e+40,0
scm20d,92,448,1794,16,Point_CHR,1627,0.9069119286510591,1.0590547407662614e+40,0
scm20d,92,448,1794,16,TSCP_R,1626,0.9063545150501672,9.920039875470141e+39,0
scm20d,93,448,1794,16,Empirical_copula,1601,0.8924191750278707,7.278840720404994e+39,0
scm20d,93,448,1794,16,Unscaled,1600,0.8918617614269788,1.4103377540002705e+40,0
scm20d,93,448,1794,16,Point_CHR,1606,0.89520624303233,1.0060385869680823e+40,0
scm20d,93,448,1794,16,TSCP_R,1636,0.9119286510590858,1.5549868118499802e+40,0
scm20d,94,448,1794,16,Empirical_copula,1626,0.9063545150501672,1.8120069003610685e+40,0
scm20d,94,448,1794,16,Unscaled,1635,0.9113712374581939,3.696325282366248e+40,0
scm20d,94,448,1794,16,Point_CHR,1674,0.9331103678929766,9.049002304146844e+40,0
scm20d,94,448,1794,16,TSCP_R,1643,0.9158305462653289,2.0375899260562625e+40,0
scm20d,95,448,1794,16,Empirical_copula,1565,0.8723522853957637,2.1073450931894413e+39,0
scm20d,95,448,1794,16,Unscaled,1602,0.8929765886287625,7.144376271838354e+39,0
scm20d,95,448,1794,16,Point_CHR,1574,0.8773690078037905,2.3544246682706905e+39,0
scm20d,95,448,1794,16,TSCP_R,1589,0.8857302118171684,2.805766789614171e+39,0
scm20d,96,448,1794,16,Empirical_copula,1593,0.8879598662207357,1.0288427451254538e+40,0
scm20d,96,448,1794,16,Unscaled,1603,0.8935340022296544,1.821469725048467e+40,0
scm20d,96,448,1794,16,Point_CHR,1614,0.8996655518394648,2.0925059647751634e+40,0
scm20d,96,448,1794,16,TSCP_R,1610,0.8974358974358975,1.4559165476968774e+40,0
scm20d,97,448,1794,16,Empirical_copula,1589,0.8857302118171684,2.7004601663444685e+39,0
scm20d,97,448,1794,16,Unscaled,1601,0.8924191750278707,4.960818579148635e+39,0
scm20d,97,448,1794,16,Point_CHR,1569,0.8745819397993311,1.4733357725226876e+39,0
scm20d,97,448,1794,16,TSCP_R,1604,0.8940914158305463,3.173045233458438e+39,0
scm20d,98,448,1794,16,Empirical_copula,1618,0.9018952062430323,3.3216445101683247e+40,0
scm20d,98,448,1794,16,Unscaled,1633,0.9102564102564102,4.199805990340513e+40,0
scm20d,98,448,1794,16,Point_CHR,1605,0.8946488294314381,1.2287079259894763e+40,0
scm20d,98,448,1794,16,TSCP_R,1626,0.9063545150501672,3.553077119639394e+40,0
scm20d,99,448,1794,16,Empirical_copula,1561,0.8701226309921962,5.3577023493274306e+39,0
scm20d,99,448,1794,16,Unscaled,1568,0.8740245261984393,8.691341832470104e+39,0
scm20d,99,448,1794,16,Point_CHR,1643,0.9158305462653289,4.539087511005453e+40,0
scm20d,99,448,1794,16,TSCP_R,1586,0.8840579710144928,7.451790335777326e+39,0
scm20d,100,448,1794,16,Empirical_copula,1597,0.8901895206243032,5.433524851831128e+39,0
scm20d,100,448,1794,16,Unscaled,1584,0.882943143812709,8.470388962398908e+39,0
scm20d,100,448,1794,16,Point_CHR,1591,0.8868450390189521,4.66394271555539e+39,0
scm20d,100,448,1794,16,TSCP_R,1606,0.89520624303233,6.962249665091828e+39,0
scm20d,101,448,1794,16,Empirical_copula,1574,0.8773690078037905,3.70125129519527e+39,0
scm20d,101,448,1794,16,Unscaled,1596,0.8896321070234113,1.6128363412036353e+40,0
scm20d,101,448,1794,16,Point_CHR,1608,0.8963210702341137,8.696785404277614e+39,0
scm20d,101,448,1794,16,TSCP_R,1612,0.8985507246376812,9.525525881049374e+39,0
scm20d,102,448,1794,16,Empirical_copula,1593,0.8879598662207357,5.95825540742759e+39,0
scm20d,102,448,1794,16,Unscaled,1600,0.8918617614269788,9.919039131589323e+39,0
scm20d,102,448,1794,16,Point_CHR,1597,0.8901895206243032,4.400084075240311e+39,0
scm20d,102,448,1794,16,TSCP_R,1612,0.8985507246376812,7.053697573010045e+39,0
scm20d,103,448,1794,16,Empirical_copula,1587,0.8846153846153846,4.6991920823301885e+39,0
scm20d,103,448,1794,16,Unscaled,1631,0.9091415830546266,2.8869260571343323e+40,0
scm20d,103,448,1794,16,Point_CHR,1565,0.8723522853957637,1.6458445307468853e+39,0
scm20d,103,448,1794,16,TSCP_R,1584,0.882943143812709,4.374623092769753e+39,0
scm20d,104,448,1794,16,Empirical_copula,1546,0.8617614269788183,1.222024038886957e+39,0
scm20d,104,448,1794,16,Unscaled,1546,0.8617614269788183,2.2052245179731507e+39,0
scm20d,104,448,1794,16,Point_CHR,1571,0.8756967670011149,2.422668710690384e+39,0
scm20d,104,448,1794,16,TSCP_R,1562,0.8706800445930881,1.6629490604796793e+39,0
scm20d,105,448,1794,16,Empirical_copula,1600,0.8918617614269788,8.205220505117765e+39,0
scm20d,105,448,1794,16,Unscaled,1594,0.8885172798216276,1.6967656189115507e+40,0
scm20d,105,448,1794,16,Point_CHR,1635,0.9113712374581939,2.8979373122770373e+40,0
scm20d,105,448,1794,16,TSCP_R,1625,0.9057971014492754,1.4761774012462394e+40,0
scm20d,106,448,1794,16,Empirical_copula,1612,0.8985507246376812,5.064070206005761e+39,0
scm20d,106,448,1794,16,Unscaled,1617,0.9013377926421404,1.4067931766023117e+40,0
scm20d,106,448,1794,16,Point_CHR,1625,0.9057971014492754,9.679727981503696e+39,0
scm20d,106,448,1794,16,TSCP_R,1623,0.9046822742474916,1.0541902935187041e+40,0
scm20d,107,448,1794,16,Empirical_copula,1587,0.8846153846153846,6.218388244095472e+39,0
scm20d,107,448,1794,16,Unscaled,1632,0.9096989966555183,2.7023609232427513e+40,0
scm20d,107,448,1794,16,Point_CHR,1609,0.8968784838350056,7.457992880957145e+39,0
scm20d,107,448,1794,16,TSCP_R,1605,0.8946488294314381,9.705022745299048e+39,0
scm20d,108,448,1794,16,Empirical_copula,1596,0.8896321070234113,1.426612547462043e+40,0
scm20d,108,448,1794,16,Unscaled,1603,0.8935340022296544,3.427717733152002e+40,0
scm20d,108,448,1794,16,Point_CHR,1548,0.862876254180602,2.7240149660117515e+39,0
scm20d,108,448,1794,16,TSCP_R,1593,0.8879598662207357,1.2447328904305347e+40,0
scm20d,109,448,1794,16,Empirical_copula,1619,0.9024526198439242,8.427861752549897e+39,0
scm20d,109,448,1794,16,Unscaled,1622,0.9041248606465998,1.8085896118534883e+40,0
scm20d,109,448,1794,16,Point_CHR,1651,0.9202898550724637,2.5706349263352886e+40,0
scm20d,109,448,1794,16,TSCP_R,1619,0.9024526198439242,8.248198806537418e+39,0
scm20d,110,448,1794,16,Empirical_copula,1577,0.879041248606466,4.2592740159972e+39,0
scm20d,110,448,1794,16,Unscaled,1606,0.89520624303233,1.455215531641188e+40,0
scm20d,110,448,1794,16,Point_CHR,1577,0.879041248606466,3.027203897264468e+39,0
scm20d,110,448,1794,16,TSCP_R,1596,0.8896321070234113,7.247079447316185e+39,0
scm20d,111,448,1794,16,Empirical_copula,1565,0.8723522853957637,4.91954231147324e+39,0
scm20d,111,448,1794,16,Unscaled,1563,0.8712374581939799,5.374468056635002e+39,0
scm20d,111,448,1794,16,Point_CHR,1520,0.8472686733556298,1.0350793842171392e+39,0
scm20d,111,448,1794,16,TSCP_R,1550,0.8639910813823858,2.504734412055049e+39,0
scm20d,112,448,1794,16,Empirical_copula,1575,0.8779264214046822,3.3392531483118376e+39,0
scm20d,112,448,1794,16,Unscaled,1605,0.8946488294314381,1.5332304235812473e+40,0
scm20d,112,448,1794,16,Point_CHR,1666,0.9286510590858417,6.28336723524747e+40,0
scm20d,112,448,1794,16,TSCP_R,1622,0.9041248606465998,1.4832521054001233e+40,0
scm20d,113,448,1794,16,Empirical_copula,1637,0.9124860646599777,2.7501344421801447e+40,0
scm20d,113,448,1794,16,Unscaled,1641,0.9147157190635451,4.894443821845208e+40,0
scm20d,113,448,1794,16,Point_CHR,1679,0.9358974358974359,8.567069197640622e+40,0
scm20d,113,448,1794,16,TSCP_R,1653,0.9214046822742475,3.9232515518020455e+40,0
scm20d,114,448,1794,16,Empirical_copula,1591,0.8868450390189521,5.919644790779231e+39,0
scm20d,114,448,1794,16,Unscaled,1598,0.8907469342251951,1.4747373310508352e+40,0
scm20d,114,448,1794,16,Point_CHR,1650,0.919732441471572,3.987030844090335e+40,0
scm20d,114,448,1794,16,TSCP_R,1625,0.9057971014492754,1.3127150263974466e+40,0
scm20d,115,448,1794,16,Empirical_copula,1641,0.9147157190635451,2.4017368675851637e+40,0
scm20d,115,448,1794,16,Unscaled,1654,0.9219620958751393,4.38979791197225e+40,0
scm20d,115,448,1794,16,Point_CHR,1632,0.9096989966555183,1.3450441507274307e+40,0
scm20d,115,448,1794,16,TSCP_R,1659,0.9247491638795987,3.8199686300654054e+40,0
scm20d,116,448,1794,16,Empirical_copula,1642,0.915273132664437,1.9686835090539266e+40,0
scm20d,116,448,1794,16,Unscaled,1642,0.915273132664437,2.8484018087370164e+40,0
scm20d,116,448,1794,16,Point_CHR,1640,0.9141583054626533,1.9896815844561405e+40,0
scm20d,116,448,1794,16,TSCP_R,1645,0.9169453734671126,2.090256158280557e+40,0
scm20d,117,448,1794,16,Empirical_copula,1588,0.8851727982162765,4.0339497557251e+39,0
scm20d,117,448,1794,16,Unscaled,1597,0.8901895206243032,5.943574520737665e+39,0
scm20d,117,448,1794,16,Point_CHR,1624,0.9052396878483835,1.0523910611801465e+40,0
scm20d,117,448,1794,16,TSCP_R,1605,0.8946488294314381,5.380710256896444e+39,0
scm20d,118,448,1794,16,Empirical_copula,1550,0.8639910813823858,3.8743209454167735e+39,0
scm20d,118,448,1794,16,Unscaled,1612,0.8985507246376812,3.206202888217209e+40,0
scm20d,118,448,1794,16,Point_CHR,1590,0.8862876254180602,6.18563457051725e+39,0
scm20d,118,448,1794,16,TSCP_R,1598,0.8907469342251951,8.670928786265319e+39,0
scm20d,119,448,1794,16,Empirical_copula,1534,0.855072463768116,1.2949072201776282e+39,0
scm20d,119,448,1794,16,Unscaled,1519,0.846711259754738,8.410898921125755e+38,0
scm20d,119,448,1794,16,Point_CHR,1477,0.8232998885172799,2.0775839224673706e+38,0
scm20d,119,448,1794,16,TSCP_R,1526,0.850613154960981,6.586945394008508e+38,0
scm20d,120,448,1794,16,Empirical_copula,1675,0.9336677814938684,7.85366070342158e+40,0
scm20d,120,448,1794,16,Unscaled,1671,0.931438127090301,1.571222283394098e+41,0
scm20d,120,448,1794,16,Point_CHR,1630,0.9085841694537347,2.127039755292371e+40,0
scm20d,120,448,1794,16,TSCP_R,1668,0.9297658862876255,6.0970217704546255e+40,0
scm20d,121,448,1794,16,Empirical_copula,1630,0.9085841694537347,8.840770080667195e+39,0
scm20d,121,448,1794,16,Unscaled,1636,0.9119286510590858,1.6366487637207492e+40,0
scm20d,121,448,1794,16,Point_CHR,1630,0.9085841694537347,1.0070437495102682e+40,0
scm20d,121,448,1794,16,TSCP_R,1631,0.9091415830546266,8.474904684020441e+39,0
scm20d,122,448,1794,16,Empirical_copula,1625,0.9057971014492754,2.6159086619724352e+40,0
scm20d,122,448,1794,16,Unscaled,1647,0.9180602006688964,5.185658193928817e+40,0
scm20d,122,448,1794,16,Point_CHR,1667,0.9292084726867336,1.033166643998264e+41,0
scm20d,122,448,1794,16,TSCP_R,1636,0.9119286510590858,3.574372023233176e+40,0
scm20d,123,448,1794,16,Empirical_copula,1535,0.8556298773690078,1.294537558988084e+39,0
scm20d,123,448,1794,16,Unscaled,1599,0.8913043478260869,1.107521333351239e+40,0
scm20d,123,448,1794,16,Point_CHR,1554,0.8662207357859532,2.0386736833828058e+39,0
scm20d,123,448,1794,16,TSCP_R,1573,0.8768115942028986,2.6556052977624904e+39,0
scm20d,124,448,1794,16,Empirical_copula,1590,0.8862876254180602,1.2811627235992095e+40,0
scm20d,124,448,1794,16,Unscaled,1617,0.9013377926421404,3.9726835611198857e+40,0
scm20d,124,448,1794,16,Point_CHR,1618,0.9018952062430323,2.0041539822572751e+40,0
scm20d,124,448,1794,16,TSCP_R,1609,0.8968784838350056,1.9198559276541092e+40,0
scm20d,125,448,1794,16,Empirical_copula,1647,0.9180602006688964,3.6172579747402545e+40,0
scm20d,125,448,1794,16,Unscaled,1654,0.9219620958751393,5.620622139115118e+40,0
scm20d,125,448,1794,16,Point_CHR,1623,0.9046822742474916,1.598509790238976e+40,0
scm20d,125,448,1794,16,TSCP_R,1669,0.9303232998885173,5.215050686539812e+40,0
scm20d,126,448,1794,16,Empirical_copula,1635,0.9113712374581939,3.245914015274109e+40,0
scm20d,126,448,1794,16,Unscaled,1657,0.9236343366778149,6.167927509221696e+40,0
scm20d,126,448,1794,16,Point_CHR,1621,0.9035674470457079,1.6036947415015492e+40,0
scm20d,126,448,1794,16,TSCP_R,1634,0.9108138238573021,2.1068058322026818e+40,0
scm20d,127,448,1794,16,Empirical_copula,1653,0.9214046822742475,2.1808499459871485e+40,0
scm20d,127,448,1794,16,Unscaled,1648,0.9186176142697882,2.636344816950161e+40,0
scm20d,127,448,1794,16,Point_CHR,1661,0.9258639910813824,2.0054441189927482e+40,0
scm20d,127,448,1794,16,TSCP_R,1671,0.931438127090301,2.5996966716874827e+40,0
scm20d,128,448,1794,16,Empirical_copula,1666,0.9286510590858417,2.3838478425514603e+40,0
scm20d,128,448,1794,16,Unscaled,1679,0.9358974358974359,8.499243334936606e+40,0
scm20d,128,448,1794,16,Point_CHR,1686,0.939799331103679,8.84085763360264e+40,0
scm20d,128,448,1794,16,TSCP_R,1689,0.9414715719063546,4.458327688086516e+40,0
scm20d,129,448,1794,16,Empirical_copula,1617,0.9013377926421404,5.082046147214072e+39,0
scm20d,129,448,1794,16,Unscaled,1614,0.8996655518394648,9.124033317771112e+39,0
scm20d,129,448,1794,16,Point_CHR,1650,0.919732441471572,1.627611645830364e+40,0
scm20d,129,448,1794,16,TSCP_R,1632,0.9096989966555183,7.729739316917045e+39,0
scm20d,130,448,1794,16,Empirical_copula,1586,0.8840579710144928,3.6990516521987795e+39,0
scm20d,130,448,1794,16,Unscaled,1599,0.8913043478260869,6.940550471508867e+39,0
scm20d,130,448,1794,16,Point_CHR,1635,0.9113712374581939,1.0531440545483816e+40,0
scm20d,130,448,1794,16,TSCP_R,1597,0.8901895206243032,4.0231705438599585e+39,0
scm20d,131,448,1794,16,Empirical_copula,1655,0.9225195094760312,6.877459273021953e+40,0
scm20d,131,448,1794,16,Unscaled,1668,0.9297658862876255,1.9391143516528074e+41,0
scm20d,131,448,1794,16,Point_CHR,1654,0.9219620958751393,4.180538110563887e+40,0
scm20d,131,448,1794,16,TSCP_R,1671,0.931438127090301,1.2141051950220694e+41,0
scm20d,132,448,1794,16,Empirical_copula,1604,0.8940914158305463,1.0582761862175228e+40,0
scm20d,132,448,1794,16,Unscaled,1615,0.9002229654403567,2.686465332690659e+40,0
scm20d,132,448,1794,16,Point_CHR,1639,0.9136008918617614,2.1170347231991746e+40,0
scm20d,132,448,1794,16,TSCP_R,1617,0.9013377926421404,1.3182175866712843e+40,0
scm20d,133,448,1794,16,Empirical_copula,1619,0.9024526198439242,1.3815329931940093e+40,0
scm20d,133,448,1794,16,Unscaled,1631,0.9091415830546266,3.7461044719723704e+40,0
scm20d,133,448,1794,16,Point_CHR,1652,0.9208472686733556,5.349412125788129e+40,0
scm20d,133,448,1794,16,TSCP_R,1627,0.9069119286510591,1.9639853146043643e+40,0
scm20d,134,448,1794,16,Empirical_copula,1584,0.882943143812709,6.110697746152017e+39,0
scm20d,134,448,1794,16,Unscaled,1611,0.8979933110367893,2.237887527437961e+40,0
scm20d,134,448,1794,16,Point_CHR,1574,0.8773690078037905,4.454009420315376e+39,0
scm20d,134,448,1794,16,TSCP_R,1604,0.8940914158305463,7.92255013315317e+39,0
scm20d,135,448,1794,16,Empirical_copula,1584,0.882943143812709,5.418916083851589e+39,0
scm20d,135,448,1794,16,Unscaled,1611,0.8979933110367893,1.9150848045137457e+40,0
scm20d,135,448,1794,16,Point_CHR,1601,0.8924191750278707,6.99291922881016e+39,0
scm20d,135,448,1794,16,TSCP_R,1599,0.8913043478260869,6.937331040101785e+39,0
scm20d,136,448,1794,16,Empirical_copula,1575,0.8779264214046822,6.554760191490414e+39,0
scm20d,136,448,1794,16,Unscaled,1607,0.8957636566332219,2.6436132026221953e+40,0
scm20d,136,448,1794,16,Point_CHR,1593,0.8879598662207357,8.550322417286195e+39,0
scm20d,136,448,1794,16,TSCP_R,1598,0.8907469342251951,9.68177327366217e+39,0
scm20d,137,448,1794,16,Empirical_copula,1611,0.8979933110367893,9.67191242758434e+39,0
scm20d,137,448,1794,16,Unscaled,1640,0.9141583054626533,2.553719339199736e+40,0
scm20d,137,448,1794,16,Point_CHR,1619,0.9024526198439242,1.8377066796490708e+40,0
scm20d,137,448,1794,16,TSCP_R,1636,0.9119286510590858,1.757670791636972e+40,0
scm20d,138,448,1794,16,Empirical_copula,1603,0.8935340022296544,6.09046062762409e+39,0
scm20d,138,448,1794,16,Unscaled,1635,0.9113712374581939,2.0276282910943854e+40,0
scm20d,138,448,1794,16,Point_CHR,1606,0.89520624303233,4.914859378122576e+39,0
scm20d,138,448,1794,16,TSCP_R,1628,0.907469342251951,1.1991071550048075e+40,0
scm20d,139,448,1794,16,Empirical_copula,1605,0.8946488294314381,9.403118320407109e+39,0
scm20d,139,448,1794,16,Unscaled,1597,0.8901895206243032,6.990136561952463e+39,0
scm20d,139,448,1794,16,Point_CHR,1604,0.8940914158305463,6.886953948022487e+39,0
scm20d,139,448,1794,16,TSCP_R,1609,0.8968784838350056,7.777378844787523e+39,0
scm20d,140,448,1794,16,Empirical_copula,1656,0.9230769230769231,3.27318809991882e+40,0
scm20d,140,448,1794,16,Unscaled,1647,0.9180602006688964,3.2235066853474245e+40,0
scm20d,140,448,1794,16,Point_CHR,1695,0.9448160535117057,1.8745038229865974e+41,0
scm20d,140,448,1794,16,TSCP_R,1651,0.9202898550724637,2.5131459297713675e+40,0
scm20d,141,448,1794,16,Empirical_copula,1556,0.867335562987737,1.9050081539103406e+39,0
scm20d,141,448,1794,16,Unscaled,1588,0.8851727982162765,6.11094469330649e+39,0
scm20d,141,448,1794,16,Point_CHR,1586,0.8840579710144928,3.3179012070936804e+39,0
scm20d,141,448,1794,16,TSCP_R,1600,0.8918617614269788,3.8950487955211923e+39,0
scm20d,142,448,1794,16,Empirical_copula,1611,0.8979933110367893,1.1276493205114894e+40,0
scm20d,142,448,1794,16,Unscaled,1608,0.8963210702341137,1.3232052312186658e+40,0
scm20d,142,448,1794,16,Point_CHR,1626,0.9063545150501672,1.3636150333507246e+40,0
scm20d,142,448,1794,16,TSCP_R,1634,0.9108138238573021,1.9681172518675383e+40,0
scm20d,143,448,1794,16,Empirical_copula,1564,0.8717948717948718,3.9677400024195205e+39,0
scm20d,143,448,1794,16,Unscaled,1581,0.8812709030100334,8.00758529088324e+39,0
scm20d,143,448,1794,16,Point_CHR,1532,0.8539576365663322,1.9766134842335425e+39,0
scm20d,143,448,1794,16,TSCP_R,1585,0.8835005574136009,6.512808921336983e+39,0
scm20d,144,448,1794,16,Empirical_copula,1537,0.8567447045707915,3.1928638135973446e+39,0
scm20d,144,448,1794,16,Unscaled,1555,0.866778149386845,4.7745273385574313e+39,0
scm20d,144,448,1794,16,Point_CHR,1561,0.8701226309921962,3.6640023867428874e+39,0
scm20d,144,448,1794,16,TSCP_R,1568,0.8740245261984393,4.469602346482988e+39,0
scm20d,145,448,1794,16,Empirical_copula,1595,0.8890746934225195,5.079669781483945e+39,0
scm20d,145,448,1794,16,Unscaled,1636,0.9119286510590858,3.829585646380288e+40,0
scm20d,145,448,1794,16,Point_CHR,1624,0.9052396878483835,1.377770447367221e+40,0
scm20d,145,448,1794,16,TSCP_R,1617,0.9013377926421404,1.0636018432452669e+40,0
scm20d,146,448,1794,16,Empirical_copula,1607,0.8957636566332219,9.615288849172865e+39,0
scm20d,146,448,1794,16,Unscaled,1666,0.9286510590858417,7.60813670384985e+40,0
scm20d,146,448,1794,16,Point_CHR,1635,0.9113712374581939,1.686707623246697e+40,0
scm20d,146,448,1794,16,TSCP_R,1619,0.9024526198439242,1.2455911886460978e+40,0
scm20d,147,448,1794,16,Empirical_copula,1579,0.8801560758082497,5.544488898509756e+39,0
scm20d,147,448,1794,16,Unscaled,1607,0.8957636566332219,1.7424098701708665e+40,0
scm20d,147,448,1794,16,Point_CHR,1622,0.9041248606465998,1.7664036810501544e+40,0
scm20d,147,448,1794,16,TSCP_R,1607,0.8957636566332219,9.686221670770972e+39,0
scm20d,148,448,1794,16,Empirical_copula,1582,0.8818283166109253,5.251986849712933e+39,0
scm20d,148,448,1794,16,Unscaled,1613,0.899108138238573,1.799157435866926e+40,0
scm20d,148,448,1794,16,Point_CHR,1645,0.9169453734671126,2.0567406076970014e+40,0
scm20d,148,448,1794,16,TSCP_R,1624,0.9052396878483835,1.3733808645322801e+40,0
scm20d,149,448,1794,16,Empirical_copula,1582,0.8818283166109253,6.100353278201792e+39,0
scm20d,149,448,1794,16,Unscaled,1637,0.9124860646599777,3.4657860074261194e+40,0
scm20d,149,448,1794,16,Point_CHR,1549,0.8634336677814939,1.4898546282273084e+39,0
scm20d,149,448,1794,16,TSCP_R,1611,0.8979933110367893,1.0390933307784312e+40,0
scm20d,150,448,1794,16,Empirical_copula,1606,0.89520624303233,1.082563476843436e+40,0
scm20d,150,448,1794,16,Unscaled,1621,0.9035674470457079,3.327337537203042e+40,0
scm20d,150,448,1794,16,Point_CHR,1633,0.9102564102564102,2.7350112284993003e+40,0
scm20d,150,448,1794,16,TSCP_R,1621,0.9035674470457079,1.23715595165476e+40,0
scm20d,151,448,1794,16,Empirical_copula,1594,0.8885172798216276,6.578645082779118e+39,0
scm20d,151,448,1794,16,Unscaled,1646,0.9175027870680045,4.294391702049648e+40,0
scm20d,151,448,1794,16,Point_CHR,1663,0.9269788182831661,5.162940545414614e+40,0
scm20d,151,448,1794,16,TSCP_R,1636,0.9119286510590858,1.3986346518551065e+40,0
scm20d,152,448,1794,16,Empirical_copula,1559,0.8690078037904125,3.7380255955844144e+39,0
scm20d,152,448,1794,16,Unscaled,1573,0.8768115942028986,7.870190036903843e+39,0
scm20d,152,448,1794,16,Point_CHR,1593,0.8879598662207357,9.677580584702286e+39,0
scm20d,152,448,1794,16,TSCP_R,1558,0.8684503901895206,3.630363192318192e+39,0
scm20d,153,448,1794,16,Empirical_copula,1615,0.9002229654403567,5.0535326984310055e+39,0
scm20d,153,448,1794,16,Unscaled,1634,0.9108138238573021,1.7446764108449242e+40,0
scm20d,153,448,1794,16,Point_CHR,1602,0.8929765886287625,4.146303789405529e+39,0
scm20d,153,448,1794,16,TSCP_R,1633,0.9102564102564102,8.7526607582402e+39,0
scm20d,154,448,1794,16,Empirical_copula,1581,0.8812709030100334,3.551866804678624e+39,0
scm20d,154,448,1794,16,Unscaled,1591,0.8868450390189521,4.879870082087125e+39,0
scm20d,154,448,1794,16,Point_CHR,1659,0.9247491638795987,3.7857692384174266e+40,0
scm20d,154,448,1794,16,TSCP_R,1592,0.887402452619844,2.578981575247715e+39,0
scm20d,155,448,1794,16,Empirical_copula,1629,0.9080267558528428,1.0226649077574182e+40,0
scm20d,155,448,1794,16,Unscaled,1627,0.9069119286510591,1.790998375903139e+40,0
scm20d,155,448,1794,16,Point_CHR,1632,0.9096989966555183,8.699873007239057e+39,0
scm20d,155,448,1794,16,TSCP_R,1645,0.9169453734671126,1.5450867133686234e+40,0
scm20d,156,448,1794,16,Empirical_copula,1607,0.8957636566332219,2.0541364293184238e+40,0
scm20d,156,448,1794,16,Unscaled,1605,0.8946488294314381,2.4807700720437233e+40,0
scm20d,156,448,1794,16,Point_CHR,1663,0.9269788182831661,1.0994644878062728e+41,0
scm20d,156,448,1794,16,TSCP_R,1603,0.8935340022296544,1.7168348422198653e+40,0
scm20d,157,448,1794,16,Empirical_copula,1646,0.9175027870680045,3.976147266651352e+40,0
scm20d,157,448,1794,16,Unscaled,1654,0.9219620958751393,7.371896859726671e+40,0
scm20d,157,448,1794,16,Point_CHR,1686,0.939799331103679,1.067299911730183e+41,0
scm20d,157,448,1794,16,TSCP_R,1660,0.9253065774804905,3.822836960266092e+40,0
scm20d,158,448,1794,16,Empirical_copula,1598,0.8907469342251951,9.4276041356423e+39,0
scm20d,158,448,1794,16,Unscaled,1587,0.8846153846153846,8.642238156289708e+39,0
scm20d,158,448,1794,16,Point_CHR,1559,0.8690078037904125,2.555700613527862e+39,0
scm20d,158,448,1794,16,TSCP_R,1580,0.8807134894091416,4.9858129305718144e+39,0
scm20d,159,448,1794,16,Empirical_copula,1656,0.9230769230769231,3.450270547462268e+40,0
scm20d,159,448,1794,16,Unscaled,1628,0.907469342251951,3.1189517079684002e+40,0
scm20d,159,448,1794,16,Point_CHR,1715,0.9559643255295429,1.0425229400082499e+42,0
scm20d,159,448,1794,16,TSCP_R,1651,0.9202898550724637,3.204993969869889e+40,0
scm20d,160,448,1794,16,Empirical_copula,1569,0.8745819397993311,2.6262054875542283e+39,0
scm20d,160,448,1794,16,Unscaled,1629,0.9080267558528428,1.4892992798166146e+40,0
scm20d,160,448,1794,16,Point_CHR,1653,0.9214046822742475,3.5567336432325184e+40,0
scm20d,160,448,1794,16,TSCP_R,1611,0.8979933110367893,6.02960428182142e+39,0
scm20d,161,448,1794,16,Empirical_copula,1552,0.8651059085841695,1.6247250188167316e+39,0
scm20d,161,448,1794,16,Unscaled,1554,0.8662207357859532,2.3540996982970044e+39,0
scm20d,161,448,1794,16,Point_CHR,1535,0.8556298773690078,1.0728475612515578e+39,0
scm20d,161,448,1794,16,TSCP_R,1553,0.8656633221850614,1.2783207155066406e+39,0
scm20d,162,448,1794,16,Empirical_copula,1604,0.8940914158305463,8.089203293764889e+39,0
scm20d,162,448,1794,16,Unscaled,1627,0.9069119286510591,2.1620559150850175e+40,0
scm20d,162,448,1794,16,Point_CHR,1569,0.8745819397993311,2.9030702347606285e+39,0
scm20d,162,448,1794,16,TSCP_R,1618,0.9018952062430323,8.273197571787387e+39,0
scm20d,163,448,1794,16,Empirical_copula,1585,0.8835005574136009,3.646924260564337e+39,0
scm20d,163,448,1794,16,Unscaled,1623,0.9046822742474916,2.034899232138294e+40,0
scm20d,163,448,1794,16,Point_CHR,1616,0.9007803790412486,6.028485374209324e+39,0
scm20d,163,448,1794,16,TSCP_R,1605,0.8946488294314381,4.9278803932321945e+39,0
scm20d,164,448,1794,16,Empirical_copula,1626,0.9063545150501672,1.395908797312588e+40,0
scm20d,164,448,1794,16,Unscaled,1603,0.8935340022296544,1.3696384356488946e+40,0
scm20d,164,448,1794,16,Point_CHR,1652,0.9208472686733556,4.0780368591876217e+40,0
scm20d,164,448,1794,16,TSCP_R,1645,0.9169453734671126,2.0908121948467963e+40,0
scm20d,165,448,1794,16,Empirical_copula,1573,0.8768115942028986,4.225025588994566e+39,0
scm20d,165,448,1794,16,Unscaled,1596,0.8896321070234113,1.1838802714156703e+40,0
scm20d,165,448,1794,16,Point_CHR,1619,0.9024526198439242,1.1416066305975725e+40,0
scm20d,165,448,1794,16,TSCP_R,1602,0.8929765886287625,7.341292222844075e+39,0
scm20d,166,448,1794,16,Empirical_copula,1625,0.9057971014492754,9.071155886547345e+39,0
scm20d,166,448,1794,16,Unscaled,1644,0.9163879598662207,2.793655953938352e+40,0
scm20d,166,448,1794,16,Point_CHR,1601,0.8924191750278707,5.3685942877941375e+39,0
scm20d,166,448,1794,16,TSCP_R,1632,0.9096989966555183,1.1596513016358794e+40,0
scm20d,167,448,1794,16,Empirical_copula,1608,0.8963210702341137,5.188619870808358e+39,0
scm20d,167,448,1794,16,Unscaled,1630,0.9085841694537347,2.0684290910929272e+40,0
scm20d,167,448,1794,16,Point_CHR,1645,0.9169453734671126,2.0262390201991561e+40,0
scm20d,167,448,1794,16,TSCP_R,1623,0.9046822742474916,7.881369197537567e+39,0
scm20d,168,448,1794,16,Empirical_copula,1645,0.9169453734671126,1.825299647800897e+40,0
scm20d,168,448,1794,16,Unscaled,1654,0.9219620958751393,6.134380041630538e+40,0
scm20d,168,448,1794,16,Point_CHR,1676,0.9342251950947603,7.738569024293434e+40,0
scm20d,168,448,1794,16,TSCP_R,1657,0.9236343366778149,2.8655681665799593e+40,0
scm20d,169,448,1794,16,Empirical_copula,1605,0.8946488294314381,8.821234984266865e+39,0
scm20d,169,448,1794,16,Unscaled,1615,0.9002229654403567,1.9448008165025107e+40,0
scm20d,169,448,1794,16,Point_CHR,1631,0.9091415830546266,1.9190570795221116e+40,0
scm20d,169,448,1794,16,TSCP_R,1623,0.9046822742474916,1.0153809963090991e+40,0
scm20d,170,448,1794,16,Empirical_copula,1628,0.907469342251951,2.0362026632091248e+40,0
scm20d,170,448,1794,16,Unscaled,1650,0.919732441471572,8.730467955639154e+40,0
scm20d,170,448,1794,16,Point_CHR,1621,0.9035674470457079,1.464875191303617e+40,0
scm20d,170,448,1794,16,TSCP_R,1646,0.9175027870680045,3.5839164565920593e+40,0
scm20d,171,448,1794,16,Empirical_copula,1591,0.8868450390189521,1.1660749221828854e+40,0
scm20d,171,448,1794,16,Unscaled,1620,0.903010033444816,3.0927040010202835e+40,0
scm20d,171,448,1794,16,Point_CHR,1609,0.8968784838350056,1.4607390712331428e+40,0
scm20d,171,448,1794,16,TSCP_R,1612,0.8985507246376812,1.1008193062847675e+40,0
scm20d,172,448,1794,16,Empirical_copula,1624,0.9052396878483835,1.3792578222493388e+40,0
scm20d,172,448,1794,16,Unscaled,1629,0.9080267558528428,2.6989136509853846e+40,0
scm20d,172,448,1794,16,Point_CHR,1611,0.8979933110367893,9.723432798419021e+39,0
scm20d,172,448,1794,16,TSCP_R,1628,0.907469342251951,1.1041548571409732e+40,0
scm20d,173,448,1794,16,Empirical_copula,1563,0.8712374581939799,3.2143548259054424e+39,0
scm20d,173,448,1794,16,Unscaled,1600,0.8918617614269788,1.0247457084035222e+40,0
scm20d,173,448,1794,16,Point_CHR,1562,0.8706800445930881,2.0864101098008145e+39,0
scm20d,173,448,1794,16,TSCP_R,1593,0.8879598662207357,5.500779837561348e+39,0
scm20d,174,448,1794,16,Empirical_copula,1586,0.8840579710144928,1.127655664906925e+40,0
scm20d,174,448,1794,16,Unscaled,1581,0.8812709030100334,1.0948416786134766e+40,0
scm20d,174,448,1794,16,Point_CHR,1523,0.8489409141583054,1.5606960651561806e+39,0
scm20d,174,448,1794,16,TSCP_R,1572,0.8762541806020067,7.94641550340267e+39,0
scm20d,175,448,1794,16,Empirical_copula,1603,0.8935340022296544,6.564714271885351e+39,0
scm20d,175,448,1794,16,Unscaled,1596,0.8896321070234113,1.1631177122195532e+40,0
scm20d,175,448,1794,16,Point_CHR,1548,0.862876254180602,1.8280853685382192e+39,0
scm20d,175,448,1794,16,TSCP_R,1598,0.8907469342251951,4.590227750648624e+39,0
scm20d,176,448,1794,16,Empirical_copula,1634,0.9108138238573021,1.537012074630627e+40,0
scm20d,176,448,1794,16,Unscaled,1649,0.9191750278706801,4.0614261070173915e+40,0
scm20d,176,448,1794,16,Point_CHR,1665,0.9280936454849499,3.812908034996673e+40,0
scm20d,176,448,1794,16,TSCP_R,1652,0.9208472686733556,2.219466931114626e+40,0
scm20d,177,448,1794,16,Empirical_copula,1596,0.8896321070234113,1.1906318495003575e+40,0
scm20d,177,448,1794,16,Unscaled,1611,0.8979933110367893,1.9962305425241595e+40,0
scm20d,177,448,1794,16,Point_CHR,1623,0.9046822742474916,1.9723186917881537e+40,0
scm20d,177,448,1794,16,TSCP_R,1605,0.8946488294314381,1.398373484803503e+40,0
scm20d,178,448,1794,16,Empirical_copula,1627,0.9069119286510591,1.8670833822000504e+40,0
scm20d,178,448,1794,16,Unscaled,1595,0.8890746934225195,8.077470509329091e+39,0
scm20d,178,448,1794,16,Point_CHR,1617,0.9013377926421404,7.411372739420107e+39,0
scm20d,178,448,1794,16,TSCP_R,1620,0.903010033444816,8.242939824456778e+39,0
scm20d,179,448,1794,16,Empirical_copula,1629,0.9080267558528428,1.9129751586407748e+40,0
scm20d,179,448,1794,16,Unscaled,1621,0.9035674470457079,2.790211265768198e+40,0
scm20d,179,448,1794,16,Point_CHR,1636,0.9119286510590858,2.126173839135691e+40,0
scm20d,179,448,1794,16,TSCP_R,1633,0.9102564102564102,2.0308535604248952e+40,0
scm20d,180,448,1794,16,Empirical_copula,1560,0.8695652173913043,2.749526032524315e+39,0
scm20d,180,448,1794,16,Unscaled,1608,0.8963210702341137,1.2471148597999618e+40,0
scm20d,180,448,1794,16,Point_CHR,1595,0.8890746934225195,4.309684763788382e+39,0
scm20d,180,448,1794,16,TSCP_R,1567,0.8734671125975474,2.3425891270547645e+39,0
scm20d,181,448,1794,16,Empirical_copula,1613,0.899108138238573,1.9477340045112752e+40,0
scm20d,181,448,1794,16,Unscaled,1601,0.8924191750278707,2.607055135918119e+40,0
scm20d,181,448,1794,16,Point_CHR,1591,0.8868450390189521,1.5902604925223677e+40,0
scm20d,181,448,1794,16,TSCP_R,1615,0.9002229654403567,1.8765892263448593e+40,0
scm20d,182,448,1794,16,Empirical_copula,1600,0.8918617614269788,8.229548202619488e+39,0
scm20d,182,448,1794,16,Unscaled,1626,0.9063545150501672,2.7919206039341133e+40,0
scm20d,182,448,1794,16,Point_CHR,1624,0.9052396878483835,1.4722825120100458e+40,0
scm20d,182,448,1794,16,TSCP_R,1608,0.8963210702341137,1.078591645934178e+40,0
scm20d,183,448,1794,16,Empirical_copula,1547,0.8623188405797102,2.834599669807246e+39,0
scm20d,183,448,1794,16,Unscaled,1611,0.8979933110367893,1.402387481147695e+40,0
scm20d,183,448,1794,16,Point_CHR,1684,0.9386845039018952,1.0086022313383852e+41,0
scm20d,183,448,1794,16,TSCP_R,1596,0.8896321070234113,4.7400265719940044e+39,0
scm20d,184,448,1794,16,Empirical_copula,1576,0.8784838350055741,5.273202621942597e+39,0
scm20d,184,448,1794,16,Unscaled,1581,0.8812709030100334,6.038596151355153e+39,0
scm20d,184,448,1794,16,Point_CHR,1565,0.8723522853957637,3.8459242584604237e+39,0
scm20d,184,448,1794,16,TSCP_R,1579,0.8801560758082497,4.945813478422835e+39,0
scm20d,185,448,1794,16,Empirical_copula,1598,0.8907469342251951,9.307214753792499e+39,0
scm20d,185,448,1794,16,Unscaled,1602,0.8929765886287625,1.4357329122424078e+40,0
scm20d,185,448,1794,16,Point_CHR,1560,0.8695652173913043,2.7393954608334637e+39,0
scm20d,185,448,1794,16,TSCP_R,1639,0.9136008918617614,2.670273233142163e+40,0
scm20d,186,448,1794,16,Empirical_copula,1544,0.8606465997770345,2.1350080130661428e+39,0
scm20d,186,448,1794,16,Unscaled,1566,0.8729096989966555,3.149782627320895e+39,0
scm20d,186,448,1794,16,Point_CHR,1516,0.8450390189520625,8.111905664918822e+38,0
scm20d,186,448,1794,16,TSCP_R,1578,0.8795986622073578,2.6878155567565012e+39,0
scm20d,187,448,1794,16,Empirical_copula,1604,0.8940914158305463,7.829845644929296e+39,0
scm20d,187,448,1794,16,Unscaled,1642,0.915273132664437,3.837557683631759e+40,0
scm20d,187,448,1794,16,Point_CHR,1629,0.9080267558528428,1.9150690235118386e+40,0
scm20d,187,448,1794,16,TSCP_R,1637,0.9124860646599777,1.6823072757350835e+40,0
scm20d,188,448,1794,16,Empirical_copula,1574,0.8773690078037905,4.4069231413880347e+39,0
scm20d,188,448,1794,16,Unscaled,1618,0.9018952062430323,1.3895368888216082e+40,0
scm20d,188,448,1794,16,Point_CHR,1591,0.8868450390189521,3.86392396073029e+39,0
scm20d,188,448,1794,16,TSCP_R,1611,0.8979933110367893,6.781900583760527e+39,0
scm20d,189,448,1794,16,Empirical_copula,1573,0.8768115942028986,2.1869242507393937e+39,0
scm20d,189,448,1794,16,Unscaled,1595,0.8890746934225195,7.257567374675751e+39,0
scm20d,189,448,1794,16,Point_CHR,1625,0.9057971014492754,9.991111431179192e+39,0
scm20d,189,448,1794,16,TSCP_R,1590,0.8862876254180602,4.0073182878226703e+39,0
scm20d,190,448,1794,16,Empirical_copula,1628,0.907469342251951,8.661192532399088e+39,0
scm20d,190,448,1794,16,Unscaled,1653,0.9214046822742475,3.371943705482237e+40,0
scm20d,190,448,1794,16,Point_CHR,1640,0.9141583054626533,1.273219771927599e+40,0
scm20d,190,448,1794,16,TSCP_R,1643,0.9158305462653289,1.2174195058556371e+40,0
scm20d,191,448,1794,16,Empirical_copula,1656,0.9230769230769231,5.151827514060013e+40,0
scm20d,191,448,1794,16,Unscaled,1645,0.9169453734671126,6.570286007411722e+40,0
scm20d,191,448,1794,16,Point_CHR,1662,0.9264214046822743,7.712054476486679e+40,0
scm20d,191,448,1794,16,TSCP_R,1653,0.9214046822742475,3.943197018307842e+40,0
scm20d,192,448,1794,16,Empirical_copula,1578,0.8795986622073578,3.3385126275702393e+39,0
scm20d,192,448,1794,16,Unscaled,1609,0.8968784838350056,1.2427674832981414e+40,0
scm20d,192,448,1794,16,Point_CHR,1613,0.899108138238573,9.01739910489411e+39,0
scm20d,192,448,1794,16,TSCP_R,1598,0.8907469342251951,5.613487422451038e+39,0
scm20d,193,448,1794,16,Empirical_copula,1625,0.9057971014492754,1.9543006157946834e+40,0
scm20d,193,448,1794,16,Unscaled,1629,0.9080267558528428,2.577530951934777e+40,0
scm20d,193,448,1794,16,Point_CHR,1626,0.9063545150501672,1.6903767273623776e+40,0
scm20d,193,448,1794,16,TSCP_R,1626,0.9063545150501672,1.5804087343163783e+40,0
scm20d,194,448,1794,16,Empirical_copula,1603,0.8935340022296544,9.538077700903024e+39,0
scm20d,194,448,1794,16,Unscaled,1588,0.8851727982162765,1.01620278947416e+40,0
scm20d,194,448,1794,16,Point_CHR,1677,0.9347826086956522,8.068997563883632e+40,0
scm20d,194,448,1794,16,TSCP_R,1610,0.8974358974358975,8.377074716144551e+39,0
scm20d,195,448,1794,16,Empirical_copula,1643,0.9158305462653289,1.8811905153311855e+40,0
scm20d,195,448,1794,16,Unscaled,1658,0.9241917502787068,7.861828095656404e+40,0
scm20d,195,448,1794,16,Point_CHR,1636,0.9119286510590858,1.5377641173035142e+40,0
scm20d,195,448,1794,16,TSCP_R,1656,0.9230769230769231,3.276255735708019e+40,0
scm20d,196,448,1794,16,Empirical_copula,1544,0.8606465997770345,1.673881684953026e+39,0
scm20d,196,448,1794,16,Unscaled,1574,0.8773690078037905,4.5043396027183414e+39,0
scm20d,196,448,1794,16,Point_CHR,1562,0.8706800445930881,1.9187905429782837e+39,0
scm20d,196,448,1794,16,TSCP_R,1562,0.8706800445930881,2.46048799093744e+39,0
scm20d,197,448,1794,16,Empirical_copula,1615,0.9002229654403567,9.020267951459564e+39,0
scm20d,197,448,1794,16,Unscaled,1638,0.9130434782608695,2.622957207973027e+40,0
scm20d,197,448,1794,16,Point_CHR,1658,0.9241917502787068,2.313729446817029e+40,0
scm20d,197,448,1794,16,TSCP_R,1655,0.9225195094760312,3.461059569196442e+40,0
scm20d,198,448,1794,16,Empirical_copula,1629,0.9080267558528428,1.657867674655594e+40,0
scm20d,198,448,1794,16,Unscaled,1634,0.9108138238573021,2.0502529283675556e+40,0
scm20d,198,448,1794,16,Point_CHR,1609,0.8968784838350056,9.504742545431648e+39,0
scm20d,198,448,1794,16,TSCP_R,1611,0.8979933110367893,1.0153523019365037e+40,0
scm20d,199,448,1794,16,Empirical_copula,1645,0.9169453734671126,1.8545311261797956e+40,0
scm20d,199,448,1794,16,Unscaled,1621,0.9035674470457079,1.5413027977363977e+40,0
scm20d,199,448,1794,16,Point_CHR,1661,0.9258639910813824,4.458870420476973e+40,0
scm20d,199,448,1794,16,TSCP_R,1663,0.9269788182831661,4.017702675351173e+40,0
energy,0,38,154,2,Empirical_copula,117,0.7597402597402597,2.358123624999996,0
energy,0,38,154,2,Unscaled,118,0.7662337662337663,5.737222562894572,0
energy,0,38,154,2,Point_CHR,117,0.7597402597402597,2.3322931196722823,0
energy,0,38,154,2,TSCP_R,119,0.7727272727272727,2.983426734171584,0
energy,1,38,154,2,Empirical_copula,136,0.8831168831168831,3.6146765824999125,0
energy,1,38,154,2,Unscaled,140,0.9090909090909091,13.199778922665486,0
energy,1,38,154,2,Point_CHR,141,0.9155844155844156,6.609570888052235,0
energy,1,38,154,2,TSCP_R,137,0.8896103896103896,4.5660963402709855,0
energy,2,38,154,2,Empirical_copula,137,0.8896103896103896,5.068265200000252,0
energy,2,38,154,2,Unscaled,145,0.9415584415584416,20.441249440334346,0
energy,2,38,154,2,Point_CHR,136,0.8831168831168831,6.046819020232715,0
energy,2,38,154,2,TSCP_R,144,0.935064935064935,8.917788140037043,0
energy,3,38,154,2,Empirical_copula,139,0.9025974025974026,3.812862659999847,0
energy,3,38,154,2,Unscaled,136,0.8831168831168831,7.163384602865282,0
energy,3,38,154,2,Point_CHR,137,0.8896103896103896,3.480707541926323,0
energy,3,38,154,2,TSCP_R,142,0.922077922077922,4.5049348221083925,0
energy,4,38,154,2,Empirical_copula,152,0.987012987012987,11.936495999999845,0
energy,4,38,154,2,Unscaled,141,0.9155844155844156,16.007600903109537,0
energy,4,38,154,2,Point_CHR,154,1.0,17.268140070774376,0
energy,4,38,154,2,TSCP_R,154,1.0,14.465826618625583,0
energy,5,38,154,2,Empirical_copula,126,0.8181818181818182,3.083328075000144,0
energy,5,38,154,2,Unscaled,145,0.9415584415584416,25.835872410155925,0
energy,5,38,154,2,Point_CHR,128,0.8311688311688312,3.2361874014103202,0
energy,5,38,154,2,TSCP_R,151,0.9805194805194806,9.867640368251294,0
energy,6,38,154,2,Empirical_copula,143,0.9285714285714286,5.459348119999596,0
energy,6,38,154,2,Unscaled,149,0.9675324675324676,18.950350240163736,0
energy,6,38,154,2,Point_CHR,147,0.9545454545454546,7.567881091404969,0
energy,6,38,154,2,TSCP_R,147,0.9545454545454546,7.882563293626542,0
energy,7,38,154,2,Empirical_copula,117,0.7597402597402597,1.829865645000101,0
energy,7,38,154,2,Unscaled,125,0.8116883116883117,6.611583690499415,0
energy,7,38,154,2,Point_CHR,123,0.7987012987012987,2.3747293912657854,0
energy,7,38,154,2,TSCP_R,131,0.8506493506493507,3.6157340450530504,0
energy,8,38,154,2,Empirical_copula,142,0.922077922077922,5.109915070000449,0
energy,8,38,154,2,Unscaled,148,0.961038961038961,18.474523240554024,0
energy,8,38,154,2,Point_CHR,150,0.974025974025974,9.995071027179353,0
energy,8,38,154,2,TSCP_R,151,0.9805194805194806,12.164683538949385,0
energy,9,38,154,2,Empirical_copula,121,0.7857142857142857,2.151319660000114,0
energy,9,38,154,2,Unscaled,133,0.8636363636363636,9.78188176048659,0
energy,9,38,154,2,Point_CHR,112,0.7272727272727273,1.4252382261545038,0
energy,9,38,154,2,TSCP_R,135,0.8766233766233766,4.198110152271702,0
energy,10,38,154,2,Empirical_copula,130,0.8441558441558441,2.7607698674998926,0
energy,10,38,154,2,Unscaled,144,0.935064935064935,13.943129402764416,0
energy,10,38,154,2,Point_CHR,130,0.8441558441558441,3.1791530278578537,0
energy,10,38,154,2,TSCP_R,131,0.8506493506493507,3.501360989502205,0
energy,11,38,154,2,Empirical_copula,143,0.9285714285714286,5.091807964999833,0
energy,11,38,154,2,Unscaled,144,0.935064935064935,14.79671622259821,0
energy,11,38,154,2,Point_CHR,146,0.948051948051948,10.093550058070168,0
energy,11,38,154,2,TSCP_R,145,0.9415584415584416,5.6275542576868895,0
energy,12,38,154,2,Empirical_copula,127,0.8246753246753247,3.5936716499998,0
energy,12,38,154,2,Unscaled,130,0.8441558441558441,6.970656040081453,0
energy,12,38,154,2,Point_CHR,127,0.8246753246753247,3.6805939918961497,0
energy,12,38,154,2,TSCP_R,137,0.8896103896103896,4.5465546938026575,0
energy,13,38,154,2,Empirical_copula,147,0.9545454545454546,5.133028702499801,0
energy,13,38,154,2,Unscaled,149,0.9675324675324676,18.314976160648726,0
energy,13,38,154,2,Point_CHR,138,0.8961038961038961,3.3736327416097707,0
energy,13,38,154,2,TSCP_R,148,0.961038961038961,6.053753357461587,0
energy,14,38,154,2,Empirical_copula,151,0.9805194805194806,8.262396989999976,0
energy,14,38,154,2,Unscaled,146,0.948051948051948,14.69188900049325,0
energy,14,38,154,2,Point_CHR,153,0.9935064935064936,13.39139930963251,0
energy,14,38,154,2,TSCP_R,151,0.9805194805194806,9.651424097420392,0
energy,15,38,154,2,Empirical_copula,129,0.8376623376623377,5.662920744999823,0
energy,15,38,154,2,Unscaled,129,0.8376623376623377,7.614012422607403,0
energy,15,38,154,2,Point_CHR,139,0.9025974025974026,6.227758387005179,0
energy,15,38,154,2,TSCP_R,138,0.8961038961038961,7.328369935338537,0
energy,16,38,154,2,Empirical_copula,144,0.935064935064935,4.344031080000052,0
energy,16,38,154,2,Unscaled,148,0.961038961038961,13.634925502667588,0
energy,16,38,154,2,Point_CHR,134,0.8701298701298701,3.5157179106221412,0
energy,16,38,154,2,TSCP_R,145,0.9415584415584416,4.90882375555981,0
energy,17,38,154,2,Empirical_copula,150,0.974025974025974,9.524702879999673,0
energy,17,38,154,2,Unscaled,144,0.935064935064935,18.15399056314865,0
energy,17,38,154,2,Point_CHR,143,0.9285714285714286,8.798393402862056,0
energy,17,38,154,2,TSCP_R,152,0.987012987012987,11.759735829250028,0
energy,18,38,154,2,Empirical_copula,123,0.7987012987012987,2.412585540000017,0
energy,18,38,154,2,Unscaled,133,0.8636363636363636,9.652206240533982,0
energy,18,38,154,2,Point_CHR,125,0.8116883116883117,2.610594720388783,0
energy,18,38,154,2,TSCP_R,126,0.8181818181818182,2.7314413019549955,0
energy,19,38,154,2,Empirical_copula,140,0.9090909090909091,18.321578600000116,0
energy,19,38,154,2,Unscaled,142,0.922077922077922,18.91032196019749,0
energy,19,38,154,2,Point_CHR,152,0.987012987012987,74.10148043536563,0
energy,19,38,154,2,TSCP_R,143,0.9285714285714286,15.530018456160082,0
energy,20,38,154,2,Empirical_copula,116,0.7532467532467533,2.0004087499998953,0
energy,20,38,154,2,Unscaled,133,0.8636363636363636,9.924075062906025,0
energy,20,38,154,2,Point_CHR,110,0.7142857142857143,1.5077850615354353,0
energy,20,38,154,2,TSCP_R,142,0.922077922077922,5.025846155277689,0
energy,21,38,154,2,Empirical_copula,124,0.8051948051948052,3.4836019999999515,0
energy,21,38,154,2,Unscaled,143,0.9285714285714286,16.408170490184204,0
energy,21,38,154,2,Point_CHR,136,0.8831168831168831,5.038534564774325,0
energy,21,38,154,2,TSCP_R,135,0.8766233766233766,4.457917802046416,0
energy,22,38,154,2,Empirical_copula,123,0.7987012987012987,2.722359267500207,0
energy,22,38,154,2,Unscaled,136,0.8831168831168831,9.781256250491468,0
energy,22,38,154,2,Point_CHR,124,0.8051948051948052,2.773842756512549,0
energy,22,38,154,2,TSCP_R,127,0.8246753246753247,3.4386685689399905,0
energy,23,38,154,2,Empirical_copula,151,0.9805194805194806,13.260954085000208,0
energy,23,38,154,2,Unscaled,148,0.961038961038961,17.879366560164634,0
energy,23,38,154,2,Point_CHR,128,0.8311688311688312,2.740292767799972,0
energy,23,38,154,2,TSCP_R,152,0.987012987012987,17.04625499380253,0
energy,24,38,154,2,Empirical_copula,138,0.8961038961038961,4.752863639999943,0
energy,24,38,154,2,Unscaled,139,0.9025974025974026,15.134045062600357,0
energy,24,38,154,2,Point_CHR,139,0.9025974025974026,6.5449765314003,0
energy,24,38,154,2,TSCP_R,142,0.922077922077922,5.46580008328056,0
energy,25,38,154,2,Empirical_copula,142,0.922077922077922,5.490893439999674,0
energy,25,38,154,2,Unscaled,132,0.8571428571428571,8.017675402931562,0
energy,25,38,154,2,Point_CHR,140,0.9090909090909091,4.518850686170031,0
energy,25,38,154,2,TSCP_R,146,0.948051948051948,6.408089274698292,0
energy,26,38,154,2,Empirical_copula,144,0.935064935064935,6.601900815000101,0
energy,26,38,154,2,Unscaled,148,0.961038961038961,24.334982303187346,0
energy,26,38,154,2,Point_CHR,147,0.9545454545454546,8.397546078316093,0
energy,26,38,154,2,TSCP_R,146,0.948051948051948,7.982611332108658,0
energy,27,38,154,2,Empirical_copula,138,0.8961038961038961,4.38602162499989,0
energy,27,38,154,2,Unscaled,147,0.9545454545454546,16.922527690104946,0
energy,27,38,154,2,Point_CHR,143,0.9285714285714286,5.517503706975646,0
energy,27,38,154,2,TSCP_R,143,0.9285714285714286,5.315342513228709,0
energy,28,38,154,2,Empirical_copula,128,0.8311688311688312,3.7696371300002176,0
energy,28,38,154,2,Unscaled,132,0.8571428571428571,11.31716881008613,0
energy,28,38,154,2,Point_CHR,130,0.8441558441558441,4.134859700625123,0
energy,28,38,154,2,TSCP_R,137,0.8896103896103896,5.171361390159412,0
energy,29,38,154,2,Empirical_copula,147,0.9545454545454546,7.268025207499956,0
energy,29,38,154,2,Unscaled,127,0.8246753246753247,7.21755090284636,0
energy,29,38,154,2,Point_CHR,144,0.935064935064935,11.679700013178863,0
energy,29,38,154,2,TSCP_R,149,0.9675324675324676,8.502135995094257,0
energy,30,38,154,2,Empirical_copula,139,0.9025974025974026,4.0190198400004435,0
energy,30,38,154,2,Unscaled,148,0.961038961038961,21.281614240718618,0
energy,30,38,154,2,Point_CHR,143,0.9285714285714286,5.846025076744204,0
energy,30,38,154,2,TSCP_R,144,0.935064935064935,5.06517969952603,0
energy,31,38,154,2,Empirical_copula,142,0.922077922077922,4.435768372500285,0
energy,31,38,154,2,Unscaled,150,0.974025974025974,18.480111322876706,0
energy,31,38,154,2,Point_CHR,145,0.9415584415584416,5.34983062961268,0
energy,31,38,154,2,TSCP_R,150,0.974025974025974,5.924452459953112,0
energy,32,38,154,2,Empirical_copula,130,0.8441558441558441,3.924828605000164,0
energy,32,38,154,2,Unscaled,133,0.8636363636363636,9.184233302538582,0
energy,32,38,154,2,Point_CHR,130,0.8441558441558441,3.9101753017424286,0
energy,32,38,154,2,TSCP_R,138,0.8961038961038961,6.425722771970212,0
energy,33,38,154,2,Empirical_copula,140,0.9090909090909091,4.481564200000086,0
energy,33,38,154,2,Unscaled,149,0.9675324675324676,25.329579123328777,0
energy,33,38,154,2,Point_CHR,142,0.922077922077922,5.110848732897977,0
energy,33,38,154,2,TSCP_R,142,0.922077922077922,4.926548045511703,0
energy,34,38,154,2,Empirical_copula,138,0.8961038961038961,4.865989322499798,0
energy,34,38,154,2,Unscaled,144,0.935064935064935,17.68328652315104,0
energy,34,38,154,2,Point_CHR,150,0.974025974025974,11.519206935186933,0
energy,34,38,154,2,TSCP_R,147,0.9545454545454546,7.125743846289498,0
energy,35,38,154,2,Empirical_copula,144,0.935064935064935,6.172328200000171,0
energy,35,38,154,2,Unscaled,150,0.974025974025974,26.45250624095294,0
energy,35,38,154,2,Point_CHR,142,0.922077922077922,5.068284788857409,0
energy,35,38,154,2,TSCP_R,147,0.9545454545454546,7.764738080076966,0
energy,36,38,154,2,Empirical_copula,143,0.9285714285714286,5.517594337499775,0
energy,36,38,154,2,Unscaled,143,0.9285714285714286,15.785126302939949,0
energy,36,38,154,2,Point_CHR,143,0.9285714285714286,6.021218459222272,0
energy,36,38,154,2,TSCP_R,149,0.9675324675324676,6.759384942105182,0
energy,37,38,154,2,Empirical_copula,143,0.9285714285714286,4.169291142499984,0
energy,37,38,154,2,Unscaled,144,0.935064935064935,14.295961000352575,0
energy,37,38,154,2,Point_CHR,143,0.9285714285714286,4.321872411022845,0
energy,37,38,154,2,TSCP_R,148,0.961038961038961,5.101731010929506,0
energy,38,38,154,2,Empirical_copula,133,0.8636363636363636,2.898084870000167,0
energy,38,38,154,2,Unscaled,146,0.948051948051948,20.19783364057895,0
energy,38,38,154,2,Point_CHR,134,0.8701298701298701,3.842581339604408,0
energy,38,38,154,2,TSCP_R,145,0.9415584415584416,5.29379801664385,0
energy,39,38,154,2,Empirical_copula,121,0.7857142857142857,1.691331249999961,0
energy,39,38,154,2,Unscaled,124,0.8051948051948052,3.7362957028450996,0
energy,39,38,154,2,Point_CHR,134,0.8701298701298701,3.3892934794154965,0
energy,39,38,154,2,TSCP_R,130,0.8441558441558441,3.008743657504989,0
energy,40,38,154,2,Empirical_copula,152,0.987012987012987,8.493124859999554,0
energy,40,38,154,2,Unscaled,148,0.961038961038961,25.137187690929515,0
energy,40,38,154,2,Point_CHR,153,0.9935064935064936,29.279516317780228,0
energy,40,38,154,2,TSCP_R,153,0.9935064935064936,10.222461272202565,0
energy,41,38,154,2,Empirical_copula,144,0.935064935064935,6.177142000000127,0
energy,41,38,154,2,Unscaled,139,0.9025974025974026,12.716712602958228,0
energy,41,38,154,2,Point_CHR,140,0.9090909090909091,4.645387052677348,0
energy,41,38,154,2,TSCP_R,146,0.948051948051948,7.5749453405062495,0
energy,42,38,154,2,Empirical_copula,145,0.9415584415584416,4.226243114999697,0
energy,42,38,154,2,Unscaled,149,0.9675324675324676,13.031017022545878,0
energy,42,38,154,2,Point_CHR,148,0.961038961038961,5.921810380134035,0
energy,42,38,154,2,TSCP_R,149,0.9675324675324676,4.808003373035193,0
energy,43,38,154,2,Empirical_copula,133,0.8636363636363636,4.316901750000208,0
energy,43,38,154,2,Unscaled,140,0.9090909090909091,15.903346410627032,0
energy,43,38,154,2,Point_CHR,144,0.935064935064935,5.943082976440789,0
energy,43,38,154,2,TSCP_R,140,0.9090909090909091,5.200661420306337,0
energy,44,38,154,2,Empirical_copula,139,0.9025974025974026,3.82123696499978,0
energy,44,38,154,2,Unscaled,143,0.9285714285714286,12.581563702637768,0
energy,44,38,154,2,Point_CHR,141,0.9155844155844156,3.9921111990786935,0
energy,44,38,154,2,TSCP_R,147,0.9545454545454546,4.680900549390366,0
energy,45,38,154,2,Empirical_copula,147,0.9545454545454546,6.45328798750002,0
energy,45,38,154,2,Unscaled,152,0.987012987012987,33.10563906361275,0
energy,45,38,154,2,Point_CHR,144,0.935064935064935,5.8816339867398035,0
energy,45,38,154,2,TSCP_R,152,0.987012987012987,9.913773064452458,0
energy,46,38,154,2,Empirical_copula,138,0.8961038961038961,3.564460234999964,0
energy,46,38,154,2,Unscaled,145,0.9415584415584416,13.359025000404733,0
energy,46,38,154,2,Point_CHR,135,0.8766233766233766,3.328919573422035,0
energy,46,38,154,2,TSCP_R,143,0.9285714285714286,4.036176557608834,0
energy,47,38,154,2,Empirical_copula,140,0.9090909090909091,6.090831674999779,0
energy,47,38,154,2,Unscaled,142,0.922077922077922,17.78730625037463,0
energy,47,38,154,2,Point_CHR,144,0.935064935064935,6.771020031373714,0
energy,47,38,154,2,TSCP_R,145,0.9415584415584416,6.004947507139208,0
energy,48,38,154,2,Empirical_copula,139,0.9025974025974026,4.669574497500295,0
energy,48,38,154,2,Unscaled,151,0.9805194805194806,22.129027222683806,0
energy,48,38,154,2,Point_CHR,150,0.974025974025974,9.632578644840859,0
energy,48,38,154,2,TSCP_R,143,0.9285714285714286,5.642634451770301,0
energy,49,38,154,2,Empirical_copula,135,0.8766233766233766,3.7525329599998236,0
energy,49,38,154,2,Unscaled,141,0.9155844155844156,16.731372160757605,0
energy,49,38,154,2,Point_CHR,126,0.8181818181818182,2.7598186623610923,0
energy,49,38,154,2,TSCP_R,136,0.8831168831168831,4.351374700028157,0
energy,50,38,154,2,Empirical_copula,123,0.7987012987012987,3.4310974724999137,0
energy,50,38,154,2,Unscaled,140,0.9090909090909091,17.290211423214032,0
energy,50,38,154,2,Point_CHR,123,0.7987012987012987,3.2319870184368136,0
energy,50,38,154,2,TSCP_R,146,0.948051948051948,6.663635529773165,0
energy,51,38,154,2,Empirical_copula,149,0.9675324675324676,8.453806372501015,0
energy,51,38,154,2,Unscaled,151,0.9805194805194806,22.28312025033472,0
energy,51,38,154,2,Point_CHR,149,0.9675324675324676,7.757330470878391,0
energy,51,38,154,2,TSCP_R,150,0.974025974025974,9.727361985069356,0
energy,52,38,154,2,Empirical_copula,144,0.935064935064935,5.700934372499909,0
energy,52,38,154,2,Unscaled,145,0.9415584415584416,17.480342902876693,0
energy,52,38,154,2,Point_CHR,144,0.935064935064935,7.183793064701711,0
energy,52,38,154,2,TSCP_R,144,0.935064935064935,7.468354698285451,0
energy,53,38,154,2,Empirical_copula,133,0.8636363636363636,3.432980572500076,0
energy,53,38,154,2,Unscaled,133,0.8636363636363636,8.158449690398403,0
energy,53,38,154,2,Point_CHR,136,0.8831168831168831,4.335007318727637,0
energy,53,38,154,2,TSCP_R,135,0.8766233766233766,4.23205103884602,0
energy,54,38,154,2,Empirical_copula,143,0.9285714285714286,4.857912675000191,0
energy,54,38,154,2,Unscaled,146,0.948051948051948,20.32882656318629,0
energy,54,38,154,2,Point_CHR,147,0.9545454545454546,6.8043969630311105,0
energy,54,38,154,2,TSCP_R,145,0.9415584415584416,5.650702036435174,0
energy,55,38,154,2,Empirical_copula,129,0.8376623376623377,4.448949359999929,0
energy,55,38,154,2,Unscaled,130,0.8441558441558441,11.927698322828629,0
energy,55,38,154,2,Point_CHR,138,0.8961038961038961,5.288372725824602,0
energy,55,38,154,2,TSCP_R,139,0.9025974025974026,5.241539137093685,0
energy,56,38,154,2,Empirical_copula,148,0.961038961038961,7.943612599999675,0
energy,56,38,154,2,Unscaled,149,0.9675324675324676,17.04038400030553,0
energy,56,38,154,2,Point_CHR,149,0.9675324675324676,14.093111789044519,0
energy,56,38,154,2,TSCP_R,148,0.961038961038961,9.409071934565032,0
energy,57,38,154,2,Empirical_copula,139,0.9025974025974026,4.762330680000239,0
energy,57,38,154,2,Unscaled,144,0.935064935064935,20.539930410039865,0
energy,57,38,154,2,Point_CHR,146,0.948051948051948,9.630387637100553,0
energy,57,38,154,2,TSCP_R,142,0.922077922077922,5.602225988468913,0
energy,58,38,154,2,Empirical_copula,127,0.8246753246753247,2.6815216999999225,0
energy,58,38,154,2,Unscaled,128,0.8311688311688312,6.503265022742924,0
energy,58,38,154,2,Point_CHR,132,0.8571428571428571,3.3986579675318094,0
energy,58,38,154,2,TSCP_R,132,0.8571428571428571,3.783307146470133,0
energy,59,38,154,2,Empirical_copula,138,0.8961038961038961,3.6087319274999783,0
energy,59,38,154,2,Unscaled,149,0.9675324675324676,18.146322022905412,0
energy,59,38,154,2,Point_CHR,141,0.9155844155844156,5.526639288815875,0
energy,59,38,154,2,TSCP_R,145,0.9415584415584416,5.503276206988363,0
energy,60,38,154,2,Empirical_copula,147,0.9545454545454546,7.801926437499375,0
energy,60,38,154,2,Unscaled,146,0.948051948051948,22.911539560311716,0
energy,60,38,154,2,Point_CHR,145,0.9415584415584416,7.238907902939773,0
energy,60,38,154,2,TSCP_R,151,0.9805194805194806,9.286088747709295,0
energy,61,38,154,2,Empirical_copula,114,0.7402597402597403,2.0353505999999544,0
energy,61,38,154,2,Unscaled,130,0.8441558441558441,6.233760562721696,0
energy,61,38,154,2,Point_CHR,115,0.7467532467532467,2.1097562580200697,0
energy,61,38,154,2,TSCP_R,127,0.8246753246753247,3.4443850780385548,0
energy,62,38,154,2,Empirical_copula,122,0.7922077922077922,1.6233980000002703,0
energy,62,38,154,2,Unscaled,130,0.8441558441558441,6.677056000191837,0
energy,62,38,154,2,Point_CHR,131,0.8506493506493507,2.8252429468533147,0
energy,62,38,154,2,TSCP_R,130,0.8441558441558441,2.336749616608992,0
energy,63,38,154,2,Empirical_copula,126,0.8181818181818182,2.8834971425001856,0
energy,63,38,154,2,Unscaled,139,0.9025974025974026,12.415404602760868,0
energy,63,38,154,2,Point_CHR,128,0.8311688311688312,3.2072393947371642,0
energy,63,38,154,2,TSCP_R,130,0.8441558441558441,3.6532303950763363,0
energy,64,38,154,2,Empirical_copula,145,0.9415584415584416,5.285458124999955,0
energy,64,38,154,2,Unscaled,143,0.9285714285714286,14.961810803248698,0
energy,64,38,154,2,Point_CHR,146,0.948051948051948,6.483936958801225,0
energy,64,38,154,2,TSCP_R,148,0.961038961038961,6.296643404812707,0
energy,65,38,154,2,Empirical_copula,140,0.9090909090909091,7.103446017500323,0
energy,65,38,154,2,Unscaled,145,0.9415584415584416,31.309620250145173,0
energy,65,38,154,2,Point_CHR,141,0.9155844155844156,8.908008237537612,0
energy,65,38,154,2,TSCP_R,141,0.9155844155844156,9.77085348347859,0
energy,66,38,154,2,Empirical_copula,128,0.8311688311688312,2.8685097699998376,0
energy,66,38,154,2,Unscaled,141,0.9155844155844156,12.83753070299932,0
energy,66,38,154,2,Point_CHR,127,0.8246753246753247,2.599059440767163,0
energy,66,38,154,2,TSCP_R,131,0.8506493506493507,3.710939657042481,0
energy,67,38,154,2,Empirical_copula,134,0.8701298701298701,3.731833475000112,0
energy,67,38,154,2,Unscaled,119,0.7727272727272727,4.557371040096743,0
energy,67,38,154,2,Point_CHR,135,0.8766233766233766,7.006610003696001,0
energy,67,38,154,2,TSCP_R,137,0.8896103896103896,4.311789321993245,0
energy,68,38,154,2,Empirical_copula,118,0.7662337662337663,2.597154839999691,0
energy,68,38,154,2,Unscaled,127,0.8246753246753247,7.05858624036274,0
energy,68,38,154,2,Point_CHR,126,0.8181818181818182,3.128000342286282,0
energy,68,38,154,2,TSCP_R,127,0.8246753246753247,4.263887522770153,0
energy,69,38,154,2,Empirical_copula,132,0.8571428571428571,3.632884500000231,0
energy,69,38,154,2,Unscaled,140,0.9090909090909091,11.764900000326039,0
energy,69,38,154,2,Point_CHR,131,0.8506493506493507,3.7491938500276962,0
energy,69,38,154,2,TSCP_R,136,0.8831168831168831,4.773440174663269,0
energy,70,38,154,2,Empirical_copula,146,0.948051948051948,7.286302400000141,0
energy,70,38,154,2,Unscaled,141,0.9155844155844156,18.86208330317665,0
energy,70,38,154,2,Point_CHR,152,0.987012987012987,9.93628019989507,0
energy,70,38,154,2,TSCP_R,148,0.961038961038961,10.940445077543478,0
energy,71,38,154,2,Empirical_copula,132,0.8571428571428571,3.7060707275000966,0
energy,71,38,154,2,Unscaled,139,0.9025974025974026,12.526644490538105,0
energy,71,38,154,2,Point_CHR,131,0.8506493506493507,3.597545754318421,0
energy,71,38,154,2,TSCP_R,131,0.8506493506493507,3.5778958387057913,0
energy,72,38,154,2,Empirical_copula,127,0.8246753246753247,3.73753211000005,0
energy,72,38,154,2,Unscaled,129,0.8376623376623377,10.41094756030754,0
energy,72,38,154,2,Point_CHR,142,0.922077922077922,4.909657975420005,0
energy,72,38,154,2,TSCP_R,145,0.9415584415584416,5.354461793394816,0
energy,73,38,154,2,Empirical_copula,117,0.7597402597402597,3.1382514674998307,0
energy,73,38,154,2,Unscaled,133,0.8636363636363636,9.957811360563463,0
energy,73,38,154,2,Point_CHR,104,0.6753246753246753,1.8475911520777148,0
energy,73,38,154,2,TSCP_R,120,0.7792207792207793,3.8424849718322758,0
energy,74,38,154,2,Empirical_copula,123,0.7987012987012987,3.1609255424998013,0
energy,74,38,154,2,Unscaled,143,0.9285714285714286,24.29060510331151,0
energy,74,38,154,2,Point_CHR,140,0.9090909090909091,5.720640252251777,0
energy,74,38,154,2,TSCP_R,143,0.9285714285714286,7.087468985954269,0
energy,75,38,154,2,Empirical_copula,149,0.9675324675324676,11.78897897000047,0
energy,75,38,154,2,Unscaled,149,0.9675324675324676,21.16138002293668,0
energy,75,38,154,2,Point_CHR,151,0.9805194805194806,12.760753572935549,0
energy,75,38,154,2,TSCP_R,151,0.9805194805194806,15.726012846891672,0
energy,76,38,154,2,Empirical_copula,148,0.961038961038961,4.673330600000273,0
energy,76,38,154,2,Unscaled,148,0.961038961038961,13.668178702667426,0
energy,76,38,154,2,Point_CHR,148,0.961038961038961,6.431646853720729,0
energy,76,38,154,2,TSCP_R,149,0.9675324675324676,6.87730713651805,0
energy,77,38,154,2,Empirical_copula,140,0.9090909090909091,4.100610902500383,0
energy,77,38,154,2,Unscaled,151,0.9805194805194806,18.927285303216127,0
energy,77,38,154,2,Point_CHR,149,0.9675324675324676,7.998371906197969,0
energy,77,38,154,2,TSCP_R,148,0.961038961038961,7.492104412086291,0
energy,78,38,154,2,Empirical_copula,123,0.7987012987012987,3.2541308100000443,0
energy,78,38,154,2,Unscaled,128,0.8311688311688312,9.35992836038646,0
energy,78,38,154,2,Point_CHR,133,0.8636363636363636,5.865633533326643,0
energy,78,38,154,2,TSCP_R,133,0.8636363636363636,4.437269090834175,0
energy,79,38,154,2,Empirical_copula,132,0.8571428571428571,3.502388462500476,0
energy,79,38,154,2,Unscaled,139,0.9025974025974026,13.591019560716072,0
energy,79,38,154,2,Point_CHR,135,0.8766233766233766,3.6747305287091856,0
energy,79,38,154,2,TSCP_R,139,0.9025974025974026,4.382456969517108,0
energy,80,38,154,2,Empirical_copula,147,0.9545454545454546,7.48567212499967,0
energy,80,38,154,2,Unscaled,150,0.974025974025974,29.739026222855607,0
energy,80,38,154,2,Point_CHR,148,0.961038961038961,9.315471617244652,0
energy,80,38,154,2,TSCP_R,150,0.974025974025974,9.349471666110546,0
energy,81,38,154,2,Empirical_copula,120,0.7792207792207793,2.0198178999999707,0
energy,81,38,154,2,Unscaled,130,0.8441558441558441,7.219969000461073,0
energy,81,38,154,2,Point_CHR,107,0.6948051948051948,0.7590571996952196,0
energy,81,38,154,2,TSCP_R,135,0.8766233766233766,4.248901419046484,0
energy,82,38,154,2,Empirical_copula,131,0.8506493506493507,4.441928574999859,0
energy,82,38,154,2,Unscaled,152,0.987012987012987,28.71352225099244,0
energy,82,38,154,2,Point_CHR,139,0.9025974025974026,7.856058890184654,0
energy,82,38,154,2,TSCP_R,141,0.9155844155844156,6.942770420485865,0
energy,83,38,154,2,Empirical_copula,144,0.935064935064935,5.548690440000007,0
energy,83,38,154,2,Unscaled,137,0.8896103896103896,14.734849960658996,0
energy,83,38,154,2,Point_CHR,142,0.922077922077922,5.232580919128945,0
energy,83,38,154,2,TSCP_R,147,0.9545454545454546,6.545481760411734,0
energy,84,38,154,2,Empirical_copula,135,0.8766233766233766,3.5750682675001184,0
energy,84,38,154,2,Unscaled,143,0.9285714285714286,15.749389102654717,0
energy,84,38,154,2,Point_CHR,141,0.9155844155844156,6.924936802158197,0
energy,84,38,154,2,TSCP_R,147,0.9545454545454546,7.049053570057339,0
energy,85,38,154,2,Empirical_copula,135,0.8766233766233766,3.7418513574999004,0
energy,85,38,154,2,Unscaled,140,0.9090909090909091,12.493043703081788,0
energy,85,38,154,2,Point_CHR,136,0.8831168831168831,4.200082978321469,0
energy,85,38,154,2,TSCP_R,140,0.9090909090909091,5.119854462219436,0
energy,86,38,154,2,Empirical_copula,136,0.8831168831168831,4.490950100000303,0
energy,86,38,154,2,Unscaled,145,0.9415584415584416,21.07544464017333,0
energy,86,38,154,2,Point_CHR,124,0.8051948051948052,2.7715224602569255,0
energy,86,38,154,2,TSCP_R,140,0.9090909090909091,6.208340918167712,0
energy,87,38,154,2,Empirical_copula,148,0.961038961038961,11.356615749999733,0
energy,87,38,154,2,Unscaled,147,0.9545454545454546,15.737882410373137,0
energy,87,38,154,2,Point_CHR,145,0.9415584415584416,8.383193110343292,0
energy,87,38,154,2,TSCP_R,153,0.9935064935064936,13.912684137109046,0
energy,88,38,154,2,Empirical_copula,142,0.922077922077922,6.614638962499967,0
energy,88,38,154,2,Unscaled,143,0.9285714285714286,15.103327690049618,0
energy,88,38,154,2,Point_CHR,152,0.987012987012987,14.442810761677846,0
energy,88,38,154,2,TSCP_R,144,0.935064935064935,6.710852045277787,0
energy,89,38,154,2,Empirical_copula,133,0.8636363636363636,4.398810927500112,0
energy,89,38,154,2,Unscaled,135,0.8766233766233766,10.372264360500989,0
energy,89,38,154,2,Point_CHR,138,0.8961038961038961,4.479710938932654,0
energy,89,38,154,2,TSCP_R,139,0.9025974025974026,5.178804619173945,0
energy,90,38,154,2,Empirical_copula,137,0.8896103896103896,4.191482467500001,0
energy,90,38,154,2,Unscaled,144,0.935064935064935,15.984403803128936,0
energy,90,38,154,2,Point_CHR,147,0.9545454545454546,6.582798846608036,0
energy,90,38,154,2,TSCP_R,142,0.922077922077922,5.085092211944094,0
energy,91,38,154,2,Empirical_copula,145,0.9415584415584416,5.076035235000152,0
energy,91,38,154,2,Unscaled,147,0.9545454545454546,19.79493572319984,0
energy,91,38,154,2,Point_CHR,145,0.9415584415584416,7.318813729261107,0
energy,91,38,154,2,TSCP_R,146,0.948051948051948,6.634059517168326,0
energy,92,38,154,2,Empirical_copula,126,0.8181818181818182,2.4403609999999856,0
energy,92,38,154,2,Unscaled,137,0.8896103896103896,9.95781136051881,0
energy,92,38,154,2,Point_CHR,129,0.8376623376623377,2.6769164498144398,0
energy,92,38,154,2,TSCP_R,131,0.8506493506493507,2.76635150150952,0
energy,93,38,154,2,Empirical_copula,143,0.9285714285714286,6.490435695000278,0
energy,93,38,154,2,Unscaled,140,0.9090909090909091,10.388051303006343,0
energy,93,38,154,2,Point_CHR,133,0.8636363636363636,4.170074285385826,0
energy,93,38,154,2,TSCP_R,147,0.9545454545454546,8.464201583064195,0
energy,94,38,154,2,Empirical_copula,141,0.9155844155844156,4.450249714999956,0
energy,94,38,154,2,Unscaled,140,0.9090909090909091,11.163283323006617,0
energy,94,38,154,2,Point_CHR,148,0.961038961038961,7.034544172807935,0
energy,94,38,154,2,TSCP_R,147,0.9545454545454546,6.1207992652998815,0
energy,95,38,154,2,Empirical_copula,135,0.8766233766233766,4.447301832500317,0
energy,95,38,154,2,Unscaled,144,0.935064935064935,20.300881922639153,0
energy,95,38,154,2,Point_CHR,138,0.8961038961038961,4.660645575838106,0
energy,95,38,154,2,TSCP_R,144,0.935064935064935,6.840939396175986,0
energy,96,38,154,2,Empirical_copula,134,0.8701298701298701,3.946425115000134,0
energy,96,38,154,2,Unscaled,137,0.8896103896103896,13.931929503068169,0
energy,96,38,154,2,Point_CHR,138,0.8961038961038961,4.6671038005278,0
energy,96,38,154,2,TSCP_R,140,0.9090909090909091,4.718269766677591,0
energy,97,38,154,2,Empirical_copula,149,0.9675324675324676,8.020829849999895,0
energy,97,38,154,2,Unscaled,152,0.987012987012987,24.81683672331927,0
energy,97,38,154,2,Point_CHR,149,0.9675324675324676,10.823163489438622,0
energy,97,38,154,2,TSCP_R,149,0.9675324675324676,9.03430236729344,0
energy,98,38,154,2,Empirical_copula,125,0.8116883116883117,2.986885437500099,0
energy,98,38,154,2,Unscaled,130,0.8441558441558441,9.96380790302242,0
energy,98,38,154,2,Point_CHR,147,0.9545454545454546,6.535443999714163,0
energy,98,38,154,2,TSCP_R,132,0.8571428571428571,3.7317785201260034,0
energy,99,38,154,2,Empirical_copula,150,0.974025974025974,13.07894704500017,0
energy,99,38,154,2,Unscaled,149,0.9675324675324676,22.45812100081416,0
energy,99,38,154,2,Point_CHR,146,0.948051948051948,6.661317122777624,0
energy,99,38,154,2,TSCP_R,152,0.987012987012987,14.194395536157021,0
energy,100,38,154,2,Empirical_copula,140,0.9090909090909091,3.947279599999696,0
energy,100,38,154,2,Unscaled,147,0.9545454545454546,13.437723062962577,0
energy,100,38,154,2,Point_CHR,141,0.9155844155844156,4.815765290057707,0
energy,100,38,154,2,TSCP_R,141,0.9155844155844156,4.726508474481393,0
energy,101,38,154,2,Empirical_copula,143,0.9285714285714286,5.399122349999951,0
energy,101,38,154,2,Unscaled,149,0.9675324675324676,23.04480025021933,0
energy,101,38,154,2,Point_CHR,149,0.9675324675324676,10.555734617581694,0
energy,101,38,154,2,TSCP_R,147,0.9545454545454546,7.27389616352302,0
energy,102,38,154,2,Empirical_copula,145,0.9415584415584416,8.471271187499966,0
energy,102,38,154,2,Unscaled,147,0.9545454545454546,16.456409222576184,0
energy,102,38,154,2,Point_CHR,148,0.961038961038961,10.348258807581006,0
energy,102,38,154,2,TSCP_R,148,0.961038961038961,11.071686556829427,0
energy,103,38,154,2,Empirical_copula,126,0.8181818181818182,4.846840215000369,0
energy,103,38,154,2,Unscaled,126,0.8181818181818182,8.437572562905588,0
energy,103,38,154,2,Point_CHR,138,0.8961038961038961,6.893871863228864,0
energy,103,38,154,2,TSCP_R,141,0.9155844155844156,7.5337983463020475,0
energy,104,38,154,2,Empirical_copula,149,0.9675324675324676,11.342584755000162,0
energy,104,38,154,2,Unscaled,146,0.948051948051948,24.120867690191712,0
energy,104,38,154,2,Point_CHR,153,0.9935064935064936,65.96798260084256,0
energy,104,38,154,2,TSCP_R,150,0.974025974025974,12.672494631231833,0
energy,105,38,154,2,Empirical_copula,140,0.9090909090909091,5.080907610000048,0
energy,105,38,154,2,Unscaled,146,0.948051948051948,15.9053404227952,0
energy,105,38,154,2,Point_CHR,141,0.9155844155844156,5.8224760767610695,0
energy,105,38,154,2,TSCP_R,146,0.948051948051948,6.075658989449056,0
energy,106,38,154,2,Empirical_copula,141,0.9155844155844156,5.674063364999675,0
energy,106,38,154,2,Unscaled,131,0.8506493506493507,7.93520730260981,0
energy,106,38,154,2,Point_CHR,131,0.8506493506493507,4.0712779975534605,0
energy,106,38,154,2,TSCP_R,145,0.9415584415584416,6.969332145232334,0
energy,107,38,154,2,Empirical_copula,129,0.8376623376623377,3.7729742050000152,0
energy,107,38,154,2,Unscaled,135,0.8766233766233766,11.741244902632674,0
energy,107,38,154,2,Point_CHR,128,0.8311688311688312,3.6296136033290165,0
energy,107,38,154,2,TSCP_R,136,0.8831168831168831,5.205690587700355,0
energy,108,38,154,2,Empirical_copula,126,0.8181818181818182,2.764534087499676,0
energy,108,38,154,2,Unscaled,137,0.8896103896103896,9.76343762278081,0
energy,108,38,154,2,Point_CHR,129,0.8376623376623377,2.9493619178888535,0
energy,108,38,154,2,TSCP_R,134,0.8701298701298701,3.600242783401658,0
energy,109,38,154,2,Empirical_copula,135,0.8766233766233766,4.369717400000254,0
energy,109,38,154,2,Unscaled,140,0.9090909090909091,17.355556000630962,0
energy,109,38,154,2,Point_CHR,144,0.935064935064935,6.646705645110507,0
energy,109,38,154,2,TSCP_R,141,0.9155844155844156,5.899835743788491,0
energy,110,38,154,2,Empirical_copula,139,0.9025974025974026,4.788714104999806,0
energy,110,38,154,2,Unscaled,141,0.9155844155844156,11.468043602927313,0
energy,110,38,154,2,Point_CHR,143,0.9285714285714286,7.513819043972086,0
energy,110,38,154,2,TSCP_R,144,0.935064935064935,5.921469860154418,0
energy,111,38,154,2,Empirical_copula,126,0.8181818181818182,2.785883917500103,0
energy,111,38,154,2,Unscaled,142,0.922077922077922,12.628428322638673,0
energy,111,38,154,2,Point_CHR,141,0.9155844155844156,4.882147354871658,0
energy,111,38,154,2,TSCP_R,133,0.8636363636363636,3.4379387519831486,0
energy,112,38,154,2,Empirical_copula,145,0.9415584415584416,5.315183737500221,0
energy,112,38,154,2,Unscaled,152,0.987012987012987,23.890100062929896,0
energy,112,38,154,2,Point_CHR,145,0.9415584415584416,5.909449270833596,0
energy,112,38,154,2,TSCP_R,148,0.961038961038961,6.834895154468211,0
energy,113,38,154,2,Empirical_copula,132,0.8571428571428571,3.5259088149999167,0
energy,113,38,154,2,Unscaled,149,0.9675324675324676,19.27297801039545,0
energy,113,38,154,2,Point_CHR,136,0.8831168831168831,4.122220894147874,0
energy,113,38,154,2,TSCP_R,143,0.9285714285714286,5.257610716302778,0
energy,114,38,154,2,Empirical_copula,127,0.8246753246753247,3.0243580649999164,0
energy,114,38,154,2,Unscaled,133,0.8636363636363636,9.340358440393626,0
energy,114,38,154,2,Point_CHR,131,0.8506493506493507,3.5423653121991543,0
energy,114,38,154,2,TSCP_R,140,0.9090909090909091,5.150206015944281,0
energy,115,38,154,2,Empirical_copula,129,0.8376623376623377,3.536743980000095,0
energy,115,38,154,2,Unscaled,127,0.8246753246753247,6.414822562934851,0
energy,115,38,154,2,Point_CHR,117,0.7597402597402597,2.1619772924605773,0
energy,115,38,154,2,TSCP_R,140,0.9090909090909091,4.515353760950665,0
energy,116,38,154,2,Empirical_copula,148,0.961038961038961,8.612351962500398,0
energy,116,38,154,2,Unscaled,146,0.948051948051948,16.031615602881395,0
energy,116,38,154,2,Point_CHR,151,0.9805194805194806,14.20443290848466,0
energy,116,38,154,2,TSCP_R,151,0.9805194805194806,12.975947589109035,0
energy,117,38,154,2,Empirical_copula,140,0.9090909090909091,4.745205584999928,0
energy,117,38,154,2,Unscaled,139,0.9025974025974026,11.716586702803632,0
energy,117,38,154,2,Point_CHR,146,0.948051948051948,6.1307689201069495,0
energy,117,38,154,2,TSCP_R,142,0.922077922077922,5.626672187960455,0
energy,118,38,154,2,Empirical_copula,138,0.8961038961038961,5.403369480000097,0
energy,118,38,154,2,Unscaled,139,0.9025974025974026,11.984405423015321,0
energy,118,38,154,2,Point_CHR,137,0.8896103896103896,7.188308398350073,0
energy,118,38,154,2,TSCP_R,138,0.8961038961038961,7.001654538353415,0
energy,119,38,154,2,Empirical_copula,130,0.8441558441558441,2.605371349999953,0
energy,119,38,154,2,Unscaled,134,0.8701298701298701,8.074122250210834,0
energy,119,38,154,2,Point_CHR,123,0.7987012987012987,1.8426591937088528,0
energy,119,38,154,2,TSCP_R,134,0.8701298701298701,3.197081850312688,0
energy,120,38,154,2,Empirical_copula,136,0.8831168831168831,4.190543640000493,0
energy,120,38,154,2,Unscaled,141,0.9155844155844156,13.322865002823129,0
energy,120,38,154,2,Point_CHR,151,0.9805194805194806,8.590899920188852,0
energy,120,38,154,2,TSCP_R,143,0.9285714285714286,5.077227286604174,0
energy,121,38,154,2,Empirical_copula,149,0.9675324675324676,9.27105577999995,0
energy,121,38,154,2,Unscaled,148,0.961038961038961,21.373515923094345,0
energy,121,38,154,2,Point_CHR,152,0.987012987012987,12.864921083583303,0
energy,121,38,154,2,TSCP_R,152,0.987012987012987,10.819172096458479,0
energy,122,38,154,2,Empirical_copula,139,0.9025974025974026,5.133388580000015,0
energy,122,38,154,2,Unscaled,132,0.8571428571428571,9.508588960598281,0
energy,122,38,154,2,Point_CHR,127,0.8246753246753247,2.830519682908818,0
energy,122,38,154,2,TSCP_R,143,0.9285714285714286,6.295289648137313,0
energy,123,38,154,2,Empirical_copula,151,0.9805194805194806,8.509717977499866,0
energy,123,38,154,2,Unscaled,151,0.9805194805194806,27.458648010798342,0
energy,123,38,154,2,Point_CHR,153,0.9935064935064936,13.392090164359514,0
energy,123,38,154,2,TSCP_R,149,0.9675324675324676,8.05247567578508,0
energy,124,38,154,2,Empirical_copula,146,0.948051948051948,6.787497487500623,0
energy,124,38,154,2,Unscaled,148,0.961038961038961,23.75051490296441,0
energy,124,38,154,2,Point_CHR,149,0.9675324675324676,9.777531053274888,0
energy,124,38,154,2,TSCP_R,146,0.948051948051948,7.874671709474793,0
energy,125,38,154,2,Empirical_copula,141,0.9155844155844156,3.6559811474995896,0
energy,125,38,154,2,Unscaled,146,0.948051948051948,14.644780922648865,0
energy,125,38,154,2,Point_CHR,146,0.948051948051948,4.847076461939287,0
energy,125,38,154,2,TSCP_R,148,0.961038961038961,6.574377771927056,0
energy,126,38,154,2,Empirical_copula,129,0.8376623376623377,2.860626750000151,0
energy,126,38,154,2,Unscaled,138,0.8961038961038961,9.715689000203058,0
energy,126,38,154,2,Point_CHR,141,0.9155844155844156,6.448531410318272,0
energy,126,38,154,2,TSCP_R,135,0.8766233766233766,4.433755776650168,0
energy,127,38,154,2,Empirical_copula,125,0.8116883116883117,3.215235374999871,0
energy,127,38,154,2,Unscaled,130,0.8441558441558441,10.03939225048196,0
energy,127,38,154,2,Point_CHR,129,0.8376623376623377,4.729780066709897,0
energy,127,38,154,2,TSCP_R,144,0.935064935064935,5.711032827717161,0
energy,128,38,154,2,Empirical_copula,148,0.961038961038961,45.49717758000053,0
energy,128,38,154,2,Unscaled,146,0.948051948051948,40.46422932297111,0
energy,128,38,154,2,Point_CHR,152,0.987012987012987,326.00074258584544,0
energy,128,38,154,2,TSCP_R,148,0.961038961038961,38.99596507675787,0
energy,129,38,154,2,Empirical_copula,135,0.8766233766233766,3.432565850000069,0
energy,129,38,154,2,Unscaled,150,0.974025974025974,22.34216556322031,0
energy,129,38,154,2,Point_CHR,148,0.961038961038961,7.012110494177299,0
energy,129,38,154,2,TSCP_R,140,0.9090909090909091,4.178298258756119,0
energy,130,38,154,2,Empirical_copula,133,0.8636363636363636,4.306624995000064,0
energy,130,38,154,2,Unscaled,139,0.9025974025974026,18.30171180253768,0
energy,130,38,154,2,Point_CHR,148,0.961038961038961,74.03780991279065,0
energy,130,38,154,2,TSCP_R,146,0.948051948051948,21.747948496966007,0
energy,131,38,154,2,Empirical_copula,150,0.974025974025974,7.698470500000259,0
energy,131,38,154,2,Unscaled,148,0.961038961038961,17.04327372279264,0
energy,131,38,154,2,Point_CHR,152,0.987012987012987,13.106688069619256,0
energy,131,38,154,2,TSCP_R,150,0.974025974025974,7.565625071113856,0
energy,132,38,154,2,Empirical_copula,129,0.8376623376623377,3.6568730949998023,0
energy,132,38,154,2,Unscaled,136,0.8831168831168831,11.12656092300556,0
energy,132,38,154,2,Point_CHR,128,0.8311688311688312,3.3722499480027435,0
energy,132,38,154,2,TSCP_R,134,0.8701298701298701,4.185774084534037,0
energy,133,38,154,2,Empirical_copula,145,0.9415584415584416,5.787536400000315,0
energy,133,38,154,2,Unscaled,144,0.935064935064935,12.6383805025306,0
energy,133,38,154,2,Point_CHR,147,0.9545454545454546,6.859884301627597,0
energy,133,38,154,2,TSCP_R,147,0.9545454545454546,7.336306773337631,0
energy,134,38,154,2,Empirical_copula,141,0.9155844155844156,6.08148930750018,0
energy,134,38,154,2,Unscaled,139,0.9025974025974026,14.73254689057181,0
energy,134,38,154,2,Point_CHR,138,0.8961038961038961,6.63359852233271,0
energy,134,38,154,2,TSCP_R,143,0.9285714285714286,6.766644971129575,0
energy,135,38,154,2,Empirical_copula,149,0.9675324675324676,7.3057840000004415,0
energy,135,38,154,2,Unscaled,148,0.961038961038961,21.191291560790045,0
energy,135,38,154,2,Point_CHR,152,0.987012987012987,7.593364454722013,0
energy,135,38,154,2,TSCP_R,152,0.987012987012987,8.92864162953747,0
energy,136,38,154,2,Empirical_copula,143,0.9285714285714286,4.951061310000348,0
energy,136,38,154,2,Unscaled,140,0.9090909090909091,13.161658410647389,0
energy,136,38,154,2,Point_CHR,148,0.961038961038961,7.504874056619324,0
energy,136,38,154,2,TSCP_R,147,0.9545454545454546,6.147122007763136,0
energy,137,38,154,2,Empirical_copula,143,0.9285714285714286,6.215010862500012,0
energy,137,38,154,2,Unscaled,144,0.935064935064935,15.609215723271154,0
energy,137,38,154,2,Point_CHR,143,0.9285714285714286,7.995213641856869,0
energy,137,38,154,2,TSCP_R,149,0.9675324675324676,8.816483990819377,0
energy,138,38,154,2,Empirical_copula,123,0.7987012987012987,1.791650034999917,0
energy,138,38,154,2,Unscaled,139,0.9025974025974026,7.893571202699739,0
energy,138,38,154,2,Point_CHR,124,0.8051948051948052,2.515851054068078,0
energy,138,38,154,2,TSCP_R,124,0.8051948051948052,2.1494129174471257,0
energy,139,38,154,2,Empirical_copula,140,0.9090909090909091,4.683912540000159,0
energy,139,38,154,2,Unscaled,143,0.9285714285714286,18.547234222887912,0
energy,139,38,154,2,Point_CHR,140,0.9090909090909091,4.937757038220808,0
energy,139,38,154,2,TSCP_R,144,0.935064935064935,6.327016669925702,0
energy,140,38,154,2,Empirical_copula,136,0.8831168831168831,4.284661260000251,0
energy,140,38,154,2,Unscaled,135,0.8766233766233766,7.370410523029398,0
energy,140,38,154,2,Point_CHR,136,0.8831168831168831,3.729038507621818,0
energy,140,38,154,2,TSCP_R,143,0.9285714285714286,5.572726492006772,0
energy,141,38,154,2,Empirical_copula,145,0.9415584415584416,7.5992120549998114,0
energy,141,38,154,2,Unscaled,148,0.961038961038961,31.370080810525938,0
energy,141,38,154,2,Point_CHR,141,0.9155844155844156,4.972388000682617,0
energy,141,38,154,2,TSCP_R,147,0.9545454545454546,9.04079725287933,0
energy,142,38,154,2,Empirical_copula,131,0.8506493506493507,4.216668480000321,0
energy,142,38,154,2,Unscaled,134,0.8701298701298701,10.520616602583242,0
energy,142,38,154,2,Point_CHR,139,0.9025974025974026,4.743840213581981,0
energy,142,38,154,2,TSCP_R,137,0.8896103896103896,5.069686221717006,0
energy,143,38,154,2,Empirical_copula,132,0.8571428571428571,3.209446899999733,0
energy,143,38,154,2,Unscaled,141,0.9155844155844156,11.51007402274094,0
energy,143,38,154,2,Point_CHR,139,0.9025974025974026,7.735197561087849,0
energy,143,38,154,2,TSCP_R,136,0.8831168831168831,3.875823125166614,0
energy,144,38,154,2,Empirical_copula,122,0.7922077922077922,2.5256415600001123,0
energy,144,38,154,2,Unscaled,135,0.8766233766233766,10.314695722781602,0
energy,144,38,154,2,Point_CHR,141,0.9155844155844156,7.627222305972583,0
energy,144,38,154,2,TSCP_R,138,0.8961038961038961,4.304762666215144,0
energy,145,38,154,2,Empirical_copula,126,0.8181818181818182,2.65201613999976,0
energy,145,38,154,2,Unscaled,141,0.9155844155844156,10.1741860904968,0
energy,145,38,154,2,Point_CHR,127,0.8246753246753247,2.531660791086202,0
energy,145,38,154,2,TSCP_R,129,0.8376623376623377,3.014534918177329,0
energy,146,38,154,2,Empirical_copula,153,0.9935064935064936,17.408970134999635,0
energy,146,38,154,2,Unscaled,149,0.9675324675324676,32.30501406343515,0
energy,146,38,154,2,Point_CHR,153,0.9935064935064936,50.299478193345195,0
energy,146,38,154,2,TSCP_R,153,0.9935064935064936,17.824891809388202,0
energy,147,38,154,2,Empirical_copula,141,0.9155844155844156,4.85152085249975,0
energy,147,38,154,2,Unscaled,141,0.9155844155844156,15.690709322871912,0
energy,147,38,154,2,Point_CHR,140,0.9090909090909091,4.3509726108390385,0
energy,147,38,154,2,TSCP_R,150,0.974025974025974,7.28291835816605,0
energy,148,38,154,2,Empirical_copula,127,0.8246753246753247,3.469781875000247,0
energy,148,38,154,2,Unscaled,146,0.948051948051948,15.781948022602142,0
energy,148,38,154,2,Point_CHR,128,0.8311688311688312,4.2974893057555095,0
energy,148,38,154,2,TSCP_R,137,0.8896103896103896,4.054931682908041,0
energy,149,38,154,2,Empirical_copula,143,0.9285714285714286,4.7768764999997755,0
energy,149,38,154,2,Unscaled,146,0.948051948051948,17.724100000814293,0
energy,149,38,154,2,Point_CHR,139,0.9025974025974026,3.933619578005199,0
energy,149,38,154,2,TSCP_R,149,0.9675324675324676,7.584630990566942,0
energy,150,38,154,2,Empirical_copula,141,0.9155844155844156,4.684641392500104,0
energy,150,38,154,2,Unscaled,144,0.935064935064935,9.67583236029072,0
energy,150,38,154,2,Point_CHR,149,0.9675324675324676,8.871415193864534,0
energy,150,38,154,2,TSCP_R,147,0.9545454545454546,6.963727151058402,0
energy,151,38,154,2,Empirical_copula,123,0.7987012987012987,2.673704225000034,0
energy,151,38,154,2,Unscaled,134,0.8701298701298701,11.25267025057676,0
energy,151,38,154,2,Point_CHR,99,0.6428571428571429,1.0892920465897276,0
energy,151,38,154,2,TSCP_R,136,0.8831168831168831,4.136094087127996,0
energy,152,38,154,2,Empirical_copula,141,0.9155844155844156,4.856868610000381,0
energy,152,38,154,2,Unscaled,143,0.9285714285714286,21.00022276088927,0
energy,152,38,154,2,Point_CHR,138,0.8961038961038961,3.9098119909159985,0
energy,152,38,154,2,TSCP_R,145,0.9415584415584416,6.55473031429509,0
energy,153,38,154,2,Empirical_copula,134,0.8701298701298701,3.400570950000194,0
energy,153,38,154,2,Unscaled,142,0.922077922077922,10.748234403062645,0
energy,153,38,154,2,Point_CHR,123,0.7987012987012987,2.2992483744667185,0
energy,153,38,154,2,TSCP_R,137,0.8896103896103896,3.9010976359962606,0
energy,154,38,154,2,Empirical_copula,139,0.9025974025974026,6.225145495000298,0
energy,154,38,154,2,Unscaled,140,0.9090909090909091,12.241251563030206,0
energy,154,38,154,2,Point_CHR,149,0.9675324675324676,7.372643060113837,0
energy,154,38,154,2,TSCP_R,141,0.9155844155844156,8.118432004095801,0
energy,155,38,154,2,Empirical_copula,136,0.8831168831168831,3.7637144999998347,0
energy,155,38,154,2,Unscaled,144,0.935064935064935,17.871333502609016,0
energy,155,38,154,2,Point_CHR,130,0.8441558441558441,3.0292406118534134,0
energy,155,38,154,2,TSCP_R,145,0.9415584415584416,5.170155645187021,0
energy,156,38,154,2,Empirical_copula,132,0.8571428571428571,4.2963847049999035,0
energy,156,38,154,2,Unscaled,149,0.9675324675324676,27.090984010135195,0
energy,156,38,154,2,Point_CHR,122,0.7922077922077922,3.2460575480006417,0
energy,156,38,154,2,TSCP_R,150,0.974025974025974,10.397812377047828,0
energy,157,38,154,2,Empirical_copula,144,0.935064935064935,6.834868529999742,0
energy,157,38,154,2,Unscaled,153,0.9935064935064936,35.97720361116363,0
energy,157,38,154,2,Point_CHR,146,0.948051948051948,7.881289177928964,0
energy,157,38,154,2,TSCP_R,146,0.948051948051948,7.573849467720747,0
energy,158,38,154,2,Empirical_copula,119,0.7727272727272727,1.7995939750001433,0
energy,158,38,154,2,Unscaled,126,0.8181818181818182,5.169484322519871,0
energy,158,38,154,2,Point_CHR,129,0.8376623376623377,2.9086263461538646,0
energy,158,38,154,2,TSCP_R,138,0.8961038961038961,4.398866633314894,0
energy,159,38,154,2,Empirical_copula,133,0.8636363636363636,3.297233324999909,0
energy,159,38,154,2,Unscaled,135,0.8766233766233766,12.730980802959467,0
energy,159,38,154,2,Point_CHR,141,0.9155844155844156,5.160810768867024,0
energy,159,38,154,2,TSCP_R,141,0.9155844155844156,5.329284212869519,0
energy,160,38,154,2,Empirical_copula,126,0.8181818181818182,3.2569728075001767,0
energy,160,38,154,2,Unscaled,141,0.9155844155844156,13.559701522846597,0
energy,160,38,154,2,Point_CHR,122,0.7922077922077922,2.5615556363166476,0
energy,160,38,154,2,TSCP_R,128,0.8311688311688312,3.9497371287526963,0
energy,161,38,154,2,Empirical_copula,145,0.9415584415584416,4.332988985000202,0
energy,161,38,154,2,Unscaled,149,0.9675324675324676,16.551471722886916,0
energy,161,38,154,2,Point_CHR,145,0.9415584415584416,4.221727774192783,0
energy,161,38,154,2,TSCP_R,148,0.961038961038961,5.458980247495461,0
energy,162,38,154,2,Empirical_copula,127,0.8246753246753247,4.158413172500168,0
energy,162,38,154,2,Unscaled,126,0.8181818181818182,8.46402649021568,0
energy,162,38,154,2,Point_CHR,127,0.8246753246753247,3.8779273118342426,0
energy,162,38,154,2,TSCP_R,131,0.8506493506493507,5.063129250925493,0
energy,163,38,154,2,Empirical_copula,135,0.8766233766233766,4.356345110000101,0
energy,163,38,154,2,Unscaled,140,0.9090909090909091,15.719639040150499,0
energy,163,38,154,2,Point_CHR,107,0.6948051948051948,1.8006888175373892,0
energy,163,38,154,2,TSCP_R,139,0.9025974025974026,5.649694042113016,0
energy,164,38,154,2,Empirical_copula,137,0.8896103896103896,4.409985560000025,0
energy,164,38,154,2,Unscaled,147,0.9545454545454546,17.70389776069192,0
energy,164,38,154,2,Point_CHR,150,0.974025974025974,6.995299558162752,0
energy,164,38,154,2,TSCP_R,150,0.974025974025974,7.614362014116236,0
energy,165,38,154,2,Empirical_copula,137,0.8896103896103896,3.5045320999999015,0
energy,165,38,154,2,Unscaled,133,0.8636363636363636,8.731729503072042,0
energy,165,38,154,2,Point_CHR,138,0.8961038961038961,3.596470790141473,0
energy,165,38,154,2,TSCP_R,140,0.9090909090909091,4.557972333969863,0
energy,166,38,154,2,Empirical_copula,137,0.8896103896103896,4.275354215000214,0
energy,166,38,154,2,Unscaled,151,0.9805194805194806,23.923348322966078,0
energy,166,38,154,2,Point_CHR,144,0.935064935064935,5.229358085577537,0
energy,166,38,154,2,TSCP_R,146,0.948051948051948,5.940572823042551,0
energy,167,38,154,2,Empirical_copula,135,0.8766233766233766,4.4871883875,0
energy,167,38,154,2,Unscaled,147,0.9545454545454546,24.489136822725545,0
energy,167,38,154,2,Point_CHR,131,0.8506493506493507,4.142058237159507,0
energy,167,38,154,2,TSCP_R,143,0.9285714285714286,5.443741856689328,0
energy,168,38,154,2,Empirical_copula,152,0.987012987012987,9.138057940000477,0
energy,168,38,154,2,Unscaled,145,0.9415584415584416,17.712734823032157,0
energy,168,38,154,2,Point_CHR,154,1.0,15.641903684243319,0
energy,168,38,154,2,TSCP_R,153,0.9935064935064936,9.932742807161706,0
energy,169,38,154,2,Empirical_copula,135,0.8766233766233766,3.1644837200000095,0
energy,169,38,154,2,Unscaled,142,0.922077922077922,14.400507040590911,0
energy,169,38,154,2,Point_CHR,143,0.9285714285714286,6.5090897522444395,0
energy,169,38,154,2,TSCP_R,140,0.9090909090909091,4.355899015963709,0
energy,170,38,154,2,Empirical_copula,151,0.9805194805194806,6.9768306000001115,0
energy,170,38,154,2,Unscaled,152,0.987012987012987,30.924721000616575,0
energy,170,38,154,2,Point_CHR,152,0.987012987012987,8.11586475567421,0
energy,170,38,154,2,TSCP_R,153,0.9935064935064936,8.579764652420877,0
energy,171,38,154,2,Empirical_copula,139,0.9025974025974026,4.729609200000049,0
energy,171,38,154,2,Unscaled,147,0.9545454545454546,17.757796000159498,0
energy,171,38,154,2,Point_CHR,147,0.9545454545454546,8.842266605462823,0
energy,171,38,154,2,TSCP_R,144,0.935064935064935,7.6563567445561285,0
energy,172,38,154,2,Empirical_copula,150,0.974025974025974,35.94734767250073,0
energy,172,38,154,2,Unscaled,150,0.974025974025974,39.050625903658855,0
energy,172,38,154,2,Point_CHR,135,0.8766233766233766,11.075635843030858,0
energy,172,38,154,2,TSCP_R,150,0.974025974025974,35.208929102550144,0
energy,173,38,154,2,Empirical_copula,136,0.8831168831168831,3.5637890924999436,0
energy,173,38,154,2,Unscaled,143,0.9285714285714286,10.950473722625555,0
energy,173,38,154,2,Point_CHR,144,0.935064935064935,7.486443659510807,0
energy,173,38,154,2,TSCP_R,139,0.9025974025974026,4.568459962297341,0
energy,174,38,154,2,Empirical_copula,116,0.7532467532467533,2.438133074999878,0
energy,174,38,154,2,Unscaled,124,0.8051948051948052,6.416595610377551,0
energy,174,38,154,2,Point_CHR,122,0.7922077922077922,3.026390291421061,0
energy,174,38,154,2,TSCP_R,120,0.7792207792207793,2.900825256742541,0
energy,175,38,154,2,Empirical_copula,126,0.8181818181818182,3.3805220624998573,0
energy,175,38,154,2,Unscaled,134,0.8701298701298701,10.980939062529,0
energy,175,38,154,2,Point_CHR,128,0.8311688311688312,3.721957862107372,0
energy,175,38,154,2,TSCP_R,133,0.8636363636363636,5.137324869382504,0
energy,176,38,154,2,Empirical_copula,135,0.8766233766233766,3.313102395000109,0
energy,176,38,154,2,Unscaled,142,0.922077922077922,13.942756000242968,0
energy,176,38,154,2,Point_CHR,143,0.9285714285714286,5.479307425604534,0
energy,176,38,154,2,TSCP_R,143,0.9285714285714286,4.867300051563555,0
energy,177,38,154,2,Empirical_copula,134,0.8701298701298701,3.333228607499798,0
energy,177,38,154,2,Unscaled,137,0.8896103896103896,10.074593402623183,0
energy,177,38,154,2,Point_CHR,137,0.8896103896103896,6.655888089988602,0
energy,177,38,154,2,TSCP_R,140,0.9090909090909091,6.624235225049627,0
energy,178,38,154,2,Empirical_copula,130,0.8441558441558441,3.2833605299997655,0
energy,178,38,154,2,Unscaled,142,0.922077922077922,17.21544572318631,0
energy,178,38,154,2,Point_CHR,121,0.7857142857142857,2.3358381048245715,0
energy,178,38,154,2,TSCP_R,137,0.8896103896103896,4.246924770979053,0
energy,179,38,154,2,Empirical_copula,151,0.9805194805194806,17.416669375000012,0
energy,179,38,154,2,Unscaled,137,0.8896103896103896,11.931843062630957,0
energy,179,38,154,2,Point_CHR,146,0.948051948051948,11.079703264803289,0
energy,179,38,154,2,TSCP_R,151,0.9805194805194806,19.174077717945433,0
energy,180,38,154,2,Empirical_copula,132,0.8571428571428571,3.932415132500046,0
energy,180,38,154,2,Unscaled,132,0.8571428571428571,8.096301160552354,0
energy,180,38,154,2,Point_CHR,142,0.922077922077922,5.5435355809828435,0
energy,180,38,154,2,TSCP_R,133,0.8636363636363636,4.453839123385122,0
energy,181,38,154,2,Empirical_copula,140,0.9090909090909091,4.963250490000363,0
energy,181,38,154,2,Unscaled,152,0.987012987012987,26.20006596084258,0
energy,181,38,154,2,Point_CHR,151,0.9805194805194806,8.592097664405513,0
energy,181,38,154,2,TSCP_R,151,0.9805194805194806,7.072888086000018,0
energy,182,38,154,2,Empirical_copula,150,0.974025974025974,11.845207760000203,0
energy,182,38,154,2,Unscaled,147,0.9545454545454546,16.652520562802234,0
energy,182,38,154,2,Point_CHR,148,0.961038961038961,8.458096995714955,0
energy,182,38,154,2,TSCP_R,154,1.0,19.092833704158846,0
energy,183,38,154,2,Empirical_copula,121,0.7857142857142857,1.9946007899998313,0
energy,183,38,154,2,Unscaled,135,0.8766233766233766,9.068529960498392,0
energy,183,38,154,2,Point_CHR,136,0.8831168831168831,4.7150791663216465,0
energy,183,38,154,2,TSCP_R,136,0.8831168831168831,4.67335687285657,0
energy,184,38,154,2,Empirical_copula,136,0.8831168831168831,4.1614939500002786,0
energy,184,38,154,2,Unscaled,140,0.9090909090909091,13.397796090711282,0
energy,184,38,154,2,Point_CHR,129,0.8376623376623377,3.0945992327719254,0
energy,184,38,154,2,TSCP_R,140,0.9090909090909091,5.361335507891883,0
energy,185,38,154,2,Empirical_copula,136,0.8831168831168831,6.9798163049997966,0
energy,185,38,154,2,Unscaled,151,0.9805194805194806,23.602107240800088,0
energy,185,38,154,2,Point_CHR,145,0.9415584415584416,8.113749590151418,0
energy,185,38,154,2,TSCP_R,145,0.9415584415584416,8.67472085785352,0
energy,186,38,154,2,Empirical_copula,131,0.8506493506493507,3.6064907600003835,0
energy,186,38,154,2,Unscaled,144,0.935064935064935,17.395572640392274,0
energy,186,38,154,2,Point_CHR,125,0.8116883116883117,2.5948523395867293,0
energy,186,38,154,2,TSCP_R,132,0.8571428571428571,4.08321508992854,0
energy,187,38,154,2,Empirical_copula,129,0.8376623376623377,3.600695257500144,0
energy,187,38,154,2,Unscaled,142,0.922077922077922,16.46208902253537,0
energy,187,38,154,2,Point_CHR,129,0.8376623376623377,3.4819235900657133,0
energy,187,38,154,2,TSCP_R,140,0.9090909090909091,7.368617717909641,0
energy,188,38,154,2,Empirical_copula,149,0.9675324675324676,8.373969449999656,0
energy,188,38,154,2,Unscaled,149,0.9675324675324676,15.425256250435808,0
energy,188,38,154,2,Point_CHR,149,0.9675324675324676,6.439412070296811,0
energy,188,38,154,2,TSCP_R,151,0.9805194805194806,9.080708994299997,0
energy,189,38,154,2,Empirical_copula,144,0.935064935064935,5.54775891750016,0
energy,189,38,154,2,Unscaled,151,0.9805194805194806,26.829292090235743,0
energy,189,38,154,2,Point_CHR,148,0.961038961038961,8.14328942877308,0
energy,189,38,154,2,TSCP_R,145,0.9415584415584416,6.540175705133289,0
energy,190,38,154,2,Empirical_copula,139,0.9025974025974026,5.416101449999622,0
energy,190,38,154,2,Unscaled,149,0.9675324675324676,20.574388810751245,0
energy,190,38,154,2,Point_CHR,140,0.9090909090909091,7.528898017630555,0
energy,190,38,154,2,TSCP_R,140,0.9090909090909091,6.395074341687852,0
energy,191,38,154,2,Empirical_copula,123,0.7987012987012987,3.502327934999885,0
energy,191,38,154,2,Unscaled,132,0.8571428571428571,9.90549729027903,0
energy,191,38,154,2,Point_CHR,128,0.8311688311688312,4.298841950151969,0
energy,191,38,154,2,TSCP_R,127,0.8246753246753247,3.9591615848296464,0
energy,192,38,154,2,Empirical_copula,113,0.7337662337662337,2.520063479999905,0
energy,192,38,154,2,Unscaled,133,0.8636363636363636,10.353271522914204,0
energy,192,38,154,2,Point_CHR,131,0.8506493506493507,5.530081051515591,0
energy,192,38,154,2,TSCP_R,123,0.7987012987012987,3.149331029282919,0
energy,193,38,154,2,Empirical_copula,138,0.8961038961038961,3.607395749999547,0
energy,193,38,154,2,Unscaled,146,0.948051948051948,15.249806010581766,0
energy,193,38,154,2,Point_CHR,138,0.8961038961038961,3.593746822869073,0
energy,193,38,154,2,TSCP_R,144,0.935064935064935,4.784303593868399,0
energy,194,38,154,2,Empirical_copula,153,0.9935064935064936,8.368027570000331,0
energy,194,38,154,2,Unscaled,151,0.9805194805194806,25.94221422297472,0
energy,194,38,154,2,Point_CHR,145,0.9415584415584416,6.763224547869449,0
energy,194,38,154,2,TSCP_R,153,0.9935064935064936,8.19452550528826,0
energy,195,38,154,2,Empirical_copula,139,0.9025974025974026,5.7561507300004955,0
energy,195,38,154,2,Unscaled,138,0.8961038961038961,14.245340490097941,0
energy,195,38,154,2,Point_CHR,147,0.9545454545454546,7.087934781292263,0
energy,195,38,154,2,TSCP_R,144,0.935064935064935,6.801125938590348,0
energy,196,38,154,2,Empirical_copula,144,0.935064935064935,6.484694937500083,0
energy,196,38,154,2,Unscaled,148,0.961038961038961,29.883168903189883,0
energy,196,38,154,2,Point_CHR,148,0.961038961038961,9.608968503242618,0
energy,196,38,154,2,TSCP_R,147,0.9545454545454546,8.939146878829998,0
energy,197,38,154,2,Empirical_copula,134,0.8701298701298701,3.5931407275004483,0
energy,197,38,154,2,Unscaled,140,0.9090909090909091,12.095440622825182,0
energy,197,38,154,2,Point_CHR,136,0.8831168831168831,3.7076786953821537,0
energy,197,38,154,2,TSCP_R,142,0.922077922077922,4.448745978638341,0
energy,198,38,154,2,Empirical_copula,136,0.8831168831168831,3.2731797474998374,0
energy,198,38,154,2,Unscaled,128,0.8311688311688312,7.993342562700443,0
energy,198,38,154,2,Point_CHR,131,0.8506493506493507,2.9687175611497563,0
energy,198,38,154,2,TSCP_R,142,0.922077922077922,3.5258133052802267,0
energy,199,38,154,2,Empirical_copula,145,0.9415584415584416,10.46944993500008,0
energy,199,38,154,2,Unscaled,145,0.9415584415584416,14.576742202533202,0
energy,199,38,154,2,Point_CHR,144,0.935064935064935,5.672789025795376,0
energy,199,38,154,2,TSCP_R,146,0.948051948051948,7.7286220436141875,0
student,0,32,131,3,Empirical_copula,128,0.9770992366412213,436.27081050000004,0
student,0,32,131,3,Unscaled,129,0.9847328244274809,444.19494700774436,0
student,0,32,131,3,Point_CHR,131,1.0,720.1052121812219,0
student,0,32,131,3,TSCP_R,131,1.0,791.0264902844123,0
student,1,32,131,3,Empirical_copula,112,0.8549618320610687,61.785335999999994,0
student,1,32,131,3,Unscaled,114,0.8702290076335878,66.67646637773572,0
student,1,32,131,3,Point_CHR,128,0.9770992366412213,454.1176010177451,0
student,1,32,131,3,TSCP_R,114,0.8702290076335878,70.07585855272646,0
student,2,32,131,3,Empirical_copula,118,0.9007633587786259,92.66470675,0
student,2,32,131,3,Unscaled,124,0.9465648854961832,132.26123237599774,0
student,2,32,131,3,Point_CHR,131,1.0,1524.88867832562,0
student,2,32,131,3,TSCP_R,126,0.9618320610687023,206.73679664249917,0
student,3,32,131,3,Empirical_copula,102,0.7786259541984732,57.56084949999998,0
student,3,32,131,3,Unscaled,107,0.816793893129771,75.95567787736137,0
student,3,32,131,3,Point_CHR,90,0.6870229007633588,36.47994547807227,0
student,3,32,131,3,TSCP_R,108,0.8244274809160306,71.046300347044,0
student,4,32,131,3,Empirical_copula,119,0.9083969465648855,147.13683600000002,0
student,4,32,131,3,Unscaled,130,0.9923664122137404,544.3378921402226,0
student,4,32,131,3,Point_CHR,131,1.0,3000.6531296144085,0
student,4,32,131,3,TSCP_R,130,0.9923664122137404,711.4003937008347,0
student,5,32,131,3,Empirical_copula,119,0.9083969465648855,87.54787125000003,0
student,5,32,131,3,Unscaled,119,0.9083969465648855,107.51066888158425,0
student,5,32,131,3,Point_CHR,130,0.9923664122137404,1402.2455383356557,0
student,5,32,131,3,TSCP_R,125,0.9541984732824428,158.54791591344215,0
student,6,32,131,3,Empirical_copula,118,0.9007633587786259,122.38914187500002,0
student,6,32,131,3,Unscaled,118,0.9007633587786259,125.37537513121971,0
student,6,32,131,3,Point_CHR,118,0.9007633587786259,126.52567766743385,0
student,6,32,131,3,TSCP_R,120,0.916030534351145,150.98879246724718,0
student,7,32,131,3,Empirical_copula,116,0.8854961832061069,65.90969999999999,0
student,7,32,131,3,Unscaled,125,0.9541984732824428,155.28710938345586,0
student,7,32,131,3,Point_CHR,128,0.9770992366412213,752.3679463966837,0
student,7,32,131,3,TSCP_R,126,0.9618320610687023,229.87329106049012,0
student,8,32,131,3,Empirical_copula,85,0.648854961832061,28.089345750000007,0
student,8,32,131,3,Unscaled,89,0.6793893129770993,33.698267002900664,0
student,8,32,131,3,Point_CHR,125,0.9541984732824428,241.1991641211578,0
student,8,32,131,3,TSCP_R,91,0.6946564885496184,36.711923337924034,0
student,9,32,131,3,Empirical_copula,122,0.9312977099236641,166.67769799999996,0
student,9,32,131,3,Unscaled,123,0.9389312977099237,196.6297183814077,0
student,9,32,131,3,Point_CHR,130,0.9923664122137404,1380.3192950312798,0
student,9,32,131,3,TSCP_R,129,0.9847328244274809,300.93838089635557,0
student,10,32,131,3,Empirical_copula,113,0.8625954198473282,80.71244250000002,0
student,10,32,131,3,Unscaled,117,0.8931297709923665,86.6442656253749,0
student,10,32,131,3,Point_CHR,115,0.8778625954198473,84.48539590629156,0
student,10,32,131,3,TSCP_R,117,0.8931297709923665,95.03259076056241,0
student,11,32,131,3,Empirical_copula,109,0.8320610687022901,62.08183800000001,0
student,11,32,131,3,Unscaled,115,0.8778625954198473,81.46429537929112,0
student,11,32,131,3,Point_CHR,120,0.916030534351145,129.93637364717554,0
student,11,32,131,3,TSCP_R,117,0.8931297709923665,95.25036170840777,0
student,12,32,131,3,Empirical_copula,109,0.8320610687022901,55.81901850000001,0
student,12,32,131,3,Unscaled,114,0.8702290076335878,75.68696700408573,0
student,12,32,131,3,Point_CHR,120,0.916030534351145,395.2996524916482,0
student,12,32,131,3,TSCP_R,113,0.8625954198473282,84.27797545606242,0
student,13,32,131,3,Empirical_copula,124,0.9465648854961832,171.84012300000003,0
student,13,32,131,3,Unscaled,125,0.9541984732824428,201.74558963498419,0
student,13,32,131,3,Point_CHR,128,0.9770992366412213,656.6988505241249,0
student,13,32,131,3,TSCP_R,126,0.9618320610687023,244.61432844773122,0
student,14,32,131,3,Empirical_copula,89,0.6793893129770993,28.586304,0
student,14,32,131,3,Unscaled,110,0.8396946564885496,60.23628800029419,0
student,14,32,131,3,Point_CHR,120,0.916030534351145,758.2023079257809,0
student,14,32,131,3,TSCP_R,106,0.8091603053435115,79.73356148753541,0
student,15,32,131,3,Empirical_copula,102,0.7786259541984732,38.487680000000005,0
student,15,32,131,3,Unscaled,120,0.916030534351145,85.18400000322106,0
student,15,32,131,3,Point_CHR,126,0.9618320610687023,274.2102209343045,0
student,15,32,131,3,TSCP_R,121,0.9236641221374046,84.53565714269236,0
student,16,32,131,3,Empirical_copula,101,0.7709923664122137,50.650312500000005,0
student,16,32,131,3,Unscaled,111,0.8473282442748091,70.95794400391374,0
student,16,32,131,3,Point_CHR,115,0.8778625954198473,111.53960789501996,0
student,16,32,131,3,TSCP_R,112,0.8549618320610687,78.30875353155982,0
student,17,32,131,3,Empirical_copula,111,0.8473282442748091,64.63102500000001,0
student,17,32,131,3,Unscaled,120,0.916030534351145,100.86931138010993,0
student,17,32,131,3,Point_CHR,119,0.9083969465648855,118.6607264966928,0
student,17,32,131,3,TSCP_R,120,0.916030534351145,132.84233543241322,0
student,18,32,131,3,Empirical_copula,121,0.9236641221374046,131.263890625,0
student,18,32,131,3,Unscaled,125,0.9541984732824428,218.16720800686747,0
student,18,32,131,3,Point_CHR,109,0.8320610687022901,98.90455937902003,0
student,18,32,131,3,TSCP_R,123,0.9389312977099237,251.75221377115565,0
student,19,32,131,3,Empirical_copula,122,0.9312977099236641,217.42538000000005,0
student,19,32,131,3,Unscaled,129,0.9847328244274809,493.03900000288877,0
student,19,32,131,3,Point_CHR,131,1.0,1258.414086717862,0
student,19,32,131,3,TSCP_R,128,0.9770992366412213,376.9448345231857,0
student,20,32,131,3,Empirical_copula,107,0.816793893129771,50.988564000000025,0
student,20,32,131,3,Unscaled,113,0.8625954198473282,62.099136002064746,0
student,20,32,131,3,Point_CHR,125,0.9541984732824428,217.39003772603505,0
student,20,32,131,3,TSCP_R,117,0.8931297709923665,72.93524471113419,0
student,21,32,131,3,Empirical_copula,113,0.8625954198473282,100.80235299999998,0
student,21,32,131,3,Unscaled,119,0.9083969465648855,127.26352700565292,0
student,21,32,131,3,Point_CHR,131,1.0,4391.803131610474,0
student,21,32,131,3,TSCP_R,126,0.9618320610687023,294.08701914007463,0
student,22,32,131,3,Empirical_copula,112,0.8549618320610687,83.50288650000002,0
student,22,32,131,3,Unscaled,119,0.9083969465648855,129.93864962674888,0
student,22,32,131,3,Point_CHR,121,0.9236641221374046,210.42556740245934,0
student,22,32,131,3,TSCP_R,117,0.8931297709923665,145.48446015321812,0
student,23,32,131,3,Empirical_copula,115,0.8778625954198473,143.93082825,0
student,23,32,131,3,Unscaled,119,0.9083969465648855,104.15470263070208,0
student,23,32,131,3,Point_CHR,129,0.9847328244274809,2291.106519586543,0
student,23,32,131,3,TSCP_R,124,0.9465648854961832,330.78779890005103,0
student,24,32,131,3,Empirical_copula,109,0.8320610687022901,52.078632999999996,0
student,24,32,131,3,Unscaled,109,0.8320610687022901,55.7429680004123,0
student,24,32,131,3,Point_CHR,117,0.8931297709923665,91.84030158241859,0
student,24,32,131,3,TSCP_R,111,0.8473282442748091,59.77464504609485,0
student,25,32,131,3,Empirical_copula,120,0.916030534351145,152.58078824999998,0
student,25,32,131,3,Unscaled,118,0.9007633587786259,110.24675987882533,0
student,25,32,131,3,Point_CHR,129,0.9847328244274809,1032.9947471725852,0
student,25,32,131,3,TSCP_R,123,0.9389312977099237,234.57452975518677,0
student,26,32,131,3,Empirical_copula,85,0.648854961832061,36.722713124999984,0
student,26,32,131,3,Unscaled,104,0.7938931297709924,49.836032001829786,0
student,26,32,131,3,Point_CHR,124,0.9465648854961832,256.69,0
student,26,32,131,3,TSCP_R,91,0.6946564885496184,55.938731917810024,0
student,27,32,131,3,Empirical_copula,109,0.8320610687022901,80.02421050000002,0
student,27,32,131,3,Unscaled,116,0.8854961832061069,111.2846410031261,0
student,27,32,131,3,Point_CHR,105,0.8015267175572519,81.55085086892232,0
student,27,32,131,3,TSCP_R,117,0.8931297709923665,131.93444480572282,0
student,28,32,131,3,Empirical_copula,108,0.8244274809160306,55.59474,0
student,28,32,131,3,Unscaled,122,0.9312977099236641,144.29008112871696,0
student,28,32,131,3,Point_CHR,122,0.9312977099236641,600.2814580533994,0
student,28,32,131,3,TSCP_R,119,0.9083969465648855,147.25343034301127,0
student,29,32,131,3,Empirical_copula,71,0.5419847328244275,15.276351999999997,0
student,29,32,131,3,Unscaled,88,0.6717557251908397,26.730899001870362,0
student,29,32,131,3,Point_CHR,103,0.7862595419847328,72.7039015607258,0
student,29,32,131,3,TSCP_R,84,0.6412213740458015,22.890307357731135,0
student,30,32,131,3,Empirical_copula,116,0.8854961832061069,65.92883625000002,0
student,30,32,131,3,Unscaled,116,0.8854961832061069,73.03463200431268,0
student,30,32,131,3,Point_CHR,131,1.0,2015.0775194505134,0
student,30,32,131,3,TSCP_R,119,0.9083969465648855,157.61057197170146,0
student,31,32,131,3,Empirical_copula,117,0.8931297709923665,90.20291799999998,0
student,31,32,131,3,Unscaled,117,0.8931297709923665,101.8475630063301,0
student,31,32,131,3,Point_CHR,118,0.9007633587786259,139.5164468499826,0
student,31,32,131,3,TSCP_R,117,0.8931297709923665,105.48339926781141,0
student,32,32,131,3,Empirical_copula,121,0.9236641221374046,91.72695075,0
student,32,32,131,3,Unscaled,122,0.9312977099236641,108.8729843811091,0
student,32,32,131,3,Point_CHR,123,0.9389312977099237,135.5264838482907,0
student,32,32,131,3,TSCP_R,124,0.9465648854961832,139.22661957727604,0
student,33,32,131,3,Empirical_copula,127,0.9694656488549618,161.09516699999992,0
student,33,32,131,3,Unscaled,129,0.9847328244274809,380.2902311285782,0
student,33,32,131,3,Point_CHR,130,0.9923664122137404,1168.3624872400646,0
student,33,32,131,3,TSCP_R,130,0.9923664122137404,729.4399481913456,0
student,34,32,131,3,Empirical_copula,110,0.8396946564885496,64.68867300000001,0
student,34,32,131,3,Unscaled,116,0.8854961832061069,83.4534530043606,0
student,34,32,131,3,Point_CHR,125,0.9541984732824428,411.0529257595783,0
student,34,32,131,3,TSCP_R,112,0.8549618320610687,114.19978727410037,0
student,35,32,131,3,Empirical_copula,125,0.9541984732824428,291.8853225,0
student,35,32,131,3,Unscaled,125,0.9541984732824428,295.40829601008767,0
student,35,32,131,3,Point_CHR,131,1.0,6762.670518739728,0
student,35,32,131,3,TSCP_R,125,0.9541984732824428,378.3653489441633,0
student,36,32,131,3,Empirical_copula,116,0.8854961832061069,173.24674500000003,0
student,36,32,131,3,Unscaled,117,0.8931297709923665,157.4640000040829,0
student,36,32,131,3,Point_CHR,124,0.9465648854961832,374.46271874999985,0
student,36,32,131,3,TSCP_R,124,0.9465648854961832,303.46718507465954,0
student,37,32,131,3,Empirical_copula,123,0.9389312977099237,144.98484,0
student,37,32,131,3,Unscaled,124,0.9465648854961832,160.98918400675745,0
student,37,32,131,3,Point_CHR,127,0.9694656488549618,289.44103590703446,0
student,37,32,131,3,TSCP_R,126,0.9618320610687023,198.22172677293418,0
student,38,32,131,3,Empirical_copula,108,0.8244274809160306,69.961892625,0
student,38,32,131,3,Unscaled,111,0.8473282442748091,83.16732712944922,0
student,38,32,131,3,Point_CHR,119,0.9083969465648855,180.97571502886834,0
student,38,32,131,3,TSCP_R,112,0.8549618320610687,85.71035929417788,0
student,39,32,131,3,Empirical_copula,122,0.9312977099236641,336.538125,0
student,39,32,131,3,Unscaled,128,0.9770992366412213,268.96064638062984,0
student,39,32,131,3,Point_CHR,123,0.9389312977099237,455.3551187305788,0
student,39,32,131,3,TSCP_R,123,0.9389312977099237,264.1642135824283,0
student,40,32,131,3,Empirical_copula,126,0.9618320610687023,213.61436099999995,0
student,40,32,131,3,Unscaled,125,0.9541984732824428,302.11171100598943,0
student,40,32,131,3,Point_CHR,126,0.9618320610687023,232.05824015476324,0
student,40,32,131,3,TSCP_R,126,0.9618320610687023,273.3284595317593,0
student,41,32,131,3,Empirical_copula,111,0.8473282442748091,76.26021974999999,0
student,41,32,131,3,Unscaled,118,0.9007633587786259,109.55843662605977,0
student,41,32,131,3,Point_CHR,102,0.7786259541984732,67.46526444421501,0
student,41,32,131,3,TSCP_R,118,0.9007633587786259,151.62164961670845,0
student,42,32,131,3,Empirical_copula,121,0.9236641221374046,194.34502400000002,0
student,42,32,131,3,Unscaled,123,0.9389312977099237,185.19300000432187,0
student,42,32,131,3,Point_CHR,131,1.0,5082.480727857011,0
student,42,32,131,3,TSCP_R,123,0.9389312977099237,191.6551387043333,0
student,43,32,131,3,Empirical_copula,108,0.8244274809160306,42.226099999999995,0
student,43,32,131,3,Unscaled,111,0.8473282442748091,48.62712500311101,0
student,43,32,131,3,Point_CHR,125,0.9541984732824428,271.9264864266412,0
student,43,32,131,3,TSCP_R,111,0.8473282442748091,57.9150847312244,0
student,44,32,131,3,Empirical_copula,122,0.9312977099236641,86.94855,0
student,44,32,131,3,Unscaled,122,0.9312977099236641,119.45895312822664,0
student,44,32,131,3,Point_CHR,128,0.9770992366412213,502.7103340082469,0
student,44,32,131,3,TSCP_R,122,0.9312977099236641,111.11810604055955,0
student,45,32,131,3,Empirical_copula,113,0.8625954198473282,84.09590775000001,0
student,45,32,131,3,Unscaled,114,0.8702290076335878,93.88617862843684,0
student,45,32,131,3,Point_CHR,121,0.9236641221374046,256.37212431001876,0
student,45,32,131,3,TSCP_R,114,0.8702290076335878,114.13534658896629,0
student,46,32,131,3,Empirical_copula,107,0.816793893129771,65.39895325,0
student,46,32,131,3,Unscaled,115,0.8778625954198473,91.73385100462586,0
student,46,32,131,3,Point_CHR,116,0.8854961832061069,137.7818842309107,0
student,46,32,131,3,TSCP_R,115,0.8778625954198473,98.22489305027854,0
student,47,32,131,3,Empirical_copula,117,0.8931297709923665,86.83870937500004,0
student,47,32,131,3,Unscaled,120,0.916030534351145,110.24675987606419,0
student,47,32,131,3,Point_CHR,122,0.9312977099236641,169.06040568748787,0
student,47,32,131,3,TSCP_R,120,0.916030534351145,127.10177662945864,0
student,48,32,131,3,Empirical_copula,113,0.8625954198473282,87.41655,0
student,48,32,131,3,Unscaled,118,0.9007633587786259,115.85742187752766,0
student,48,32,131,3,Point_CHR,125,0.9541984732824428,552.052748257885,0
student,48,32,131,3,TSCP_R,118,0.9007633587786259,128.6423848235535,0
student,49,32,131,3,Empirical_copula,124,0.9465648854961832,194.9684,0
student,49,32,131,3,Unscaled,125,0.9541984732824428,200.20162500380684,0
student,49,32,131,3,Point_CHR,131,1.0,2677.0447182021717,0
student,49,32,131,3,TSCP_R,125,0.9541984732824428,202.3889005348527,0
student,50,32,131,3,Empirical_copula,119,0.9083969465648855,165.14873375,0
student,50,32,131,3,Unscaled,121,0.9236641221374046,179.40614400710723,0
student,50,32,131,3,Point_CHR,122,0.9312977099236641,388.90051186207097,0
student,50,32,131,3,TSCP_R,120,0.916030534351145,179.8456978317299,0
student,51,32,131,3,Empirical_copula,124,0.9465648854961832,236.2878,0
student,51,32,131,3,Unscaled,125,0.9541984732824428,228.09913100105467,0
student,51,32,131,3,Point_CHR,130,0.9923664122137404,1670.4998596381522,0
student,51,32,131,3,TSCP_R,128,0.9770992366412213,420.257067454893,0
student,52,32,131,3,Empirical_copula,102,0.7786259541984732,38.758743,0
student,52,32,131,3,Unscaled,106,0.8091603053435115,42.50854900249589,0
student,52,32,131,3,Point_CHR,111,0.8473282442748091,67.94185055056393,0
student,52,32,131,3,TSCP_R,109,0.8320610687022901,49.3272939944085,0
student,53,32,131,3,Empirical_copula,114,0.8702290076335878,121.37051799999998,0
student,53,32,131,3,Unscaled,125,0.9541984732824428,204.33646901006944,0
student,53,32,131,3,Point_CHR,122,0.9312977099236641,374.7200433031417,0
student,53,32,131,3,TSCP_R,126,0.9618320610687023,402.01097269996137,0
student,54,32,131,3,Empirical_copula,103,0.7862595419847328,40.01652549999998,0
student,54,32,131,3,Unscaled,107,0.816793893129771,54.439939004204156,0
student,54,32,131,3,Point_CHR,117,0.8931297709923665,164.62938951186146,0
student,54,32,131,3,TSCP_R,110,0.8396946564885496,95.37180729586277,0
student,55,32,131,3,Empirical_copula,115,0.8778625954198473,84.78631425000002,0
student,55,32,131,3,Unscaled,116,0.8854961832061069,105.82381700552232,0
student,55,32,131,3,Point_CHR,129,0.9847328244274809,565.5673762463916,0
student,55,32,131,3,TSCP_R,124,0.9465648854961832,176.7363461496726,0
student,56,32,131,3,Empirical_copula,109,0.8320610687022901,78.20028562499999,0
student,56,32,131,3,Unscaled,119,0.9083969465648855,182.28426300828093,0
student,56,32,131,3,Point_CHR,124,0.9465648854961832,505.25216615936284,0
student,56,32,131,3,TSCP_R,123,0.9389312977099237,372.65262520455616,0
student,57,32,131,3,Empirical_copula,115,0.8778625954198473,127.85305500000001,0
student,57,32,131,3,Unscaled,123,0.9389312977099237,144.29008112536147,0
student,57,32,131,3,Point_CHR,101,0.7709923664122137,62.213249739640375,0
student,57,32,131,3,TSCP_R,126,0.9618320610687023,275.2100212562225,0
student,58,32,131,3,Empirical_copula,123,0.9389312977099237,187.45216875000003,0
student,58,32,131,3,Unscaled,123,0.9389312977099237,209.58458400738166,0
student,58,32,131,3,Point_CHR,127,0.9694656488549618,343.2834976110911,0
student,58,32,131,3,TSCP_R,123,0.9389312977099237,239.17799104171675,0
student,59,32,131,3,Empirical_copula,106,0.8091603053435115,57.078179999999996,0
student,59,32,131,3,Unscaled,117,0.8931297709923665,104.15470263144653,0
student,59,32,131,3,Point_CHR,130,0.9923664122137404,741.6533867255687,0
student,59,32,131,3,TSCP_R,118,0.9007633587786259,102.27271618829168,0
student,60,32,131,3,Empirical_copula,121,0.9236641221374046,193.333395,0
student,60,32,131,3,Unscaled,122,0.9312977099236641,180.36212500122693,0
student,60,32,131,3,Point_CHR,127,0.9694656488549618,1074.0441627105106,0
student,60,32,131,3,TSCP_R,122,0.9312977099236641,259.82425636335876,0
student,61,32,131,3,Empirical_copula,122,0.9312977099236641,141.204789,0
student,61,32,131,3,Unscaled,126,0.9618320610687023,209.58458400464545,0
student,61,32,131,3,Point_CHR,123,0.9389312977099237,245.19495168278573,0
student,61,32,131,3,TSCP_R,123,0.9389312977099237,228.84257771640864,0
student,62,32,131,3,Empirical_copula,109,0.8320610687022901,55.675808124999996,0
student,62,32,131,3,Unscaled,111,0.8473282442748091,63.282696628254065,0
student,62,32,131,3,Point_CHR,123,0.9389312977099237,209.60353023497933,0
student,62,32,131,3,TSCP_R,112,0.8549618320610687,71.61480903162332,0
student,63,32,131,3,Empirical_copula,114,0.8702290076335878,85.54549800000001,0
student,63,32,131,3,Unscaled,117,0.8931297709923665,76.22502400408858,0
student,63,32,131,3,Point_CHR,126,0.9618320610687023,170.48355506520616,0
student,63,32,131,3,TSCP_R,117,0.8931297709923665,74.0099780443891,0
student,64,32,131,3,Empirical_copula,126,0.9618320610687023,198.18396000000004,0
student,64,32,131,3,Unscaled,126,0.9618320610687023,216.00000000888588,0
student,64,32,131,3,Point_CHR,126,0.9618320610687023,285.9477161735134,0
student,64,32,131,3,TSCP_R,128,0.9770992366412213,264.3438479412213,0
student,65,32,131,3,Empirical_copula,125,0.9541984732824428,247.6797345,0
student,65,32,131,3,Unscaled,129,0.9847328244274809,319.31223288121464,0
student,65,32,131,3,Point_CHR,130,0.9923664122137404,916.4837148136812,0
student,65,32,131,3,TSCP_R,126,0.9618320610687023,291.42987189168,0
student,66,32,131,3,Empirical_copula,103,0.7862595419847328,50.388877500000014,0
student,66,32,131,3,Unscaled,107,0.816793893129771,53.582633003951585,0
student,66,32,131,3,Point_CHR,105,0.8015267175572519,60.425763983932356,0
student,66,32,131,3,TSCP_R,113,0.8625954198473282,72.02334727944417,0
student,67,32,131,3,Empirical_copula,121,0.9236641221374046,116.36030699999999,0
student,67,32,131,3,Unscaled,123,0.9389312977099237,177.03098338219925,0
student,67,32,131,3,Point_CHR,124,0.9465648854961832,222.87957797796673,0
student,67,32,131,3,TSCP_R,123,0.9389312977099237,187.7390853569523,0
student,68,32,131,3,Empirical_copula,119,0.9083969465648855,122.53373475000004,0
student,68,32,131,3,Unscaled,119,0.9083969465648855,122.76347300144228,0
student,68,32,131,3,Point_CHR,121,0.9236641221374046,267.23236569749304,0
student,68,32,131,3,TSCP_R,123,0.9389312977099237,201.14877311950818,0
student,69,32,131,3,Empirical_copula,113,0.8625954198473282,68.08950049999999,0
student,69,32,131,3,Unscaled,115,0.8778625954198473,81.7465040020033,0
student,69,32,131,3,Point_CHR,121,0.9236641221374046,157.85786859431664,0
student,69,32,131,3,TSCP_R,118,0.9007633587786259,91.48683290660807,0
student,70,32,131,3,Empirical_copula,103,0.7862595419847328,50.57382500000001,0
student,70,32,131,3,Unscaled,110,0.8396946564885496,61.39613362900873,0
student,70,32,131,3,Point_CHR,110,0.8396946564885496,63.95285980714007,0
student,70,32,131,3,TSCP_R,108,0.8244274809160306,66.86066384925839,0
student,71,32,131,3,Empirical_copula,108,0.8244274809160306,53.262227249999974,0
student,71,32,131,3,Unscaled,114,0.8702290076335878,81.1827370005297,0
student,71,32,131,3,Point_CHR,118,0.9007633587786259,190.3635540214121,0
student,71,32,131,3,TSCP_R,119,0.9083969465648855,136.62548217482325,0
student,72,32,131,3,Empirical_copula,112,0.8549618320610687,68.57557199999998,0
student,72,32,131,3,Unscaled,123,0.9389312977099237,129.55421600485184,0
student,72,32,131,3,Point_CHR,126,0.9618320610687023,222.52495018377883,0
student,72,32,131,3,TSCP_R,123,0.9389312977099237,124.07177312858173,0
student,73,32,131,3,Empirical_copula,117,0.8931297709923665,169.01582425000004,0
student,73,32,131,3,Unscaled,120,0.916030534351145,143.8778240012709,0
student,73,32,131,3,Point_CHR,131,1.0,3172.4156690796667,0
student,73,32,131,3,TSCP_R,122,0.9312977099236641,208.63570783421017,0
student,74,32,131,3,Empirical_copula,112,0.8549618320610687,48.36640125000002,0
student,74,32,131,3,Unscaled,112,0.8549618320610687,60.46707812529497,0
student,74,32,131,3,Point_CHR,119,0.9083969465648855,124.22718085969821,0
student,74,32,131,3,TSCP_R,117,0.8931297709923665,69.11963637374784,0
student,75,32,131,3,Empirical_copula,104,0.7938931297709924,71.31096149999999,0
student,75,32,131,3,Unscaled,106,0.8091603053435115,72.51171300395468,0
student,75,32,131,3,Point_CHR,119,0.9083969465648855,145.9902334783914,0
student,75,32,131,3,TSCP_R,111,0.8473282442748091,85.52202818395946,0
student,76,32,131,3,Empirical_copula,120,0.916030534351145,161.80556000000004,0
student,76,32,131,3,Unscaled,122,0.9312977099236641,147.61652413189427,0
student,76,32,131,3,Point_CHR,129,0.9847328244274809,1176.242469582439,0
student,76,32,131,3,TSCP_R,126,0.9618320610687023,227.1224796339736,0
student,77,32,131,3,Empirical_copula,110,0.8396946564885496,61.66331249999999,0
student,77,32,131,3,Unscaled,121,0.9236641221374046,133.04153263171284,0
student,77,32,131,3,Point_CHR,131,1.0,5669.871535367974,0
student,77,32,131,3,TSCP_R,122,0.9312977099236641,196.7291928447786,0
student,78,32,131,3,Empirical_copula,118,0.9007633587786259,106.02732674999997,0
student,78,32,131,3,Unscaled,126,0.9618320610687023,201.74558963421651,0
student,78,32,131,3,Point_CHR,131,1.0,5372.500811117876,0
student,78,32,131,3,TSCP_R,130,0.9923664122137404,593.7213406945824,0
student,79,32,131,3,Empirical_copula,116,0.8854961832061069,150.06977999999998,0
student,79,32,131,3,Unscaled,115,0.8778625954198473,163.21891963167297,0
student,79,32,131,3,Point_CHR,116,0.8854961832061069,155.71630182278878,0
student,79,32,131,3,TSCP_R,125,0.9541984732824428,218.0467579127572,0
student,80,32,131,3,Empirical_copula,105,0.8015267175572519,74.03040000000001,0
student,80,32,131,3,Unscaled,115,0.8778625954198473,136.19342363268328,0
student,80,32,131,3,Point_CHR,131,1.0,4295.363146482785,0
student,80,32,131,3,TSCP_R,117,0.8931297709923665,175.29547193009833,0
student,81,32,131,3,Empirical_copula,126,0.9618320610687023,275.88567625,0
student,81,32,131,3,Unscaled,128,0.9770992366412213,306.8639436362295,0
student,81,32,131,3,Point_CHR,130,0.9923664122137404,690.3640321003539,0
student,81,32,131,3,TSCP_R,129,0.9847328244274809,437.88160132283934,0
student,82,32,131,3,Empirical_copula,118,0.9007633587786259,84.16388925000003,0
student,82,32,131,3,Unscaled,119,0.9083969465648855,92.03929087955468,0
student,82,32,131,3,Point_CHR,119,0.9083969465648855,151.40265810481208,0
student,82,32,131,3,TSCP_R,118,0.9007633587786259,89.90843724062687,0
student,83,32,131,3,Empirical_copula,101,0.7709923664122137,41.9699745,0
student,83,32,131,3,Unscaled,111,0.8473282442748091,73.56005900033608,0
student,83,32,131,3,Point_CHR,124,0.9465648854961832,456.64053356325235,0
student,83,32,131,3,TSCP_R,119,0.9083969465648855,115.07497264276724,0
student,84,32,131,3,Empirical_copula,122,0.9312977099236641,167.34159749999998,0
student,84,32,131,3,Unscaled,124,0.9465648854961832,171.41632887618593,0
student,84,32,131,3,Point_CHR,129,0.9847328244274809,407.3201106696251,0
student,84,32,131,3,TSCP_R,124,0.9465648854961832,203.04233151078327,0
student,85,32,131,3,Empirical_copula,109,0.8320610687022901,68.048184,0
student,85,32,131,3,Unscaled,113,0.8625954198473282,84.31576662894011,0
student,85,32,131,3,Point_CHR,130,0.9923664122137404,432.5051926130367,0
student,85,32,131,3,TSCP_R,115,0.8778625954198473,97.84791502732988,0
student,86,32,131,3,Empirical_copula,113,0.8625954198473282,61.625012625,0
student,86,32,131,3,Unscaled,123,0.9389312977099237,124.2514990052094,0
student,86,32,131,3,Point_CHR,130,0.9923664122137404,449.84806193462674,0
student,86,32,131,3,TSCP_R,123,0.9389312977099237,123.76391203085724,0
student,87,32,131,3,Empirical_copula,119,0.9083969465648855,70.16351999999999,0
student,87,32,131,3,Unscaled,119,0.9083969465648855,80.62156800024526,0
student,87,32,131,3,Point_CHR,124,0.9465648854961832,148.5827587148438,0
student,87,32,131,3,TSCP_R,121,0.9236641221374046,104.11391466440867,0
student,88,32,131,3,Empirical_copula,103,0.7862595419847328,41.871816,0
student,88,32,131,3,Unscaled,106,0.8091603053435115,47.43792800145769,0
student,88,32,131,3,Point_CHR,111,0.8473282442748091,106.70493226532638,0
student,88,32,131,3,TSCP_R,110,0.8396946564885496,79.24285193951224,0
student,89,32,131,3,Empirical_copula,109,0.8320610687022901,60.22507725000001,0
student,89,32,131,3,Unscaled,117,0.8931297709923665,82.59703888055111,0
student,89,32,131,3,Point_CHR,125,0.9541984732824428,302.5957328695749,0
student,89,32,131,3,TSCP_R,122,0.9312977099236641,137.85104838845248,0
student,90,32,131,3,Empirical_copula,126,0.9618320610687023,173.411745,0
student,90,32,131,3,Unscaled,130,0.9923664122137404,389.01700000102034,0
student,90,32,131,3,Point_CHR,131,1.0,911.1823426398216,0
student,90,32,131,3,TSCP_R,130,0.9923664122137404,771.697780590564,0
student,91,32,131,3,Empirical_copula,117,0.8931297709923665,91.02021875,0
student,91,32,131,3,Unscaled,119,0.9083969465648855,104.82022587811272,0
student,91,32,131,3,Point_CHR,126,0.9618320610687023,240.2279955878867,0
student,91,32,131,3,TSCP_R,122,0.9312977099236641,128.8721052671489,0
student,92,32,131,3,Empirical_copula,110,0.8396946564885496,52.3908,0
student,92,32,131,3,Unscaled,119,0.9083969465648855,73.56005900233535,0
student,92,32,131,3,Point_CHR,128,0.9770992366412213,352.5048138430755,0
student,92,32,131,3,TSCP_R,122,0.9312977099236641,98.77967998525543,0
student,93,32,131,3,Empirical_copula,120,0.916030534351145,118.03461250000002,0
student,93,32,131,3,Unscaled,123,0.9389312977099237,195.1120000097641,0
student,93,32,131,3,Point_CHR,120,0.916030534351145,114.37739131977935,0
student,93,32,131,3,TSCP_R,122,0.9312977099236641,167.8533150557158,0
student,94,32,131,3,Empirical_copula,119,0.9083969465648855,140.90862975,0
student,94,32,131,3,Unscaled,119,0.9083969465648855,124.25149900331232,0
student,94,32,131,3,Point_CHR,128,0.9770992366412213,492.41283534843404,0
student,94,32,131,3,TSCP_R,123,0.9389312977099237,214.36240002027264,0
student,95,32,131,3,Empirical_copula,117,0.8931297709923665,65.00123437500001,0
student,95,32,131,3,Unscaled,121,0.9236641221374046,83.74023437768,0
student,95,32,131,3,Point_CHR,126,0.9618320610687023,339.2690003026386,0
student,95,32,131,3,TSCP_R,118,0.9007633587786259,76.90396538729372,0
student,96,32,131,3,Empirical_copula,114,0.8702290076335878,68.45419349999997,0
student,96,32,131,3,Unscaled,113,0.8625954198473282,67.17097462719809,0
student,96,32,131,3,Point_CHR,122,0.9312977099236641,136.9157373365549,0
student,96,32,131,3,TSCP_R,114,0.8702290076335878,82.80373446504142,0
student,97,32,131,3,Empirical_copula,113,0.8625954198473282,82.11721125,0
student,97,32,131,3,Unscaled,120,0.916030534351145,131.87222900490954,0
student,97,32,131,3,Point_CHR,128,0.9770992366412213,574.4815392286786,0
student,97,32,131,3,TSCP_R,123,0.9389312977099237,170.20692610417822,0
student,98,32,131,3,Empirical_copula,115,0.8778625954198473,80.83439650000001,0
student,98,32,131,3,Unscaled,119,0.9083969465648855,94.50725387925154,0
student,98,32,131,3,Point_CHR,120,0.916030534351145,113.98946238476529,0
student,98,32,131,3,TSCP_R,123,0.9389312977099237,110.0253154121894,0
student,99,32,131,3,Empirical_copula,125,0.9541984732824428,318.80891900000006,0
student,99,32,131,3,Unscaled,129,0.9847328244274809,648.3376113764342,0
student,99,32,131,3,Point_CHR,131,1.0,4935.4216621838905,0
student,99,32,131,3,TSCP_R,130,0.9923664122137404,1244.107835165799,0
student,100,32,131,3,Empirical_copula,107,0.816793893129771,46.87650987500001,0
student,100,32,131,3,Unscaled,110,0.8396946564885496,55.08888512774356,0
student,100,32,131,3,Point_CHR,124,0.9465648854961832,176.0049603986238,0
student,100,32,131,3,TSCP_R,116,0.8854961832061069,71.78448954906705,0
student,101,32,131,3,Empirical_copula,114,0.8702290076335878,57.13188249999999,0
student,101,32,131,3,Unscaled,119,0.9083969465648855,90.51884900540162,0
student,101,32,131,3,Point_CHR,125,0.9541984732824428,152.8486525516848,0
student,101,32,131,3,TSCP_R,119,0.9083969465648855,87.38185074949182,0
student,102,32,131,3,Empirical_copula,112,0.8549618320610687,72.606515625,0
student,102,32,131,3,Unscaled,120,0.916030534351145,101.84756300421262,0
student,102,32,131,3,Point_CHR,123,0.9389312977099237,147.00087111544545,0
student,102,32,131,3,TSCP_R,121,0.9236641221374046,118.04547937042017,0
student,103,32,131,3,Empirical_copula,120,0.916030534351145,123.90507675000002,0
student,103,32,131,3,Unscaled,121,0.9236641221374046,161.43349613120273,0
student,103,32,131,3,Point_CHR,126,0.9618320610687023,404.96111010413466,0
student,103,32,131,3,TSCP_R,123,0.9389312977099237,189.59313164239046,0
student,104,32,131,3,Empirical_copula,108,0.8244274809160306,41.18974299999999,0
student,104,32,131,3,Unscaled,122,0.9312977099236641,165.92166238309022,0
student,104,32,131,3,Point_CHR,128,0.9770992366412213,497.0843274475759,0
student,104,32,131,3,TSCP_R,122,0.9312977099236641,191.0274827381461,0
student,105,32,131,3,Empirical_copula,109,0.8320610687022901,67.26808275,0
student,105,32,131,3,Unscaled,113,0.8625954198473282,77.03688137985101,0
student,105,32,131,3,Point_CHR,119,0.9083969465648855,116.34250153360163,0
student,105,32,131,3,TSCP_R,114,0.8702290076335878,87.46645927687217,0
student,106,32,131,3,Empirical_copula,117,0.8931297709923665,120.09026399999998,0
student,106,32,131,3,Unscaled,122,0.9312977099236641,179.40614400651828,0
student,106,32,131,3,Point_CHR,125,0.9541984732824428,420.2662993902271,0
student,106,32,131,3,TSCP_R,125,0.9541984732824428,227.58427907205143,0
student,107,32,131,3,Empirical_copula,103,0.7862595419847328,43.66027574999999,0
student,107,32,131,3,Unscaled,110,0.8396946564885496,50.8586276285358,0
student,107,32,131,3,Point_CHR,115,0.8778625954198473,67.4783688332714,0
student,107,32,131,3,TSCP_R,106,0.8091603053435115,47.93175078965316,0
student,108,32,131,3,Empirical_copula,95,0.7251908396946565,40.7012405,0
student,108,32,131,3,Unscaled,104,0.7938931297709924,55.742968002043185,0
student,108,32,131,3,Point_CHR,91,0.6946564885496184,33.55639340784486,0
student,108,32,131,3,TSCP_R,103,0.7862595419847328,51.7794653465865,0
student,109,32,131,3,Empirical_copula,128,0.9770992366412213,214.27144750000002,0
student,109,32,131,3,Unscaled,129,0.9847328244274809,275.2592376320402,0
student,109,32,131,3,Point_CHR,129,0.9847328244274809,342.40817446283273,0
student,109,32,131,3,TSCP_R,129,0.9847328244274809,301.1961139984138,0
student,110,32,131,3,Empirical_copula,122,0.9312977099236641,169.31135600000002,0
student,110,32,131,3,Unscaled,124,0.9465648854961832,237.1766590087491,0
student,110,32,131,3,Point_CHR,124,0.9465648854961832,427.21961894887835,0
student,110,32,131,3,TSCP_R,123,0.9389312977099237,397.79710021999244,0
student,111,32,131,3,Empirical_copula,111,0.8473282442748091,51.746027999999995,0
student,111,32,131,3,Unscaled,114,0.8702290076335878,61.86420887606636,0
student,111,32,131,3,Point_CHR,115,0.8778625954198473,92.61507175670943,0
student,111,32,131,3,TSCP_R,115,0.8778625954198473,70.5381277239198,0
student,112,32,131,3,Empirical_copula,104,0.7938931297709924,49.226311749999994,0
student,112,32,131,3,Unscaled,119,0.9083969465648855,91.73385100462586,0
student,112,32,131,3,Point_CHR,127,0.9694656488549618,553.9042465281454,0
student,112,32,131,3,TSCP_R,123,0.9389312977099237,132.5169097644266,0
student,113,32,131,3,Empirical_copula,105,0.8015267175572519,54.26399999999999,0
student,113,32,131,3,Unscaled,111,0.8473282442748091,67.91731200177048,0
student,113,32,131,3,Point_CHR,105,0.8015267175572519,57.313562472319774,0
student,113,32,131,3,TSCP_R,110,0.8396946564885496,66.52377848732982,0
student,114,32,131,3,Empirical_copula,123,0.9389312977099237,242.24320000000003,0
student,114,32,131,3,Unscaled,126,0.9618320610687023,379.5034240153419,0
student,114,32,131,3,Point_CHR,128,0.9770992366412213,900.7275540379469,0
student,114,32,131,3,TSCP_R,124,0.9465648854961832,346.88972913495417,0
student,115,32,131,3,Empirical_copula,102,0.7786259541984732,80.9875095,0
student,115,32,131,3,Unscaled,125,0.9541984732824428,236.02903200516036,0
student,115,32,131,3,Point_CHR,131,1.0,1178.5357313719012,0
student,115,32,131,3,TSCP_R,116,0.8854961832061069,142.80902107682982,0
student,116,32,131,3,Empirical_copula,115,0.8778625954198473,121.15716112500002,0
student,116,32,131,3,Unscaled,116,0.8854961832061069,138.99183200746015,0
student,116,32,131,3,Point_CHR,121,0.9236641221374046,223.5672592973044,0
student,116,32,131,3,TSCP_R,119,0.9083969465648855,164.6431999332771,0
student,117,32,131,3,Empirical_copula,125,0.9541984732824428,250.45256599999993,0
student,117,32,131,3,Unscaled,127,0.9694656488549618,220.34886400248695,0
student,117,32,131,3,Point_CHR,130,0.9923664122137404,529.5876436402872,0
student,117,32,131,3,TSCP_R,129,0.9847328244274809,343.19216862466703,0
student,118,32,131,3,Empirical_copula,116,0.8854961832061069,130.487994,0
student,118,32,131,3,Unscaled,117,0.8931297709923665,142.23664800622194,0
student,118,32,131,3,Point_CHR,125,0.9541984732824428,272.285184148709,0
student,118,32,131,3,TSCP_R,120,0.916030534351145,151.64830049814802,0
student,119,32,131,3,Empirical_copula,115,0.8778625954198473,99.939140875,0
student,119,32,131,3,Unscaled,127,0.9694656488549618,267.71257113525286,0
student,119,32,131,3,Point_CHR,128,0.9770992366412213,1332.424510507917,0
student,119,32,131,3,TSCP_R,125,0.9541984732824428,308.87251893169287,0
student,120,32,131,3,Empirical_copula,97,0.7404580152671756,37.72247625000002,0
student,120,32,131,3,Unscaled,119,0.9083969465648855,110.24675988139242,0
student,120,32,131,3,Point_CHR,125,0.9541984732824428,1422.228075814885,0
student,120,32,131,3,TSCP_R,122,0.9312977099236641,154.71126788606892,0
student,121,32,131,3,Empirical_copula,109,0.8320610687022901,94.58540325000004,0
student,121,32,131,3,Unscaled,110,0.8396946564885496,100.22063613126248,0
student,121,32,131,3,Point_CHR,110,0.8396946564885496,126.10258396013928,0
student,121,32,131,3,TSCP_R,113,0.8625954198473282,128.10992477045707,0
student,122,32,131,3,Empirical_copula,111,0.8473282442748091,113.36400000000002,0
student,122,32,131,3,Unscaled,126,0.9618320610687023,262.1440000055344,0
student,122,32,131,3,Point_CHR,126,0.9618320610687023,513.1459036637409,0
student,122,32,131,3,TSCP_R,124,0.9465648854961832,218.36518490021257,0
student,123,32,131,3,Empirical_copula,114,0.8702290076335878,77.70945600000003,0
student,123,32,131,3,Unscaled,117,0.8931297709923665,87.82442112766964,0
student,123,32,131,3,Point_CHR,116,0.8854961832061069,95.50510923176857,0
student,123,32,131,3,TSCP_R,118,0.9007633587786259,106.07337378468806,0
student,124,32,131,3,Empirical_copula,105,0.8015267175572519,53.180867875000004,0
student,124,32,131,3,Unscaled,109,0.8320610687022901,69.93452800229348,0
student,124,32,131,3,Point_CHR,116,0.8854961832061069,125.90069545875399,0
student,124,32,131,3,TSCP_R,110,0.8396946564885496,78.55253727621121,0
student,125,32,131,3,Empirical_copula,114,0.8702290076335878,87.50758537499999,0
student,125,32,131,3,Unscaled,122,0.9312977099236641,113.02888287544761,0
student,125,32,131,3,Point_CHR,117,0.8931297709923665,211.67939499299655,0
student,125,32,131,3,TSCP_R,117,0.8931297709923665,149.19377570381343,0
student,126,32,131,3,Empirical_copula,93,0.7099236641221374,28.883939999999992,0
student,126,32,131,3,Unscaled,106,0.8091603053435115,44.36186400016465,0
student,126,32,131,3,Point_CHR,120,0.916030534351145,138.72951689380912,0
student,126,32,131,3,TSCP_R,109,0.8320610687022901,52.596649722386765,0
student,127,32,131,3,Empirical_copula,115,0.8778625954198473,102.4309,0
student,127,32,131,3,Unscaled,123,0.9389312977099237,168.19660800784854,0
student,127,32,131,3,Point_CHR,112,0.8549618320610687,81.83106663907502,0
student,127,32,131,3,TSCP_R,124,0.9465648854961832,178.9994938760371,0
student,128,32,131,3,Empirical_copula,125,0.9541984732824428,336.2363095,0
student,128,32,131,3,Unscaled,126,0.9618320610687023,451.2176630157623,0
student,128,32,131,3,Point_CHR,126,0.9618320610687023,1094.1746750896173,0
student,128,32,131,3,TSCP_R,126,0.9618320610687023,641.7748166378357,0
student,129,32,131,3,Empirical_copula,120,0.916030534351145,176.0793935,0
student,129,32,131,3,Unscaled,121,0.9236641221374046,202.7792968795444,0
student,129,32,131,3,Point_CHR,126,0.9618320610687023,687.9466552661486,0
student,129,32,131,3,TSCP_R,121,0.9236641221374046,215.62512157089571,0
student,130,32,131,3,Empirical_copula,103,0.7862595419847328,52.60584150000002,0
student,130,32,131,3,Unscaled,114,0.8702290076335878,78.9535890003523,0
student,130,32,131,3,Point_CHR,119,0.9083969465648855,147.57578882701125,0
student,130,32,131,3,TSCP_R,114,0.8702290076335878,85.38656019660161,0
student,131,32,131,3,Empirical_copula,116,0.8854961832061069,100.48402000000002,0
student,131,32,131,3,Unscaled,121,0.9236641221374046,122.02393600475212,0
student,131,32,131,3,Point_CHR,119,0.9083969465648855,199.88818463846877,0
student,131,32,131,3,TSCP_R,127,0.9694656488549618,236.78285935422247,0
student,132,32,131,3,Empirical_copula,108,0.8244274809160306,61.19572249999998,0
student,132,32,131,3,Unscaled,115,0.8778625954198473,80.90182812811214,0
student,132,32,131,3,Point_CHR,126,0.9618320610687023,323.19175749164117,0
student,132,32,131,3,TSCP_R,113,0.8625954198473282,78.91617551528914,0
student,133,32,131,3,Empirical_copula,118,0.9007633587786259,141.07479750000005,0
student,133,32,131,3,Unscaled,123,0.9389312977099237,194.1045390044595,0
student,133,32,131,3,Point_CHR,125,0.9541984732824428,393.36811972471634,0
student,133,32,131,3,TSCP_R,121,0.9236641221374046,218.64695959348336,0
student,134,32,131,3,Empirical_copula,125,0.9541984732824428,152.66866999999996,0
student,134,32,131,3,Unscaled,126,0.9618320610687023,153.1303750003761,0
student,134,32,131,3,Point_CHR,127,0.9694656488549618,384.29724578481404,0
student,134,32,131,3,TSCP_R,127,0.9694656488549618,242.71123764478858,0
student,135,32,131,3,Empirical_copula,113,0.8625954198473282,84.51934725,0
student,135,32,131,3,Unscaled,121,0.9236641221374046,142.64576563071157,0
student,135,32,131,3,Point_CHR,125,0.9541984732824428,371.2193301418782,0
student,135,32,131,3,TSCP_R,123,0.9389312977099237,162.1144551869298,0
student,136,32,131,3,Empirical_copula,116,0.8854961832061069,105.28076625000001,0
student,136,32,131,3,Unscaled,117,0.8931297709923665,119.82315700599915,0
student,136,32,131,3,Point_CHR,122,0.9312977099236641,256.34510393501415,0
student,136,32,131,3,TSCP_R,117,0.8931297709923665,128.39981413373124,0
student,137,32,131,3,Empirical_copula,115,0.8778625954198473,81.669384,0
student,137,32,131,3,Unscaled,120,0.916030534351145,147.19795200746955,0
student,137,32,131,3,Point_CHR,122,0.9312977099236641,243.69089272753664,0
student,137,32,131,3,TSCP_R,119,0.9083969465648855,206.09772575114044,0
student,138,32,131,3,Empirical_copula,112,0.8549618320610687,115.87746599999997,0
student,138,32,131,3,Unscaled,119,0.9083969465648855,152.27330400792812,0
student,138,32,131,3,Point_CHR,126,0.9618320610687023,384.96014296434447,0
student,138,32,131,3,TSCP_R,118,0.9007633587786259,165.2931948634278,0
student,139,32,131,3,Empirical_copula,117,0.8931297709923665,98.406807,0
student,139,32,131,3,Unscaled,121,0.9236641221374046,140.20278987624917,0
student,139,32,131,3,Point_CHR,128,0.9770992366412213,412.6074226404059,0
student,139,32,131,3,TSCP_R,123,0.9389312977099237,180.99519342834938,0
student,140,32,131,3,Empirical_copula,129,0.9847328244274809,261.9130312500001,0
student,140,32,131,3,Unscaled,128,0.9770992366412213,196.12294100983013,0
student,140,32,131,3,Point_CHR,131,1.0,1235.458848989298,0
student,140,32,131,3,TSCP_R,129,0.9847328244274809,363.8065731792696,0
student,141,32,131,3,Empirical_copula,105,0.8015267175572519,63.00009625,0
student,141,32,131,3,Unscaled,119,0.9083969465648855,88.12112500091652,0
student,141,32,131,3,Point_CHR,114,0.8702290076335878,117.77484699123815,0
student,141,32,131,3,TSCP_R,117,0.8931297709923665,116.06579477332329,0
student,142,32,131,3,Empirical_copula,100,0.7633587786259542,50.18808150000002,0
student,142,32,131,3,Unscaled,111,0.8473282442748091,70.95794400228002,0
student,142,32,131,3,Point_CHR,99,0.7557251908396947,37.34208607168227,0
student,142,32,131,3,TSCP_R,108,0.8244274809160306,63.30182116752036,0
student,143,32,131,3,Empirical_copula,123,0.9389312977099237,180.938532,0
student,143,32,131,3,Unscaled,123,0.9389312977099237,208.5278570072057,0
student,143,32,131,3,Point_CHR,129,0.9847328244274809,689.976793412637,0
student,143,32,131,3,TSCP_R,126,0.9618320610687023,269.37651521667635,0
student,144,32,131,3,Empirical_copula,123,0.9389312977099237,215.42766199999997,0
student,144,32,131,3,Unscaled,129,0.9847328244274809,490.2358791332705,0
student,144,32,131,3,Point_CHR,131,1.0,1395.3771195246,0
student,144,32,131,3,TSCP_R,129,0.9847328244274809,494.3895926384861,0
student,145,32,131,3,Empirical_copula,85,0.648854961832061,34.2521865,0
student,145,32,131,3,Unscaled,108,0.8244274809160306,68.4179290011404,0
student,145,32,131,3,Point_CHR,123,0.9389312977099237,291.21982570229125,0
student,145,32,131,3,TSCP_R,109,0.8320610687022901,94.08554638554337,0
student,146,32,131,3,Empirical_copula,106,0.8091603053435115,80.13595799999997,0
student,146,32,131,3,Unscaled,124,0.9465648854961832,167.739965879046,0
student,146,32,131,3,Point_CHR,125,0.9541984732824428,204.03972788733907,0
student,146,32,131,3,TSCP_R,123,0.9389312977099237,159.58496905147283,0
student,147,32,131,3,Empirical_copula,112,0.8549618320610687,67.44115950000004,0
student,147,32,131,3,Unscaled,117,0.8931297709923665,102.83211912923976,0
student,147,32,131,3,Point_CHR,121,0.9236641221374046,161.34289473265295,0
student,147,32,131,3,TSCP_R,120,0.916030534351145,131.59988361233974,0
student,148,32,131,3,Empirical_copula,101,0.7709923664122137,52.35921000000002,0
student,148,32,131,3,Unscaled,108,0.8244274809160306,66.4301250031083,0
student,148,32,131,3,Point_CHR,108,0.8244274809160306,71.60523310663174,0
student,148,32,131,3,TSCP_R,114,0.8702290076335878,85.32835898002699,0
student,149,32,131,3,Empirical_copula,99,0.7557251908396947,45.37134299999999,0
student,149,32,131,3,Unscaled,117,0.8931297709923665,86.64426562961752,0
student,149,32,131,3,Point_CHR,123,0.9389312977099237,171.23074619476816,0
student,149,32,131,3,TSCP_R,120,0.916030534351145,107.57673713849441,0
student,150,32,131,3,Empirical_copula,115,0.8778625954198473,99.452327,0
student,150,32,131,3,Unscaled,116,0.8854961832061069,127.64341788241995,0
student,150,32,131,3,Point_CHR,127,0.9694656488549618,314.5356939854008,0
student,150,32,131,3,TSCP_R,116,0.8854961832061069,140.4824271355592,0
student,151,32,131,3,Empirical_copula,113,0.8625954198473282,114.38653575000001,0
student,151,32,131,3,Unscaled,122,0.9312977099236641,191.6010721346466,0
student,151,32,131,3,Point_CHR,118,0.9007633587786259,144.83621379574646,0
student,151,32,131,3,TSCP_R,122,0.9312977099236641,216.72637840450486,0
student,152,32,131,3,Empirical_copula,123,0.9389312977099237,171.908661375,0
student,152,32,131,3,Unscaled,121,0.9236641221374046,155.7208720066093,0
student,152,32,131,3,Point_CHR,129,0.9847328244274809,1082.0130445773138,0
student,152,32,131,3,TSCP_R,123,0.9389312977099237,171.92667391060448,0
student,153,32,131,3,Empirical_copula,100,0.7633587786259542,54.81144375000001,0
student,153,32,131,3,Unscaled,105,0.8015267175572519,67.17097462723271,0
student,153,32,131,3,Point_CHR,131,1.0,3163.6164094975265,0
student,153,32,131,3,TSCP_R,108,0.8244274809160306,114.84343711555853,0
student,154,32,131,3,Empirical_copula,120,0.916030534351145,121.63992749999998,0
student,154,32,131,3,Unscaled,125,0.9541984732824428,162.77133600680725,0
student,154,32,131,3,Point_CHR,121,0.9236641221374046,285.7311870421517,0
student,154,32,131,3,TSCP_R,124,0.9465648854961832,214.68543142800692,0
student,155,32,131,3,Empirical_copula,101,0.7709923664122137,44.5490625,0
student,155,32,131,3,Unscaled,114,0.8702290076335878,98.61112800526843,0
student,155,32,131,3,Point_CHR,111,0.8473282442748091,143.1128729396577,0
student,155,32,131,3,TSCP_R,108,0.8244274809160306,61.24105618464559,0
student,156,32,131,3,Empirical_copula,95,0.7251908396946565,43.97495499999999,0
student,156,32,131,3,Unscaled,104,0.7938931297709924,61.62987500367938,0
student,156,32,131,3,Point_CHR,116,0.8854961832061069,130.54748078089733,0
student,156,32,131,3,TSCP_R,109,0.8320610687022901,68.96443097261925,0
student,157,32,131,3,Empirical_copula,123,0.9389312977099237,180.851490625,0
student,157,32,131,3,Unscaled,122,0.9312977099236641,139.39470662535334,0
student,157,32,131,3,Point_CHR,130,0.9923664122137404,1078.7356779655454,0
student,157,32,131,3,TSCP_R,125,0.9541984732824428,251.97642697179785,0
student,158,32,131,3,Empirical_copula,110,0.8396946564885496,61.74678125000001,0
student,158,32,131,3,Unscaled,113,0.8625954198473282,83.74023438060219,0
student,158,32,131,3,Point_CHR,123,0.9389312977099237,247.66789600625148,0
student,158,32,131,3,TSCP_R,113,0.8625954198473282,82.9885928528168,0
student,159,32,131,3,Empirical_copula,108,0.8244274809160306,87.11424,0
student,159,32,131,3,Unscaled,114,0.8702290076335878,94.81881600039813,0
student,159,32,131,3,Point_CHR,115,0.8778625954198473,423.6655060356188,0
student,159,32,131,3,TSCP_R,113,0.8625954198473282,124.34390987291174,0
student,160,32,131,3,Empirical_copula,115,0.8778625954198473,84.34473749999998,0
student,160,32,131,3,Unscaled,120,0.916030534351145,138.58973437623962,0
student,160,32,131,3,Point_CHR,127,0.9694656488549618,455.83219515862453,0
student,160,32,131,3,TSCP_R,121,0.9236641221374046,168.97323417462425,0
student,161,32,131,3,Empirical_copula,123,0.9389312977099237,139.46845000000002,0
student,161,32,131,3,Unscaled,128,0.9770992366412213,213.3112343823155,0
student,161,32,131,3,Point_CHR,131,1.0,1242.0861615355852,0
student,161,32,131,3,TSCP_R,130,0.9923664122137404,541.9967200468071,0
student,162,32,131,3,Empirical_copula,102,0.7786259541984732,50.18098312500001,0
student,162,32,131,3,Unscaled,118,0.9007633587786259,135.7967440054137,0
student,162,32,131,3,Point_CHR,130,0.9923664122137404,1496.9458959026338,0
student,162,32,131,3,TSCP_R,119,0.9083969465648855,157.547354739304,0
student,163,32,131,3,Empirical_copula,116,0.8854961832061069,111.71529599999998,0
student,163,32,131,3,Unscaled,120,0.916030534351145,143.46635287870285,0
student,163,32,131,3,Point_CHR,127,0.9694656488549618,354.73763852366636,0
student,163,32,131,3,TSCP_R,123,0.9389312977099237,180.6643540501313,0
student,164,32,131,3,Empirical_copula,112,0.8549618320610687,81.2299125,0
student,164,32,131,3,Unscaled,118,0.9007633587786259,136.98909888238828,0
student,164,32,131,3,Point_CHR,128,0.9770992366412213,875.4473955782317,0
student,164,32,131,3,TSCP_R,113,0.8625954198473282,104.22397581589556,0
student,165,32,131,3,Empirical_copula,119,0.9083969465648855,105.51617999999996,0
student,165,32,131,3,Unscaled,121,0.9236641221374046,122.39333213005136,0
student,165,32,131,3,Point_CHR,131,1.0,3541.702518567909,0
student,165,32,131,3,TSCP_R,126,0.9618320610687023,245.88832924294059,0
student,166,32,131,3,Empirical_copula,127,0.9694656488549618,171.28217625000002,0
student,166,32,131,3,Unscaled,127,0.9694656488549618,191.10297600043597,0
student,166,32,131,3,Point_CHR,124,0.9465648854961832,118.63621455463357,0
student,166,32,131,3,TSCP_R,128,0.9770992366412213,226.76632012991664,0
student,167,32,131,3,Empirical_copula,111,0.8473282442748091,62.193297249999986,0
student,167,32,131,3,Unscaled,113,0.8625954198473282,63.28269662520871,0
student,167,32,131,3,Point_CHR,112,0.8549618320610687,108.3919367832706,0
student,167,32,131,3,TSCP_R,113,0.8625954198473282,75.53400734320827,0
student,168,32,131,3,Empirical_copula,96,0.732824427480916,48.73722987500001,0
student,168,32,131,3,Unscaled,118,0.9007633587786259,91.42908763089075,0
student,168,32,131,3,Point_CHR,122,0.9312977099236641,113.75574475129905,0
student,168,32,131,3,TSCP_R,114,0.8702290076335878,74.06882430425486,0
student,169,32,131,3,Empirical_copula,123,0.9389312977099237,203.3954175,0
student,169,32,131,3,Unscaled,130,0.9923664122137404,400.31555300370275,0
student,169,32,131,3,Point_CHR,130,0.9923664122137404,915.8177403071802,0
student,169,32,131,3,TSCP_R,130,0.9923664122137404,533.906796392281,0
student,170,32,131,3,Empirical_copula,106,0.8091603053435115,50.777351999999986,0
student,170,32,131,3,Unscaled,114,0.8702290076335878,66.4301250031083,0
student,170,32,131,3,Point_CHR,125,0.9541984732824428,242.08501721538968,0
student,170,32,131,3,TSCP_R,111,0.8473282442748091,52.84959112779494,0
student,171,32,131,3,Empirical_copula,125,0.9541984732824428,341.648047,0
student,171,32,131,3,Unscaled,128,0.9770992366412213,397.0653750113021,0
student,171,32,131,3,Point_CHR,126,0.9618320610687023,533.95652384512,0
student,171,32,131,3,TSCP_R,128,0.9770992366412213,439.8043243045175,0
student,172,32,131,3,Empirical_copula,113,0.8625954198473282,54.757106249999985,0
student,172,32,131,3,Unscaled,115,0.8778625954198473,76.76562500370125,0
student,172,32,131,3,Point_CHR,123,0.9389312977099237,186.41726756062067,0
student,172,32,131,3,TSCP_R,115,0.8778625954198473,73.08227735787672,0
student,173,32,131,3,Empirical_copula,106,0.8091603053435115,53.44667999999999,0
student,173,32,131,3,Unscaled,112,0.8549618320610687,74.08800000516294,0
student,173,32,131,3,Point_CHR,123,0.9389312977099237,272.0214854573439,0
student,173,32,131,3,TSCP_R,115,0.8778625954198473,83.33480631016138,0
student,174,32,131,3,Empirical_copula,112,0.8549618320610687,57.18358399999998,0
student,174,32,131,3,Unscaled,117,0.8931297709923665,96.38690162988115,0
student,174,32,131,3,Point_CHR,121,0.9236641221374046,223.15881073929813,0
student,174,32,131,3,TSCP_R,118,0.9007633587786259,137.63372472915725,0
student,175,32,131,3,Empirical_copula,116,0.8854961832061069,92.67004799999997,0
student,175,32,131,3,Unscaled,118,0.9007633587786259,105.15404800652063,0
student,175,32,131,3,Point_CHR,116,0.8854961832061069,80.98128996203424,0
student,175,32,131,3,TSCP_R,118,0.9007633587786259,97.25384618794693,0
student,176,32,131,3,Empirical_copula,109,0.8320610687022901,56.13053624999998,0
student,176,32,131,3,Unscaled,116,0.8854961832061069,87.52838400055693,0
student,176,32,131,3,Point_CHR,128,0.9770992366412213,421.4167977588879,0
student,176,32,131,3,TSCP_R,120,0.916030534351145,110.96279213702799,0
student,177,32,131,3,Empirical_copula,110,0.8396946564885496,58.984730000000006,0
student,177,32,131,3,Unscaled,121,0.9236641221374046,130.32384300098795,0
student,177,32,131,3,Point_CHR,123,0.9389312977099237,187.42070167350718,0
student,177,32,131,3,TSCP_R,123,0.9389312977099237,136.7740413886319,0
student,178,32,131,3,Empirical_copula,123,0.9389312977099237,186.69674550000005,0
student,178,32,131,3,Unscaled,128,0.9770992366412213,269.5861360046423,0
student,178,32,131,3,Point_CHR,130,0.9923664122137404,1793.0782515071505,0
student,178,32,131,3,TSCP_R,129,0.9847328244274809,351.5862974206677,0
student,179,32,131,3,Empirical_copula,118,0.9007633587786259,163.97148,0
student,179,32,131,3,Unscaled,125,0.9541984732824428,292.7549440030058,0
student,179,32,131,3,Point_CHR,128,0.9770992366412213,777.2090701870452,0
student,179,32,131,3,TSCP_R,128,0.9770992366412213,681.9726066432517,0
student,180,32,131,3,Empirical_copula,114,0.8702290076335878,107.02817999999998,0
student,180,32,131,3,Unscaled,115,0.8778625954198473,131.4839891293021,0
student,180,32,131,3,Point_CHR,120,0.916030534351145,198.09686043563119,0
student,180,32,131,3,TSCP_R,118,0.9007633587786259,163.56500722982022,0
student,181,32,131,3,Empirical_copula,104,0.7938931297709924,47.40720075,0
student,181,32,131,3,Unscaled,116,0.8854961832061069,68.66915737874673,0
student,181,32,131,3,Point_CHR,130,0.9923664122137404,947.2807261223785,0
student,181,32,131,3,TSCP_R,123,0.9389312977099237,168.35350025987893,0
student,182,32,131,3,Empirical_copula,109,0.8320610687022901,64.86480125000003,0
student,182,32,131,3,Unscaled,119,0.9083969465648855,86.6442656298331,0
student,182,32,131,3,Point_CHR,126,0.9618320610687023,186.7521883688573,0
student,182,32,131,3,TSCP_R,119,0.9083969465648855,98.53786837007478,0
student,183,32,131,3,Empirical_copula,127,0.9694656488549618,381.4296950000001,0
student,183,32,131,3,Unscaled,131,1.0,1295.0290000318334,0
student,183,32,131,3,Point_CHR,131,1.0,2701.00803433133,0
student,183,32,131,3,TSCP_R,131,1.0,1281.6759032769335,0
student,184,32,131,3,Empirical_copula,122,0.9312977099236641,150.91131749999997,0
student,184,32,131,3,Unscaled,123,0.9389312977099237,169.57150538320852,0
student,184,32,131,3,Point_CHR,125,0.9541984732824428,237.50762489137009,0
student,184,32,131,3,TSCP_R,126,0.9618320610687023,219.2076534478454,0
student,185,32,131,3,Empirical_copula,90,0.6870229007633588,31.6392565,0
student,185,32,131,3,Unscaled,94,0.7175572519083969,38.78609162766043,0
student,185,32,131,3,Point_CHR,127,0.9694656488549618,451.04691344472843,0
student,185,32,131,3,TSCP_R,100,0.7633587786259542,57.04789609481117,0
student,186,32,131,3,Empirical_copula,110,0.8396946564885496,49.124717249999996,0
student,186,32,131,3,Unscaled,112,0.8549618320610687,60.0060858794634,0
student,186,32,131,3,Point_CHR,113,0.8625954198473282,71.54670991440175,0
student,186,32,131,3,TSCP_R,113,0.8625954198473282,69.55747470507461,0
student,187,32,131,3,Empirical_copula,91,0.6946564885496184,43.61628375,0
student,187,32,131,3,Unscaled,104,0.7938931297709924,55.962140628632596,0
student,187,32,131,3,Point_CHR,126,0.9618320610687023,321.98337125304755,0
student,187,32,131,3,TSCP_R,107,0.816793893129771,56.78219396033077,0
student,188,32,131,3,Empirical_copula,123,0.9389312977099237,102.76289999999997,0
student,188,32,131,3,Unscaled,125,0.9541984732824428,127.26352700048433,0
student,188,32,131,3,Point_CHR,127,0.9694656488549618,275.07500028668534,0
student,188,32,131,3,TSCP_R,126,0.9618320610687023,160.1186440943331,0
student,189,32,131,3,Empirical_copula,118,0.9007633587786259,92.56201875000001,0
student,189,32,131,3,Unscaled,127,0.9694656488549618,150.56876800470886,0
student,189,32,131,3,Point_CHR,120,0.916030534351145,310.9025691105771,0
student,189,32,131,3,TSCP_R,119,0.9083969465648855,150.1507034205788,0
student,190,32,131,3,Empirical_copula,116,0.8854961832061069,120.21247999999999,0
student,190,32,131,3,Unscaled,119,0.9083969465648855,137.38809600034992,0
student,190,32,131,3,Point_CHR,116,0.8854961832061069,131.6798728845622,0
student,190,32,131,3,TSCP_R,120,0.916030534351145,165.98762336519647,0
student,191,32,131,3,Empirical_copula,114,0.8702290076335878,104.26751400000003,0
student,191,32,131,3,Unscaled,123,0.9389312977099237,137.38809600075226,0
student,191,32,131,3,Point_CHR,122,0.9312977099236641,169.2871343918016,0
student,191,32,131,3,TSCP_R,122,0.9312977099236641,139.39974325529604,0
student,192,32,131,3,Empirical_copula,89,0.6793893129770993,37.22646600000001,0
student,192,32,131,3,Unscaled,116,0.8854961832061069,70.95794400351215,0
student,192,32,131,3,Point_CHR,124,0.9465648854961832,164.26766517975184,0
student,192,32,131,3,TSCP_R,114,0.8702290076335878,70.27328902364995,0
student,193,32,131,3,Empirical_copula,115,0.8778625954198473,112.28645399999998,0
student,193,32,131,3,Unscaled,126,0.9618320610687023,200.71540137956026,0
student,193,32,131,3,Point_CHR,115,0.8778625954198473,124.98015085663262,0
student,193,32,131,3,TSCP_R,129,0.9847328244274809,415.1502868966819,0
student,194,32,131,3,Empirical_copula,114,0.8702290076335878,107.93352624999999,0
student,194,32,131,3,Unscaled,117,0.8931297709923665,117.28921738094922,0
student,194,32,131,3,Point_CHR,125,0.9541984732824428,362.35275662699837,0
student,194,32,131,3,TSCP_R,116,0.8854961832061069,163.02260185950772,0
student,195,32,131,3,Empirical_copula,108,0.8244274809160306,97.41229850000002,0
student,195,32,131,3,Unscaled,129,0.9847328244274809,196.62971838153152,0
student,195,32,131,3,Point_CHR,131,1.0,1708.3115470403566,0
student,195,32,131,3,TSCP_R,129,0.9847328244274809,343.8412321304132,0
student,196,32,131,3,Empirical_copula,112,0.8549618320610687,89.52120937500001,0
student,196,32,131,3,Unscaled,110,0.8396946564885496,82.0293636286467,0
student,196,32,131,3,Point_CHR,118,0.9007633587786259,195.66753738668237,0
student,196,32,131,3,TSCP_R,117,0.8931297709923665,121.40305678033343,0
student,197,32,131,3,Empirical_copula,119,0.9083969465648855,114.43211249999999,0
student,197,32,131,3,Unscaled,126,0.9618320610687023,168.19660800752095,0
student,197,32,131,3,Point_CHR,130,0.9923664122137404,691.4684801122166,0
student,197,32,131,3,TSCP_R,126,0.9618320610687023,174.93165256316598,0
student,198,32,131,3,Empirical_copula,124,0.9465648854961832,265.71257212500007,0
student,198,32,131,3,Unscaled,124,0.9465648854961832,163.66732300404286,0
student,198,32,131,3,Point_CHR,129,0.9847328244274809,1189.2210036425736,0
student,198,32,131,3,TSCP_R,125,0.9541984732824428,283.4852547104402,0
student,199,32,131,3,Empirical_copula,113,0.8625954198473282,84.28252199999999,0
student,199,32,131,3,Unscaled,113,0.8625954198473282,91.42908762953455,0
student,199,32,131,3,Point_CHR,129,0.9847328244274809,1288.888309608511,0
student,199,32,131,3,TSCP_R,116,0.8854961832061069,157.4402429246946,0
