,alpha,n_dim,n_cals,n_trials,test_coverage_avg,test_coverage_1std,coverage_vol_avg,coverage_vol_1std,coverage_max_length_median,runtime_avg,runtime_1std
0,0.1,2,30,100,0.9140799999999999,0.04619932222162327,35.39092594692023,8.959822369111015,8.261914762508248,0.1296043300628662,0.0010555900964171736
1,0.1,2,50,100,0.9029,0.04417264110535188,32.67683069629622,6.220297872894082,8.121866722188393,0.35430599927902223,0.0070288605735751705
2,0.1,2,100,100,0.9095399999999999,0.03125632703626547,32.52589296936237,4.836181612420253,8.08426232132296,1.4314770460128785,0.01458680906379555
3,0.1,2,300,100,0.9031200000000001,0.02034514311782664,30.926999785232418,2.5436149516889994,7.896808888353576,14.390744116306305,0.08071371867218392
