,alpha,n_dim,n_cals,n_trials,test_coverage_avg,test_coverage_1std,coverage_vol_avg,coverage_vol_1std,coverage_max_length_median,runtime_avg,runtime_1std
0,0.1,2,30,100,0.9177200000000001,0.041205099223520884,1.5557246620381202,0.10117268907853429,250.14145221486967,0.07161683559417725,0.00420941706978002
1,0.1,2,50,100,0.9076000000000001,0.03935233234010483,1.5204843427510715,0.08144216810503321,406.50581068789035,0.19758935451507567,0.007255524643533325
2,0.1,2,100,100,0.907,0.029604122017111753,1.5085232975253435,0.06378553967080278,788.5146863376493,0.864787311553955,0.06556436320766908
3,0.1,2,300,100,0.9000200000000003,0.01812525443917544,1.4887588286995368,0.03542229825620188,2257.1316867704604,9.58525248527527,0.14534782844248756
4,0.1,2,500,100,0.8997399999999999,0.013697024671383388,1.4869787685722669,0.02552758565632763,3752.8107083461973,32.5039866900444,0.6654397939741079
