,Methods,cal_size,test_size,test_coverage_avg,test_coverage_1std,coverage_vol,coverage_vol_1std,coverage_vol_log,coverage_vol_log_1std,runtime_avg
0,Scaled (Shortcut),"(347, 4)","(1389, 4)",0.9036213102951764,0.01727353847584212,19859.492943173835,6062.345282674251,4.27855630468906,0.13009733116261174,0.001540536880493164
1,Scaled (Data Splitting),"(347, 4)","(1389, 4)",0.9020950323974083,0.02268818876877738,20672.847233143482,9663.376831008281,4.278593962909183,0.1726698224635231,0.0005759358406066895
2,Standardized (Shortcut),"(347, 4)","(1389, 4)",0.9036141108711303,0.017499037258636763,18818.12129461748,5402.818592180914,4.257168861056905,0.12367043174423477,0.0011677336692810058
3,Standardized (Data Splitting),"(347, 4)","(1389, 4)",0.9022030237580995,0.02302814250651343,19727.734792321502,8841.164102073722,4.259476181425644,0.17096333552513715,0.00046273469924926756
4,Point CHR,"(347, 4)","(1389, 4)",0.8970122390208783,0.022885107381095185,17310.484272832055,7205.892397958978,4.2084548900257435,0.15697529308093702,0.00038518071174621583
5,Empirical copula,"(347, 4)","(1389, 4)",0.8968898488120949,0.0179395162663865,16537.57064317455,4345.832843558691,4.204073054097737,0.11204795635874021,0.011404610872268676
6,Unscaled,"(347, 4)","(1389, 4)",0.9019258459323254,0.018891557038220264,73953351.54966947,28626817.292486202,7.839931196083528,0.15842563664434312,6.99925422668457e-05
7,Bonferroni,"(347, 4)","(1389, 4)",0.92508279337653,0.015444356877347068,28619.5600366708,9530.853443694377,4.436267818580905,0.12987842990918444,5.0102472305297854e-05
