,Methods,cal_size,test_size,test_coverage_avg,test_coverage_1std,coverage_vol,coverage_vol_1std,runtime_avg
0,Scaling-based (F),"(694, 4)","(1389, 4)",0.9014110871130309,0.01380044557365851,16612.776256715464,4306.350737845959,0.013299300670623779
1,Point CHR,"(694, 4)","(1389, 4)",0.9032433405327573,0.017458853758741844,15757.033206672286,4898.990334269929,0.0007024824619293213
2,Splitting baseline,"(694, 4)","(1389, 4)",0.9021526277897769,0.01668804740110262,17324.625714323964,5353.7681656908835,0.0009277784824371338
3,Unscaled,"(694, 4)","(1389, 4)",0.9016882649388048,0.013229818849279252,56999871.61492157,13280589.556424048,8.475780487060547e-05
4,Empirical copula,"(694, 4)","(1389, 4)",0.8979301655867531,0.014565467384105848,14145.771008505559,3220.5831046682397,0.09110715746879577
