,Methods,cal_size,test_size,test_coverage_avg,test_coverage_1std,coverage_vol,coverage_vol_1std,coverage_vol_log,coverage_vol_log_1std,runtime_avg
0,Scaled (Shortcut),"(95, 18)","(381, 18)",0.9067585301837271,0.03761497407649434,1.3850087168217037e+61,1.3232191263878238e+62,52.657196444812634,3.1124527567150264,0.004331513643264771
1,Scaled (Data Splitting),"(95, 18)","(381, 18)",0.9166535433070868,0.04562900639192087,7.593735572391968e+63,1.0725990249910136e+65,53.41348803715416,3.264920727243418,0.0005161499977111816
2,Standardized (Shortcut),"(95, 18)","(381, 18)",0.9077427821522309,0.03702765736416741,5.7975132600554115e+60,5.696218673392647e+61,52.21782099008273,3.0030240557448913,0.004822014570236206
3,Standardized (Data Splitting),"(95, 18)","(381, 18)",0.9166797900262469,0.04506216912581773,3.544755259659029e+63,5.011056336250194e+64,53.10478044796023,3.25603776806491,0.0005324149131774903
4,Point CHR,"(95, 18)","(381, 18)",0.8945538057742783,0.051405547084938795,1.3293198271916834e+56,1.8142201936892916e+57,50.46093857985079,2.6067189207630883,0.0003633570671081543
5,Empirical copula,"(95, 18)","(381, 18)",0.862992125984252,0.04564759204895294,3.862094292344761e+54,2.8109233166794904e+55,50.68010474527289,2.2743033140279563,0.0038054049015045165
6,Unscaled,"(95, 18)","(381, 18)",0.9085170603674542,0.03762827946911869,3.4724717538327825e+65,2.679231265450131e+66,63.24249415758524,1.512976047466831,3.502130508422851e-05
7,Bonferroni,"(95, 18)","(381, 18)",1.0,0.0,inf,,inf,,7.496476173400879e-05
