,Methods,cal_size,test_size,test_coverage_avg,test_coverage_1std,coverage_vol,coverage_vol_1std,runtime_avg
0,Scaling-based (F),"(190, 18)","(381, 18)",0.9016666666666667,0.02676376142507831,1.0126681631672445e+58,8.007080325607589e+58,0.07185163378715514
1,Point CHR,"(190, 18)","(381, 18)",0.9131233595800525,0.030766600251663525,2.8712610962174185e+54,2.5046443844445436e+55,0.000757511854171753
2,Splitting baseline,"(190, 18)","(381, 18)",0.909750656167979,0.0339948771844735,2.5151089934117548e+61,3.441946589567938e+62,0.0008706593513488769
3,Unscaled,"(190, 18)","(381, 18)",0.9018110236220472,0.025812080700351507,3.562752645466875e+63,1.2458264425887491e+64,5.9975385665893556e-05
4,Empirical copula,"(190, 18)","(381, 18)",0.8808136482939634,0.029863553044037133,2.3084271476510339e+52,9.287356869217516e+52,0.02629670739173889
