,Methods,cal_size,test_size,test_coverage_avg,test_coverage_1std,coverage_vol,coverage_vol_1std,coverage_vol_log,coverage_vol_log_1std,runtime_avg
0,Scaled (Shortcut),"(38, 2)","(154, 2)",0.9221103896103895,0.04814392045839425,7.02992527316217,4.714927327247245,0.7941836237855209,0.1955325176589677,0.0010342442989349366
1,Scaled (Data Splitting),"(38, 2)","(154, 2)",0.8978571428571428,0.07028689568508287,8.3191831867007,15.84016342960303,0.7555024580923226,0.3030403904526317,0.0005828750133514405
2,Standardized (Shortcut),"(38, 2)","(154, 2)",0.9224675324675324,0.04760903982373489,6.945855207078808,4.424554647174613,0.7902739557640587,0.19533617149595126,0.0006623649597167968
3,Standardized (Data Splitting),"(38, 2)","(154, 2)",0.8977922077922078,0.07064331371453389,8.143164736918374,15.736633420791126,0.7452439035946913,0.3054830793091351,0.0003831791877746582
4,Point CHR,"(38, 2)","(154, 2)",0.8991233766233766,0.0691721996935488,8.809925431130837,24.23268266404406,0.7497737921250421,0.30446214480906436,0.00037351012229919434
5,Empirical copula,"(38, 2)","(154, 2)",0.8864935064935066,0.06120238169292959,5.405213774012532,4.491861642564185,0.6653137984965218,0.21640344630778063,0.00047515511512756346
6,Unscaled,"(38, 2)","(154, 2)",0.9166233766233767,0.04878634702288082,15.787016575925799,6.795290871701851,1.1587517869667698,0.1887804065708785,3.0066967010498047e-05
7,Bonferroni,"(38, 2)","(154, 2)",0.9499350649350649,0.03814538095458815,9.799448411297773,5.643880851940625,0.9422137017282972,0.19678924138164564,4.9662590026855465e-06
