,Methods,cal_size,test_size,test_coverage_avg,test_coverage_1std,coverage_vol,coverage_vol_1std,runtime_avg
0,Scaling-based (F),"(154, 2)","(154, 2)",0.9093506493506492,0.03338354112694144,5.63811557090727,1.4109203212115797,0.006009750366210938
1,Point CHR,"(154, 2)","(154, 2)",0.9137987012987014,0.03530292063361215,5.8493033712031,1.5670817128835368,0.0007756006717681885
2,Splitting baseline,"(154, 2)","(154, 2)",0.9130194805194805,0.0367033750210951,6.188407132952957,2.0056121665271602,0.0010617125034332276
3,Unscaled,"(154, 2)","(154, 2)",0.9081818181818181,0.033763472595301526,13.846744446374966,3.441394097325308,0.00010940909385681152
4,Empirical copula,"(154, 2)","(154, 2)",0.9007142857142857,0.03547447564807,5.001446358175019,0.9611428093752901,0.006503071784973145
