,Methods,cal_size,test_size,test_coverage_avg,test_coverage_1std,coverage_vol,coverage_vol_1std,coverage_vol_log,coverage_vol_log_1std,runtime_avg
0,Scaled (Shortcut),"(384, 8)","(1536, 8)",0.9014518229166667,0.01694661463989133,893.5573795558277,2852.2078418254896,2.3204560763619746,0.6909284525153285,0.0030366325378417968
1,Scaled (Data Splitting),"(384, 8)","(1536, 8)",0.9005045572916667,0.02243518285778818,1111.2102468668852,7022.879585155634,2.2598323762643613,0.6929996821070454,0.000572969913482666
2,Standardized (Shortcut),"(384, 8)","(1536, 8)",0.9014029947916665,0.016618850781793208,542.1050978486483,1495.4000348902803,2.183041853608883,0.6407900232167136,0.002772420644760132
3,Standardized (Data Splitting),"(384, 8)","(1536, 8)",0.9004231770833334,0.022083660603264086,698.6467074357362,4041.934094012414,2.1378966384569247,0.6522491741666517,0.0005256795883178711
4,Point CHR,"(384, 8)","(1536, 8)",0.9012109375,0.02236965691886748,68.50908344673903,75.541150915492,1.6323018089955683,0.42325264666631285,0.0003827238082885742
5,Empirical copula,"(384, 8)","(1536, 8)",0.8931640625,0.015980287678329656,53.53717822343114,46.87479877957978,1.6048067200683027,0.32560409064546086,0.030522389411926268
6,Unscaled,"(384, 8)","(1536, 8)",0.900185546875,0.016498180177194698,4143.761779739113,2900.7301694932366,3.544421906840305,0.24093936934771296,5.7528018951416014e-05
7,Bonferroni,"(384, 8)","(1536, 8)",0.9401822916666666,0.014737688015162422,1866.1467626115957,4760.781808849377,2.870847342142993,0.5549912054926122,0.00012529492378234863
