,Methods,cal_size,test_size,test_coverage_avg,test_coverage_1std,coverage_vol,coverage_vol_1std,coverage_vol_log,coverage_vol_log_1std,runtime_avg
0,Scaled (Shortcut),"(490, 16)","(1961, 16)",0.9015196328403874,0.015078717406401335,1.6754908900921975e+39,2.977190115790622e+39,39.0689853907439,0.3264220337637126,0.007882267236709595
1,Scaled (Data Splitting),"(490, 16)","(1961, 16)",0.9035033146353902,0.01982161578195309,3.9790236640289476e+39,1.0234909454351447e+40,39.24288005850795,0.5023914666070612,0.0005605578422546387
2,Standardized (Shortcut),"(490, 16)","(1961, 16)",0.9014737378888321,0.015185456110403884,1.5230136331938678e+39,2.608879024190167e+39,39.02612497928571,0.33183825225314456,0.006762093305587769
3,Standardized (Data Splitting),"(490, 16)","(1961, 16)",0.9037837837837839,0.01968162662787526,3.6485645227021186e+39,1.0628922105322362e+40,39.18796849786261,0.5031189830752629,0.0005175721645355225
4,Point CHR,"(490, 16)","(1961, 16)",0.9046685364609894,0.019821120511301738,2.842829916948877e+39,5.428183111184681e+39,39.13308394047486,0.4939909054792189,0.0005798602104187012
5,Empirical copula,"(490, 16)","(1961, 16)",0.8930545639979601,0.01644067966545469,1.0878396401906082e+39,1.3388832673285026e+39,38.886014287984764,0.3471268879018518,0.11689683198928832
6,Unscaled,"(490, 16)","(1961, 16)",0.8998521162672106,0.015704450976206635,2.7373316570908505e+39,4.0201783725498744e+39,39.28266291864709,0.3520114823457201,7.514834403991699e-05
7,Bonferroni,"(490, 16)","(1961, 16)",0.959107598164202,0.011487796438826837,2.8766738752071247e+42,1.439745183428507e+43,41.61947401103875,0.7379712641567701,0.00034053802490234373
