,Methods,cal_size,test_size,test_coverage_avg,test_coverage_1std,coverage_vol,coverage_vol_1std,coverage_vol_log,coverage_vol_log_1std,runtime_avg
0,Scaled (Shortcut),"(15, 6)","(64, 6)",0.955390625,0.06352020478607337,inf,,inf,,0.0008061718940734863
1,Scaled (Data Splitting),"(15, 6)","(64, 6)",1.0,0.0,inf,,inf,,0.0004302167892456055
2,Standardized (Shortcut),"(15, 6)","(64, 6)",0.9559375,0.05887659433554869,0.0018617196064251238,0.008554379259757825,-3.8824214712535987,0.7969586214977522,0.0010833680629730225
3,Standardized (Data Splitting),"(15, 6)","(64, 6)",1.0,0.0,inf,,inf,,0.000403980016708374
4,Point CHR,"(15, 6)","(64, 6)",0.0,0.0,,,,,0.00036999464035034177
5,Empirical copula,"(15, 6)","(64, 6)",0.726875,0.11271658729533793,1.0069720722312351e-05,9.802416952151156e-06,-5.135602204528915,0.3239021837691848,0.0003859829902648926
6,Unscaled,"(15, 6)","(64, 6)",0.93984375,0.057163635113017176,0.06024702294219465,0.15736633665232527,-2.2046355093750343,0.8622716088331891,1.001596450805664e-05
7,Bonferroni,"(15, 6)","(64, 6)",1.0,0.0,inf,,inf,,4.004836082458496e-05
