,Methods,cal_size,test_size,test_coverage_avg,test_coverage_1std,coverage_vol,coverage_vol_1std,runtime_avg
0,Scaling-based (F),"(130, 3)","(130, 3)",0.8994230769230771,0.03749411459073989,126.59983652509553,35.040070898577795,0.005675505399703979
1,Point CHR,"(130, 3)","(130, 3)",0.906346153846154,0.04406723436049114,134.8849590747017,53.32213275897776,0.000600358247756958
2,Splitting baseline,"(130, 3)","(130, 3)",0.9061923076923079,0.04262852313308943,146.62508356192888,60.68186655621775,0.0007331585884094239
3,Unscaled,"(130, 3)","(130, 3)",0.8987692307692309,0.0365585666819055,110.84922319562499,27.827078439567277,8.45634937286377e-05
4,Empirical copula,"(130, 3)","(130, 3)",0.8873076923076926,0.03916822743170204,103.870091249375,27.37021377466413,0.0037899351119995116
